date,data_quality,weather_source,marine_source,tide_source,temp_max_f,temp_min_f,precip_in,wind_max_mph,gust_max_mph,wind_dir_deg,wave_max_ft,wave_dir_deg,wave_period_s,swell_max_ft,swell_dir_deg,swell_period_s,tide_low_ft,tide_high_ft,tide_range_ft,updated_at
2024-08-19,finalized,Open-Meteo ERA5,Open-Meteo ERA5-Ocean,NOAA CO-OPS 8729136 predictions,90.6,80.7,0.102,13.9,23.3,260,2.362,250,4.0,,,,0.178,1.832,1.6540000000000001,2026-08-07T16:40:05.155143-05:00
2024-08-20,finalized,Open-Meteo ERA5,Open-Meteo ERA5-Ocean,NOAA CO-OPS 8729136 predictions,89.8,77.5,0.0,9.8,17.2,336,1.444,289,3.7,,,,0.437,1.645,1.208,2026-08-07T16:40:05.155143-05:00
2024-08-21,finalized,Open-Meteo ERA5,Open-Meteo ERA5-Ocean,NOAA CO-OPS 8729136 predictions,89.5,76.8,0.0,10.9,18.8,305,0.984,281,2.8,,,,0.744,1.396,0.6519999999999999,2026-08-07T16:40:05.155143-05:00
2024-08-22,finalized,Open-Meteo ERA5,Open-Meteo ERA5-Ocean,NOAA CO-OPS 8729136 predictions,87.0,77.1,0.504,13.4,24.6,71,1.706,123,3.15,,,,0.814,1.125,0.31100000000000005,2026-08-07T16:40:05.155143-05:00
2024-08-23,finalized,Open-Meteo ERA5,Open-Meteo ERA5-Ocean,NOAA CO-OPS 8729136 predictions,87.8,75.3,0.047,14.8,25.3,68,2.034,93,3.5,,,,0.648,1.157,0.509,2026-08-07T16:40:05.155143-05:00
2024-08-24,finalized,Open-Meteo ERA5,Open-Meteo ERA5-Ocean,NOAA CO-OPS 8729136 predictions,87.9,76.0,0.008,13.7,23.0,73,1.509,106,3.45,,,,0.472,1.427,0.9550000000000001,2026-08-07T16:40:05.155143-05:00
2024-08-25,finalized,Open-Meteo ERA5,Open-Meteo ERA5-Ocean,NOAA CO-OPS 8729136 predictions,88.8,76.7,0.0,11.8,20.6,76,1.181,97,3.25,,,,0.333,1.629,1.296,2026-08-07T16:40:05.155143-05:00
2024-08-26,finalized,Open-Meteo ERA5,Open-Meteo ERA5-Ocean,NOAA CO-OPS 8729136 predictions,88.9,78.6,0.106,9.3,18.6,67,0.919,106,3.35,,,,0.232,1.75,1.518,2026-08-07T16:40:05.155143-05:00
2024-08-27,finalized,Open-Meteo ERA5,Open-Meteo ERA5-Ocean,NOAA CO-OPS 8729136 predictions,87.4,78.2,0.055,7.3,16.8,113,1.181,132,3.55,,,,0.172,1.807,1.635,2026-08-07T16:40:05.155143-05:00
2024-08-28,finalized,Open-Meteo ERA5,Open-Meteo ERA5-Ocean,NOAA CO-OPS 8729136 predictions,87.5,79.0,0.217,8.3,16.8,117,0.984,143,3.65,,,,0.15,1.834,1.6840000000000002,2026-08-07T16:40:05.155143-05:00
2024-08-29,finalized,Open-Meteo ERA5,Open-Meteo ERA5-Ocean,NOAA CO-OPS 8729136 predictions,87.9,78.0,0.248,12.2,18.8,116,1.575,146,4.5,,,,0.166,1.847,1.681,2026-08-07T16:40:05.155143-05:00
2024-08-30,finalized,Open-Meteo ERA5,Open-Meteo ERA5-Ocean,NOAA CO-OPS 8729136 predictions,86.0,78.5,0.236,9.8,20.8,121,1.64,151,4.55,,,,0.221,1.833,1.6119999999999999,2026-08-07T16:40:05.155143-05:00
2024-08-31,finalized,Open-Meteo ERA5,Open-Meteo ERA5-Ocean,NOAA CO-OPS 8729136 predictions,88.6,78.5,0.028,7.3,14.3,92,1.378,149,4.6,,,,0.32,1.776,1.456,2026-08-07T16:40:05.155143-05:00
2024-09-01,finalized,Open-Meteo ERA5,Open-Meteo ERA5-Ocean,NOAA CO-OPS 8729136 predictions,89.1,78.5,0.0,6.5,11.4,47,1.247,143,4.65,,,,0.459,1.671,1.212,2026-08-07T16:40:05.155143-05:00
2024-09-02,finalized,Open-Meteo ERA5,Open-Meteo ERA5-Ocean,NOAA CO-OPS 8729136 predictions,91.5,80.3,0.0,7.0,10.3,271,0.722,153,3.85,,,,0.629,1.526,0.897,2026-08-07T16:40:05.155143-05:00
2024-09-03,finalized,Open-Meteo ERA5,Open-Meteo ERA5-Ocean,NOAA CO-OPS 8729136 predictions,88.6,80.6,0.11,14.5,22.4,87,2.034,130,3.6,,,,0.811,1.357,0.5459999999999999,2026-08-07T16:40:05.155143-05:00
2024-09-04,finalized,Open-Meteo ERA5,Open-Meteo ERA5-Ocean,NOAA CO-OPS 8729136 predictions,83.5,77.6,0.154,15.2,27.5,78,2.362,108,3.9,,,,0.956,1.189,0.2330000000000001,2026-08-07T16:40:05.155143-05:00
2024-09-05,finalized,Open-Meteo ERA5,Open-Meteo ERA5-Ocean,NOAA CO-OPS 8729136 predictions,83.9,78.1,0.102,14.1,23.7,73,2.034,104,3.8,,,,0.896,1.13,0.23399999999999987,2026-08-07T16:40:05.155143-05:00
2024-09-06,finalized,Open-Meteo ERA5,Open-Meteo ERA5-Ocean,NOAA CO-OPS 8729136 predictions,80.2,76.2,1.075,11.3,18.3,82,1.378,128,3.75,,,,0.769,1.291,0.5219999999999999,2026-08-07T16:40:05.155143-05:00
2024-09-07,finalized,Open-Meteo ERA5,Open-Meteo ERA5-Ocean,NOAA CO-OPS 8729136 predictions,79.0,75.3,0.685,8.2,15.9,53,1.115,161,4.25,,,,0.66,1.436,0.7759999999999999,2026-08-07T16:40:05.155143-05:00
2024-09-08,finalized,Open-Meteo ERA5,Open-Meteo ERA5-Ocean,NOAA CO-OPS 8729136 predictions,81.3,75.9,1.043,7.2,15.0,66,1.05,158,4.05,,,,0.583,1.556,0.9730000000000001,2026-08-07T16:40:05.155143-05:00
2024-09-09,finalized,Open-Meteo ERA5,Open-Meteo ERA5-Ocean,NOAA CO-OPS 8729136 predictions,80.7,75.5,0.189,11.5,23.0,66,1.247,120,3.6,,,,0.519,1.648,1.129,2026-08-07T16:40:05.155143-05:00
2024-09-10,finalized,Open-Meteo ERA5,Open-Meteo ERA5-Ocean,NOAA CO-OPS 8729136 predictions,81.1,74.8,0.48,12.6,22.4,75,2.034,107,4.2,,,,0.428,1.719,1.2910000000000001,2026-08-07T16:40:05.155143-05:00
2024-09-11,finalized,Open-Meteo ERA5,Open-Meteo ERA5-Ocean,NOAA CO-OPS 8729136 predictions,78.8,74.4,0.736,20.3,25.7,75,2.822,125,5.9,,,,0.318,1.783,1.4649999999999999,2026-08-07T16:40:05.155143-05:00
2024-09-12,finalized,Open-Meteo ERA5,Open-Meteo ERA5-Ocean,NOAA CO-OPS 8729136 predictions,81.8,77.1,1.071,21.5,33.8,134,4.003,203,7.4,,,,0.22,1.855,1.635,2026-08-07T16:40:05.155143-05:00
2024-09-13,finalized,Open-Meteo ERA5,Open-Meteo ERA5-Ocean,NOAA CO-OPS 8729136 predictions,81.1,76.7,1.063,8.0,15.4,152,2.822,210,5.9,,,,0.168,1.924,1.756,2026-08-07T16:40:05.155143-05:00
2024-09-14,finalized,Open-Meteo ERA5,Open-Meteo ERA5-Ocean,NOAA CO-OPS 8729136 predictions,84.9,77.3,0.071,7.7,15.4,297,1.575,223,4.35,,,,0.196,1.952,1.756,2026-08-07T16:40:05.155143-05:00
2024-09-15,finalized,Open-Meteo ERA5,Open-Meteo ERA5-Ocean,NOAA CO-OPS 8729136 predictions,80.9,76.2,0.256,9.2,14.5,92,1.05,183,3.45,,,,0.323,1.9,1.577,2026-08-07T16:40:05.155143-05:00
2024-09-16,finalized,Open-Meteo ERA5,Open-Meteo ERA5-Ocean,NOAA CO-OPS 8729136 predictions,81.5,75.4,0.122,10.3,19.0,91,1.05,104,3.3,,,,0.545,1.757,1.2119999999999997,2026-08-07T16:40:05.155143-05:00
2024-09-17,finalized,Open-Meteo ERA5,Open-Meteo ERA5-Ocean,NOAA CO-OPS 8729136 predictions,81.3,74.2,0.331,8.2,16.8,214,0.722,192,2.95,,,,0.835,1.544,0.7090000000000001,2026-08-07T16:40:05.155143-05:00
2024-09-18,finalized,Open-Meteo ERA5,Open-Meteo ERA5-Ocean,NOAA CO-OPS 8729136 predictions,83.5,76.0,0.161,7.1,16.8,256,0.656,237,2.75,,,,0.895,1.311,0.4159999999999999,2026-08-07T16:40:05.155143-05:00
2024-09-19,finalized,Open-Meteo ERA5,Open-Meteo ERA5-Ocean,NOAA CO-OPS 8729136 predictions,88.0,76.1,0.012,5.8,11.4,320,0.656,262,2.7,,,,0.73,1.489,0.7590000000000001,2026-08-07T16:40:05.155143-05:00
2024-09-20,finalized,Open-Meteo ERA5,Open-Meteo ERA5-Ocean,NOAA CO-OPS 8729136 predictions,88.1,75.5,0.0,6.6,11.9,26,0.591,304,2.85,,,,0.526,1.722,1.196,2026-08-07T16:40:05.155143-05:00
2024-09-21,finalized,Open-Meteo ERA5,Open-Meteo ERA5-Ocean,NOAA CO-OPS 8729136 predictions,88.7,76.4,0.0,6.7,13.0,75,0.656,112,3.6,,,,0.38,0.38,0.0,2026-08-07T16:40:05.155143-05:00
2024-09-22,finalized,Open-Meteo ERA5,Open-Meteo ERA5-Ocean,NOAA CO-OPS 8729136 predictions,88.1,76.5,0.0,5.6,11.0,85,0.722,132,3.65,,,,0.304,1.874,1.57,2026-08-07T16:40:05.155143-05:00
2024-09-23,finalized,Open-Meteo ERA5,Open-Meteo ERA5-Ocean,NOAA CO-OPS 8729136 predictions,88.8,77.4,0.0,6.5,9.8,283,0.656,127,3.65,,,,0.27,1.941,1.671,2026-08-07T16:40:05.155143-05:00
2024-09-24,finalized,Open-Meteo ERA5,Open-Meteo ERA5-Ocean,NOAA CO-OPS 8729136 predictions,86.1,76.0,0.031,8.4,14.1,125,1.05,141,3.6,,,,0.254,1.942,1.688,2026-08-07T16:40:05.155143-05:00
2024-09-25,finalized,Open-Meteo ERA5,Open-Meteo ERA5-Ocean,NOAA CO-OPS 8729136 predictions,82.2,75.9,0.898,8.9,17.2,119,1.903,147,5.35,,,,0.261,1.906,1.645,2026-08-07T16:40:05.155143-05:00
2024-09-26,finalized,Open-Meteo ERA5,Open-Meteo ERA5-Ocean,NOAA CO-OPS 8729136 predictions,79.5,74.4,3.646,23.9,37.6,22,6.496,163,10.1,,,,0.306,1.857,1.551,2026-08-07T16:40:05.155143-05:00
2024-09-28,finalized,Open-Meteo ERA5,Open-Meteo ERA5-Ocean,NOAA CO-OPS 8729136 predictions,85.0,77.6,0.0,15.7,26.4,242,3.543,243,4.9,,,,0.535,1.686,1.1509999999999998,2026-08-07T16:40:05.155143-05:00
2024-09-29,finalized,Open-Meteo ERA5,Open-Meteo ERA5-Ocean,NOAA CO-OPS 8729136 predictions,84.9,78.8,0.004,13.8,24.2,243,2.625,242,4.4,,,,0.705,1.54,0.8350000000000001,2026-08-07T16:40:05.155143-05:00
2024-09-30,finalized,Open-Meteo ERA5,Open-Meteo ERA5-Ocean,NOAA CO-OPS 8729136 predictions,84.0,76.8,0.0,7.9,13.6,252,2.1,239,4.25,,,,0.887,1.363,0.476,2026-08-07T16:40:05.155143-05:00
2024-10-01,finalized,Open-Meteo ERA5,Open-Meteo ERA5-Ocean,NOAA CO-OPS 8729136 predictions,85.5,77.1,0.0,7.7,13.2,344,0.853,229,3.6,,,,1.019,1.233,0.2140000000000002,2026-08-07T16:40:05.155143-05:00
2024-10-02,finalized,Open-Meteo ERA5,Open-Meteo ERA5-Ocean,NOAA CO-OPS 8729136 predictions,84.8,72.6,0.0,7.5,14.1,14,0.722,105,3.25,,,,0.892,1.387,0.495,2026-08-07T16:40:05.155143-05:00
2024-10-03,finalized,Open-Meteo ERA5,Open-Meteo ERA5-Ocean,NOAA CO-OPS 8729136 predictions,84.6,73.3,0.181,9.2,16.1,86,1.181,123,3.5,,,,0.742,1.524,0.782,2026-08-07T16:40:05.155143-05:00
2024-10-04,finalized,Open-Meteo ERA5,Open-Meteo ERA5-Ocean,NOAA CO-OPS 8729136 predictions,83.6,76.2,0.335,13.6,23.9,56,1.64,104,3.7,,,,0.614,1.635,1.021,2026-08-07T16:40:05.155143-05:00
2024-10-05,finalized,Open-Meteo ERA5,Open-Meteo ERA5-Ocean,NOAA CO-OPS 8729136 predictions,82.3,74.5,0.075,13.1,23.5,55,1.575,92,3.8,,,,0.521,1.719,1.198,2026-08-07T16:40:05.155143-05:00
2024-10-06,finalized,Open-Meteo ERA5,Open-Meteo ERA5-Ocean,NOAA CO-OPS 8729136 predictions,80.5,74.5,0.146,13.7,24.2,64,2.1,96,4.1,,,,0.459,1.781,1.3219999999999998,2026-08-07T16:40:05.155143-05:00
2024-10-07,finalized,Open-Meteo ERA5,Open-Meteo ERA5-Ocean,NOAA CO-OPS 8729136 predictions,85.1,72.7,0.0,13.6,24.8,46,2.165,93,5.0,,,,0.413,0.413,0.0,2026-08-07T16:40:05.155143-05:00
2024-10-08,finalized,Open-Meteo ERA5,Open-Meteo ERA5-Ocean,NOAA CO-OPS 8729136 predictions,86.5,70.8,0.0,10.3,17.9,39,1.181,125,5.25,,,,0.356,1.83,1.4740000000000002,2026-08-07T16:40:05.155143-05:00
2024-10-09,finalized,Open-Meteo ERA5,Open-Meteo ERA5-Ocean,NOAA CO-OPS 8729136 predictions,79.2,70.8,0.0,19.3,31.8,42,3.543,58,4.85,,,,0.276,1.869,1.593,2026-08-07T16:40:05.155143-05:00
2024-10-10,finalized,Open-Meteo ERA5,Open-Meteo ERA5-Ocean,NOAA CO-OPS 8729136 predictions,81.4,65.8,0.0,16.3,28.2,17,2.822,10,4.9,,,,0.208,1.893,1.685,2026-08-07T16:40:05.155143-05:00
2024-10-11,finalized,Open-Meteo ERA5,Open-Meteo ERA5-Ocean,NOAA CO-OPS 8729136 predictions,78.6,63.4,0.0,10.6,19.2,49,1.05,56,3.15,,,,0.195,1.885,1.69,2026-08-07T16:40:05.155143-05:00
2024-10-12,finalized,Open-Meteo ERA5,Open-Meteo ERA5-Ocean,NOAA CO-OPS 8729136 predictions,78.0,60.5,0.0,9.0,15.2,46,0.919,81,3.45,,,,0.272,1.826,1.554,2026-08-07T16:40:05.155143-05:00
2024-10-13,finalized,Open-Meteo ERA5,Open-Meteo ERA5-Ocean,NOAA CO-OPS 8729136 predictions,78.7,64.0,0.0,7.9,11.6,308,0.525,105,2.9,,,,0.448,1.697,1.249,2026-08-07T16:40:05.155143-05:00
2024-10-14,finalized,Open-Meteo ERA5,Open-Meteo ERA5-Ocean,NOAA CO-OPS 8729136 predictions,81.6,71.8,0.0,11.8,19.5,276,1.903,272,3.75,,,,0.708,1.495,0.7870000000000001,2026-08-07T16:40:05.155143-05:00
2024-10-15,finalized,Open-Meteo ERA5,Open-Meteo ERA5-Ocean,NOAA CO-OPS 8729136 predictions,75.3,64.2,0.0,10.0,15.7,25,1.312,292,3.6,,,,0.994,1.256,0.262,2026-08-07T16:40:05.155143-05:00
2024-10-16,finalized,Open-Meteo ERA5,Open-Meteo ERA5-Ocean,NOAA CO-OPS 8729136 predictions,69.2,57.1,0.0,20.3,33.3,21,3.15,13,3.75,,,,0.738,1.416,0.6779999999999999,2026-08-07T16:40:05.155143-05:00
2024-10-17,finalized,Open-Meteo ERA5,Open-Meteo ERA5-Ocean,NOAA CO-OPS 8729136 predictions,69.1,51.0,0.0,11.7,21.3,46,1.575,54,3.4,,,,0.48,1.667,1.187,2026-08-07T16:40:05.155143-05:00
2024-10-18,finalized,Open-Meteo ERA5,Open-Meteo ERA5-Ocean,NOAA CO-OPS 8729136 predictions,73.9,53.3,0.0,12.2,22.6,58,1.772,87,4.1,,,,0.269,1.85,1.581,2026-08-07T16:40:05.155143-05:00
2024-10-19,finalized,Open-Meteo ERA5,Open-Meteo ERA5-Ocean,NOAA CO-OPS 8729136 predictions,77.5,60.4,0.0,13.8,24.2,51,2.1,83,3.95,,,,0.134,1.951,1.8170000000000002,2026-08-07T16:40:05.155143-05:00
2024-10-20,finalized,Open-Meteo ERA5,Open-Meteo ERA5-Ocean,NOAA CO-OPS 8729136 predictions,78.6,59.9,0.0,11.4,19.9,40,1.378,65,3.55,,,,0.075,1.978,1.903,2026-08-07T16:40:05.155143-05:00
2024-10-21,finalized,Open-Meteo ERA5,Open-Meteo ERA5-Ocean,NOAA CO-OPS 8729136 predictions,78.9,58.8,0.0,10.2,17.2,43,0.984,57,3.1,,,,0.069,0.069,0.0,2026-08-07T16:40:05.155143-05:00
2024-10-22,finalized,Open-Meteo ERA5,Open-Meteo ERA5-Ocean,NOAA CO-OPS 8729136 predictions,81.6,63.1,0.0,10.1,17.4,44,0.919,84,3.35,,,,0.088,1.947,1.859,2026-08-07T16:40:05.155143-05:00
2024-10-23,finalized,Open-Meteo ERA5,Open-Meteo ERA5-Ocean,NOAA CO-OPS 8729136 predictions,78.4,66.2,0.0,8.0,12.1,21,0.656,89,2.95,,,,0.128,1.873,1.745,2026-08-07T16:40:05.155143-05:00
2024-10-24,finalized,Open-Meteo ERA5,Open-Meteo ERA5-Ocean,NOAA CO-OPS 8729136 predictions,80.9,64.7,0.0,7.1,10.7,294,0.525,281,2.7,,,,0.204,1.763,1.559,2026-08-07T16:40:05.155143-05:00
2024-10-25,finalized,Open-Meteo ERA5,Open-Meteo ERA5-Ocean,NOAA CO-OPS 8729136 predictions,81.1,66.0,0.0,6.3,10.3,274,0.525,257,2.55,,,,0.325,1.619,1.294,2026-08-07T16:40:05.155143-05:00
2024-10-26,finalized,Open-Meteo ERA5,Open-Meteo ERA5-Ocean,NOAA CO-OPS 8729136 predictions,82.0,66.2,0.0,7.7,11.2,303,0.656,159,3.05,,,,0.487,1.442,0.955,2026-08-07T16:40:05.155143-05:00
2024-10-27,finalized,Open-Meteo ERA5,Open-Meteo ERA5-Ocean,NOAA CO-OPS 8729136 predictions,82.9,66.9,0.0,6.9,11.4,314,0.787,262,3.25,,,,0.668,1.238,0.57,2026-08-07T16:40:05.155143-05:00
2024-10-28,finalized,Open-Meteo ERA5,Open-Meteo ERA5-Ocean,NOAA CO-OPS 8729136 predictions,78.9,66.3,0.0,9.8,16.1,74,0.984,123,3.55,,,,0.809,1.134,0.32499999999999984,2026-08-07T16:40:05.155143-05:00
2024-10-29,finalized,Open-Meteo ERA5,Open-Meteo ERA5-Ocean,NOAA CO-OPS 8729136 predictions,80.9,65.4,0.0,11.2,20.1,75,1.772,120,4.55,,,,0.762,1.288,0.526,2026-08-07T16:40:05.155143-05:00
2024-10-30,finalized,Open-Meteo ERA5,Open-Meteo ERA5-Ocean,NOAA CO-OPS 8729136 predictions,80.5,70.2,0.0,13.3,21.9,105,2.428,127,4.75,,,,0.568,1.429,0.8610000000000001,2026-08-07T16:40:05.155143-05:00
2024-10-31,finalized,Open-Meteo ERA5,Open-Meteo ERA5-Ocean,NOAA CO-OPS 8729136 predictions,80.4,71.5,0.0,13.3,21.9,122,2.822,140,5.3,,,,0.408,1.541,1.133,2026-08-07T16:40:05.155143-05:00
2024-11-01,finalized,Open-Meteo ERA5,Open-Meteo ERA5-Ocean,NOAA CO-OPS 8729136 predictions,81.5,68.0,0.0,10.0,17.0,123,1.64,149,5.3,,,,0.287,1.622,1.3350000000000002,2026-08-07T16:40:05.155143-05:00
2024-11-02,finalized,Open-Meteo ERA5,Open-Meteo ERA5-Ocean,NOAA CO-OPS 8729136 predictions,81.2,67.9,0.0,8.3,14.5,79,1.115,137,4.55,,,,0.2,1.677,1.477,2026-08-07T16:40:05.155143-05:00
2024-11-03,finalized,Open-Meteo ERA5,Open-Meteo ERA5-Ocean,NOAA CO-OPS 8729136 predictions,80.7,69.8,0.0,12.6,20.8,101,2.1,126,4.35,,,,0.135,1.719,1.584,2026-08-07T16:40:05.155143-05:00
2024-11-04,finalized,Open-Meteo ERA5,Open-Meteo ERA5-Ocean,NOAA CO-OPS 8729136 predictions,80.2,70.1,0.0,14.1,23.7,100,2.69,127,4.65,,,,0.078,1.755,1.6769999999999998,2026-08-07T16:40:05.155143-05:00
2024-11-05,finalized,Open-Meteo ERA5,Open-Meteo ERA5-Ocean,NOAA CO-OPS 8729136 predictions,80.7,72.2,0.051,16.3,23.3,121,2.953,138,4.65,,,,0.018,1.783,1.765,2026-08-07T16:40:05.155143-05:00
2024-11-06,finalized,Open-Meteo ERA5,Open-Meteo ERA5-Ocean,NOAA CO-OPS 8729136 predictions,79.5,74.3,0.15,11.1,21.9,94,2.1,136,4.7,,,,-0.037,-0.037,0.0,2026-08-07T16:40:05.155143-05:00
2024-11-07,finalized,Open-Meteo ERA5,Open-Meteo ERA5-Ocean,NOAA CO-OPS 8729136 predictions,79.8,74.9,0.244,10.1,15.9,59,2.1,140,7.5,,,,-0.061,1.778,1.839,2026-08-07T16:40:05.155143-05:00
2024-11-08,finalized,Open-Meteo ERA5,Open-Meteo ERA5-Ocean,NOAA CO-OPS 8729136 predictions,81.0,74.9,0.004,10.2,18.1,84,2.559,153,7.85,,,,-0.022,1.715,1.737,2026-08-07T16:40:05.155143-05:00
2024-11-09,finalized,Open-Meteo ERA5,Open-Meteo ERA5-Ocean,NOAA CO-OPS 8729136 predictions,80.6,73.7,0.0,11.2,18.8,100,2.297,154,6.55,,,,0.104,1.569,1.4649999999999999,2026-08-07T16:40:05.155143-05:00
2024-11-10,finalized,Open-Meteo ERA5,Open-Meteo ERA5-Ocean,NOAA CO-OPS 8729136 predictions,77.1,72.5,0.48,14.0,22.1,108,3.018,147,5.3,,,,0.315,1.34,1.0250000000000001,2026-08-07T16:40:05.155143-05:00
2024-11-11,finalized,Open-Meteo ERA5,Open-Meteo ERA5-Ocean,NOAA CO-OPS 8729136 predictions,76.5,72.6,0.744,8.2,12.3,72,2.1,173,5.3,,,,0.573,1.059,0.486,2026-08-07T16:40:05.155143-05:00
2024-11-12,finalized,Open-Meteo ERA5,Open-Meteo ERA5-Ocean,NOAA CO-OPS 8729136 predictions,78.2,71.9,0.055,8.9,16.8,63,1.575,162,4.95,,,,0.681,1.117,0.43599999999999994,2026-08-07T16:40:05.155143-05:00
2024-11-13,finalized,Open-Meteo ERA5,Open-Meteo ERA5-Ocean,NOAA CO-OPS 8729136 predictions,78.7,72.0,0.031,16.6,27.5,104,2.953,123,4.55,,,,0.357,1.371,1.014,2026-08-07T16:40:05.155143-05:00
2024-11-14,finalized,Open-Meteo ERA5,Open-Meteo ERA5-Ocean,NOAA CO-OPS 8729136 predictions,77.9,66.5,0.138,17.2,27.5,140,4.331,160,5.65,,,,0.083,1.586,1.5030000000000001,2026-08-07T16:40:05.155143-05:00
2024-11-15,finalized,Open-Meteo ERA5,Open-Meteo ERA5-Ocean,NOAA CO-OPS 8729136 predictions,72.9,60.2,0.0,12.8,23.9,18,2.034,339,4.55,,,,-0.118,1.728,1.846,2026-08-07T16:40:05.155143-05:00
2024-11-16,finalized,Open-Meteo ERA5,Open-Meteo ERA5-Ocean,NOAA CO-OPS 8729136 predictions,72.7,57.6,0.0,8.8,16.8,79,0.919,106,3.7,,,,-0.244,1.794,2.0380000000000003,2026-08-07T16:40:05.155143-05:00
2024-11-17,finalized,Open-Meteo ERA5,Open-Meteo ERA5-Ocean,NOAA CO-OPS 8729136 predictions,76.3,59.9,0.0,9.5,15.7,108,1.378,133,3.7,,,,-0.305,1.799,2.104,2026-08-07T16:40:05.155143-05:00
2024-11-18,finalized,Open-Meteo ERA5,Open-Meteo ERA5-Ocean,NOAA CO-OPS 8729136 predictions,76.3,64.8,0.0,12.8,21.3,121,2.493,158,4.5,,,,-0.317,1.758,2.075,2026-08-07T16:40:05.155143-05:00
2024-11-19,finalized,Open-Meteo ERA5,Open-Meteo ERA5-Ocean,NOAA CO-OPS 8729136 predictions,77.0,71.1,2.307,20.0,34.9,153,4.331,174,6.2,,,,-0.289,1.673,1.962,2026-08-07T16:40:05.155143-05:00
2024-11-20,finalized,Open-Meteo ERA5,Open-Meteo ERA5-Ocean,NOAA CO-OPS 8729136 predictions,76.3,61.6,0.39,16.9,28.4,314,4.396,234,6.2,,,,-0.224,-0.224,0.0,2026-08-07T16:40:05.155143-05:00
2024-11-21,finalized,Open-Meteo ERA5,Open-Meteo ERA5-Ocean,NOAA CO-OPS 8729136 predictions,64.7,51.5,0.0,17.3,28.6,320,3.871,313,4.6,,,,-0.117,1.539,1.656,2026-08-07T16:40:05.155143-05:00
2024-11-22,finalized,Open-Meteo ERA5,Open-Meteo ERA5-Ocean,NOAA CO-OPS 8729136 predictions,61.7,52.0,0.0,17.2,27.7,326,4.199,301,5.0,,,,0.034,1.354,1.32,2026-08-07T16:40:05.155143-05:00
2024-11-24,finalized,Open-Meteo ERA5,Open-Meteo ERA5-Ocean,NOAA CO-OPS 8729136 predictions,67.7,49.6,0.0,7.5,13.0,125,0.525,308,2.7,,,,0.379,0.887,0.508,2026-08-07T16:40:05.155143-05:00
2024-11-25,finalized,Open-Meteo ERA5,Open-Meteo ERA5-Ocean,NOAA CO-OPS 8729136 predictions,73.9,62.5,0.0,10.8,18.3,171,1.247,212,3.4,,,,0.457,0.932,0.47500000000000003,2026-08-07T16:40:05.155143-05:00
2024-11-26,finalized,Open-Meteo ERA5,Open-Meteo ERA5-Ocean,NOAA CO-OPS 8729136 predictions,73.6,65.6,0.004,13.3,21.9,249,2.231,241,4.15,,,,0.354,1.084,0.7300000000000001,2026-08-07T16:40:05.155143-05:00
2024-11-27,finalized,Open-Meteo ERA5,Open-Meteo ERA5-Ocean,NOAA CO-OPS 8729136 predictions,70.3,62.4,0.0,9.7,13.2,157,1.64,244,4.2,,,,0.148,1.217,1.0690000000000002,2026-08-07T16:40:05.155143-05:00
2024-11-28,finalized,Open-Meteo ERA5,Open-Meteo ERA5-Ocean,NOAA CO-OPS 8729136 predictions,75.2,61.2,0.067,15.4,24.4,271,3.412,242,4.85,,,,-0.012,1.318,1.33,2026-08-07T16:40:05.155143-05:00
2024-11-29,finalized,Open-Meteo ERA5,Open-Meteo ERA5-Ocean,NOAA CO-OPS 8729136 predictions,58.9,48.4,0.146,15.7,28.0,4,2.428,340,4.05,,,,-0.13,1.389,1.5190000000000001,2026-08-07T16:40:05.155143-05:00
2024-11-30,finalized,Open-Meteo ERA5,Open-Meteo ERA5-Ocean,NOAA CO-OPS 8729136 predictions,57.0,41.1,0.0,14.8,27.1,27,2.165,17,3.6,,,,-0.219,1.44,1.659,2026-08-07T16:40:05.155143-05:00
2024-12-01,finalized,Open-Meteo ERA5,Open-Meteo ERA5-Ocean,NOAA CO-OPS 8729136 predictions,60.8,43.1,0.0,6.9,14.1,24,0.722,40,2.65,,,,-0.298,1.482,1.78,2026-08-07T16:40:05.155143-05:00
2024-12-04,finalized,Open-Meteo ERA5,Open-Meteo ERA5-Ocean,NOAA CO-OPS 8729136 predictions,58.7,39.8,0.0,9.7,16.3,110,1.115,88,2.9,,,,-0.481,1.518,1.999,2026-08-07T16:40:05.155143-05:00
2024-12-05,finalized,Open-Meteo ERA5,Open-Meteo ERA5-Ocean,NOAA CO-OPS 8729136 predictions,67.9,56.6,0.26,13.3,19.9,287,2.428,231,4.4,,,,-0.462,1.417,1.879,2026-08-07T16:40:05.155143-05:00
2024-12-06,finalized,Open-Meteo ERA5,Open-Meteo ERA5-Ocean,NOAA CO-OPS 8729136 predictions,55.5,41.6,0.0,16.1,27.5,15,2.297,349,3.8,,,,-0.366,-0.366,0.0,2026-08-07T16:40:05.155143-05:00
2024-12-07,finalized,Open-Meteo ERA5,Open-Meteo ERA5-Ocean,NOAA CO-OPS 8729136 predictions,57.9,39.9,0.0,11.0,19.2,45,1.247,49,3.25,,,,-0.188,1.223,1.411,2026-08-07T16:40:05.155143-05:00
2024-12-08,finalized,Open-Meteo ERA5,Open-Meteo ERA5-Ocean,NOAA CO-OPS 8729136 predictions,63.8,46.0,0.0,11.8,17.7,113,1.05,121,3.25,,,,0.048,0.943,0.8949999999999999,2026-08-07T16:40:05.155143-05:00
2024-12-09,finalized,Open-Meteo ERA5,Open-Meteo ERA5-Ocean,NOAA CO-OPS 8729136 predictions,70.3,59.9,0.055,13.1,19.7,176,2.559,192,4.55,,,,0.264,0.66,0.396,2026-08-07T16:40:05.155143-05:00
2024-12-10,finalized,Open-Meteo ERA5,Open-Meteo ERA5-Ocean,NOAA CO-OPS 8729136 predictions,73.0,68.6,0.165,14.4,25.7,184,2.953,190,4.65,,,,0.243,0.898,0.655,2026-08-07T16:40:05.155143-05:00
2024-12-11,finalized,Open-Meteo ERA5,Open-Meteo ERA5-Ocean,NOAA CO-OPS 8729136 predictions,72.5,47.5,0.571,21.1,35.8,309,5.381,278,5.35,,,,-0.079,1.135,1.214,2026-08-07T16:40:05.155143-05:00
2024-12-12,finalized,Open-Meteo ERA5,Open-Meteo ERA5-Ocean,NOAA CO-OPS 8729136 predictions,57.0,41.0,0.0,12.3,21.9,24,2.034,344,4.55,,,,-0.335,1.322,1.657,2026-08-07T16:40:05.155143-05:00
2024-12-13,finalized,Open-Meteo ERA5,Open-Meteo ERA5-Ocean,NOAA CO-OPS 8729136 predictions,63.7,43.9,0.0,12.7,21.7,65,1.772,95,4.1,,,,-0.512,1.44,1.952,2026-08-07T16:40:05.155143-05:00
2024-12-14,finalized,Open-Meteo ERA5,Open-Meteo ERA5-Ocean,NOAA CO-OPS 8729136 predictions,69.1,53.2,0.0,13.8,22.4,76,2.034,99,3.95,,,,-0.623,1.494,2.117,2026-08-07T16:40:05.155143-05:00
2024-12-15,finalized,Open-Meteo ERA5,Open-Meteo ERA5-Ocean,NOAA CO-OPS 8729136 predictions,66.4,59.6,0.0,13.0,20.6,76,1.903,114,4.25,,,,-0.683,1.497,2.18,2026-08-07T16:40:05.155143-05:00
2024-12-16,finalized,Open-Meteo ERA5,Open-Meteo ERA5-Ocean,NOAA CO-OPS 8729136 predictions,72.5,57.5,0.0,9.3,14.8,70,1.181,117,4.05,,,,-0.701,1.459,2.16,2026-08-07T16:40:05.155143-05:00
2024-12-17,finalized,Open-Meteo ERA5,Open-Meteo ERA5-Ocean,NOAA CO-OPS 8729136 predictions,73.7,58.5,0.0,7.0,10.5,57,0.722,109,3.35,,,,-0.673,1.374,2.047,2026-08-07T16:40:05.155143-05:00
2024-12-18,finalized,Open-Meteo ERA5,Open-Meteo ERA5-Ocean,NOAA CO-OPS 8729136 predictions,69.2,62.0,0.039,4.7,11.0,144,0.459,126,3.1,,,,-0.593,1.235,1.828,2026-08-07T16:40:05.155143-05:00
2024-12-19,finalized,Open-Meteo ERA5,Open-Meteo ERA5-Ocean,NOAA CO-OPS 8729136 predictions,64.5,55.9,0.0,11.7,18.3,351,1.115,347,3.2,,,,-0.461,1.042,1.5030000000000001,2026-08-07T16:40:05.155143-05:00
2024-12-20,finalized,Open-Meteo ERA5,Open-Meteo ERA5-Ocean,NOAA CO-OPS 8729136 predictions,61.4,48.4,0.0,15.9,25.5,326,2.297,310,3.8,,,,-0.287,-0.287,0.0,2026-08-07T16:40:05.155143-05:00
2024-12-21,finalized,Open-Meteo ERA5,Open-Meteo ERA5-Ocean,NOAA CO-OPS 8729136 predictions,52.8,40.6,0.0,16.4,28.2,7,2.559,346,3.85,,,,-0.097,0.807,0.904,2026-08-07T16:40:05.155143-05:00
2024-12-22,finalized,Open-Meteo ERA5,Open-Meteo ERA5-Ocean,NOAA CO-OPS 8729136 predictions,56.1,39.5,0.0,11.2,19.9,30,1.115,15,2.9,,,,0.043,0.485,0.442,2026-08-07T16:40:05.155143-05:00
2024-12-23,finalized,Open-Meteo ERA5,Open-Meteo ERA5-Ocean,NOAA CO-OPS 8729136 predictions,59.5,42.9,0.0,11.2,19.7,55,1.181,72,3.15,,,,0.103,0.61,0.507,2026-08-07T16:40:05.155143-05:00
2024-12-24,finalized,Open-Meteo ERA5,Open-Meteo ERA5-Ocean,NOAA CO-OPS 8729136 predictions,61.2,49.3,0.0,8.9,14.1,66,0.853,90,2.9,,,,0.004,0.762,0.758,2026-08-07T16:40:05.155143-05:00
2024-12-25,finalized,Open-Meteo ERA5,Open-Meteo ERA5-Ocean,NOAA CO-OPS 8729136 predictions,62.0,49.5,0.004,10.4,18.3,82,1.378,110,3.7,,,,-0.19,0.894,1.084,2026-08-07T16:40:05.155143-05:00
2024-12-26,finalized,Open-Meteo ERA5,Open-Meteo ERA5-Ocean,NOAA CO-OPS 8729136 predictions,60.0,54.2,0.37,12.0,23.7,80,1.903,121,4.3,,,,-0.343,0.998,1.341,2026-08-07T16:40:05.155143-05:00
2024-12-27,finalized,Open-Meteo ERA5,Open-Meteo ERA5-Ocean,NOAA CO-OPS 8729136 predictions,63.0,55.7,0.0,14.3,22.8,109,2.231,129,4.25,,,,-0.459,1.081,1.54,2026-08-07T16:40:05.155143-05:00
2024-12-28,finalized,Open-Meteo ERA5,Open-Meteo ERA5-Ocean,NOAA CO-OPS 8729136 predictions,68.5,60.6,0.0,16.5,24.6,132,3.018,153,4.3,,,,-0.554,1.152,1.706,2026-08-07T16:40:05.155143-05:00
2024-12-29,finalized,Open-Meteo ERA5,Open-Meteo ERA5-Ocean,NOAA CO-OPS 8729136 predictions,67.5,60.9,0.713,19.2,31.3,208,3.871,184,5.45,,,,-0.646,1.217,1.863,2026-08-07T16:40:05.155143-05:00
2024-12-30,finalized,Open-Meteo ERA5,Open-Meteo ERA5-Ocean,NOAA CO-OPS 8729136 predictions,66.4,54.1,0.0,8.8,13.2,176,2.034,198,5.4,,,,-0.735,1.27,2.005,2026-08-07T16:40:05.155143-05:00
2024-12-31,finalized,Open-Meteo ERA5,Open-Meteo ERA5-Ocean,NOAA CO-OPS 8729136 predictions,70.6,61.8,0.008,15.5,24.4,254,2.428,230,4.3,,,,-0.801,-0.801,0.0,2026-08-07T16:40:05.155143-05:00
2025-01-01,finalized,Open-Meteo ERA5,Open-Meteo ERA5-Ocean,NOAA CO-OPS 8729136 predictions,61.2,49.1,0.0,13.9,22.1,356,2.362,310,4.15,,,,-0.81,1.235,2.045,2026-08-07T16:40:05.155143-05:00
2025-01-02,finalized,Open-Meteo ERA5,Open-Meteo ERA5-Ocean,NOAA CO-OPS 8729136 predictions,59.8,44.3,0.0,8.6,16.3,27,1.05,6,3.4,,,,-0.729,1.086,1.815,2026-08-07T16:40:05.155143-05:00
2025-01-03,finalized,Open-Meteo ERA5,Open-Meteo ERA5-Ocean,NOAA CO-OPS 8729136 predictions,63.7,47.8,0.0,10.8,17.7,334,1.378,312,3.95,,,,-0.56,0.847,1.407,2026-08-07T16:40:05.155143-05:00
2025-01-04,finalized,Open-Meteo ERA5,Open-Meteo ERA5-Ocean,NOAA CO-OPS 8729136 predictions,58.6,44.2,0.0,11.4,20.4,43,1.509,21,3.35,,,,-0.323,-0.323,0.0,2026-08-07T16:40:05.155143-05:00
2025-01-05,finalized,Open-Meteo ERA5,Open-Meteo ERA5-Ocean,NOAA CO-OPS 8729136 predictions,66.0,50.8,0.016,17.7,27.5,141,4.265,156,5.4,,,,-0.075,0.538,0.613,2026-08-07T16:40:05.155143-05:00
2025-01-06,finalized,Open-Meteo ERA5,Open-Meteo ERA5-Ocean,NOAA CO-OPS 8729136 predictions,67.2,40.0,0.142,20.6,40.5,280,4.921,239,5.7,,,,0.07,0.468,0.398,2026-08-07T16:40:05.155143-05:00
2025-01-07,finalized,Open-Meteo ERA5,Open-Meteo ERA5-Ocean,NOAA CO-OPS 8729136 predictions,48.0,36.1,0.0,17.0,28.6,5,3.937,340,4.85,,,,-0.133,0.713,0.846,2026-08-07T16:40:05.155143-05:00
2025-01-08,finalized,Open-Meteo ERA5,Open-Meteo ERA5-Ocean,NOAA CO-OPS 8729136 predictions,49.7,36.6,0.0,13.1,22.4,348,1.706,337,3.35,,,,-0.412,0.921,1.333,2026-08-07T16:40:05.155143-05:00
2025-01-09,finalized,Open-Meteo ERA5,Open-Meteo ERA5-Ocean,NOAA CO-OPS 8729136 predictions,50.9,35.0,0.0,12.9,22.1,31,2.034,359,3.6,,,,-0.619,1.073,1.692,2026-08-07T16:40:05.155143-05:00
2025-01-10,finalized,Open-Meteo ERA5,Open-Meteo ERA5-Ocean,NOAA CO-OPS 8729136 predictions,61.4,45.0,0.598,23.6,39.8,112,5.184,160,6.2,,,,-0.755,1.171,1.9260000000000002,2026-08-07T16:40:05.155143-05:00
2025-01-11,finalized,Open-Meteo ERA5,Open-Meteo ERA5-Ocean,NOAA CO-OPS 8729136 predictions,51.6,40.9,0.0,16.5,26.8,331,4.199,267,5.8,,,,-0.837,1.222,2.059,2026-08-07T16:40:05.155143-05:00
2025-01-12,finalized,Open-Meteo ERA5,Open-Meteo ERA5-Ocean,NOAA CO-OPS 8729136 predictions,52.8,37.6,0.012,10.4,15.4,80,1.378,203,5.35,,,,-0.878,1.229,2.107,2026-08-07T16:40:05.155143-05:00
2025-01-13,finalized,Open-Meteo ERA5,Open-Meteo ERA5-Ocean,NOAA CO-OPS 8729136 predictions,50.4,45.3,0.508,16.4,26.2,41,2.756,118,5.1,,,,-0.876,1.187,2.063,2026-08-07T16:40:05.155143-05:00
2025-01-14,finalized,Open-Meteo ERA5,Open-Meteo ERA5-Ocean,NOAA CO-OPS 8729136 predictions,56.7,41.0,0.0,13.3,23.3,15,1.837,353,5.0,,,,-0.822,1.089,1.911,2026-08-07T16:40:05.155143-05:00
2025-01-15,finalized,Open-Meteo ERA5,Open-Meteo ERA5-Ocean,NOAA CO-OPS 8729136 predictions,57.0,47.4,0.0,9.7,16.3,40,0.853,52,3.25,,,,-0.709,0.935,1.6440000000000001,2026-08-07T16:40:05.155143-05:00
2025-01-16,finalized,Open-Meteo ERA5,Open-Meteo ERA5-Ocean,NOAA CO-OPS 8729136 predictions,60.1,47.6,0.13,7.9,13.0,303,0.722,164,3.15,,,,-0.546,0.733,1.279,2026-08-07T16:40:05.155143-05:00
2025-01-17,finalized,Open-Meteo ERA5,Open-Meteo ERA5-Ocean,NOAA CO-OPS 8729136 predictions,60.8,44.7,0.0,9.8,13.9,118,0.919,236,3.1,,,,-0.35,0.501,0.851,2026-08-07T16:40:05.155143-05:00
2025-01-18,finalized,Open-Meteo ERA5,Open-Meteo ERA5-Ocean,NOAA CO-OPS 8729136 predictions,66.3,55.9,0.26,16.7,33.3,197,3.084,205,4.75,,,,-0.165,0.266,0.43100000000000005,2026-08-07T16:40:05.155143-05:00
2025-01-19,finalized,Open-Meteo ERA5,Open-Meteo ERA5-Ocean,NOAA CO-OPS 8729136 predictions,63.7,40.3,0.327,17.7,29.8,320,3.609,280,4.9,,,,-0.055,0.291,0.346,2026-08-07T16:40:05.155143-05:00
2025-01-20,finalized,Open-Meteo ERA5,Open-Meteo ERA5-Ocean,NOAA CO-OPS 8729136 predictions,43.8,33.1,0.0,15.1,27.5,12,3.15,349,4.45,,,,-0.045,0.453,0.498,2026-08-07T16:40:05.155143-05:00
2025-01-21,finalized,Open-Meteo ERA5,Open-Meteo ERA5-Ocean,NOAA CO-OPS 8729136 predictions,39.7,30.5,0.551,20.0,35.3,17,3.478,10,4.1,,,,-0.178,0.595,0.7729999999999999,2026-08-07T16:40:05.155143-05:00
2025-01-22,finalized,Open-Meteo ERA5,Open-Meteo ERA5-Ocean,NOAA CO-OPS 8729136 predictions,38.4,28.5,0.055,16.5,28.9,23,2.953,6,3.95,,,,-0.338,0.71,1.048,2026-08-07T16:40:05.155143-05:00
2025-01-23,finalized,Open-Meteo ERA5,Open-Meteo ERA5-Ocean,NOAA CO-OPS 8729136 predictions,46.7,30.9,0.0,10.9,19.2,9,1.509,356,3.1,,,,-0.468,0.808,1.276,2026-08-07T16:40:05.155143-05:00
2025-01-24,finalized,Open-Meteo ERA5,Open-Meteo ERA5-Ocean,NOAA CO-OPS 8729136 predictions,50.6,36.1,0.0,8.6,15.7,338,0.984,335,3.05,,,,-0.577,0.903,1.48,2026-08-07T16:40:05.155143-05:00
2025-01-25,finalized,Open-Meteo ERA5,Open-Meteo ERA5-Ocean,NOAA CO-OPS 8729136 predictions,54.4,34.7,0.0,9.3,15.9,62,0.919,37,3.45,,,,-0.677,1.002,1.679,2026-08-07T16:40:05.155143-05:00
2025-01-26,finalized,Open-Meteo ERA5,Open-Meteo ERA5-Ocean,NOAA CO-OPS 8729136 predictions,59.7,42.3,0.0,8.2,14.1,119,0.787,124,3.45,,,,-0.772,1.092,1.864,2026-08-07T16:40:05.155143-05:00
2025-01-27,finalized,Open-Meteo ERA5,Open-Meteo ERA5-Ocean,NOAA CO-OPS 8729136 predictions,63.6,48.4,0.075,11.7,19.5,186,1.312,184,3.3,,,,-0.85,1.15,2.0,2026-08-07T16:40:05.155143-05:00
2025-01-28,finalized,Open-Meteo ERA5,Open-Meteo ERA5-Ocean,NOAA CO-OPS 8729136 predictions,58.2,48.3,0.0,9.6,15.2,349,1.378,274,3.3,,,,-0.881,1.146,2.027,2026-08-07T16:40:05.155143-05:00
2025-01-29,finalized,Open-Meteo ERA5,Open-Meteo ERA5-Ocean,NOAA CO-OPS 8729136 predictions,62.6,49.2,0.0,7.4,11.2,278,1.05,255,3.2,,,,-0.838,1.06,1.8980000000000001,2026-08-07T16:40:05.155143-05:00
2025-01-30,finalized,Open-Meteo ERA5,Open-Meteo ERA5-Ocean,NOAA CO-OPS 8729136 predictions,65.4,51.7,0.0,11.2,16.6,138,1.706,165,4.05,,,,-0.704,0.887,1.591,2026-08-07T16:40:05.155143-05:00
2025-01-31,finalized,Open-Meteo ERA5,Open-Meteo ERA5-Ocean,NOAA CO-OPS 8729136 predictions,67.1,59.0,0.283,16.5,28.6,195,3.084,188,4.7,,,,-0.485,0.639,1.124,2026-08-07T16:40:05.155143-05:00
2025-02-01,finalized,Open-Meteo ERA5,Open-Meteo ERA5-Ocean,NOAA CO-OPS 8729136 predictions,66.7,48.3,0.0,11.1,17.7,333,2.428,230,5.05,,,,-0.211,-0.211,0.0,2026-08-07T16:40:05.155143-05:00
2025-02-02,finalized,Open-Meteo ERA5,Open-Meteo ERA5-Ocean,NOAA CO-OPS 8729136 predictions,65.3,48.3,0.0,6.3,10.7,24,0.984,200,5.0,,,,-0.037,0.347,0.38399999999999995,2026-08-07T16:40:05.155143-05:00
2025-02-03,finalized,Open-Meteo ERA5,Open-Meteo ERA5-Ocean,NOAA CO-OPS 8729136 predictions,64.5,47.4,0.0,6.2,10.1,163,0.525,169,4.4,,,,-0.268,0.499,0.767,2026-08-07T16:40:05.155143-05:00
2025-02-04,finalized,Open-Meteo ERA5,Open-Meteo ERA5-Ocean,NOAA CO-OPS 8729136 predictions,67.5,55.5,0.0,6.8,10.7,240,0.525,213,2.8,,,,0.721,0.721,0.0,2026-08-07T16:40:05.155143-05:00
2025-02-05,finalized,Open-Meteo ERA5,Open-Meteo ERA5-Ocean,NOAA CO-OPS 8729136 predictions,67.3,57.9,0.0,6.5,11.6,216,0.459,184,3.45,,,,-0.482,0.882,1.3639999999999999,2026-08-07T16:40:05.155143-05:00
2025-02-06,finalized,Open-Meteo ERA5,Open-Meteo ERA5-Ocean,NOAA CO-OPS 8729136 predictions,68.5,60.0,0.0,8.5,14.3,185,0.656,188,2.95,,,,-0.641,0.992,1.633,2026-08-07T16:40:05.155143-05:00
2025-02-07,finalized,Open-Meteo ERA5,Open-Meteo ERA5-Ocean,NOAA CO-OPS 8729136 predictions,69.7,63.6,0.008,7.5,12.5,191,0.787,183,3.7,,,,-0.743,1.068,1.811,2026-08-07T16:40:05.155143-05:00
2025-02-08,finalized,Open-Meteo ERA5,Open-Meteo ERA5-Ocean,NOAA CO-OPS 8729136 predictions,69.2,64.3,0.0,9.6,15.9,185,0.984,187,3.45,,,,-0.795,1.114,1.9090000000000003,2026-08-07T16:40:05.155143-05:00
2025-02-09,finalized,Open-Meteo ERA5,Open-Meteo ERA5-Ocean,NOAA CO-OPS 8729136 predictions,71.8,66.5,0.0,8.9,14.8,220,1.181,204,3.45,,,,-0.802,1.118,1.9200000000000002,2026-08-07T16:40:05.155143-05:00
2025-02-10,finalized,Open-Meteo ERA5,Open-Meteo ERA5-Ocean,NOAA CO-OPS 8729136 predictions,73.8,65.3,0.0,6.4,10.7,213,0.853,195,3.35,,,,-0.762,1.066,1.828,2026-08-07T16:40:05.155143-05:00
2025-02-11,finalized,Open-Meteo ERA5,Open-Meteo ERA5-Ocean,NOAA CO-OPS 8729136 predictions,70.3,61.4,0.0,14.8,23.9,158,1.903,168,3.7,,,,-0.669,0.956,1.625,2026-08-07T16:40:05.155143-05:00
2025-02-12,finalized,Open-Meteo ERA5,Open-Meteo ERA5-Ocean,NOAA CO-OPS 8729136 predictions,73.2,69.0,0.028,19.1,30.9,180,3.281,186,4.55,,,,-0.524,0.794,1.318,2026-08-07T16:40:05.155143-05:00
2025-02-13,finalized,Open-Meteo ERA5,Open-Meteo ERA5-Ocean,NOAA CO-OPS 8729136 predictions,72.2,60.4,0.772,17.6,32.7,275,3.871,198,5.7,,,,-0.339,0.599,0.938,2026-08-07T16:40:05.155143-05:00
2025-02-14,finalized,Open-Meteo ERA5,Open-Meteo ERA5-Ocean,NOAA CO-OPS 8729136 predictions,69.9,52.9,0.0,14.5,25.9,62,2.493,87,5.25,,,,-0.137,0.395,0.532,2026-08-07T16:40:05.155143-05:00
2025-02-15,finalized,Open-Meteo ERA5,Open-Meteo ERA5-Ocean,NOAA CO-OPS 8729136 predictions,70.8,62.7,0.012,18.1,27.7,146,2.493,146,3.95,,,,0.031,0.233,0.202,2026-08-07T16:40:05.155143-05:00
2025-02-16,finalized,Open-Meteo ERA5,Open-Meteo ERA5-Ocean,NOAA CO-OPS 8729136 predictions,70.4,54.6,0.535,23.8,41.2,271,5.249,219,5.5,,,,-0.012,0.408,0.42,2026-08-07T16:40:05.155143-05:00
2025-02-17,finalized,Open-Meteo ERA5,Open-Meteo ERA5-Ocean,NOAA CO-OPS 8729136 predictions,57.8,41.8,0.0,16.9,29.8,12,3.084,333,4.4,,,,-0.134,0.562,0.6960000000000001,2026-08-07T16:40:05.155143-05:00
2025-02-18,finalized,Open-Meteo ERA5,Open-Meteo ERA5-Ocean,NOAA CO-OPS 8729136 predictions,62.2,45.6,0.012,9.1,15.9,58,0.787,80,3.5,,,,0.684,0.684,0.0,2026-08-07T16:40:05.155143-05:00
2025-02-19,finalized,Open-Meteo ERA5,Open-Meteo ERA5-Ocean,NOAA CO-OPS 8729136 predictions,58.3,51.9,1.48,15.1,26.8,33,1.903,57,3.4,,,,-0.241,0.772,1.013,2026-08-07T16:40:05.155143-05:00
2025-02-20,finalized,Open-Meteo ERA5,Open-Meteo ERA5-Ocean,NOAA CO-OPS 8729136 predictions,51.0,39.3,0.0,17.3,30.9,359,2.887,340,4.2,,,,-0.341,0.842,1.183,2026-08-07T16:40:05.155143-05:00
2025-02-21,finalized,Open-Meteo ERA5,Open-Meteo ERA5-Ocean,NOAA CO-OPS 8729136 predictions,51.2,34.9,0.0,15.5,27.5,33,2.231,24,3.55,,,,-0.442,0.92,1.362,2026-08-07T16:40:05.155143-05:00
2025-02-22,finalized,Open-Meteo ERA5,Open-Meteo ERA5-Ocean,NOAA CO-OPS 8729136 predictions,59.6,44.2,0.0,9.5,17.0,47,0.984,97,3.35,,,,-0.542,1.017,1.559,2026-08-07T16:40:05.155143-05:00
2025-02-23,finalized,Open-Meteo ERA5,Open-Meteo ERA5-Ocean,NOAA CO-OPS 8729136 predictions,57.5,50.3,0.587,8.6,15.7,50,0.787,104,3.35,,,,-0.63,1.109,1.7389999999999999,2026-08-07T16:40:05.155143-05:00
2025-02-24,finalized,Open-Meteo ERA5,Open-Meteo ERA5-Ocean,NOAA CO-OPS 8729136 predictions,63.7,52.3,0.291,12.0,19.0,78,1.64,123,4.9,,,,-0.681,1.157,1.838,2026-08-07T16:40:05.155143-05:00
2025-02-25,finalized,Open-Meteo ERA5,Open-Meteo ERA5-Ocean,NOAA CO-OPS 8729136 predictions,68.2,56.1,0.0,9.0,14.8,314,1.247,193,5.25,,,,-0.668,1.13,1.798,2026-08-07T16:40:05.155143-05:00
2025-02-26,finalized,Open-Meteo ERA5,Open-Meteo ERA5-Ocean,NOAA CO-OPS 8729136 predictions,68.9,53.2,0.0,7.2,10.7,261,1.181,264,3.55,,,,-0.57,1.016,1.5859999999999999,2026-08-07T16:40:05.155143-05:00
2025-02-27,finalized,Open-Meteo ERA5,Open-Meteo ERA5-Ocean,NOAA CO-OPS 8729136 predictions,68.3,57.2,0.0,12.2,19.7,260,1.575,256,3.3,,,,-0.381,0.826,1.2069999999999999,2026-08-07T16:40:05.155143-05:00
2025-02-28,finalized,Open-Meteo ERA5,Open-Meteo ERA5-Ocean,NOAA CO-OPS 8729136 predictions,66.9,51.2,0.0,10.4,17.4,308,1.575,279,3.45,,,,-0.118,0.592,0.71,2026-08-07T16:40:05.155143-05:00
2025-03-01,finalized,Open-Meteo ERA5,Open-Meteo ERA5-Ocean,NOAA CO-OPS 8729136 predictions,68.6,55.4,0.0,12.2,18.3,263,1.575,252,3.45,,,,0.045,0.272,0.22700000000000004,2026-08-07T16:40:05.155143-05:00
2025-03-02,finalized,Open-Meteo ERA5,Open-Meteo ERA5-Ocean,NOAA CO-OPS 8729136 predictions,63.0,51.3,0.0,13.6,23.3,358,2.034,318,3.6,,,,-0.133,0.553,0.686,2026-08-07T16:40:05.155143-05:00
2025-03-03,finalized,Open-Meteo ERA5,Open-Meteo ERA5-Ocean,NOAA CO-OPS 8729136 predictions,63.6,47.9,0.0,9.2,16.8,87,1.05,95,3.45,,,,-0.292,0.806,1.098,2026-08-07T16:40:05.155143-05:00
2025-03-04,finalized,Open-Meteo ERA5,Open-Meteo ERA5-Ocean,NOAA CO-OPS 8729136 predictions,69.1,54.3,0.0,23.1,38.5,140,5.118,148,5.55,,,,-0.409,0.992,1.401,2026-08-07T16:40:05.155143-05:00
2025-03-05,finalized,Open-Meteo ERA5,Open-Meteo ERA5-Ocean,NOAA CO-OPS 8729136 predictions,67.2,58.7,0.689,27.1,47.2,249,6.365,226,6.65,,,,1.1,1.1,0.0,2026-08-07T16:40:05.155143-05:00
2025-03-06,finalized,Open-Meteo ERA5,Open-Meteo ERA5-Ocean,NOAA CO-OPS 8729136 predictions,61.5,50.2,0.0,19.2,30.9,309,6.037,282,6.25,,,,-0.498,1.148,1.646,2026-08-07T16:40:05.155143-05:00
2025-03-08,finalized,Open-Meteo ERA5,Open-Meteo ERA5-Ocean,NOAA CO-OPS 8729136 predictions,68.2,61.8,0.5,10.4,18.1,168,1.706,204,4.45,,,,-0.573,1.178,1.751,2026-08-07T16:40:05.155143-05:00
2025-03-09,finalized,Open-Meteo ERA5,Open-Meteo ERA5-Ocean,NOAA CO-OPS 8729136 predictions,68.2,62.0,1.012,10.2,20.1,176,1.903,196,4.8,,,,-0.539,1.149,1.6880000000000002,2026-08-07T16:40:05.155143-05:00
2025-03-10,finalized,Open-Meteo ERA5,Open-Meteo ERA5-Ocean,NOAA CO-OPS 8729136 predictions,62.7,58.1,0.047,16.4,29.8,324,4.068,255,5.9,,,,-0.45,1.067,1.517,2026-08-07T16:40:05.155143-05:00
2025-03-11,finalized,Open-Meteo ERA5,Open-Meteo ERA5-Ocean,NOAA CO-OPS 8729136 predictions,68.1,53.8,0.0,9.9,16.6,269,2.231,259,6.1,,,,-0.308,0.929,1.237,2026-08-07T16:40:05.155143-05:00
2025-03-12,finalized,Open-Meteo ERA5,Open-Meteo ERA5-Ocean,NOAA CO-OPS 8729136 predictions,68.6,57.9,0.0,8.8,15.2,252,1.444,249,3.75,,,,-0.124,0.752,0.876,2026-08-07T16:40:05.155143-05:00
2025-03-13,finalized,Open-Meteo ERA5,Open-Meteo ERA5-Ocean,NOAA CO-OPS 8729136 predictions,70.2,62.4,0.138,12.9,23.0,195,2.165,206,4.4,,,,0.08,0.566,0.48599999999999993,2026-08-07T16:40:05.155143-05:00
2025-03-14,finalized,Open-Meteo ERA5,Open-Meteo ERA5-Ocean,NOAA CO-OPS 8729136 predictions,70.8,64.8,0.016,13.9,22.8,159,1.837,186,4.35,,,,0.24,0.428,0.188,2026-08-07T16:40:05.155143-05:00
2025-03-15,finalized,Open-Meteo ERA5,Open-Meteo ERA5-Ocean,NOAA CO-OPS 8729136 predictions,73.3,65.4,0.185,24.3,38.3,149,5.315,170,6.05,,,,0.118,0.604,0.486,2026-08-07T16:40:05.155143-05:00
2025-03-16,finalized,Open-Meteo ERA5,Open-Meteo ERA5-Ocean,NOAA CO-OPS 8729136 predictions,71.7,64.8,0.76,20.6,39.1,246,5.446,211,7.1,,,,0.003,0.761,0.758,2026-08-07T16:40:05.155143-05:00
2025-03-17,finalized,Open-Meteo ERA5,Open-Meteo ERA5-Ocean,NOAA CO-OPS 8729136 predictions,67.5,52.6,0.0,19.7,33.6,320,4.528,290,5.4,,,,-0.075,0.889,0.964,2026-08-07T16:40:05.155143-05:00
2025-03-18,finalized,Open-Meteo ERA5,Open-Meteo ERA5-Ocean,NOAA CO-OPS 8729136 predictions,70.3,50.1,0.0,9.7,15.2,151,1.64,254,4.45,,,,-0.12,0.984,1.104,2026-08-07T16:40:05.155143-05:00
2025-03-19,finalized,Open-Meteo ERA5,Open-Meteo ERA5-Ocean,NOAA CO-OPS 8729136 predictions,71.1,57.6,0.0,12.9,20.4,184,1.706,198,3.85,,,,1.051,1.051,0.0,2026-08-07T16:40:05.155143-05:00
2025-03-20,finalized,Open-Meteo ERA5,Open-Meteo ERA5-Ocean,NOAA CO-OPS 8729136 predictions,69.2,52.8,0.094,18.4,30.4,286,4.331,259,5.05,,,,-0.16,1.101,1.261,2026-08-07T16:40:05.155143-05:00
2025-03-21,finalized,Open-Meteo ERA5,Open-Meteo ERA5-Ocean,NOAA CO-OPS 8729136 predictions,61.8,44.8,0.0,14.0,24.2,323,4.003,310,4.8,,,,-0.228,1.149,1.377,2026-08-07T16:40:05.155143-05:00
2025-03-22,finalized,Open-Meteo ERA5,Open-Meteo ERA5-Ocean,NOAA CO-OPS 8729136 predictions,66.1,53.3,0.0,8.8,15.2,264,1.312,265,3.5,,,,-0.313,1.2,1.513,2026-08-07T16:40:05.155143-05:00
2025-03-23,finalized,Open-Meteo ERA5,Open-Meteo ERA5-Ocean,NOAA CO-OPS 8729136 predictions,68.0,58.2,0.0,10.6,18.3,189,0.984,217,3.2,,,,-0.382,1.242,1.624,2026-08-07T16:40:05.155143-05:00
2025-03-24,finalized,Open-Meteo ERA5,Open-Meteo ERA5-Ocean,NOAA CO-OPS 8729136 predictions,66.3,60.9,0.291,8.8,17.4,221,1.181,195,3.6,,,,-0.4,1.242,1.642,2026-08-07T16:40:05.155143-05:00
2025-03-25,finalized,Open-Meteo ERA5,Open-Meteo ERA5-Ocean,NOAA CO-OPS 8729136 predictions,69.1,56.3,0.0,8.8,15.7,298,0.984,204,3.75,,,,-0.338,1.169,1.5070000000000001,2026-08-07T16:40:05.155143-05:00
2025-03-26,finalized,Open-Meteo ERA5,Open-Meteo ERA5-Ocean,NOAA CO-OPS 8729136 predictions,76.0,63.6,0.0,7.2,11.9,282,0.919,238,3.35,,,,-0.183,1.016,1.199,2026-08-07T16:40:05.155143-05:00
2025-03-27,finalized,Open-Meteo ERA5,Open-Meteo ERA5-Ocean,NOAA CO-OPS 8729136 predictions,75.5,62.7,0.0,11.8,17.9,86,1.05,100,3.1,,,,0.059,0.812,0.7530000000000001,2026-08-07T16:40:05.155143-05:00
2025-03-28,finalized,Open-Meteo ERA5,Open-Meteo ERA5-Ocean,NOAA CO-OPS 8729136 predictions,73.4,63.2,0.0,13.8,23.0,127,2.1,134,4.65,,,,0.249,0.454,0.20500000000000002,2026-08-07T16:40:05.155143-05:00
2025-03-29,finalized,Open-Meteo ERA5,Open-Meteo ERA5-Ocean,NOAA CO-OPS 8729136 predictions,73.9,67.7,0.098,15.6,25.7,138,2.887,149,5.2,,,,0.046,0.726,0.6799999999999999,2026-08-07T16:40:05.155143-05:00
2025-03-30,finalized,Open-Meteo ERA5,Open-Meteo ERA5-Ocean,NOAA CO-OPS 8729136 predictions,70.3,67.5,0.469,12.3,18.8,155,2.1,167,5.2,,,,-0.149,0.999,1.148,2026-08-07T16:40:05.155143-05:00
2025-03-31,finalized,Open-Meteo ERA5,Open-Meteo ERA5-Ocean,NOAA CO-OPS 8729136 predictions,72.6,67.5,0.075,11.7,25.3,192,1.772,188,4.3,,,,-0.281,1.219,1.5,2026-08-07T16:40:05.155143-05:00
2025-04-01,finalized,Open-Meteo ERA5,Open-Meteo ERA5-Ocean,NOAA CO-OPS 8729136 predictions,75.7,66.4,0.0,9.2,15.0,188,1.575,202,4.55,,,,-0.344,1.364,1.7080000000000002,2026-08-07T16:40:05.155143-05:00
2025-04-02,finalized,Open-Meteo ERA5,Open-Meteo ERA5-Ocean,NOAA CO-OPS 8729136 predictions,77.9,69.1,0.0,16.2,26.8,146,2.493,168,4.7,,,,1.432,1.432,0.0,2026-08-07T16:40:05.155143-05:00
2025-04-03,finalized,Open-Meteo ERA5,Open-Meteo ERA5-Ocean,NOAA CO-OPS 8729136 predictions,77.0,73.1,0.0,19.0,32.0,150,3.543,171,5.7,,,,-0.366,1.438,1.8039999999999998,2026-08-07T16:40:05.155143-05:00
2025-04-04,finalized,Open-Meteo ERA5,Open-Meteo ERA5-Ocean,NOAA CO-OPS 8729136 predictions,77.9,72.0,0.0,15.8,28.0,140,2.953,165,5.75,,,,-0.37,1.402,1.7719999999999998,2026-08-07T16:40:05.155143-05:00
2025-04-05,finalized,Open-Meteo ERA5,Open-Meteo ERA5-Ocean,NOAA CO-OPS 8729136 predictions,77.7,72.3,0.0,17.9,30.6,148,3.281,165,5.7,,,,-0.344,1.336,1.6800000000000002,2026-08-07T16:40:05.155143-05:00
2025-04-06,finalized,Open-Meteo ERA5,Open-Meteo ERA5-Ocean,NOAA CO-OPS 8729136 predictions,77.2,73.3,0.146,19.7,34.4,172,3.74,178,5.2,,,,-0.268,1.238,1.506,2026-08-07T16:40:05.155143-05:00
2025-04-07,finalized,Open-Meteo ERA5,Open-Meteo ERA5-Ocean,NOAA CO-OPS 8729136 predictions,75.3,57.7,0.823,21.3,37.6,259,4.331,213,5.65,,,,-0.134,1.097,1.2309999999999999,2026-08-07T16:40:05.155143-05:00
2025-04-08,finalized,Open-Meteo ERA5,Open-Meteo ERA5-Ocean,NOAA CO-OPS 8729136 predictions,70.4,53.5,0.0,15.6,24.8,347,3.412,296,5.0,,,,0.048,0.916,0.868,2026-08-07T16:40:05.155143-05:00
2025-04-09,finalized,Open-Meteo ERA5,Open-Meteo ERA5-Ocean,NOAA CO-OPS 8729136 predictions,69.7,55.0,0.0,10.0,17.4,328,1.247,307,3.9,,,,0.257,0.718,0.46099999999999997,2026-08-07T16:40:05.155143-05:00
2025-04-10,finalized,Open-Meteo ERA5,Open-Meteo ERA5-Ocean,NOAA CO-OPS 8729136 predictions,72.3,57.9,0.0,13.0,19.7,265,1.772,269,3.25,,,,0.42,0.68,0.26000000000000006,2026-08-07T16:40:05.155143-05:00
2025-04-11,finalized,Open-Meteo ERA5,Open-Meteo ERA5-Ocean,NOAA CO-OPS 8729136 predictions,74.4,63.5,0.004,13.8,22.8,304,2.297,266,4.4,,,,0.257,0.857,0.6,2026-08-07T16:40:05.155143-05:00
2025-04-12,finalized,Open-Meteo ERA5,Open-Meteo ERA5-Ocean,NOAA CO-OPS 8729136 predictions,69.9,56.2,0.0,11.9,21.3,330,1.837,306,3.75,,,,0.12,1.016,0.896,2026-08-07T16:40:05.155143-05:00
2025-04-13,finalized,Open-Meteo ERA5,Open-Meteo ERA5-Ocean,NOAA CO-OPS 8729136 predictions,69.8,54.6,0.0,10.4,18.3,300,1.312,285,3.2,,,,0.024,1.143,1.119,2026-08-07T16:40:05.155143-05:00
2025-04-14,finalized,Open-Meteo ERA5,Open-Meteo ERA5-Ocean,NOAA CO-OPS 8729136 predictions,71.9,62.7,0.0,11.8,20.1,229,1.05,242,2.9,,,,-0.034,1.235,1.2690000000000001,2026-08-07T16:40:05.155143-05:00
2025-04-15,finalized,Open-Meteo ERA5,Open-Meteo ERA5-Ocean,NOAA CO-OPS 8729136 predictions,73.6,67.0,0.0,13.5,24.2,273,2.231,257,4.0,,,,-0.066,1.3,1.366,2026-08-07T16:40:05.155143-05:00
2025-04-16,finalized,Open-Meteo ERA5,Open-Meteo ERA5-Ocean,NOAA CO-OPS 8729136 predictions,73.1,55.6,0.0,10.9,18.6,335,1.575,296,3.85,,,,-0.091,1.348,1.439,2026-08-07T16:40:05.155143-05:00
2025-04-17,finalized,Open-Meteo ERA5,Open-Meteo ERA5-Ocean,NOAA CO-OPS 8729136 predictions,75.2,57.9,0.0,11.4,19.9,182,1.115,222,3.0,,,,1.392,1.392,0.0,2026-08-07T16:40:05.155143-05:00
2025-04-18,finalized,Open-Meteo ERA5,Open-Meteo ERA5-Ocean,NOAA CO-OPS 8729136 predictions,75.4,63.7,0.0,12.3,23.5,156,1.772,152,3.95,,,,-0.128,1.429,1.557,2026-08-07T16:40:05.155143-05:00
2025-04-19,finalized,Open-Meteo ERA5,Open-Meteo ERA5-Ocean,NOAA CO-OPS 8729136 predictions,75.3,65.3,0.0,12.1,22.1,142,1.837,158,5.15,,,,-0.179,1.447,1.6260000000000001,2026-08-07T16:40:05.155143-05:00
2025-04-20,finalized,Open-Meteo ERA5,Open-Meteo ERA5-Ocean,NOAA CO-OPS 8729136 predictions,76.0,67.7,0.0,11.9,21.3,144,2.034,157,5.25,,,,-0.211,1.423,1.6340000000000001,2026-08-07T16:40:05.155143-05:00
2025-04-21,finalized,Open-Meteo ERA5,Open-Meteo ERA5-Ocean,NOAA CO-OPS 8729136 predictions,76.8,66.7,0.0,10.6,20.1,159,1.837,163,5.45,,,,-0.188,1.336,1.524,2026-08-07T16:40:05.155143-05:00
2025-04-22,finalized,Open-Meteo ERA5,Open-Meteo ERA5-Ocean,NOAA CO-OPS 8729136 predictions,75.3,67.3,0.0,9.8,16.8,175,1.444,169,5.0,,,,-0.08,1.181,1.2610000000000001,2026-08-07T16:40:05.155143-05:00
2025-04-23,finalized,Open-Meteo ERA5,Open-Meteo ERA5-Ocean,NOAA CO-OPS 8729136 predictions,77.6,66.8,0.0,10.9,18.1,193,1.181,170,4.6,,,,0.118,0.97,0.852,2026-08-07T16:40:05.155143-05:00
2025-04-24,finalized,Open-Meteo ERA5,Open-Meteo ERA5-Ocean,NOAA CO-OPS 8729136 predictions,77.9,68.2,0.0,9.8,17.9,163,1.181,163,4.25,,,,0.383,0.745,0.362,2026-08-07T16:40:05.155143-05:00
2025-04-25,finalized,Open-Meteo ERA5,Open-Meteo ERA5-Ocean,NOAA CO-OPS 8729136 predictions,77.7,68.7,0.0,11.1,20.4,163,1.706,156,4.35,,,,0.28,0.851,0.571,2026-08-07T16:40:05.155143-05:00
2025-04-26,finalized,Open-Meteo ERA5,Open-Meteo ERA5-Ocean,NOAA CO-OPS 8729136 predictions,77.3,69.0,0.0,10.7,19.5,242,1.247,170,4.6,,,,0.025,1.122,1.0970000000000002,2026-08-07T16:40:05.155143-05:00
2025-04-27,finalized,Open-Meteo ERA5,Open-Meteo ERA5-Ocean,NOAA CO-OPS 8729136 predictions,79.4,70.9,0.004,12.2,20.8,239,0.984,191,3.65,,,,-0.173,1.368,1.5410000000000001,2026-08-07T16:40:05.155143-05:00
2025-04-28,finalized,Open-Meteo ERA5,Open-Meteo ERA5-Ocean,NOAA CO-OPS 8729136 predictions,79.6,71.7,0.016,10.5,18.3,233,0.919,201,3.15,,,,-0.299,1.549,1.8479999999999999,2026-08-07T16:40:05.155143-05:00
2025-04-29,finalized,Open-Meteo ERA5,Open-Meteo ERA5-Ocean,NOAA CO-OPS 8729136 predictions,80.9,71.2,0.02,11.4,21.0,147,1.378,146,3.75,,,,-0.354,1.656,2.01,2026-08-07T16:40:05.155143-05:00
2025-04-30,finalized,Open-Meteo ERA5,Open-Meteo ERA5-Ocean,NOAA CO-OPS 8729136 predictions,78.3,72.2,0.004,11.6,19.2,160,1.837,152,4.2,,,,-0.357,1.697,2.0540000000000003,2026-08-07T16:40:05.155143-05:00
2025-05-01,finalized,Open-Meteo ERA5,Open-Meteo ERA5-Ocean,NOAA CO-OPS 8729136 predictions,77.2,70.6,0.004,11.0,22.6,169,1.575,160,4.2,,,,1.684,1.684,0.0,2026-08-07T16:40:05.155143-05:00
2025-05-02,finalized,Open-Meteo ERA5,Open-Meteo ERA5-Ocean,NOAA CO-OPS 8729136 predictions,78.1,69.3,0.0,13.5,22.8,174,1.903,164,4.7,,,,-0.322,1.619,1.941,2026-08-07T16:40:05.155143-05:00
2025-05-03,finalized,Open-Meteo ERA5,Open-Meteo ERA5-Ocean,NOAA CO-OPS 8729136 predictions,74.0,71.0,1.004,14.5,24.4,200,2.1,186,4.2,,,,-0.249,1.5,1.749,2026-08-07T16:40:05.155143-05:00
2025-05-04,finalized,Open-Meteo ERA5,Open-Meteo ERA5-Ocean,NOAA CO-OPS 8729136 predictions,75.4,66.8,0.035,10.4,18.6,294,2.165,226,4.35,,,,-0.128,1.327,1.455,2026-08-07T16:40:05.155143-05:00
2025-05-05,finalized,Open-Meteo ERA5,Open-Meteo ERA5-Ocean,NOAA CO-OPS 8729136 predictions,75.3,64.1,0.0,8.6,15.2,300,1.575,234,3.75,,,,0.045,1.109,1.064,2026-08-07T16:40:05.155143-05:00
2025-05-06,finalized,Open-Meteo ERA5,Open-Meteo ERA5-Ocean,NOAA CO-OPS 8729136 predictions,78.7,67.4,0.224,8.1,21.5,113,0.984,165,3.75,,,,0.253,0.869,0.616,2026-08-07T16:40:05.155143-05:00
2025-05-07,finalized,Open-Meteo ERA5,Open-Meteo ERA5-Ocean,NOAA CO-OPS 8729136 predictions,79.1,72.2,0.13,13.9,22.6,125,1.444,167,4.8,,,,0.458,0.806,0.34800000000000003,2026-08-07T16:40:05.155143-05:00
2025-05-08,finalized,Open-Meteo ERA5,Open-Meteo ERA5-Ocean,NOAA CO-OPS 8729136 predictions,79.5,71.3,0.197,13.5,23.0,202,1.64,186,5.0,,,,0.388,0.973,0.585,2026-08-07T16:40:05.155143-05:00
2025-05-09,finalized,Open-Meteo ERA5,Open-Meteo ERA5-Ocean,NOAA CO-OPS 8729136 predictions,78.0,70.8,0.232,11.9,21.0,334,1.64,192,4.15,,,,0.208,1.146,0.938,2026-08-07T16:40:05.155143-05:00
2025-05-10,finalized,Open-Meteo ERA5,Open-Meteo ERA5-Ocean,NOAA CO-OPS 8729136 predictions,78.0,70.3,0.571,18.8,34.4,156,3.412,164,4.9,,,,0.076,1.287,1.2109999999999999,2026-08-07T16:40:05.155143-05:00
2025-05-11,finalized,Open-Meteo ERA5,Open-Meteo ERA5-Ocean,NOAA CO-OPS 8729136 predictions,75.1,70.3,2.547,15.2,23.5,161,3.15,178,5.05,,,,-0.009,1.388,1.3969999999999998,2026-08-07T16:40:05.155143-05:00
2025-05-12,finalized,Open-Meteo ERA5,Open-Meteo ERA5-Ocean,NOAA CO-OPS 8729136 predictions,76.9,69.4,0.079,12.5,21.3,219,2.625,205,4.5,,,,-0.063,1.454,1.517,2026-08-07T16:40:05.155143-05:00
2025-05-13,finalized,Open-Meteo ERA5,Open-Meteo ERA5-Ocean,NOAA CO-OPS 8729136 predictions,77.5,70.1,0.043,11.7,22.8,241,3.084,232,4.8,,,,-0.103,1.498,1.601,2026-08-07T16:40:05.155143-05:00
2025-05-14,finalized,Open-Meteo ERA5,Open-Meteo ERA5-Ocean,NOAA CO-OPS 8729136 predictions,79.6,72.3,0.0,10.5,18.1,220,1.772,230,4.5,,,,-0.142,1.537,1.6789999999999998,2026-08-07T16:40:05.155143-05:00
2025-05-15,finalized,Open-Meteo ERA5,Open-Meteo ERA5-Ocean,NOAA CO-OPS 8729136 predictions,81.0,75.4,0.0,14.1,24.6,202,2.428,215,4.7,,,,-0.182,1.578,1.76,2026-08-07T16:40:05.155143-05:00
2025-05-16,finalized,Open-Meteo ERA5,Open-Meteo ERA5-Ocean,NOAA CO-OPS 8729136 predictions,81.1,75.1,0.0,10.2,17.9,222,1.706,215,4.65,,,,-0.208,1.612,1.82,2026-08-07T16:40:05.155143-05:00
2025-05-17,finalized,Open-Meteo ERA5,Open-Meteo ERA5-Ocean,NOAA CO-OPS 8729136 predictions,80.5,76.2,0.0,10.9,19.0,231,1.378,217,3.75,,,,1.611,1.611,0.0,2026-08-07T16:40:05.155143-05:00
2025-05-18,finalized,Open-Meteo ERA5,Open-Meteo ERA5-Ocean,NOAA CO-OPS 8729136 predictions,80.8,75.6,0.0,9.7,19.0,225,1.115,213,3.45,,,,-0.197,1.548,1.745,2026-08-07T16:40:05.155143-05:00
2025-05-20,finalized,Open-Meteo ERA5,Open-Meteo ERA5-Ocean,NOAA CO-OPS 8729136 predictions,82.5,76.2,0.0,13.4,20.6,200,1.64,189,3.5,,,,0.033,1.168,1.135,2026-08-07T16:40:05.155143-05:00
2025-05-21,finalized,Open-Meteo ERA5,Open-Meteo ERA5-Ocean,NOAA CO-OPS 8729136 predictions,81.8,77.9,0.236,13.4,21.5,265,2.165,228,4.2,,,,0.257,0.875,0.618,2026-08-07T16:40:05.155143-05:00
2025-05-22,finalized,Open-Meteo ERA5,Open-Meteo ERA5-Ocean,NOAA CO-OPS 8729136 predictions,83.7,71.8,0.0,10.0,17.0,313,1.509,217,4.15,,,,0.499,0.84,0.34099999999999997,2026-08-07T16:40:05.155143-05:00
2025-05-23,finalized,Open-Meteo ERA5,Open-Meteo ERA5-Ocean,NOAA CO-OPS 8729136 predictions,82.7,73.8,0.0,9.7,16.1,255,0.984,216,3.85,,,,0.229,1.08,0.8510000000000001,2026-08-07T16:40:05.155143-05:00
2025-05-24,finalized,Open-Meteo ERA5,Open-Meteo ERA5-Ocean,NOAA CO-OPS 8729136 predictions,82.6,75.3,0.004,9.2,18.3,247,0.853,223,3.25,,,,-0.03,1.338,1.368,2026-08-07T16:40:05.155143-05:00
2025-05-25,finalized,Open-Meteo ERA5,Open-Meteo ERA5-Ocean,NOAA CO-OPS 8729136 predictions,82.5,76.2,0.008,8.8,16.6,241,0.919,225,2.95,,,,-0.221,1.557,1.778,2026-08-07T16:40:05.155143-05:00
2025-05-26,finalized,Open-Meteo ERA5,Open-Meteo ERA5-Ocean,NOAA CO-OPS 8729136 predictions,83.5,76.2,0.071,11.2,19.0,214,1.115,216,3.45,,,,-0.346,1.709,2.055,2026-08-07T16:40:05.155143-05:00
2025-05-27,finalized,Open-Meteo ERA5,Open-Meteo ERA5-Ocean,NOAA CO-OPS 8729136 predictions,83.8,78.9,0.028,10.7,18.1,195,1.444,200,3.8,,,,-0.411,1.793,2.2039999999999997,2026-08-07T16:40:05.155143-05:00
2025-05-28,finalized,Open-Meteo ERA5,Open-Meteo ERA5-Ocean,NOAA CO-OPS 8729136 predictions,85.0,76.1,0.291,11.0,19.2,226,1.247,205,3.8,,,,-0.422,1.822,2.244,2026-08-07T16:40:05.155143-05:00
2025-05-29,finalized,Open-Meteo ERA5,Open-Meteo ERA5-Ocean,NOAA CO-OPS 8729136 predictions,78.9,74.6,1.091,9.8,23.0,255,1.575,208,4.1,,,,-0.378,1.803,2.181,2026-08-07T16:40:05.155143-05:00
2025-05-30,finalized,Open-Meteo ERA5,Open-Meteo ERA5-Ocean,NOAA CO-OPS 8729136 predictions,83.4,74.1,0.161,14.4,26.4,263,1.969,228,4.1,,,,-0.275,1.727,2.0020000000000002,2026-08-07T16:40:05.155143-05:00
2025-05-31,finalized,Open-Meteo ERA5,Open-Meteo ERA5-Ocean,NOAA CO-OPS 8729136 predictions,80.3,71.3,0.035,12.2,20.4,318,1.903,271,4.1,,,,1.585,1.585,0.0,2026-08-07T16:40:05.155143-05:00
2025-06-01,finalized,Open-Meteo ERA5,Open-Meteo ERA5-Ocean,NOAA CO-OPS 8729136 predictions,80.8,73.1,0.0,10.2,19.7,269,1.247,250,3.45,,,,-0.114,1.378,1.492,2026-08-07T16:40:05.155143-05:00
2025-06-02,finalized,Open-Meteo ERA5,Open-Meteo ERA5-Ocean,NOAA CO-OPS 8729136 predictions,83.4,74.3,0.0,6.9,9.6,353,0.919,222,3.15,,,,0.091,1.124,1.0330000000000001,2026-08-07T16:40:05.155143-05:00
2025-06-03,finalized,Open-Meteo ERA5,Open-Meteo ERA5-Ocean,NOAA CO-OPS 8729136 predictions,84.3,73.7,0.063,10.1,19.0,84,1.64,141,4.05,,,,0.312,0.874,0.562,2026-08-07T16:40:05.155143-05:00
2025-06-04,finalized,Open-Meteo ERA5,Open-Meteo ERA5-Ocean,NOAA CO-OPS 8729136 predictions,82.7,74.9,0.134,12.3,19.9,111,1.969,141,4.35,,,,0.5,0.905,0.405,2026-08-07T16:40:05.155143-05:00
2025-06-05,finalized,Open-Meteo ERA5,Open-Meteo ERA5-Ocean,NOAA CO-OPS 8729136 predictions,82.4,75.0,0.039,10.8,19.2,204,1.903,177,4.45,,,,0.337,1.078,0.7410000000000001,2026-08-07T16:40:05.155143-05:00
2025-06-06,finalized,Open-Meteo ERA5,Open-Meteo ERA5-Ocean,NOAA CO-OPS 8729136 predictions,83.4,79.1,0.012,11.1,18.8,242,1.64,200,4.3,,,,0.159,1.246,1.087,2026-08-07T16:40:05.155143-05:00
2025-06-07,finalized,Open-Meteo ERA5,Open-Meteo ERA5-Ocean,NOAA CO-OPS 8729136 predictions,84.5,79.0,0.079,15.0,25.9,246,2.034,237,3.8,,,,0.034,1.376,1.3419999999999999,2026-08-07T16:40:05.155143-05:00
2025-06-08,finalized,Open-Meteo ERA5,Open-Meteo ERA5-Ocean,NOAA CO-OPS 8729136 predictions,84.1,80.2,0.15,13.5,23.0,248,2.428,243,4.2,,,,-0.049,1.467,1.516,2026-08-07T16:40:05.155143-05:00
2025-06-09,finalized,Open-Meteo ERA5,Open-Meteo ERA5-Ocean,NOAA CO-OPS 8729136 predictions,84.4,77.8,0.402,14.3,22.8,234,2.559,241,4.15,,,,-0.111,1.527,1.638,2026-08-07T16:40:05.155143-05:00
2025-06-10,finalized,Open-Meteo ERA5,Open-Meteo ERA5-Ocean,NOAA CO-OPS 8729136 predictions,82.9,74.7,0.606,11.8,24.6,228,2.165,221,4.05,,,,-0.169,1.573,1.742,2026-08-07T16:40:05.155143-05:00
2025-06-11,finalized,Open-Meteo ERA5,Open-Meteo ERA5-Ocean,NOAA CO-OPS 8729136 predictions,83.5,76.3,0.146,6.3,14.3,207,1.378,209,4.05,,,,-0.227,1.618,1.8450000000000002,2026-08-07T16:40:05.155143-05:00
2025-06-12,finalized,Open-Meteo ERA5,Open-Meteo ERA5-Ocean,NOAA CO-OPS 8729136 predictions,85.1,77.1,0.067,9.3,17.0,155,1.312,173,3.75,,,,-0.272,1.662,1.934,2026-08-07T16:40:05.155143-05:00
2025-06-13,finalized,Open-Meteo ERA5,Open-Meteo ERA5-Ocean,NOAA CO-OPS 8729136 predictions,85.3,79.0,0.173,11.5,18.1,178,1.706,167,3.8,,,,-0.282,1.688,1.97,2026-08-07T16:40:05.155143-05:00
2025-06-14,finalized,Open-Meteo ERA5,Open-Meteo ERA5-Ocean,NOAA CO-OPS 8729136 predictions,82.6,77.7,0.311,11.1,18.3,206,1.444,179,3.9,,,,-0.232,1.667,1.899,2026-08-07T16:40:05.155143-05:00
2025-06-15,finalized,Open-Meteo ERA5,Open-Meteo ERA5-Ocean,NOAA CO-OPS 8729136 predictions,83.9,77.0,0.169,7.4,14.5,200,1.181,184,3.8,,,,-0.109,1.573,1.682,2026-08-07T16:40:05.155143-05:00
2025-06-16,finalized,Open-Meteo ERA5,Open-Meteo ERA5-Ocean,NOAA CO-OPS 8729136 predictions,83.1,77.7,0.295,9.9,17.0,205,1.181,188,3.8,,,,0.086,1.391,1.305,2026-08-07T16:40:05.155143-05:00
2025-06-17,finalized,Open-Meteo ERA5,Open-Meteo ERA5-Ocean,NOAA CO-OPS 8729136 predictions,84.6,78.3,0.165,13.0,24.8,199,1.837,184,3.8,,,,0.319,1.129,0.81,2026-08-07T16:40:05.155143-05:00
2025-06-18,finalized,Open-Meteo ERA5,Open-Meteo ERA5-Ocean,NOAA CO-OPS 8729136 predictions,85.6,81.3,0.102,11.3,20.1,182,1.706,177,4.1,,,,0.516,0.822,0.30599999999999994,2026-08-07T16:40:05.155143-05:00
2025-06-19,finalized,Open-Meteo ERA5,Open-Meteo ERA5-Ocean,NOAA CO-OPS 8729136 predictions,83.7,76.9,0.185,9.9,17.0,238,1.509,190,4.4,,,,0.483,0.931,0.44800000000000006,2026-08-07T16:40:05.155143-05:00
2025-06-20,finalized,Open-Meteo ERA5,Open-Meteo ERA5-Ocean,NOAA CO-OPS 8729136 predictions,89.2,77.8,0.004,7.1,13.0,313,1.312,206,4.9,,,,0.185,1.179,0.994,2026-08-07T16:40:05.155143-05:00
2025-06-21,finalized,Open-Meteo ERA5,Open-Meteo ERA5-Ocean,NOAA CO-OPS 8729136 predictions,88.0,78.9,0.213,5.4,12.1,303,1.181,202,5.1,,,,-0.054,1.419,1.473,2026-08-07T16:40:05.155143-05:00
2025-06-22,finalized,Open-Meteo ERA5,Open-Meteo ERA5-Ocean,NOAA CO-OPS 8729136 predictions,88.3,77.0,0.201,4.9,10.3,88,0.787,165,3.65,,,,-0.227,1.613,1.84,2026-08-07T16:40:05.155143-05:00
2025-06-23,finalized,Open-Meteo ERA5,Open-Meteo ERA5-Ocean,NOAA CO-OPS 8729136 predictions,87.7,78.1,0.134,10.3,19.9,133,1.444,144,3.9,,,,-0.344,1.748,2.092,2026-08-07T16:40:05.155143-05:00
2025-06-24,finalized,Open-Meteo ERA5,Open-Meteo ERA5-Ocean,NOAA CO-OPS 8729136 predictions,88.1,79.2,0.13,6.5,14.5,107,1.05,150,4.1,,,,-0.412,1.826,2.238,2026-08-07T16:40:05.155143-05:00
2025-06-25,finalized,Open-Meteo ERA5,Open-Meteo ERA5-Ocean,NOAA CO-OPS 8729136 predictions,88.7,77.5,0.063,7.1,13.4,329,0.919,161,4.0,,,,-0.428,1.855,2.283,2026-08-07T16:40:05.155143-05:00
2025-06-26,finalized,Open-Meteo ERA5,Open-Meteo ERA5-Ocean,NOAA CO-OPS 8729136 predictions,83.0,74.1,0.268,16.7,23.3,85,1.575,115,3.65,,,,-0.379,1.833,2.2119999999999997,2026-08-07T16:40:05.155143-05:00
2025-06-27,finalized,Open-Meteo ERA5,Open-Meteo ERA5-Ocean,NOAA CO-OPS 8729136 predictions,84.2,76.4,0.118,9.0,15.0,173,0.787,159,3.35,,,,-0.259,1.749,2.008,2026-08-07T16:40:05.155143-05:00
2025-06-28,finalized,Open-Meteo ERA5,Open-Meteo ERA5-Ocean,NOAA CO-OPS 8729136 predictions,81.8,77.9,0.339,9.1,19.2,218,1.509,177,3.4,,,,-0.076,1.596,1.6720000000000002,2026-08-07T16:40:05.155143-05:00
2025-06-29,finalized,Open-Meteo ERA5,Open-Meteo ERA5-Ocean,NOAA CO-OPS 8729136 predictions,82.0,77.6,0.673,10.8,18.8,253,1.378,212,3.55,,,,0.148,1.381,1.233,2026-08-07T16:40:05.155143-05:00
2025-06-30,finalized,Open-Meteo ERA5,Open-Meteo ERA5-Ocean,NOAA CO-OPS 8729136 predictions,80.5,76.7,0.961,9.4,20.8,260,1.772,234,3.6,,,,0.367,1.124,0.7570000000000001,2026-08-07T16:40:05.155143-05:00
2025-07-01,finalized,Open-Meteo ERA5,Open-Meteo ERA5-Ocean,NOAA CO-OPS 8729136 predictions,82.5,76.1,0.575,7.0,12.8,273,1.772,228,4.0,,,,0.498,0.865,0.367,2026-08-07T16:40:05.155143-05:00
2025-07-02,finalized,Open-Meteo ERA5,Open-Meteo ERA5-Ocean,NOAA CO-OPS 8729136 predictions,85.4,76.7,0.563,12.7,20.8,254,1.969,242,4.3,,,,0.517,0.919,0.402,2026-08-07T16:40:05.155143-05:00
2025-07-04,finalized,Open-Meteo ERA5,Open-Meteo ERA5-Ocean,NOAA CO-OPS 8729136 predictions,88.4,78.9,0.114,9.1,14.8,346,1.05,294,3.45,,,,0.203,1.257,1.0539999999999998,2026-08-07T16:40:05.155143-05:00
2025-07-05,finalized,Open-Meteo ERA5,Open-Meteo ERA5-Ocean,NOAA CO-OPS 8729136 predictions,88.8,78.0,0.0,9.8,18.1,37,0.787,3,2.85,,,,0.086,1.38,1.2939999999999998,2026-08-07T16:40:05.155143-05:00
2025-07-06,finalized,Open-Meteo ERA5,Open-Meteo ERA5-Ocean,NOAA CO-OPS 8729136 predictions,88.7,80.5,0.079,7.4,12.5,314,0.722,268,2.85,,,,0.002,1.47,1.468,2026-08-07T16:40:05.155143-05:00
2025-07-07,finalized,Open-Meteo ERA5,Open-Meteo ERA5-Ocean,NOAA CO-OPS 8729136 predictions,85.5,80.7,0.181,9.5,16.6,264,0.984,247,2.95,,,,-0.07,1.543,1.613,2026-08-07T16:40:05.155143-05:00
2025-07-08,finalized,Open-Meteo ERA5,Open-Meteo ERA5-Ocean,NOAA CO-OPS 8729136 predictions,86.6,79.8,0.024,12.8,19.7,255,1.378,248,3.25,,,,-0.143,1.609,1.752,2026-08-07T16:40:05.155143-05:00
2025-07-09,finalized,Open-Meteo ERA5,Open-Meteo ERA5-Ocean,NOAA CO-OPS 8729136 predictions,86.0,81.7,0.0,10.7,19.0,257,1.509,252,3.5,,,,-0.209,1.672,1.881,2026-08-07T16:40:05.155143-05:00
2025-07-10,finalized,Open-Meteo ERA5,Open-Meteo ERA5-Ocean,NOAA CO-OPS 8729136 predictions,87.0,80.5,0.043,14.0,21.0,254,1.837,255,3.6,,,,-0.248,1.721,1.969,2026-08-07T16:40:05.155143-05:00
2025-07-11,finalized,Open-Meteo ERA5,Open-Meteo ERA5-Ocean,NOAA CO-OPS 8729136 predictions,85.0,80.4,0.102,10.0,17.7,248,1.64,253,3.65,,,,-0.232,1.734,1.966,2026-08-07T16:40:05.155143-05:00
2025-07-12,finalized,Open-Meteo ERA5,Open-Meteo ERA5-Ocean,NOAA CO-OPS 8729136 predictions,87.7,78.6,0.102,10.2,14.8,269,1.181,251,3.2,,,,-0.142,1.686,1.8279999999999998,2026-08-07T16:40:05.155143-05:00
2025-07-13,finalized,Open-Meteo ERA5,Open-Meteo ERA5-Ocean,NOAA CO-OPS 8729136 predictions,87.0,81.9,0.035,8.8,16.8,277,1.05,227,3.55,,,,0.026,1.56,1.534,2026-08-07T16:40:05.155143-05:00
2025-07-14,finalized,Open-Meteo ERA5,Open-Meteo ERA5-Ocean,NOAA CO-OPS 8729136 predictions,89.7,81.1,0.0,10.4,20.8,293,1.312,255,3.55,,,,0.256,1.355,1.099,2026-08-07T16:40:05.155143-05:00
2025-07-15,finalized,Open-Meteo ERA5,Open-Meteo ERA5-Ocean,NOAA CO-OPS 8729136 predictions,91.5,80.7,0.165,8.7,15.7,326,1.115,284,3.15,,,,0.494,1.087,0.593,2026-08-07T16:40:05.155143-05:00
2025-07-16,finalized,Open-Meteo ERA5,Open-Meteo ERA5-Ocean,NOAA CO-OPS 8729136 predictions,83.1,79.2,0.173,12.6,22.1,102,1.706,212,3.4,,,,0.649,0.812,0.16300000000000003,2026-08-07T16:40:05.155143-05:00
2025-07-17,finalized,Open-Meteo ERA5,Open-Meteo ERA5-Ocean,NOAA CO-OPS 8729136 predictions,84.6,78.9,0.366,15.4,25.5,159,3.15,168,4.65,,,,0.485,1.043,0.5579999999999999,2026-08-07T16:40:05.155143-05:00
2025-07-18,finalized,Open-Meteo ERA5,Open-Meteo ERA5-Ocean,NOAA CO-OPS 8729136 predictions,85.3,81.0,0.248,10.7,19.0,189,2.165,194,4.45,,,,0.226,1.287,1.061,2026-08-07T16:40:05.155143-05:00
2025-07-19,finalized,Open-Meteo ERA5,Open-Meteo ERA5-Ocean,NOAA CO-OPS 8729136 predictions,86.8,79.8,0.031,9.0,16.3,228,1.378,206,4.0,,,,0.023,1.497,1.4740000000000002,2026-08-07T16:40:05.155143-05:00
2025-07-20,finalized,Open-Meteo ERA5,Open-Meteo ERA5-Ocean,NOAA CO-OPS 8729136 predictions,88.0,81.8,0.0,11.0,18.1,264,1.05,219,3.45,,,,-0.123,1.661,1.784,2026-08-07T16:40:05.155143-05:00
2025-07-21,finalized,Open-Meteo ERA5,Open-Meteo ERA5-Ocean,NOAA CO-OPS 8729136 predictions,88.4,82.3,0.063,11.0,19.7,274,1.247,256,3.2,,,,-0.219,1.779,1.998,2026-08-07T16:40:05.155143-05:00
2025-07-22,finalized,Open-Meteo ERA5,Open-Meteo ERA5-Ocean,NOAA CO-OPS 8729136 predictions,89.0,82.1,0.031,10.4,16.8,286,1.64,267,3.5,,,,-0.271,1.854,2.125,2026-08-07T16:40:05.155143-05:00
2025-07-23,finalized,Open-Meteo ERA5,Open-Meteo ERA5-Ocean,NOAA CO-OPS 8729136 predictions,87.4,79.2,0.437,7.1,14.8,50,0.853,250,3.2,,,,-0.269,1.881,2.15,2026-08-07T16:40:05.155143-05:00
2025-07-24,finalized,Open-Meteo ERA5,Open-Meteo ERA5-Ocean,NOAA CO-OPS 8729136 predictions,84.5,78.4,0.717,13.4,23.0,134,2.231,156,4.05,,,,-0.199,1.849,2.048,2026-08-07T16:40:05.155143-05:00
2025-07-25,finalized,Open-Meteo ERA5,Open-Meteo ERA5-Ocean,NOAA CO-OPS 8729136 predictions,83.2,79.5,0.394,11.7,21.0,161,1.903,172,4.1,,,,-0.059,1.751,1.8099999999999998,2026-08-07T16:40:05.155143-05:00
2025-07-26,finalized,Open-Meteo ERA5,Open-Meteo ERA5-Ocean,NOAA CO-OPS 8729136 predictions,87.3,79.7,0.012,7.3,13.2,175,1.378,188,4.2,,,,0.14,1.587,1.447,2026-08-07T16:40:05.155143-05:00
2025-07-27,finalized,Open-Meteo ERA5,Open-Meteo ERA5-Ocean,NOAA CO-OPS 8729136 predictions,90.5,81.2,0.008,9.7,15.7,308,1.247,201,4.35,,,,0.37,1.373,1.0030000000000001,2026-08-07T16:40:05.155143-05:00
2025-07-28,finalized,Open-Meteo ERA5,Open-Meteo ERA5-Ocean,NOAA CO-OPS 8729136 predictions,92.6,81.7,0.0,9.2,17.0,314,1.312,279,3.45,,,,0.582,1.133,0.551,2026-08-07T16:40:05.155143-05:00
2025-07-29,finalized,Open-Meteo ERA5,Open-Meteo ERA5-Ocean,NOAA CO-OPS 8729136 predictions,89.9,81.6,0.181,8.6,14.1,295,0.853,271,3.05,,,,0.695,0.895,0.20000000000000007,2026-08-07T16:40:05.155143-05:00
2025-07-30,finalized,Open-Meteo ERA5,Open-Meteo ERA5-Ocean,NOAA CO-OPS 8729136 predictions,87.3,80.8,0.209,11.3,20.6,219,1.509,235,3.25,,,,0.669,1.021,0.35199999999999987,2026-08-07T16:40:05.155143-05:00
2025-07-31,finalized,Open-Meteo ERA5,Open-Meteo ERA5-Ocean,NOAA CO-OPS 8729136 predictions,87.2,79.7,0.079,11.3,20.6,235,1.706,228,3.5,,,,0.503,1.197,0.6940000000000001,2026-08-07T16:40:05.155143-05:00
2025-08-01,finalized,Open-Meteo ERA5,Open-Meteo ERA5-Ocean,NOAA CO-OPS 8729136 predictions,87.0,82.5,0.075,10.2,17.2,243,1.509,235,3.5,,,,0.368,1.335,0.967,2026-08-07T16:40:05.155143-05:00
2025-08-02,finalized,Open-Meteo ERA5,Open-Meteo ERA5-Ocean,NOAA CO-OPS 8729136 predictions,86.8,81.6,0.114,10.8,19.0,250,1.706,249,3.65,,,,0.265,1.435,1.17,2026-08-07T16:40:05.155143-05:00
2025-08-03,finalized,Open-Meteo ERA5,Open-Meteo ERA5-Ocean,NOAA CO-OPS 8729136 predictions,83.5,78.4,0.594,8.5,16.8,203,1.706,222,3.75,,,,0.18,1.514,1.334,2026-08-07T16:40:05.155143-05:00
2025-08-04,finalized,Open-Meteo ERA5,Open-Meteo ERA5-Ocean,NOAA CO-OPS 8729136 predictions,81.6,77.5,0.984,9.9,21.3,176,1.903,203,3.95,,,,0.101,1.591,1.49,2026-08-07T16:40:05.155143-05:00
2025-08-05,finalized,Open-Meteo ERA5,Open-Meteo ERA5-Ocean,NOAA CO-OPS 8729136 predictions,84.2,78.5,0.398,8.6,19.5,229,2.034,205,3.95,,,,0.025,1.675,1.6500000000000001,2026-08-07T16:40:05.155143-05:00
2025-08-06,finalized,Open-Meteo ERA5,Open-Meteo ERA5-Ocean,NOAA CO-OPS 8729136 predictions,84.5,79.4,0.327,6.9,15.2,241,1.378,217,3.9,,,,-0.032,1.752,1.784,2026-08-07T16:40:05.155143-05:00
2025-08-07,finalized,Open-Meteo ERA5,Open-Meteo ERA5-Ocean,NOAA CO-OPS 8729136 predictions,87.9,77.5,0.091,8.3,15.0,37,0.919,169,3.55,,,,-0.046,1.799,1.845,2026-08-07T16:40:05.155143-05:00
2025-08-08,finalized,Open-Meteo ERA5,Open-Meteo ERA5-Ocean,NOAA CO-OPS 8729136 predictions,85.0,75.8,0.28,10.7,21.0,59,1.181,94,3.35,,,,0.008,1.79,1.782,2026-08-07T16:40:05.155143-05:00
2025-08-09,finalized,Open-Meteo ERA5,Open-Meteo ERA5-Ocean,NOAA CO-OPS 8729136 predictions,86.5,76.7,0.024,11.7,23.5,57,1.312,96,3.7,,,,0.142,1.71,1.568,2026-08-07T16:40:05.155143-05:00
2025-08-10,finalized,Open-Meteo ERA5,Open-Meteo ERA5-Ocean,NOAA CO-OPS 8729136 predictions,85.5,77.5,0.067,10.8,21.5,64,1.181,120,3.65,,,,0.352,1.555,1.2029999999999998,2026-08-07T16:40:05.155143-05:00
2025-08-11,finalized,Open-Meteo ERA5,Open-Meteo ERA5-Ocean,NOAA CO-OPS 8729136 predictions,82.7,78.5,0.35,12.0,18.8,110,2.297,147,4.4,,,,0.609,1.341,0.732,2026-08-07T16:40:05.155143-05:00
2025-08-12,finalized,Open-Meteo ERA5,Open-Meteo ERA5-Ocean,NOAA CO-OPS 8729136 predictions,84.3,78.9,0.598,13.7,25.7,165,3.281,175,4.7,,,,0.843,1.095,0.252,2026-08-07T16:40:05.155143-05:00
2025-08-13,finalized,Open-Meteo ERA5,Open-Meteo ERA5-Ocean,NOAA CO-OPS 8729136 predictions,84.1,80.1,0.346,12.9,25.5,217,2.428,209,4.2,,,,0.687,1.042,0.355,2026-08-07T16:40:05.155143-05:00
2025-08-14,finalized,Open-Meteo ERA5,Open-Meteo ERA5-Ocean,NOAA CO-OPS 8729136 predictions,87.0,78.9,0.413,11.3,17.7,248,2.231,232,4.1,,,,0.501,1.294,0.793,2026-08-07T16:40:05.155143-05:00
2025-08-15,finalized,Open-Meteo ERA5,Open-Meteo ERA5-Ocean,NOAA CO-OPS 8729136 predictions,86.9,80.6,0.055,7.0,13.2,280,1.247,237,3.75,,,,0.325,1.511,1.186,2026-08-07T16:40:05.155143-05:00
2025-08-16,finalized,Open-Meteo ERA5,Open-Meteo ERA5-Ocean,NOAA CO-OPS 8729136 predictions,89.2,78.2,0.0,5.9,11.4,331,0.853,251,3.25,,,,0.175,1.67,1.4949999999999999,2026-08-07T16:40:05.155143-05:00
2025-08-17,finalized,Open-Meteo ERA5,Open-Meteo ERA5-Ocean,NOAA CO-OPS 8729136 predictions,89.7,80.1,0.0,7.0,12.3,39,0.722,280,3.0,,,,0.065,1.78,1.715,2026-08-07T16:40:05.155143-05:00
2025-08-18,finalized,Open-Meteo ERA5,Open-Meteo ERA5-Ocean,NOAA CO-OPS 8729136 predictions,89.7,80.3,0.142,4.8,13.0,70,0.525,108,2.85,,,,0.0,1.86,1.86,2026-08-07T16:40:05.155143-05:00
2025-08-19,finalized,Open-Meteo ERA5,Open-Meteo ERA5-Ocean,NOAA CO-OPS 8729136 predictions,86.0,78.4,0.083,7.4,13.4,73,0.591,113,2.9,,,,-0.015,1.912,1.9269999999999998,2026-08-07T16:40:05.155143-05:00
2025-08-20,finalized,Open-Meteo ERA5,Open-Meteo ERA5-Ocean,NOAA CO-OPS 8729136 predictions,87.0,79.5,0.154,8.1,13.6,338,0.591,148,2.95,,,,0.03,1.917,1.887,2026-08-07T16:40:05.155143-05:00
2025-08-22,finalized,Open-Meteo ERA5,Open-Meteo ERA5-Ocean,NOAA CO-OPS 8729136 predictions,83.6,77.3,0.362,7.9,17.9,215,1.05,206,3.65,,,,0.31,1.734,1.424,2026-08-07T16:40:05.155143-05:00
2025-08-23,finalized,Open-Meteo ERA5,Open-Meteo ERA5-Ocean,NOAA CO-OPS 8729136 predictions,85.2,76.8,0.563,8.0,13.6,301,1.312,213,4.05,,,,0.522,1.554,1.032,2026-08-07T16:40:05.155143-05:00
2025-08-24,finalized,Open-Meteo ERA5,Open-Meteo ERA5-Ocean,NOAA CO-OPS 8729136 predictions,85.6,77.6,0.055,8.4,15.4,249,1.247,230,3.85,,,,0.748,1.345,0.597,2026-08-07T16:40:05.155143-05:00
2025-08-26,finalized,Open-Meteo ERA5,Open-Meteo ERA5-Ocean,NOAA CO-OPS 8729136 predictions,86.8,74.4,0.0,11.1,19.5,18,1.181,275,3.7,,,,0.823,1.095,0.272,2026-08-07T16:40:05.155143-05:00
2025-08-27,finalized,Open-Meteo ERA5,Open-Meteo ERA5-Ocean,NOAA CO-OPS 8729136 predictions,85.0,74.3,0.0,10.1,17.7,19,0.919,8,3.05,,,,0.695,1.279,0.584,2026-08-07T16:40:05.155143-05:00
2025-08-28,finalized,Open-Meteo ERA5,Open-Meteo ERA5-Ocean,NOAA CO-OPS 8729136 predictions,86.3,72.5,0.0,7.3,13.2,4,0.656,339,2.35,,,,0.599,1.428,0.829,2026-08-07T16:40:05.155143-05:00
2025-08-29,finalized,Open-Meteo ERA5,Open-Meteo ERA5-Ocean,NOAA CO-OPS 8729136 predictions,79.6,75.1,0.189,10.1,17.0,32,0.722,5,2.45,,,,0.531,1.535,1.004,2026-08-07T16:40:05.155143-05:00
2025-08-30,finalized,Open-Meteo ERA5,Open-Meteo ERA5-Ocean,NOAA CO-OPS 8729136 predictions,81.1,76.0,0.476,10.1,17.0,123,1.05,166,3.25,,,,0.465,1.602,1.137,2026-08-07T16:40:05.155143-05:00
2025-08-31,finalized,Open-Meteo ERA5,Open-Meteo ERA5-Ocean,NOAA CO-OPS 8729136 predictions,85.5,72.8,0.004,12.2,23.0,47,1.312,107,3.4,,,,0.389,1.647,1.258,2026-08-07T16:40:05.155143-05:00
2025-09-01,finalized,Open-Meteo ERA5,Open-Meteo ERA5-Ocean,NOAA CO-OPS 8729136 predictions,85.9,74.2,0.0,12.1,21.0,55,1.444,84,3.45,,,,0.309,1.696,1.387,2026-08-07T16:40:05.155143-05:00
2025-09-02,finalized,Open-Meteo ERA5,Open-Meteo ERA5-Ocean,NOAA CO-OPS 8729136 predictions,84.8,70.6,0.0,10.7,17.9,45,1.115,84,3.5,,,,0.24,1.762,1.522,2026-08-07T16:40:05.155143-05:00
2025-09-03,finalized,Open-Meteo ERA5,Open-Meteo ERA5-Ocean,NOAA CO-OPS 8729136 predictions,84.2,73.0,0.004,8.7,14.3,102,0.787,117,3.55,,,,0.206,1.825,1.619,2026-08-07T16:40:05.155143-05:00
2025-09-04,finalized,Open-Meteo ERA5,Open-Meteo ERA5-Ocean,NOAA CO-OPS 8729136 predictions,86.1,74.3,0.0,7.3,11.0,170,0.787,137,3.5,,,,0.231,1.849,1.6179999999999999,2026-08-07T16:40:05.155143-05:00
2025-09-05,finalized,Open-Meteo ERA5,Open-Meteo ERA5-Ocean,NOAA CO-OPS 8729136 predictions,86.4,75.3,0.0,6.3,10.5,86,0.787,155,4.0,,,,0.333,1.806,1.473,2026-08-07T16:40:05.155143-05:00
2025-09-06,finalized,Open-Meteo ERA5,Open-Meteo ERA5-Ocean,NOAA CO-OPS 8729136 predictions,86.5,76.6,0.0,7.3,14.8,352,0.984,143,4.05,,,,0.515,1.688,1.173,2026-08-07T16:40:05.155143-05:00
2025-09-07,finalized,Open-Meteo ERA5,Open-Meteo ERA5-Ocean,NOAA CO-OPS 8729136 predictions,87.8,77.1,0.0,11.6,17.0,10,1.115,94,3.25,,,,0.76,1.509,0.7489999999999999,2026-08-07T16:40:05.155143-05:00
2025-09-08,finalized,Open-Meteo ERA5,Open-Meteo ERA5-Ocean,NOAA CO-OPS 8729136 predictions,86.1,73.3,0.224,13.2,21.7,45,1.509,42,3.2,,,,1.028,1.304,0.276,2026-08-07T16:40:05.155143-05:00
2025-09-09,finalized,Open-Meteo ERA5,Open-Meteo ERA5-Ocean,NOAA CO-OPS 8729136 predictions,86.2,73.4,0.004,13.9,25.5,58,1.903,93,3.85,,,,0.781,1.38,0.5989999999999999,2026-08-07T16:40:05.155143-05:00
2025-09-10,finalized,Open-Meteo ERA5,Open-Meteo ERA5-Ocean,NOAA CO-OPS 8729136 predictions,85.8,73.2,0.0,10.8,18.8,46,1.378,100,3.95,,,,0.592,0.592,0.0,2026-08-07T16:40:05.155143-05:00
2025-09-11,finalized,Open-Meteo ERA5,Open-Meteo ERA5-Ocean,NOAA CO-OPS 8729136 predictions,86.0,70.9,0.0,9.0,14.3,40,0.722,55,2.95,,,,0.439,1.616,1.177,2026-08-07T16:40:05.155143-05:00
2025-09-12,finalized,Open-Meteo ERA5,Open-Meteo ERA5-Ocean,NOAA CO-OPS 8729136 predictions,87.0,71.7,0.0,7.7,14.8,31,0.656,64,2.7,,,,0.337,1.792,1.455,2026-08-07T16:40:05.155143-05:00
2025-09-13,finalized,Open-Meteo ERA5,Open-Meteo ERA5-Ocean,NOAA CO-OPS 8729136 predictions,85.5,72.0,0.0,9.8,16.8,45,0.853,63,3.05,,,,0.259,1.898,1.6389999999999998,2026-08-07T16:40:05.155143-05:00
2025-09-14,finalized,Open-Meteo ERA5,Open-Meteo ERA5-Ocean,NOAA CO-OPS 8729136 predictions,85.8,70.0,0.0,8.0,14.1,42,0.722,70,2.6,,,,0.196,1.944,1.748,2026-08-07T16:40:05.155143-05:00
2025-09-15,finalized,Open-Meteo ERA5,Open-Meteo ERA5-Ocean,NOAA CO-OPS 8729136 predictions,84.3,71.0,0.0,7.6,13.6,98,0.722,152,3.1,,,,0.17,1.956,1.786,2026-08-07T16:40:05.155143-05:00
2025-09-16,finalized,Open-Meteo ERA5,Open-Meteo ERA5-Ocean,NOAA CO-OPS 8729136 predictions,83.7,69.5,0.0,8.3,15.7,85,0.722,132,2.95,,,,0.2,1.947,1.747,2026-08-07T16:40:05.155143-05:00
2025-09-17,finalized,Open-Meteo ERA5,Open-Meteo ERA5-Ocean,NOAA CO-OPS 8729136 predictions,83.6,70.1,0.0,10.0,16.3,240,0.722,125,3.2,,,,0.297,1.899,1.602,2026-08-07T16:40:05.155143-05:00
2025-09-18,finalized,Open-Meteo ERA5,Open-Meteo ERA5-Ocean,NOAA CO-OPS 8729136 predictions,87.9,72.6,0.0,9.5,13.9,262,0.722,145,3.5,,,,0.456,1.791,1.335,2026-08-07T16:40:05.155143-05:00
2025-09-19,finalized,Open-Meteo ERA5,Open-Meteo ERA5-Ocean,NOAA CO-OPS 8729136 predictions,86.6,74.6,0.0,10.2,15.7,275,0.919,208,3.3,,,,0.66,1.625,0.965,2026-08-07T16:40:05.155143-05:00
2025-09-20,finalized,Open-Meteo ERA5,Open-Meteo ERA5-Ocean,NOAA CO-OPS 8729136 predictions,84.5,74.7,0.0,9.3,14.8,266,0.919,266,2.95,,,,0.882,1.422,0.5399999999999999,2026-08-07T16:40:05.155143-05:00
2025-09-21,finalized,Open-Meteo ERA5,Open-Meteo ERA5-Ocean,NOAA CO-OPS 8729136 predictions,84.9,77.5,0.008,8.4,13.4,181,0.787,184,2.95,,,,0.987,1.219,0.2320000000000001,2026-08-07T16:40:05.155143-05:00
2025-09-22,finalized,Open-Meteo ERA5,Open-Meteo ERA5-Ocean,NOAA CO-OPS 8729136 predictions,85.1,75.5,0.0,8.3,15.7,144,0.984,131,3.45,,,,0.873,1.397,0.524,2026-08-07T16:40:05.155143-05:00
2025-09-23,finalized,Open-Meteo ERA5,Open-Meteo ERA5-Ocean,NOAA CO-OPS 8729136 predictions,85.0,75.7,0.0,9.1,15.7,244,0.722,175,3.35,,,,0.727,1.544,0.8170000000000001,2026-08-07T16:40:05.155143-05:00
2025-09-24,finalized,Open-Meteo ERA5,Open-Meteo ERA5-Ocean,NOAA CO-OPS 8729136 predictions,84.4,76.6,0.0,10.2,18.1,228,0.853,197,2.95,,,,0.614,1.652,1.0379999999999998,2026-08-07T16:40:05.155143-05:00
2025-09-25,finalized,Open-Meteo ERA5,Open-Meteo ERA5-Ocean,NOAA CO-OPS 8729136 predictions,83.0,76.9,0.327,12.3,21.3,239,1.772,233,3.6,,,,0.546,1.721,1.175,2026-08-07T16:40:05.155143-05:00
2025-09-26,finalized,Open-Meteo ERA5,Open-Meteo ERA5-Ocean,NOAA CO-OPS 8729136 predictions,79.0,74.6,0.913,9.2,17.2,220,1.378,240,3.85,,,,0.514,0.514,0.0,2026-08-07T16:40:05.155143-05:00
2025-09-28,finalized,Open-Meteo ERA5,Open-Meteo ERA5-Ocean,NOAA CO-OPS 8729136 predictions,87.9,75.1,0.0,10.5,17.4,26,0.853,247,3.6,,,,0.443,1.784,1.341,2026-08-07T16:40:05.155143-05:00
2025-09-29,finalized,Open-Meteo ERA5,Open-Meteo ERA5-Ocean,NOAA CO-OPS 8729136 predictions,84.4,73.9,0.0,11.2,21.5,38,1.05,51,3.0,,,,0.376,1.802,1.4260000000000002,2026-08-07T16:40:05.155143-05:00
2025-09-30,finalized,Open-Meteo ERA5,Open-Meteo ERA5-Ocean,NOAA CO-OPS 8729136 predictions,80.7,72.6,0.012,10.6,17.7,25,0.853,20,2.6,,,,0.322,1.817,1.4949999999999999,2026-08-07T16:40:05.155143-05:00
2025-10-01,finalized,Open-Meteo ERA5,Open-Meteo ERA5-Ocean,NOAA CO-OPS 8729136 predictions,84.7,72.0,0.0,11.3,17.7,37,0.853,40,2.65,,,,0.314,1.819,1.505,2026-08-07T16:40:05.155143-05:00
2025-10-02,finalized,Open-Meteo ERA5,Open-Meteo ERA5-Ocean,NOAA CO-OPS 8729136 predictions,84.3,72.1,0.0,15.3,25.3,61,2.1,95,4.1,,,,0.379,1.782,1.403,2026-08-07T16:40:05.155143-05:00
2025-10-03,finalized,Open-Meteo ERA5,Open-Meteo ERA5-Ocean,NOAA CO-OPS 8729136 predictions,82.5,70.5,0.0,15.1,26.6,64,2.297,93,4.1,,,,0.527,1.683,1.1560000000000001,2026-08-07T16:40:05.155143-05:00
2025-10-05,finalized,Open-Meteo ERA5,Open-Meteo ERA5-Ocean,NOAA CO-OPS 8729136 predictions,79.2,73.9,0.272,15.3,24.6,93,2.953,126,4.7,,,,1.008,1.317,0.30899999999999994,2026-08-07T16:40:05.155143-05:00
2025-10-06,finalized,Open-Meteo ERA5,Open-Meteo ERA5-Ocean,NOAA CO-OPS 8729136 predictions,83.7,75.1,0.051,13.4,22.4,98,2.165,126,4.2,,,,0.817,1.387,0.5700000000000001,2026-08-07T16:40:05.155143-05:00
2025-10-07,finalized,Open-Meteo ERA5,Open-Meteo ERA5-Ocean,NOAA CO-OPS 8729136 predictions,85.4,74.6,0.016,11.1,19.7,78,1.837,123,4.3,,,,0.585,1.633,1.048,2026-08-07T16:40:05.155143-05:00
2025-10-08,finalized,Open-Meteo ERA5,Open-Meteo ERA5-Ocean,NOAA CO-OPS 8729136 predictions,86.4,74.8,0.031,6.4,12.8,53,0.919,135,4.45,,,,0.38,1.831,1.451,2026-08-07T16:40:05.155143-05:00
2025-10-10,finalized,Open-Meteo ERA5,Open-Meteo ERA5-Ocean,NOAA CO-OPS 8729136 predictions,76.4,68.4,0.004,18.8,33.1,43,2.428,46,3.45,,,,0.158,0.158,0.0,2026-08-07T16:40:05.155143-05:00
2025-10-11,finalized,Open-Meteo ERA5,Open-Meteo ERA5-Ocean,NOAA CO-OPS 8729136 predictions,79.7,66.1,0.0,15.3,25.9,28,2.034,25,3.35,,,,0.123,2.025,1.902,2026-08-07T16:40:05.155143-05:00
2025-10-12,finalized,Open-Meteo ERA5,Open-Meteo ERA5-Ocean,NOAA CO-OPS 8729136 predictions,78.0,63.0,0.0,8.5,14.8,336,0.787,349,2.7,,,,0.111,2.028,1.917,2026-08-07T16:40:05.155143-05:00
2025-10-13,finalized,Open-Meteo ERA5,Open-Meteo ERA5-Ocean,NOAA CO-OPS 8729136 predictions,81.0,64.5,0.0,8.5,13.6,302,0.853,287,2.75,,,,0.131,1.98,1.849,2026-08-07T16:40:05.155143-05:00
2025-10-14,finalized,Open-Meteo ERA5,Open-Meteo ERA5-Ocean,NOAA CO-OPS 8729136 predictions,81.4,64.3,0.0,7.5,12.8,346,0.787,281,2.85,,,,0.207,1.888,1.6809999999999998,2026-08-07T16:40:05.155143-05:00
2025-10-15,finalized,Open-Meteo ERA5,Open-Meteo ERA5-Ocean,NOAA CO-OPS 8729136 predictions,83.4,67.8,0.0,8.1,14.8,52,0.656,122,2.65,,,,0.35,1.751,1.4009999999999998,2026-08-07T16:40:05.155143-05:00
2025-10-16,finalized,Open-Meteo ERA5,Open-Meteo ERA5-Ocean,NOAA CO-OPS 8729136 predictions,80.3,66.6,0.0,9.3,15.4,228,0.591,180,3.05,,,,0.545,1.568,1.0230000000000001,2026-08-07T16:40:05.155143-05:00
2025-10-17,finalized,Open-Meteo ERA5,Open-Meteo ERA5-Ocean,NOAA CO-OPS 8729136 predictions,79.1,69.1,0.0,8.4,15.7,151,1.312,136,3.9,,,,0.765,1.348,0.5830000000000001,2026-08-07T16:40:05.155143-05:00
2025-10-18,finalized,Open-Meteo ERA5,Open-Meteo ERA5-Ocean,NOAA CO-OPS 8729136 predictions,79.5,69.6,0.0,13.4,21.9,137,2.165,141,4.1,,,,0.942,1.202,0.26,2026-08-07T16:40:05.155143-05:00
2025-10-19,finalized,Open-Meteo ERA5,Open-Meteo ERA5-Ocean,NOAA CO-OPS 8729136 predictions,79.1,72.4,0.421,12.6,27.5,166,2.297,184,4.65,,,,0.794,1.384,0.5899999999999999,2026-08-07T16:40:05.155143-05:00
2025-10-20,finalized,Open-Meteo ERA5,Open-Meteo ERA5-Ocean,NOAA CO-OPS 8729136 predictions,76.2,62.0,0.0,13.1,22.8,29,2.034,81,4.35,,,,0.607,1.533,0.9259999999999999,2026-08-07T16:40:05.155143-05:00
2025-10-22,finalized,Open-Meteo ERA5,Open-Meteo ERA5-Ocean,NOAA CO-OPS 8729136 predictions,78.2,64.8,0.0,11.4,19.0,355,1.181,335,2.95,,,,0.366,1.702,1.3359999999999999,2026-08-07T16:40:05.155143-05:00
2025-10-23,finalized,Open-Meteo ERA5,Open-Meteo ERA5-Ocean,NOAA CO-OPS 8729136 predictions,78.5,57.6,0.0,10.7,18.6,35,1.115,36,2.95,,,,0.311,1.735,1.4240000000000002,2026-08-07T16:40:05.155143-05:00
2025-10-24,finalized,Open-Meteo ERA5,Open-Meteo ERA5-Ocean,NOAA CO-OPS 8729136 predictions,80.2,59.7,0.0,9.1,15.9,76,1.181,106,3.9,,,,0.281,1.753,1.472,2026-08-07T16:40:05.155143-05:00
2025-10-25,finalized,Open-Meteo ERA5,Open-Meteo ERA5-Ocean,NOAA CO-OPS 8729136 predictions,78.5,63.5,0.0,14.0,21.9,95,2.625,123,4.7,,,,0.256,1.766,1.51,2026-08-07T16:40:05.155143-05:00
2025-10-26,finalized,Open-Meteo ERA5,Open-Meteo ERA5-Ocean,NOAA CO-OPS 8729136 predictions,75.2,66.6,0.185,15.1,24.6,99,2.953,124,4.8,,,,0.22,0.22,0.0,2026-08-07T16:40:05.155143-05:00
2025-10-27,finalized,Open-Meteo ERA5,Open-Meteo ERA5-Ocean,NOAA CO-OPS 8729136 predictions,76.1,64.9,0.315,13.1,20.8,34,2.297,159,4.4,,,,0.177,1.774,1.597,2026-08-07T16:40:05.155143-05:00
2025-10-28,finalized,Open-Meteo ERA5,Open-Meteo ERA5-Ocean,NOAA CO-OPS 8729136 predictions,64.4,61.6,0.0,10.3,17.9,17,1.378,354,3.4,,,,0.152,1.761,1.609,2026-08-07T16:40:05.155143-05:00
2025-10-29,finalized,Open-Meteo ERA5,Open-Meteo ERA5-Ocean,NOAA CO-OPS 8729136 predictions,69.9,60.0,0.165,20.7,33.1,263,5.118,261,5.55,,,,0.178,1.704,1.526,2026-08-07T16:40:05.155143-05:00
2025-10-30,finalized,Open-Meteo ERA5,Open-Meteo ERA5-Ocean,NOAA CO-OPS 8729136 predictions,60.3,56.4,0.0,14.4,25.5,311,4.134,282,5.6,,,,0.277,1.583,1.306,2026-08-07T16:40:05.155143-05:00
2025-10-31,finalized,Open-Meteo ERA5,Open-Meteo ERA5-Ocean,NOAA CO-OPS 8729136 predictions,64.4,51.2,0.0,9.5,17.4,322,2.034,290,4.5,,,,0.454,1.394,0.94,2026-08-07T16:40:05.155143-05:00
2025-11-01,finalized,Open-Meteo ERA5,Open-Meteo ERA5-Ocean,NOAA CO-OPS 8729136 predictions,67.7,51.8,0.0,8.1,14.3,13,0.722,319,3.7,,,,0.683,1.163,0.48,2026-08-07T16:40:05.155143-05:00
2025-11-02,finalized,Open-Meteo ERA5,Open-Meteo ERA5-Ocean,NOAA CO-OPS 8729136 predictions,67.8,54.6,0.0,13.1,22.1,351,0.853,3,3.35,,,,0.799,1.18,0.3809999999999999,2026-08-07T16:40:05.155143-05:00
2025-11-03,finalized,Open-Meteo ERA5,Open-Meteo ERA5-Ocean,NOAA CO-OPS 8729136 predictions,67.0,50.5,0.0,14.3,23.3,8,1.837,349,3.5,,,,0.502,1.421,0.919,2026-08-07T16:40:05.155143-05:00
2025-11-04,finalized,Open-Meteo ERA5,Open-Meteo ERA5-Ocean,NOAA CO-OPS 8729136 predictions,73.0,51.1,0.0,9.9,18.3,29,0.984,33,3.35,,,,0.235,1.644,1.4089999999999998,2026-08-07T16:40:05.155143-05:00
2025-11-05,finalized,Open-Meteo ERA5,Open-Meteo ERA5-Ocean,NOAA CO-OPS 8729136 predictions,72.6,56.0,0.0,7.5,13.9,135,0.919,132,3.65,,,,0.025,1.809,1.784,2026-08-07T16:40:05.155143-05:00
2025-11-06,finalized,Open-Meteo ERA5,Open-Meteo ERA5-Ocean,NOAA CO-OPS 8729136 predictions,73.1,60.5,0.004,7.0,11.9,118,0.853,140,3.9,,,,-0.12,1.907,2.027,2026-08-07T16:40:05.155143-05:00
2025-11-07,finalized,Open-Meteo ERA5,Open-Meteo ERA5-Ocean,NOAA CO-OPS 8729136 predictions,75.1,63.2,0.055,11.9,19.9,163,1.181,162,3.2,,,,-0.204,1.944,2.148,2026-08-07T16:40:05.155143-05:00
2025-11-08,finalized,Open-Meteo ERA5,Open-Meteo ERA5-Ocean,NOAA CO-OPS 8729136 predictions,76.8,69.4,0.146,10.5,17.4,239,1.64,216,3.75,,,,-0.236,1.925,2.161,2026-08-07T16:40:05.155143-05:00
2025-11-09,finalized,Open-Meteo ERA5,Open-Meteo ERA5-Ocean,NOAA CO-OPS 8729136 predictions,74.4,60.2,0.106,20.4,31.3,289,3.346,260,4.05,,,,-0.223,-0.223,0.0,2026-08-07T16:40:05.155143-05:00
2025-11-10,finalized,Open-Meteo ERA5,Open-Meteo ERA5-Ocean,NOAA CO-OPS 8729136 predictions,57.7,42.9,0.0,20.5,34.4,331,4.265,317,4.7,,,,-0.158,1.846,2.004,2026-08-07T16:40:05.155143-05:00
2025-11-11,finalized,Open-Meteo ERA5,Open-Meteo ERA5-Ocean,NOAA CO-OPS 8729136 predictions,55.8,37.4,0.0,16.3,27.7,1,3.478,349,4.6,,,,-0.033,1.699,1.732,2026-08-07T16:40:05.155143-05:00
2025-11-12,finalized,Open-Meteo ERA5,Open-Meteo ERA5-Ocean,NOAA CO-OPS 8729136 predictions,65.0,48.9,0.0,8.1,14.1,258,0.919,257,2.9,,,,0.15,1.485,1.3350000000000002,2026-08-07T16:40:05.155143-05:00
2025-11-13,finalized,Open-Meteo ERA5,Open-Meteo ERA5-Ocean,NOAA CO-OPS 8729136 predictions,70.9,56.0,0.0,7.8,11.6,301,1.115,273,3.3,,,,0.37,1.22,0.85,2026-08-07T16:40:05.155143-05:00
2025-11-14,finalized,Open-Meteo ERA5,Open-Meteo ERA5-Ocean,NOAA CO-OPS 8729136 predictions,71.7,56.4,0.0,7.4,10.5,352,0.984,276,3.3,,,,0.574,0.934,0.3600000000000001,2026-08-07T16:40:05.155143-05:00
2025-11-15,finalized,Open-Meteo ERA5,Open-Meteo ERA5-Ocean,NOAA CO-OPS 8729136 predictions,69.2,54.5,0.0,8.9,13.0,241,0.722,242,3.85,,,,0.633,1.11,0.4770000000000001,2026-08-07T16:40:05.155143-05:00
2025-11-16,finalized,Open-Meteo ERA5,Open-Meteo ERA5-Ocean,NOAA CO-OPS 8729136 predictions,72.2,63.4,0.0,13.0,21.5,266,2.428,257,4.1,,,,0.391,1.28,0.889,2026-08-07T16:40:05.155143-05:00
2025-11-17,finalized,Open-Meteo ERA5,Open-Meteo ERA5-Ocean,NOAA CO-OPS 8729136 predictions,72.8,60.1,0.0,8.6,15.0,4,1.772,261,4.0,,,,0.196,1.405,1.209,2026-08-07T16:40:05.155143-05:00
2025-11-18,finalized,Open-Meteo ERA5,Open-Meteo ERA5-Ocean,NOAA CO-OPS 8729136 predictions,71.8,57.0,0.0,7.4,13.0,129,0.722,196,3.6,,,,0.062,1.483,1.421,2026-08-07T16:40:05.155143-05:00
2025-11-19,finalized,Open-Meteo ERA5,Open-Meteo ERA5-Ocean,NOAA CO-OPS 8729136 predictions,71.7,59.1,0.0,6.7,11.4,236,0.591,189,3.15,,,,-0.022,1.52,1.542,2026-08-07T16:40:05.155143-05:00
2025-11-20,finalized,Open-Meteo ERA5,Open-Meteo ERA5-Ocean,NOAA CO-OPS 8729136 predictions,72.8,61.2,0.0,6.7,11.4,225,0.591,171,3.95,,,,-0.074,1.536,1.61,2026-08-07T16:40:05.155143-05:00
2025-11-21,finalized,Open-Meteo ERA5,Open-Meteo ERA5-Ocean,NOAA CO-OPS 8729136 predictions,72.8,63.2,0.004,9.4,15.0,179,1.05,180,3.5,,,,-0.114,1.547,1.661,2026-08-07T16:40:05.155143-05:00
2025-11-23,finalized,Open-Meteo ERA5,Open-Meteo ERA5-Ocean,NOAA CO-OPS 8729136 predictions,76.1,66.3,0.008,7.7,11.4,284,1.378,237,3.6,,,,-0.2,1.564,1.764,2026-08-07T16:40:05.155143-05:00
2025-11-24,finalized,Open-Meteo ERA5,Open-Meteo ERA5-Ocean,NOAA CO-OPS 8729136 predictions,73.5,60.3,0.004,10.0,15.2,137,0.984,195,3.55,,,,-0.228,1.536,1.764,2026-08-07T16:40:05.155143-05:00
2025-11-25,finalized,Open-Meteo ERA5,Open-Meteo ERA5-Ocean,NOAA CO-OPS 8729136 predictions,76.7,69.0,0.047,13.2,23.3,172,2.034,179,4.1,,,,-0.219,-0.219,0.0,2026-08-07T16:40:05.155143-05:00
2025-11-26,finalized,Open-Meteo ERA5,Open-Meteo ERA5-Ocean,NOAA CO-OPS 8729136 predictions,73.1,62.9,0.043,15.0,24.6,323,2.1,219,4.4,,,,-0.152,1.448,1.5999999999999999,2026-08-07T16:40:05.155143-05:00
2025-11-27,finalized,Open-Meteo ERA5,Open-Meteo ERA5-Ocean,NOAA CO-OPS 8729136 predictions,61.3,49.8,0.0,16.8,28.0,350,2.756,334,4.1,,,,-0.015,1.284,1.299,2026-08-07T16:40:05.155143-05:00
2025-11-28,finalized,Open-Meteo ERA5,Open-Meteo ERA5-Ocean,NOAA CO-OPS 8729136 predictions,56.4,43.9,0.0,14.6,25.1,15,2.69,352,4.1,,,,0.178,1.041,0.863,2026-08-07T16:40:05.155143-05:00
2025-11-29,finalized,Open-Meteo ERA5,Open-Meteo ERA5-Ocean,NOAA CO-OPS 8729136 predictions,62.2,45.5,0.0,13.7,23.7,72,1.903,89,4.0,,,,0.38,0.773,0.393,2026-08-07T16:40:05.155143-05:00
2025-11-30,finalized,Open-Meteo ERA5,Open-Meteo ERA5-Ocean,NOAA CO-OPS 8729136 predictions,68.8,57.8,0.047,11.3,17.2,94,1.969,131,4.6,,,,0.4,0.983,0.583,2026-08-07T16:40:05.155143-05:00
2025-12-01,finalized,Open-Meteo ERA5,Open-Meteo ERA5-Ocean,NOAA CO-OPS 8729136 predictions,64.7,58.3,0.236,13.5,22.4,60,1.772,104,4.65,,,,0.084,1.216,1.132,2026-08-07T16:40:05.155143-05:00
2025-12-02,finalized,Open-Meteo ERA5,Open-Meteo ERA5-Ocean,NOAA CO-OPS 8729136 predictions,69.1,49.7,0.311,13.3,31.1,323,2.887,216,4.55,,,,-0.184,1.421,1.605,2026-08-07T16:40:05.155143-05:00
2025-12-03,finalized,Open-Meteo ERA5,Open-Meteo ERA5-Ocean,NOAA CO-OPS 8729136 predictions,54.8,44.7,0.0,10.7,19.0,15,2.1,311,4.1,,,,-0.388,1.571,1.959,2026-08-07T16:40:05.155143-05:00
2025-12-04,finalized,Open-Meteo ERA5,Open-Meteo ERA5-Ocean,NOAA CO-OPS 8729136 predictions,56.4,49.7,0.445,15.5,31.5,80,1.837,81,3.3,,,,-0.533,1.658,2.191,2026-08-07T16:40:05.155143-05:00
2025-12-05,finalized,Open-Meteo ERA5,Open-Meteo ERA5-Ocean,NOAA CO-OPS 8729136 predictions,68.5,56.1,0.819,14.2,25.3,246,2.362,191,4.2,,,,-0.627,1.69,2.317,2026-08-07T16:40:05.155143-05:00
2025-12-06,finalized,Open-Meteo ERA5,Open-Meteo ERA5-Ocean,NOAA CO-OPS 8729136 predictions,55.7,53.7,0.461,9.9,16.8,37,1.444,192,4.25,,,,-0.667,1.666,2.333,2026-08-07T16:40:05.155143-05:00
2025-12-07,finalized,Open-Meteo ERA5,Open-Meteo ERA5-Ocean,NOAA CO-OPS 8729136 predictions,61.1,53.8,1.315,10.1,19.5,84,1.575,132,4.05,,,,-0.644,1.573,2.217,2026-08-07T16:40:05.155143-05:00
2025-12-08,finalized,Open-Meteo ERA5,Open-Meteo ERA5-Ocean,NOAA CO-OPS 8729136 predictions,57.7,51.3,0.043,15.3,26.2,13,2.1,18,4.0,,,,-0.548,1.401,1.949,2026-08-07T16:40:05.155143-05:00
2025-12-09,finalized,Open-Meteo ERA5,Open-Meteo ERA5-Ocean,NOAA CO-OPS 8729136 predictions,54.9,42.5,0.0,11.6,21.3,34,1.575,25,3.25,,,,-0.382,-0.382,0.0,2026-08-07T16:40:05.155143-05:00
2025-12-10,finalized,Open-Meteo ERA5,Open-Meteo ERA5-Ocean,NOAA CO-OPS 8729136 predictions,64.5,44.5,0.0,14.3,23.9,247,2.953,252,4.3,,,,-0.163,1.156,1.319,2026-08-07T16:40:05.155143-05:00
2025-12-11,finalized,Open-Meteo ERA5,Open-Meteo ERA5-Ocean,NOAA CO-OPS 8729136 predictions,59.1,47.6,0.0,13.8,21.9,333,3.018,295,4.45,,,,0.071,0.859,0.788,2026-08-07T16:40:05.155143-05:00
2025-12-13,finalized,Open-Meteo ERA5,Open-Meteo ERA5-Ocean,NOAA CO-OPS 8729136 predictions,68.7,56.5,0.0,7.7,12.1,152,0.919,198,3.55,,,,0.215,0.823,0.608,2026-08-07T16:40:05.155143-05:00
2025-12-14,finalized,Open-Meteo ERA5,Open-Meteo ERA5-Ocean,NOAA CO-OPS 8729136 predictions,63.7,44.2,0.008,18.3,32.0,356,3.018,339,3.9,,,,-0.015,0.985,1.0,2026-08-07T16:40:05.155143-05:00
2025-12-15,finalized,Open-Meteo ERA5,Open-Meteo ERA5-Ocean,NOAA CO-OPS 8729136 predictions,50.8,35.8,0.0,17.6,30.0,44,2.756,40,3.8,,,,-0.2,1.099,1.299,2026-08-07T16:40:05.155143-05:00
2025-12-16,finalized,Open-Meteo ERA5,Open-Meteo ERA5-Ocean,NOAA CO-OPS 8729136 predictions,58.3,38.9,0.0,8.8,15.2,66,1.05,95,3.25,,,,-0.322,1.169,1.491,2026-08-07T16:40:05.155143-05:00
2025-12-17,finalized,Open-Meteo ERA5,Open-Meteo ERA5-Ocean,NOAA CO-OPS 8729136 predictions,64.1,49.1,0.0,8.7,13.0,90,1.247,127,3.85,,,,-0.398,1.208,1.6059999999999999,2026-08-07T16:40:05.155143-05:00
2025-12-18,finalized,Open-Meteo ERA5,Open-Meteo ERA5-Ocean,NOAA CO-OPS 8729136 predictions,67.8,57.3,0.602,18.1,38.5,142,3.15,156,5.2,,,,-0.453,1.233,1.6860000000000002,2026-08-07T16:40:05.155143-05:00
2025-12-19,finalized,Open-Meteo ERA5,Open-Meteo ERA5-Ocean,NOAA CO-OPS 8729136 predictions,67.7,50.7,0.016,17.3,27.7,322,3.215,256,4.9,,,,-0.506,1.256,1.762,2026-08-07T16:40:05.155143-05:00
2025-12-20,finalized,Open-Meteo ERA5,Open-Meteo ERA5-Ocean,NOAA CO-OPS 8729136 predictions,63.2,45.4,0.0,8.1,14.8,105,1.247,188,3.9,,,,-0.56,1.276,1.836,2026-08-07T16:40:05.155143-05:00
2025-12-21,finalized,Open-Meteo ERA5,Open-Meteo ERA5-Ocean,NOAA CO-OPS 8729136 predictions,70.1,52.4,0.0,7.5,11.4,141,0.722,164,3.1,,,,-0.602,1.276,1.8780000000000001,2026-08-07T16:40:05.155143-05:00
2025-12-22,finalized,Open-Meteo ERA5,Open-Meteo ERA5-Ocean,NOAA CO-OPS 8729136 predictions,68.5,58.6,0.0,11.7,18.8,82,1.509,113,4.1,,,,-0.612,1.231,1.843,2026-08-07T16:40:05.155143-05:00
2025-12-23,finalized,Open-Meteo ERA5,Open-Meteo ERA5-Ocean,NOAA CO-OPS 8729136 predictions,67.5,56.9,0.0,9.7,14.8,113,1.247,127,4.05,,,,-0.568,1.121,1.689,2026-08-07T16:40:05.155143-05:00
2025-12-24,finalized,Open-Meteo ERA5,Open-Meteo ERA5-Ocean,NOAA CO-OPS 8729136 predictions,69.1,55.6,0.0,6.9,8.7,290,0.787,158,4.35,,,,-0.458,0.933,1.391,2026-08-07T16:40:05.155143-05:00
2025-12-25,finalized,Open-Meteo ERA5,Open-Meteo ERA5-Ocean,NOAA CO-OPS 8729136 predictions,67.4,54.6,0.0,6.5,9.2,290,0.722,264,3.05,,,,-0.287,0.675,0.962,2026-08-07T16:40:05.155143-05:00
2025-12-26,finalized,Open-Meteo ERA5,Open-Meteo ERA5-Ocean,NOAA CO-OPS 8729136 predictions,69.0,59.1,0.0,9.4,14.5,256,0.919,263,3.05,,,,-0.086,0.394,0.48,2026-08-07T16:40:05.155143-05:00
2025-12-27,finalized,Open-Meteo ERA5,Open-Meteo ERA5-Ocean,NOAA CO-OPS 8729136 predictions,68.7,63.8,0.004,9.4,14.8,249,1.247,247,3.45,,,,0.086,0.496,0.41000000000000003,2026-08-07T16:40:05.155143-05:00
2025-12-28,finalized,Open-Meteo ERA5,Open-Meteo ERA5-Ocean,NOAA CO-OPS 8729136 predictions,69.9,62.7,0.008,8.8,15.0,186,0.787,235,3.3,,,,0.033,0.719,0.6859999999999999,2026-08-07T16:40:05.155143-05:00
2025-12-29,finalized,Open-Meteo ERA5,Open-Meteo ERA5-Ocean,NOAA CO-OPS 8729136 predictions,68.2,47.8,0.055,18.8,30.0,315,3.215,294,4.3,,,,-0.263,0.942,1.205,2026-08-07T16:40:05.155143-05:00
2025-12-30,finalized,Open-Meteo ERA5,Open-Meteo ERA5-Ocean,NOAA CO-OPS 8729136 predictions,49.6,37.7,0.0,17.7,30.9,344,3.281,328,4.3,,,,-0.509,1.133,1.642,2026-08-07T16:40:05.155143-05:00
2026-01-01,finalized,Open-Meteo ERA5,Open-Meteo ERA5-Ocean,NOAA CO-OPS 8729136 predictions,62.1,47.6,0.0,11.1,17.4,282,2.231,275,4.3,,,,-0.838,1.371,2.209,2026-08-07T16:40:05.155143-05:00
2026-01-02,finalized,Open-Meteo ERA5,Open-Meteo ERA5-Ocean,NOAA CO-OPS 8729136 predictions,64.8,54.4,0.0,13.2,19.5,239,2.297,252,4.55,,,,-0.92,1.403,2.323,2026-08-07T16:40:05.155143-05:00
2026-01-03,finalized,Open-Meteo ERA5,Open-Meteo ERA5-Ocean,NOAA CO-OPS 8729136 predictions,67.7,62.3,1.079,15.6,25.9,244,3.478,237,5.55,,,,-0.943,1.367,2.31,2026-08-07T16:40:05.155143-05:00
2026-01-04,finalized,Open-Meteo ERA5,Open-Meteo ERA5-Ocean,NOAA CO-OPS 8729136 predictions,62.9,55.0,0.0,10.9,18.8,46,2.625,232,5.55,,,,-0.889,1.252,2.141,2026-08-07T16:40:05.155143-05:00
2026-01-05,finalized,Open-Meteo ERA5,Open-Meteo ERA5-Ocean,NOAA CO-OPS 8729136 predictions,61.2,53.4,0.0,7.8,11.9,124,1.115,200,5.3,,,,-0.753,1.057,1.81,2026-08-07T16:40:05.155143-05:00
2026-01-06,finalized,Open-Meteo ERA5,Open-Meteo ERA5-Ocean,NOAA CO-OPS 8729136 predictions,69.1,56.0,0.016,9.1,15.9,184,1.05,174,3.6,,,,-0.547,0.798,1.3450000000000002,2026-08-07T16:40:05.155143-05:00
2026-01-07,finalized,Open-Meteo ERA5,Open-Meteo ERA5-Ocean,NOAA CO-OPS 8729136 predictions,69.0,62.7,0.02,10.2,14.5,241,1.444,231,4.2,,,,-0.304,-0.304,0.0,2026-08-07T16:40:05.155143-05:00
2026-01-08,finalized,Open-Meteo ERA5,Open-Meteo ERA5-Ocean,NOAA CO-OPS 8729136 predictions,68.4,62.4,0.0,10.8,17.7,141,1.444,212,4.35,,,,-0.084,0.504,0.588,2026-08-07T16:40:05.155143-05:00
2026-01-09,finalized,Open-Meteo ERA5,Open-Meteo ERA5-Ocean,NOAA CO-OPS 8729136 predictions,71.1,60.7,0.0,13.1,19.5,140,1.969,171,4.6,,,,0.009,0.413,0.40399999999999997,2026-08-07T16:40:05.155143-05:00
2026-01-10,finalized,Open-Meteo ERA5,Open-Meteo ERA5-Ocean,NOAA CO-OPS 8729136 predictions,73.0,67.2,0.012,11.9,21.7,180,2.034,183,4.7,,,,-0.074,0.594,0.6679999999999999,2026-08-07T16:40:05.155143-05:00
2026-01-12,finalized,Open-Meteo ERA5,Open-Meteo ERA5-Ocean,NOAA CO-OPS 8729136 predictions,52.7,40.8,0.0,15.0,25.7,28,2.231,19,3.65,,,,-0.421,0.83,1.251,2026-08-07T16:40:05.155143-05:00
2026-01-13,finalized,Open-Meteo ERA5,Open-Meteo ERA5-Ocean,NOAA CO-OPS 8729136 predictions,56.4,42.4,0.0,8.2,15.9,2,0.984,12,2.7,,,,-0.522,0.898,1.42,2026-08-07T16:40:05.155143-05:00
2026-01-14,finalized,Open-Meteo ERA5,Open-Meteo ERA5-Ocean,NOAA CO-OPS 8729136 predictions,59.2,50.7,0.035,15.3,26.8,287,3.084,266,4.75,,,,-0.591,0.954,1.545,2026-08-07T16:40:05.155143-05:00
2026-01-15,finalized,Open-Meteo ERA5,Open-Meteo ERA5-Ocean,NOAA CO-OPS 8729136 predictions,54.9,41.2,0.028,17.4,30.2,327,3.675,306,4.55,,,,-0.649,1.005,1.654,2026-08-07T16:40:05.155143-05:00
2026-01-16,finalized,Open-Meteo ERA5,Open-Meteo ERA5-Ocean,NOAA CO-OPS 8729136 predictions,59.3,38.2,0.0,13.1,22.6,145,2.034,230,4.15,,,,-0.704,1.047,1.751,2026-08-07T16:40:05.155143-05:00
2026-01-17,finalized,Open-Meteo ERA5,Open-Meteo ERA5-Ocean,NOAA CO-OPS 8729136 predictions,65.3,49.4,0.181,15.9,30.0,156,2.428,191,4.55,,,,-0.748,1.067,1.815,2026-08-07T16:40:05.155143-05:00
2026-01-18,finalized,Open-Meteo ERA5,Open-Meteo ERA5-Ocean,NOAA CO-OPS 8729136 predictions,48.4,36.7,0.559,20.0,33.3,344,3.74,324,4.5,,,,-0.76,1.045,1.805,2026-08-07T16:40:05.155143-05:00
2026-01-19,finalized,Open-Meteo ERA5,Open-Meteo ERA5-Ocean,NOAA CO-OPS 8729136 predictions,52.6,36.8,0.0,13.1,21.0,344,2.1,311,3.9,,,,-0.722,0.965,1.6869999999999998,2026-08-07T16:40:05.155143-05:00
2026-01-20,finalized,Open-Meteo ERA5,Open-Meteo ERA5-Ocean,NOAA CO-OPS 8729136 predictions,58.0,40.2,0.0,8.8,17.4,30,0.919,9,3.25,,,,-0.62,0.819,1.439,2026-08-07T16:40:05.155143-05:00
2026-01-21,finalized,Open-Meteo ERA5,Open-Meteo ERA5-Ocean,NOAA CO-OPS 8729136 predictions,58.6,45.6,0.0,11.3,18.3,102,1.772,117,4.15,,,,-0.456,0.612,1.068,2026-08-07T16:40:05.155143-05:00
2026-01-22,finalized,Open-Meteo ERA5,Open-Meteo ERA5-Ocean,NOAA CO-OPS 8729136 predictions,64.3,53.6,0.0,9.3,12.8,138,1.247,150,4.0,,,,-0.249,-0.249,0.0,2026-08-07T16:40:05.155143-05:00
2026-01-23,finalized,Open-Meteo ERA5,Open-Meteo ERA5-Ocean,NOAA CO-OPS 8729136 predictions,63.0,56.5,0.114,9.3,14.5,100,0.853,161,3.7,,,,-0.05,0.36,0.41,2026-08-07T16:40:05.155143-05:00
2026-01-24,finalized,Open-Meteo ERA5,Open-Meteo ERA5-Ocean,NOAA CO-OPS 8729136 predictions,64.3,54.7,0.252,13.3,20.8,85,1.312,101,3.3,,,,0.034,0.43,0.396,2026-08-07T16:40:05.155143-05:00
2026-01-25,finalized,Open-Meteo ERA5,Open-Meteo ERA5-Ocean,NOAA CO-OPS 8729136 predictions,69.0,58.2,0.37,19.5,38.5,171,3.806,176,5.55,,,,-0.193,0.646,0.839,2026-08-07T16:40:05.155143-05:00
2026-01-26,finalized,Open-Meteo ERA5,Open-Meteo ERA5-Ocean,NOAA CO-OPS 8729136 predictions,54.8,36.4,0.13,19.7,34.7,346,3.871,306,5.4,,,,-0.434,0.832,1.266,2026-08-07T16:40:05.155143-05:00
2026-01-28,finalized,Open-Meteo ERA5,Open-Meteo ERA5-Ocean,NOAA CO-OPS 8729136 predictions,51.4,36.1,0.0,10.9,18.3,324,1.312,316,3.3,,,,-0.786,1.111,1.897,2026-08-07T16:40:05.155143-05:00
2026-01-30,finalized,Open-Meteo ERA5,Open-Meteo ERA5-Ocean,NOAA CO-OPS 8729136 predictions,58.8,45.3,0.016,9.6,17.0,54,1.181,180,3.5,,,,-0.942,1.229,2.1710000000000003,2026-08-07T16:40:05.155143-05:00
2026-01-31,finalized,Open-Meteo ERA5,Open-Meteo ERA5-Ocean,NOAA CO-OPS 8729136 predictions,51.5,29.6,0.0,24.9,43.2,330,6.168,312,5.65,,,,-0.928,1.184,2.112,2026-08-07T16:40:05.155143-05:00
2026-02-01,finalized,Open-Meteo ERA5,Open-Meteo ERA5-Ocean,NOAA CO-OPS 8729136 predictions,42.0,26.6,0.0,20.8,35.6,335,5.249,320,5.2,,,,-0.836,1.058,1.8940000000000001,2026-08-07T16:40:05.155143-05:00
2026-02-02,finalized,Open-Meteo ERA5,Open-Meteo ERA5-Ocean,NOAA CO-OPS 8729136 predictions,51.0,32.7,0.0,10.7,18.6,302,1.969,300,3.75,,,,-0.667,0.858,1.525,2026-08-07T16:40:05.155143-05:00
2026-02-03,finalized,Open-Meteo ERA5,Open-Meteo ERA5-Ocean,NOAA CO-OPS 8729136 predictions,60.9,42.1,0.0,11.4,17.7,207,1.903,248,3.75,,,,-0.44,0.612,1.052,2026-08-07T16:40:05.155143-05:00
2026-02-04,finalized,Open-Meteo ERA5,Open-Meteo ERA5-Ocean,NOAA CO-OPS 8729136 predictions,62.2,47.0,0.287,15.4,25.9,232,2.887,215,4.85,,,,-0.191,0.352,0.5429999999999999,2026-08-07T16:40:05.155143-05:00
2026-02-06,finalized,Open-Meteo ERA5,Open-Meteo ERA5-Ocean,NOAA CO-OPS 8729136 predictions,60.5,40.7,0.0,18.1,30.2,272,4.068,270,5.25,,,,-0.114,0.419,0.533,2026-08-07T16:40:05.155143-05:00
2026-02-07,finalized,Open-Meteo ERA5,Open-Meteo ERA5-Ocean,NOAA CO-OPS 8729136 predictions,60.6,47.8,0.0,14.9,21.7,344,3.609,272,5.2,,,,0.581,0.581,0.0,2026-08-07T16:40:05.155143-05:00
2026-02-08,finalized,Open-Meteo ERA5,Open-Meteo ERA5-Ocean,NOAA CO-OPS 8729136 predictions,57.3,41.5,0.0,9.3,14.5,85,1.247,251,4.2,,,,-0.264,0.692,0.956,2026-08-07T16:40:05.155143-05:00
2026-02-09,finalized,Open-Meteo ERA5,Open-Meteo ERA5-Ocean,NOAA CO-OPS 8729136 predictions,61.8,50.1,0.0,8.9,15.0,173,0.787,193,3.5,,,,-0.378,0.761,1.139,2026-08-07T16:40:05.155143-05:00
2026-02-10,finalized,Open-Meteo ERA5,Open-Meteo ERA5-Ocean,NOAA CO-OPS 8729136 predictions,65.0,54.5,0.0,9.7,15.9,191,0.919,201,3.1,,,,-0.462,0.815,1.277,2026-08-07T16:40:05.155143-05:00
2026-02-11,finalized,Open-Meteo ERA5,Open-Meteo ERA5-Ocean,NOAA CO-OPS 8729136 predictions,66.9,59.8,0.0,10.7,16.6,233,1.115,196,3.65,,,,-0.529,0.875,1.404,2026-08-07T16:40:05.155143-05:00
2026-02-12,finalized,Open-Meteo ERA5,Open-Meteo ERA5-Ocean,NOAA CO-OPS 8729136 predictions,64.9,56.4,0.0,7.9,15.2,341,1.115,199,4.05,,,,-0.587,0.942,1.529,2026-08-07T16:40:05.155143-05:00
2026-02-13,finalized,Open-Meteo ERA5,Open-Meteo ERA5-Ocean,NOAA CO-OPS 8729136 predictions,67.0,50.3,0.0,7.3,12.1,6,0.853,202,3.9,,,,-0.633,0.996,1.629,2026-08-07T16:40:05.155143-05:00
2026-02-15,finalized,Open-Meteo ERA5,Open-Meteo ERA5-Ocean,NOAA CO-OPS 8729136 predictions,67.6,59.0,0.709,20.1,39.6,217,4.593,207,5.7,,,,-0.627,0.973,1.6,2026-08-07T16:40:05.155143-05:00
2026-02-16,finalized,Open-Meteo ERA5,Open-Meteo ERA5-Ocean,NOAA CO-OPS 8729136 predictions,64.8,58.2,0.004,12.0,19.7,349,4.003,236,5.95,,,,-0.543,0.87,1.413,2026-08-07T16:40:05.155143-05:00
2026-02-17,finalized,Open-Meteo ERA5,Open-Meteo ERA5-Ocean,NOAA CO-OPS 8729136 predictions,65.0,52.0,0.0,7.9,15.0,134,1.247,171,5.55,,,,-0.393,0.711,1.104,2026-08-07T16:40:05.155143-05:00
2026-02-18,finalized,Open-Meteo ERA5,Open-Meteo ERA5-Ocean,NOAA CO-OPS 8729136 predictions,68.1,57.9,0.0,12.4,20.1,165,1.509,174,3.85,,,,-0.188,0.513,0.7010000000000001,2026-08-07T16:40:05.155143-05:00
2026-02-19,finalized,Open-Meteo ERA5,Open-Meteo ERA5-Ocean,NOAA CO-OPS 8729136 predictions,71.1,65.2,0.114,14.1,24.2,192,2.493,197,4.75,,,,0.041,0.192,0.151,2026-08-07T16:40:05.155143-05:00
2026-02-20,finalized,Open-Meteo ERA5,Open-Meteo ERA5-Ocean,NOAA CO-OPS 8729136 predictions,73.1,68.7,0.24,13.4,21.0,207,2.625,202,5.2,,,,-0.088,0.418,0.506,2026-08-07T16:40:05.155143-05:00
2026-02-21,finalized,Open-Meteo ERA5,Open-Meteo ERA5-Ocean,NOAA CO-OPS 8729136 predictions,73.6,68.0,0.142,12.9,21.7,221,2.428,204,5.15,,,,-0.249,0.644,0.893,2026-08-07T16:40:05.155143-05:00
2026-02-22,finalized,Open-Meteo ERA5,Open-Meteo ERA5-Ocean,NOAA CO-OPS 8729136 predictions,67.8,49.2,0.012,20.3,35.6,337,4.134,309,4.75,,,,-0.397,0.834,1.2309999999999999,2026-08-07T16:40:05.155143-05:00
2026-02-23,finalized,Open-Meteo ERA5,Open-Meteo ERA5-Ocean,NOAA CO-OPS 8729136 predictions,51.4,40.5,0.0,19.3,33.6,337,4.134,322,4.75,,,,0.973,0.973,0.0,2026-08-07T16:40:05.155143-05:00
2026-02-24,finalized,Open-Meteo ERA5,Open-Meteo ERA5-Ocean,NOAA CO-OPS 8729136 predictions,51.5,35.0,0.0,13.0,22.8,309,2.362,315,3.85,,,,-0.537,1.072,1.609,2026-08-07T16:40:05.155143-05:00
2026-02-25,finalized,Open-Meteo ERA5,Open-Meteo ERA5-Ocean,NOAA CO-OPS 8729136 predictions,66.5,51.4,0.004,14.4,23.5,202,2.822,222,4.75,,,,-0.65,1.15,1.7999999999999998,2026-08-07T16:40:05.155143-05:00
2026-02-26,finalized,Open-Meteo ERA5,Open-Meteo ERA5-Ocean,NOAA CO-OPS 8729136 predictions,68.8,63.0,0.012,15.2,23.3,189,3.15,207,5.85,,,,-0.717,1.204,1.9209999999999998,2026-08-07T16:40:05.155143-05:00
2026-02-27,finalized,Open-Meteo ERA5,Open-Meteo ERA5-Ocean,NOAA CO-OPS 8729136 predictions,66.2,59.7,0.217,11.5,20.6,209,2.625,213,6.2,,,,-0.722,1.205,1.927,2026-08-07T16:40:05.155143-05:00
2026-02-28,finalized,Open-Meteo ERA5,Open-Meteo ERA5-Ocean,NOAA CO-OPS 8729136 predictions,66.4,55.4,0.0,8.5,14.5,46,1.837,197,5.7,,,,-0.652,1.131,1.783,2026-08-07T16:40:05.155143-05:00
2026-03-01,finalized,Open-Meteo ERA5,Open-Meteo ERA5-Ocean,NOAA CO-OPS 8729136 predictions,69.3,52.9,0.0,7.2,12.5,76,0.984,158,4.75,,,,-0.506,0.981,1.487,2026-08-07T16:40:05.155143-05:00
2026-03-02,finalized,Open-Meteo ERA5,Open-Meteo ERA5-Ocean,NOAA CO-OPS 8729136 predictions,70.9,55.6,0.0,9.0,14.8,130,1.05,132,3.7,,,,-0.298,0.776,1.074,2026-08-07T16:40:05.155143-05:00
2026-03-03,finalized,Open-Meteo ERA5,Open-Meteo ERA5-Ocean,NOAA CO-OPS 8729136 predictions,70.7,60.7,0.0,11.9,18.6,117,1.772,129,4.15,,,,-0.054,0.551,0.6050000000000001,2026-08-07T16:40:05.155143-05:00
2026-03-04,finalized,Open-Meteo ERA5,Open-Meteo ERA5-Ocean,NOAA CO-OPS 8729136 predictions,71.8,60.7,0.0,9.5,14.3,128,1.247,135,3.9,,,,0.145,0.346,0.20099999999999998,2026-08-07T16:40:05.155143-05:00
2026-03-05,finalized,Open-Meteo ERA5,Open-Meteo ERA5-Ocean,NOAA CO-OPS 8729136 predictions,71.8,62.7,0.0,11.2,19.0,139,1.247,142,4.1,,,,0.018,0.523,0.505,2026-08-07T16:40:05.155143-05:00
2026-03-06,finalized,Open-Meteo ERA5,Open-Meteo ERA5-Ocean,NOAA CO-OPS 8729136 predictions,73.7,63.9,0.043,10.9,17.4,140,1.509,154,4.35,,,,-0.097,0.703,0.7999999999999999,2026-08-07T16:40:05.155143-05:00
2026-03-07,finalized,Open-Meteo ERA5,Open-Meteo ERA5-Ocean,NOAA CO-OPS 8729136 predictions,72.9,65.1,0.0,11.4,20.4,148,1.575,159,4.45,,,,-0.166,0.834,1.0,2026-08-07T16:40:05.155143-05:00
2026-03-08,finalized,Open-Meteo ERA5,Open-Meteo ERA5-Ocean,NOAA CO-OPS 8729136 predictions,71.6,64.9,0.004,9.9,16.1,198,1.247,170,4.5,,,,0.916,0.916,0.0,2026-08-07T16:40:05.155143-05:00
2026-03-09,finalized,Open-Meteo ERA5,Open-Meteo ERA5-Ocean,NOAA CO-OPS 8729136 predictions,73.7,63.8,0.0,8.8,15.0,207,1.115,183,4.05,,,,-0.208,0.959,1.167,2026-08-07T16:40:05.155143-05:00
2026-03-10,finalized,Open-Meteo ERA5,Open-Meteo ERA5-Ocean,NOAA CO-OPS 8729136 predictions,73.0,68.0,0.0,8.7,15.7,178,0.984,171,3.65,,,,-0.253,0.983,1.236,2026-08-07T16:40:05.155143-05:00
2026-03-11,finalized,Open-Meteo ERA5,Open-Meteo ERA5-Ocean,NOAA CO-OPS 8729136 predictions,74.6,67.7,0.0,12.5,20.1,176,1.575,174,3.95,,,,-0.307,1.01,1.317,2026-08-07T16:40:05.155143-05:00
2026-03-12,finalized,Open-Meteo ERA5,Open-Meteo ERA5-Ocean,NOAA CO-OPS 8729136 predictions,72.4,58.1,0.205,21.9,35.3,323,3.018,271,4.25,,,,-0.359,1.05,1.409,2026-08-07T16:40:05.155143-05:00
2026-03-14,finalized,Open-Meteo ERA5,Open-Meteo ERA5-Ocean,NOAA CO-OPS 8729136 predictions,72.4,55.8,0.0,9.2,15.7,193,0.787,133,3.55,,,,-0.381,1.072,1.453,2026-08-07T16:40:05.155143-05:00
2026-03-15,finalized,Open-Meteo ERA5,Open-Meteo ERA5-Ocean,NOAA CO-OPS 8729136 predictions,73.4,64.4,0.016,15.8,27.7,156,1.837,156,3.6,,,,-0.313,1.003,1.3159999999999998,2026-08-07T16:40:05.155143-05:00
2026-03-16,finalized,Open-Meteo ERA5,Open-Meteo ERA5-Ocean,NOAA CO-OPS 8729136 predictions,71.8,47.6,0.583,20.3,37.8,301,3.937,249,4.85,,,,-0.178,0.874,1.052,2026-08-07T16:40:05.155143-05:00
2026-03-17,finalized,Open-Meteo ERA5,Open-Meteo ERA5-Ocean,NOAA CO-OPS 8729136 predictions,53.7,40.2,0.0,16.0,27.5,348,3.084,329,4.25,,,,0.018,0.706,0.688,2026-08-07T16:40:05.155143-05:00
2026-03-18,finalized,Open-Meteo ERA5,Open-Meteo ERA5-Ocean,NOAA CO-OPS 8729136 predictions,59.9,42.8,0.0,10.5,20.1,34,1.247,16,3.1,,,,0.219,0.375,0.156,2026-08-07T16:40:05.155143-05:00
2026-03-19,finalized,Open-Meteo ERA5,Open-Meteo ERA5-Ocean,NOAA CO-OPS 8729136 predictions,67.1,47.9,0.0,7.6,14.3,18,0.722,24,2.55,,,,0.053,0.595,0.5419999999999999,2026-08-07T16:40:05.155143-05:00
2026-03-20,finalized,Open-Meteo ERA5,Open-Meteo ERA5-Ocean,NOAA CO-OPS 8729136 predictions,68.1,51.1,0.0,10.1,15.4,276,0.853,281,2.75,,,,-0.118,0.831,0.949,2026-08-07T16:40:05.155143-05:00
2026-03-21,finalized,Open-Meteo ERA5,Open-Meteo ERA5-Ocean,NOAA CO-OPS 8729136 predictions,69.0,58.5,0.0,10.9,17.9,256,1.181,261,3.25,,,,-0.248,1.04,1.288,2026-08-07T16:40:05.155143-05:00
2026-03-22,finalized,Open-Meteo ERA5,Open-Meteo ERA5-Ocean,NOAA CO-OPS 8729136 predictions,70.4,63.7,0.0,11.5,19.0,243,1.575,247,3.8,,,,-0.333,1.198,1.531,2026-08-07T16:40:05.155143-05:00
2026-03-23,finalized,Open-Meteo ERA5,Open-Meteo ERA5-Ocean,NOAA CO-OPS 8729136 predictions,70.5,65.2,0.0,14.4,23.7,253,2.1,248,3.9,,,,1.299,1.299,0.0,2026-08-07T16:40:05.155143-05:00
2026-03-24,finalized,Open-Meteo ERA5,Open-Meteo ERA5-Ocean,NOAA CO-OPS 8729136 predictions,72.0,62.3,0.0,9.7,16.1,51,2.1,241,4.05,,,,-0.398,1.349,1.7469999999999999,2026-08-07T16:40:05.155143-05:00
2026-03-25,finalized,Open-Meteo ERA5,Open-Meteo ERA5-Ocean,NOAA CO-OPS 8729136 predictions,70.8,60.9,0.0,12.5,19.9,115,1.772,120,3.85,,,,-0.453,1.36,1.8130000000000002,2026-08-07T16:40:05.155143-05:00
2026-03-26,finalized,Open-Meteo ERA5,Open-Meteo ERA5-Ocean,NOAA CO-OPS 8729136 predictions,70.9,62.5,0.0,10.1,17.0,193,0.787,154,3.15,,,,-0.471,1.338,1.8090000000000002,2026-08-07T16:40:05.155143-05:00
2026-03-27,finalized,Open-Meteo ERA5,Open-Meteo ERA5-Ocean,NOAA CO-OPS 8729136 predictions,71.1,64.1,0.0,9.9,15.2,260,0.919,218,2.75,,,,-0.421,1.269,1.69,2026-08-07T16:40:05.155143-05:00
2026-03-28,finalized,Open-Meteo ERA5,Open-Meteo ERA5-Ocean,NOAA CO-OPS 8729136 predictions,75.4,63.8,0.0,16.7,29.1,27,2.165,346,3.55,,,,-0.293,1.136,1.4289999999999998,2026-08-07T16:40:05.155143-05:00
2026-03-29,finalized,Open-Meteo ERA5,Open-Meteo ERA5-Ocean,NOAA CO-OPS 8729136 predictions,69.2,60.9,0.0,15.2,24.2,70,2.428,104,4.15,,,,-0.096,0.947,1.043,2026-08-07T16:40:05.155143-05:00
2026-03-30,finalized,Open-Meteo ERA5,Open-Meteo ERA5-Ocean,NOAA CO-OPS 8729136 predictions,73.6,61.4,0.0,10.6,17.2,131,1.772,132,4.25,,,,0.144,0.729,0.585,2026-08-07T16:40:05.155143-05:00
2026-03-31,finalized,Open-Meteo ERA5,Open-Meteo ERA5-Ocean,NOAA CO-OPS 8729136 predictions,74.8,65.7,0.012,11.6,20.1,147,1.509,150,4.65,,,,0.339,0.552,0.21300000000000002,2026-08-07T16:40:05.155143-05:00
2026-04-01,finalized,Open-Meteo ERA5,Open-Meteo ERA5-Ocean,NOAA CO-OPS 8729136 predictions,75.5,66.9,0.012,10.1,17.0,151,1.378,159,4.8,,,,0.179,0.763,0.5840000000000001,2026-08-07T16:40:05.155143-05:00
2026-04-02,finalized,Open-Meteo ERA5,Open-Meteo ERA5-Ocean,NOAA CO-OPS 8729136 predictions,75.4,66.4,0.0,11.8,19.9,141,1.969,151,4.4,,,,0.04,0.948,0.9079999999999999,2026-08-07T16:40:05.155143-05:00
2026-04-03,finalized,Open-Meteo ERA5,Open-Meteo ERA5-Ocean,NOAA CO-OPS 8729136 predictions,75.3,68.3,0.043,11.3,19.9,136,1.706,150,4.7,,,,-0.048,1.086,1.1340000000000001,2026-08-07T16:40:05.155143-05:00
2026-04-04,finalized,Open-Meteo ERA5,Open-Meteo ERA5-Ocean,NOAA CO-OPS 8729136 predictions,76.2,68.7,0.13,10.4,18.3,146,1.706,156,4.85,,,,-0.087,1.177,1.264,2026-08-07T16:40:05.155143-05:00
2026-04-05,finalized,Open-Meteo ERA5,Open-Meteo ERA5-Ocean,NOAA CO-OPS 8729136 predictions,73.1,66.2,0.189,8.4,15.7,226,1.509,170,5.1,,,,-0.095,1.228,1.323,2026-08-07T16:40:05.155143-05:00
2026-04-06,finalized,Open-Meteo ERA5,Open-Meteo ERA5-Ocean,NOAA CO-OPS 8729136 predictions,67.4,58.3,0.138,13.9,24.4,27,1.837,21,3.55,,,,-0.099,1.254,1.353,2026-08-07T16:40:05.155143-05:00
2026-04-07,finalized,Open-Meteo ERA5,Open-Meteo ERA5-Ocean,NOAA CO-OPS 8729136 predictions,76.6,57.6,0.0,14.3,25.5,52,1.837,68,3.9,,,,1.269,1.269,0.0,2026-08-07T16:40:05.155143-05:00
2026-04-08,finalized,Open-Meteo ERA5,Open-Meteo ERA5-Ocean,NOAA CO-OPS 8729136 predictions,74.5,60.0,0.051,14.8,30.6,68,2.428,91,3.9,,,,-0.121,1.276,1.397,2026-08-07T16:40:05.155143-05:00
2026-04-09,finalized,Open-Meteo ERA5,Open-Meteo ERA5-Ocean,NOAA CO-OPS 8729136 predictions,74.9,60.1,0.016,16.0,26.8,68,2.69,91,4.2,,,,-0.151,1.27,1.421,2026-08-07T16:40:05.155143-05:00
2026-04-10,finalized,Open-Meteo ERA5,Open-Meteo ERA5-Ocean,NOAA CO-OPS 8729136 predictions,76.2,60.4,0.0,11.3,19.5,87,1.64,123,4.05,,,,-0.16,1.238,1.398,2026-08-07T16:40:05.155143-05:00
2026-04-11,finalized,Open-Meteo ERA5,Open-Meteo ERA5-Ocean,NOAA CO-OPS 8729136 predictions,73.6,60.6,0.0,11.5,19.9,218,0.919,155,3.35,,,,-0.122,1.163,1.2850000000000001,2026-08-07T16:40:05.155143-05:00
2026-04-12,finalized,Open-Meteo ERA5,Open-Meteo ERA5-Ocean,NOAA CO-OPS 8729136 predictions,74.0,61.5,0.0,11.6,19.9,155,1.575,146,4.1,,,,-0.02,1.038,1.058,2026-08-07T16:40:05.155143-05:00
2026-04-13,finalized,Open-Meteo ERA5,Open-Meteo ERA5-Ocean,NOAA CO-OPS 8729136 predictions,73.8,63.0,0.0,10.7,18.8,163,1.575,150,4.35,,,,0.15,0.87,0.72,2026-08-07T16:40:05.155143-05:00
2026-04-14,finalized,Open-Meteo ERA5,Open-Meteo ERA5-Ocean,NOAA CO-OPS 8729136 predictions,74.5,60.8,0.0,10.0,17.2,185,1.247,154,4.6,,,,0.37,0.693,0.32299999999999995,2026-08-07T16:40:05.155143-05:00
2026-04-15,finalized,Open-Meteo ERA5,Open-Meteo ERA5-Ocean,NOAA CO-OPS 8729136 predictions,75.5,61.6,0.0,9.6,15.9,194,1.115,160,4.55,,,,0.264,0.784,0.52,2026-08-07T16:40:05.155143-05:00
2026-04-16,finalized,Open-Meteo ERA5,Open-Meteo ERA5-Ocean,NOAA CO-OPS 8729136 predictions,74.9,65.2,0.0,9.3,17.2,198,1.05,168,4.2,,,,0.045,1.016,0.971,2026-08-07T16:40:05.155143-05:00
2026-04-17,finalized,Open-Meteo ERA5,Open-Meteo ERA5-Ocean,NOAA CO-OPS 8729136 predictions,74.2,64.3,0.0,13.1,22.4,214,1.115,182,3.8,,,,-0.135,1.239,1.374,2026-08-07T16:40:05.155143-05:00
2026-04-18,finalized,Open-Meteo ERA5,Open-Meteo ERA5-Ocean,NOAA CO-OPS 8729136 predictions,74.4,66.6,0.0,10.1,19.7,218,0.919,202,3.25,,,,-0.262,1.421,1.683,2026-08-07T16:40:05.155143-05:00
2026-04-19,finalized,Open-Meteo ERA5,Open-Meteo ERA5-Ocean,NOAA CO-OPS 8729136 predictions,70.6,61.1,0.02,17.8,29.3,354,2.69,330,3.85,,,,-0.334,1.548,1.8820000000000001,2026-08-07T16:40:05.155143-05:00
2026-04-20,finalized,Open-Meteo ERA5,Open-Meteo ERA5-Ocean,NOAA CO-OPS 8729136 predictions,75.9,55.2,0.0,14.3,24.8,37,2.165,35,3.55,,,,-0.366,1.621,1.987,2026-08-07T16:40:05.155143-05:00
2026-04-21,finalized,Open-Meteo ERA5,Open-Meteo ERA5-Ocean,NOAA CO-OPS 8729136 predictions,75.5,57.2,0.0,11.6,20.6,130,1.247,133,3.5,,,,1.643,1.643,0.0,2026-08-07T16:40:05.155143-05:00
2026-04-22,finalized,Open-Meteo ERA5,Open-Meteo ERA5-Ocean,NOAA CO-OPS 8729136 predictions,73.1,64.4,0.008,9.4,15.2,148,1.837,152,4.7,,,,-0.365,1.607,1.972,2026-08-07T16:40:05.155143-05:00
2026-04-23,finalized,Open-Meteo ERA5,Open-Meteo ERA5-Ocean,NOAA CO-OPS 8729136 predictions,74.5,64.8,0.012,9.8,17.4,144,1.706,152,4.7,,,,-0.321,1.507,1.8279999999999998,2026-08-07T16:40:05.155143-05:00
2026-04-24,finalized,Open-Meteo ERA5,Open-Meteo ERA5-Ocean,NOAA CO-OPS 8729136 predictions,76.2,63.2,0.0,10.0,18.1,167,1.444,163,4.6,,,,-0.212,1.344,1.556,2026-08-07T16:40:05.155143-05:00
2026-04-26,finalized,Open-Meteo ERA5,Open-Meteo ERA5-Ocean,NOAA CO-OPS 8729136 predictions,76.6,69.1,0.0,8.5,17.9,273,1.115,226,3.5,,,,0.201,0.88,0.679,2026-08-07T16:40:05.155143-05:00
2026-04-27,finalized,Open-Meteo ERA5,Open-Meteo ERA5-Ocean,NOAA CO-OPS 8729136 predictions,78.4,68.0,0.0,10.2,17.2,158,1.247,174,3.2,,,,0.444,0.731,0.287,2026-08-07T16:40:05.155143-05:00
2026-04-28,finalized,Open-Meteo ERA5,Open-Meteo ERA5-Ocean,NOAA CO-OPS 8729136 predictions,75.4,68.7,0.0,12.3,19.7,164,1.772,145,4.0,,,,0.331,0.935,0.6040000000000001,2026-08-07T16:40:05.155143-05:00
2026-04-29,finalized,Open-Meteo ERA5,Open-Meteo ERA5-Ocean,NOAA CO-OPS 8729136 predictions,76.8,70.9,0.004,14.0,24.8,216,1.509,184,3.6,,,,0.149,1.132,0.9829999999999999,2026-08-07T16:40:05.155143-05:00
2026-04-30,finalized,Open-Meteo ERA5,Open-Meteo ERA5-Ocean,NOAA CO-OPS 8729136 predictions,77.3,71.9,0.079,11.5,19.2,278,1.64,225,3.45,,,,0.025,1.283,1.258,2026-08-07T16:40:05.155143-05:00
2026-05-01,finalized,Open-Meteo ERA5,Open-Meteo ERA5-Ocean,NOAA CO-OPS 8729136 predictions,75.3,67.7,0.287,14.0,21.9,33,1.181,202,3.45,,,,-0.045,1.38,1.4249999999999998,2026-08-07T16:40:05.155143-05:00
2026-05-02,finalized,Open-Meteo ERA5,Open-Meteo ERA5-Ocean,NOAA CO-OPS 8729136 predictions,72.1,59.2,0.858,18.5,30.4,14,2.165,352,4.05,,,,-0.074,1.433,1.5070000000000001,2026-08-07T16:40:05.155143-05:00
2026-05-03,finalized,Open-Meteo ERA5,Open-Meteo ERA5-Ocean,NOAA CO-OPS 8729136 predictions,74.2,57.3,0.0,12.1,19.2,359,1.837,318,4.25,,,,-0.084,1.458,1.542,2026-08-07T16:40:05.155143-05:00
2026-05-04,finalized,Open-Meteo ERA5,Open-Meteo ERA5-Ocean,NOAA CO-OPS 8729136 predictions,74.6,58.7,0.0,10.7,18.1,202,0.919,242,3.45,,,,-0.09,1.473,1.5630000000000002,2026-08-07T16:40:05.155143-05:00
2026-05-05,finalized,Open-Meteo ERA5,Open-Meteo ERA5-Ocean,NOAA CO-OPS 8729136 predictions,75.5,61.1,0.0,11.5,17.7,162,1.247,156,3.5,,,,-0.099,1.487,1.586,2026-08-07T16:40:05.155143-05:00
2026-05-06,finalized,Open-Meteo ERA5,Open-Meteo ERA5-Ocean,NOAA CO-OPS 8729136 predictions,77.1,71.1,0.0,13.0,17.7,183,1.509,181,3.8,,,,1.492,1.492,0.0,2026-08-07T16:40:05.155143-05:00
2026-05-07,finalized,Open-Meteo ERA5,Open-Meteo ERA5-Ocean,NOAA CO-OPS 8729136 predictions,77.5,73.5,0.181,15.9,29.1,221,2.428,205,4.3,,,,-0.102,1.468,1.57,2026-08-07T16:40:05.155143-05:00
2026-05-08,finalized,Open-Meteo ERA5,Open-Meteo ERA5-Ocean,NOAA CO-OPS 8729136 predictions,74.3,70.1,0.181,8.9,14.3,34,1.64,204,4.4,,,,-0.078,1.395,1.473,2026-08-07T16:40:05.155143-05:00
2026-05-09,finalized,Open-Meteo ERA5,Open-Meteo ERA5-Ocean,NOAA CO-OPS 8729136 predictions,72.7,70.5,0.268,16.0,24.2,130,1.575,176,3.95,,,,-0.006,1.258,1.264,2026-08-07T16:40:05.155143-05:00
2026-05-10,finalized,Open-Meteo ERA5,Open-Meteo ERA5-Ocean,NOAA CO-OPS 8729136 predictions,78.9,69.0,0.008,7.1,12.8,173,1.05,176,4.1,,,,0.126,1.056,0.93,2026-08-07T16:40:05.155143-05:00
2026-05-11,finalized,Open-Meteo ERA5,Open-Meteo ERA5-Ocean,NOAA CO-OPS 8729136 predictions,79.9,70.8,0.039,7.8,14.5,249,1.05,189,4.65,,,,0.311,0.815,0.504,2026-08-07T16:40:05.155143-05:00
2026-05-12,finalized,Open-Meteo ERA5,Open-Meteo ERA5-Ocean,NOAA CO-OPS 8729136 predictions,74.2,67.6,4.654,15.8,28.6,53,1.772,117,4.0,,,,0.513,0.841,0.32799999999999996,2026-08-07T16:40:05.155143-05:00
2026-05-13,finalized,Open-Meteo ERA5,Open-Meteo ERA5-Ocean,NOAA CO-OPS 8729136 predictions,80.4,64.3,0.0,13.5,23.3,14,1.706,36,3.35,,,,0.242,1.048,0.806,2026-08-07T16:40:05.155143-05:00
2026-05-14,finalized,Open-Meteo ERA5,Open-Meteo ERA5-Ocean,NOAA CO-OPS 8729136 predictions,81.5,68.1,0.0,8.9,15.9,326,1.05,282,3.0,,,,0.004,1.279,1.275,2026-08-07T16:40:05.155143-05:00
2026-05-15,finalized,Open-Meteo ERA5,Open-Meteo ERA5-Ocean,NOAA CO-OPS 8729136 predictions,78.8,63.6,0.0,9.4,15.9,40,0.984,274,2.85,,,,-0.184,1.489,1.673,2026-08-07T16:40:05.155143-05:00
2026-05-16,finalized,Open-Meteo ERA5,Open-Meteo ERA5-Ocean,NOAA CO-OPS 8729136 predictions,79.2,67.7,0.055,7.4,13.9,171,0.656,153,2.8,,,,-0.321,1.651,1.972,2026-08-07T16:40:05.155143-05:00
2026-05-17,finalized,Open-Meteo ERA5,Open-Meteo ERA5-Ocean,NOAA CO-OPS 8729136 predictions,80.3,70.8,0.0,8.1,14.5,185,0.656,163,2.9,,,,-0.407,1.759,2.166,2026-08-07T16:40:05.155143-05:00
2026-05-18,finalized,Open-Meteo ERA5,Open-Meteo ERA5-Ocean,NOAA CO-OPS 8729136 predictions,81.6,73.6,0.047,10.8,19.2,137,1.772,148,4.55,,,,-0.441,1.818,2.259,2026-08-07T16:40:05.155143-05:00
2026-05-19,finalized,Open-Meteo ERA5,Open-Meteo ERA5-Ocean,NOAA CO-OPS 8729136 predictions,81.9,74.3,0.02,10.3,17.0,137,1.378,151,4.65,,,,-0.414,1.825,2.239,2026-08-07T16:40:05.155143-05:00
2026-05-20,finalized,Open-Meteo ERA5,Open-Meteo ERA5-Ocean,NOAA CO-OPS 8729136 predictions,80.6,73.7,0.039,9.0,17.7,161,1.247,153,4.55,,,,1.762,1.762,0.0,2026-08-07T16:40:05.155143-05:00
2026-05-21,finalized,Open-Meteo ERA5,Open-Meteo ERA5-Ocean,NOAA CO-OPS 8729136 predictions,82.5,73.9,0.0,8.5,15.0,163,0.984,158,4.05,,,,-0.319,1.616,1.935,2026-08-07T16:40:05.155143-05:00
2026-05-22,finalized,Open-Meteo ERA5,Open-Meteo ERA5-Ocean,NOAA CO-OPS 8729136 predictions,82.4,75.9,0.154,13.1,25.3,165,1.969,167,4.05,,,,-0.151,1.39,1.541,2026-08-07T16:40:05.155143-05:00
2026-05-23,finalized,Open-Meteo ERA5,Open-Meteo ERA5-Ocean,NOAA CO-OPS 8729136 predictions,83.0,74.2,0.654,13.6,16.8,162,1.772,167,4.1,,,,0.077,1.105,1.028,2026-08-07T16:40:05.155143-05:00
2026-05-24,finalized,Open-Meteo ERA5,Open-Meteo ERA5-Ocean,NOAA CO-OPS 8729136 predictions,84.2,76.2,0.701,10.9,21.9,165,1.64,162,3.9,,,,0.331,0.813,0.48199999999999993,2026-08-07T16:40:05.155143-05:00
2026-05-25,finalized,Open-Meteo ERA5,Open-Meteo ERA5-Ocean,NOAA CO-OPS 8729136 predictions,79.5,75.3,0.909,13.9,26.4,158,2.559,160,4.6,,,,0.504,0.914,0.41000000000000003,2026-08-07T16:40:05.155143-05:00
2026-05-26,finalized,Open-Meteo ERA5,Open-Meteo ERA5-Ocean,NOAA CO-OPS 8729136 predictions,82.3,76.7,0.61,14.0,23.9,161,3.018,162,4.75,,,,0.261,1.126,0.8649999999999999,2026-08-07T16:40:05.155143-05:00
2026-05-27,finalized,Open-Meteo ERA5,Open-Meteo ERA5-Ocean,NOAA CO-OPS 8729136 predictions,82.9,76.5,0.547,14.1,20.8,147,2.362,159,4.75,,,,0.086,1.308,1.222,2026-08-07T16:40:05.155143-05:00
2026-05-28,finalized,Open-Meteo ERA5,Open-Meteo ERA5-Ocean,NOAA CO-OPS 8729136 predictions,81.9,77.5,0.118,11.7,19.7,217,1.837,180,5.05,,,,-0.023,1.434,1.4569999999999999,2026-08-07T16:40:05.155143-05:00
2026-05-29,finalized,Open-Meteo ERA5,Open-Meteo ERA5-Ocean,NOAA CO-OPS 8729136 predictions,81.2,76.0,0.244,8.3,19.0,200,1.575,191,5.15,,,,-0.083,1.506,1.589,2026-08-07T16:40:05.155143-05:00
2026-05-30,finalized,Open-Meteo ERA5,Open-Meteo ERA5-Ocean,NOAA CO-OPS 8729136 predictions,82.9,76.2,0.409,14.3,24.2,232,2.625,217,4.4,,,,-0.115,1.54,1.655,2026-08-07T16:40:05.155143-05:00
2026-05-31,finalized,Open-Meteo ERA5,Open-Meteo ERA5-Ocean,NOAA CO-OPS 8729136 predictions,82.8,78.5,0.063,10.8,19.2,252,2.034,225,4.35,,,,-0.139,1.555,1.694,2026-08-07T16:40:05.155143-05:00
2026-06-01,finalized,Open-Meteo ERA5,Open-Meteo ERA5-Ocean,NOAA CO-OPS 8729136 predictions,84.2,77.2,0.114,9.8,18.8,268,2.034,238,3.95,,,,-0.16,1.569,1.7289999999999999,2026-08-07T16:40:05.155143-05:00
2026-06-02,finalized,Open-Meteo ERA5,Open-Meteo ERA5-Ocean,NOAA CO-OPS 8729136 predictions,86.1,75.3,0.114,9.2,19.7,332,1.444,234,3.95,,,,-0.172,1.584,1.756,2026-08-07T16:40:05.155143-05:00
2026-06-03,finalized,Open-Meteo ERA5,Open-Meteo ERA5-Ocean,NOAA CO-OPS 8729136 predictions,84.2,74.4,0.02,16.4,26.8,71,2.493,106,4.1,,,,-0.16,1.584,1.744,2026-08-07T16:40:05.155143-05:00
2026-06-04,finalized,Open-Meteo ERA5,Open-Meteo ERA5-Ocean,NOAA CO-OPS 8729136 predictions,83.4,69.3,0.0,14.8,25.5,96,2.69,120,4.45,,,,-0.108,1.548,1.6560000000000001,2026-08-07T16:40:05.155143-05:00
2026-06-05,finalized,Open-Meteo ERA5,Open-Meteo ERA5-Ocean,NOAA CO-OPS 8729136 predictions,82.8,73.1,0.0,12.4,19.5,123,2.428,141,4.65,,,,-0.003,1.455,1.458,2026-08-07T16:40:05.155143-05:00
2026-06-06,finalized,Open-Meteo ERA5,Open-Meteo ERA5-Ocean,NOAA CO-OPS 8729136 predictions,81.2,73.5,0.043,12.1,20.8,149,2.1,158,4.65,,,,0.151,1.293,1.142,2026-08-07T16:40:05.155143-05:00
2026-06-07,finalized,Open-Meteo ERA5,Open-Meteo ERA5-Ocean,NOAA CO-OPS 8729136 predictions,83.2,76.6,0.0,8.5,15.0,176,1.575,175,4.3,,,,0.336,1.066,0.73,2026-08-07T16:40:05.155143-05:00
2026-06-08,finalized,Open-Meteo ERA5,Open-Meteo ERA5-Ocean,NOAA CO-OPS 8729136 predictions,84.6,74.2,0.0,7.1,11.9,154,1.05,166,3.95,,,,0.507,0.825,0.31799999999999995,2026-08-07T16:40:05.155143-05:00
2026-06-09,finalized,Open-Meteo ERA5,Open-Meteo ERA5-Ocean,NOAA CO-OPS 8729136 predictions,83.7,77.9,0.008,5.9,12.3,106,0.853,153,4.0,,,,0.485,0.933,0.44800000000000006,2026-08-07T16:40:05.155143-05:00
2026-06-10,finalized,Open-Meteo ERA5,Open-Meteo ERA5-Ocean,NOAA CO-OPS 8729136 predictions,85.2,76.2,0.0,8.6,15.4,154,0.787,151,3.7,,,,0.208,1.148,0.94,2026-08-07T16:40:05.155143-05:00
2026-06-11,finalized,Open-Meteo ERA5,Open-Meteo ERA5-Ocean,NOAA CO-OPS 8729136 predictions,83.4,77.5,0.0,10.3,18.1,200,1.115,170,4.2,,,,-0.03,1.373,1.403,2026-08-07T16:40:05.155143-05:00
2026-06-12,finalized,Open-Meteo ERA5,Open-Meteo ERA5-Ocean,NOAA CO-OPS 8729136 predictions,83.2,77.7,0.004,9.8,16.8,240,1.247,183,4.45,,,,-0.219,1.573,1.792,2026-08-07T16:40:05.155143-05:00
2026-08-07,provisional,Open-Meteo forecast/archive window,Open-Meteo best-match marine,NOAA CO-OPS 8729136 predictions,88.1,75.0,0.0,8.3,14.3,97,1.509,165,5.2,1.378,168,4.65,0.013,1.696,1.683,2026-08-07T16:40:06.686760-05:00
