source_file,datetime_ct,direction,message,base_flag,purple_overlay,flag_label,severity,date,year,month_num,month,time,hour,url,hazard_text
888777 - Text - 2024-08-19T15_00_36Z.html,2024-08-19 10:00:36,incoming,ALERTBAY: Single red flags are flying at the beach today. High rip current hazard. Knee deep is too deep. More info https://tinyurl.com/y9jlwlbf.,Single Red,False,Single Red,3.0,2024-08-19,2024,8,Aug,10:00:36,10.0,https://tinyurl.com/y9jlwlbf.,High rip current hazard
888777 - Text - 2024-08-20T15_03_07Z.html,2024-08-20 10:03:07,incoming,ALERTBAY: Yellow flags are flying at the beach today. Moderate rip current hazard. For more beach safety info go to https://tinyurl.com/y9jlwlbf.,Yellow,False,Yellow,2.0,2024-08-20,2024,8,Aug,10:03:07,10.05,https://tinyurl.com/y9jlwlbf.,Moderate rip current hazard
888777 - Text - 2024-08-21T15_00_22Z.html,2024-08-21 10:00:22,incoming,ALERTBAY: Yellow flags are flying at the beach today. Moderate rip current hazard. Use caution. More info at https://tinyurl.com/y9jlwlbf.,Yellow,False,Yellow,2.0,2024-08-21,2024,8,Aug,10:00:22,10.0,https://tinyurl.com/y9jlwlbf.,Moderate rip current hazard
888777 - Text - 2024-08-22T15_00_37Z.html,2024-08-22 10:00:37,incoming,ALERTBAY: Yellow flags are flying at the beach today. Moderate rip current hazard. Use caution. More info at https://tinyurl.com/y9jlwlbf.,Yellow,False,Yellow,2.0,2024-08-22,2024,8,Aug,10:00:37,10.0,https://tinyurl.com/y9jlwlbf.,Moderate rip current hazard
888777 - Text - 2024-08-23T15_00_20Z.html,2024-08-23 10:00:20,incoming,ALERTBAY: Yellow flags are flying at the beach today. Moderate rip current hazard. Use caution. More info at https://tinyurl.com/y9jlwlbf.,Yellow,False,Yellow,2.0,2024-08-23,2024,8,Aug,10:00:20,10.0,https://tinyurl.com/y9jlwlbf.,Moderate rip current hazard
888777 - Text - 2024-08-24T15_00_37Z.html,2024-08-24 10:00:37,incoming,ALERTBAY: Yellow flags are flying at the beach today. Moderate rip current hazard. Use caution. More info at https://tinyurl.com/y9jlwlbf.,Yellow,False,Yellow,2.0,2024-08-24,2024,8,Aug,10:00:37,10.0,https://tinyurl.com/y9jlwlbf.,Moderate rip current hazard
888777 - Text - 2024-08-25T15_00_33Z.html,2024-08-25 10:00:33,incoming,ALERTBAY: Yellow flags are flying at the beach today. Moderate rip current hazard. For more beach safety info go to https://tinyurl.com/y9jlwlbf.,Yellow,False,Yellow,2.0,2024-08-25,2024,8,Aug,10:00:33,10.0,https://tinyurl.com/y9jlwlbf.,Moderate rip current hazard
888777 - Text - 2024-08-26T16_19_46Z.html,2024-08-26 11:19:46,incoming,ALERTBAY: Yellow flags are flying at the beach today. Moderate rip current hazard. For more beach safety info go to https://tinyurl.com/y9jlwlbf.,Yellow,False,Yellow,2.0,2024-08-26,2024,8,Aug,11:19:46,11.316666666666666,https://tinyurl.com/y9jlwlbf.,Moderate rip current hazard
888777 - Text - 2024-08-27T15_07_43Z.html,2024-08-27 10:07:43,incoming,ALERTBAY: Yellow flags are flying at the beach today. Moderate rip current hazard. For more beach safety info go to https://tinyurl.com/y9jlwlbf.,Yellow,False,Yellow,2.0,2024-08-27,2024,8,Aug,10:07:43,10.116666666666667,https://tinyurl.com/y9jlwlbf.,Moderate rip current hazard
888777 - Text - 2024-08-28T15_01_49Z.html,2024-08-28 10:01:49,incoming,ALERTBAY: Yellow flags are flying at the beach today. Moderate rip current hazard. Use caution. More info at https://tinyurl.com/y9jlwlbf.,Yellow,False,Yellow,2.0,2024-08-28,2024,8,Aug,10:01:49,10.016666666666667,https://tinyurl.com/y9jlwlbf.,Moderate rip current hazard
888777 - Text - 2024-08-29T15_00_30Z.html,2024-08-29 10:00:30,incoming,ALERTBAY: Yellow flags are flying at the beach today. Moderate rip current hazard. Use caution. More info at https://tinyurl.com/y9jlwlbf.,Yellow,False,Yellow,2.0,2024-08-29,2024,8,Aug,10:00:30,10.0,https://tinyurl.com/y9jlwlbf.,Moderate rip current hazard
888777 - Text - 2024-08-30T15_00_50Z.html,2024-08-30 10:00:50,incoming,ALERTBAY: Yellow flags are flying at the beach today. Moderate rip current hazard. Use caution. More info at https://tinyurl.com/y9jlwlbf.,Yellow,False,Yellow,2.0,2024-08-30,2024,8,Aug,10:00:50,10.0,https://tinyurl.com/y9jlwlbf.,Moderate rip current hazard
888777 - Text - 2024-08-30T15_00_50Z.html,2024-08-30 13:21:32,incoming,ALERTBAY: Single red flags are flying at the beach for a high rip current hazard.. nixle.us/FTKBX,Single Red,False,Single Red,3.0,2024-08-30,2024,8,Aug,13:21:32,13.35,nixle.us/FTKBX,High rip current hazard
888777 - Text - 2024-08-31T15_00_39Z.html,2024-08-31 10:00:39,incoming,ALERTBAY: Single red flags are flying at the beach today. High rip current hazard. Knee deep is too deep. More info at https://tinyurl.com/y9jlwlbf.,Single Red,False,Single Red,3.0,2024-08-31,2024,8,Aug,10:00:39,10.0,https://tinyurl.com/y9jlwlbf.,High rip current hazard
888777 - Text - 2024-09-01T15_00_36Z.html,2024-09-01 10:00:36,incoming,ALERTBAY: Single red flags are flying at the beach today. High rip current hazard. Knee deep is too deep. More info https://tinyurl.com/y9jlwlbf.,Single Red,False,Single Red,3.0,2024-09-01,2024,9,Sep,10:00:36,10.0,https://tinyurl.com/y9jlwlbf.,High rip current hazard
888777 - Text - 2024-09-01T15_00_36Z.html,2024-09-01 16:09:55,incoming,ALERTBAY: Single red over purple flags are flying at the beach today. Hazardous marine life present.. nixle.us/FTLZ3,Single Red,True,Single Red + Purple,3.0,2024-09-01,2024,9,Sep,16:09:55,16.15,nixle.us/FTLZ3,High rip current hazard
888777 - Text - 2024-09-02T15_00_25Z.html,2024-09-02 10:00:25,incoming,"ALERTBAY: Yellow over Purple flags are flying at the beach today. Moderate rip current hazard, marine pests present. https://tinyurl.com/y9jlwlbf.",Yellow,True,Yellow + Purple,2.0,2024-09-02,2024,9,Sep,10:00:25,10.0,https://tinyurl.com/y9jlwlbf.,Moderate rip current hazard
888777 - Text - 2024-09-03T15_01_41Z.html,2024-09-03 10:01:41,incoming,"ALERTBAY: Yellow over Purple flags are flying at the beach today. Moderate rip current hazard, marine pests present. https://tinyurl.com/y9jlwlbf.",Yellow,True,Yellow + Purple,2.0,2024-09-03,2024,9,Sep,10:01:41,10.016666666666667,https://tinyurl.com/y9jlwlbf.,Moderate rip current hazard
888777 - Text - 2024-09-04T15_18_13Z.html,2024-09-04 10:18:13,incoming,ALERTBAY: Yellow over purple flags are flying at the beach today. Moderate rip current hazard with hazardous marine life present.. nixle.us/FTPA9,Yellow,True,Yellow + Purple,2.0,2024-09-04,2024,9,Sep,10:18:13,10.3,nixle.us/FTPA9,Moderate rip current hazard
888777 - Text - 2024-09-05T15_08_54Z.html,2024-09-05 10:08:54,incoming,ALERTBAY: Yellow over purple flags are flying at the beach today. Moderate rip current hazard/hazardous marine life present.. nixle.us/FTQDF,Yellow,True,Yellow + Purple,2.0,2024-09-05,2024,9,Sep,10:08:54,10.133333333333333,nixle.us/FTQDF,Moderate rip current hazard
888777 - Text - 2024-09-06T15_18_11Z.html,2024-09-06 10:18:11,incoming,ALERTBAY: Yellow over purple flags are flying at the beach today. Moderate rip current hazard with possible hazardous marine life present..,Yellow,True,Yellow + Purple,2.0,2024-09-06,2024,9,Sep,10:18:11,10.3,,Moderate rip current hazard
888777 - Text - 2024-09-07T15_32_22Z.html,2024-09-07 10:32:22,incoming,ALERTBAY: Yellow over Purple flags are flying at the beach today. Moderate rip current hazard with possible hazardous marine life present..,Yellow,True,Yellow + Purple,2.0,2024-09-07,2024,9,Sep,10:32:22,10.533333333333333,,Moderate rip current hazard
888777 - Text - 2024-09-08T15_00_30Z.html,2024-09-08 10:00:30,incoming,"ALERTBAY: Yellow over Purple flags are flying at the beach today. Moderate rip current hazard, marine pests present. https://tinyurl.com/y9jlwlbf.",Yellow,True,Yellow + Purple,2.0,2024-09-08,2024,9,Sep,10:00:30,10.0,https://tinyurl.com/y9jlwlbf.,Moderate rip current hazard
888777 - Text - 2024-09-09T15_01_31Z.html,2024-09-09 10:01:31,incoming,"ALERTBAY: Yellow over Purple flags are flying at the beach today. Moderate rip current hazard, marine pests present. https://tinyurl.com/y9jlwlbf.",Yellow,True,Yellow + Purple,2.0,2024-09-09,2024,9,Sep,10:01:31,10.016666666666667,https://tinyurl.com/y9jlwlbf.,Moderate rip current hazard
888777 - Text - 2024-09-10T15_05_04Z.html,2024-09-10 10:05:04,incoming,ALERTBAY: Single red over purple flags are flying at the beach today. High rip current hazard with hazardous marine life present.. nixle.us/FTXR9,Single Red,True,Single Red + Purple,3.0,2024-09-10,2024,9,Sep,10:05:04,10.083333333333334,nixle.us/FTXR9,High rip current hazard
888777 - Text - 2024-09-11T15_00_36Z.html,2024-09-11 10:00:36,incoming,ALERTBAY: Single red over purple flags are flying at the beach today. High rip current hazard with hazardous marine life present... nixle.us/FTZ2R,Single Red,True,Single Red + Purple,3.0,2024-09-11,2024,9,Sep,10:00:36,10.0,nixle.us/FTZ2R,High rip current hazard
888777 - Text - 2024-09-12T15_00_33Z.html,2024-09-12 10:00:33,incoming,ALERTBAY: Double red flags are flying at the beach today. The water is closed to the public. Stay on dry sand. More info at https://tinyurl.com/y9jl,Double Red,False,Double Red,4.0,2024-09-12,2024,9,Sep,10:00:33,10.0,https://tinyurl.com/y9jl,Water closed
888777 - Text - 2024-09-13T15_00_48Z.html,2024-09-13 10:00:48,incoming,ALERTBAY: Double red flags are flying at the beach today. The water is closed to the public. Stay on dry sand. More info at https://tinyurl.com/y9jl,Double Red,False,Double Red,4.0,2024-09-13,2024,9,Sep,10:00:48,10.0,https://tinyurl.com/y9jl,Water closed
888777 - Text - 2024-09-13T15_00_48Z.html,2024-09-13 17:25:29,incoming,ALERTBAY: Single red flags are flying at the beach. High rip current hazard. Knee deep is too deep. More info at https://tinyurl.com/y9jlwlbf.,Single Red,False,Single Red,3.0,2024-09-13,2024,9,Sep,17:25:29,17.416666666666668,https://tinyurl.com/y9jlwlbf.,High rip current hazard
888777 - Text - 2024-09-14T15_00_20Z.html,2024-09-14 10:00:20,incoming,ALERTBAY: Single red flags are flying at the beach today. High rip current hazard. Knee deep is too deep. More info at https://tinyurl.com/y9jlwlbf.,Single Red,False,Single Red,3.0,2024-09-14,2024,9,Sep,10:00:20,10.0,https://tinyurl.com/y9jlwlbf.,High rip current hazard
888777 - Text - 2024-09-15T15_00_32Z.html,2024-09-15 10:00:32,incoming,ALERTBAY: Yellow flags are flying at the beach today. Moderate rip current hazard. For more beach safety info go to https://tinyurl.com/y9jlwlbf.,Yellow,False,Yellow,2.0,2024-09-15,2024,9,Sep,10:00:32,10.0,https://tinyurl.com/y9jlwlbf.,Moderate rip current hazard
888777 - Text - 2024-09-16T15_17_32Z.html,2024-09-16 10:17:32,incoming,ALERTBAY: Yellow flags are flying at the beach today. Moderate rip current hazard. Use caution.. nixle.us/FW6C7,Yellow,False,Yellow,2.0,2024-09-16,2024,9,Sep,10:17:32,10.283333333333333,nixle.us/FW6C7,Moderate rip current hazard
888777 - Text - 2024-09-17T15_00_32Z.html,2024-09-17 10:00:32,incoming,ALERTBAY: Yellow flags are flying at the beach today. Moderate rip current hazard. For more beach safety info go to https://tinyurl.com/y9jlwlbf.,Yellow,False,Yellow,2.0,2024-09-17,2024,9,Sep,10:00:32,10.0,https://tinyurl.com/y9jlwlbf.,Moderate rip current hazard
888777 - Text - 2024-09-18T15_00_43Z.html,2024-09-18 10:00:43,incoming,ALERTBAY: Yellow flags are flying at the beach today. Moderate rip current hazard. Use caution. More info at https://tinyurl.com/y9jlwlbf.,Yellow,False,Yellow,2.0,2024-09-18,2024,9,Sep,10:00:43,10.0,https://tinyurl.com/y9jlwlbf.,Moderate rip current hazard
888777 - Text - 2024-09-19T15_00_34Z.html,2024-09-19 10:00:34,incoming,ALERTBAY: Yellow flags are flying at the beach today. Moderate rip current hazard. Use caution. More info at https://tinyurl.com/y9jlwlbf.,Yellow,False,Yellow,2.0,2024-09-19,2024,9,Sep,10:00:34,10.0,https://tinyurl.com/y9jlwlbf.,Moderate rip current hazard
888777 - Text - 2024-09-20T15_00_25Z.html,2024-09-20 10:00:25,incoming,ALERTBAY: Yellow flags are flying at the beach today. Moderate rip current hazard. Use caution. More info at https://tinyurl.com/y9jlwlbf.,Yellow,False,Yellow,2.0,2024-09-20,2024,9,Sep,10:00:25,10.0,https://tinyurl.com/y9jlwlbf.,Moderate rip current hazard
888777 - Text - 2024-09-21T15_00_35Z.html,2024-09-21 10:00:35,incoming,ALERTBAY: Yellow flags are flying at the beach today. Moderate rip current hazard. Use caution. More info at https://tinyurl.com/y9jlwlbf.,Yellow,False,Yellow,2.0,2024-09-21,2024,9,Sep,10:00:35,10.0,https://tinyurl.com/y9jlwlbf.,Moderate rip current hazard
888777 - Text - 2024-09-22T15_00_35Z.html,2024-09-22 10:00:35,incoming,ALERTBAY: Yellow flags are flying at the beach today. Moderate rip current hazard. For more beach safety info go to https://tinyurl.com/y9jlwlbf.,Yellow,False,Yellow,2.0,2024-09-22,2024,9,Sep,10:00:35,10.0,https://tinyurl.com/y9jlwlbf.,Moderate rip current hazard
888777 - Text - 2024-09-23T15_00_58Z.html,2024-09-23 10:00:58,incoming,ALERTBAY: Yellow flags are flying at the beach today. Moderate rip current hazard. For more beach safety info go to https://tinyurl.com/y9jlwlbf.,Yellow,False,Yellow,2.0,2024-09-23,2024,9,Sep,10:00:58,10.0,https://tinyurl.com/y9jlwlbf.,Moderate rip current hazard
888777 - Text - 2024-09-24T15_13_58Z.html,2024-09-24 10:13:58,incoming,ALERTBAY: Yellow flags are flying at the beach today. Moderate rip current hazard. For more beach safety info go to https://tinyurl.com/y9jlwlbf.,Yellow,False,Yellow,2.0,2024-09-24,2024,9,Sep,10:13:58,10.216666666666667,https://tinyurl.com/y9jlwlbf.,Moderate rip current hazard
888777 - Text - 2024-09-25T15_00_30Z.html,2024-09-25 10:00:30,incoming,ALERTBAY: Single red flags are flying at the beach today. High rip current hazard. Knee deep is too deep. More info at https://tinyurl.com/y9jlwlbf.,Single Red,False,Single Red,3.0,2024-09-25,2024,9,Sep,10:00:30,10.0,https://tinyurl.com/y9jlwlbf.,High rip current hazard
888777 - Text - 2024-09-25T23_32_38Z.html,2024-09-25 18:32:38,incoming,ALERTBAY: Double red flags are flying at the beach. The water is closed to the public. Remain on dry sand.. nixle.us/FWH4X,Double Red,False,Double Red,4.0,2024-09-25,2024,9,Sep,18:32:38,18.533333333333335,nixle.us/FWH4X,Water closed
888777 - Text - 2024-09-26T15_00_34Z.html,2024-09-26 10:00:34,incoming,ALERTBAY: Double red flags are flying at the beach today. The water is closed to the public. Stay on dry sand. More info at https://tinyurl.com/y9jl,Double Red,False,Double Red,4.0,2024-09-26,2024,9,Sep,10:00:34,10.0,https://tinyurl.com/y9jl,Water closed
888777 - Text - 2024-09-28T15_00_33Z.html,2024-09-28 10:00:33,incoming,ALERTBAY: Double red flags are flying at the beach today. The water is closed to the public. Stay on dry sand. More info at https://tinyurl.com/y9jl,Double Red,False,Double Red,4.0,2024-09-28,2024,9,Sep,10:00:33,10.0,https://tinyurl.com/y9jl,Water closed
888777 - Text - 2024-09-29T15_04_28Z.html,2024-09-29 10:04:28,incoming,ALERTBAY: Double Red flags are flying at the beach today. The water is closed to the public. Stay on dry sand. Info at https://tinyurl.com/y9jlwlbf.,Double Red,False,Double Red,4.0,2024-09-29,2024,9,Sep,10:04:28,10.066666666666666,https://tinyurl.com/y9jlwlbf.,Water closed
888777 - Text - 2024-09-30T15_00_33Z.html,2024-09-30 10:00:33,incoming,ALERTBAY: Single red flags are flying at the beach today. High rip current hazard. Knee deep is too deep. More info https://tinyurl.com/y9jlwlbf.,Single Red,False,Single Red,3.0,2024-09-30,2024,9,Sep,10:00:33,10.0,https://tinyurl.com/y9jlwlbf.,High rip current hazard
888777 - Text - 2024-10-01T15_00_35Z.html,2024-10-01 10:00:35,incoming,ALERTBAY: Yellow flags are flying at the beach today. Moderate rip current hazard. For more beach safety info go to https://tinyurl.com/y9jlwlbf.,Yellow,False,Yellow,2.0,2024-10-01,2024,10,Oct,10:00:35,10.0,https://tinyurl.com/y9jlwlbf.,Moderate rip current hazard
888777 - Text - 2024-10-02T15_00_28Z.html,2024-10-02 10:00:28,incoming,ALERTBAY: Yellow flags are flying at the beach today. Moderate rip current hazard. Use caution. More info at https://tinyurl.com/y9jlwlbf.,Yellow,False,Yellow,2.0,2024-10-02,2024,10,Oct,10:00:28,10.0,https://tinyurl.com/y9jlwlbf.,Moderate rip current hazard
888777 - Text - 2024-10-03T15_00_39Z.html,2024-10-03 10:00:39,incoming,ALERTBAY: Yellow flags are flying at the beach today. Moderate rip current hazard. Use caution. More info at https://tinyurl.com/y9jlwlbf.,Yellow,False,Yellow,2.0,2024-10-03,2024,10,Oct,10:00:39,10.0,https://tinyurl.com/y9jlwlbf.,Moderate rip current hazard
888777 - Text - 2024-10-04T15_00_50Z.html,2024-10-04 10:00:50,incoming,ALERTBAY: Yellow flags are flying at the beach today. Moderate rip current hazard. Use caution. More info at https://tinyurl.com/y9jlwlbf.,Yellow,False,Yellow,2.0,2024-10-04,2024,10,Oct,10:00:50,10.0,https://tinyurl.com/y9jlwlbf.,Moderate rip current hazard
888777 - Text - 2024-10-05T15_39_29Z.html,2024-10-05 10:39:29,incoming,ALERTBAY: Yellow flags are flying at the beach today. Moderate rip current hazard. Use caution. More info at https://tinyurl.com/y9jlwlbf.,Yellow,False,Yellow,2.0,2024-10-05,2024,10,Oct,10:39:29,10.65,https://tinyurl.com/y9jlwlbf.,Moderate rip current hazard
888777 - Text - 2024-10-06T15_01_12Z.html,2024-10-06 10:01:12,incoming,ALERTBAY: Yellow flags are flying at the beach today. Moderate rip current hazard. For more beach safety info go to https://tinyurl.com/y9jlwlbf.,Yellow,False,Yellow,2.0,2024-10-06,2024,10,Oct,10:01:12,10.016666666666667,https://tinyurl.com/y9jlwlbf.,Moderate rip current hazard
888777 - Text - 2024-10-07T15_00_53Z.html,2024-10-07 10:00:53,incoming,ALERTBAY: Yellow flags are flying at the beach today. Moderate rip current hazard. For more beach safety info go to https://tinyurl.com/y9jlwlbf.,Yellow,False,Yellow,2.0,2024-10-07,2024,10,Oct,10:00:53,10.0,https://tinyurl.com/y9jlwlbf.,Moderate rip current hazard
888777 - Text - 2024-10-08T15_00_40Z.html,2024-10-08 10:00:40,incoming,ALERTBAY: Yellow flags are flying at the beach today. Moderate rip current hazard. For more beach safety info go to https://tinyurl.com/y9jlwlbf.,Yellow,False,Yellow,2.0,2024-10-08,2024,10,Oct,10:00:40,10.0,https://tinyurl.com/y9jlwlbf.,Moderate rip current hazard
888777 - Text - 2024-10-09T15_01_04Z.html,2024-10-09 10:01:04,incoming,ALERTBAY: Single red flags are flying at the beach today. High rip current hazard. Knee deep is too deep. More info at https://tinyurl.com/y9jlwlbf.,Single Red,False,Single Red,3.0,2024-10-09,2024,10,Oct,10:01:04,10.016666666666667,https://tinyurl.com/y9jlwlbf.,High rip current hazard
888777 - Text - 2024-10-10T15_00_55Z.html,2024-10-10 10:00:55,incoming,ALERTBAY: Single red flags are flying at the beach today. High rip current hazard. Knee deep is too deep. More info at https://tinyurl.com/y9jlwlbf.,Single Red,False,Single Red,3.0,2024-10-10,2024,10,Oct,10:00:55,10.0,https://tinyurl.com/y9jlwlbf.,High rip current hazard
888777 - Text - 2024-10-11T15_00_27Z.html,2024-10-11 10:00:27,incoming,ALERTBAY: Yellow flags are flying at the beach today. Moderate rip current hazard. Use caution. More info at https://tinyurl.com/y9jlwlbf.,Yellow,False,Yellow,2.0,2024-10-11,2024,10,Oct,10:00:27,10.0,https://tinyurl.com/y9jlwlbf.,Moderate rip current hazard
888777 - Text - 2024-10-12T15_00_49Z.html,2024-10-12 10:00:49,incoming,ALERTBAY: Yellow flags are flying at the beach today. Moderate rip current hazard. Use caution. More info at https://tinyurl.com/y9jlwlbf.,Yellow,False,Yellow,2.0,2024-10-12,2024,10,Oct,10:00:49,10.0,https://tinyurl.com/y9jlwlbf.,Moderate rip current hazard
888777 - Text - 2024-10-13T15_58_32Z.html,2024-10-13 10:58:32,incoming,ALERTBAY: Yellow flags are flying at the beach today. Moderate rip current hazard. Use caution.. nixle.us/FX887,Yellow,False,Yellow,2.0,2024-10-13,2024,10,Oct,10:58:32,10.966666666666667,nixle.us/FX887,Moderate rip current hazard
888777 - Text - 2024-10-14T15_00_36Z.html,2024-10-14 10:00:36,incoming,ALERTBAY: Yellow flags are flying at the beach today. Moderate rip current hazard. For more beach safety info go to https://tinyurl.com/y9jlwlbf.,Yellow,False,Yellow,2.0,2024-10-14,2024,10,Oct,10:00:36,10.0,https://tinyurl.com/y9jlwlbf.,Moderate rip current hazard
888777 - Text - 2024-10-15T15_02_30Z.html,2024-10-15 10:02:30,incoming,ALERTBAY: Yellow flags are flying at the beach today. Moderate rip current hazard. For more beach safety info go to https://tinyurl.com/y9jlwlbf.,Yellow,False,Yellow,2.0,2024-10-15,2024,10,Oct,10:02:30,10.033333333333333,https://tinyurl.com/y9jlwlbf.,Moderate rip current hazard
888777 - Text - 2024-10-16T15_00_36Z.html,2024-10-16 10:00:36,incoming,ALERTBAY: Yellow flags are flying at the beach today. Moderate rip current hazard. Use caution. More info at https://tinyurl.com/y9jlwlbf.,Yellow,False,Yellow,2.0,2024-10-16,2024,10,Oct,10:00:36,10.0,https://tinyurl.com/y9jlwlbf.,Moderate rip current hazard
888777 - Text - 2024-10-17T15_00_48Z.html,2024-10-17 10:00:48,incoming,ALERTBAY: Yellow flags are flying at the beach today. Moderate rip current hazard. Use caution. More info at https://tinyurl.com/y9jlwlbf.,Yellow,False,Yellow,2.0,2024-10-17,2024,10,Oct,10:00:48,10.0,https://tinyurl.com/y9jlwlbf.,Moderate rip current hazard
888777 - Text - 2024-10-18T15_00_31Z.html,2024-10-18 10:00:31,incoming,ALERTBAY: Yellow flags are flying at the beach today. Moderate rip current hazard. Use caution. More info at https://tinyurl.com/y9jlwlbf.,Yellow,False,Yellow,2.0,2024-10-18,2024,10,Oct,10:00:31,10.0,https://tinyurl.com/y9jlwlbf.,Moderate rip current hazard
888777 - Text - 2024-10-19T15_00_45Z.html,2024-10-19 10:00:45,incoming,ALERTBAY: Yellow flags are flying at the beach today. Moderate rip current hazard. Use caution. More info at https://tinyurl.com/y9jlwlbf.,Yellow,False,Yellow,2.0,2024-10-19,2024,10,Oct,10:00:45,10.0,https://tinyurl.com/y9jlwlbf.,Moderate rip current hazard
888777 - Text - 2024-10-20T15_00_32Z.html,2024-10-20 10:00:32,incoming,ALERTBAY: Yellow flags are flying at the beach today. Moderate rip current hazard. For more beach safety info go to https://tinyurl.com/y9jlwlbf.,Yellow,False,Yellow,2.0,2024-10-20,2024,10,Oct,10:00:32,10.0,https://tinyurl.com/y9jlwlbf.,Moderate rip current hazard
888777 - Text - 2024-10-21T15_00_38Z.html,2024-10-21 10:00:38,incoming,ALERTBAY: Yellow flags are flying at the beach today. Moderate rip current hazard. For more beach safety info go to https://tinyurl.com/y9jlwlbf.,Yellow,False,Yellow,2.0,2024-10-21,2024,10,Oct,10:00:38,10.0,https://tinyurl.com/y9jlwlbf.,Moderate rip current hazard
888777 - Text - 2024-10-22T15_00_33Z.html,2024-10-22 10:00:33,incoming,ALERTBAY: Yellow flags are flying at the beach today. Moderate rip current hazard. For more beach safety info go to https://tinyurl.com/y9jlwlbf.,Yellow,False,Yellow,2.0,2024-10-22,2024,10,Oct,10:00:33,10.0,https://tinyurl.com/y9jlwlbf.,Moderate rip current hazard
888777 - Text - 2024-10-23T15_00_19Z.html,2024-10-23 10:00:19,incoming,ALERTBAY: Yellow flags are flying at the beach today. Moderate rip current hazard. Use caution. More info at https://tinyurl.com/y9jlwlbf.,Yellow,False,Yellow,2.0,2024-10-23,2024,10,Oct,10:00:19,10.0,https://tinyurl.com/y9jlwlbf.,Moderate rip current hazard
888777 - Text - 2024-10-24T15_00_32Z.html,2024-10-24 10:00:32,incoming,ALERTBAY: Yellow flags are flying at the beach today. Moderate rip current hazard. Use caution. More info at https://tinyurl.com/y9jlwlbf.,Yellow,False,Yellow,2.0,2024-10-24,2024,10,Oct,10:00:32,10.0,https://tinyurl.com/y9jlwlbf.,Moderate rip current hazard
888777 - Text - 2024-10-25T15_00_37Z.html,2024-10-25 10:00:37,incoming,ALERTBAY: Yellow flags are flying at the beach today. Moderate rip current hazard. Use caution. More info at https://tinyurl.com/y9jlwlbf.,Yellow,False,Yellow,2.0,2024-10-25,2024,10,Oct,10:00:37,10.0,https://tinyurl.com/y9jlwlbf.,Moderate rip current hazard
888777 - Text - 2024-10-26T15_01_05Z.html,2024-10-26 10:01:05,incoming,ALERTBAY: Yellow flags are flying at the beach today. Moderate rip current hazard. Use caution. More info at https://tinyurl.com/y9jlwlbf.,Yellow,False,Yellow,2.0,2024-10-26,2024,10,Oct,10:01:05,10.016666666666667,https://tinyurl.com/y9jlwlbf.,Moderate rip current hazard
888777 - Text - 2024-10-27T15_00_33Z.html,2024-10-27 10:00:33,incoming,ALERTBAY: Yellow flags are flying at the beach today. Moderate rip current hazard. For more beach safety info go to https://tinyurl.com/y9jlwlbf.,Yellow,False,Yellow,2.0,2024-10-27,2024,10,Oct,10:00:33,10.0,https://tinyurl.com/y9jlwlbf.,Moderate rip current hazard
888777 - Text - 2024-10-28T15_03_59Z.html,2024-10-28 10:03:59,incoming,ALERTBAY: Yellow flags are flying at the beach today. Moderate rip current hazard. For more beach safety info go to https://tinyurl.com/y9jlwlbf.,Yellow,False,Yellow,2.0,2024-10-28,2024,10,Oct,10:03:59,10.05,https://tinyurl.com/y9jlwlbf.,Moderate rip current hazard
888777 - Text - 2024-10-29T15_00_42Z.html,2024-10-29 10:00:42,incoming,ALERTBAY: Yellow flags are flying at the beach today. Moderate rip current hazard. For more beach safety info go to https://tinyurl.com/y9jlwlbf.,Yellow,False,Yellow,2.0,2024-10-29,2024,10,Oct,10:00:42,10.0,https://tinyurl.com/y9jlwlbf.,Moderate rip current hazard
888777 - Text - 2024-10-30T15_38_27Z.html,2024-10-30 10:38:27,incoming,ALERTBAY: Yellow flags are flying at the beach today. Moderate rip current hazard. Use caution.. nixle.us/FXSCT,Yellow,False,Yellow,2.0,2024-10-30,2024,10,Oct,10:38:27,10.633333333333333,nixle.us/FXSCT,Moderate rip current hazard
888777 - Text - 2024-10-31T15_00_34Z.html,2024-10-31 10:00:34,incoming,ALERTBAY: Single red flags are flying at the beach today. High rip current hazard. Knee deep is too deep. More info at https://tinyurl.com/y9jlwlbf.,Single Red,False,Single Red,3.0,2024-10-31,2024,10,Oct,10:00:34,10.0,https://tinyurl.com/y9jlwlbf.,High rip current hazard
888777 - Text - 2024-11-01T15_00_39Z.html,2024-11-01 10:00:39,incoming,ALERTBAY: Single red flags are flying at the beach today. High rip current hazard. Knee deep is too deep. More info at https://tinyurl.com/y9jlwlbf.,Single Red,False,Single Red,3.0,2024-11-01,2024,11,Nov,10:00:39,10.0,https://tinyurl.com/y9jlwlbf.,High rip current hazard
888777 - Text - 2024-11-02T15_00_32Z.html,2024-11-02 10:00:32,incoming,ALERTBAY: Single red flags are flying at the beach today. High rip current hazard. Knee deep is too deep. More info at https://tinyurl.com/y9jlwlbf.,Single Red,False,Single Red,3.0,2024-11-02,2024,11,Nov,10:00:32,10.0,https://tinyurl.com/y9jlwlbf.,High rip current hazard
888777 - Text - 2024-11-03T15_00_28Z.html,2024-11-03 09:00:28,incoming,ALERTBAY: Single red flags are flying at the beach today. High rip current hazard. Knee deep is too deep. More info at https://tinyurl.com/y9jlwlbf.,Single Red,False,Single Red,3.0,2024-11-03,2024,11,Nov,09:00:28,9.0,https://tinyurl.com/y9jlwlbf.,High rip current hazard
888777 - Text - 2024-11-04T16_00_25Z.html,2024-11-04 10:00:25,incoming,ALERTBAY: Single red flags are flying at the beach today. High rip current hazard. Knee deep is too deep. More info https://tinyurl.com/y9jlwlbf.,Single Red,False,Single Red,3.0,2024-11-04,2024,11,Nov,10:00:25,10.0,https://tinyurl.com/y9jlwlbf.,High rip current hazard
888777 - Text - 2024-11-05T16_02_25Z.html,2024-11-05 10:02:25,incoming,ALERTBAY: Double Red flags are flying at the beach today. The water is closed to the public. Stay on dry sand. Info at https://tinyurl.com/y9jlwlbf.,Double Red,False,Double Red,4.0,2024-11-05,2024,11,Nov,10:02:25,10.033333333333333,https://tinyurl.com/y9jlwlbf.,Water closed
888777 - Text - 2024-11-06T16_00_34Z.html,2024-11-06 10:00:34,incoming,ALERTBAY: Single red flags are flying at the beach today. High rip current hazard. Knee deep is too deep. More info at https://tinyurl.com/y9jlwlbf.,Single Red,False,Single Red,3.0,2024-11-06,2024,11,Nov,10:00:34,10.0,https://tinyurl.com/y9jlwlbf.,High rip current hazard
888777 - Text - 2024-11-07T16_01_23Z.html,2024-11-07 10:01:23,incoming,ALERTBAY: Single red flags are flying at the beach today. High rip current hazard. Knee deep is too deep. More info at https://tinyurl.com/y9jlwlbf.,Single Red,False,Single Red,3.0,2024-11-07,2024,11,Nov,10:01:23,10.016666666666667,https://tinyurl.com/y9jlwlbf.,High rip current hazard
888777 - Text - 2024-11-08T16_00_45Z.html,2024-11-08 10:00:45,incoming,ALERTBAY: Single red flags are flying at the beach today. High rip current hazard. Knee deep is too deep. More info at https://tinyurl.com/y9jlwlbf.,Single Red,False,Single Red,3.0,2024-11-08,2024,11,Nov,10:00:45,10.0,https://tinyurl.com/y9jlwlbf.,High rip current hazard
888777 - Text - 2024-11-09T16_00_55Z.html,2024-11-09 10:00:55,incoming,ALERTBAY: Single red flags are flying at the beach today. High rip current hazard. Knee deep is too deep. More info at https://tinyurl.com/y9jlwlbf.,Single Red,False,Single Red,3.0,2024-11-09,2024,11,Nov,10:00:55,10.0,https://tinyurl.com/y9jlwlbf.,High rip current hazard
888777 - Text - 2024-11-10T16_20_09Z.html,2024-11-10 10:20:09,incoming,ALERTBAY: Single Red flags are flying at the beach today. High rip current hazard. Knee deep is too deep.. nixle.us/FY8DR,Single Red,False,Single Red,3.0,2024-11-10,2024,11,Nov,10:20:09,10.333333333333334,nixle.us/FY8DR,High rip current hazard
888777 - Text - 2024-11-11T16_00_32Z.html,2024-11-11 10:00:32,incoming,ALERTBAY: Single red flags are flying at the beach today. High rip current hazard. Knee deep is too deep. More info https://tinyurl.com/y9jlwlbf.,Single Red,False,Single Red,3.0,2024-11-11,2024,11,Nov,10:00:32,10.0,https://tinyurl.com/y9jlwlbf.,High rip current hazard
888777 - Text - 2024-11-12T16_26_36Z.html,2024-11-12 10:26:36,incoming,ALERTBAY: Single Red flags are flying at the beach today. High rip current hazard. Knee deep is too deep.. nixle.us/FYA53,Single Red,False,Single Red,3.0,2024-11-12,2024,11,Nov,10:26:36,10.433333333333334,nixle.us/FYA53,High rip current hazard
888777 - Text - 2024-11-13T16_00_29Z.html,2024-11-13 10:00:29,incoming,ALERTBAY: Single red flags are flying at the beach today. High rip current hazard. Knee deep is too deep. More info at https://tinyurl.com/y9jlwlbf.,Single Red,False,Single Red,3.0,2024-11-13,2024,11,Nov,10:00:29,10.0,https://tinyurl.com/y9jlwlbf.,High rip current hazard
888777 - Text - 2024-11-14T16_00_29Z.html,2024-11-14 10:00:29,incoming,ALERTBAY: Double red flags are flying at the beach today. The water is closed to the public. Stay on dry sand. More info at https://tinyurl.com/y9jl,Double Red,False,Double Red,4.0,2024-11-14,2024,11,Nov,10:00:29,10.0,https://tinyurl.com/y9jl,Water closed
888777 - Text - 2024-11-15T16_00_35Z.html,2024-11-15 10:00:35,incoming,ALERTBAY: Single red flags are flying at the beach today. High rip current hazard. Knee deep is too deep. More info at https://tinyurl.com/y9jlwlbf.,Single Red,False,Single Red,3.0,2024-11-15,2024,11,Nov,10:00:35,10.0,https://tinyurl.com/y9jlwlbf.,High rip current hazard
888777 - Text - 2024-11-16T16_00_46Z.html,2024-11-16 10:00:46,incoming,ALERTBAY: Yellow flags are flying at the beach today. Moderate rip current hazard. Use caution. More info at https://tinyurl.com/y9jlwlbf.,Yellow,False,Yellow,2.0,2024-11-16,2024,11,Nov,10:00:46,10.0,https://tinyurl.com/y9jlwlbf.,Moderate rip current hazard
888777 - Text - 2024-11-17T16_00_25Z.html,2024-11-17 10:00:25,incoming,ALERTBAY: Yellow flags are flying at the beach today. Moderate rip current hazard. For more beach safety info go to https://tinyurl.com/y9jlwlbf.,Yellow,False,Yellow,2.0,2024-11-17,2024,11,Nov,10:00:25,10.0,https://tinyurl.com/y9jlwlbf.,Moderate rip current hazard
888777 - Text - 2024-11-18T16_00_25Z.html,2024-11-18 10:00:25,incoming,ALERTBAY: Single red flags are flying at the beach today. High rip current hazard. Knee deep is too deep. More info https://tinyurl.com/y9jlwlbf.,Single Red,False,Single Red,3.0,2024-11-18,2024,11,Nov,10:00:25,10.0,https://tinyurl.com/y9jlwlbf.,High rip current hazard
888777 - Text - 2024-11-19T16_00_32Z.html,2024-11-19 10:00:32,incoming,ALERTBAY: Double Red flags are flying at the beach today. The water is closed to the public. Stay on dry sand. Info at https://tinyurl.com/y9jlwlbf.,Double Red,False,Double Red,4.0,2024-11-19,2024,11,Nov,10:00:32,10.0,https://tinyurl.com/y9jlwlbf.,Water closed
888777 - Text - 2024-11-20T16_00_33Z.html,2024-11-20 10:00:33,incoming,ALERTBAY: Double red flags are flying at the beach today. The water is closed to the public. Stay on dry sand. More info at https://tinyurl.com/y9jl,Double Red,False,Double Red,4.0,2024-11-20,2024,11,Nov,10:00:33,10.0,https://tinyurl.com/y9jl,Water closed
888777 - Text - 2024-11-21T16_00_33Z.html,2024-11-21 10:00:33,incoming,ALERTBAY: Single red flags are flying at the beach today. High rip current hazard. Knee deep is too deep. More info at https://tinyurl.com/y9jlwlbf.,Single Red,False,Single Red,3.0,2024-11-21,2024,11,Nov,10:00:33,10.0,https://tinyurl.com/y9jlwlbf.,High rip current hazard
888777 - Text - 2024-11-22T16_00_33Z.html,2024-11-22 10:00:33,incoming,ALERTBAY: Single red flags are flying at the beach today. High rip current hazard. Knee deep is too deep. More info at https://tinyurl.com/y9jlwlbf.,Single Red,False,Single Red,3.0,2024-11-22,2024,11,Nov,10:00:33,10.0,https://tinyurl.com/y9jlwlbf.,High rip current hazard
888777 - Text - 2024-11-24T16_00_28Z.html,2024-11-24 10:00:28,incoming,ALERTBAY: Yellow flags are flying at the beach today. Moderate rip current hazard. For more beach safety info go to https://tinyurl.com/y9jlwlbf.,Yellow,False,Yellow,2.0,2024-11-24,2024,11,Nov,10:00:28,10.0,https://tinyurl.com/y9jlwlbf.,Moderate rip current hazard
888777 - Text - 2024-11-25T16_00_25Z.html,2024-11-25 10:00:25,incoming,ALERTBAY: Yellow flags are flying at the beach today. Moderate rip current hazard. For more beach safety info go to https://tinyurl.com/y9jlwlbf.,Yellow,False,Yellow,2.0,2024-11-25,2024,11,Nov,10:00:25,10.0,https://tinyurl.com/y9jlwlbf.,Moderate rip current hazard
888777 - Text - 2024-11-26T16_00_57Z.html,2024-11-26 10:00:57,incoming,ALERTBAY: Single red flags are flying at the beach today. High rip current hazard. Knee deep is too deep. More info https://tinyurl.com/y9jlwlbf.,Single Red,False,Single Red,3.0,2024-11-26,2024,11,Nov,10:00:57,10.0,https://tinyurl.com/y9jlwlbf.,High rip current hazard
888777 - Text - 2024-11-27T16_00_28Z.html,2024-11-27 10:00:28,incoming,ALERTBAY: Yellow flags are flying at the beach today. Moderate rip current hazard. Use caution. More info at https://tinyurl.com/y9jlwlbf.,Yellow,False,Yellow,2.0,2024-11-27,2024,11,Nov,10:00:28,10.0,https://tinyurl.com/y9jlwlbf.,Moderate rip current hazard
888777 - Text - 2024-11-28T16_00_31Z.html,2024-11-28 10:00:31,incoming,ALERTBAY: Single red flags are flying at the beach today. High rip current hazard. Knee deep is too deep. More info at https://tinyurl.com/y9jlwlbf.,Single Red,False,Single Red,3.0,2024-11-28,2024,11,Nov,10:00:31,10.0,https://tinyurl.com/y9jlwlbf.,High rip current hazard
888777 - Text - 2024-11-29T16_00_30Z.html,2024-11-29 10:00:30,incoming,ALERTBAY: Yellow flags are flying at the beach today. Moderate rip current hazard. Use caution. More info at https://tinyurl.com/y9jlwlbf.,Yellow,False,Yellow,2.0,2024-11-29,2024,11,Nov,10:00:30,10.0,https://tinyurl.com/y9jlwlbf.,Moderate rip current hazard
888777 - Text - 2024-11-30T16_00_28Z.html,2024-11-30 10:00:28,incoming,ALERTBAY: Yellow flags are flying at the beach today. Moderate rip current hazard. Use caution. More info at https://tinyurl.com/y9jlwlbf.,Yellow,False,Yellow,2.0,2024-11-30,2024,11,Nov,10:00:28,10.0,https://tinyurl.com/y9jlwlbf.,Moderate rip current hazard
888777 - Text - 2024-12-01T16_00_30Z.html,2024-12-01 10:00:30,incoming,ALERTBAY: Yellow flags are flying at the beach today. Moderate rip current hazard. For more beach safety info go to https://tinyurl.com/y9jlwlbf.,Yellow,False,Yellow,2.0,2024-12-01,2024,12,Dec,10:00:30,10.0,https://tinyurl.com/y9jlwlbf.,Moderate rip current hazard
888777 - Text - 2024-12-04T16_00_29Z.html,2024-12-04 10:00:29,incoming,ALERTBAY: Yellow flags are flying at the beach today. Moderate rip current hazard. Use caution. More info at https://tinyurl.com/y9jlwlbf.,Yellow,False,Yellow,2.0,2024-12-04,2024,12,Dec,10:00:29,10.0,https://tinyurl.com/y9jlwlbf.,Moderate rip current hazard
888777 - Text - 2024-12-05T16_00_26Z.html,2024-12-05 10:00:26,incoming,ALERTBAY: Single red flags are flying at the beach today. High rip current hazard. E go uh Knee deep is too deep. More info at https://tinyurl.com/,Single Red,False,Single Red,3.0,2024-12-05,2024,12,Dec,10:00:26,10.0,https://tinyurl.com/,High rip current hazard
888777 - Text - 2024-12-06T16_00_39Z.html,2024-12-06 10:00:39,incoming,ALERTBAY: Yellow flags are flying at the beach today. Moderate rip current hazard. Use caution. More info at https://tinyurl.com/y9jlwlbf.,Yellow,False,Yellow,2.0,2024-12-06,2024,12,Dec,10:00:39,10.0,https://tinyurl.com/y9jlwlbf.,Moderate rip current hazard
888777 - Text - 2024-12-07T18_52_48Z.html,2024-12-07 12:52:48,incoming,ALERTBAY: Yellow flags are flying at the beach today. Moderate rip current hazard. Use caution. More info at https://tinyurl.com/y9jlwlbf.,Yellow,False,Yellow,2.0,2024-12-07,2024,12,Dec,12:52:48,12.866666666666667,https://tinyurl.com/y9jlwlbf.,Moderate rip current hazard
888777 - Text - 2024-12-08T17_23_48Z.html,2024-12-08 11:23:48,incoming,ALERTBAY: Yellow flags are flying at the beach today. Moderate rip current hazard. For more beach safety info go to https://tinyurl.com/y9jlwlbf.,Yellow,False,Yellow,2.0,2024-12-08,2024,12,Dec,11:23:48,11.383333333333333,https://tinyurl.com/y9jlwlbf.,Moderate rip current hazard
888777 - Text - 2024-12-09T16_00_32Z.html,2024-12-09 10:00:32,incoming,ALERTBAY: Single red flags are flying at the beach today. High rip current hazard. Knee deep is too deep.More info at https://tinyurl.com/y9jlwlbf.,Single Red,False,Single Red,3.0,2024-12-09,2024,12,Dec,10:00:32,10.0,https://tinyurl.com/y9jlwlbf.,High rip current hazard
888777 - Text - 2024-12-10T16_00_33Z.html,2024-12-10 10:00:33,incoming,ALERTBAY: Single red flags are flying at the beach today. High rip current hazard. Knee deep is too deep. More info https://tinyurl.com/y9jlwlbf.,Single Red,False,Single Red,3.0,2024-12-10,2024,12,Dec,10:00:33,10.0,https://tinyurl.com/y9jlwlbf.,High rip current hazard
888777 - Text - 2024-12-11T16_00_26Z.html,2024-12-11 10:00:26,incoming,ALERTBAY: Single red flags are flying at the beach today. High rip current hazard. Knee deep is too deep.More info at https://tinyurl.com/y9jlwlbf.,Single Red,False,Single Red,3.0,2024-12-11,2024,12,Dec,10:00:26,10.0,https://tinyurl.com/y9jlwlbf.,High rip current hazard
888777 - Text - 2024-12-12T16_00_28Z.html,2024-12-12 10:00:28,incoming,ALERTBAY: Yellow flags are flying at the beach today. Moderate rip current hazard. Use caution. More info at https://tinyurl.com/y9jlwlbf.,Yellow,False,Yellow,2.0,2024-12-12,2024,12,Dec,10:00:28,10.0,https://tinyurl.com/y9jlwlbf.,Moderate rip current hazard
888777 - Text - 2024-12-13T16_00_31Z.html,2024-12-13 10:00:31,incoming,ALERTBAY: Yellow flags are flying at the beach today. Moderate rip current hazard. Use caution. More info at https://tinyurl.com/y9jlwlbf.,Yellow,False,Yellow,2.0,2024-12-13,2024,12,Dec,10:00:31,10.0,https://tinyurl.com/y9jlwlbf.,Moderate rip current hazard
888777 - Text - 2024-12-14T16_00_32Z.html,2024-12-14 10:00:32,incoming,ALERTBAY: Yellow flags are flying at the beach today. Moderate rip current hazard. Use caution. More info at https://tinyurl.com/y9jlwlbf.,Yellow,False,Yellow,2.0,2024-12-14,2024,12,Dec,10:00:32,10.0,https://tinyurl.com/y9jlwlbf.,Moderate rip current hazard
888777 - Text - 2024-12-15T16_17_04Z.html,2024-12-15 10:17:04,incoming,ALERTBAY: Yellow flags are flying at the beach today. Moderate rip current hazard. Use caution.. nixle.us/FZDN5,Yellow,False,Yellow,2.0,2024-12-15,2024,12,Dec,10:17:04,10.283333333333333,nixle.us/FZDN5,Moderate rip current hazard
888777 - Text - 2024-12-16T16_05_38Z.html,2024-12-16 10:05:38,incoming,ALERTBAY: Yellow flags are flying at the beach today. Moderate rip current hazard. Use caution.. nixle.us/FZEJ3,Yellow,False,Yellow,2.0,2024-12-16,2024,12,Dec,10:05:38,10.083333333333334,nixle.us/FZEJ3,Moderate rip current hazard
888777 - Text - 2024-12-17T16_29_20Z.html,2024-12-17 10:29:20,incoming,ALERTBAY: Yellow flags are flying at the beach today. Moderate rip current hazard. Use caution.. nixle.us/FZFS9,Yellow,False,Yellow,2.0,2024-12-17,2024,12,Dec,10:29:20,10.483333333333333,nixle.us/FZFS9,Moderate rip current hazard
888777 - Text - 2024-12-18T16_00_24Z.html,2024-12-18 10:00:24,incoming,ALERTBAY: Yellow flags are flying at the beach today. Moderate rip current hazard. Use caution. More info at https://tinyurl.com/y9jlwlbf.,Yellow,False,Yellow,2.0,2024-12-18,2024,12,Dec,10:00:24,10.0,https://tinyurl.com/y9jlwlbf.,Moderate rip current hazard
888777 - Text - 2024-12-19T16_56_13Z.html,2024-12-19 10:56:13,incoming,ALERTBAY: Yellow flags are flying at the beach today. Moderate rip current hazard. Use caution.. nixle.us/FZJ7B,Yellow,False,Yellow,2.0,2024-12-19,2024,12,Dec,10:56:13,10.933333333333334,nixle.us/FZJ7B,Moderate rip current hazard
888777 - Text - 2024-12-20T16_36_19Z.html,2024-12-20 10:36:19,incoming,ALERTBAY: Yellow flags are flying at the beach today. Moderate rip current hazard. Use caution. More info at https://tinyurl.com/y9jlwlbf.,Yellow,False,Yellow,2.0,2024-12-20,2024,12,Dec,10:36:19,10.6,https://tinyurl.com/y9jlwlbf.,Moderate rip current hazard
888777 - Text - 2024-12-21T16_00_21Z.html,2024-12-21 10:00:21,incoming,ALERTBAY: Yellow flags are flying at the beach today. Moderate rip current hazard. Use caution. More info at https://tinyurl.com/y9jlwlbf.,Yellow,False,Yellow,2.0,2024-12-21,2024,12,Dec,10:00:21,10.0,https://tinyurl.com/y9jlwlbf.,Moderate rip current hazard
888777 - Text - 2024-12-22T16_27_19Z.html,2024-12-22 10:27:19,incoming,ALERTBAY: Yellow flags are flying at the beach today. Moderate rip current hazard. Use caution.. nixle.us/FZLP7,Yellow,False,Yellow,2.0,2024-12-22,2024,12,Dec,10:27:19,10.45,nixle.us/FZLP7,Moderate rip current hazard
888777 - Text - 2024-12-23T16_30_46Z.html,2024-12-23 10:30:46,incoming,ALERTBAY: Yellow flags are flying at the beach today. Moderate rip current hazard. For more beach safety info go to https://tinyurl.com/y9jlwlbf.,Yellow,False,Yellow,2.0,2024-12-23,2024,12,Dec,10:30:46,10.5,https://tinyurl.com/y9jlwlbf.,Moderate rip current hazard
888777 - Text - 2024-12-24T16_00_21Z.html,2024-12-24 10:00:21,incoming,ALERTBAY: Yellow flags are flying at the beach today. Moderate rip current hazard. For more beach safety info go to https://tinyurl.com/y9jlwlbf.,Yellow,False,Yellow,2.0,2024-12-24,2024,12,Dec,10:00:21,10.0,https://tinyurl.com/y9jlwlbf.,Moderate rip current hazard
888777 - Text - 2024-12-25T16_16_36Z.html,2024-12-25 10:16:36,incoming,ALERTBAY: Yellow flags are flying at the beach today. Moderate rip current hazard. Use caution.. nixle.us/FZP3Z,Yellow,False,Yellow,2.0,2024-12-25,2024,12,Dec,10:16:36,10.266666666666667,nixle.us/FZP3Z,Moderate rip current hazard
888777 - Text - 2024-12-26T16_00_50Z.html,2024-12-26 10:00:50,incoming,ALERTBAY: Yellow flags are flying at the beach today. Moderate rip current hazard. Use caution. More info at https://tinyurl.com/y9jlwlbf.,Yellow,False,Yellow,2.0,2024-12-26,2024,12,Dec,10:00:50,10.0,https://tinyurl.com/y9jlwlbf.,Moderate rip current hazard
888777 - Text - 2024-12-27T15_59_31Z.html,2024-12-27 09:59:31,incoming,ALERTBAY: Single red flags are flying at the beach today. High rip current hazard. Knee deep is too deep.More info at https://tinyurl.com/y9jlwlbf.,Single Red,False,Single Red,3.0,2024-12-27,2024,12,Dec,09:59:31,9.983333333333333,https://tinyurl.com/y9jlwlbf.,High rip current hazard
888777 - Text - 2024-12-28T15_59_49Z.html,2024-12-28 09:59:49,incoming,ALERTBAY: Single red flags are flying at the beach today. High rip current hazard. Knee deep is too deep.More info at https://tinyurl.com/y9jlwlbf.,Single Red,False,Single Red,3.0,2024-12-28,2024,12,Dec,09:59:49,9.983333333333333,https://tinyurl.com/y9jlwlbf.,High rip current hazard
888777 - Text - 2024-12-29T16_24_51Z.html,2024-12-29 10:24:51,incoming,ALERTBAY: Single red flags are flying at the beach today. High rip current hazard. Knee deep is too deep.. nixle.us/FZSS7,Single Red,False,Single Red,3.0,2024-12-29,2024,12,Dec,10:24:51,10.4,nixle.us/FZSS7,High rip current hazard
888777 - Text - 2024-12-30T16_07_48Z.html,2024-12-30 10:07:48,incoming,ALERTBAY: Single red flags are flying at the beach today. High rip current hazard. Knee deep is too deep.. nixle.us/FZTPZ,Single Red,False,Single Red,3.0,2024-12-30,2024,12,Dec,10:07:48,10.116666666666667,nixle.us/FZTPZ,High rip current hazard
888777 - Text - 2024-12-31T16_10_56Z.html,2024-12-31 10:10:56,incoming,ALERTBAY: Single red flags are flying at the beach today. High rip current hazard. Knee deep is to deep.. nixle.us/FZWRB,Single Red,False,Single Red,3.0,2024-12-31,2024,12,Dec,10:10:56,10.166666666666666,nixle.us/FZWRB,High rip current hazard
888777 - Text - 2025-01-01T15_59_31Z.html,2025-01-01 09:59:31,incoming,ALERTBAY: Yellow flags are flying at the beach today. Moderate rip current hazard. Use caution. More info at https://tinyurl.com/y9jlwlbf.,Yellow,False,Yellow,2.0,2025-01-01,2025,1,Jan,09:59:31,9.983333333333333,https://tinyurl.com/y9jlwlbf.,Moderate rip current hazard
888777 - Text - 2025-01-02T16_00_26Z.html,2025-01-02 10:00:26,incoming,ALERTBAY: Yellow flags are flying at the beach today. Moderate rip current hazard. Use caution. More info at https://tinyurl.com/y9jlwlbf.,Yellow,False,Yellow,2.0,2025-01-02,2025,1,Jan,10:00:26,10.0,https://tinyurl.com/y9jlwlbf.,Moderate rip current hazard
888777 - Text - 2025-01-03T15_59_26Z.html,2025-01-03 09:59:26,incoming,ALERTBAY: Yellow flags are flying at the beach today. Moderate rip current hazard. Use caution. More info at https://tinyurl.com/y9jlwlbf.,Yellow,False,Yellow,2.0,2025-01-03,2025,1,Jan,09:59:26,9.983333333333333,https://tinyurl.com/y9jlwlbf.,Moderate rip current hazard
888777 - Text - 2025-01-04T15_59_11Z.html,2025-01-04 09:59:11,incoming,ALERTBAY: Yellow flags are flying at the beach today. Moderate rip current hazard. Use caution. More info at https://tinyurl.com/y9jlwlbf.,Yellow,False,Yellow,2.0,2025-01-04,2025,1,Jan,09:59:11,9.983333333333333,https://tinyurl.com/y9jlwlbf.,Moderate rip current hazard
888777 - Text - 2025-01-05T16_06_23Z.html,2025-01-05 10:06:23,incoming,ALERTBAY: Single red flags are flying at the beach today. High rip current hazard. Knee deep is too deep.. nixle.us/G23EH,Single Red,False,Single Red,3.0,2025-01-05,2025,1,Jan,10:06:23,10.1,nixle.us/G23EH,High rip current hazard
888777 - Text - 2025-01-06T15_55_54Z.html,2025-01-06 09:55:54,incoming,ALERTBAY: Double red flags are flying at the beach today. Water is closed to the public.. nixle.us/G24WT,Double Red,False,Double Red,4.0,2025-01-06,2025,1,Jan,09:55:54,9.916666666666666,nixle.us/G24WT,Water closed
888777 - Text - 2025-01-07T16_00_24Z.html,2025-01-07 10:00:24,incoming,ALERTBAY: Single red flags are flying at the beach today. High rip current hazard. Knee deep is too deep. More info https:// tinyurl.com/y9jlwlbf.,Single Red,False,Single Red,3.0,2025-01-07,2025,1,Jan,10:00:24,10.0,,High rip current hazard
888777 - Text - 2025-01-08T16_05_32Z.html,2025-01-08 10:05:32,incoming,ALERTBAY: Yellow flags are flying at the beach today. Moderate rip current hazard. Use caution. nixle.us/G27GX,Yellow,False,Yellow,2.0,2025-01-08,2025,1,Jan,10:05:32,10.083333333333334,nixle.us/G27GX,Moderate rip current hazard
888777 - Text - 2025-01-09T16_00_32Z.html,2025-01-09 10:00:32,incoming,ALERTBAY: Yellow flags are flying at the beach today. Moderate rip current hazard. Use caution. More info at https://tinyurl.com/y9jlwlbf.,Yellow,False,Yellow,2.0,2025-01-09,2025,1,Jan,10:00:32,10.0,https://tinyurl.com/y9jlwlbf.,Moderate rip current hazard
888777 - Text - 2025-01-10T16_01_30Z.html,2025-01-10 10:01:30,incoming,ALERTBAY: Single red flags are flying at the beach today. High rip current hazard. Knee deep is too deep.More info at https://tinyurl.com/y9jlwlbf.,Single Red,False,Single Red,3.0,2025-01-10,2025,1,Jan,10:01:30,10.016666666666667,https://tinyurl.com/y9jlwlbf.,High rip current hazard
888777 - Text - 2025-01-11T16_00_34Z.html,2025-01-11 10:00:34,incoming,ALERTBAY: Single red flags are flying at the beach today. High rip current hazard. Knee deep is too deep.More info at https://tinyurl.com/y9jlwlbf.,Single Red,False,Single Red,3.0,2025-01-11,2025,1,Jan,10:00:34,10.0,https://tinyurl.com/y9jlwlbf.,High rip current hazard
888777 - Text - 2025-01-12T16_00_40Z.html,2025-01-12 10:00:40,incoming,ALERTBAY: Yellow flags are flying at the beach today. Moderate rip current hazard. For more beach safety info go https://finyurl.com/y9i.,Yellow,False,Yellow,2.0,2025-01-12,2025,1,Jan,10:00:40,10.0,https://finyurl.com/y9i.,Moderate rip current hazard
888777 - Text - 2025-01-13T16_00_35Z.html,2025-01-13 10:00:35,incoming,ALERTBAY: Yellow flags are flying at the beach today. Moderate rip current hazard. For more beach safety info go https://finyurl.com/y9i.,Yellow,False,Yellow,2.0,2025-01-13,2025,1,Jan,10:00:35,10.0,https://finyurl.com/y9i.,Moderate rip current hazard
888777 - Text - 2025-01-14T16_03_50Z.html,2025-01-14 10:03:50,incoming,ALERTBAY: Yellow flags are flying at the beach today. Moderate rip current hazard. Use caution.. nixle.us/G2DS5,Yellow,False,Yellow,2.0,2025-01-14,2025,1,Jan,10:03:50,10.05,nixle.us/G2DS5,Moderate rip current hazard
888777 - Text - 2025-01-15T15_59_38Z.html,2025-01-15 09:59:38,incoming,ALERTBAY: Yellow flags are flying at the beach today. Moderate rip current hazard. Use caution. More info at https://tinyurl.com/y9jlwlbf.,Yellow,False,Yellow,2.0,2025-01-15,2025,1,Jan,09:59:38,9.983333333333333,https://tinyurl.com/y9jlwlbf.,Moderate rip current hazard
888777 - Text - 2025-01-16T16_00_33Z.html,2025-01-16 10:00:33,incoming,ALERTBAY: Yellow flags are flying at the beach today. Moderate rip current hazard. Use caution. More info at https://tinyurl.com/y9jlwlbf.,Yellow,False,Yellow,2.0,2025-01-16,2025,1,Jan,10:00:33,10.0,https://tinyurl.com/y9jlwlbf.,Moderate rip current hazard
888777 - Text - 2025-01-17T15_54_33Z.html,2025-01-17 09:54:33,incoming,ALERTBAY: Yellow flags are flying at the beach today. Moderate rip current hazard. Use caution.. nixle.us/G2GX7,Yellow,False,Yellow,2.0,2025-01-17,2025,1,Jan,09:54:33,9.9,nixle.us/G2GX7,Moderate rip current hazard
888777 - Text - 2025-01-18T16_19_00Z.html,2025-01-18 10:19:00,incoming,ALERTBAY: Single red flags are flying at the beach today. High rip current hazard. Knee deep is too deep.. nixle.us/G2J3H,Single Red,False,Single Red,3.0,2025-01-18,2025,1,Jan,10:19:00,10.316666666666666,nixle.us/G2J3H,High rip current hazard
888777 - Text - 2025-01-19T16_00_36Z.html,2025-01-19 10:00:36,incoming,ALERTBAY: Single red flags are flying at the beach today. High rip current hazard. Knee deep is too deep. More info https:// tinyurl.com/y9jlwlbf.,Single Red,False,Single Red,3.0,2025-01-19,2025,1,Jan,10:00:36,10.0,,High rip current hazard
888777 - Text - 2025-01-20T15_59_06Z.html,2025-01-20 09:59:06,incoming,ALERTBAY: Yellow flags are flying at the beach today. Moderate rip current hazard. For more beach safety info go https://finyurl.com/y9i.,Yellow,False,Yellow,2.0,2025-01-20,2025,1,Jan,09:59:06,9.983333333333333,https://finyurl.com/y9i.,Moderate rip current hazard
888777 - Text - 2025-01-21T16_02_45Z.html,2025-01-21 10:02:45,incoming,ALERTBAY: Yellow flags are flying at the beach today. Moderate rip current hazard. Use caution.. nixle.us/G2MFK,Yellow,False,Yellow,2.0,2025-01-21,2025,1,Jan,10:02:45,10.033333333333333,nixle.us/G2MFK,Moderate rip current hazard
888777 - Text - 2025-01-22T16_16_41Z.html,2025-01-22 10:16:41,incoming,ALERTBAY: Yellow flags are flying at the beach today. Moderate rip current hazard. Use caution. nixle.us/G2NQT,Yellow,False,Yellow,2.0,2025-01-22,2025,1,Jan,10:16:41,10.266666666666667,nixle.us/G2NQT,Moderate rip current hazard
888777 - Text - 2025-01-23T16_15_56Z.html,2025-01-23 10:15:56,incoming,ALERTBAY: Yellow flags are flying at the beach today. Moderate rip current hazard. Use caution.. nixle.us/G2Q29,Yellow,False,Yellow,2.0,2025-01-23,2025,1,Jan,10:15:56,10.25,nixle.us/G2Q29,Moderate rip current hazard
888777 - Text - 2025-01-24T16_19_50Z.html,2025-01-24 10:19:50,incoming,ALERTBAY: Yellow flags are flying at the beach today. Moderate rip current hazard. Use caution.. nixle.us/G2R87,Yellow,False,Yellow,2.0,2025-01-24,2025,1,Jan,10:19:50,10.316666666666666,nixle.us/G2R87,Moderate rip current hazard
888777 - Text - 2025-01-25T16_16_23Z.html,2025-01-25 10:16:23,incoming,ALERTBAY: Yellow flags are flying at the beach today. Moderate rip current hazard. Use caution.. nixle.us/G2S77,Yellow,False,Yellow,2.0,2025-01-25,2025,1,Jan,10:16:23,10.266666666666667,nixle.us/G2S77,Moderate rip current hazard
888777 - Text - 2025-01-26T17_02_05Z.html,2025-01-26 11:02:05,incoming,ALERTBAY: Yellow flags at flying at the beach today. Moderate rip current hazard. Use caution.. nixle.us/G2SSZ,Yellow,False,Yellow,2.0,2025-01-26,2025,1,Jan,11:02:05,11.033333333333333,nixle.us/G2SSZ,Moderate rip current hazard
888777 - Text - 2025-01-27T16_00_18Z.html,2025-01-27 10:00:18,incoming,ALERTBAY: Yellow flags are flying at the beach today. Moderate rip current hazard. For more beach safety info go https://tinyurl.com/y9i.,Yellow,False,Yellow,2.0,2025-01-27,2025,1,Jan,10:00:18,10.0,https://tinyurl.com/y9i.,Moderate rip current hazard
888777 - Text - 2025-01-28T16_00_21Z.html,2025-01-28 10:00:21,incoming,ALERTBAY: Yellow flags are flying at the beach today. Moderate rip current hazard. For more beach safety info go https://finyurl.com/y9i.,Yellow,False,Yellow,2.0,2025-01-28,2025,1,Jan,10:00:21,10.0,https://finyurl.com/y9i.,Moderate rip current hazard
888777 - Text - 2025-01-29T16_15_10Z.html,2025-01-29 10:15:10,incoming,ALERTBAY: Yellow flags are flying at the beach today. Moderate rip current hazard. Use caution.. nixle.us/G2XXK,Yellow,False,Yellow,2.0,2025-01-29,2025,1,Jan,10:15:10,10.25,nixle.us/G2XXK,Moderate rip current hazard
888777 - Text - 2025-01-30T17_11_07Z.html,2025-01-30 11:11:07,incoming,ALERTBAY: Yellow flags are flying at the beach today. Moderate rip current hazard. Use caution.. nixle.us/G2ZCR,Yellow,False,Yellow,2.0,2025-01-30,2025,1,Jan,11:11:07,11.183333333333334,nixle.us/G2ZCR,Moderate rip current hazard
888777 - Text - 2025-01-31T16_05_40Z.html,2025-01-31 10:05:40,incoming,ALERTBAY: Single Red Flags are flying at the beach today. High rip current hazard. Knee deep is too deep.. nixle.us/G32EZ,Single Red,False,Single Red,3.0,2025-01-31,2025,1,Jan,10:05:40,10.083333333333334,nixle.us/G32EZ,High rip current hazard
888777 - Text - 2025-02-01T16_05_32Z.html,2025-02-01 10:05:32,incoming,ALERTBAY: Single Red Flags are flying at the beach today. High rip current hazard. Knee deep is too deep.. nixle.us/G33H9,Single Red,False,Single Red,3.0,2025-02-01,2025,2,Feb,10:05:32,10.083333333333334,nixle.us/G33H9,High rip current hazard
888777 - Text - 2025-02-02T16_00_21Z.html,2025-02-02 10:00:21,incoming,ALERTBAY: Yellow flags are flying at the beach today. Moderate rip current hazard. For more beach safety info go https://finyurl.com/y9i.,Yellow,False,Yellow,2.0,2025-02-02,2025,2,Feb,10:00:21,10.0,https://finyurl.com/y9i.,Moderate rip current hazard
888777 - Text - 2025-02-03T16_00_25Z.html,2025-02-03 10:00:25,incoming,ALERTBAY: Yellow flags are flying at the beach today. Moderate rip current hazard. For more beach safety info go https://finyurl.com/y9iP.,Yellow,False,Yellow,2.0,2025-02-03,2025,2,Feb,10:00:25,10.0,https://finyurl.com/y9iP.,Moderate rip current hazard
888777 - Text - 2025-02-04T16_00_30Z.html,2025-02-04 10:00:30,incoming,ALERTBAY: Yellow flags are flying at the beach today. Moderate rip current hazard. For more beach safety info go https://finyurl.com/y9i.,Yellow,False,Yellow,2.0,2025-02-04,2025,2,Feb,10:00:30,10.0,https://finyurl.com/y9i.,Moderate rip current hazard
888777 - Text - 2025-02-05T16_17_41Z.html,2025-02-05 10:17:41,incoming,ALERTBAY: Yellow flags are flying at the beach today. Moderate rip current hazard. Use caution. nixle.us/G37AX,Yellow,False,Yellow,2.0,2025-02-05,2025,2,Feb,10:17:41,10.283333333333333,nixle.us/G37AX,Moderate rip current hazard
888777 - Text - 2025-02-06T15_53_55Z.html,2025-02-06 09:53:55,incoming,ALERTBAY: Yellow flags are flying at the beach today. Moderate rip current hazard. Use caution.. nixle.us/G38WF,Yellow,False,Yellow,2.0,2025-02-06,2025,2,Feb,09:53:55,9.883333333333333,nixle.us/G38WF,Moderate rip current hazard
888777 - Text - 2025-02-07T16_44_48Z.html,2025-02-07 10:44:48,incoming,ALERTBAY: Yellow flags are flying at the beach today. Moderate rip current hazard. Use caution.. nixle.us/G3A8T,Yellow,False,Yellow,2.0,2025-02-07,2025,2,Feb,10:44:48,10.733333333333333,nixle.us/G3A8T,Moderate rip current hazard
888777 - Text - 2025-02-08T16_09_01Z.html,2025-02-08 10:09:01,incoming,ALERTBAY: Yellow flags are flying at the beach today. Moderate rip current hazard. Use caution.. nixle.us/G3B8D,Yellow,False,Yellow,2.0,2025-02-08,2025,2,Feb,10:09:01,10.15,nixle.us/G3B8D,Moderate rip current hazard
888777 - Text - 2025-02-09T17_00_51Z.html,2025-02-09 11:00:51,incoming,ALERTBAY: Yellow flags are flying at the beach today. Moderate rip current hazard. Use caution.. nixle.us/G3BYM,Yellow,False,Yellow,2.0,2025-02-09,2025,2,Feb,11:00:51,11.0,nixle.us/G3BYM,Moderate rip current hazard
888777 - Text - 2025-02-10T16_01_38Z.html,2025-02-10 10:01:38,incoming,ALERTBAY: Yellow flags are flying at the beach today. Moderate rip current hazard. Use caution.. nixle.us/G3CM9,Yellow,False,Yellow,2.0,2025-02-10,2025,2,Feb,10:01:38,10.016666666666667,nixle.us/G3CM9,Moderate rip current hazard
888777 - Text - 2025-02-11T15_59_34Z.html,2025-02-11 09:59:34,incoming,ALERTBAY: Yellow flags are flying at the beach today. Moderate rip current hazard. For more beach safety info go https://finyurl.com/y9i.,Yellow,False,Yellow,2.0,2025-02-11,2025,2,Feb,09:59:34,9.983333333333333,https://finyurl.com/y9i.,Moderate rip current hazard
888777 - Text - 2025-02-12T16_14_44Z.html,2025-02-12 10:14:44,incoming,ALERTBAY: Single red flags are flying at the beach today. High rip current hazard. Knee deep is too deep.. nixle.us/G3FNM,Single Red,False,Single Red,3.0,2025-02-12,2025,2,Feb,10:14:44,10.233333333333333,nixle.us/G3FNM,High rip current hazard
888777 - Text - 2025-02-12T16_14_44Z.html,2025-02-12 10:34:49,incoming,ALERTBAY: Single red over purple flags are flying at the beach today. High rip current hazard / hazardous marine life.. nixle.us/G3FPP,Single Red,True,Single Red + Purple,3.0,2025-02-12,2025,2,Feb,10:34:49,10.566666666666666,nixle.us/G3FPP,High rip current hazard
888777 - Text - 2025-02-13T16_16_06Z.html,2025-02-13 10:16:06,incoming,ALERTBAY: Single red over purple flags are flying at the beach today. High rip current hazard / hazardous marine life.. nixle.us/G3H2K,Single Red,True,Single Red + Purple,3.0,2025-02-13,2025,2,Feb,10:16:06,10.266666666666667,nixle.us/G3H2K,High rip current hazard
888777 - Text - 2025-02-14T16_27_04Z.html,2025-02-14 10:27:04,incoming,ALERTBAY: Yellow over purple flags are flying at the beach today. Moderate rip current hazard / Hazardous marine life.. nixle.us/G3JBR,Yellow,True,Yellow + Purple,2.0,2025-02-14,2025,2,Feb,10:27:04,10.45,nixle.us/G3JBR,Moderate rip current hazard
888777 - Text - 2025-02-15T16_17_13Z.html,2025-02-15 10:17:13,incoming,ALERTBAY: Red over purple flags are flying at the beach today. High rip current hazard/ hazardous marine life.. nixle.us/G3MZR,Single Red,True,Single Red + Purple,3.0,2025-02-15,2025,2,Feb,10:17:13,10.283333333333333,nixle.us/G3MZR,High rip current hazard
888777 - Text - 2025-02-16T16_16_13Z.html,2025-02-16 10:16:13,incoming,ALERTBAY: Red over purple flags are flying at the beach today. High rip current hazard/ hazardous marine life.. nixle.us/G3SBR,Single Red,True,Single Red + Purple,3.0,2025-02-16,2025,2,Feb,10:16:13,10.266666666666667,nixle.us/G3SBR,High rip current hazard
888777 - Text - 2025-02-17T16_46_09Z.html,2025-02-17 10:46:09,incoming,ALERTBAY: Yellow flags are flying at the beach today. Moderate rip current hazard. Use caution.. nixle.us/G3YAK,Yellow,False,Yellow,2.0,2025-02-17,2025,2,Feb,10:46:09,10.766666666666667,nixle.us/G3YAK,Moderate rip current hazard
888777 - Text - 2025-02-18T16_22_27Z.html,2025-02-18 10:22:27,incoming,ALERTBAY: Yellow flags are flying at the beach today. Moderate rip current hazard. Use caution.. nixle.us/G43Z5,Yellow,False,Yellow,2.0,2025-02-18,2025,2,Feb,10:22:27,10.366666666666667,nixle.us/G43Z5,Moderate rip current hazard
888777 - Text - 2025-02-19T16_16_15Z.html,2025-02-19 10:16:15,incoming,ALERTBAY: Yellow flags are flying at the beach today. Moderate rip current hazard. Use caution.. nixle.us/G47R7,Yellow,False,Yellow,2.0,2025-02-19,2025,2,Feb,10:16:15,10.266666666666667,nixle.us/G47R7,Moderate rip current hazard
888777 - Text - 2025-02-20T16_12_58Z.html,2025-02-20 10:12:58,incoming,ALERTBAY: Yellow flags are flying at the beach today. Moderate rip current hazard. Use caution.. nixle.us/G4BE3,Yellow,False,Yellow,2.0,2025-02-20,2025,2,Feb,10:12:58,10.2,nixle.us/G4BE3,Moderate rip current hazard
888777 - Text - 2025-02-21T16_15_48Z.html,2025-02-21 10:15:48,incoming,ALERTBAY: Yellow flags are flying at the beach today. Moderate rip current hazard. Use caution.. nixle.us/G4ETK,Yellow,False,Yellow,2.0,2025-02-21,2025,2,Feb,10:15:48,10.25,nixle.us/G4ETK,Moderate rip current hazard
888777 - Text - 2025-02-22T16_07_37Z.html,2025-02-22 10:07:37,incoming,ALERTBAY: Yellow flags are flying at the beach today. Moderate rip current hazard. Use caution.. nixle.us/G4J4R,Yellow,False,Yellow,2.0,2025-02-22,2025,2,Feb,10:07:37,10.116666666666667,nixle.us/G4J4R,Moderate rip current hazard
888777 - Text - 2025-02-23T16_50_29Z.html,2025-02-23 10:50:29,incoming,ALERTBAY: Yellow flags are flying at the beach today. Moderate rip current hazard. Use caution.. nixle.us/G4M89,Yellow,False,Yellow,2.0,2025-02-23,2025,2,Feb,10:50:29,10.833333333333334,nixle.us/G4M89,Moderate rip current hazard
888777 - Text - 2025-02-24T16_00_33Z.html,2025-02-24 10:00:33,incoming,ALERTBAY: Yellow flags are flying at the beach today. Moderate rip current hazard. For more beach safety info go https://finyurl.com/y9i.,Yellow,False,Yellow,2.0,2025-02-24,2025,2,Feb,10:00:33,10.0,https://finyurl.com/y9i.,Moderate rip current hazard
888777 - Text - 2025-02-25T16_00_42Z.html,2025-02-25 10:00:42,incoming,ALERTBAY: Yellow flags are flying at the beach today. Moderate rip current hazard. For more beach safety info go https://finyurl.com/y9i.,Yellow,False,Yellow,2.0,2025-02-25,2025,2,Feb,10:00:42,10.0,https://finyurl.com/y9i.,Moderate rip current hazard
888777 - Text - 2025-02-26T16_17_31Z.html,2025-02-26 10:17:31,incoming,ALERTBAY: Yellow flags are flying at the beach today. Moderate rip current hazard. Use caution.. nixle.us/G4XXM,Yellow,False,Yellow,2.0,2025-02-26,2025,2,Feb,10:17:31,10.283333333333333,nixle.us/G4XXM,Moderate rip current hazard
888777 - Text - 2025-02-27T16_15_25Z.html,2025-02-27 10:15:25,incoming,ALERTBAY: Yellow flags are flying at the beach today. Moderate rip current hazard. Use caution.. nixle.us/G52CM,Yellow,False,Yellow,2.0,2025-02-27,2025,2,Feb,10:15:25,10.25,nixle.us/G52CM,Moderate rip current hazard
888777 - Text - 2025-02-28T16_35_33Z.html,2025-02-28 10:35:33,incoming,ALERTBAY: Yellow flags are flying at the beach today. Moderate rip current hazard. Use caution.. nixle.us/G54WR,Yellow,False,Yellow,2.0,2025-02-28,2025,2,Feb,10:35:33,10.583333333333334,nixle.us/G54WR,Moderate rip current hazard
888777 - Text - 2025-03-01T16_26_31Z.html,2025-03-01 10:26:31,incoming,ALERTBAY: Yellow flags are flying at the beach today. Moderate rip current hazard. Use caution.. nixle.us/G574R,Yellow,False,Yellow,2.0,2025-03-01,2025,3,Mar,10:26:31,10.433333333333334,nixle.us/G574R,Moderate rip current hazard
888777 - Text - 2025-03-02T16_00_34Z.html,2025-03-02 10:00:34,incoming,ALERTBAY: Yellow flags are flying at the beach today. Moderate rip current hazard. For more beach safety info go https://finyurl.com/y9i.,Yellow,False,Yellow,2.0,2025-03-02,2025,3,Mar,10:00:34,10.0,https://finyurl.com/y9i.,Moderate rip current hazard
888777 - Text - 2025-03-03T16_19_10Z.html,2025-03-03 10:19:10,incoming,ALERTBAY: Yellow flags are flying at the beach today. Moderate rip current hazard. Use caution.. nixle.us/G5B6B,Yellow,False,Yellow,2.0,2025-03-03,2025,3,Mar,10:19:10,10.316666666666666,nixle.us/G5B6B,Moderate rip current hazard
888777 - Text - 2025-03-04T16_00_43Z.html,2025-03-04 10:00:43,incoming,ALERTBAY: Single red flags are flying at the beach today. High rip current hazard. Knee deep is too deep. More info https://tinyurl.com/y9jlwlbf.,Single Red,False,Single Red,3.0,2025-03-04,2025,3,Mar,10:00:43,10.0,https://tinyurl.com/y9jlwlbf.,High rip current hazard
888777 - Text - 2025-03-05T16_16_20Z.html,2025-03-05 10:16:20,incoming,ALERTBAY: Double red flags are flying at the beach today. The water is closed to the public. Remain on dry sand.. nixle.us/G5GXD,Double Red,False,Double Red,4.0,2025-03-05,2025,3,Mar,10:16:20,10.266666666666667,nixle.us/G5GXD,Water closed
888777 - Text - 2025-03-06T16_18_24Z.html,2025-03-06 10:18:24,incoming,ALERTBAY: Single red flags are flying at the beach today. High rip current hazard. Knee deep is to deep.. nixle.us/G5KNR,Single Red,False,Single Red,3.0,2025-03-06,2025,3,Mar,10:18:24,10.3,nixle.us/G5KNR,High rip current hazard
888777 - Text - 2025-03-08T16_02_30Z.html,2025-03-08 10:02:30,incoming,ALERTBAY: Yellow flags are flying at the beach today. Moderate rip current hazard. Use caution.. nixle.us/G5QCB,Yellow,False,Yellow,2.0,2025-03-08,2025,3,Mar,10:02:30,10.033333333333333,nixle.us/G5QCB,Moderate rip current hazard
888777 - Text - 2025-03-09T15_05_43Z.html,2025-03-09 10:05:43,incoming,ALERTBAY: Yellow flags are flying at the beach today. Moderate rip current hazard. Use caution.. nixle.us/G5S3X,Yellow,False,Yellow,2.0,2025-03-09,2025,3,Mar,10:05:43,10.083333333333334,nixle.us/G5S3X,Moderate rip current hazard
888777 - Text - 2025-03-10T15_01_21Z.html,2025-03-10 10:01:21,incoming,ALERTBAY: Single red flags are flying at the beach today. High rip current hazard. Knee deep is too deep. More info https:// tinyurl.com/y9jlwlbf.,Single Red,False,Single Red,3.0,2025-03-10,2025,3,Mar,10:01:21,10.016666666666667,,High rip current hazard
888777 - Text - 2025-03-11T15_00_26Z.html,2025-03-11 10:00:26,incoming,ALERTBAY: Single red flags are flying at the beach today. High rip current hazard. Knee deep is too deep. More info https:// tinyurl.com/y9jlwlbf.,Single Red,False,Single Red,3.0,2025-03-11,2025,3,Mar,10:00:26,10.0,,High rip current hazard
888777 - Text - 2025-03-12T15_03_15Z.html,2025-03-12 10:03:15,incoming,ALERTBAY: Yellow flags are flying at the beach today. Moderate rip current hazard. Use caution.. nixle.us/G62N9,Yellow,False,Yellow,2.0,2025-03-12,2025,3,Mar,10:03:15,10.05,nixle.us/G62N9,Moderate rip current hazard
888777 - Text - 2025-03-13T15_20_01Z.html,2025-03-13 10:20:01,incoming,ALERTBAY: Single red flags are flying at the beach today. High rip current hazard. Knee deep is too deep.. nixle.us/G658P,Single Red,False,Single Red,3.0,2025-03-13,2025,3,Mar,10:20:01,10.333333333333334,nixle.us/G658P,High rip current hazard
888777 - Text - 2025-03-14T15_19_31Z.html,2025-03-14 10:19:31,incoming,ALERTBAY: Single red flags are flying at the beach today. High rip current hazard. Knee deep is too deep.. nixle.us/G67XH,Single Red,False,Single Red,3.0,2025-03-14,2025,3,Mar,10:19:31,10.316666666666666,nixle.us/G67XH,High rip current hazard
888777 - Text - 2025-03-15T15_03_38Z.html,2025-03-15 10:03:38,incoming,ALERTBAY: Double red flags are flying at the beach today. The water is closed to the public. Stay on dry sand.. nixle.us/G6BBD,Double Red,False,Double Red,4.0,2025-03-15,2025,3,Mar,10:03:38,10.05,nixle.us/G6BBD,Water closed
888777 - Text - 2025-03-16T15_00_54Z.html,2025-03-16 10:00:54,incoming,ALERTBAY: Double Red flags are flying the beach today. The water is closed to the public. Stay on dry sand. Info at https:// tinyurl.com/y9jlwlbf.,Double Red,False,Double Red,4.0,2025-03-16,2025,3,Mar,10:00:54,10.0,,Water closed
888777 - Text - 2025-03-17T15_00_28Z.html,2025-03-17 10:00:28,incoming,ALERTBAY: Double Red flags are flying the beach today. The water is closed to the public. Stay on dry sand. Info at https:// tinyurl.com/y9jlwlbf.,Double Red,False,Double Red,4.0,2025-03-17,2025,3,Mar,10:00:28,10.0,,Water closed
888777 - Text - 2025-03-18T15_18_18Z.html,2025-03-18 10:18:18,incoming,ALERTBAY: Single red flags are flying at the beach today. High rip current hazard. Knee deep is too deep. More info https:// tinyurl.com/y9jlwlbf.,Single Red,False,Single Red,3.0,2025-03-18,2025,3,Mar,10:18:18,10.3,,High rip current hazard
888777 - Text - 2025-03-19T15_00_44Z.html,2025-03-19 10:00:44,incoming,ALERTBAY: Yellow flags are flying at the beach today. Moderate rip current hazard. For more beach safety info go https://finyurl.com/y9i.,Yellow,False,Yellow,2.0,2025-03-19,2025,3,Mar,10:00:44,10.0,https://finyurl.com/y9i.,Moderate rip current hazard
888777 - Text - 2025-03-20T15_02_22Z.html,2025-03-20 10:02:22,incoming,ALERTBAY: Double red flags are flying at the beach today. The water is closed to the public. Remain on dry sand.. nixle.us/G6QJK,Double Red,False,Double Red,4.0,2025-03-20,2025,3,Mar,10:02:22,10.033333333333333,nixle.us/G6QJK,Water closed
888777 - Text - 2025-03-21T16_01_06Z.html,2025-03-21 11:01:06,incoming,ALERTBAY: Single red flags are flying at the beach today. High rip current hazard.. nixle.us/G6SYR,Single Red,False,Single Red,3.0,2025-03-21,2025,3,Mar,11:01:06,11.016666666666667,nixle.us/G6SYR,High rip current hazard
888777 - Text - 2025-03-22T14_58_25Z.html,2025-03-22 09:58:25,incoming,ALERTBAY: Yellow flags are flying at the beach today. Moderate rip current hazard. Use caution.. nixle.us/G6WZB,Yellow,False,Yellow,2.0,2025-03-22,2025,3,Mar,09:58:25,9.966666666666667,nixle.us/G6WZB,Moderate rip current hazard
888777 - Text - 2025-03-23T15_00_15Z.html,2025-03-23 10:00:15,incoming,ALERTBAY: Yellow flags are flying at the beach today. Moderate rip current hazard. For more beach safety info go https://finyurl.com/y9i.,Yellow,False,Yellow,2.0,2025-03-23,2025,3,Mar,10:00:15,10.0,https://finyurl.com/y9i.,Moderate rip current hazard
888777 - Text - 2025-03-24T15_07_30Z.html,2025-03-24 10:07:30,incoming,ALERTBAY: Yellow flags are flying at the beach today. Moderate rip current hazard. Use caution.. nixle.us/G72SZ,Yellow,False,Yellow,2.0,2025-03-24,2025,3,Mar,10:07:30,10.116666666666667,nixle.us/G72SZ,Moderate rip current hazard
888777 - Text - 2025-03-25T15_00_37Z.html,2025-03-25 10:00:37,incoming,ALERTBAY: Yellow flags are flying at the beach today. Moderate rip current hazard. For more beach safety info go https://finyurl.com/y9i.,Yellow,False,Yellow,2.0,2025-03-25,2025,3,Mar,10:00:37,10.0,https://finyurl.com/y9i.,Moderate rip current hazard
888777 - Text - 2025-03-26T16_49_44Z.html,2025-03-26 11:49:44,incoming,ALERTBAY: Yellow flags are flying at the beach today. Moderate rip current hazard. Use caution.. nixle.us/G77SP,Yellow,False,Yellow,2.0,2025-03-26,2025,3,Mar,11:49:44,11.816666666666666,nixle.us/G77SP,Moderate rip current hazard
888777 - Text - 2025-03-27T15_40_54Z.html,2025-03-27 10:40:54,incoming,ALERTBAY: Yellow flags are flying at the beach today. Moderate rip current hazard. Use caution.. nixle.us/G79YH,Yellow,False,Yellow,2.0,2025-03-27,2025,3,Mar,10:40:54,10.666666666666666,nixle.us/G79YH,Moderate rip current hazard
888777 - Text - 2025-03-28T15_17_08Z.html,2025-03-28 10:17:08,incoming,ALERTBAY: Single red flags are flying at the beach today. High rip current hazard.. nixle.us/G7CCT,Single Red,False,Single Red,3.0,2025-03-28,2025,3,Mar,10:17:08,10.283333333333333,nixle.us/G7CCT,High rip current hazard
888777 - Text - 2025-03-29T15_07_18Z.html,2025-03-29 10:07:18,incoming,ALERTBAY: Double red flags are flying at the beach today. The water is closed to the public.. nixle.us/G7EJ5,Double Red,False,Double Red,4.0,2025-03-29,2025,3,Mar,10:07:18,10.116666666666667,nixle.us/G7EJ5,Water closed
888777 - Text - 2025-03-30T15_01_08Z.html,2025-03-30 10:01:08,incoming,ALERTBAY: Double Red flags are flying at the beach today. The water is closed to the public. Stay on dry sand. Info at https:// tinyurl.com/y9jlwlbf,Double Red,False,Double Red,4.0,2025-03-30,2025,3,Mar,10:01:08,10.016666666666667,,Water closed
888777 - Text - 2025-03-31T15_00_34Z.html,2025-03-31 10:00:34,incoming,ALERTBAY: Single red flags are flying at the beach today. High rip current hazard. Knee deep is too deep. More info https:// tinyurl.com/y9jlwlbf.,Single Red,False,Single Red,3.0,2025-03-31,2025,3,Mar,10:00:34,10.0,,High rip current hazard
888777 - Text - 2025-04-01T15_00_37Z.html,2025-04-01 10:00:37,incoming,ALERTBAY: Single red flags are flying at the beach today. High rip current hazard. Knee deep is too deep. More info https:// tinyurl.com/y9jlwlbf.,Single Red,False,Single Red,3.0,2025-04-01,2025,4,Apr,10:00:37,10.0,,High rip current hazard
888777 - Text - 2025-04-02T15_16_49Z.html,2025-04-02 10:16:49,incoming,ALERTBAY: Single red flags are flying at the beach today. High rip current hazard. Knee deep is too deep.. nixle.us/G7R6X,Single Red,False,Single Red,3.0,2025-04-02,2025,4,Apr,10:16:49,10.266666666666667,nixle.us/G7R6X,High rip current hazard
888777 - Text - 2025-04-03T15_14_55Z.html,2025-04-03 10:14:55,incoming,ALERTBAY: Double red flags are flying at the beach today. The water is closed to the public. nixle.us/G7XB9,Double Red,False,Double Red,4.0,2025-04-03,2025,4,Apr,10:14:55,10.233333333333333,nixle.us/G7XB9,Water closed
888777 - Text - 2025-04-04T15_07_59Z.html,2025-04-04 10:07:59,incoming,ALERTBAY: Todays beach condition in Panama City Beach is: Double Red Flags - Water Closed to the Public.. nixle.us/G828X,Double Red,False,Double Red,4.0,2025-04-04,2025,4,Apr,10:07:59,10.116666666666667,nixle.us/G828X,Water closed
888777 - Text - 2025-04-05T15_19_53Z.html,2025-04-05 10:19:53,incoming,ALERTBAY: Today's beach condition in Panama City Beach is: Double Red Flags - Water Closed to Public.. nixle.us/G859M,Double Red,False,Double Red,4.0,2025-04-05,2025,4,Apr,10:19:53,10.316666666666666,nixle.us/G859M,Water closed
888777 - Text - 2025-04-06T15_00_37Z.html,2025-04-06 10:00:37,incoming,ALERTBAY: * Today's beach condition in Panama City Beach is: Double Red Flags - Water Closed to the Public.. nixle.us/G885R,Double Red,False,Double Red,4.0,2025-04-06,2025,4,Apr,10:00:37,10.0,nixle.us/G885R,Water closed
888777 - Text - 2025-04-07T15_00_35Z.html,2025-04-07 10:00:35,incoming,ALERTBAY: * Today's beach condition in Panama City Beach is: Double Red Flags - Water Closed to the Public.. nixle.us/G8AG7,Double Red,False,Double Red,4.0,2025-04-07,2025,4,Apr,10:00:35,10.0,nixle.us/G8AG7,Water closed
888777 - Text - 2025-04-08T15_11_44Z.html,2025-04-08 10:11:44,incoming,ALERTBAY: Today's beach condition in Panama City Beach is: Red over Purple Flags - High rip current hazard and hazardous marine life present..,Single Red,True,Single Red + Purple,3.0,2025-04-08,2025,4,Apr,10:11:44,10.183333333333334,,High rip current hazard
888777 - Text - 2025-04-09T15_00_51Z.html,2025-04-09 10:00:51,incoming,ALERTBAY: * Today's beach condition in Panama City Beach is: Single Red over Purple Flags - High Rip Current Hazard. Knee deep is too deep..,Single Red,True,Single Red + Purple,3.0,2025-04-09,2025,4,Apr,10:00:51,10.0,,High rip current hazard
888777 - Text - 2025-04-10T14_57_13Z.html,2025-04-10 09:57:13,incoming,ALERTBAY: Today's beach condition in Panama City Beach is: Yellow over Purple Flags - Moderate Rip Current Hazard/Hazardous Marine Life present.,Yellow,True,Yellow + Purple,2.0,2025-04-10,2025,4,Apr,09:57:13,9.95,,Moderate rip current hazard
888777 - Text - 2025-04-11T15_34_32Z.html,2025-04-11 10:34:32,incoming,ALERTBAY: Today's beach condition in Panama City Beach is: Yellow over Purple Flags - Moderate Rip Current Hazard. Marine Pests Present.,Yellow,True,Yellow + Purple,2.0,2025-04-11,2025,4,Apr,10:34:32,10.566666666666666,,Moderate rip current hazard
888777 - Text - 2025-04-12T14_57_36Z.html,2025-04-12 09:57:36,incoming,ALERTBAY: Today's beach condition in Panama City Beach is: Yellow over Purple Flags - Moderate Rip Current Hazard. Marine Pests Present..,Yellow,True,Yellow + Purple,2.0,2025-04-12,2025,4,Apr,09:57:36,9.95,,Moderate rip current hazard
888777 - Text - 2025-04-13T15_08_50Z.html,2025-04-13 10:08:50,incoming,ALERTBAY: * Today's beach condition in Panama City Beach is: Yellow over Purple Flags - Moderate Rip Current Hazard. Use caution.. nixle.us/G8QG7,Yellow,True,Yellow + Purple,2.0,2025-04-13,2025,4,Apr,10:08:50,10.133333333333333,nixle.us/G8QG7,Moderate rip current hazard
888777 - Text - 2025-04-14T15_00_42Z.html,2025-04-14 10:00:42,incoming,ALERTBAY: * Today's beach condition in Panama City Beach is: Yellow Flags - Moderate Rip Current Hazard. Use caution.. nixle.us/G8SF5,Yellow,False,Yellow,2.0,2025-04-14,2025,4,Apr,10:00:42,10.0,nixle.us/G8SF5,Moderate rip current hazard
888777 - Text - 2025-04-15T15_00_33Z.html,2025-04-15 10:00:33,incoming,ALERTBAY: * Today's beach condition in Panama City Beach is: Single Red Flags - High Rip Current Hazard. Knee deep is too deep.. nixle.us/G8WXR,Single Red,False,Single Red,3.0,2025-04-15,2025,4,Apr,10:00:33,10.0,nixle.us/G8WXR,High rip current hazard
888777 - Text - 2025-04-16T15_20_42Z.html,2025-04-16 10:20:42,incoming,ALERTBAY: Today's beach condition in Panama City Beach is: Yellow Flags - Medium Hazard - Moderate Surf and/or Currents. nixle.us/G8ZLD,Yellow,False,Yellow,2.0,2025-04-16,2025,4,Apr,10:20:42,10.333333333333334,nixle.us/G8ZLD,Moderate rip current hazard
888777 - Text - 2025-04-17T15_17_05Z.html,2025-04-17 10:17:05,incoming,ALERTBAY: Today's beach condition in Panama City Beach is: Yellow Flags - Medium Hazard - Moderate Surf and/or Currents. nixle.us/G93X5,Yellow,False,Yellow,2.0,2025-04-17,2025,4,Apr,10:17:05,10.283333333333333,nixle.us/G93X5,Moderate rip current hazard
888777 - Text - 2025-04-18T15_05_20Z.html,2025-04-18 10:05:20,incoming,ALERTBAY: Today's beach condition in Panama City Beach is: Yellow Flags - Medium Hazard - Moderate Surf and/or Currents. nixle.us/G9695,Yellow,False,Yellow,2.0,2025-04-18,2025,4,Apr,10:05:20,10.083333333333334,nixle.us/G9695,Moderate rip current hazard
888777 - Text - 2025-04-19T15_49_48Z.html,2025-04-19 10:49:48,incoming,ALERTBAY: Today's beach condition in Panama City Beach is: Yellow Flags - Medium Hazard - Moderate Surf and/or Currents. nixle.us/G98FZ,Yellow,False,Yellow,2.0,2025-04-19,2025,4,Apr,10:49:48,10.816666666666666,nixle.us/G98FZ,Moderate rip current hazard
888777 - Text - 2025-04-20T15_00_28Z.html,2025-04-20 10:00:28,incoming,ALERTBAY: * Today's beach condition in Panama City Beach is: Single Red Flags - High Rip Current Hazard. Knee deep is too deep.. nixle.us/G9AF9,Single Red,False,Single Red,3.0,2025-04-20,2025,4,Apr,10:00:28,10.0,nixle.us/G9AF9,High rip current hazard
888777 - Text - 2025-04-21T15_02_49Z.html,2025-04-21 10:02:49,incoming,ALERTBAY: * Today's beach condition in Panama City Beach is: Yellow Flags - Moderate Rip Current Hazard. Use caution.. nixle.us/G9CQD,Yellow,False,Yellow,2.0,2025-04-21,2025,4,Apr,10:02:49,10.033333333333333,nixle.us/G9CQD,Moderate rip current hazard
888777 - Text - 2025-04-22T15_03_19Z.html,2025-04-22 10:03:19,incoming,ALERTBAY: Today's beach condition in Panama City Beach is: Yellow Flags - Moderate Rip Current Hazard. Use caution. nixle.us/G9FC5,Yellow,False,Yellow,2.0,2025-04-22,2025,4,Apr,10:03:19,10.05,nixle.us/G9FC5,Moderate rip current hazard
888777 - Text - 2025-04-23T15_00_40Z.html,2025-04-23 10:00:40,incoming,ALERTBAY: * Today's beach condition in Panama City Beach is: Yellow Flags - Moderate Rip Current Hazard. Use caution.. nixle.us/G9HTP,Yellow,False,Yellow,2.0,2025-04-23,2025,4,Apr,10:00:40,10.0,nixle.us/G9HTP,Moderate rip current hazard
888777 - Text - 2025-04-24T15_11_59Z.html,2025-04-24 10:11:59,incoming,ALERTBAY: Today's beach condition in Panama City Beach is: Yellow Flags - Moderate Rip Current Hazard. Use caution. nixle.us/G9LBZ,Yellow,False,Yellow,2.0,2025-04-24,2025,4,Apr,10:11:59,10.183333333333334,nixle.us/G9LBZ,Moderate rip current hazard
888777 - Text - 2025-04-25T15_26_19Z.html,2025-04-25 10:26:19,incoming,ALERTBAY: Today's beach condition in Panama City Beach is: Yellow Flags - Moderate Rip Current Hazard. Use caution. nixle.us/G9NS9,Yellow,False,Yellow,2.0,2025-04-25,2025,4,Apr,10:26:19,10.433333333333334,nixle.us/G9NS9,Moderate rip current hazard
888777 - Text - 2025-04-26T15_21_57Z.html,2025-04-26 10:21:57,incoming,ALERTBAY: Today's beach condition in Panama City Beach is: Yellow Flags - Moderate Rip Current Hazard. Use caution. nixle.us/G9R5D,Yellow,False,Yellow,2.0,2025-04-26,2025,4,Apr,10:21:57,10.35,nixle.us/G9R5D,Moderate rip current hazard
888777 - Text - 2025-04-27T15_00_42Z.html,2025-04-27 10:00:42,incoming,ALERTBAY: * Today's beach condition in Panama City Beach is: Yellow Flags - Moderate Rip Current Hazard. Use caution.. nixle.us/G9T27,Yellow,False,Yellow,2.0,2025-04-27,2025,4,Apr,10:00:42,10.0,nixle.us/G9T27,Moderate rip current hazard
888777 - Text - 2025-04-28T15_00_37Z.html,2025-04-28 10:00:37,incoming,ALERTBAY: * Today's beach condition in Panama City Beach is: Yellow Flags - Moderate Rip Current Hazard. Use caution.. nixle.us/G9X3R,Yellow,False,Yellow,2.0,2025-04-28,2025,4,Apr,10:00:37,10.0,nixle.us/G9X3R,Moderate rip current hazard
888777 - Text - 2025-04-29T15_00_34Z.html,2025-04-29 10:00:34,incoming,ALERTBAY: * Today's beach condition in Panama City Beach is: Yellow Flags - Moderate Rip Current Hazard. Use caution.. nixle.us/G9ZNT,Yellow,False,Yellow,2.0,2025-04-29,2025,4,Apr,10:00:34,10.0,nixle.us/G9ZNT,Moderate rip current hazard
888777 - Text - 2025-04-30T15_00_41Z.html,2025-04-30 10:00:41,incoming,ALERTBAY: * Today's beach condition in Panama City Beach is: Single Red Flags - High Rip Current Hazard. Knee deep is too deep.. nixle.us/GA4NT,Single Red,False,Single Red,3.0,2025-04-30,2025,4,Apr,10:00:41,10.0,nixle.us/GA4NT,High rip current hazard
888777 - Text - 2025-05-01T15_05_34Z.html,2025-05-01 10:05:34,incoming,ALERTBAY: Today's beach condition in Panama City Beach is: Single Red Flags - High Rip Current Hazard. Knee deep is too deep. nixle.us/GA7F3,Single Red,False,Single Red,3.0,2025-05-01,2025,5,May,10:05:34,10.083333333333334,nixle.us/GA7F3,High rip current hazard
888777 - Text - 2025-05-02T15_13_27Z.html,2025-05-02 10:13:27,incoming,ALERTBAY: Today's beach condition in Panama City Beach is: Yellow Flags - Moderate Rip Current Hazard. Use caution.. nixle.us/GAA75,Yellow,False,Yellow,2.0,2025-05-02,2025,5,May,10:13:27,10.216666666666667,nixle.us/GAA75,Moderate rip current hazard
888777 - Text - 2025-05-03T14_58_04Z.html,2025-05-03 09:58:04,incoming,ALERTBAY: Today's beach condition in Panama City Beach is: Single Red Flags - High Rip Current Hazard. Knee deep is too deep. nixle.us/GACRH,Single Red,False,Single Red,3.0,2025-05-03,2025,5,May,09:58:04,9.966666666666667,nixle.us/GACRH,High rip current hazard
888777 - Text - 2025-05-04T15_00_30Z.html,2025-05-04 10:00:30,incoming,ALERTBAY: * Today's beach condition in Panama City Beach is: Yellow Flags - Moderate Rip Current Hazard. Use caution.. nixle.us/GAEW3,Yellow,False,Yellow,2.0,2025-05-04,2025,5,May,10:00:30,10.0,nixle.us/GAEW3,Moderate rip current hazard
888777 - Text - 2025-05-05T15_02_21Z.html,2025-05-05 10:02:21,incoming,ALERTBAY: * Today's beach condition in Panama City Beach is: Yellow Flags - Moderate Rip Current Hazard. Use caution.. nixle.us/GAGZX,Yellow,False,Yellow,2.0,2025-05-05,2025,5,May,10:02:21,10.033333333333333,nixle.us/GAGZX,Moderate rip current hazard
888777 - Text - 2025-05-06T15_00_28Z.html,2025-05-06 10:00:28,incoming,ALERTBAY: * Today's beach condition in Panama City Beach is: Yellow Flags - Moderate Rip Current Hazard. Use caution.. nixle.us/GAKLR,Yellow,False,Yellow,2.0,2025-05-06,2025,5,May,10:00:28,10.0,nixle.us/GAKLR,Moderate rip current hazard
888777 - Text - 2025-05-07T15_02_11Z.html,2025-05-07 10:02:11,incoming,ALERTBAY: * Today's beach condition in Panama City Beach is: Yellow Flags - Moderate Rip Current Hazard. Use caution.. nixle.us/GANH7,Yellow,False,Yellow,2.0,2025-05-07,2025,5,May,10:02:11,10.033333333333333,nixle.us/GANH7,Moderate rip current hazard
888777 - Text - 2025-05-08T15_16_09Z.html,2025-05-08 10:16:09,incoming,ALERTBAY: Today's beach condition in Panama City Beach is: Yellow Flags - Moderate Rip Current Hazard. Use caution. nixle.us/GAR37,Yellow,False,Yellow,2.0,2025-05-08,2025,5,May,10:16:09,10.266666666666667,nixle.us/GAR37,Moderate rip current hazard
888777 - Text - 2025-05-08T15_16_09Z.html,2025-05-08 16:10:16,incoming,ALERTBAY: Single Red Flags are flying at Panama City Beach today. High Rip Current Hazard. Knee deep is too deep.. nixle.us/GARX5,Single Red,False,Single Red,3.0,2025-05-08,2025,5,May,16:10:16,16.166666666666668,nixle.us/GARX5,High rip current hazard
888777 - Text - 2025-05-09T15_07_54Z.html,2025-05-09 10:07:54,incoming,ALERTBAY: Yellow Flags are flying at Panama City Beach today. Moderate Rip Current Hazard. Use caution. nixle.us/GATMM,Yellow,False,Yellow,2.0,2025-05-09,2025,5,May,10:07:54,10.116666666666667,nixle.us/GATMM,Moderate rip current hazard
888777 - Text - 2025-05-10T15_18_36Z.html,2025-05-10 10:18:36,incoming,ALERTBAY: Single Red Flags Are Flying In Panama City Beach. High Rip Current Hazard. Knee Deep Is Too Deep.. nixle.us/GVY3K,Single Red,False,Single Red,3.0,2025-05-10,2025,5,May,10:18:36,10.3,nixle.us/GVY3K,High rip current hazard
888777 - Text - 2025-05-10T15_18_36Z.html,2025-05-10 17:48:13,incoming,ALERTBAY: Double Red Flags Are Flying At Panama City Beach. The Water Is Closed To The Public.. nixle.us/GVY83,Double Red,False,Double Red,4.0,2025-05-10,2025,5,May,17:48:13,17.8,nixle.us/GVY83,Water closed
888777 - Text - 2025-05-11T15_01_02Z.html,2025-05-11 10:01:02,incoming,ALERTBAY: * Today's beach condition in Panama City Beach is: Double Red Flags - Water Closed to the Public.. nixle.us/GAZYZ,Double Red,False,Double Red,4.0,2025-05-11,2025,5,May,10:01:02,10.016666666666667,nixle.us/GAZYZ,Water closed
888777 - Text - 2025-05-12T14_59_35Z.html,2025-05-12 09:59:35,incoming,ALERTBAY: * Today's beach condition in Panama City Beach is: Double Red Flags - Water Closed to the Public.. nixle.us/GB42R,Double Red,False,Double Red,4.0,2025-05-12,2025,5,May,09:59:35,9.983333333333333,nixle.us/GB42R,Water closed
888777 - Text - 2025-05-13T15_00_24Z.html,2025-05-13 10:00:24,incoming,ALERTBAY: * Today's beach condition in Panama City Beach is: Double Red Flags - Water Closed to the Public.. nixle.us/GB6J3,Double Red,False,Double Red,4.0,2025-05-13,2025,5,May,10:00:24,10.0,nixle.us/GB6J3,Water closed
888777 - Text - 2025-05-14T15_02_28Z.html,2025-05-14 10:02:28,incoming,ALERTBAY: Double Red Flags are flying at Panama City Beach Today. The Water Is Closed To The Public.. nixle.us/GB92P,Double Red,False,Double Red,4.0,2025-05-14,2025,5,May,10:02:28,10.033333333333333,nixle.us/GB92P,Water closed
888777 - Text - 2025-05-15T15_17_32Z.html,2025-05-15 10:17:32,incoming,ALERTBAY: Double Red Flags Are Flying At Panama City Beach today. The Water Is Closed To The Public.. nixle.us/GBBQ3,Double Red,False,Double Red,4.0,2025-05-15,2025,5,May,10:17:32,10.283333333333333,nixle.us/GBBQ3,Water closed
888777 - Text - 2025-05-16T15_09_49Z.html,2025-05-16 10:09:49,incoming,ALERTBAY: Single Red Flags Are Flying At Panama City Beach. !!High Rip Current Hazard!! Knee Deep Is Too Deep.. nixle.us/GBEXH,Single Red,False,Single Red,3.0,2025-05-16,2025,5,May,10:09:49,10.15,nixle.us/GBEXH,High rip current hazard
888777 - Text - 2025-05-17T14_53_06Z.html,2025-05-17 09:53:06,incoming,ALERTBAY: Single Red Flags Are Flying At Panama City Beach. High Rip Current Hazard. Knee Deep Is Too Deep. nixle.us/GBJAB,Single Red,False,Single Red,3.0,2025-05-17,2025,5,May,09:53:06,9.883333333333333,nixle.us/GBJAB,High rip current hazard
888777 - Text - 2025-05-18T15_00_38Z.html,2025-05-18 10:00:38,incoming,ALERTBAY: * Today's beach condition in Panama City Beach is: Yellow Flags - Moderate Rip Current Hazard. Use caution.. nixle.us/GBLJR,Yellow,False,Yellow,2.0,2025-05-18,2025,5,May,10:00:38,10.0,nixle.us/GBLJR,Moderate rip current hazard
888777 - Text - 2025-05-20T15_07_28Z.html,2025-05-20 10:07:28,incoming,ALERTBAY: Single Red Flags Are Flying At Panama City Beach. High Rip Current Hazard. Knee Deep Is Too Deep.. nixle.us/GBRYX,Single Red,False,Single Red,3.0,2025-05-20,2025,5,May,10:07:28,10.116666666666667,nixle.us/GBRYX,High rip current hazard
888777 - Text - 2025-05-21T15_00_37Z.html,2025-05-21 10:00:37,incoming,ALERTBAY: * Today's beach condition in Panama City Beach is: Single Red Flags - High Rip Current Hazard. Knee deep is too deep.. nixle.us/GBWNB,Single Red,False,Single Red,3.0,2025-05-21,2025,5,May,10:00:37,10.0,nixle.us/GBWNB,High rip current hazard
888777 - Text - 2025-05-22T15_19_04Z.html,2025-05-22 10:19:04,incoming,ALERTBAY: Yellow Flags Are Flying At Panama City Beach Today. Moderate Rip Current Hazard. Use Caution.. nixle.us/GBZ7R,Yellow,False,Yellow,2.0,2025-05-22,2025,5,May,10:19:04,10.316666666666666,nixle.us/GBZ7R,Moderate rip current hazard
888777 - Text - 2025-05-23T15_19_38Z.html,2025-05-23 10:19:38,incoming,ALERTBAY: Yellow Flags are Flying At Panama City Beach. Moderate Rip Current Hazard. Use Caution.. nixle.us/GC3Q9,Yellow,False,Yellow,2.0,2025-05-23,2025,5,May,10:19:38,10.316666666666666,nixle.us/GC3Q9,Moderate rip current hazard
888777 - Text - 2025-05-24T15_06_48Z.html,2025-05-24 10:06:48,incoming,ALERTBAY: Yellow Flags Are Flying In Panama City Beach. Moderate Rip Current Hazard. Use Caution.. nixle.us/GC66K,Yellow,False,Yellow,2.0,2025-05-24,2025,5,May,10:06:48,10.1,nixle.us/GC66K,Moderate rip current hazard
888777 - Text - 2025-05-25T15_00_49Z.html,2025-05-25 10:00:49,incoming,ALERTBAY: * Today's beach condition in Panama City Beach is: Yellow Flags - Moderate Rip Current Hazard. Use caution.. nixle.us/GC7YX,Yellow,False,Yellow,2.0,2025-05-25,2025,5,May,10:00:49,10.0,nixle.us/GC7YX,Moderate rip current hazard
888777 - Text - 2025-05-25T15_00_49Z.html,2025-05-25 11:21:01,incoming,ALERTBAY: Yellow over Purple Flags Are Flying In Panama City Beach. Moderate Rip Current Hazard. Use Caution. nixle.us/GC843,Yellow,True,Yellow + Purple,2.0,2025-05-25,2025,5,May,11:21:01,11.35,nixle.us/GC843,Moderate rip current hazard
888777 - Text - 2025-05-26T15_16_51Z.html,2025-05-26 10:16:51,incoming,ALERTBAY: Yellow Over Purple Flags Are Flying At Panama City Beach. Moderate Rip Current Hazard / Hazardous Marine Life.. nixle.us/GCA5D,Yellow,True,Yellow + Purple,2.0,2025-05-26,2025,5,May,10:16:51,10.266666666666667,nixle.us/GCA5D,Moderate rip current hazard
888777 - Text - 2025-05-27T15_02_51Z.html,2025-05-27 10:02:51,incoming,ALERTBAY: Yellow over Purple Flags Are Flying In Panama City Beach. Moderate Rip Current Hazard. Use Caution.. nixle.us/GCCDD,Yellow,True,Yellow + Purple,2.0,2025-05-27,2025,5,May,10:02:51,10.033333333333333,nixle.us/GCCDD,Moderate rip current hazard
888777 - Text - 2025-05-28T15_01_06Z.html,2025-05-28 10:01:06,incoming,ALERTBAY: Yellow Flags Are Flying In Panama City Beach. Moderate Rip Current Hazard. Use Caution. nixle.us/GCEZ9,Yellow,False,Yellow,2.0,2025-05-28,2025,5,May,10:01:06,10.016666666666667,nixle.us/GCEZ9,Moderate rip current hazard
888777 - Text - 2025-05-29T16_55_46Z.html,2025-05-29 11:55:46,incoming,ALERTBAY: Yellow Flags Are Flying At Panama City Beach. Moderate Rip Current Hazard. Use Caution.. nixle.us/GCHJM,Yellow,False,Yellow,2.0,2025-05-29,2025,5,May,11:55:46,11.916666666666666,nixle.us/GCHJM,Moderate rip current hazard
888777 - Text - 2025-05-30T15_03_39Z.html,2025-05-30 10:03:39,incoming,ALERTBAY: Yellow Flags Are Flying At Panama City Beach. Moderate Rip Current Hazard. Use Caution. nixle.us/GCKTX,Yellow,False,Yellow,2.0,2025-05-30,2025,5,May,10:03:39,10.05,nixle.us/GCKTX,Moderate rip current hazard
888777 - Text - 2025-05-31T15_02_16Z.html,2025-05-31 10:02:16,incoming,ALERTBAY: Yellow Flags Are Flying At Panama City Beach. Moderate Rip Current Hazard. Use Caution nixle.us/GCNH7,Yellow,False,Yellow,2.0,2025-05-31,2025,5,May,10:02:16,10.033333333333333,nixle.us/GCNH7,Moderate rip current hazard
888777 - Text - 2025-06-01T15_47_06Z.html,2025-06-01 10:47:06,incoming,ALERTBAY: Yellow Flags Are Flying In Panama City Beach. Moderate Rip Current Hazard. Use Caution.. nixle.us/GCRJ7,Yellow,False,Yellow,2.0,2025-06-01,2025,6,Jun,10:47:06,10.783333333333333,nixle.us/GCRJ7,Moderate rip current hazard
888777 - Text - 2025-06-02T15_00_35Z.html,2025-06-02 10:00:35,incoming,ALERTBAY: Yellow Flags Are Flying In Panama City Beach. Moderate Rip Current Hazard. Use Caution.. nixle.us/GCTN7,Yellow,False,Yellow,2.0,2025-06-02,2025,6,Jun,10:00:35,10.0,nixle.us/GCTN7,Moderate rip current hazard
888777 - Text - 2025-06-03T15_00_46Z.html,2025-06-03 10:00:46,incoming,ALERTBAY: Yellow Flags Are Flying In Panama City Beach. Moderate Rip Current Hazard. Use Caution.. nixle.us/GCYAF,Yellow,False,Yellow,2.0,2025-06-03,2025,6,Jun,10:00:46,10.0,nixle.us/GCYAF,Moderate rip current hazard
888777 - Text - 2025-06-04T15_00_31Z.html,2025-06-04 10:00:31,incoming,ALERTBAY: Yellow Flags Are Flying In Panama City Beach. Moderate Rip Current Hazard. Use Caution. nixle.us/GD3BK,Yellow,False,Yellow,2.0,2025-06-04,2025,6,Jun,10:00:31,10.0,nixle.us/GD3BK,Moderate rip current hazard
888777 - Text - 2025-06-05T15_03_25Z.html,2025-06-05 10:03:25,incoming,ALERTBAY: Yellow Flags Are Flying At Panama City Beach. Moderate Rip Current Hazard. Use Caution. nixle.us/GD62Z,Yellow,False,Yellow,2.0,2025-06-05,2025,6,Jun,10:03:25,10.05,nixle.us/GD62Z,Moderate rip current hazard
888777 - Text - 2025-06-06T16_30_47Z.html,2025-06-06 11:30:47,incoming,ALERTBAY: Single RED Flags are Flying at Panama City Beac. HIGH Rip Current Hazard. Knee deep is too deep.. nixle.us/GD8XK,Single Red,False,Single Red,3.0,2025-06-06,2025,6,Jun,11:30:47,11.5,nixle.us/GD8XK,High rip current hazard
888777 - Text - 2025-06-07T15_02_00Z.html,2025-06-07 10:02:00,incoming,ALERTBAY: DOUBLE RED Flags are Flying in Panama City Beach. The water is CLOSED to the public. nixle.us/GDBDP,Double Red,False,Double Red,4.0,2025-06-07,2025,6,Jun,10:02:00,10.033333333333333,nixle.us/GDBDP,Water closed
888777 - Text - 2025-06-08T15_00_51Z.html,2025-06-08 10:00:51,incoming,ALERTBAY: DOUBLE RED Flags are Flying in Panama City Beach. The water is CLOSED to the public. nixle.us/GDDX9,Double Red,False,Double Red,4.0,2025-06-08,2025,6,Jun,10:00:51,10.0,nixle.us/GDDX9,Water closed
888777 - Text - 2025-06-08T15_00_51Z.html,2025-06-08 13:38:47,incoming,ALERTBAY: Single Red Flags Are Flying At Panama City Beach. High Rip Current Hazard. Knee Deep Is Too Deep.. nixle.us/GDE9P,Single Red,False,Single Red,3.0,2025-06-08,2025,6,Jun,13:38:47,13.633333333333333,nixle.us/GDE9P,High rip current hazard
888777 - Text - 2025-06-09T15_01_32Z.html,2025-06-09 10:01:32,incoming,ALERTBAY: Single Red Flags Are Flying At Panama City Beach. High Rip Current Hazard. Knee Deep Is Too Deep. nixle.us/GDGK3,Single Red,False,Single Red,3.0,2025-06-09,2025,6,Jun,10:01:32,10.016666666666667,nixle.us/GDGK3,High rip current hazard
888777 - Text - 2025-06-10T15_01_03Z.html,2025-06-10 10:01:03,incoming,ALERTBAY: Yellow Flags Are Flying In Panama City Beach. Moderate Rip Current Hazard. Use Caution.. nixle.us/GDKAR,Yellow,False,Yellow,2.0,2025-06-10,2025,6,Jun,10:01:03,10.016666666666667,nixle.us/GDKAR,Moderate rip current hazard
888777 - Text - 2025-06-11T15_01_14Z.html,2025-06-11 10:01:14,incoming,ALERTBAY: Yellow Flags Are Flying In Panama City Beach. Moderate Rip Current Hazard. Use Caution. nixle.us/GDMY9,Yellow,False,Yellow,2.0,2025-06-11,2025,6,Jun,10:01:14,10.016666666666667,nixle.us/GDMY9,Moderate rip current hazard
888777 - Text - 2025-06-12T15_01_26Z.html,2025-06-12 10:01:26,incoming,ALERTBAY: Yellow Flags Are Flying At Panama City Beach. Moderate Rip Current Hazard. Use Caution. nixle.us/GDQHF,Yellow,False,Yellow,2.0,2025-06-12,2025,6,Jun,10:01:26,10.016666666666667,nixle.us/GDQHF,Moderate rip current hazard
888777 - Text - 2025-06-13T15_01_18Z.html,2025-06-13 10:01:18,incoming,ALERTBAY: Yellow Flags Are Flying At Panama City Beach. Moderate Rip Current Hazard. Use Caution. nixle.us/GDT33,Yellow,False,Yellow,2.0,2025-06-13,2025,6,Jun,10:01:18,10.016666666666667,nixle.us/GDT33,Moderate rip current hazard
888777 - Text - 2025-06-14T15_08_33Z.html,2025-06-14 10:08:33,incoming,ALERTBAY: Yellow Flags Are Flying At Panama City Beach. Moderate Rip Current Hazard. Use Caution. nixle.us/GDXFX,Yellow,False,Yellow,2.0,2025-06-14,2025,6,Jun,10:08:33,10.133333333333333,nixle.us/GDXFX,Moderate rip current hazard
888777 - Text - 2025-06-15T15_00_53Z.html,2025-06-15 10:00:53,incoming,ALERTBAY: Yellow Flags Are Flying In Panama City Beach. Moderate Rip Current Hazard. Use Caution.. nixle.us/GDZND,Yellow,False,Yellow,2.0,2025-06-15,2025,6,Jun,10:00:53,10.0,nixle.us/GDZND,Moderate rip current hazard
888777 - Text - 2025-06-16T15_00_08Z.html,2025-06-16 10:00:08,incoming,ALERTBAY: Yellow Flags Are Flying At Panama City Beach. Moderate Rip Current Hazard. Use Caution.. nixle.us/GE3S9,Yellow,False,Yellow,2.0,2025-06-16,2025,6,Jun,10:00:08,10.0,nixle.us/GE3S9,Moderate rip current hazard
888777 - Text - 2025-06-17T15_00_42Z.html,2025-06-17 10:00:42,incoming,ALERTBAY: Single Red Flags Are Flying At Panama City Beach. High Rip Current Hazard. Knee Deep Is Too Deep.. nixle.us/GE6KD,Single Red,False,Single Red,3.0,2025-06-17,2025,6,Jun,10:00:42,10.0,nixle.us/GE6KD,High rip current hazard
888777 - Text - 2025-06-18T15_01_00Z.html,2025-06-18 10:01:00,incoming,ALERTBAY: Single Red Flags Are Flying At Panama City Beach. High Rip Current Hazard. Knee Deep Is Too Deep.. nixle.us/GE9E3,Single Red,False,Single Red,3.0,2025-06-18,2025,6,Jun,10:01:00,10.016666666666667,nixle.us/GE9E3,High rip current hazard
888777 - Text - 2025-06-19T15_01_44Z.html,2025-06-19 10:01:44,incoming,ALERTBAY: Single RED Flags Are Flying At Panama City Beach. High Rip Current Hazard. Knee Deep Is Too Deep. nixle.us/GECPX,Single Red,False,Single Red,3.0,2025-06-19,2025,6,Jun,10:01:44,10.016666666666667,nixle.us/GECPX,High rip current hazard
888777 - Text - 2025-06-20T15_09_38Z.html,2025-06-20 10:09:38,incoming,ALERTBAY: 199505. nixle.us/GEFNH,Unknown,False,Unknown,,2025-06-20,2025,6,Jun,10:09:38,10.15,nixle.us/GEFNH,Unknown
888777 - Text - 2025-06-20T15_09_38Z.html,2025-06-20 10:09:57,incoming,ALERTBAY: Single RED Flags Are Flying At Panama City Beach. High Rip Current Hazard. Knee Deep Is Too Deep. nixle.us/GEFNP,Single Red,False,Single Red,3.0,2025-06-20,2025,6,Jun,10:09:57,10.15,nixle.us/GEFNP,High rip current hazard
888777 - Text - 2025-06-21T16_01_58Z.html,2025-06-21 11:01:58,incoming,ALERTBAY: Yellow Flags Are Flying At The Beach Today. Moderate Rip Current Hazard. Use Caution.. nixle.us/GEJDR,Yellow,False,Yellow,2.0,2025-06-21,2025,6,Jun,11:01:58,11.016666666666667,nixle.us/GEJDR,Moderate rip current hazard
888777 - Text - 2025-06-22T15_00_50Z.html,2025-06-22 10:00:50,incoming,ALERTBAY: Yellow Flags Are Flying In Panama City Beach. Moderate Rip Current Hazard. Use Caution.. nixle.us/GELMR,Yellow,False,Yellow,2.0,2025-06-22,2025,6,Jun,10:00:50,10.0,nixle.us/GELMR,Moderate rip current hazard
888777 - Text - 2025-06-23T15_00_43Z.html,2025-06-23 10:00:43,incoming,ALERTBAY: Yellow Flags Are Flying In Panama City Beach. Moderate Rip Current Hazard. Use Caution.. nixle.us/GEP5M,Yellow,False,Yellow,2.0,2025-06-23,2025,6,Jun,10:00:43,10.0,nixle.us/GEP5M,Moderate rip current hazard
888777 - Text - 2025-06-24T15_18_55Z.html,2025-06-24 10:18:55,incoming,ALERTBAY: Yellow Flags Are Flying At Panama City Beach. Moderate Rip Current Hazard. Use Caution.. nixle.us/GERYZ,Yellow,False,Yellow,2.0,2025-06-24,2025,6,Jun,10:18:55,10.3,nixle.us/GERYZ,Moderate rip current hazard
888777 - Text - 2025-06-25T14_59_41Z.html,2025-06-25 09:59:41,incoming,ALERTBAY: Yellow Flags Are Flying At Panama City Beach. Moderate Rip Current Hazard. Use Caution. nixle.us/GEWN3,Yellow,False,Yellow,2.0,2025-06-25,2025,6,Jun,09:59:41,9.983333333333333,nixle.us/GEWN3,Moderate rip current hazard
888777 - Text - 2025-06-26T15_01_46Z.html,2025-06-26 10:01:46,incoming,ALERTBAY: Yellow Flags Are Flying At Panama City Beach. Moderate Rip Current Hazard. Use Caution. nixle.us/GEZMD,Yellow,False,Yellow,2.0,2025-06-26,2025,6,Jun,10:01:46,10.016666666666667,nixle.us/GEZMD,Moderate rip current hazard
888777 - Text - 2025-06-27T15_01_32Z.html,2025-06-27 10:01:32,incoming,ALERTBAY: Yellow Flags Are Flying In Panama City Beach. Moderate Rip Current Hazard. Use Caution.. nixle.us/GF4CD,Yellow,False,Yellow,2.0,2025-06-27,2025,6,Jun,10:01:32,10.016666666666667,nixle.us/GF4CD,Moderate rip current hazard
888777 - Text - 2025-06-28T18_36_54Z.html,2025-06-28 13:36:54,incoming,ALERTBAY: Yellow Flags Are Flying At Panama City Beach. Moderate Rip Current Hazard. USE Caution.. nixle.us/GF79F,Yellow,False,Yellow,2.0,2025-06-28,2025,6,Jun,13:36:54,13.6,nixle.us/GF79F,Moderate rip current hazard
888777 - Text - 2025-06-29T15_01_48Z.html,2025-06-29 10:01:48,incoming,ALERTBAY: Yellow Flags Are Flying In Panama City Beach. Moderate Rip Current Hazard. Use Caution. nixle.us/GF923,Yellow,False,Yellow,2.0,2025-06-29,2025,6,Jun,10:01:48,10.016666666666667,nixle.us/GF923,Moderate rip current hazard
888777 - Text - 2025-06-30T15_00_40Z.html,2025-06-30 10:00:40,incoming,ALERTBAY: Yellow Flags Are Flying In Panama City Beach. Moderate Rip Current Hazard. Use Caution. nixle.us/GFB9M,Yellow,False,Yellow,2.0,2025-06-30,2025,6,Jun,10:00:40,10.0,nixle.us/GFB9M,Moderate rip current hazard
888777 - Text - 2025-07-01T15_04_47Z.html,2025-07-01 10:04:47,incoming,ALERTBAY: Yellow Flags Are Flying At Panama City Beach. Moderate Rip Current Hazard. Use Caution.. nixle.us/GFE5X,Yellow,False,Yellow,2.0,2025-07-01,2025,7,Jul,10:04:47,10.066666666666666,nixle.us/GFE5X,Moderate rip current hazard
888777 - Text - 2025-07-02T15_02_35Z.html,2025-07-02 10:02:35,incoming,ALERTBAY: Yellow Flags Are Flying In Panama City Beach. Moderate Rip Current Hazard. Use Caution. nixle.us/GFGZ9,Yellow,False,Yellow,2.0,2025-07-02,2025,7,Jul,10:02:35,10.033333333333333,nixle.us/GFGZ9,Moderate rip current hazard
888777 - Text - 2025-07-04T15_07_37Z.html,2025-07-04 10:07:37,incoming,ALERTBAY: Yellow Flags Are Flying At Panama City Beach. Moderate Rip Current Hazard. Use Caution. nixle.us/GFNFD,Yellow,False,Yellow,2.0,2025-07-04,2025,7,Jul,10:07:37,10.116666666666667,nixle.us/GFNFD,Moderate rip current hazard
888777 - Text - 2025-07-05T15_38_59Z.html,2025-07-05 10:38:59,incoming,ALERTBAY: Yellow Flags Are Flying At Panama City Beach. Moderate Rip Current Hazard. Use Caution. nixle.us/GFQQT,Yellow,False,Yellow,2.0,2025-07-05,2025,7,Jul,10:38:59,10.633333333333333,nixle.us/GFQQT,Moderate rip current hazard
888777 - Text - 2025-07-06T15_00_48Z.html,2025-07-06 10:00:48,incoming,ALERTBAY: Yellow Flags Are Flying In Panama City Beach. Moderate Rip Current Hazard. Use Caution. nixle.us/GFSMT,Yellow,False,Yellow,2.0,2025-07-06,2025,7,Jul,10:00:48,10.0,nixle.us/GFSMT,Moderate rip current hazard
888777 - Text - 2025-07-07T15_00_44Z.html,2025-07-07 10:00:44,incoming,ALERTBAY: Yellow Flags Are Flying In Panama City Beach. Moderate Rip Current Hazard. Use Caution. nixle.us/GFWY3,Yellow,False,Yellow,2.0,2025-07-07,2025,7,Jul,10:00:44,10.0,nixle.us/GFWY3,Moderate rip current hazard
888777 - Text - 2025-07-08T15_00_40Z.html,2025-07-08 10:00:40,incoming,ALERTBAY: Yellow over Purple Flags Are Flying In Panama City Beach. Moderate Rip Current Hazard. Use Caution. nixle.us/GFZLB,Yellow,True,Yellow + Purple,2.0,2025-07-08,2025,7,Jul,10:00:40,10.0,nixle.us/GFZLB,Moderate rip current hazard
888777 - Text - 2025-07-09T15_12_17Z.html,2025-07-09 10:12:17,incoming,ALERTBAY: Yellow over Purple Flags Are Flying In Panama City Beach. Moderate Rip Current Hazard. Use Caution.. nixle.us/GG4ET,Yellow,True,Yellow + Purple,2.0,2025-07-09,2025,7,Jul,10:12:17,10.2,nixle.us/GG4ET,Moderate rip current hazard
888777 - Text - 2025-07-10T15_02_51Z.html,2025-07-10 10:02:51,incoming,ALERTBAY: Yellow over Purple Flags Are Flying In Panama City Beach. Moderate Rip Current Hazard. Use Caution. nixle.us/GG75H,Yellow,True,Yellow + Purple,2.0,2025-07-10,2025,7,Jul,10:02:51,10.033333333333333,nixle.us/GG75H,Moderate rip current hazard
888777 - Text - 2025-07-11T15_23_21Z.html,2025-07-11 10:23:21,incoming,ALERTBAY: Yellow Over Purple Flags Are Flying At Panama City Beach. Moderate Rip Current Hazard And Marine Pest.. nixle.us/GG9L3,Yellow,True,Yellow + Purple,2.0,2025-07-11,2025,7,Jul,10:23:21,10.383333333333333,nixle.us/GG9L3,Moderate rip current hazard
888777 - Text - 2025-07-12T15_02_51Z.html,2025-07-12 10:02:51,incoming,ALERTBAY: Yellow over Purple Flags Are Flying In Panama City Beach. Moderate Rip Current Hazard. Use Caution. nixle.us/GGC37,Yellow,True,Yellow + Purple,2.0,2025-07-12,2025,7,Jul,10:02:51,10.033333333333333,nixle.us/GGC37,Moderate rip current hazard
888777 - Text - 2025-07-13T15_00_44Z.html,2025-07-13 10:00:44,incoming,ALERTBAY: Yellow over Purple Flags Are Flying In Panama City Beach. Moderate Rip Current Hazard. Use Caution. nixle.us/GGE97,Yellow,True,Yellow + Purple,2.0,2025-07-13,2025,7,Jul,10:00:44,10.0,nixle.us/GGE97,Moderate rip current hazard
888777 - Text - 2025-07-14T15_07_37Z.html,2025-07-14 10:07:37,incoming,ALERTBAY: Yellow Flags Are Flying At Panama City Beach. Moderate Rip Current Hazard. Use Caution.. nixle.us/GGGLT,Yellow,False,Yellow,2.0,2025-07-14,2025,7,Jul,10:07:37,10.116666666666667,nixle.us/GGGLT,Moderate rip current hazard
888777 - Text - 2025-07-15T15_01_03Z.html,2025-07-15 10:01:03,incoming,ALERTBAY: Yellow Flags Are Flying In Panama City Beach. Moderate Rip Current Hazard. Use Caution. nixle.us/GGL23,Yellow,False,Yellow,2.0,2025-07-15,2025,7,Jul,10:01:03,10.016666666666667,nixle.us/GGL23,Moderate rip current hazard
888777 - Text - 2025-07-16T15_03_16Z.html,2025-07-16 10:03:16,incoming,ALERTBAY: Yellow Flags Are Flying In Panama City Beach. Moderate Rip Current Hazard. Use Caution. nixle.us/GGNPX,Yellow,False,Yellow,2.0,2025-07-16,2025,7,Jul,10:03:16,10.05,nixle.us/GGNPX,Moderate rip current hazard
888777 - Text - 2025-07-17T15_03_20Z.html,2025-07-17 10:03:20,incoming,ALERTBAY: Single RED Flags Are Flying At Panama City Beach. High Rip Current Hazard. Knee Deep Is Too Deep. nixle.us/GGRMT,Single Red,False,Single Red,3.0,2025-07-17,2025,7,Jul,10:03:20,10.05,nixle.us/GGRMT,High rip current hazard
888777 - Text - 2025-07-18T15_02_32Z.html,2025-07-18 10:02:32,incoming,ALERTBAY: Single RED Flags Are Flying At Panama City Beach. High Rip Current Hazard. Knee Deep Is Too Deep. nixle.us/GGW9R,Single Red,False,Single Red,3.0,2025-07-18,2025,7,Jul,10:02:32,10.033333333333333,nixle.us/GGW9R,High rip current hazard
888777 - Text - 2025-07-19T15_00_39Z.html,2025-07-19 10:00:39,incoming,ALERTBAY: Yellow Flags Are Flying In Panama City Beach. Moderate Rip Current Hazard. Use Caution. nixle.us/GGYFP,Yellow,False,Yellow,2.0,2025-07-19,2025,7,Jul,10:00:39,10.0,nixle.us/GGYFP,Moderate rip current hazard
888777 - Text - 2025-07-20T15_00_56Z.html,2025-07-20 10:00:56,incoming,ALERTBAY: Yellow Flags Are Flying In Panama City Beach. Moderate Rip Current Hazard. Use Caution. nixle.us/GH2F9,Yellow,False,Yellow,2.0,2025-07-20,2025,7,Jul,10:00:56,10.0,nixle.us/GH2F9,Moderate rip current hazard
888777 - Text - 2025-07-21T15_07_18Z.html,2025-07-21 10:07:18,incoming,ALERTBAY: Yellow Flags Are Flying In Panama City Beach. Moderate Rip Current Hazard. Use Caution. nixle.us/GH4LF,Yellow,False,Yellow,2.0,2025-07-21,2025,7,Jul,10:07:18,10.116666666666667,nixle.us/GH4LF,Moderate rip current hazard
888777 - Text - 2025-07-22T15_42_27Z.html,2025-07-22 10:42:27,incoming,ALERTBAY: Yellow Flags Are Flying At Panama City Beach. Moderate Rip Current Hazard. Use Caution.. nixle.us/GH79P,Yellow,False,Yellow,2.0,2025-07-22,2025,7,Jul,10:42:27,10.7,nixle.us/GH79P,Moderate rip current hazard
888777 - Text - 2025-07-23T14_59_57Z.html,2025-07-23 09:59:57,incoming,ALERTBAY: Yellow Flags Are Flying In Panama City Beach. Moderate Rip Current Hazard. Use Caution. nixle.us/GH9R5,Yellow,False,Yellow,2.0,2025-07-23,2025,7,Jul,09:59:57,9.983333333333333,nixle.us/GH9R5,Moderate rip current hazard
888777 - Text - 2025-07-24T15_34_35Z.html,2025-07-24 10:34:35,incoming,ALERTBAY: Yellow Flags Are Flying In Panama City Beach. Moderate Rip Current Hazard. Use Caution. nixle.us/GHCGZ,Yellow,False,Yellow,2.0,2025-07-24,2025,7,Jul,10:34:35,10.566666666666666,nixle.us/GHCGZ,Moderate rip current hazard
888777 - Text - 2025-07-25T15_13_58Z.html,2025-07-25 10:13:58,incoming,ALERTBAY: Yellow Flags Are Flying In Panama City Beach. Moderate Rip Current Hazard. Use Caution. nixle.us/GHFA3,Yellow,False,Yellow,2.0,2025-07-25,2025,7,Jul,10:13:58,10.216666666666667,nixle.us/GHFA3,Moderate rip current hazard
888777 - Text - 2025-07-25T15_13_58Z.html,2025-07-25 10:14:00,incoming,ALERTBAY: Yellow Flags Are Flying In Panama City Beach. Moderate Rip Current Hazard. Use Caution. nixle.us/GHFA5,Yellow,False,Yellow,2.0,2025-07-25,2025,7,Jul,10:14:00,10.233333333333333,nixle.us/GHFA5,Moderate rip current hazard
888777 - Text - 2025-07-26T16_30_42Z.html,2025-07-26 11:30:42,incoming,ALERTBAY: Yellow Flags Are Flying In Panama City Beach. Moderate Rip Current Hazard. Use Caution. nixle.us/GHJ3K,Yellow,False,Yellow,2.0,2025-07-26,2025,7,Jul,11:30:42,11.5,nixle.us/GHJ3K,Moderate rip current hazard
888777 - Text - 2025-07-27T15_03_45Z.html,2025-07-27 10:03:45,incoming,ALERTBAY: Yellow Flags Are Flying In Panama City Beach. Moderate Rip Current Hazard. Use Caution. nixle.us/GHL4T,Yellow,False,Yellow,2.0,2025-07-27,2025,7,Jul,10:03:45,10.05,nixle.us/GHL4T,Moderate rip current hazard
888777 - Text - 2025-07-28T15_01_11Z.html,2025-07-28 10:01:11,incoming,ALERTBAY: Yellow Flags Are Flying In Panama City Beach. Moderate Rip Current Hazard. Use Caution. nixle.us/GHNMT,Yellow,False,Yellow,2.0,2025-07-28,2025,7,Jul,10:01:11,10.016666666666667,nixle.us/GHNMT,Moderate rip current hazard
888777 - Text - 2025-07-29T15_13_35Z.html,2025-07-29 10:13:35,incoming,ALERTBAY: Yellow Flags Are Flying In Panama City Beach. Moderate Rip Current Hazard. Use Caution. nixle.us/GHREK,Yellow,False,Yellow,2.0,2025-07-29,2025,7,Jul,10:13:35,10.216666666666667,nixle.us/GHREK,Moderate rip current hazard
888777 - Text - 2025-07-30T15_00_08Z.html,2025-07-30 10:00:08,incoming,ALERTBAY: Yellow Flags Are Flying In Panama City Beach. Moderate Rip Current Hazard. Use Caution. nixle.us/GHWF7,Yellow,False,Yellow,2.0,2025-07-30,2025,7,Jul,10:00:08,10.0,nixle.us/GHWF7,Moderate rip current hazard
888777 - Text - 2025-07-31T15_06_58Z.html,2025-07-31 10:06:58,incoming,ALERTBAY: Yellow Flags Are Flying In Panama City Beach. Moderate Rip Current Hazard. Use Caution. nixle.us/GHZ9Z,Yellow,False,Yellow,2.0,2025-07-31,2025,7,Jul,10:06:58,10.1,nixle.us/GHZ9Z,Moderate rip current hazard
888777 - Text - 2025-08-01T15_02_18Z.html,2025-08-01 10:02:18,incoming,ALERTBAY: Yellow Flags Are Flying In Panama City Beach. Moderate Rip Current Hazard. Use Caution. nixle.us/GJ4BF,Yellow,False,Yellow,2.0,2025-08-01,2025,8,Aug,10:02:18,10.033333333333333,nixle.us/GJ4BF,Moderate rip current hazard
888777 - Text - 2025-08-02T15_10_07Z.html,2025-08-02 10:10:07,incoming,ALERTBAY: Yellow Flags Are Flying In Panama City Beach. Moderate Rip Current Hazard. Use Caution. nixle.us/GJ6MB,Yellow,False,Yellow,2.0,2025-08-02,2025,8,Aug,10:10:07,10.166666666666666,nixle.us/GJ6MB,Moderate rip current hazard
888777 - Text - 2025-08-03T15_01_27Z.html,2025-08-03 10:01:27,incoming,ALERTBAY: Yellow Flags Are Flying In Panama City Beach. Moderate Rip Current Hazard. Use Caution. nixle.us/GJ8N5,Yellow,False,Yellow,2.0,2025-08-03,2025,8,Aug,10:01:27,10.016666666666667,nixle.us/GJ8N5,Moderate rip current hazard
888777 - Text - 2025-08-04T15_01_06Z.html,2025-08-04 10:01:06,incoming,ALERTBAY: Yellow Flags Are Flying In Panama City Beach. Moderate Rip Current Hazard. Use Caution. nixle.us/GJAXH,Yellow,False,Yellow,2.0,2025-08-04,2025,8,Aug,10:01:06,10.016666666666667,nixle.us/GJAXH,Moderate rip current hazard
888777 - Text - 2025-08-05T15_00_59Z.html,2025-08-05 10:00:59,incoming,ALERTBAY: Yellow Flags Are Flying In Panama City Beach. Moderate Rip Current Hazard. Use Caution. nixle.us/GJDGP,Yellow,False,Yellow,2.0,2025-08-05,2025,8,Aug,10:00:59,10.0,nixle.us/GJDGP,Moderate rip current hazard
888777 - Text - 2025-08-06T15_00_53Z.html,2025-08-06 10:00:53,incoming,ALERTBAY: Yellow Flags Are Flying In Panama City Beach. Moderate Rip Current Hazard. Use Caution. nixle.us/GJFZ5,Yellow,False,Yellow,2.0,2025-08-06,2025,8,Aug,10:00:53,10.0,nixle.us/GJFZ5,Moderate rip current hazard
888777 - Text - 2025-08-07T15_00_51Z.html,2025-08-07 10:00:51,incoming,ALERTBAY: Yellow Flags Are Flying In Panama City Beach. Moderate Rip Current Hazard. Use Caution. nixle.us/GJJL9,Yellow,False,Yellow,2.0,2025-08-07,2025,8,Aug,10:00:51,10.0,nixle.us/GJJL9,Moderate rip current hazard
888777 - Text - 2025-08-08T15_00_24Z.html,2025-08-08 10:00:24,incoming,ALERTBAY: Yellow Flags Are Flying In Panama City Beach. Moderate Rip Current Hazard. Use Caution. nixle.us/GJM4R,Yellow,False,Yellow,2.0,2025-08-08,2025,8,Aug,10:00:24,10.0,nixle.us/GJM4R,Moderate rip current hazard
888777 - Text - 2025-08-09T15_04_47Z.html,2025-08-09 10:04:47,incoming,ALERTBAY: Yellow Flags Are Flying In Panama City Beach. Moderate Rip Current Hazard. Use Caution. nixle.us/GJPKF,Yellow,False,Yellow,2.0,2025-08-09,2025,8,Aug,10:04:47,10.066666666666666,nixle.us/GJPKF,Moderate rip current hazard
888777 - Text - 2025-08-10T15_00_54Z.html,2025-08-10 10:00:54,incoming,ALERTBAY: Yellow Flags Are Flying In Panama City Beach. Moderate Rip Current Hazard. Use Caution. nixle.us/GJRL7,Yellow,False,Yellow,2.0,2025-08-10,2025,8,Aug,10:00:54,10.0,nixle.us/GJRL7,Moderate rip current hazard
888777 - Text - 2025-08-11T15_01_17Z.html,2025-08-11 10:01:17,incoming,ALERTBAY: Yellow Flags Are Flying At Panama City Beach. Moderate Rip Current Hazard. Use Caution. nixle.us/GJTTX,Yellow,False,Yellow,2.0,2025-08-11,2025,8,Aug,10:01:17,10.016666666666667,nixle.us/GJTTX,Moderate rip current hazard
888777 - Text - 2025-08-12T15_00_35Z.html,2025-08-12 10:00:35,incoming,ALERTBAY: Single Red Flags Are Flying At Panama City Beach. High Rip Current Hazard. Knee Deep Is Too Deep. nixle.us/GJYDX,Single Red,False,Single Red,3.0,2025-08-12,2025,8,Aug,10:00:35,10.0,nixle.us/GJYDX,High rip current hazard
888777 - Text - 2025-08-13T14_58_50Z.html,2025-08-13 09:58:50,incoming,ALERTBAY: Single RED Flags Are Flying At Panama City Beach. High Rip Current Hazard. Knee Deep Is Too Deep. nixle.us/GK353,Single Red,False,Single Red,3.0,2025-08-13,2025,8,Aug,09:58:50,9.966666666666667,nixle.us/GK353,High rip current hazard
888777 - Text - 2025-08-14T15_06_03Z.html,2025-08-14 10:06:03,incoming,ALERTBAY: Single RED Flags Are Flying At Panama City Beach. High Rip Current Hazard. Knee Deep Is Too Deep. nixle.us/GK5WM,Single Red,False,Single Red,3.0,2025-08-14,2025,8,Aug,10:06:03,10.1,nixle.us/GK5WM,High rip current hazard
888777 - Text - 2025-08-15T16_53_52Z.html,2025-08-15 11:53:52,incoming,ALERTBAY: Yellow Flags Are Flying In Panama City Beach. Moderate Rip Current Hazard. Use Caution. nixle.us/GK8N7,Yellow,False,Yellow,2.0,2025-08-15,2025,8,Aug,11:53:52,11.883333333333333,nixle.us/GK8N7,Moderate rip current hazard
888777 - Text - 2025-08-16T15_00_42Z.html,2025-08-16 10:00:42,incoming,ALERTBAY: Yellow Flags Are Flying At The Beach Today. Moderate Rip Current Hazard. Use Caution.. nixle.us/GKARH,Yellow,False,Yellow,2.0,2025-08-16,2025,8,Aug,10:00:42,10.0,nixle.us/GKARH,Moderate rip current hazard
888777 - Text - 2025-08-17T15_01_02Z.html,2025-08-17 10:01:02,incoming,ALERTBAY: Yellow Flags Are Flying In Panama City Beach. Moderate Rip Current Hazard. Use Caution. nixle.us/GKD69,Yellow,False,Yellow,2.0,2025-08-17,2025,8,Aug,10:01:02,10.016666666666667,nixle.us/GKD69,Moderate rip current hazard
888777 - Text - 2025-08-18T15_00_41Z.html,2025-08-18 10:00:41,incoming,ALERTBAY: Yellow Flags Are Flying In Panama City Beach. Moderate Rip Current Hazard. Use Caution. nixle.us/GKFFZ,Yellow,False,Yellow,2.0,2025-08-18,2025,8,Aug,10:00:41,10.0,nixle.us/GKFFZ,Moderate rip current hazard
888777 - Text - 2025-08-19T15_00_51Z.html,2025-08-19 10:00:51,incoming,ALERTBAY: Yellow Flags Are Flying In Panama City Beach. Moderate Rip Current Hazard. Use Caution. nixle.us/GKJ87,Yellow,False,Yellow,2.0,2025-08-19,2025,8,Aug,10:00:51,10.0,nixle.us/GKJ87,Moderate rip current hazard
888777 - Text - 2025-08-20T15_44_55Z.html,2025-08-20 10:44:55,incoming,ALERTBAY: Yellow Flags Are Flying In Panama City Beach. Moderate Rip Current Hazard. Use Caution. nixle.us/GKLZK,Yellow,False,Yellow,2.0,2025-08-20,2025,8,Aug,10:44:55,10.733333333333333,nixle.us/GKLZK,Moderate rip current hazard
888777 - Text - 2025-08-22T15_09_59Z.html,2025-08-22 10:09:59,incoming,ALERTBAY: Yellow Flags Are Flying In Panama City Beach. Moderate Rip Current Hazard. Use Caution. nixle.us/GKS5Z,Yellow,False,Yellow,2.0,2025-08-22,2025,8,Aug,10:09:59,10.15,nixle.us/GKS5Z,Moderate rip current hazard
888777 - Text - 2025-08-23T15_02_29Z.html,2025-08-23 10:02:29,incoming,ALERTBAY: Single RED Flags Are Flying At Panama City Beach. High Rip Current Hazard. Knee Deep Is Too Deep. nixle.us/GKWCD,Single Red,False,Single Red,3.0,2025-08-23,2025,8,Aug,10:02:29,10.033333333333333,nixle.us/GKWCD,High rip current hazard
888777 - Text - 2025-08-24T15_03_08Z.html,2025-08-24 10:03:08,incoming,ALERTBAY: Yellow Flags Are Flying In Panama City Beach. Moderate Rip Current Hazard. Use Caution. nixle.us/GKYBB,Yellow,False,Yellow,2.0,2025-08-24,2025,8,Aug,10:03:08,10.05,nixle.us/GKYBB,Moderate rip current hazard
888777 - Text - 2025-08-26T15_00_46Z.html,2025-08-26 10:00:46,incoming,ALERTBAY: Yellow Flags Are Flying In Panama City Beach. Moderate Rip Current Hazard. Use Caution. nixle.us/GL55H,Yellow,False,Yellow,2.0,2025-08-26,2025,8,Aug,10:00:46,10.0,nixle.us/GL55H,Moderate rip current hazard
888777 - Text - 2025-08-27T14_59_11Z.html,2025-08-27 09:59:11,incoming,ALERTBAY: Yellow Flags Are Flying In Panama City Beach. Moderate Rip Current Hazard. Use Caution. nixle.us/GL7NF,Yellow,False,Yellow,2.0,2025-08-27,2025,8,Aug,09:59:11,9.983333333333333,nixle.us/GL7NF,Moderate rip current hazard
888777 - Text - 2025-08-28T15_01_15Z.html,2025-08-28 10:01:15,incoming,ALERTBAY: Yellow Flags Are Flying In Panama City Beach. Moderate Rip Current Hazard. Use Caution. nixle.us/GLABX,Yellow,False,Yellow,2.0,2025-08-28,2025,8,Aug,10:01:15,10.016666666666667,nixle.us/GLABX,Moderate rip current hazard
888777 - Text - 2025-08-29T15_55_14Z.html,2025-08-29 10:55:14,incoming,ALERTBAY: Yellow Flags Are Flying In Panama City Beach. Moderate Rip Current Hazard. Use Caution. nixle.us/GLCXR,Yellow,False,Yellow,2.0,2025-08-29,2025,8,Aug,10:55:14,10.916666666666666,nixle.us/GLCXR,Moderate rip current hazard
888777 - Text - 2025-08-30T15_18_09Z.html,2025-08-30 10:18:09,incoming,ALERTBAY: Yellow Flags Are Flying At Panama City Beach. Moderate Rip Current Hazard. Use Caution.. nixle.us/GLF3X,Yellow,False,Yellow,2.0,2025-08-30,2025,8,Aug,10:18:09,10.3,nixle.us/GLF3X,Moderate rip current hazard
888777 - Text - 2025-08-30T15_18_09Z.html,2025-08-30 10:42:30,incoming,ALERTBAY: Yellow Flags Are Flying In Panama City Beach. Moderate Rip Current Hazard. Use Caution. nixle.us/GLF4Z,Yellow,False,Yellow,2.0,2025-08-30,2025,8,Aug,10:42:30,10.7,nixle.us/GLF4Z,Moderate rip current hazard
888777 - Text - 2025-08-31T15_00_42Z.html,2025-08-31 10:00:42,incoming,ALERTBAY: Yellow Flags Are Flying In Panama City Beach. Moderate Rip Current Hazard. Use Caution. nixle.us/GLGYH,Yellow,False,Yellow,2.0,2025-08-31,2025,8,Aug,10:00:42,10.0,nixle.us/GLGYH,Moderate rip current hazard
888777 - Text - 2025-09-01T15_00_44Z.html,2025-09-01 10:00:44,incoming,ALERTBAY: Yellow Flags Are Flying In Panama City Beach. Moderate Rip Current Hazard. Use Caution. nixle.us/GLJSH,Yellow,False,Yellow,2.0,2025-09-01,2025,9,Sep,10:00:44,10.0,nixle.us/GLJSH,Moderate rip current hazard
888777 - Text - 2025-09-02T15_00_42Z.html,2025-09-02 10:00:42,incoming,ALERTBAY: Yellow Flags Are Flying In Panama City Beach. Moderate Rip Current Hazard. Use Caution. nixle.us/GLLYD,Yellow,False,Yellow,2.0,2025-09-02,2025,9,Sep,10:00:42,10.0,nixle.us/GLLYD,Moderate rip current hazard
888777 - Text - 2025-09-03T15_08_48Z.html,2025-09-03 10:08:48,incoming,ALERTBAY: Yellow Flags Are Flying In Panama City Beach. Moderate Rip Current Hazard. Use Caution. nixle.us/GLPER,Yellow,False,Yellow,2.0,2025-09-03,2025,9,Sep,10:08:48,10.133333333333333,nixle.us/GLPER,Moderate rip current hazard
888777 - Text - 2025-09-04T14_58_35Z.html,2025-09-04 09:58:35,incoming,ALERTBAY: Yellow Flags Are Flying In Panama City Beach. Moderate Rip Current Hazard. Use Caution. nixle.us/GLRWX,Yellow,False,Yellow,2.0,2025-09-04,2025,9,Sep,09:58:35,9.966666666666667,nixle.us/GLRWX,Moderate rip current hazard
888777 - Text - 2025-09-05T15_01_42Z.html,2025-09-05 10:01:42,incoming,ALERTBAY: Yellow Flags Are Flying In Panama City Beach. Moderate Rip Current Hazard. Use Caution. nixle.us/GLWDZ,Yellow,False,Yellow,2.0,2025-09-05,2025,9,Sep,10:01:42,10.016666666666667,nixle.us/GLWDZ,Moderate rip current hazard
888777 - Text - 2025-09-06T15_03_58Z.html,2025-09-06 10:03:58,incoming,ALERTBAY: Yellow Flags Are Flying In Panama City Beach. Moderate Rip Current Hazard. Use Caution. nixle.us/GLYNF,Yellow,False,Yellow,2.0,2025-09-06,2025,9,Sep,10:03:58,10.05,nixle.us/GLYNF,Moderate rip current hazard
888777 - Text - 2025-09-07T15_03_11Z.html,2025-09-07 10:03:11,incoming,ALERTBAY: Yellow Flags Are Flying At Panama City Beach. Moderate Rip Current Hazard. Use Caution.. nixle.us/GM2X3,Yellow,False,Yellow,2.0,2025-09-07,2025,9,Sep,10:03:11,10.05,nixle.us/GM2X3,Moderate rip current hazard
888777 - Text - 2025-09-08T15_03_52Z.html,2025-09-08 10:03:52,incoming,ALERTBAY: Yellow Flags Are Flying In Panama City Beach. Moderate Rip Current Hazard. Use Caution. nixle.us/GM52K,Yellow,False,Yellow,2.0,2025-09-08,2025,9,Sep,10:03:52,10.05,nixle.us/GM52K,Moderate rip current hazard
888777 - Text - 2025-09-09T15_11_21Z.html,2025-09-09 10:11:21,incoming,ALERTBAY: Yellow Flags Are Flying At Panama City Beach. Moderate Rip Current Hazard. Use Caution.. nixle.us/GM7FT,Yellow,False,Yellow,2.0,2025-09-09,2025,9,Sep,10:11:21,10.183333333333334,nixle.us/GM7FT,Moderate rip current hazard
888777 - Text - 2025-09-10T15_06_05Z.html,2025-09-10 10:06:05,incoming,ALERTBAY: Yellow Flags Are Flying In Panama City Beach. Moderate Rip Current Hazard. Use Caution. nixle.us/GM9XT,Yellow,False,Yellow,2.0,2025-09-10,2025,9,Sep,10:06:05,10.1,nixle.us/GM9XT,Moderate rip current hazard
888777 - Text - 2025-09-11T15_08_30Z.html,2025-09-11 10:08:30,incoming,ALERTBAY: Yellow Flags Are Flying In Panama City Beach. Moderate Rip Current Hazard. Use Caution. nixle.us/GMCER,Yellow,False,Yellow,2.0,2025-09-11,2025,9,Sep,10:08:30,10.133333333333333,nixle.us/GMCER,Moderate rip current hazard
888777 - Text - 2025-09-12T14_59_43Z.html,2025-09-12 09:59:43,incoming,ALERTBAY: Yellow Flags Are Flying In Panama City Beach. Moderate Rip Current Hazard. Use Caution. nixle.us/GMEWB,Yellow,False,Yellow,2.0,2025-09-12,2025,9,Sep,09:59:43,9.983333333333333,nixle.us/GMEWB,Moderate rip current hazard
888777 - Text - 2025-09-13T15_09_22Z.html,2025-09-13 10:09:22,incoming,ALERTBAY: Yellow Flags Are Flying In Panama City Beach. Moderate Rip Current Hazard. Use Caution. nixle.us/GMH7R,Yellow,False,Yellow,2.0,2025-09-13,2025,9,Sep,10:09:22,10.15,nixle.us/GMH7R,Moderate rip current hazard
888777 - Text - 2025-09-14T16_38_48Z.html,2025-09-14 11:38:48,incoming,ALERTBAY: Yellow Flags Are Flying At Panama City Beach. Moderate Rip Current Hazard. Use Caution.. nixle.us/GMK9H,Yellow,False,Yellow,2.0,2025-09-14,2025,9,Sep,11:38:48,11.633333333333333,nixle.us/GMK9H,Moderate rip current hazard
888777 - Text - 2025-09-15T15_08_17Z.html,2025-09-15 10:08:17,incoming,ALERTBAY: Yellow Flags Are Flying In Panama City Beach. Moderate Rip Current Hazard. Use Caution. nixle.us/GMM93,Yellow,False,Yellow,2.0,2025-09-15,2025,9,Sep,10:08:17,10.133333333333333,nixle.us/GMM93,Moderate rip current hazard
888777 - Text - 2025-09-16T15_01_53Z.html,2025-09-16 10:01:53,incoming,ALERTBAY: Yellow Flags Are Flying In Panama City Beach. Moderate Rip Current Hazard. Use Caution.. nixle.us/GMPMZ,Yellow,False,Yellow,2.0,2025-09-16,2025,9,Sep,10:01:53,10.016666666666667,nixle.us/GMPMZ,Moderate rip current hazard
888777 - Text - 2025-09-17T15_37_31Z.html,2025-09-17 10:37:31,incoming,ALERTBAY: Yellow Flags Are Flying In Panama City Beach. Moderate Rip Current Hazard. Use Caution. nixle.us/GMS7D,Yellow,False,Yellow,2.0,2025-09-17,2025,9,Sep,10:37:31,10.616666666666667,nixle.us/GMS7D,Moderate rip current hazard
888777 - Text - 2025-09-18T14_59_24Z.html,2025-09-18 09:59:24,incoming,ALERTBAY: Yellow Flags Are Flying In Panama City Beach. Moderate Rip Current Hazard. Use Caution. nixle.us/GMWLM,Yellow,False,Yellow,2.0,2025-09-18,2025,9,Sep,09:59:24,9.983333333333333,nixle.us/GMWLM,Moderate rip current hazard
888777 - Text - 2025-09-19T15_05_00Z.html,2025-09-19 10:05:00,incoming,ALERTBAY: Yellow Flags Are Flying In Panama City Beach. Moderate Rip Current Hazard. Use Caution. nixle.us/GMZ7T,Yellow,False,Yellow,2.0,2025-09-19,2025,9,Sep,10:05:00,10.083333333333334,nixle.us/GMZ7T,Moderate rip current hazard
888777 - Text - 2025-09-20T14_56_48Z.html,2025-09-20 09:56:48,incoming,ALERTBAY: Yellow Flags Are Flying At Panama City Beach. Moderate Rip Current Hazard. Use Caution.. nixle.us/GN3HF,Yellow,False,Yellow,2.0,2025-09-20,2025,9,Sep,09:56:48,9.933333333333334,nixle.us/GN3HF,Moderate rip current hazard
888777 - Text - 2025-09-21T15_04_11Z.html,2025-09-21 10:04:11,incoming,ALERTBAY: Yellow Flags Are Flying In Panama City Beach. Moderate Rip Current Hazard. Use Caution. nixle.us/GN5GB,Yellow,False,Yellow,2.0,2025-09-21,2025,9,Sep,10:04:11,10.066666666666666,nixle.us/GN5GB,Moderate rip current hazard
888777 - Text - 2025-09-22T15_01_17Z.html,2025-09-22 10:01:17,incoming,ALERTBAY: Yellow Flags Are Flying In Panama City Beach. Moderate Rip Current Hazard. Use Caution. nixle.us/GN7QZ,Yellow,False,Yellow,2.0,2025-09-22,2025,9,Sep,10:01:17,10.016666666666667,nixle.us/GN7QZ,Moderate rip current hazard
888777 - Text - 2025-09-23T15_00_47Z.html,2025-09-23 10:00:47,incoming,ALERTBAY: Yellow Flags Are Flying In Panama City Beach. Moderate Rip Current Hazard. Use Caution. nixle.us/GNA9R,Yellow,False,Yellow,2.0,2025-09-23,2025,9,Sep,10:00:47,10.0,nixle.us/GNA9R,Moderate rip current hazard
888777 - Text - 2025-09-24T15_15_51Z.html,2025-09-24 10:15:51,incoming,ALERTBAY: Yellow Flags Are Flying In Panama City Beach. Moderate Rip Current Hazard. Use Caution. nixle.us/GNCW9,Yellow,False,Yellow,2.0,2025-09-24,2025,9,Sep,10:15:51,10.25,nixle.us/GNCW9,Moderate rip current hazard
888777 - Text - 2025-09-25T15_03_03Z.html,2025-09-25 10:03:03,incoming,ALERTBAY: Yellow Flags Are Flying In Panama City Beach. Moderate Rip Current Hazard. Use Caution. nixle.us/GNFAB,Yellow,False,Yellow,2.0,2025-09-25,2025,9,Sep,10:03:03,10.05,nixle.us/GNFAB,Moderate rip current hazard
888777 - Text - 2025-09-26T15_01_06Z.html,2025-09-26 10:01:06,incoming,ALERTBAY: Yellow Flags Are Flying In Panama City Beach. Moderate Rip Current Hazard. Use Caution. nixle.us/GNHWT,Yellow,False,Yellow,2.0,2025-09-26,2025,9,Sep,10:01:06,10.016666666666667,nixle.us/GNHWT,Moderate rip current hazard
888777 - Text - 2025-09-28T15_10_57Z.html,2025-09-28 10:10:57,incoming,ALERTBAY: Yellow Flags Are Flying In Panama City Beach. Moderate Rip Current Hazard. Use Caution. nixle.us/GNN5M,Yellow,False,Yellow,2.0,2025-09-28,2025,9,Sep,10:10:57,10.166666666666666,nixle.us/GNN5M,Moderate rip current hazard
888777 - Text - 2025-09-29T15_00_41Z.html,2025-09-29 10:00:41,incoming,ALERTBAY: Yellow Flags Are Flying In Panama City Beach. Moderate Rip Current Hazard. Use Caution. nixle.us/GNQ7B,Yellow,False,Yellow,2.0,2025-09-29,2025,9,Sep,10:00:41,10.0,nixle.us/GNQ7B,Moderate rip current hazard
888777 - Text - 2025-09-30T15_01_17Z.html,2025-09-30 10:01:17,incoming,ALERTBAY: Yellow Flags Are Flying In Panama City Beach. Moderate Rip Current Hazard. Use Caution. nixle.us/GNSNF,Yellow,False,Yellow,2.0,2025-09-30,2025,9,Sep,10:01:17,10.016666666666667,nixle.us/GNSNF,Moderate rip current hazard
888777 - Text - 2025-10-01T15_01_55Z.html,2025-10-01 10:01:55,incoming,ALERTBAY: Yellow Flags Are Flying In Panama City Beach. Moderate Rip Current Hazard. Use Caution. nixle.us/GNX6R,Yellow,False,Yellow,2.0,2025-10-01,2025,10,Oct,10:01:55,10.016666666666667,nixle.us/GNX6R,Moderate rip current hazard
888777 - Text - 2025-10-02T14_58_57Z.html,2025-10-02 09:58:57,incoming,ALERTBAY: Yellow Flags Are Flying In Panama City Beach. Moderate Rip Current Hazard. Use Caution. nixle.us/GNZKP,Yellow,False,Yellow,2.0,2025-10-02,2025,10,Oct,09:58:57,9.966666666666667,nixle.us/GNZKP,Moderate rip current hazard
888777 - Text - 2025-10-03T14_59_22Z.html,2025-10-03 09:59:22,incoming,ALERTBAY: Yellow Flags Are Flying In Panama City Beach. Moderate Rip Current Hazard. Use Caution. nixle.us/GP3ZD,Yellow,False,Yellow,2.0,2025-10-03,2025,10,Oct,09:59:22,9.983333333333333,nixle.us/GP3ZD,Moderate rip current hazard
888777 - Text - 2025-10-05T15_00_52Z.html,2025-10-05 10:00:52,incoming,ALERTBAY: Yellow Flags Are Flying In Panama City Beach. Moderate Rip Current Hazard. Use Caution. nixle.us/GP82Z,Yellow,False,Yellow,2.0,2025-10-05,2025,10,Oct,10:00:52,10.0,nixle.us/GP82Z,Moderate rip current hazard
888777 - Text - 2025-10-06T15_00_42Z.html,2025-10-06 10:00:42,incoming,ALERTBAY: Yellow Flags Are Flying In Panama City Beach. Moderate Rip Current Hazard. Use Caution. nixle.us/GPA7M,Yellow,False,Yellow,2.0,2025-10-06,2025,10,Oct,10:00:42,10.0,nixle.us/GPA7M,Moderate rip current hazard
888777 - Text - 2025-10-07T15_01_27Z.html,2025-10-07 10:01:27,incoming,ALERTBAY: Yellow Flags Are Flying In Panama City Beach. Moderate Rip Current Hazard. Use Caution. nixle.us/GPCLP,Yellow,False,Yellow,2.0,2025-10-07,2025,10,Oct,10:01:27,10.016666666666667,nixle.us/GPCLP,Moderate rip current hazard
888777 - Text - 2025-10-08T14_58_59Z.html,2025-10-08 09:58:59,incoming,ALERTBAY: Yellow Flags Are Flying In Panama City Beach. Moderate Rip Current Hazard. Use Caution. nixle.us/GPF57,Yellow,False,Yellow,2.0,2025-10-08,2025,10,Oct,09:58:59,9.966666666666667,nixle.us/GPF57,Moderate rip current hazard
888777 - Text - 2025-10-10T15_01_35Z.html,2025-10-10 10:01:35,incoming,ALERTBAY: Yellow Flags Are Flying In Panama City Beach. Moderate Rip Current Hazard. Use Caution. nixle.us/GPKZM,Yellow,False,Yellow,2.0,2025-10-10,2025,10,Oct,10:01:35,10.016666666666667,nixle.us/GPKZM,Moderate rip current hazard
888777 - Text - 2025-10-11T15_06_51Z.html,2025-10-11 10:06:51,incoming,ALERTBAY: Yellow Flags Are Flying At Panama City Beach Today. Moderate Rip Current Hazard. Use Caution.. nixle.us/GPN9Z,Yellow,False,Yellow,2.0,2025-10-11,2025,10,Oct,10:06:51,10.1,nixle.us/GPN9Z,Moderate rip current hazard
888777 - Text - 2025-10-12T15_00_48Z.html,2025-10-12 10:00:48,incoming,ALERTBAY: Yellow Flags Are Flying In Panama City Beach. Moderate Rip Current Hazard. Use Caution. nixle.us/GPQCZ,Yellow,False,Yellow,2.0,2025-10-12,2025,10,Oct,10:00:48,10.0,nixle.us/GPQCZ,Moderate rip current hazard
888777 - Text - 2025-10-13T15_00_44Z.html,2025-10-13 10:00:44,incoming,ALERTBAY: Yellow Flags Are Flying In Panama City Beach. Moderate Rip Current Hazard. Use Caution. nixle.us/GPSK7,Yellow,False,Yellow,2.0,2025-10-13,2025,10,Oct,10:00:44,10.0,nixle.us/GPSK7,Moderate rip current hazard
888777 - Text - 2025-10-14T15_00_54Z.html,2025-10-14 10:00:54,incoming,ALERTBAY: Yellow Flags Are Flying In Panama City Beach. Moderate Rip Current Hazard. Use Caution. nixle.us/GPX8P,Yellow,False,Yellow,2.0,2025-10-14,2025,10,Oct,10:00:54,10.0,nixle.us/GPX8P,Moderate rip current hazard
888777 - Text - 2025-10-15T15_06_05Z.html,2025-10-15 10:06:05,incoming,ALERTBAY: Yellow Flags Are Flying In Panama City Beach. Moderate Rip Current Hazard. Use Caution. nixle.us/GPZP7,Yellow,False,Yellow,2.0,2025-10-15,2025,10,Oct,10:06:05,10.1,nixle.us/GPZP7,Moderate rip current hazard
888777 - Text - 2025-10-16T14_59_27Z.html,2025-10-16 09:59:27,incoming,ALERTBAY: Yellow Flags Are Flying In Panama City Beach. Moderate Rip Current Hazard. Use Caution. nixle.us/GQ467,Yellow,False,Yellow,2.0,2025-10-16,2025,10,Oct,09:59:27,9.983333333333333,nixle.us/GQ467,Moderate rip current hazard
888777 - Text - 2025-10-17T15_01_42Z.html,2025-10-17 10:01:42,incoming,ALERTBAY: Yellow Flags Are Flying In Panama City Beach. Moderate Rip Current Hazard. Use Caution. nixle.us/GQ6HR,Yellow,False,Yellow,2.0,2025-10-17,2025,10,Oct,10:01:42,10.016666666666667,nixle.us/GQ6HR,Moderate rip current hazard
888777 - Text - 2025-10-18T15_01_03Z.html,2025-10-18 10:01:03,incoming,ALERTBAY: Single RED Flags Are Flying At Panama City Beach. High Rip Current Hazard. Knee Deep Is Too Deep. nixle.us/GQ8S7,Single Red,False,Single Red,3.0,2025-10-18,2025,10,Oct,10:01:03,10.016666666666667,nixle.us/GQ8S7,High rip current hazard
888777 - Text - 2025-10-19T14_59_38Z.html,2025-10-19 09:59:38,incoming,ALERTBAY: Yellow Flags Are Flying In Panama City Beach. Moderate Rip Current Hazard. Use Caution. nixle.us/GQAYZ,Yellow,False,Yellow,2.0,2025-10-19,2025,10,Oct,09:59:38,9.983333333333333,nixle.us/GQAYZ,Moderate rip current hazard
888777 - Text - 2025-10-19T14_59_38Z.html,2025-10-19 10:03:37,incoming,ALERTBAY: Single Red Flags Are Flying At Panama City Beach. High Rip Current Hazard. Knee Deep Is Too Deep. nixle.us/GQAZ9,Single Red,False,Single Red,3.0,2025-10-19,2025,10,Oct,10:03:37,10.05,nixle.us/GQAZ9,High rip current hazard
888777 - Text - 2025-10-20T14_32_36Z.html,2025-10-20 09:32:36,incoming,ALERTBAY: Yellow Flags Are Flying In Panama City Beach. Moderate Rip Current Hazard. Use Caution. nixle.us/GQD7X,Yellow,False,Yellow,2.0,2025-10-20,2025,10,Oct,09:32:36,9.533333333333333,nixle.us/GQD7X,Moderate rip current hazard
888777 - Text - 2025-10-22T15_19_28Z.html,2025-10-22 10:19:28,incoming,ALERTBAY: Yellow Flags Are Flying At Panama City Beach. Moderate Rip Current Hazard. Use Caution. nixle.us/GQJFF,Yellow,False,Yellow,2.0,2025-10-22,2025,10,Oct,10:19:28,10.316666666666666,nixle.us/GQJFF,Moderate rip current hazard
888777 - Text - 2025-10-23T15_00_28Z.html,2025-10-23 10:00:28,incoming,ALERTBAY: Yellow Flags Are Flying At Panama City Beach. Moderate Rip Current Hazard. Use Caution. nixle.us/GQM2R,Yellow,False,Yellow,2.0,2025-10-23,2025,10,Oct,10:00:28,10.0,nixle.us/GQM2R,Moderate rip current hazard
888777 - Text - 2025-10-24T15_17_42Z.html,2025-10-24 10:17:42,incoming,ALERTBAY: Yellow Flags Are Flying At Panama City Beach. Moderate Rip Current Hazard. Use Caution. nixle.us/GQPL9,Yellow,False,Yellow,2.0,2025-10-24,2025,10,Oct,10:17:42,10.283333333333333,nixle.us/GQPL9,Moderate rip current hazard
888777 - Text - 2025-10-25T14_59_17Z.html,2025-10-25 09:59:17,incoming,ALERTBAY: Yellow Flags Are Flying At Panama City Beach. Moderate Rip Current Hazard. Use Caution. nixle.us/GQS4X,Yellow,False,Yellow,2.0,2025-10-25,2025,10,Oct,09:59:17,9.983333333333333,nixle.us/GQS4X,Moderate rip current hazard
888777 - Text - 2025-10-26T15_10_26Z.html,2025-10-26 10:10:26,incoming,ALERTBAY: Single Red Flags Are Flying At Panama City Beach. High Rip Current Hazard. nixle.us/GQW95,Single Red,False,Single Red,3.0,2025-10-26,2025,10,Oct,10:10:26,10.166666666666666,nixle.us/GQW95,High rip current hazard
888777 - Text - 2025-10-27T15_01_11Z.html,2025-10-27 10:01:11,incoming,ALERTBAY: Single Red Flags Are Flying At Panama City Beach. High Rip Current Hazard. Knee Deep Is Too Deep. nixle.us/GQYDR,Single Red,False,Single Red,3.0,2025-10-27,2025,10,Oct,10:01:11,10.016666666666667,nixle.us/GQYDR,High rip current hazard
888777 - Text - 2025-10-28T15_01_12Z.html,2025-10-28 10:01:12,incoming,ALERTBAY: Yellow Flags Are Flying In Panama City Beach. Moderate Rip Current Hazard. Use Caution. nixle.us/GR2TD,Yellow,False,Yellow,2.0,2025-10-28,2025,10,Oct,10:01:12,10.016666666666667,nixle.us/GR2TD,Moderate rip current hazard
888777 - Text - 2025-10-29T15_05_24Z.html,2025-10-29 10:05:24,incoming,ALERTBAY: Single RED Flags Are Flying At Panama City Beach. High Rip Current Hazard. Knee Deep Is Too Deep. nixle.us/GR5BK,Single Red,False,Single Red,3.0,2025-10-29,2025,10,Oct,10:05:24,10.083333333333334,nixle.us/GR5BK,High rip current hazard
888777 - Text - 2025-10-30T14_59_34Z.html,2025-10-30 09:59:34,incoming,ALERTBAY: Single RED Flags Are Flying At Panama City Beach. High Rip Current Hazard. Knee Deep Is Too Deep. nixle.us/GR7TZ,Single Red,False,Single Red,3.0,2025-10-30,2025,10,Oct,09:59:34,9.983333333333333,nixle.us/GR7TZ,High rip current hazard
888777 - Text - 2025-10-31T14_59_51Z.html,2025-10-31 09:59:51,incoming,ALERTBAY: Single RED Flags Are Flying At Panama City Beach. High Rip Current Hazard. Knee Deep Is Too Deep. nixle.us/GRARK,Single Red,False,Single Red,3.0,2025-10-31,2025,10,Oct,09:59:51,9.983333333333333,nixle.us/GRARK,High rip current hazard
888777 - Text - 2025-11-01T15_03_47Z.html,2025-11-01 10:03:47,incoming,ALERTBAY: Yellow over Purple Flags Are Flying In Panama City Beach. Moderate Rip Current Hazard. Use Caution. nixle.us/GRD8R,Yellow,True,Yellow + Purple,2.0,2025-11-01,2025,11,Nov,10:03:47,10.05,nixle.us/GRD8R,Moderate rip current hazard
888777 - Text - 2025-11-01T15_03_47Z.html,2025-11-01 10:06:01,incoming,ALERTBAY: Yellow Flags Are Flying In Panama City Beach. Moderate Rip Current Hazard. Use Caution. nixle.us/GRD8X,Yellow,False,Yellow,2.0,2025-11-01,2025,11,Nov,10:06:01,10.1,nixle.us/GRD8X,Moderate rip current hazard
888777 - Text - 2025-11-02T16_00_45Z.html,2025-11-02 10:00:45,incoming,ALERTBAY: Yellow Flags Are Flying In Panama City Beach. Moderate Rip Current Hazard. Use Caution. nixle.us/GRFBF,Yellow,False,Yellow,2.0,2025-11-02,2025,11,Nov,10:00:45,10.0,nixle.us/GRFBF,Moderate rip current hazard
888777 - Text - 2025-11-03T16_20_03Z.html,2025-11-03 10:20:03,incoming,ALERTBAY: Yellow Flags Are Flying At Panama City Beach. Moderate Rip Current Hazard. Use Caution.. nixle.us/GRHFK,Yellow,False,Yellow,2.0,2025-11-03,2025,11,Nov,10:20:03,10.333333333333334,nixle.us/GRHFK,Moderate rip current hazard
888777 - Text - 2025-11-04T16_21_41Z.html,2025-11-04 10:21:41,incoming,ALERTBAY: Yellow Flags Are Flying At Panama City Beach. Moderate Rip Current Hazard. Use Caution. nixle.us/GRL55,Yellow,False,Yellow,2.0,2025-11-04,2025,11,Nov,10:21:41,10.35,nixle.us/GRL55,Moderate rip current hazard
888777 - Text - 2025-11-05T16_00_38Z.html,2025-11-05 10:00:38,incoming,ALERTBAY: Yellow Flags Are Flying In Panama City Beach. Moderate Rip Current Hazard. Use Caution. nixle.us/GRNJM,Yellow,False,Yellow,2.0,2025-11-05,2025,11,Nov,10:00:38,10.0,nixle.us/GRNJM,Moderate rip current hazard
888777 - Text - 2025-11-06T16_25_31Z.html,2025-11-06 10:25:31,incoming,ALERTBAY: Yellow Flags Are Flying In Panama City Beach. Moderate Rip Current Hazard. Use Caution. nixle.us/GRQZM,Yellow,False,Yellow,2.0,2025-11-06,2025,11,Nov,10:25:31,10.416666666666666,nixle.us/GRQZM,Moderate rip current hazard
888777 - Text - 2025-11-07T16_01_13Z.html,2025-11-07 10:01:13,incoming,ALERTBAY: Yellow Flags Are Flying In Panama City Beach. Moderate Rip Current Hazard. Use Caution. nixle.us/GRTAX,Yellow,False,Yellow,2.0,2025-11-07,2025,11,Nov,10:01:13,10.016666666666667,nixle.us/GRTAX,Moderate rip current hazard
888777 - Text - 2025-11-08T16_00_21Z.html,2025-11-08 10:00:21,incoming,ALERTBAY: Yellow Flags Are Flying In Panama City Beach. Moderate Rip Current Hazard. Use Caution. nixle.us/GRXJF,Yellow,False,Yellow,2.0,2025-11-08,2025,11,Nov,10:00:21,10.0,nixle.us/GRXJF,Moderate rip current hazard
888777 - Text - 2025-11-09T16_00_55Z.html,2025-11-09 10:00:55,incoming,ALERTBAY: Yellow Flags Are Flying In Panama City Beach. Moderate Rip Current Hazard. Use Caution. nixle.us/GRZJP,Yellow,False,Yellow,2.0,2025-11-09,2025,11,Nov,10:00:55,10.0,nixle.us/GRZJP,Moderate rip current hazard
888777 - Text - 2025-11-10T16_00_48Z.html,2025-11-10 10:00:48,incoming,ALERTBAY: Yellow Flags Are Flying In Panama City Beach. Moderate Rip Current Hazard. Use Caution. nixle.us/GS3WD,Yellow,False,Yellow,2.0,2025-11-10,2025,11,Nov,10:00:48,10.0,nixle.us/GS3WD,Moderate rip current hazard
888777 - Text - 2025-11-11T16_41_21Z.html,2025-11-11 10:41:21,incoming,ALERTBAY: Yellow Flags Are Flying In Panama City Beach. Moderate Rip Current Hazard. Use Caution. nixle.us/GS6BK,Yellow,False,Yellow,2.0,2025-11-11,2025,11,Nov,10:41:21,10.683333333333334,nixle.us/GS6BK,Moderate rip current hazard
888777 - Text - 2025-11-12T16_01_27Z.html,2025-11-12 10:01:27,incoming,ALERTBAY: Yellow Flags Are Flying In Panama City Beach. Moderate Rip Current Hazard. Use Caution. nixle.us/GS8JH,Yellow,False,Yellow,2.0,2025-11-12,2025,11,Nov,10:01:27,10.016666666666667,nixle.us/GS8JH,Moderate rip current hazard
888777 - Text - 2025-11-13T16_32_47Z.html,2025-11-13 10:32:47,incoming,ALERTBAY: Yellow Flags Are Flying In Panama City Beach. Moderate Rip Current Hazard. Use Caution. nixle.us/GSB4R,Yellow,False,Yellow,2.0,2025-11-13,2025,11,Nov,10:32:47,10.533333333333333,nixle.us/GSB4R,Moderate rip current hazard
888777 - Text - 2025-11-14T16_00_11Z.html,2025-11-14 10:00:11,incoming,ALERTBAY: Yellow Flags Are Flying In Panama City Beach. Moderate Rip Current Hazard. Use Caution. nixle.us/GSDBZ,Yellow,False,Yellow,2.0,2025-11-14,2025,11,Nov,10:00:11,10.0,nixle.us/GSDBZ,Moderate rip current hazard
888777 - Text - 2025-11-15T16_06_33Z.html,2025-11-15 10:06:33,incoming,ALERTBAY: Yellow Flags Are Flying In Panama City Beach. Moderate Rip Current Hazard. Use Caution. nixle.us/GSFGH,Yellow,False,Yellow,2.0,2025-11-15,2025,11,Nov,10:06:33,10.1,nixle.us/GSFGH,Moderate rip current hazard
888777 - Text - 2025-11-16T16_00_53Z.html,2025-11-16 10:00:53,incoming,ALERTBAY: Single Red Flags Are Flying At Panama City Beach. High Rip Current Hazard. Knee Deep Is Too Deep. nixle.us/GSHK9,Single Red,False,Single Red,3.0,2025-11-16,2025,11,Nov,10:00:53,10.0,nixle.us/GSHK9,High rip current hazard
888777 - Text - 2025-11-17T16_00_43Z.html,2025-11-17 10:00:43,incoming,ALERTBAY: Yellow Flags Are Flying In Panama City Beach. Moderate Rip Current Hazard. Use Caution. nixle.us/GSKP9,Yellow,False,Yellow,2.0,2025-11-17,2025,11,Nov,10:00:43,10.0,nixle.us/GSKP9,Moderate rip current hazard
888777 - Text - 2025-11-18T16_00_42Z.html,2025-11-18 10:00:42,incoming,ALERTBAY: Yellow Flags Are Flying In Panama City Beach. Moderate Rip Current Hazard. Use Caution. nixle.us/GSN8P,Yellow,False,Yellow,2.0,2025-11-18,2025,11,Nov,10:00:42,10.0,nixle.us/GSN8P,Moderate rip current hazard
888777 - Text - 2025-11-19T15_58_57Z.html,2025-11-19 09:58:57,incoming,ALERTBAY: Yellow Flags Are Flying In Panama City Beach. Moderate Rip Current Hazard. Use Caution. nixle.us/GSQL7,Yellow,False,Yellow,2.0,2025-11-19,2025,11,Nov,09:58:57,9.966666666666667,nixle.us/GSQL7,Moderate rip current hazard
888777 - Text - 2025-11-20T16_31_48Z.html,2025-11-20 10:31:48,incoming,ALERTBAY: Yellow Flags Are Flying In Panama City Beach. Moderate Rip Current Hazard. Use Caution. nixle.us/GST63,Yellow,False,Yellow,2.0,2025-11-20,2025,11,Nov,10:31:48,10.516666666666667,nixle.us/GST63,Moderate rip current hazard
888777 - Text - 2025-11-21T17_02_17Z.html,2025-11-21 11:02:17,incoming,ALERTBAY: Yellow Flags Are Flying In Panama City Beach. Moderate Rip Current Hazard. Use Caution. nixle.us/GSXL7,Yellow,False,Yellow,2.0,2025-11-21,2025,11,Nov,11:02:17,11.033333333333333,nixle.us/GSXL7,Moderate rip current hazard
888777 - Text - 2025-11-23T16_00_55Z.html,2025-11-23 10:00:55,incoming,ALERTBAY: Yellow Flags Are Flying In Panama City Beach. Moderate Rip Current Hazard. Use Caution. nixle.us/GT3J5,Yellow,False,Yellow,2.0,2025-11-23,2025,11,Nov,10:00:55,10.0,nixle.us/GT3J5,Moderate rip current hazard
888777 - Text - 2025-11-24T16_01_31Z.html,2025-11-24 10:01:31,incoming,ALERTBAY: Yellow Flags Are Flying In Panama City Beach. Moderate Rip Current Hazard. Use Caution. nixle.us/GT5QM,Yellow,False,Yellow,2.0,2025-11-24,2025,11,Nov,10:01:31,10.016666666666667,nixle.us/GT5QM,Moderate rip current hazard
888777 - Text - 2025-11-25T16_00_42Z.html,2025-11-25 10:00:42,incoming,ALERTBAY: Yellow Flags Are Flying In Panama City Beach. Moderate Rip Current Hazard. Use Caution. nixle.us/GT8DD,Yellow,False,Yellow,2.0,2025-11-25,2025,11,Nov,10:00:42,10.0,nixle.us/GT8DD,Moderate rip current hazard
888777 - Text - 2025-11-26T16_00_47Z.html,2025-11-26 10:00:47,incoming,ALERTBAY: Yellow Flags Are Flying In Panama City Beach. Moderate Rip Current Hazard. Use Caution. nixle.us/GTAYM,Yellow,False,Yellow,2.0,2025-11-26,2025,11,Nov,10:00:47,10.0,nixle.us/GTAYM,Moderate rip current hazard
888777 - Text - 2025-11-27T16_00_45Z.html,2025-11-27 10:00:45,incoming,ALERTBAY: Yellow Flags Are Flying In Panama City Beach. Moderate Rip Current Hazard. Use Caution. nixle.us/GTDAR,Yellow,False,Yellow,2.0,2025-11-27,2025,11,Nov,10:00:45,10.0,nixle.us/GTDAR,Moderate rip current hazard
888777 - Text - 2025-11-28T16_05_15Z.html,2025-11-28 10:05:15,incoming,ALERTBAY: Yellow Flags Are Flying In Panama City Beach. Moderate Rip Current Hazard. Use Caution. nixle.us/GTF9Z,Yellow,False,Yellow,2.0,2025-11-28,2025,11,Nov,10:05:15,10.083333333333334,nixle.us/GTF9Z,Moderate rip current hazard
888777 - Text - 2025-11-29T16_32_35Z.html,2025-11-29 10:32:35,incoming,ALERTBAY: Yellow Flags Are Flying In Panama City Beach. Moderate Rip Curremt Hazard. Use Caution. nixle.us/GTHC5,Yellow,False,Yellow,2.0,2025-11-29,2025,11,Nov,10:32:35,10.533333333333333,nixle.us/GTHC5,Moderate rip current hazard
888777 - Text - 2025-11-30T16_17_49Z.html,2025-11-30 10:17:49,incoming,ALERTBAY: Yellow Flags Are Flying In Panama City Beach. Moderate Rip Current Hazard. Use Caution.. nixle.us/GTKD7,Yellow,False,Yellow,2.0,2025-11-30,2025,11,Nov,10:17:49,10.283333333333333,nixle.us/GTKD7,Moderate rip current hazard
888777 - Text - 2025-12-01T16_00_44Z.html,2025-12-01 10:00:44,incoming,ALERTBAY: Yellow Flags Are Flying In Panama City Beach. Moderate Rip Current Hazard. Use Caution. nixle.us/GTMQ7,Yellow,False,Yellow,2.0,2025-12-01,2025,12,Dec,10:00:44,10.0,nixle.us/GTMQ7,Moderate rip current hazard
888777 - Text - 2025-12-02T16_00_46Z.html,2025-12-02 10:00:46,incoming,ALERTBAY: Yellow Flags Are Flying In Panama City Beach. Moderate Rip Current Hazard. Use Caution. nixle.us/GTQHZ,Yellow,False,Yellow,2.0,2025-12-02,2025,12,Dec,10:00:46,10.0,nixle.us/GTQHZ,Moderate rip current hazard
888777 - Text - 2025-12-03T16_00_19Z.html,2025-12-03 10:00:19,incoming,ALERTBAY: Yellow Flags Are Flying In Panama City Beach. Moderate Rip Curremt Hazard. Use Caution. nixle.us/GTSZF,Yellow,False,Yellow,2.0,2025-12-03,2025,12,Dec,10:00:19,10.0,nixle.us/GTSZF,Moderate rip current hazard
888777 - Text - 2025-12-04T16_00_52Z.html,2025-12-04 10:00:52,incoming,ALERTBAY: Yellow Flags Are Flying In Panama City Beach. Moderate Rip Curremt Hazard. Use Caution. nixle.us/GTXL3,Yellow,False,Yellow,2.0,2025-12-04,2025,12,Dec,10:00:52,10.0,nixle.us/GTXL3,Moderate rip current hazard
888777 - Text - 2025-12-05T16_14_28Z.html,2025-12-05 10:14:28,incoming,ALERTBAY: Single RED Flags Are Flying At Panama City Beach. High Rip Current Hazard. Knee Deep Is Too Deep. nixle.us/GTZZB,Single Red,False,Single Red,3.0,2025-12-05,2025,12,Dec,10:14:28,10.233333333333333,nixle.us/GTZZB,High rip current hazard
888777 - Text - 2025-12-06T16_09_46Z.html,2025-12-06 10:09:46,incoming,ALERTBAY: Yellow Flags Are Flying In Panama City Beach. Moderate Rip Curremt Hazard. Use Caution. nixle.us/GW52R,Yellow,False,Yellow,2.0,2025-12-06,2025,12,Dec,10:09:46,10.15,nixle.us/GW52R,Moderate rip current hazard
888777 - Text - 2025-12-07T16_15_05Z.html,2025-12-07 10:15:05,incoming,ALERTBAY: Yellow Flags Are Flying At Panama City Beach. Moderate Rip Current Hazard. Use Caution. nixle.us/GW795,Yellow,False,Yellow,2.0,2025-12-07,2025,12,Dec,10:15:05,10.25,nixle.us/GW795,Moderate rip current hazard
888777 - Text - 2025-12-08T16_00_42Z.html,2025-12-08 10:00:42,incoming,ALERTBAY: Yellow Flags Are Flying In Panama City Beach. Moderate Rip Current Hazard. Use Caution. nixle.us/GW9C3,Yellow,False,Yellow,2.0,2025-12-08,2025,12,Dec,10:00:42,10.0,nixle.us/GW9C3,Moderate rip current hazard
888777 - Text - 2025-12-09T16_00_50Z.html,2025-12-09 10:00:50,incoming,ALERTBAY: Yellow Flags Are Flying In Panama City Beach. Moderate Rip Current Hazard. Use Caution. nixle.us/GWBTM,Yellow,False,Yellow,2.0,2025-12-09,2025,12,Dec,10:00:50,10.0,nixle.us/GWBTM,Moderate rip current hazard
888777 - Text - 2025-12-10T16_01_46Z.html,2025-12-10 10:01:46,incoming,ALERTBAY: Yellow Flags Are Flying In Panama City Beach. Moderate Rip Current Hazard. Use Caution. nixle.us/GWECB,Yellow,False,Yellow,2.0,2025-12-10,2025,12,Dec,10:01:46,10.016666666666667,nixle.us/GWECB,Moderate rip current hazard
888777 - Text - 2025-12-11T15_59_20Z.html,2025-12-11 09:59:20,incoming,ALERTBAY: Yellow Flags Are Flying In Panama City Beach. Moderate Rip Curremt Hazard. Use Caution nixle.us/GWGTX,Yellow,False,Yellow,2.0,2025-12-11,2025,12,Dec,09:59:20,9.983333333333333,nixle.us/GWGTX,Moderate rip current hazard
888777 - Text - 2025-12-13T16_18_00Z.html,2025-12-13 10:18:00,incoming,ALERTBAY: Yellow Flags Are Flying In Panama City Beach. Moderate Rip Curremt Hazard. Use Caution. nixle.us/GWMT5,Yellow,False,Yellow,2.0,2025-12-13,2025,12,Dec,10:18:00,10.3,nixle.us/GWMT5,Moderate rip current hazard
888777 - Text - 2025-12-14T16_00_51Z.html,2025-12-14 10:00:51,incoming,ALERTBAY: Yellow Flags Are Flying In Panama City Beach. Moderate Rip Current Hazard. Use Caution. nixle.us/GWQ89,Yellow,False,Yellow,2.0,2025-12-14,2025,12,Dec,10:00:51,10.0,nixle.us/GWQ89,Moderate rip current hazard
888777 - Text - 2025-12-15T16_00_50Z.html,2025-12-15 10:00:50,incoming,ALERTBAY: Yellow Flags Are Flying In Panama City Beach. Moderate Rip Current Hazard. Use Caution. nixle.us/GWSFF,Yellow,False,Yellow,2.0,2025-12-15,2025,12,Dec,10:00:50,10.0,nixle.us/GWSFF,Moderate rip current hazard
888777 - Text - 2025-12-16T16_31_05Z.html,2025-12-16 10:31:05,incoming,ALERTBAY: Yellow Flags Are Flying In Panama City Beach. Moderate Rip Current Hazard. Use Caution. nixle.us/GWWX7,Yellow,False,Yellow,2.0,2025-12-16,2025,12,Dec,10:31:05,10.516666666666667,nixle.us/GWWX7,Moderate rip current hazard
888777 - Text - 2025-12-17T15_59_50Z.html,2025-12-17 09:59:50,incoming,ALERTBAY: Yellow Flags Are Flying In Panama City Beach. Moderate Rip Current Hazard. Use Caution. nixle.us/GWZDP,Yellow,False,Yellow,2.0,2025-12-17,2025,12,Dec,09:59:50,9.983333333333333,nixle.us/GWZDP,Moderate rip current hazard
888777 - Text - 2025-12-18T16_54_12Z.html,2025-12-18 10:54:12,incoming,ALERTBAY: Single Red Flags Are Flying At Panama City Beach. High Rip Current Hazard. Knee Deep Is Too Deep. nixle.us/GX4AR,Single Red,False,Single Red,3.0,2025-12-18,2025,12,Dec,10:54:12,10.9,nixle.us/GX4AR,High rip current hazard
888777 - Text - 2025-12-19T16_07_23Z.html,2025-12-19 10:07:23,incoming,ALERTBAY: Single Red Flags Are Flying At Panama City Beach. High Rip Current Hazard. Knee Deep Is Too Deep. nixle.us/GX72F,Single Red,False,Single Red,3.0,2025-12-19,2025,12,Dec,10:07:23,10.116666666666667,nixle.us/GX72F,High rip current hazard
888777 - Text - 2025-12-20T15_58_09Z.html,2025-12-20 09:58:09,incoming,ALERTBAY: Yellow Flags Are Flying At Panama City Beach. Moderate Rip Current Hazard. Use Caution. nixle.us/GX9MF,Yellow,False,Yellow,2.0,2025-12-20,2025,12,Dec,09:58:09,9.966666666666667,nixle.us/GX9MF,Moderate rip current hazard
888777 - Text - 2025-12-21T16_47_33Z.html,2025-12-21 10:47:33,incoming,ALERTBAY: Yellow Flags Are Flying At Panama City Beach. Moderate Rip Current Hazard. Use Caution. nixle.us/GXBNF,Yellow,False,Yellow,2.0,2025-12-21,2025,12,Dec,10:47:33,10.783333333333333,nixle.us/GXBNF,Moderate rip current hazard
888777 - Text - 2025-12-22T17_31_36Z.html,2025-12-22 11:31:36,incoming,ALERTBAY: Yellow Flags Are Flying At Panama City Beach. Moderate Rip Current Hazard. Use Caution. nixle.us/GXDWP,Yellow,False,Yellow,2.0,2025-12-22,2025,12,Dec,11:31:36,11.516666666666667,nixle.us/GXDWP,Moderate rip current hazard
888777 - Text - 2025-12-23T16_00_33Z.html,2025-12-23 10:00:33,incoming,ALERTBAY: Yellow Flags Are Flying In Panama City Beach. Moderate Rip Current Hazard. Use Caution. nixle.us/GXG4T,Yellow,False,Yellow,2.0,2025-12-23,2025,12,Dec,10:00:33,10.0,nixle.us/GXG4T,Moderate rip current hazard
888777 - Text - 2025-12-24T16_39_23Z.html,2025-12-24 10:39:23,incoming,ALERTBAY: Yellow Flags Are Flying At Panama City Beach. Moderate Rip Current Hazard. Use Caution. nixle.us/GXJEF,Yellow,False,Yellow,2.0,2025-12-24,2025,12,Dec,10:39:23,10.65,nixle.us/GXJEF,Moderate rip current hazard
888777 - Text - 2025-12-25T18_16_35Z.html,2025-12-25 12:16:35,incoming,ALERTBAY: Yellow Flags Are Flying At Panama City Beach. Moderate Rip Current Hazard. Use Caution. nixle.us/GXLQ3,Yellow,False,Yellow,2.0,2025-12-25,2025,12,Dec,12:16:35,12.266666666666667,nixle.us/GXLQ3,Moderate rip current hazard
888777 - Text - 2025-12-26T15_46_49Z.html,2025-12-26 09:46:49,incoming,ALERTBAY: Yellow Flags Are Flying At Panama City Beach. Moderate Rip Current Hazard. Use Caution. nixle.us/GXNNT,Yellow,False,Yellow,2.0,2025-12-26,2025,12,Dec,09:46:49,9.766666666666667,nixle.us/GXNNT,Moderate rip current hazard
888777 - Text - 2025-12-27T16_04_04Z.html,2025-12-27 10:04:04,incoming,ALERTBAY: Yellow Flags Are Flying At Panama City Beach. Moderate Rip Current Hazard. Use Caution. nixle.us/GXRBH,Yellow,False,Yellow,2.0,2025-12-27,2025,12,Dec,10:04:04,10.066666666666666,nixle.us/GXRBH,Moderate rip current hazard
888777 - Text - 2025-12-28T16_00_48Z.html,2025-12-28 10:00:48,incoming,ALERTBAY: Yellow Flags Are Flying In Panama City Beach. Moderate Rip Current Hazard. Use Caution. nixle.us/GXTJ7,Yellow,False,Yellow,2.0,2025-12-28,2025,12,Dec,10:00:48,10.0,nixle.us/GXTJ7,Moderate rip current hazard
888777 - Text - 2025-12-29T16_00_48Z.html,2025-12-29 10:00:48,incoming,ALERTBAY: Yellow Flags Are Flying In Panama City Beach. Moderate Rip Current Hazard. Use Caution. nixle.us/GXXZ7,Yellow,False,Yellow,2.0,2025-12-29,2025,12,Dec,10:00:48,10.0,nixle.us/GXXZ7,Moderate rip current hazard
888777 - Text - 2025-12-30T16_00_47Z.html,2025-12-30 10:00:47,incoming,ALERTBAY: Yellow Flags Are Flying In Panama City Beach. Moderate Rip Current Hazard. Use Caution. nixle.us/GY2DH,Yellow,False,Yellow,2.0,2025-12-30,2025,12,Dec,10:00:47,10.0,nixle.us/GY2DH,Moderate rip current hazard
888777 - Text - 2026-01-01T16_19_45Z.html,2026-01-01 10:19:45,incoming,ALERTBAY: Yellow Flags Are Flying At Panama City Beach. Moderate Rip Current Hazard. Use Caution. nixle.us/GY6YM,Yellow,False,Yellow,2.0,2026-01-01,2026,1,Jan,10:19:45,10.316666666666666,nixle.us/GY6YM,Moderate rip current hazard
888777 - Text - 2026-01-02T15_59_36Z.html,2026-01-02 09:59:36,incoming,ALERTBAY: Yellow Flags Are Flying In Panama City Beach. Moderate Rip Curremt Hazard. Use Caution. nixle.us/GY8RP,Yellow,False,Yellow,2.0,2026-01-02,2026,1,Jan,09:59:36,9.983333333333333,nixle.us/GY8RP,Moderate rip current hazard
888777 - Text - 2026-01-02T15_59_36Z.html,2026-01-02 17:39:03,incoming,ALERTBAY: Single RED Flags Are Flying At Panama City Beach. High Rip Current Hazard. Knee Deep Is Too Deep. nixle.us/GY9HD,Single Red,False,Single Red,3.0,2026-01-02,2026,1,Jan,17:39:03,17.65,nixle.us/GY9HD,High rip current hazard
888777 - Text - 2026-01-03T16_03_43Z.html,2026-01-03 10:03:43,incoming,ALERTBAY: Single Red Flags Are Flying At Panama City Beach. High Rip Current Hazard. Knee Deep Is Too Deep.. nixle.us/GYANH,Single Red,False,Single Red,3.0,2026-01-03,2026,1,Jan,10:03:43,10.05,nixle.us/GYANH,High rip current hazard
888777 - Text - 2026-01-04T16_21_20Z.html,2026-01-04 10:21:20,incoming,ALERTBAY: Single Red Flags Are Flying At Panama City Beach. High Rip Current Hazard. nixle.us/GYCF7,Single Red,False,Single Red,3.0,2026-01-04,2026,1,Jan,10:21:20,10.35,nixle.us/GYCF7,High rip current hazard
888777 - Text - 2026-01-05T16_04_29Z.html,2026-01-05 10:04:29,incoming,ALERTBAY: Yellow Flags Are Flying At Panama City Beach. Moderate Rip Current Hazard. Use caution. nixle.us/GYEGB,Yellow,False,Yellow,2.0,2026-01-05,2026,1,Jan,10:04:29,10.066666666666666,nixle.us/GYEGB,Moderate rip current hazard
888777 - Text - 2026-01-06T16_18_17Z.html,2026-01-06 10:18:17,incoming,ALERTBAY: Yellow Flags Are Flying At Panama City Beach. Moderate Rip Current Hazard. Use Caution. nixle.us/GYGM9,Yellow,False,Yellow,2.0,2026-01-06,2026,1,Jan,10:18:17,10.3,nixle.us/GYGM9,Moderate rip current hazard
888777 - Text - 2026-01-07T16_19_39Z.html,2026-01-07 10:19:39,incoming,ALERTBAY: Yellow Flags Are Flying At Panama City Beach. Moderate Rip Current Hazard. Use Caution. nixle.us/GYK2T,Yellow,False,Yellow,2.0,2026-01-07,2026,1,Jan,10:19:39,10.316666666666666,nixle.us/GYK2T,Moderate rip current hazard
888777 - Text - 2026-01-08T16_17_59Z.html,2026-01-08 10:17:59,incoming,ALERTBAY: Yellow Flags Are Flying At Panama City Beach. Moderate Rip Current Hazard. Use Caution. nixle.us/GYMAZ,Yellow,False,Yellow,2.0,2026-01-08,2026,1,Jan,10:17:59,10.283333333333333,nixle.us/GYMAZ,Moderate rip current hazard
888777 - Text - 2026-01-09T16_09_29Z.html,2026-01-09 10:09:29,incoming,ALERTBAY: Yellow Flags Are Flying In Panama City Beach. Moderate Rip Curremt Hazard. Use Caution. nixle.us/GYPK5,Yellow,False,Yellow,2.0,2026-01-09,2026,1,Jan,10:09:29,10.15,nixle.us/GYPK5,Moderate rip current hazard
888777 - Text - 2026-01-09T16_09_29Z.html,2026-01-09 15:06:50,incoming,ALERTBAY: Single RED Flags Are Flying At Panama City Beach. High Rip Current Hazard. Knee Deep Is Too Deep. nixle.us/GYQ7X,Single Red,False,Single Red,3.0,2026-01-09,2026,1,Jan,15:06:50,15.1,nixle.us/GYQ7X,High rip current hazard
888777 - Text - 2026-01-10T16_09_45Z.html,2026-01-10 10:09:45,incoming,ALERTBAY: Single RED Flags Are Flying At Panama City Beach. High Rip Current Hazard. Knee Deep Is Too Deep. nixle.us/GYRRH,Single Red,False,Single Red,3.0,2026-01-10,2026,1,Jan,10:09:45,10.15,nixle.us/GYRRH,High rip current hazard
888777 - Text - 2026-01-12T17_16_35Z.html,2026-01-12 11:16:35,incoming,ALERTBAY: Yellow Flags Are Flying In Panama City Beach. Moderate Rip Current Hazard. Use Caution. nixle.us/GYXXK,Yellow,False,Yellow,2.0,2026-01-12,2026,1,Jan,11:16:35,11.266666666666667,nixle.us/GYXXK,Moderate rip current hazard
888777 - Text - 2026-01-13T16_00_28Z.html,2026-01-13 10:00:28,incoming,ALERTBAY: Yellow Flags Are Flying In Panama City Beach. Moderate Rip Current Hazard. Use Caution. nixle.us/GZ28D,Yellow,False,Yellow,2.0,2026-01-13,2026,1,Jan,10:00:28,10.0,nixle.us/GZ28D,Moderate rip current hazard
888777 - Text - 2026-01-14T16_00_55Z.html,2026-01-14 10:00:55,incoming,ALERTBAY: Yellow Flags Are Flying In Panama City Beach. Moderate Rip Current Hazard. Use Caution. nixle.us/GZ4HX,Yellow,False,Yellow,2.0,2026-01-14,2026,1,Jan,10:00:55,10.0,nixle.us/GZ4HX,Moderate rip current hazard
888777 - Text - 2026-01-15T16_34_05Z.html,2026-01-15 10:34:05,incoming,ALERTBAY: Yellow Flags Are Flying In Panama City Beach. Moderate Rip Curremt Hazard. Use Caution. nixle.us/GZ73D,Yellow,False,Yellow,2.0,2026-01-15,2026,1,Jan,10:34:05,10.566666666666666,nixle.us/GZ73D,Moderate rip current hazard
888777 - Text - 2026-01-16T16_00_03Z.html,2026-01-16 10:00:03,incoming,ALERTBAY: Yellow Flags Are Flying In Panama City Beach. Moderate Rip Curremt Hazard. Use Caution. nixle.us/GZ9CB,Yellow,False,Yellow,2.0,2026-01-16,2026,1,Jan,10:00:03,10.0,nixle.us/GZ9CB,Moderate rip current hazard
888777 - Text - 2026-01-17T16_02_33Z.html,2026-01-17 10:02:33,incoming,ALERTBAY: Yellow Flags Are Flying In Panama City Beach. Moderate Rip Curremt Hazard. Use Caution. nixle.us/GZBLZ,Yellow,False,Yellow,2.0,2026-01-17,2026,1,Jan,10:02:33,10.033333333333333,nixle.us/GZBLZ,Moderate rip current hazard
888777 - Text - 2026-01-18T16_47_09Z.html,2026-01-18 10:47:09,incoming,ALERTBAY: Yellow Flags Are Flying In Panama City Beach. Moderate Rip Current Hazard. Use Caution. nixle.us/GZE3M,Yellow,False,Yellow,2.0,2026-01-18,2026,1,Jan,10:47:09,10.783333333333333,nixle.us/GZE3M,Moderate rip current hazard
888777 - Text - 2026-01-19T16_02_52Z.html,2026-01-19 10:02:52,incoming,ALERTBAY: Yellow Flags Are Flying In Panama City Beach. Moderate Rip Current Hazard. Use Caution. nixle.us/GZG57,Yellow,False,Yellow,2.0,2026-01-19,2026,1,Jan,10:02:52,10.033333333333333,nixle.us/GZG57,Moderate rip current hazard
888777 - Text - 2026-01-20T16_00_43Z.html,2026-01-20 10:00:43,incoming,ALERTBAY: Yellow Flags Are Flying In Panama City Beach. Moderate Rip Current Hazard. Use Caution. nixle.us/GZJ9H,Yellow,False,Yellow,2.0,2026-01-20,2026,1,Jan,10:00:43,10.0,nixle.us/GZJ9H,Moderate rip current hazard
888777 - Text - 2026-01-21T16_00_43Z.html,2026-01-21 10:00:43,incoming,ALERTBAY: Yellow Flags Are Flying In Panama City Beach. Moderate Rip Current Hazard. Use Caution. nixle.us/GZLPD,Yellow,False,Yellow,2.0,2026-01-21,2026,1,Jan,10:00:43,10.0,nixle.us/GZLPD,Moderate rip current hazard
888777 - Text - 2026-01-22T15_59_08Z.html,2026-01-22 09:59:08,incoming,ALERTBAY: Yellow Flags Are Flying In Panama City Beach. Moderate Rip Curremt Hazard. Use Caution. nixle.us/GZPL5,Yellow,False,Yellow,2.0,2026-01-22,2026,1,Jan,09:59:08,9.983333333333333,nixle.us/GZPL5,Moderate rip current hazard
888777 - Text - 2026-01-23T16_04_16Z.html,2026-01-23 10:04:16,incoming,ALERTBAY: Yellow Flags Are Flying In Panama City Beach. Moderate Rip Curremt Hazard. Use Caution. nixle.us/GZSNX,Yellow,False,Yellow,2.0,2026-01-23,2026,1,Jan,10:04:16,10.066666666666666,nixle.us/GZSNX,Moderate rip current hazard
888777 - Text - 2026-01-24T16_00_54Z.html,2026-01-24 10:00:54,incoming,ALERTBAY: Yellow Flags Are Flying In Panama City Beach. Moderate Rip Curremt Hazard. Use Caution. nixle.us/GZXXB,Yellow,False,Yellow,2.0,2026-01-24,2026,1,Jan,10:00:54,10.0,nixle.us/GZXXB,Moderate rip current hazard
888777 - Text - 2026-01-25T16_01_41Z.html,2026-01-25 10:01:41,incoming,ALERTBAY: DOUBLE RED Flags are Flying in Panama City Beach. The water is CLOSED to the public. nixle.us/H22MP,Double Red,False,Double Red,4.0,2026-01-25,2026,1,Jan,10:01:41,10.016666666666667,nixle.us/H22MP,Water closed
888777 - Text - 2026-01-26T16_00_12Z.html,2026-01-26 10:00:12,incoming,ALERTBAY: DOUBLE RED Flags are Flying in Panama City Beach. The water is CLOSED to the public. nixle.us/H25WX,Double Red,False,Double Red,4.0,2026-01-26,2026,1,Jan,10:00:12,10.0,nixle.us/H25WX,Water closed
888777 - Text - 2026-01-28T15_58_55Z.html,2026-01-28 09:58:55,incoming,ALERTBAY: Yellow Flags Are Flying In Panama City Beach. Moderate Rip Current Hazard. Use Caution. nixle.us/H2BPX,Yellow,False,Yellow,2.0,2026-01-28,2026,1,Jan,09:58:55,9.966666666666667,nixle.us/H2BPX,Moderate rip current hazard
888777 - Text - 2026-01-30T17_03_49Z.html,2026-01-30 11:03:49,incoming,ALERTBAY: Yellow Flags Are Flying In Panama City Beach. Moderate Rip Curremt Hazard. Use Caution. nixle.us/H2H3B,Yellow,False,Yellow,2.0,2026-01-30,2026,1,Jan,11:03:49,11.05,nixle.us/H2H3B,Moderate rip current hazard
888777 - Text - 2026-01-31T15_59_24Z.html,2026-01-31 09:59:24,incoming,ALERTBAY: Yellow Flags Are Flying In Panama City Beach. Moderate Rip Curremt Hazard. Use Caution. nixle.us/H2KBB,Yellow,False,Yellow,2.0,2026-01-31,2026,1,Jan,09:59:24,9.983333333333333,nixle.us/H2KBB,Moderate rip current hazard
888777 - Text - 2026-01-31T15_59_24Z.html,2026-01-31 11:27:34,incoming,ALERTBAY: Single RED Flags Are Flying At Panama City Beach. High Rip Current Hazard. Knee Deep Is Too Deep. nixle.us/H2KFT,Single Red,False,Single Red,3.0,2026-01-31,2026,1,Jan,11:27:34,11.45,nixle.us/H2KFT,High rip current hazard
888777 - Text - 2026-02-01T16_00_16Z.html,2026-02-01 10:00:16,incoming,ALERTBAY: Single Red Flags Are Flying At Panama City Beach. High Rip Current Hazard. Knee Deep Is Too Deep. nixle.us/H2M9K,Single Red,False,Single Red,3.0,2026-02-01,2026,2,Feb,10:00:16,10.0,nixle.us/H2M9K,High rip current hazard
888777 - Text - 2026-02-02T16_00_40Z.html,2026-02-02 10:00:40,incoming,ALERTBAY: Yellow Flags Are Flying In Panama City Beach. Moderate Rip Current Hazard. Use Caution. nixle.us/H2PFP,Yellow,False,Yellow,2.0,2026-02-02,2026,2,Feb,10:00:40,10.0,nixle.us/H2PFP,Moderate rip current hazard
888777 - Text - 2026-02-03T16_01_01Z.html,2026-02-03 10:01:01,incoming,ALERTBAY: Yellow Flags Are Flying In Panama City Beach. Moderate Rip Current Hazard. Use Caution.. nixle.us/H2RYR,Yellow,False,Yellow,2.0,2026-02-03,2026,2,Feb,10:01:01,10.016666666666667,nixle.us/H2RYR,Moderate rip current hazard
888777 - Text - 2026-02-04T16_00_25Z.html,2026-02-04 10:00:25,incoming,ALERTBAY: Single Red Flags Are Flying At Panama City Beach. High Rip Current Hazard. Knee Deep Is Too Deep. nixle.us/H2WG3,Single Red,False,Single Red,3.0,2026-02-04,2026,2,Feb,10:00:25,10.0,nixle.us/H2WG3,High rip current hazard
888777 - Text - 2026-02-06T16_04_43Z.html,2026-02-06 10:04:43,incoming,ALERTBAY: Single RED Flags Are Flying At Panama City Beach. High Rip Current Hazard. Knee Deep Is Too Deep. nixle.us/H33J9,Single Red,False,Single Red,3.0,2026-02-06,2026,2,Feb,10:04:43,10.066666666666666,nixle.us/H33J9,High rip current hazard
888777 - Text - 2026-02-07T16_00_14Z.html,2026-02-07 10:00:14,incoming,ALERTBAY: Single RED Flags Are Flying At Panama City Beach. High Rip Current Hazard. Knee Deep Is Too Deep. nixle.us/H35TT,Single Red,False,Single Red,3.0,2026-02-07,2026,2,Feb,10:00:14,10.0,nixle.us/H35TT,High rip current hazard
888777 - Text - 2026-02-08T16_00_24Z.html,2026-02-08 10:00:24,incoming,ALERTBAY: Yellow Flags Are Flying In Panama City Beach. Moderate Rip Current Hazard. Use Caution. nixle.us/H37RK,Yellow,False,Yellow,2.0,2026-02-08,2026,2,Feb,10:00:24,10.0,nixle.us/H37RK,Moderate rip current hazard
888777 - Text - 2026-02-09T16_00_27Z.html,2026-02-09 10:00:27,incoming,ALERTBAY: Yellow Flags Are Flying In Panama City Beach. Moderate Rip Current Hazard. Use Caution. nixle.us/H39WX,Yellow,False,Yellow,2.0,2026-02-09,2026,2,Feb,10:00:27,10.0,nixle.us/H39WX,Moderate rip current hazard
888777 - Text - 2026-02-10T16_00_20Z.html,2026-02-10 10:00:20,incoming,ALERTBAY: Yellow Flags Are Flying In Panama City Beach. Moderate Rip Current Hazard. Use Caution. nixle.us/H3C8F,Yellow,False,Yellow,2.0,2026-02-10,2026,2,Feb,10:00:20,10.0,nixle.us/H3C8F,Moderate rip current hazard
888777 - Text - 2026-02-11T16_00_37Z.html,2026-02-11 10:00:37,incoming,ALERTBAY: Yellow Flags Are Flying In Panama City Beach. Moderate Rip Current Hazard. Use Caution. nixle.us/H3EKH,Yellow,False,Yellow,2.0,2026-02-11,2026,2,Feb,10:00:37,10.0,nixle.us/H3EKH,Moderate rip current hazard
888777 - Text - 2026-02-12T16_09_08Z.html,2026-02-12 10:09:08,incoming,ALERTBAY: Yellow Flags Are Flying At Panama City Beach. Moderate Rip Current Hazard. Use Caution. nixle.us/H3H2B,Yellow,False,Yellow,2.0,2026-02-12,2026,2,Feb,10:09:08,10.15,nixle.us/H3H2B,Moderate rip current hazard
888777 - Text - 2026-02-13T16_11_11Z.html,2026-02-13 10:11:11,incoming,ALERTBAY: Yellow Flags Are Flying At Panama City Beach. Moderate Rip Current Hazard. Use Caution. nixle.us/H3K9F,Yellow,False,Yellow,2.0,2026-02-13,2026,2,Feb,10:11:11,10.183333333333334,nixle.us/H3K9F,Moderate rip current hazard
888777 - Text - 2026-02-15T16_00_29Z.html,2026-02-15 10:00:29,incoming,ALERTBAY: Single Red Flags Are Flying At Panama City Beach. High Rip Current Hazard. Knee Deep Is Too Deep. nixle.us/H3PE7,Single Red,False,Single Red,3.0,2026-02-15,2026,2,Feb,10:00:29,10.0,nixle.us/H3PE7,High rip current hazard
888777 - Text - 2026-02-16T16_00_55Z.html,2026-02-16 10:00:55,incoming,ALERTBAY: Single Red Flags Are Flying At Panama City Beach. High Rip Current Hazard. Knee Deep Is Too Deep. nixle.us/H3RMD,Single Red,False,Single Red,3.0,2026-02-16,2026,2,Feb,10:00:55,10.0,nixle.us/H3RMD,High rip current hazard
888777 - Text - 2026-02-17T16_00_27Z.html,2026-02-17 10:00:27,incoming,ALERTBAY: Yellow Flags Are Flying In Panama City Beach. Moderate Rip Current Hazard. Use Caution. nixle.us/H3TS7,Yellow,False,Yellow,2.0,2026-02-17,2026,2,Feb,10:00:27,10.0,nixle.us/H3TS7,Moderate rip current hazard
888777 - Text - 2026-02-18T16_00_22Z.html,2026-02-18 10:00:22,incoming,ALERTBAY: Yellow Flags Are Flying In Panama City Beach. Moderate Rip Current Hazard. Use Caution. nixle.us/H3YB9,Yellow,False,Yellow,2.0,2026-02-18,2026,2,Feb,10:00:22,10.0,nixle.us/H3YB9,Moderate rip current hazard
888777 - Text - 2026-02-19T20_44_31Z.html,2026-02-19 14:44:31,incoming,ALERTBAY: Single RED Flags Are Flying At Panama City Beach. High Rip Current Hazard. Knee Deep Is Too Deep. nixle.us/H43L9,Single Red,False,Single Red,3.0,2026-02-19,2026,2,Feb,14:44:31,14.733333333333333,nixle.us/H43L9,High rip current hazard
888777 - Text - 2026-02-20T16_20_20Z.html,2026-02-20 10:20:20,incoming,ALERTBAY: Single RED Flags Are Flying At Panama City Beach. High Rip Current Hazard. Knee Deep Is Too Deep. nixle.us/H45MX,Single Red,False,Single Red,3.0,2026-02-20,2026,2,Feb,10:20:20,10.333333333333334,nixle.us/H45MX,High rip current hazard
888777 - Text - 2026-02-21T15_59_28Z.html,2026-02-21 09:59:28,incoming,ALERTBAY: Single RED Flags Are Flying At Panama City Beach. High Rip Current Hazard. Knee Deep Is Too Deep. nixle.us/H48B9,Single Red,False,Single Red,3.0,2026-02-21,2026,2,Feb,09:59:28,9.983333333333333,nixle.us/H48B9,High rip current hazard
888777 - Text - 2026-02-22T16_00_31Z.html,2026-02-22 10:00:31,incoming,ALERTBAY: Single Red Flags Are Flying At Panama City Beach. High Rip Current Hazard. Knee Deep Is Too Deep. nixle.us/H4BBD,Single Red,False,Single Red,3.0,2026-02-22,2026,2,Feb,10:00:31,10.0,nixle.us/H4BBD,High rip current hazard
888777 - Text - 2026-02-23T16_00_32Z.html,2026-02-23 10:00:32,incoming,ALERTBAY: Single Red Flags Are Flying At Panama City Beach. High Rip Current Hazard. Knee Deep Is Too Deep. nixle.us/H4EGP,Single Red,False,Single Red,3.0,2026-02-23,2026,2,Feb,10:00:32,10.0,nixle.us/H4EGP,High rip current hazard
888777 - Text - 2026-02-24T16_00_24Z.html,2026-02-24 10:00:24,incoming,ALERTBAY: Single Red Flags Are Flying At Panama City Beach. High Rip Current Hazard. Knee Deep Is Too Deep. nixle.us/H4HB3,Single Red,False,Single Red,3.0,2026-02-24,2026,2,Feb,10:00:24,10.0,nixle.us/H4HB3,High rip current hazard
888777 - Text - 2026-02-25T16_00_20Z.html,2026-02-25 10:00:20,incoming,ALERTBAY: Single Red Flags Are Flying At Panama City Beach. High Rip Current Hazard. Knee Deep Is Too Deep. nixle.us/H4KSP,Single Red,False,Single Red,3.0,2026-02-25,2026,2,Feb,10:00:20,10.0,nixle.us/H4KSP,High rip current hazard
888777 - Text - 2026-02-26T16_19_27Z.html,2026-02-26 10:19:27,incoming,ALERTBAY: Single RED Flags Are Flying At Panama City Beach. High Rip Current Hazard. Knee Deep Is Too Deep. nixle.us/H4N5H,Single Red,False,Single Red,3.0,2026-02-26,2026,2,Feb,10:19:27,10.316666666666666,nixle.us/H4N5H,High rip current hazard
888777 - Text - 2026-02-27T16_59_14Z.html,2026-02-27 10:59:14,incoming,ALERTBAY: DOUBLE RED Flags Are Flying At Panama City Beach. High Rip Current Hazard. The Water is CLOSED To the public. nixle.us/H4QJ9,Double Red,False,Double Red,4.0,2026-02-27,2026,2,Feb,10:59:14,10.983333333333333,nixle.us/H4QJ9,Water closed
888777 - Text - 2026-02-28T16_24_18Z.html,2026-02-28 10:24:18,incoming,ALERTBAY: Single RED Flags Are Flying At Panama City Beach. High Rip Current Hazard. Knee Deep Is Too Deep. nixle.us/H4SNM,Single Red,False,Single Red,3.0,2026-02-28,2026,2,Feb,10:24:18,10.4,nixle.us/H4SNM,High rip current hazard
888777 - Text - 2026-03-01T16_00_28Z.html,2026-03-01 10:00:28,incoming,ALERTBAY: Yellow Flags Are Flying In Panama City Beach. Moderate Rip Current Hazard. Use Caution. nixle.us/H4WHZ,Yellow,False,Yellow,2.0,2026-03-01,2026,3,Mar,10:00:28,10.0,nixle.us/H4WHZ,Moderate rip current hazard
888777 - Text - 2026-03-02T16_00_29Z.html,2026-03-02 10:00:29,incoming,ALERTBAY: Yellow Flags Are Flying In Panama City Beach. Moderate Rip Current Hazard. Use Caution. nixle.us/H4YL9,Yellow,False,Yellow,2.0,2026-03-02,2026,3,Mar,10:00:29,10.0,nixle.us/H4YL9,Moderate rip current hazard
888777 - Text - 2026-03-03T16_00_26Z.html,2026-03-03 10:00:26,incoming,ALERTBAY: Yellow Flags Are Flying In Panama City Beach. Moderate Rip Current Hazard. Use Caution. nixle.us/H5349,Yellow,False,Yellow,2.0,2026-03-03,2026,3,Mar,10:00:26,10.0,nixle.us/H5349,Moderate rip current hazard
888777 - Text - 2026-03-04T16_00_32Z.html,2026-03-04 10:00:32,incoming,ALERTBAY: Yellow Flags Are Flying In Panama City Beach. Moderate Rip Current Hazard. Use Caution. nixle.us/H55MK,Yellow,False,Yellow,2.0,2026-03-04,2026,3,Mar,10:00:32,10.0,nixle.us/H55MK,Moderate rip current hazard
888777 - Text - 2026-03-05T16_01_18Z.html,2026-03-05 10:01:18,incoming,ALERTBAY: Yellow Flags Are Flying In Panama City Beach. Moderate Rip Current Hazard. Use Caution. nixle.us/H58D3,Yellow,False,Yellow,2.0,2026-03-05,2026,3,Mar,10:01:18,10.016666666666667,nixle.us/H58D3,Moderate rip current hazard
888777 - Text - 2026-03-06T16_00_03Z.html,2026-03-06 10:00:03,incoming,ALERTBAY: Yellow Flags Are Flying In Panama City Beach. Moderate Rip Current Hazard. Use Caution. nixle.us/H5B6P,Yellow,False,Yellow,2.0,2026-03-06,2026,3,Mar,10:00:03,10.0,nixle.us/H5B6P,Moderate rip current hazard
888777 - Text - 2026-03-07T16_02_05Z.html,2026-03-07 10:02:05,incoming,ALERTBAY: Yellow Flags Are Flying In Panama City Beach. Moderate Rip Current Hazard. Use Caution. nixle.us/H5DXX,Yellow,False,Yellow,2.0,2026-03-07,2026,3,Mar,10:02:05,10.033333333333333,nixle.us/H5DXX,Moderate rip current hazard
888777 - Text - 2026-03-08T15_00_47Z.html,2026-03-08 10:00:47,incoming,ALERTBAY: Yellow Flags Are Flying In Panama City Beach. Moderate Rip Current Hazard. Use Caution. nixle.us/H5G2B,Yellow,False,Yellow,2.0,2026-03-08,2026,3,Mar,10:00:47,10.0,nixle.us/H5G2B,Moderate rip current hazard
888777 - Text - 2026-03-09T15_00_33Z.html,2026-03-09 10:00:33,incoming,ALERTBAY: Yellow Flags Are Flying In Panama City Beach. Moderate Rip Current Hazard. Use Caution. nixle.us/H5J77,Yellow,False,Yellow,2.0,2026-03-09,2026,3,Mar,10:00:33,10.0,nixle.us/H5J77,Moderate rip current hazard
888777 - Text - 2026-03-10T15_00_29Z.html,2026-03-10 10:00:29,incoming,ALERTBAY: Yellow Flags Are Flying In Panama City Beach. Moderate Rip Current Hazard. Use Caution. nixle.us/H5LP7,Yellow,False,Yellow,2.0,2026-03-10,2026,3,Mar,10:00:29,10.0,nixle.us/H5LP7,Moderate rip current hazard
888777 - Text - 2026-03-11T14_58_45Z.html,2026-03-11 09:58:45,incoming,ALERTBAY: Yellow Flags Are Flying In Panama City Beach. Moderate Rip Current Hazard. Use Caution. nixle.us/H5Q2M,Yellow,False,Yellow,2.0,2026-03-11,2026,3,Mar,09:58:45,9.966666666666667,nixle.us/H5Q2M,Moderate rip current hazard
888777 - Text - 2026-03-12T15_16_06Z.html,2026-03-12 10:16:06,incoming,ALERTBAY: Single Red over Purple Flags Are Flying In Panama City Beach. High Rip Current Hazard. Use Caution. nixle.us/H5T6P,Single Red,True,Single Red + Purple,3.0,2026-03-12,2026,3,Mar,10:16:06,10.266666666666667,nixle.us/H5T6P,High rip current hazard
888777 - Text - 2026-03-14T15_37_12Z.html,2026-03-14 10:37:12,incoming,ALERTBAY: Yellow over Purple Flags Are Flying In Panama City Beach. Moderate Rip Current Hazard. Use Caution. nixle.us/H62G5,Yellow,True,Yellow + Purple,2.0,2026-03-14,2026,3,Mar,10:37:12,10.616666666666667,nixle.us/H62G5,Moderate rip current hazard
888777 - Text - 2026-03-15T15_01_02Z.html,2026-03-15 10:01:02,incoming,ALERTBAY: Yellow over Purple Flags Are Flying In Panama City Beach. Moderate Rip Current Hazard. Use Caution. nixle.us/H64T7,Yellow,True,Yellow + Purple,2.0,2026-03-15,2026,3,Mar,10:01:02,10.016666666666667,nixle.us/H64T7,Moderate rip current hazard
888777 - Text - 2026-03-16T15_00_24Z.html,2026-03-16 10:00:24,incoming,ALERTBAY: Single Red Flags Are Flying At Panama City Beach. High Rip Current Hazard. Knee Deep Is Too Deep. nixle.us/H68A3,Single Red,False,Single Red,3.0,2026-03-16,2026,3,Mar,10:00:24,10.0,nixle.us/H68A3,High rip current hazard
888777 - Text - 2026-03-17T15_04_43Z.html,2026-03-17 10:04:43,incoming,ALERTBAY: Yellow Flags Are Flying In Panama City Beach. Moderate Rip Current Hazard. Use Caution. nixle.us/H6BMH,Yellow,False,Yellow,2.0,2026-03-17,2026,3,Mar,10:04:43,10.066666666666666,nixle.us/H6BMH,Moderate rip current hazard
888777 - Text - 2026-03-18T15_00_42Z.html,2026-03-18 10:00:42,incoming,ALERTBAY: Yellow Flags Are Flying In Panama City Beach. Moderate Rip Current Hazard. Use Caution. nixle.us/H6E4B,Yellow,False,Yellow,2.0,2026-03-18,2026,3,Mar,10:00:42,10.0,nixle.us/H6E4B,Moderate rip current hazard
888777 - Text - 2026-03-19T14_59_08Z.html,2026-03-19 09:59:08,incoming,ALERTBAY: Yellow Flags Are Flying In Panama City Beach. Moderate Rip Current Hazard. Use Caution. nixle.us/H6GER,Yellow,False,Yellow,2.0,2026-03-19,2026,3,Mar,09:59:08,9.983333333333333,nixle.us/H6GER,Moderate rip current hazard
888777 - Text - 2026-03-20T15_03_11Z.html,2026-03-20 10:03:11,incoming,ALERTBAY: Yellow Flags Are Flying In Panama City Beach. Moderate Rip Current Hazard. Use Caution. nixle.us/H6JRD,Yellow,False,Yellow,2.0,2026-03-20,2026,3,Mar,10:03:11,10.05,nixle.us/H6JRD,Moderate rip current hazard
888777 - Text - 2026-03-21T15_02_12Z.html,2026-03-21 10:02:12,incoming,ALERTBAY: Yellow Flags Are Flying In Panama City Beach. Moderate Rip Current Hazard. Use Caution. nixle.us/H6M85,Yellow,False,Yellow,2.0,2026-03-21,2026,3,Mar,10:02:12,10.033333333333333,nixle.us/H6M85,Moderate rip current hazard
888777 - Text - 2026-03-22T15_02_25Z.html,2026-03-22 10:02:25,incoming,ALERTBAY: Yellow Flags Are Flying In Panama City Beach. Moderate Rip Current Hazard. Use Caution. nixle.us/H6P7B,Yellow,False,Yellow,2.0,2026-03-22,2026,3,Mar,10:02:25,10.033333333333333,nixle.us/H6P7B,Moderate rip current hazard
888777 - Text - 2026-03-23T15_00_37Z.html,2026-03-23 10:00:37,incoming,ALERTBAY: Yellow Flags Are Flying In Panama City Beach. Moderate Rip Current Hazard. Use Caution. nixle.us/H6RK9,Yellow,False,Yellow,2.0,2026-03-23,2026,3,Mar,10:00:37,10.0,nixle.us/H6RK9,Moderate rip current hazard
888777 - Text - 2026-03-24T15_00_35Z.html,2026-03-24 10:00:35,incoming,ALERTBAY: Yellow Flags Are Flying In Panama City Beach. Moderate Rip Current Hazard. Use Caution. nixle.us/H6TYB,Yellow,False,Yellow,2.0,2026-03-24,2026,3,Mar,10:00:35,10.0,nixle.us/H6TYB,Moderate rip current hazard
888777 - Text - 2026-03-25T15_00_35Z.html,2026-03-25 10:00:35,incoming,ALERTBAY: Yellow Flags Are Flying In Panama City Beach. Moderate Rip Current Hazard. Use Caution. nixle.us/H6YAH,Yellow,False,Yellow,2.0,2026-03-25,2026,3,Mar,10:00:35,10.0,nixle.us/H6YAH,Moderate rip current hazard
888777 - Text - 2026-03-26T15_03_03Z.html,2026-03-26 10:03:03,incoming,ALERTBAY: Yellow Flags Are Flying In Panama City Beach. Moderate Rip Current Hazard. Use Caution. nixle.us/H72N3,Yellow,False,Yellow,2.0,2026-03-26,2026,3,Mar,10:03:03,10.05,nixle.us/H72N3,Moderate rip current hazard
888777 - Text - 2026-03-27T15_03_01Z.html,2026-03-27 10:03:01,incoming,ALERTBAY: Yellow Flags Are Flying In Panama City Beach. Moderate Rip Current Hazard. Use Caution. nixle.us/H75HF,Yellow,False,Yellow,2.0,2026-03-27,2026,3,Mar,10:03:01,10.05,nixle.us/H75HF,Moderate rip current hazard
888777 - Text - 2026-03-27T15_03_01Z.html,2026-03-27 10:03:02,incoming,ALERTBAY: Yellow Flags Are Flying In Panama City Beach. Moderate Rip Current Hazard. Use Caution. nixle.us/H75HM,Yellow,False,Yellow,2.0,2026-03-27,2026,3,Mar,10:03:02,10.05,nixle.us/H75HM,Moderate rip current hazard
888777 - Text - 2026-03-28T15_00_31Z.html,2026-03-28 10:00:31,incoming,ALERTBAY: Yellow Flags Are Flying In Panama City Beach. Moderate Rip Current Hazard. Use Caution. nixle.us/H77PB,Yellow,False,Yellow,2.0,2026-03-28,2026,3,Mar,10:00:31,10.0,nixle.us/H77PB,Moderate rip current hazard
888777 - Text - 2026-03-29T15_01_07Z.html,2026-03-29 10:01:07,incoming,ALERTBAY: Yellow Flags Are Flying In Panama City Beach. Moderate Rip Current Hazard. Use Caution. nixle.us/H79L7,Yellow,False,Yellow,2.0,2026-03-29,2026,3,Mar,10:01:07,10.016666666666667,nixle.us/H79L7,Moderate rip current hazard
888777 - Text - 2026-03-30T15_00_34Z.html,2026-03-30 10:00:34,incoming,ALERTBAY: Yellow Flags Are Flying In Panama City Beach. Moderate Rip Current Hazard. Use Caution. nixle.us/H7BNP,Yellow,False,Yellow,2.0,2026-03-30,2026,3,Mar,10:00:34,10.0,nixle.us/H7BNP,Moderate rip current hazard
888777 - Text - 2026-03-31T15_00_36Z.html,2026-03-31 10:00:36,incoming,ALERTBAY: Yellow Flags Are Flying In Panama City Beach. Moderate Rip Current Hazard. Use Caution. nixle.us/H7EC5,Yellow,False,Yellow,2.0,2026-03-31,2026,3,Mar,10:00:36,10.0,nixle.us/H7EC5,Moderate rip current hazard
888777 - Text - 2026-04-01T15_00_41Z.html,2026-04-01 10:00:41,incoming,ALERTBAY: Yellow Flags Are Flying In Panama City Beach. Moderate Rip Current Hazard. Use Caution. nixle.us/H7HKD,Yellow,False,Yellow,2.0,2026-04-01,2026,4,Apr,10:00:41,10.0,nixle.us/H7HKD,Moderate rip current hazard
888777 - Text - 2026-04-02T15_04_52Z.html,2026-04-02 10:04:52,incoming,ALERTBAY: Yellow Flags Are Flying In Panama City Beach. Moderate Rip Current Hazard. Use Caution. nixle.us/H7LK5,Yellow,False,Yellow,2.0,2026-04-02,2026,4,Apr,10:04:52,10.066666666666666,nixle.us/H7LK5,Moderate rip current hazard
888777 - Text - 2026-04-03T15_02_18Z.html,2026-04-03 10:02:18,incoming,ALERTBAY: Single Red Flags Are Flying At Panama City Beach. High Rip Current Hazard. Knee Deep Is Too Deep. nixle.us/H7PAM,Single Red,False,Single Red,3.0,2026-04-03,2026,4,Apr,10:02:18,10.033333333333333,nixle.us/H7PAM,High rip current hazard
888777 - Text - 2026-04-04T15_02_49Z.html,2026-04-04 10:02:49,incoming,ALERTBAY: Single Red Flags Are Flying At Panama City Beach. High Rip Current Hazard. Knee Deep Is Too Deep. nixle.us/H7RKZ,Single Red,False,Single Red,3.0,2026-04-04,2026,4,Apr,10:02:49,10.033333333333333,nixle.us/H7RKZ,High rip current hazard
888777 - Text - 2026-04-05T15_02_39Z.html,2026-04-05 10:02:39,incoming,ALERTBAY: ALERTBAY: Single Red Flags are flying at Panama City Beach. High Rip Current Hazard. Knee deep is too deep.. nixle.us/H7TM9,Single Red,False,Single Red,3.0,2026-04-05,2026,4,Apr,10:02:39,10.033333333333333,nixle.us/H7TM9,High rip current hazard
888777 - Text - 2026-04-06T15_00_31Z.html,2026-04-06 10:00:31,incoming,ALERTBAY: Yellow Flags Are Flying In Panama City Beach. Moderate Rip Current Hazard. Use Caution. nixle.us/H7XST,Yellow,False,Yellow,2.0,2026-04-06,2026,4,Apr,10:00:31,10.0,nixle.us/H7XST,Moderate rip current hazard
888777 - Text - 2026-04-07T15_01_57Z.html,2026-04-07 10:01:57,incoming,ALERTBAY: Yellow Flags Are Flying In Panama City Beach. Moderate Rip Current Hazard. Use Caution. nixle.us/H82A9,Yellow,False,Yellow,2.0,2026-04-07,2026,4,Apr,10:01:57,10.016666666666667,nixle.us/H82A9,Moderate rip current hazard
888777 - Text - 2026-04-08T15_12_56Z.html,2026-04-08 10:12:56,incoming,ALERTBAY: Yellow Flags Are Flying In Panama City Beach. Moderate Rip Current Hazard. Use Caution. nixle.us/H84SM,Yellow,False,Yellow,2.0,2026-04-08,2026,4,Apr,10:12:56,10.2,nixle.us/H84SM,Moderate rip current hazard
888777 - Text - 2026-04-09T15_02_22Z.html,2026-04-09 10:02:22,incoming,ALERTBAY: Yellow Flags Are Flying In Panama City Beach. Moderate Rip Current Hazard. Use Caution. nixle.us/H877X,Yellow,False,Yellow,2.0,2026-04-09,2026,4,Apr,10:02:22,10.033333333333333,nixle.us/H877X,Moderate rip current hazard
888777 - Text - 2026-04-10T15_00_15Z.html,2026-04-10 10:00:15,incoming,ALERTBAY: Yellow Flags Are Flying In Panama City Beach. Moderate Rip Current Hazard. Use Caution. nixle.us/H89L9,Yellow,False,Yellow,2.0,2026-04-10,2026,4,Apr,10:00:15,10.0,nixle.us/H89L9,Moderate rip current hazard
888777 - Text - 2026-04-11T15_35_42Z.html,2026-04-11 10:35:42,incoming,ALERTBAY: Yellow Flags Are Flying In Panama City Beach. Moderate Rip Current Hazard. Use Caution. nixle.us/H8BZH,Yellow,False,Yellow,2.0,2026-04-11,2026,4,Apr,10:35:42,10.583333333333334,nixle.us/H8BZH,Moderate rip current hazard
888777 - Text - 2026-04-12T15_00_44Z.html,2026-04-12 10:00:44,incoming,ALERTBAY: Yellow Flags Are Flying In Panama City Beach. Moderate Rip Current Hazard. Use Caution. nixle.us/H8DSP,Yellow,False,Yellow,2.0,2026-04-12,2026,4,Apr,10:00:44,10.0,nixle.us/H8DSP,Moderate rip current hazard
888777 - Text - 2026-04-13T15_00_31Z.html,2026-04-13 10:00:31,incoming,ALERTBAY: Yellow Flags Are Flying In Panama City Beach. Moderate Rip Current Hazard. Use Caution. nixle.us/H8G27,Yellow,False,Yellow,2.0,2026-04-13,2026,4,Apr,10:00:31,10.0,nixle.us/H8G27,Moderate rip current hazard
888777 - Text - 2026-04-14T15_00_42Z.html,2026-04-14 10:00:42,incoming,ALERTBAY: Yellow Flags Are Flying In Panama City Beach. Moderate Rip Current Hazard. Use Caution. nixle.us/H8JSB,Yellow,False,Yellow,2.0,2026-04-14,2026,4,Apr,10:00:42,10.0,nixle.us/H8JSB,Moderate rip current hazard
888777 - Text - 2026-04-15T14_59_38Z.html,2026-04-15 09:59:38,incoming,ALERTBAY: Yellow Flags Are Flying In Panama City Beach. Moderate Rip Current Hazard. Use Caution. nixle.us/H8MTP,Yellow,False,Yellow,2.0,2026-04-15,2026,4,Apr,09:59:38,9.983333333333333,nixle.us/H8MTP,Moderate rip current hazard
888777 - Text - 2026-04-16T14_59_13Z.html,2026-04-16 09:59:13,incoming,ALERTBAY: Yellow Flags Are Flying In Panama City Beach. Moderate Rip Current Hazard. Use Caution. nixle.us/H8QX9,Yellow,False,Yellow,2.0,2026-04-16,2026,4,Apr,09:59:13,9.983333333333333,nixle.us/H8QX9,Moderate rip current hazard
888777 - Text - 2026-04-17T15_00_22Z.html,2026-04-17 10:00:22,incoming,ALERTBAY: Yellow Flags Are Flying In Panama City Beach. Moderate Rip Current Hazard. Use Caution. nixle.us/H8TN3,Yellow,False,Yellow,2.0,2026-04-17,2026,4,Apr,10:00:22,10.0,nixle.us/H8TN3,Moderate rip current hazard
888777 - Text - 2026-04-18T15_23_56Z.html,2026-04-18 10:23:56,incoming,ALERTBAY: Yellow Flags Are Flying In Panama City Beach. Moderate Rip Current Hazard. Use Caution. nixle.us/H8YRD,Yellow,False,Yellow,2.0,2026-04-18,2026,4,Apr,10:23:56,10.383333333333333,nixle.us/H8YRD,Moderate rip current hazard
888777 - Text - 2026-04-19T15_00_34Z.html,2026-04-19 10:00:34,incoming,ALERTBAY: Yellow Flags Are Flying In Panama City Beach. Moderate Rip Current Hazard. Use Caution. nixle.us/H92YB,Yellow,False,Yellow,2.0,2026-04-19,2026,4,Apr,10:00:34,10.0,nixle.us/H92YB,Moderate rip current hazard
888777 - Text - 2026-04-20T15_01_06Z.html,2026-04-20 10:01:06,incoming,ALERTBAY: Yellow Flags Are Flying In Panama City Beach. Moderate Rip Current Hazard. Use Caution. nixle.us/H9599,Yellow,False,Yellow,2.0,2026-04-20,2026,4,Apr,10:01:06,10.016666666666667,nixle.us/H9599,Moderate rip current hazard
888777 - Text - 2026-04-21T15_00_36Z.html,2026-04-21 10:00:36,incoming,ALERTBAY: Yellow Flags Are Flying In Panama City Beach. Moderate Rip Current Hazard. Use Caution. nixle.us/H97Q7,Yellow,False,Yellow,2.0,2026-04-21,2026,4,Apr,10:00:36,10.0,nixle.us/H97Q7,Moderate rip current hazard
888777 - Text - 2026-04-22T15_00_26Z.html,2026-04-22 10:00:26,incoming,ALERTBAY: Yellow Flags Are Flying In Panama City Beach. Moderate Rip Current Hazard. Use Caution. nixle.us/H9A6H,Yellow,False,Yellow,2.0,2026-04-22,2026,4,Apr,10:00:26,10.0,nixle.us/H9A6H,Moderate rip current hazard
888777 - Text - 2026-04-23T15_05_07Z.html,2026-04-23 10:05:07,incoming,ALERTBAY: Single Red Are Flying In Panama City Beach. High Rip Current Hazard. Use Caution. nixle.us/H9CF7,Single Red,False,Single Red,3.0,2026-04-23,2026,4,Apr,10:05:07,10.083333333333334,nixle.us/H9CF7,High rip current hazard
888777 - Text - 2026-04-23T15_05_07Z.html,2026-04-23 10:05:07,incoming,ALERTBAY: Single Red over Purple Flags Are Flying In Panama City Beach. High Rip Current Hazard. Use Caution. nixle.us/H9CF5,Single Red,True,Single Red + Purple,3.0,2026-04-23,2026,4,Apr,10:05:07,10.083333333333334,nixle.us/H9CF5,High rip current hazard
888777 - Text - 2026-04-24T14_57_49Z.html,2026-04-24 09:57:49,incoming,ALERTBAY: Single RED Flags Are Flying At Panama City Beach. High Rip Current Hazard. Knee Deep Is Too Deep. nixle.us/H9F3X,Single Red,False,Single Red,3.0,2026-04-24,2026,4,Apr,09:57:49,9.95,nixle.us/H9F3X,High rip current hazard
888777 - Text - 2026-04-26T15_02_16Z.html,2026-04-26 10:02:16,incoming,ALERTBAY: ALERT: Yellow Flags Are Flying In Panama City Beach. Moderate Rip Current Hazard. Use Caution.. nixle.us/H9KS3,Yellow,False,Yellow,2.0,2026-04-26,2026,4,Apr,10:02:16,10.033333333333333,nixle.us/H9KS3,Moderate rip current hazard
888777 - Text - 2026-04-27T15_00_56Z.html,2026-04-27 10:00:56,incoming,ALERTBAY: Yellow Flags Are Flying In Panama City Beach. Moderate Rip Current Hazard. Use Caution. nixle.us/H9NBM,Yellow,False,Yellow,2.0,2026-04-27,2026,4,Apr,10:00:56,10.0,nixle.us/H9NBM,Moderate rip current hazard
888777 - Text - 2026-04-28T15_00_33Z.html,2026-04-28 10:00:33,incoming,ALERTBAY: Yellow Flags Are Flying In Panama City Beach. Moderate Rip Current Hazard. Use Caution. nixle.us/H9REZ,Yellow,False,Yellow,2.0,2026-04-28,2026,4,Apr,10:00:33,10.0,nixle.us/H9REZ,Moderate rip current hazard
888777 - Text - 2026-04-29T15_00_28Z.html,2026-04-29 10:00:28,incoming,ALERTBAY: Yellow Flags Are Flying In Panama City Beach. Moderate Rip Current Hazard. Use Caution. nixle.us/H9W4D,Yellow,False,Yellow,2.0,2026-04-29,2026,4,Apr,10:00:28,10.0,nixle.us/H9W4D,Moderate rip current hazard
888777 - Text - 2026-04-30T15_02_46Z.html,2026-04-30 10:02:46,incoming,ALERTBAY: Yellow Flags Are Flying In Panama City Beach. Moderate Rip Current Hazard. Use Caution. nixle.us/H9YL7,Yellow,False,Yellow,2.0,2026-04-30,2026,4,Apr,10:02:46,10.033333333333333,nixle.us/H9YL7,Moderate rip current hazard
888777 - Text - 2026-05-01T15_02_21Z.html,2026-05-01 10:02:21,incoming,ALERTBAY: Yellow Flags Are Flying In Panama City Beach. Moderate Rip Current Hazard. Use Caution. nixle.us/HA37P,Yellow,False,Yellow,2.0,2026-05-01,2026,5,May,10:02:21,10.033333333333333,nixle.us/HA37P,Moderate rip current hazard
888777 - Text - 2026-05-02T15_01_33Z.html,2026-05-02 10:01:33,incoming,ALERTBAY: Yellow Flags Are Flying In Panama City Beach. Moderate Rip Current Hazard. Use Caution. nixle.us/HA5GB,Yellow,False,Yellow,2.0,2026-05-02,2026,5,May,10:01:33,10.016666666666667,nixle.us/HA5GB,Moderate rip current hazard
888777 - Text - 2026-05-03T15_00_29Z.html,2026-05-03 10:00:29,incoming,ALERTBAY: Yellow Flags Are Flying In Panama City Beach. Moderate Rip Current Hazard. Use Caution. nixle.us/HA7GT,Yellow,False,Yellow,2.0,2026-05-03,2026,5,May,10:00:29,10.0,nixle.us/HA7GT,Moderate rip current hazard
888777 - Text - 2026-05-04T15_00_30Z.html,2026-05-04 10:00:30,incoming,ALERTBAY: Yellow Flags Are Flying In Panama City Beach. Moderate Rip Current Hazard. Use Caution. nixle.us/HA9MR,Yellow,False,Yellow,2.0,2026-05-04,2026,5,May,10:00:30,10.0,nixle.us/HA9MR,Moderate rip current hazard
888777 - Text - 2026-05-05T15_02_35Z.html,2026-05-05 10:02:35,incoming,ALERTBAY: ALERTBAY: Yellow Flags Are Flying In Panama City Beach. Moderate Rip Current Hazard. Use Caution.. nixle.us/HAC47,Yellow,False,Yellow,2.0,2026-05-05,2026,5,May,10:02:35,10.033333333333333,nixle.us/HAC47,Moderate rip current hazard
888777 - Text - 2026-05-06T15_01_30Z.html,2026-05-06 10:01:30,incoming,ALERTBAY: Yellow Flags Are Flying In Panama City Beach. Moderate Rip Current Hazard. Use Caution. nixle.us/HAEQT,Yellow,False,Yellow,2.0,2026-05-06,2026,5,May,10:01:30,10.016666666666667,nixle.us/HAEQT,Moderate rip current hazard
888777 - Text - 2026-05-07T15_01_28Z.html,2026-05-07 10:01:28,incoming,ALERTBAY: Single Red Flags Are Flying At Panama City Beach. High Rip Current Hazard. Knee Deep Is Too Deep. nixle.us/HAHG9,Single Red,False,Single Red,3.0,2026-05-07,2026,5,May,10:01:28,10.016666666666667,nixle.us/HAHG9,High rip current hazard
888777 - Text - 2026-05-08T15_01_51Z.html,2026-05-08 10:01:51,incoming,ALERTBAY: Single Red Flags Are Flying At Panama City Beach. High Rip Current Hazard. Knee Deep Is Too Deep. nixle.us/HAKW3,Single Red,False,Single Red,3.0,2026-05-08,2026,5,May,10:01:51,10.016666666666667,nixle.us/HAKW3,High rip current hazard
888777 - Text - 2026-05-09T15_01_35Z.html,2026-05-09 10:01:35,incoming,ALERTBAY: Single Red Flags Are Flying At Panama City Beach. High Rip Current Hazard. Knee Deep Is Too Deep. nixle.us/HAN4D,Single Red,False,Single Red,3.0,2026-05-09,2026,5,May,10:01:35,10.016666666666667,nixle.us/HAN4D,High rip current hazard
888777 - Text - 2026-05-10T15_00_44Z.html,2026-05-10 10:00:44,incoming,ALERTBAY: Yellow Flags Are Flying In Panama City Beach. Moderate Rip Current Hazard. Use Caution. nixle.us/HAQ4H,Yellow,False,Yellow,2.0,2026-05-10,2026,5,May,10:00:44,10.0,nixle.us/HAQ4H,Moderate rip current hazard
888777 - Text - 2026-05-11T15_02_32Z.html,2026-05-11 10:02:32,incoming,ALERTBAY: Yellow Flags Are Flying In Panama City Beach. Moderate Rip Current Hazard. Use Caution.. nixle.us/HASAT,Yellow,False,Yellow,2.0,2026-05-11,2026,5,May,10:02:32,10.033333333333333,nixle.us/HASAT,Moderate rip current hazard
888777 - Text - 2026-05-12T15_00_54Z.html,2026-05-12 10:00:54,incoming,ALERTBAY: Yellow Flags Are Flying In Panama City Beach. Moderate Rip Current Hazard. Use Caution. nixle.us/HAWPK,Yellow,False,Yellow,2.0,2026-05-12,2026,5,May,10:00:54,10.0,nixle.us/HAWPK,Moderate rip current hazard
888777 - Text - 2026-05-13T14_55_48Z.html,2026-05-13 09:55:48,incoming,ALERTBAY: Yellow Flags Are Flying In Panama City Beach. Moderate Rip Current Hazard. Use Caution. nixle.us/HAZ47,Yellow,False,Yellow,2.0,2026-05-13,2026,5,May,09:55:48,9.916666666666666,nixle.us/HAZ47,Moderate rip current hazard
888777 - Text - 2026-05-14T15_01_28Z.html,2026-05-14 10:01:28,incoming,ALERTBAY: Yellow Flags Are Flying In Panama City Beach. Moderate Rip Current Hazard. Use Caution. nixle.us/HB3KF,Yellow,False,Yellow,2.0,2026-05-14,2026,5,May,10:01:28,10.016666666666667,nixle.us/HB3KF,Moderate rip current hazard
888777 - Text - 2026-05-15T15_01_27Z.html,2026-05-15 10:01:27,incoming,ALERTBAY: Yellow Flags Are Flying In Panama City Beach. Moderate Rip Current Hazard. Use Caution. nixle.us/HB63K,Yellow,False,Yellow,2.0,2026-05-15,2026,5,May,10:01:27,10.016666666666667,nixle.us/HB63K,Moderate rip current hazard
888777 - Text - 2026-05-16T15_01_29Z.html,2026-05-16 10:01:29,incoming,ALERTBAY: Yellow Flags Are Flying In Panama City Beach. Moderate Rip Current Hazard. Use Caution. nixle.us/HB8G3,Yellow,False,Yellow,2.0,2026-05-16,2026,5,May,10:01:29,10.016666666666667,nixle.us/HB8G3,Moderate rip current hazard
888777 - Text - 2026-05-17T15_00_29Z.html,2026-05-17 10:00:29,incoming,ALERTBAY: Yellow Flags Are Flying In Panama City Beach. Moderate Rip Current Hazard. Use Caution. nixle.us/HBAMD,Yellow,False,Yellow,2.0,2026-05-17,2026,5,May,10:00:29,10.0,nixle.us/HBAMD,Moderate rip current hazard
888777 - Text - 2026-05-18T15_00_26Z.html,2026-05-18 10:00:26,incoming,ALERTBAY: Single Red Flags Are Flying At Panama City Beach. High Rip Current Hazard. Knee Deep Is Too Deep. nixle.us/HBCZZ,Single Red,False,Single Red,3.0,2026-05-18,2026,5,May,10:00:26,10.0,nixle.us/HBCZZ,High rip current hazard
888777 - Text - 2026-05-19T15_06_20Z.html,2026-05-19 10:06:20,incoming,ALERTBAY: Single Red Flags Flying In Panama City Beach. High Rip Current Hazard. Knee Deep Is Too Deep.. nixle.us/HBG3F,Single Red,False,Single Red,3.0,2026-05-19,2026,5,May,10:06:20,10.1,nixle.us/HBG3F,High rip current hazard
888777 - Text - 2026-05-20T15_00_39Z.html,2026-05-20 10:00:39,incoming,ALERTBAY: Yellow Flags Are Flying In Panama City Beach. Moderate Rip Current Hazard. Use Caution. nixle.us/HBJY5,Yellow,False,Yellow,2.0,2026-05-20,2026,5,May,10:00:39,10.0,nixle.us/HBJY5,Moderate rip current hazard
888777 - Text - 2026-05-21T15_01_43Z.html,2026-05-21 10:01:43,incoming,ALERTBAY: Yellow Flags Are Flying In Panama City Beach. Moderate Rip Current Hazard. Use Caution. nixle.us/HBMYK,Yellow,False,Yellow,2.0,2026-05-21,2026,5,May,10:01:43,10.016666666666667,nixle.us/HBMYK,Moderate rip current hazard
888777 - Text - 2026-05-22T15_01_35Z.html,2026-05-22 10:01:35,incoming,ALERTBAY: Single Red Flags Are Flying At Panama City Beach. High Rip Current Hazard. Knee Deep Is Too Deep. nixle.us/HBQET,Single Red,False,Single Red,3.0,2026-05-22,2026,5,May,10:01:35,10.016666666666667,nixle.us/HBQET,High rip current hazard
888777 - Text - 2026-05-23T15_01_30Z.html,2026-05-23 10:01:30,incoming,ALERTBAY: Single Red Flags Are Flying At Panama City Beach. High Rip Current Hazard. Knee Deep Is Too Deep. nixle.us/HBSRR,Single Red,False,Single Red,3.0,2026-05-23,2026,5,May,10:01:30,10.016666666666667,nixle.us/HBSRR,High rip current hazard
888777 - Text - 2026-05-24T15_00_55Z.html,2026-05-24 10:00:55,incoming,ALERTBAY: Single Red Flags Are Flying At Panama City Beach. High Rip Current Hazard. Knee Deep Is Too Deep. nixle.us/HBX33,Single Red,False,Single Red,3.0,2026-05-24,2026,5,May,10:00:55,10.0,nixle.us/HBX33,High rip current hazard
888777 - Text - 2026-05-25T15_00_31Z.html,2026-05-25 10:00:31,incoming,ALERTBAY: Single Red Flags Are Flying At Panama City Beach. High Rip Current Hazard. Knee Deep Is Too Deep. nixle.us/HBZBF,Single Red,False,Single Red,3.0,2026-05-25,2026,5,May,10:00:31,10.0,nixle.us/HBZBF,High rip current hazard
888777 - Text - 2026-05-26T15_00_32Z.html,2026-05-26 10:00:32,incoming,ALERTBAY: Single Red Flags Are Flying At Panama City Beach. High Rip Current Hazard. Knee Deep Is Too Deep. nixle.us/HC3JK,Single Red,False,Single Red,3.0,2026-05-26,2026,5,May,10:00:32,10.0,nixle.us/HC3JK,High rip current hazard
888777 - Text - 2026-05-27T15_00_32Z.html,2026-05-27 10:00:32,incoming,ALERTBAY: Single Red Flags Are Flying At Panama City Beach. High Rip Current Hazard. Knee Deep Is Too Deep. nixle.us/HC64R,Single Red,False,Single Red,3.0,2026-05-27,2026,5,May,10:00:32,10.0,nixle.us/HC64R,High rip current hazard
888777 - Text - 2026-05-28T15_01_38Z.html,2026-05-28 10:01:38,incoming,ALERTBAY: Single Red Flags Are Flying At Panama City Beach. High Rip Current Hazard. Knee Deep Is Too Deep. nixle.us/HC8N5,Single Red,False,Single Red,3.0,2026-05-28,2026,5,May,10:01:38,10.016666666666667,nixle.us/HC8N5,High rip current hazard
888777 - Text - 2026-05-29T15_01_29Z.html,2026-05-29 10:01:29,incoming,ALERTBAY: Single Red Flags Are Flying At Panama City Beach. High Rip Current Hazard. Knee Deep Is Too Deep. nixle.us/HCB69,Single Red,False,Single Red,3.0,2026-05-29,2026,5,May,10:01:29,10.016666666666667,nixle.us/HCB69,High rip current hazard
888777 - Text - 2026-05-30T15_01_38Z.html,2026-05-30 10:01:38,incoming,ALERTBAY: Single Red Flags Are Flying At Panama City Beach. High Rip Current Hazard. Knee Deep Is Too Deep. nixle.us/HCDGB,Single Red,False,Single Red,3.0,2026-05-30,2026,5,May,10:01:38,10.016666666666667,nixle.us/HCDGB,High rip current hazard
888777 - Text - 2026-05-30T15_01_38Z.html,2026-05-30 10:15:38,incoming,ALERTBAY: Double Red Flags Are Flying At Panama City Beach. The Water Is Closed To The Public. Stay On Dry Sand. nixle.us/HCDGT,Double Red,False,Double Red,4.0,2026-05-30,2026,5,May,10:15:38,10.25,nixle.us/HCDGT,Water closed
888777 - Text - 2026-05-30T15_01_38Z.html,2026-05-30 10:15:38,incoming,ALERTBAY: DOUBLE RED Flags are Flying in Panama City Beach. The water is CLOSED to the public. nixle.us/HCDGR,Double Red,False,Double Red,4.0,2026-05-30,2026,5,May,10:15:38,10.25,nixle.us/HCDGR,Water closed
888777 - Text - 2026-05-31T15_00_35Z.html,2026-05-31 10:00:35,incoming,ALERTBAY: Single Red Flags Are Flying At Panama City Beach. High Rip Current Hazard. Knee Deep Is Too Deep. nixle.us/HCFFD,Single Red,False,Single Red,3.0,2026-05-31,2026,5,May,10:00:35,10.0,nixle.us/HCFFD,High rip current hazard
888777 - Text - 2026-06-01T15_01_17Z.html,2026-06-01 10:01:17,incoming,ALERTBAY: Single Red Flags Are Flying At Panama City Beach. High Rip Current Hazard. Knee Deep Is Too Deep. nixle.us/HCHS7,Single Red,False,Single Red,3.0,2026-06-01,2026,6,Jun,10:01:17,10.016666666666667,nixle.us/HCHS7,High rip current hazard
888777 - Text - 2026-06-02T15_00_44Z.html,2026-06-02 10:00:44,incoming,ALERTBAY: Single Red Flags Are Flying At Panama City Beach. High Rip Current Hazard. Knee Deep Is Too Deep. nixle.us/HCLF3,Single Red,False,Single Red,3.0,2026-06-02,2026,6,Jun,10:00:44,10.0,nixle.us/HCLF3,High rip current hazard
888777 - Text - 2026-06-03T15_00_49Z.html,2026-06-03 10:00:49,incoming,ALERTBAY: Single Red Flags Are Flying At Panama City Beach. High Rip Current Hazard. Knee Deep Is Too Deep. nixle.us/HCNB7,Single Red,False,Single Red,3.0,2026-06-03,2026,6,Jun,10:00:49,10.0,nixle.us/HCNB7,High rip current hazard
888777 - Text - 2026-06-03T15_00_49Z.html,2026-06-03 12:54:18,incoming,ALERTBAY: Single Red over Purple Flags Are Flying At Panama City Beach. High Rip Current Hazard. Knee Deep Is Too Deep. nixle.us/HCNKR,Single Red,True,Single Red + Purple,3.0,2026-06-03,2026,6,Jun,12:54:18,12.9,nixle.us/HCNKR,High rip current hazard
888777 - Text - 2026-06-04T15_04_24Z.html,2026-06-04 10:04:24,incoming,ALERTBAY: Single Red Over Purple Flags Are Flying At Panama City Beach. High Rip Current Hazard. Knee Deep Is Too Deep. nixle.us/HCQ5T,Single Red,True,Single Red + Purple,3.0,2026-06-04,2026,6,Jun,10:04:24,10.066666666666666,nixle.us/HCQ5T,High rip current hazard
888777 - Text - 2026-06-04T15_04_24Z.html,2026-06-04 10:04:33,incoming,ALERTBAY: Single Red Over Purple Flags Are Flying At Panama City Beach. High Rip Current Hazard. Knee Deep Is Too Deep. nixle.us/HCQ5R,Single Red,True,Single Red + Purple,3.0,2026-06-04,2026,6,Jun,10:04:33,10.066666666666666,nixle.us/HCQ5R,High rip current hazard
888777 - Text - 2026-06-04T15_04_24Z.html,2026-06-04 13:10:58,incoming,ALERTBAY: Single Red Flags Are Flying At Panama City Beach. High Rip Current Hazard. Knee Deep Is Too Deep. nixle.us/HCQEZ,Single Red,False,Single Red,3.0,2026-06-04,2026,6,Jun,13:10:58,13.166666666666666,nixle.us/HCQEZ,High rip current hazard
888777 - Text - 2026-06-05T15_03_39Z.html,2026-06-05 10:03:39,incoming,ALERTBAY: Single Red Flags Are Flying At Panama City Beach. High Rip Current Hazard. Knee Deep Is Too Deep. nixle.us/HCRY3,Single Red,False,Single Red,3.0,2026-06-05,2026,6,Jun,10:03:39,10.05,nixle.us/HCRY3,High rip current hazard
888777 - Text - 2026-06-06T15_02_26Z.html,2026-06-06 10:02:26,incoming,ALERTBAY: Single Red Flags Are Flying At Panama City Beach. High Rip Current Hazard. Knee Deep Is Too Deep. nixle.us/HCTPR,Single Red,False,Single Red,3.0,2026-06-06,2026,6,Jun,10:02:26,10.033333333333333,nixle.us/HCTPR,High rip current hazard
888777 - Text - 2026-06-06T15_02_26Z.html,2026-06-06 14:29:05,incoming,ALERTBAY: Single Red Over Purple Flags Are Flying At Panama City Beach. High Rip Current Hazard. Knee Deep Is Too Deep. nixle.us/HCW4D,Single Red,True,Single Red + Purple,3.0,2026-06-06,2026,6,Jun,14:29:05,14.483333333333333,nixle.us/HCW4D,High rip current hazard
888777 - Text - 2026-06-07T15_01_30Z.html,2026-06-07 10:01:30,incoming,ALERTBAY: Single Red Over Purple Flags Are Flying At Panama City Beach. High Rip Current Hazard. Knee Deep Is Too Deep. nixle.us/HCXPT,Single Red,True,Single Red + Purple,3.0,2026-06-07,2026,6,Jun,10:01:30,10.016666666666667,nixle.us/HCXPT,High rip current hazard
888777 - Text - 2026-06-08T15_01_51Z.html,2026-06-08 10:01:51,incoming,ALERTBAY: Yellow Over Purple Flags Are Flying In Panama City Beach. Moderate Rip Current Hazard. Use Caution. nixle.us/HCZGP,Yellow,True,Yellow + Purple,2.0,2026-06-08,2026,6,Jun,10:01:51,10.016666666666667,nixle.us/HCZGP,Moderate rip current hazard
888777 - Text - 2026-06-08T15_01_51Z.html,2026-06-08 10:30:17,incoming,ALERTBAY: Yellow Flags Are Flying In Panama City Beach. Moderate Rip Current Hazard. Use Caution. nixle.us/HCZJ7,Yellow,False,Yellow,2.0,2026-06-08,2026,6,Jun,10:30:17,10.5,nixle.us/HCZJ7,Moderate rip current hazard
888777 - Text - 2026-06-08T15_01_51Z.html,2026-06-08 13:26:57,incoming,ALERTBAY: Yellow Over Purple Flags Are Flying In Panama City Beach. Moderate Rip Current Hazard. Use Caution. nixle.us/HD22B,Yellow,True,Yellow + Purple,2.0,2026-06-08,2026,6,Jun,13:26:57,13.433333333333334,nixle.us/HD22B,Moderate rip current hazard
888777 - Text - 2026-06-09T15_01_49Z.html,2026-06-09 10:01:49,incoming,ALERTBAY: Yellow Over Purple Flags Are Flying In Panama City Beach. Moderate Rip Current Hazard. Use Caution. nixle.us/HD48P,Yellow,True,Yellow + Purple,2.0,2026-06-09,2026,6,Jun,10:01:49,10.016666666666667,nixle.us/HD48P,Moderate rip current hazard
888777 - Text - 2026-06-10T15_00_38Z.html,2026-06-10 10:00:38,incoming,ALERTBAY: Yellow over Purple Flags Are Flying In Panama City Beach. Moderate Rip Current Hazard. Use Caution. nixle.us/HD755,Yellow,True,Yellow + Purple,2.0,2026-06-10,2026,6,Jun,10:00:38,10.0,nixle.us/HD755,Moderate rip current hazard
888777 - Text - 2026-06-10T15_00_38Z.html,2026-06-10 11:00:16,incoming,ALERTBAY: Yellow Flags Are Flying In Panama City Beach. Moderate Rip Current Hazard. Use Caution. nixle.us/HD795,Yellow,False,Yellow,2.0,2026-06-10,2026,6,Jun,11:00:16,11.0,nixle.us/HD795,Moderate rip current hazard
888777 - Text - 2026-06-11T15_00_32Z.html,2026-06-11 10:00:32,incoming,ALERTBAY: Yellow Flags Are Flying In Panama City Beach. Moderate Rip Current Hazard. Use Caution. nixle.us/HDAGH,Yellow,False,Yellow,2.0,2026-06-11,2026,6,Jun,10:00:32,10.0,nixle.us/HDAGH,Moderate rip current hazard
888777 - Text - 2026-06-12T15_03_44Z.html,2026-06-12 10:03:44,incoming,ALERTBAY: Single Red Flags Are Flying At Panama City Beach. High Rip Current Hazard. Knee Deep Is Too Deep. nixle.us/HDDYB,Single Red,False,Single Red,3.0,2026-06-12,2026,6,Jun,10:03:44,10.05,nixle.us/HDDYB,High rip current hazard
