date,latest_flag,latest_purple,peak_flag,peak_severity,purple_any,purple_known,n_updates,first_time,last_time,latest_label,peak_label,year,month_num,month,dow,record_status,record_tier,source_quality
2017-08-30,Double Red,False,Double Red,4.0,False,False,1,10:00,10:00,Double Red,Double Red,2017,8,Aug,Wednesday,finalized,recovered,NWS Tallahassee SRFTAE recovered Bay flag via IEM
2020-01-11,Double Red,False,Double Red,4.0,False,False,1,10:29,10:29,Double Red,Double Red,2020,1,Jan,Saturday,finalized,recovered,NWS Tallahassee SRFTAE recovered Bay flag via IEM
2020-03-11,Single Red,False,Single Red,3.0,False,False,1,11:12,11:12,Single Red,Single Red,2020,3,Mar,Wednesday,finalized,recovered,NWS Tallahassee SRFTAE recovered Bay flag via IEM
2020-05-16,Yellow,False,Yellow,2.0,False,False,1,10:41,10:41,Yellow,Yellow,2020,5,May,Saturday,finalized,recovered,NWS Tallahassee SRFTAE recovered Bay flag via IEM
2020-05-17,Yellow,False,Yellow,2.0,False,False,1,11:37,11:37,Yellow,Yellow,2020,5,May,Sunday,finalized,recovered,NWS Tallahassee SRFTAE recovered Bay flag via IEM
2020-05-18,Single Red,False,Single Red,3.0,False,False,1,11:09,11:09,Single Red,Single Red,2020,5,May,Monday,finalized,recovered,NWS Tallahassee SRFTAE recovered Bay flag via IEM
2020-05-19,Single Red,False,Single Red,3.0,False,False,1,14:13,14:13,Single Red,Single Red,2020,5,May,Tuesday,finalized,recovered,NWS Tallahassee SRFTAE recovered Bay flag via IEM
2020-05-20,Double Red,False,Double Red,4.0,False,False,1,10:48,10:48,Double Red,Double Red,2020,5,May,Wednesday,finalized,recovered,NWS Tallahassee SRFTAE recovered Bay flag via IEM
2020-05-21,Yellow,False,Yellow,2.0,False,False,1,11:31,11:31,Yellow,Yellow,2020,5,May,Thursday,finalized,recovered,NWS Tallahassee SRFTAE recovered Bay flag via IEM
2020-05-22,Yellow,False,Yellow,2.0,False,False,1,10:59,10:59,Yellow,Yellow,2020,5,May,Friday,finalized,recovered,NWS Tallahassee SRFTAE recovered Bay flag via IEM
2020-05-24,Single Red,False,Single Red,3.0,False,False,1,10:43,10:43,Single Red,Single Red,2020,5,May,Sunday,finalized,recovered,NWS Tallahassee SRFTAE recovered Bay flag via IEM
2020-05-25,Single Red,False,Single Red,3.0,False,False,1,10:10,10:10,Single Red,Single Red,2020,5,May,Monday,finalized,recovered,NWS Tallahassee SRFTAE recovered Bay flag via IEM
2020-05-26,Single Red,False,Single Red,3.0,False,False,1,09:26,09:26,Single Red,Single Red,2020,5,May,Tuesday,finalized,recovered,NWS Tallahassee SRFTAE recovered Bay flag via IEM
2020-05-27,Yellow,False,Yellow,2.0,False,False,1,12:57,12:57,Yellow,Yellow,2020,5,May,Wednesday,finalized,recovered,NWS Tallahassee SRFTAE recovered Bay flag via IEM
2020-05-28,Yellow,False,Yellow,2.0,False,False,1,10:51,10:51,Yellow,Yellow,2020,5,May,Thursday,finalized,recovered,NWS Tallahassee SRFTAE recovered Bay flag via IEM
2020-05-29,Single Red,False,Single Red,3.0,False,False,2,11:56,13:29,Single Red,Single Red,2020,5,May,Friday,finalized,recovered,NWS Tallahassee SRFTAE recovered Bay flag via IEM
2020-05-30,Yellow,False,Yellow,2.0,False,False,1,10:56,10:56,Yellow,Yellow,2020,5,May,Saturday,finalized,recovered,NWS Tallahassee SRFTAE recovered Bay flag via IEM
2020-05-31,Yellow,False,Yellow,2.0,False,False,1,10:51,10:51,Yellow,Yellow,2020,5,May,Sunday,finalized,recovered,NWS Tallahassee SRFTAE recovered Bay flag via IEM
2020-06-01,Yellow,False,Yellow,2.0,False,False,1,11:10,11:10,Yellow,Yellow,2020,6,Jun,Monday,finalized,recovered,NWS Tallahassee SRFTAE recovered Bay flag via IEM
2020-06-02,Yellow,False,Yellow,2.0,False,False,1,14:03,14:03,Yellow,Yellow,2020,6,Jun,Tuesday,finalized,recovered,NWS Tallahassee SRFTAE recovered Bay flag via IEM
2020-06-04,Yellow,False,Yellow,2.0,False,False,1,13:00,13:00,Yellow,Yellow,2020,6,Jun,Thursday,finalized,recovered,NWS Tallahassee SRFTAE recovered Bay flag via IEM
2020-06-05,Single Red,False,Single Red,3.0,False,False,1,11:49,11:49,Single Red,Single Red,2020,6,Jun,Friday,finalized,recovered,NWS Tallahassee SRFTAE recovered Bay flag via IEM
2020-06-06,Double Red,False,Double Red,4.0,False,False,1,10:48,10:48,Double Red,Double Red,2020,6,Jun,Saturday,finalized,recovered,NWS Tallahassee SRFTAE recovered Bay flag via IEM
2020-06-07,Double Red,False,Double Red,4.0,False,False,1,10:58,10:58,Double Red,Double Red,2020,6,Jun,Sunday,finalized,recovered,NWS Tallahassee SRFTAE recovered Bay flag via IEM
2020-06-08,Double Red,False,Double Red,4.0,False,False,1,13:08,13:08,Double Red,Double Red,2020,6,Jun,Monday,finalized,recovered,NWS Tallahassee SRFTAE recovered Bay flag via IEM
2020-06-09,Double Red,False,Double Red,4.0,False,False,1,11:34,11:34,Double Red,Double Red,2020,6,Jun,Tuesday,finalized,recovered,NWS Tallahassee SRFTAE recovered Bay flag via IEM
2020-06-10,Single Red,False,Single Red,3.0,False,False,1,10:45,10:45,Single Red,Single Red,2020,6,Jun,Wednesday,finalized,recovered,NWS Tallahassee SRFTAE recovered Bay flag via IEM
2020-06-11,Yellow,False,Yellow,2.0,False,False,1,11:59,11:59,Yellow,Yellow,2020,6,Jun,Thursday,finalized,recovered,NWS Tallahassee SRFTAE recovered Bay flag via IEM
2020-06-12,Yellow,False,Yellow,2.0,False,False,1,12:23,12:23,Yellow,Yellow,2020,6,Jun,Friday,finalized,recovered,NWS Tallahassee SRFTAE recovered Bay flag via IEM
2020-06-13,Yellow,False,Yellow,2.0,False,False,1,13:15,13:15,Yellow,Yellow,2020,6,Jun,Saturday,finalized,recovered,NWS Tallahassee SRFTAE recovered Bay flag via IEM
2020-06-14,Yellow,False,Yellow,2.0,False,False,1,12:32,12:32,Yellow,Yellow,2020,6,Jun,Sunday,finalized,recovered,NWS Tallahassee SRFTAE recovered Bay flag via IEM
2020-06-15,Yellow,False,Yellow,2.0,False,False,1,10:08,10:08,Yellow,Yellow,2020,6,Jun,Monday,finalized,recovered,NWS Tallahassee SRFTAE recovered Bay flag via IEM
2020-06-16,Yellow,False,Yellow,2.0,False,False,1,11:06,11:06,Yellow,Yellow,2020,6,Jun,Tuesday,finalized,recovered,NWS Tallahassee SRFTAE recovered Bay flag via IEM
2020-06-17,Yellow,False,Yellow,2.0,False,False,1,11:59,11:59,Yellow,Yellow,2020,6,Jun,Wednesday,finalized,recovered,NWS Tallahassee SRFTAE recovered Bay flag via IEM
2020-06-18,Yellow,False,Yellow,2.0,False,False,1,10:39,10:39,Yellow,Yellow,2020,6,Jun,Thursday,finalized,recovered,NWS Tallahassee SRFTAE recovered Bay flag via IEM
2020-06-20,Yellow,False,Yellow,2.0,False,False,1,12:33,12:33,Yellow,Yellow,2020,6,Jun,Saturday,finalized,recovered,NWS Tallahassee SRFTAE recovered Bay flag via IEM
2020-06-21,Yellow,False,Yellow,2.0,False,False,1,10:53,10:53,Yellow,Yellow,2020,6,Jun,Sunday,finalized,recovered,NWS Tallahassee SRFTAE recovered Bay flag via IEM
2020-06-22,Yellow,False,Yellow,2.0,False,False,1,11:49,11:49,Yellow,Yellow,2020,6,Jun,Monday,finalized,recovered,NWS Tallahassee SRFTAE recovered Bay flag via IEM
2020-06-23,Single Red,False,Single Red,3.0,False,False,1,12:52,12:52,Single Red,Single Red,2020,6,Jun,Tuesday,finalized,recovered,NWS Tallahassee SRFTAE recovered Bay flag via IEM
2020-06-24,Single Red,False,Single Red,3.0,False,False,1,08:54,08:54,Single Red,Single Red,2020,6,Jun,Wednesday,finalized,recovered,NWS Tallahassee SRFTAE recovered Bay flag via IEM
2020-06-25,Single Red,False,Single Red,3.0,False,False,1,09:37,09:37,Single Red,Single Red,2020,6,Jun,Thursday,finalized,recovered,NWS Tallahassee SRFTAE recovered Bay flag via IEM
2020-06-26,Yellow,False,Yellow,2.0,False,False,1,11:00,11:00,Yellow,Yellow,2020,6,Jun,Friday,finalized,recovered,NWS Tallahassee SRFTAE recovered Bay flag via IEM
2020-06-27,Yellow,False,Yellow,2.0,False,False,1,10:42,10:42,Yellow,Yellow,2020,6,Jun,Saturday,finalized,recovered,NWS Tallahassee SRFTAE recovered Bay flag via IEM
2020-06-28,Yellow,False,Yellow,2.0,False,False,1,10:45,10:45,Yellow,Yellow,2020,6,Jun,Sunday,finalized,recovered,NWS Tallahassee SRFTAE recovered Bay flag via IEM
2020-06-29,Yellow,False,Yellow,2.0,False,False,1,10:43,10:43,Yellow,Yellow,2020,6,Jun,Monday,finalized,recovered,NWS Tallahassee SRFTAE recovered Bay flag via IEM
2020-06-30,Yellow,False,Yellow,2.0,False,False,1,09:11,09:11,Yellow,Yellow,2020,6,Jun,Tuesday,finalized,recovered,NWS Tallahassee SRFTAE recovered Bay flag via IEM
2020-07-01,Yellow,False,Yellow,2.0,False,False,1,11:03,11:03,Yellow,Yellow,2020,7,Jul,Wednesday,finalized,recovered,NWS Tallahassee SRFTAE recovered Bay flag via IEM
2020-07-02,Yellow,False,Yellow,2.0,False,False,1,10:41,10:41,Yellow,Yellow,2020,7,Jul,Thursday,finalized,recovered,NWS Tallahassee SRFTAE recovered Bay flag via IEM
2020-07-03,Yellow,False,Yellow,2.0,False,False,1,11:23,11:23,Yellow,Yellow,2020,7,Jul,Friday,finalized,recovered,NWS Tallahassee SRFTAE recovered Bay flag via IEM
2020-07-04,Yellow,False,Yellow,2.0,False,False,1,11:24,11:24,Yellow,Yellow,2020,7,Jul,Saturday,finalized,recovered,NWS Tallahassee SRFTAE recovered Bay flag via IEM
2020-07-05,Yellow,False,Yellow,2.0,False,False,1,10:47,10:47,Yellow,Yellow,2020,7,Jul,Sunday,finalized,recovered,NWS Tallahassee SRFTAE recovered Bay flag via IEM
2020-07-06,Single Red,False,Single Red,3.0,False,False,1,11:04,11:04,Single Red,Single Red,2020,7,Jul,Monday,finalized,recovered,NWS Tallahassee SRFTAE recovered Bay flag via IEM
2020-07-08,Single Red,False,Single Red,3.0,False,False,1,11:16,11:16,Single Red,Single Red,2020,7,Jul,Wednesday,finalized,recovered,NWS Tallahassee SRFTAE recovered Bay flag via IEM
2020-07-09,Yellow,False,Yellow,2.0,False,False,1,12:10,12:10,Yellow,Yellow,2020,7,Jul,Thursday,finalized,recovered,NWS Tallahassee SRFTAE recovered Bay flag via IEM
2020-07-10,Yellow,False,Yellow,2.0,False,False,1,10:30,10:30,Yellow,Yellow,2020,7,Jul,Friday,finalized,recovered,NWS Tallahassee SRFTAE recovered Bay flag via IEM
2020-07-11,Yellow,False,Yellow,2.0,False,False,1,10:13,10:13,Yellow,Yellow,2020,7,Jul,Saturday,finalized,recovered,NWS Tallahassee SRFTAE recovered Bay flag via IEM
2020-07-12,Yellow,False,Yellow,2.0,False,False,1,10:31,10:31,Yellow,Yellow,2020,7,Jul,Sunday,finalized,recovered,NWS Tallahassee SRFTAE recovered Bay flag via IEM
2020-07-13,Yellow,False,Yellow,2.0,False,False,1,11:03,11:03,Yellow,Yellow,2020,7,Jul,Monday,finalized,recovered,NWS Tallahassee SRFTAE recovered Bay flag via IEM
2020-07-14,Yellow,False,Yellow,2.0,False,False,1,09:07,09:07,Yellow,Yellow,2020,7,Jul,Tuesday,finalized,recovered,NWS Tallahassee SRFTAE recovered Bay flag via IEM
2020-07-15,Yellow,False,Yellow,2.0,False,False,1,11:24,11:24,Yellow,Yellow,2020,7,Jul,Wednesday,finalized,recovered,NWS Tallahassee SRFTAE recovered Bay flag via IEM
2020-07-16,Yellow,False,Yellow,2.0,False,False,1,11:08,11:08,Yellow,Yellow,2020,7,Jul,Thursday,finalized,recovered,NWS Tallahassee SRFTAE recovered Bay flag via IEM
2020-07-17,Yellow,False,Yellow,2.0,False,False,1,11:06,11:06,Yellow,Yellow,2020,7,Jul,Friday,finalized,recovered,NWS Tallahassee SRFTAE recovered Bay flag via IEM
2020-07-20,Yellow,False,Yellow,2.0,False,False,1,11:16,11:16,Yellow,Yellow,2020,7,Jul,Monday,finalized,recovered,NWS Tallahassee SRFTAE recovered Bay flag via IEM
2020-07-21,Yellow,False,Yellow,2.0,False,False,1,11:08,11:08,Yellow,Yellow,2020,7,Jul,Tuesday,finalized,recovered,NWS Tallahassee SRFTAE recovered Bay flag via IEM
2020-07-22,Single Red,False,Single Red,3.0,False,False,1,10:56,10:56,Single Red,Single Red,2020,7,Jul,Wednesday,finalized,recovered,NWS Tallahassee SRFTAE recovered Bay flag via IEM
2020-07-23,Double Red,False,Double Red,4.0,False,False,1,10:54,10:54,Double Red,Double Red,2020,7,Jul,Thursday,finalized,recovered,NWS Tallahassee SRFTAE recovered Bay flag via IEM
2020-07-24,Double Red,False,Double Red,4.0,False,False,1,10:45,10:45,Double Red,Double Red,2020,7,Jul,Friday,finalized,recovered,NWS Tallahassee SRFTAE recovered Bay flag via IEM
2020-07-25,Single Red,False,Single Red,3.0,False,False,1,10:48,10:48,Single Red,Single Red,2020,7,Jul,Saturday,finalized,recovered,NWS Tallahassee SRFTAE recovered Bay flag via IEM
2020-07-26,Yellow,False,Yellow,2.0,False,False,1,10:43,10:43,Yellow,Yellow,2020,7,Jul,Sunday,finalized,recovered,NWS Tallahassee SRFTAE recovered Bay flag via IEM
2020-07-27,Yellow,False,Yellow,2.0,False,False,1,11:12,11:12,Yellow,Yellow,2020,7,Jul,Monday,finalized,recovered,NWS Tallahassee SRFTAE recovered Bay flag via IEM
2020-07-28,Single Red,False,Single Red,3.0,False,False,1,11:15,11:15,Single Red,Single Red,2020,7,Jul,Tuesday,finalized,recovered,NWS Tallahassee SRFTAE recovered Bay flag via IEM
2020-07-29,Yellow,False,Yellow,2.0,False,False,1,11:35,11:35,Yellow,Yellow,2020,7,Jul,Wednesday,finalized,recovered,NWS Tallahassee SRFTAE recovered Bay flag via IEM
2020-07-30,Yellow,False,Yellow,2.0,False,False,1,12:46,12:46,Yellow,Yellow,2020,7,Jul,Thursday,finalized,recovered,NWS Tallahassee SRFTAE recovered Bay flag via IEM
2020-07-31,Yellow,False,Yellow,2.0,False,False,1,11:47,11:47,Yellow,Yellow,2020,7,Jul,Friday,finalized,recovered,NWS Tallahassee SRFTAE recovered Bay flag via IEM
2020-08-01,Yellow,False,Yellow,2.0,False,False,1,11:41,11:41,Yellow,Yellow,2020,8,Aug,Saturday,finalized,recovered,NWS Tallahassee SRFTAE recovered Bay flag via IEM
2020-08-02,Yellow,False,Yellow,2.0,False,False,1,10:52,10:52,Yellow,Yellow,2020,8,Aug,Sunday,finalized,recovered,NWS Tallahassee SRFTAE recovered Bay flag via IEM
2020-08-03,Yellow,False,Yellow,2.0,False,False,1,11:09,11:09,Yellow,Yellow,2020,8,Aug,Monday,finalized,recovered,NWS Tallahassee SRFTAE recovered Bay flag via IEM
2020-08-04,Yellow,False,Yellow,2.0,False,False,1,10:57,10:57,Yellow,Yellow,2020,8,Aug,Tuesday,finalized,recovered,NWS Tallahassee SRFTAE recovered Bay flag via IEM
2020-08-05,Yellow,False,Yellow,2.0,False,False,1,10:11,10:11,Yellow,Yellow,2020,8,Aug,Wednesday,finalized,recovered,NWS Tallahassee SRFTAE recovered Bay flag via IEM
2020-08-06,Yellow,False,Yellow,2.0,False,False,1,09:57,09:57,Yellow,Yellow,2020,8,Aug,Thursday,finalized,recovered,NWS Tallahassee SRFTAE recovered Bay flag via IEM
2020-08-07,Yellow,False,Yellow,2.0,False,False,1,10:33,10:33,Yellow,Yellow,2020,8,Aug,Friday,finalized,recovered,NWS Tallahassee SRFTAE recovered Bay flag via IEM
2020-08-08,Yellow,False,Yellow,2.0,False,False,1,10:57,10:57,Yellow,Yellow,2020,8,Aug,Saturday,finalized,recovered,NWS Tallahassee SRFTAE recovered Bay flag via IEM
2020-08-09,Yellow,False,Yellow,2.0,False,False,1,11:07,11:07,Yellow,Yellow,2020,8,Aug,Sunday,finalized,recovered,NWS Tallahassee SRFTAE recovered Bay flag via IEM
2020-08-10,Yellow,False,Yellow,2.0,False,False,1,09:46,09:46,Yellow,Yellow,2020,8,Aug,Monday,finalized,recovered,NWS Tallahassee SRFTAE recovered Bay flag via IEM
2020-08-11,Yellow,False,Yellow,2.0,False,False,1,09:37,09:37,Yellow,Yellow,2020,8,Aug,Tuesday,finalized,recovered,NWS Tallahassee SRFTAE recovered Bay flag via IEM
2020-08-12,Yellow,False,Yellow,2.0,False,False,1,10:37,10:37,Yellow,Yellow,2020,8,Aug,Wednesday,finalized,recovered,NWS Tallahassee SRFTAE recovered Bay flag via IEM
2020-08-13,Yellow,False,Yellow,2.0,False,False,1,09:45,09:45,Yellow,Yellow,2020,8,Aug,Thursday,finalized,recovered,NWS Tallahassee SRFTAE recovered Bay flag via IEM
2020-08-14,Yellow,False,Yellow,2.0,False,False,1,11:56,11:56,Yellow,Yellow,2020,8,Aug,Friday,finalized,recovered,NWS Tallahassee SRFTAE recovered Bay flag via IEM
2020-08-15,Yellow,False,Yellow,2.0,False,False,1,11:02,11:02,Yellow,Yellow,2020,8,Aug,Saturday,finalized,recovered,NWS Tallahassee SRFTAE recovered Bay flag via IEM
2020-08-16,Yellow,False,Yellow,2.0,False,False,1,10:28,10:28,Yellow,Yellow,2020,8,Aug,Sunday,finalized,recovered,NWS Tallahassee SRFTAE recovered Bay flag via IEM
2020-08-17,Yellow,False,Yellow,2.0,False,False,1,11:29,11:29,Yellow,Yellow,2020,8,Aug,Monday,finalized,recovered,NWS Tallahassee SRFTAE recovered Bay flag via IEM
2020-08-18,Yellow,False,Yellow,2.0,False,False,1,11:38,11:38,Yellow,Yellow,2020,8,Aug,Tuesday,finalized,recovered,NWS Tallahassee SRFTAE recovered Bay flag via IEM
2020-08-19,Yellow,False,Yellow,2.0,False,False,1,10:43,10:43,Yellow,Yellow,2020,8,Aug,Wednesday,finalized,recovered,NWS Tallahassee SRFTAE recovered Bay flag via IEM
2020-08-20,Yellow,False,Yellow,2.0,False,False,1,11:02,11:02,Yellow,Yellow,2020,8,Aug,Thursday,finalized,recovered,NWS Tallahassee SRFTAE recovered Bay flag via IEM
2020-08-21,Yellow,False,Yellow,2.0,False,False,1,13:28,13:28,Yellow,Yellow,2020,8,Aug,Friday,finalized,recovered,NWS Tallahassee SRFTAE recovered Bay flag via IEM
2020-08-22,Yellow,False,Yellow,2.0,False,False,1,11:03,11:03,Yellow,Yellow,2020,8,Aug,Saturday,finalized,recovered,NWS Tallahassee SRFTAE recovered Bay flag via IEM
2020-08-23,Single Red,False,Single Red,3.0,False,False,1,11:16,11:16,Single Red,Single Red,2020,8,Aug,Sunday,finalized,recovered,NWS Tallahassee SRFTAE recovered Bay flag via IEM
2020-08-24,Single Red,False,Single Red,3.0,False,False,1,10:17,10:17,Single Red,Single Red,2020,8,Aug,Monday,finalized,recovered,NWS Tallahassee SRFTAE recovered Bay flag via IEM
2020-08-25,Double Red,False,Double Red,4.0,False,False,1,11:37,11:37,Double Red,Double Red,2020,8,Aug,Tuesday,finalized,recovered,NWS Tallahassee SRFTAE recovered Bay flag via IEM
2020-08-26,Double Red,False,Double Red,4.0,False,False,1,11:22,11:22,Double Red,Double Red,2020,8,Aug,Wednesday,finalized,recovered,NWS Tallahassee SRFTAE recovered Bay flag via IEM
2020-08-27,Double Red,False,Double Red,4.0,False,False,1,09:58,09:58,Double Red,Double Red,2020,8,Aug,Thursday,finalized,recovered,NWS Tallahassee SRFTAE recovered Bay flag via IEM
2020-08-28,Double Red,False,Double Red,4.0,False,False,1,09:38,09:38,Double Red,Double Red,2020,8,Aug,Friday,finalized,recovered,NWS Tallahassee SRFTAE recovered Bay flag via IEM
2020-08-29,Double Red,False,Double Red,4.0,False,False,1,09:33,09:33,Double Red,Double Red,2020,8,Aug,Saturday,finalized,recovered,NWS Tallahassee SRFTAE recovered Bay flag via IEM
2020-08-30,Double Red,False,Double Red,4.0,False,False,1,11:28,11:28,Double Red,Double Red,2020,8,Aug,Sunday,finalized,recovered,NWS Tallahassee SRFTAE recovered Bay flag via IEM
2020-08-31,Double Red,False,Double Red,4.0,False,False,1,12:39,12:39,Double Red,Double Red,2020,8,Aug,Monday,finalized,recovered,NWS Tallahassee SRFTAE recovered Bay flag via IEM
2020-09-01,Single Red,False,Single Red,3.0,False,False,1,10:34,10:34,Single Red,Single Red,2020,9,Sep,Tuesday,finalized,recovered,NWS Tallahassee SRFTAE recovered Bay flag via IEM
2020-09-02,Yellow,False,Yellow,2.0,False,False,1,11:04,11:04,Yellow,Yellow,2020,9,Sep,Wednesday,finalized,recovered,NWS Tallahassee SRFTAE recovered Bay flag via IEM
2020-09-03,Yellow,False,Yellow,2.0,False,False,1,10:12,10:12,Yellow,Yellow,2020,9,Sep,Thursday,finalized,recovered,NWS Tallahassee SRFTAE recovered Bay flag via IEM
2020-09-04,Single Red,False,Single Red,3.0,False,False,2,09:24,10:34,Single Red,Single Red,2020,9,Sep,Friday,finalized,recovered,NWS Tallahassee SRFTAE recovered Bay flag via IEM
2020-09-05,Single Red,False,Single Red,3.0,False,False,1,10:09,10:09,Single Red,Single Red,2020,9,Sep,Saturday,finalized,recovered,NWS Tallahassee SRFTAE recovered Bay flag via IEM
2020-09-06,Single Red,False,Single Red,3.0,False,False,1,09:18,09:18,Single Red,Single Red,2020,9,Sep,Sunday,finalized,recovered,NWS Tallahassee SRFTAE recovered Bay flag via IEM
2020-09-07,Yellow,False,Yellow,2.0,False,False,1,09:46,09:46,Yellow,Yellow,2020,9,Sep,Monday,finalized,recovered,NWS Tallahassee SRFTAE recovered Bay flag via IEM
2020-09-08,Yellow,False,Yellow,2.0,False,False,1,12:48,12:48,Yellow,Yellow,2020,9,Sep,Tuesday,finalized,recovered,NWS Tallahassee SRFTAE recovered Bay flag via IEM
2020-09-09,Yellow,False,Yellow,2.0,False,False,1,14:11,14:11,Yellow,Yellow,2020,9,Sep,Wednesday,finalized,recovered,NWS Tallahassee SRFTAE recovered Bay flag via IEM
2020-09-10,Yellow,False,Yellow,2.0,False,False,1,11:18,11:18,Yellow,Yellow,2020,9,Sep,Thursday,finalized,recovered,NWS Tallahassee SRFTAE recovered Bay flag via IEM
2020-09-11,Yellow,False,Yellow,2.0,False,False,1,11:20,11:20,Yellow,Yellow,2020,9,Sep,Friday,finalized,recovered,NWS Tallahassee SRFTAE recovered Bay flag via IEM
2020-09-12,Single Red,False,Single Red,3.0,False,False,1,09:25,09:25,Single Red,Single Red,2020,9,Sep,Saturday,finalized,recovered,NWS Tallahassee SRFTAE recovered Bay flag via IEM
2020-09-13,Single Red,False,Single Red,3.0,False,False,1,10:16,10:16,Single Red,Single Red,2020,9,Sep,Sunday,finalized,recovered,NWS Tallahassee SRFTAE recovered Bay flag via IEM
2020-09-14,Double Red,False,Double Red,4.0,False,False,1,09:57,09:57,Double Red,Double Red,2020,9,Sep,Monday,finalized,recovered,NWS Tallahassee SRFTAE recovered Bay flag via IEM
2020-09-15,Double Red,False,Double Red,4.0,False,False,1,11:00,11:00,Double Red,Double Red,2020,9,Sep,Tuesday,finalized,recovered,NWS Tallahassee SRFTAE recovered Bay flag via IEM
2020-09-16,Double Red,False,Double Red,4.0,False,False,1,10:11,10:11,Double Red,Double Red,2020,9,Sep,Wednesday,finalized,recovered,NWS Tallahassee SRFTAE recovered Bay flag via IEM
2020-09-17,Double Red,False,Double Red,4.0,False,False,1,09:52,09:52,Double Red,Double Red,2020,9,Sep,Thursday,finalized,recovered,NWS Tallahassee SRFTAE recovered Bay flag via IEM
2020-09-18,Single Red,False,Single Red,3.0,False,False,1,10:03,10:03,Single Red,Single Red,2020,9,Sep,Friday,finalized,recovered,NWS Tallahassee SRFTAE recovered Bay flag via IEM
2020-09-19,Yellow,False,Yellow,2.0,False,False,1,12:58,12:58,Yellow,Yellow,2020,9,Sep,Saturday,finalized,recovered,NWS Tallahassee SRFTAE recovered Bay flag via IEM
2020-09-20,Yellow,False,Yellow,2.0,False,False,1,10:55,10:55,Yellow,Yellow,2020,9,Sep,Sunday,finalized,recovered,NWS Tallahassee SRFTAE recovered Bay flag via IEM
2020-09-21,Yellow,False,Yellow,2.0,False,False,1,11:33,11:33,Yellow,Yellow,2020,9,Sep,Monday,finalized,recovered,NWS Tallahassee SRFTAE recovered Bay flag via IEM
2020-09-22,Yellow,False,Yellow,2.0,False,False,1,10:52,10:52,Yellow,Yellow,2020,9,Sep,Tuesday,finalized,recovered,NWS Tallahassee SRFTAE recovered Bay flag via IEM
2020-09-23,Single Red,False,Single Red,3.0,False,False,1,11:52,11:52,Single Red,Single Red,2020,9,Sep,Wednesday,finalized,recovered,NWS Tallahassee SRFTAE recovered Bay flag via IEM
2020-09-24,Double Red,False,Double Red,4.0,False,False,1,10:46,10:46,Double Red,Double Red,2020,9,Sep,Thursday,finalized,recovered,NWS Tallahassee SRFTAE recovered Bay flag via IEM
2020-09-25,Single Red,False,Single Red,3.0,False,False,1,11:14,11:14,Single Red,Single Red,2020,9,Sep,Friday,finalized,recovered,NWS Tallahassee SRFTAE recovered Bay flag via IEM
2020-09-26,Yellow,False,Yellow,2.0,False,False,1,10:25,10:25,Yellow,Yellow,2020,9,Sep,Saturday,finalized,recovered,NWS Tallahassee SRFTAE recovered Bay flag via IEM
2020-09-29,Yellow,False,Yellow,2.0,False,False,1,10:42,10:42,Yellow,Yellow,2020,9,Sep,Tuesday,finalized,recovered,NWS Tallahassee SRFTAE recovered Bay flag via IEM
2020-09-30,Yellow,False,Yellow,2.0,False,False,1,10:52,10:52,Yellow,Yellow,2020,9,Sep,Wednesday,finalized,recovered,NWS Tallahassee SRFTAE recovered Bay flag via IEM
2020-10-02,Yellow,False,Yellow,2.0,False,False,1,11:20,11:20,Yellow,Yellow,2020,10,Oct,Friday,finalized,recovered,NWS Tallahassee SRFTAE recovered Bay flag via IEM
2020-10-03,Yellow,False,Yellow,2.0,False,False,1,09:17,09:17,Yellow,Yellow,2020,10,Oct,Saturday,finalized,recovered,NWS Tallahassee SRFTAE recovered Bay flag via IEM
2020-10-04,Yellow,False,Yellow,2.0,False,False,1,10:55,10:55,Yellow,Yellow,2020,10,Oct,Sunday,finalized,recovered,NWS Tallahassee SRFTAE recovered Bay flag via IEM
2020-10-05,Yellow,False,Yellow,2.0,False,False,1,10:49,10:49,Yellow,Yellow,2020,10,Oct,Monday,finalized,recovered,NWS Tallahassee SRFTAE recovered Bay flag via IEM
2020-10-06,Single Red,False,Single Red,3.0,False,False,1,09:19,09:19,Single Red,Single Red,2020,10,Oct,Tuesday,finalized,recovered,NWS Tallahassee SRFTAE recovered Bay flag via IEM
2020-10-07,Single Red,False,Single Red,3.0,False,False,1,09:33,09:33,Single Red,Single Red,2020,10,Oct,Wednesday,finalized,recovered,NWS Tallahassee SRFTAE recovered Bay flag via IEM
2020-10-08,Double Red,False,Double Red,4.0,False,False,1,10:27,10:27,Double Red,Double Red,2020,10,Oct,Thursday,finalized,recovered,NWS Tallahassee SRFTAE recovered Bay flag via IEM
2020-10-09,Double Red,False,Double Red,4.0,False,False,1,10:27,10:27,Double Red,Double Red,2020,10,Oct,Friday,finalized,recovered,NWS Tallahassee SRFTAE recovered Bay flag via IEM
2020-10-10,Double Red,False,Double Red,4.0,False,False,1,10:40,10:40,Double Red,Double Red,2020,10,Oct,Saturday,finalized,recovered,NWS Tallahassee SRFTAE recovered Bay flag via IEM
2020-10-11,Double Red,False,Double Red,4.0,False,False,1,09:23,09:23,Double Red,Double Red,2020,10,Oct,Sunday,finalized,recovered,NWS Tallahassee SRFTAE recovered Bay flag via IEM
2020-10-12,Single Red,False,Single Red,3.0,False,False,1,09:43,09:43,Single Red,Single Red,2020,10,Oct,Monday,finalized,recovered,NWS Tallahassee SRFTAE recovered Bay flag via IEM
2020-10-13,Single Red,False,Single Red,3.0,False,False,1,10:10,10:10,Single Red,Single Red,2020,10,Oct,Tuesday,finalized,recovered,NWS Tallahassee SRFTAE recovered Bay flag via IEM
2020-10-14,Yellow,False,Yellow,2.0,False,False,1,11:00,11:00,Yellow,Yellow,2020,10,Oct,Wednesday,finalized,recovered,NWS Tallahassee SRFTAE recovered Bay flag via IEM
2020-10-15,Yellow,False,Yellow,2.0,False,False,1,11:14,11:14,Yellow,Yellow,2020,10,Oct,Thursday,finalized,recovered,NWS Tallahassee SRFTAE recovered Bay flag via IEM
2020-10-18,Yellow,False,Yellow,2.0,False,False,1,10:31,10:31,Yellow,Yellow,2020,10,Oct,Sunday,finalized,recovered,NWS Tallahassee SRFTAE recovered Bay flag via IEM
2020-10-19,Yellow,False,Yellow,2.0,False,False,1,10:38,10:38,Yellow,Yellow,2020,10,Oct,Monday,finalized,recovered,NWS Tallahassee SRFTAE recovered Bay flag via IEM
2020-10-20,Yellow,False,Yellow,2.0,False,False,1,10:48,10:48,Yellow,Yellow,2020,10,Oct,Tuesday,finalized,recovered,NWS Tallahassee SRFTAE recovered Bay flag via IEM
2020-10-21,Yellow,False,Yellow,2.0,False,False,1,10:15,10:15,Yellow,Yellow,2020,10,Oct,Wednesday,finalized,recovered,NWS Tallahassee SRFTAE recovered Bay flag via IEM
2020-10-22,Yellow,False,Yellow,2.0,False,False,1,11:04,11:04,Yellow,Yellow,2020,10,Oct,Thursday,finalized,recovered,NWS Tallahassee SRFTAE recovered Bay flag via IEM
2020-10-23,Yellow,False,Yellow,2.0,False,False,1,10:51,10:51,Yellow,Yellow,2020,10,Oct,Friday,finalized,recovered,NWS Tallahassee SRFTAE recovered Bay flag via IEM
2020-10-24,Single Red,False,Single Red,3.0,False,False,1,11:39,11:39,Single Red,Single Red,2020,10,Oct,Saturday,finalized,recovered,NWS Tallahassee SRFTAE recovered Bay flag via IEM
2020-10-25,Yellow,False,Yellow,2.0,False,False,1,11:09,11:09,Yellow,Yellow,2020,10,Oct,Sunday,finalized,recovered,NWS Tallahassee SRFTAE recovered Bay flag via IEM
2020-10-26,Yellow,False,Yellow,2.0,False,False,1,12:25,12:25,Yellow,Yellow,2020,10,Oct,Monday,finalized,recovered,NWS Tallahassee SRFTAE recovered Bay flag via IEM
2020-10-27,Yellow,False,Yellow,2.0,False,False,1,11:15,11:15,Yellow,Yellow,2020,10,Oct,Tuesday,finalized,recovered,NWS Tallahassee SRFTAE recovered Bay flag via IEM
2020-10-28,Double Red,False,Double Red,4.0,False,False,1,09:20,09:20,Double Red,Double Red,2020,10,Oct,Wednesday,finalized,recovered,NWS Tallahassee SRFTAE recovered Bay flag via IEM
2020-10-29,Double Red,False,Double Red,4.0,False,False,1,11:07,11:07,Double Red,Double Red,2020,10,Oct,Thursday,finalized,recovered,NWS Tallahassee SRFTAE recovered Bay flag via IEM
2020-10-31,Yellow,False,Yellow,2.0,False,False,1,11:21,11:21,Yellow,Yellow,2020,10,Oct,Saturday,finalized,recovered,NWS Tallahassee SRFTAE recovered Bay flag via IEM
2020-11-01,Yellow,False,Yellow,2.0,False,False,1,11:12,11:12,Yellow,Yellow,2020,11,Nov,Sunday,finalized,recovered,NWS Tallahassee SRFTAE recovered Bay flag via IEM
2020-11-02,Yellow,False,Yellow,2.0,False,False,1,10:17,10:17,Yellow,Yellow,2020,11,Nov,Monday,finalized,recovered,NWS Tallahassee SRFTAE recovered Bay flag via IEM
2020-11-03,Yellow,False,Yellow,2.0,False,False,1,10:04,10:04,Yellow,Yellow,2020,11,Nov,Tuesday,finalized,recovered,NWS Tallahassee SRFTAE recovered Bay flag via IEM
2020-11-05,Yellow,False,Yellow,2.0,False,False,1,09:26,09:26,Yellow,Yellow,2020,11,Nov,Thursday,finalized,recovered,NWS Tallahassee SRFTAE recovered Bay flag via IEM
2020-11-07,Yellow,False,Yellow,2.0,False,False,1,10:48,10:48,Yellow,Yellow,2020,11,Nov,Saturday,finalized,recovered,NWS Tallahassee SRFTAE recovered Bay flag via IEM
2020-11-08,Yellow,False,Yellow,2.0,False,False,1,09:32,09:32,Yellow,Yellow,2020,11,Nov,Sunday,finalized,recovered,NWS Tallahassee SRFTAE recovered Bay flag via IEM
2020-11-09,Yellow,False,Yellow,2.0,False,False,1,08:26,08:26,Yellow,Yellow,2020,11,Nov,Monday,finalized,recovered,NWS Tallahassee SRFTAE recovered Bay flag via IEM
2020-11-10,Single Red,False,Single Red,3.0,False,False,1,11:54,11:54,Single Red,Single Red,2020,11,Nov,Tuesday,finalized,recovered,NWS Tallahassee SRFTAE recovered Bay flag via IEM
2020-11-12,Single Red,False,Single Red,3.0,False,False,1,10:21,10:21,Single Red,Single Red,2020,11,Nov,Thursday,finalized,recovered,NWS Tallahassee SRFTAE recovered Bay flag via IEM
2020-11-13,Yellow,False,Yellow,2.0,False,False,1,08:32,08:32,Yellow,Yellow,2020,11,Nov,Friday,finalized,recovered,NWS Tallahassee SRFTAE recovered Bay flag via IEM
2020-11-14,Yellow,False,Yellow,2.0,False,False,1,09:08,09:08,Yellow,Yellow,2020,11,Nov,Saturday,finalized,recovered,NWS Tallahassee SRFTAE recovered Bay flag via IEM
2020-11-15,Yellow,False,Yellow,2.0,False,False,1,09:06,09:06,Yellow,Yellow,2020,11,Nov,Sunday,finalized,recovered,NWS Tallahassee SRFTAE recovered Bay flag via IEM
2020-11-16,Yellow,False,Yellow,2.0,False,False,1,11:10,11:10,Yellow,Yellow,2020,11,Nov,Monday,finalized,recovered,NWS Tallahassee SRFTAE recovered Bay flag via IEM
2020-11-17,Yellow,False,Yellow,2.0,False,False,1,10:40,10:40,Yellow,Yellow,2020,11,Nov,Tuesday,finalized,recovered,NWS Tallahassee SRFTAE recovered Bay flag via IEM
2020-11-19,Yellow,False,Yellow,2.0,False,False,1,10:40,10:40,Yellow,Yellow,2020,11,Nov,Thursday,finalized,recovered,NWS Tallahassee SRFTAE recovered Bay flag via IEM
2020-11-20,Yellow,False,Yellow,2.0,False,False,1,10:16,10:16,Yellow,Yellow,2020,11,Nov,Friday,finalized,recovered,NWS Tallahassee SRFTAE recovered Bay flag via IEM
2020-11-22,Yellow,False,Yellow,2.0,False,False,1,11:16,11:16,Yellow,Yellow,2020,11,Nov,Sunday,finalized,recovered,NWS Tallahassee SRFTAE recovered Bay flag via IEM
2020-11-23,Yellow,False,Yellow,2.0,False,False,1,09:59,09:59,Yellow,Yellow,2020,11,Nov,Monday,finalized,recovered,NWS Tallahassee SRFTAE recovered Bay flag via IEM
2020-11-24,Yellow,False,Yellow,2.0,False,False,1,10:37,10:37,Yellow,Yellow,2020,11,Nov,Tuesday,finalized,recovered,NWS Tallahassee SRFTAE recovered Bay flag via IEM
2020-11-25,Yellow,False,Yellow,2.0,False,False,1,09:09,09:09,Yellow,Yellow,2020,11,Nov,Wednesday,finalized,recovered,NWS Tallahassee SRFTAE recovered Bay flag via IEM
2020-11-26,Yellow,False,Yellow,2.0,False,False,1,09:57,09:57,Yellow,Yellow,2020,11,Nov,Thursday,finalized,recovered,NWS Tallahassee SRFTAE recovered Bay flag via IEM
2020-11-27,Single Red,False,Single Red,3.0,False,False,1,11:19,11:19,Single Red,Single Red,2020,11,Nov,Friday,finalized,recovered,NWS Tallahassee SRFTAE recovered Bay flag via IEM
2020-11-28,Single Red,False,Single Red,3.0,False,False,1,13:04,13:04,Single Red,Single Red,2020,11,Nov,Saturday,finalized,recovered,NWS Tallahassee SRFTAE recovered Bay flag via IEM
2020-11-29,Single Red,False,Single Red,3.0,False,False,1,12:43,12:43,Single Red,Single Red,2020,11,Nov,Sunday,finalized,recovered,NWS Tallahassee SRFTAE recovered Bay flag via IEM
2020-11-30,Single Red,False,Single Red,3.0,False,False,1,11:45,11:45,Single Red,Single Red,2020,11,Nov,Monday,finalized,recovered,NWS Tallahassee SRFTAE recovered Bay flag via IEM
2020-12-01,Yellow,False,Yellow,2.0,False,False,1,11:33,11:33,Yellow,Yellow,2020,12,Dec,Tuesday,finalized,recovered,NWS Tallahassee SRFTAE recovered Bay flag via IEM
2020-12-03,Yellow,False,Yellow,2.0,False,False,1,11:22,11:22,Yellow,Yellow,2020,12,Dec,Thursday,finalized,recovered,NWS Tallahassee SRFTAE recovered Bay flag via IEM
2020-12-04,Single Red,False,Single Red,3.0,False,False,1,10:07,10:07,Single Red,Single Red,2020,12,Dec,Friday,finalized,recovered,NWS Tallahassee SRFTAE recovered Bay flag via IEM
2020-12-05,Yellow,False,Yellow,2.0,False,False,1,09:51,09:51,Yellow,Yellow,2020,12,Dec,Saturday,finalized,recovered,NWS Tallahassee SRFTAE recovered Bay flag via IEM
2020-12-06,Yellow,False,Yellow,2.0,False,False,1,09:46,09:46,Yellow,Yellow,2020,12,Dec,Sunday,finalized,recovered,NWS Tallahassee SRFTAE recovered Bay flag via IEM
2020-12-07,Yellow,False,Yellow,2.0,False,False,1,11:16,11:16,Yellow,Yellow,2020,12,Dec,Monday,finalized,recovered,NWS Tallahassee SRFTAE recovered Bay flag via IEM
2020-12-08,Yellow,False,Yellow,2.0,False,False,1,10:10,10:10,Yellow,Yellow,2020,12,Dec,Tuesday,finalized,recovered,NWS Tallahassee SRFTAE recovered Bay flag via IEM
2020-12-09,Yellow,False,Yellow,2.0,False,False,1,10:10,10:10,Yellow,Yellow,2020,12,Dec,Wednesday,finalized,recovered,NWS Tallahassee SRFTAE recovered Bay flag via IEM
2020-12-10,Yellow,False,Yellow,2.0,False,False,1,10:15,10:15,Yellow,Yellow,2020,12,Dec,Thursday,finalized,recovered,NWS Tallahassee SRFTAE recovered Bay flag via IEM
2020-12-11,Yellow,False,Yellow,2.0,False,False,1,10:10,10:10,Yellow,Yellow,2020,12,Dec,Friday,finalized,recovered,NWS Tallahassee SRFTAE recovered Bay flag via IEM
2020-12-12,Single Red,False,Single Red,3.0,False,False,1,10:22,10:22,Single Red,Single Red,2020,12,Dec,Saturday,finalized,recovered,NWS Tallahassee SRFTAE recovered Bay flag via IEM
2020-12-13,Single Red,False,Single Red,3.0,False,False,1,10:23,10:23,Single Red,Single Red,2020,12,Dec,Sunday,finalized,recovered,NWS Tallahassee SRFTAE recovered Bay flag via IEM
2020-12-14,Double Red,False,Double Red,4.0,False,False,1,10:19,10:19,Double Red,Double Red,2020,12,Dec,Monday,finalized,recovered,NWS Tallahassee SRFTAE recovered Bay flag via IEM
2020-12-15,Yellow,False,Yellow,2.0,False,False,1,11:22,11:22,Yellow,Yellow,2020,12,Dec,Tuesday,finalized,recovered,NWS Tallahassee SRFTAE recovered Bay flag via IEM
2020-12-16,Yellow,False,Yellow,2.0,False,False,1,11:04,11:04,Yellow,Yellow,2020,12,Dec,Wednesday,finalized,recovered,NWS Tallahassee SRFTAE recovered Bay flag via IEM
2020-12-17,Yellow,False,Yellow,2.0,False,False,1,11:44,11:44,Yellow,Yellow,2020,12,Dec,Thursday,finalized,recovered,NWS Tallahassee SRFTAE recovered Bay flag via IEM
2020-12-18,Yellow,False,Yellow,2.0,False,False,1,10:51,10:51,Yellow,Yellow,2020,12,Dec,Friday,finalized,recovered,NWS Tallahassee SRFTAE recovered Bay flag via IEM
2020-12-19,Yellow,False,Yellow,2.0,False,False,1,10:17,10:17,Yellow,Yellow,2020,12,Dec,Saturday,finalized,recovered,NWS Tallahassee SRFTAE recovered Bay flag via IEM
2020-12-20,Yellow,False,Yellow,2.0,False,False,1,11:03,11:03,Yellow,Yellow,2020,12,Dec,Sunday,finalized,recovered,NWS Tallahassee SRFTAE recovered Bay flag via IEM
2020-12-21,Yellow,False,Yellow,2.0,False,False,1,10:20,10:20,Yellow,Yellow,2020,12,Dec,Monday,finalized,recovered,NWS Tallahassee SRFTAE recovered Bay flag via IEM
2020-12-22,Yellow,False,Yellow,2.0,False,False,1,13:02,13:02,Yellow,Yellow,2020,12,Dec,Tuesday,finalized,recovered,NWS Tallahassee SRFTAE recovered Bay flag via IEM
2020-12-23,Yellow,False,Yellow,2.0,False,False,1,12:40,12:40,Yellow,Yellow,2020,12,Dec,Wednesday,finalized,recovered,NWS Tallahassee SRFTAE recovered Bay flag via IEM
2020-12-24,Double Red,False,Double Red,4.0,False,False,1,10:06,10:06,Double Red,Double Red,2020,12,Dec,Thursday,finalized,recovered,NWS Tallahassee SRFTAE recovered Bay flag via IEM
2020-12-25,Single Red,False,Single Red,3.0,False,False,1,11:32,11:32,Single Red,Single Red,2020,12,Dec,Friday,finalized,recovered,NWS Tallahassee SRFTAE recovered Bay flag via IEM
2020-12-27,Yellow,False,Yellow,2.0,False,False,1,10:15,10:15,Yellow,Yellow,2020,12,Dec,Sunday,finalized,recovered,NWS Tallahassee SRFTAE recovered Bay flag via IEM
2020-12-28,Yellow,False,Yellow,2.0,False,False,1,10:04,10:04,Yellow,Yellow,2020,12,Dec,Monday,finalized,recovered,NWS Tallahassee SRFTAE recovered Bay flag via IEM
2020-12-29,Yellow,False,Yellow,2.0,False,False,1,11:20,11:20,Yellow,Yellow,2020,12,Dec,Tuesday,finalized,recovered,NWS Tallahassee SRFTAE recovered Bay flag via IEM
2020-12-30,Single Red,False,Single Red,3.0,False,False,1,13:40,13:40,Single Red,Single Red,2020,12,Dec,Wednesday,finalized,recovered,NWS Tallahassee SRFTAE recovered Bay flag via IEM
2020-12-31,Single Red,False,Single Red,3.0,False,False,1,10:34,10:34,Single Red,Single Red,2020,12,Dec,Thursday,finalized,recovered,NWS Tallahassee SRFTAE recovered Bay flag via IEM
2021-01-01,Double Red,False,Double Red,4.0,False,False,1,12:13,12:13,Double Red,Double Red,2021,1,Jan,Friday,finalized,recovered,NWS Tallahassee SRFTAE recovered Bay flag via IEM
2021-01-02,Single Red,False,Single Red,3.0,False,False,1,11:09,11:09,Single Red,Single Red,2021,1,Jan,Saturday,finalized,recovered,NWS Tallahassee SRFTAE recovered Bay flag via IEM
2021-01-03,Single Red,False,Single Red,3.0,False,False,1,12:36,12:36,Single Red,Single Red,2021,1,Jan,Sunday,finalized,recovered,NWS Tallahassee SRFTAE recovered Bay flag via IEM
2021-01-04,Yellow,False,Yellow,2.0,False,False,1,13:16,13:16,Yellow,Yellow,2021,1,Jan,Monday,finalized,recovered,NWS Tallahassee SRFTAE recovered Bay flag via IEM
2021-01-05,Yellow,False,Yellow,2.0,False,False,1,12:27,12:27,Yellow,Yellow,2021,1,Jan,Tuesday,finalized,recovered,NWS Tallahassee SRFTAE recovered Bay flag via IEM
2021-01-06,Yellow,False,Yellow,2.0,False,False,1,12:27,12:27,Yellow,Yellow,2021,1,Jan,Wednesday,finalized,recovered,NWS Tallahassee SRFTAE recovered Bay flag via IEM
2021-01-07,Single Red,False,Single Red,3.0,False,False,1,12:38,12:38,Single Red,Single Red,2021,1,Jan,Thursday,finalized,recovered,NWS Tallahassee SRFTAE recovered Bay flag via IEM
2021-01-08,Single Red,False,Single Red,3.0,False,False,1,11:55,11:55,Single Red,Single Red,2021,1,Jan,Friday,finalized,recovered,NWS Tallahassee SRFTAE recovered Bay flag via IEM
2021-01-09,Yellow,False,Yellow,2.0,False,False,1,11:05,11:05,Yellow,Yellow,2021,1,Jan,Saturday,finalized,recovered,NWS Tallahassee SRFTAE recovered Bay flag via IEM
2021-01-10,Yellow,False,Yellow,2.0,False,False,1,10:42,10:42,Yellow,Yellow,2021,1,Jan,Sunday,finalized,recovered,NWS Tallahassee SRFTAE recovered Bay flag via IEM
2021-01-11,Yellow,False,Yellow,2.0,False,False,1,09:49,09:49,Yellow,Yellow,2021,1,Jan,Monday,finalized,recovered,NWS Tallahassee SRFTAE recovered Bay flag via IEM
2021-01-12,Yellow,False,Yellow,2.0,False,False,1,10:54,10:54,Yellow,Yellow,2021,1,Jan,Tuesday,finalized,recovered,NWS Tallahassee SRFTAE recovered Bay flag via IEM
2021-01-13,Yellow,False,Yellow,2.0,False,False,1,11:45,11:45,Yellow,Yellow,2021,1,Jan,Wednesday,finalized,recovered,NWS Tallahassee SRFTAE recovered Bay flag via IEM
2021-01-14,Yellow,False,Yellow,2.0,False,False,1,10:48,10:48,Yellow,Yellow,2021,1,Jan,Thursday,finalized,recovered,NWS Tallahassee SRFTAE recovered Bay flag via IEM
2021-01-15,Single Red,False,Single Red,3.0,False,False,1,11:13,11:13,Single Red,Single Red,2021,1,Jan,Friday,finalized,recovered,NWS Tallahassee SRFTAE recovered Bay flag via IEM
2021-01-16,Single Red,False,Single Red,3.0,False,False,1,10:26,10:26,Single Red,Single Red,2021,1,Jan,Saturday,finalized,recovered,NWS Tallahassee SRFTAE recovered Bay flag via IEM
2021-01-17,Single Red,False,Single Red,3.0,False,False,1,12:09,12:09,Single Red,Single Red,2021,1,Jan,Sunday,finalized,recovered,NWS Tallahassee SRFTAE recovered Bay flag via IEM
2021-01-18,Single Red,False,Single Red,3.0,False,False,1,10:33,10:33,Single Red,Single Red,2021,1,Jan,Monday,finalized,recovered,NWS Tallahassee SRFTAE recovered Bay flag via IEM
2021-01-19,Yellow,False,Yellow,2.0,False,False,1,08:31,08:31,Yellow,Yellow,2021,1,Jan,Tuesday,finalized,recovered,NWS Tallahassee SRFTAE recovered Bay flag via IEM
2021-01-20,Yellow,False,Yellow,2.0,False,False,1,10:20,10:20,Yellow,Yellow,2021,1,Jan,Wednesday,finalized,recovered,NWS Tallahassee SRFTAE recovered Bay flag via IEM
2021-01-21,Yellow,False,Yellow,2.0,False,False,1,10:17,10:17,Yellow,Yellow,2021,1,Jan,Thursday,finalized,recovered,NWS Tallahassee SRFTAE recovered Bay flag via IEM
2021-01-22,Yellow,False,Yellow,2.0,False,False,1,11:08,11:08,Yellow,Yellow,2021,1,Jan,Friday,finalized,recovered,NWS Tallahassee SRFTAE recovered Bay flag via IEM
2021-01-23,Yellow,False,Yellow,2.0,False,False,1,10:37,10:37,Yellow,Yellow,2021,1,Jan,Saturday,finalized,recovered,NWS Tallahassee SRFTAE recovered Bay flag via IEM
2021-01-24,Yellow,False,Yellow,2.0,False,False,1,10:17,10:17,Yellow,Yellow,2021,1,Jan,Sunday,finalized,recovered,NWS Tallahassee SRFTAE recovered Bay flag via IEM
2021-01-25,Single Red,False,Single Red,3.0,False,False,1,09:53,09:53,Single Red,Single Red,2021,1,Jan,Monday,finalized,recovered,NWS Tallahassee SRFTAE recovered Bay flag via IEM
2021-01-26,Single Red,False,Single Red,3.0,False,False,1,10:27,10:27,Single Red,Single Red,2021,1,Jan,Tuesday,finalized,recovered,NWS Tallahassee SRFTAE recovered Bay flag via IEM
2021-01-27,Single Red,False,Single Red,3.0,False,False,1,10:16,10:16,Single Red,Single Red,2021,1,Jan,Wednesday,finalized,recovered,NWS Tallahassee SRFTAE recovered Bay flag via IEM
2021-01-28,Single Red,False,Single Red,3.0,False,False,1,09:10,09:10,Single Red,Single Red,2021,1,Jan,Thursday,finalized,recovered,NWS Tallahassee SRFTAE recovered Bay flag via IEM
2021-01-29,Yellow,False,Yellow,2.0,False,False,1,10:28,10:28,Yellow,Yellow,2021,1,Jan,Friday,finalized,recovered,NWS Tallahassee SRFTAE recovered Bay flag via IEM
2021-01-30,Yellow,False,Yellow,2.0,False,False,1,10:12,10:12,Yellow,Yellow,2021,1,Jan,Saturday,finalized,recovered,NWS Tallahassee SRFTAE recovered Bay flag via IEM
2021-01-31,Single Red,False,Single Red,3.0,False,False,1,09:38,09:38,Single Red,Single Red,2021,1,Jan,Sunday,finalized,recovered,NWS Tallahassee SRFTAE recovered Bay flag via IEM
2021-02-01,Single Red,False,Single Red,3.0,False,False,1,11:47,11:47,Single Red,Single Red,2021,2,Feb,Monday,finalized,recovered,NWS Tallahassee SRFTAE recovered Bay flag via IEM
2021-02-02,Single Red,False,Single Red,3.0,False,False,1,10:51,10:51,Single Red,Single Red,2021,2,Feb,Tuesday,finalized,recovered,NWS Tallahassee SRFTAE recovered Bay flag via IEM
2021-02-03,Yellow,False,Yellow,2.0,False,False,1,11:08,11:08,Yellow,Yellow,2021,2,Feb,Wednesday,finalized,recovered,NWS Tallahassee SRFTAE recovered Bay flag via IEM
2021-02-04,Yellow,False,Yellow,2.0,False,False,1,11:03,11:03,Yellow,Yellow,2021,2,Feb,Thursday,finalized,recovered,NWS Tallahassee SRFTAE recovered Bay flag via IEM
2021-02-05,Single Red,False,Single Red,3.0,False,False,1,08:44,08:44,Single Red,Single Red,2021,2,Feb,Friday,finalized,recovered,NWS Tallahassee SRFTAE recovered Bay flag via IEM
2021-02-06,Single Red,False,Single Red,3.0,False,False,1,11:31,11:31,Single Red,Single Red,2021,2,Feb,Saturday,finalized,recovered,NWS Tallahassee SRFTAE recovered Bay flag via IEM
2021-02-07,Single Red,False,Single Red,3.0,False,False,1,11:04,11:04,Single Red,Single Red,2021,2,Feb,Sunday,finalized,recovered,NWS Tallahassee SRFTAE recovered Bay flag via IEM
2021-02-08,Yellow,False,Yellow,2.0,False,False,1,12:07,12:07,Yellow,Yellow,2021,2,Feb,Monday,finalized,recovered,NWS Tallahassee SRFTAE recovered Bay flag via IEM
2021-02-09,Yellow,False,Yellow,2.0,False,False,1,11:46,11:46,Yellow,Yellow,2021,2,Feb,Tuesday,finalized,recovered,NWS Tallahassee SRFTAE recovered Bay flag via IEM
2021-02-10,Yellow,False,Yellow,2.0,False,False,1,10:22,10:22,Yellow,Yellow,2021,2,Feb,Wednesday,finalized,recovered,NWS Tallahassee SRFTAE recovered Bay flag via IEM
2021-02-11,Yellow,False,Yellow,2.0,False,False,1,10:40,10:40,Yellow,Yellow,2021,2,Feb,Thursday,finalized,recovered,NWS Tallahassee SRFTAE recovered Bay flag via IEM
2021-02-12,Yellow,False,Yellow,2.0,False,False,1,09:18,09:18,Yellow,Yellow,2021,2,Feb,Friday,finalized,recovered,NWS Tallahassee SRFTAE recovered Bay flag via IEM
2021-02-13,Yellow,False,Yellow,2.0,False,False,1,10:13,10:13,Yellow,Yellow,2021,2,Feb,Saturday,finalized,recovered,NWS Tallahassee SRFTAE recovered Bay flag via IEM
2021-02-14,Yellow,False,Yellow,2.0,False,False,1,10:27,10:27,Yellow,Yellow,2021,2,Feb,Sunday,finalized,recovered,NWS Tallahassee SRFTAE recovered Bay flag via IEM
2021-02-15,Yellow,False,Yellow,2.0,False,False,1,11:01,11:01,Yellow,Yellow,2021,2,Feb,Monday,finalized,recovered,NWS Tallahassee SRFTAE recovered Bay flag via IEM
2021-02-16,Single Red,False,Single Red,3.0,False,False,1,10:42,10:42,Single Red,Single Red,2021,2,Feb,Tuesday,finalized,recovered,NWS Tallahassee SRFTAE recovered Bay flag via IEM
2021-02-17,Single Red,False,Single Red,3.0,False,False,1,10:52,10:52,Single Red,Single Red,2021,2,Feb,Wednesday,finalized,recovered,NWS Tallahassee SRFTAE recovered Bay flag via IEM
2021-02-18,Single Red,False,Single Red,3.0,False,False,1,10:25,10:25,Single Red,Single Red,2021,2,Feb,Thursday,finalized,recovered,NWS Tallahassee SRFTAE recovered Bay flag via IEM
2021-02-19,Single Red,False,Single Red,3.0,False,False,1,10:18,10:18,Single Red,Single Red,2021,2,Feb,Friday,finalized,recovered,NWS Tallahassee SRFTAE recovered Bay flag via IEM
2021-02-20,Single Red,False,Single Red,3.0,False,False,1,09:46,09:46,Single Red,Single Red,2021,2,Feb,Saturday,finalized,recovered,NWS Tallahassee SRFTAE recovered Bay flag via IEM
2021-02-21,Yellow,False,Yellow,2.0,False,False,1,09:22,09:22,Yellow,Yellow,2021,2,Feb,Sunday,finalized,recovered,NWS Tallahassee SRFTAE recovered Bay flag via IEM
2021-02-22,Yellow,False,Yellow,2.0,False,False,1,10:15,10:15,Yellow,Yellow,2021,2,Feb,Monday,finalized,recovered,NWS Tallahassee SRFTAE recovered Bay flag via IEM
2021-02-23,Yellow,False,Yellow,2.0,False,False,1,10:21,10:21,Yellow,Yellow,2021,2,Feb,Tuesday,finalized,recovered,NWS Tallahassee SRFTAE recovered Bay flag via IEM
2021-02-24,Yellow,False,Yellow,2.0,False,False,1,13:14,13:14,Yellow,Yellow,2021,2,Feb,Wednesday,finalized,recovered,NWS Tallahassee SRFTAE recovered Bay flag via IEM
2021-02-26,Yellow,False,Yellow,2.0,False,False,1,10:49,10:49,Yellow,Yellow,2021,2,Feb,Friday,finalized,recovered,NWS Tallahassee SRFTAE recovered Bay flag via IEM
2021-02-27,Yellow,False,Yellow,2.0,False,False,1,09:49,09:49,Yellow,Yellow,2021,2,Feb,Saturday,finalized,recovered,NWS Tallahassee SRFTAE recovered Bay flag via IEM
2021-02-28,Yellow,False,Yellow,2.0,False,False,1,10:23,10:23,Yellow,Yellow,2021,2,Feb,Sunday,finalized,recovered,NWS Tallahassee SRFTAE recovered Bay flag via IEM
2021-03-01,Single Red,False,Single Red,3.0,False,False,1,11:03,11:03,Single Red,Single Red,2021,3,Mar,Monday,finalized,recovered,NWS Tallahassee SRFTAE recovered Bay flag via IEM
2021-03-02,Yellow,False,Yellow,2.0,False,False,1,13:06,13:06,Yellow,Yellow,2021,3,Mar,Tuesday,finalized,recovered,NWS Tallahassee SRFTAE recovered Bay flag via IEM
2021-03-03,Yellow,False,Yellow,2.0,False,False,1,11:06,11:06,Yellow,Yellow,2021,3,Mar,Wednesday,finalized,recovered,NWS Tallahassee SRFTAE recovered Bay flag via IEM
2021-03-04,Yellow,False,Yellow,2.0,False,False,1,10:26,10:26,Yellow,Yellow,2021,3,Mar,Thursday,finalized,recovered,NWS Tallahassee SRFTAE recovered Bay flag via IEM
2021-03-05,Yellow,False,Yellow,2.0,False,False,1,10:37,10:37,Yellow,Yellow,2021,3,Mar,Friday,finalized,recovered,NWS Tallahassee SRFTAE recovered Bay flag via IEM
2021-03-06,Yellow,False,Yellow,2.0,False,False,1,10:36,10:36,Yellow,Yellow,2021,3,Mar,Saturday,finalized,recovered,NWS Tallahassee SRFTAE recovered Bay flag via IEM
2021-03-07,Yellow,False,Yellow,2.0,False,False,1,12:00,12:00,Yellow,Yellow,2021,3,Mar,Sunday,finalized,recovered,NWS Tallahassee SRFTAE recovered Bay flag via IEM
2021-03-08,Yellow,False,Yellow,2.0,False,False,1,11:47,11:47,Yellow,Yellow,2021,3,Mar,Monday,finalized,recovered,NWS Tallahassee SRFTAE recovered Bay flag via IEM
2021-03-09,Yellow,False,Yellow,2.0,False,False,1,10:37,10:37,Yellow,Yellow,2021,3,Mar,Tuesday,finalized,recovered,NWS Tallahassee SRFTAE recovered Bay flag via IEM
2021-03-10,Yellow,False,Yellow,2.0,False,False,1,10:40,10:40,Yellow,Yellow,2021,3,Mar,Wednesday,finalized,recovered,NWS Tallahassee SRFTAE recovered Bay flag via IEM
2021-03-11,Yellow,False,Yellow,2.0,False,False,1,10:58,10:58,Yellow,Yellow,2021,3,Mar,Thursday,finalized,recovered,NWS Tallahassee SRFTAE recovered Bay flag via IEM
2021-03-12,Single Red,False,Single Red,3.0,False,False,1,11:03,11:03,Single Red,Single Red,2021,3,Mar,Friday,finalized,recovered,NWS Tallahassee SRFTAE recovered Bay flag via IEM
2021-03-13,Yellow,False,Yellow,2.0,False,False,1,10:43,10:43,Yellow,Yellow,2021,3,Mar,Saturday,finalized,recovered,NWS Tallahassee SRFTAE recovered Bay flag via IEM
2021-03-14,Yellow,False,Yellow,2.0,False,False,1,10:13,10:13,Yellow,Yellow,2021,3,Mar,Sunday,finalized,recovered,NWS Tallahassee SRFTAE recovered Bay flag via IEM
2021-03-15,Single Red,False,Single Red,3.0,False,False,1,09:19,09:19,Single Red,Single Red,2021,3,Mar,Monday,finalized,recovered,NWS Tallahassee SRFTAE recovered Bay flag via IEM
2021-03-16,Single Red,False,Single Red,3.0,False,False,1,10:21,10:21,Single Red,Single Red,2021,3,Mar,Tuesday,finalized,recovered,NWS Tallahassee SRFTAE recovered Bay flag via IEM
2021-03-18,Double Red,False,Double Red,4.0,False,False,1,11:00,11:00,Double Red,Double Red,2021,3,Mar,Thursday,finalized,recovered,NWS Tallahassee SRFTAE recovered Bay flag via IEM
2021-03-19,Double Red,False,Double Red,4.0,False,False,1,10:15,10:15,Double Red,Double Red,2021,3,Mar,Friday,finalized,recovered,NWS Tallahassee SRFTAE recovered Bay flag via IEM
2021-03-20,Yellow,False,Yellow,2.0,False,False,1,11:07,11:07,Yellow,Yellow,2021,3,Mar,Saturday,finalized,recovered,NWS Tallahassee SRFTAE recovered Bay flag via IEM
2021-03-21,Yellow,False,Yellow,2.0,False,False,1,10:59,10:59,Yellow,Yellow,2021,3,Mar,Sunday,finalized,recovered,NWS Tallahassee SRFTAE recovered Bay flag via IEM
2021-03-22,Yellow,False,Yellow,2.0,False,False,1,10:27,10:27,Yellow,Yellow,2021,3,Mar,Monday,finalized,recovered,NWS Tallahassee SRFTAE recovered Bay flag via IEM
2021-03-23,Single Red,False,Single Red,3.0,False,False,1,11:12,11:12,Single Red,Single Red,2021,3,Mar,Tuesday,finalized,recovered,NWS Tallahassee SRFTAE recovered Bay flag via IEM
2021-03-24,Single Red,False,Single Red,3.0,False,False,1,12:03,12:03,Single Red,Single Red,2021,3,Mar,Wednesday,finalized,recovered,NWS Tallahassee SRFTAE recovered Bay flag via IEM
2021-03-25,Double Red,False,Double Red,4.0,False,False,1,10:59,10:59,Double Red,Double Red,2021,3,Mar,Thursday,finalized,recovered,NWS Tallahassee SRFTAE recovered Bay flag via IEM
2021-03-26,Double Red,False,Double Red,4.0,False,False,1,08:58,08:58,Double Red,Double Red,2021,3,Mar,Friday,finalized,recovered,NWS Tallahassee SRFTAE recovered Bay flag via IEM
2021-03-27,Double Red,False,Double Red,4.0,False,False,1,10:07,10:07,Double Red,Double Red,2021,3,Mar,Saturday,finalized,recovered,NWS Tallahassee SRFTAE recovered Bay flag via IEM
2021-03-28,Double Red,False,Double Red,4.0,False,False,1,10:47,10:47,Double Red,Double Red,2021,3,Mar,Sunday,finalized,recovered,NWS Tallahassee SRFTAE recovered Bay flag via IEM
2021-03-29,Single Red,False,Single Red,3.0,False,False,1,10:51,10:51,Single Red,Single Red,2021,3,Mar,Monday,finalized,recovered,NWS Tallahassee SRFTAE recovered Bay flag via IEM
2021-03-30,Yellow,False,Yellow,2.0,False,False,1,13:55,13:55,Yellow,Yellow,2021,3,Mar,Tuesday,finalized,recovered,NWS Tallahassee SRFTAE recovered Bay flag via IEM
2021-03-31,Yellow,False,Yellow,2.0,False,False,1,09:38,09:38,Yellow,Yellow,2021,3,Mar,Wednesday,finalized,recovered,NWS Tallahassee SRFTAE recovered Bay flag via IEM
2021-04-01,Yellow,False,Yellow,2.0,False,False,1,11:28,11:28,Yellow,Yellow,2021,4,Apr,Thursday,finalized,recovered,NWS Tallahassee SRFTAE recovered Bay flag via IEM
2021-04-02,Yellow,False,Yellow,2.0,False,False,1,11:14,11:14,Yellow,Yellow,2021,4,Apr,Friday,finalized,recovered,NWS Tallahassee SRFTAE recovered Bay flag via IEM
2021-04-04,Yellow,False,Yellow,2.0,False,False,1,09:37,09:37,Yellow,Yellow,2021,4,Apr,Sunday,finalized,recovered,NWS Tallahassee SRFTAE recovered Bay flag via IEM
2021-04-05,Yellow,False,Yellow,2.0,False,False,1,09:46,09:46,Yellow,Yellow,2021,4,Apr,Monday,finalized,recovered,NWS Tallahassee SRFTAE recovered Bay flag via IEM
2021-04-06,Yellow,False,Yellow,2.0,False,False,1,09:59,09:59,Yellow,Yellow,2021,4,Apr,Tuesday,finalized,recovered,NWS Tallahassee SRFTAE recovered Bay flag via IEM
2021-04-07,Yellow,False,Yellow,2.0,False,False,1,09:23,09:23,Yellow,Yellow,2021,4,Apr,Wednesday,finalized,recovered,NWS Tallahassee SRFTAE recovered Bay flag via IEM
2021-04-08,Single Red,False,Single Red,3.0,False,False,1,09:37,09:37,Single Red,Single Red,2021,4,Apr,Thursday,finalized,recovered,NWS Tallahassee SRFTAE recovered Bay flag via IEM
2021-04-09,Double Red,False,Double Red,4.0,False,False,1,10:02,10:02,Double Red,Double Red,2021,4,Apr,Friday,finalized,recovered,NWS Tallahassee SRFTAE recovered Bay flag via IEM
2021-04-10,Double Red,False,Double Red,4.0,False,False,1,11:49,11:49,Double Red,Double Red,2021,4,Apr,Saturday,finalized,recovered,NWS Tallahassee SRFTAE recovered Bay flag via IEM
2021-04-11,Single Red,False,Single Red,3.0,False,False,1,11:44,11:44,Single Red,Single Red,2021,4,Apr,Sunday,finalized,recovered,NWS Tallahassee SRFTAE recovered Bay flag via IEM
2021-04-12,Single Red,False,Single Red,3.0,False,False,1,10:48,10:48,Single Red,Single Red,2021,4,Apr,Monday,finalized,recovered,NWS Tallahassee SRFTAE recovered Bay flag via IEM
2021-04-13,Single Red,False,Single Red,3.0,False,False,1,10:48,10:48,Single Red,Single Red,2021,4,Apr,Tuesday,finalized,recovered,NWS Tallahassee SRFTAE recovered Bay flag via IEM
2021-04-14,Single Red,False,Single Red,3.0,False,False,1,11:17,11:17,Single Red,Single Red,2021,4,Apr,Wednesday,finalized,recovered,NWS Tallahassee SRFTAE recovered Bay flag via IEM
2021-04-15,Double Red,False,Double Red,4.0,False,False,1,13:54,13:54,Double Red,Double Red,2021,4,Apr,Thursday,finalized,recovered,NWS Tallahassee SRFTAE recovered Bay flag via IEM
2021-04-16,Single Red,False,Single Red,3.0,False,False,1,11:08,11:08,Single Red,Single Red,2021,4,Apr,Friday,finalized,recovered,NWS Tallahassee SRFTAE recovered Bay flag via IEM
2021-04-17,Yellow,False,Yellow,2.0,False,False,1,11:11,11:11,Yellow,Yellow,2021,4,Apr,Saturday,finalized,recovered,NWS Tallahassee SRFTAE recovered Bay flag via IEM
2021-04-18,Yellow,False,Yellow,2.0,False,False,1,11:26,11:26,Yellow,Yellow,2021,4,Apr,Sunday,finalized,recovered,NWS Tallahassee SRFTAE recovered Bay flag via IEM
2021-04-19,Yellow,False,Yellow,2.0,False,False,1,11:22,11:22,Yellow,Yellow,2021,4,Apr,Monday,finalized,recovered,NWS Tallahassee SRFTAE recovered Bay flag via IEM
2021-04-20,Yellow,False,Yellow,2.0,False,False,1,10:12,10:12,Yellow,Yellow,2021,4,Apr,Tuesday,finalized,recovered,NWS Tallahassee SRFTAE recovered Bay flag via IEM
2021-04-21,Yellow,False,Yellow,2.0,False,False,1,10:21,10:21,Yellow,Yellow,2021,4,Apr,Wednesday,finalized,recovered,NWS Tallahassee SRFTAE recovered Bay flag via IEM
2021-04-22,Yellow,False,Yellow,2.0,False,False,1,10:36,10:36,Yellow,Yellow,2021,4,Apr,Thursday,finalized,recovered,NWS Tallahassee SRFTAE recovered Bay flag via IEM
2021-04-24,Double Red,False,Double Red,4.0,False,False,1,09:02,09:02,Double Red,Double Red,2021,4,Apr,Saturday,finalized,recovered,NWS Tallahassee SRFTAE recovered Bay flag via IEM
2021-04-27,Single Red,False,Single Red,3.0,False,False,1,11:07,11:07,Single Red,Single Red,2021,4,Apr,Tuesday,finalized,recovered,NWS Tallahassee SRFTAE recovered Bay flag via IEM
2021-04-28,Yellow,False,Yellow,2.0,False,False,1,11:43,11:43,Yellow,Yellow,2021,4,Apr,Wednesday,finalized,recovered,NWS Tallahassee SRFTAE recovered Bay flag via IEM
2021-04-29,Yellow,False,Yellow,2.0,False,False,1,11:17,11:17,Yellow,Yellow,2021,4,Apr,Thursday,finalized,recovered,NWS Tallahassee SRFTAE recovered Bay flag via IEM
2021-04-30,Yellow,False,Yellow,2.0,False,False,1,09:56,09:56,Yellow,Yellow,2021,4,Apr,Friday,finalized,recovered,NWS Tallahassee SRFTAE recovered Bay flag via IEM
2021-05-01,Yellow,False,Yellow,2.0,False,False,1,11:22,11:22,Yellow,Yellow,2021,5,May,Saturday,finalized,recovered,NWS Tallahassee SRFTAE recovered Bay flag via IEM
2021-05-02,Yellow,False,Yellow,2.0,False,False,1,11:27,11:27,Yellow,Yellow,2021,5,May,Sunday,finalized,recovered,NWS Tallahassee SRFTAE recovered Bay flag via IEM
2021-05-03,Double Red,False,Double Red,4.0,False,False,1,10:10,10:10,Double Red,Double Red,2021,5,May,Monday,finalized,recovered,NWS Tallahassee SRFTAE recovered Bay flag via IEM
2021-05-04,Double Red,False,Double Red,4.0,False,False,1,10:50,10:50,Double Red,Double Red,2021,5,May,Tuesday,finalized,recovered,NWS Tallahassee SRFTAE recovered Bay flag via IEM
2021-05-05,Double Red,False,Double Red,4.0,False,False,1,10:36,10:36,Double Red,Double Red,2021,5,May,Wednesday,finalized,recovered,NWS Tallahassee SRFTAE recovered Bay flag via IEM
2021-05-06,Single Red,False,Single Red,3.0,False,False,1,11:11,11:11,Single Red,Single Red,2021,5,May,Thursday,finalized,recovered,NWS Tallahassee SRFTAE recovered Bay flag via IEM
2021-05-07,Yellow,False,Yellow,2.0,False,False,1,10:54,10:54,Yellow,Yellow,2021,5,May,Friday,finalized,recovered,NWS Tallahassee SRFTAE recovered Bay flag via IEM
2021-05-08,Yellow,False,Yellow,2.0,False,False,1,10:52,10:52,Yellow,Yellow,2021,5,May,Saturday,finalized,recovered,NWS Tallahassee SRFTAE recovered Bay flag via IEM
2021-05-09,Yellow,False,Yellow,2.0,False,False,1,10:54,10:54,Yellow,Yellow,2021,5,May,Sunday,finalized,recovered,NWS Tallahassee SRFTAE recovered Bay flag via IEM
2021-05-10,Yellow,False,Yellow,2.0,False,False,1,12:04,12:04,Yellow,Yellow,2021,5,May,Monday,finalized,recovered,NWS Tallahassee SRFTAE recovered Bay flag via IEM
2021-05-11,Yellow,False,Yellow,2.0,False,False,1,11:21,11:21,Yellow,Yellow,2021,5,May,Tuesday,finalized,recovered,NWS Tallahassee SRFTAE recovered Bay flag via IEM
2021-05-12,Yellow,False,Yellow,2.0,False,False,1,11:07,11:07,Yellow,Yellow,2021,5,May,Wednesday,finalized,recovered,NWS Tallahassee SRFTAE recovered Bay flag via IEM
2021-05-13,Yellow,False,Yellow,2.0,False,False,1,11:27,11:27,Yellow,Yellow,2021,5,May,Thursday,finalized,recovered,NWS Tallahassee SRFTAE recovered Bay flag via IEM
2021-05-14,Yellow,False,Yellow,2.0,False,False,1,11:22,11:22,Yellow,Yellow,2021,5,May,Friday,finalized,recovered,NWS Tallahassee SRFTAE recovered Bay flag via IEM
2021-05-15,Yellow,False,Yellow,2.0,False,False,1,09:58,09:58,Yellow,Yellow,2021,5,May,Saturday,finalized,recovered,NWS Tallahassee SRFTAE recovered Bay flag via IEM
2021-05-16,Yellow,False,Yellow,2.0,False,False,1,10:18,10:18,Yellow,Yellow,2021,5,May,Sunday,finalized,recovered,NWS Tallahassee SRFTAE recovered Bay flag via IEM
2021-05-17,Yellow,False,Yellow,2.0,False,False,1,10:23,10:23,Yellow,Yellow,2021,5,May,Monday,finalized,recovered,NWS Tallahassee SRFTAE recovered Bay flag via IEM
2021-05-18,Single Red,False,Single Red,3.0,False,False,1,09:55,09:55,Single Red,Single Red,2021,5,May,Tuesday,finalized,recovered,NWS Tallahassee SRFTAE recovered Bay flag via IEM
2021-05-19,Double Red,False,Double Red,4.0,False,False,1,08:36,08:36,Double Red,Double Red,2021,5,May,Wednesday,finalized,recovered,NWS Tallahassee SRFTAE recovered Bay flag via IEM
2021-05-20,Double Red,False,Double Red,4.0,False,False,1,11:14,11:14,Double Red,Double Red,2021,5,May,Thursday,finalized,recovered,NWS Tallahassee SRFTAE recovered Bay flag via IEM
2021-05-21,Double Red,False,Double Red,4.0,False,False,1,10:14,10:14,Double Red,Double Red,2021,5,May,Friday,finalized,recovered,NWS Tallahassee SRFTAE recovered Bay flag via IEM
2021-05-22,Single Red,False,Single Red,3.0,False,False,1,10:54,10:54,Single Red,Single Red,2021,5,May,Saturday,finalized,recovered,NWS Tallahassee SRFTAE recovered Bay flag via IEM
2021-05-23,Yellow,False,Yellow,2.0,False,False,1,09:59,09:59,Yellow,Yellow,2021,5,May,Sunday,finalized,recovered,NWS Tallahassee SRFTAE recovered Bay flag via IEM
2021-05-24,Yellow,False,Yellow,2.0,False,False,1,10:28,10:28,Yellow,Yellow,2021,5,May,Monday,finalized,recovered,NWS Tallahassee SRFTAE recovered Bay flag via IEM
2021-05-25,Yellow,False,Yellow,2.0,False,False,1,09:37,09:37,Yellow,Yellow,2021,5,May,Tuesday,finalized,recovered,NWS Tallahassee SRFTAE recovered Bay flag via IEM
2021-05-26,Yellow,False,Yellow,2.0,False,False,1,10:22,10:22,Yellow,Yellow,2021,5,May,Wednesday,finalized,recovered,NWS Tallahassee SRFTAE recovered Bay flag via IEM
2021-05-28,Yellow,False,Yellow,2.0,False,False,1,10:08,10:08,Yellow,Yellow,2021,5,May,Friday,finalized,recovered,NWS Tallahassee SRFTAE recovered Bay flag via IEM
2021-05-29,Single Red,False,Single Red,3.0,False,False,1,10:44,10:44,Single Red,Single Red,2021,5,May,Saturday,finalized,recovered,NWS Tallahassee SRFTAE recovered Bay flag via IEM
2021-05-30,Yellow,False,Yellow,2.0,False,False,1,10:32,10:32,Yellow,Yellow,2021,5,May,Sunday,finalized,recovered,NWS Tallahassee SRFTAE recovered Bay flag via IEM
2021-05-31,Yellow,False,Yellow,2.0,False,False,1,10:44,10:44,Yellow,Yellow,2021,5,May,Monday,finalized,recovered,NWS Tallahassee SRFTAE recovered Bay flag via IEM
2021-06-01,Yellow,False,Yellow,2.0,False,False,1,10:43,10:43,Yellow,Yellow,2021,6,Jun,Tuesday,finalized,recovered,NWS Tallahassee SRFTAE recovered Bay flag via IEM
2021-06-02,Yellow,False,Yellow,2.0,False,False,1,11:56,11:56,Yellow,Yellow,2021,6,Jun,Wednesday,finalized,recovered,NWS Tallahassee SRFTAE recovered Bay flag via IEM
2021-06-04,Yellow,False,Yellow,2.0,False,False,1,10:16,10:16,Yellow,Yellow,2021,6,Jun,Friday,finalized,recovered,NWS Tallahassee SRFTAE recovered Bay flag via IEM
2021-06-05,Yellow,False,Yellow,2.0,False,False,1,12:45,12:45,Yellow,Yellow,2021,6,Jun,Saturday,finalized,recovered,NWS Tallahassee SRFTAE recovered Bay flag via IEM
2021-06-06,Yellow,False,Yellow,2.0,False,False,1,10:19,10:19,Yellow,Yellow,2021,6,Jun,Sunday,finalized,recovered,NWS Tallahassee SRFTAE recovered Bay flag via IEM
2021-06-07,Single Red,False,Single Red,3.0,False,False,1,10:26,10:26,Single Red,Single Red,2021,6,Jun,Monday,finalized,recovered,NWS Tallahassee SRFTAE recovered Bay flag via IEM
2021-06-08,Single Red,False,Single Red,3.0,False,False,1,10:23,10:23,Single Red,Single Red,2021,6,Jun,Tuesday,finalized,recovered,NWS Tallahassee SRFTAE recovered Bay flag via IEM
2021-06-09,Single Red,False,Single Red,3.0,False,False,1,10:36,10:36,Single Red,Single Red,2021,6,Jun,Wednesday,finalized,recovered,NWS Tallahassee SRFTAE recovered Bay flag via IEM
2021-06-10,Yellow,False,Yellow,2.0,False,False,1,11:18,11:18,Yellow,Yellow,2021,6,Jun,Thursday,finalized,recovered,NWS Tallahassee SRFTAE recovered Bay flag via IEM
2021-06-11,Yellow,False,Yellow,2.0,False,False,1,10:57,10:57,Yellow,Yellow,2021,6,Jun,Friday,finalized,recovered,NWS Tallahassee SRFTAE recovered Bay flag via IEM
2021-06-12,Single Red,False,Single Red,3.0,False,False,1,10:56,10:56,Single Red,Single Red,2021,6,Jun,Saturday,finalized,recovered,NWS Tallahassee SRFTAE recovered Bay flag via IEM
2021-06-13,Single Red,False,Single Red,3.0,False,False,1,10:33,10:33,Single Red,Single Red,2021,6,Jun,Sunday,finalized,recovered,NWS Tallahassee SRFTAE recovered Bay flag via IEM
2021-06-14,Yellow,False,Yellow,2.0,False,False,1,10:38,10:38,Yellow,Yellow,2021,6,Jun,Monday,finalized,recovered,NWS Tallahassee SRFTAE recovered Bay flag via IEM
2021-06-15,Yellow,False,Yellow,2.0,False,False,1,11:28,11:28,Yellow,Yellow,2021,6,Jun,Tuesday,finalized,recovered,NWS Tallahassee SRFTAE recovered Bay flag via IEM
2021-06-16,Yellow,False,Yellow,2.0,False,False,1,10:29,10:29,Yellow,Yellow,2021,6,Jun,Wednesday,finalized,recovered,NWS Tallahassee SRFTAE recovered Bay flag via IEM
2021-06-17,Single Red,False,Single Red,3.0,False,False,1,09:56,09:56,Single Red,Single Red,2021,6,Jun,Thursday,finalized,recovered,NWS Tallahassee SRFTAE recovered Bay flag via IEM
2021-06-18,Double Red,False,Double Red,4.0,False,False,1,10:24,10:24,Double Red,Double Red,2021,6,Jun,Friday,finalized,recovered,NWS Tallahassee SRFTAE recovered Bay flag via IEM
2021-06-19,Double Red,False,Double Red,4.0,False,False,1,10:52,10:52,Double Red,Double Red,2021,6,Jun,Saturday,finalized,recovered,NWS Tallahassee SRFTAE recovered Bay flag via IEM
2021-06-20,Double Red,False,Double Red,4.0,False,False,1,11:33,11:33,Double Red,Double Red,2021,6,Jun,Sunday,finalized,recovered,NWS Tallahassee SRFTAE recovered Bay flag via IEM
2021-06-21,Double Red,False,Double Red,4.0,False,False,1,10:42,10:42,Double Red,Double Red,2021,6,Jun,Monday,finalized,recovered,NWS Tallahassee SRFTAE recovered Bay flag via IEM
2021-06-22,Double Red,False,Double Red,4.0,False,False,1,11:03,11:03,Double Red,Double Red,2021,6,Jun,Tuesday,finalized,recovered,NWS Tallahassee SRFTAE recovered Bay flag via IEM
2021-06-23,Double Red,False,Double Red,4.0,False,False,2,10:45,13:55,Double Red,Double Red,2021,6,Jun,Wednesday,finalized,recovered,NWS Tallahassee SRFTAE recovered Bay flag via IEM
2021-06-25,Single Red,False,Single Red,3.0,False,False,1,10:55,10:55,Single Red,Single Red,2021,6,Jun,Friday,finalized,recovered,NWS Tallahassee SRFTAE recovered Bay flag via IEM
2021-06-26,Single Red,False,Single Red,3.0,False,False,1,10:50,10:50,Single Red,Single Red,2021,6,Jun,Saturday,finalized,recovered,NWS Tallahassee SRFTAE recovered Bay flag via IEM
2021-06-27,Single Red,False,Single Red,3.0,False,False,1,10:56,10:56,Single Red,Single Red,2021,6,Jun,Sunday,finalized,recovered,NWS Tallahassee SRFTAE recovered Bay flag via IEM
2021-06-28,Yellow,False,Yellow,2.0,False,False,1,11:00,11:00,Yellow,Yellow,2021,6,Jun,Monday,finalized,recovered,NWS Tallahassee SRFTAE recovered Bay flag via IEM
2021-06-29,Yellow,False,Yellow,2.0,False,False,1,10:45,10:45,Yellow,Yellow,2021,6,Jun,Tuesday,finalized,recovered,NWS Tallahassee SRFTAE recovered Bay flag via IEM
2021-06-30,Yellow,False,Yellow,2.0,False,False,1,10:34,10:34,Yellow,Yellow,2021,6,Jun,Wednesday,finalized,recovered,NWS Tallahassee SRFTAE recovered Bay flag via IEM
2021-07-01,Yellow,False,Yellow,2.0,False,False,1,10:49,10:49,Yellow,Yellow,2021,7,Jul,Thursday,finalized,recovered,NWS Tallahassee SRFTAE recovered Bay flag via IEM
2021-07-02,Single Red,False,Single Red,3.0,False,False,1,11:14,11:14,Single Red,Single Red,2021,7,Jul,Friday,finalized,recovered,NWS Tallahassee SRFTAE recovered Bay flag via IEM
2021-07-03,Single Red,False,Single Red,3.0,False,False,1,09:52,09:52,Single Red,Single Red,2021,7,Jul,Saturday,finalized,recovered,NWS Tallahassee SRFTAE recovered Bay flag via IEM
2021-07-04,Single Red,False,Single Red,3.0,False,False,1,10:59,10:59,Single Red,Single Red,2021,7,Jul,Sunday,finalized,recovered,NWS Tallahassee SRFTAE recovered Bay flag via IEM
2021-07-06,Single Red,False,Single Red,3.0,False,False,1,10:46,10:46,Single Red,Single Red,2021,7,Jul,Tuesday,finalized,recovered,NWS Tallahassee SRFTAE recovered Bay flag via IEM
2021-07-08,Yellow,False,Yellow,2.0,False,False,1,10:44,10:44,Yellow,Yellow,2021,7,Jul,Thursday,finalized,recovered,NWS Tallahassee SRFTAE recovered Bay flag via IEM
2021-07-09,Yellow,False,Yellow,2.0,False,False,1,10:19,10:19,Yellow,Yellow,2021,7,Jul,Friday,finalized,recovered,NWS Tallahassee SRFTAE recovered Bay flag via IEM
2021-07-10,Yellow,False,Yellow,2.0,False,False,1,10:20,10:20,Yellow,Yellow,2021,7,Jul,Saturday,finalized,recovered,NWS Tallahassee SRFTAE recovered Bay flag via IEM
2021-07-11,Yellow,False,Yellow,2.0,False,False,1,10:21,10:21,Yellow,Yellow,2021,7,Jul,Sunday,finalized,recovered,NWS Tallahassee SRFTAE recovered Bay flag via IEM
2021-07-12,Single Red,False,Single Red,3.0,False,False,1,10:20,10:20,Single Red,Single Red,2021,7,Jul,Monday,finalized,recovered,NWS Tallahassee SRFTAE recovered Bay flag via IEM
2021-07-13,Single Red,False,Single Red,3.0,False,False,1,10:46,10:46,Single Red,Single Red,2021,7,Jul,Tuesday,finalized,recovered,NWS Tallahassee SRFTAE recovered Bay flag via IEM
2021-07-14,Single Red,False,Single Red,3.0,False,False,1,10:30,10:30,Single Red,Single Red,2021,7,Jul,Wednesday,finalized,recovered,NWS Tallahassee SRFTAE recovered Bay flag via IEM
2021-07-15,Yellow,False,Yellow,2.0,False,False,1,10:51,10:51,Yellow,Yellow,2021,7,Jul,Thursday,finalized,recovered,NWS Tallahassee SRFTAE recovered Bay flag via IEM
2021-07-16,Yellow,False,Yellow,2.0,False,False,1,10:36,10:36,Yellow,Yellow,2021,7,Jul,Friday,finalized,recovered,NWS Tallahassee SRFTAE recovered Bay flag via IEM
2021-07-17,Yellow,False,Yellow,2.0,False,False,1,10:56,10:56,Yellow,Yellow,2021,7,Jul,Saturday,finalized,recovered,NWS Tallahassee SRFTAE recovered Bay flag via IEM
2021-07-18,Yellow,False,Yellow,2.0,False,False,1,10:20,10:20,Yellow,Yellow,2021,7,Jul,Sunday,finalized,recovered,NWS Tallahassee SRFTAE recovered Bay flag via IEM
2021-07-19,Yellow,False,Yellow,2.0,False,False,1,10:15,10:15,Yellow,Yellow,2021,7,Jul,Monday,finalized,recovered,NWS Tallahassee SRFTAE recovered Bay flag via IEM
2021-07-20,Yellow,False,Yellow,2.0,False,False,1,11:41,11:41,Yellow,Yellow,2021,7,Jul,Tuesday,finalized,recovered,NWS Tallahassee SRFTAE recovered Bay flag via IEM
2021-07-21,Single Red,False,Single Red,3.0,False,False,1,10:00,10:00,Single Red,Single Red,2021,7,Jul,Wednesday,finalized,recovered,NWS Tallahassee SRFTAE recovered Bay flag via IEM
2021-07-22,Single Red,False,Single Red,3.0,False,False,1,10:43,10:43,Single Red,Single Red,2021,7,Jul,Thursday,finalized,recovered,NWS Tallahassee SRFTAE recovered Bay flag via IEM
2021-07-23,Single Red,False,Single Red,3.0,False,False,1,10:30,10:30,Single Red,Single Red,2021,7,Jul,Friday,finalized,recovered,NWS Tallahassee SRFTAE recovered Bay flag via IEM
2021-07-24,Yellow,False,Yellow,2.0,False,False,1,10:50,10:50,Yellow,Yellow,2021,7,Jul,Saturday,finalized,recovered,NWS Tallahassee SRFTAE recovered Bay flag via IEM
2021-07-25,Yellow,False,Yellow,2.0,False,False,1,10:01,10:01,Yellow,Yellow,2021,7,Jul,Sunday,finalized,recovered,NWS Tallahassee SRFTAE recovered Bay flag via IEM
2021-07-26,Yellow,False,Yellow,2.0,False,False,1,11:00,11:00,Yellow,Yellow,2021,7,Jul,Monday,finalized,recovered,NWS Tallahassee SRFTAE recovered Bay flag via IEM
2021-07-27,Yellow,False,Yellow,2.0,False,False,1,11:48,11:48,Yellow,Yellow,2021,7,Jul,Tuesday,finalized,recovered,NWS Tallahassee SRFTAE recovered Bay flag via IEM
2021-07-28,Yellow,False,Yellow,2.0,False,False,1,10:49,10:49,Yellow,Yellow,2021,7,Jul,Wednesday,finalized,recovered,NWS Tallahassee SRFTAE recovered Bay flag via IEM
2021-07-29,Yellow,False,Yellow,2.0,False,False,1,10:18,10:18,Yellow,Yellow,2021,7,Jul,Thursday,finalized,recovered,NWS Tallahassee SRFTAE recovered Bay flag via IEM
2021-07-30,Yellow,False,Yellow,2.0,False,False,1,10:34,10:34,Yellow,Yellow,2021,7,Jul,Friday,finalized,recovered,NWS Tallahassee SRFTAE recovered Bay flag via IEM
2021-07-31,Yellow,False,Yellow,2.0,False,False,1,10:13,10:13,Yellow,Yellow,2021,7,Jul,Saturday,finalized,recovered,NWS Tallahassee SRFTAE recovered Bay flag via IEM
2021-08-01,Yellow,False,Yellow,2.0,False,False,1,10:50,10:50,Yellow,Yellow,2021,8,Aug,Sunday,finalized,recovered,NWS Tallahassee SRFTAE recovered Bay flag via IEM
2021-08-02,Yellow,False,Yellow,2.0,False,False,1,10:57,10:57,Yellow,Yellow,2021,8,Aug,Monday,finalized,recovered,NWS Tallahassee SRFTAE recovered Bay flag via IEM
2021-08-03,Yellow,False,Yellow,2.0,False,False,1,11:19,11:19,Yellow,Yellow,2021,8,Aug,Tuesday,finalized,recovered,NWS Tallahassee SRFTAE recovered Bay flag via IEM
2021-08-04,Yellow,False,Yellow,2.0,False,False,1,11:02,11:02,Yellow,Yellow,2021,8,Aug,Wednesday,finalized,recovered,NWS Tallahassee SRFTAE recovered Bay flag via IEM
2021-08-05,Yellow,False,Yellow,2.0,False,False,1,11:06,11:06,Yellow,Yellow,2021,8,Aug,Thursday,finalized,recovered,NWS Tallahassee SRFTAE recovered Bay flag via IEM
2021-08-06,Yellow,False,Yellow,2.0,False,False,1,10:08,10:08,Yellow,Yellow,2021,8,Aug,Friday,finalized,recovered,NWS Tallahassee SRFTAE recovered Bay flag via IEM
2021-08-07,Yellow,False,Yellow,2.0,False,False,1,10:55,10:55,Yellow,Yellow,2021,8,Aug,Saturday,finalized,recovered,NWS Tallahassee SRFTAE recovered Bay flag via IEM
2021-08-08,Yellow,False,Yellow,2.0,False,False,1,10:52,10:52,Yellow,Yellow,2021,8,Aug,Sunday,finalized,recovered,NWS Tallahassee SRFTAE recovered Bay flag via IEM
2021-08-09,Yellow,False,Yellow,2.0,False,False,1,11:55,11:55,Yellow,Yellow,2021,8,Aug,Monday,finalized,recovered,NWS Tallahassee SRFTAE recovered Bay flag via IEM
2021-08-10,Yellow,False,Yellow,2.0,False,False,1,11:42,11:42,Yellow,Yellow,2021,8,Aug,Tuesday,finalized,recovered,NWS Tallahassee SRFTAE recovered Bay flag via IEM
2021-08-11,Yellow,False,Yellow,2.0,False,False,1,10:25,10:25,Yellow,Yellow,2021,8,Aug,Wednesday,finalized,recovered,NWS Tallahassee SRFTAE recovered Bay flag via IEM
2021-08-12,Yellow,False,Yellow,2.0,False,False,1,10:22,10:22,Yellow,Yellow,2021,8,Aug,Thursday,finalized,recovered,NWS Tallahassee SRFTAE recovered Bay flag via IEM
2021-08-13,Yellow,False,Yellow,2.0,False,False,1,10:37,10:37,Yellow,Yellow,2021,8,Aug,Friday,finalized,recovered,NWS Tallahassee SRFTAE recovered Bay flag via IEM
2021-08-14,Yellow,False,Yellow,2.0,False,False,1,10:14,10:14,Yellow,Yellow,2021,8,Aug,Saturday,finalized,recovered,NWS Tallahassee SRFTAE recovered Bay flag via IEM
2021-08-15,Single Red,False,Single Red,3.0,False,False,1,10:48,10:48,Single Red,Single Red,2021,8,Aug,Sunday,finalized,recovered,NWS Tallahassee SRFTAE recovered Bay flag via IEM
2021-08-16,Double Red,False,Double Red,4.0,False,False,1,10:34,10:34,Double Red,Double Red,2021,8,Aug,Monday,finalized,recovered,NWS Tallahassee SRFTAE recovered Bay flag via IEM
2021-08-17,Single Red,False,Single Red,3.0,False,False,1,11:23,11:23,Single Red,Single Red,2021,8,Aug,Tuesday,finalized,recovered,NWS Tallahassee SRFTAE recovered Bay flag via IEM
2021-08-18,Double Red,False,Double Red,4.0,False,False,1,10:01,10:01,Double Red,Double Red,2021,8,Aug,Wednesday,finalized,recovered,NWS Tallahassee SRFTAE recovered Bay flag via IEM
2021-08-19,Yellow,False,Yellow,2.0,False,False,1,10:58,10:58,Yellow,Yellow,2021,8,Aug,Thursday,finalized,recovered,NWS Tallahassee SRFTAE recovered Bay flag via IEM
2021-08-20,Double Red,False,Double Red,4.0,False,False,1,10:57,10:57,Double Red,Double Red,2021,8,Aug,Friday,finalized,recovered,NWS Tallahassee SRFTAE recovered Bay flag via IEM
2021-08-21,Single Red,False,Single Red,3.0,False,False,1,10:40,10:40,Single Red,Single Red,2021,8,Aug,Saturday,finalized,recovered,NWS Tallahassee SRFTAE recovered Bay flag via IEM
2021-08-22,Single Red,False,Single Red,3.0,False,False,1,11:00,11:00,Single Red,Single Red,2021,8,Aug,Sunday,finalized,recovered,NWS Tallahassee SRFTAE recovered Bay flag via IEM
2021-08-23,Single Red,False,Single Red,3.0,False,False,1,10:45,10:45,Single Red,Single Red,2021,8,Aug,Monday,finalized,recovered,NWS Tallahassee SRFTAE recovered Bay flag via IEM
2021-08-24,Yellow,False,Yellow,2.0,False,False,1,11:16,11:16,Yellow,Yellow,2021,8,Aug,Tuesday,finalized,recovered,NWS Tallahassee SRFTAE recovered Bay flag via IEM
2021-08-25,Yellow,False,Yellow,2.0,False,False,1,10:40,10:40,Yellow,Yellow,2021,8,Aug,Wednesday,finalized,recovered,NWS Tallahassee SRFTAE recovered Bay flag via IEM
2021-08-26,Yellow,False,Yellow,2.0,False,False,1,11:06,11:06,Yellow,Yellow,2021,8,Aug,Thursday,finalized,recovered,NWS Tallahassee SRFTAE recovered Bay flag via IEM
2021-08-27,Single Red,False,Single Red,3.0,False,False,1,10:06,10:06,Single Red,Single Red,2021,8,Aug,Friday,finalized,recovered,NWS Tallahassee SRFTAE recovered Bay flag via IEM
2021-08-28,Single Red,False,Single Red,3.0,False,False,1,10:12,10:12,Single Red,Single Red,2021,8,Aug,Saturday,finalized,recovered,NWS Tallahassee SRFTAE recovered Bay flag via IEM
2021-08-29,Double Red,False,Double Red,4.0,False,False,1,10:08,10:08,Double Red,Double Red,2021,8,Aug,Sunday,finalized,recovered,NWS Tallahassee SRFTAE recovered Bay flag via IEM
2021-08-30,Double Red,False,Double Red,4.0,False,False,1,12:06,12:06,Double Red,Double Red,2021,8,Aug,Monday,finalized,recovered,NWS Tallahassee SRFTAE recovered Bay flag via IEM
2021-09-01,Double Red,False,Double Red,4.0,False,False,1,11:30,11:30,Double Red,Double Red,2021,9,Sep,Wednesday,finalized,recovered,NWS Tallahassee SRFTAE recovered Bay flag via IEM
2021-09-02,Double Red,False,Double Red,4.0,False,False,1,10:00,10:00,Double Red,Double Red,2021,9,Sep,Thursday,finalized,recovered,NWS Tallahassee SRFTAE recovered Bay flag via IEM
2021-09-03,Single Red,False,Single Red,3.0,False,False,1,10:14,10:14,Single Red,Single Red,2021,9,Sep,Friday,finalized,recovered,NWS Tallahassee SRFTAE recovered Bay flag via IEM
2021-09-04,Yellow,False,Yellow,2.0,False,False,1,12:05,12:05,Yellow,Yellow,2021,9,Sep,Saturday,finalized,recovered,NWS Tallahassee SRFTAE recovered Bay flag via IEM
2021-09-05,Yellow,False,Yellow,2.0,False,False,1,10:44,10:44,Yellow,Yellow,2021,9,Sep,Sunday,finalized,recovered,NWS Tallahassee SRFTAE recovered Bay flag via IEM
2021-09-06,Yellow,False,Yellow,2.0,False,False,1,10:23,10:23,Yellow,Yellow,2021,9,Sep,Monday,finalized,recovered,NWS Tallahassee SRFTAE recovered Bay flag via IEM
2021-09-07,Yellow,False,Yellow,2.0,False,False,1,10:33,10:33,Yellow,Yellow,2021,9,Sep,Tuesday,finalized,recovered,NWS Tallahassee SRFTAE recovered Bay flag via IEM
2021-09-08,Double Red,False,Double Red,4.0,False,False,1,10:10,10:10,Double Red,Double Red,2021,9,Sep,Wednesday,finalized,recovered,NWS Tallahassee SRFTAE recovered Bay flag via IEM
2021-09-09,Single Red,False,Single Red,3.0,False,False,1,10:04,10:04,Single Red,Single Red,2021,9,Sep,Thursday,finalized,recovered,NWS Tallahassee SRFTAE recovered Bay flag via IEM
2021-09-10,Yellow,False,Yellow,2.0,False,False,1,09:59,09:59,Yellow,Yellow,2021,9,Sep,Friday,finalized,recovered,NWS Tallahassee SRFTAE recovered Bay flag via IEM
2021-09-11,Yellow,False,Yellow,2.0,False,False,1,10:34,10:34,Yellow,Yellow,2021,9,Sep,Saturday,finalized,recovered,NWS Tallahassee SRFTAE recovered Bay flag via IEM
2021-09-12,Yellow,False,Yellow,2.0,False,False,1,10:53,10:53,Yellow,Yellow,2021,9,Sep,Sunday,finalized,recovered,NWS Tallahassee SRFTAE recovered Bay flag via IEM
2021-09-13,Yellow,False,Yellow,2.0,False,False,1,11:00,11:00,Yellow,Yellow,2021,9,Sep,Monday,finalized,recovered,NWS Tallahassee SRFTAE recovered Bay flag via IEM
2021-09-14,Yellow,False,Yellow,2.0,False,False,1,10:59,10:59,Yellow,Yellow,2021,9,Sep,Tuesday,finalized,recovered,NWS Tallahassee SRFTAE recovered Bay flag via IEM
2021-09-15,Yellow,False,Yellow,2.0,False,False,1,11:02,11:02,Yellow,Yellow,2021,9,Sep,Wednesday,finalized,recovered,NWS Tallahassee SRFTAE recovered Bay flag via IEM
2021-09-16,Single Red,False,Single Red,3.0,False,False,1,10:40,10:40,Single Red,Single Red,2021,9,Sep,Thursday,finalized,recovered,NWS Tallahassee SRFTAE recovered Bay flag via IEM
2021-09-17,Single Red,False,Single Red,3.0,False,False,1,10:36,10:36,Single Red,Single Red,2021,9,Sep,Friday,finalized,recovered,NWS Tallahassee SRFTAE recovered Bay flag via IEM
2021-09-18,Single Red,False,Single Red,3.0,False,False,1,10:58,10:58,Single Red,Single Red,2021,9,Sep,Saturday,finalized,recovered,NWS Tallahassee SRFTAE recovered Bay flag via IEM
2021-09-20,Yellow,False,Yellow,2.0,False,False,1,10:24,10:24,Yellow,Yellow,2021,9,Sep,Monday,finalized,recovered,NWS Tallahassee SRFTAE recovered Bay flag via IEM
2021-09-21,Yellow,False,Yellow,2.0,False,False,1,10:47,10:47,Yellow,Yellow,2021,9,Sep,Tuesday,finalized,recovered,NWS Tallahassee SRFTAE recovered Bay flag via IEM
2021-09-23,Yellow,False,Yellow,2.0,False,False,1,10:20,10:20,Yellow,Yellow,2021,9,Sep,Thursday,finalized,recovered,NWS Tallahassee SRFTAE recovered Bay flag via IEM
2021-09-24,Yellow,False,Yellow,2.0,False,False,1,10:14,10:14,Yellow,Yellow,2021,9,Sep,Friday,finalized,recovered,NWS Tallahassee SRFTAE recovered Bay flag via IEM
2021-09-25,Yellow,False,Yellow,2.0,False,False,1,11:05,11:05,Yellow,Yellow,2021,9,Sep,Saturday,finalized,recovered,NWS Tallahassee SRFTAE recovered Bay flag via IEM
2021-09-26,Yellow,False,Yellow,2.0,False,False,1,11:08,11:08,Yellow,Yellow,2021,9,Sep,Sunday,finalized,recovered,NWS Tallahassee SRFTAE recovered Bay flag via IEM
2021-09-27,Yellow,False,Yellow,2.0,False,False,1,10:16,10:16,Yellow,Yellow,2021,9,Sep,Monday,finalized,recovered,NWS Tallahassee SRFTAE recovered Bay flag via IEM
2021-09-28,Yellow,False,Yellow,2.0,False,False,1,10:13,10:13,Yellow,Yellow,2021,9,Sep,Tuesday,finalized,recovered,NWS Tallahassee SRFTAE recovered Bay flag via IEM
2021-09-29,Yellow,False,Yellow,2.0,False,False,1,10:35,10:35,Yellow,Yellow,2021,9,Sep,Wednesday,finalized,recovered,NWS Tallahassee SRFTAE recovered Bay flag via IEM
2021-09-30,Yellow,False,Yellow,2.0,False,False,1,10:22,10:22,Yellow,Yellow,2021,9,Sep,Thursday,finalized,recovered,NWS Tallahassee SRFTAE recovered Bay flag via IEM
2021-10-01,Yellow,False,Yellow,2.0,False,False,1,10:43,10:43,Yellow,Yellow,2021,10,Oct,Friday,finalized,recovered,NWS Tallahassee SRFTAE recovered Bay flag via IEM
2021-10-02,Yellow,False,Yellow,2.0,False,False,1,10:56,10:56,Yellow,Yellow,2021,10,Oct,Saturday,finalized,recovered,NWS Tallahassee SRFTAE recovered Bay flag via IEM
2021-10-03,Single Red,False,Single Red,3.0,False,False,1,11:13,11:13,Single Red,Single Red,2021,10,Oct,Sunday,finalized,recovered,NWS Tallahassee SRFTAE recovered Bay flag via IEM
2021-10-04,Single Red,False,Single Red,3.0,False,False,1,10:31,10:31,Single Red,Single Red,2021,10,Oct,Monday,finalized,recovered,NWS Tallahassee SRFTAE recovered Bay flag via IEM
2021-10-05,Single Red,False,Single Red,3.0,False,False,1,10:24,10:24,Single Red,Single Red,2021,10,Oct,Tuesday,finalized,recovered,NWS Tallahassee SRFTAE recovered Bay flag via IEM
2021-10-06,Single Red,False,Single Red,3.0,False,False,1,10:24,10:24,Single Red,Single Red,2021,10,Oct,Wednesday,finalized,recovered,NWS Tallahassee SRFTAE recovered Bay flag via IEM
2021-10-07,Single Red,False,Single Red,3.0,False,False,1,11:40,11:40,Single Red,Single Red,2021,10,Oct,Thursday,finalized,recovered,NWS Tallahassee SRFTAE recovered Bay flag via IEM
2021-10-08,Yellow,False,Yellow,2.0,False,False,1,11:11,11:11,Yellow,Yellow,2021,10,Oct,Friday,finalized,recovered,NWS Tallahassee SRFTAE recovered Bay flag via IEM
2021-10-09,Yellow,False,Yellow,2.0,False,False,1,10:40,10:40,Yellow,Yellow,2021,10,Oct,Saturday,finalized,recovered,NWS Tallahassee SRFTAE recovered Bay flag via IEM
2021-10-10,Yellow,False,Yellow,2.0,False,False,1,11:34,11:34,Yellow,Yellow,2021,10,Oct,Sunday,finalized,recovered,NWS Tallahassee SRFTAE recovered Bay flag via IEM
2021-10-11,Yellow,False,Yellow,2.0,False,False,1,11:04,11:04,Yellow,Yellow,2021,10,Oct,Monday,finalized,recovered,NWS Tallahassee SRFTAE recovered Bay flag via IEM
2021-10-12,Yellow,False,Yellow,2.0,False,False,1,10:50,10:50,Yellow,Yellow,2021,10,Oct,Tuesday,finalized,recovered,NWS Tallahassee SRFTAE recovered Bay flag via IEM
2021-10-13,Yellow,False,Yellow,2.0,False,False,1,10:23,10:23,Yellow,Yellow,2021,10,Oct,Wednesday,finalized,recovered,NWS Tallahassee SRFTAE recovered Bay flag via IEM
2021-10-14,Yellow,False,Yellow,2.0,False,False,1,11:53,11:53,Yellow,Yellow,2021,10,Oct,Thursday,finalized,recovered,NWS Tallahassee SRFTAE recovered Bay flag via IEM
2021-10-15,Yellow,False,Yellow,2.0,False,False,1,10:41,10:41,Yellow,Yellow,2021,10,Oct,Friday,finalized,recovered,NWS Tallahassee SRFTAE recovered Bay flag via IEM
2021-10-16,Yellow,False,Yellow,2.0,False,False,1,11:16,11:16,Yellow,Yellow,2021,10,Oct,Saturday,finalized,recovered,NWS Tallahassee SRFTAE recovered Bay flag via IEM
2021-10-17,Yellow,False,Yellow,2.0,False,False,1,11:17,11:17,Yellow,Yellow,2021,10,Oct,Sunday,finalized,recovered,NWS Tallahassee SRFTAE recovered Bay flag via IEM
2021-10-18,Yellow,False,Yellow,2.0,False,False,1,11:17,11:17,Yellow,Yellow,2021,10,Oct,Monday,finalized,recovered,NWS Tallahassee SRFTAE recovered Bay flag via IEM
2021-10-19,Yellow,False,Yellow,2.0,False,False,1,11:02,11:02,Yellow,Yellow,2021,10,Oct,Tuesday,finalized,recovered,NWS Tallahassee SRFTAE recovered Bay flag via IEM
2021-10-20,Yellow,False,Yellow,2.0,False,False,1,10:44,10:44,Yellow,Yellow,2021,10,Oct,Wednesday,finalized,recovered,NWS Tallahassee SRFTAE recovered Bay flag via IEM
2021-10-21,Yellow,False,Yellow,2.0,False,False,1,10:43,10:43,Yellow,Yellow,2021,10,Oct,Thursday,finalized,recovered,NWS Tallahassee SRFTAE recovered Bay flag via IEM
2021-10-22,Yellow,False,Yellow,2.0,False,False,1,11:06,11:06,Yellow,Yellow,2021,10,Oct,Friday,finalized,recovered,NWS Tallahassee SRFTAE recovered Bay flag via IEM
2021-10-23,Yellow,False,Yellow,2.0,False,False,1,10:30,10:30,Yellow,Yellow,2021,10,Oct,Saturday,finalized,recovered,NWS Tallahassee SRFTAE recovered Bay flag via IEM
2021-10-24,Yellow,False,Yellow,2.0,False,False,1,10:48,10:48,Yellow,Yellow,2021,10,Oct,Sunday,finalized,recovered,NWS Tallahassee SRFTAE recovered Bay flag via IEM
2021-10-25,Yellow,False,Yellow,2.0,False,False,1,10:58,10:58,Yellow,Yellow,2021,10,Oct,Monday,finalized,recovered,NWS Tallahassee SRFTAE recovered Bay flag via IEM
2021-10-26,Yellow,False,Yellow,2.0,False,False,1,11:23,11:23,Yellow,Yellow,2021,10,Oct,Tuesday,finalized,recovered,NWS Tallahassee SRFTAE recovered Bay flag via IEM
2021-10-27,Yellow,False,Yellow,2.0,False,False,1,09:35,09:35,Yellow,Yellow,2021,10,Oct,Wednesday,finalized,recovered,NWS Tallahassee SRFTAE recovered Bay flag via IEM
2021-10-28,Double Red,False,Double Red,4.0,False,False,1,11:00,11:00,Double Red,Double Red,2021,10,Oct,Thursday,finalized,recovered,NWS Tallahassee SRFTAE recovered Bay flag via IEM
2021-10-29,Double Red,False,Double Red,4.0,False,False,1,10:22,10:22,Double Red,Double Red,2021,10,Oct,Friday,finalized,recovered,NWS Tallahassee SRFTAE recovered Bay flag via IEM
2021-10-30,Double Red,False,Double Red,4.0,False,False,1,10:16,10:16,Double Red,Double Red,2021,10,Oct,Saturday,finalized,recovered,NWS Tallahassee SRFTAE recovered Bay flag via IEM
2021-10-31,Single Red,False,Single Red,3.0,False,False,1,10:37,10:37,Single Red,Single Red,2021,10,Oct,Sunday,finalized,recovered,NWS Tallahassee SRFTAE recovered Bay flag via IEM
2021-11-01,Yellow,False,Yellow,2.0,False,False,1,10:22,10:22,Yellow,Yellow,2021,11,Nov,Monday,finalized,recovered,NWS Tallahassee SRFTAE recovered Bay flag via IEM
2021-11-02,Yellow,False,Yellow,2.0,False,False,1,10:35,10:35,Yellow,Yellow,2021,11,Nov,Tuesday,finalized,recovered,NWS Tallahassee SRFTAE recovered Bay flag via IEM
2021-11-03,Yellow,False,Yellow,2.0,False,False,1,10:45,10:45,Yellow,Yellow,2021,11,Nov,Wednesday,finalized,recovered,NWS Tallahassee SRFTAE recovered Bay flag via IEM
2021-11-04,Yellow,False,Yellow,2.0,False,False,1,10:28,10:28,Yellow,Yellow,2021,11,Nov,Thursday,finalized,recovered,NWS Tallahassee SRFTAE recovered Bay flag via IEM
2021-11-05,Yellow,False,Yellow,2.0,False,False,1,13:59,13:59,Yellow,Yellow,2021,11,Nov,Friday,finalized,recovered,NWS Tallahassee SRFTAE recovered Bay flag via IEM
2021-11-06,Yellow,False,Yellow,2.0,False,False,1,11:15,11:15,Yellow,Yellow,2021,11,Nov,Saturday,finalized,recovered,NWS Tallahassee SRFTAE recovered Bay flag via IEM
2021-11-07,Yellow,False,Yellow,2.0,False,False,1,10:35,10:35,Yellow,Yellow,2021,11,Nov,Sunday,finalized,recovered,NWS Tallahassee SRFTAE recovered Bay flag via IEM
2021-11-08,Yellow,False,Yellow,2.0,False,False,1,10:53,10:53,Yellow,Yellow,2021,11,Nov,Monday,finalized,recovered,NWS Tallahassee SRFTAE recovered Bay flag via IEM
2021-11-09,Yellow,False,Yellow,2.0,False,False,1,10:27,10:27,Yellow,Yellow,2021,11,Nov,Tuesday,finalized,recovered,NWS Tallahassee SRFTAE recovered Bay flag via IEM
2021-11-11,Single Red,False,Single Red,3.0,False,False,1,11:17,11:17,Single Red,Single Red,2021,11,Nov,Thursday,finalized,recovered,NWS Tallahassee SRFTAE recovered Bay flag via IEM
2021-11-12,Yellow,False,Yellow,2.0,False,False,1,11:10,11:10,Yellow,Yellow,2021,11,Nov,Friday,finalized,recovered,NWS Tallahassee SRFTAE recovered Bay flag via IEM
2021-11-13,Yellow,False,Yellow,2.0,False,False,1,11:52,11:52,Yellow,Yellow,2021,11,Nov,Saturday,finalized,recovered,NWS Tallahassee SRFTAE recovered Bay flag via IEM
2021-11-14,Yellow,False,Yellow,2.0,False,False,1,09:31,09:31,Yellow,Yellow,2021,11,Nov,Sunday,finalized,recovered,NWS Tallahassee SRFTAE recovered Bay flag via IEM
2021-11-15,Yellow,False,Yellow,2.0,False,False,1,10:22,10:22,Yellow,Yellow,2021,11,Nov,Monday,finalized,recovered,NWS Tallahassee SRFTAE recovered Bay flag via IEM
2021-11-16,Yellow,False,Yellow,2.0,False,False,1,10:41,10:41,Yellow,Yellow,2021,11,Nov,Tuesday,finalized,recovered,NWS Tallahassee SRFTAE recovered Bay flag via IEM
2021-11-17,Yellow,False,Yellow,2.0,False,False,1,10:42,10:42,Yellow,Yellow,2021,11,Nov,Wednesday,finalized,recovered,NWS Tallahassee SRFTAE recovered Bay flag via IEM
2021-11-18,Yellow,False,Yellow,2.0,False,False,1,10:36,10:36,Yellow,Yellow,2021,11,Nov,Thursday,finalized,recovered,NWS Tallahassee SRFTAE recovered Bay flag via IEM
2021-11-19,Yellow,False,Yellow,2.0,False,False,1,10:53,10:53,Yellow,Yellow,2021,11,Nov,Friday,finalized,recovered,NWS Tallahassee SRFTAE recovered Bay flag via IEM
2021-11-20,Yellow,False,Yellow,2.0,False,False,1,10:54,10:54,Yellow,Yellow,2021,11,Nov,Saturday,finalized,recovered,NWS Tallahassee SRFTAE recovered Bay flag via IEM
2021-11-21,Yellow,False,Yellow,2.0,False,False,1,10:12,10:12,Yellow,Yellow,2021,11,Nov,Sunday,finalized,recovered,NWS Tallahassee SRFTAE recovered Bay flag via IEM
2021-11-22,Yellow,False,Yellow,2.0,False,False,1,10:21,10:21,Yellow,Yellow,2021,11,Nov,Monday,finalized,recovered,NWS Tallahassee SRFTAE recovered Bay flag via IEM
2021-11-23,Yellow,False,Yellow,2.0,False,False,1,10:19,10:19,Yellow,Yellow,2021,11,Nov,Tuesday,finalized,recovered,NWS Tallahassee SRFTAE recovered Bay flag via IEM
2021-11-24,Yellow,False,Yellow,2.0,False,False,1,10:22,10:22,Yellow,Yellow,2021,11,Nov,Wednesday,finalized,recovered,NWS Tallahassee SRFTAE recovered Bay flag via IEM
2021-11-25,Yellow,False,Yellow,2.0,False,False,1,10:41,10:41,Yellow,Yellow,2021,11,Nov,Thursday,finalized,recovered,NWS Tallahassee SRFTAE recovered Bay flag via IEM
2021-11-26,Yellow,False,Yellow,2.0,False,False,1,10:34,10:34,Yellow,Yellow,2021,11,Nov,Friday,finalized,recovered,NWS Tallahassee SRFTAE recovered Bay flag via IEM
2021-11-27,Yellow,False,Yellow,2.0,False,False,1,10:33,10:33,Yellow,Yellow,2021,11,Nov,Saturday,finalized,recovered,NWS Tallahassee SRFTAE recovered Bay flag via IEM
2021-11-28,Yellow,False,Yellow,2.0,False,False,1,10:58,10:58,Yellow,Yellow,2021,11,Nov,Sunday,finalized,recovered,NWS Tallahassee SRFTAE recovered Bay flag via IEM
2021-11-29,Yellow,False,Yellow,2.0,False,False,1,10:39,10:39,Yellow,Yellow,2021,11,Nov,Monday,finalized,recovered,NWS Tallahassee SRFTAE recovered Bay flag via IEM
2021-11-30,Yellow,False,Yellow,2.0,False,False,1,10:49,10:49,Yellow,Yellow,2021,11,Nov,Tuesday,finalized,recovered,NWS Tallahassee SRFTAE recovered Bay flag via IEM
2021-12-01,Yellow,False,Yellow,2.0,False,False,1,11:40,11:40,Yellow,Yellow,2021,12,Dec,Wednesday,finalized,recovered,NWS Tallahassee SRFTAE recovered Bay flag via IEM
2021-12-02,Yellow,False,Yellow,2.0,False,False,1,10:32,10:32,Yellow,Yellow,2021,12,Dec,Thursday,finalized,recovered,NWS Tallahassee SRFTAE recovered Bay flag via IEM
2021-12-04,Yellow,False,Yellow,2.0,False,False,1,11:02,11:02,Yellow,Yellow,2021,12,Dec,Saturday,finalized,recovered,NWS Tallahassee SRFTAE recovered Bay flag via IEM
2021-12-05,Yellow,False,Yellow,2.0,False,False,1,09:38,09:38,Yellow,Yellow,2021,12,Dec,Sunday,finalized,recovered,NWS Tallahassee SRFTAE recovered Bay flag via IEM
2021-12-07,Yellow,False,Yellow,2.0,False,False,1,10:32,10:32,Yellow,Yellow,2021,12,Dec,Tuesday,finalized,recovered,NWS Tallahassee SRFTAE recovered Bay flag via IEM
2021-12-08,Yellow,False,Yellow,2.0,False,False,1,11:01,11:01,Yellow,Yellow,2021,12,Dec,Wednesday,finalized,recovered,NWS Tallahassee SRFTAE recovered Bay flag via IEM
2021-12-09,Yellow,False,Yellow,2.0,False,False,1,11:06,11:06,Yellow,Yellow,2021,12,Dec,Thursday,finalized,recovered,NWS Tallahassee SRFTAE recovered Bay flag via IEM
2021-12-10,Single Red,False,Single Red,3.0,False,False,1,10:49,10:49,Single Red,Single Red,2021,12,Dec,Friday,finalized,recovered,NWS Tallahassee SRFTAE recovered Bay flag via IEM
2021-12-11,Single Red,False,Single Red,3.0,False,False,1,09:37,09:37,Single Red,Single Red,2021,12,Dec,Saturday,finalized,recovered,NWS Tallahassee SRFTAE recovered Bay flag via IEM
2021-12-12,Single Red,False,Single Red,3.0,False,False,1,10:25,10:25,Single Red,Single Red,2021,12,Dec,Sunday,finalized,recovered,NWS Tallahassee SRFTAE recovered Bay flag via IEM
2021-12-13,Yellow,False,Yellow,2.0,False,False,1,11:04,11:04,Yellow,Yellow,2021,12,Dec,Monday,finalized,recovered,NWS Tallahassee SRFTAE recovered Bay flag via IEM
2021-12-14,Yellow,False,Yellow,2.0,False,False,1,10:37,10:37,Yellow,Yellow,2021,12,Dec,Tuesday,finalized,recovered,NWS Tallahassee SRFTAE recovered Bay flag via IEM
2021-12-15,Yellow,False,Yellow,2.0,False,False,1,10:21,10:21,Yellow,Yellow,2021,12,Dec,Wednesday,finalized,recovered,NWS Tallahassee SRFTAE recovered Bay flag via IEM
2021-12-16,Yellow,False,Yellow,2.0,False,False,1,10:46,10:46,Yellow,Yellow,2021,12,Dec,Thursday,finalized,recovered,NWS Tallahassee SRFTAE recovered Bay flag via IEM
2021-12-17,Yellow,False,Yellow,2.0,False,False,1,10:28,10:28,Yellow,Yellow,2021,12,Dec,Friday,finalized,recovered,NWS Tallahassee SRFTAE recovered Bay flag via IEM
2021-12-18,Yellow,False,Yellow,2.0,False,False,1,10:21,10:21,Yellow,Yellow,2021,12,Dec,Saturday,finalized,recovered,NWS Tallahassee SRFTAE recovered Bay flag via IEM
2021-12-19,Yellow,False,Yellow,2.0,False,False,1,10:14,10:14,Yellow,Yellow,2021,12,Dec,Sunday,finalized,recovered,NWS Tallahassee SRFTAE recovered Bay flag via IEM
2021-12-20,Yellow,False,Yellow,2.0,False,False,1,10:43,10:43,Yellow,Yellow,2021,12,Dec,Monday,finalized,recovered,NWS Tallahassee SRFTAE recovered Bay flag via IEM
2021-12-21,Yellow,False,Yellow,2.0,False,False,1,12:22,12:22,Yellow,Yellow,2021,12,Dec,Tuesday,finalized,recovered,NWS Tallahassee SRFTAE recovered Bay flag via IEM
2021-12-22,Yellow,False,Yellow,2.0,False,False,1,09:49,09:49,Yellow,Yellow,2021,12,Dec,Wednesday,finalized,recovered,NWS Tallahassee SRFTAE recovered Bay flag via IEM
2021-12-24,Yellow,False,Yellow,2.0,False,False,1,10:42,10:42,Yellow,Yellow,2021,12,Dec,Friday,finalized,recovered,NWS Tallahassee SRFTAE recovered Bay flag via IEM
2021-12-25,Yellow,False,Yellow,2.0,False,False,1,11:23,11:23,Yellow,Yellow,2021,12,Dec,Saturday,finalized,recovered,NWS Tallahassee SRFTAE recovered Bay flag via IEM
2021-12-26,Yellow,False,Yellow,2.0,False,False,1,10:48,10:48,Yellow,Yellow,2021,12,Dec,Sunday,finalized,recovered,NWS Tallahassee SRFTAE recovered Bay flag via IEM
2021-12-27,Yellow,False,Yellow,2.0,False,False,1,11:02,11:02,Yellow,Yellow,2021,12,Dec,Monday,finalized,recovered,NWS Tallahassee SRFTAE recovered Bay flag via IEM
2021-12-28,Single Red,False,Single Red,3.0,False,False,1,11:01,11:01,Single Red,Single Red,2021,12,Dec,Tuesday,finalized,recovered,NWS Tallahassee SRFTAE recovered Bay flag via IEM
2021-12-29,Double Red,False,Double Red,4.0,False,False,1,10:53,10:53,Double Red,Double Red,2021,12,Dec,Wednesday,finalized,recovered,NWS Tallahassee SRFTAE recovered Bay flag via IEM
2021-12-30,Double Red,False,Double Red,4.0,False,False,1,10:17,10:17,Double Red,Double Red,2021,12,Dec,Thursday,finalized,recovered,NWS Tallahassee SRFTAE recovered Bay flag via IEM
2021-12-31,Single Red,False,Single Red,3.0,False,False,1,11:36,11:36,Single Red,Single Red,2021,12,Dec,Friday,finalized,recovered,NWS Tallahassee SRFTAE recovered Bay flag via IEM
2022-01-01,Single Red,False,Single Red,3.0,False,False,1,10:14,10:14,Single Red,Single Red,2022,1,Jan,Saturday,finalized,recovered,NWS Tallahassee SRFTAE recovered Bay flag via IEM
2022-01-02,Double Red,False,Double Red,4.0,False,False,1,10:24,10:24,Double Red,Double Red,2022,1,Jan,Sunday,finalized,recovered,NWS Tallahassee SRFTAE recovered Bay flag via IEM
2022-01-03,Double Red,False,Double Red,4.0,False,False,1,10:21,10:21,Double Red,Double Red,2022,1,Jan,Monday,finalized,recovered,NWS Tallahassee SRFTAE recovered Bay flag via IEM
2022-01-04,Yellow,False,Yellow,2.0,False,False,1,11:07,11:07,Yellow,Yellow,2022,1,Jan,Tuesday,finalized,recovered,NWS Tallahassee SRFTAE recovered Bay flag via IEM
2022-01-05,Yellow,False,Yellow,2.0,False,False,1,10:14,10:14,Yellow,Yellow,2022,1,Jan,Wednesday,finalized,recovered,NWS Tallahassee SRFTAE recovered Bay flag via IEM
2022-01-06,Yellow,False,Yellow,2.0,False,False,1,10:29,10:29,Yellow,Yellow,2022,1,Jan,Thursday,finalized,recovered,NWS Tallahassee SRFTAE recovered Bay flag via IEM
2022-01-07,Yellow,False,Yellow,2.0,False,False,1,10:44,10:44,Yellow,Yellow,2022,1,Jan,Friday,finalized,recovered,NWS Tallahassee SRFTAE recovered Bay flag via IEM
2022-01-08,Yellow,False,Yellow,2.0,False,False,1,10:45,10:45,Yellow,Yellow,2022,1,Jan,Saturday,finalized,recovered,NWS Tallahassee SRFTAE recovered Bay flag via IEM
2022-01-09,Yellow,False,Yellow,2.0,False,False,1,10:45,10:45,Yellow,Yellow,2022,1,Jan,Sunday,finalized,recovered,NWS Tallahassee SRFTAE recovered Bay flag via IEM
2022-01-10,Yellow,False,Yellow,2.0,False,False,1,15:33,15:33,Yellow,Yellow,2022,1,Jan,Monday,finalized,recovered,NWS Tallahassee SRFTAE recovered Bay flag via IEM
2022-01-11,Yellow,False,Yellow,2.0,False,False,1,10:16,10:16,Yellow,Yellow,2022,1,Jan,Tuesday,finalized,recovered,NWS Tallahassee SRFTAE recovered Bay flag via IEM
2022-01-12,Yellow,False,Yellow,2.0,False,False,1,10:14,10:14,Yellow,Yellow,2022,1,Jan,Wednesday,finalized,recovered,NWS Tallahassee SRFTAE recovered Bay flag via IEM
2022-01-13,Yellow,False,Yellow,2.0,False,False,1,10:11,10:11,Yellow,Yellow,2022,1,Jan,Thursday,finalized,recovered,NWS Tallahassee SRFTAE recovered Bay flag via IEM
2022-01-14,Yellow,False,Yellow,2.0,False,False,1,11:14,11:14,Yellow,Yellow,2022,1,Jan,Friday,finalized,recovered,NWS Tallahassee SRFTAE recovered Bay flag via IEM
2022-01-15,Yellow,False,Yellow,2.0,False,False,1,10:18,10:18,Yellow,Yellow,2022,1,Jan,Saturday,finalized,recovered,NWS Tallahassee SRFTAE recovered Bay flag via IEM
2022-01-16,Double Red,False,Double Red,4.0,False,False,1,11:23,11:23,Double Red,Double Red,2022,1,Jan,Sunday,finalized,recovered,NWS Tallahassee SRFTAE recovered Bay flag via IEM
2022-01-17,Double Red,False,Double Red,4.0,False,False,1,11:39,11:39,Double Red,Double Red,2022,1,Jan,Monday,finalized,recovered,NWS Tallahassee SRFTAE recovered Bay flag via IEM
2022-01-18,Double Red,False,Double Red,4.0,False,False,1,12:45,12:45,Double Red,Double Red,2022,1,Jan,Tuesday,finalized,recovered,NWS Tallahassee SRFTAE recovered Bay flag via IEM
2022-01-19,Single Red,False,Single Red,3.0,False,False,1,11:18,11:18,Single Red,Single Red,2022,1,Jan,Wednesday,finalized,recovered,NWS Tallahassee SRFTAE recovered Bay flag via IEM
2022-01-20,Single Red,False,Single Red,3.0,False,False,1,13:46,13:46,Single Red,Single Red,2022,1,Jan,Thursday,finalized,recovered,NWS Tallahassee SRFTAE recovered Bay flag via IEM
2022-01-21,Yellow,False,Yellow,2.0,False,False,1,10:21,10:21,Yellow,Yellow,2022,1,Jan,Friday,finalized,recovered,NWS Tallahassee SRFTAE recovered Bay flag via IEM
2022-01-22,Yellow,False,Yellow,2.0,False,False,1,13:55,13:55,Yellow,Yellow,2022,1,Jan,Saturday,finalized,recovered,NWS Tallahassee SRFTAE recovered Bay flag via IEM
2022-01-23,Yellow,False,Yellow,2.0,False,False,1,10:29,10:29,Yellow,Yellow,2022,1,Jan,Sunday,finalized,recovered,NWS Tallahassee SRFTAE recovered Bay flag via IEM
2022-01-24,Yellow,False,Yellow,2.0,False,False,1,10:23,10:23,Yellow,Yellow,2022,1,Jan,Monday,finalized,recovered,NWS Tallahassee SRFTAE recovered Bay flag via IEM
2022-01-25,Yellow,False,Yellow,2.0,False,False,1,10:22,10:22,Yellow,Yellow,2022,1,Jan,Tuesday,finalized,recovered,NWS Tallahassee SRFTAE recovered Bay flag via IEM
2022-01-26,Yellow,False,Yellow,2.0,False,False,1,11:05,11:05,Yellow,Yellow,2022,1,Jan,Wednesday,finalized,recovered,NWS Tallahassee SRFTAE recovered Bay flag via IEM
2022-01-27,Yellow,False,Yellow,2.0,False,False,1,10:19,10:19,Yellow,Yellow,2022,1,Jan,Thursday,finalized,recovered,NWS Tallahassee SRFTAE recovered Bay flag via IEM
2022-01-28,Yellow,False,Yellow,2.0,False,False,1,09:59,09:59,Yellow,Yellow,2022,1,Jan,Friday,finalized,recovered,NWS Tallahassee SRFTAE recovered Bay flag via IEM
2022-01-29,Yellow,False,Yellow,2.0,False,False,1,11:00,11:00,Yellow,Yellow,2022,1,Jan,Saturday,finalized,recovered,NWS Tallahassee SRFTAE recovered Bay flag via IEM
2022-01-30,Yellow,False,Yellow,2.0,False,False,1,10:26,10:26,Yellow,Yellow,2022,1,Jan,Sunday,finalized,recovered,NWS Tallahassee SRFTAE recovered Bay flag via IEM
2022-01-31,Yellow,False,Yellow,2.0,False,False,1,10:38,10:38,Yellow,Yellow,2022,1,Jan,Monday,finalized,recovered,NWS Tallahassee SRFTAE recovered Bay flag via IEM
2022-02-01,Yellow,False,Yellow,2.0,False,False,1,09:16,09:16,Yellow,Yellow,2022,2,Feb,Tuesday,finalized,recovered,NWS Tallahassee SRFTAE recovered Bay flag via IEM
2022-02-02,Single Red,False,Single Red,3.0,False,False,1,10:56,10:56,Single Red,Single Red,2022,2,Feb,Wednesday,finalized,recovered,NWS Tallahassee SRFTAE recovered Bay flag via IEM
2022-02-03,Single Red,False,Single Red,3.0,False,False,1,11:00,11:00,Single Red,Single Red,2022,2,Feb,Thursday,finalized,recovered,NWS Tallahassee SRFTAE recovered Bay flag via IEM
2022-02-04,Single Red,False,Single Red,3.0,False,False,1,09:47,09:47,Single Red,Single Red,2022,2,Feb,Friday,finalized,recovered,NWS Tallahassee SRFTAE recovered Bay flag via IEM
2022-02-05,Yellow,False,Yellow,2.0,False,False,1,10:59,10:59,Yellow,Yellow,2022,2,Feb,Saturday,finalized,recovered,NWS Tallahassee SRFTAE recovered Bay flag via IEM
2022-02-06,Yellow,False,Yellow,2.0,False,False,1,10:53,10:53,Yellow,Yellow,2022,2,Feb,Sunday,finalized,recovered,NWS Tallahassee SRFTAE recovered Bay flag via IEM
2022-02-07,Yellow,False,Yellow,2.0,False,False,1,10:38,10:38,Yellow,Yellow,2022,2,Feb,Monday,finalized,recovered,NWS Tallahassee SRFTAE recovered Bay flag via IEM
2022-02-08,Yellow,False,Yellow,2.0,False,False,1,10:55,10:55,Yellow,Yellow,2022,2,Feb,Tuesday,finalized,recovered,NWS Tallahassee SRFTAE recovered Bay flag via IEM
2022-02-09,Yellow,False,Yellow,2.0,False,False,1,10:59,10:59,Yellow,Yellow,2022,2,Feb,Wednesday,finalized,recovered,NWS Tallahassee SRFTAE recovered Bay flag via IEM
2022-02-10,Yellow,False,Yellow,2.0,False,False,1,10:40,10:40,Yellow,Yellow,2022,2,Feb,Thursday,finalized,recovered,NWS Tallahassee SRFTAE recovered Bay flag via IEM
2022-02-11,Yellow,False,Yellow,2.0,False,False,1,10:59,10:59,Yellow,Yellow,2022,2,Feb,Friday,finalized,recovered,NWS Tallahassee SRFTAE recovered Bay flag via IEM
2022-02-12,Yellow,False,Yellow,2.0,False,False,1,10:42,10:42,Yellow,Yellow,2022,2,Feb,Saturday,finalized,recovered,NWS Tallahassee SRFTAE recovered Bay flag via IEM
2022-02-13,Yellow,False,Yellow,2.0,False,False,1,10:37,10:37,Yellow,Yellow,2022,2,Feb,Sunday,finalized,recovered,NWS Tallahassee SRFTAE recovered Bay flag via IEM
2022-02-14,Yellow,False,Yellow,2.0,False,False,1,10:44,10:44,Yellow,Yellow,2022,2,Feb,Monday,finalized,recovered,NWS Tallahassee SRFTAE recovered Bay flag via IEM
2022-02-15,Yellow,False,Yellow,2.0,False,False,1,10:47,10:47,Yellow,Yellow,2022,2,Feb,Tuesday,finalized,recovered,NWS Tallahassee SRFTAE recovered Bay flag via IEM
2022-02-17,Single Red,False,Single Red,3.0,False,False,1,10:51,10:51,Single Red,Single Red,2022,2,Feb,Thursday,finalized,recovered,NWS Tallahassee SRFTAE recovered Bay flag via IEM
2022-02-18,Single Red,False,Single Red,3.0,False,False,1,10:50,10:50,Single Red,Single Red,2022,2,Feb,Friday,finalized,recovered,NWS Tallahassee SRFTAE recovered Bay flag via IEM
2022-02-19,Yellow,False,Yellow,2.0,False,False,1,10:59,10:59,Yellow,Yellow,2022,2,Feb,Saturday,finalized,recovered,NWS Tallahassee SRFTAE recovered Bay flag via IEM
2022-02-20,Yellow,False,Yellow,2.0,False,False,1,10:41,10:41,Yellow,Yellow,2022,2,Feb,Sunday,finalized,recovered,NWS Tallahassee SRFTAE recovered Bay flag via IEM
2022-02-21,Yellow,False,Yellow,2.0,False,False,1,10:17,10:17,Yellow,Yellow,2022,2,Feb,Monday,finalized,recovered,NWS Tallahassee SRFTAE recovered Bay flag via IEM
2022-02-22,Yellow,False,Yellow,2.0,False,False,1,10:18,10:18,Yellow,Yellow,2022,2,Feb,Tuesday,finalized,recovered,NWS Tallahassee SRFTAE recovered Bay flag via IEM
2022-02-23,Yellow,False,Yellow,2.0,False,False,1,10:53,10:53,Yellow,Yellow,2022,2,Feb,Wednesday,finalized,recovered,NWS Tallahassee SRFTAE recovered Bay flag via IEM
2022-02-24,Yellow,False,Yellow,2.0,False,False,1,10:50,10:50,Yellow,Yellow,2022,2,Feb,Thursday,finalized,recovered,NWS Tallahassee SRFTAE recovered Bay flag via IEM
2022-02-25,Yellow,False,Yellow,2.0,False,False,1,10:50,10:50,Yellow,Yellow,2022,2,Feb,Friday,finalized,recovered,NWS Tallahassee SRFTAE recovered Bay flag via IEM
2022-02-26,Yellow,False,Yellow,2.0,False,False,1,10:35,10:35,Yellow,Yellow,2022,2,Feb,Saturday,finalized,recovered,NWS Tallahassee SRFTAE recovered Bay flag via IEM
2022-02-27,Yellow,False,Yellow,2.0,False,False,1,10:17,10:17,Yellow,Yellow,2022,2,Feb,Sunday,finalized,recovered,NWS Tallahassee SRFTAE recovered Bay flag via IEM
2022-02-28,Yellow,False,Yellow,2.0,False,False,1,11:32,11:32,Yellow,Yellow,2022,2,Feb,Monday,finalized,recovered,NWS Tallahassee SRFTAE recovered Bay flag via IEM
2022-03-01,Yellow,False,Yellow,2.0,False,False,1,10:44,10:44,Yellow,Yellow,2022,3,Mar,Tuesday,finalized,recovered,NWS Tallahassee SRFTAE recovered Bay flag via IEM
2022-03-02,Yellow,False,Yellow,2.0,False,False,1,10:12,10:12,Yellow,Yellow,2022,3,Mar,Wednesday,finalized,recovered,NWS Tallahassee SRFTAE recovered Bay flag via IEM
2022-03-03,Yellow,False,Yellow,2.0,False,False,1,11:27,11:27,Yellow,Yellow,2022,3,Mar,Thursday,finalized,recovered,NWS Tallahassee SRFTAE recovered Bay flag via IEM
2022-03-04,Yellow,False,Yellow,2.0,False,False,1,10:48,10:48,Yellow,Yellow,2022,3,Mar,Friday,finalized,recovered,NWS Tallahassee SRFTAE recovered Bay flag via IEM
2022-03-05,Yellow,False,Yellow,2.0,False,False,1,10:16,10:16,Yellow,Yellow,2022,3,Mar,Saturday,finalized,recovered,NWS Tallahassee SRFTAE recovered Bay flag via IEM
2022-03-06,Yellow,False,Yellow,2.0,False,False,1,10:31,10:31,Yellow,Yellow,2022,3,Mar,Sunday,finalized,recovered,NWS Tallahassee SRFTAE recovered Bay flag via IEM
2022-03-07,Yellow,False,Yellow,2.0,False,False,1,10:41,10:41,Yellow,Yellow,2022,3,Mar,Monday,finalized,recovered,NWS Tallahassee SRFTAE recovered Bay flag via IEM
2022-03-08,Yellow,False,Yellow,2.0,False,False,1,10:25,10:25,Yellow,Yellow,2022,3,Mar,Tuesday,finalized,recovered,NWS Tallahassee SRFTAE recovered Bay flag via IEM
2022-03-09,Yellow,False,Yellow,2.0,False,False,1,10:29,10:29,Yellow,Yellow,2022,3,Mar,Wednesday,finalized,recovered,NWS Tallahassee SRFTAE recovered Bay flag via IEM
2022-03-10,Yellow,False,Yellow,2.0,False,False,1,11:04,11:04,Yellow,Yellow,2022,3,Mar,Thursday,finalized,recovered,NWS Tallahassee SRFTAE recovered Bay flag via IEM
2022-03-11,Single Red,False,Single Red,3.0,False,False,1,10:42,10:42,Single Red,Single Red,2022,3,Mar,Friday,finalized,recovered,NWS Tallahassee SRFTAE recovered Bay flag via IEM
2022-03-12,Single Red,False,Single Red,3.0,False,False,1,10:43,10:43,Single Red,Single Red,2022,3,Mar,Saturday,finalized,recovered,NWS Tallahassee SRFTAE recovered Bay flag via IEM
2022-03-13,Yellow,False,Yellow,2.0,False,False,1,10:57,10:57,Yellow,Yellow,2022,3,Mar,Sunday,finalized,recovered,NWS Tallahassee SRFTAE recovered Bay flag via IEM
2022-03-14,Yellow,False,Yellow,2.0,False,False,1,10:47,10:47,Yellow,Yellow,2022,3,Mar,Monday,finalized,recovered,NWS Tallahassee SRFTAE recovered Bay flag via IEM
2022-03-15,Single Red,False,Single Red,3.0,False,False,1,11:14,11:14,Single Red,Single Red,2022,3,Mar,Tuesday,finalized,recovered,NWS Tallahassee SRFTAE recovered Bay flag via IEM
2022-03-16,Single Red,False,Single Red,3.0,False,False,1,11:53,11:53,Single Red,Single Red,2022,3,Mar,Wednesday,finalized,recovered,NWS Tallahassee SRFTAE recovered Bay flag via IEM
2022-03-17,Yellow,False,Yellow,2.0,False,False,1,10:19,10:19,Yellow,Yellow,2022,3,Mar,Thursday,finalized,recovered,NWS Tallahassee SRFTAE recovered Bay flag via IEM
2022-03-18,Double Red,False,Double Red,4.0,False,False,1,10:19,10:19,Double Red,Double Red,2022,3,Mar,Friday,finalized,recovered,NWS Tallahassee SRFTAE recovered Bay flag via IEM
2022-03-19,Double Red,False,Double Red,4.0,False,False,1,10:30,10:30,Double Red,Double Red,2022,3,Mar,Saturday,finalized,recovered,NWS Tallahassee SRFTAE recovered Bay flag via IEM
2022-03-20,Yellow,False,Yellow,2.0,False,False,1,11:55,11:55,Yellow,Yellow,2022,3,Mar,Sunday,finalized,recovered,NWS Tallahassee SRFTAE recovered Bay flag via IEM
2022-03-21,Yellow,False,Yellow,2.0,False,False,1,10:54,10:54,Yellow,Yellow,2022,3,Mar,Monday,finalized,recovered,NWS Tallahassee SRFTAE recovered Bay flag via IEM
2022-03-22,Double Red,False,Double Red,4.0,False,False,1,10:54,10:54,Double Red,Double Red,2022,3,Mar,Tuesday,finalized,recovered,NWS Tallahassee SRFTAE recovered Bay flag via IEM
2022-03-23,Double Red,False,Double Red,4.0,False,False,1,11:06,11:06,Double Red,Double Red,2022,3,Mar,Wednesday,finalized,recovered,NWS Tallahassee SRFTAE recovered Bay flag via IEM
2022-03-24,Double Red,False,Double Red,4.0,False,False,1,10:46,10:46,Double Red,Double Red,2022,3,Mar,Thursday,finalized,recovered,NWS Tallahassee SRFTAE recovered Bay flag via IEM
2022-03-25,Double Red,False,Double Red,4.0,False,False,1,11:29,11:29,Double Red,Double Red,2022,3,Mar,Friday,finalized,recovered,NWS Tallahassee SRFTAE recovered Bay flag via IEM
2022-03-26,Single Red,False,Single Red,3.0,False,False,1,10:30,10:30,Single Red,Single Red,2022,3,Mar,Saturday,finalized,recovered,NWS Tallahassee SRFTAE recovered Bay flag via IEM
2022-03-27,Single Red,False,Single Red,3.0,False,False,1,11:05,11:05,Single Red,Single Red,2022,3,Mar,Sunday,finalized,recovered,NWS Tallahassee SRFTAE recovered Bay flag via IEM
2022-03-28,Single Red,False,Single Red,3.0,False,False,1,13:13,13:13,Single Red,Single Red,2022,3,Mar,Monday,finalized,recovered,NWS Tallahassee SRFTAE recovered Bay flag via IEM
2022-03-29,Yellow,False,Yellow,2.0,False,False,1,10:53,10:53,Yellow,Yellow,2022,3,Mar,Tuesday,finalized,recovered,NWS Tallahassee SRFTAE recovered Bay flag via IEM
2022-03-30,Double Red,False,Double Red,4.0,False,False,1,10:16,10:16,Double Red,Double Red,2022,3,Mar,Wednesday,finalized,recovered,NWS Tallahassee SRFTAE recovered Bay flag via IEM
2022-03-31,Double Red,False,Double Red,4.0,False,False,1,10:06,10:06,Double Red,Double Red,2022,3,Mar,Thursday,finalized,recovered,NWS Tallahassee SRFTAE recovered Bay flag via IEM
2022-04-01,Double Red,False,Double Red,4.0,False,False,1,11:01,11:01,Double Red,Double Red,2022,4,Apr,Friday,finalized,recovered,NWS Tallahassee SRFTAE recovered Bay flag via IEM
2022-04-02,Single Red,False,Single Red,3.0,False,False,1,10:22,10:22,Single Red,Single Red,2022,4,Apr,Saturday,finalized,recovered,NWS Tallahassee SRFTAE recovered Bay flag via IEM
2022-04-03,Single Red,False,Single Red,3.0,False,False,1,10:46,10:46,Single Red,Single Red,2022,4,Apr,Sunday,finalized,recovered,NWS Tallahassee SRFTAE recovered Bay flag via IEM
2022-04-04,Yellow,False,Yellow,2.0,False,False,1,10:25,10:25,Yellow,Yellow,2022,4,Apr,Monday,finalized,recovered,NWS Tallahassee SRFTAE recovered Bay flag via IEM
2022-04-05,Single Red,False,Single Red,3.0,False,False,1,10:24,10:24,Single Red,Single Red,2022,4,Apr,Tuesday,finalized,recovered,NWS Tallahassee SRFTAE recovered Bay flag via IEM
2022-04-06,Single Red,False,Single Red,3.0,False,False,1,10:18,10:18,Single Red,Single Red,2022,4,Apr,Wednesday,finalized,recovered,NWS Tallahassee SRFTAE recovered Bay flag via IEM
2022-04-07,Double Red,False,Double Red,4.0,False,False,1,11:55,11:55,Double Red,Double Red,2022,4,Apr,Thursday,finalized,recovered,NWS Tallahassee SRFTAE recovered Bay flag via IEM
2022-04-09,Single Red,False,Single Red,3.0,False,False,1,10:15,10:15,Single Red,Single Red,2022,4,Apr,Saturday,finalized,recovered,NWS Tallahassee SRFTAE recovered Bay flag via IEM
2022-04-10,Single Red,False,Single Red,3.0,False,False,1,10:29,10:29,Single Red,Single Red,2022,4,Apr,Sunday,finalized,recovered,NWS Tallahassee SRFTAE recovered Bay flag via IEM
2022-04-11,Single Red,False,Single Red,3.0,False,False,1,10:55,10:55,Single Red,Single Red,2022,4,Apr,Monday,finalized,recovered,NWS Tallahassee SRFTAE recovered Bay flag via IEM
2022-04-12,Double Red,False,Double Red,4.0,False,False,1,10:21,10:21,Double Red,Double Red,2022,4,Apr,Tuesday,finalized,recovered,NWS Tallahassee SRFTAE recovered Bay flag via IEM
2022-04-13,Double Red,False,Double Red,4.0,False,False,1,10:41,10:41,Double Red,Double Red,2022,4,Apr,Wednesday,finalized,recovered,NWS Tallahassee SRFTAE recovered Bay flag via IEM
2022-04-14,Single Red,False,Single Red,3.0,False,False,1,10:05,10:05,Single Red,Single Red,2022,4,Apr,Thursday,finalized,recovered,NWS Tallahassee SRFTAE recovered Bay flag via IEM
2022-04-15,Yellow,False,Yellow,2.0,False,False,1,10:47,10:47,Yellow,Yellow,2022,4,Apr,Friday,finalized,recovered,NWS Tallahassee SRFTAE recovered Bay flag via IEM
2022-04-16,Yellow,False,Yellow,2.0,False,False,1,10:45,10:45,Yellow,Yellow,2022,4,Apr,Saturday,finalized,recovered,NWS Tallahassee SRFTAE recovered Bay flag via IEM
2022-04-17,Yellow,False,Yellow,2.0,False,False,1,10:24,10:24,Yellow,Yellow,2022,4,Apr,Sunday,finalized,recovered,NWS Tallahassee SRFTAE recovered Bay flag via IEM
2022-04-18,Yellow,False,Yellow,2.0,False,False,1,11:12,11:12,Yellow,Yellow,2022,4,Apr,Monday,finalized,recovered,NWS Tallahassee SRFTAE recovered Bay flag via IEM
2022-04-19,Yellow,False,Yellow,2.0,False,False,1,11:08,11:08,Yellow,Yellow,2022,4,Apr,Tuesday,finalized,recovered,NWS Tallahassee SRFTAE recovered Bay flag via IEM
2022-04-20,Single Red,False,Single Red,3.0,False,False,1,11:11,11:11,Single Red,Single Red,2022,4,Apr,Wednesday,finalized,recovered,NWS Tallahassee SRFTAE recovered Bay flag via IEM
2022-04-21,Single Red,False,Single Red,3.0,False,False,1,11:08,11:08,Single Red,Single Red,2022,4,Apr,Thursday,finalized,recovered,NWS Tallahassee SRFTAE recovered Bay flag via IEM
2022-04-22,Single Red,False,Single Red,3.0,False,False,1,10:24,10:24,Single Red,Single Red,2022,4,Apr,Friday,finalized,recovered,NWS Tallahassee SRFTAE recovered Bay flag via IEM
2022-04-23,Single Red,False,Single Red,3.0,False,False,1,10:16,10:16,Single Red,Single Red,2022,4,Apr,Saturday,finalized,recovered,NWS Tallahassee SRFTAE recovered Bay flag via IEM
2022-04-25,Single Red,False,Single Red,3.0,False,False,1,10:18,10:18,Single Red,Single Red,2022,4,Apr,Monday,finalized,recovered,NWS Tallahassee SRFTAE recovered Bay flag via IEM
2022-04-26,Single Red,False,Single Red,3.0,False,False,1,10:37,10:37,Single Red,Single Red,2022,4,Apr,Tuesday,finalized,recovered,NWS Tallahassee SRFTAE recovered Bay flag via IEM
2022-04-27,Yellow,False,Yellow,2.0,False,False,1,10:50,10:50,Yellow,Yellow,2022,4,Apr,Wednesday,finalized,recovered,NWS Tallahassee SRFTAE recovered Bay flag via IEM
2022-04-28,Yellow,False,Yellow,2.0,False,False,1,10:57,10:57,Yellow,Yellow,2022,4,Apr,Thursday,finalized,recovered,NWS Tallahassee SRFTAE recovered Bay flag via IEM
2022-04-29,Single Red,False,Single Red,3.0,False,False,1,10:42,10:42,Single Red,Single Red,2022,4,Apr,Friday,finalized,recovered,NWS Tallahassee SRFTAE recovered Bay flag via IEM
2022-04-30,Single Red,False,Single Red,3.0,False,False,1,10:56,10:56,Single Red,Single Red,2022,4,Apr,Saturday,finalized,recovered,NWS Tallahassee SRFTAE recovered Bay flag via IEM
2022-05-01,Single Red,False,Single Red,3.0,False,False,1,12:39,12:39,Single Red,Single Red,2022,5,May,Sunday,finalized,recovered,NWS Tallahassee SRFTAE recovered Bay flag via IEM
2022-05-02,Yellow,False,Yellow,2.0,False,False,1,10:19,10:19,Yellow,Yellow,2022,5,May,Monday,finalized,recovered,NWS Tallahassee SRFTAE recovered Bay flag via IEM
2022-05-03,Yellow,False,Yellow,2.0,False,False,1,11:24,11:24,Yellow,Yellow,2022,5,May,Tuesday,finalized,recovered,NWS Tallahassee SRFTAE recovered Bay flag via IEM
2022-05-04,Yellow,False,Yellow,2.0,False,False,1,10:49,10:49,Yellow,Yellow,2022,5,May,Wednesday,finalized,recovered,NWS Tallahassee SRFTAE recovered Bay flag via IEM
2022-05-05,Yellow,False,Yellow,2.0,False,False,1,10:32,10:32,Yellow,Yellow,2022,5,May,Thursday,finalized,recovered,NWS Tallahassee SRFTAE recovered Bay flag via IEM
2022-05-06,Single Red,False,Single Red,3.0,False,False,1,12:48,12:48,Single Red,Single Red,2022,5,May,Friday,finalized,recovered,NWS Tallahassee SRFTAE recovered Bay flag via IEM
2022-05-07,Double Red,False,Double Red,4.0,False,False,1,09:22,09:22,Double Red,Double Red,2022,5,May,Saturday,finalized,recovered,NWS Tallahassee SRFTAE recovered Bay flag via IEM
2022-05-09,Yellow,False,Yellow,2.0,False,False,1,10:30,10:30,Yellow,Yellow,2022,5,May,Monday,finalized,recovered,NWS Tallahassee SRFTAE recovered Bay flag via IEM
2022-05-10,Yellow,False,Yellow,2.0,False,False,1,11:04,11:04,Yellow,Yellow,2022,5,May,Tuesday,finalized,recovered,NWS Tallahassee SRFTAE recovered Bay flag via IEM
2022-05-11,Yellow,False,Yellow,2.0,False,False,1,11:04,11:04,Yellow,Yellow,2022,5,May,Wednesday,finalized,recovered,NWS Tallahassee SRFTAE recovered Bay flag via IEM
2022-05-12,Yellow,False,Yellow,2.0,False,False,1,10:51,10:51,Yellow,Yellow,2022,5,May,Thursday,finalized,recovered,NWS Tallahassee SRFTAE recovered Bay flag via IEM
2022-05-13,Yellow,False,Yellow,2.0,False,False,1,11:02,11:02,Yellow,Yellow,2022,5,May,Friday,finalized,recovered,NWS Tallahassee SRFTAE recovered Bay flag via IEM
2022-05-14,Yellow,False,Yellow,2.0,False,False,1,10:31,10:31,Yellow,Yellow,2022,5,May,Saturday,finalized,recovered,NWS Tallahassee SRFTAE recovered Bay flag via IEM
2022-05-15,Yellow,False,Yellow,2.0,False,False,1,11:23,11:23,Yellow,Yellow,2022,5,May,Sunday,finalized,recovered,NWS Tallahassee SRFTAE recovered Bay flag via IEM
2022-05-16,Yellow,False,Yellow,2.0,False,False,1,10:46,10:46,Yellow,Yellow,2022,5,May,Monday,finalized,recovered,NWS Tallahassee SRFTAE recovered Bay flag via IEM
2022-05-17,Yellow,False,Yellow,2.0,False,False,1,11:04,11:04,Yellow,Yellow,2022,5,May,Tuesday,finalized,recovered,NWS Tallahassee SRFTAE recovered Bay flag via IEM
2022-05-18,Yellow,False,Yellow,2.0,False,False,1,11:30,11:30,Yellow,Yellow,2022,5,May,Wednesday,finalized,recovered,NWS Tallahassee SRFTAE recovered Bay flag via IEM
2022-05-19,Yellow,False,Yellow,2.0,False,False,1,11:08,11:08,Yellow,Yellow,2022,5,May,Thursday,finalized,recovered,NWS Tallahassee SRFTAE recovered Bay flag via IEM
2022-05-20,Single Red,False,Single Red,3.0,False,False,1,10:22,10:22,Single Red,Single Red,2022,5,May,Friday,finalized,recovered,NWS Tallahassee SRFTAE recovered Bay flag via IEM
2022-05-21,Single Red,False,Single Red,3.0,False,False,1,10:29,10:29,Single Red,Single Red,2022,5,May,Saturday,finalized,recovered,NWS Tallahassee SRFTAE recovered Bay flag via IEM
2022-05-22,Double Red,False,Double Red,4.0,False,False,1,10:19,10:19,Double Red,Double Red,2022,5,May,Sunday,finalized,recovered,NWS Tallahassee SRFTAE recovered Bay flag via IEM
2022-05-23,Double Red,False,Double Red,4.0,False,False,1,10:17,10:17,Double Red,Double Red,2022,5,May,Monday,finalized,recovered,NWS Tallahassee SRFTAE recovered Bay flag via IEM
2022-05-24,Single Red,False,Single Red,3.0,False,False,1,10:31,10:31,Single Red,Single Red,2022,5,May,Tuesday,finalized,recovered,NWS Tallahassee SRFTAE recovered Bay flag via IEM
2022-05-25,Single Red,False,Single Red,3.0,False,False,1,10:37,10:37,Single Red,Single Red,2022,5,May,Wednesday,finalized,recovered,NWS Tallahassee SRFTAE recovered Bay flag via IEM
2022-05-26,Double Red,False,Double Red,4.0,False,False,1,11:22,11:22,Double Red,Double Red,2022,5,May,Thursday,finalized,recovered,NWS Tallahassee SRFTAE recovered Bay flag via IEM
2022-05-27,Double Red,False,Double Red,4.0,False,False,1,10:07,10:07,Double Red,Double Red,2022,5,May,Friday,finalized,recovered,NWS Tallahassee SRFTAE recovered Bay flag via IEM
2022-05-28,Single Red,False,Single Red,3.0,False,False,1,10:17,10:17,Single Red,Single Red,2022,5,May,Saturday,finalized,recovered,NWS Tallahassee SRFTAE recovered Bay flag via IEM
2022-05-29,Yellow,False,Yellow,2.0,False,False,1,10:08,10:08,Yellow,Yellow,2022,5,May,Sunday,finalized,recovered,NWS Tallahassee SRFTAE recovered Bay flag via IEM
2022-05-30,Yellow,False,Yellow,2.0,False,False,1,13:03,13:03,Yellow,Yellow,2022,5,May,Monday,finalized,recovered,NWS Tallahassee SRFTAE recovered Bay flag via IEM
2022-05-31,Yellow,False,Yellow,2.0,False,False,1,10:30,10:30,Yellow,Yellow,2022,5,May,Tuesday,finalized,recovered,NWS Tallahassee SRFTAE recovered Bay flag via IEM
2022-06-01,Yellow,False,Yellow,2.0,False,False,1,12:55,12:55,Yellow,Yellow,2022,6,Jun,Wednesday,finalized,recovered,NWS Tallahassee SRFTAE recovered Bay flag via IEM
2022-06-02,Yellow,False,Yellow,2.0,False,False,1,10:23,10:23,Yellow,Yellow,2022,6,Jun,Thursday,finalized,recovered,NWS Tallahassee SRFTAE recovered Bay flag via IEM
2022-06-03,Yellow,False,Yellow,2.0,False,False,1,11:06,11:06,Yellow,Yellow,2022,6,Jun,Friday,finalized,recovered,NWS Tallahassee SRFTAE recovered Bay flag via IEM
2022-06-04,Single Red,False,Single Red,3.0,False,False,1,11:20,11:20,Single Red,Single Red,2022,6,Jun,Saturday,finalized,recovered,NWS Tallahassee SRFTAE recovered Bay flag via IEM
2022-06-05,Single Red,False,Single Red,3.0,False,False,1,11:27,11:27,Single Red,Single Red,2022,6,Jun,Sunday,finalized,recovered,NWS Tallahassee SRFTAE recovered Bay flag via IEM
2022-06-06,Yellow,False,Yellow,2.0,False,False,1,10:52,10:52,Yellow,Yellow,2022,6,Jun,Monday,finalized,recovered,NWS Tallahassee SRFTAE recovered Bay flag via IEM
2022-06-07,Yellow,False,Yellow,2.0,False,False,1,11:07,11:07,Yellow,Yellow,2022,6,Jun,Tuesday,finalized,recovered,NWS Tallahassee SRFTAE recovered Bay flag via IEM
2022-06-08,Yellow,False,Yellow,2.0,False,False,1,12:38,12:38,Yellow,Yellow,2022,6,Jun,Wednesday,finalized,recovered,NWS Tallahassee SRFTAE recovered Bay flag via IEM
2022-06-09,Single Red,False,Single Red,3.0,False,False,1,11:47,11:47,Single Red,Single Red,2022,6,Jun,Thursday,finalized,recovered,NWS Tallahassee SRFTAE recovered Bay flag via IEM
2022-06-10,Single Red,False,Single Red,3.0,False,False,1,11:07,11:07,Single Red,Single Red,2022,6,Jun,Friday,finalized,recovered,NWS Tallahassee SRFTAE recovered Bay flag via IEM
2022-06-11,Single Red,False,Single Red,3.0,False,False,1,10:40,10:40,Single Red,Single Red,2022,6,Jun,Saturday,finalized,recovered,NWS Tallahassee SRFTAE recovered Bay flag via IEM
2022-06-12,Single Red,False,Single Red,3.0,False,False,1,10:18,10:18,Single Red,Single Red,2022,6,Jun,Sunday,finalized,recovered,NWS Tallahassee SRFTAE recovered Bay flag via IEM
2022-06-14,Single Red,False,Single Red,3.0,False,False,1,10:35,10:35,Single Red,Single Red,2022,6,Jun,Tuesday,finalized,recovered,NWS Tallahassee SRFTAE recovered Bay flag via IEM
2022-06-15,Single Red,False,Single Red,3.0,False,False,1,10:41,10:41,Single Red,Single Red,2022,6,Jun,Wednesday,finalized,recovered,NWS Tallahassee SRFTAE recovered Bay flag via IEM
2022-06-16,Single Red,False,Single Red,3.0,False,False,1,10:22,10:22,Single Red,Single Red,2022,6,Jun,Thursday,finalized,recovered,NWS Tallahassee SRFTAE recovered Bay flag via IEM
2022-06-17,Single Red,False,Single Red,3.0,False,False,1,11:54,11:54,Single Red,Single Red,2022,6,Jun,Friday,finalized,recovered,NWS Tallahassee SRFTAE recovered Bay flag via IEM
2022-06-18,Single Red,False,Single Red,3.0,False,False,1,11:23,11:23,Single Red,Single Red,2022,6,Jun,Saturday,finalized,recovered,NWS Tallahassee SRFTAE recovered Bay flag via IEM
2022-06-19,Single Red,False,Single Red,3.0,False,False,1,10:40,10:40,Single Red,Single Red,2022,6,Jun,Sunday,finalized,recovered,NWS Tallahassee SRFTAE recovered Bay flag via IEM
2022-06-20,Yellow,False,Yellow,2.0,False,False,1,10:40,10:40,Yellow,Yellow,2022,6,Jun,Monday,finalized,recovered,NWS Tallahassee SRFTAE recovered Bay flag via IEM
2022-06-21,Single Red,False,Single Red,3.0,False,False,2,07:22,11:12,Single Red,Single Red,2022,6,Jun,Tuesday,finalized,recovered,NWS Tallahassee SRFTAE recovered Bay flag via IEM
2022-06-22,Single Red,False,Single Red,3.0,False,False,1,09:31,09:31,Single Red,Single Red,2022,6,Jun,Wednesday,finalized,recovered,NWS Tallahassee SRFTAE recovered Bay flag via IEM
2022-06-23,Yellow,False,Yellow,2.0,False,False,1,10:21,10:21,Yellow,Yellow,2022,6,Jun,Thursday,finalized,recovered,NWS Tallahassee SRFTAE recovered Bay flag via IEM
2022-06-24,Yellow,False,Yellow,2.0,False,False,1,10:26,10:26,Yellow,Yellow,2022,6,Jun,Friday,finalized,recovered,NWS Tallahassee SRFTAE recovered Bay flag via IEM
2022-06-25,Yellow,False,Yellow,2.0,False,False,1,11:06,11:06,Yellow,Yellow,2022,6,Jun,Saturday,finalized,recovered,NWS Tallahassee SRFTAE recovered Bay flag via IEM
2022-06-26,Yellow,False,Yellow,2.0,False,False,1,11:05,11:05,Yellow,Yellow,2022,6,Jun,Sunday,finalized,recovered,NWS Tallahassee SRFTAE recovered Bay flag via IEM
2022-06-27,Yellow,False,Yellow,2.0,False,False,1,12:08,12:08,Yellow,Yellow,2022,6,Jun,Monday,finalized,recovered,NWS Tallahassee SRFTAE recovered Bay flag via IEM
2022-06-28,Yellow,False,Yellow,2.0,False,False,1,11:58,11:58,Yellow,Yellow,2022,6,Jun,Tuesday,finalized,recovered,NWS Tallahassee SRFTAE recovered Bay flag via IEM
2022-06-29,Yellow,False,Yellow,2.0,False,False,1,10:22,10:22,Yellow,Yellow,2022,6,Jun,Wednesday,finalized,recovered,NWS Tallahassee SRFTAE recovered Bay flag via IEM
2022-06-30,Yellow,False,Yellow,2.0,False,False,1,10:20,10:20,Yellow,Yellow,2022,6,Jun,Thursday,finalized,recovered,NWS Tallahassee SRFTAE recovered Bay flag via IEM
2022-07-01,Yellow,False,Yellow,2.0,False,False,1,10:17,10:17,Yellow,Yellow,2022,7,Jul,Friday,finalized,recovered,NWS Tallahassee SRFTAE recovered Bay flag via IEM
2022-07-02,Yellow,False,Yellow,2.0,False,False,1,10:05,10:05,Yellow,Yellow,2022,7,Jul,Saturday,finalized,recovered,NWS Tallahassee SRFTAE recovered Bay flag via IEM
2022-07-03,Yellow,False,Yellow,2.0,False,False,1,10:17,10:17,Yellow,Yellow,2022,7,Jul,Sunday,finalized,recovered,NWS Tallahassee SRFTAE recovered Bay flag via IEM
2022-07-04,Yellow,False,Yellow,2.0,False,False,1,11:10,11:10,Yellow,Yellow,2022,7,Jul,Monday,finalized,recovered,NWS Tallahassee SRFTAE recovered Bay flag via IEM
2022-07-05,Yellow,False,Yellow,2.0,False,False,1,10:19,10:19,Yellow,Yellow,2022,7,Jul,Tuesday,finalized,recovered,NWS Tallahassee SRFTAE recovered Bay flag via IEM
2022-07-06,Yellow,False,Yellow,2.0,False,False,1,10:39,10:39,Yellow,Yellow,2022,7,Jul,Wednesday,finalized,recovered,NWS Tallahassee SRFTAE recovered Bay flag via IEM
2022-07-07,Yellow,False,Yellow,2.0,False,False,1,10:32,10:32,Yellow,Yellow,2022,7,Jul,Thursday,finalized,recovered,NWS Tallahassee SRFTAE recovered Bay flag via IEM
2022-07-08,Yellow,False,Yellow,2.0,False,False,1,10:54,10:54,Yellow,Yellow,2022,7,Jul,Friday,finalized,recovered,NWS Tallahassee SRFTAE recovered Bay flag via IEM
2022-07-09,Yellow,False,Yellow,2.0,False,False,1,11:21,11:21,Yellow,Yellow,2022,7,Jul,Saturday,finalized,recovered,NWS Tallahassee SRFTAE recovered Bay flag via IEM
2022-07-10,Single Red,False,Single Red,3.0,False,False,1,13:55,13:55,Single Red,Single Red,2022,7,Jul,Sunday,finalized,recovered,NWS Tallahassee SRFTAE recovered Bay flag via IEM
2022-07-11,Single Red,False,Single Red,3.0,False,False,1,10:33,10:33,Single Red,Single Red,2022,7,Jul,Monday,finalized,recovered,NWS Tallahassee SRFTAE recovered Bay flag via IEM
2022-07-12,Single Red,False,Single Red,3.0,False,False,1,10:57,10:57,Single Red,Single Red,2022,7,Jul,Tuesday,finalized,recovered,NWS Tallahassee SRFTAE recovered Bay flag via IEM
2022-07-13,Single Red,False,Single Red,3.0,False,False,1,10:56,10:56,Single Red,Single Red,2022,7,Jul,Wednesday,finalized,recovered,NWS Tallahassee SRFTAE recovered Bay flag via IEM
2022-07-14,Single Red,False,Single Red,3.0,False,False,1,11:20,11:20,Single Red,Single Red,2022,7,Jul,Thursday,finalized,recovered,NWS Tallahassee SRFTAE recovered Bay flag via IEM
2022-07-15,Yellow,False,Yellow,2.0,False,False,1,11:06,11:06,Yellow,Yellow,2022,7,Jul,Friday,finalized,recovered,NWS Tallahassee SRFTAE recovered Bay flag via IEM
2022-07-16,Yellow,False,Yellow,2.0,False,False,1,10:23,10:23,Yellow,Yellow,2022,7,Jul,Saturday,finalized,recovered,NWS Tallahassee SRFTAE recovered Bay flag via IEM
2022-07-17,Yellow,False,Yellow,2.0,False,False,1,11:30,11:30,Yellow,Yellow,2022,7,Jul,Sunday,finalized,recovered,NWS Tallahassee SRFTAE recovered Bay flag via IEM
2022-07-18,Yellow,False,Yellow,2.0,False,False,1,10:34,10:34,Yellow,Yellow,2022,7,Jul,Monday,finalized,recovered,NWS Tallahassee SRFTAE recovered Bay flag via IEM
2022-07-19,Yellow,False,Yellow,2.0,False,False,1,10:33,10:33,Yellow,Yellow,2022,7,Jul,Tuesday,finalized,recovered,NWS Tallahassee SRFTAE recovered Bay flag via IEM
2022-07-20,Single Red,False,Single Red,3.0,False,False,1,12:33,12:33,Single Red,Single Red,2022,7,Jul,Wednesday,finalized,recovered,NWS Tallahassee SRFTAE recovered Bay flag via IEM
2022-07-21,Single Red,False,Single Red,3.0,False,False,1,10:35,10:35,Single Red,Single Red,2022,7,Jul,Thursday,finalized,recovered,NWS Tallahassee SRFTAE recovered Bay flag via IEM
2022-07-22,Single Red,False,Single Red,3.0,False,False,1,11:24,11:24,Single Red,Single Red,2022,7,Jul,Friday,finalized,recovered,NWS Tallahassee SRFTAE recovered Bay flag via IEM
2022-07-23,Yellow,False,Yellow,2.0,False,False,1,10:15,10:15,Yellow,Yellow,2022,7,Jul,Saturday,finalized,recovered,NWS Tallahassee SRFTAE recovered Bay flag via IEM
2022-07-24,Yellow,False,Yellow,2.0,False,False,1,10:55,10:55,Yellow,Yellow,2022,7,Jul,Sunday,finalized,recovered,NWS Tallahassee SRFTAE recovered Bay flag via IEM
2022-07-25,Yellow,False,Yellow,2.0,False,False,1,10:17,10:17,Yellow,Yellow,2022,7,Jul,Monday,finalized,recovered,NWS Tallahassee SRFTAE recovered Bay flag via IEM
2022-07-26,Yellow,False,Yellow,2.0,False,False,1,10:18,10:18,Yellow,Yellow,2022,7,Jul,Tuesday,finalized,recovered,NWS Tallahassee SRFTAE recovered Bay flag via IEM
2022-07-27,Yellow,False,Yellow,2.0,False,False,1,11:26,11:26,Yellow,Yellow,2022,7,Jul,Wednesday,finalized,recovered,NWS Tallahassee SRFTAE recovered Bay flag via IEM
2022-07-28,Single Red,False,Single Red,3.0,False,False,1,10:41,10:41,Single Red,Single Red,2022,7,Jul,Thursday,finalized,recovered,NWS Tallahassee SRFTAE recovered Bay flag via IEM
2022-07-29,Single Red,False,Single Red,3.0,False,False,1,11:00,11:00,Single Red,Single Red,2022,7,Jul,Friday,finalized,recovered,NWS Tallahassee SRFTAE recovered Bay flag via IEM
2022-07-30,Yellow,False,Yellow,2.0,False,False,1,11:07,11:07,Yellow,Yellow,2022,7,Jul,Saturday,finalized,recovered,NWS Tallahassee SRFTAE recovered Bay flag via IEM
2022-07-31,Yellow,False,Yellow,2.0,False,False,1,11:07,11:07,Yellow,Yellow,2022,7,Jul,Sunday,finalized,recovered,NWS Tallahassee SRFTAE recovered Bay flag via IEM
2022-08-01,Yellow,False,Yellow,2.0,False,False,1,11:22,11:22,Yellow,Yellow,2022,8,Aug,Monday,finalized,recovered,NWS Tallahassee SRFTAE recovered Bay flag via IEM
2022-08-02,Yellow,False,Yellow,2.0,False,False,1,11:25,11:25,Yellow,Yellow,2022,8,Aug,Tuesday,finalized,recovered,NWS Tallahassee SRFTAE recovered Bay flag via IEM
2022-08-03,Yellow,False,Yellow,2.0,False,False,1,11:33,11:33,Yellow,Yellow,2022,8,Aug,Wednesday,finalized,recovered,NWS Tallahassee SRFTAE recovered Bay flag via IEM
2022-08-04,Yellow,False,Yellow,2.0,False,False,1,11:41,11:41,Yellow,Yellow,2022,8,Aug,Thursday,finalized,recovered,NWS Tallahassee SRFTAE recovered Bay flag via IEM
2022-08-05,Yellow,False,Yellow,2.0,False,False,1,11:43,11:43,Yellow,Yellow,2022,8,Aug,Friday,finalized,recovered,NWS Tallahassee SRFTAE recovered Bay flag via IEM
2022-08-06,Yellow,False,Yellow,2.0,False,False,1,10:43,10:43,Yellow,Yellow,2022,8,Aug,Saturday,finalized,recovered,NWS Tallahassee SRFTAE recovered Bay flag via IEM
2022-08-07,Yellow,False,Yellow,2.0,False,False,1,10:28,10:28,Yellow,Yellow,2022,8,Aug,Sunday,finalized,recovered,NWS Tallahassee SRFTAE recovered Bay flag via IEM
2022-08-08,Single Red,False,Single Red,3.0,False,False,1,11:06,11:06,Single Red,Single Red,2022,8,Aug,Monday,finalized,recovered,NWS Tallahassee SRFTAE recovered Bay flag via IEM
2022-08-09,Single Red,False,Single Red,3.0,False,False,1,11:25,11:25,Single Red,Single Red,2022,8,Aug,Tuesday,finalized,recovered,NWS Tallahassee SRFTAE recovered Bay flag via IEM
2022-08-10,Yellow,False,Yellow,2.0,False,False,1,11:30,11:30,Yellow,Yellow,2022,8,Aug,Wednesday,finalized,recovered,NWS Tallahassee SRFTAE recovered Bay flag via IEM
2022-08-11,Single Red,False,Single Red,3.0,False,False,1,11:10,11:10,Single Red,Single Red,2022,8,Aug,Thursday,finalized,recovered,NWS Tallahassee SRFTAE recovered Bay flag via IEM
2022-08-12,Single Red,False,Single Red,3.0,False,False,1,11:05,11:05,Single Red,Single Red,2022,8,Aug,Friday,finalized,recovered,NWS Tallahassee SRFTAE recovered Bay flag via IEM
2022-08-13,Single Red,False,Single Red,3.0,False,False,1,11:04,11:04,Single Red,Single Red,2022,8,Aug,Saturday,finalized,recovered,NWS Tallahassee SRFTAE recovered Bay flag via IEM
2022-08-14,Yellow,False,Yellow,2.0,False,False,1,10:34,10:34,Yellow,Yellow,2022,8,Aug,Sunday,finalized,recovered,NWS Tallahassee SRFTAE recovered Bay flag via IEM
2022-08-15,Yellow,False,Yellow,2.0,False,False,1,10:44,10:44,Yellow,Yellow,2022,8,Aug,Monday,finalized,recovered,NWS Tallahassee SRFTAE recovered Bay flag via IEM
2022-08-16,Yellow,False,Yellow,2.0,False,False,1,10:44,10:44,Yellow,Yellow,2022,8,Aug,Tuesday,finalized,recovered,NWS Tallahassee SRFTAE recovered Bay flag via IEM
2022-08-18,Yellow,False,Yellow,2.0,False,False,1,10:13,10:13,Yellow,Yellow,2022,8,Aug,Thursday,finalized,recovered,NWS Tallahassee SRFTAE recovered Bay flag via IEM
2022-08-19,Yellow,False,Yellow,2.0,False,False,1,11:03,11:03,Yellow,Yellow,2022,8,Aug,Friday,finalized,recovered,NWS Tallahassee SRFTAE recovered Bay flag via IEM
2022-08-20,Yellow,False,Yellow,2.0,False,False,1,11:31,11:31,Yellow,Yellow,2022,8,Aug,Saturday,finalized,recovered,NWS Tallahassee SRFTAE recovered Bay flag via IEM
2022-08-21,Yellow,False,Yellow,2.0,False,False,1,10:35,10:35,Yellow,Yellow,2022,8,Aug,Sunday,finalized,recovered,NWS Tallahassee SRFTAE recovered Bay flag via IEM
2022-08-22,Yellow,False,Yellow,2.0,False,False,1,10:59,10:59,Yellow,Yellow,2022,8,Aug,Monday,finalized,recovered,NWS Tallahassee SRFTAE recovered Bay flag via IEM
2022-08-23,Yellow,False,Yellow,2.0,False,False,1,11:32,11:32,Yellow,Yellow,2022,8,Aug,Tuesday,finalized,recovered,NWS Tallahassee SRFTAE recovered Bay flag via IEM
2022-08-24,Yellow,False,Yellow,2.0,False,False,1,11:33,11:33,Yellow,Yellow,2022,8,Aug,Wednesday,finalized,recovered,NWS Tallahassee SRFTAE recovered Bay flag via IEM
2022-08-25,Yellow,False,Yellow,2.0,False,False,1,10:23,10:23,Yellow,Yellow,2022,8,Aug,Thursday,finalized,recovered,NWS Tallahassee SRFTAE recovered Bay flag via IEM
2022-08-26,Yellow,False,Yellow,2.0,False,False,1,10:59,10:59,Yellow,Yellow,2022,8,Aug,Friday,finalized,recovered,NWS Tallahassee SRFTAE recovered Bay flag via IEM
2022-08-27,Yellow,False,Yellow,2.0,False,False,1,13:49,13:49,Yellow,Yellow,2022,8,Aug,Saturday,finalized,recovered,NWS Tallahassee SRFTAE recovered Bay flag via IEM
2022-08-28,Yellow,False,Yellow,2.0,False,False,1,10:58,10:58,Yellow,Yellow,2022,8,Aug,Sunday,finalized,recovered,NWS Tallahassee SRFTAE recovered Bay flag via IEM
2022-08-29,Yellow,False,Yellow,2.0,False,False,1,10:35,10:35,Yellow,Yellow,2022,8,Aug,Monday,finalized,recovered,NWS Tallahassee SRFTAE recovered Bay flag via IEM
2022-08-30,Yellow,False,Yellow,2.0,False,False,1,14:03,14:03,Yellow,Yellow,2022,8,Aug,Tuesday,finalized,recovered,NWS Tallahassee SRFTAE recovered Bay flag via IEM
2022-08-31,Yellow,False,Yellow,2.0,False,False,1,10:18,10:18,Yellow,Yellow,2022,8,Aug,Wednesday,finalized,recovered,NWS Tallahassee SRFTAE recovered Bay flag via IEM
2022-09-01,Yellow,False,Yellow,2.0,False,False,1,10:57,10:57,Yellow,Yellow,2022,9,Sep,Thursday,finalized,recovered,NWS Tallahassee SRFTAE recovered Bay flag via IEM
2022-09-02,Yellow,False,Yellow,2.0,False,False,1,11:48,11:48,Yellow,Yellow,2022,9,Sep,Friday,finalized,recovered,NWS Tallahassee SRFTAE recovered Bay flag via IEM
2022-09-03,Yellow,False,Yellow,2.0,False,False,1,10:30,10:30,Yellow,Yellow,2022,9,Sep,Saturday,finalized,recovered,NWS Tallahassee SRFTAE recovered Bay flag via IEM
2022-09-04,Yellow,False,Yellow,2.0,False,False,1,10:46,10:46,Yellow,Yellow,2022,9,Sep,Sunday,finalized,recovered,NWS Tallahassee SRFTAE recovered Bay flag via IEM
2022-09-05,Yellow,False,Yellow,2.0,False,False,1,10:36,10:36,Yellow,Yellow,2022,9,Sep,Monday,finalized,recovered,NWS Tallahassee SRFTAE recovered Bay flag via IEM
2022-09-06,Yellow,False,Yellow,2.0,False,False,1,10:31,10:31,Yellow,Yellow,2022,9,Sep,Tuesday,finalized,recovered,NWS Tallahassee SRFTAE recovered Bay flag via IEM
2022-09-07,Yellow,False,Yellow,2.0,False,False,1,10:19,10:19,Yellow,Yellow,2022,9,Sep,Wednesday,finalized,recovered,NWS Tallahassee SRFTAE recovered Bay flag via IEM
2022-09-08,Yellow,False,Yellow,2.0,False,False,1,10:46,10:46,Yellow,Yellow,2022,9,Sep,Thursday,finalized,recovered,NWS Tallahassee SRFTAE recovered Bay flag via IEM
2022-09-09,Single Red,False,Single Red,3.0,False,False,1,11:35,11:35,Single Red,Single Red,2022,9,Sep,Friday,finalized,recovered,NWS Tallahassee SRFTAE recovered Bay flag via IEM
2022-09-10,Single Red,False,Single Red,3.0,False,False,1,10:49,10:49,Single Red,Single Red,2022,9,Sep,Saturday,finalized,recovered,NWS Tallahassee SRFTAE recovered Bay flag via IEM
2022-09-11,Single Red,False,Single Red,3.0,False,False,1,10:20,10:20,Single Red,Single Red,2022,9,Sep,Sunday,finalized,recovered,NWS Tallahassee SRFTAE recovered Bay flag via IEM
2022-09-12,Single Red,False,Single Red,3.0,False,False,1,10:47,10:47,Single Red,Single Red,2022,9,Sep,Monday,finalized,recovered,NWS Tallahassee SRFTAE recovered Bay flag via IEM
2022-09-13,Yellow,False,Yellow,2.0,False,False,1,10:49,10:49,Yellow,Yellow,2022,9,Sep,Tuesday,finalized,recovered,NWS Tallahassee SRFTAE recovered Bay flag via IEM
2022-09-14,Yellow,False,Yellow,2.0,False,False,1,10:32,10:32,Yellow,Yellow,2022,9,Sep,Wednesday,finalized,recovered,NWS Tallahassee SRFTAE recovered Bay flag via IEM
2022-09-15,Yellow,False,Yellow,2.0,False,False,1,10:24,10:24,Yellow,Yellow,2022,9,Sep,Thursday,finalized,recovered,NWS Tallahassee SRFTAE recovered Bay flag via IEM
2022-09-16,Yellow,False,Yellow,2.0,False,False,1,11:12,11:12,Yellow,Yellow,2022,9,Sep,Friday,finalized,recovered,NWS Tallahassee SRFTAE recovered Bay flag via IEM
2022-09-17,Yellow,False,Yellow,2.0,False,False,1,11:34,11:34,Yellow,Yellow,2022,9,Sep,Saturday,finalized,recovered,NWS Tallahassee SRFTAE recovered Bay flag via IEM
2022-09-18,Yellow,False,Yellow,2.0,False,False,1,10:24,10:24,Yellow,Yellow,2022,9,Sep,Sunday,finalized,recovered,NWS Tallahassee SRFTAE recovered Bay flag via IEM
2022-09-19,Yellow,False,Yellow,2.0,False,False,1,11:07,11:07,Yellow,Yellow,2022,9,Sep,Monday,finalized,recovered,NWS Tallahassee SRFTAE recovered Bay flag via IEM
2022-09-20,Yellow,False,Yellow,2.0,False,False,1,10:23,10:23,Yellow,Yellow,2022,9,Sep,Tuesday,finalized,recovered,NWS Tallahassee SRFTAE recovered Bay flag via IEM
2022-09-21,Yellow,False,Yellow,2.0,False,False,1,10:43,10:43,Yellow,Yellow,2022,9,Sep,Wednesday,finalized,recovered,NWS Tallahassee SRFTAE recovered Bay flag via IEM
2022-09-22,Yellow,False,Yellow,2.0,False,False,1,10:31,10:31,Yellow,Yellow,2022,9,Sep,Thursday,finalized,recovered,NWS Tallahassee SRFTAE recovered Bay flag via IEM
2022-09-23,Yellow,False,Yellow,2.0,False,False,1,10:21,10:21,Yellow,Yellow,2022,9,Sep,Friday,finalized,recovered,NWS Tallahassee SRFTAE recovered Bay flag via IEM
2022-09-24,Yellow,False,Yellow,2.0,False,False,1,10:47,10:47,Yellow,Yellow,2022,9,Sep,Saturday,finalized,recovered,NWS Tallahassee SRFTAE recovered Bay flag via IEM
2022-09-25,Yellow,False,Yellow,2.0,False,False,1,10:42,10:42,Yellow,Yellow,2022,9,Sep,Sunday,finalized,recovered,NWS Tallahassee SRFTAE recovered Bay flag via IEM
2022-09-26,Yellow,False,Yellow,2.0,False,False,1,10:55,10:55,Yellow,Yellow,2022,9,Sep,Monday,finalized,recovered,NWS Tallahassee SRFTAE recovered Bay flag via IEM
2022-09-27,Yellow,False,Yellow,2.0,False,False,1,10:17,10:17,Yellow,Yellow,2022,9,Sep,Tuesday,finalized,recovered,NWS Tallahassee SRFTAE recovered Bay flag via IEM
2022-09-29,Yellow,False,Yellow,2.0,False,False,1,10:35,10:35,Yellow,Yellow,2022,9,Sep,Thursday,finalized,recovered,NWS Tallahassee SRFTAE recovered Bay flag via IEM
2022-09-30,Yellow,False,Yellow,2.0,False,False,1,10:18,10:18,Yellow,Yellow,2022,9,Sep,Friday,finalized,recovered,NWS Tallahassee SRFTAE recovered Bay flag via IEM
2022-10-01,Yellow,False,Yellow,2.0,False,False,1,10:22,10:22,Yellow,Yellow,2022,10,Oct,Saturday,finalized,recovered,NWS Tallahassee SRFTAE recovered Bay flag via IEM
2022-10-02,Yellow,False,Yellow,2.0,False,False,1,10:39,10:39,Yellow,Yellow,2022,10,Oct,Sunday,finalized,recovered,NWS Tallahassee SRFTAE recovered Bay flag via IEM
2022-10-03,Yellow,False,Yellow,2.0,False,False,1,10:55,10:55,Yellow,Yellow,2022,10,Oct,Monday,finalized,recovered,NWS Tallahassee SRFTAE recovered Bay flag via IEM
2022-10-04,Yellow,False,Yellow,2.0,False,False,1,11:12,11:12,Yellow,Yellow,2022,10,Oct,Tuesday,finalized,recovered,NWS Tallahassee SRFTAE recovered Bay flag via IEM
2022-10-05,Yellow,False,Yellow,2.0,False,False,1,13:17,13:17,Yellow,Yellow,2022,10,Oct,Wednesday,finalized,recovered,NWS Tallahassee SRFTAE recovered Bay flag via IEM
2022-10-06,Yellow,False,Yellow,2.0,False,False,1,10:49,10:49,Yellow,Yellow,2022,10,Oct,Thursday,finalized,recovered,NWS Tallahassee SRFTAE recovered Bay flag via IEM
2022-10-07,Yellow,False,Yellow,2.0,False,False,1,11:23,11:23,Yellow,Yellow,2022,10,Oct,Friday,finalized,recovered,NWS Tallahassee SRFTAE recovered Bay flag via IEM
2022-10-08,Yellow,False,Yellow,2.0,False,False,1,11:25,11:25,Yellow,Yellow,2022,10,Oct,Saturday,finalized,recovered,NWS Tallahassee SRFTAE recovered Bay flag via IEM
2022-10-09,Yellow,False,Yellow,2.0,False,False,1,11:18,11:18,Yellow,Yellow,2022,10,Oct,Sunday,finalized,recovered,NWS Tallahassee SRFTAE recovered Bay flag via IEM
2022-10-10,Yellow,False,Yellow,2.0,False,False,1,11:18,11:18,Yellow,Yellow,2022,10,Oct,Monday,finalized,recovered,NWS Tallahassee SRFTAE recovered Bay flag via IEM
2022-10-11,Yellow,False,Yellow,2.0,False,False,1,10:18,10:18,Yellow,Yellow,2022,10,Oct,Tuesday,finalized,recovered,NWS Tallahassee SRFTAE recovered Bay flag via IEM
2022-10-12,Yellow,False,Yellow,2.0,False,False,1,11:22,11:22,Yellow,Yellow,2022,10,Oct,Wednesday,finalized,recovered,NWS Tallahassee SRFTAE recovered Bay flag via IEM
2022-10-13,Single Red,False,Single Red,3.0,False,False,1,10:31,10:31,Single Red,Single Red,2022,10,Oct,Thursday,finalized,recovered,NWS Tallahassee SRFTAE recovered Bay flag via IEM
2022-10-14,Single Red,False,Single Red,3.0,False,False,1,10:19,10:19,Single Red,Single Red,2022,10,Oct,Friday,finalized,recovered,NWS Tallahassee SRFTAE recovered Bay flag via IEM
2022-10-15,Single Red,False,Single Red,3.0,False,False,1,10:49,10:49,Single Red,Single Red,2022,10,Oct,Saturday,finalized,recovered,NWS Tallahassee SRFTAE recovered Bay flag via IEM
2022-10-16,Yellow,False,Yellow,2.0,False,False,1,10:31,10:31,Yellow,Yellow,2022,10,Oct,Sunday,finalized,recovered,NWS Tallahassee SRFTAE recovered Bay flag via IEM
2022-10-17,Yellow,False,Yellow,2.0,False,False,1,10:18,10:18,Yellow,Yellow,2022,10,Oct,Monday,finalized,recovered,NWS Tallahassee SRFTAE recovered Bay flag via IEM
2022-10-18,Yellow,False,Yellow,2.0,False,False,1,10:28,10:28,Yellow,Yellow,2022,10,Oct,Tuesday,finalized,recovered,NWS Tallahassee SRFTAE recovered Bay flag via IEM
2022-10-19,Yellow,False,Yellow,2.0,False,False,1,10:43,10:43,Yellow,Yellow,2022,10,Oct,Wednesday,finalized,recovered,NWS Tallahassee SRFTAE recovered Bay flag via IEM
2022-10-20,Yellow,False,Yellow,2.0,False,False,1,10:51,10:51,Yellow,Yellow,2022,10,Oct,Thursday,finalized,recovered,NWS Tallahassee SRFTAE recovered Bay flag via IEM
2022-10-21,Yellow,False,Yellow,2.0,False,False,1,11:41,11:41,Yellow,Yellow,2022,10,Oct,Friday,finalized,recovered,NWS Tallahassee SRFTAE recovered Bay flag via IEM
2022-10-22,Yellow,False,Yellow,2.0,False,False,1,11:59,11:59,Yellow,Yellow,2022,10,Oct,Saturday,finalized,recovered,NWS Tallahassee SRFTAE recovered Bay flag via IEM
2022-10-23,Yellow,False,Yellow,2.0,False,False,1,10:27,10:27,Yellow,Yellow,2022,10,Oct,Sunday,finalized,recovered,NWS Tallahassee SRFTAE recovered Bay flag via IEM
2022-10-24,Yellow,False,Yellow,2.0,False,False,1,10:17,10:17,Yellow,Yellow,2022,10,Oct,Monday,finalized,recovered,NWS Tallahassee SRFTAE recovered Bay flag via IEM
2022-10-25,Single Red,False,Single Red,3.0,False,False,1,10:34,10:34,Single Red,Single Red,2022,10,Oct,Tuesday,finalized,recovered,NWS Tallahassee SRFTAE recovered Bay flag via IEM
2022-10-26,Single Red,False,Single Red,3.0,False,False,1,10:26,10:26,Single Red,Single Red,2022,10,Oct,Wednesday,finalized,recovered,NWS Tallahassee SRFTAE recovered Bay flag via IEM
2022-10-27,Single Red,False,Single Red,3.0,False,False,1,10:37,10:37,Single Red,Single Red,2022,10,Oct,Thursday,finalized,recovered,NWS Tallahassee SRFTAE recovered Bay flag via IEM
2022-10-28,Yellow,False,Yellow,2.0,False,False,1,11:04,11:04,Yellow,Yellow,2022,10,Oct,Friday,finalized,recovered,NWS Tallahassee SRFTAE recovered Bay flag via IEM
2022-10-29,Yellow,False,Yellow,2.0,False,False,1,11:09,11:09,Yellow,Yellow,2022,10,Oct,Saturday,finalized,recovered,NWS Tallahassee SRFTAE recovered Bay flag via IEM
2022-10-30,Yellow,False,Yellow,2.0,False,False,1,10:50,10:50,Yellow,Yellow,2022,10,Oct,Sunday,finalized,recovered,NWS Tallahassee SRFTAE recovered Bay flag via IEM
2022-10-31,Yellow,False,Yellow,2.0,False,False,1,10:57,10:57,Yellow,Yellow,2022,10,Oct,Monday,finalized,recovered,NWS Tallahassee SRFTAE recovered Bay flag via IEM
2022-11-01,Yellow,False,Yellow,2.0,False,False,1,10:17,10:17,Yellow,Yellow,2022,11,Nov,Tuesday,finalized,recovered,NWS Tallahassee SRFTAE recovered Bay flag via IEM
2022-11-02,Yellow,False,Yellow,2.0,False,False,1,10:21,10:21,Yellow,Yellow,2022,11,Nov,Wednesday,finalized,recovered,NWS Tallahassee SRFTAE recovered Bay flag via IEM
2022-11-03,Yellow,False,Yellow,2.0,False,False,1,10:30,10:30,Yellow,Yellow,2022,11,Nov,Thursday,finalized,recovered,NWS Tallahassee SRFTAE recovered Bay flag via IEM
2022-11-04,Yellow,False,Yellow,2.0,False,False,1,10:24,10:24,Yellow,Yellow,2022,11,Nov,Friday,finalized,recovered,NWS Tallahassee SRFTAE recovered Bay flag via IEM
2022-11-05,Yellow,False,Yellow,2.0,False,False,1,10:35,10:35,Yellow,Yellow,2022,11,Nov,Saturday,finalized,recovered,NWS Tallahassee SRFTAE recovered Bay flag via IEM
2022-11-06,Yellow,False,Yellow,2.0,False,False,1,10:57,10:57,Yellow,Yellow,2022,11,Nov,Sunday,finalized,recovered,NWS Tallahassee SRFTAE recovered Bay flag via IEM
2022-11-07,Yellow,False,Yellow,2.0,False,False,1,10:19,10:19,Yellow,Yellow,2022,11,Nov,Monday,finalized,recovered,NWS Tallahassee SRFTAE recovered Bay flag via IEM
2022-11-08,Yellow,False,Yellow,2.0,False,False,1,10:17,10:17,Yellow,Yellow,2022,11,Nov,Tuesday,finalized,recovered,NWS Tallahassee SRFTAE recovered Bay flag via IEM
2022-11-09,Yellow,False,Yellow,2.0,False,False,1,11:11,11:11,Yellow,Yellow,2022,11,Nov,Wednesday,finalized,recovered,NWS Tallahassee SRFTAE recovered Bay flag via IEM
2022-11-10,Yellow,False,Yellow,2.0,False,False,1,10:52,10:52,Yellow,Yellow,2022,11,Nov,Thursday,finalized,recovered,NWS Tallahassee SRFTAE recovered Bay flag via IEM
2022-11-11,Double Red,False,Double Red,4.0,False,False,1,10:54,10:54,Double Red,Double Red,2022,11,Nov,Friday,finalized,recovered,NWS Tallahassee SRFTAE recovered Bay flag via IEM
2022-11-12,Single Red,False,Single Red,3.0,False,False,1,10:37,10:37,Single Red,Single Red,2022,11,Nov,Saturday,finalized,recovered,NWS Tallahassee SRFTAE recovered Bay flag via IEM
2022-11-13,Single Red,False,Single Red,3.0,False,False,1,10:20,10:20,Single Red,Single Red,2022,11,Nov,Sunday,finalized,recovered,NWS Tallahassee SRFTAE recovered Bay flag via IEM
2022-11-15,Single Red,False,Single Red,3.0,False,False,1,10:24,10:24,Single Red,Single Red,2022,11,Nov,Tuesday,finalized,recovered,NWS Tallahassee SRFTAE recovered Bay flag via IEM
2022-11-16,Single Red,False,Single Red,3.0,False,False,1,10:39,10:39,Single Red,Single Red,2022,11,Nov,Wednesday,finalized,recovered,NWS Tallahassee SRFTAE recovered Bay flag via IEM
2022-11-17,Yellow,False,Yellow,2.0,False,False,1,10:57,10:57,Yellow,Yellow,2022,11,Nov,Thursday,finalized,recovered,NWS Tallahassee SRFTAE recovered Bay flag via IEM
2022-11-18,Yellow,False,Yellow,2.0,False,False,1,10:55,10:55,Yellow,Yellow,2022,11,Nov,Friday,finalized,recovered,NWS Tallahassee SRFTAE recovered Bay flag via IEM
2022-11-19,Yellow,False,Yellow,2.0,False,False,1,10:43,10:43,Yellow,Yellow,2022,11,Nov,Saturday,finalized,recovered,NWS Tallahassee SRFTAE recovered Bay flag via IEM
2022-11-20,Yellow,False,Yellow,2.0,False,False,1,11:06,11:06,Yellow,Yellow,2022,11,Nov,Sunday,finalized,recovered,NWS Tallahassee SRFTAE recovered Bay flag via IEM
2022-11-21,Yellow,False,Yellow,2.0,False,False,1,10:16,10:16,Yellow,Yellow,2022,11,Nov,Monday,finalized,recovered,NWS Tallahassee SRFTAE recovered Bay flag via IEM
2022-11-22,Yellow,False,Yellow,2.0,False,False,1,13:04,13:04,Yellow,Yellow,2022,11,Nov,Tuesday,finalized,recovered,NWS Tallahassee SRFTAE recovered Bay flag via IEM
2022-11-23,Yellow,False,Yellow,2.0,False,False,1,10:57,10:57,Yellow,Yellow,2022,11,Nov,Wednesday,finalized,recovered,NWS Tallahassee SRFTAE recovered Bay flag via IEM
2022-11-24,Yellow,False,Yellow,2.0,False,False,1,10:32,10:32,Yellow,Yellow,2022,11,Nov,Thursday,finalized,recovered,NWS Tallahassee SRFTAE recovered Bay flag via IEM
2022-11-25,Yellow,False,Yellow,2.0,False,False,1,10:31,10:31,Yellow,Yellow,2022,11,Nov,Friday,finalized,recovered,NWS Tallahassee SRFTAE recovered Bay flag via IEM
2022-11-26,Yellow,False,Yellow,2.0,False,False,1,10:54,10:54,Yellow,Yellow,2022,11,Nov,Saturday,finalized,recovered,NWS Tallahassee SRFTAE recovered Bay flag via IEM
2022-11-27,Double Red,False,Double Red,4.0,False,False,1,09:31,09:31,Double Red,Double Red,2022,11,Nov,Sunday,finalized,recovered,NWS Tallahassee SRFTAE recovered Bay flag via IEM
2022-11-28,Double Red,False,Double Red,4.0,False,False,1,10:40,10:40,Double Red,Double Red,2022,11,Nov,Monday,finalized,recovered,NWS Tallahassee SRFTAE recovered Bay flag via IEM
2022-11-29,Single Red,False,Single Red,3.0,False,False,1,10:19,10:19,Single Red,Single Red,2022,11,Nov,Tuesday,finalized,recovered,NWS Tallahassee SRFTAE recovered Bay flag via IEM
2022-11-30,Single Red,False,Single Red,3.0,False,False,1,10:46,10:46,Single Red,Single Red,2022,11,Nov,Wednesday,finalized,recovered,NWS Tallahassee SRFTAE recovered Bay flag via IEM
2022-12-01,Yellow,False,Yellow,2.0,False,False,1,10:28,10:28,Yellow,Yellow,2022,12,Dec,Thursday,finalized,recovered,NWS Tallahassee SRFTAE recovered Bay flag via IEM
2022-12-02,Yellow,False,Yellow,2.0,False,False,1,11:18,11:18,Yellow,Yellow,2022,12,Dec,Friday,finalized,recovered,NWS Tallahassee SRFTAE recovered Bay flag via IEM
2022-12-03,Yellow,False,Yellow,2.0,False,False,1,10:52,10:52,Yellow,Yellow,2022,12,Dec,Saturday,finalized,recovered,NWS Tallahassee SRFTAE recovered Bay flag via IEM
2022-12-04,Yellow,False,Yellow,2.0,False,False,1,11:23,11:23,Yellow,Yellow,2022,12,Dec,Sunday,finalized,recovered,NWS Tallahassee SRFTAE recovered Bay flag via IEM
2022-12-05,Yellow,False,Yellow,2.0,False,False,1,12:25,12:25,Yellow,Yellow,2022,12,Dec,Monday,finalized,recovered,NWS Tallahassee SRFTAE recovered Bay flag via IEM
2022-12-06,Yellow,False,Yellow,2.0,False,False,1,10:43,10:43,Yellow,Yellow,2022,12,Dec,Tuesday,finalized,recovered,NWS Tallahassee SRFTAE recovered Bay flag via IEM
2022-12-07,Yellow,False,Yellow,2.0,False,False,1,10:37,10:37,Yellow,Yellow,2022,12,Dec,Wednesday,finalized,recovered,NWS Tallahassee SRFTAE recovered Bay flag via IEM
2022-12-08,Yellow,False,Yellow,2.0,False,False,1,10:50,10:50,Yellow,Yellow,2022,12,Dec,Thursday,finalized,recovered,NWS Tallahassee SRFTAE recovered Bay flag via IEM
2022-12-09,Yellow,False,Yellow,2.0,False,False,1,10:17,10:17,Yellow,Yellow,2022,12,Dec,Friday,finalized,recovered,NWS Tallahassee SRFTAE recovered Bay flag via IEM
2022-12-10,Yellow,False,Yellow,2.0,False,False,1,10:19,10:19,Yellow,Yellow,2022,12,Dec,Saturday,finalized,recovered,NWS Tallahassee SRFTAE recovered Bay flag via IEM
2022-12-11,Yellow,False,Yellow,2.0,False,False,1,10:34,10:34,Yellow,Yellow,2022,12,Dec,Sunday,finalized,recovered,NWS Tallahassee SRFTAE recovered Bay flag via IEM
2022-12-12,Yellow,False,Yellow,2.0,False,False,1,10:20,10:20,Yellow,Yellow,2022,12,Dec,Monday,finalized,recovered,NWS Tallahassee SRFTAE recovered Bay flag via IEM
2022-12-13,Yellow,False,Yellow,2.0,False,False,1,11:41,11:41,Yellow,Yellow,2022,12,Dec,Tuesday,finalized,recovered,NWS Tallahassee SRFTAE recovered Bay flag via IEM
2022-12-14,Single Red,False,Single Red,3.0,False,False,1,12:17,12:17,Single Red,Single Red,2022,12,Dec,Wednesday,finalized,recovered,NWS Tallahassee SRFTAE recovered Bay flag via IEM
2022-12-15,Single Red,False,Single Red,3.0,False,False,1,11:45,11:45,Single Red,Single Red,2022,12,Dec,Thursday,finalized,recovered,NWS Tallahassee SRFTAE recovered Bay flag via IEM
2022-12-16,Single Red,False,Single Red,3.0,False,False,1,11:00,11:00,Single Red,Single Red,2022,12,Dec,Friday,finalized,recovered,NWS Tallahassee SRFTAE recovered Bay flag via IEM
2022-12-17,Yellow,False,Yellow,2.0,False,False,1,10:24,10:24,Yellow,Yellow,2022,12,Dec,Saturday,finalized,recovered,NWS Tallahassee SRFTAE recovered Bay flag via IEM
2022-12-18,Yellow,False,Yellow,2.0,False,False,1,10:52,10:52,Yellow,Yellow,2022,12,Dec,Sunday,finalized,recovered,NWS Tallahassee SRFTAE recovered Bay flag via IEM
2022-12-19,Yellow,False,Yellow,2.0,False,False,1,12:29,12:29,Yellow,Yellow,2022,12,Dec,Monday,finalized,recovered,NWS Tallahassee SRFTAE recovered Bay flag via IEM
2022-12-24,Single Red,False,Single Red,3.0,False,False,1,11:49,11:49,Single Red,Single Red,2022,12,Dec,Saturday,finalized,recovered,NWS Tallahassee SRFTAE recovered Bay flag via IEM
2022-12-26,Single Red,False,Single Red,3.0,False,False,1,11:43,11:43,Single Red,Single Red,2022,12,Dec,Monday,finalized,recovered,NWS Tallahassee SRFTAE recovered Bay flag via IEM
2022-12-27,Yellow,False,Yellow,2.0,False,False,1,11:01,11:01,Yellow,Yellow,2022,12,Dec,Tuesday,finalized,recovered,NWS Tallahassee SRFTAE recovered Bay flag via IEM
2022-12-28,Yellow,False,Yellow,2.0,False,False,1,10:29,10:29,Yellow,Yellow,2022,12,Dec,Wednesday,finalized,recovered,NWS Tallahassee SRFTAE recovered Bay flag via IEM
2022-12-29,Single Red,False,Single Red,3.0,False,False,1,10:33,10:33,Single Red,Single Red,2022,12,Dec,Thursday,finalized,recovered,NWS Tallahassee SRFTAE recovered Bay flag via IEM
2022-12-30,Single Red,False,Single Red,3.0,False,False,1,12:01,12:01,Single Red,Single Red,2022,12,Dec,Friday,finalized,recovered,NWS Tallahassee SRFTAE recovered Bay flag via IEM
2022-12-31,Single Red,False,Single Red,3.0,False,False,1,10:58,10:58,Single Red,Single Red,2022,12,Dec,Saturday,finalized,recovered,NWS Tallahassee SRFTAE recovered Bay flag via IEM
2023-01-01,Single Red,False,Single Red,3.0,False,False,1,11:04,11:04,Single Red,Single Red,2023,1,Jan,Sunday,finalized,recovered,NWS Tallahassee SRFTAE recovered Bay flag via IEM
2023-01-02,Single Red,False,Single Red,3.0,False,False,1,10:22,10:22,Single Red,Single Red,2023,1,Jan,Monday,finalized,recovered,NWS Tallahassee SRFTAE recovered Bay flag via IEM
2023-01-03,Single Red,False,Single Red,3.0,False,False,1,10:19,10:19,Single Red,Single Red,2023,1,Jan,Tuesday,finalized,recovered,NWS Tallahassee SRFTAE recovered Bay flag via IEM
2023-01-04,Single Red,False,Single Red,3.0,False,False,1,10:32,10:32,Single Red,Single Red,2023,1,Jan,Wednesday,finalized,recovered,NWS Tallahassee SRFTAE recovered Bay flag via IEM
2023-01-05,Single Red,False,Single Red,3.0,False,False,1,11:00,11:00,Single Red,Single Red,2023,1,Jan,Thursday,finalized,recovered,NWS Tallahassee SRFTAE recovered Bay flag via IEM
2023-01-06,Yellow,False,Yellow,2.0,False,False,1,10:54,10:54,Yellow,Yellow,2023,1,Jan,Friday,finalized,recovered,NWS Tallahassee SRFTAE recovered Bay flag via IEM
2023-01-07,Yellow,False,Yellow,2.0,False,False,1,11:06,11:06,Yellow,Yellow,2023,1,Jan,Saturday,finalized,recovered,NWS Tallahassee SRFTAE recovered Bay flag via IEM
2023-01-08,Yellow,False,Yellow,2.0,False,False,1,10:27,10:27,Yellow,Yellow,2023,1,Jan,Sunday,finalized,recovered,NWS Tallahassee SRFTAE recovered Bay flag via IEM
2023-01-09,Yellow,False,Yellow,2.0,False,False,1,10:46,10:46,Yellow,Yellow,2023,1,Jan,Monday,finalized,recovered,NWS Tallahassee SRFTAE recovered Bay flag via IEM
2023-01-10,Yellow,False,Yellow,2.0,False,False,1,10:32,10:32,Yellow,Yellow,2023,1,Jan,Tuesday,finalized,recovered,NWS Tallahassee SRFTAE recovered Bay flag via IEM
2023-01-11,Yellow,False,Yellow,2.0,False,False,1,10:37,10:37,Yellow,Yellow,2023,1,Jan,Wednesday,finalized,recovered,NWS Tallahassee SRFTAE recovered Bay flag via IEM
2023-01-12,Single Red,False,Single Red,3.0,False,False,1,10:44,10:44,Single Red,Single Red,2023,1,Jan,Thursday,finalized,recovered,NWS Tallahassee SRFTAE recovered Bay flag via IEM
2023-01-13,Double Red,False,Double Red,4.0,False,False,1,11:30,11:30,Double Red,Double Red,2023,1,Jan,Friday,finalized,recovered,NWS Tallahassee SRFTAE recovered Bay flag via IEM
2023-01-14,Double Red,False,Double Red,4.0,False,False,1,11:09,11:09,Double Red,Double Red,2023,1,Jan,Saturday,finalized,recovered,NWS Tallahassee SRFTAE recovered Bay flag via IEM
2023-01-16,Yellow,False,Yellow,2.0,False,False,1,10:15,10:15,Yellow,Yellow,2023,1,Jan,Monday,finalized,recovered,NWS Tallahassee SRFTAE recovered Bay flag via IEM
2023-01-17,Single Red,False,Single Red,3.0,False,False,1,11:21,11:21,Single Red,Single Red,2023,1,Jan,Tuesday,finalized,recovered,NWS Tallahassee SRFTAE recovered Bay flag via IEM
2023-01-18,Yellow,False,Yellow,2.0,False,False,1,10:41,10:41,Yellow,Yellow,2023,1,Jan,Wednesday,finalized,recovered,NWS Tallahassee SRFTAE recovered Bay flag via IEM
2023-01-19,Single Red,False,Single Red,3.0,False,False,1,10:36,10:36,Single Red,Single Red,2023,1,Jan,Thursday,finalized,recovered,NWS Tallahassee SRFTAE recovered Bay flag via IEM
2023-01-20,Single Red,False,Single Red,3.0,False,False,1,10:21,10:21,Single Red,Single Red,2023,1,Jan,Friday,finalized,recovered,NWS Tallahassee SRFTAE recovered Bay flag via IEM
2023-01-21,Single Red,False,Single Red,3.0,False,False,1,10:42,10:42,Single Red,Single Red,2023,1,Jan,Saturday,finalized,recovered,NWS Tallahassee SRFTAE recovered Bay flag via IEM
2023-01-22,Single Red,False,Single Red,3.0,False,False,1,12:28,12:28,Single Red,Single Red,2023,1,Jan,Sunday,finalized,recovered,NWS Tallahassee SRFTAE recovered Bay flag via IEM
2023-01-23,Single Red,False,Single Red,3.0,False,False,1,10:18,10:18,Single Red,Single Red,2023,1,Jan,Monday,finalized,recovered,NWS Tallahassee SRFTAE recovered Bay flag via IEM
2023-01-24,Single Red,False,Single Red,3.0,False,False,1,11:41,11:41,Single Red,Single Red,2023,1,Jan,Tuesday,finalized,recovered,NWS Tallahassee SRFTAE recovered Bay flag via IEM
2023-01-25,Single Red,False,Single Red,3.0,False,False,1,11:56,11:56,Single Red,Single Red,2023,1,Jan,Wednesday,finalized,recovered,NWS Tallahassee SRFTAE recovered Bay flag via IEM
2023-01-26,Single Red,False,Single Red,3.0,False,False,1,12:06,12:06,Single Red,Single Red,2023,1,Jan,Thursday,finalized,recovered,NWS Tallahassee SRFTAE recovered Bay flag via IEM
2023-01-27,Yellow,False,Yellow,2.0,False,False,1,10:57,10:57,Yellow,Yellow,2023,1,Jan,Friday,finalized,recovered,NWS Tallahassee SRFTAE recovered Bay flag via IEM
2023-01-28,Yellow,False,Yellow,2.0,False,False,1,10:38,10:38,Yellow,Yellow,2023,1,Jan,Saturday,finalized,recovered,NWS Tallahassee SRFTAE recovered Bay flag via IEM
2023-01-30,Single Red,False,Single Red,3.0,False,False,1,10:34,10:34,Single Red,Single Red,2023,1,Jan,Monday,finalized,recovered,NWS Tallahassee SRFTAE recovered Bay flag via IEM
2023-01-31,Yellow,False,Yellow,2.0,False,False,1,10:28,10:28,Yellow,Yellow,2023,1,Jan,Tuesday,finalized,recovered,NWS Tallahassee SRFTAE recovered Bay flag via IEM
2023-02-01,Yellow,False,Yellow,2.0,False,False,1,10:33,10:33,Yellow,Yellow,2023,2,Feb,Wednesday,finalized,recovered,NWS Tallahassee SRFTAE recovered Bay flag via IEM
2023-02-02,Yellow,False,Yellow,2.0,False,False,1,10:32,10:32,Yellow,Yellow,2023,2,Feb,Thursday,finalized,recovered,NWS Tallahassee SRFTAE recovered Bay flag via IEM
2023-02-03,Yellow,False,Yellow,2.0,False,False,1,10:27,10:27,Yellow,Yellow,2023,2,Feb,Friday,finalized,recovered,NWS Tallahassee SRFTAE recovered Bay flag via IEM
2023-02-04,Yellow,False,Yellow,2.0,False,False,1,08:48,08:48,Yellow,Yellow,2023,2,Feb,Saturday,finalized,recovered,NWS Tallahassee SRFTAE recovered Bay flag via IEM
2023-02-05,Yellow,False,Yellow,2.0,False,False,1,10:53,10:53,Yellow,Yellow,2023,2,Feb,Sunday,finalized,recovered,NWS Tallahassee SRFTAE recovered Bay flag via IEM
2023-02-06,Yellow,False,Yellow,2.0,False,False,1,10:46,10:46,Yellow,Yellow,2023,2,Feb,Monday,finalized,recovered,NWS Tallahassee SRFTAE recovered Bay flag via IEM
2023-02-07,Yellow,False,Yellow,2.0,False,False,1,11:00,11:00,Yellow,Yellow,2023,2,Feb,Tuesday,finalized,recovered,NWS Tallahassee SRFTAE recovered Bay flag via IEM
2023-02-08,Single Red,False,Single Red,3.0,False,False,1,11:16,11:16,Single Red,Single Red,2023,2,Feb,Wednesday,finalized,recovered,NWS Tallahassee SRFTAE recovered Bay flag via IEM
2023-02-09,Single Red,False,Single Red,3.0,False,False,1,10:36,10:36,Single Red,Single Red,2023,2,Feb,Thursday,finalized,recovered,NWS Tallahassee SRFTAE recovered Bay flag via IEM
2023-02-10,Single Red,False,Single Red,3.0,False,False,1,11:12,11:12,Single Red,Single Red,2023,2,Feb,Friday,finalized,recovered,NWS Tallahassee SRFTAE recovered Bay flag via IEM
2023-02-11,Single Red,False,Single Red,3.0,False,False,1,10:39,10:39,Single Red,Single Red,2023,2,Feb,Saturday,finalized,recovered,NWS Tallahassee SRFTAE recovered Bay flag via IEM
2023-02-13,Single Red,False,Single Red,3.0,False,False,1,11:28,11:28,Single Red,Single Red,2023,2,Feb,Monday,finalized,recovered,NWS Tallahassee SRFTAE recovered Bay flag via IEM
2023-02-14,Single Red,False,Single Red,3.0,False,False,1,10:41,10:41,Single Red,Single Red,2023,2,Feb,Tuesday,finalized,recovered,NWS Tallahassee SRFTAE recovered Bay flag via IEM
2023-02-15,Single Red,False,Single Red,3.0,False,False,1,10:24,10:24,Single Red,Single Red,2023,2,Feb,Wednesday,finalized,recovered,NWS Tallahassee SRFTAE recovered Bay flag via IEM
2023-02-16,Single Red,False,Single Red,3.0,False,False,1,10:23,10:23,Single Red,Single Red,2023,2,Feb,Thursday,finalized,recovered,NWS Tallahassee SRFTAE recovered Bay flag via IEM
2023-02-17,Single Red,False,Single Red,3.0,False,False,1,10:34,10:34,Single Red,Single Red,2023,2,Feb,Friday,finalized,recovered,NWS Tallahassee SRFTAE recovered Bay flag via IEM
2023-02-18,Yellow,False,Yellow,2.0,False,False,1,11:14,11:14,Yellow,Yellow,2023,2,Feb,Saturday,finalized,recovered,NWS Tallahassee SRFTAE recovered Bay flag via IEM
2023-02-19,Yellow,False,Yellow,2.0,False,False,1,11:05,11:05,Yellow,Yellow,2023,2,Feb,Sunday,finalized,recovered,NWS Tallahassee SRFTAE recovered Bay flag via IEM
2023-02-20,Yellow,False,Yellow,2.0,False,False,1,11:22,11:22,Yellow,Yellow,2023,2,Feb,Monday,finalized,recovered,NWS Tallahassee SRFTAE recovered Bay flag via IEM
2023-02-21,Single Red,False,Single Red,3.0,False,False,1,10:37,10:37,Single Red,Single Red,2023,2,Feb,Tuesday,finalized,recovered,NWS Tallahassee SRFTAE recovered Bay flag via IEM
2023-02-22,Single Red,False,Single Red,3.0,False,False,1,10:54,10:54,Single Red,Single Red,2023,2,Feb,Wednesday,finalized,recovered,NWS Tallahassee SRFTAE recovered Bay flag via IEM
2023-02-23,Double Red,False,Double Red,4.0,False,False,1,11:06,11:06,Double Red,Double Red,2023,2,Feb,Thursday,finalized,recovered,NWS Tallahassee SRFTAE recovered Bay flag via IEM
2023-02-24,Single Red,False,Single Red,3.0,False,False,1,10:35,10:35,Single Red,Single Red,2023,2,Feb,Friday,finalized,recovered,NWS Tallahassee SRFTAE recovered Bay flag via IEM
2023-02-25,Single Red,False,Single Red,3.0,False,False,1,10:21,10:21,Single Red,Single Red,2023,2,Feb,Saturday,finalized,recovered,NWS Tallahassee SRFTAE recovered Bay flag via IEM
2023-02-26,Single Red,False,Single Red,3.0,False,False,1,10:31,10:31,Single Red,Single Red,2023,2,Feb,Sunday,finalized,recovered,NWS Tallahassee SRFTAE recovered Bay flag via IEM
2023-02-27,Single Red,False,Single Red,3.0,False,False,1,10:42,10:42,Single Red,Single Red,2023,2,Feb,Monday,finalized,recovered,NWS Tallahassee SRFTAE recovered Bay flag via IEM
2023-02-28,Single Red,False,Single Red,3.0,False,False,1,13:18,13:18,Single Red,Single Red,2023,2,Feb,Tuesday,finalized,recovered,NWS Tallahassee SRFTAE recovered Bay flag via IEM
2023-03-01,Single Red,False,Single Red,3.0,False,False,1,10:39,10:39,Single Red,Single Red,2023,3,Mar,Wednesday,finalized,recovered,NWS Tallahassee SRFTAE recovered Bay flag via IEM
2023-03-02,Single Red,False,Single Red,3.0,False,False,1,12:19,12:19,Single Red,Single Red,2023,3,Mar,Thursday,finalized,recovered,NWS Tallahassee SRFTAE recovered Bay flag via IEM
2023-03-03,Double Red,False,Double Red,4.0,False,False,1,11:07,11:07,Double Red,Double Red,2023,3,Mar,Friday,finalized,recovered,NWS Tallahassee SRFTAE recovered Bay flag via IEM
2023-03-04,Double Red,False,Double Red,4.0,False,False,1,11:03,11:03,Double Red,Double Red,2023,3,Mar,Saturday,finalized,recovered,NWS Tallahassee SRFTAE recovered Bay flag via IEM
2023-03-05,Single Red,False,Single Red,3.0,False,False,1,10:34,10:34,Single Red,Single Red,2023,3,Mar,Sunday,finalized,recovered,NWS Tallahassee SRFTAE recovered Bay flag via IEM
2023-03-06,Single Red,False,Single Red,3.0,False,False,1,10:19,10:19,Single Red,Single Red,2023,3,Mar,Monday,finalized,recovered,NWS Tallahassee SRFTAE recovered Bay flag via IEM
2023-03-07,Yellow,False,Yellow,2.0,False,False,1,10:23,10:23,Yellow,Yellow,2023,3,Mar,Tuesday,finalized,recovered,NWS Tallahassee SRFTAE recovered Bay flag via IEM
2023-03-08,Yellow,False,Yellow,2.0,False,False,1,10:53,10:53,Yellow,Yellow,2023,3,Mar,Wednesday,finalized,recovered,NWS Tallahassee SRFTAE recovered Bay flag via IEM
2023-03-09,Yellow,False,Yellow,2.0,False,False,1,11:01,11:01,Yellow,Yellow,2023,3,Mar,Thursday,finalized,recovered,NWS Tallahassee SRFTAE recovered Bay flag via IEM
2023-03-10,Yellow,False,Yellow,2.0,False,False,1,10:32,10:32,Yellow,Yellow,2023,3,Mar,Friday,finalized,recovered,NWS Tallahassee SRFTAE recovered Bay flag via IEM
2023-03-11,Yellow,False,Yellow,2.0,False,False,1,12:30,12:30,Yellow,Yellow,2023,3,Mar,Saturday,finalized,recovered,NWS Tallahassee SRFTAE recovered Bay flag via IEM
2023-03-12,Double Red,False,Double Red,4.0,False,False,2,10:53,11:51,Double Red,Double Red,2023,3,Mar,Sunday,finalized,recovered,NWS Tallahassee SRFTAE recovered Bay flag via IEM
2023-03-13,Single Red,False,Single Red,3.0,False,False,1,10:25,10:25,Single Red,Single Red,2023,3,Mar,Monday,finalized,recovered,NWS Tallahassee SRFTAE recovered Bay flag via IEM
2023-03-14,Yellow,False,Yellow,2.0,False,False,1,12:02,12:02,Yellow,Yellow,2023,3,Mar,Tuesday,finalized,recovered,NWS Tallahassee SRFTAE recovered Bay flag via IEM
2023-03-15,Yellow,False,Yellow,2.0,False,False,1,10:37,10:37,Yellow,Yellow,2023,3,Mar,Wednesday,finalized,recovered,NWS Tallahassee SRFTAE recovered Bay flag via IEM
2023-03-16,Single Red,False,Single Red,3.0,False,False,1,11:43,11:43,Single Red,Single Red,2023,3,Mar,Thursday,finalized,recovered,NWS Tallahassee SRFTAE recovered Bay flag via IEM
2023-03-17,Double Red,False,Double Red,4.0,False,False,1,10:20,10:20,Double Red,Double Red,2023,3,Mar,Friday,finalized,recovered,NWS Tallahassee SRFTAE recovered Bay flag via IEM
2023-03-18,Single Red,False,Single Red,3.0,False,False,1,11:14,11:14,Single Red,Single Red,2023,3,Mar,Saturday,finalized,recovered,NWS Tallahassee SRFTAE recovered Bay flag via IEM
2023-03-19,Yellow,False,Yellow,2.0,False,False,1,11:03,11:03,Yellow,Yellow,2023,3,Mar,Sunday,finalized,recovered,NWS Tallahassee SRFTAE recovered Bay flag via IEM
2023-03-20,Yellow,False,Yellow,2.0,False,False,1,10:55,10:55,Yellow,Yellow,2023,3,Mar,Monday,finalized,recovered,NWS Tallahassee SRFTAE recovered Bay flag via IEM
2023-03-21,Yellow,False,Yellow,2.0,False,False,1,12:21,12:21,Yellow,Yellow,2023,3,Mar,Tuesday,finalized,recovered,NWS Tallahassee SRFTAE recovered Bay flag via IEM
2023-03-22,Yellow,False,Yellow,2.0,False,False,1,10:41,10:41,Yellow,Yellow,2023,3,Mar,Wednesday,finalized,recovered,NWS Tallahassee SRFTAE recovered Bay flag via IEM
2023-03-23,Yellow,False,Yellow,2.0,False,False,1,11:01,11:01,Yellow,Yellow,2023,3,Mar,Thursday,finalized,recovered,NWS Tallahassee SRFTAE recovered Bay flag via IEM
2023-03-24,Single Red,False,Single Red,3.0,False,False,1,11:37,11:37,Single Red,Single Red,2023,3,Mar,Friday,finalized,recovered,NWS Tallahassee SRFTAE recovered Bay flag via IEM
2023-03-25,Single Red,False,Single Red,3.0,False,False,1,10:47,10:47,Single Red,Single Red,2023,3,Mar,Saturday,finalized,recovered,NWS Tallahassee SRFTAE recovered Bay flag via IEM
2023-03-26,Single Red,False,Single Red,3.0,False,False,1,10:40,10:40,Single Red,Single Red,2023,3,Mar,Sunday,finalized,recovered,NWS Tallahassee SRFTAE recovered Bay flag via IEM
2023-03-27,Single Red,False,Single Red,3.0,False,False,1,10:39,10:39,Single Red,Single Red,2023,3,Mar,Monday,finalized,recovered,NWS Tallahassee SRFTAE recovered Bay flag via IEM
2023-03-28,Single Red,False,Single Red,3.0,False,False,1,10:28,10:28,Single Red,Single Red,2023,3,Mar,Tuesday,finalized,recovered,NWS Tallahassee SRFTAE recovered Bay flag via IEM
2023-03-29,Single Red,False,Single Red,3.0,False,False,1,11:30,11:30,Single Red,Single Red,2023,3,Mar,Wednesday,finalized,recovered,NWS Tallahassee SRFTAE recovered Bay flag via IEM
2023-03-30,Yellow,False,Yellow,2.0,False,False,1,11:05,11:05,Yellow,Yellow,2023,3,Mar,Thursday,finalized,recovered,NWS Tallahassee SRFTAE recovered Bay flag via IEM
2023-03-31,Single Red,False,Single Red,3.0,False,False,1,11:48,11:48,Single Red,Single Red,2023,3,Mar,Friday,finalized,recovered,NWS Tallahassee SRFTAE recovered Bay flag via IEM
2023-04-01,Single Red,False,Single Red,3.0,False,False,1,10:59,10:59,Single Red,Single Red,2023,4,Apr,Saturday,finalized,recovered,NWS Tallahassee SRFTAE recovered Bay flag via IEM
2023-04-02,Single Red,False,Single Red,3.0,False,False,1,10:36,10:36,Single Red,Single Red,2023,4,Apr,Sunday,finalized,recovered,NWS Tallahassee SRFTAE recovered Bay flag via IEM
2023-04-03,Single Red,False,Single Red,3.0,False,False,1,10:31,10:31,Single Red,Single Red,2023,4,Apr,Monday,finalized,recovered,NWS Tallahassee SRFTAE recovered Bay flag via IEM
2023-04-04,Single Red,False,Single Red,3.0,False,False,1,10:27,10:27,Single Red,Single Red,2023,4,Apr,Tuesday,finalized,recovered,NWS Tallahassee SRFTAE recovered Bay flag via IEM
2023-04-05,Single Red,False,Single Red,3.0,False,False,1,10:43,10:43,Single Red,Single Red,2023,4,Apr,Wednesday,finalized,recovered,NWS Tallahassee SRFTAE recovered Bay flag via IEM
2023-04-06,Single Red,False,Single Red,3.0,False,False,1,10:46,10:46,Single Red,Single Red,2023,4,Apr,Thursday,finalized,recovered,NWS Tallahassee SRFTAE recovered Bay flag via IEM
2023-04-07,Yellow,False,Yellow,2.0,False,False,1,10:58,10:58,Yellow,Yellow,2023,4,Apr,Friday,finalized,recovered,NWS Tallahassee SRFTAE recovered Bay flag via IEM
2023-04-08,Yellow,False,Yellow,2.0,False,False,1,10:51,10:51,Yellow,Yellow,2023,4,Apr,Saturday,finalized,recovered,NWS Tallahassee SRFTAE recovered Bay flag via IEM
2023-04-09,Yellow,False,Yellow,2.0,False,False,1,10:06,10:06,Yellow,Yellow,2023,4,Apr,Sunday,finalized,recovered,NWS Tallahassee SRFTAE recovered Bay flag via IEM
2023-04-10,Yellow,False,Yellow,2.0,False,False,1,10:29,10:29,Yellow,Yellow,2023,4,Apr,Monday,finalized,recovered,NWS Tallahassee SRFTAE recovered Bay flag via IEM
2023-04-11,Yellow,False,Yellow,2.0,False,False,1,10:26,10:26,Yellow,Yellow,2023,4,Apr,Tuesday,finalized,recovered,NWS Tallahassee SRFTAE recovered Bay flag via IEM
2023-04-12,Single Red,False,Single Red,3.0,False,False,1,11:35,11:35,Single Red,Single Red,2023,4,Apr,Wednesday,finalized,recovered,NWS Tallahassee SRFTAE recovered Bay flag via IEM
2023-04-13,Double Red,False,Double Red,4.0,False,False,1,10:32,10:32,Double Red,Double Red,2023,4,Apr,Thursday,finalized,recovered,NWS Tallahassee SRFTAE recovered Bay flag via IEM
2023-04-14,Single Red,False,Single Red,3.0,False,False,1,10:47,10:47,Single Red,Single Red,2023,4,Apr,Friday,finalized,recovered,NWS Tallahassee SRFTAE recovered Bay flag via IEM
2023-04-15,Yellow,False,Yellow,2.0,False,False,1,11:05,11:05,Yellow,Yellow,2023,4,Apr,Saturday,finalized,recovered,NWS Tallahassee SRFTAE recovered Bay flag via IEM
2023-04-16,Single Red,False,Single Red,3.0,False,False,1,10:32,10:32,Single Red,Single Red,2023,4,Apr,Sunday,finalized,recovered,NWS Tallahassee SRFTAE recovered Bay flag via IEM
2023-04-17,Yellow,False,Yellow,2.0,False,False,1,11:17,11:17,Yellow,Yellow,2023,4,Apr,Monday,finalized,recovered,NWS Tallahassee SRFTAE recovered Bay flag via IEM
2023-04-19,Yellow,False,Yellow,2.0,False,False,1,10:18,10:18,Yellow,Yellow,2023,4,Apr,Wednesday,finalized,recovered,NWS Tallahassee SRFTAE recovered Bay flag via IEM
2023-04-20,Yellow,False,Yellow,2.0,False,False,1,11:09,11:09,Yellow,Yellow,2023,4,Apr,Thursday,finalized,recovered,NWS Tallahassee SRFTAE recovered Bay flag via IEM
2023-04-21,Yellow,False,Yellow,2.0,False,False,1,11:22,11:22,Yellow,Yellow,2023,4,Apr,Friday,finalized,recovered,NWS Tallahassee SRFTAE recovered Bay flag via IEM
2023-04-22,Yellow,False,Yellow,2.0,False,False,1,10:29,10:29,Yellow,Yellow,2023,4,Apr,Saturday,finalized,recovered,NWS Tallahassee SRFTAE recovered Bay flag via IEM
2023-04-23,Yellow,False,Yellow,2.0,False,False,1,11:08,11:08,Yellow,Yellow,2023,4,Apr,Sunday,finalized,recovered,NWS Tallahassee SRFTAE recovered Bay flag via IEM
2023-04-24,Yellow,False,Yellow,2.0,False,False,1,11:19,11:19,Yellow,Yellow,2023,4,Apr,Monday,finalized,recovered,NWS Tallahassee SRFTAE recovered Bay flag via IEM
2023-04-25,Yellow,False,Yellow,2.0,False,False,1,10:19,10:19,Yellow,Yellow,2023,4,Apr,Tuesday,finalized,recovered,NWS Tallahassee SRFTAE recovered Bay flag via IEM
2023-04-26,Yellow,False,Yellow,2.0,False,False,1,10:59,10:59,Yellow,Yellow,2023,4,Apr,Wednesday,finalized,recovered,NWS Tallahassee SRFTAE recovered Bay flag via IEM
2023-04-27,Single Red,False,Single Red,3.0,False,False,1,10:49,10:49,Single Red,Single Red,2023,4,Apr,Thursday,finalized,recovered,NWS Tallahassee SRFTAE recovered Bay flag via IEM
2023-04-28,Double Red,False,Double Red,4.0,False,False,1,11:21,11:21,Double Red,Double Red,2023,4,Apr,Friday,finalized,recovered,NWS Tallahassee SRFTAE recovered Bay flag via IEM
2023-04-29,Double Red,False,Double Red,4.0,False,False,1,12:35,12:35,Double Red,Double Red,2023,4,Apr,Saturday,finalized,recovered,NWS Tallahassee SRFTAE recovered Bay flag via IEM
2023-04-30,Double Red,False,Double Red,4.0,False,False,1,11:09,11:09,Double Red,Double Red,2023,4,Apr,Sunday,finalized,recovered,NWS Tallahassee SRFTAE recovered Bay flag via IEM
2023-05-01,Double Red,False,Double Red,4.0,False,False,1,10:57,10:57,Double Red,Double Red,2023,5,May,Monday,finalized,recovered,NWS Tallahassee SRFTAE recovered Bay flag via IEM
2023-05-03,Yellow,False,Yellow,2.0,False,False,1,13:03,13:03,Yellow,Yellow,2023,5,May,Wednesday,finalized,recovered,NWS Tallahassee SRFTAE recovered Bay flag via IEM
2023-05-04,Yellow,False,Yellow,2.0,False,False,1,10:51,10:51,Yellow,Yellow,2023,5,May,Thursday,finalized,recovered,NWS Tallahassee SRFTAE recovered Bay flag via IEM
2023-05-05,Yellow,False,Yellow,2.0,False,False,1,10:28,10:28,Yellow,Yellow,2023,5,May,Friday,finalized,recovered,NWS Tallahassee SRFTAE recovered Bay flag via IEM
2023-05-06,Yellow,False,Yellow,2.0,False,False,1,10:33,10:33,Yellow,Yellow,2023,5,May,Saturday,finalized,recovered,NWS Tallahassee SRFTAE recovered Bay flag via IEM
2023-05-07,Yellow,False,Yellow,2.0,False,False,1,10:15,10:15,Yellow,Yellow,2023,5,May,Sunday,finalized,recovered,NWS Tallahassee SRFTAE recovered Bay flag via IEM
2023-05-08,Yellow,False,Yellow,2.0,False,False,1,11:03,11:03,Yellow,Yellow,2023,5,May,Monday,finalized,recovered,NWS Tallahassee SRFTAE recovered Bay flag via IEM
2023-05-09,Yellow,False,Yellow,2.0,False,False,1,10:53,10:53,Yellow,Yellow,2023,5,May,Tuesday,finalized,recovered,NWS Tallahassee SRFTAE recovered Bay flag via IEM
2023-05-10,Yellow,False,Yellow,2.0,False,False,1,10:32,10:32,Yellow,Yellow,2023,5,May,Wednesday,finalized,recovered,NWS Tallahassee SRFTAE recovered Bay flag via IEM
2023-05-11,Yellow,False,Yellow,2.0,False,False,1,10:17,10:17,Yellow,Yellow,2023,5,May,Thursday,finalized,recovered,NWS Tallahassee SRFTAE recovered Bay flag via IEM
2023-05-12,Yellow,False,Yellow,2.0,False,False,1,10:29,10:29,Yellow,Yellow,2023,5,May,Friday,finalized,recovered,NWS Tallahassee SRFTAE recovered Bay flag via IEM
2023-05-13,Yellow,False,Yellow,2.0,False,False,1,11:00,11:00,Yellow,Yellow,2023,5,May,Saturday,finalized,recovered,NWS Tallahassee SRFTAE recovered Bay flag via IEM
2023-05-14,Yellow,False,Yellow,2.0,False,False,1,11:26,11:26,Yellow,Yellow,2023,5,May,Sunday,finalized,recovered,NWS Tallahassee SRFTAE recovered Bay flag via IEM
2023-05-15,Yellow,False,Yellow,2.0,False,False,1,10:47,10:47,Yellow,Yellow,2023,5,May,Monday,finalized,recovered,NWS Tallahassee SRFTAE recovered Bay flag via IEM
2023-05-16,Yellow,False,Yellow,2.0,False,False,1,10:27,10:27,Yellow,Yellow,2023,5,May,Tuesday,finalized,recovered,NWS Tallahassee SRFTAE recovered Bay flag via IEM
2023-05-17,Yellow,False,Yellow,2.0,False,False,1,10:50,10:50,Yellow,Yellow,2023,5,May,Wednesday,finalized,recovered,NWS Tallahassee SRFTAE recovered Bay flag via IEM
2023-05-18,Yellow,False,Yellow,2.0,False,False,1,10:59,10:59,Yellow,Yellow,2023,5,May,Thursday,finalized,recovered,NWS Tallahassee SRFTAE recovered Bay flag via IEM
2023-05-19,Yellow,False,Yellow,2.0,False,False,1,10:37,10:37,Yellow,Yellow,2023,5,May,Friday,finalized,recovered,NWS Tallahassee SRFTAE recovered Bay flag via IEM
2023-05-20,Yellow,False,Yellow,2.0,False,False,1,10:16,10:16,Yellow,Yellow,2023,5,May,Saturday,finalized,recovered,NWS Tallahassee SRFTAE recovered Bay flag via IEM
2023-05-21,Yellow,False,Yellow,2.0,False,False,1,10:03,10:03,Yellow,Yellow,2023,5,May,Sunday,finalized,recovered,NWS Tallahassee SRFTAE recovered Bay flag via IEM
2023-05-22,Yellow,False,Yellow,2.0,False,False,1,10:43,10:43,Yellow,Yellow,2023,5,May,Monday,finalized,recovered,NWS Tallahassee SRFTAE recovered Bay flag via IEM
2023-05-23,Yellow,False,Yellow,2.0,False,False,1,10:41,10:41,Yellow,Yellow,2023,5,May,Tuesday,finalized,recovered,NWS Tallahassee SRFTAE recovered Bay flag via IEM
2023-05-24,Yellow,False,Yellow,2.0,False,False,1,10:33,10:33,Yellow,Yellow,2023,5,May,Wednesday,finalized,recovered,NWS Tallahassee SRFTAE recovered Bay flag via IEM
2023-05-25,Yellow,False,Yellow,2.0,False,False,1,11:21,11:21,Yellow,Yellow,2023,5,May,Thursday,finalized,recovered,NWS Tallahassee SRFTAE recovered Bay flag via IEM
2023-05-26,Yellow,False,Yellow,2.0,False,False,1,11:43,11:43,Yellow,Yellow,2023,5,May,Friday,finalized,recovered,NWS Tallahassee SRFTAE recovered Bay flag via IEM
2023-05-27,Yellow,False,Yellow,2.0,False,False,1,10:15,10:15,Yellow,Yellow,2023,5,May,Saturday,finalized,recovered,NWS Tallahassee SRFTAE recovered Bay flag via IEM
2023-05-28,Yellow,False,Yellow,2.0,False,False,1,10:40,10:40,Yellow,Yellow,2023,5,May,Sunday,finalized,recovered,NWS Tallahassee SRFTAE recovered Bay flag via IEM
2023-05-29,Yellow,False,Yellow,2.0,False,False,1,10:17,10:17,Yellow,Yellow,2023,5,May,Monday,finalized,recovered,NWS Tallahassee SRFTAE recovered Bay flag via IEM
2023-05-30,Yellow,False,Yellow,2.0,False,False,1,10:35,10:35,Yellow,Yellow,2023,5,May,Tuesday,finalized,recovered,NWS Tallahassee SRFTAE recovered Bay flag via IEM
2023-05-31,Yellow,False,Yellow,2.0,False,False,1,10:57,10:57,Yellow,Yellow,2023,5,May,Wednesday,finalized,recovered,NWS Tallahassee SRFTAE recovered Bay flag via IEM
2023-06-01,Yellow,False,Yellow,2.0,False,False,1,11:05,11:05,Yellow,Yellow,2023,6,Jun,Thursday,finalized,recovered,NWS Tallahassee SRFTAE recovered Bay flag via IEM
2023-06-02,Yellow,False,Yellow,2.0,False,False,1,10:30,10:30,Yellow,Yellow,2023,6,Jun,Friday,finalized,recovered,NWS Tallahassee SRFTAE recovered Bay flag via IEM
2023-06-03,Yellow,False,Yellow,2.0,False,False,1,10:43,10:43,Yellow,Yellow,2023,6,Jun,Saturday,finalized,recovered,NWS Tallahassee SRFTAE recovered Bay flag via IEM
2023-06-04,Yellow,False,Yellow,2.0,False,False,1,11:34,11:34,Yellow,Yellow,2023,6,Jun,Sunday,finalized,recovered,NWS Tallahassee SRFTAE recovered Bay flag via IEM
2023-06-05,Yellow,False,Yellow,2.0,False,False,1,10:39,10:39,Yellow,Yellow,2023,6,Jun,Monday,finalized,recovered,NWS Tallahassee SRFTAE recovered Bay flag via IEM
2023-06-06,Yellow,False,Yellow,2.0,False,False,1,11:23,11:23,Yellow,Yellow,2023,6,Jun,Tuesday,finalized,recovered,NWS Tallahassee SRFTAE recovered Bay flag via IEM
2023-06-07,Yellow,False,Yellow,2.0,False,False,1,10:33,10:33,Yellow,Yellow,2023,6,Jun,Wednesday,finalized,recovered,NWS Tallahassee SRFTAE recovered Bay flag via IEM
2023-06-08,Yellow,False,Yellow,2.0,False,False,1,10:30,10:30,Yellow,Yellow,2023,6,Jun,Thursday,finalized,recovered,NWS Tallahassee SRFTAE recovered Bay flag via IEM
2023-06-09,Yellow,False,Yellow,2.0,False,False,1,10:33,10:33,Yellow,Yellow,2023,6,Jun,Friday,finalized,recovered,NWS Tallahassee SRFTAE recovered Bay flag via IEM
2023-06-10,Yellow,False,Yellow,2.0,False,False,1,11:13,11:13,Yellow,Yellow,2023,6,Jun,Saturday,finalized,recovered,NWS Tallahassee SRFTAE recovered Bay flag via IEM
2023-06-11,Yellow,False,Yellow,2.0,False,False,1,10:38,10:38,Yellow,Yellow,2023,6,Jun,Sunday,finalized,recovered,NWS Tallahassee SRFTAE recovered Bay flag via IEM
2023-06-12,Single Red,False,Single Red,3.0,False,False,1,11:14,11:14,Single Red,Single Red,2023,6,Jun,Monday,finalized,recovered,NWS Tallahassee SRFTAE recovered Bay flag via IEM
2023-06-13,Single Red,False,Single Red,3.0,False,False,1,11:42,11:42,Single Red,Single Red,2023,6,Jun,Tuesday,finalized,recovered,NWS Tallahassee SRFTAE recovered Bay flag via IEM
2023-06-15,Double Red,False,Double Red,4.0,False,False,1,11:28,11:28,Double Red,Double Red,2023,6,Jun,Thursday,finalized,recovered,NWS Tallahassee SRFTAE recovered Bay flag via IEM
2023-06-16,Double Red,False,Double Red,4.0,False,False,1,10:42,10:42,Double Red,Double Red,2023,6,Jun,Friday,finalized,recovered,NWS Tallahassee SRFTAE recovered Bay flag via IEM
2023-06-17,Single Red,False,Single Red,3.0,False,False,1,10:52,10:52,Single Red,Single Red,2023,6,Jun,Saturday,finalized,recovered,NWS Tallahassee SRFTAE recovered Bay flag via IEM
2023-06-18,Single Red,False,Single Red,3.0,False,False,1,09:41,09:41,Single Red,Single Red,2023,6,Jun,Sunday,finalized,recovered,NWS Tallahassee SRFTAE recovered Bay flag via IEM
2023-06-19,Double Red,False,Double Red,4.0,False,False,1,11:17,11:17,Double Red,Double Red,2023,6,Jun,Monday,finalized,recovered,NWS Tallahassee SRFTAE recovered Bay flag via IEM
2023-06-20,Double Red,False,Double Red,4.0,False,False,1,10:54,10:54,Double Red,Double Red,2023,6,Jun,Tuesday,finalized,recovered,NWS Tallahassee SRFTAE recovered Bay flag via IEM
2023-06-21,Double Red,False,Double Red,4.0,False,False,1,10:21,10:21,Double Red,Double Red,2023,6,Jun,Wednesday,finalized,recovered,NWS Tallahassee SRFTAE recovered Bay flag via IEM
2023-06-22,Double Red,False,Double Red,4.0,False,False,1,10:23,10:23,Double Red,Double Red,2023,6,Jun,Thursday,finalized,recovered,NWS Tallahassee SRFTAE recovered Bay flag via IEM
2023-06-23,Double Red,False,Double Red,4.0,False,False,1,11:03,11:03,Double Red,Double Red,2023,6,Jun,Friday,finalized,recovered,NWS Tallahassee SRFTAE recovered Bay flag via IEM
2023-06-24,Single Red,False,Single Red,3.0,False,False,1,10:48,10:48,Single Red,Single Red,2023,6,Jun,Saturday,finalized,recovered,NWS Tallahassee SRFTAE recovered Bay flag via IEM
2023-06-26,Single Red,False,Single Red,3.0,False,False,1,11:08,11:08,Single Red,Single Red,2023,6,Jun,Monday,finalized,recovered,NWS Tallahassee SRFTAE recovered Bay flag via IEM
2023-06-27,Single Red,False,Single Red,3.0,False,False,1,10:47,10:47,Single Red,Single Red,2023,6,Jun,Tuesday,finalized,recovered,NWS Tallahassee SRFTAE recovered Bay flag via IEM
2023-06-28,Single Red,False,Single Red,3.0,False,False,1,10:45,10:45,Single Red,Single Red,2023,6,Jun,Wednesday,finalized,recovered,NWS Tallahassee SRFTAE recovered Bay flag via IEM
2023-06-29,Single Red,False,Single Red,3.0,False,False,1,10:35,10:35,Single Red,Single Red,2023,6,Jun,Thursday,finalized,recovered,NWS Tallahassee SRFTAE recovered Bay flag via IEM
2023-06-30,Yellow,False,Yellow,2.0,False,False,1,10:18,10:18,Yellow,Yellow,2023,6,Jun,Friday,finalized,recovered,NWS Tallahassee SRFTAE recovered Bay flag via IEM
2023-07-01,Yellow,False,Yellow,2.0,False,False,1,10:44,10:44,Yellow,Yellow,2023,7,Jul,Saturday,finalized,recovered,NWS Tallahassee SRFTAE recovered Bay flag via IEM
2023-07-03,Yellow,False,Yellow,2.0,False,False,1,11:34,11:34,Yellow,Yellow,2023,7,Jul,Monday,finalized,recovered,NWS Tallahassee SRFTAE recovered Bay flag via IEM
2023-07-04,Yellow,False,Yellow,2.0,False,False,1,10:47,10:47,Yellow,Yellow,2023,7,Jul,Tuesday,finalized,recovered,NWS Tallahassee SRFTAE recovered Bay flag via IEM
2023-07-05,Yellow,False,Yellow,2.0,False,False,1,10:43,10:43,Yellow,Yellow,2023,7,Jul,Wednesday,finalized,recovered,NWS Tallahassee SRFTAE recovered Bay flag via IEM
2023-07-06,Yellow,False,Yellow,2.0,False,False,1,10:25,10:25,Yellow,Yellow,2023,7,Jul,Thursday,finalized,recovered,NWS Tallahassee SRFTAE recovered Bay flag via IEM
2023-07-07,Yellow,False,Yellow,2.0,False,False,1,11:01,11:01,Yellow,Yellow,2023,7,Jul,Friday,finalized,recovered,NWS Tallahassee SRFTAE recovered Bay flag via IEM
2023-07-08,Single Red,False,Single Red,3.0,False,False,1,10:52,10:52,Single Red,Single Red,2023,7,Jul,Saturday,finalized,recovered,NWS Tallahassee SRFTAE recovered Bay flag via IEM
2023-07-09,Single Red,False,Single Red,3.0,False,False,1,10:40,10:40,Single Red,Single Red,2023,7,Jul,Sunday,finalized,recovered,NWS Tallahassee SRFTAE recovered Bay flag via IEM
2023-07-10,Double Red,False,Double Red,4.0,False,False,1,10:27,10:27,Double Red,Double Red,2023,7,Jul,Monday,finalized,recovered,NWS Tallahassee SRFTAE recovered Bay flag via IEM
2023-07-11,Single Red,False,Single Red,3.0,False,False,1,11:55,11:55,Single Red,Single Red,2023,7,Jul,Tuesday,finalized,recovered,NWS Tallahassee SRFTAE recovered Bay flag via IEM
2023-07-12,Single Red,False,Single Red,3.0,False,False,1,11:13,11:13,Single Red,Single Red,2023,7,Jul,Wednesday,finalized,recovered,NWS Tallahassee SRFTAE recovered Bay flag via IEM
2023-07-13,Single Red,False,Single Red,3.0,False,False,1,10:27,10:27,Single Red,Single Red,2023,7,Jul,Thursday,finalized,recovered,NWS Tallahassee SRFTAE recovered Bay flag via IEM
2023-07-14,Single Red,False,Single Red,3.0,False,False,1,10:41,10:41,Single Red,Single Red,2023,7,Jul,Friday,finalized,recovered,NWS Tallahassee SRFTAE recovered Bay flag via IEM
2023-07-15,Single Red,False,Single Red,3.0,False,False,1,10:54,10:54,Single Red,Single Red,2023,7,Jul,Saturday,finalized,recovered,NWS Tallahassee SRFTAE recovered Bay flag via IEM
2023-07-16,Single Red,False,Single Red,3.0,False,False,1,10:49,10:49,Single Red,Single Red,2023,7,Jul,Sunday,finalized,recovered,NWS Tallahassee SRFTAE recovered Bay flag via IEM
2023-07-17,Yellow,False,Yellow,2.0,False,False,1,11:11,11:11,Yellow,Yellow,2023,7,Jul,Monday,finalized,recovered,NWS Tallahassee SRFTAE recovered Bay flag via IEM
2023-07-18,Yellow,False,Yellow,2.0,False,False,1,10:44,10:44,Yellow,Yellow,2023,7,Jul,Tuesday,finalized,recovered,NWS Tallahassee SRFTAE recovered Bay flag via IEM
2023-07-19,Yellow,False,Yellow,2.0,False,False,1,10:45,10:45,Yellow,Yellow,2023,7,Jul,Wednesday,finalized,recovered,NWS Tallahassee SRFTAE recovered Bay flag via IEM
2023-07-20,Yellow,False,Yellow,2.0,False,False,1,10:31,10:31,Yellow,Yellow,2023,7,Jul,Thursday,finalized,recovered,NWS Tallahassee SRFTAE recovered Bay flag via IEM
2023-07-21,Yellow,False,Yellow,2.0,False,False,1,10:39,10:39,Yellow,Yellow,2023,7,Jul,Friday,finalized,recovered,NWS Tallahassee SRFTAE recovered Bay flag via IEM
2023-07-22,Single Red,False,Single Red,3.0,False,False,1,10:55,10:55,Single Red,Single Red,2023,7,Jul,Saturday,finalized,recovered,NWS Tallahassee SRFTAE recovered Bay flag via IEM
2023-07-23,Single Red,False,Single Red,3.0,False,False,1,11:02,11:02,Single Red,Single Red,2023,7,Jul,Sunday,finalized,recovered,NWS Tallahassee SRFTAE recovered Bay flag via IEM
2023-07-24,Single Red,False,Single Red,3.0,False,False,1,10:21,10:21,Single Red,Single Red,2023,7,Jul,Monday,finalized,recovered,NWS Tallahassee SRFTAE recovered Bay flag via IEM
2023-07-25,Double Red,False,Double Red,4.0,False,False,1,10:22,10:22,Double Red,Double Red,2023,7,Jul,Tuesday,finalized,recovered,NWS Tallahassee SRFTAE recovered Bay flag via IEM
2023-07-26,Yellow,False,Yellow,2.0,False,False,1,10:24,10:24,Yellow,Yellow,2023,7,Jul,Wednesday,finalized,recovered,NWS Tallahassee SRFTAE recovered Bay flag via IEM
2023-07-27,Yellow,False,Yellow,2.0,False,False,1,10:42,10:42,Yellow,Yellow,2023,7,Jul,Thursday,finalized,recovered,NWS Tallahassee SRFTAE recovered Bay flag via IEM
2023-07-29,Yellow,False,Yellow,2.0,False,False,1,10:57,10:57,Yellow,Yellow,2023,7,Jul,Saturday,finalized,recovered,NWS Tallahassee SRFTAE recovered Bay flag via IEM
2023-07-30,Yellow,False,Yellow,2.0,False,False,1,10:51,10:51,Yellow,Yellow,2023,7,Jul,Sunday,finalized,recovered,NWS Tallahassee SRFTAE recovered Bay flag via IEM
2023-07-31,Yellow,False,Yellow,2.0,False,False,1,11:21,11:21,Yellow,Yellow,2023,7,Jul,Monday,finalized,recovered,NWS Tallahassee SRFTAE recovered Bay flag via IEM
2023-08-01,Yellow,False,Yellow,2.0,False,False,1,11:07,11:07,Yellow,Yellow,2023,8,Aug,Tuesday,finalized,recovered,NWS Tallahassee SRFTAE recovered Bay flag via IEM
2023-08-02,Yellow,False,Yellow,2.0,False,False,1,11:23,11:23,Yellow,Yellow,2023,8,Aug,Wednesday,finalized,recovered,NWS Tallahassee SRFTAE recovered Bay flag via IEM
2023-08-03,Yellow,False,Yellow,2.0,False,False,1,10:52,10:52,Yellow,Yellow,2023,8,Aug,Thursday,finalized,recovered,NWS Tallahassee SRFTAE recovered Bay flag via IEM
2023-08-04,Yellow,False,Yellow,2.0,False,False,1,11:44,11:44,Yellow,Yellow,2023,8,Aug,Friday,finalized,recovered,NWS Tallahassee SRFTAE recovered Bay flag via IEM
2023-08-05,Yellow,False,Yellow,2.0,False,False,1,11:32,11:32,Yellow,Yellow,2023,8,Aug,Saturday,finalized,recovered,NWS Tallahassee SRFTAE recovered Bay flag via IEM
2023-08-06,Yellow,False,Yellow,2.0,False,False,1,11:15,11:15,Yellow,Yellow,2023,8,Aug,Sunday,finalized,recovered,NWS Tallahassee SRFTAE recovered Bay flag via IEM
2023-08-07,Yellow,False,Yellow,2.0,False,False,1,10:21,10:21,Yellow,Yellow,2023,8,Aug,Monday,finalized,recovered,NWS Tallahassee SRFTAE recovered Bay flag via IEM
2023-08-08,Single Red,False,Single Red,3.0,False,False,1,10:36,10:36,Single Red,Single Red,2023,8,Aug,Tuesday,finalized,recovered,NWS Tallahassee SRFTAE recovered Bay flag via IEM
2023-08-09,Yellow,False,Yellow,2.0,False,False,1,11:27,11:27,Yellow,Yellow,2023,8,Aug,Wednesday,finalized,recovered,NWS Tallahassee SRFTAE recovered Bay flag via IEM
2023-08-10,Single Red,False,Single Red,3.0,False,False,1,10:58,10:58,Single Red,Single Red,2023,8,Aug,Thursday,finalized,recovered,NWS Tallahassee SRFTAE recovered Bay flag via IEM
2023-08-11,Single Red,False,Single Red,3.0,False,False,1,11:04,11:04,Single Red,Single Red,2023,8,Aug,Friday,finalized,recovered,NWS Tallahassee SRFTAE recovered Bay flag via IEM
2023-08-12,Single Red,False,Single Red,3.0,False,False,1,11:32,11:32,Single Red,Single Red,2023,8,Aug,Saturday,finalized,recovered,NWS Tallahassee SRFTAE recovered Bay flag via IEM
2023-08-13,Yellow,False,Yellow,2.0,False,False,1,10:24,10:24,Yellow,Yellow,2023,8,Aug,Sunday,finalized,recovered,NWS Tallahassee SRFTAE recovered Bay flag via IEM
2023-08-14,Yellow,False,Yellow,2.0,False,False,1,10:14,10:14,Yellow,Yellow,2023,8,Aug,Monday,finalized,recovered,NWS Tallahassee SRFTAE recovered Bay flag via IEM
2023-08-15,Yellow,False,Yellow,2.0,False,False,1,10:29,10:29,Yellow,Yellow,2023,8,Aug,Tuesday,finalized,recovered,NWS Tallahassee SRFTAE recovered Bay flag via IEM
2023-08-16,Yellow,False,Yellow,2.0,False,False,1,10:27,10:27,Yellow,Yellow,2023,8,Aug,Wednesday,finalized,recovered,NWS Tallahassee SRFTAE recovered Bay flag via IEM
2023-08-17,Yellow,False,Yellow,2.0,False,False,1,12:35,12:35,Yellow,Yellow,2023,8,Aug,Thursday,finalized,recovered,NWS Tallahassee SRFTAE recovered Bay flag via IEM
2023-08-18,Yellow,False,Yellow,2.0,False,False,1,10:18,10:18,Yellow,Yellow,2023,8,Aug,Friday,finalized,recovered,NWS Tallahassee SRFTAE recovered Bay flag via IEM
2023-08-19,Yellow,False,Yellow,2.0,False,False,1,10:27,10:27,Yellow,Yellow,2023,8,Aug,Saturday,finalized,recovered,NWS Tallahassee SRFTAE recovered Bay flag via IEM
2023-08-20,Yellow,False,Yellow,2.0,False,False,1,11:31,11:31,Yellow,Yellow,2023,8,Aug,Sunday,finalized,recovered,NWS Tallahassee SRFTAE recovered Bay flag via IEM
2023-08-21,Yellow,False,Yellow,2.0,False,False,1,11:52,11:52,Yellow,Yellow,2023,8,Aug,Monday,finalized,recovered,NWS Tallahassee SRFTAE recovered Bay flag via IEM
2023-08-22,Yellow,False,Yellow,2.0,False,False,1,12:53,12:53,Yellow,Yellow,2023,8,Aug,Tuesday,finalized,recovered,NWS Tallahassee SRFTAE recovered Bay flag via IEM
2023-08-23,Yellow,False,Yellow,2.0,False,False,1,10:48,10:48,Yellow,Yellow,2023,8,Aug,Wednesday,finalized,recovered,NWS Tallahassee SRFTAE recovered Bay flag via IEM
2023-08-24,Yellow,False,Yellow,2.0,False,False,1,11:12,11:12,Yellow,Yellow,2023,8,Aug,Thursday,finalized,recovered,NWS Tallahassee SRFTAE recovered Bay flag via IEM
2023-08-25,Yellow,False,Yellow,2.0,False,False,1,11:03,11:03,Yellow,Yellow,2023,8,Aug,Friday,finalized,recovered,NWS Tallahassee SRFTAE recovered Bay flag via IEM
2023-08-26,Yellow,False,Yellow,2.0,False,False,1,11:31,11:31,Yellow,Yellow,2023,8,Aug,Saturday,finalized,recovered,NWS Tallahassee SRFTAE recovered Bay flag via IEM
2023-08-27,Yellow,False,Yellow,2.0,False,False,1,11:11,11:11,Yellow,Yellow,2023,8,Aug,Sunday,finalized,recovered,NWS Tallahassee SRFTAE recovered Bay flag via IEM
2023-08-28,Yellow,False,Yellow,2.0,False,False,1,10:25,10:25,Yellow,Yellow,2023,8,Aug,Monday,finalized,recovered,NWS Tallahassee SRFTAE recovered Bay flag via IEM
2023-08-29,Single Red,False,Single Red,3.0,False,False,1,10:21,10:21,Single Red,Single Red,2023,8,Aug,Tuesday,finalized,recovered,NWS Tallahassee SRFTAE recovered Bay flag via IEM
2023-08-30,Double Red,False,Double Red,4.0,False,False,1,10:43,10:43,Double Red,Double Red,2023,8,Aug,Wednesday,finalized,recovered,NWS Tallahassee SRFTAE recovered Bay flag via IEM
2023-08-31,Single Red,False,Single Red,3.0,False,False,1,10:35,10:35,Single Red,Single Red,2023,8,Aug,Thursday,finalized,recovered,NWS Tallahassee SRFTAE recovered Bay flag via IEM
2023-09-01,Single Red,False,Single Red,3.0,False,False,1,10:51,10:51,Single Red,Single Red,2023,9,Sep,Friday,finalized,recovered,NWS Tallahassee SRFTAE recovered Bay flag via IEM
2023-09-02,Single Red,False,Single Red,3.0,False,False,1,11:00,11:00,Single Red,Single Red,2023,9,Sep,Saturday,finalized,recovered,NWS Tallahassee SRFTAE recovered Bay flag via IEM
2023-09-03,Single Red,False,Single Red,3.0,False,False,1,11:14,11:14,Single Red,Single Red,2023,9,Sep,Sunday,finalized,recovered,NWS Tallahassee SRFTAE recovered Bay flag via IEM
2023-09-04,Yellow,False,Yellow,2.0,False,False,1,11:03,11:03,Yellow,Yellow,2023,9,Sep,Monday,finalized,recovered,NWS Tallahassee SRFTAE recovered Bay flag via IEM
2023-09-05,Yellow,False,Yellow,2.0,False,False,1,10:31,10:31,Yellow,Yellow,2023,9,Sep,Tuesday,finalized,recovered,NWS Tallahassee SRFTAE recovered Bay flag via IEM
2023-09-06,Single Red,False,Single Red,3.0,False,False,1,11:19,11:19,Single Red,Single Red,2023,9,Sep,Wednesday,finalized,recovered,NWS Tallahassee SRFTAE recovered Bay flag via IEM
2023-09-07,Yellow,False,Yellow,2.0,False,False,1,11:11,11:11,Yellow,Yellow,2023,9,Sep,Thursday,finalized,recovered,NWS Tallahassee SRFTAE recovered Bay flag via IEM
2023-09-08,Yellow,False,Yellow,2.0,False,False,1,10:53,10:53,Yellow,Yellow,2023,9,Sep,Friday,finalized,recovered,NWS Tallahassee SRFTAE recovered Bay flag via IEM
2023-09-09,Yellow,False,Yellow,2.0,False,False,1,11:11,11:11,Yellow,Yellow,2023,9,Sep,Saturday,finalized,recovered,NWS Tallahassee SRFTAE recovered Bay flag via IEM
2023-09-10,Yellow,False,Yellow,2.0,False,False,1,10:57,10:57,Yellow,Yellow,2023,9,Sep,Sunday,finalized,recovered,NWS Tallahassee SRFTAE recovered Bay flag via IEM
2023-09-11,Yellow,False,Yellow,2.0,False,False,1,10:30,10:30,Yellow,Yellow,2023,9,Sep,Monday,finalized,recovered,NWS Tallahassee SRFTAE recovered Bay flag via IEM
2023-09-12,Yellow,False,Yellow,2.0,False,False,1,11:17,11:17,Yellow,Yellow,2023,9,Sep,Tuesday,finalized,recovered,NWS Tallahassee SRFTAE recovered Bay flag via IEM
2023-09-14,Yellow,False,Yellow,2.0,False,False,1,12:09,12:09,Yellow,Yellow,2023,9,Sep,Thursday,finalized,recovered,NWS Tallahassee SRFTAE recovered Bay flag via IEM
2023-09-15,Yellow,False,Yellow,2.0,False,False,1,12:24,12:24,Yellow,Yellow,2023,9,Sep,Friday,finalized,recovered,NWS Tallahassee SRFTAE recovered Bay flag via IEM
2023-09-16,Yellow,False,Yellow,2.0,False,False,1,10:50,10:50,Yellow,Yellow,2023,9,Sep,Saturday,finalized,recovered,NWS Tallahassee SRFTAE recovered Bay flag via IEM
2023-09-17,Yellow,False,Yellow,2.0,False,False,1,12:05,12:05,Yellow,Yellow,2023,9,Sep,Sunday,finalized,recovered,NWS Tallahassee SRFTAE recovered Bay flag via IEM
2023-09-18,Yellow,False,Yellow,2.0,False,False,1,10:42,10:42,Yellow,Yellow,2023,9,Sep,Monday,finalized,recovered,NWS Tallahassee SRFTAE recovered Bay flag via IEM
2023-09-19,Yellow,False,Yellow,2.0,False,False,1,10:20,10:20,Yellow,Yellow,2023,9,Sep,Tuesday,finalized,recovered,NWS Tallahassee SRFTAE recovered Bay flag via IEM
2023-09-20,Yellow,False,Yellow,2.0,False,False,1,10:46,10:46,Yellow,Yellow,2023,9,Sep,Wednesday,finalized,recovered,NWS Tallahassee SRFTAE recovered Bay flag via IEM
2023-09-21,Yellow,False,Yellow,2.0,False,False,1,10:22,10:22,Yellow,Yellow,2023,9,Sep,Thursday,finalized,recovered,NWS Tallahassee SRFTAE recovered Bay flag via IEM
2023-09-22,Yellow,False,Yellow,2.0,False,False,1,10:26,10:26,Yellow,Yellow,2023,9,Sep,Friday,finalized,recovered,NWS Tallahassee SRFTAE recovered Bay flag via IEM
2023-09-23,Yellow,False,Yellow,2.0,False,False,1,12:06,12:06,Yellow,Yellow,2023,9,Sep,Saturday,finalized,recovered,NWS Tallahassee SRFTAE recovered Bay flag via IEM
2023-09-24,Yellow,False,Yellow,2.0,False,False,1,11:36,11:36,Yellow,Yellow,2023,9,Sep,Sunday,finalized,recovered,NWS Tallahassee SRFTAE recovered Bay flag via IEM
2023-09-25,Yellow,False,Yellow,2.0,False,False,1,11:10,11:10,Yellow,Yellow,2023,9,Sep,Monday,finalized,recovered,NWS Tallahassee SRFTAE recovered Bay flag via IEM
2023-09-26,Yellow,False,Yellow,2.0,False,False,1,10:46,10:46,Yellow,Yellow,2023,9,Sep,Tuesday,finalized,recovered,NWS Tallahassee SRFTAE recovered Bay flag via IEM
2023-09-27,Yellow,False,Yellow,2.0,False,False,1,10:36,10:36,Yellow,Yellow,2023,9,Sep,Wednesday,finalized,recovered,NWS Tallahassee SRFTAE recovered Bay flag via IEM
2023-09-28,Yellow,False,Yellow,2.0,False,False,1,10:20,10:20,Yellow,Yellow,2023,9,Sep,Thursday,finalized,recovered,NWS Tallahassee SRFTAE recovered Bay flag via IEM
2023-09-29,Yellow,False,Yellow,2.0,False,False,1,10:19,10:19,Yellow,Yellow,2023,9,Sep,Friday,finalized,recovered,NWS Tallahassee SRFTAE recovered Bay flag via IEM
2023-09-30,Yellow,False,Yellow,2.0,False,False,1,10:31,10:31,Yellow,Yellow,2023,9,Sep,Saturday,finalized,recovered,NWS Tallahassee SRFTAE recovered Bay flag via IEM
2023-10-02,Yellow,False,Yellow,2.0,False,False,1,11:08,11:08,Yellow,Yellow,2023,10,Oct,Monday,finalized,recovered,NWS Tallahassee SRFTAE recovered Bay flag via IEM
2023-10-03,Yellow,False,Yellow,2.0,False,False,1,10:55,10:55,Yellow,Yellow,2023,10,Oct,Tuesday,finalized,recovered,NWS Tallahassee SRFTAE recovered Bay flag via IEM
2023-10-04,Yellow,False,Yellow,2.0,False,False,1,10:56,10:56,Yellow,Yellow,2023,10,Oct,Wednesday,finalized,recovered,NWS Tallahassee SRFTAE recovered Bay flag via IEM
2023-10-05,Yellow,False,Yellow,2.0,False,False,1,10:55,10:55,Yellow,Yellow,2023,10,Oct,Thursday,finalized,recovered,NWS Tallahassee SRFTAE recovered Bay flag via IEM
2023-10-06,Yellow,False,Yellow,2.0,False,False,1,10:44,10:44,Yellow,Yellow,2023,10,Oct,Friday,finalized,recovered,NWS Tallahassee SRFTAE recovered Bay flag via IEM
2023-10-07,Yellow,False,Yellow,2.0,False,False,1,10:43,10:43,Yellow,Yellow,2023,10,Oct,Saturday,finalized,recovered,NWS Tallahassee SRFTAE recovered Bay flag via IEM
2023-10-08,Yellow,False,Yellow,2.0,False,False,1,10:39,10:39,Yellow,Yellow,2023,10,Oct,Sunday,finalized,recovered,NWS Tallahassee SRFTAE recovered Bay flag via IEM
2023-10-09,Yellow,False,Yellow,2.0,False,False,1,10:38,10:38,Yellow,Yellow,2023,10,Oct,Monday,finalized,recovered,NWS Tallahassee SRFTAE recovered Bay flag via IEM
2023-10-10,Yellow,False,Yellow,2.0,False,False,1,10:41,10:41,Yellow,Yellow,2023,10,Oct,Tuesday,finalized,recovered,NWS Tallahassee SRFTAE recovered Bay flag via IEM
2023-10-11,Yellow,False,Yellow,2.0,False,False,1,10:18,10:18,Yellow,Yellow,2023,10,Oct,Wednesday,finalized,recovered,NWS Tallahassee SRFTAE recovered Bay flag via IEM
2023-10-12,Double Red,False,Double Red,4.0,False,False,1,10:51,10:51,Double Red,Double Red,2023,10,Oct,Thursday,finalized,recovered,NWS Tallahassee SRFTAE recovered Bay flag via IEM
2023-10-13,Double Red,False,Double Red,4.0,False,False,1,10:33,10:33,Double Red,Double Red,2023,10,Oct,Friday,finalized,recovered,NWS Tallahassee SRFTAE recovered Bay flag via IEM
2023-10-14,Single Red,False,Single Red,3.0,False,False,1,10:17,10:17,Single Red,Single Red,2023,10,Oct,Saturday,finalized,recovered,NWS Tallahassee SRFTAE recovered Bay flag via IEM
2023-10-15,Yellow,False,Yellow,2.0,False,False,1,10:34,10:34,Yellow,Yellow,2023,10,Oct,Sunday,finalized,recovered,NWS Tallahassee SRFTAE recovered Bay flag via IEM
2023-10-16,Yellow,False,Yellow,2.0,False,False,1,11:15,11:15,Yellow,Yellow,2023,10,Oct,Monday,finalized,recovered,NWS Tallahassee SRFTAE recovered Bay flag via IEM
2023-10-17,Yellow,False,Yellow,2.0,False,False,1,11:22,11:22,Yellow,Yellow,2023,10,Oct,Tuesday,finalized,recovered,NWS Tallahassee SRFTAE recovered Bay flag via IEM
2023-10-18,Yellow,False,Yellow,2.0,False,False,1,10:30,10:30,Yellow,Yellow,2023,10,Oct,Wednesday,finalized,recovered,NWS Tallahassee SRFTAE recovered Bay flag via IEM
2023-10-19,Yellow,False,Yellow,2.0,False,False,1,11:07,11:07,Yellow,Yellow,2023,10,Oct,Thursday,finalized,recovered,NWS Tallahassee SRFTAE recovered Bay flag via IEM
2023-10-20,Double Red,False,Double Red,4.0,False,False,1,11:24,11:24,Double Red,Double Red,2023,10,Oct,Friday,finalized,recovered,NWS Tallahassee SRFTAE recovered Bay flag via IEM
2023-10-21,Single Red,False,Single Red,3.0,False,False,1,10:41,10:41,Single Red,Single Red,2023,10,Oct,Saturday,finalized,recovered,NWS Tallahassee SRFTAE recovered Bay flag via IEM
2023-10-22,Single Red,False,Single Red,3.0,False,False,1,11:08,11:08,Single Red,Single Red,2023,10,Oct,Sunday,finalized,recovered,NWS Tallahassee SRFTAE recovered Bay flag via IEM
2023-10-23,Yellow,False,Yellow,2.0,False,False,1,10:38,10:38,Yellow,Yellow,2023,10,Oct,Monday,finalized,recovered,NWS Tallahassee SRFTAE recovered Bay flag via IEM
2023-10-24,Single Red,False,Single Red,3.0,False,False,1,12:16,12:16,Single Red,Single Red,2023,10,Oct,Tuesday,finalized,recovered,NWS Tallahassee SRFTAE recovered Bay flag via IEM
2023-10-25,Single Red,False,Single Red,3.0,False,False,1,11:09,11:09,Single Red,Single Red,2023,10,Oct,Wednesday,finalized,recovered,NWS Tallahassee SRFTAE recovered Bay flag via IEM
2023-10-26,Single Red,False,Single Red,3.0,False,False,1,10:19,10:19,Single Red,Single Red,2023,10,Oct,Thursday,finalized,recovered,NWS Tallahassee SRFTAE recovered Bay flag via IEM
2023-10-27,Single Red,False,Single Red,3.0,False,False,1,10:28,10:28,Single Red,Single Red,2023,10,Oct,Friday,finalized,recovered,NWS Tallahassee SRFTAE recovered Bay flag via IEM
2023-10-28,Single Red,False,Single Red,3.0,False,False,1,10:43,10:43,Single Red,Single Red,2023,10,Oct,Saturday,finalized,recovered,NWS Tallahassee SRFTAE recovered Bay flag via IEM
2023-10-29,Single Red,False,Single Red,3.0,False,False,1,10:38,10:38,Single Red,Single Red,2023,10,Oct,Sunday,finalized,recovered,NWS Tallahassee SRFTAE recovered Bay flag via IEM
2023-10-30,Yellow,False,Yellow,2.0,False,False,1,10:30,10:30,Yellow,Yellow,2023,10,Oct,Monday,finalized,recovered,NWS Tallahassee SRFTAE recovered Bay flag via IEM
2023-10-31,Yellow,False,Yellow,2.0,False,False,1,10:38,10:38,Yellow,Yellow,2023,10,Oct,Tuesday,finalized,recovered,NWS Tallahassee SRFTAE recovered Bay flag via IEM
2023-11-01,Yellow,False,Yellow,2.0,False,False,1,10:29,10:29,Yellow,Yellow,2023,11,Nov,Wednesday,finalized,recovered,NWS Tallahassee SRFTAE recovered Bay flag via IEM
2023-11-02,Yellow,False,Yellow,2.0,False,False,1,10:54,10:54,Yellow,Yellow,2023,11,Nov,Thursday,finalized,recovered,NWS Tallahassee SRFTAE recovered Bay flag via IEM
2023-11-03,Yellow,False,Yellow,2.0,False,False,1,10:32,10:32,Yellow,Yellow,2023,11,Nov,Friday,finalized,recovered,NWS Tallahassee SRFTAE recovered Bay flag via IEM
2023-11-04,Yellow,False,Yellow,2.0,False,False,1,10:26,10:26,Yellow,Yellow,2023,11,Nov,Saturday,finalized,recovered,NWS Tallahassee SRFTAE recovered Bay flag via IEM
2023-11-05,Yellow,False,Yellow,2.0,False,False,1,10:50,10:50,Yellow,Yellow,2023,11,Nov,Sunday,finalized,recovered,NWS Tallahassee SRFTAE recovered Bay flag via IEM
2023-11-06,Yellow,False,Yellow,2.0,False,False,1,11:02,11:02,Yellow,Yellow,2023,11,Nov,Monday,finalized,recovered,NWS Tallahassee SRFTAE recovered Bay flag via IEM
2023-11-07,Yellow,False,Yellow,2.0,False,False,1,11:31,11:31,Yellow,Yellow,2023,11,Nov,Tuesday,finalized,recovered,NWS Tallahassee SRFTAE recovered Bay flag via IEM
2023-11-08,Yellow,False,Yellow,2.0,False,False,1,12:08,12:08,Yellow,Yellow,2023,11,Nov,Wednesday,finalized,recovered,NWS Tallahassee SRFTAE recovered Bay flag via IEM
2023-11-09,Yellow,False,Yellow,2.0,False,False,1,11:04,11:04,Yellow,Yellow,2023,11,Nov,Thursday,finalized,recovered,NWS Tallahassee SRFTAE recovered Bay flag via IEM
2023-11-10,Yellow,False,Yellow,2.0,False,False,1,10:44,10:44,Yellow,Yellow,2023,11,Nov,Friday,finalized,recovered,NWS Tallahassee SRFTAE recovered Bay flag via IEM
2023-11-11,Yellow,False,Yellow,2.0,False,False,1,10:51,10:51,Yellow,Yellow,2023,11,Nov,Saturday,finalized,recovered,NWS Tallahassee SRFTAE recovered Bay flag via IEM
2023-11-12,Yellow,False,Yellow,2.0,False,False,1,10:47,10:47,Yellow,Yellow,2023,11,Nov,Sunday,finalized,recovered,NWS Tallahassee SRFTAE recovered Bay flag via IEM
2023-11-13,Yellow,False,Yellow,2.0,False,False,1,10:49,10:49,Yellow,Yellow,2023,11,Nov,Monday,finalized,recovered,NWS Tallahassee SRFTAE recovered Bay flag via IEM
2023-11-14,Yellow,False,Yellow,2.0,False,False,1,11:36,11:36,Yellow,Yellow,2023,11,Nov,Tuesday,finalized,recovered,NWS Tallahassee SRFTAE recovered Bay flag via IEM
2023-11-15,Single Red,False,Single Red,3.0,False,False,1,11:20,11:20,Single Red,Single Red,2023,11,Nov,Wednesday,finalized,recovered,NWS Tallahassee SRFTAE recovered Bay flag via IEM
2023-11-16,Single Red,False,Single Red,3.0,False,False,1,12:49,12:49,Single Red,Single Red,2023,11,Nov,Thursday,finalized,recovered,NWS Tallahassee SRFTAE recovered Bay flag via IEM
2023-11-17,Single Red,False,Single Red,3.0,False,False,1,10:27,10:27,Single Red,Single Red,2023,11,Nov,Friday,finalized,recovered,NWS Tallahassee SRFTAE recovered Bay flag via IEM
2023-11-18,Yellow,False,Yellow,2.0,False,False,1,10:31,10:31,Yellow,Yellow,2023,11,Nov,Saturday,finalized,recovered,NWS Tallahassee SRFTAE recovered Bay flag via IEM
2023-11-19,Yellow,False,Yellow,2.0,False,False,1,10:22,10:22,Yellow,Yellow,2023,11,Nov,Sunday,finalized,recovered,NWS Tallahassee SRFTAE recovered Bay flag via IEM
2023-11-20,Single Red,False,Single Red,3.0,False,False,1,10:34,10:34,Single Red,Single Red,2023,11,Nov,Monday,finalized,recovered,NWS Tallahassee SRFTAE recovered Bay flag via IEM
2023-11-21,Double Red,False,Double Red,4.0,False,False,1,10:21,10:21,Double Red,Double Red,2023,11,Nov,Tuesday,finalized,recovered,NWS Tallahassee SRFTAE recovered Bay flag via IEM
2023-11-22,Single Red,False,Single Red,3.0,False,False,1,10:22,10:22,Single Red,Single Red,2023,11,Nov,Wednesday,finalized,recovered,NWS Tallahassee SRFTAE recovered Bay flag via IEM
2023-11-23,Yellow,False,Yellow,2.0,False,False,1,10:37,10:37,Yellow,Yellow,2023,11,Nov,Thursday,finalized,recovered,NWS Tallahassee SRFTAE recovered Bay flag via IEM
2023-11-24,Yellow,False,Yellow,2.0,False,False,1,11:40,11:40,Yellow,Yellow,2023,11,Nov,Friday,finalized,recovered,NWS Tallahassee SRFTAE recovered Bay flag via IEM
2023-11-25,Yellow,False,Yellow,2.0,False,False,1,10:33,10:33,Yellow,Yellow,2023,11,Nov,Saturday,finalized,recovered,NWS Tallahassee SRFTAE recovered Bay flag via IEM
2023-11-26,Yellow,False,Yellow,2.0,False,False,1,10:26,10:26,Yellow,Yellow,2023,11,Nov,Sunday,finalized,recovered,NWS Tallahassee SRFTAE recovered Bay flag via IEM
2023-11-27,Yellow,False,Yellow,2.0,False,False,1,11:19,11:19,Yellow,Yellow,2023,11,Nov,Monday,finalized,recovered,NWS Tallahassee SRFTAE recovered Bay flag via IEM
2023-11-28,Yellow,False,Yellow,2.0,False,False,1,11:05,11:05,Yellow,Yellow,2023,11,Nov,Tuesday,finalized,recovered,NWS Tallahassee SRFTAE recovered Bay flag via IEM
2023-11-29,Yellow,False,Yellow,2.0,False,False,1,10:55,10:55,Yellow,Yellow,2023,11,Nov,Wednesday,finalized,recovered,NWS Tallahassee SRFTAE recovered Bay flag via IEM
2023-11-30,Yellow,False,Yellow,2.0,False,False,1,10:37,10:37,Yellow,Yellow,2023,11,Nov,Thursday,finalized,recovered,NWS Tallahassee SRFTAE recovered Bay flag via IEM
2023-12-01,Double Red,False,Double Red,4.0,False,False,1,10:38,10:38,Double Red,Double Red,2023,12,Dec,Friday,finalized,recovered,NWS Tallahassee SRFTAE recovered Bay flag via IEM
2023-12-02,Double Red,False,Double Red,4.0,False,False,1,10:53,10:53,Double Red,Double Red,2023,12,Dec,Saturday,finalized,recovered,NWS Tallahassee SRFTAE recovered Bay flag via IEM
2023-12-04,Single Red,False,Single Red,3.0,False,False,1,10:56,10:56,Single Red,Single Red,2023,12,Dec,Monday,finalized,recovered,NWS Tallahassee SRFTAE recovered Bay flag via IEM
2023-12-05,Yellow,False,Yellow,2.0,False,False,1,10:59,10:59,Yellow,Yellow,2023,12,Dec,Tuesday,finalized,recovered,NWS Tallahassee SRFTAE recovered Bay flag via IEM
2023-12-06,Yellow,False,Yellow,2.0,False,False,1,11:37,11:37,Yellow,Yellow,2023,12,Dec,Wednesday,finalized,recovered,NWS Tallahassee SRFTAE recovered Bay flag via IEM
2023-12-07,Yellow,False,Yellow,2.0,False,False,1,10:17,10:17,Yellow,Yellow,2023,12,Dec,Thursday,finalized,recovered,NWS Tallahassee SRFTAE recovered Bay flag via IEM
2023-12-08,Single Red,False,Single Red,3.0,False,False,1,11:01,11:01,Single Red,Single Red,2023,12,Dec,Friday,finalized,recovered,NWS Tallahassee SRFTAE recovered Bay flag via IEM
2023-12-09,Single Red,False,Single Red,3.0,False,False,1,10:18,10:18,Single Red,Single Red,2023,12,Dec,Saturday,finalized,recovered,NWS Tallahassee SRFTAE recovered Bay flag via IEM
2023-12-10,Single Red,False,Single Red,3.0,False,False,1,10:54,10:54,Single Red,Single Red,2023,12,Dec,Sunday,finalized,recovered,NWS Tallahassee SRFTAE recovered Bay flag via IEM
2023-12-11,Single Red,False,Single Red,3.0,False,False,1,10:45,10:45,Single Red,Single Red,2023,12,Dec,Monday,finalized,recovered,NWS Tallahassee SRFTAE recovered Bay flag via IEM
2023-12-12,Yellow,False,Yellow,2.0,False,False,1,10:37,10:37,Yellow,Yellow,2023,12,Dec,Tuesday,finalized,recovered,NWS Tallahassee SRFTAE recovered Bay flag via IEM
2023-12-13,Yellow,False,Yellow,2.0,False,False,1,12:12,12:12,Yellow,Yellow,2023,12,Dec,Wednesday,finalized,recovered,NWS Tallahassee SRFTAE recovered Bay flag via IEM
2023-12-14,Yellow,False,Yellow,2.0,False,False,1,10:42,10:42,Yellow,Yellow,2023,12,Dec,Thursday,finalized,recovered,NWS Tallahassee SRFTAE recovered Bay flag via IEM
2023-12-15,Yellow,False,Yellow,2.0,False,False,1,10:26,10:26,Yellow,Yellow,2023,12,Dec,Friday,finalized,recovered,NWS Tallahassee SRFTAE recovered Bay flag via IEM
2023-12-16,Single Red,False,Single Red,3.0,False,False,1,10:57,10:57,Single Red,Single Red,2023,12,Dec,Saturday,finalized,recovered,NWS Tallahassee SRFTAE recovered Bay flag via IEM
2023-12-18,Single Red,False,Single Red,3.0,False,False,1,10:35,10:35,Single Red,Single Red,2023,12,Dec,Monday,finalized,recovered,NWS Tallahassee SRFTAE recovered Bay flag via IEM
2023-12-19,Yellow,False,Yellow,2.0,False,False,1,12:21,12:21,Yellow,Yellow,2023,12,Dec,Tuesday,finalized,recovered,NWS Tallahassee SRFTAE recovered Bay flag via IEM
2023-12-20,Yellow,False,Yellow,2.0,False,False,1,10:49,10:49,Yellow,Yellow,2023,12,Dec,Wednesday,finalized,recovered,NWS Tallahassee SRFTAE recovered Bay flag via IEM
2023-12-22,Yellow,False,Yellow,2.0,False,False,1,10:57,10:57,Yellow,Yellow,2023,12,Dec,Friday,finalized,recovered,NWS Tallahassee SRFTAE recovered Bay flag via IEM
2023-12-24,Single Red,False,Single Red,3.0,False,False,1,10:58,10:58,Single Red,Single Red,2023,12,Dec,Sunday,finalized,recovered,NWS Tallahassee SRFTAE recovered Bay flag via IEM
2023-12-25,Double Red,False,Double Red,4.0,False,False,1,10:35,10:35,Double Red,Double Red,2023,12,Dec,Monday,finalized,recovered,NWS Tallahassee SRFTAE recovered Bay flag via IEM
2023-12-26,Single Red,False,Single Red,3.0,False,False,1,10:46,10:46,Single Red,Single Red,2023,12,Dec,Tuesday,finalized,recovered,NWS Tallahassee SRFTAE recovered Bay flag via IEM
2023-12-27,Yellow,False,Yellow,2.0,False,False,1,10:51,10:51,Yellow,Yellow,2023,12,Dec,Wednesday,finalized,recovered,NWS Tallahassee SRFTAE recovered Bay flag via IEM
2023-12-28,Yellow,False,Yellow,2.0,False,False,1,10:17,10:17,Yellow,Yellow,2023,12,Dec,Thursday,finalized,recovered,NWS Tallahassee SRFTAE recovered Bay flag via IEM
2023-12-29,Double Red,False,Double Red,4.0,False,False,1,10:20,10:20,Double Red,Double Red,2023,12,Dec,Friday,finalized,recovered,NWS Tallahassee SRFTAE recovered Bay flag via IEM
2023-12-30,Double Red,False,Double Red,4.0,False,False,1,11:42,11:42,Double Red,Double Red,2023,12,Dec,Saturday,finalized,recovered,NWS Tallahassee SRFTAE recovered Bay flag via IEM
2023-12-31,Single Red,False,Single Red,3.0,False,False,1,10:44,10:44,Single Red,Single Red,2023,12,Dec,Sunday,finalized,recovered,NWS Tallahassee SRFTAE recovered Bay flag via IEM
2024-01-01,Single Red,False,Single Red,3.0,False,False,1,11:19,11:19,Single Red,Single Red,2024,1,Jan,Monday,finalized,recovered,NWS Tallahassee SRFTAE recovered Bay flag via IEM
2024-01-02,Yellow,False,Yellow,2.0,False,False,1,10:33,10:33,Yellow,Yellow,2024,1,Jan,Tuesday,finalized,recovered,NWS Tallahassee SRFTAE recovered Bay flag via IEM
2024-01-03,Yellow,False,Yellow,2.0,False,False,1,10:36,10:36,Yellow,Yellow,2024,1,Jan,Wednesday,finalized,recovered,NWS Tallahassee SRFTAE recovered Bay flag via IEM
2024-01-04,Yellow,False,Yellow,2.0,False,False,1,10:24,10:24,Yellow,Yellow,2024,1,Jan,Thursday,finalized,recovered,NWS Tallahassee SRFTAE recovered Bay flag via IEM
2024-01-05,Single Red,False,Single Red,3.0,False,False,1,10:46,10:46,Single Red,Single Red,2024,1,Jan,Friday,finalized,recovered,NWS Tallahassee SRFTAE recovered Bay flag via IEM
2024-01-06,Double Red,False,Double Red,4.0,False,False,1,10:06,10:06,Double Red,Double Red,2024,1,Jan,Saturday,finalized,recovered,NWS Tallahassee SRFTAE recovered Bay flag via IEM
2024-01-07,Double Red,False,Double Red,4.0,False,False,1,14:24,14:24,Double Red,Double Red,2024,1,Jan,Sunday,finalized,recovered,NWS Tallahassee SRFTAE recovered Bay flag via IEM
2024-01-08,Double Red,False,Double Red,4.0,False,False,1,11:31,11:31,Double Red,Double Red,2024,1,Jan,Monday,finalized,recovered,NWS Tallahassee SRFTAE recovered Bay flag via IEM
2024-01-09,Double Red,False,Double Red,4.0,False,False,1,11:47,11:47,Double Red,Double Red,2024,1,Jan,Tuesday,finalized,recovered,NWS Tallahassee SRFTAE recovered Bay flag via IEM
2024-01-10,Double Red,False,Double Red,4.0,False,False,1,10:24,10:24,Double Red,Double Red,2024,1,Jan,Wednesday,finalized,recovered,NWS Tallahassee SRFTAE recovered Bay flag via IEM
2024-01-11,Single Red,False,Single Red,3.0,False,False,1,10:24,10:24,Single Red,Single Red,2024,1,Jan,Thursday,finalized,recovered,NWS Tallahassee SRFTAE recovered Bay flag via IEM
2024-01-12,Double Red,False,Double Red,4.0,False,False,1,11:10,11:10,Double Red,Double Red,2024,1,Jan,Friday,finalized,recovered,NWS Tallahassee SRFTAE recovered Bay flag via IEM
2024-01-13,Double Red,False,Double Red,4.0,False,False,1,10:30,10:30,Double Red,Double Red,2024,1,Jan,Saturday,finalized,recovered,NWS Tallahassee SRFTAE recovered Bay flag via IEM
2024-01-14,Single Red,False,Single Red,3.0,False,False,1,10:37,10:37,Single Red,Single Red,2024,1,Jan,Sunday,finalized,recovered,NWS Tallahassee SRFTAE recovered Bay flag via IEM
2024-01-15,Yellow,False,Yellow,2.0,False,False,1,11:10,11:10,Yellow,Yellow,2024,1,Jan,Monday,finalized,recovered,NWS Tallahassee SRFTAE recovered Bay flag via IEM
2024-01-16,Single Red,False,Single Red,3.0,False,False,1,11:06,11:06,Single Red,Single Red,2024,1,Jan,Tuesday,finalized,recovered,NWS Tallahassee SRFTAE recovered Bay flag via IEM
2024-01-17,Yellow,False,Yellow,2.0,False,False,1,10:20,10:20,Yellow,Yellow,2024,1,Jan,Wednesday,finalized,recovered,NWS Tallahassee SRFTAE recovered Bay flag via IEM
2024-01-18,Yellow,False,Yellow,2.0,False,False,1,10:27,10:27,Yellow,Yellow,2024,1,Jan,Thursday,finalized,recovered,NWS Tallahassee SRFTAE recovered Bay flag via IEM
2024-01-19,Yellow,False,Yellow,2.0,False,False,1,11:11,11:11,Yellow,Yellow,2024,1,Jan,Friday,finalized,recovered,NWS Tallahassee SRFTAE recovered Bay flag via IEM
2024-01-20,Yellow,False,Yellow,2.0,False,False,1,10:31,10:31,Yellow,Yellow,2024,1,Jan,Saturday,finalized,recovered,NWS Tallahassee SRFTAE recovered Bay flag via IEM
2024-01-21,Yellow,False,Yellow,2.0,False,False,1,11:05,11:05,Yellow,Yellow,2024,1,Jan,Sunday,finalized,recovered,NWS Tallahassee SRFTAE recovered Bay flag via IEM
2024-01-22,Yellow,False,Yellow,2.0,False,False,1,10:17,10:17,Yellow,Yellow,2024,1,Jan,Monday,finalized,recovered,NWS Tallahassee SRFTAE recovered Bay flag via IEM
2024-01-23,Double Red,False,Double Red,4.0,False,False,1,10:29,10:29,Double Red,Double Red,2024,1,Jan,Tuesday,finalized,recovered,NWS Tallahassee SRFTAE recovered Bay flag via IEM
2024-01-24,Double Red,False,Double Red,4.0,False,False,1,10:26,10:26,Double Red,Double Red,2024,1,Jan,Wednesday,finalized,recovered,NWS Tallahassee SRFTAE recovered Bay flag via IEM
2024-01-25,Single Red,False,Single Red,3.0,False,False,1,10:27,10:27,Single Red,Single Red,2024,1,Jan,Thursday,finalized,recovered,NWS Tallahassee SRFTAE recovered Bay flag via IEM
2024-01-26,Single Red,False,Single Red,3.0,False,False,1,10:46,10:46,Single Red,Single Red,2024,1,Jan,Friday,finalized,recovered,NWS Tallahassee SRFTAE recovered Bay flag via IEM
2024-01-27,Single Red,False,Single Red,3.0,False,False,1,11:27,11:27,Single Red,Single Red,2024,1,Jan,Saturday,finalized,recovered,NWS Tallahassee SRFTAE recovered Bay flag via IEM
2024-01-28,Single Red,False,Single Red,3.0,False,False,1,10:55,10:55,Single Red,Single Red,2024,1,Jan,Sunday,finalized,recovered,NWS Tallahassee SRFTAE recovered Bay flag via IEM
2024-01-29,Yellow,False,Yellow,2.0,False,False,1,10:44,10:44,Yellow,Yellow,2024,1,Jan,Monday,finalized,recovered,NWS Tallahassee SRFTAE recovered Bay flag via IEM
2024-01-30,Yellow,False,Yellow,2.0,False,False,1,11:10,11:10,Yellow,Yellow,2024,1,Jan,Tuesday,finalized,recovered,NWS Tallahassee SRFTAE recovered Bay flag via IEM
2024-01-31,Single Red,False,Single Red,3.0,False,False,1,11:16,11:16,Single Red,Single Red,2024,1,Jan,Wednesday,finalized,recovered,NWS Tallahassee SRFTAE recovered Bay flag via IEM
2024-02-01,Yellow,False,Yellow,2.0,False,False,1,10:39,10:39,Yellow,Yellow,2024,2,Feb,Thursday,finalized,recovered,NWS Tallahassee SRFTAE recovered Bay flag via IEM
2024-02-02,Yellow,False,Yellow,2.0,False,False,1,11:05,11:05,Yellow,Yellow,2024,2,Feb,Friday,finalized,recovered,NWS Tallahassee SRFTAE recovered Bay flag via IEM
2024-02-03,Yellow,False,Yellow,2.0,False,False,1,10:33,10:33,Yellow,Yellow,2024,2,Feb,Saturday,finalized,recovered,NWS Tallahassee SRFTAE recovered Bay flag via IEM
2024-02-04,Single Red,False,Single Red,3.0,False,False,1,11:25,11:25,Single Red,Single Red,2024,2,Feb,Sunday,finalized,recovered,NWS Tallahassee SRFTAE recovered Bay flag via IEM
2024-02-05,Single Red,False,Single Red,3.0,False,False,1,11:02,11:02,Single Red,Single Red,2024,2,Feb,Monday,finalized,recovered,NWS Tallahassee SRFTAE recovered Bay flag via IEM
2024-02-06,Yellow,False,Yellow,2.0,False,False,1,11:08,11:08,Yellow,Yellow,2024,2,Feb,Tuesday,finalized,recovered,NWS Tallahassee SRFTAE recovered Bay flag via IEM
2024-02-07,Yellow,False,Yellow,2.0,False,False,1,10:43,10:43,Yellow,Yellow,2024,2,Feb,Wednesday,finalized,recovered,NWS Tallahassee SRFTAE recovered Bay flag via IEM
2024-02-08,Yellow,False,Yellow,2.0,False,False,1,10:47,10:47,Yellow,Yellow,2024,2,Feb,Thursday,finalized,recovered,NWS Tallahassee SRFTAE recovered Bay flag via IEM
2024-02-09,Yellow,False,Yellow,2.0,False,False,1,10:45,10:45,Yellow,Yellow,2024,2,Feb,Friday,finalized,recovered,NWS Tallahassee SRFTAE recovered Bay flag via IEM
2024-02-10,Single Red,False,Single Red,3.0,False,False,1,10:31,10:31,Single Red,Single Red,2024,2,Feb,Saturday,finalized,recovered,NWS Tallahassee SRFTAE recovered Bay flag via IEM
2024-02-12,Double Red,False,Double Red,4.0,False,False,1,10:33,10:33,Double Red,Double Red,2024,2,Feb,Monday,finalized,recovered,NWS Tallahassee SRFTAE recovered Bay flag via IEM
2024-02-13,Double Red,False,Double Red,4.0,False,False,1,10:28,10:28,Double Red,Double Red,2024,2,Feb,Tuesday,finalized,recovered,NWS Tallahassee SRFTAE recovered Bay flag via IEM
2024-02-14,Yellow,False,Yellow,2.0,False,False,1,12:05,12:05,Yellow,Yellow,2024,2,Feb,Wednesday,finalized,recovered,NWS Tallahassee SRFTAE recovered Bay flag via IEM
2024-02-15,Yellow,False,Yellow,2.0,False,False,1,10:50,10:50,Yellow,Yellow,2024,2,Feb,Thursday,finalized,recovered,NWS Tallahassee SRFTAE recovered Bay flag via IEM
2024-02-16,Yellow,False,Yellow,2.0,False,False,1,11:06,11:06,Yellow,Yellow,2024,2,Feb,Friday,finalized,recovered,NWS Tallahassee SRFTAE recovered Bay flag via IEM
2024-02-17,Yellow,False,Yellow,2.0,False,False,1,10:50,10:50,Yellow,Yellow,2024,2,Feb,Saturday,finalized,recovered,NWS Tallahassee SRFTAE recovered Bay flag via IEM
2024-02-18,Yellow,False,Yellow,2.0,False,False,1,10:50,10:50,Yellow,Yellow,2024,2,Feb,Sunday,finalized,recovered,NWS Tallahassee SRFTAE recovered Bay flag via IEM
2024-02-19,Yellow,False,Yellow,2.0,False,False,1,10:45,10:45,Yellow,Yellow,2024,2,Feb,Monday,finalized,recovered,NWS Tallahassee SRFTAE recovered Bay flag via IEM
2024-02-20,Yellow,False,Yellow,2.0,False,False,1,10:30,10:30,Yellow,Yellow,2024,2,Feb,Tuesday,finalized,recovered,NWS Tallahassee SRFTAE recovered Bay flag via IEM
2024-02-21,Yellow,False,Yellow,2.0,False,False,1,10:35,10:35,Yellow,Yellow,2024,2,Feb,Wednesday,finalized,recovered,NWS Tallahassee SRFTAE recovered Bay flag via IEM
2024-02-22,Yellow,False,Yellow,2.0,False,False,1,10:54,10:54,Yellow,Yellow,2024,2,Feb,Thursday,finalized,recovered,NWS Tallahassee SRFTAE recovered Bay flag via IEM
2024-02-23,Double Red,False,Double Red,4.0,False,False,1,10:43,10:43,Double Red,Double Red,2024,2,Feb,Friday,finalized,recovered,NWS Tallahassee SRFTAE recovered Bay flag via IEM
2024-02-24,Single Red,False,Single Red,3.0,False,False,1,11:03,11:03,Single Red,Single Red,2024,2,Feb,Saturday,finalized,recovered,NWS Tallahassee SRFTAE recovered Bay flag via IEM
2024-02-26,Yellow,False,Yellow,2.0,False,False,1,10:58,10:58,Yellow,Yellow,2024,2,Feb,Monday,finalized,recovered,NWS Tallahassee SRFTAE recovered Bay flag via IEM
2024-02-27,Double Red,False,Double Red,4.0,False,False,1,11:18,11:18,Double Red,Double Red,2024,2,Feb,Tuesday,finalized,recovered,NWS Tallahassee SRFTAE recovered Bay flag via IEM
2024-02-28,Double Red,False,Double Red,4.0,False,False,1,11:11,11:11,Double Red,Double Red,2024,2,Feb,Wednesday,finalized,recovered,NWS Tallahassee SRFTAE recovered Bay flag via IEM
2024-02-29,Single Red,False,Single Red,3.0,False,False,1,11:16,11:16,Single Red,Single Red,2024,2,Feb,Thursday,finalized,recovered,NWS Tallahassee SRFTAE recovered Bay flag via IEM
2024-03-02,Single Red,False,Single Red,3.0,False,False,1,12:02,12:02,Single Red,Single Red,2024,3,Mar,Saturday,finalized,recovered,NWS Tallahassee SRFTAE recovered Bay flag via IEM
2024-03-03,Yellow,False,Yellow,2.0,False,False,1,10:33,10:33,Yellow,Yellow,2024,3,Mar,Sunday,finalized,recovered,NWS Tallahassee SRFTAE recovered Bay flag via IEM
2024-03-04,Yellow,False,Yellow,2.0,False,False,1,11:22,11:22,Yellow,Yellow,2024,3,Mar,Monday,finalized,recovered,NWS Tallahassee SRFTAE recovered Bay flag via IEM
2024-03-05,Single Red,False,Single Red,3.0,False,False,1,10:54,10:54,Single Red,Single Red,2024,3,Mar,Tuesday,finalized,recovered,NWS Tallahassee SRFTAE recovered Bay flag via IEM
2024-03-06,Single Red,False,Single Red,3.0,False,False,1,11:16,11:16,Single Red,Single Red,2024,3,Mar,Wednesday,finalized,recovered,NWS Tallahassee SRFTAE recovered Bay flag via IEM
2024-03-07,Yellow,False,Yellow,2.0,False,False,1,11:53,11:53,Yellow,Yellow,2024,3,Mar,Thursday,finalized,recovered,NWS Tallahassee SRFTAE recovered Bay flag via IEM
2024-03-08,Single Red,False,Single Red,3.0,False,False,1,11:06,11:06,Single Red,Single Red,2024,3,Mar,Friday,finalized,recovered,NWS Tallahassee SRFTAE recovered Bay flag via IEM
2024-03-09,Double Red,False,Double Red,4.0,False,False,1,10:28,10:28,Double Red,Double Red,2024,3,Mar,Saturday,finalized,recovered,NWS Tallahassee SRFTAE recovered Bay flag via IEM
2024-03-10,Single Red,False,Single Red,3.0,False,False,1,10:40,10:40,Single Red,Single Red,2024,3,Mar,Sunday,finalized,recovered,NWS Tallahassee SRFTAE recovered Bay flag via IEM
2024-03-11,Yellow,False,Yellow,2.0,False,False,1,10:14,10:14,Yellow,Yellow,2024,3,Mar,Monday,finalized,recovered,NWS Tallahassee SRFTAE recovered Bay flag via IEM
2024-03-12,Yellow,False,Yellow,2.0,False,False,1,10:24,10:24,Yellow,Yellow,2024,3,Mar,Tuesday,finalized,recovered,NWS Tallahassee SRFTAE recovered Bay flag via IEM
2024-03-13,Yellow,False,Yellow,2.0,False,False,1,10:28,10:28,Yellow,Yellow,2024,3,Mar,Wednesday,finalized,recovered,NWS Tallahassee SRFTAE recovered Bay flag via IEM
2024-03-14,Yellow,False,Yellow,2.0,False,False,1,10:44,10:44,Yellow,Yellow,2024,3,Mar,Thursday,finalized,recovered,NWS Tallahassee SRFTAE recovered Bay flag via IEM
2024-03-15,Single Red,False,Single Red,3.0,False,False,1,11:13,11:13,Single Red,Single Red,2024,3,Mar,Friday,finalized,recovered,NWS Tallahassee SRFTAE recovered Bay flag via IEM
2024-03-16,Single Red,False,Single Red,3.0,False,False,1,10:55,10:55,Single Red,Single Red,2024,3,Mar,Saturday,finalized,recovered,NWS Tallahassee SRFTAE recovered Bay flag via IEM
2024-03-17,Single Red,False,Single Red,3.0,False,False,1,10:48,10:48,Single Red,Single Red,2024,3,Mar,Sunday,finalized,recovered,NWS Tallahassee SRFTAE recovered Bay flag via IEM
2024-03-18,Yellow,False,Yellow,2.0,False,False,1,13:21,13:21,Yellow,Yellow,2024,3,Mar,Monday,finalized,recovered,NWS Tallahassee SRFTAE recovered Bay flag via IEM
2024-03-19,Yellow,False,Yellow,2.0,False,False,1,11:01,11:01,Yellow,Yellow,2024,3,Mar,Tuesday,finalized,recovered,NWS Tallahassee SRFTAE recovered Bay flag via IEM
2024-03-22,Single Red,False,Single Red,3.0,False,False,1,11:48,11:48,Single Red,Single Red,2024,3,Mar,Friday,finalized,recovered,NWS Tallahassee SRFTAE recovered Bay flag via IEM
2024-03-23,Double Red,False,Double Red,4.0,False,False,1,10:08,10:08,Double Red,Double Red,2024,3,Mar,Saturday,finalized,recovered,NWS Tallahassee SRFTAE recovered Bay flag via IEM
2024-03-24,Yellow,False,Yellow,2.0,False,False,1,10:19,10:19,Yellow,Yellow,2024,3,Mar,Sunday,finalized,recovered,NWS Tallahassee SRFTAE recovered Bay flag via IEM
2024-03-25,Double Red,False,Double Red,4.0,False,False,1,10:40,10:40,Double Red,Double Red,2024,3,Mar,Monday,finalized,recovered,NWS Tallahassee SRFTAE recovered Bay flag via IEM
2024-03-26,Double Red,False,Double Red,4.0,False,False,1,11:09,11:09,Double Red,Double Red,2024,3,Mar,Tuesday,finalized,recovered,NWS Tallahassee SRFTAE recovered Bay flag via IEM
2024-03-27,Double Red,False,Double Red,4.0,False,False,1,10:27,10:27,Double Red,Double Red,2024,3,Mar,Wednesday,finalized,recovered,NWS Tallahassee SRFTAE recovered Bay flag via IEM
2024-03-28,Single Red,False,Single Red,3.0,False,False,1,10:35,10:35,Single Red,Single Red,2024,3,Mar,Thursday,finalized,recovered,NWS Tallahassee SRFTAE recovered Bay flag via IEM
2024-03-29,Yellow,False,Yellow,2.0,False,False,1,10:20,10:20,Yellow,Yellow,2024,3,Mar,Friday,finalized,recovered,NWS Tallahassee SRFTAE recovered Bay flag via IEM
2024-03-30,Yellow,False,Yellow,2.0,False,False,1,10:34,10:34,Yellow,Yellow,2024,3,Mar,Saturday,finalized,recovered,NWS Tallahassee SRFTAE recovered Bay flag via IEM
2024-03-31,Yellow,False,Yellow,2.0,False,False,1,10:36,10:36,Yellow,Yellow,2024,3,Mar,Sunday,finalized,recovered,NWS Tallahassee SRFTAE recovered Bay flag via IEM
2024-04-01,Single Red,False,Single Red,3.0,False,False,1,11:17,11:17,Single Red,Single Red,2024,4,Apr,Monday,finalized,recovered,NWS Tallahassee SRFTAE recovered Bay flag via IEM
2024-04-02,Double Red,False,Double Red,4.0,False,False,1,11:27,11:27,Double Red,Double Red,2024,4,Apr,Tuesday,finalized,recovered,NWS Tallahassee SRFTAE recovered Bay flag via IEM
2024-04-03,Double Red,False,Double Red,4.0,False,False,1,10:29,10:29,Double Red,Double Red,2024,4,Apr,Wednesday,finalized,recovered,NWS Tallahassee SRFTAE recovered Bay flag via IEM
2024-04-04,Double Red,False,Double Red,4.0,False,False,1,11:08,11:08,Double Red,Double Red,2024,4,Apr,Thursday,finalized,recovered,NWS Tallahassee SRFTAE recovered Bay flag via IEM
2024-04-05,Single Red,False,Single Red,3.0,False,False,1,10:34,10:34,Single Red,Single Red,2024,4,Apr,Friday,finalized,recovered,NWS Tallahassee SRFTAE recovered Bay flag via IEM
2024-04-06,Single Red,False,Single Red,3.0,False,False,1,11:24,11:24,Single Red,Single Red,2024,4,Apr,Saturday,finalized,recovered,NWS Tallahassee SRFTAE recovered Bay flag via IEM
2024-04-07,Yellow,False,Yellow,2.0,False,False,1,10:20,10:20,Yellow,Yellow,2024,4,Apr,Sunday,finalized,recovered,NWS Tallahassee SRFTAE recovered Bay flag via IEM
2024-04-08,Single Red,False,Single Red,3.0,False,False,1,13:18,13:18,Single Red,Single Red,2024,4,Apr,Monday,finalized,recovered,NWS Tallahassee SRFTAE recovered Bay flag via IEM
2024-04-09,Single Red,False,Single Red,3.0,False,False,1,10:48,10:48,Single Red,Single Red,2024,4,Apr,Tuesday,finalized,recovered,NWS Tallahassee SRFTAE recovered Bay flag via IEM
2024-04-10,Double Red,False,Double Red,4.0,False,False,1,10:15,10:15,Double Red,Double Red,2024,4,Apr,Wednesday,finalized,recovered,NWS Tallahassee SRFTAE recovered Bay flag via IEM
2024-04-11,Double Red,False,Double Red,4.0,False,False,1,10:24,10:24,Double Red,Double Red,2024,4,Apr,Thursday,finalized,recovered,NWS Tallahassee SRFTAE recovered Bay flag via IEM
2024-04-12,Single Red,False,Single Red,3.0,False,False,1,10:22,10:22,Single Red,Single Red,2024,4,Apr,Friday,finalized,recovered,NWS Tallahassee SRFTAE recovered Bay flag via IEM
2024-04-13,Single Red,False,Single Red,3.0,False,False,1,10:59,10:59,Single Red,Single Red,2024,4,Apr,Saturday,finalized,recovered,NWS Tallahassee SRFTAE recovered Bay flag via IEM
2024-04-14,Yellow,False,Yellow,2.0,False,False,1,10:30,10:30,Yellow,Yellow,2024,4,Apr,Sunday,finalized,recovered,NWS Tallahassee SRFTAE recovered Bay flag via IEM
2024-04-15,Yellow,False,Yellow,2.0,False,False,1,10:22,10:22,Yellow,Yellow,2024,4,Apr,Monday,finalized,recovered,NWS Tallahassee SRFTAE recovered Bay flag via IEM
2024-04-16,Yellow,False,Yellow,2.0,False,False,1,10:47,10:47,Yellow,Yellow,2024,4,Apr,Tuesday,finalized,recovered,NWS Tallahassee SRFTAE recovered Bay flag via IEM
2024-04-17,Single Red,False,Single Red,3.0,False,False,1,11:07,11:07,Single Red,Single Red,2024,4,Apr,Wednesday,finalized,recovered,NWS Tallahassee SRFTAE recovered Bay flag via IEM
2024-04-18,Single Red,False,Single Red,3.0,False,False,1,10:38,10:38,Single Red,Single Red,2024,4,Apr,Thursday,finalized,recovered,NWS Tallahassee SRFTAE recovered Bay flag via IEM
2024-04-19,Single Red,False,Single Red,3.0,False,False,1,11:02,11:02,Single Red,Single Red,2024,4,Apr,Friday,finalized,recovered,NWS Tallahassee SRFTAE recovered Bay flag via IEM
2024-04-20,Single Red,False,Single Red,3.0,False,False,1,11:04,11:04,Single Red,Single Red,2024,4,Apr,Saturday,finalized,recovered,NWS Tallahassee SRFTAE recovered Bay flag via IEM
2024-04-21,Single Red,False,Single Red,3.0,False,False,1,11:05,11:05,Single Red,Single Red,2024,4,Apr,Sunday,finalized,recovered,NWS Tallahassee SRFTAE recovered Bay flag via IEM
2024-04-22,Yellow,False,Yellow,2.0,False,False,1,11:15,11:15,Yellow,Yellow,2024,4,Apr,Monday,finalized,recovered,NWS Tallahassee SRFTAE recovered Bay flag via IEM
2024-04-23,Yellow,False,Yellow,2.0,False,False,1,10:30,10:30,Yellow,Yellow,2024,4,Apr,Tuesday,finalized,recovered,NWS Tallahassee SRFTAE recovered Bay flag via IEM
2024-04-24,Yellow,False,Yellow,2.0,False,False,1,10:54,10:54,Yellow,Yellow,2024,4,Apr,Wednesday,finalized,recovered,NWS Tallahassee SRFTAE recovered Bay flag via IEM
2024-04-25,Yellow,False,Yellow,2.0,False,False,1,10:21,10:21,Yellow,Yellow,2024,4,Apr,Thursday,finalized,recovered,NWS Tallahassee SRFTAE recovered Bay flag via IEM
2024-04-26,Yellow,False,Yellow,2.0,False,False,1,10:32,10:32,Yellow,Yellow,2024,4,Apr,Friday,finalized,recovered,NWS Tallahassee SRFTAE recovered Bay flag via IEM
2024-04-27,Single Red,False,Single Red,3.0,False,False,1,11:07,11:07,Single Red,Single Red,2024,4,Apr,Saturday,finalized,recovered,NWS Tallahassee SRFTAE recovered Bay flag via IEM
2024-04-28,Double Red,False,Double Red,4.0,False,False,1,10:51,10:51,Double Red,Double Red,2024,4,Apr,Sunday,finalized,recovered,NWS Tallahassee SRFTAE recovered Bay flag via IEM
2024-04-29,Double Red,False,Double Red,4.0,False,False,1,10:22,10:22,Double Red,Double Red,2024,4,Apr,Monday,finalized,recovered,NWS Tallahassee SRFTAE recovered Bay flag via IEM
2024-04-30,Double Red,False,Double Red,4.0,False,False,1,10:33,10:33,Double Red,Double Red,2024,4,Apr,Tuesday,finalized,recovered,NWS Tallahassee SRFTAE recovered Bay flag via IEM
2024-05-01,Single Red,False,Single Red,3.0,False,False,1,10:48,10:48,Single Red,Single Red,2024,5,May,Wednesday,finalized,recovered,NWS Tallahassee SRFTAE recovered Bay flag via IEM
2024-05-02,Yellow,False,Yellow,2.0,False,False,1,10:37,10:37,Yellow,Yellow,2024,5,May,Thursday,finalized,recovered,NWS Tallahassee SRFTAE recovered Bay flag via IEM
2024-05-03,Yellow,False,Yellow,2.0,False,False,1,10:48,10:48,Yellow,Yellow,2024,5,May,Friday,finalized,recovered,NWS Tallahassee SRFTAE recovered Bay flag via IEM
2024-05-04,Yellow,False,Yellow,2.0,False,False,1,10:57,10:57,Yellow,Yellow,2024,5,May,Saturday,finalized,recovered,NWS Tallahassee SRFTAE recovered Bay flag via IEM
2024-05-05,Yellow,False,Yellow,2.0,False,False,1,10:34,10:34,Yellow,Yellow,2024,5,May,Sunday,finalized,recovered,NWS Tallahassee SRFTAE recovered Bay flag via IEM
2024-05-06,Single Red,False,Single Red,3.0,False,False,1,11:14,11:14,Single Red,Single Red,2024,5,May,Monday,finalized,recovered,NWS Tallahassee SRFTAE recovered Bay flag via IEM
2024-05-07,Single Red,False,Single Red,3.0,False,False,1,10:16,10:16,Single Red,Single Red,2024,5,May,Tuesday,finalized,recovered,NWS Tallahassee SRFTAE recovered Bay flag via IEM
2024-05-08,Single Red,False,Single Red,3.0,False,False,1,10:46,10:46,Single Red,Single Red,2024,5,May,Wednesday,finalized,recovered,NWS Tallahassee SRFTAE recovered Bay flag via IEM
2024-05-09,Double Red,False,Double Red,4.0,False,False,1,11:24,11:24,Double Red,Double Red,2024,5,May,Thursday,finalized,recovered,NWS Tallahassee SRFTAE recovered Bay flag via IEM
2024-05-10,Double Red,False,Double Red,4.0,False,False,1,10:16,10:16,Double Red,Double Red,2024,5,May,Friday,finalized,recovered,NWS Tallahassee SRFTAE recovered Bay flag via IEM
2024-05-11,Single Red,False,Single Red,3.0,False,False,1,10:34,10:34,Single Red,Single Red,2024,5,May,Saturday,finalized,recovered,NWS Tallahassee SRFTAE recovered Bay flag via IEM
2024-05-12,Yellow,False,Yellow,2.0,False,False,1,10:36,10:36,Yellow,Yellow,2024,5,May,Sunday,finalized,recovered,NWS Tallahassee SRFTAE recovered Bay flag via IEM
2024-05-13,Single Red,False,Single Red,3.0,False,False,1,10:51,10:51,Single Red,Single Red,2024,5,May,Monday,finalized,recovered,NWS Tallahassee SRFTAE recovered Bay flag via IEM
2024-05-14,Double Red,False,Double Red,4.0,False,False,1,11:19,11:19,Double Red,Double Red,2024,5,May,Tuesday,finalized,recovered,NWS Tallahassee SRFTAE recovered Bay flag via IEM
2024-05-15,Double Red,False,Double Red,4.0,False,False,1,11:05,11:05,Double Red,Double Red,2024,5,May,Wednesday,finalized,recovered,NWS Tallahassee SRFTAE recovered Bay flag via IEM
2024-05-16,Single Red,False,Single Red,3.0,False,False,1,11:00,11:00,Single Red,Single Red,2024,5,May,Thursday,finalized,recovered,NWS Tallahassee SRFTAE recovered Bay flag via IEM
2024-05-17,Single Red,False,Single Red,3.0,False,False,1,14:10,14:10,Single Red,Single Red,2024,5,May,Friday,finalized,recovered,NWS Tallahassee SRFTAE recovered Bay flag via IEM
2024-05-18,Single Red,False,Single Red,3.0,False,False,1,11:00,11:00,Single Red,Single Red,2024,5,May,Saturday,finalized,recovered,NWS Tallahassee SRFTAE recovered Bay flag via IEM
2024-05-19,Double Red,False,Double Red,4.0,False,False,1,11:12,11:12,Double Red,Double Red,2024,5,May,Sunday,finalized,recovered,NWS Tallahassee SRFTAE recovered Bay flag via IEM
2024-05-20,Single Red,False,Single Red,3.0,False,False,1,10:23,10:23,Single Red,Single Red,2024,5,May,Monday,finalized,recovered,NWS Tallahassee SRFTAE recovered Bay flag via IEM
2024-05-21,Single Red,False,Single Red,3.0,False,False,1,13:55,13:55,Single Red,Single Red,2024,5,May,Tuesday,finalized,recovered,NWS Tallahassee SRFTAE recovered Bay flag via IEM
2024-05-22,Yellow,False,Yellow,2.0,False,False,1,10:14,10:14,Yellow,Yellow,2024,5,May,Wednesday,finalized,recovered,NWS Tallahassee SRFTAE recovered Bay flag via IEM
2024-05-23,Yellow,False,Yellow,2.0,False,False,1,10:28,10:28,Yellow,Yellow,2024,5,May,Thursday,finalized,recovered,NWS Tallahassee SRFTAE recovered Bay flag via IEM
2024-05-24,Single Red,False,Single Red,3.0,False,False,1,10:32,10:32,Single Red,Single Red,2024,5,May,Friday,finalized,recovered,NWS Tallahassee SRFTAE recovered Bay flag via IEM
2024-05-25,Single Red,False,Single Red,3.0,False,False,1,10:19,10:19,Single Red,Single Red,2024,5,May,Saturday,finalized,recovered,NWS Tallahassee SRFTAE recovered Bay flag via IEM
2024-05-26,Single Red,False,Single Red,3.0,False,False,1,10:21,10:21,Single Red,Single Red,2024,5,May,Sunday,finalized,recovered,NWS Tallahassee SRFTAE recovered Bay flag via IEM
2024-05-27,Double Red,False,Double Red,4.0,False,False,1,10:18,10:18,Double Red,Double Red,2024,5,May,Monday,finalized,recovered,NWS Tallahassee SRFTAE recovered Bay flag via IEM
2024-05-28,Single Red,False,Single Red,3.0,False,False,1,10:36,10:36,Single Red,Single Red,2024,5,May,Tuesday,finalized,recovered,NWS Tallahassee SRFTAE recovered Bay flag via IEM
2024-05-29,Yellow,False,Yellow,2.0,False,False,1,10:20,10:20,Yellow,Yellow,2024,5,May,Wednesday,finalized,recovered,NWS Tallahassee SRFTAE recovered Bay flag via IEM
2024-05-30,Yellow,False,Yellow,2.0,False,False,1,11:06,11:06,Yellow,Yellow,2024,5,May,Thursday,finalized,recovered,NWS Tallahassee SRFTAE recovered Bay flag via IEM
2024-05-31,Yellow,False,Yellow,2.0,False,False,1,10:59,10:59,Yellow,Yellow,2024,5,May,Friday,finalized,recovered,NWS Tallahassee SRFTAE recovered Bay flag via IEM
2024-06-01,Single Red,False,Single Red,3.0,False,False,1,10:18,10:18,Single Red,Single Red,2024,6,Jun,Saturday,finalized,recovered,NWS Tallahassee SRFTAE recovered Bay flag via IEM
2024-06-02,Single Red,False,Single Red,3.0,False,False,1,10:22,10:22,Single Red,Single Red,2024,6,Jun,Sunday,finalized,recovered,NWS Tallahassee SRFTAE recovered Bay flag via IEM
2024-06-03,Yellow,False,Yellow,2.0,False,False,1,10:48,10:48,Yellow,Yellow,2024,6,Jun,Monday,finalized,recovered,NWS Tallahassee SRFTAE recovered Bay flag via IEM
2024-06-04,Yellow,False,Yellow,2.0,False,False,1,10:47,10:47,Yellow,Yellow,2024,6,Jun,Tuesday,finalized,recovered,NWS Tallahassee SRFTAE recovered Bay flag via IEM
2024-06-05,Single Red,False,Single Red,3.0,False,False,1,10:50,10:50,Single Red,Single Red,2024,6,Jun,Wednesday,finalized,recovered,NWS Tallahassee SRFTAE recovered Bay flag via IEM
2024-06-06,Single Red,False,Single Red,3.0,False,False,1,10:43,10:43,Single Red,Single Red,2024,6,Jun,Thursday,finalized,recovered,NWS Tallahassee SRFTAE recovered Bay flag via IEM
2024-06-07,Single Red,False,Single Red,3.0,False,False,1,10:45,10:45,Single Red,Single Red,2024,6,Jun,Friday,finalized,recovered,NWS Tallahassee SRFTAE recovered Bay flag via IEM
2024-06-08,Single Red,False,Single Red,3.0,False,False,1,11:05,11:05,Single Red,Single Red,2024,6,Jun,Saturday,finalized,recovered,NWS Tallahassee SRFTAE recovered Bay flag via IEM
2024-06-09,Single Red,False,Single Red,3.0,False,False,1,11:00,11:00,Single Red,Single Red,2024,6,Jun,Sunday,finalized,recovered,NWS Tallahassee SRFTAE recovered Bay flag via IEM
2024-06-10,Yellow,False,Yellow,2.0,False,False,1,10:45,10:45,Yellow,Yellow,2024,6,Jun,Monday,finalized,recovered,NWS Tallahassee SRFTAE recovered Bay flag via IEM
2024-06-11,Yellow,False,Yellow,2.0,False,False,1,10:42,10:42,Yellow,Yellow,2024,6,Jun,Tuesday,finalized,recovered,NWS Tallahassee SRFTAE recovered Bay flag via IEM
2024-06-12,Yellow,False,Yellow,2.0,False,False,1,10:44,10:44,Yellow,Yellow,2024,6,Jun,Wednesday,finalized,recovered,NWS Tallahassee SRFTAE recovered Bay flag via IEM
2024-06-13,Yellow,False,Yellow,2.0,False,False,1,11:12,11:12,Yellow,Yellow,2024,6,Jun,Thursday,finalized,recovered,NWS Tallahassee SRFTAE recovered Bay flag via IEM
2024-06-14,Yellow,False,Yellow,2.0,False,False,1,10:11,10:11,Yellow,Yellow,2024,6,Jun,Friday,finalized,recovered,NWS Tallahassee SRFTAE recovered Bay flag via IEM
2024-06-15,Yellow,False,Yellow,2.0,False,False,1,10:41,10:41,Yellow,Yellow,2024,6,Jun,Saturday,finalized,recovered,NWS Tallahassee SRFTAE recovered Bay flag via IEM
2024-06-16,Single Red,False,Single Red,3.0,False,False,1,10:18,10:18,Single Red,Single Red,2024,6,Jun,Sunday,finalized,recovered,NWS Tallahassee SRFTAE recovered Bay flag via IEM
2024-06-17,Single Red,False,Single Red,3.0,False,False,1,10:11,10:11,Single Red,Single Red,2024,6,Jun,Monday,finalized,recovered,NWS Tallahassee SRFTAE recovered Bay flag via IEM
2024-06-18,Double Red,False,Double Red,4.0,False,False,1,10:07,10:07,Double Red,Double Red,2024,6,Jun,Tuesday,finalized,recovered,NWS Tallahassee SRFTAE recovered Bay flag via IEM
2024-06-19,Double Red,False,Double Red,4.0,False,False,1,10:59,10:59,Double Red,Double Red,2024,6,Jun,Wednesday,finalized,recovered,NWS Tallahassee SRFTAE recovered Bay flag via IEM
2024-06-20,Double Red,False,Double Red,4.0,False,False,1,10:22,10:22,Double Red,Double Red,2024,6,Jun,Thursday,finalized,recovered,NWS Tallahassee SRFTAE recovered Bay flag via IEM
2024-06-21,Single Red,False,Single Red,3.0,False,False,1,10:16,10:16,Single Red,Single Red,2024,6,Jun,Friday,finalized,recovered,NWS Tallahassee SRFTAE recovered Bay flag via IEM
2024-06-22,Single Red,False,Single Red,3.0,False,False,1,10:27,10:27,Single Red,Single Red,2024,6,Jun,Saturday,finalized,recovered,NWS Tallahassee SRFTAE recovered Bay flag via IEM
2024-06-23,Double Red,False,Double Red,4.0,False,False,2,11:36,12:14,Double Red,Double Red,2024,6,Jun,Sunday,finalized,recovered,NWS Tallahassee SRFTAE recovered Bay flag via IEM
2024-06-24,Double Red,False,Double Red,4.0,False,False,1,11:00,11:00,Double Red,Double Red,2024,6,Jun,Monday,finalized,recovered,NWS Tallahassee SRFTAE recovered Bay flag via IEM
2024-06-25,Single Red,False,Single Red,3.0,False,False,1,10:48,10:48,Single Red,Single Red,2024,6,Jun,Tuesday,finalized,recovered,NWS Tallahassee SRFTAE recovered Bay flag via IEM
2024-06-26,Single Red,False,Single Red,3.0,False,False,1,10:22,10:22,Single Red,Single Red,2024,6,Jun,Wednesday,finalized,recovered,NWS Tallahassee SRFTAE recovered Bay flag via IEM
2024-06-27,Single Red,False,Single Red,3.0,False,False,1,10:58,10:58,Single Red,Single Red,2024,6,Jun,Thursday,finalized,recovered,NWS Tallahassee SRFTAE recovered Bay flag via IEM
2024-06-28,Single Red,False,Single Red,3.0,False,False,1,10:50,10:50,Single Red,Single Red,2024,6,Jun,Friday,finalized,recovered,NWS Tallahassee SRFTAE recovered Bay flag via IEM
2024-06-29,Single Red,False,Single Red,3.0,False,False,1,11:03,11:03,Single Red,Single Red,2024,6,Jun,Saturday,finalized,recovered,NWS Tallahassee SRFTAE recovered Bay flag via IEM
2024-06-30,Single Red,False,Single Red,3.0,False,False,1,10:15,10:15,Single Red,Single Red,2024,6,Jun,Sunday,finalized,recovered,NWS Tallahassee SRFTAE recovered Bay flag via IEM
2024-07-01,Double Red,False,Double Red,4.0,False,False,2,10:15,12:35,Double Red,Double Red,2024,7,Jul,Monday,finalized,recovered,NWS Tallahassee SRFTAE recovered Bay flag via IEM
2024-07-02,Single Red,False,Single Red,3.0,False,False,1,10:46,10:46,Single Red,Single Red,2024,7,Jul,Tuesday,finalized,recovered,NWS Tallahassee SRFTAE recovered Bay flag via IEM
2024-07-03,Yellow,False,Yellow,2.0,False,False,1,12:09,12:09,Yellow,Yellow,2024,7,Jul,Wednesday,finalized,recovered,NWS Tallahassee SRFTAE recovered Bay flag via IEM
2024-07-04,Yellow,False,Yellow,2.0,False,False,1,10:34,10:34,Yellow,Yellow,2024,7,Jul,Thursday,finalized,recovered,NWS Tallahassee SRFTAE recovered Bay flag via IEM
2024-07-05,Double Red,False,Double Red,4.0,False,False,3,10:18,17:11,Double Red,Double Red,2024,7,Jul,Friday,finalized,recovered,NWS Tallahassee SRFTAE recovered Bay flag via IEM
2024-07-06,Double Red,False,Double Red,4.0,False,False,1,10:38,10:38,Double Red,Double Red,2024,7,Jul,Saturday,finalized,recovered,NWS Tallahassee SRFTAE recovered Bay flag via IEM
2024-07-07,Single Red,False,Single Red,3.0,False,False,1,10:18,10:18,Single Red,Single Red,2024,7,Jul,Sunday,finalized,recovered,NWS Tallahassee SRFTAE recovered Bay flag via IEM
2024-07-09,Double Red,False,Double Red,4.0,False,False,1,10:39,10:39,Double Red,Double Red,2024,7,Jul,Tuesday,finalized,recovered,NWS Tallahassee SRFTAE recovered Bay flag via IEM
2024-07-10,Double Red,False,Double Red,4.0,False,False,1,10:41,10:41,Double Red,Double Red,2024,7,Jul,Wednesday,finalized,recovered,NWS Tallahassee SRFTAE recovered Bay flag via IEM
2024-07-11,Single Red,False,Single Red,3.0,False,False,1,11:27,11:27,Single Red,Single Red,2024,7,Jul,Thursday,finalized,recovered,NWS Tallahassee SRFTAE recovered Bay flag via IEM
2024-07-12,Single Red,False,Single Red,3.0,False,False,1,10:20,10:20,Single Red,Single Red,2024,7,Jul,Friday,finalized,recovered,NWS Tallahassee SRFTAE recovered Bay flag via IEM
2024-07-13,Yellow,False,Yellow,2.0,False,False,1,10:14,10:14,Yellow,Yellow,2024,7,Jul,Saturday,finalized,recovered,NWS Tallahassee SRFTAE recovered Bay flag via IEM
2024-07-14,Yellow,False,Yellow,2.0,False,False,1,10:26,10:26,Yellow,Yellow,2024,7,Jul,Sunday,finalized,recovered,NWS Tallahassee SRFTAE recovered Bay flag via IEM
2024-07-15,Yellow,False,Yellow,2.0,False,False,1,10:31,10:31,Yellow,Yellow,2024,7,Jul,Monday,finalized,recovered,NWS Tallahassee SRFTAE recovered Bay flag via IEM
2024-07-16,Yellow,False,Yellow,2.0,False,False,1,12:49,12:49,Yellow,Yellow,2024,7,Jul,Tuesday,finalized,recovered,NWS Tallahassee SRFTAE recovered Bay flag via IEM
2024-07-17,Yellow,False,Yellow,2.0,False,False,1,10:20,10:20,Yellow,Yellow,2024,7,Jul,Wednesday,finalized,recovered,NWS Tallahassee SRFTAE recovered Bay flag via IEM
2024-07-18,Yellow,False,Yellow,2.0,False,False,1,10:21,10:21,Yellow,Yellow,2024,7,Jul,Thursday,finalized,recovered,NWS Tallahassee SRFTAE recovered Bay flag via IEM
2024-07-19,Single Red,False,Single Red,3.0,False,False,1,10:35,10:35,Single Red,Single Red,2024,7,Jul,Friday,finalized,recovered,NWS Tallahassee SRFTAE recovered Bay flag via IEM
2024-07-20,Single Red,False,Single Red,3.0,False,False,1,10:42,10:42,Single Red,Single Red,2024,7,Jul,Saturday,finalized,recovered,NWS Tallahassee SRFTAE recovered Bay flag via IEM
2024-07-21,Yellow,False,Yellow,2.0,False,False,1,10:29,10:29,Yellow,Yellow,2024,7,Jul,Sunday,finalized,recovered,NWS Tallahassee SRFTAE recovered Bay flag via IEM
2024-07-22,Yellow,False,Yellow,2.0,False,False,1,10:49,10:49,Yellow,Yellow,2024,7,Jul,Monday,finalized,recovered,NWS Tallahassee SRFTAE recovered Bay flag via IEM
2024-07-23,Yellow,False,Yellow,2.0,False,False,1,10:24,10:24,Yellow,Yellow,2024,7,Jul,Tuesday,finalized,recovered,NWS Tallahassee SRFTAE recovered Bay flag via IEM
2024-07-24,Yellow,False,Yellow,2.0,False,False,1,13:26,13:26,Yellow,Yellow,2024,7,Jul,Wednesday,finalized,recovered,NWS Tallahassee SRFTAE recovered Bay flag via IEM
2024-07-25,Yellow,False,Yellow,2.0,False,False,1,10:33,10:33,Yellow,Yellow,2024,7,Jul,Thursday,finalized,recovered,NWS Tallahassee SRFTAE recovered Bay flag via IEM
2024-07-26,Yellow,False,Yellow,2.0,False,False,1,10:17,10:17,Yellow,Yellow,2024,7,Jul,Friday,finalized,recovered,NWS Tallahassee SRFTAE recovered Bay flag via IEM
2024-07-27,Yellow,False,Yellow,2.0,False,False,1,10:14,10:14,Yellow,Yellow,2024,7,Jul,Saturday,finalized,recovered,NWS Tallahassee SRFTAE recovered Bay flag via IEM
2024-07-28,Yellow,False,Yellow,2.0,False,False,1,10:19,10:19,Yellow,Yellow,2024,7,Jul,Sunday,finalized,recovered,NWS Tallahassee SRFTAE recovered Bay flag via IEM
2024-07-29,Yellow,False,Yellow,2.0,False,False,1,11:47,11:47,Yellow,Yellow,2024,7,Jul,Monday,finalized,recovered,NWS Tallahassee SRFTAE recovered Bay flag via IEM
2024-07-30,Yellow,False,Yellow,2.0,False,False,1,10:39,10:39,Yellow,Yellow,2024,7,Jul,Tuesday,finalized,recovered,NWS Tallahassee SRFTAE recovered Bay flag via IEM
2024-07-31,Yellow,False,Yellow,2.0,False,False,1,10:17,10:17,Yellow,Yellow,2024,7,Jul,Wednesday,finalized,recovered,NWS Tallahassee SRFTAE recovered Bay flag via IEM
2024-08-01,Yellow,False,Yellow,2.0,False,False,1,10:11,10:11,Yellow,Yellow,2024,8,Aug,Thursday,finalized,recovered,NWS Tallahassee SRFTAE recovered Bay flag via IEM
2024-08-02,Yellow,False,Yellow,2.0,False,False,1,10:15,10:15,Yellow,Yellow,2024,8,Aug,Friday,finalized,recovered,NWS Tallahassee SRFTAE recovered Bay flag via IEM
2024-08-03,Yellow,False,Yellow,2.0,False,False,1,10:55,10:55,Yellow,Yellow,2024,8,Aug,Saturday,finalized,recovered,NWS Tallahassee SRFTAE recovered Bay flag via IEM
2024-08-04,Yellow,False,Yellow,2.0,False,False,1,10:04,10:04,Yellow,Yellow,2024,8,Aug,Sunday,finalized,recovered,NWS Tallahassee SRFTAE recovered Bay flag via IEM
2024-08-05,Single Red,False,Single Red,3.0,False,False,1,11:39,11:39,Single Red,Single Red,2024,8,Aug,Monday,finalized,recovered,NWS Tallahassee SRFTAE recovered Bay flag via IEM
2024-08-06,Yellow,False,Yellow,2.0,False,False,1,11:27,11:27,Yellow,Yellow,2024,8,Aug,Tuesday,finalized,recovered,NWS Tallahassee SRFTAE recovered Bay flag via IEM
2024-08-07,Single Red,False,Single Red,3.0,False,False,1,10:17,10:17,Single Red,Single Red,2024,8,Aug,Wednesday,finalized,recovered,NWS Tallahassee SRFTAE recovered Bay flag via IEM
2024-08-08,Single Red,False,Single Red,3.0,False,False,1,10:20,10:20,Single Red,Single Red,2024,8,Aug,Thursday,finalized,recovered,NWS Tallahassee SRFTAE recovered Bay flag via IEM
2024-08-09,Yellow,False,Yellow,2.0,False,False,1,10:49,10:49,Yellow,Yellow,2024,8,Aug,Friday,finalized,recovered,NWS Tallahassee SRFTAE recovered Bay flag via IEM
2024-08-10,Yellow,False,Yellow,2.0,False,False,1,10:32,10:32,Yellow,Yellow,2024,8,Aug,Saturday,finalized,recovered,NWS Tallahassee SRFTAE recovered Bay flag via IEM
2024-08-11,Yellow,False,Yellow,2.0,False,False,1,10:25,10:25,Yellow,Yellow,2024,8,Aug,Sunday,finalized,recovered,NWS Tallahassee SRFTAE recovered Bay flag via IEM
2024-08-12,Yellow,False,Yellow,2.0,False,False,1,11:29,11:29,Yellow,Yellow,2024,8,Aug,Monday,finalized,recovered,NWS Tallahassee SRFTAE recovered Bay flag via IEM
2024-08-13,Yellow,False,Yellow,2.0,False,False,1,10:30,10:30,Yellow,Yellow,2024,8,Aug,Tuesday,finalized,recovered,NWS Tallahassee SRFTAE recovered Bay flag via IEM
2024-08-14,Yellow,False,Yellow,2.0,False,False,1,10:16,10:16,Yellow,Yellow,2024,8,Aug,Wednesday,finalized,recovered,NWS Tallahassee SRFTAE recovered Bay flag via IEM
2024-08-15,Yellow,False,Yellow,2.0,False,False,1,11:27,11:27,Yellow,Yellow,2024,8,Aug,Thursday,finalized,recovered,NWS Tallahassee SRFTAE recovered Bay flag via IEM
2024-08-16,Yellow,False,Yellow,2.0,False,False,1,11:07,11:07,Yellow,Yellow,2024,8,Aug,Friday,finalized,recovered,NWS Tallahassee SRFTAE recovered Bay flag via IEM
2024-08-17,Yellow,False,Yellow,2.0,False,False,1,10:15,10:15,Yellow,Yellow,2024,8,Aug,Saturday,finalized,recovered,NWS Tallahassee SRFTAE recovered Bay flag via IEM
2024-08-18,Yellow,False,Yellow,2.0,False,False,1,10:19,10:19,Yellow,Yellow,2024,8,Aug,Sunday,finalized,recovered,NWS Tallahassee SRFTAE recovered Bay flag via IEM
2024-08-19,Single Red,False,Single Red,3.0,False,True,1,10:00,10:00,Single Red,Single Red,2024,8,Aug,Monday,finalized,primary,ALERTBAY/PCBFLAGS text archive
2024-08-20,Yellow,False,Yellow,2.0,False,True,1,10:03,10:03,Yellow,Yellow,2024,8,Aug,Tuesday,finalized,primary,ALERTBAY/PCBFLAGS text archive
2024-08-21,Yellow,False,Yellow,2.0,False,True,1,10:00,10:00,Yellow,Yellow,2024,8,Aug,Wednesday,finalized,primary,ALERTBAY/PCBFLAGS text archive
2024-08-22,Yellow,False,Yellow,2.0,False,True,1,10:00,10:00,Yellow,Yellow,2024,8,Aug,Thursday,finalized,primary,ALERTBAY/PCBFLAGS text archive
2024-08-23,Yellow,False,Yellow,2.0,False,True,1,10:00,10:00,Yellow,Yellow,2024,8,Aug,Friday,finalized,primary,ALERTBAY/PCBFLAGS text archive
2024-08-24,Yellow,False,Yellow,2.0,False,True,1,10:00,10:00,Yellow,Yellow,2024,8,Aug,Saturday,finalized,primary,ALERTBAY/PCBFLAGS text archive
2024-08-25,Yellow,False,Yellow,2.0,False,True,1,10:00,10:00,Yellow,Yellow,2024,8,Aug,Sunday,finalized,primary,ALERTBAY/PCBFLAGS text archive
2024-08-26,Yellow,False,Yellow,2.0,False,True,1,11:19,11:19,Yellow,Yellow,2024,8,Aug,Monday,finalized,primary,ALERTBAY/PCBFLAGS text archive
2024-08-27,Yellow,False,Yellow,2.0,False,True,1,10:07,10:07,Yellow,Yellow,2024,8,Aug,Tuesday,finalized,primary,ALERTBAY/PCBFLAGS text archive
2024-08-28,Yellow,False,Yellow,2.0,False,True,1,10:01,10:01,Yellow,Yellow,2024,8,Aug,Wednesday,finalized,primary,ALERTBAY/PCBFLAGS text archive
2024-08-29,Yellow,False,Yellow,2.0,False,True,1,10:00,10:00,Yellow,Yellow,2024,8,Aug,Thursday,finalized,primary,ALERTBAY/PCBFLAGS text archive
2024-08-30,Single Red,False,Single Red,3.0,False,True,2,10:00,13:21,Single Red,Single Red,2024,8,Aug,Friday,finalized,primary,ALERTBAY/PCBFLAGS text archive
2024-08-31,Single Red,False,Single Red,3.0,False,True,1,10:00,10:00,Single Red,Single Red,2024,8,Aug,Saturday,finalized,primary,ALERTBAY/PCBFLAGS text archive
2024-09-01,Single Red,True,Single Red,3.0,True,True,2,10:00,16:09,Single Red + Purple,Single Red,2024,9,Sep,Sunday,finalized,primary,ALERTBAY/PCBFLAGS text archive
2024-09-02,Yellow,True,Yellow,2.0,True,True,1,10:00,10:00,Yellow + Purple,Yellow + Purple,2024,9,Sep,Monday,finalized,primary,ALERTBAY/PCBFLAGS text archive
2024-09-03,Yellow,True,Yellow,2.0,True,True,1,10:01,10:01,Yellow + Purple,Yellow + Purple,2024,9,Sep,Tuesday,finalized,primary,ALERTBAY/PCBFLAGS text archive
2024-09-04,Yellow,True,Yellow,2.0,True,True,1,10:18,10:18,Yellow + Purple,Yellow + Purple,2024,9,Sep,Wednesday,finalized,primary,ALERTBAY/PCBFLAGS text archive
2024-09-05,Yellow,True,Yellow,2.0,True,True,1,10:08,10:08,Yellow + Purple,Yellow + Purple,2024,9,Sep,Thursday,finalized,primary,ALERTBAY/PCBFLAGS text archive
2024-09-06,Yellow,True,Yellow,2.0,True,True,1,10:18,10:18,Yellow + Purple,Yellow + Purple,2024,9,Sep,Friday,finalized,primary,ALERTBAY/PCBFLAGS text archive
2024-09-07,Yellow,True,Yellow,2.0,True,True,1,10:32,10:32,Yellow + Purple,Yellow + Purple,2024,9,Sep,Saturday,finalized,primary,ALERTBAY/PCBFLAGS text archive
2024-09-08,Yellow,True,Yellow,2.0,True,True,1,10:00,10:00,Yellow + Purple,Yellow + Purple,2024,9,Sep,Sunday,finalized,primary,ALERTBAY/PCBFLAGS text archive
2024-09-09,Yellow,True,Yellow,2.0,True,True,1,10:01,10:01,Yellow + Purple,Yellow + Purple,2024,9,Sep,Monday,finalized,primary,ALERTBAY/PCBFLAGS text archive
2024-09-10,Single Red,True,Single Red,3.0,True,True,1,10:05,10:05,Single Red + Purple,Single Red + Purple,2024,9,Sep,Tuesday,finalized,primary,ALERTBAY/PCBFLAGS text archive
2024-09-11,Single Red,True,Single Red,3.0,True,True,1,10:00,10:00,Single Red + Purple,Single Red + Purple,2024,9,Sep,Wednesday,finalized,primary,ALERTBAY/PCBFLAGS text archive
2024-09-12,Double Red,False,Double Red,4.0,False,True,1,10:00,10:00,Double Red,Double Red,2024,9,Sep,Thursday,finalized,primary,ALERTBAY/PCBFLAGS text archive
2024-09-13,Single Red,False,Double Red,4.0,False,True,2,10:00,17:25,Single Red,Double Red,2024,9,Sep,Friday,finalized,primary,ALERTBAY/PCBFLAGS text archive
2024-09-14,Single Red,False,Single Red,3.0,False,True,1,10:00,10:00,Single Red,Single Red,2024,9,Sep,Saturday,finalized,primary,ALERTBAY/PCBFLAGS text archive
2024-09-15,Yellow,False,Yellow,2.0,False,True,1,10:00,10:00,Yellow,Yellow,2024,9,Sep,Sunday,finalized,primary,ALERTBAY/PCBFLAGS text archive
2024-09-16,Yellow,False,Yellow,2.0,False,True,1,10:17,10:17,Yellow,Yellow,2024,9,Sep,Monday,finalized,primary,ALERTBAY/PCBFLAGS text archive
2024-09-17,Yellow,False,Yellow,2.0,False,True,1,10:00,10:00,Yellow,Yellow,2024,9,Sep,Tuesday,finalized,primary,ALERTBAY/PCBFLAGS text archive
2024-09-18,Yellow,False,Yellow,2.0,False,True,1,10:00,10:00,Yellow,Yellow,2024,9,Sep,Wednesday,finalized,primary,ALERTBAY/PCBFLAGS text archive
2024-09-19,Yellow,False,Yellow,2.0,False,True,1,10:00,10:00,Yellow,Yellow,2024,9,Sep,Thursday,finalized,primary,ALERTBAY/PCBFLAGS text archive
2024-09-20,Yellow,False,Yellow,2.0,False,True,1,10:00,10:00,Yellow,Yellow,2024,9,Sep,Friday,finalized,primary,ALERTBAY/PCBFLAGS text archive
2024-09-21,Yellow,False,Yellow,2.0,False,True,1,10:00,10:00,Yellow,Yellow,2024,9,Sep,Saturday,finalized,primary,ALERTBAY/PCBFLAGS text archive
2024-09-22,Yellow,False,Yellow,2.0,False,True,1,10:00,10:00,Yellow,Yellow,2024,9,Sep,Sunday,finalized,primary,ALERTBAY/PCBFLAGS text archive
2024-09-23,Yellow,False,Yellow,2.0,False,True,1,10:00,10:00,Yellow,Yellow,2024,9,Sep,Monday,finalized,primary,ALERTBAY/PCBFLAGS text archive
2024-09-24,Yellow,False,Yellow,2.0,False,True,1,10:13,10:13,Yellow,Yellow,2024,9,Sep,Tuesday,finalized,primary,ALERTBAY/PCBFLAGS text archive
2024-09-25,Double Red,False,Double Red,4.0,False,True,2,10:00,18:32,Double Red,Double Red,2024,9,Sep,Wednesday,finalized,primary,ALERTBAY/PCBFLAGS text archive
2024-09-26,Double Red,False,Double Red,4.0,False,True,1,10:00,10:00,Double Red,Double Red,2024,9,Sep,Thursday,finalized,primary,ALERTBAY/PCBFLAGS text archive
2024-09-27,Double Red,False,Double Red,4.0,False,False,1,11:29,11:29,Double Red,Double Red,2024,9,Sep,Friday,finalized,recovered,NWS Tallahassee SRFTAE recovered Bay flag via IEM
2024-09-28,Double Red,False,Double Red,4.0,False,True,1,10:00,10:00,Double Red,Double Red,2024,9,Sep,Saturday,finalized,primary,ALERTBAY/PCBFLAGS text archive
2024-09-29,Double Red,False,Double Red,4.0,False,True,1,10:04,10:04,Double Red,Double Red,2024,9,Sep,Sunday,finalized,primary,ALERTBAY/PCBFLAGS text archive
2024-09-30,Single Red,False,Single Red,3.0,False,True,1,10:00,10:00,Single Red,Single Red,2024,9,Sep,Monday,finalized,primary,ALERTBAY/PCBFLAGS text archive
2024-10-01,Yellow,False,Yellow,2.0,False,True,1,10:00,10:00,Yellow,Yellow,2024,10,Oct,Tuesday,finalized,primary,ALERTBAY/PCBFLAGS text archive
2024-10-02,Yellow,False,Yellow,2.0,False,True,1,10:00,10:00,Yellow,Yellow,2024,10,Oct,Wednesday,finalized,primary,ALERTBAY/PCBFLAGS text archive
2024-10-03,Yellow,False,Yellow,2.0,False,True,1,10:00,10:00,Yellow,Yellow,2024,10,Oct,Thursday,finalized,primary,ALERTBAY/PCBFLAGS text archive
2024-10-04,Yellow,False,Yellow,2.0,False,True,1,10:00,10:00,Yellow,Yellow,2024,10,Oct,Friday,finalized,primary,ALERTBAY/PCBFLAGS text archive
2024-10-05,Yellow,False,Yellow,2.0,False,True,1,10:39,10:39,Yellow,Yellow,2024,10,Oct,Saturday,finalized,primary,ALERTBAY/PCBFLAGS text archive
2024-10-06,Yellow,False,Yellow,2.0,False,True,1,10:01,10:01,Yellow,Yellow,2024,10,Oct,Sunday,finalized,primary,ALERTBAY/PCBFLAGS text archive
2024-10-07,Yellow,False,Yellow,2.0,False,True,1,10:00,10:00,Yellow,Yellow,2024,10,Oct,Monday,finalized,primary,ALERTBAY/PCBFLAGS text archive
2024-10-08,Yellow,False,Yellow,2.0,False,True,1,10:00,10:00,Yellow,Yellow,2024,10,Oct,Tuesday,finalized,primary,ALERTBAY/PCBFLAGS text archive
2024-10-09,Single Red,False,Single Red,3.0,False,True,1,10:01,10:01,Single Red,Single Red,2024,10,Oct,Wednesday,finalized,primary,ALERTBAY/PCBFLAGS text archive
2024-10-10,Single Red,False,Single Red,3.0,False,True,1,10:00,10:00,Single Red,Single Red,2024,10,Oct,Thursday,finalized,primary,ALERTBAY/PCBFLAGS text archive
2024-10-11,Yellow,False,Yellow,2.0,False,True,1,10:00,10:00,Yellow,Yellow,2024,10,Oct,Friday,finalized,primary,ALERTBAY/PCBFLAGS text archive
2024-10-12,Yellow,False,Yellow,2.0,False,True,1,10:00,10:00,Yellow,Yellow,2024,10,Oct,Saturday,finalized,primary,ALERTBAY/PCBFLAGS text archive
2024-10-13,Yellow,False,Yellow,2.0,False,True,1,10:58,10:58,Yellow,Yellow,2024,10,Oct,Sunday,finalized,primary,ALERTBAY/PCBFLAGS text archive
2024-10-14,Yellow,False,Yellow,2.0,False,True,1,10:00,10:00,Yellow,Yellow,2024,10,Oct,Monday,finalized,primary,ALERTBAY/PCBFLAGS text archive
2024-10-15,Yellow,False,Yellow,2.0,False,True,1,10:02,10:02,Yellow,Yellow,2024,10,Oct,Tuesday,finalized,primary,ALERTBAY/PCBFLAGS text archive
2024-10-16,Yellow,False,Yellow,2.0,False,True,1,10:00,10:00,Yellow,Yellow,2024,10,Oct,Wednesday,finalized,primary,ALERTBAY/PCBFLAGS text archive
2024-10-17,Yellow,False,Yellow,2.0,False,True,1,10:00,10:00,Yellow,Yellow,2024,10,Oct,Thursday,finalized,primary,ALERTBAY/PCBFLAGS text archive
2024-10-18,Yellow,False,Yellow,2.0,False,True,1,10:00,10:00,Yellow,Yellow,2024,10,Oct,Friday,finalized,primary,ALERTBAY/PCBFLAGS text archive
2024-10-19,Yellow,False,Yellow,2.0,False,True,1,10:00,10:00,Yellow,Yellow,2024,10,Oct,Saturday,finalized,primary,ALERTBAY/PCBFLAGS text archive
2024-10-20,Yellow,False,Yellow,2.0,False,True,1,10:00,10:00,Yellow,Yellow,2024,10,Oct,Sunday,finalized,primary,ALERTBAY/PCBFLAGS text archive
2024-10-21,Yellow,False,Yellow,2.0,False,True,1,10:00,10:00,Yellow,Yellow,2024,10,Oct,Monday,finalized,primary,ALERTBAY/PCBFLAGS text archive
2024-10-22,Yellow,False,Yellow,2.0,False,True,1,10:00,10:00,Yellow,Yellow,2024,10,Oct,Tuesday,finalized,primary,ALERTBAY/PCBFLAGS text archive
2024-10-23,Yellow,False,Yellow,2.0,False,True,1,10:00,10:00,Yellow,Yellow,2024,10,Oct,Wednesday,finalized,primary,ALERTBAY/PCBFLAGS text archive
2024-10-24,Yellow,False,Yellow,2.0,False,True,1,10:00,10:00,Yellow,Yellow,2024,10,Oct,Thursday,finalized,primary,ALERTBAY/PCBFLAGS text archive
2024-10-25,Yellow,False,Yellow,2.0,False,True,1,10:00,10:00,Yellow,Yellow,2024,10,Oct,Friday,finalized,primary,ALERTBAY/PCBFLAGS text archive
2024-10-26,Yellow,False,Yellow,2.0,False,True,1,10:01,10:01,Yellow,Yellow,2024,10,Oct,Saturday,finalized,primary,ALERTBAY/PCBFLAGS text archive
2024-10-27,Yellow,False,Yellow,2.0,False,True,1,10:00,10:00,Yellow,Yellow,2024,10,Oct,Sunday,finalized,primary,ALERTBAY/PCBFLAGS text archive
2024-10-28,Yellow,False,Yellow,2.0,False,True,1,10:03,10:03,Yellow,Yellow,2024,10,Oct,Monday,finalized,primary,ALERTBAY/PCBFLAGS text archive
2024-10-29,Yellow,False,Yellow,2.0,False,True,1,10:00,10:00,Yellow,Yellow,2024,10,Oct,Tuesday,finalized,primary,ALERTBAY/PCBFLAGS text archive
2024-10-30,Yellow,False,Yellow,2.0,False,True,1,10:38,10:38,Yellow,Yellow,2024,10,Oct,Wednesday,finalized,primary,ALERTBAY/PCBFLAGS text archive
2024-10-31,Single Red,False,Single Red,3.0,False,True,1,10:00,10:00,Single Red,Single Red,2024,10,Oct,Thursday,finalized,primary,ALERTBAY/PCBFLAGS text archive
2024-11-01,Single Red,False,Single Red,3.0,False,True,1,10:00,10:00,Single Red,Single Red,2024,11,Nov,Friday,finalized,primary,ALERTBAY/PCBFLAGS text archive
2024-11-02,Single Red,False,Single Red,3.0,False,True,1,10:00,10:00,Single Red,Single Red,2024,11,Nov,Saturday,finalized,primary,ALERTBAY/PCBFLAGS text archive
2024-11-03,Single Red,False,Single Red,3.0,False,True,1,09:00,09:00,Single Red,Single Red,2024,11,Nov,Sunday,finalized,primary,ALERTBAY/PCBFLAGS text archive
2024-11-04,Single Red,False,Single Red,3.0,False,True,1,10:00,10:00,Single Red,Single Red,2024,11,Nov,Monday,finalized,primary,ALERTBAY/PCBFLAGS text archive
2024-11-05,Double Red,False,Double Red,4.0,False,True,1,10:02,10:02,Double Red,Double Red,2024,11,Nov,Tuesday,finalized,primary,ALERTBAY/PCBFLAGS text archive
2024-11-06,Single Red,False,Single Red,3.0,False,True,1,10:00,10:00,Single Red,Single Red,2024,11,Nov,Wednesday,finalized,primary,ALERTBAY/PCBFLAGS text archive
2024-11-07,Single Red,False,Single Red,3.0,False,True,1,10:01,10:01,Single Red,Single Red,2024,11,Nov,Thursday,finalized,primary,ALERTBAY/PCBFLAGS text archive
2024-11-08,Single Red,False,Single Red,3.0,False,True,1,10:00,10:00,Single Red,Single Red,2024,11,Nov,Friday,finalized,primary,ALERTBAY/PCBFLAGS text archive
2024-11-09,Single Red,False,Single Red,3.0,False,True,1,10:00,10:00,Single Red,Single Red,2024,11,Nov,Saturday,finalized,primary,ALERTBAY/PCBFLAGS text archive
2024-11-10,Single Red,False,Single Red,3.0,False,True,1,10:20,10:20,Single Red,Single Red,2024,11,Nov,Sunday,finalized,primary,ALERTBAY/PCBFLAGS text archive
2024-11-11,Single Red,False,Single Red,3.0,False,True,1,10:00,10:00,Single Red,Single Red,2024,11,Nov,Monday,finalized,primary,ALERTBAY/PCBFLAGS text archive
2024-11-12,Single Red,False,Single Red,3.0,False,True,1,10:26,10:26,Single Red,Single Red,2024,11,Nov,Tuesday,finalized,primary,ALERTBAY/PCBFLAGS text archive
2024-11-13,Single Red,False,Single Red,3.0,False,True,1,10:00,10:00,Single Red,Single Red,2024,11,Nov,Wednesday,finalized,primary,ALERTBAY/PCBFLAGS text archive
2024-11-14,Double Red,False,Double Red,4.0,False,True,1,10:00,10:00,Double Red,Double Red,2024,11,Nov,Thursday,finalized,primary,ALERTBAY/PCBFLAGS text archive
2024-11-15,Single Red,False,Single Red,3.0,False,True,1,10:00,10:00,Single Red,Single Red,2024,11,Nov,Friday,finalized,primary,ALERTBAY/PCBFLAGS text archive
2024-11-16,Yellow,False,Yellow,2.0,False,True,1,10:00,10:00,Yellow,Yellow,2024,11,Nov,Saturday,finalized,primary,ALERTBAY/PCBFLAGS text archive
2024-11-17,Yellow,False,Yellow,2.0,False,True,1,10:00,10:00,Yellow,Yellow,2024,11,Nov,Sunday,finalized,primary,ALERTBAY/PCBFLAGS text archive
2024-11-18,Single Red,False,Single Red,3.0,False,True,1,10:00,10:00,Single Red,Single Red,2024,11,Nov,Monday,finalized,primary,ALERTBAY/PCBFLAGS text archive
2024-11-19,Double Red,False,Double Red,4.0,False,True,1,10:00,10:00,Double Red,Double Red,2024,11,Nov,Tuesday,finalized,primary,ALERTBAY/PCBFLAGS text archive
2024-11-20,Double Red,False,Double Red,4.0,False,True,1,10:00,10:00,Double Red,Double Red,2024,11,Nov,Wednesday,finalized,primary,ALERTBAY/PCBFLAGS text archive
2024-11-21,Single Red,False,Single Red,3.0,False,True,1,10:00,10:00,Single Red,Single Red,2024,11,Nov,Thursday,finalized,primary,ALERTBAY/PCBFLAGS text archive
2024-11-22,Single Red,False,Single Red,3.0,False,True,1,10:00,10:00,Single Red,Single Red,2024,11,Nov,Friday,finalized,primary,ALERTBAY/PCBFLAGS text archive
2024-11-23,Yellow,False,Yellow,2.0,False,False,1,11:15,11:15,Yellow,Yellow,2024,11,Nov,Saturday,finalized,recovered,NWS Tallahassee SRFTAE recovered Bay flag via IEM
2024-11-24,Yellow,False,Yellow,2.0,False,True,1,10:00,10:00,Yellow,Yellow,2024,11,Nov,Sunday,finalized,primary,ALERTBAY/PCBFLAGS text archive
2024-11-25,Yellow,False,Yellow,2.0,False,True,1,10:00,10:00,Yellow,Yellow,2024,11,Nov,Monday,finalized,primary,ALERTBAY/PCBFLAGS text archive
2024-11-26,Single Red,False,Single Red,3.0,False,True,1,10:00,10:00,Single Red,Single Red,2024,11,Nov,Tuesday,finalized,primary,ALERTBAY/PCBFLAGS text archive
2024-11-27,Yellow,False,Yellow,2.0,False,True,1,10:00,10:00,Yellow,Yellow,2024,11,Nov,Wednesday,finalized,primary,ALERTBAY/PCBFLAGS text archive
2024-11-28,Single Red,False,Single Red,3.0,False,True,1,10:00,10:00,Single Red,Single Red,2024,11,Nov,Thursday,finalized,primary,ALERTBAY/PCBFLAGS text archive
2024-11-29,Yellow,False,Yellow,2.0,False,True,1,10:00,10:00,Yellow,Yellow,2024,11,Nov,Friday,finalized,primary,ALERTBAY/PCBFLAGS text archive
2024-11-30,Yellow,False,Yellow,2.0,False,True,1,10:00,10:00,Yellow,Yellow,2024,11,Nov,Saturday,finalized,primary,ALERTBAY/PCBFLAGS text archive
2024-12-01,Yellow,False,Yellow,2.0,False,True,1,10:00,10:00,Yellow,Yellow,2024,12,Dec,Sunday,finalized,primary,ALERTBAY/PCBFLAGS text archive
2024-12-02,Yellow,False,Yellow,2.0,False,False,1,11:01,11:01,Yellow,Yellow,2024,12,Dec,Monday,finalized,recovered,NWS Tallahassee SRFTAE recovered Bay flag via IEM
2024-12-03,Yellow,False,Yellow,2.0,False,False,1,11:17,11:17,Yellow,Yellow,2024,12,Dec,Tuesday,finalized,recovered,NWS Tallahassee SRFTAE recovered Bay flag via IEM
2024-12-04,Yellow,False,Yellow,2.0,False,True,1,10:00,10:00,Yellow,Yellow,2024,12,Dec,Wednesday,finalized,primary,ALERTBAY/PCBFLAGS text archive
2024-12-05,Single Red,False,Single Red,3.0,False,True,1,10:00,10:00,Single Red,Single Red,2024,12,Dec,Thursday,finalized,primary,ALERTBAY/PCBFLAGS text archive
2024-12-06,Yellow,False,Yellow,2.0,False,True,1,10:00,10:00,Yellow,Yellow,2024,12,Dec,Friday,finalized,primary,ALERTBAY/PCBFLAGS text archive
2024-12-07,Yellow,False,Yellow,2.0,False,True,1,12:52,12:52,Yellow,Yellow,2024,12,Dec,Saturday,finalized,primary,ALERTBAY/PCBFLAGS text archive
2024-12-08,Yellow,False,Yellow,2.0,False,True,1,11:23,11:23,Yellow,Yellow,2024,12,Dec,Sunday,finalized,primary,ALERTBAY/PCBFLAGS text archive
2024-12-09,Single Red,False,Single Red,3.0,False,True,1,10:00,10:00,Single Red,Single Red,2024,12,Dec,Monday,finalized,primary,ALERTBAY/PCBFLAGS text archive
2024-12-10,Single Red,False,Single Red,3.0,False,True,1,10:00,10:00,Single Red,Single Red,2024,12,Dec,Tuesday,finalized,primary,ALERTBAY/PCBFLAGS text archive
2024-12-11,Single Red,False,Single Red,3.0,False,True,1,10:00,10:00,Single Red,Single Red,2024,12,Dec,Wednesday,finalized,primary,ALERTBAY/PCBFLAGS text archive
2024-12-12,Yellow,False,Yellow,2.0,False,True,1,10:00,10:00,Yellow,Yellow,2024,12,Dec,Thursday,finalized,primary,ALERTBAY/PCBFLAGS text archive
2024-12-13,Yellow,False,Yellow,2.0,False,True,1,10:00,10:00,Yellow,Yellow,2024,12,Dec,Friday,finalized,primary,ALERTBAY/PCBFLAGS text archive
2024-12-14,Yellow,False,Yellow,2.0,False,True,1,10:00,10:00,Yellow,Yellow,2024,12,Dec,Saturday,finalized,primary,ALERTBAY/PCBFLAGS text archive
2024-12-15,Yellow,False,Yellow,2.0,False,True,1,10:17,10:17,Yellow,Yellow,2024,12,Dec,Sunday,finalized,primary,ALERTBAY/PCBFLAGS text archive
2024-12-16,Yellow,False,Yellow,2.0,False,True,1,10:05,10:05,Yellow,Yellow,2024,12,Dec,Monday,finalized,primary,ALERTBAY/PCBFLAGS text archive
2024-12-17,Yellow,False,Yellow,2.0,False,True,1,10:29,10:29,Yellow,Yellow,2024,12,Dec,Tuesday,finalized,primary,ALERTBAY/PCBFLAGS text archive
2024-12-18,Yellow,False,Yellow,2.0,False,True,1,10:00,10:00,Yellow,Yellow,2024,12,Dec,Wednesday,finalized,primary,ALERTBAY/PCBFLAGS text archive
2024-12-19,Yellow,False,Yellow,2.0,False,True,1,10:56,10:56,Yellow,Yellow,2024,12,Dec,Thursday,finalized,primary,ALERTBAY/PCBFLAGS text archive
2024-12-20,Yellow,False,Yellow,2.0,False,True,1,10:36,10:36,Yellow,Yellow,2024,12,Dec,Friday,finalized,primary,ALERTBAY/PCBFLAGS text archive
2024-12-21,Yellow,False,Yellow,2.0,False,True,1,10:00,10:00,Yellow,Yellow,2024,12,Dec,Saturday,finalized,primary,ALERTBAY/PCBFLAGS text archive
2024-12-22,Yellow,False,Yellow,2.0,False,True,1,10:27,10:27,Yellow,Yellow,2024,12,Dec,Sunday,finalized,primary,ALERTBAY/PCBFLAGS text archive
2024-12-23,Yellow,False,Yellow,2.0,False,True,1,10:30,10:30,Yellow,Yellow,2024,12,Dec,Monday,finalized,primary,ALERTBAY/PCBFLAGS text archive
2024-12-24,Yellow,False,Yellow,2.0,False,True,1,10:00,10:00,Yellow,Yellow,2024,12,Dec,Tuesday,finalized,primary,ALERTBAY/PCBFLAGS text archive
2024-12-25,Yellow,False,Yellow,2.0,False,True,1,10:16,10:16,Yellow,Yellow,2024,12,Dec,Wednesday,finalized,primary,ALERTBAY/PCBFLAGS text archive
2024-12-26,Yellow,False,Yellow,2.0,False,True,1,10:00,10:00,Yellow,Yellow,2024,12,Dec,Thursday,finalized,primary,ALERTBAY/PCBFLAGS text archive
2024-12-27,Single Red,False,Single Red,3.0,False,True,1,09:59,09:59,Single Red,Single Red,2024,12,Dec,Friday,finalized,primary,ALERTBAY/PCBFLAGS text archive
2024-12-28,Single Red,False,Single Red,3.0,False,True,1,09:59,09:59,Single Red,Single Red,2024,12,Dec,Saturday,finalized,primary,ALERTBAY/PCBFLAGS text archive
2024-12-29,Single Red,False,Single Red,3.0,False,True,1,10:24,10:24,Single Red,Single Red,2024,12,Dec,Sunday,finalized,primary,ALERTBAY/PCBFLAGS text archive
2024-12-30,Single Red,False,Single Red,3.0,False,True,1,10:07,10:07,Single Red,Single Red,2024,12,Dec,Monday,finalized,primary,ALERTBAY/PCBFLAGS text archive
2024-12-31,Single Red,False,Single Red,3.0,False,True,1,10:10,10:10,Single Red,Single Red,2024,12,Dec,Tuesday,finalized,primary,ALERTBAY/PCBFLAGS text archive
2025-01-01,Yellow,False,Yellow,2.0,False,True,1,09:59,09:59,Yellow,Yellow,2025,1,Jan,Wednesday,finalized,primary,ALERTBAY/PCBFLAGS text archive
2025-01-02,Yellow,False,Yellow,2.0,False,True,1,10:00,10:00,Yellow,Yellow,2025,1,Jan,Thursday,finalized,primary,ALERTBAY/PCBFLAGS text archive
2025-01-03,Yellow,False,Yellow,2.0,False,True,1,09:59,09:59,Yellow,Yellow,2025,1,Jan,Friday,finalized,primary,ALERTBAY/PCBFLAGS text archive
2025-01-04,Yellow,False,Yellow,2.0,False,True,1,09:59,09:59,Yellow,Yellow,2025,1,Jan,Saturday,finalized,primary,ALERTBAY/PCBFLAGS text archive
2025-01-05,Single Red,False,Single Red,3.0,False,True,1,10:06,10:06,Single Red,Single Red,2025,1,Jan,Sunday,finalized,primary,ALERTBAY/PCBFLAGS text archive
2025-01-06,Double Red,False,Double Red,4.0,False,True,1,09:55,09:55,Double Red,Double Red,2025,1,Jan,Monday,finalized,primary,ALERTBAY/PCBFLAGS text archive
2025-01-07,Single Red,False,Single Red,3.0,False,True,1,10:00,10:00,Single Red,Single Red,2025,1,Jan,Tuesday,finalized,primary,ALERTBAY/PCBFLAGS text archive
2025-01-08,Yellow,False,Yellow,2.0,False,True,1,10:05,10:05,Yellow,Yellow,2025,1,Jan,Wednesday,finalized,primary,ALERTBAY/PCBFLAGS text archive
2025-01-09,Yellow,False,Yellow,2.0,False,True,1,10:00,10:00,Yellow,Yellow,2025,1,Jan,Thursday,finalized,primary,ALERTBAY/PCBFLAGS text archive
2025-01-10,Single Red,False,Single Red,3.0,False,True,1,10:01,10:01,Single Red,Single Red,2025,1,Jan,Friday,finalized,primary,ALERTBAY/PCBFLAGS text archive
2025-01-11,Single Red,False,Single Red,3.0,False,True,1,10:00,10:00,Single Red,Single Red,2025,1,Jan,Saturday,finalized,primary,ALERTBAY/PCBFLAGS text archive
2025-01-12,Yellow,False,Yellow,2.0,False,True,1,10:00,10:00,Yellow,Yellow,2025,1,Jan,Sunday,finalized,primary,ALERTBAY/PCBFLAGS text archive
2025-01-13,Yellow,False,Yellow,2.0,False,True,1,10:00,10:00,Yellow,Yellow,2025,1,Jan,Monday,finalized,primary,ALERTBAY/PCBFLAGS text archive
2025-01-14,Yellow,False,Yellow,2.0,False,True,1,10:03,10:03,Yellow,Yellow,2025,1,Jan,Tuesday,finalized,primary,ALERTBAY/PCBFLAGS text archive
2025-01-15,Yellow,False,Yellow,2.0,False,True,1,09:59,09:59,Yellow,Yellow,2025,1,Jan,Wednesday,finalized,primary,ALERTBAY/PCBFLAGS text archive
2025-01-16,Yellow,False,Yellow,2.0,False,True,1,10:00,10:00,Yellow,Yellow,2025,1,Jan,Thursday,finalized,primary,ALERTBAY/PCBFLAGS text archive
2025-01-17,Yellow,False,Yellow,2.0,False,True,1,09:54,09:54,Yellow,Yellow,2025,1,Jan,Friday,finalized,primary,ALERTBAY/PCBFLAGS text archive
2025-01-18,Single Red,False,Single Red,3.0,False,True,1,10:19,10:19,Single Red,Single Red,2025,1,Jan,Saturday,finalized,primary,ALERTBAY/PCBFLAGS text archive
2025-01-19,Single Red,False,Single Red,3.0,False,True,1,10:00,10:00,Single Red,Single Red,2025,1,Jan,Sunday,finalized,primary,ALERTBAY/PCBFLAGS text archive
2025-01-20,Yellow,False,Yellow,2.0,False,True,1,09:59,09:59,Yellow,Yellow,2025,1,Jan,Monday,finalized,primary,ALERTBAY/PCBFLAGS text archive
2025-01-21,Yellow,False,Yellow,2.0,False,True,1,10:02,10:02,Yellow,Yellow,2025,1,Jan,Tuesday,finalized,primary,ALERTBAY/PCBFLAGS text archive
2025-01-22,Yellow,False,Yellow,2.0,False,True,1,10:16,10:16,Yellow,Yellow,2025,1,Jan,Wednesday,finalized,primary,ALERTBAY/PCBFLAGS text archive
2025-01-23,Yellow,False,Yellow,2.0,False,True,1,10:15,10:15,Yellow,Yellow,2025,1,Jan,Thursday,finalized,primary,ALERTBAY/PCBFLAGS text archive
2025-01-24,Yellow,False,Yellow,2.0,False,True,1,10:19,10:19,Yellow,Yellow,2025,1,Jan,Friday,finalized,primary,ALERTBAY/PCBFLAGS text archive
2025-01-25,Yellow,False,Yellow,2.0,False,True,1,10:16,10:16,Yellow,Yellow,2025,1,Jan,Saturday,finalized,primary,ALERTBAY/PCBFLAGS text archive
2025-01-26,Yellow,False,Yellow,2.0,False,True,1,11:02,11:02,Yellow,Yellow,2025,1,Jan,Sunday,finalized,primary,ALERTBAY/PCBFLAGS text archive
2025-01-27,Yellow,False,Yellow,2.0,False,True,1,10:00,10:00,Yellow,Yellow,2025,1,Jan,Monday,finalized,primary,ALERTBAY/PCBFLAGS text archive
2025-01-28,Yellow,False,Yellow,2.0,False,True,1,10:00,10:00,Yellow,Yellow,2025,1,Jan,Tuesday,finalized,primary,ALERTBAY/PCBFLAGS text archive
2025-01-29,Yellow,False,Yellow,2.0,False,True,1,10:15,10:15,Yellow,Yellow,2025,1,Jan,Wednesday,finalized,primary,ALERTBAY/PCBFLAGS text archive
2025-01-30,Yellow,False,Yellow,2.0,False,True,1,11:11,11:11,Yellow,Yellow,2025,1,Jan,Thursday,finalized,primary,ALERTBAY/PCBFLAGS text archive
2025-01-31,Single Red,False,Single Red,3.0,False,True,1,10:05,10:05,Single Red,Single Red,2025,1,Jan,Friday,finalized,primary,ALERTBAY/PCBFLAGS text archive
2025-02-01,Single Red,False,Single Red,3.0,False,True,1,10:05,10:05,Single Red,Single Red,2025,2,Feb,Saturday,finalized,primary,ALERTBAY/PCBFLAGS text archive
2025-02-02,Yellow,False,Yellow,2.0,False,True,1,10:00,10:00,Yellow,Yellow,2025,2,Feb,Sunday,finalized,primary,ALERTBAY/PCBFLAGS text archive
2025-02-03,Yellow,False,Yellow,2.0,False,True,1,10:00,10:00,Yellow,Yellow,2025,2,Feb,Monday,finalized,primary,ALERTBAY/PCBFLAGS text archive
2025-02-04,Yellow,False,Yellow,2.0,False,True,1,10:00,10:00,Yellow,Yellow,2025,2,Feb,Tuesday,finalized,primary,ALERTBAY/PCBFLAGS text archive
2025-02-05,Yellow,False,Yellow,2.0,False,True,1,10:17,10:17,Yellow,Yellow,2025,2,Feb,Wednesday,finalized,primary,ALERTBAY/PCBFLAGS text archive
2025-02-06,Yellow,False,Yellow,2.0,False,True,1,09:53,09:53,Yellow,Yellow,2025,2,Feb,Thursday,finalized,primary,ALERTBAY/PCBFLAGS text archive
2025-02-07,Yellow,False,Yellow,2.0,False,True,1,10:44,10:44,Yellow,Yellow,2025,2,Feb,Friday,finalized,primary,ALERTBAY/PCBFLAGS text archive
2025-02-08,Yellow,False,Yellow,2.0,False,True,1,10:09,10:09,Yellow,Yellow,2025,2,Feb,Saturday,finalized,primary,ALERTBAY/PCBFLAGS text archive
2025-02-09,Yellow,False,Yellow,2.0,False,True,1,11:00,11:00,Yellow,Yellow,2025,2,Feb,Sunday,finalized,primary,ALERTBAY/PCBFLAGS text archive
2025-02-10,Yellow,False,Yellow,2.0,False,True,1,10:01,10:01,Yellow,Yellow,2025,2,Feb,Monday,finalized,primary,ALERTBAY/PCBFLAGS text archive
2025-02-11,Yellow,False,Yellow,2.0,False,True,1,09:59,09:59,Yellow,Yellow,2025,2,Feb,Tuesday,finalized,primary,ALERTBAY/PCBFLAGS text archive
2025-02-12,Single Red,True,Single Red,3.0,True,True,2,10:14,10:34,Single Red + Purple,Single Red,2025,2,Feb,Wednesday,finalized,primary,ALERTBAY/PCBFLAGS text archive
2025-02-13,Single Red,True,Single Red,3.0,True,True,1,10:16,10:16,Single Red + Purple,Single Red + Purple,2025,2,Feb,Thursday,finalized,primary,ALERTBAY/PCBFLAGS text archive
2025-02-14,Yellow,True,Yellow,2.0,True,True,1,10:27,10:27,Yellow + Purple,Yellow + Purple,2025,2,Feb,Friday,finalized,primary,ALERTBAY/PCBFLAGS text archive
2025-02-15,Single Red,True,Single Red,3.0,True,True,1,10:17,10:17,Single Red + Purple,Single Red + Purple,2025,2,Feb,Saturday,finalized,primary,ALERTBAY/PCBFLAGS text archive
2025-02-16,Single Red,True,Single Red,3.0,True,True,1,10:16,10:16,Single Red + Purple,Single Red + Purple,2025,2,Feb,Sunday,finalized,primary,ALERTBAY/PCBFLAGS text archive
2025-02-17,Yellow,False,Yellow,2.0,False,True,1,10:46,10:46,Yellow,Yellow,2025,2,Feb,Monday,finalized,primary,ALERTBAY/PCBFLAGS text archive
2025-02-18,Yellow,False,Yellow,2.0,False,True,1,10:22,10:22,Yellow,Yellow,2025,2,Feb,Tuesday,finalized,primary,ALERTBAY/PCBFLAGS text archive
2025-02-19,Yellow,False,Yellow,2.0,False,True,1,10:16,10:16,Yellow,Yellow,2025,2,Feb,Wednesday,finalized,primary,ALERTBAY/PCBFLAGS text archive
2025-02-20,Yellow,False,Yellow,2.0,False,True,1,10:12,10:12,Yellow,Yellow,2025,2,Feb,Thursday,finalized,primary,ALERTBAY/PCBFLAGS text archive
2025-02-21,Yellow,False,Yellow,2.0,False,True,1,10:15,10:15,Yellow,Yellow,2025,2,Feb,Friday,finalized,primary,ALERTBAY/PCBFLAGS text archive
2025-02-22,Yellow,False,Yellow,2.0,False,True,1,10:07,10:07,Yellow,Yellow,2025,2,Feb,Saturday,finalized,primary,ALERTBAY/PCBFLAGS text archive
2025-02-23,Yellow,False,Yellow,2.0,False,True,1,10:50,10:50,Yellow,Yellow,2025,2,Feb,Sunday,finalized,primary,ALERTBAY/PCBFLAGS text archive
2025-02-24,Yellow,False,Yellow,2.0,False,True,1,10:00,10:00,Yellow,Yellow,2025,2,Feb,Monday,finalized,primary,ALERTBAY/PCBFLAGS text archive
2025-02-25,Yellow,False,Yellow,2.0,False,True,1,10:00,10:00,Yellow,Yellow,2025,2,Feb,Tuesday,finalized,primary,ALERTBAY/PCBFLAGS text archive
2025-02-26,Yellow,False,Yellow,2.0,False,True,1,10:17,10:17,Yellow,Yellow,2025,2,Feb,Wednesday,finalized,primary,ALERTBAY/PCBFLAGS text archive
2025-02-27,Yellow,False,Yellow,2.0,False,True,1,10:15,10:15,Yellow,Yellow,2025,2,Feb,Thursday,finalized,primary,ALERTBAY/PCBFLAGS text archive
2025-02-28,Yellow,False,Yellow,2.0,False,True,1,10:35,10:35,Yellow,Yellow,2025,2,Feb,Friday,finalized,primary,ALERTBAY/PCBFLAGS text archive
2025-03-01,Yellow,False,Yellow,2.0,False,True,1,10:26,10:26,Yellow,Yellow,2025,3,Mar,Saturday,finalized,primary,ALERTBAY/PCBFLAGS text archive
2025-03-02,Yellow,False,Yellow,2.0,False,True,1,10:00,10:00,Yellow,Yellow,2025,3,Mar,Sunday,finalized,primary,ALERTBAY/PCBFLAGS text archive
2025-03-03,Yellow,False,Yellow,2.0,False,True,1,10:19,10:19,Yellow,Yellow,2025,3,Mar,Monday,finalized,primary,ALERTBAY/PCBFLAGS text archive
2025-03-04,Single Red,False,Single Red,3.0,False,True,1,10:00,10:00,Single Red,Single Red,2025,3,Mar,Tuesday,finalized,primary,ALERTBAY/PCBFLAGS text archive
2025-03-05,Double Red,False,Double Red,4.0,False,True,1,10:16,10:16,Double Red,Double Red,2025,3,Mar,Wednesday,finalized,primary,ALERTBAY/PCBFLAGS text archive
2025-03-06,Single Red,False,Single Red,3.0,False,True,1,10:18,10:18,Single Red,Single Red,2025,3,Mar,Thursday,finalized,primary,ALERTBAY/PCBFLAGS text archive
2025-03-08,Yellow,False,Yellow,2.0,False,True,1,10:02,10:02,Yellow,Yellow,2025,3,Mar,Saturday,finalized,primary,ALERTBAY/PCBFLAGS text archive
2025-03-09,Yellow,False,Yellow,2.0,False,True,1,10:05,10:05,Yellow,Yellow,2025,3,Mar,Sunday,finalized,primary,ALERTBAY/PCBFLAGS text archive
2025-03-10,Single Red,False,Single Red,3.0,False,True,1,10:01,10:01,Single Red,Single Red,2025,3,Mar,Monday,finalized,primary,ALERTBAY/PCBFLAGS text archive
2025-03-11,Single Red,False,Single Red,3.0,False,True,1,10:00,10:00,Single Red,Single Red,2025,3,Mar,Tuesday,finalized,primary,ALERTBAY/PCBFLAGS text archive
2025-03-12,Yellow,False,Yellow,2.0,False,True,1,10:03,10:03,Yellow,Yellow,2025,3,Mar,Wednesday,finalized,primary,ALERTBAY/PCBFLAGS text archive
2025-03-13,Single Red,False,Single Red,3.0,False,True,1,10:20,10:20,Single Red,Single Red,2025,3,Mar,Thursday,finalized,primary,ALERTBAY/PCBFLAGS text archive
2025-03-14,Single Red,False,Single Red,3.0,False,True,1,10:19,10:19,Single Red,Single Red,2025,3,Mar,Friday,finalized,primary,ALERTBAY/PCBFLAGS text archive
2025-03-15,Double Red,False,Double Red,4.0,False,True,1,10:03,10:03,Double Red,Double Red,2025,3,Mar,Saturday,finalized,primary,ALERTBAY/PCBFLAGS text archive
2025-03-16,Double Red,False,Double Red,4.0,False,True,1,10:00,10:00,Double Red,Double Red,2025,3,Mar,Sunday,finalized,primary,ALERTBAY/PCBFLAGS text archive
2025-03-17,Double Red,False,Double Red,4.0,False,True,1,10:00,10:00,Double Red,Double Red,2025,3,Mar,Monday,finalized,primary,ALERTBAY/PCBFLAGS text archive
2025-03-18,Single Red,False,Single Red,3.0,False,True,1,10:18,10:18,Single Red,Single Red,2025,3,Mar,Tuesday,finalized,primary,ALERTBAY/PCBFLAGS text archive
2025-03-19,Yellow,False,Yellow,2.0,False,True,1,10:00,10:00,Yellow,Yellow,2025,3,Mar,Wednesday,finalized,primary,ALERTBAY/PCBFLAGS text archive
2025-03-20,Double Red,False,Double Red,4.0,False,True,1,10:02,10:02,Double Red,Double Red,2025,3,Mar,Thursday,finalized,primary,ALERTBAY/PCBFLAGS text archive
2025-03-21,Single Red,False,Single Red,3.0,False,True,1,11:01,11:01,Single Red,Single Red,2025,3,Mar,Friday,finalized,primary,ALERTBAY/PCBFLAGS text archive
2025-03-22,Yellow,False,Yellow,2.0,False,True,1,09:58,09:58,Yellow,Yellow,2025,3,Mar,Saturday,finalized,primary,ALERTBAY/PCBFLAGS text archive
2025-03-23,Yellow,False,Yellow,2.0,False,True,1,10:00,10:00,Yellow,Yellow,2025,3,Mar,Sunday,finalized,primary,ALERTBAY/PCBFLAGS text archive
2025-03-24,Yellow,False,Yellow,2.0,False,True,1,10:07,10:07,Yellow,Yellow,2025,3,Mar,Monday,finalized,primary,ALERTBAY/PCBFLAGS text archive
2025-03-25,Yellow,False,Yellow,2.0,False,True,1,10:00,10:00,Yellow,Yellow,2025,3,Mar,Tuesday,finalized,primary,ALERTBAY/PCBFLAGS text archive
2025-03-26,Yellow,False,Yellow,2.0,False,True,1,11:49,11:49,Yellow,Yellow,2025,3,Mar,Wednesday,finalized,primary,ALERTBAY/PCBFLAGS text archive
2025-03-27,Yellow,False,Yellow,2.0,False,True,1,10:40,10:40,Yellow,Yellow,2025,3,Mar,Thursday,finalized,primary,ALERTBAY/PCBFLAGS text archive
2025-03-28,Single Red,False,Single Red,3.0,False,True,1,10:17,10:17,Single Red,Single Red,2025,3,Mar,Friday,finalized,primary,ALERTBAY/PCBFLAGS text archive
2025-03-29,Double Red,False,Double Red,4.0,False,True,1,10:07,10:07,Double Red,Double Red,2025,3,Mar,Saturday,finalized,primary,ALERTBAY/PCBFLAGS text archive
2025-03-30,Double Red,False,Double Red,4.0,False,True,1,10:01,10:01,Double Red,Double Red,2025,3,Mar,Sunday,finalized,primary,ALERTBAY/PCBFLAGS text archive
2025-03-31,Single Red,False,Single Red,3.0,False,True,1,10:00,10:00,Single Red,Single Red,2025,3,Mar,Monday,finalized,primary,ALERTBAY/PCBFLAGS text archive
2025-04-01,Single Red,False,Single Red,3.0,False,True,1,10:00,10:00,Single Red,Single Red,2025,4,Apr,Tuesday,finalized,primary,ALERTBAY/PCBFLAGS text archive
2025-04-02,Single Red,False,Single Red,3.0,False,True,1,10:16,10:16,Single Red,Single Red,2025,4,Apr,Wednesday,finalized,primary,ALERTBAY/PCBFLAGS text archive
2025-04-03,Double Red,False,Double Red,4.0,False,True,1,10:14,10:14,Double Red,Double Red,2025,4,Apr,Thursday,finalized,primary,ALERTBAY/PCBFLAGS text archive
2025-04-04,Double Red,False,Double Red,4.0,False,True,1,10:07,10:07,Double Red,Double Red,2025,4,Apr,Friday,finalized,primary,ALERTBAY/PCBFLAGS text archive
2025-04-05,Double Red,False,Double Red,4.0,False,True,1,10:19,10:19,Double Red,Double Red,2025,4,Apr,Saturday,finalized,primary,ALERTBAY/PCBFLAGS text archive
2025-04-06,Double Red,False,Double Red,4.0,False,True,1,10:00,10:00,Double Red,Double Red,2025,4,Apr,Sunday,finalized,primary,ALERTBAY/PCBFLAGS text archive
2025-04-07,Double Red,False,Double Red,4.0,False,True,1,10:00,10:00,Double Red,Double Red,2025,4,Apr,Monday,finalized,primary,ALERTBAY/PCBFLAGS text archive
2025-04-08,Single Red,True,Single Red,3.0,True,True,1,10:11,10:11,Single Red + Purple,Single Red + Purple,2025,4,Apr,Tuesday,finalized,primary,ALERTBAY/PCBFLAGS text archive
2025-04-09,Single Red,True,Single Red,3.0,True,True,1,10:00,10:00,Single Red + Purple,Single Red + Purple,2025,4,Apr,Wednesday,finalized,primary,ALERTBAY/PCBFLAGS text archive
2025-04-10,Yellow,True,Yellow,2.0,True,True,1,09:57,09:57,Yellow + Purple,Yellow + Purple,2025,4,Apr,Thursday,finalized,primary,ALERTBAY/PCBFLAGS text archive
2025-04-11,Yellow,True,Yellow,2.0,True,True,1,10:34,10:34,Yellow + Purple,Yellow + Purple,2025,4,Apr,Friday,finalized,primary,ALERTBAY/PCBFLAGS text archive
2025-04-12,Yellow,True,Yellow,2.0,True,True,1,09:57,09:57,Yellow + Purple,Yellow + Purple,2025,4,Apr,Saturday,finalized,primary,ALERTBAY/PCBFLAGS text archive
2025-04-13,Yellow,True,Yellow,2.0,True,True,1,10:08,10:08,Yellow + Purple,Yellow + Purple,2025,4,Apr,Sunday,finalized,primary,ALERTBAY/PCBFLAGS text archive
2025-04-14,Yellow,False,Yellow,2.0,False,True,1,10:00,10:00,Yellow,Yellow,2025,4,Apr,Monday,finalized,primary,ALERTBAY/PCBFLAGS text archive
2025-04-15,Single Red,False,Single Red,3.0,False,True,1,10:00,10:00,Single Red,Single Red,2025,4,Apr,Tuesday,finalized,primary,ALERTBAY/PCBFLAGS text archive
2025-04-16,Yellow,False,Yellow,2.0,False,True,1,10:20,10:20,Yellow,Yellow,2025,4,Apr,Wednesday,finalized,primary,ALERTBAY/PCBFLAGS text archive
2025-04-17,Yellow,False,Yellow,2.0,False,True,1,10:17,10:17,Yellow,Yellow,2025,4,Apr,Thursday,finalized,primary,ALERTBAY/PCBFLAGS text archive
2025-04-18,Yellow,False,Yellow,2.0,False,True,1,10:05,10:05,Yellow,Yellow,2025,4,Apr,Friday,finalized,primary,ALERTBAY/PCBFLAGS text archive
2025-04-19,Yellow,False,Yellow,2.0,False,True,1,10:49,10:49,Yellow,Yellow,2025,4,Apr,Saturday,finalized,primary,ALERTBAY/PCBFLAGS text archive
2025-04-20,Single Red,False,Single Red,3.0,False,True,1,10:00,10:00,Single Red,Single Red,2025,4,Apr,Sunday,finalized,primary,ALERTBAY/PCBFLAGS text archive
2025-04-21,Yellow,False,Yellow,2.0,False,True,1,10:02,10:02,Yellow,Yellow,2025,4,Apr,Monday,finalized,primary,ALERTBAY/PCBFLAGS text archive
2025-04-22,Yellow,False,Yellow,2.0,False,True,1,10:03,10:03,Yellow,Yellow,2025,4,Apr,Tuesday,finalized,primary,ALERTBAY/PCBFLAGS text archive
2025-04-23,Yellow,False,Yellow,2.0,False,True,1,10:00,10:00,Yellow,Yellow,2025,4,Apr,Wednesday,finalized,primary,ALERTBAY/PCBFLAGS text archive
2025-04-24,Yellow,False,Yellow,2.0,False,True,1,10:11,10:11,Yellow,Yellow,2025,4,Apr,Thursday,finalized,primary,ALERTBAY/PCBFLAGS text archive
2025-04-25,Yellow,False,Yellow,2.0,False,True,1,10:26,10:26,Yellow,Yellow,2025,4,Apr,Friday,finalized,primary,ALERTBAY/PCBFLAGS text archive
2025-04-26,Yellow,False,Yellow,2.0,False,True,1,10:21,10:21,Yellow,Yellow,2025,4,Apr,Saturday,finalized,primary,ALERTBAY/PCBFLAGS text archive
2025-04-27,Yellow,False,Yellow,2.0,False,True,1,10:00,10:00,Yellow,Yellow,2025,4,Apr,Sunday,finalized,primary,ALERTBAY/PCBFLAGS text archive
2025-04-28,Yellow,False,Yellow,2.0,False,True,1,10:00,10:00,Yellow,Yellow,2025,4,Apr,Monday,finalized,primary,ALERTBAY/PCBFLAGS text archive
2025-04-29,Yellow,False,Yellow,2.0,False,True,1,10:00,10:00,Yellow,Yellow,2025,4,Apr,Tuesday,finalized,primary,ALERTBAY/PCBFLAGS text archive
2025-04-30,Single Red,False,Single Red,3.0,False,True,1,10:00,10:00,Single Red,Single Red,2025,4,Apr,Wednesday,finalized,primary,ALERTBAY/PCBFLAGS text archive
2025-05-01,Single Red,False,Single Red,3.0,False,True,1,10:05,10:05,Single Red,Single Red,2025,5,May,Thursday,finalized,primary,ALERTBAY/PCBFLAGS text archive
2025-05-02,Yellow,False,Yellow,2.0,False,True,1,10:13,10:13,Yellow,Yellow,2025,5,May,Friday,finalized,primary,ALERTBAY/PCBFLAGS text archive
2025-05-03,Single Red,False,Single Red,3.0,False,True,1,09:58,09:58,Single Red,Single Red,2025,5,May,Saturday,finalized,primary,ALERTBAY/PCBFLAGS text archive
2025-05-04,Yellow,False,Yellow,2.0,False,True,1,10:00,10:00,Yellow,Yellow,2025,5,May,Sunday,finalized,primary,ALERTBAY/PCBFLAGS text archive
2025-05-05,Yellow,False,Yellow,2.0,False,True,1,10:02,10:02,Yellow,Yellow,2025,5,May,Monday,finalized,primary,ALERTBAY/PCBFLAGS text archive
2025-05-06,Yellow,False,Yellow,2.0,False,True,1,10:00,10:00,Yellow,Yellow,2025,5,May,Tuesday,finalized,primary,ALERTBAY/PCBFLAGS text archive
2025-05-07,Yellow,False,Yellow,2.0,False,True,1,10:02,10:02,Yellow,Yellow,2025,5,May,Wednesday,finalized,primary,ALERTBAY/PCBFLAGS text archive
2025-05-08,Single Red,False,Single Red,3.0,False,True,2,10:16,16:10,Single Red,Single Red,2025,5,May,Thursday,finalized,primary,ALERTBAY/PCBFLAGS text archive
2025-05-09,Yellow,False,Yellow,2.0,False,True,1,10:07,10:07,Yellow,Yellow,2025,5,May,Friday,finalized,primary,ALERTBAY/PCBFLAGS text archive
2025-05-10,Double Red,False,Double Red,4.0,False,True,2,10:18,17:48,Double Red,Double Red,2025,5,May,Saturday,finalized,primary,ALERTBAY/PCBFLAGS text archive
2025-05-11,Double Red,False,Double Red,4.0,False,True,1,10:01,10:01,Double Red,Double Red,2025,5,May,Sunday,finalized,primary,ALERTBAY/PCBFLAGS text archive
2025-05-12,Double Red,False,Double Red,4.0,False,True,1,09:59,09:59,Double Red,Double Red,2025,5,May,Monday,finalized,primary,ALERTBAY/PCBFLAGS text archive
2025-05-13,Double Red,False,Double Red,4.0,False,True,1,10:00,10:00,Double Red,Double Red,2025,5,May,Tuesday,finalized,primary,ALERTBAY/PCBFLAGS text archive
2025-05-14,Double Red,False,Double Red,4.0,False,True,1,10:02,10:02,Double Red,Double Red,2025,5,May,Wednesday,finalized,primary,ALERTBAY/PCBFLAGS text archive
2025-05-15,Double Red,False,Double Red,4.0,False,True,1,10:17,10:17,Double Red,Double Red,2025,5,May,Thursday,finalized,primary,ALERTBAY/PCBFLAGS text archive
2025-05-16,Single Red,False,Single Red,3.0,False,True,1,10:09,10:09,Single Red,Single Red,2025,5,May,Friday,finalized,primary,ALERTBAY/PCBFLAGS text archive
2025-05-17,Single Red,False,Single Red,3.0,False,True,1,09:53,09:53,Single Red,Single Red,2025,5,May,Saturday,finalized,primary,ALERTBAY/PCBFLAGS text archive
2025-05-18,Yellow,False,Yellow,2.0,False,True,1,10:00,10:00,Yellow,Yellow,2025,5,May,Sunday,finalized,primary,ALERTBAY/PCBFLAGS text archive
2025-05-19,Yellow,False,Yellow,2.0,False,False,1,10:19,10:19,Yellow,Yellow,2025,5,May,Monday,finalized,recovered,NWS Tallahassee SRFTAE recovered Bay flag via IEM
2025-05-20,Single Red,False,Single Red,3.0,False,True,1,10:07,10:07,Single Red,Single Red,2025,5,May,Tuesday,finalized,primary,ALERTBAY/PCBFLAGS text archive
2025-05-21,Single Red,False,Single Red,3.0,False,True,1,10:00,10:00,Single Red,Single Red,2025,5,May,Wednesday,finalized,primary,ALERTBAY/PCBFLAGS text archive
2025-05-22,Yellow,False,Yellow,2.0,False,True,1,10:19,10:19,Yellow,Yellow,2025,5,May,Thursday,finalized,primary,ALERTBAY/PCBFLAGS text archive
2025-05-23,Yellow,False,Yellow,2.0,False,True,1,10:19,10:19,Yellow,Yellow,2025,5,May,Friday,finalized,primary,ALERTBAY/PCBFLAGS text archive
2025-05-24,Yellow,False,Yellow,2.0,False,True,1,10:06,10:06,Yellow,Yellow,2025,5,May,Saturday,finalized,primary,ALERTBAY/PCBFLAGS text archive
2025-05-25,Yellow,True,Yellow,2.0,True,True,2,10:00,11:21,Yellow + Purple,Yellow,2025,5,May,Sunday,finalized,primary,ALERTBAY/PCBFLAGS text archive
2025-05-26,Yellow,True,Yellow,2.0,True,True,1,10:16,10:16,Yellow + Purple,Yellow + Purple,2025,5,May,Monday,finalized,primary,ALERTBAY/PCBFLAGS text archive
2025-05-27,Yellow,True,Yellow,2.0,True,True,1,10:02,10:02,Yellow + Purple,Yellow + Purple,2025,5,May,Tuesday,finalized,primary,ALERTBAY/PCBFLAGS text archive
2025-05-28,Yellow,False,Yellow,2.0,False,True,1,10:01,10:01,Yellow,Yellow,2025,5,May,Wednesday,finalized,primary,ALERTBAY/PCBFLAGS text archive
2025-05-29,Yellow,False,Yellow,2.0,False,True,1,11:55,11:55,Yellow,Yellow,2025,5,May,Thursday,finalized,primary,ALERTBAY/PCBFLAGS text archive
2025-05-30,Yellow,False,Yellow,2.0,False,True,1,10:03,10:03,Yellow,Yellow,2025,5,May,Friday,finalized,primary,ALERTBAY/PCBFLAGS text archive
2025-05-31,Yellow,False,Yellow,2.0,False,True,1,10:02,10:02,Yellow,Yellow,2025,5,May,Saturday,finalized,primary,ALERTBAY/PCBFLAGS text archive
2025-06-01,Yellow,False,Yellow,2.0,False,True,1,10:47,10:47,Yellow,Yellow,2025,6,Jun,Sunday,finalized,primary,ALERTBAY/PCBFLAGS text archive
2025-06-02,Yellow,False,Yellow,2.0,False,True,1,10:00,10:00,Yellow,Yellow,2025,6,Jun,Monday,finalized,primary,ALERTBAY/PCBFLAGS text archive
2025-06-03,Yellow,False,Yellow,2.0,False,True,1,10:00,10:00,Yellow,Yellow,2025,6,Jun,Tuesday,finalized,primary,ALERTBAY/PCBFLAGS text archive
2025-06-04,Yellow,False,Yellow,2.0,False,True,1,10:00,10:00,Yellow,Yellow,2025,6,Jun,Wednesday,finalized,primary,ALERTBAY/PCBFLAGS text archive
2025-06-05,Yellow,False,Yellow,2.0,False,True,1,10:03,10:03,Yellow,Yellow,2025,6,Jun,Thursday,finalized,primary,ALERTBAY/PCBFLAGS text archive
2025-06-06,Single Red,False,Single Red,3.0,False,True,1,11:30,11:30,Single Red,Single Red,2025,6,Jun,Friday,finalized,primary,ALERTBAY/PCBFLAGS text archive
2025-06-07,Double Red,False,Double Red,4.0,False,True,1,10:02,10:02,Double Red,Double Red,2025,6,Jun,Saturday,finalized,primary,ALERTBAY/PCBFLAGS text archive
2025-06-08,Single Red,False,Double Red,4.0,False,True,2,10:00,13:38,Single Red,Double Red,2025,6,Jun,Sunday,finalized,primary,ALERTBAY/PCBFLAGS text archive
2025-06-09,Single Red,False,Single Red,3.0,False,True,1,10:01,10:01,Single Red,Single Red,2025,6,Jun,Monday,finalized,primary,ALERTBAY/PCBFLAGS text archive
2025-06-10,Yellow,False,Yellow,2.0,False,True,1,10:01,10:01,Yellow,Yellow,2025,6,Jun,Tuesday,finalized,primary,ALERTBAY/PCBFLAGS text archive
2025-06-11,Yellow,False,Yellow,2.0,False,True,1,10:01,10:01,Yellow,Yellow,2025,6,Jun,Wednesday,finalized,primary,ALERTBAY/PCBFLAGS text archive
2025-06-12,Yellow,False,Yellow,2.0,False,True,1,10:01,10:01,Yellow,Yellow,2025,6,Jun,Thursday,finalized,primary,ALERTBAY/PCBFLAGS text archive
2025-06-13,Yellow,False,Yellow,2.0,False,True,1,10:01,10:01,Yellow,Yellow,2025,6,Jun,Friday,finalized,primary,ALERTBAY/PCBFLAGS text archive
2025-06-14,Yellow,False,Yellow,2.0,False,True,1,10:08,10:08,Yellow,Yellow,2025,6,Jun,Saturday,finalized,primary,ALERTBAY/PCBFLAGS text archive
2025-06-15,Yellow,False,Yellow,2.0,False,True,1,10:00,10:00,Yellow,Yellow,2025,6,Jun,Sunday,finalized,primary,ALERTBAY/PCBFLAGS text archive
2025-06-16,Yellow,False,Yellow,2.0,False,True,1,10:00,10:00,Yellow,Yellow,2025,6,Jun,Monday,finalized,primary,ALERTBAY/PCBFLAGS text archive
2025-06-17,Single Red,False,Single Red,3.0,False,True,1,10:00,10:00,Single Red,Single Red,2025,6,Jun,Tuesday,finalized,primary,ALERTBAY/PCBFLAGS text archive
2025-06-18,Single Red,False,Single Red,3.0,False,True,1,10:01,10:01,Single Red,Single Red,2025,6,Jun,Wednesday,finalized,primary,ALERTBAY/PCBFLAGS text archive
2025-06-19,Single Red,False,Single Red,3.0,False,True,1,10:01,10:01,Single Red,Single Red,2025,6,Jun,Thursday,finalized,primary,ALERTBAY/PCBFLAGS text archive
2025-06-20,Single Red,False,Single Red,3.0,False,True,1,10:09,10:09,Single Red,Single Red,2025,6,Jun,Friday,finalized,primary,ALERTBAY/PCBFLAGS text archive
2025-06-21,Yellow,False,Yellow,2.0,False,True,1,11:01,11:01,Yellow,Yellow,2025,6,Jun,Saturday,finalized,primary,ALERTBAY/PCBFLAGS text archive
2025-06-22,Yellow,False,Yellow,2.0,False,True,1,10:00,10:00,Yellow,Yellow,2025,6,Jun,Sunday,finalized,primary,ALERTBAY/PCBFLAGS text archive
2025-06-23,Yellow,False,Yellow,2.0,False,True,1,10:00,10:00,Yellow,Yellow,2025,6,Jun,Monday,finalized,primary,ALERTBAY/PCBFLAGS text archive
2025-06-24,Yellow,False,Yellow,2.0,False,True,1,10:18,10:18,Yellow,Yellow,2025,6,Jun,Tuesday,finalized,primary,ALERTBAY/PCBFLAGS text archive
2025-06-25,Yellow,False,Yellow,2.0,False,True,1,09:59,09:59,Yellow,Yellow,2025,6,Jun,Wednesday,finalized,primary,ALERTBAY/PCBFLAGS text archive
2025-06-26,Yellow,False,Yellow,2.0,False,True,1,10:01,10:01,Yellow,Yellow,2025,6,Jun,Thursday,finalized,primary,ALERTBAY/PCBFLAGS text archive
2025-06-27,Yellow,False,Yellow,2.0,False,True,1,10:01,10:01,Yellow,Yellow,2025,6,Jun,Friday,finalized,primary,ALERTBAY/PCBFLAGS text archive
2025-06-28,Yellow,False,Yellow,2.0,False,True,1,13:36,13:36,Yellow,Yellow,2025,6,Jun,Saturday,finalized,primary,ALERTBAY/PCBFLAGS text archive
2025-06-29,Yellow,False,Yellow,2.0,False,True,1,10:01,10:01,Yellow,Yellow,2025,6,Jun,Sunday,finalized,primary,ALERTBAY/PCBFLAGS text archive
2025-06-30,Yellow,False,Yellow,2.0,False,True,1,10:00,10:00,Yellow,Yellow,2025,6,Jun,Monday,finalized,primary,ALERTBAY/PCBFLAGS text archive
2025-07-01,Yellow,False,Yellow,2.0,False,True,1,10:04,10:04,Yellow,Yellow,2025,7,Jul,Tuesday,finalized,primary,ALERTBAY/PCBFLAGS text archive
2025-07-02,Yellow,False,Yellow,2.0,False,True,1,10:02,10:02,Yellow,Yellow,2025,7,Jul,Wednesday,finalized,primary,ALERTBAY/PCBFLAGS text archive
2025-07-03,Yellow,False,Yellow,2.0,False,False,1,10:27,10:27,Yellow,Yellow,2025,7,Jul,Thursday,finalized,recovered,NWS Tallahassee SRFTAE recovered Bay flag via IEM
2025-07-04,Yellow,False,Yellow,2.0,False,True,1,10:07,10:07,Yellow,Yellow,2025,7,Jul,Friday,finalized,primary,ALERTBAY/PCBFLAGS text archive
2025-07-05,Yellow,False,Yellow,2.0,False,True,1,10:38,10:38,Yellow,Yellow,2025,7,Jul,Saturday,finalized,primary,ALERTBAY/PCBFLAGS text archive
2025-07-06,Yellow,False,Yellow,2.0,False,True,1,10:00,10:00,Yellow,Yellow,2025,7,Jul,Sunday,finalized,primary,ALERTBAY/PCBFLAGS text archive
2025-07-07,Yellow,False,Yellow,2.0,False,True,1,10:00,10:00,Yellow,Yellow,2025,7,Jul,Monday,finalized,primary,ALERTBAY/PCBFLAGS text archive
2025-07-08,Yellow,True,Yellow,2.0,True,True,1,10:00,10:00,Yellow + Purple,Yellow + Purple,2025,7,Jul,Tuesday,finalized,primary,ALERTBAY/PCBFLAGS text archive
2025-07-09,Yellow,True,Yellow,2.0,True,True,1,10:12,10:12,Yellow + Purple,Yellow + Purple,2025,7,Jul,Wednesday,finalized,primary,ALERTBAY/PCBFLAGS text archive
2025-07-10,Yellow,True,Yellow,2.0,True,True,1,10:02,10:02,Yellow + Purple,Yellow + Purple,2025,7,Jul,Thursday,finalized,primary,ALERTBAY/PCBFLAGS text archive
2025-07-11,Yellow,True,Yellow,2.0,True,True,1,10:23,10:23,Yellow + Purple,Yellow + Purple,2025,7,Jul,Friday,finalized,primary,ALERTBAY/PCBFLAGS text archive
2025-07-12,Yellow,True,Yellow,2.0,True,True,1,10:02,10:02,Yellow + Purple,Yellow + Purple,2025,7,Jul,Saturday,finalized,primary,ALERTBAY/PCBFLAGS text archive
2025-07-13,Yellow,True,Yellow,2.0,True,True,1,10:00,10:00,Yellow + Purple,Yellow + Purple,2025,7,Jul,Sunday,finalized,primary,ALERTBAY/PCBFLAGS text archive
2025-07-14,Yellow,False,Yellow,2.0,False,True,1,10:07,10:07,Yellow,Yellow,2025,7,Jul,Monday,finalized,primary,ALERTBAY/PCBFLAGS text archive
2025-07-15,Yellow,False,Yellow,2.0,False,True,1,10:01,10:01,Yellow,Yellow,2025,7,Jul,Tuesday,finalized,primary,ALERTBAY/PCBFLAGS text archive
2025-07-16,Yellow,False,Yellow,2.0,False,True,1,10:03,10:03,Yellow,Yellow,2025,7,Jul,Wednesday,finalized,primary,ALERTBAY/PCBFLAGS text archive
2025-07-17,Single Red,False,Single Red,3.0,False,True,1,10:03,10:03,Single Red,Single Red,2025,7,Jul,Thursday,finalized,primary,ALERTBAY/PCBFLAGS text archive
2025-07-18,Single Red,False,Single Red,3.0,False,True,1,10:02,10:02,Single Red,Single Red,2025,7,Jul,Friday,finalized,primary,ALERTBAY/PCBFLAGS text archive
2025-07-19,Yellow,False,Yellow,2.0,False,True,1,10:00,10:00,Yellow,Yellow,2025,7,Jul,Saturday,finalized,primary,ALERTBAY/PCBFLAGS text archive
2025-07-20,Yellow,False,Yellow,2.0,False,True,1,10:00,10:00,Yellow,Yellow,2025,7,Jul,Sunday,finalized,primary,ALERTBAY/PCBFLAGS text archive
2025-07-21,Yellow,False,Yellow,2.0,False,True,1,10:07,10:07,Yellow,Yellow,2025,7,Jul,Monday,finalized,primary,ALERTBAY/PCBFLAGS text archive
2025-07-22,Yellow,False,Yellow,2.0,False,True,1,10:42,10:42,Yellow,Yellow,2025,7,Jul,Tuesday,finalized,primary,ALERTBAY/PCBFLAGS text archive
2025-07-23,Yellow,False,Yellow,2.0,False,True,1,09:59,09:59,Yellow,Yellow,2025,7,Jul,Wednesday,finalized,primary,ALERTBAY/PCBFLAGS text archive
2025-07-24,Yellow,False,Yellow,2.0,False,True,1,10:34,10:34,Yellow,Yellow,2025,7,Jul,Thursday,finalized,primary,ALERTBAY/PCBFLAGS text archive
2025-07-25,Yellow,False,Yellow,2.0,False,True,2,10:13,10:14,Yellow,Yellow,2025,7,Jul,Friday,finalized,primary,ALERTBAY/PCBFLAGS text archive
2025-07-26,Yellow,False,Yellow,2.0,False,True,1,11:30,11:30,Yellow,Yellow,2025,7,Jul,Saturday,finalized,primary,ALERTBAY/PCBFLAGS text archive
2025-07-27,Yellow,False,Yellow,2.0,False,True,1,10:03,10:03,Yellow,Yellow,2025,7,Jul,Sunday,finalized,primary,ALERTBAY/PCBFLAGS text archive
2025-07-28,Yellow,False,Yellow,2.0,False,True,1,10:01,10:01,Yellow,Yellow,2025,7,Jul,Monday,finalized,primary,ALERTBAY/PCBFLAGS text archive
2025-07-29,Yellow,False,Yellow,2.0,False,True,1,10:13,10:13,Yellow,Yellow,2025,7,Jul,Tuesday,finalized,primary,ALERTBAY/PCBFLAGS text archive
2025-07-30,Yellow,False,Yellow,2.0,False,True,1,10:00,10:00,Yellow,Yellow,2025,7,Jul,Wednesday,finalized,primary,ALERTBAY/PCBFLAGS text archive
2025-07-31,Yellow,False,Yellow,2.0,False,True,1,10:06,10:06,Yellow,Yellow,2025,7,Jul,Thursday,finalized,primary,ALERTBAY/PCBFLAGS text archive
2025-08-01,Yellow,False,Yellow,2.0,False,True,1,10:02,10:02,Yellow,Yellow,2025,8,Aug,Friday,finalized,primary,ALERTBAY/PCBFLAGS text archive
2025-08-02,Yellow,False,Yellow,2.0,False,True,1,10:10,10:10,Yellow,Yellow,2025,8,Aug,Saturday,finalized,primary,ALERTBAY/PCBFLAGS text archive
2025-08-03,Yellow,False,Yellow,2.0,False,True,1,10:01,10:01,Yellow,Yellow,2025,8,Aug,Sunday,finalized,primary,ALERTBAY/PCBFLAGS text archive
2025-08-04,Yellow,False,Yellow,2.0,False,True,1,10:01,10:01,Yellow,Yellow,2025,8,Aug,Monday,finalized,primary,ALERTBAY/PCBFLAGS text archive
2025-08-05,Yellow,False,Yellow,2.0,False,True,1,10:00,10:00,Yellow,Yellow,2025,8,Aug,Tuesday,finalized,primary,ALERTBAY/PCBFLAGS text archive
2025-08-06,Yellow,False,Yellow,2.0,False,True,1,10:00,10:00,Yellow,Yellow,2025,8,Aug,Wednesday,finalized,primary,ALERTBAY/PCBFLAGS text archive
2025-08-07,Yellow,False,Yellow,2.0,False,True,1,10:00,10:00,Yellow,Yellow,2025,8,Aug,Thursday,finalized,primary,ALERTBAY/PCBFLAGS text archive
2025-08-08,Yellow,False,Yellow,2.0,False,True,1,10:00,10:00,Yellow,Yellow,2025,8,Aug,Friday,finalized,primary,ALERTBAY/PCBFLAGS text archive
2025-08-09,Yellow,False,Yellow,2.0,False,True,1,10:04,10:04,Yellow,Yellow,2025,8,Aug,Saturday,finalized,primary,ALERTBAY/PCBFLAGS text archive
2025-08-10,Yellow,False,Yellow,2.0,False,True,1,10:00,10:00,Yellow,Yellow,2025,8,Aug,Sunday,finalized,primary,ALERTBAY/PCBFLAGS text archive
2025-08-11,Yellow,False,Yellow,2.0,False,True,1,10:01,10:01,Yellow,Yellow,2025,8,Aug,Monday,finalized,primary,ALERTBAY/PCBFLAGS text archive
2025-08-12,Single Red,False,Single Red,3.0,False,True,1,10:00,10:00,Single Red,Single Red,2025,8,Aug,Tuesday,finalized,primary,ALERTBAY/PCBFLAGS text archive
2025-08-13,Single Red,False,Single Red,3.0,False,True,1,09:58,09:58,Single Red,Single Red,2025,8,Aug,Wednesday,finalized,primary,ALERTBAY/PCBFLAGS text archive
2025-08-14,Single Red,False,Single Red,3.0,False,True,1,10:06,10:06,Single Red,Single Red,2025,8,Aug,Thursday,finalized,primary,ALERTBAY/PCBFLAGS text archive
2025-08-15,Yellow,False,Yellow,2.0,False,True,1,11:53,11:53,Yellow,Yellow,2025,8,Aug,Friday,finalized,primary,ALERTBAY/PCBFLAGS text archive
2025-08-16,Yellow,False,Yellow,2.0,False,True,1,10:00,10:00,Yellow,Yellow,2025,8,Aug,Saturday,finalized,primary,ALERTBAY/PCBFLAGS text archive
2025-08-17,Yellow,False,Yellow,2.0,False,True,1,10:01,10:01,Yellow,Yellow,2025,8,Aug,Sunday,finalized,primary,ALERTBAY/PCBFLAGS text archive
2025-08-18,Yellow,False,Yellow,2.0,False,True,1,10:00,10:00,Yellow,Yellow,2025,8,Aug,Monday,finalized,primary,ALERTBAY/PCBFLAGS text archive
2025-08-19,Yellow,False,Yellow,2.0,False,True,1,10:00,10:00,Yellow,Yellow,2025,8,Aug,Tuesday,finalized,primary,ALERTBAY/PCBFLAGS text archive
2025-08-20,Yellow,False,Yellow,2.0,False,True,1,10:44,10:44,Yellow,Yellow,2025,8,Aug,Wednesday,finalized,primary,ALERTBAY/PCBFLAGS text archive
2025-08-21,Yellow,False,Yellow,2.0,False,False,1,10:31,10:31,Yellow,Yellow,2025,8,Aug,Thursday,finalized,recovered,NWS Tallahassee SRFTAE recovered Bay flag via IEM
2025-08-22,Yellow,False,Yellow,2.0,False,True,1,10:09,10:09,Yellow,Yellow,2025,8,Aug,Friday,finalized,primary,ALERTBAY/PCBFLAGS text archive
2025-08-23,Single Red,False,Single Red,3.0,False,True,1,10:02,10:02,Single Red,Single Red,2025,8,Aug,Saturday,finalized,primary,ALERTBAY/PCBFLAGS text archive
2025-08-24,Yellow,False,Yellow,2.0,False,True,1,10:03,10:03,Yellow,Yellow,2025,8,Aug,Sunday,finalized,primary,ALERTBAY/PCBFLAGS text archive
2025-08-25,Yellow,False,Yellow,2.0,False,False,1,11:05,11:05,Yellow,Yellow,2025,8,Aug,Monday,finalized,recovered,NWS Tallahassee SRFTAE recovered Bay flag via IEM
2025-08-26,Yellow,False,Yellow,2.0,False,True,1,10:00,10:00,Yellow,Yellow,2025,8,Aug,Tuesday,finalized,primary,ALERTBAY/PCBFLAGS text archive
2025-08-27,Yellow,False,Yellow,2.0,False,True,1,09:59,09:59,Yellow,Yellow,2025,8,Aug,Wednesday,finalized,primary,ALERTBAY/PCBFLAGS text archive
2025-08-28,Yellow,False,Yellow,2.0,False,True,1,10:01,10:01,Yellow,Yellow,2025,8,Aug,Thursday,finalized,primary,ALERTBAY/PCBFLAGS text archive
2025-08-29,Yellow,False,Yellow,2.0,False,True,1,10:55,10:55,Yellow,Yellow,2025,8,Aug,Friday,finalized,primary,ALERTBAY/PCBFLAGS text archive
2025-08-30,Yellow,False,Yellow,2.0,False,True,2,10:18,10:42,Yellow,Yellow,2025,8,Aug,Saturday,finalized,primary,ALERTBAY/PCBFLAGS text archive
2025-08-31,Yellow,False,Yellow,2.0,False,True,1,10:00,10:00,Yellow,Yellow,2025,8,Aug,Sunday,finalized,primary,ALERTBAY/PCBFLAGS text archive
2025-09-01,Yellow,False,Yellow,2.0,False,True,1,10:00,10:00,Yellow,Yellow,2025,9,Sep,Monday,finalized,primary,ALERTBAY/PCBFLAGS text archive
2025-09-02,Yellow,False,Yellow,2.0,False,True,1,10:00,10:00,Yellow,Yellow,2025,9,Sep,Tuesday,finalized,primary,ALERTBAY/PCBFLAGS text archive
2025-09-03,Yellow,False,Yellow,2.0,False,True,1,10:08,10:08,Yellow,Yellow,2025,9,Sep,Wednesday,finalized,primary,ALERTBAY/PCBFLAGS text archive
2025-09-04,Yellow,False,Yellow,2.0,False,True,1,09:58,09:58,Yellow,Yellow,2025,9,Sep,Thursday,finalized,primary,ALERTBAY/PCBFLAGS text archive
2025-09-05,Yellow,False,Yellow,2.0,False,True,1,10:01,10:01,Yellow,Yellow,2025,9,Sep,Friday,finalized,primary,ALERTBAY/PCBFLAGS text archive
2025-09-06,Yellow,False,Yellow,2.0,False,True,1,10:03,10:03,Yellow,Yellow,2025,9,Sep,Saturday,finalized,primary,ALERTBAY/PCBFLAGS text archive
2025-09-07,Yellow,False,Yellow,2.0,False,True,1,10:03,10:03,Yellow,Yellow,2025,9,Sep,Sunday,finalized,primary,ALERTBAY/PCBFLAGS text archive
2025-09-08,Yellow,False,Yellow,2.0,False,True,1,10:03,10:03,Yellow,Yellow,2025,9,Sep,Monday,finalized,primary,ALERTBAY/PCBFLAGS text archive
2025-09-09,Yellow,False,Yellow,2.0,False,True,1,10:11,10:11,Yellow,Yellow,2025,9,Sep,Tuesday,finalized,primary,ALERTBAY/PCBFLAGS text archive
2025-09-10,Yellow,False,Yellow,2.0,False,True,1,10:06,10:06,Yellow,Yellow,2025,9,Sep,Wednesday,finalized,primary,ALERTBAY/PCBFLAGS text archive
2025-09-11,Yellow,False,Yellow,2.0,False,True,1,10:08,10:08,Yellow,Yellow,2025,9,Sep,Thursday,finalized,primary,ALERTBAY/PCBFLAGS text archive
2025-09-12,Yellow,False,Yellow,2.0,False,True,1,09:59,09:59,Yellow,Yellow,2025,9,Sep,Friday,finalized,primary,ALERTBAY/PCBFLAGS text archive
2025-09-13,Yellow,False,Yellow,2.0,False,True,1,10:09,10:09,Yellow,Yellow,2025,9,Sep,Saturday,finalized,primary,ALERTBAY/PCBFLAGS text archive
2025-09-14,Yellow,False,Yellow,2.0,False,True,1,11:38,11:38,Yellow,Yellow,2025,9,Sep,Sunday,finalized,primary,ALERTBAY/PCBFLAGS text archive
2025-09-15,Yellow,False,Yellow,2.0,False,True,1,10:08,10:08,Yellow,Yellow,2025,9,Sep,Monday,finalized,primary,ALERTBAY/PCBFLAGS text archive
2025-09-16,Yellow,False,Yellow,2.0,False,True,1,10:01,10:01,Yellow,Yellow,2025,9,Sep,Tuesday,finalized,primary,ALERTBAY/PCBFLAGS text archive
2025-09-17,Yellow,False,Yellow,2.0,False,True,1,10:37,10:37,Yellow,Yellow,2025,9,Sep,Wednesday,finalized,primary,ALERTBAY/PCBFLAGS text archive
2025-09-18,Yellow,False,Yellow,2.0,False,True,1,09:59,09:59,Yellow,Yellow,2025,9,Sep,Thursday,finalized,primary,ALERTBAY/PCBFLAGS text archive
2025-09-19,Yellow,False,Yellow,2.0,False,True,1,10:05,10:05,Yellow,Yellow,2025,9,Sep,Friday,finalized,primary,ALERTBAY/PCBFLAGS text archive
2025-09-20,Yellow,False,Yellow,2.0,False,True,1,09:56,09:56,Yellow,Yellow,2025,9,Sep,Saturday,finalized,primary,ALERTBAY/PCBFLAGS text archive
2025-09-21,Yellow,False,Yellow,2.0,False,True,1,10:04,10:04,Yellow,Yellow,2025,9,Sep,Sunday,finalized,primary,ALERTBAY/PCBFLAGS text archive
2025-09-22,Yellow,False,Yellow,2.0,False,True,1,10:01,10:01,Yellow,Yellow,2025,9,Sep,Monday,finalized,primary,ALERTBAY/PCBFLAGS text archive
2025-09-23,Yellow,False,Yellow,2.0,False,True,1,10:00,10:00,Yellow,Yellow,2025,9,Sep,Tuesday,finalized,primary,ALERTBAY/PCBFLAGS text archive
2025-09-24,Yellow,False,Yellow,2.0,False,True,1,10:15,10:15,Yellow,Yellow,2025,9,Sep,Wednesday,finalized,primary,ALERTBAY/PCBFLAGS text archive
2025-09-25,Yellow,False,Yellow,2.0,False,True,1,10:03,10:03,Yellow,Yellow,2025,9,Sep,Thursday,finalized,primary,ALERTBAY/PCBFLAGS text archive
2025-09-26,Yellow,False,Yellow,2.0,False,True,1,10:01,10:01,Yellow,Yellow,2025,9,Sep,Friday,finalized,primary,ALERTBAY/PCBFLAGS text archive
2025-09-27,Yellow,False,Yellow,2.0,False,False,1,10:57,10:57,Yellow,Yellow,2025,9,Sep,Saturday,finalized,recovered,NWS Tallahassee SRFTAE recovered Bay flag via IEM
2025-09-28,Yellow,False,Yellow,2.0,False,True,1,10:10,10:10,Yellow,Yellow,2025,9,Sep,Sunday,finalized,primary,ALERTBAY/PCBFLAGS text archive
2025-09-29,Yellow,False,Yellow,2.0,False,True,1,10:00,10:00,Yellow,Yellow,2025,9,Sep,Monday,finalized,primary,ALERTBAY/PCBFLAGS text archive
2025-09-30,Yellow,False,Yellow,2.0,False,True,1,10:01,10:01,Yellow,Yellow,2025,9,Sep,Tuesday,finalized,primary,ALERTBAY/PCBFLAGS text archive
2025-10-01,Yellow,False,Yellow,2.0,False,True,1,10:01,10:01,Yellow,Yellow,2025,10,Oct,Wednesday,finalized,primary,ALERTBAY/PCBFLAGS text archive
2025-10-02,Yellow,False,Yellow,2.0,False,True,1,09:58,09:58,Yellow,Yellow,2025,10,Oct,Thursday,finalized,primary,ALERTBAY/PCBFLAGS text archive
2025-10-03,Yellow,False,Yellow,2.0,False,True,1,09:59,09:59,Yellow,Yellow,2025,10,Oct,Friday,finalized,primary,ALERTBAY/PCBFLAGS text archive
2025-10-04,Yellow,False,Yellow,2.0,False,False,1,11:16,11:16,Yellow,Yellow,2025,10,Oct,Saturday,finalized,recovered,NWS Tallahassee SRFTAE recovered Bay flag via IEM
2025-10-05,Yellow,False,Yellow,2.0,False,True,1,10:00,10:00,Yellow,Yellow,2025,10,Oct,Sunday,finalized,primary,ALERTBAY/PCBFLAGS text archive
2025-10-06,Yellow,False,Yellow,2.0,False,True,1,10:00,10:00,Yellow,Yellow,2025,10,Oct,Monday,finalized,primary,ALERTBAY/PCBFLAGS text archive
2025-10-07,Yellow,False,Yellow,2.0,False,True,1,10:01,10:01,Yellow,Yellow,2025,10,Oct,Tuesday,finalized,primary,ALERTBAY/PCBFLAGS text archive
2025-10-08,Yellow,False,Yellow,2.0,False,True,1,09:58,09:58,Yellow,Yellow,2025,10,Oct,Wednesday,finalized,primary,ALERTBAY/PCBFLAGS text archive
2025-10-09,Yellow,False,Yellow,2.0,False,False,1,10:50,10:50,Yellow,Yellow,2025,10,Oct,Thursday,finalized,recovered,NWS Tallahassee SRFTAE recovered Bay flag via IEM
2025-10-10,Yellow,False,Yellow,2.0,False,True,1,10:01,10:01,Yellow,Yellow,2025,10,Oct,Friday,finalized,primary,ALERTBAY/PCBFLAGS text archive
2025-10-11,Yellow,False,Yellow,2.0,False,True,1,10:06,10:06,Yellow,Yellow,2025,10,Oct,Saturday,finalized,primary,ALERTBAY/PCBFLAGS text archive
2025-10-12,Yellow,False,Yellow,2.0,False,True,1,10:00,10:00,Yellow,Yellow,2025,10,Oct,Sunday,finalized,primary,ALERTBAY/PCBFLAGS text archive
2025-10-13,Yellow,False,Yellow,2.0,False,True,1,10:00,10:00,Yellow,Yellow,2025,10,Oct,Monday,finalized,primary,ALERTBAY/PCBFLAGS text archive
2025-10-14,Yellow,False,Yellow,2.0,False,True,1,10:00,10:00,Yellow,Yellow,2025,10,Oct,Tuesday,finalized,primary,ALERTBAY/PCBFLAGS text archive
2025-10-15,Yellow,False,Yellow,2.0,False,True,1,10:06,10:06,Yellow,Yellow,2025,10,Oct,Wednesday,finalized,primary,ALERTBAY/PCBFLAGS text archive
2025-10-16,Yellow,False,Yellow,2.0,False,True,1,09:59,09:59,Yellow,Yellow,2025,10,Oct,Thursday,finalized,primary,ALERTBAY/PCBFLAGS text archive
2025-10-17,Yellow,False,Yellow,2.0,False,True,1,10:01,10:01,Yellow,Yellow,2025,10,Oct,Friday,finalized,primary,ALERTBAY/PCBFLAGS text archive
2025-10-18,Single Red,False,Single Red,3.0,False,True,1,10:01,10:01,Single Red,Single Red,2025,10,Oct,Saturday,finalized,primary,ALERTBAY/PCBFLAGS text archive
2025-10-19,Single Red,False,Single Red,3.0,False,True,2,09:59,10:03,Single Red,Single Red,2025,10,Oct,Sunday,finalized,primary,ALERTBAY/PCBFLAGS text archive
2025-10-20,Yellow,False,Yellow,2.0,False,True,1,09:32,09:32,Yellow,Yellow,2025,10,Oct,Monday,finalized,primary,ALERTBAY/PCBFLAGS text archive
2025-10-21,Yellow,False,Yellow,2.0,False,False,1,11:54,11:54,Yellow,Yellow,2025,10,Oct,Tuesday,finalized,recovered,NWS Tallahassee SRFTAE recovered Bay flag via IEM
2025-10-22,Yellow,False,Yellow,2.0,False,True,1,10:19,10:19,Yellow,Yellow,2025,10,Oct,Wednesday,finalized,primary,ALERTBAY/PCBFLAGS text archive
2025-10-23,Yellow,False,Yellow,2.0,False,True,1,10:00,10:00,Yellow,Yellow,2025,10,Oct,Thursday,finalized,primary,ALERTBAY/PCBFLAGS text archive
2025-10-24,Yellow,False,Yellow,2.0,False,True,1,10:17,10:17,Yellow,Yellow,2025,10,Oct,Friday,finalized,primary,ALERTBAY/PCBFLAGS text archive
2025-10-25,Yellow,False,Yellow,2.0,False,True,1,09:59,09:59,Yellow,Yellow,2025,10,Oct,Saturday,finalized,primary,ALERTBAY/PCBFLAGS text archive
2025-10-26,Single Red,False,Single Red,3.0,False,True,1,10:10,10:10,Single Red,Single Red,2025,10,Oct,Sunday,finalized,primary,ALERTBAY/PCBFLAGS text archive
2025-10-27,Single Red,False,Single Red,3.0,False,True,1,10:01,10:01,Single Red,Single Red,2025,10,Oct,Monday,finalized,primary,ALERTBAY/PCBFLAGS text archive
2025-10-28,Yellow,False,Yellow,2.0,False,True,1,10:01,10:01,Yellow,Yellow,2025,10,Oct,Tuesday,finalized,primary,ALERTBAY/PCBFLAGS text archive
2025-10-29,Single Red,False,Single Red,3.0,False,True,1,10:05,10:05,Single Red,Single Red,2025,10,Oct,Wednesday,finalized,primary,ALERTBAY/PCBFLAGS text archive
2025-10-30,Single Red,False,Single Red,3.0,False,True,1,09:59,09:59,Single Red,Single Red,2025,10,Oct,Thursday,finalized,primary,ALERTBAY/PCBFLAGS text archive
2025-10-31,Single Red,False,Single Red,3.0,False,True,1,09:59,09:59,Single Red,Single Red,2025,10,Oct,Friday,finalized,primary,ALERTBAY/PCBFLAGS text archive
2025-11-01,Yellow,False,Yellow,2.0,True,True,2,10:03,10:06,Yellow,Yellow + Purple,2025,11,Nov,Saturday,finalized,primary,ALERTBAY/PCBFLAGS text archive
2025-11-02,Yellow,False,Yellow,2.0,False,True,1,10:00,10:00,Yellow,Yellow,2025,11,Nov,Sunday,finalized,primary,ALERTBAY/PCBFLAGS text archive
2025-11-03,Yellow,False,Yellow,2.0,False,True,1,10:20,10:20,Yellow,Yellow,2025,11,Nov,Monday,finalized,primary,ALERTBAY/PCBFLAGS text archive
2025-11-04,Yellow,False,Yellow,2.0,False,True,1,10:21,10:21,Yellow,Yellow,2025,11,Nov,Tuesday,finalized,primary,ALERTBAY/PCBFLAGS text archive
2025-11-05,Yellow,False,Yellow,2.0,False,True,1,10:00,10:00,Yellow,Yellow,2025,11,Nov,Wednesday,finalized,primary,ALERTBAY/PCBFLAGS text archive
2025-11-06,Yellow,False,Yellow,2.0,False,True,1,10:25,10:25,Yellow,Yellow,2025,11,Nov,Thursday,finalized,primary,ALERTBAY/PCBFLAGS text archive
2025-11-07,Yellow,False,Yellow,2.0,False,True,1,10:01,10:01,Yellow,Yellow,2025,11,Nov,Friday,finalized,primary,ALERTBAY/PCBFLAGS text archive
2025-11-08,Yellow,False,Yellow,2.0,False,True,1,10:00,10:00,Yellow,Yellow,2025,11,Nov,Saturday,finalized,primary,ALERTBAY/PCBFLAGS text archive
2025-11-09,Yellow,False,Yellow,2.0,False,True,1,10:00,10:00,Yellow,Yellow,2025,11,Nov,Sunday,finalized,primary,ALERTBAY/PCBFLAGS text archive
2025-11-10,Yellow,False,Yellow,2.0,False,True,1,10:00,10:00,Yellow,Yellow,2025,11,Nov,Monday,finalized,primary,ALERTBAY/PCBFLAGS text archive
2025-11-11,Yellow,False,Yellow,2.0,False,True,1,10:41,10:41,Yellow,Yellow,2025,11,Nov,Tuesday,finalized,primary,ALERTBAY/PCBFLAGS text archive
2025-11-12,Yellow,False,Yellow,2.0,False,True,1,10:01,10:01,Yellow,Yellow,2025,11,Nov,Wednesday,finalized,primary,ALERTBAY/PCBFLAGS text archive
2025-11-13,Yellow,False,Yellow,2.0,False,True,1,10:32,10:32,Yellow,Yellow,2025,11,Nov,Thursday,finalized,primary,ALERTBAY/PCBFLAGS text archive
2025-11-14,Yellow,False,Yellow,2.0,False,True,1,10:00,10:00,Yellow,Yellow,2025,11,Nov,Friday,finalized,primary,ALERTBAY/PCBFLAGS text archive
2025-11-15,Yellow,False,Yellow,2.0,False,True,1,10:06,10:06,Yellow,Yellow,2025,11,Nov,Saturday,finalized,primary,ALERTBAY/PCBFLAGS text archive
2025-11-16,Single Red,False,Single Red,3.0,False,True,1,10:00,10:00,Single Red,Single Red,2025,11,Nov,Sunday,finalized,primary,ALERTBAY/PCBFLAGS text archive
2025-11-17,Yellow,False,Yellow,2.0,False,True,1,10:00,10:00,Yellow,Yellow,2025,11,Nov,Monday,finalized,primary,ALERTBAY/PCBFLAGS text archive
2025-11-18,Yellow,False,Yellow,2.0,False,True,1,10:00,10:00,Yellow,Yellow,2025,11,Nov,Tuesday,finalized,primary,ALERTBAY/PCBFLAGS text archive
2025-11-19,Yellow,False,Yellow,2.0,False,True,1,09:58,09:58,Yellow,Yellow,2025,11,Nov,Wednesday,finalized,primary,ALERTBAY/PCBFLAGS text archive
2025-11-20,Yellow,False,Yellow,2.0,False,True,1,10:31,10:31,Yellow,Yellow,2025,11,Nov,Thursday,finalized,primary,ALERTBAY/PCBFLAGS text archive
2025-11-21,Yellow,False,Yellow,2.0,False,True,1,11:02,11:02,Yellow,Yellow,2025,11,Nov,Friday,finalized,primary,ALERTBAY/PCBFLAGS text archive
2025-11-22,Yellow,False,Yellow,2.0,False,False,1,11:25,11:25,Yellow,Yellow,2025,11,Nov,Saturday,finalized,recovered,NWS Tallahassee SRFTAE recovered Bay flag via IEM
2025-11-23,Yellow,False,Yellow,2.0,False,True,1,10:00,10:00,Yellow,Yellow,2025,11,Nov,Sunday,finalized,primary,ALERTBAY/PCBFLAGS text archive
2025-11-24,Yellow,False,Yellow,2.0,False,True,1,10:01,10:01,Yellow,Yellow,2025,11,Nov,Monday,finalized,primary,ALERTBAY/PCBFLAGS text archive
2025-11-25,Yellow,False,Yellow,2.0,False,True,1,10:00,10:00,Yellow,Yellow,2025,11,Nov,Tuesday,finalized,primary,ALERTBAY/PCBFLAGS text archive
2025-11-26,Yellow,False,Yellow,2.0,False,True,1,10:00,10:00,Yellow,Yellow,2025,11,Nov,Wednesday,finalized,primary,ALERTBAY/PCBFLAGS text archive
2025-11-27,Yellow,False,Yellow,2.0,False,True,1,10:00,10:00,Yellow,Yellow,2025,11,Nov,Thursday,finalized,primary,ALERTBAY/PCBFLAGS text archive
2025-11-28,Yellow,False,Yellow,2.0,False,True,1,10:05,10:05,Yellow,Yellow,2025,11,Nov,Friday,finalized,primary,ALERTBAY/PCBFLAGS text archive
2025-11-29,Yellow,False,Yellow,2.0,False,True,1,10:32,10:32,Yellow,Yellow,2025,11,Nov,Saturday,finalized,primary,ALERTBAY/PCBFLAGS text archive
2025-11-30,Yellow,False,Yellow,2.0,False,True,1,10:17,10:17,Yellow,Yellow,2025,11,Nov,Sunday,finalized,primary,ALERTBAY/PCBFLAGS text archive
2025-12-01,Yellow,False,Yellow,2.0,False,True,1,10:00,10:00,Yellow,Yellow,2025,12,Dec,Monday,finalized,primary,ALERTBAY/PCBFLAGS text archive
2025-12-02,Yellow,False,Yellow,2.0,False,True,1,10:00,10:00,Yellow,Yellow,2025,12,Dec,Tuesday,finalized,primary,ALERTBAY/PCBFLAGS text archive
2025-12-03,Yellow,False,Yellow,2.0,False,True,1,10:00,10:00,Yellow,Yellow,2025,12,Dec,Wednesday,finalized,primary,ALERTBAY/PCBFLAGS text archive
2025-12-04,Yellow,False,Yellow,2.0,False,True,1,10:00,10:00,Yellow,Yellow,2025,12,Dec,Thursday,finalized,primary,ALERTBAY/PCBFLAGS text archive
2025-12-05,Single Red,False,Single Red,3.0,False,True,1,10:14,10:14,Single Red,Single Red,2025,12,Dec,Friday,finalized,primary,ALERTBAY/PCBFLAGS text archive
2025-12-06,Yellow,False,Yellow,2.0,False,True,1,10:09,10:09,Yellow,Yellow,2025,12,Dec,Saturday,finalized,primary,ALERTBAY/PCBFLAGS text archive
2025-12-07,Yellow,False,Yellow,2.0,False,True,1,10:15,10:15,Yellow,Yellow,2025,12,Dec,Sunday,finalized,primary,ALERTBAY/PCBFLAGS text archive
2025-12-08,Yellow,False,Yellow,2.0,False,True,1,10:00,10:00,Yellow,Yellow,2025,12,Dec,Monday,finalized,primary,ALERTBAY/PCBFLAGS text archive
2025-12-09,Yellow,False,Yellow,2.0,False,True,1,10:00,10:00,Yellow,Yellow,2025,12,Dec,Tuesday,finalized,primary,ALERTBAY/PCBFLAGS text archive
2025-12-10,Yellow,False,Yellow,2.0,False,True,1,10:01,10:01,Yellow,Yellow,2025,12,Dec,Wednesday,finalized,primary,ALERTBAY/PCBFLAGS text archive
2025-12-11,Yellow,False,Yellow,2.0,False,True,1,09:59,09:59,Yellow,Yellow,2025,12,Dec,Thursday,finalized,primary,ALERTBAY/PCBFLAGS text archive
2025-12-12,Yellow,False,Yellow,2.0,False,False,1,11:16,11:16,Yellow,Yellow,2025,12,Dec,Friday,finalized,recovered,NWS Tallahassee SRFTAE recovered Bay flag via IEM
2025-12-13,Yellow,False,Yellow,2.0,False,True,1,10:18,10:18,Yellow,Yellow,2025,12,Dec,Saturday,finalized,primary,ALERTBAY/PCBFLAGS text archive
2025-12-14,Yellow,False,Yellow,2.0,False,True,1,10:00,10:00,Yellow,Yellow,2025,12,Dec,Sunday,finalized,primary,ALERTBAY/PCBFLAGS text archive
2025-12-15,Yellow,False,Yellow,2.0,False,True,1,10:00,10:00,Yellow,Yellow,2025,12,Dec,Monday,finalized,primary,ALERTBAY/PCBFLAGS text archive
2025-12-16,Yellow,False,Yellow,2.0,False,True,1,10:31,10:31,Yellow,Yellow,2025,12,Dec,Tuesday,finalized,primary,ALERTBAY/PCBFLAGS text archive
2025-12-17,Yellow,False,Yellow,2.0,False,True,1,09:59,09:59,Yellow,Yellow,2025,12,Dec,Wednesday,finalized,primary,ALERTBAY/PCBFLAGS text archive
2025-12-18,Single Red,False,Single Red,3.0,False,True,1,10:54,10:54,Single Red,Single Red,2025,12,Dec,Thursday,finalized,primary,ALERTBAY/PCBFLAGS text archive
2025-12-19,Single Red,False,Single Red,3.0,False,True,1,10:07,10:07,Single Red,Single Red,2025,12,Dec,Friday,finalized,primary,ALERTBAY/PCBFLAGS text archive
2025-12-20,Yellow,False,Yellow,2.0,False,True,1,09:58,09:58,Yellow,Yellow,2025,12,Dec,Saturday,finalized,primary,ALERTBAY/PCBFLAGS text archive
2025-12-21,Yellow,False,Yellow,2.0,False,True,1,10:47,10:47,Yellow,Yellow,2025,12,Dec,Sunday,finalized,primary,ALERTBAY/PCBFLAGS text archive
2025-12-22,Yellow,False,Yellow,2.0,False,True,1,11:31,11:31,Yellow,Yellow,2025,12,Dec,Monday,finalized,primary,ALERTBAY/PCBFLAGS text archive
2025-12-23,Yellow,False,Yellow,2.0,False,True,1,10:00,10:00,Yellow,Yellow,2025,12,Dec,Tuesday,finalized,primary,ALERTBAY/PCBFLAGS text archive
2025-12-24,Yellow,False,Yellow,2.0,False,True,1,10:39,10:39,Yellow,Yellow,2025,12,Dec,Wednesday,finalized,primary,ALERTBAY/PCBFLAGS text archive
2025-12-25,Yellow,False,Yellow,2.0,False,True,1,12:16,12:16,Yellow,Yellow,2025,12,Dec,Thursday,finalized,primary,ALERTBAY/PCBFLAGS text archive
2025-12-26,Yellow,False,Yellow,2.0,False,True,1,09:46,09:46,Yellow,Yellow,2025,12,Dec,Friday,finalized,primary,ALERTBAY/PCBFLAGS text archive
2025-12-27,Yellow,False,Yellow,2.0,False,True,1,10:04,10:04,Yellow,Yellow,2025,12,Dec,Saturday,finalized,primary,ALERTBAY/PCBFLAGS text archive
2025-12-28,Yellow,False,Yellow,2.0,False,True,1,10:00,10:00,Yellow,Yellow,2025,12,Dec,Sunday,finalized,primary,ALERTBAY/PCBFLAGS text archive
2025-12-29,Yellow,False,Yellow,2.0,False,True,1,10:00,10:00,Yellow,Yellow,2025,12,Dec,Monday,finalized,primary,ALERTBAY/PCBFLAGS text archive
2025-12-30,Yellow,False,Yellow,2.0,False,True,1,10:00,10:00,Yellow,Yellow,2025,12,Dec,Tuesday,finalized,primary,ALERTBAY/PCBFLAGS text archive
2025-12-31,Yellow,False,Yellow,2.0,False,False,1,10:34,10:34,Yellow,Yellow,2025,12,Dec,Wednesday,finalized,recovered,NWS Tallahassee SRFTAE recovered Bay flag via IEM
2026-01-01,Yellow,False,Yellow,2.0,False,True,1,10:19,10:19,Yellow,Yellow,2026,1,Jan,Thursday,finalized,primary,ALERTBAY/PCBFLAGS text archive
2026-01-02,Single Red,False,Single Red,3.0,False,True,2,09:59,17:39,Single Red,Single Red,2026,1,Jan,Friday,finalized,primary,ALERTBAY/PCBFLAGS text archive
2026-01-03,Single Red,False,Single Red,3.0,False,True,1,10:03,10:03,Single Red,Single Red,2026,1,Jan,Saturday,finalized,primary,ALERTBAY/PCBFLAGS text archive
2026-01-04,Single Red,False,Single Red,3.0,False,True,1,10:21,10:21,Single Red,Single Red,2026,1,Jan,Sunday,finalized,primary,ALERTBAY/PCBFLAGS text archive
2026-01-05,Yellow,False,Yellow,2.0,False,True,1,10:04,10:04,Yellow,Yellow,2026,1,Jan,Monday,finalized,primary,ALERTBAY/PCBFLAGS text archive
2026-01-06,Yellow,False,Yellow,2.0,False,True,1,10:18,10:18,Yellow,Yellow,2026,1,Jan,Tuesday,finalized,primary,ALERTBAY/PCBFLAGS text archive
2026-01-07,Yellow,False,Yellow,2.0,False,True,1,10:19,10:19,Yellow,Yellow,2026,1,Jan,Wednesday,finalized,primary,ALERTBAY/PCBFLAGS text archive
2026-01-08,Yellow,False,Yellow,2.0,False,True,1,10:17,10:17,Yellow,Yellow,2026,1,Jan,Thursday,finalized,primary,ALERTBAY/PCBFLAGS text archive
2026-01-09,Single Red,False,Single Red,3.0,False,True,2,10:09,15:06,Single Red,Single Red,2026,1,Jan,Friday,finalized,primary,ALERTBAY/PCBFLAGS text archive
2026-01-10,Single Red,False,Single Red,3.0,False,True,1,10:09,10:09,Single Red,Single Red,2026,1,Jan,Saturday,finalized,primary,ALERTBAY/PCBFLAGS text archive
2026-01-11,Yellow,False,Yellow,2.0,False,False,1,10:33,10:33,Yellow,Yellow,2026,1,Jan,Sunday,finalized,recovered,NWS Tallahassee SRFTAE recovered Bay flag via IEM
2026-01-12,Yellow,False,Yellow,2.0,False,True,1,11:16,11:16,Yellow,Yellow,2026,1,Jan,Monday,finalized,primary,ALERTBAY/PCBFLAGS text archive
2026-01-13,Yellow,False,Yellow,2.0,False,True,1,10:00,10:00,Yellow,Yellow,2026,1,Jan,Tuesday,finalized,primary,ALERTBAY/PCBFLAGS text archive
2026-01-14,Yellow,False,Yellow,2.0,False,True,1,10:00,10:00,Yellow,Yellow,2026,1,Jan,Wednesday,finalized,primary,ALERTBAY/PCBFLAGS text archive
2026-01-15,Yellow,False,Yellow,2.0,False,True,1,10:34,10:34,Yellow,Yellow,2026,1,Jan,Thursday,finalized,primary,ALERTBAY/PCBFLAGS text archive
2026-01-16,Yellow,False,Yellow,2.0,False,True,1,10:00,10:00,Yellow,Yellow,2026,1,Jan,Friday,finalized,primary,ALERTBAY/PCBFLAGS text archive
2026-01-17,Yellow,False,Yellow,2.0,False,True,1,10:02,10:02,Yellow,Yellow,2026,1,Jan,Saturday,finalized,primary,ALERTBAY/PCBFLAGS text archive
2026-01-18,Yellow,False,Yellow,2.0,False,True,1,10:47,10:47,Yellow,Yellow,2026,1,Jan,Sunday,finalized,primary,ALERTBAY/PCBFLAGS text archive
2026-01-19,Yellow,False,Yellow,2.0,False,True,1,10:02,10:02,Yellow,Yellow,2026,1,Jan,Monday,finalized,primary,ALERTBAY/PCBFLAGS text archive
2026-01-20,Yellow,False,Yellow,2.0,False,True,1,10:00,10:00,Yellow,Yellow,2026,1,Jan,Tuesday,finalized,primary,ALERTBAY/PCBFLAGS text archive
2026-01-21,Yellow,False,Yellow,2.0,False,True,1,10:00,10:00,Yellow,Yellow,2026,1,Jan,Wednesday,finalized,primary,ALERTBAY/PCBFLAGS text archive
2026-01-22,Yellow,False,Yellow,2.0,False,True,1,09:59,09:59,Yellow,Yellow,2026,1,Jan,Thursday,finalized,primary,ALERTBAY/PCBFLAGS text archive
2026-01-23,Yellow,False,Yellow,2.0,False,True,1,10:04,10:04,Yellow,Yellow,2026,1,Jan,Friday,finalized,primary,ALERTBAY/PCBFLAGS text archive
2026-01-24,Yellow,False,Yellow,2.0,False,True,1,10:00,10:00,Yellow,Yellow,2026,1,Jan,Saturday,finalized,primary,ALERTBAY/PCBFLAGS text archive
2026-01-25,Double Red,False,Double Red,4.0,False,True,1,10:01,10:01,Double Red,Double Red,2026,1,Jan,Sunday,finalized,primary,ALERTBAY/PCBFLAGS text archive
2026-01-26,Double Red,False,Double Red,4.0,False,True,1,10:00,10:00,Double Red,Double Red,2026,1,Jan,Monday,finalized,primary,ALERTBAY/PCBFLAGS text archive
2026-01-28,Yellow,False,Yellow,2.0,False,True,1,09:58,09:58,Yellow,Yellow,2026,1,Jan,Wednesday,finalized,primary,ALERTBAY/PCBFLAGS text archive
2026-01-29,Yellow,False,Yellow,2.0,False,False,1,10:39,10:39,Yellow,Yellow,2026,1,Jan,Thursday,finalized,recovered,NWS Tallahassee SRFTAE recovered Bay flag via IEM
2026-01-30,Yellow,False,Yellow,2.0,False,True,1,11:03,11:03,Yellow,Yellow,2026,1,Jan,Friday,finalized,primary,ALERTBAY/PCBFLAGS text archive
2026-01-31,Single Red,False,Single Red,3.0,False,True,2,09:59,11:27,Single Red,Single Red,2026,1,Jan,Saturday,finalized,primary,ALERTBAY/PCBFLAGS text archive
2026-02-01,Single Red,False,Single Red,3.0,False,True,1,10:00,10:00,Single Red,Single Red,2026,2,Feb,Sunday,finalized,primary,ALERTBAY/PCBFLAGS text archive
2026-02-02,Yellow,False,Yellow,2.0,False,True,1,10:00,10:00,Yellow,Yellow,2026,2,Feb,Monday,finalized,primary,ALERTBAY/PCBFLAGS text archive
2026-02-03,Yellow,False,Yellow,2.0,False,True,1,10:01,10:01,Yellow,Yellow,2026,2,Feb,Tuesday,finalized,primary,ALERTBAY/PCBFLAGS text archive
2026-02-04,Single Red,False,Single Red,3.0,False,True,1,10:00,10:00,Single Red,Single Red,2026,2,Feb,Wednesday,finalized,primary,ALERTBAY/PCBFLAGS text archive
2026-02-06,Single Red,False,Single Red,3.0,False,True,1,10:04,10:04,Single Red,Single Red,2026,2,Feb,Friday,finalized,primary,ALERTBAY/PCBFLAGS text archive
2026-02-07,Single Red,False,Single Red,3.0,False,True,1,10:00,10:00,Single Red,Single Red,2026,2,Feb,Saturday,finalized,primary,ALERTBAY/PCBFLAGS text archive
2026-02-08,Yellow,False,Yellow,2.0,False,True,1,10:00,10:00,Yellow,Yellow,2026,2,Feb,Sunday,finalized,primary,ALERTBAY/PCBFLAGS text archive
2026-02-09,Yellow,False,Yellow,2.0,False,True,1,10:00,10:00,Yellow,Yellow,2026,2,Feb,Monday,finalized,primary,ALERTBAY/PCBFLAGS text archive
2026-02-10,Yellow,False,Yellow,2.0,False,True,1,10:00,10:00,Yellow,Yellow,2026,2,Feb,Tuesday,finalized,primary,ALERTBAY/PCBFLAGS text archive
2026-02-11,Yellow,False,Yellow,2.0,False,True,1,10:00,10:00,Yellow,Yellow,2026,2,Feb,Wednesday,finalized,primary,ALERTBAY/PCBFLAGS text archive
2026-02-12,Yellow,False,Yellow,2.0,False,True,1,10:09,10:09,Yellow,Yellow,2026,2,Feb,Thursday,finalized,primary,ALERTBAY/PCBFLAGS text archive
2026-02-13,Yellow,False,Yellow,2.0,False,True,1,10:11,10:11,Yellow,Yellow,2026,2,Feb,Friday,finalized,primary,ALERTBAY/PCBFLAGS text archive
2026-02-14,Yellow,False,Yellow,2.0,False,False,1,10:24,10:24,Yellow,Yellow,2026,2,Feb,Saturday,finalized,recovered,NWS Tallahassee SRFTAE recovered Bay flag via IEM
2026-02-15,Single Red,False,Single Red,3.0,False,True,1,10:00,10:00,Single Red,Single Red,2026,2,Feb,Sunday,finalized,primary,ALERTBAY/PCBFLAGS text archive
2026-02-16,Single Red,False,Single Red,3.0,False,True,1,10:00,10:00,Single Red,Single Red,2026,2,Feb,Monday,finalized,primary,ALERTBAY/PCBFLAGS text archive
2026-02-17,Yellow,False,Yellow,2.0,False,True,1,10:00,10:00,Yellow,Yellow,2026,2,Feb,Tuesday,finalized,primary,ALERTBAY/PCBFLAGS text archive
2026-02-18,Yellow,False,Yellow,2.0,False,True,1,10:00,10:00,Yellow,Yellow,2026,2,Feb,Wednesday,finalized,primary,ALERTBAY/PCBFLAGS text archive
2026-02-19,Single Red,False,Single Red,3.0,False,True,1,14:44,14:44,Single Red,Single Red,2026,2,Feb,Thursday,finalized,primary,ALERTBAY/PCBFLAGS text archive
2026-02-20,Single Red,False,Single Red,3.0,False,True,1,10:20,10:20,Single Red,Single Red,2026,2,Feb,Friday,finalized,primary,ALERTBAY/PCBFLAGS text archive
2026-02-21,Single Red,False,Single Red,3.0,False,True,1,09:59,09:59,Single Red,Single Red,2026,2,Feb,Saturday,finalized,primary,ALERTBAY/PCBFLAGS text archive
2026-02-22,Single Red,False,Single Red,3.0,False,True,1,10:00,10:00,Single Red,Single Red,2026,2,Feb,Sunday,finalized,primary,ALERTBAY/PCBFLAGS text archive
2026-02-23,Single Red,False,Single Red,3.0,False,True,1,10:00,10:00,Single Red,Single Red,2026,2,Feb,Monday,finalized,primary,ALERTBAY/PCBFLAGS text archive
2026-02-24,Single Red,False,Single Red,3.0,False,True,1,10:00,10:00,Single Red,Single Red,2026,2,Feb,Tuesday,finalized,primary,ALERTBAY/PCBFLAGS text archive
2026-02-25,Single Red,False,Single Red,3.0,False,True,1,10:00,10:00,Single Red,Single Red,2026,2,Feb,Wednesday,finalized,primary,ALERTBAY/PCBFLAGS text archive
2026-02-26,Single Red,False,Single Red,3.0,False,True,1,10:19,10:19,Single Red,Single Red,2026,2,Feb,Thursday,finalized,primary,ALERTBAY/PCBFLAGS text archive
2026-02-27,Double Red,False,Double Red,4.0,False,True,1,10:59,10:59,Double Red,Double Red,2026,2,Feb,Friday,finalized,primary,ALERTBAY/PCBFLAGS text archive
2026-02-28,Single Red,False,Single Red,3.0,False,True,1,10:24,10:24,Single Red,Single Red,2026,2,Feb,Saturday,finalized,primary,ALERTBAY/PCBFLAGS text archive
2026-03-01,Yellow,False,Yellow,2.0,False,True,1,10:00,10:00,Yellow,Yellow,2026,3,Mar,Sunday,finalized,primary,ALERTBAY/PCBFLAGS text archive
2026-03-02,Yellow,False,Yellow,2.0,False,True,1,10:00,10:00,Yellow,Yellow,2026,3,Mar,Monday,finalized,primary,ALERTBAY/PCBFLAGS text archive
2026-03-03,Yellow,False,Yellow,2.0,False,True,1,10:00,10:00,Yellow,Yellow,2026,3,Mar,Tuesday,finalized,primary,ALERTBAY/PCBFLAGS text archive
2026-03-04,Yellow,False,Yellow,2.0,False,True,1,10:00,10:00,Yellow,Yellow,2026,3,Mar,Wednesday,finalized,primary,ALERTBAY/PCBFLAGS text archive
2026-03-05,Yellow,False,Yellow,2.0,False,True,1,10:01,10:01,Yellow,Yellow,2026,3,Mar,Thursday,finalized,primary,ALERTBAY/PCBFLAGS text archive
2026-03-06,Yellow,False,Yellow,2.0,False,True,1,10:00,10:00,Yellow,Yellow,2026,3,Mar,Friday,finalized,primary,ALERTBAY/PCBFLAGS text archive
2026-03-07,Yellow,False,Yellow,2.0,False,True,1,10:02,10:02,Yellow,Yellow,2026,3,Mar,Saturday,finalized,primary,ALERTBAY/PCBFLAGS text archive
2026-03-08,Yellow,False,Yellow,2.0,False,True,1,10:00,10:00,Yellow,Yellow,2026,3,Mar,Sunday,finalized,primary,ALERTBAY/PCBFLAGS text archive
2026-03-09,Yellow,False,Yellow,2.0,False,True,1,10:00,10:00,Yellow,Yellow,2026,3,Mar,Monday,finalized,primary,ALERTBAY/PCBFLAGS text archive
2026-03-10,Yellow,False,Yellow,2.0,False,True,1,10:00,10:00,Yellow,Yellow,2026,3,Mar,Tuesday,finalized,primary,ALERTBAY/PCBFLAGS text archive
2026-03-11,Yellow,False,Yellow,2.0,False,True,1,09:58,09:58,Yellow,Yellow,2026,3,Mar,Wednesday,finalized,primary,ALERTBAY/PCBFLAGS text archive
2026-03-12,Single Red,True,Single Red,3.0,True,True,1,10:16,10:16,Single Red + Purple,Single Red + Purple,2026,3,Mar,Thursday,finalized,primary,ALERTBAY/PCBFLAGS text archive
2026-03-13,Single Red,False,Single Red,3.0,False,False,1,11:04,11:04,Single Red,Single Red,2026,3,Mar,Friday,finalized,recovered,NWS Tallahassee SRFTAE recovered Bay flag via IEM
2026-03-14,Yellow,True,Yellow,2.0,True,True,1,10:37,10:37,Yellow + Purple,Yellow + Purple,2026,3,Mar,Saturday,finalized,primary,ALERTBAY/PCBFLAGS text archive
2026-03-15,Yellow,True,Yellow,2.0,True,True,1,10:01,10:01,Yellow + Purple,Yellow + Purple,2026,3,Mar,Sunday,finalized,primary,ALERTBAY/PCBFLAGS text archive
2026-03-16,Single Red,False,Single Red,3.0,False,True,1,10:00,10:00,Single Red,Single Red,2026,3,Mar,Monday,finalized,primary,ALERTBAY/PCBFLAGS text archive
2026-03-17,Yellow,False,Yellow,2.0,False,True,1,10:04,10:04,Yellow,Yellow,2026,3,Mar,Tuesday,finalized,primary,ALERTBAY/PCBFLAGS text archive
2026-03-18,Yellow,False,Yellow,2.0,False,True,1,10:00,10:00,Yellow,Yellow,2026,3,Mar,Wednesday,finalized,primary,ALERTBAY/PCBFLAGS text archive
2026-03-19,Yellow,False,Yellow,2.0,False,True,1,09:59,09:59,Yellow,Yellow,2026,3,Mar,Thursday,finalized,primary,ALERTBAY/PCBFLAGS text archive
2026-03-20,Yellow,False,Yellow,2.0,False,True,1,10:03,10:03,Yellow,Yellow,2026,3,Mar,Friday,finalized,primary,ALERTBAY/PCBFLAGS text archive
2026-03-21,Yellow,False,Yellow,2.0,False,True,1,10:02,10:02,Yellow,Yellow,2026,3,Mar,Saturday,finalized,primary,ALERTBAY/PCBFLAGS text archive
2026-03-22,Yellow,False,Yellow,2.0,False,True,1,10:02,10:02,Yellow,Yellow,2026,3,Mar,Sunday,finalized,primary,ALERTBAY/PCBFLAGS text archive
2026-03-23,Yellow,False,Yellow,2.0,False,True,1,10:00,10:00,Yellow,Yellow,2026,3,Mar,Monday,finalized,primary,ALERTBAY/PCBFLAGS text archive
2026-03-24,Yellow,False,Yellow,2.0,False,True,1,10:00,10:00,Yellow,Yellow,2026,3,Mar,Tuesday,finalized,primary,ALERTBAY/PCBFLAGS text archive
2026-03-25,Yellow,False,Yellow,2.0,False,True,1,10:00,10:00,Yellow,Yellow,2026,3,Mar,Wednesday,finalized,primary,ALERTBAY/PCBFLAGS text archive
2026-03-26,Yellow,False,Yellow,2.0,False,True,1,10:03,10:03,Yellow,Yellow,2026,3,Mar,Thursday,finalized,primary,ALERTBAY/PCBFLAGS text archive
2026-03-27,Yellow,False,Yellow,2.0,False,True,2,10:03,10:03,Yellow,Yellow,2026,3,Mar,Friday,finalized,primary,ALERTBAY/PCBFLAGS text archive
2026-03-28,Yellow,False,Yellow,2.0,False,True,1,10:00,10:00,Yellow,Yellow,2026,3,Mar,Saturday,finalized,primary,ALERTBAY/PCBFLAGS text archive
2026-03-29,Yellow,False,Yellow,2.0,False,True,1,10:01,10:01,Yellow,Yellow,2026,3,Mar,Sunday,finalized,primary,ALERTBAY/PCBFLAGS text archive
2026-03-30,Yellow,False,Yellow,2.0,False,True,1,10:00,10:00,Yellow,Yellow,2026,3,Mar,Monday,finalized,primary,ALERTBAY/PCBFLAGS text archive
2026-03-31,Yellow,False,Yellow,2.0,False,True,1,10:00,10:00,Yellow,Yellow,2026,3,Mar,Tuesday,finalized,primary,ALERTBAY/PCBFLAGS text archive
2026-04-01,Yellow,False,Yellow,2.0,False,True,1,10:00,10:00,Yellow,Yellow,2026,4,Apr,Wednesday,finalized,primary,ALERTBAY/PCBFLAGS text archive
2026-04-02,Yellow,False,Yellow,2.0,False,True,1,10:04,10:04,Yellow,Yellow,2026,4,Apr,Thursday,finalized,primary,ALERTBAY/PCBFLAGS text archive
2026-04-03,Single Red,False,Single Red,3.0,False,True,1,10:02,10:02,Single Red,Single Red,2026,4,Apr,Friday,finalized,primary,ALERTBAY/PCBFLAGS text archive
2026-04-04,Single Red,False,Single Red,3.0,False,True,1,10:02,10:02,Single Red,Single Red,2026,4,Apr,Saturday,finalized,primary,ALERTBAY/PCBFLAGS text archive
2026-04-05,Single Red,False,Single Red,3.0,False,True,1,10:02,10:02,Single Red,Single Red,2026,4,Apr,Sunday,finalized,primary,ALERTBAY/PCBFLAGS text archive
2026-04-06,Yellow,False,Yellow,2.0,False,True,1,10:00,10:00,Yellow,Yellow,2026,4,Apr,Monday,finalized,primary,ALERTBAY/PCBFLAGS text archive
2026-04-07,Yellow,False,Yellow,2.0,False,True,1,10:01,10:01,Yellow,Yellow,2026,4,Apr,Tuesday,finalized,primary,ALERTBAY/PCBFLAGS text archive
2026-04-08,Yellow,False,Yellow,2.0,False,True,1,10:12,10:12,Yellow,Yellow,2026,4,Apr,Wednesday,finalized,primary,ALERTBAY/PCBFLAGS text archive
2026-04-09,Yellow,False,Yellow,2.0,False,True,1,10:02,10:02,Yellow,Yellow,2026,4,Apr,Thursday,finalized,primary,ALERTBAY/PCBFLAGS text archive
2026-04-10,Yellow,False,Yellow,2.0,False,True,1,10:00,10:00,Yellow,Yellow,2026,4,Apr,Friday,finalized,primary,ALERTBAY/PCBFLAGS text archive
2026-04-11,Yellow,False,Yellow,2.0,False,True,1,10:35,10:35,Yellow,Yellow,2026,4,Apr,Saturday,finalized,primary,ALERTBAY/PCBFLAGS text archive
2026-04-12,Yellow,False,Yellow,2.0,False,True,1,10:00,10:00,Yellow,Yellow,2026,4,Apr,Sunday,finalized,primary,ALERTBAY/PCBFLAGS text archive
2026-04-13,Yellow,False,Yellow,2.0,False,True,1,10:00,10:00,Yellow,Yellow,2026,4,Apr,Monday,finalized,primary,ALERTBAY/PCBFLAGS text archive
2026-04-14,Yellow,False,Yellow,2.0,False,True,1,10:00,10:00,Yellow,Yellow,2026,4,Apr,Tuesday,finalized,primary,ALERTBAY/PCBFLAGS text archive
2026-04-15,Yellow,False,Yellow,2.0,False,True,1,09:59,09:59,Yellow,Yellow,2026,4,Apr,Wednesday,finalized,primary,ALERTBAY/PCBFLAGS text archive
2026-04-16,Yellow,False,Yellow,2.0,False,True,1,09:59,09:59,Yellow,Yellow,2026,4,Apr,Thursday,finalized,primary,ALERTBAY/PCBFLAGS text archive
2026-04-17,Yellow,False,Yellow,2.0,False,True,1,10:00,10:00,Yellow,Yellow,2026,4,Apr,Friday,finalized,primary,ALERTBAY/PCBFLAGS text archive
2026-04-18,Yellow,False,Yellow,2.0,False,True,1,10:23,10:23,Yellow,Yellow,2026,4,Apr,Saturday,finalized,primary,ALERTBAY/PCBFLAGS text archive
2026-04-19,Yellow,False,Yellow,2.0,False,True,1,10:00,10:00,Yellow,Yellow,2026,4,Apr,Sunday,finalized,primary,ALERTBAY/PCBFLAGS text archive
2026-04-20,Yellow,False,Yellow,2.0,False,True,1,10:01,10:01,Yellow,Yellow,2026,4,Apr,Monday,finalized,primary,ALERTBAY/PCBFLAGS text archive
2026-04-21,Yellow,False,Yellow,2.0,False,True,1,10:00,10:00,Yellow,Yellow,2026,4,Apr,Tuesday,finalized,primary,ALERTBAY/PCBFLAGS text archive
2026-04-22,Yellow,False,Yellow,2.0,False,True,1,10:00,10:00,Yellow,Yellow,2026,4,Apr,Wednesday,finalized,primary,ALERTBAY/PCBFLAGS text archive
2026-04-23,Single Red,True,Single Red,3.0,True,True,2,10:05,10:05,Single Red + Purple,Single Red,2026,4,Apr,Thursday,finalized,primary,ALERTBAY/PCBFLAGS text archive
2026-04-24,Single Red,False,Single Red,3.0,False,True,1,09:57,09:57,Single Red,Single Red,2026,4,Apr,Friday,finalized,primary,ALERTBAY/PCBFLAGS text archive
2026-04-25,Single Red,False,Single Red,3.0,False,False,1,11:45,11:45,Single Red,Single Red,2026,4,Apr,Saturday,finalized,recovered,NWS Tallahassee SRFTAE recovered Bay flag via IEM
2026-04-26,Yellow,False,Yellow,2.0,False,True,1,10:02,10:02,Yellow,Yellow,2026,4,Apr,Sunday,finalized,primary,ALERTBAY/PCBFLAGS text archive
2026-04-27,Yellow,False,Yellow,2.0,False,True,1,10:00,10:00,Yellow,Yellow,2026,4,Apr,Monday,finalized,primary,ALERTBAY/PCBFLAGS text archive
2026-04-28,Yellow,False,Yellow,2.0,False,True,1,10:00,10:00,Yellow,Yellow,2026,4,Apr,Tuesday,finalized,primary,ALERTBAY/PCBFLAGS text archive
2026-04-29,Yellow,False,Yellow,2.0,False,True,1,10:00,10:00,Yellow,Yellow,2026,4,Apr,Wednesday,finalized,primary,ALERTBAY/PCBFLAGS text archive
2026-04-30,Yellow,False,Yellow,2.0,False,True,1,10:02,10:02,Yellow,Yellow,2026,4,Apr,Thursday,finalized,primary,ALERTBAY/PCBFLAGS text archive
2026-05-01,Yellow,False,Yellow,2.0,False,True,1,10:02,10:02,Yellow,Yellow,2026,5,May,Friday,finalized,primary,ALERTBAY/PCBFLAGS text archive
2026-05-02,Yellow,False,Yellow,2.0,False,True,1,10:01,10:01,Yellow,Yellow,2026,5,May,Saturday,finalized,primary,ALERTBAY/PCBFLAGS text archive
2026-05-03,Yellow,False,Yellow,2.0,False,True,1,10:00,10:00,Yellow,Yellow,2026,5,May,Sunday,finalized,primary,ALERTBAY/PCBFLAGS text archive
2026-05-04,Yellow,False,Yellow,2.0,False,True,1,10:00,10:00,Yellow,Yellow,2026,5,May,Monday,finalized,primary,ALERTBAY/PCBFLAGS text archive
2026-05-05,Yellow,False,Yellow,2.0,False,True,1,10:02,10:02,Yellow,Yellow,2026,5,May,Tuesday,finalized,primary,ALERTBAY/PCBFLAGS text archive
2026-05-06,Yellow,False,Yellow,2.0,False,True,1,10:01,10:01,Yellow,Yellow,2026,5,May,Wednesday,finalized,primary,ALERTBAY/PCBFLAGS text archive
2026-05-07,Single Red,False,Single Red,3.0,False,True,1,10:01,10:01,Single Red,Single Red,2026,5,May,Thursday,finalized,primary,ALERTBAY/PCBFLAGS text archive
2026-05-08,Single Red,False,Single Red,3.0,False,True,1,10:01,10:01,Single Red,Single Red,2026,5,May,Friday,finalized,primary,ALERTBAY/PCBFLAGS text archive
2026-05-09,Single Red,False,Single Red,3.0,False,True,1,10:01,10:01,Single Red,Single Red,2026,5,May,Saturday,finalized,primary,ALERTBAY/PCBFLAGS text archive
2026-05-10,Yellow,False,Yellow,2.0,False,True,1,10:00,10:00,Yellow,Yellow,2026,5,May,Sunday,finalized,primary,ALERTBAY/PCBFLAGS text archive
2026-05-11,Yellow,False,Yellow,2.0,False,True,1,10:02,10:02,Yellow,Yellow,2026,5,May,Monday,finalized,primary,ALERTBAY/PCBFLAGS text archive
2026-05-12,Yellow,False,Yellow,2.0,False,True,1,10:00,10:00,Yellow,Yellow,2026,5,May,Tuesday,finalized,primary,ALERTBAY/PCBFLAGS text archive
2026-05-13,Yellow,False,Yellow,2.0,False,True,1,09:55,09:55,Yellow,Yellow,2026,5,May,Wednesday,finalized,primary,ALERTBAY/PCBFLAGS text archive
2026-05-14,Yellow,False,Yellow,2.0,False,True,1,10:01,10:01,Yellow,Yellow,2026,5,May,Thursday,finalized,primary,ALERTBAY/PCBFLAGS text archive
2026-05-15,Yellow,False,Yellow,2.0,False,True,1,10:01,10:01,Yellow,Yellow,2026,5,May,Friday,finalized,primary,ALERTBAY/PCBFLAGS text archive
2026-05-16,Yellow,False,Yellow,2.0,False,True,1,10:01,10:01,Yellow,Yellow,2026,5,May,Saturday,finalized,primary,ALERTBAY/PCBFLAGS text archive
2026-05-17,Yellow,False,Yellow,2.0,False,True,1,10:00,10:00,Yellow,Yellow,2026,5,May,Sunday,finalized,primary,ALERTBAY/PCBFLAGS text archive
2026-05-18,Single Red,False,Single Red,3.0,False,True,1,10:00,10:00,Single Red,Single Red,2026,5,May,Monday,finalized,primary,ALERTBAY/PCBFLAGS text archive
2026-05-19,Single Red,False,Single Red,3.0,False,True,1,10:06,10:06,Single Red,Single Red,2026,5,May,Tuesday,finalized,primary,ALERTBAY/PCBFLAGS text archive
2026-05-20,Yellow,False,Yellow,2.0,False,True,1,10:00,10:00,Yellow,Yellow,2026,5,May,Wednesday,finalized,primary,ALERTBAY/PCBFLAGS text archive
2026-05-21,Yellow,False,Yellow,2.0,False,True,1,10:01,10:01,Yellow,Yellow,2026,5,May,Thursday,finalized,primary,ALERTBAY/PCBFLAGS text archive
2026-05-22,Single Red,False,Single Red,3.0,False,True,1,10:01,10:01,Single Red,Single Red,2026,5,May,Friday,finalized,primary,ALERTBAY/PCBFLAGS text archive
2026-05-23,Single Red,False,Single Red,3.0,False,True,1,10:01,10:01,Single Red,Single Red,2026,5,May,Saturday,finalized,primary,ALERTBAY/PCBFLAGS text archive
2026-05-24,Single Red,False,Single Red,3.0,False,True,1,10:00,10:00,Single Red,Single Red,2026,5,May,Sunday,finalized,primary,ALERTBAY/PCBFLAGS text archive
2026-05-25,Single Red,False,Single Red,3.0,False,True,1,10:00,10:00,Single Red,Single Red,2026,5,May,Monday,finalized,primary,ALERTBAY/PCBFLAGS text archive
2026-05-26,Single Red,False,Single Red,3.0,False,True,1,10:00,10:00,Single Red,Single Red,2026,5,May,Tuesday,finalized,primary,ALERTBAY/PCBFLAGS text archive
2026-05-27,Single Red,False,Single Red,3.0,False,True,1,10:00,10:00,Single Red,Single Red,2026,5,May,Wednesday,finalized,primary,ALERTBAY/PCBFLAGS text archive
2026-05-28,Single Red,False,Single Red,3.0,False,True,1,10:01,10:01,Single Red,Single Red,2026,5,May,Thursday,finalized,primary,ALERTBAY/PCBFLAGS text archive
2026-05-29,Single Red,False,Single Red,3.0,False,True,1,10:01,10:01,Single Red,Single Red,2026,5,May,Friday,finalized,primary,ALERTBAY/PCBFLAGS text archive
2026-05-30,Double Red,False,Double Red,4.0,False,True,3,10:01,10:15,Double Red,Double Red,2026,5,May,Saturday,finalized,primary,ALERTBAY/PCBFLAGS text archive
2026-05-31,Single Red,False,Single Red,3.0,False,True,1,10:00,10:00,Single Red,Single Red,2026,5,May,Sunday,finalized,primary,ALERTBAY/PCBFLAGS text archive
2026-06-01,Single Red,False,Single Red,3.0,False,True,1,10:01,10:01,Single Red,Single Red,2026,6,Jun,Monday,finalized,primary,ALERTBAY/PCBFLAGS text archive
2026-06-02,Single Red,False,Single Red,3.0,False,True,1,10:00,10:00,Single Red,Single Red,2026,6,Jun,Tuesday,finalized,primary,ALERTBAY/PCBFLAGS text archive
2026-06-03,Single Red,True,Single Red,3.0,True,True,2,10:00,12:54,Single Red + Purple,Single Red,2026,6,Jun,Wednesday,finalized,primary,ALERTBAY/PCBFLAGS text archive
2026-06-04,Single Red,False,Single Red,3.0,True,True,3,10:04,13:10,Single Red,Single Red + Purple,2026,6,Jun,Thursday,finalized,primary,ALERTBAY/PCBFLAGS text archive
2026-06-05,Single Red,False,Single Red,3.0,False,True,1,10:03,10:03,Single Red,Single Red,2026,6,Jun,Friday,finalized,primary,ALERTBAY/PCBFLAGS text archive
2026-06-06,Single Red,True,Single Red,3.0,True,True,2,10:02,14:29,Single Red + Purple,Single Red,2026,6,Jun,Saturday,finalized,primary,ALERTBAY/PCBFLAGS text archive
2026-06-07,Single Red,True,Single Red,3.0,True,True,1,10:01,10:01,Single Red + Purple,Single Red + Purple,2026,6,Jun,Sunday,finalized,primary,ALERTBAY/PCBFLAGS text archive
2026-06-08,Yellow,True,Yellow,2.0,True,True,3,10:01,13:26,Yellow + Purple,Yellow + Purple,2026,6,Jun,Monday,finalized,primary,ALERTBAY/PCBFLAGS text archive
2026-06-09,Yellow,True,Yellow,2.0,True,True,1,10:01,10:01,Yellow + Purple,Yellow + Purple,2026,6,Jun,Tuesday,finalized,primary,ALERTBAY/PCBFLAGS text archive
2026-06-10,Yellow,False,Yellow,2.0,True,True,2,10:00,11:00,Yellow,Yellow + Purple,2026,6,Jun,Wednesday,finalized,primary,ALERTBAY/PCBFLAGS text archive
2026-06-11,Yellow,False,Yellow,2.0,False,True,1,10:00,10:00,Yellow,Yellow,2026,6,Jun,Thursday,finalized,primary,ALERTBAY/PCBFLAGS text archive
2026-06-12,Single Red,False,Single Red,3.0,False,True,1,10:03,10:03,Single Red,Single Red,2026,6,Jun,Friday,finalized,primary,ALERTBAY/PCBFLAGS text archive
2026-06-13,Single Red,False,Single Red,3.0,False,False,1,10:48,10:48,Single Red,Single Red,2026,6,Jun,Saturday,finalized,recovered,NWS Tallahassee SRFTAE recovered Bay flag via IEM
2026-06-14,Single Red,False,Single Red,3.0,False,False,1,10:14,10:14,Single Red,Single Red,2026,6,Jun,Sunday,finalized,recovered,NWS Tallahassee SRFTAE recovered Bay flag via IEM
2026-06-16,Single Red,False,Single Red,3.0,False,False,1,10:46,10:46,Single Red,Single Red,2026,6,Jun,Tuesday,finalized,recovered,NWS Tallahassee SRFTAE recovered Bay flag via IEM
2026-06-17,Double Red,False,Double Red,4.0,False,False,1,10:25,10:25,Double Red,Double Red,2026,6,Jun,Wednesday,finalized,recovered,NWS Tallahassee SRFTAE recovered Bay flag via IEM
2026-06-18,Double Red,False,Double Red,4.0,False,False,1,10:34,10:34,Double Red,Double Red,2026,6,Jun,Thursday,finalized,recovered,NWS Tallahassee SRFTAE recovered Bay flag via IEM
2026-06-19,Double Red,False,Double Red,4.0,False,False,1,10:25,10:25,Double Red,Double Red,2026,6,Jun,Friday,finalized,recovered,NWS Tallahassee SRFTAE recovered Bay flag via IEM
2026-06-20,Single Red,False,Double Red,4.0,False,False,2,10:24,11:15,Single Red,Double Red,2026,6,Jun,Saturday,finalized,recovered,NWS Tallahassee SRFTAE recovered Bay flag via IEM
2026-06-21,Single Red,False,Single Red,3.0,False,False,1,11:04,11:04,Single Red,Single Red,2026,6,Jun,Sunday,finalized,recovered,NWS Tallahassee SRFTAE recovered Bay flag via IEM
2026-06-22,Single Red,False,Single Red,3.0,False,False,1,10:32,10:32,Single Red,Single Red,2026,6,Jun,Monday,finalized,recovered,NWS Tallahassee SRFTAE recovered Bay flag via IEM
2026-06-23,Single Red,False,Single Red,3.0,False,False,1,11:33,11:33,Single Red,Single Red,2026,6,Jun,Tuesday,finalized,recovered,NWS Tallahassee SRFTAE recovered Bay flag via IEM
2026-06-24,Yellow,False,Yellow,2.0,False,False,1,11:11,11:11,Yellow,Yellow,2026,6,Jun,Wednesday,finalized,recovered,NWS Tallahassee SRFTAE recovered Bay flag via IEM
2026-06-25,Yellow,False,Yellow,2.0,False,False,1,11:07,11:07,Yellow,Yellow,2026,6,Jun,Thursday,finalized,recovered,NWS Tallahassee SRFTAE recovered Bay flag via IEM
2026-06-26,Yellow,False,Yellow,2.0,False,False,1,12:06,12:06,Yellow,Yellow,2026,6,Jun,Friday,finalized,recovered,NWS Tallahassee SRFTAE recovered Bay flag via IEM
2026-06-27,Yellow,False,Yellow,2.0,False,False,1,10:14,10:14,Yellow,Yellow,2026,6,Jun,Saturday,finalized,recovered,NWS Tallahassee SRFTAE recovered Bay flag via IEM
2026-06-28,Yellow,False,Yellow,2.0,False,False,1,10:26,10:26,Yellow,Yellow,2026,6,Jun,Sunday,finalized,recovered,NWS Tallahassee SRFTAE recovered Bay flag via IEM
2026-06-29,Yellow,False,Yellow,2.0,False,False,1,10:45,10:45,Yellow,Yellow,2026,6,Jun,Monday,finalized,recovered,NWS Tallahassee SRFTAE recovered Bay flag via IEM
2026-06-30,Yellow,False,Yellow,2.0,False,False,1,11:10,11:10,Yellow,Yellow,2026,6,Jun,Tuesday,finalized,recovered,NWS Tallahassee SRFTAE recovered Bay flag via IEM
2026-07-01,Yellow,False,Yellow,2.0,False,False,1,10:19,10:19,Yellow,Yellow,2026,7,Jul,Wednesday,finalized,recovered,NWS Tallahassee SRFTAE recovered Bay flag via IEM
2026-07-02,Yellow,False,Yellow,2.0,False,False,1,10:51,10:51,Yellow,Yellow,2026,7,Jul,Thursday,finalized,recovered,NWS Tallahassee SRFTAE recovered Bay flag via IEM
2026-07-03,Yellow,False,Yellow,2.0,False,False,1,10:30,10:30,Yellow,Yellow,2026,7,Jul,Friday,finalized,recovered,NWS Tallahassee SRFTAE recovered Bay flag via IEM
2026-07-04,Yellow,False,Yellow,2.0,False,False,1,10:16,10:16,Yellow,Yellow,2026,7,Jul,Saturday,finalized,recovered,NWS Tallahassee SRFTAE recovered Bay flag via IEM
2026-07-05,Yellow,False,Yellow,2.0,False,False,1,10:23,10:23,Yellow,Yellow,2026,7,Jul,Sunday,finalized,recovered,NWS Tallahassee SRFTAE recovered Bay flag via IEM
2026-07-06,Yellow,True,Yellow,2.0,True,True,1,11:23,11:23,Yellow + Purple,Yellow + Purple,2026,7,Jul,Monday,finalized,recovered,NWS Tallahassee SRFTAE recovered Bay flag via IEM
2026-07-07,Yellow,False,Yellow,2.0,False,False,1,10:17,10:17,Yellow,Yellow,2026,7,Jul,Tuesday,finalized,recovered,NWS Tallahassee SRFTAE recovered Bay flag via IEM
2026-07-08,Yellow,False,Yellow,2.0,False,False,1,10:58,10:58,Yellow,Yellow,2026,7,Jul,Wednesday,finalized,recovered,NWS Tallahassee SRFTAE recovered Bay flag via IEM
2026-07-09,Yellow,False,Yellow,2.0,False,False,1,10:38,10:38,Yellow,Yellow,2026,7,Jul,Thursday,finalized,recovered,NWS Tallahassee SRFTAE recovered Bay flag via IEM
2026-07-10,Yellow,False,Yellow,2.0,False,False,1,10:18,10:18,Yellow,Yellow,2026,7,Jul,Friday,finalized,recovered,NWS Tallahassee SRFTAE recovered Bay flag via IEM
2026-07-11,Yellow,False,Yellow,2.0,False,False,1,11:02,11:02,Yellow,Yellow,2026,7,Jul,Saturday,finalized,recovered,NWS Tallahassee SRFTAE recovered Bay flag via IEM
2026-07-12,Yellow,False,Yellow,2.0,False,False,1,10:13,10:13,Yellow,Yellow,2026,7,Jul,Sunday,finalized,recovered,NWS Tallahassee SRFTAE recovered Bay flag via IEM
2026-07-13,Single Red,False,Single Red,3.0,False,False,1,10:19,10:19,Single Red,Single Red,2026,7,Jul,Monday,finalized,recovered,NWS Tallahassee SRFTAE recovered Bay flag via IEM
2026-07-14,Single Red,False,Single Red,3.0,False,False,1,10:12,10:12,Single Red,Single Red,2026,7,Jul,Tuesday,finalized,recovered,NWS Tallahassee SRFTAE recovered Bay flag via IEM
2026-07-15,Single Red,False,Single Red,3.0,False,False,1,10:20,10:20,Single Red,Single Red,2026,7,Jul,Wednesday,finalized,recovered,NWS Tallahassee SRFTAE recovered Bay flag via IEM
2026-07-16,Yellow,False,Yellow,2.0,False,False,1,11:09,11:09,Yellow,Yellow,2026,7,Jul,Thursday,finalized,recovered,NWS Tallahassee SRFTAE recovered Bay flag via IEM
2026-07-17,Yellow,False,Yellow,2.0,False,False,1,11:12,11:12,Yellow,Yellow,2026,7,Jul,Friday,finalized,recovered,NWS Tallahassee SRFTAE recovered Bay flag via IEM
2026-07-18,Yellow,False,Yellow,2.0,False,False,1,11:02,11:02,Yellow,Yellow,2026,7,Jul,Saturday,finalized,recovered,NWS Tallahassee SRFTAE recovered Bay flag via IEM
2026-07-19,Yellow,False,Yellow,2.0,False,False,1,11:10,11:10,Yellow,Yellow,2026,7,Jul,Sunday,finalized,recovered,NWS Tallahassee SRFTAE recovered Bay flag via IEM
2026-07-20,Yellow,False,Yellow,2.0,False,False,1,10:22,10:22,Yellow,Yellow,2026,7,Jul,Monday,finalized,recovered,NWS Tallahassee SRFTAE recovered Bay flag via IEM
2026-07-21,Double Red,False,Double Red,4.0,False,False,1,10:22,10:22,Double Red,Double Red,2026,7,Jul,Tuesday,finalized,recovered,NWS Tallahassee SRFTAE recovered Bay flag via IEM
2026-07-22,Double Red,False,Double Red,4.0,False,False,1,11:15,11:15,Double Red,Double Red,2026,7,Jul,Wednesday,finalized,recovered,NWS Tallahassee SRFTAE recovered Bay flag via IEM
2026-07-23,Double Red,False,Double Red,4.0,False,False,1,10:13,10:13,Double Red,Double Red,2026,7,Jul,Thursday,finalized,recovered,NWS Tallahassee SRFTAE recovered Bay flag via IEM
2026-07-24,Single Red,False,Single Red,3.0,False,False,1,10:17,10:17,Single Red,Single Red,2026,7,Jul,Friday,finalized,recovered,NWS Tallahassee SRFTAE recovered Bay flag via IEM
2026-07-25,Single Red,False,Single Red,3.0,False,False,1,10:19,10:19,Single Red,Single Red,2026,7,Jul,Saturday,finalized,recovered,NWS Tallahassee SRFTAE recovered Bay flag via IEM
2026-07-26,Single Red,False,Single Red,3.0,False,False,1,11:04,11:04,Single Red,Single Red,2026,7,Jul,Sunday,finalized,recovered,NWS Tallahassee SRFTAE recovered Bay flag via IEM
2026-07-27,Yellow,False,Yellow,2.0,False,False,1,12:04,12:04,Yellow,Yellow,2026,7,Jul,Monday,finalized,recovered,NWS Tallahassee SRFTAE recovered Bay flag via IEM
2026-07-28,Single Red,False,Single Red,3.0,False,False,1,10:19,10:19,Single Red,Single Red,2026,7,Jul,Tuesday,finalized,recovered,NWS Tallahassee SRFTAE recovered Bay flag via IEM
2026-07-29,Single Red,False,Single Red,3.0,False,False,1,10:37,10:37,Single Red,Single Red,2026,7,Jul,Wednesday,finalized,recovered,NWS Tallahassee SRFTAE recovered Bay flag via IEM
2026-07-30,Yellow,False,Yellow,2.0,False,False,1,10:52,10:52,Yellow,Yellow,2026,7,Jul,Thursday,finalized,recovered,NWS Tallahassee SRFTAE recovered Bay flag via IEM
2026-07-31,Yellow,False,Yellow,2.0,False,False,1,10:47,10:47,Yellow,Yellow,2026,7,Jul,Friday,finalized,recovered,NWS Tallahassee SRFTAE recovered Bay flag via IEM
2026-08-02,Double Red,False,Double Red,4.0,False,False,1,10:49,10:49,Double Red,Double Red,2026,8,Aug,Sunday,finalized,recovered,NWS Tallahassee SRFTAE recovered Bay flag via IEM
2026-08-03,Single Red,False,Single Red,3.0,False,False,1,12:09,12:09,Single Red,Single Red,2026,8,Aug,Monday,finalized,recovered,NWS Tallahassee SRFTAE recovered Bay flag via IEM
2026-08-04,Yellow,False,Yellow,2.0,False,False,1,10:59,10:59,Yellow,Yellow,2026,8,Aug,Tuesday,finalized,recovered,NWS Tallahassee SRFTAE recovered Bay flag via IEM
2026-08-05,Yellow,False,Yellow,2.0,False,False,1,10:16,10:16,Yellow,Yellow,2026,8,Aug,Wednesday,finalized,recovered,NWS Tallahassee SRFTAE recovered Bay flag via IEM
2026-08-06,Yellow,False,Yellow,2.0,False,False,1,10:36,10:36,Yellow,Yellow,2026,8,Aug,Thursday,finalized,recovered,NWS Tallahassee SRFTAE recovered Bay flag via IEM
2026-08-07,Yellow,False,Yellow,2.0,False,True,1,15:45,15:45,Yellow,Yellow,2026,8,Aug,Friday,finalized,primary,Visit PCB / Beach & Surf Patrol
2026-08-08,Yellow,False,Yellow,2.0,False,True,1,06:36,06:36,Yellow,Yellow,2026,8,Aug,Saturday,finalized,primary,Visit PCB / Beach & Surf Patrol
2026-08-09,Yellow,False,Yellow,2.0,False,True,1,06:37,06:37,Yellow,Yellow,2026,8,Aug,Sunday,finalized,primary,Visit PCB / Beach & Surf Patrol
2026-08-10,Yellow,False,Yellow,2.0,False,True,1,06:54,06:54,Yellow,Yellow,2026,8,Aug,Monday,finalized,primary,Visit PCB / Beach & Surf Patrol
2026-08-11,Yellow,False,Yellow,2.0,False,True,1,06:50,06:50,Yellow,Yellow,2026,8,Aug,Tuesday,provisional,primary,Visit PCB / Beach & Surf Patrol
