date,red_or_worse,peak_severity,purple_any,month,day_of_year,season_sin,season_cos,prev_day_severity,temp_max_f,temp_min_f,precip_in,wind_max_mph,gust_max_mph,wind_dir_sin,wind_dir_cos,wave_max_ft,wave_period_s,swell_max_ft,swell_period_s,tide_range_ft
2024-08-19,1,3.0,False,Aug,232,-0.7508642533989489,-0.6604565640279754,,90.6,80.7,0.102,13.9,23.3,-0.984807753012208,-0.17364817766693033,2.362,4.0,,,1.654
2024-08-20,0,2.0,False,Aug,233,-0.7621140503891487,-0.6474427960827475,3.0,89.8,77.5,0.0,9.8,17.2,-0.40673664307580015,0.913545457642601,1.444,3.7,,,1.208
2024-08-21,0,2.0,False,Aug,234,-0.7731383255706026,-0.6342374393978054,2.0,89.5,76.8,0.0,10.9,18.8,-0.8191520442889918,0.573576436351046,0.984,2.8,,,0.6519999999999999
2024-08-22,0,2.0,False,Aug,235,-0.7839338166829201,-0.620844401650647,2.0,87.0,77.1,0.504,13.4,24.6,0.9455185755993167,0.32556815445715676,1.706,3.15,,,0.311
2024-08-23,0,2.0,False,Aug,236,-0.7944973291665992,-0.6072676460566135,2.0,87.8,75.3,0.047,14.8,25.3,0.9271838545667874,0.37460659341591196,2.034,3.5,,,0.509
2024-08-24,0,2.0,False,Aug,237,-0.8048257371083452,-0.593511190196115,2.0,87.9,76.0,0.008,13.7,23.0,0.9563047559630354,0.29237170472273677,1.509,3.45,,,0.955
2024-08-25,0,2.0,False,Aug,238,-0.8149159841660791,-0.5795791048257612,2.0,88.8,76.7,0.0,11.8,20.6,0.9702957262759965,0.24192189559966767,1.181,3.25,,,1.296
2024-08-26,0,2.0,False,Aug,239,-0.8247650844733614,-0.5654755126737576,2.0,88.9,78.6,0.106,9.3,18.6,0.9205048534524404,0.3907311284892737,0.919,3.35,,,1.518
2024-08-27,0,2.0,False,Aug,240,-0.8343701235229537,-0.5512045872199277,2.0,87.4,78.2,0.055,7.3,16.8,0.9205048534524403,-0.39073112848927377,1.181,3.55,,,1.635
2024-08-28,0,2.0,False,Aug,241,-0.8437282590292712,-0.5367705514607103,2.0,87.5,79.0,0.217,8.3,16.8,0.8910065241883679,-0.4539904997395467,0.984,3.65,,,1.6840000000000002
2024-08-29,0,2.0,False,Aug,242,-0.8528367217694595,-0.522177676659508,2.0,87.9,78.0,0.248,12.2,18.8,0.8987940462991669,-0.4383711467890775,1.575,4.5,,,1.681
2024-08-30,1,3.0,False,Aug,243,-0.8616928164028521,-0.5074302810827518,2.0,86.0,78.5,0.236,9.8,20.8,0.8571673007021123,-0.5150380749100543,1.64,4.55,,,1.612
2024-08-31,1,3.0,False,Aug,244,-0.8702939222685674,-0.49253272872205434,3.0,88.6,78.5,0.028,7.3,14.3,0.9993908270190958,-0.034899496702500955,1.378,4.6,,,1.456
2024-09-01,1,3.0,True,Sep,245,-0.8786374941610001,-0.4774894280028391,3.0,89.1,78.5,0.0,6.5,11.4,0.7313537016191705,0.6819983600624985,1.247,4.65,,,1.212
2024-09-02,0,2.0,True,Sep,246,-0.886721063082993,-0.46230483047981086,3.0,91.5,80.3,0.0,7.0,10.3,-0.9998476951563913,0.01745240643728313,0.722,3.85,,,0.897
2024-09-03,0,2.0,True,Sep,247,-0.8945422369764496,-0.4469834295196741,2.0,88.6,80.6,0.11,14.5,22.4,0.9986295347545738,0.052335956242943966,2.034,3.6,,,0.5459999999999999
2024-09-04,0,2.0,True,Sep,248,-0.9020987014301837,-0.43152975897147144,2.0,83.5,77.6,0.154,15.2,27.5,0.9781476007338056,0.20791169081775945,2.362,3.9,,,0.2330000000000001
2024-09-05,0,2.0,True,Sep,249,-0.9093882203647925,-0.4159483918249421,2.0,83.9,78.1,0.102,14.1,23.7,0.9563047559630354,0.29237170472273677,2.034,3.8,,,0.2339999999999998
2024-09-06,0,2.0,True,Sep,250,-0.9164086366943458,-0.4002439388573056,2.0,80.2,76.2,1.075,11.3,18.3,0.9902680687415704,0.13917310096006547,1.378,3.75,,,0.5219999999999999
2024-09-07,0,2.0,True,Sep,251,-0.9231578729647039,-0.38442104726885545,2.0,79.0,75.3,0.685,8.2,15.9,0.7986355100472928,0.6018150231520484,1.115,4.25,,,0.7759999999999999
2024-09-08,0,2.0,True,Sep,252,-0.9296339319682695,-0.3684843993077793,2.0,81.3,75.9,1.043,7.2,15.0,0.9135454576426009,0.4067366430758002,1.05,4.05,,,0.973
2024-09-09,0,2.0,True,Sep,253,-0.9358348973349941,-0.35243871088460327,2.0,80.7,75.5,0.189,11.5,23.0,0.9135454576426009,0.4067366430758002,1.247,3.6,,,1.129
2024-09-10,1,3.0,True,Sep,254,-0.9417589340994617,-0.33628873017668287,2.0,81.1,74.8,0.48,12.6,22.4,0.9659258262890683,0.25881904510252074,2.034,4.2,,,1.291
2024-09-11,1,3.0,True,Sep,255,-0.9474042892438845,-0.32003923622313857,3.0,78.8,74.4,0.736,20.3,25.7,0.9659258262890683,0.25881904510252074,2.822,5.9,,,1.465
2024-09-12,1,4.0,False,Sep,256,-0.9527692922168511,-0.30369503751065885,3.0,81.8,77.1,1.071,21.5,33.8,0.7193398003386511,-0.6946583704589974,4.003,7.4,,,1.635
2024-09-13,1,4.0,False,Sep,257,-0.9578523554276669,-0.28726097055059635,4.0,81.1,76.7,1.063,8.0,15.4,0.4694715627858907,-0.882947592858927,2.822,5.9,,,1.756
2024-09-14,1,3.0,False,Sep,258,-0.9626519747161487,-0.2707418984477642,4.0,84.9,77.3,0.071,7.7,15.4,-0.891006524188368,0.45399049973954664,1.575,4.35,,,1.756
2024-09-15,0,2.0,False,Sep,259,-0.9671667297977312,-0.2541427094613622,3.0,80.9,76.2,0.256,9.2,14.5,0.9993908270190958,-0.034899496702500955,1.05,3.45,,,1.577
2024-09-16,0,2.0,False,Sep,260,-0.97139528468375,-0.23746831555846842,2.0,81.5,75.4,0.122,10.3,19.0,0.9998476951563913,-0.017452406437283477,1.05,3.3,,,1.2119999999999995
2024-09-17,0,2.0,False,Sep,261,-0.9753363880767837,-0.2207236509605022,2.0,81.3,74.2,0.331,8.2,16.8,-0.5591929034707467,-0.8290375725550418,0.722,2.95,,,0.7090000000000001
2024-09-18,0,2.0,False,Sep,262,-0.9789888737409319,-0.20391367068311472,2.0,83.5,76.0,0.161,7.1,16.8,-0.9702957262759965,-0.24192189559966779,0.656,2.75,,,0.4159999999999999
2024-09-19,0,2.0,False,Sep,263,-0.9823516608469237,-0.18704334906991657,2.0,88.0,76.1,0.012,5.8,11.4,-0.6427876096865396,0.7660444431189778,0.656,2.7,,,0.7590000000000001
2024-09-20,0,2.0,False,Sep,264,-0.9854237542919524,-0.17011767832049052,2.0,88.1,75.5,0.0,6.6,11.9,0.4383711467890774,0.898794046299167,0.591,2.85,,,1.196
2024-09-21,0,2.0,False,Sep,265,-0.9882042449941422,-0.15314166701312007,2.0,88.7,76.4,0.0,6.7,13.0,0.9659258262890683,0.25881904510252074,0.656,3.6,,,0.0
2024-09-22,0,2.0,False,Sep,266,-0.9906923101615609,-0.13612033862266704,2.0,88.1,76.5,0.0,5.6,11.0,0.9961946980917455,0.08715574274765814,0.722,3.65,,,1.57
2024-09-23,0,2.0,False,Sep,267,-0.9928872135356962,-0.11905873003404988,2.0,88.8,77.4,0.0,6.5,9.8,-0.9743700647852352,0.22495105434386492,0.656,3.65,,,1.671
2024-09-24,0,2.0,False,Sep,268,-0.994788305609327,-0.10196189005174576,2.0,86.1,76.0,0.031,8.4,14.1,0.8191520442889917,-0.5735764363510462,1.05,3.6,,,1.688
2024-09-25,1,4.0,False,Sep,269,-0.9963950238187231,-0.08483487790576538,2.0,82.2,75.9,0.898,8.9,17.2,0.8746197071393959,-0.484809620246337,1.903,5.35,,,1.645
2024-09-26,1,4.0,False,Sep,270,-0.9977068927101168,-0.06768276175455162,4.0,79.5,74.4,3.646,23.9,37.6,0.374606593415912,0.9271838545667874,6.496,10.1,,,1.551
2024-09-28,1,4.0,False,Sep,272,-0.9994446170919858,-0.033323525711631344,,85.0,77.6,0.0,15.7,26.4,-0.882947592858927,-0.46947156278589075,3.543,4.9,,,1.1509999999999998
2024-09-29,1,4.0,False,Sep,273,-0.9998699583618592,-0.016126573270657762,4.0,84.9,78.8,0.004,13.8,24.2,-0.8910065241883678,-0.4539904997395469,2.625,4.4,,,0.8350000000000001
2024-09-30,1,3.0,False,Sep,274,-0.9999994220246925,0.001075151282798226,4.0,84.0,76.8,0.0,7.9,13.6,-0.9510565162951535,-0.30901699437494756,2.1,4.25,,,0.476
2024-10-01,0,2.0,False,Oct,275,-0.999832969770105,0.018276557681691223,3.0,85.5,77.1,0.0,7.7,13.2,-0.27563735581699894,0.9612616959383189,0.853,3.6,,,0.2140000000000002
2024-10-02,0,2.0,False,Oct,276,-0.9993706508539969,0.03547255575312556,2.0,84.8,72.6,0.0,7.5,14.1,0.24192189559966773,0.9702957262759965,0.722,3.25,,,0.495
2024-10-03,0,2.0,False,Oct,277,-0.9986126020839734,0.052658056924614005,2.0,84.6,73.3,0.181,9.2,16.1,0.9975640502598242,0.06975647374412523,1.181,3.5,,,0.782
2024-10-04,0,2.0,False,Oct,278,-0.9975590477788613,0.06982797572987089,2.0,83.6,76.2,0.335,13.6,23.9,0.8290375725550417,0.5591929034707468,1.64,3.7,,,1.021
2024-10-05,0,2.0,False,Oct,279,-0.9962102997023297,0.0869772313136861,2.0,82.3,74.5,0.075,13.1,23.5,0.8191520442889918,0.5735764363510462,1.575,3.8,,,1.198
2024-10-06,0,2.0,False,Oct,280,-0.9945667569706337,0.1041007489354256,2.0,80.5,74.5,0.146,13.7,24.2,0.898794046299167,0.43837114678907746,2.1,4.1,,,1.3219999999999998
2024-10-07,0,2.0,False,Oct,281,-0.9926289059345095,0.121193461470736,2.0,85.1,72.7,0.0,13.6,24.8,0.7193398003386511,0.6946583704589973,2.165,5.0,,,0.0
2024-10-08,0,2.0,False,Oct,282,-0.9903973200352558,0.1382503109109819,2.0,86.5,70.8,0.0,10.3,17.9,0.6293203910498374,0.7771459614569709,1.181,5.25,,,1.4740000000000002
2024-10-09,1,3.0,False,Oct,283,-0.9878726596350429,0.15526624985999563,2.0,79.2,70.8,0.0,19.3,31.8,0.6691306063588582,0.7431448254773942,3.543,4.85,,,1.593
2024-10-10,1,3.0,False,Oct,284,-0.9850556718215013,0.172236243027682,3.0,81.4,65.8,0.0,16.3,28.2,0.29237170472273677,0.9563047559630354,2.822,4.9,,,1.685
2024-10-11,0,2.0,False,Oct,285,-0.981947190186646,0.18915526872004093,3.0,78.6,63.4,0.0,10.6,19.2,0.754709580222772,0.6560590289905073,1.05,3.15,,,1.69
2024-10-12,0,2.0,False,Oct,286,-0.9785481345802031,0.20601832032517084,2.0,78.0,60.5,0.0,9.0,15.2,0.7193398003386511,0.6946583704589973,0.919,3.45,,,1.554
2024-10-13,0,2.0,False,Oct,287,-0.9748595108374125,0.22282040779479959,2.0,78.7,64.0,0.0,7.9,11.6,-0.7880107536067218,0.6156614753256585,0.525,2.9,,,1.249
2024-10-14,0,2.0,False,Oct,288,-0.9708824104813836,0.23955655912092708,2.0,81.6,71.8,0.0,11.8,19.5,-0.9945218953682734,0.10452846326765299,1.903,3.75,,,0.7870000000000001
2024-10-15,0,2.0,False,Oct,289,-0.9666180104000972,0.2562218218071163,2.0,75.3,64.2,0.0,10.0,15.7,0.42261826174069944,0.9063077870366499,1.312,3.6,,,0.262
2024-10-16,0,2.0,False,Oct,290,-0.9620675724981452,0.27281126433401914,2.0,69.2,57.1,0.0,20.3,33.3,0.35836794954530027,0.9335804264972017,3.15,3.75,,,0.6779999999999999
2024-10-17,0,2.0,False,Oct,291,-0.957232443323312,0.28931997761869527,2.0,69.1,51.0,0.0,11.7,21.3,0.7193398003386511,0.6946583704589973,1.575,3.4,,,1.187
2024-10-18,0,2.0,False,Oct,292,-0.9521140536681102,0.3057430764672831,2.0,73.9,53.3,0.0,12.2,22.6,0.848048096156426,0.5299192642332049,1.772,4.1,,,1.581
2024-10-19,0,2.0,False,Oct,293,-0.9467139181463862,0.3220757010206104,2.0,77.5,60.4,0.0,13.8,24.2,0.7771459614569709,0.6293203910498375,2.1,3.95,,,1.817
2024-10-20,0,2.0,False,Oct,294,-0.9410336347451197,0.3383130181923076,2.0,78.6,59.9,0.0,11.4,19.9,0.6427876096865393,0.766044443118978,1.378,3.55,,,1.903
2024-10-21,0,2.0,False,Oct,295,-0.9350748843515574,0.3544502230989869,2.0,78.9,58.8,0.0,10.2,17.2,0.6819983600624985,0.7313537016191705,0.984,3.1,,,0.0
2024-10-22,0,2.0,False,Oct,296,-0.9288394302558068,0.3704825404820963,2.0,81.6,63.1,0.0,10.1,17.4,0.6946583704589973,0.7193398003386512,0.919,3.35,,,1.859
2024-10-23,0,2.0,False,Oct,297,-0.9223291176290545,0.3864052261209853,2.0,78.4,66.2,0.0,8.0,12.1,0.35836794954530027,0.9335804264972017,0.656,2.95,,,1.745
2024-10-24,0,2.0,False,Oct,298,-0.9155458729775467,0.40221356823680365,2.0,80.9,64.7,0.0,7.1,10.7,-0.9135454576426011,0.40673664307579976,0.525,2.7,,,1.559
2024-10-25,0,2.0,False,Oct,299,-0.9084917035725082,0.41790288888678667,2.0,81.1,66.0,0.0,6.3,10.3,-0.9975640502598243,0.06975647374412522,0.525,2.55,,,1.294
2024-10-26,0,2.0,False,Oct,300,-0.9011686968561569,0.4334685453485363,2.0,82.0,66.2,0.0,7.7,11.2,-0.8386705679454243,0.5446390350150266,0.656,3.05,,,0.955
2024-10-27,0,2.0,False,Oct,301,-0.8935790198239952,0.4489059314938798,2.0,82.9,66.9,0.0,6.9,11.4,-0.7193398003386512,0.6946583704589973,0.787,3.25,,,0.57
2024-10-28,0,2.0,False,Oct,302,-0.8857249183835637,0.4642104791518923,2.0,78.9,66.3,0.0,9.8,16.1,0.9612616959383189,0.27563735581699916,0.984,3.55,,,0.3249999999999998
2024-10-29,0,2.0,False,Oct,303,-0.8776087166898392,0.4793776594606945,2.0,80.9,65.4,0.0,11.2,20.1,0.9659258262890683,0.25881904510252074,1.772,4.55,,,0.526
2024-10-30,0,2.0,False,Oct,304,-0.8692328164574792,0.49440298420761813,2.0,80.5,70.2,0.0,13.3,21.9,0.9659258262890683,-0.25881904510252085,2.428,4.75,,,0.8610000000000001
2024-10-31,1,3.0,False,Oct,305,-0.8605996962501181,0.5092820071573356,2.0,80.4,71.5,0.0,13.3,21.9,0.8480480961564261,-0.5299192642332048,2.822,5.3,,,1.133
2024-11-01,1,3.0,False,Nov,306,-0.8517119107469189,0.5240103253675756,3.0,81.5,68.0,0.0,10.0,17.0,0.8386705679454239,-0.5446390350150271,1.64,5.3,,,1.3350000000000002
2024-11-02,1,3.0,False,Nov,307,-0.8425720899866032,0.5385835804920232,3.0,81.2,67.9,0.0,8.3,14.5,0.981627183447664,0.19080899537654492,1.115,4.55,,,1.477
2024-11-03,1,3.0,False,Nov,308,-0.8331829385891785,0.5529974600700271,3.0,80.7,69.8,0.0,12.6,20.8,0.981627183447664,-0.1908089953765448,2.1,4.35,,,1.584
2024-11-04,1,3.0,False,Nov,309,-0.8235472349556007,0.5672476988027229,3.0,80.2,70.1,0.0,14.1,23.7,0.984807753012208,-0.1736481776669303,2.69,4.65,,,1.6769999999999998
2024-11-05,1,4.0,False,Nov,310,-0.8136678304455991,0.5813300798152042,3.0,80.7,72.2,0.051,16.3,23.3,0.8571673007021123,-0.5150380749100543,2.953,4.65,,,1.765
2024-11-06,1,3.0,False,Nov,311,-0.8035476485339116,0.5952404359043674,4.0,79.5,74.3,0.15,11.1,21.9,0.9975640502598242,-0.06975647374412533,2.1,4.7,,,0.0
2024-11-07,1,3.0,False,Nov,312,-0.7931896839451843,0.6089746507720486,3.0,79.8,74.9,0.244,10.1,15.9,0.8571673007021123,0.5150380749100542,2.1,7.5,,,1.839
2024-11-08,1,3.0,False,Nov,313,-0.7825970017677834,0.6225286602431057,3.0,81.0,74.9,0.004,10.2,18.1,0.9945218953682733,0.10452846326765346,2.559,7.85,,,1.737
2024-11-09,1,3.0,False,Nov,314,-0.7717727365467837,0.6358984534680745,3.0,80.6,73.7,0.0,11.2,18.8,0.984807753012208,-0.1736481776669303,2.297,6.55,,,1.465
2024-11-10,1,3.0,False,Nov,315,-0.7607200913564104,0.6490800741100398,3.0,77.1,72.5,0.48,14.0,22.1,0.9510565162951536,-0.30901699437494734,3.018,5.3,,,1.025
2024-11-11,1,3.0,False,Nov,316,-0.7494423368521953,0.6620696215153815,3.0,76.5,72.6,0.744,8.2,12.3,0.9510565162951535,0.30901699437494745,2.1,5.3,,,0.486
2024-11-12,1,3.0,False,Nov,317,-0.7379428103031386,0.6748632518680403,3.0,78.2,71.9,0.055,8.9,16.8,0.8910065241883678,0.4539904997395468,1.575,4.95,,,0.4359999999999999
2024-11-13,1,3.0,False,Nov,318,-0.7262249146041543,0.6874571793269664,3.0,78.7,72.0,0.031,16.6,27.5,0.9702957262759965,-0.24192189559966779,2.953,4.55,,,1.014
2024-11-14,1,4.0,False,Nov,319,-0.7142921172691032,0.699847677146407,3.0,77.9,66.5,0.138,17.2,27.5,0.6427876096865395,-0.7660444431189779,4.331,5.65,,,1.503
2024-11-15,1,3.0,False,Nov,320,-0.7021479494046978,0.7120310787787131,4.0,72.9,60.2,0.0,12.8,23.9,0.3090169943749474,0.9510565162951535,2.034,4.55,,,1.846
2024-11-16,0,2.0,False,Nov,321,-0.6897960046655887,0.7240037789593305,3.0,72.7,57.6,0.0,8.8,16.8,0.981627183447664,0.19080899537654492,0.919,3.7,,,2.0380000000000003
2024-11-17,0,2.0,False,Nov,322,-0.6772399381909491,0.7357622347736527,2.0,76.3,59.9,0.0,9.5,15.7,0.9510565162951536,-0.30901699437494734,1.378,3.7,,,2.104
2024-11-18,1,3.0,False,Nov,323,-0.6644834655228552,0.7473029667054297,2.0,76.3,64.8,0.0,12.8,21.3,0.8571673007021123,-0.5150380749100543,2.493,4.5,,,2.075
2024-11-19,1,4.0,False,Nov,324,-0.6515303615068021,0.75862255966641,3.0,77.0,71.1,2.307,20.0,34.9,0.45399049973954686,-0.8910065241883678,4.331,6.2,,,1.962
2024-11-20,1,4.0,False,Nov,325,-0.6383844591746642,0.769717664006921,4.0,76.3,61.6,0.39,16.9,28.4,-0.7193398003386512,0.6946583704589973,4.396,6.2,,,0.0
2024-11-21,1,3.0,False,Nov,326,-0.6250496486104377,0.7805849965070866,4.0,64.7,51.5,0.0,17.3,28.6,-0.6427876096865396,0.7660444431189778,3.871,4.6,,,1.656
2024-11-22,1,3.0,False,Nov,327,-0.6115298757991053,0.7912213413483807,3.0,61.7,52.0,0.0,17.2,27.7,-0.5591929034707466,0.8290375725550418,4.199,5.0,,,1.32
2024-11-24,0,2.0,False,Nov,329,-0.5839514998576998,0.8117885474764613,,67.7,49.6,0.0,7.5,13.0,0.8191520442889917,-0.5735764363510462,0.525,2.7,,,0.508
2024-11-25,0,2.0,False,Nov,330,-0.5699010576127624,0.821713322596059,2.0,73.9,62.5,0.0,10.8,18.3,0.15643446504023098,-0.9876883405951377,1.247,3.4,,,0.475
2024-11-26,1,3.0,False,Nov,331,-0.5556819724760489,0.8313949395234058,2.0,73.6,65.6,0.004,13.3,21.9,-0.9335804264972016,-0.3583679495453007,2.231,4.15,,,0.7300000000000001
2024-11-27,0,2.0,False,Nov,332,-0.5412984521036173,0.8408305333122887,3.0,70.3,62.4,0.0,9.7,13.2,0.39073112848927377,-0.9205048534524404,1.64,4.2,,,1.0690000000000002
2024-11-28,1,3.0,False,Nov,333,-0.5267547528105542,0.8500173118187018,2.0,75.2,61.2,0.067,15.4,24.4,-0.9998476951563913,0.01745240643728313,3.412,4.85,,,1.33
2024-11-29,0,2.0,False,Nov,334,-0.5120551783114646,0.8589525565270845,3.0,58.9,48.4,0.146,15.7,28.0,0.0697564737441253,0.9975640502598242,2.428,4.05,,,1.519
2024-11-30,0,2.0,False,Nov,335,-0.4972040784469378,0.8676336233547726,2.0,57.0,41.1,0.0,14.8,27.1,0.45399049973954675,0.8910065241883679,2.165,3.6,,,1.659
2024-12-01,0,2.0,False,Dec,336,-0.4822058478963526,0.8760579434344281,2.0,60.8,43.1,0.0,6.9,14.1,0.4067366430758002,0.9135454576426009,0.722,2.65,,,1.78
2024-12-04,0,2.0,False,Dec,339,-0.4363729641045924,0.8997658785476209,,58.7,39.8,0.0,9.7,16.3,0.9396926207859084,-0.3420201433256687,1.115,2.9,,,1.999
2024-12-05,1,3.0,False,Dec,340,-0.42083100859565564,0.9071390534005044,2.0,67.9,56.6,0.26,13.3,19.9,-0.9563047559630354,0.2923717047227367,2.428,4.4,,,1.879
2024-12-06,0,2.0,False,Dec,341,-0.4051645224207563,0.9142437912130223,3.0,55.5,41.6,0.0,16.1,27.5,0.25881904510252074,0.9659258262890683,2.297,3.8,,,0.0
2024-12-07,0,2.0,False,Dec,342,-0.3893781415452015,0.9210779895789526,2.0,57.9,39.9,0.0,11.0,19.2,0.7071067811865475,0.7071067811865476,1.247,3.25,,,1.411
2024-12-08,0,2.0,False,Dec,343,-0.37347653741307074,0.9276396261490467,2.0,63.8,46.0,0.0,11.8,17.7,0.9205048534524403,-0.39073112848927377,1.05,3.25,,,0.8949999999999999
2024-12-09,1,3.0,False,Dec,344,-0.3574644155648614,0.9339267592294762,2.0,70.3,59.9,0.055,13.1,19.7,0.06975647374412552,-0.9975640502598242,2.559,4.55,,,0.396
2024-12-10,1,3.0,False,Dec,345,-0.34134651424503615,0.9399375283564133,3.0,73.0,68.6,0.165,14.4,25.7,-0.06975647374412527,-0.9975640502598242,2.953,4.65,,,0.655
2024-12-11,1,3.0,False,Dec,346,-0.3251276029999093,0.9456701548465688,3.0,72.5,47.5,0.571,21.1,35.8,-0.7771459614569708,0.6293203910498375,5.381,5.35,,,1.214
2024-12-12,0,2.0,False,Dec,347,-0.30881248126625377,0.9511229423235357,3.0,57.0,41.0,0.0,12.3,21.9,0.4067366430758002,0.9135454576426009,2.034,4.55,,,1.657
2024-12-13,0,2.0,False,Dec,348,-0.29240597695107734,0.9562942772197719,2.0,63.7,43.9,0.0,12.7,21.7,0.9063077870366499,0.42261826174069944,1.772,4.1,,,1.952
2024-12-14,0,2.0,False,Dec,349,-0.27591294500296043,0.9611826292540837,2.0,69.1,53.2,0.0,13.8,22.4,0.9702957262759965,0.24192189559966767,2.034,3.95,,,2.117
2024-12-15,0,2.0,False,Dec,350,-0.2593382659754056,0.9657865518844574,2.0,66.4,59.6,0.0,13.0,20.6,0.9702957262759965,0.24192189559966767,1.903,4.25,,,2.18
2024-12-16,0,2.0,False,Dec,351,-0.2426868445825954,0.9701046827361175,2.0,72.5,57.5,0.0,9.3,14.8,0.9396926207859083,0.3420201433256688,1.181,4.05,,,2.16
2024-12-17,0,2.0,False,Dec,352,-0.22596360824801906,0.974135744004672,2.0,73.7,58.5,0.0,7.0,10.5,0.838670567945424,0.5446390350150271,0.722,3.35,,,2.047
2024-12-18,0,2.0,False,Dec,353,-0.20917350564635637,0.9778785428342386,2.0,69.2,62.0,0.039,4.7,11.0,0.5877852522924732,-0.8090169943749473,0.459,3.1,,,1.828
2024-12-19,0,2.0,False,Dec,354,-0.19232150523909483,0.9813319716704275,2.0,64.5,55.9,0.0,11.7,18.3,-0.15643446504023112,0.9876883405951377,1.115,3.2,,,1.503
2024-12-20,0,2.0,False,Dec,355,-0.17541259380427843,0.9844950085880858,2.0,61.4,48.4,0.0,15.9,25.5,-0.5591929034707466,0.8290375725550418,2.297,3.8,,,0.0
2024-12-21,0,2.0,False,Dec,356,-0.15845177496083632,0.9873667175937016,2.0,52.8,40.6,0.0,16.4,28.2,0.12186934340514748,0.992546151641322,2.559,3.85,,,0.904
2024-12-22,0,2.0,False,Dec,357,-0.14144406768794202,0.9899462489023779,2.0,56.1,39.5,0.0,11.2,19.9,0.49999999999999994,0.8660254037844387,1.115,2.9,,,0.442
2024-12-23,0,2.0,False,Dec,358,-0.12439450483979998,0.9922328391893008,2.0,59.5,42.9,0.0,11.2,19.7,0.8191520442889918,0.5735764363510462,1.181,3.15,,,0.507
2024-12-24,0,2.0,False,Dec,359,-0.10730813165636247,0.9942258118156161,2.0,61.2,49.3,0.0,8.9,14.1,0.9135454576426009,0.4067366430758002,0.853,2.9,,,0.758
2024-12-25,0,2.0,False,Dec,360,-0.09019000427034513,0.9959245770286599,2.0,62.0,49.5,0.004,10.4,18.3,0.9902680687415704,0.13917310096006547,1.378,3.7,,,1.084
2024-12-26,0,2.0,False,Dec,361,-0.07304518821104743,0.9973286321364752,2.0,60.0,54.2,0.37,12.0,23.7,0.984807753012208,0.17364817766693041,1.903,4.3,,,1.341
2024-12-27,1,3.0,False,Dec,362,-0.05587875690537313,0.9984375616565666,2.0,63.0,55.7,0.0,14.3,22.8,0.9455185755993168,-0.32556815445715664,2.231,4.25,,,1.54
2024-12-28,1,3.0,False,Dec,363,-0.03869579017652689,0.9992510374388481,3.0,68.5,60.6,0.0,16.5,24.6,0.7431448254773942,-0.6691306063588582,3.018,4.3,,,1.706
2024-12-29,1,3.0,False,Dec,364,-0.021501372740813793,0.999768818762748,3.0,67.5,60.9,0.713,19.2,31.3,-0.46947156278589086,-0.8829475928589269,3.871,5.45,,,1.863
2024-12-30,1,3.0,False,Dec,365,-0.004300592702981974,0.9999907524084426,3.0,66.4,54.1,0.0,8.8,13.2,0.06975647374412552,-0.9975640502598242,2.034,5.4,,,2.005
2024-12-31,1,3.0,False,Dec,366,0.012901459949419653,0.9999167727021953,3.0,70.6,61.8,0.008,15.5,24.4,-0.961261695938319,-0.2756373558169989,2.428,4.3,,,0.0
2025-01-01,0,2.0,False,Jan,1,0.017201575418260506,0.9998520419557735,3.0,61.2,49.1,0.0,13.9,22.1,-0.06975647374412564,0.9975640502598242,2.362,4.15,,,2.045
2025-01-02,0,2.0,False,Jan,2,0.03439806061360801,0.9994082116062598,2.0,59.8,44.3,0.0,8.6,16.3,0.45399049973954675,0.8910065241883679,1.05,3.4,,,1.815
2025-01-03,0,2.0,False,Jan,3,0.051584366869408364,0.9986686402879997,2.0,63.7,47.8,0.0,10.8,17.7,-0.4383711467890778,0.8987940462991668,1.378,3.95,,,1.407
2025-01-04,0,2.0,False,Jan,4,0.06875540848113941,0.9976335468520451,2.0,58.6,44.2,0.0,11.4,20.4,0.6819983600624985,0.7313537016191705,1.509,3.35,,,0.0
2025-01-05,1,3.0,False,Jan,5,0.08590610426133272,0.9963032375991965,2.0,66.0,50.8,0.016,17.7,27.5,0.6293203910498374,-0.7771459614569709,4.265,5.4,,,0.613
2025-01-06,1,4.0,False,Jan,6,0.10303137904317879,0.9946781061893646,3.0,67.2,40.0,0.142,20.6,40.5,-0.9848077530122081,0.17364817766692997,4.921,5.7,,,0.398
2025-01-07,1,3.0,False,Jan,7,0.1201261651823505,0.9927586335250793,4.0,48.0,36.1,0.0,17.0,28.6,0.08715574274765817,0.9961946980917455,3.937,4.85,,,0.846
2025-01-08,0,2.0,False,Jan,8,0.13718540405660057,0.9905453876091833,3.0,49.7,36.6,0.0,13.1,22.4,-0.20791169081775987,0.9781476007338056,1.706,3.35,,,1.333
2025-01-09,0,2.0,False,Jan,9,0.1542040475626894,0.988039023376751,2.0,50.9,35.0,0.0,12.9,22.1,0.5150380749100542,0.8571673007021123,2.034,3.6,,,1.692
2025-01-10,1,3.0,False,Jan,10,0.17117705961019986,0.985240282501282,2.0,61.4,45.0,0.598,23.6,39.8,0.9271838545667874,-0.37460659341591207,5.184,6.2,,,1.926
2025-01-11,1,3.0,False,Jan,11,0.18809941761179758,0.9821499931752291,3.0,51.6,40.9,0.0,16.5,26.8,-0.4848096202463369,0.8746197071393959,4.199,5.8,,,2.059
2025-01-12,0,2.0,False,Jan,12,0.20496611396949532,0.9787690698649216,3.0,52.8,37.6,0.012,10.4,15.4,0.984807753012208,0.17364817766693041,1.378,5.35,,,2.107
2025-01-13,0,2.0,False,Jan,13,0.22177215755648186,0.975098513039961,2.0,50.4,45.3,0.508,16.4,26.2,0.6560590289905073,0.754709580222772,2.756,5.1,,,2.063
2025-01-14,0,2.0,False,Jan,14,0.23851257519407648,0.9711394088771653,2.0,56.7,41.0,0.0,13.3,23.3,0.25881904510252074,0.9659258262890683,1.837,5.0,,,1.911
2025-01-15,0,2.0,False,Jan,15,0.2551824131233728,0.9668929289391521,2.0,57.0,47.4,0.0,9.7,16.3,0.6427876096865393,0.766044443118978,0.853,3.25,,,1.644
2025-01-16,0,2.0,False,Jan,16,0.2717767384711357,0.9623603298276545,2.0,60.1,47.6,0.13,7.9,13.0,-0.8386705679454243,0.5446390350150266,0.722,3.15,,,1.279
2025-01-17,0,2.0,False,Jan,17,0.2882906407095177,0.9575429528116719,2.0,60.8,44.7,0.0,9.8,13.9,0.8829475928589269,-0.4694715627858909,0.919,3.1,,,0.851
2025-01-18,1,3.0,False,Jan,18,0.3047192331091634,0.9524422234305676,2.0,66.3,55.9,0.26,16.7,33.3,-0.29237170472273677,-0.9563047559630354,3.084,4.75,,,0.431
2025-01-19,1,3.0,False,Jan,19,0.321057654185271,0.9470596510722283,3.0,63.7,40.3,0.327,17.7,29.8,-0.6427876096865396,0.7660444431189778,3.609,4.9,,,0.346
2025-01-20,0,2.0,False,Jan,20,0.3373010691361842,0.9413968285264122,3.0,43.8,33.1,0.0,15.1,27.5,0.20791169081775934,0.9781476007338057,3.15,4.45,,,0.498
2025-01-21,0,2.0,False,Jan,21,0.3534446712740877,0.9354554315134164,2.0,39.7,30.5,0.551,20.0,35.3,0.29237170472273677,0.9563047559630354,3.478,4.1,,,0.7729999999999999
2025-01-22,0,2.0,False,Jan,22,0.3694836834473831,0.9292372181882051,2.0,38.4,28.5,0.055,16.5,28.9,0.39073112848927377,0.9205048534524404,2.953,3.95,,,1.048
2025-01-23,0,2.0,False,Jan,23,0.38541335945432564,0.9227440286201427,2.0,46.7,30.9,0.0,10.9,19.2,0.15643446504023087,0.9876883405951378,1.509,3.1,,,1.276
2025-01-24,0,2.0,False,Jan,24,0.4012289854475009,0.9159777842484877,2.0,50.6,36.1,0.0,8.6,15.7,-0.37460659341591235,0.9271838545667873,0.984,3.05,,,1.48
2025-01-25,0,2.0,False,Jan,25,0.4169258813287287,0.908940487313808,2.0,54.4,34.7,0.0,9.3,15.9,0.8829475928589269,0.46947156278589086,0.919,3.45,,,1.679
2025-01-26,0,2.0,False,Jan,26,0.4324994021339788,0.901634220265486,2.0,59.7,42.3,0.0,8.2,14.1,0.8746197071393959,-0.484809620246337,0.787,3.45,,,1.864
2025-01-27,0,2.0,False,Jan,27,0.44794493940789115,0.8940611451454876,2.0,63.6,48.4,0.075,11.7,19.5,-0.1045284632676535,-0.9945218953682733,1.312,3.3,,,2.0
2025-01-28,0,2.0,False,Jan,28,0.4632579225674917,0.88622350294858,2.0,58.2,48.3,0.0,9.6,15.2,-0.19080899537654467,0.981627183447664,1.378,3.3,,,2.027
2025-01-29,0,2.0,False,Jan,29,0.4784338202547012,0.8781236129591848,2.0,62.6,49.2,0.0,7.4,11.2,-0.9902680687415704,0.13917310096006547,1.05,3.2,,,1.898
2025-01-30,0,2.0,False,Jan,30,0.49346814167723735,0.8697638720650646,2.0,65.4,51.7,0.0,11.2,16.6,0.6691306063588583,-0.743144825477394,1.706,4.05,,,1.591
2025-01-31,1,3.0,False,Jan,31,0.5083564379375122,0.8611467540480452,2.0,67.1,59.0,0.283,16.5,28.6,-0.2588190451025208,-0.9659258262890683,3.084,4.7,,,1.124
2025-02-01,1,3.0,False,Feb,32,0.5230943033491326,0.8522748088519838,3.0,66.7,48.3,0.0,11.1,17.7,-0.45399049973954697,0.8910065241883678,2.428,5.05,,,0.0
2025-02-02,0,2.0,False,Feb,33,0.5376773767406141,0.8431506618282,3.0,65.3,48.3,0.0,6.3,10.7,0.4067366430758002,0.9135454576426009,0.984,5.0,,,0.3839999999999999
2025-02-03,0,2.0,False,Feb,34,0.5521013427459208,0.8337770129585915,2.0,64.5,47.4,0.0,6.2,10.1,0.2923717047227366,-0.9563047559630355,0.525,4.4,,,0.767
2025-02-04,0,2.0,False,Feb,35,0.5663619330814524,0.8241566360566663,2.0,67.5,55.5,0.0,6.8,10.7,-0.8660254037844384,-0.5000000000000004,0.525,2.8,,,0.0
2025-02-05,0,2.0,False,Feb,36,0.580454927809098,0.8142923779467267,2.0,67.3,57.9,0.0,6.5,11.6,-0.587785252292473,-0.8090169943749476,0.459,3.45,,,1.364
2025-02-06,0,2.0,False,Feb,37,0.5943761565849831,0.804187157621448,2.0,68.5,60.0,0.0,8.5,14.3,-0.08715574274765794,-0.9961946980917455,0.656,2.95,,,1.633
2025-02-07,0,2.0,False,Feb,38,0.6081214998935418,0.7938439653781019,2.0,69.7,63.6,0.008,7.5,12.5,-0.19080899537654472,-0.981627183447664,0.787,3.7,,,1.811
2025-02-08,0,2.0,False,Feb,39,0.6216868902665479,0.7832658619336791,2.0,69.2,64.3,0.0,9.6,15.9,-0.08715574274765794,-0.9961946980917455,0.984,3.45,,,1.9090000000000005
2025-02-09,0,2.0,False,Feb,40,0.6350683134867438,0.7724559775191742,2.0,71.8,66.5,0.0,8.9,14.8,-0.6427876096865393,-0.766044443118978,1.181,3.45,,,1.92
2025-02-10,0,2.0,False,Feb,41,0.6482618097757122,0.7614175109532997,2.0,73.8,65.3,0.0,6.4,10.7,-0.5446390350150271,-0.838670567945424,0.853,3.35,,,1.828
2025-02-11,0,2.0,False,Feb,42,0.6612634749656386,0.7501537286959042,2.0,70.3,61.4,0.0,14.8,23.9,0.37460659341591224,-0.9271838545667873,1.903,3.7,,,1.625
2025-02-12,1,3.0,True,Feb,43,0.6740694616546161,0.7386679638813748,2.0,73.2,69.0,0.028,19.1,30.9,1.2246467991473532e-16,-1.0,3.281,4.55,,,1.318
2025-02-13,1,3.0,True,Feb,44,0.6866759803451553,0.726963615332308,3.0,72.2,60.4,0.772,17.6,32.7,-0.9961946980917455,0.08715574274765789,3.871,5.7,,,0.938
2025-02-14,0,2.0,True,Feb,45,0.6990793005655562,0.7150441465537444,3.0,69.9,52.9,0.0,14.5,25.9,0.8829475928589269,0.46947156278589086,2.493,5.25,,,0.532
2025-02-15,1,3.0,True,Feb,46,0.7112757519738152,0.7029130847082615,2.0,70.8,62.7,0.012,18.1,27.7,0.5591929034707469,-0.8290375725550416,2.493,3.95,,,0.202
2025-02-16,1,3.0,True,Feb,47,0.7232617254437388,0.6905740195722294,3.0,70.4,54.6,0.535,23.8,41.2,-0.9998476951563913,0.01745240643728313,5.249,5.5,,,0.42
2025-02-17,0,2.0,False,Feb,48,0.7350336741329412,0.6780306024735382,3.0,57.8,41.8,0.0,16.9,29.8,0.20791169081775934,0.9781476007338057,3.084,4.4,,,0.6960000000000001
2025-02-18,0,2.0,False,Feb,49,0.746588114532413,0.6652865452111116,2.0,62.2,45.6,0.012,9.1,15.9,0.848048096156426,0.5299192642332049,0.787,3.5,,,0.0
2025-02-19,0,2.0,False,Feb,50,0.7579216274973472,0.6523456189565257,2.0,58.3,51.9,1.48,15.1,26.8,0.5446390350150271,0.838670567945424,1.903,3.4,,,1.013
2025-02-20,0,2.0,False,Feb,51,0.7690308592589181,0.6392116531380588,2.0,51.0,39.3,0.0,17.3,30.9,-0.01745240643728356,0.9998476951563913,2.887,4.2,,,1.183
2025-02-21,0,2.0,False,Feb,52,0.7799125224167177,0.6258885343075018,2.0,51.2,34.9,0.0,15.5,27.5,0.5446390350150271,0.838670567945424,2.231,3.55,,,1.362
2025-02-22,0,2.0,False,Feb,53,0.7905633969115482,0.612380204990065,2.0,59.6,44.2,0.0,9.5,17.0,0.7313537016191705,0.6819983600624985,0.984,3.35,,,1.559
2025-02-23,0,2.0,False,Feb,54,0.8009803309782905,0.5986906625177214,2.0,57.5,50.3,0.587,8.6,15.7,0.766044443118978,0.6427876096865394,0.787,3.35,,,1.739
2025-02-24,0,2.0,False,Feb,55,0.8111602420785621,0.5848239578463322,2.0,63.7,52.3,0.291,12.0,19.0,0.9781476007338056,0.20791169081775945,1.64,4.9,,,1.838
2025-02-25,0,2.0,False,Feb,56,0.8211001178128892,0.5707841943569036,2.0,68.2,56.1,0.0,9.0,14.8,-0.7193398003386512,0.6946583704589973,1.247,5.25,,,1.798
2025-02-26,0,2.0,False,Feb,57,0.8307970168121247,0.5565755266413303,2.0,68.9,53.2,0.0,7.2,10.7,-0.9876883405951377,-0.15643446504023104,1.181,3.55,,,1.586
2025-02-27,0,2.0,False,Feb,58,0.8402480696078469,0.5422021592729844,2.0,68.3,57.2,0.0,12.2,19.7,-0.984807753012208,-0.17364817766693033,1.575,3.3,,,1.207
2025-02-28,0,2.0,False,Feb,59,0.8494504794814806,0.527668345562516,2.0,66.9,51.2,0.0,10.4,17.4,-0.7880107536067218,0.6156614753256585,1.575,3.45,,,0.71
2025-03-01,0,2.0,False,Mar,60,0.8584015232918917,0.512978386299228,2.0,68.6,55.4,0.0,12.2,18.3,-0.9925461516413221,-0.12186934340514717,1.575,3.45,,,0.227
2025-03-02,0,2.0,False,Mar,61,0.8670985522812081,0.4981366284784055,2.0,63.0,51.3,0.0,13.6,23.3,-0.034899496702500823,0.9993908270190958,2.034,3.6,,,0.686
2025-03-03,0,2.0,False,Mar,62,0.8755389928586302,0.4831474640149687,2.0,63.6,47.9,0.0,9.2,16.8,0.9986295347545738,0.052335956242943966,1.05,3.45,,,1.098
2025-03-04,1,3.0,False,Mar,63,0.8837203473619977,0.4680153284438345,2.0,69.1,54.3,0.0,23.1,38.5,0.6427876096865395,-0.7660444431189779,5.118,5.55,,,1.401
2025-03-05,1,4.0,False,Mar,64,0.8916401947968874,0.45274469960737107,3.0,67.2,58.7,0.689,27.1,47.2,-0.9335804264972016,-0.3583679495453007,6.365,6.65,,,0.0
2025-03-06,1,3.0,False,Mar,65,0.8992961915530253,0.4373400963303323,4.0,61.5,50.2,0.0,19.2,30.9,-0.7771459614569708,0.6293203910498375,6.037,6.25,,,1.646
2025-03-08,0,2.0,False,Mar,67,0.9138076496466615,0.40614723863057883,,68.2,61.8,0.5,10.4,18.1,0.20791169081775931,-0.9781476007338057,1.706,4.45,,,1.751
2025-03-09,0,2.0,False,Mar,68,0.9206588168102428,0.3903682146763026,2.0,68.2,62.0,1.012,10.2,20.1,0.06975647374412552,-0.9975640502598242,1.903,4.8,,,1.6880000000000002
2025-03-10,1,3.0,False,Mar,69,0.9272375462179537,0.374473674486883,2.0,62.7,58.1,0.047,16.4,29.8,-0.5877852522924734,0.8090169943749473,4.068,5.9,,,1.517
2025-03-11,1,3.0,False,Mar,70,0.9335418911179212,0.35846832151248087,3.0,68.1,53.8,0.0,9.9,16.6,-0.9998476951563913,-0.017452406437283498,2.231,6.1,,,1.237
2025-03-12,0,2.0,False,Mar,71,0.9395699859530622,0.342356891994542,3.0,68.6,57.9,0.0,8.8,15.2,-0.9510565162951535,-0.30901699437494756,1.444,3.75,,,0.876
2025-03-13,1,3.0,False,Mar,72,0.945320046913132,0.3261441535642696,2.0,70.2,62.4,0.138,12.9,23.0,-0.2588190451025208,-0.9659258262890683,2.165,4.4,,,0.4859999999999999
2025-03-14,1,3.0,False,Mar,73,0.9507903724625832,0.3098349038318025,3.0,70.8,64.8,0.016,13.9,22.8,0.3583679495453002,-0.9335804264972017,1.837,4.35,,,0.188
2025-03-15,1,4.0,False,Mar,74,0.9559793438440766,0.2934339689665273,3.0,73.3,65.4,0.185,24.3,38.3,0.5150380749100544,-0.8571673007021122,5.315,6.05,,,0.486
2025-03-16,1,4.0,False,Mar,75,0.9608854255574977,0.27694620226893646,4.0,71.7,64.8,0.76,20.6,39.1,-0.913545457642601,-0.4067366430758001,5.446,7.1,,,0.758
2025-03-17,1,4.0,False,Mar,76,0.9655071658143364,0.2603764827344581,4.0,67.5,52.6,0.0,19.7,33.6,-0.6427876096865396,0.7660444431189778,4.528,5.4,,,0.964
2025-03-18,1,3.0,False,Mar,77,0.969843196967294,0.24372971360968387,4.0,70.3,50.1,0.0,9.7,15.2,0.48480962024633717,-0.8746197071393957,1.64,4.45,,,1.104
2025-03-19,0,2.0,False,Mar,78,0.9738922359149924,0.22701082094141847,3.0,71.1,57.6,0.0,12.9,20.4,-0.06975647374412527,-0.9975640502598242,1.706,3.85,,,0.0
2025-03-20,1,4.0,False,Mar,79,0.9776530844816641,0.2102247521189836,2.0,69.2,52.8,0.094,18.4,30.4,-0.9612616959383188,0.2756373558169994,4.331,5.05,,,1.261
2025-03-21,1,3.0,False,Mar,80,0.981124629771712,0.19337647441020586,4.0,61.8,44.8,0.0,14.0,24.2,-0.6018150231520483,0.7986355100472928,4.003,4.8,,,1.377
2025-03-22,0,2.0,False,Mar,81,0.984305844499033,0.17647097349152166,3.0,66.1,53.3,0.0,8.8,15.2,-0.9945218953682734,-0.10452846326765336,1.312,3.5,,,1.513
2025-03-23,0,2.0,False,Mar,82,0.9871957872910085,0.15951325197263655,2.0,68.0,58.2,0.0,10.6,18.3,-0.15643446504023073,-0.9876883405951378,0.984,3.2,,,1.624
2025-03-24,0,2.0,False,Mar,83,0.9897936029670716,0.14250832791617088,2.0,66.3,60.9,0.291,8.8,17.4,-0.656059028990507,-0.7547095802227721,1.181,3.6,,,1.642
2025-03-25,0,2.0,False,Mar,84,0.992098522791769,0.12546123335273648,2.0,69.1,56.3,0.0,8.8,15.7,-0.8829475928589271,0.4694715627858904,0.984,3.75,,,1.507
2025-03-26,0,2.0,False,Mar,85,0.9941098647022418,0.10837701279187609,2.0,76.0,63.6,0.0,7.2,11.9,-0.9781476007338056,0.20791169081775943,0.919,3.35,,,1.199
2025-03-27,0,2.0,False,Mar,86,0.9958270335100595,0.09126072172931188,2.0,75.5,62.7,0.0,11.8,17.9,0.9975640502598242,0.06975647374412523,1.05,3.1,,,0.7530000000000001
2025-03-28,1,3.0,False,Mar,87,0.9972495210773451,0.07411742515094437,2.0,73.4,63.2,0.0,13.8,23.0,0.7986355100472927,-0.6018150231520484,2.1,4.65,,,0.205
2025-03-29,1,4.0,False,Mar,88,0.998376906467142,0.056952196034039754,3.0,73.9,67.7,0.098,15.6,25.7,0.6691306063588583,-0.743144825477394,2.887,5.2,,,0.6799999999999999
2025-03-30,1,4.0,False,Mar,89,0.9992088560679753,0.03977011384605572,4.0,70.3,67.5,0.469,12.3,18.8,0.4226182617406995,-0.9063077870366499,2.1,5.2,,,1.148
2025-03-31,1,3.0,False,Mar,90,0.9997451236925734,0.022576263041545485,4.0,72.6,67.5,0.075,11.7,25.3,-0.2079116908177595,-0.9781476007338056,1.772,4.3,,,1.5
2025-04-01,1,3.0,False,Apr,91,0.9999855506507186,0.005375731557583884,3.0,75.7,66.4,0.0,9.2,15.0,-0.13917310096006552,-0.9902680687415703,1.575,4.55,,,1.7080000000000002
2025-04-02,1,3.0,False,Apr,92,0.9999300657962057,-0.011826390691832589,3.0,77.9,69.1,0.0,16.2,26.8,0.5591929034707469,-0.8290375725550416,2.493,4.7,,,0.0
2025-04-03,1,4.0,False,Apr,93,0.9995786855478958,-0.029025013321975237,3.0,77.0,73.1,0.0,19.0,32.0,0.49999999999999994,-0.8660254037844387,3.543,5.7,,,1.804
2025-04-04,1,4.0,False,Apr,94,0.9989315138848577,-0.046215046983708354,4.0,77.9,72.0,0.0,15.8,28.0,0.6427876096865395,-0.7660444431189779,2.953,5.75,,,1.7719999999999998
2025-04-05,1,4.0,False,Apr,95,0.9979887423155984,-0.06339140486951038,4.0,77.7,72.3,0.0,17.9,30.6,0.5299192642332049,-0.848048096156426,3.281,5.7,,,1.6800000000000002
2025-04-06,1,4.0,False,Apr,96,0.9967506498213929,-0.08054900421874167,4.0,77.2,73.3,0.146,19.7,34.4,0.13917310096006533,-0.9902680687415704,3.74,5.2,,,1.506
2025-04-07,1,4.0,False,Apr,97,0.9952176027737294,-0.09768276782171598,4.0,75.3,57.7,0.823,21.3,37.6,-0.981627183447664,-0.1908089953765446,4.331,5.65,,,1.231
2025-04-08,1,3.0,True,Apr,98,0.9933900548258936,-0.11478762552212701,4.0,70.4,53.5,0.0,15.6,24.8,-0.22495105434386534,0.9743700647852351,3.412,5.0,,,0.868
2025-04-09,1,3.0,True,Apr,99,0.9912685467787256,-0.13185851571739118,3.0,69.7,55.0,0.0,10.0,17.4,-0.529919264233205,0.848048096156426,1.247,3.9,,,0.4609999999999999
2025-04-10,0,2.0,True,Apr,100,0.9888537064205885,-0.1488903868564548,3.0,72.3,57.9,0.0,13.0,19.7,-0.9961946980917455,-0.08715574274765825,1.772,3.25,,,0.26
2025-04-11,0,2.0,True,Apr,101,0.986146248341595,-0.16587819893463143,2.0,74.4,63.5,0.004,13.8,22.8,-0.8290375725550416,0.559192903470747,2.297,4.4,,,0.6
2025-04-12,0,2.0,True,Apr,102,0.9831469737221499,-0.1828169249850199,2.0,69.9,56.2,0.0,11.9,21.3,-0.5000000000000004,0.8660254037844384,1.837,3.75,,,0.896
2025-04-13,0,2.0,True,Apr,103,0.9798567700958665,-0.1997015525660636,2.0,69.8,54.6,0.0,10.4,18.3,-0.8660254037844386,0.5000000000000001,1.312,3.2,,,1.119
2025-04-14,0,2.0,False,Apr,104,0.9762766110869321,-0.21652708524481437,2.0,71.9,62.7,0.0,11.8,20.1,-0.754709580222772,-0.6560590289905073,1.05,2.9,,,1.269
2025-04-15,1,3.0,False,Apr,105,0.9724075561219968,-0.23328854407545518,2.0,73.6,67.0,0.0,13.5,24.2,-0.9986295347545738,0.052335956242943946,2.231,4.0,,,1.366
2025-04-16,0,2.0,False,Apr,106,0.9682507501166718,-0.2499809690726521,3.0,73.1,55.6,0.0,10.9,18.6,-0.4226182617406992,0.90630778703665,1.575,3.85,,,1.439
2025-04-17,0,2.0,False,Apr,107,0.9638074231367307,-0.26659942067929354,2.0,75.2,57.9,0.0,11.4,19.9,-0.0348994967025009,-0.9993908270190958,1.115,3.0,,,0.0
2025-04-18,0,2.0,False,Apr,108,0.9590788900341131,-0.28313898122818354,2.0,75.4,63.7,0.0,12.3,23.5,0.40673664307580043,-0.9135454576426008,1.772,3.95,,,1.557
2025-04-19,0,2.0,False,Apr,109,0.9540665500578387,-0.2995947563972602,2.0,75.3,65.3,0.0,12.1,22.1,0.6156614753256584,-0.7880107536067219,1.837,5.15,,,1.626
2025-04-20,1,3.0,False,Apr,110,0.9487718864399473,-0.31596187665790293,2.0,76.0,67.7,0.0,11.9,21.3,0.5877852522924732,-0.8090169943749473,2.034,5.25,,,1.634
2025-04-21,0,2.0,False,Apr,111,0.9431964659565866,-0.33223549871590435,3.0,76.8,66.7,0.0,10.6,20.1,0.3583679495453002,-0.9335804264972017,1.837,5.45,,,1.524
2025-04-22,0,2.0,False,Apr,112,0.9373419384643772,-0.3484108069446808,2.0,75.3,67.3,0.0,9.8,16.8,0.0871557427476582,-0.9961946980917455,1.444,5.0,,,1.261
2025-04-23,0,2.0,False,Apr,113,0.9312100364121947,-0.3644830148102912,2.0,77.6,66.8,0.0,10.9,18.1,-0.22495105434386498,-0.9743700647852352,1.181,4.6,,,0.852
2025-04-24,0,2.0,False,Apr,114,0.9248025743285089,-0.38044736628785164,2.0,77.9,68.2,0.0,9.8,17.9,0.2923717047227366,-0.9563047559630355,1.181,4.25,,,0.362
2025-04-25,0,2.0,False,Apr,115,0.9181214482844365,-0.39629913726891813,2.0,77.7,68.7,0.0,11.1,20.4,0.2923717047227366,-0.9563047559630355,1.706,4.35,,,0.571
2025-04-26,0,2.0,False,Apr,116,0.9111686353326631,-0.41203363695942635,2.0,77.3,69.0,0.0,10.7,19.5,-0.882947592858927,-0.46947156278589075,1.247,4.6,,,1.0970000000000002
2025-04-27,0,2.0,False,Apr,117,0.9039461929224011,-0.42764620926777464,2.0,79.4,70.9,0.004,12.2,20.8,-0.8571673007021121,-0.5150380749100545,0.984,3.65,,,1.541
2025-04-28,0,2.0,False,Apr,118,0.8964562582905575,-0.44313223418263453,2.0,79.6,71.7,0.016,10.5,18.3,-0.7986355100472928,-0.6018150231520483,0.919,3.15,,,1.848
2025-04-29,0,2.0,False,Apr,119,0.8887010478292915,-0.45848712914008766,2.0,80.9,71.2,0.02,11.4,21.0,0.5446390350150273,-0.8386705679454239,1.378,3.75,,,2.01
2025-04-30,1,3.0,False,Apr,120,0.8806828564301475,-0.47370635037968,2.0,78.3,72.2,0.004,11.6,19.2,0.3420201433256689,-0.9396926207859083,1.837,4.2,,,2.0540000000000003
2025-05-01,1,3.0,False,May,121,0.8724040568049612,-0.48878539428899265,3.0,77.2,70.6,0.004,11.0,22.6,0.19080899537654497,-0.981627183447664,1.575,4.2,,,0.0
2025-05-02,0,2.0,False,May,122,0.8638670987837349,-0.503719798736334,3.0,78.1,69.3,0.0,13.5,22.8,0.10452846326765373,-0.9945218953682733,1.903,4.7,,,1.941
2025-05-03,1,3.0,False,May,123,0.8550745085896932,-0.518505144391157,2.0,74.0,71.0,1.004,14.5,24.4,-0.34202014332566866,-0.9396926207859084,2.1,4.2,,,1.749
2025-05-04,0,2.0,False,May,124,0.8460288880917339,-0.533137056031809,3.0,75.4,66.8,0.035,10.4,18.6,-0.9135454576426011,0.40673664307579976,2.165,4.35,,,1.455
2025-05-05,0,2.0,False,May,125,0.8367329140344921,-0.5476112038402312,2.0,75.3,64.1,0.0,8.6,15.2,-0.8660254037844386,0.5000000000000001,1.575,3.75,,,1.064
2025-05-06,0,2.0,False,May,126,0.8271893372462497,-0.5619233046832195,2.0,78.7,67.4,0.224,8.1,21.5,0.9205048534524403,-0.39073112848927377,0.984,3.75,,,0.616
2025-05-07,0,2.0,False,May,127,0.8174009818249189,-0.5760691233798758,2.0,79.1,72.2,0.13,13.9,22.6,0.8191520442889917,-0.5735764363510462,1.444,4.8,,,0.348
2025-05-08,1,3.0,False,May,128,0.8073707443023492,-0.5900444739548627,2.0,79.5,71.3,0.197,13.5,23.0,-0.374606593415912,-0.9271838545667874,1.64,5.0,,,0.585
2025-05-09,0,2.0,False,May,129,0.7971015927871943,-0.6038452208771035,3.0,78.0,70.8,0.232,11.9,21.0,-0.4383711467890778,0.8987940462991668,1.64,4.15,,,0.938
2025-05-10,1,4.0,False,May,130,0.7865965660866021,-0.6174672802835514,2.0,78.0,70.3,0.571,18.8,34.4,0.40673664307580043,-0.9135454576426008,3.412,4.9,,,1.211
2025-05-11,1,4.0,False,May,131,0.7758587728069828,-0.6309066211876704,4.0,75.1,70.3,2.547,15.2,23.5,0.3255681544571566,-0.9455185755993168,3.15,5.05,,,1.3969999999999998
2025-05-12,1,4.0,False,May,132,0.7648913904341226,-0.6441592666722685,4.0,76.9,69.4,0.079,12.5,21.3,-0.6293203910498376,-0.7771459614569708,2.625,4.5,,,1.517
2025-05-13,1,4.0,False,May,133,0.753697664392914,-0.6572212950663319,4.0,77.5,70.1,0.043,11.7,22.8,-0.874619707139396,-0.48480962024633684,3.084,4.8,,,1.601
2025-05-14,1,4.0,False,May,134,0.742280907086982,-0.6700888411055113,4.0,79.6,72.3,0.0,10.5,18.1,-0.6427876096865393,-0.766044443118978,1.772,4.5,,,1.6789999999999998
2025-05-15,1,4.0,False,May,135,0.7306444969184916,-0.6827580970759147,4.0,81.0,75.4,0.0,14.1,24.6,-0.374606593415912,-0.9271838545667874,2.428,4.7,,,1.76
2025-05-16,1,3.0,False,May,136,0.7187918772884232,-0.6952253139408722,4.0,81.1,75.1,0.0,10.2,17.9,-0.6691306063588582,-0.7431448254773942,1.706,4.65,,,1.82
2025-05-17,1,3.0,False,May,137,0.7067265555776158,-0.7074868024503348,3.0,80.5,76.2,0.0,10.9,19.0,-0.7771459614569706,-0.6293203910498378,1.378,3.75,,,0.0
2025-05-18,0,2.0,False,May,138,0.6944521021088763,-0.719538934232584,3.0,80.8,75.6,0.0,9.7,19.0,-0.7071067811865475,-0.7071067811865477,1.115,3.45,,,1.745
2025-05-20,1,3.0,False,May,140,0.6692903895412567,-0.7430009249440493,,82.5,76.2,0.0,13.4,20.6,-0.34202014332566866,-0.9396926207859084,1.64,3.5,,,1.135
2025-05-21,1,3.0,False,May,141,0.6564105761979381,-0.7544038410927472,3.0,81.8,77.9,0.236,13.4,21.5,-0.9961946980917455,-0.08715574274765825,2.165,4.2,,,0.618
2025-05-22,0,2.0,False,May,142,0.6433365204044917,-0.765583517007675,3.0,83.7,71.8,0.0,10.0,17.0,-0.7313537016191703,0.6819983600624986,1.509,4.15,,,0.3409999999999999
2025-05-23,0,2.0,False,May,143,0.6300720909843687,-0.7765366444428655,2.0,82.7,73.8,0.0,9.7,16.1,-0.9659258262890683,-0.25881904510252063,0.984,3.85,,,0.8510000000000001
2025-05-24,0,2.0,False,May,144,0.6166212130956382,-0.7872599821916922,2.0,82.6,75.3,0.004,9.2,18.3,-0.9205048534524403,-0.3907311284892738,0.853,3.25,,,1.368
2025-05-25,0,2.0,True,May,145,0.6029878670694714,-0.7977503570459932,2.0,82.5,76.2,0.008,8.8,16.6,-0.874619707139396,-0.48480962024633684,0.919,2.95,,,1.778
2025-05-26,0,2.0,True,May,146,0.5891760872322963,-0.8080046647350754,2.0,83.5,76.2,0.071,11.2,19.0,-0.5591929034707467,-0.8290375725550418,1.115,3.45,,,2.055
2025-05-27,0,2.0,True,May,147,0.5751899607119775,-0.8180198708443175,2.0,83.8,78.9,0.028,10.7,18.1,-0.2588190451025208,-0.9659258262890683,1.444,3.8,,,2.204
2025-05-28,0,2.0,False,May,148,0.5610336262283677,-0.8277930117131022,2.0,85.0,76.1,0.291,11.0,19.2,-0.7193398003386512,-0.6946583704589973,1.247,3.8,,,2.244
2025-05-29,0,2.0,False,May,149,0.5467112728685939,-0.8373211953118121,2.0,78.9,74.6,1.091,9.8,23.0,-0.9659258262890683,-0.25881904510252063,1.575,4.1,,,2.181
2025-05-30,0,2.0,False,May,150,0.5322271388474397,-0.8466016020976267,2.0,83.4,74.1,0.161,14.4,26.4,-0.9925461516413221,-0.12186934340514717,1.969,4.1,,,2.002
2025-05-31,0,2.0,False,May,151,0.5175855102531889,-0.8556314858488706,2.0,80.3,71.3,0.035,12.2,20.4,-0.6691306063588581,0.7431448254773942,1.903,4.1,,,0.0
2025-06-01,0,2.0,False,Jun,152,0.5027907197793043,-0.8644081744776648,2.0,80.8,73.1,0.0,10.2,19.7,-0.9998476951563913,-0.017452406437283498,1.247,3.45,,,1.492
2025-06-02,0,2.0,False,Jun,153,0.4878471454423119,-0.8729290708206411,2.0,83.4,74.3,0.0,6.9,9.6,-0.12186934340514723,0.9925461516413221,0.919,3.15,,,1.033
2025-06-03,0,2.0,False,Jun,154,0.47275920928627757,-0.881191653407483,2.0,84.3,73.7,0.063,10.1,19.0,0.9945218953682733,0.10452846326765346,1.64,4.05,,,0.562
2025-06-04,0,2.0,False,Jun,155,0.4575313760742512,-0.8891934772070711,2.0,82.7,74.9,0.134,12.3,19.9,0.9335804264972017,-0.35836794954530027,1.969,4.35,,,0.405
2025-06-05,0,2.0,False,Jun,156,0.44216815196707204,-0.8969321743510065,2.0,82.4,75.0,0.039,10.8,19.2,-0.4067366430758002,-0.9135454576426009,1.903,4.45,,,0.7410000000000001
2025-06-06,1,3.0,False,Jun,157,0.42667408318992467,-0.9044054548343001,2.0,83.4,79.1,0.012,11.1,18.8,-0.882947592858927,-0.46947156278589075,1.64,4.3,,,1.087
2025-06-07,1,4.0,False,Jun,158,0.4110537546870351,-0.9116111071930239,3.0,84.5,79.0,0.079,15.0,25.9,-0.913545457642601,-0.4067366430758001,2.034,3.8,,,1.342
2025-06-08,1,4.0,False,Jun,159,0.3953117887649151,-0.9185469991587165,4.0,84.1,80.2,0.15,13.5,23.0,-0.9271838545667873,-0.3746065934159123,2.428,4.2,,,1.516
2025-06-09,1,3.0,False,Jun,160,0.37945284372454435,-0.925211078289358,4.0,84.4,77.8,0.402,14.3,22.8,-0.8090169943749473,-0.5877852522924732,2.559,4.15,,,1.638
2025-06-10,0,2.0,False,Jun,161,0.36348161248290634,-0.9316013725767187,3.0,82.9,74.7,0.606,11.8,24.6,-0.7431448254773944,-0.6691306063588581,2.165,4.05,,,1.742
2025-06-11,0,2.0,False,Jun,162,0.3474028211842774,-0.9377159910299093,2.0,83.5,76.3,0.146,6.3,14.3,-0.4539904997395467,-0.8910065241883679,1.378,4.05,,,1.845
2025-06-12,0,2.0,False,Jun,163,0.3312212278016865,-0.9435531242349544,2.0,85.1,77.1,0.067,9.3,17.0,0.4226182617406995,-0.9063077870366499,1.312,3.75,,,1.934
2025-06-13,0,2.0,False,Jun,164,0.31494162072895193,-0.9491110448902284,2.0,85.3,79.0,0.173,11.5,18.1,0.03489949670250114,-0.9993908270190958,1.706,3.8,,,1.97
2025-06-14,0,2.0,False,Jun,165,0.2985688173637202,-0.9543881083175908,2.0,82.6,77.7,0.311,11.1,18.3,-0.43837114678907746,-0.8987940462991669,1.444,3.9,,,1.899
2025-06-15,0,2.0,False,Jun,166,0.2821076626819194,-0.9593827529490743,2.0,83.9,77.0,0.169,7.4,14.5,-0.34202014332566866,-0.9396926207859084,1.181,3.8,,,1.682
2025-06-16,0,2.0,False,Jun,167,0.26556302780405594,-0.9640935007889755,2.0,83.1,77.7,0.295,9.9,17.0,-0.4226182617406993,-0.90630778703665,1.181,3.8,,,1.305
2025-06-17,1,3.0,False,Jun,168,0.24893980855376657,-0.9685189578512204,2.0,84.6,78.3,0.165,13.0,24.8,-0.32556815445715676,-0.9455185755993167,1.837,3.8,,,0.81
2025-06-18,1,3.0,False,Jun,169,0.23224292400907015,-0.9726578145718654,3.0,85.6,81.3,0.102,11.3,20.1,-0.0348994967025009,-0.9993908270190958,1.706,4.1,,,0.3059999999999999
2025-06-19,1,3.0,False,Jun,170,0.21547731504673012,-0.976508846196619,3.0,83.7,76.9,0.185,9.9,17.0,-0.848048096156426,-0.529919264233205,1.509,4.4,,,0.448
2025-06-20,1,3.0,False,Jun,171,0.19864794288017112,-0.9800709131432666,3.0,89.2,77.8,0.004,7.1,13.0,-0.7313537016191703,0.6819983600624986,1.312,4.9,,,0.994
2025-06-21,0,2.0,False,Jun,172,0.18175978759137534,-0.9833429613388902,3.0,88.0,78.9,0.213,5.4,12.1,-0.8386705679454243,0.5446390350150266,1.181,5.1,,,1.473
2025-06-22,0,2.0,False,Jun,173,0.16481784665719793,-0.9863240225317866,2.0,88.3,77.0,0.201,4.9,10.3,0.9993908270190958,0.03489949670250108,0.787,3.65,,,1.84
2025-06-23,0,2.0,False,Jun,174,0.14782713347053048,-0.9890132145779883,2.0,87.7,78.1,0.134,10.3,19.9,0.7313537016191706,-0.6819983600624984,1.444,3.9,,,2.092
2025-06-24,0,2.0,False,Jun,175,0.13079267585675922,-0.9914097417023038,2.0,88.1,79.2,0.13,6.5,14.5,0.9563047559630355,-0.29237170472273666,1.05,4.1,,,2.238
2025-06-25,0,2.0,False,Jun,176,0.11371951458594969,-0.9935128947338007,2.0,88.7,77.5,0.063,7.1,13.4,-0.5150380749100545,0.8571673007021121,0.919,4.0,,,2.283
2025-06-26,0,2.0,False,Jun,177,0.0966127018812031,-0.9953220513156602,2.0,83.0,74.1,0.268,16.7,23.3,0.9961946980917455,0.08715574274765814,1.575,3.65,,,2.212
2025-06-27,0,2.0,False,Jun,178,0.07947729992362097,-0.9968366760893436,2.0,84.2,76.4,0.118,9.0,15.0,0.12186934340514755,-0.992546151641322,0.787,3.35,,,2.008
2025-06-28,0,2.0,False,Jun,179,0.062318379354325076,-0.998056320853012,2.0,81.8,77.9,0.339,9.1,19.2,-0.6156614753256582,-0.788010753606722,1.509,3.4,,,1.6720000000000002
2025-06-29,0,2.0,False,Jun,180,0.04514101777397193,-0.9989806246941579,2.0,82.0,77.6,0.673,10.8,18.8,-0.9563047559630353,-0.2923717047227371,1.378,3.55,,,1.233
2025-06-30,0,2.0,False,Jun,181,0.02795029824021032,-0.999609314096404,2.0,80.5,76.7,0.961,9.4,20.8,-0.984807753012208,-0.17364817766693033,1.772,3.6,,,0.7570000000000001
2025-07-01,0,2.0,False,Jul,182,0.01075130776352193,-0.9999422030204416,2.0,82.5,76.1,0.575,7.0,12.8,-0.9986295347545738,0.052335956242943946,1.772,4.0,,,0.367
2025-07-02,0,2.0,False,Jul,183,-0.00645086419810515,-0.9999791929590823,2.0,85.4,76.7,0.563,12.7,20.8,-0.961261695938319,-0.2756373558169989,1.969,4.3,,,0.402
2025-07-04,0,2.0,False,Jul,185,-0.04084439154329611,-0.9991655196610109,,88.4,78.9,0.114,9.1,14.8,-0.24192189559966787,0.9702957262759965,1.05,3.45,,,1.0539999999999998
2025-07-05,0,2.0,False,Jul,186,-0.05802556932878035,-0.9983150972033183,2.0,88.8,78.0,0.0,9.8,18.1,0.6018150231520483,0.7986355100472928,0.787,2.85,,,1.2939999999999998
2025-07-06,0,2.0,False,Jul,187,-0.07518957641475855,-0.9971692572470178,2.0,88.7,80.5,0.079,7.4,12.5,-0.7193398003386512,0.6946583704589973,0.722,2.85,,,1.468
2025-07-07,0,2.0,False,Jul,188,-0.09233133369539122,-0.9957283388645872,2.0,85.5,80.7,0.181,9.5,16.6,-0.9945218953682734,-0.10452846326765336,0.984,2.95,,,1.613
2025-07-08,0,2.0,True,Jul,189,-0.10944576864891556,-0.993992768446958,2.0,86.6,79.8,0.024,12.8,19.7,-0.9659258262890683,-0.25881904510252063,1.378,3.25,,,1.752
2025-07-09,0,2.0,True,Jul,190,-0.12652781683868314,-0.9919630595773397,2.0,86.0,81.7,0.0,10.7,19.0,-0.9743700647852351,-0.22495105434386525,1.509,3.5,,,1.881
2025-07-10,0,2.0,True,Jul,191,-0.1435724234118113,-0.9896398128792412,2.0,87.0,80.5,0.043,14.0,21.0,-0.961261695938319,-0.2756373558169989,1.837,3.6,,,1.969
2025-07-11,0,2.0,True,Jul,192,-0.16057454459499376,-0.9870237158387383,2.0,85.0,80.4,0.102,10.0,17.7,-0.9271838545667873,-0.3746065934159123,1.64,3.65,,,1.966
2025-07-12,0,2.0,True,Jul,193,-0.17752914918703497,-0.984115542601034,2.0,87.7,78.6,0.102,10.2,14.8,-0.9998476951563913,-0.017452406437283498,1.181,3.2,,,1.828
2025-07-13,0,2.0,True,Jul,194,-0.19443122004766195,-0.9809161537413774,2.0,87.0,81.9,0.035,8.8,16.8,-0.992546151641322,0.12186934340514768,1.05,3.55,,,1.534
2025-07-14,0,2.0,False,Jul,195,-0.2112757555821793,-0.9774264960104055,2.0,89.7,81.1,0.0,10.4,20.8,-0.9205048534524405,0.3907311284892735,1.312,3.55,,,1.099
2025-07-15,0,2.0,False,Jul,196,-0.2280577712215198,-0.9736476020539838,2.0,91.5,80.7,0.165,8.7,15.7,-0.5591929034707466,0.8290375725550418,1.115,3.15,,,0.593
2025-07-16,0,2.0,False,Jul,197,-0.24477230089725957,-0.9695805901076308,2.0,83.1,79.2,0.173,12.6,22.1,0.9781476007338057,-0.20791169081775934,1.706,3.4,,,0.163
2025-07-17,1,3.0,False,Jul,198,-0.2614143985111562,-0.965226663665613,2.0,84.6,78.9,0.366,15.4,25.5,0.3583679495453002,-0.9335804264972017,3.15,4.65,,,0.5579999999999999
2025-07-18,1,3.0,False,Jul,199,-0.2779791393987801,-0.9605871111248129,3.0,85.3,81.0,0.248,10.7,19.0,-0.15643446504023073,-0.9876883405951378,2.165,4.45,,,1.061
2025-07-19,0,2.0,False,Jul,200,-0.2944616217868012,-0.9556633054034704,3.0,86.8,79.8,0.031,9.0,16.3,-0.7431448254773944,-0.6691306063588581,1.378,4.0,,,1.4740000000000002
2025-07-20,0,2.0,False,Jul,201,-0.3108569682435036,-0.9504567035349151,2.0,88.0,81.8,0.0,11.0,18.1,-0.9945218953682734,-0.10452846326765336,1.05,3.45,,,1.784
2025-07-21,0,2.0,False,Jul,202,-0.3271603271220951,-0.9449688462364056,2.0,88.4,82.3,0.063,11.0,19.7,-0.9975640502598243,0.06975647374412522,1.247,3.2,,,1.998
2025-07-22,0,2.0,False,Jul,203,-0.34336687399638804,-0.939201357453208,2.0,89.0,82.1,0.031,10.4,16.8,-0.9612616959383188,0.2756373558169994,1.64,3.5,,,2.125
2025-07-23,0,2.0,False,Jul,204,-0.3594718130884232,-0.9331559438780432,2.0,87.4,79.2,0.437,7.1,14.8,0.766044443118978,0.6427876096865394,0.853,3.2,,,2.15
2025-07-24,0,2.0,False,Jul,205,-0.3754703786876202,-0.9268343944460494,2.0,84.5,78.4,0.717,13.4,23.0,0.7193398003386511,-0.6946583704589974,2.231,4.05,,,2.048
2025-07-25,0,2.0,False,Jul,206,-0.3913578365610259,-0.9202385798054075,2.0,83.2,79.5,0.394,11.7,21.0,0.3255681544571566,-0.9455185755993168,1.903,4.1,,,1.81
2025-07-26,0,2.0,False,Jul,207,-0.4071294853542516,-0.9133704517637858,2.0,87.3,79.7,0.012,7.3,13.2,0.0871557427476582,-0.9961946980917455,1.378,4.2,,,1.447
2025-07-27,0,2.0,False,Jul,208,-0.4227806579826773,-0.9062320427107697,2.0,90.5,81.2,0.008,9.7,15.7,-0.7880107536067218,0.6156614753256585,1.247,4.35,,,1.003
2025-07-28,0,2.0,False,Jul,209,-0.4383067230125192,-0.898825465016444,2.0,92.6,81.7,0.0,9.2,17.0,-0.7193398003386512,0.6946583704589973,1.312,3.45,,,0.551
2025-07-29,0,2.0,False,Jul,210,-0.45370308603134424,-0.8911529104063088,2.0,89.9,81.6,0.181,8.6,14.1,-0.9063077870366499,0.4226182617406996,0.853,3.05,,,0.2
2025-07-30,0,2.0,False,Jul,211,-0.46896519100763184,-0.8832166493127127,2.0,87.3,80.8,0.209,11.3,20.6,-0.6293203910498376,-0.7771459614569708,1.509,3.25,,,0.3519999999999998
2025-07-31,0,2.0,False,Jul,212,-0.48408852163897587,-0.8750190302029955,2.0,87.2,79.7,0.079,11.3,20.6,-0.8191520442889916,-0.5735764363510464,1.706,3.5,,,0.6940000000000001
2025-08-01,0,2.0,False,Aug,213,-0.4990686026885319,-0.8665624788845385,2.0,87.0,82.5,0.075,10.2,17.2,-0.8910065241883678,-0.4539904997395469,1.509,3.5,,,0.967
2025-08-02,0,2.0,False,Aug,214,-0.5139010013093103,-0.8578494977869301,2.0,86.8,81.6,0.114,10.8,19.0,-0.9396926207859084,-0.34202014332566855,1.706,3.65,,,1.17
2025-08-03,0,2.0,False,Aug,215,-0.5285813283559292,-0.8488826652214553,2.0,83.5,78.4,0.594,8.5,16.8,-0.39073112848927355,-0.9205048534524404,1.706,3.75,,,1.334
2025-08-04,0,2.0,False,Aug,216,-0.5431052396834317,-0.8396646346181327,2.0,81.6,77.5,0.984,9.9,21.3,0.06975647374412552,-0.9975640502598242,1.903,3.95,,,1.49
2025-08-05,0,2.0,False,Aug,217,-0.5574684374327892,-0.8301981337405212,2.0,84.2,78.5,0.398,8.6,19.5,-0.754709580222772,-0.6560590289905073,2.034,3.95,,,1.65
2025-08-06,0,2.0,False,Aug,218,-0.5716666713027052,-0.8204859638785327,2.0,84.5,79.4,0.327,6.9,15.2,-0.874619707139396,-0.48480962024633684,1.378,3.9,,,1.784
2025-08-07,0,2.0,False,Aug,219,-0.5856957398073508,-0.8105309990194823,2.0,87.9,77.5,0.091,8.3,15.0,0.6018150231520483,0.7986355100472928,0.919,3.55,,,1.845
2025-08-08,0,2.0,False,Aug,220,-0.5995514915196489,-0.8003361849976323,2.0,85.0,75.8,0.28,10.7,21.0,0.8571673007021123,0.5150380749100542,1.181,3.35,,,1.782
2025-08-09,0,2.0,False,Aug,221,-0.6132298262997502,-0.7899045386224707,2.0,86.5,76.7,0.024,11.7,23.5,0.838670567945424,0.5446390350150271,1.312,3.7,,,1.568
2025-08-10,0,2.0,False,Aug,222,-0.6267266965083301,-0.7792391467859886,2.0,85.5,77.5,0.067,10.8,21.5,0.898794046299167,0.43837114678907746,1.181,3.65,,,1.2029999999999998
2025-08-11,0,2.0,False,Aug,223,-0.6400381082043503,-0.7683431655492202,2.0,82.7,78.5,0.35,12.0,18.8,0.9396926207859084,-0.3420201433256687,2.297,4.4,,,0.732
2025-08-12,1,3.0,False,Aug,224,-0.65316012232693,-0.7572198192083127,2.0,84.3,78.9,0.598,13.7,25.7,0.258819045102521,-0.9659258262890682,3.281,4.7,,,0.252
2025-08-13,1,3.0,False,Aug,225,-0.666088855860977,-0.7458723993404063,3.0,84.1,80.1,0.346,12.9,25.5,-0.6018150231520484,-0.7986355100472928,2.428,4.2,,,0.355
2025-08-14,1,3.0,False,Aug,226,-0.6788204829862355,-0.734304263829602,3.0,87.0,78.9,0.413,11.3,17.7,-0.9271838545667873,-0.3746065934159123,2.231,4.1,,,0.793
2025-08-15,0,2.0,False,Aug,227,-0.6913512362094071,-0.722518835873311,3.0,86.9,80.6,0.055,7.0,13.2,-0.9848077530122081,0.17364817766692997,1.247,3.75,,,1.186
2025-08-16,0,2.0,False,Aug,228,-0.7036774074790128,-0.7105196029692745,2.0,89.2,78.2,0.0,5.9,11.4,-0.4848096202463369,0.8746197071393959,0.853,3.25,,,1.495
2025-08-17,0,2.0,False,Aug,229,-0.7157953492826642,-0.6983101158835584,2.0,89.7,80.1,0.0,7.0,12.3,0.6293203910498374,0.7771459614569709,0.722,3.0,,,1.715
2025-08-18,0,2.0,False,Aug,230,-0.7277014757264236,-0.6858939875998223,2.0,89.7,80.3,0.142,4.8,13.0,0.9396926207859083,0.3420201433256688,0.525,2.85,,,1.86
2025-08-19,0,2.0,False,Aug,231,-0.7393922635959241,-0.673274892250183,2.0,86.0,78.4,0.083,7.4,13.4,0.9563047559630354,0.29237170472273677,0.591,2.9,,,1.927
2025-08-20,0,2.0,False,Aug,232,-0.7508642533989489,-0.6604565640279754,2.0,87.0,79.5,0.154,8.1,13.6,-0.37460659341591235,0.9271838545667873,0.591,2.95,,,1.887
2025-08-22,0,2.0,False,Aug,234,-0.7731383255706026,-0.6342374393978054,,83.6,77.3,0.362,7.9,17.9,-0.5735764363510462,-0.8191520442889918,1.05,3.65,,,1.424
2025-08-23,1,3.0,False,Aug,235,-0.7839338166829201,-0.620844401650647,2.0,85.2,76.8,0.563,8.0,13.6,-0.8571673007021123,0.5150380749100542,1.312,4.05,,,1.032
2025-08-24,0,2.0,False,Aug,236,-0.7944973291665992,-0.6072676460566135,3.0,85.6,77.6,0.055,8.4,15.4,-0.9335804264972016,-0.3583679495453007,1.247,3.85,,,0.597
2025-08-26,0,2.0,False,Aug,238,-0.8149159841660791,-0.5795791048257612,,86.8,74.4,0.0,11.1,19.5,0.3090169943749474,0.9510565162951535,1.181,3.7,,,0.272
2025-08-27,0,2.0,False,Aug,239,-0.8247650844733614,-0.5654755126737576,2.0,85.0,74.3,0.0,10.1,17.7,0.3255681544571567,0.9455185755993168,0.919,3.05,,,0.584
2025-08-28,0,2.0,False,Aug,240,-0.8343701235229537,-0.5512045872199277,2.0,86.3,72.5,0.0,7.3,13.2,0.0697564737441253,0.9975640502598242,0.656,2.35,,,0.829
2025-08-29,0,2.0,False,Aug,241,-0.8437282590292712,-0.5367705514607103,2.0,79.6,75.1,0.189,10.1,17.0,0.5299192642332049,0.848048096156426,0.722,2.45,,,1.004
2025-08-30,0,2.0,False,Aug,242,-0.8528367217694595,-0.522177676659508,2.0,81.1,76.0,0.476,10.1,17.0,0.8386705679454239,-0.5446390350150271,1.05,3.25,,,1.137
2025-08-31,0,2.0,False,Aug,243,-0.8616928164028521,-0.5074302810827518,2.0,85.5,72.8,0.004,12.2,23.0,0.7313537016191705,0.6819983600624985,1.312,3.4,,,1.258
2025-09-01,0,2.0,False,Sep,244,-0.8702939222685674,-0.49253272872205434,2.0,85.9,74.2,0.0,12.1,21.0,0.8191520442889918,0.5735764363510462,1.444,3.45,,,1.387
2025-09-02,0,2.0,False,Sep,245,-0.8786374941610001,-0.4774894280028391,2.0,84.8,70.6,0.0,10.7,17.9,0.7071067811865475,0.7071067811865476,1.115,3.5,,,1.522
2025-09-03,0,2.0,False,Sep,246,-0.886721063082993,-0.46230483047981086,2.0,84.2,73.0,0.004,8.7,14.3,0.9781476007338057,-0.20791169081775934,0.787,3.55,,,1.619
2025-09-04,0,2.0,False,Sep,247,-0.8945422369764496,-0.4469834295196741,2.0,86.1,74.3,0.0,7.3,11.0,0.17364817766693028,-0.984807753012208,0.787,3.5,,,1.618
2025-09-05,0,2.0,False,Sep,248,-0.9020987014301837,-0.43152975897147144,2.0,86.4,75.3,0.0,6.3,10.5,0.9975640502598242,0.06975647374412523,0.787,4.0,,,1.473
2025-09-06,0,2.0,False,Sep,249,-0.9093882203647925,-0.4159483918249421,2.0,86.5,76.6,0.0,7.3,14.8,-0.13917310096006588,0.9902680687415703,0.984,4.05,,,1.173
2025-09-07,0,2.0,False,Sep,250,-0.9164086366943458,-0.4002439388573056,2.0,87.8,77.1,0.0,11.6,17.0,0.17364817766693033,0.984807753012208,1.115,3.25,,,0.7489999999999999
2025-09-08,0,2.0,False,Sep,251,-0.9231578729647039,-0.38442104726885545,2.0,86.1,73.3,0.224,13.2,21.7,0.7071067811865475,0.7071067811865476,1.509,3.2,,,0.276
2025-09-09,0,2.0,False,Sep,252,-0.9296339319682695,-0.3684843993077793,2.0,86.2,73.4,0.004,13.9,25.5,0.848048096156426,0.5299192642332049,1.903,3.85,,,0.5989999999999999
2025-09-10,0,2.0,False,Sep,253,-0.9358348973349941,-0.35243871088460327,2.0,85.8,73.2,0.0,10.8,18.8,0.7193398003386511,0.6946583704589973,1.378,3.95,,,0.0
2025-09-11,0,2.0,False,Sep,254,-0.9417589340994617,-0.33628873017668287,2.0,86.0,70.9,0.0,9.0,14.3,0.6427876096865393,0.766044443118978,0.722,2.95,,,1.177
2025-09-12,0,2.0,False,Sep,255,-0.9474042892438845,-0.32003923622313857,2.0,87.0,71.7,0.0,7.7,14.8,0.5150380749100542,0.8571673007021123,0.656,2.7,,,1.455
2025-09-13,0,2.0,False,Sep,256,-0.9527692922168511,-0.30369503751065885,2.0,85.5,72.0,0.0,9.8,16.8,0.7071067811865475,0.7071067811865476,0.853,3.05,,,1.6389999999999998
2025-09-14,0,2.0,False,Sep,257,-0.9578523554276669,-0.28726097055059635,2.0,85.8,70.0,0.0,8.0,14.1,0.6691306063588582,0.7431448254773942,0.722,2.6,,,1.748
2025-09-15,0,2.0,False,Sep,258,-0.9626519747161487,-0.2707418984477642,2.0,84.3,71.0,0.0,7.6,13.6,0.9902680687415704,-0.13917310096006535,0.722,3.1,,,1.786
2025-09-16,0,2.0,False,Sep,259,-0.9671667297977312,-0.2541427094613622,2.0,83.7,69.5,0.0,8.3,15.7,0.9961946980917455,0.08715574274765814,0.722,2.95,,,1.747
2025-09-17,0,2.0,False,Sep,260,-0.97139528468375,-0.23746831555846842,2.0,83.6,70.1,0.0,10.0,16.3,-0.8660254037844384,-0.5000000000000004,0.722,3.2,,,1.602
2025-09-18,0,2.0,False,Sep,261,-0.9753363880767837,-0.2207236509605022,2.0,87.9,72.6,0.0,9.5,13.9,-0.9902680687415703,-0.13917310096006583,0.722,3.5,,,1.335
2025-09-19,0,2.0,False,Sep,262,-0.9789888737409319,-0.20391367068311472,2.0,86.6,74.6,0.0,10.2,15.7,-0.9961946980917455,0.08715574274765789,0.919,3.3,,,0.965
2025-09-20,0,2.0,False,Sep,263,-0.9823516608469237,-0.18704334906991657,2.0,84.5,74.7,0.0,9.3,14.8,-0.9975640502598242,-0.06975647374412558,0.919,2.95,,,0.5399999999999999
2025-09-21,0,2.0,False,Sep,264,-0.9854237542919524,-0.17011767832049052,2.0,84.9,77.5,0.008,8.4,13.4,-0.017452406437283637,-0.9998476951563913,0.787,2.95,,,0.2320000000000001
2025-09-22,0,2.0,False,Sep,265,-0.9882042449941422,-0.15314166701312007,2.0,85.1,75.5,0.0,8.3,15.7,0.5877852522924732,-0.8090169943749473,0.984,3.45,,,0.524
2025-09-23,0,2.0,False,Sep,266,-0.9906923101615609,-0.13612033862266704,2.0,85.0,75.7,0.0,9.1,15.7,-0.8987940462991668,-0.43837114678907774,0.722,3.35,,,0.8170000000000001
2025-09-24,0,2.0,False,Sep,267,-0.9928872135356962,-0.11905873003404988,2.0,84.4,76.6,0.0,10.2,18.1,-0.7431448254773944,-0.6691306063588581,0.853,2.95,,,1.0379999999999998
2025-09-25,0,2.0,False,Sep,268,-0.994788305609327,-0.10196189005174576,2.0,83.0,76.9,0.327,12.3,21.3,-0.8571673007021121,-0.5150380749100545,1.772,3.6,,,1.175
2025-09-26,0,2.0,False,Sep,269,-0.9963950238187231,-0.08483487790576538,2.0,79.0,74.6,0.913,9.2,17.2,-0.6427876096865393,-0.766044443118978,1.378,3.85,,,0.0
2025-09-28,0,2.0,False,Sep,271,-0.9987235240803972,-0.050510617185222886,,87.9,75.1,0.0,10.5,17.4,0.4383711467890774,0.898794046299167,0.853,3.6,,,1.341
2025-09-29,0,2.0,False,Sep,272,-0.9994446170919858,-0.033323525711631344,2.0,84.4,73.9,0.0,11.2,21.5,0.6156614753256583,0.7880107536067219,1.05,3.0,,,1.4260000000000002
2025-09-30,0,2.0,False,Sep,273,-0.9998699583618592,-0.016126573270657762,2.0,80.7,72.6,0.012,10.6,17.7,0.42261826174069944,0.9063077870366499,0.853,2.6,,,1.495
2025-10-01,0,2.0,False,Oct,274,-0.9999994220246925,0.001075151282798226,2.0,84.7,72.0,0.0,11.3,17.7,0.6018150231520483,0.7986355100472928,0.853,2.65,,,1.505
2025-10-02,0,2.0,False,Oct,275,-0.999832969770105,0.018276557681691223,2.0,84.3,72.1,0.0,15.3,25.3,0.8746197071393957,0.4848096202463371,2.1,4.1,,,1.403
2025-10-03,0,2.0,False,Oct,276,-0.9993706508539969,0.03547255575312556,2.0,82.5,70.5,0.0,15.1,26.6,0.898794046299167,0.43837114678907746,2.297,4.1,,,1.156
2025-10-05,0,2.0,False,Oct,278,-0.9975590477788613,0.06982797572987089,,79.2,73.9,0.272,15.3,24.6,0.9986295347545738,-0.05233595624294384,2.953,4.7,,,0.3089999999999999
2025-10-06,0,2.0,False,Oct,279,-0.9962102997023297,0.0869772313136861,2.0,83.7,75.1,0.051,13.4,22.4,0.9902680687415704,-0.13917310096006535,2.165,4.2,,,0.5700000000000001
2025-10-07,0,2.0,False,Oct,280,-0.9945667569706337,0.1041007489354256,2.0,85.4,74.6,0.016,11.1,19.7,0.9781476007338056,0.20791169081775945,1.837,4.3,,,1.048
2025-10-08,0,2.0,False,Oct,281,-0.9926289059345095,0.121193461470736,2.0,86.4,74.8,0.031,6.4,12.8,0.7986355100472928,0.6018150231520484,0.919,4.45,,,1.451
2025-10-10,0,2.0,False,Oct,283,-0.9878726596350429,0.15526624985999563,,76.4,68.4,0.004,18.8,33.1,0.6819983600624985,0.7313537016191705,2.428,3.45,,,0.0
2025-10-11,0,2.0,False,Oct,284,-0.9850556718215013,0.172236243027682,2.0,79.7,66.1,0.0,15.3,25.9,0.4694715627858908,0.882947592858927,2.034,3.35,,,1.902
2025-10-12,0,2.0,False,Oct,285,-0.981947190186646,0.18915526872004093,2.0,78.0,63.0,0.0,8.5,14.8,-0.40673664307580015,0.913545457642601,0.787,2.7,,,1.917
2025-10-13,0,2.0,False,Oct,286,-0.9785481345802031,0.20601832032517084,2.0,81.0,64.5,0.0,8.5,13.6,-0.8480480961564262,0.5299192642332047,0.853,2.75,,,1.849
2025-10-14,0,2.0,False,Oct,287,-0.9748595108374125,0.22282040779479959,2.0,81.4,64.3,0.0,7.5,12.8,-0.24192189559966787,0.9702957262759965,0.787,2.85,,,1.6809999999999998
2025-10-15,0,2.0,False,Oct,288,-0.9708824104813836,0.23955655912092708,2.0,83.4,67.8,0.0,8.1,14.8,0.788010753606722,0.6156614753256583,0.656,2.65,,,1.4009999999999998
2025-10-16,0,2.0,False,Oct,289,-0.9666180104000972,0.2562218218071163,2.0,80.3,66.6,0.0,9.3,15.4,-0.7431448254773944,-0.6691306063588581,0.591,3.05,,,1.023
2025-10-17,0,2.0,False,Oct,290,-0.9620675724981452,0.27281126433401914,2.0,79.1,69.1,0.0,8.4,15.7,0.48480962024633717,-0.8746197071393957,1.312,3.9,,,0.5830000000000001
2025-10-18,1,3.0,False,Oct,291,-0.957232443323312,0.28931997761869527,2.0,79.5,69.6,0.0,13.4,21.9,0.6819983600624986,-0.7313537016191705,2.165,4.1,,,0.26
2025-10-19,1,3.0,False,Oct,292,-0.9521140536681102,0.3057430764672831,3.0,79.1,72.4,0.421,12.6,27.5,0.24192189559966773,-0.9702957262759965,2.297,4.65,,,0.5899999999999999
2025-10-20,0,2.0,False,Oct,293,-0.9467139181463862,0.3220757010206104,3.0,76.2,62.0,0.0,13.1,22.8,0.48480962024633706,0.8746197071393957,2.034,4.35,,,0.926
2025-10-22,0,2.0,False,Oct,295,-0.9350748843515574,0.3544502230989869,,78.2,64.8,0.0,11.4,19.0,-0.08715574274765832,0.9961946980917455,1.181,2.95,,,1.336
2025-10-23,0,2.0,False,Oct,296,-0.9288394302558068,0.3704825404820963,2.0,78.5,57.6,0.0,10.7,18.6,0.573576436351046,0.8191520442889918,1.115,2.95,,,1.4240000000000002
2025-10-24,0,2.0,False,Oct,297,-0.9223291176290545,0.3864052261209853,2.0,80.2,59.7,0.0,9.1,15.9,0.9702957262759965,0.24192189559966767,1.181,3.9,,,1.472
2025-10-25,0,2.0,False,Oct,298,-0.9155458729775467,0.40221356823680365,2.0,78.5,63.5,0.0,14.0,21.9,0.9961946980917455,-0.08715574274765824,2.625,4.7,,,1.51
2025-10-26,1,3.0,False,Oct,299,-0.9084917035725082,0.41790288888678667,2.0,75.2,66.6,0.185,15.1,24.6,0.9876883405951378,-0.1564344650402308,2.953,4.8,,,0.0
2025-10-27,1,3.0,False,Oct,300,-0.9011686968561569,0.4334685453485363,3.0,76.1,64.9,0.315,13.1,20.8,0.5591929034707469,0.8290375725550416,2.297,4.4,,,1.597
2025-10-28,0,2.0,False,Oct,301,-0.8935790198239952,0.4489059314938798,3.0,64.4,61.6,0.0,10.3,17.9,0.29237170472273677,0.9563047559630354,1.378,3.4,,,1.609
2025-10-29,1,3.0,False,Oct,302,-0.8857249183835637,0.4642104791518923,2.0,69.9,60.0,0.165,20.7,33.1,-0.9925461516413221,-0.12186934340514717,5.118,5.55,,,1.526
2025-10-30,1,3.0,False,Oct,303,-0.8776087166898392,0.4793776594606945,3.0,60.3,56.4,0.0,14.4,25.5,-0.7547095802227722,0.656059028990507,4.134,5.6,,,1.306
2025-10-31,1,3.0,False,Oct,304,-0.8692328164574792,0.49440298420761813,3.0,64.4,51.2,0.0,9.5,17.4,-0.6156614753256582,0.788010753606722,2.034,4.5,,,0.94
2025-11-01,0,2.0,True,Nov,305,-0.8605996962501181,0.5092820071573356,3.0,67.7,51.8,0.0,8.1,14.3,0.224951054343865,0.9743700647852352,0.722,3.7,,,0.48
2025-11-02,0,2.0,False,Nov,306,-0.8517119107469189,0.5240103253675756,2.0,67.8,54.6,0.0,13.1,22.1,-0.15643446504023112,0.9876883405951377,0.853,3.35,,,0.3809999999999999
2025-11-03,0,2.0,False,Nov,307,-0.8425720899866032,0.5385835804920232,2.0,67.0,50.5,0.0,14.3,23.3,0.13917310096006544,0.9902680687415704,1.837,3.5,,,0.919
2025-11-04,0,2.0,False,Nov,308,-0.8331829385891785,0.5529974600700271,2.0,73.0,51.1,0.0,9.9,18.3,0.48480962024633706,0.8746197071393957,0.984,3.35,,,1.4089999999999998
2025-11-05,0,2.0,False,Nov,309,-0.8235472349556007,0.5672476988027229,2.0,72.6,56.0,0.0,7.5,13.9,0.7071067811865476,-0.7071067811865475,0.919,3.65,,,1.784
2025-11-06,0,2.0,False,Nov,310,-0.8136678304455991,0.5813300798152042,2.0,73.1,60.5,0.004,7.0,11.9,0.8829475928589269,-0.4694715627858909,0.853,3.9,,,2.027
2025-11-07,0,2.0,False,Nov,311,-0.8035476485339116,0.5952404359043674,2.0,75.1,63.2,0.055,11.9,19.9,0.2923717047227366,-0.9563047559630355,1.181,3.2,,,2.148
2025-11-08,0,2.0,False,Nov,312,-0.7931896839451843,0.6089746507720486,2.0,76.8,69.4,0.146,10.5,17.4,-0.8571673007021121,-0.5150380749100545,1.64,3.75,,,2.161
2025-11-09,0,2.0,False,Nov,313,-0.7825970017677834,0.6225286602431057,2.0,74.4,60.2,0.106,20.4,31.3,-0.945518575599317,0.3255681544571563,3.346,4.05,,,0.0
2025-11-10,0,2.0,False,Nov,314,-0.7717727365467837,0.6358984534680745,2.0,57.7,42.9,0.0,20.5,34.4,-0.4848096202463369,0.8746197071393959,4.265,4.7,,,2.004
2025-11-11,0,2.0,False,Nov,315,-0.7607200913564104,0.6490800741100398,2.0,55.8,37.4,0.0,16.3,27.7,0.01745240643728351,0.9998476951563913,3.478,4.6,,,1.732
2025-11-12,0,2.0,False,Nov,316,-0.7494423368521953,0.6620696215153815,2.0,65.0,48.9,0.0,8.1,14.1,-0.9781476007338056,-0.2079116908177598,0.919,2.9,,,1.3350000000000002
2025-11-13,0,2.0,False,Nov,317,-0.7379428103031386,0.6748632518680403,2.0,70.9,56.0,0.0,7.8,11.6,-0.8571673007021123,0.5150380749100542,1.115,3.3,,,0.85
2025-11-14,0,2.0,False,Nov,318,-0.7262249146041543,0.6874571793269664,2.0,71.7,56.4,0.0,7.4,10.5,-0.13917310096006588,0.9902680687415703,0.984,3.3,,,0.3600000000000001
2025-11-15,0,2.0,False,Nov,319,-0.7142921172691032,0.699847677146407,2.0,69.2,54.5,0.0,8.9,13.0,-0.874619707139396,-0.48480962024633684,0.722,3.85,,,0.4770000000000001
2025-11-16,1,3.0,False,Nov,320,-0.7021479494046978,0.7120310787787131,2.0,72.2,63.4,0.0,13.0,21.5,-0.9975640502598242,-0.06975647374412558,2.428,4.1,,,0.889
2025-11-17,0,2.0,False,Nov,321,-0.6897960046655887,0.7240037789593305,3.0,72.8,60.1,0.0,8.6,15.0,0.0697564737441253,0.9975640502598242,1.772,4.0,,,1.209
2025-11-18,0,2.0,False,Nov,322,-0.6772399381909491,0.7357622347736527,2.0,71.8,57.0,0.0,7.4,13.0,0.777145961456971,-0.6293203910498373,0.722,3.6,,,1.421
2025-11-19,0,2.0,False,Nov,323,-0.6644834655228552,0.7473029667054297,2.0,71.7,59.1,0.0,6.7,11.4,-0.8290375725550418,-0.5591929034707466,0.591,3.15,,,1.542
2025-11-20,0,2.0,False,Nov,324,-0.6515303615068021,0.75862255966641,2.0,72.8,61.2,0.0,6.7,11.4,-0.7071067811865475,-0.7071067811865477,0.591,3.95,,,1.61
2025-11-21,0,2.0,False,Nov,325,-0.6383844591746642,0.769717664006921,2.0,72.8,63.2,0.004,9.4,15.0,0.01745240643728344,-0.9998476951563913,1.05,3.5,,,1.661
2025-11-23,0,2.0,False,Nov,327,-0.6115298757991053,0.7912213413483807,,76.1,66.3,0.008,7.7,11.4,-0.9702957262759966,0.24192189559966745,1.378,3.6,,,1.764
2025-11-24,0,2.0,False,Nov,328,-0.5978291414589552,0.801623551065242,2.0,73.5,60.3,0.004,10.0,15.2,0.6819983600624986,-0.7313537016191705,0.984,3.55,,,1.764
2025-11-25,0,2.0,False,Nov,329,-0.5839514998576998,0.8117885474764613,2.0,76.7,69.0,0.047,13.2,23.3,0.13917310096006533,-0.9902680687415704,2.034,4.1,,,0.0
2025-11-26,0,2.0,False,Nov,330,-0.5699010576127624,0.821713322596059,2.0,73.1,62.9,0.043,15.0,24.6,-0.6018150231520483,0.7986355100472928,2.1,4.4,,,1.6
2025-11-27,0,2.0,False,Nov,331,-0.5556819724760489,0.8313949395234058,2.0,61.3,49.8,0.0,16.8,28.0,-0.1736481776669304,0.984807753012208,2.756,4.1,,,1.299
2025-11-28,0,2.0,False,Nov,332,-0.5412984521036173,0.8408305333122887,2.0,56.4,43.9,0.0,14.6,25.1,0.25881904510252074,0.9659258262890683,2.69,4.1,,,0.863
2025-11-29,0,2.0,False,Nov,333,-0.5267547528105542,0.8500173118187018,2.0,62.2,45.5,0.0,13.7,23.7,0.9510565162951535,0.30901699437494745,1.903,4.0,,,0.393
2025-11-30,0,2.0,False,Nov,334,-0.5120551783114646,0.8589525565270845,2.0,68.8,57.8,0.047,11.3,17.2,0.9975640502598242,-0.06975647374412533,1.969,4.6,,,0.583
2025-12-01,0,2.0,False,Dec,335,-0.4972040784469378,0.8676336233547726,2.0,64.7,58.3,0.236,13.5,22.4,0.8660254037844386,0.5000000000000001,1.772,4.65,,,1.132
2025-12-02,0,2.0,False,Dec,336,-0.4822058478963526,0.8760579434344281,2.0,69.1,49.7,0.311,13.3,31.1,-0.6018150231520483,0.7986355100472928,2.887,4.55,,,1.605
2025-12-03,0,2.0,False,Dec,337,-0.46706492487743034,0.8842230238742036,2.0,54.8,44.7,0.0,10.7,19.0,0.25881904510252074,0.9659258262890683,2.1,4.1,,,1.959
2025-12-04,0,2.0,False,Dec,338,-0.451785789832884,0.8921264484954345,2.0,56.4,49.7,0.445,15.5,31.5,0.984807753012208,0.17364817766693041,1.837,3.3,,,2.191
2025-12-05,1,3.0,False,Dec,339,-0.4363729641045924,0.8997658785476209,2.0,68.5,56.1,0.819,14.2,25.3,-0.913545457642601,-0.4067366430758001,2.362,4.2,,,2.317
2025-12-06,0,2.0,False,Dec,340,-0.42083100859565564,0.9071390534005044,3.0,55.7,53.7,0.461,9.9,16.8,0.6018150231520483,0.7986355100472928,1.444,4.25,,,2.333
2025-12-07,0,2.0,False,Dec,341,-0.4051645224207563,0.9142437912130223,2.0,61.1,53.8,1.315,10.1,19.5,0.9945218953682733,0.10452846326765346,1.575,4.05,,,2.217
2025-12-08,0,2.0,False,Dec,342,-0.3893781415452015,0.9210779895789526,2.0,57.7,51.3,0.043,15.3,26.2,0.224951054343865,0.9743700647852352,2.1,4.0,,,1.949
2025-12-09,0,2.0,False,Dec,343,-0.37347653741307074,0.9276396261490467,2.0,54.9,42.5,0.0,11.6,21.3,0.5591929034707469,0.8290375725550416,1.575,3.25,,,0.0
2025-12-10,0,2.0,False,Dec,344,-0.3574644155648614,0.9339267592294762,2.0,64.5,44.5,0.0,14.3,23.9,-0.9205048534524403,-0.3907311284892738,2.953,4.3,,,1.319
2025-12-11,0,2.0,False,Dec,345,-0.34134651424503615,0.9399375283564133,2.0,59.1,47.6,0.0,13.8,21.9,-0.45399049973954697,0.8910065241883678,3.018,4.45,,,0.788
2025-12-13,0,2.0,False,Dec,347,-0.30881248126625377,0.9511229423235357,,68.7,56.5,0.0,7.7,12.1,0.4694715627858907,-0.882947592858927,0.919,3.55,,,0.608
2025-12-14,0,2.0,False,Dec,348,-0.29240597695107734,0.9562942772197719,2.0,63.7,44.2,0.008,18.3,32.0,-0.06975647374412564,0.9975640502598242,3.018,3.9,,,1.0
2025-12-15,0,2.0,False,Dec,349,-0.27591294500296043,0.9611826292540837,2.0,50.8,35.8,0.0,17.6,30.0,0.6946583704589973,0.7193398003386512,2.756,3.8,,,1.299
2025-12-16,0,2.0,False,Dec,350,-0.2593382659754056,0.9657865518844574,2.0,58.3,38.9,0.0,8.8,15.2,0.9135454576426009,0.4067366430758002,1.05,3.25,,,1.491
2025-12-17,0,2.0,False,Dec,351,-0.2426868445825954,0.9701046827361175,2.0,64.1,49.1,0.0,8.7,13.0,1.0,6.123233995736766e-17,1.247,3.85,,,1.606
2025-12-18,1,3.0,False,Dec,352,-0.22596360824801906,0.974135744004672,2.0,67.8,57.3,0.602,18.1,38.5,0.6156614753256584,-0.7880107536067219,3.15,5.2,,,1.6860000000000002
2025-12-19,1,3.0,False,Dec,353,-0.20917350564635637,0.9778785428342386,3.0,67.7,50.7,0.016,17.3,27.7,-0.6156614753256582,0.788010753606722,3.215,4.9,,,1.762
2025-12-20,0,2.0,False,Dec,354,-0.19232150523909483,0.9813319716704275,3.0,63.2,45.4,0.0,8.1,14.8,0.9659258262890683,-0.25881904510252085,1.247,3.9,,,1.836
2025-12-21,0,2.0,False,Dec,355,-0.17541259380427843,0.9844950085880858,2.0,70.1,52.4,0.0,7.5,11.4,0.6293203910498374,-0.7771459614569709,0.722,3.1,,,1.878
2025-12-22,0,2.0,False,Dec,356,-0.15845177496083632,0.9873667175937016,2.0,68.5,58.6,0.0,11.7,18.8,0.9902680687415704,0.13917310096006547,1.509,4.1,,,1.843
2025-12-23,0,2.0,False,Dec,357,-0.14144406768794202,0.9899462489023779,2.0,67.5,56.9,0.0,9.7,14.8,0.9205048534524403,-0.39073112848927377,1.247,4.05,,,1.689
2025-12-24,0,2.0,False,Dec,358,-0.12439450483979998,0.9922328391893008,2.0,69.1,55.6,0.0,6.9,8.7,-0.9396926207859083,0.342020143325669,0.787,4.35,,,1.391
2025-12-25,0,2.0,False,Dec,359,-0.10730813165636247,0.9942258118156161,2.0,67.4,54.6,0.0,6.5,9.2,-0.9396926207859083,0.342020143325669,0.722,3.05,,,0.962
2025-12-26,0,2.0,False,Dec,360,-0.09019000427034513,0.9959245770286599,2.0,69.0,59.1,0.0,9.4,14.5,-0.9702957262759965,-0.24192189559966779,0.919,3.05,,,0.48
2025-12-27,0,2.0,False,Dec,361,-0.07304518821104743,0.9973286321364752,2.0,68.7,63.8,0.004,9.4,14.8,-0.9335804264972016,-0.3583679495453007,1.247,3.45,,,0.41
2025-12-28,0,2.0,False,Dec,362,-0.05587875690537313,0.9984375616565666,2.0,69.9,62.7,0.008,8.8,15.0,-0.1045284632676535,-0.9945218953682733,0.787,3.3,,,0.6859999999999999
2025-12-29,0,2.0,False,Dec,363,-0.03869579017652689,0.9992510374388481,2.0,68.2,47.8,0.055,18.8,30.0,-0.7071067811865477,0.7071067811865474,3.215,4.3,,,1.205
2025-12-30,0,2.0,False,Dec,364,-0.021501372740813793,0.999768818762748,2.0,49.6,37.7,0.0,17.7,30.9,-0.27563735581699894,0.9612616959383189,3.281,4.3,,,1.642
2026-01-01,0,2.0,False,Jan,1,0.017201575418260506,0.9998520419557735,,62.1,47.6,0.0,11.1,17.4,-0.9781476007338056,0.20791169081775943,2.231,4.3,,,2.209
2026-01-02,1,3.0,False,Jan,2,0.03439806061360801,0.9994082116062598,2.0,64.8,54.4,0.0,13.2,19.5,-0.8571673007021121,-0.5150380749100545,2.297,4.55,,,2.323
2026-01-03,1,3.0,False,Jan,3,0.051584366869408364,0.9986686402879997,3.0,67.7,62.3,1.079,15.6,25.9,-0.8987940462991668,-0.43837114678907774,3.478,5.55,,,2.31
2026-01-04,1,3.0,False,Jan,4,0.06875540848113941,0.9976335468520451,3.0,62.9,55.0,0.0,10.9,18.8,0.7193398003386511,0.6946583704589973,2.625,5.55,,,2.141
2026-01-05,0,2.0,False,Jan,5,0.08590610426133272,0.9963032375991965,3.0,61.2,53.4,0.0,7.8,11.9,0.8290375725550417,-0.5591929034707467,1.115,5.3,,,1.81
2026-01-06,0,2.0,False,Jan,6,0.10303137904317879,0.9946781061893646,2.0,69.1,56.0,0.016,9.1,15.9,-0.06975647374412527,-0.9975640502598242,1.05,3.6,,,1.3450000000000002
2026-01-07,0,2.0,False,Jan,7,0.1201261651823505,0.9927586335250793,2.0,69.0,62.7,0.02,10.2,14.5,-0.874619707139396,-0.48480962024633684,1.444,4.2,,,0.0
2026-01-08,0,2.0,False,Jan,8,0.13718540405660057,0.9905453876091833,2.0,68.4,62.4,0.0,10.8,17.7,0.6293203910498374,-0.7771459614569709,1.444,4.35,,,0.588
2026-01-09,1,3.0,False,Jan,9,0.1542040475626894,0.988039023376751,2.0,71.1,60.7,0.0,13.1,19.5,0.6427876096865395,-0.7660444431189779,1.969,4.6,,,0.4039999999999999
2026-01-10,1,3.0,False,Jan,10,0.17117705961019986,0.985240282501282,3.0,73.0,67.2,0.012,11.9,21.7,1.2246467991473532e-16,-1.0,2.034,4.7,,,0.6679999999999999
2026-01-12,0,2.0,False,Jan,12,0.20496611396949532,0.9787690698649216,,52.7,40.8,0.0,15.0,25.7,0.4694715627858908,0.882947592858927,2.231,3.65,,,1.251
2026-01-13,0,2.0,False,Jan,13,0.22177215755648186,0.975098513039961,2.0,56.4,42.4,0.0,8.2,15.9,0.03489949670250097,0.9993908270190958,0.984,2.7,,,1.42
2026-01-14,0,2.0,False,Jan,14,0.23851257519407648,0.9711394088771653,2.0,59.2,50.7,0.035,15.3,26.8,-0.9563047559630354,0.2923717047227367,3.084,4.75,,,1.545
2026-01-15,0,2.0,False,Jan,15,0.2551824131233728,0.9668929289391521,2.0,54.9,41.2,0.028,17.4,30.2,-0.544639035015027,0.838670567945424,3.675,4.55,,,1.654
2026-01-16,0,2.0,False,Jan,16,0.2717767384711357,0.9623603298276545,2.0,59.3,38.2,0.0,13.1,22.6,0.5735764363510459,-0.8191520442889919,2.034,4.15,,,1.751
2026-01-17,0,2.0,False,Jan,17,0.2882906407095177,0.9575429528116719,2.0,65.3,49.4,0.181,15.9,30.0,0.40673664307580043,-0.9135454576426008,2.428,4.55,,,1.815
2026-01-18,0,2.0,False,Jan,18,0.3047192331091634,0.9524422234305676,2.0,48.4,36.7,0.559,20.0,33.3,-0.27563735581699894,0.9612616959383189,3.74,4.5,,,1.805
2026-01-19,0,2.0,False,Jan,19,0.321057654185271,0.9470596510722283,2.0,52.6,36.8,0.0,13.1,21.0,-0.27563735581699894,0.9612616959383189,2.1,3.9,,,1.6869999999999998
2026-01-20,0,2.0,False,Jan,20,0.3373010691361842,0.9413968285264122,2.0,58.0,40.2,0.0,8.8,17.4,0.49999999999999994,0.8660254037844387,0.919,3.25,,,1.439
2026-01-21,0,2.0,False,Jan,21,0.3534446712740877,0.9354554315134164,2.0,58.6,45.6,0.0,11.3,18.3,0.9781476007338057,-0.20791169081775934,1.772,4.15,,,1.068
2026-01-22,0,2.0,False,Jan,22,0.3694836834473831,0.9292372181882051,2.0,64.3,53.6,0.0,9.3,12.8,0.6691306063588583,-0.743144825477394,1.247,4.0,,,0.0
2026-01-23,0,2.0,False,Jan,23,0.38541335945432564,0.9227440286201427,2.0,63.0,56.5,0.114,9.3,14.5,0.984807753012208,-0.1736481776669303,0.853,3.7,,,0.41
2026-01-24,0,2.0,False,Jan,24,0.4012289854475009,0.9159777842484877,2.0,64.3,54.7,0.252,13.3,20.8,0.9961946980917455,0.08715574274765814,1.312,3.3,,,0.396
2026-01-25,1,4.0,False,Jan,25,0.4169258813287287,0.908940487313808,2.0,69.0,58.2,0.37,19.5,38.5,0.15643446504023098,-0.9876883405951377,3.806,5.55,,,0.839
2026-01-26,1,4.0,False,Jan,26,0.4324994021339788,0.901634220265486,4.0,54.8,36.4,0.13,19.7,34.7,-0.24192189559966787,0.9702957262759965,3.871,5.4,,,1.266
2026-01-28,0,2.0,False,Jan,28,0.4632579225674917,0.88622350294858,,51.4,36.1,0.0,10.9,18.3,-0.5877852522924734,0.8090169943749473,1.312,3.3,,,1.897
2026-01-30,0,2.0,False,Jan,30,0.49346814167723735,0.8697638720650646,,58.8,45.3,0.016,9.6,17.0,0.8090169943749475,0.5877852522924731,1.181,3.5,,,2.1710000000000003
2026-01-31,1,3.0,False,Jan,31,0.5083564379375122,0.8611467540480452,2.0,51.5,29.6,0.0,24.9,43.2,-0.5000000000000004,0.8660254037844384,6.168,5.65,,,2.112
2026-02-01,1,3.0,False,Feb,32,0.5230943033491326,0.8522748088519838,3.0,42.0,26.6,0.0,20.8,35.6,-0.4226182617406992,0.90630778703665,5.249,5.2,,,1.894
2026-02-02,0,2.0,False,Feb,33,0.5376773767406141,0.8431506618282,3.0,51.0,32.7,0.0,10.7,18.6,-0.8480480961564262,0.5299192642332047,1.969,3.75,,,1.525
2026-02-03,0,2.0,False,Feb,34,0.5521013427459208,0.8337770129585915,2.0,60.9,42.1,0.0,11.4,17.7,-0.4539904997395467,-0.8910065241883679,1.903,3.75,,,1.052
2026-02-04,1,3.0,False,Feb,35,0.5663619330814524,0.8241566360566663,2.0,62.2,47.0,0.287,15.4,25.9,-0.7880107536067221,-0.6156614753256581,2.887,4.85,,,0.5429999999999999
2026-02-06,1,3.0,False,Feb,37,0.5943761565849831,0.804187157621448,,60.5,40.7,0.0,18.1,30.2,-0.9993908270190958,0.03489949670250128,4.068,5.25,,,0.533
2026-02-07,1,3.0,False,Feb,38,0.6081214998935418,0.7938439653781019,3.0,60.6,47.8,0.0,14.9,21.7,-0.27563735581699894,0.9612616959383189,3.609,5.2,,,0.0
2026-02-08,0,2.0,False,Feb,39,0.6216868902665479,0.7832658619336791,3.0,57.3,41.5,0.0,9.3,14.5,0.9961946980917455,0.08715574274765814,1.247,4.2,,,0.956
2026-02-09,0,2.0,False,Feb,40,0.6350683134867438,0.7724559775191742,2.0,61.8,50.1,0.0,8.9,15.0,0.12186934340514755,-0.992546151641322,0.787,3.5,,,1.139
2026-02-10,0,2.0,False,Feb,41,0.6482618097757122,0.7614175109532997,2.0,65.0,54.5,0.0,9.7,15.9,-0.19080899537654472,-0.981627183447664,0.919,3.1,,,1.277
2026-02-11,0,2.0,False,Feb,42,0.6612634749656386,0.7501537286959042,2.0,66.9,59.8,0.0,10.7,16.6,-0.7986355100472928,-0.6018150231520483,1.115,3.65,,,1.404
2026-02-12,0,2.0,False,Feb,43,0.6740694616546161,0.7386679638813748,2.0,64.9,56.4,0.0,7.9,15.2,-0.3255681544571567,0.9455185755993168,1.115,4.05,,,1.529
2026-02-13,0,2.0,False,Feb,44,0.6866759803451553,0.726963615332308,2.0,67.0,50.3,0.0,7.3,12.1,0.10452846326765347,0.9945218953682733,0.853,3.9,,,1.629
2026-02-15,1,3.0,False,Feb,46,0.7112757519738152,0.7029130847082615,,67.6,59.0,0.709,20.1,39.6,-0.6018150231520484,-0.7986355100472928,4.593,5.7,,,1.6
2026-02-16,1,3.0,False,Feb,47,0.7232617254437388,0.6905740195722294,3.0,64.8,58.2,0.004,12.0,19.7,-0.19080899537654467,0.981627183447664,4.003,5.95,,,1.413
2026-02-17,0,2.0,False,Feb,48,0.7350336741329412,0.6780306024735382,3.0,65.0,52.0,0.0,7.9,15.0,0.7193398003386511,-0.6946583704589974,1.247,5.55,,,1.104
2026-02-18,0,2.0,False,Feb,49,0.746588114532413,0.6652865452111116,2.0,68.1,57.9,0.0,12.4,20.1,0.258819045102521,-0.9659258262890682,1.509,3.85,,,0.7010000000000001
2026-02-19,1,3.0,False,Feb,50,0.7579216274973472,0.6523456189565257,2.0,71.1,65.2,0.114,14.1,24.2,-0.2079116908177595,-0.9781476007338056,2.493,4.75,,,0.151
2026-02-20,1,3.0,False,Feb,51,0.7690308592589181,0.6392116531380588,3.0,73.1,68.7,0.24,13.4,21.0,-0.4539904997395467,-0.8910065241883679,2.625,5.2,,,0.506
2026-02-21,1,3.0,False,Feb,52,0.7799125224167177,0.6258885343075018,3.0,73.6,68.0,0.142,12.9,21.7,-0.656059028990507,-0.7547095802227721,2.428,5.15,,,0.893
2026-02-22,1,3.0,False,Feb,53,0.7905633969115482,0.612380204990065,3.0,67.8,49.2,0.012,20.3,35.6,-0.3907311284892739,0.9205048534524403,4.134,4.75,,,1.231
2026-02-23,1,3.0,False,Feb,54,0.8009803309782905,0.5986906625177214,3.0,51.4,40.5,0.0,19.3,33.6,-0.3907311284892739,0.9205048534524403,4.134,4.75,,,0.0
2026-02-24,1,3.0,False,Feb,55,0.8111602420785621,0.5848239578463322,3.0,51.5,35.0,0.0,13.0,22.8,-0.7771459614569708,0.6293203910498375,2.362,3.85,,,1.609
2026-02-25,1,3.0,False,Feb,56,0.8211001178128892,0.5707841943569036,3.0,66.5,51.4,0.004,14.4,23.5,-0.374606593415912,-0.9271838545667874,2.822,4.75,,,1.7999999999999998
2026-02-26,1,3.0,False,Feb,57,0.8307970168121247,0.5565755266413303,3.0,68.8,63.0,0.012,15.2,23.3,-0.15643446504023073,-0.9876883405951378,3.15,5.85,,,1.921
2026-02-27,1,4.0,False,Feb,58,0.8402480696078469,0.5422021592729844,3.0,66.2,59.7,0.217,11.5,20.6,-0.48480962024633695,-0.8746197071393959,2.625,6.2,,,1.927
2026-02-28,1,3.0,False,Feb,59,0.8494504794814806,0.527668345562516,4.0,66.4,55.4,0.0,8.5,14.5,0.7193398003386511,0.6946583704589973,1.837,5.7,,,1.783
2026-03-01,0,2.0,False,Mar,60,0.8584015232918917,0.512978386299228,3.0,69.3,52.9,0.0,7.2,12.5,0.9702957262759965,0.24192189559966767,0.984,4.75,,,1.487
2026-03-02,0,2.0,False,Mar,61,0.8670985522812081,0.4981366284784055,2.0,70.9,55.6,0.0,9.0,14.8,0.766044443118978,-0.6427876096865394,1.05,3.7,,,1.074
2026-03-03,0,2.0,False,Mar,62,0.8755389928586302,0.4831474640149687,2.0,70.7,60.7,0.0,11.9,18.6,0.8910065241883679,-0.4539904997395467,1.772,4.15,,,0.6050000000000001
2026-03-04,0,2.0,False,Mar,63,0.8837203473619977,0.4680153284438345,2.0,71.8,60.7,0.0,9.5,14.3,0.788010753606722,-0.6156614753256583,1.247,3.9,,,0.2009999999999999
2026-03-05,0,2.0,False,Mar,64,0.8916401947968874,0.45274469960737107,2.0,71.8,62.7,0.0,11.2,19.0,0.6560590289905073,-0.754709580222772,1.247,4.1,,,0.505
2026-03-06,0,2.0,False,Mar,65,0.8992961915530253,0.4373400963303323,2.0,73.7,63.9,0.043,10.9,17.4,0.6427876096865395,-0.7660444431189779,1.509,4.35,,,0.7999999999999999
2026-03-07,0,2.0,False,Mar,66,0.9066860720977985,0.4218060770826634,2.0,72.9,65.1,0.0,11.4,20.4,0.5299192642332049,-0.848048096156426,1.575,4.45,,,1.0
2026-03-08,0,2.0,False,Mar,67,0.9138076496466615,0.40614723863057883,2.0,71.6,64.9,0.004,9.9,16.1,-0.3090169943749473,-0.9510565162951536,1.247,4.5,,,0.0
2026-03-09,0,2.0,False,Mar,68,0.9206588168102428,0.3903682146763026,2.0,73.7,63.8,0.0,8.8,15.0,-0.4539904997395467,-0.8910065241883679,1.115,4.05,,,1.167
2026-03-10,0,2.0,False,Mar,69,0.9272375462179537,0.374473674486883,2.0,73.0,68.0,0.0,8.7,15.7,0.03489949670250114,-0.9993908270190958,0.984,3.65,,,1.236
2026-03-11,0,2.0,False,Mar,70,0.9335418911179212,0.35846832151248087,2.0,74.6,67.7,0.0,12.5,20.1,0.06975647374412552,-0.9975640502598242,1.575,3.95,,,1.317
2026-03-12,1,3.0,True,Mar,71,0.9395699859530622,0.342356891994542,2.0,72.4,58.1,0.205,21.9,35.3,-0.6018150231520483,0.7986355100472928,3.018,4.25,,,1.409
2026-03-14,0,2.0,True,Mar,73,0.9507903724625832,0.3098349038318025,,72.4,55.8,0.0,9.2,15.7,-0.22495105434386498,-0.9743700647852352,0.787,3.55,,,1.453
2026-03-15,0,2.0,True,Mar,74,0.9559793438440766,0.2934339689665273,2.0,73.4,64.4,0.016,15.8,27.7,0.40673664307580043,-0.9135454576426008,1.837,3.6,,,1.3159999999999998
2026-03-16,1,3.0,False,Mar,75,0.9608854255574977,0.27694620226893646,2.0,71.8,47.6,0.583,20.3,37.8,-0.8571673007021123,0.5150380749100542,3.937,4.85,,,1.052
2026-03-17,0,2.0,False,Mar,76,0.9655071658143364,0.2603764827344581,3.0,53.7,40.2,0.0,16.0,27.5,-0.20791169081775987,0.9781476007338056,3.084,4.25,,,0.688
2026-03-18,0,2.0,False,Mar,77,0.969843196967294,0.24372971360968387,2.0,59.9,42.8,0.0,10.5,20.1,0.5591929034707469,0.8290375725550416,1.247,3.1,,,0.156
2026-03-19,0,2.0,False,Mar,78,0.9738922359149924,0.22701082094141847,2.0,67.1,47.9,0.0,7.6,14.3,0.3090169943749474,0.9510565162951535,0.722,2.55,,,0.5419999999999999
2026-03-20,0,2.0,False,Mar,79,0.9776530844816641,0.2102247521189836,2.0,68.1,51.1,0.0,10.1,15.4,-0.9945218953682734,0.10452846326765299,0.853,2.75,,,0.949
2026-03-21,0,2.0,False,Mar,80,0.981124629771712,0.19337647441020586,2.0,69.0,58.5,0.0,10.9,17.9,-0.9702957262759965,-0.24192189559966779,1.181,3.25,,,1.288
2026-03-22,0,2.0,False,Mar,81,0.984305844499033,0.17647097349152166,2.0,70.4,63.7,0.0,11.5,19.0,-0.8910065241883678,-0.4539904997395469,1.575,3.8,,,1.531
2026-03-23,0,2.0,False,Mar,82,0.9871957872910085,0.15951325197263655,2.0,70.5,65.2,0.0,14.4,23.7,-0.9563047559630353,-0.2923717047227371,2.1,3.9,,,0.0
2026-03-24,0,2.0,False,Mar,83,0.9897936029670716,0.14250832791617088,2.0,72.0,62.3,0.0,9.7,16.1,0.7771459614569709,0.6293203910498375,2.1,4.05,,,1.747
2026-03-25,0,2.0,False,Mar,84,0.992098522791769,0.12546123335273648,2.0,70.8,60.9,0.0,12.5,19.9,0.90630778703665,-0.42261826174069933,1.772,3.85,,,1.813
2026-03-26,0,2.0,False,Mar,85,0.9941098647022418,0.10837701279187609,2.0,70.9,62.5,0.0,10.1,17.0,-0.22495105434386498,-0.9743700647852352,0.787,3.15,,,1.809
2026-03-27,0,2.0,False,Mar,86,0.9958270335100595,0.09126072172931188,2.0,71.1,64.1,0.0,9.9,15.2,-0.984807753012208,-0.17364817766693033,0.919,2.75,,,1.69
2026-03-28,0,2.0,False,Mar,87,0.9972495210773451,0.07411742515094437,2.0,75.4,63.8,0.0,16.7,29.1,0.45399049973954675,0.8910065241883679,2.165,3.55,,,1.4289999999999998
2026-03-29,0,2.0,False,Mar,88,0.998376906467142,0.056952196034039754,2.0,69.2,60.9,0.0,15.2,24.2,0.9396926207859083,0.3420201433256688,2.428,4.15,,,1.043
2026-03-30,0,2.0,False,Mar,89,0.9992088560679753,0.03977011384605572,2.0,73.6,61.4,0.0,10.6,17.2,0.7547095802227721,-0.6560590289905072,1.772,4.25,,,0.585
2026-03-31,0,2.0,False,Mar,90,0.9997451236925734,0.022576263041545485,2.0,74.8,65.7,0.012,11.6,20.1,0.5446390350150273,-0.8386705679454239,1.509,4.65,,,0.213
2026-04-01,0,2.0,False,Apr,91,0.9999855506507186,0.005375731557583884,2.0,75.5,66.9,0.012,10.1,17.0,0.48480962024633717,-0.8746197071393957,1.378,4.8,,,0.5840000000000001
2026-04-02,0,2.0,False,Apr,92,0.9999300657962057,-0.011826390691832589,2.0,75.4,66.4,0.0,11.8,19.9,0.6293203910498374,-0.7771459614569709,1.969,4.4,,,0.908
2026-04-03,1,3.0,False,Apr,93,0.9995786855478958,-0.029025013321975237,2.0,75.3,68.3,0.043,11.3,19.9,0.6946583704589971,-0.7193398003386512,1.706,4.7,,,1.134
2026-04-04,1,3.0,False,Apr,94,0.9989315138848577,-0.046215046983708354,3.0,76.2,68.7,0.13,10.4,18.3,0.5591929034707469,-0.8290375725550416,1.706,4.85,,,1.264
2026-04-05,1,3.0,False,Apr,95,0.9979887423155984,-0.06339140486951038,3.0,73.1,66.2,0.189,8.4,15.7,-0.7193398003386512,-0.6946583704589973,1.509,5.1,,,1.323
2026-04-06,0,2.0,False,Apr,96,0.9967506498213929,-0.08054900421874167,3.0,67.4,58.3,0.138,13.9,24.4,0.45399049973954675,0.8910065241883679,1.837,3.55,,,1.353
2026-04-07,0,2.0,False,Apr,97,0.9952176027737294,-0.09768276782171598,2.0,76.6,57.6,0.0,14.3,25.5,0.788010753606722,0.6156614753256583,1.837,3.9,,,0.0
2026-04-08,0,2.0,False,Apr,98,0.9933900548258936,-0.11478762552212701,2.0,74.5,60.0,0.051,14.8,30.6,0.9271838545667874,0.37460659341591196,2.428,3.9,,,1.397
2026-04-09,0,2.0,False,Apr,99,0.9912685467787256,-0.13185851571739118,2.0,74.9,60.1,0.016,16.0,26.8,0.9271838545667874,0.37460659341591196,2.69,4.2,,,1.421
2026-04-10,0,2.0,False,Apr,100,0.9888537064205885,-0.1488903868564548,2.0,76.2,60.4,0.0,11.3,19.5,0.9986295347545738,0.052335956242943966,1.64,4.05,,,1.398
2026-04-11,0,2.0,False,Apr,101,0.986146248341595,-0.16587819893463143,2.0,73.6,60.6,0.0,11.5,19.9,-0.6156614753256582,-0.788010753606722,0.919,3.35,,,1.285
2026-04-12,0,2.0,False,Apr,102,0.9831469737221499,-0.1828169249850199,2.0,74.0,61.5,0.0,11.6,19.9,0.4226182617406995,-0.9063077870366499,1.575,4.1,,,1.058
2026-04-13,0,2.0,False,Apr,103,0.9798567700958665,-0.1997015525660636,2.0,73.8,63.0,0.0,10.7,18.8,0.2923717047227366,-0.9563047559630355,1.575,4.35,,,0.72
2026-04-14,0,2.0,False,Apr,104,0.9762766110869321,-0.21652708524481437,2.0,74.5,60.8,0.0,10.0,17.2,-0.08715574274765794,-0.9961946980917455,1.247,4.6,,,0.3229999999999999
2026-04-15,0,2.0,False,Apr,105,0.9724075561219968,-0.23328854407545518,2.0,75.5,61.6,0.0,9.6,15.9,-0.2419218955996675,-0.9702957262759965,1.115,4.55,,,0.52
2026-04-16,0,2.0,False,Apr,106,0.9682507501166718,-0.2499809690726521,2.0,74.9,65.2,0.0,9.3,17.2,-0.3090169943749473,-0.9510565162951536,1.05,4.2,,,0.971
2026-04-17,0,2.0,False,Apr,107,0.9638074231367307,-0.26659942067929354,2.0,74.2,64.3,0.0,13.1,22.4,-0.5591929034707467,-0.8290375725550418,1.115,3.8,,,1.374
2026-04-18,0,2.0,False,Apr,108,0.9590788900341131,-0.28313898122818354,2.0,74.4,66.6,0.0,10.1,19.7,-0.6156614753256582,-0.788010753606722,0.919,3.25,,,1.683
2026-04-19,0,2.0,False,Apr,109,0.9540665500578387,-0.2995947563972602,2.0,70.6,61.1,0.02,17.8,29.3,-0.10452846326765342,0.9945218953682733,2.69,3.85,,,1.882
2026-04-20,0,2.0,False,Apr,110,0.9487718864399473,-0.31596187665790293,2.0,75.9,55.2,0.0,14.3,24.8,0.6018150231520483,0.7986355100472928,2.165,3.55,,,1.987
2026-04-21,0,2.0,False,Apr,111,0.9431964659565866,-0.33223549871590435,2.0,75.5,57.2,0.0,11.6,20.6,0.766044443118978,-0.6427876096865394,1.247,3.5,,,0.0
2026-04-22,0,2.0,False,Apr,112,0.9373419384643772,-0.3484108069446808,2.0,73.1,64.4,0.008,9.4,15.2,0.5299192642332049,-0.848048096156426,1.837,4.7,,,1.972
2026-04-23,1,3.0,True,Apr,113,0.9312100364121947,-0.3644830148102912,2.0,74.5,64.8,0.012,9.8,17.4,0.5877852522924732,-0.8090169943749473,1.706,4.7,,,1.828
2026-04-24,1,3.0,False,Apr,114,0.9248025743285089,-0.38044736628785164,3.0,76.2,63.2,0.0,10.0,18.1,0.2249510543438652,-0.9743700647852351,1.444,4.6,,,1.556
2026-04-26,0,2.0,False,Apr,116,0.9111686353326631,-0.41203363695942635,,76.6,69.1,0.0,8.5,17.9,-0.9986295347545738,0.052335956242943946,1.115,3.5,,,0.679
2026-04-27,0,2.0,False,Apr,117,0.9039461929224011,-0.42764620926777464,2.0,78.4,68.0,0.0,10.2,17.2,0.37460659341591224,-0.9271838545667873,1.247,3.2,,,0.287
2026-04-28,0,2.0,False,Apr,118,0.8964562582905575,-0.44313223418263453,2.0,75.4,68.7,0.0,12.3,19.7,0.2756373558169992,-0.9612616959383189,1.772,4.0,,,0.6040000000000001
2026-04-29,0,2.0,False,Apr,119,0.8887010478292915,-0.45848712914008766,2.0,76.8,70.9,0.004,14.0,24.8,-0.587785252292473,-0.8090169943749476,1.509,3.6,,,0.983
2026-04-30,0,2.0,False,Apr,120,0.8806828564301475,-0.47370635037968,2.0,77.3,71.9,0.079,11.5,19.2,-0.9902680687415704,0.13917310096006547,1.64,3.45,,,1.258
2026-05-01,0,2.0,False,May,121,0.8724040568049612,-0.48878539428899265,2.0,75.3,67.7,0.287,14.0,21.9,0.5446390350150271,0.838670567945424,1.181,3.45,,,1.4249999999999998
2026-05-02,0,2.0,False,May,122,0.8638670987837349,-0.503719798736334,2.0,72.1,59.2,0.858,18.5,30.4,0.24192189559966773,0.9702957262759965,2.165,4.05,,,1.507
2026-05-03,0,2.0,False,May,123,0.8550745085896932,-0.518505144391157,2.0,74.2,57.3,0.0,12.1,19.2,-0.01745240643728356,0.9998476951563913,1.837,4.25,,,1.542
2026-05-04,0,2.0,False,May,124,0.8460288880917339,-0.533137056031809,2.0,74.6,58.7,0.0,10.7,18.1,-0.374606593415912,-0.9271838545667874,0.919,3.45,,,1.5630000000000002
2026-05-05,0,2.0,False,May,125,0.8367329140344921,-0.5476112038402312,2.0,75.5,61.1,0.0,11.5,17.7,0.3090169943749475,-0.9510565162951535,1.247,3.5,,,1.586
2026-05-06,0,2.0,False,May,126,0.8271893372462497,-0.5619233046832195,2.0,77.1,71.1,0.0,13.0,17.7,-0.052335956242943564,-0.9986295347545738,1.509,3.8,,,0.0
2026-05-07,1,3.0,False,May,127,0.8174009818249189,-0.5760691233798758,2.0,77.5,73.5,0.181,15.9,29.1,-0.656059028990507,-0.7547095802227721,2.428,4.3,,,1.57
2026-05-08,1,3.0,False,May,128,0.8073707443023492,-0.5900444739548627,3.0,74.3,70.1,0.181,8.9,14.3,0.5591929034707469,0.8290375725550416,1.64,4.4,,,1.473
2026-05-09,1,3.0,False,May,129,0.7971015927871943,-0.6038452208771035,3.0,72.7,70.5,0.268,16.0,24.2,0.766044443118978,-0.6427876096865394,1.575,3.95,,,1.264
2026-05-10,0,2.0,False,May,130,0.7865965660866021,-0.6174672802835514,3.0,78.9,69.0,0.008,7.1,12.8,0.12186934340514755,-0.992546151641322,1.05,4.1,,,0.93
2026-05-11,0,2.0,False,May,131,0.7758587728069828,-0.6309066211876704,2.0,79.9,70.8,0.039,7.8,14.5,-0.9335804264972016,-0.3583679495453007,1.05,4.65,,,0.504
2026-05-12,0,2.0,False,May,132,0.7648913904341226,-0.6441592666722685,2.0,74.2,67.6,4.654,15.8,28.6,0.7986355100472928,0.6018150231520484,1.772,4.0,,,0.3279999999999999
2026-05-13,0,2.0,False,May,133,0.753697664392914,-0.6572212950663319,2.0,80.4,64.3,0.0,13.5,23.3,0.24192189559966773,0.9702957262759965,1.706,3.35,,,0.806
2026-05-14,0,2.0,False,May,134,0.742280907086982,-0.6700888411055113,2.0,81.5,68.1,0.0,8.9,15.9,-0.5591929034707466,0.8290375725550418,1.05,3.0,,,1.275
2026-05-15,0,2.0,False,May,135,0.7306444969184916,-0.6827580970759147,2.0,78.8,63.6,0.0,9.4,15.9,0.6427876096865393,0.766044443118978,0.984,2.85,,,1.673
2026-05-16,0,2.0,False,May,136,0.7187918772884232,-0.6952253139408722,2.0,79.2,67.7,0.055,7.4,13.9,0.15643446504023098,-0.9876883405951377,0.656,2.8,,,1.972
2026-05-17,0,2.0,False,May,137,0.7067265555776158,-0.7074868024503348,2.0,80.3,70.8,0.0,8.1,14.5,-0.08715574274765794,-0.9961946980917455,0.656,2.9,,,2.166
2026-05-18,1,3.0,False,May,138,0.6944521021088763,-0.719538934232584,2.0,81.6,73.6,0.047,10.8,19.2,0.6819983600624986,-0.7313537016191705,1.772,4.55,,,2.259
2026-05-19,1,3.0,False,May,139,0.6819721490904629,-0.7313781428679254,3.0,81.9,74.3,0.02,10.3,17.0,0.6819983600624986,-0.7313537016191705,1.378,4.65,,,2.239
2026-05-20,0,2.0,False,May,140,0.6692903895412567,-0.7430009249440493,3.0,80.6,73.7,0.039,9.0,17.7,0.3255681544571566,-0.9455185755993168,1.247,4.55,,,0.0
2026-05-21,0,2.0,False,May,141,0.6564105761979381,-0.7544038410927472,2.0,82.5,73.9,0.0,8.5,15.0,0.2923717047227366,-0.9563047559630355,0.984,4.05,,,1.935
2026-05-22,1,3.0,False,May,142,0.6433365204044917,-0.765583517007675,2.0,82.4,75.9,0.154,13.1,25.3,0.258819045102521,-0.9659258262890682,1.969,4.05,,,1.541
2026-05-23,1,3.0,False,May,143,0.6300720909843687,-0.7765366444428655,3.0,83.0,74.2,0.654,13.6,16.8,0.3090169943749475,-0.9510565162951535,1.772,4.1,,,1.028
2026-05-24,1,3.0,False,May,144,0.6166212130956382,-0.7872599821916922,3.0,84.2,76.2,0.701,10.9,21.9,0.258819045102521,-0.9659258262890682,1.64,3.9,,,0.4819999999999999
2026-05-25,1,3.0,False,May,145,0.6029878670694714,-0.7977503570459932,3.0,79.5,75.3,0.909,13.9,26.4,0.37460659341591224,-0.9271838545667873,2.559,4.6,,,0.41
2026-05-26,1,3.0,False,May,146,0.5891760872322963,-0.8080046647350754,3.0,82.3,76.7,0.61,14.0,23.9,0.3255681544571566,-0.9455185755993168,3.018,4.75,,,0.8649999999999999
2026-05-27,1,3.0,False,May,147,0.5751899607119775,-0.8180198708443175,3.0,82.9,76.5,0.547,14.1,20.8,0.5446390350150273,-0.8386705679454239,2.362,4.75,,,1.222
2026-05-28,1,3.0,False,May,148,0.5610336262283677,-0.8277930117131022,3.0,81.9,77.5,0.118,11.7,19.7,-0.6018150231520484,-0.7986355100472928,1.837,5.05,,,1.457
2026-05-29,1,3.0,False,May,149,0.5467112728685939,-0.8373211953118121,3.0,81.2,76.0,0.244,8.3,19.0,-0.34202014332566866,-0.9396926207859084,1.575,5.15,,,1.589
2026-05-30,1,4.0,False,May,150,0.5322271388474397,-0.8466016020976267,3.0,82.9,76.2,0.409,14.3,24.2,-0.7880107536067221,-0.6156614753256581,2.625,4.4,,,1.655
2026-05-31,1,3.0,False,May,151,0.5175855102531889,-0.8556314858488706,4.0,82.8,78.5,0.063,10.8,19.2,-0.9510565162951535,-0.30901699437494756,2.034,4.35,,,1.694
2026-06-01,1,3.0,False,Jun,152,0.5027907197793043,-0.8644081744776648,3.0,84.2,77.2,0.114,9.8,18.8,-0.9993908270190958,-0.03489949670250076,2.034,3.95,,,1.729
2026-06-02,1,3.0,False,Jun,153,0.4878471454423119,-0.8729290708206411,3.0,86.1,75.3,0.114,9.2,19.7,-0.4694715627858908,0.8829475928589269,1.444,3.95,,,1.756
2026-06-03,1,3.0,True,Jun,154,0.47275920928627757,-0.881191653407483,3.0,84.2,74.4,0.02,16.4,26.8,0.9455185755993167,0.32556815445715676,2.493,4.1,,,1.744
2026-06-04,1,3.0,True,Jun,155,0.4575313760742512,-0.8891934772070711,3.0,83.4,69.3,0.0,14.8,25.5,0.9945218953682733,-0.10452846326765355,2.69,4.45,,,1.656
2026-06-05,1,3.0,False,Jun,156,0.44216815196707204,-0.8969321743510065,3.0,82.8,73.1,0.0,12.4,19.5,0.8386705679454239,-0.5446390350150271,2.428,4.65,,,1.458
2026-06-06,1,3.0,True,Jun,157,0.42667408318992467,-0.9044054548343001,3.0,81.2,73.5,0.043,12.1,20.8,0.5150380749100544,-0.8571673007021122,2.1,4.65,,,1.142
2026-06-07,1,3.0,True,Jun,158,0.4110537546870351,-0.9116111071930239,3.0,83.2,76.6,0.0,8.5,15.0,0.06975647374412552,-0.9975640502598242,1.575,4.3,,,0.73
2026-06-08,0,2.0,True,Jun,159,0.3953117887649151,-0.9185469991587165,3.0,84.6,74.2,0.0,7.1,11.9,0.4383711467890773,-0.898794046299167,1.05,3.95,,,0.3179999999999999
2026-06-09,0,2.0,True,Jun,160,0.37945284372454435,-0.925211078289358,2.0,83.7,77.9,0.008,5.9,12.3,0.9612616959383189,-0.27563735581699905,0.853,4.0,,,0.448
2026-06-10,0,2.0,True,Jun,161,0.36348161248290634,-0.9316013725767187,2.0,85.2,76.2,0.0,8.6,15.4,0.4383711467890773,-0.898794046299167,0.787,3.7,,,0.94
2026-06-11,0,2.0,False,Jun,162,0.3474028211842774,-0.9377159910299093,2.0,83.4,77.5,0.0,10.3,18.1,-0.34202014332566866,-0.9396926207859084,1.115,4.2,,,1.403
2026-06-12,1,3.0,False,Jun,163,0.3312212278016865,-0.9435531242349544,2.0,83.2,77.7,0.004,9.8,16.8,-0.8660254037844384,-0.5000000000000004,1.247,4.45,,,1.792
