date,pcbf1_obs_count,pcbf1_wind_max_mph,pcbf1_gust_max_mph,pcbf1_air_temp_max_f,pcbf1_air_temp_min_f,pcbf1_water_temp_mean_f,pcbf1_pressure_min_mb,42039_obs_count,ndbc42039_wave_max_ft,ndbc42039_wave_mean_ft,ndbc42039_dominant_period_max_s,ndbc42039_average_period_mean_s,ndbc42039_wind_max_mph,ndbc42039_gust_max_mph,ndbc42039_water_temp_mean_f,ndbc42039_pressure_min_mb
1995-12-12,,,,,,,,12.0,4.92125984251965,4.374453193350799,6.2,4.808333333333333,18.79026485325696,23.487831066571196,71.84,
1995-12-13,,,,,,,,24.0,5.90551181102358,4.778614629692994,6.7,5.060869565217391,18.79026485325696,24.38260558339296,71.8325,
1995-12-14,,,,,,,,24.0,3.9370078740157197,2.966426071741011,6.2,4.545833333333333,14.540085898353599,17.22440944881888,71.96,
1995-12-15,,,,,,,,24.0,2.62467191601048,2.2692475940507277,5.3,3.9708333333333337,15.882247673586237,18.119183965640637,72.41,
1995-12-16,,,,,,,,24.0,2.62467191601048,2.460629921259825,7.7,4.604166666666667,15.211166785969919,17.448103078024317,73.5575,
1995-12-17,,,,,,,,24.0,5.90551181102358,4.032699037620269,7.1,4.55,22.816750178954877,27.06692913385824,72.8825,
1995-12-18,,,,,,,,24.0,8.20209973753275,6.490357183612871,8.3,5.313043478260869,25.50107372942016,31.317108088761596,72.65,
1995-12-19,,,,,,,,24.0,13.1233595800524,9.243409791167341,9.1,6.104347826086956,30.422333571939838,38.0279169649248,72.79249999999999,
1995-12-20,,,,,,,,24.0,11.48293963254585,8.065398075240537,10.0,5.9375,27.290622763063677,37.80422333571936,71.9,
1995-12-21,,,,,,,,24.0,3.9370078740157197,2.5563210848643743,7.1,4.408333333333333,12.75053686471008,18.119183965640637,71.45750000000001,
1995-12-22,,,,,,,,24.0,4.59317585301834,2.378608923884497,6.7,3.8208333333333333,21.698282032927676,27.51431639226912,71.3975,
1995-12-23,,,,,,,,24.0,4.92125984251965,4.415463692038463,5.9,4.508333333333334,21.250894774516798,26.843235504652796,70.5125,
1995-12-24,,,,,,,,24.0,5.57742782152227,3.923337707786498,6.7,4.45,19.23765211166784,25.053686471009275,69.23,
1995-12-25,,,,,,,,24.0,2.95275590551179,2.351268591426054,4.8,3.7374999999999994,16.777022190407997,24.606299212598397,69.85249999999999,
1995-12-26,,,,,,,,24.0,3.60892388451441,2.9254155730533475,5.6,4.116666666666667,18.119183965640637,23.487831066571196,70.16749999999999,
1995-12-27,,,,,,,,24.0,2.29658792650917,1.8318022747156475,4.8,3.658333333333333,13.421617752326398,18.342877594846076,70.175,
1995-12-28,,,,,,,,24.0,4.59317585301834,3.2945100612423213,5.9,4.141666666666667,20.132426628489597,25.948460987831037,70.1075,
1995-12-29,,,,,,,,24.0,4.59317585301834,3.964348206474162,6.2,4.5625,18.56657122405152,25.27738010021472,70.13,
1995-12-30,,,,,,,,24.0,4.26509186351703,3.4038713910760907,5.9,4.625,14.763779527559038,19.461345740873277,71.3,
1995-12-31,,,,,,,,23.0,4.59317585301834,3.780422333571914,7.1,4.786363636363636,20.80350751610592,221.45669291338558,71.83727272727272,
1996-01-01,,,,,,,,24.0,5.1837270341206985,3.88943569553803,7.69,5.1165,16.32963493199712,221.45669291338558,72.041,
1996-01-02,,,,,,,,24.0,10.958005249343753,7.800196850393645,9.09,6.07375,27.06692913385824,40.93593414459552,71.9225,
1996-01-03,,,,,,,,24.0,11.122047244094409,9.522637795275521,10.0,6.332916666666667,29.080171796707198,37.35683607730847,71.3,
1996-01-04,,,,,,,,24.0,7.808398950131178,5.227471566054207,9.09,5.9504166666666665,9.171438797423038,14.987473156764478,70.5125,
1996-01-05,,,,,,,,24.0,4.757217847768994,3.4462489063866775,8.33,4.739166666666667,21.92197566213312,26.843235504652796,70.475,
1996-01-06,,,,,,,,24.0,9.8425196850393,7.175470253718234,7.69,5.3862499999999995,28.85647816750176,35.567287043664955,70.4075,
1996-01-07,,,,,,,,24.0,13.451443569553708,10.214823690516873,9.09,6.142608695652174,31.093414459556158,42.05440229062272,70.13,
1996-01-08,,,,,,,,24.0,12.073490813648208,8.878772965879202,8.33,5.879166666666666,31.093414459556158,42.278095919828154,68.915,
1996-01-09,,,,,,,,24.0,5.282152230971091,3.565179352580902,6.25,4.529583333333334,22.369362920544,28.409090909090875,68.92999999999999,
1996-01-10,,,,,,,,24.0,8.070866141732226,5.007381889763743,7.14,5.072916666666667,24.606299212598397,30.1986399427344,68.765,
1996-01-11,,,,,,,,24.0,7.545931758530129,2.233705161854752,6.67,3.910833333333333,27.290622763063677,34.896206156048635,69.2,
1996-01-12,,,,,,,,24.0,8.661417322834584,7.174103237095313,7.14,5.29,29.527559055118076,35.34359341445952,68.83250000000001,
1996-01-13,,,,,,,,24.0,7.972440944881833,4.8775153105861415,7.69,4.899583333333333,23.71152469577664,30.86972083035072,67.9325,
1996-01-14,,,,,,,,24.0,2.788713910761135,1.957567804024483,7.14,4.237916666666667,10.96098783106656,14.31639226914816,68.6225,
1996-01-15,,,,,,,,24.0,3.9698162729658506,2.7641076115485363,5.88,4.234166666666667,22.593056549749438,26.39584824624192,69.82249999999999,
1996-01-16,,,,,,,,24.0,4.363517060367423,3.3286854768153744,6.67,4.338333333333334,19.68503937007872,23.487831066571196,69.2825,
1996-01-17,,,,,,,,24.0,8.792650918635108,6.992290026246669,8.33,5.569583333333333,23.935218324982078,28.85647816750176,70.3325,
1996-01-18,,,,,,,,24.0,10.301837270341133,8.61493875765523,9.09,6.123333333333332,27.961703650679997,35.34359341445952,73.16000000000001,
1996-01-19,,,,,,,,24.0,12.270341207348995,8.45363079615042,9.09,5.874166666666667,32.882963493199675,40.04115962777375,71.7125,
1996-01-20,,,,,,,,24.0,4.9540682414697805,3.08541595344058,9.09,4.789999999999999,13.869005010737279,221.45669291338558,71.54521739130433,
1996-01-21,,,,,,,,24.0,3.1167979002624446,2.378608923884497,5.26,3.9620833333333336,20.132426628489597,24.38260558339296,71.5625,
1996-01-22,,,,,,,,24.0,5.741469816272925,4.59317585301834,6.67,4.841666666666666,19.908732999284158,25.948460987831037,71.41999999999999,
1996-01-23,,,,,,,,24.0,5.118110236220436,4.010826771653514,6.67,4.665416666666666,19.23765211166784,23.264137437365758,71.3975,
1996-01-24,,,,,,,,24.0,8.20209973753275,6.33612204724405,7.14,5.129166666666666,30.646027201145277,38.922691481746554,71.75,
1996-01-25,,,,,,,,24.0,8.858267716535371,6.93487532808394,7.14,5.2437499999999995,26.172154617036476,32.65926986399424,71.10499999999999,
1996-01-26,,,,,,,,24.0,8.694225721784715,7.576006124234416,8.33,5.613333333333333,25.50107372942016,31.98818897637792,71.2025,
1996-01-27,,,,,,,,24.0,9.678477690288645,7.6881014873140305,8.33,5.552083333333333,31.540801717967035,38.47530422333568,71.1425,
1996-01-28,,,,,,,,24.0,6.725721784776854,5.37784339457564,6.67,4.891666666666667,23.71152469577664,32.211882605583355,70.5275,
1996-01-29,,,,,,,,24.0,4.527559055118077,3.342355643044595,6.67,4.640416666666667,17.67179670722976,20.579813886900478,70.5125,
1996-01-30,,,,,,,,24.0,2.7230971128608727,1.9493657042869503,6.67,4.5175,13.19792412312096,15.882247673586237,71.5775,
1996-01-31,,,,,,,,24.0,3.60892388451441,2.75317147856516,5.0,3.890833333333333,19.23765211166784,25.50107372942016,71.84,
1996-02-01,,,,,,,,24.0,2.395013123359563,1.8755468066491554,5.0,3.841666666666667,15.43486041517536,19.0139584824624,72.45500000000001,
1996-02-02,,,,,,,,24.0,9.448818897637727,6.6915463692038015,8.33,5.219166666666667,33.77773801002144,42.72548317823904,73.67750000000001,
1996-02-03,,,,,,,,24.0,9.48162729658786,7.163167104111934,9.09,5.482083333333333,23.487831066571196,30.86972083035072,72.02000000000001,
1996-02-04,,,,,,,,24.0,9.940944881889692,8.263615485564246,7.69,5.609166666666667,26.843235504652796,36.238367931281275,70.805,
1996-02-05,,,,,,,,24.0,6.528871391076069,3.778433945756753,6.67,4.609166666666667,21.698282032927676,28.63278453829632,72.17,
1996-02-06,,,,,,,,24.0,2.460629921259825,1.5406277340332346,5.0,3.907083333333334,12.07945597709376,17.8954903364352,72.965,
1996-02-07,,,,,,,,24.0,4.330708661417292,3.0552821522309492,5.88,4.31625,17.22440944881888,21.02720114531136,73.7375,
1996-02-08,,,,,,,,24.0,3.2152230971128377,2.068296150481175,5.88,4.405,12.75053686471008,16.32963493199712,74.495,
1996-02-09,,,,,,,,24.0,3.2152230971128377,2.318957289429714,4.76,3.7445454545454555,19.23765211166784,221.45669291338558,74.11217391304348,
1996-02-10,,,,,,,,24.0,1.9685039370078599,1.5330470054879393,4.76,3.619090909090909,14.763779527559038,221.45669291338558,74.09545454545453,
1996-02-11,,,,,,,,24.0,5.839895013123318,4.029727262353046,6.25,4.205652173913044,25.50107372942016,221.45669291338558,73.24347826086957,
1996-02-12,,,,,,,,24.0,10.236220472440872,6.623195538057696,7.69,5.0874999999999995,28.63278453829632,34.896206156048635,72.44,
1996-02-13,,,,,,,,24.0,5.380577427821484,2.944553805774257,5.56,4.234583333333333,19.461345740873277,27.06692913385824,72.11,
1996-02-14,,,,,,,,24.0,5.544619422572139,4.587707786526652,6.25,4.529583333333334,23.487831066571196,28.185397279885436,70.37,
1996-02-15,,,,,,,,24.0,7.414698162729605,6.307414698162685,7.14,5.079583333333333,25.948460987831037,34.896206156048635,70.3625,
1996-02-16,,,,,,,,24.0,12.368766404199386,8.871105785689771,8.33,5.631739130434783,33.554044380815995,221.45669291338558,70.17565217391304,
1996-02-17,,,,,,,,24.0,6.692913385826724,3.794838145231819,7.69,4.482916666666667,19.908732999284158,28.409090909090875,71.32999999999998,
1996-02-18,,,,,,,,24.0,5.24934383202096,3.424376640419923,6.25,4.466666666666667,19.68503937007872,25.053686471009275,71.93,
1996-02-19,,,,,,,,24.0,15.223097112860783,6.332020997375283,8.33,4.7126086956521736,33.77773801002144,221.45669291338558,70.89565217391304,
1996-02-20,,,,,,,,24.0,14.566929133858165,7.308070866141679,8.33,6.1241666666666665,28.85647816750176,35.567287043664955,69.05,
1996-02-21,,,,,,,,24.0,4.035433070866113,2.821522309711266,7.14,5.14125,12.974230493915519,14.987473156764478,70.505,
1996-02-22,,,,,,,,24.0,2.034120734908122,1.6161702613260183,5.88,3.8347826086956522,13.421617752326398,221.45669291338558,71.84260869565216,
1996-02-23,,,,,,,,24.0,1.443569553805764,1.1824693788276381,4.0,3.4079166666666665,12.303149606299199,14.540085898353599,73.00999999999999,
1996-02-24,,,,,,,,24.0,1.706036745406812,1.3629155730533584,5.26,3.6179166666666664,14.987473156764478,17.22440944881888,72.97999999999999,
1996-02-25,,,,,,,,24.0,1.1154855643044541,0.823062878009808,6.25,4.400434782608695,6.9345025053686395,221.45669291338558,73.11826086956522,
1996-02-26,,,,,,,,24.0,1.8700787401574668,1.1687992125984168,5.88,3.8616666666666664,12.303149606299199,14.763779527559038,73.4075,
1996-02-27,,,,,,,,24.0,2.2309711286089082,2.066929133858253,5.56,3.910833333333333,14.763779527559038,17.8954903364352,73.13,
1996-02-28,,,,,,,,24.0,6.200787401574758,2.557688101487296,5.88,4.224166666666666,25.27738010021472,31.764495347172474,73.00999999999999,
1996-02-29,,,,,,,,24.0,7.939632545931701,6.45231846019243,7.14,5.132083333333333,25.7247673586256,32.65926986399424,72.065,
1996-03-01,,,,,,,,24.0,7.250656167978951,5.19192913385823,6.67,4.9383333333333335,23.935218324982078,29.303865425912637,71.50999999999999,
1996-03-02,,,,,,,,24.0,4.59317585301834,3.0621172353455597,6.25,4.309166666666667,23.04044380816032,27.51431639226912,71.10499999999999,
1996-03-03,,,,,,,,24.0,1.345144356955371,1.1797353455817938,8.33,3.5066666666666664,12.974230493915519,17.22440944881888,71.29249999999999,
1996-03-04,,,,,,,,24.0,7.086614173228297,4.664498459431668,7.69,4.822608695652174,23.71152469577664,221.45669291338558,71.35739130434781,
1996-03-05,,,,,,,,24.0,9.383202099737465,7.303969816272913,8.33,5.840833333333333,28.63278453829632,33.77773801002144,70.265,
1996-03-06,,,,,,,,24.0,5.610236220472401,4.501585739282557,7.69,4.944166666666667,19.68503937007872,23.71152469577664,70.57249999999999,
1996-03-07,,,,,,,,24.0,9.776902887139038,6.162510936132938,7.69,5.07,31.317108088761596,37.80422333571936,69.10249999999999,
1996-03-08,,,,,,,,24.0,11.089238845144278,9.36132983377071,8.33,5.8254166666666665,32.4355762347888,40.264853256979194,64.4,
1996-03-09,,,,,,,,24.0,7.185039370078688,5.062062554680629,7.14,4.7683333333333335,26.39584824624192,34.00143163922687,66.155,
1996-03-10,,,,,,,,24.0,7.086614173228297,4.601377952755872,6.67,4.644583333333333,22.593056549749438,29.751252684323518,65.9825,
1996-03-11,,,,,,,,24.0,8.267716535433012,6.759897200349909,8.33,5.260416666666667,24.606299212598397,31.093414459556158,65.975,
1996-03-12,,,,,,,,24.0,4.888451443569519,3.140037182852121,6.25,4.477916666666666,20.356120257695036,23.935218324982078,65.5025,
1996-03-13,,,,,,,,24.0,1.3779527559055018,0.9377734033245777,5.0,3.6758333333333333,10.737294201861118,13.421617752326398,65.57000000000001,
1996-03-14,,,,,,,,24.0,1.345144356955371,1.018427384076983,5.26,3.4287499999999995,12.75053686471008,15.211166785969919,66.1625,
1996-03-15,,,,,,,,24.0,1.804461942257205,1.565234033245833,5.88,3.9341666666666666,12.974230493915519,14.763779527559038,65.7275,
1996-03-16,,,,,,,,24.0,3.7073490813648027,2.6465441819772337,7.14,4.935416666666667,14.31639226914816,16.105941302791678,66.5975,
1996-03-17,,,,,,,,24.0,4.790026246719126,3.9493110236220192,8.33,5.550833333333334,13.421617752326398,15.658554044380798,67.57249999999999,
1996-03-18,,,,,,,,24.0,8.366141732283404,4.621883202099705,7.69,5.5441666666666665,34.44881889763776,41.60701503221184,68.4725,
1996-03-19,,,,,,,,24.0,19.783464566928995,15.277302293734916,11.11,7.348695652173913,38.47530422333568,221.45669291338558,67.38956521739131,
1996-03-20,,,,,,,,24.0,13.681102362204626,12.096730096237884,9.09,6.799166666666667,29.751252684323518,37.13314244810304,66.17,
1996-03-21,,,,,,,,24.0,12.762467191600958,8.523348643919448,10.0,6.034583333333333,27.06692913385824,34.00143163922687,65.7125,
1996-03-22,,,,,,,,24.0,6.036745406824104,3.656769466316684,7.14,5.015,15.882247673586237,23.487831066571196,65.345,
1996-03-23,,,,,,,,24.0,2.198162729658777,1.6527230971128493,6.25,3.97,13.645311381531839,16.55332856120256,65.69,
1996-03-24,,,,,,,,24.0,6.102362204724366,4.764052930883605,7.69,4.555416666666667,24.15891195418752,29.080171796707198,67.46,
1996-03-25,,,,,,,,24.0,6.988188976377902,5.749671916010458,8.33,5.5129166666666665,19.0139584824624,23.264137437365758,67.25750000000001,
1996-03-26,,,,,,,,24.0,4.4619422572178165,3.7497265966753885,7.69,4.557916666666666,27.961703650679997,33.554044380815995,67.52000000000001,
1996-03-27,,,,,,,,24.0,7.3818897637794745,5.398348643919472,7.69,5.031666666666667,26.843235504652796,33.10665712240512,67.74499999999999,
1996-03-28,,,,,,,,24.0,5.479002624671876,4.017661854768125,8.33,5.109166666666667,17.22440944881888,29.527559055118076,67.715,
1996-03-29,,,,,,,,24.0,3.051181102362183,2.5522200349956075,9.09,5.132916666666667,12.303149606299199,14.31639226914816,68.08250000000001,
1996-03-30,,,,,,,,24.0,7.3818897637794745,4.099682852143453,7.69,4.647916666666667,32.65926986399424,54.13385826771648,67.685,
1996-03-31,,,,,,,,24.0,4.232283464566899,3.405238407699013,6.25,4.726249999999999,17.448103078024317,22.14566929133856,67.715,
1996-04-01,,,,,,,,24.0,6.692913385826724,5.312226596675377,7.14,4.805,25.948460987831037,32.882963493199675,67.63250000000001,
1996-04-02,,,,,,,,24.0,7.152230971128558,4.389490376202943,6.67,4.6241666666666665,25.053686471009275,31.98818897637792,67.25750000000001,
1996-04-03,,,,,,,,24.0,3.313648293963231,2.2022637795275433,6.67,3.9116666666666666,17.67179670722976,20.579813886900478,66.67999999999999,
1996-04-04,,,,,,,,24.0,3.2152230971128377,2.511209536307944,5.56,4.257916666666667,12.75053686471008,14.763779527559038,67.1225,
1996-04-05,,,,,,,,24.0,3.182414698162707,2.153051181102347,7.14,5.019166666666666,10.51360057265568,12.526843235504638,67.685,
1996-04-06,,,,,,,,24.0,4.330708661417292,2.129811898512671,8.33,4.4375,21.474588403722237,24.606299212598397,67.8125,
1996-04-07,,,,,,,,23.0,4.658792650918602,3.32220700673283,6.25,4.269565217391304,21.250894774516798,26.39584824624192,67.31130434782611,
1996-04-08,,,,,,,,24.0,1.410761154855633,0.9446084864391883,11.11,4.654166666666666,12.75053686471008,15.211166785969919,68.69,
1996-04-09,,,,,,,,24.0,3.7073490813648027,2.556321084864374,5.56,3.817083333333333,18.56657122405152,22.14566929133856,67.58,
1996-04-10,,,,,,,,24.0,5.380577427821484,3.3109142607173863,5.88,4.239583333333333,20.132426628489597,25.053686471009275,67.745,
1996-04-11,,,,,,,,24.0,1.213910761154847,0.9555446194225654,5.26,3.3862500000000004,11.632068718682879,14.987473156764478,66.79249999999999,
1996-04-12,,,,,,,,24.0,5.1837270341206985,2.1708223972003347,8.33,3.894166666666667,16.105941302791678,18.79026485325696,66.275,
1996-04-13,,,,,,,,24.0,6.627296587926462,5.115376202974592,7.14,5.34125,16.55332856120256,20.579813886900478,67.7,
1996-04-14,,,,,,,,24.0,3.9370078740157197,3.106812735364579,7.14,4.975652173913043,17.8954903364352,221.45669291338558,67.99217391304347,
1996-04-15,,,,,,,,24.0,6.5616797900262,3.610290901137332,6.25,4.195,30.86972083035072,36.238367931281275,67.2275,
1996-04-16,,,,,,,,24.0,9.284776902887073,5.660815835520519,7.69,4.955,29.527559055118076,35.7909806728704,67.0025,
1996-04-17,,,,,,,,24.0,2.427821522309694,1.6035104986876527,7.69,3.7337499999999992,16.55332856120256,19.23765211166784,67.3925,
1996-04-18,,,,,,,,24.0,2.8543307086613967,2.0313867016622775,5.0,3.918333333333333,21.250894774516798,25.7247673586256,67.57249999999999,
1996-04-19,,,,,,,,24.0,3.051181102362183,2.5699912510935947,5.56,4.316666666666666,14.31639226914816,16.55332856120256,68.1125,
1996-04-20,,,,,,,,24.0,3.313648293963231,2.621819011753947,6.25,4.344347826086957,14.31639226914816,17.22440944881888,69.36500000000001,
1996-04-21,,,,,,,,24.0,3.576115485564279,3.079888451443548,7.14,4.5649999999999995,16.777022190407997,19.68503937007872,69.30499999999999,
1996-04-22,,,,,,,,24.0,5.019685039370043,3.8850612423446798,9.09,5.114583333333333,15.882247673586237,19.23765211166784,70.0475,
1996-04-23,,,,,,,,24.0,4.986876640419912,3.8000684697021283,8.33,5.443478260869566,16.777022190407997,221.45669291338558,71.57652173913043,
1996-04-24,,,,,,,,24.0,6.003937007873973,4.341644794400668,8.33,4.72,22.816750178954877,27.06692913385824,71.165,
1996-04-25,,,,,,,,24.0,2.0013123359579907,1.5064523184601817,7.69,3.97125,15.882247673586237,18.79026485325696,70.89500000000001,
1996-04-26,,,,,,,,24.0,2.329396325459301,1.8864829396325327,4.35,3.93875,15.211166785969919,17.8954903364352,71.2025,
1996-04-27,,,,,,,,24.0,1.9685039370078599,1.6527230971128493,8.33,4.425416666666666,8.724051539012159,9.84251968503936,72.8075,
1996-04-28,,,,,,,,24.0,1.8700787401574668,1.4818460192475835,5.56,3.895,14.987473156764478,17.8954903364352,72.095,
1996-04-29,,,,,,,,24.0,5.1837270341206985,3.2166495492411045,7.69,4.43608695652174,33.10665712240512,221.45669291338558,71.79565217391304,
1996-04-30,,,,,,,,24.0,8.956692913385762,5.473534558180188,7.69,4.96375,28.185397279885436,34.896206156048635,71.9975,
1996-05-01,,,,,,,,24.0,3.149606299212576,2.4715660542432016,5.88,4.152916666666667,14.763779527559038,18.119183965640637,71.91499999999999,
1996-05-02,,,,,,,,24.0,2.198162729658777,1.9179243219597413,5.56,4.028333333333333,14.987473156764478,17.000715819613436,72.00500000000001,
1996-05-03,,,,,,,,24.0,1.706036745406812,1.3178040244969285,10.0,4.325,10.96098783106656,14.092698639942718,72.5675,
1996-05-04,,,,,,,,24.0,1.64041994750655,1.3437773403324489,9.09,3.828333333333333,13.421617752326398,16.55332856120256,71.88499999999999,
1996-05-05,,,,,,,,24.0,2.198162729658777,1.6786964129483697,6.67,4.484999999999999,10.737294201861118,12.974230493915519,71.89250000000001,
1996-05-06,,,,,,,,24.0,2.62467191601048,2.189960629921244,7.69,5.348750000000001,10.51360057265568,221.45669291338558,72.248,
1996-05-07,,,,,,,,24.0,2.3622047244094317,2.0751312335957857,7.69,5.542083333333333,9.39513242662848,10.737294201861118,73.22,
1996-05-08,,,,,,,,24.0,3.412073490813624,2.848862642169708,7.69,5.257083333333333,11.184681460272,13.19792412312096,73.8425,
1996-05-09,,,,,,,,24.0,4.101049868766375,3.2808398950131,8.33,5.282608695652173,11.85576234788832,221.45669291338558,74.3704347826087,
1996-05-10,,,,,,,,24.0,4.0026246719159815,3.536472003499538,7.69,5.457083333333334,12.75053686471008,14.540085898353599,74.7575,
1996-05-11,,,,,,,,24.0,4.101049868766375,3.1742125984251737,8.33,5.892500000000001,9.61882605583392,11.184681460272,75.6425,
1996-05-12,,,,,,,,24.0,3.510498687664017,2.6943897637795082,8.33,4.844166666666666,15.658554044380798,18.342877594846076,74.825,
1996-05-13,,,,,,,,24.0,2.2637795275590387,1.9998210450966216,8.33,4.1404545454545465,12.974230493915519,221.45669291338558,74.22636363636364,
1996-05-14,,,,,,,,24.0,2.066929133858253,1.6475522081478828,5.26,4.056086956521739,14.763779527559038,17.67179670722976,74.525,
1996-05-15,,,,,,,,24.0,6.856955380577379,4.490649606299181,7.14,4.93875,22.593056549749438,27.738010021474558,74.02250000000001,
1996-05-16,,,,,,,,24.0,3.379265091863493,2.4332895888013826,6.67,4.622916666666666,12.07945597709376,13.645311381531839,75.86000000000001,
1996-05-17,,,,,,,,24.0,2.526246719160087,2.0190835520559784,7.69,4.8475,10.289906943450239,11.85576234788832,76.4525,
1996-05-18,,,,,,,,24.0,1.8372703412073361,1.5912073490813536,7.69,4.889583333333333,8.9477451682176,10.737294201861118,76.82000000000001,
1996-05-19,,,,,,,,24.0,2.329396325459301,1.792158792650906,7.69,5.386666666666667,8.27666428060128,9.61882605583392,77.3975,
1996-05-20,,,,,,,,24.0,2.460629921259825,1.8304352580927254,7.69,5.3875,9.171438797423038,10.51360057265568,77.6975,
1996-05-21,,,,,,,,24.0,3.051181102362183,2.4291885389326158,7.69,5.09,13.19792412312096,15.211166785969919,77.9525,
1996-05-22,,,,,,,,24.0,3.5433070866141483,2.4114173228346285,9.09,5.03625,11.408375089477438,13.421617752326398,78.665,
1996-05-23,,,,,,,,24.0,1.673228346456681,1.3629155730533584,8.33,4.39375,11.632068718682879,13.421617752326398,81.05749999999999,
1996-05-24,,,,,,,,24.0,1.443569553805764,1.1411617026132521,7.69,3.895217391304347,9.61882605583392,221.45669291338558,80.67826086956521,
1996-05-25,,,,,,,,24.0,1.509186351706026,1.0211614173228272,6.67,3.765416666666667,9.171438797423038,11.408375089477438,82.1075,
1996-05-26,,,,,,,,24.0,1.148293963254585,0.862587489063861,6.25,4.40375,9.61882605583392,12.303149606299199,82.93249999999999,
1996-05-27,,,,,,,,24.0,1.8372703412073361,1.5912073490813536,6.67,4.095,10.96098783106656,12.75053686471008,81.0425,
1996-05-28,,,,,,,,24.0,4.92125984251965,3.1031277340332237,6.25,4.357083333333333,21.02720114531136,26.172154617036476,80.9825,
1996-05-29,,,,,,,,24.0,4.888451443569519,3.619860017497787,6.25,4.577083333333333,17.67179670722976,21.250894774516798,80.0975,
1996-05-30,,,,,,,,24.0,3.2152230971128377,2.698490813648274,6.25,4.552083333333333,15.43486041517536,19.23765211166784,80.4125,
1996-05-31,,,,,,,,24.0,5.872703412073449,3.6950459317585036,7.14,4.625,22.369362920544,27.51431639226912,80.0975,
1996-06-01,,,,,,,,24.0,7.447506561679737,5.917814960629878,7.69,5.17875,25.27738010021472,30.422333571939838,79.2875,
1996-06-02,,,,,,,,24.0,6.26640419947502,4.630085301837237,7.14,5.11625,21.474588403722237,27.06692913385824,78.7025,
1996-06-03,,,,,,,,24.0,3.149606299212576,2.3334973753280677,6.67,4.7524999999999995,9.61882605583392,12.303149606299199,78.515,
1996-06-04,,,,,,,,24.0,2.0013123359579907,1.2822615923009533,7.14,4.539583333333333,3.57909806728704,5.592340730136,80.5475,
1996-06-05,,,,,,,,24.0,1.017060367454061,0.8188429571303529,10.0,4.4191666666666665,6.03972798854688,8.052970651395839,79.985,
1996-06-06,,,,,,,,24.0,1.148293963254585,0.8584864391950945,9.09,3.7408333333333332,10.96098783106656,12.75053686471008,79.7975,
1996-06-07,,,,,,,,24.0,1.148293963254585,0.8584864391950945,5.26,3.65,12.303149606299199,14.31639226914816,80.0375,
1996-06-08,,,,,,,,24.0,5.085301837270305,2.8078521434820445,6.25,3.845,21.92197566213312,27.290622763063677,79.265,
1996-06-09,,,,,,,,24.0,4.888451443569519,3.8180774278214953,6.67,4.824166666666667,18.79026485325696,21.698282032927676,79.2275,
1996-06-10,,,,,,,,24.0,3.576115485564279,2.3690398075240426,7.69,4.61625,10.737294201861118,12.974230493915519,80.1725,
1996-06-11,,,,,,,,24.0,2.919947506561659,2.354002624671899,9.09,5.317500000000001,8.052970651395839,10.737294201861118,81.3125,
1996-06-12,,,,,,,,24.0,2.526246719160087,1.9274934383201963,9.09,5.344583333333333,10.066213314244798,12.526843235504638,81.7925,
1996-06-13,,,,,,,,24.0,1.7716535433070741,1.4435695538057638,7.69,4.698695652173914,8.27666428060128,221.45669291338558,82.2591304347826,
1996-06-14,,,,,,,,24.0,1.3779527559055018,1.1209536307961423,8.33,4.744166666666667,7.6055833929849594,9.61882605583392,83.11999999999999,
1996-06-15,,,,,,,,24.0,1.213910761154847,1.0270455323519267,8.33,4.458260869565217,10.51360057265568,221.45669291338558,81.84434782608696,
1996-06-16,,,,,,,,24.0,1.9685039370078599,1.379319772528424,9.09,4.247083333333333,12.07945597709376,14.092698639942718,82.625,
1996-06-17,,,,,,,,24.0,2.7559055118110036,2.047790901137343,5.26,4.144166666666667,14.763779527559038,18.342877594846076,81.9125,
1996-06-18,,,,,,,,24.0,1.8372703412073361,1.4818460192475835,5.0,4.310833333333334,6.710808876163199,8.500357909806718,82.9625,
1996-06-19,,,,,,,,24.0,1.5419947506561569,1.1701662292213388,7.69,3.6520833333333336,11.632068718682879,14.092698639942718,82.1375,
1996-06-20,,,,,,,,24.0,1.574803149606288,1.334208223971994,4.55,3.5500000000000003,13.869005010737279,19.68503937007872,82.3175,
1996-06-21,,,,,,,,24.0,2.0013123359579907,1.6513560804899268,4.76,3.9258333333333333,13.421617752326398,15.43486041517536,82.9025,
1996-06-22,,,,,,,,24.0,2.526246719160087,1.7880577427821391,8.33,4.065,17.22440944881888,20.80350751610592,83.585,
1996-06-23,,,,,,,,24.0,2.460629921259825,2.076498250218708,7.69,4.29625,14.092698639942718,15.882247673586237,83.9,
1996-06-24,,,,,,,,24.0,1.9028871391075979,1.619914698162718,4.17,3.5491666666666664,14.763779527559038,17.000715819613436,84.035,
1996-06-25,,,,,,,,24.0,1.8372703412073361,1.4804790026246613,8.33,3.8858333333333337,13.19792412312096,15.211166785969919,84.17,
1996-06-26,,,,,,,,24.0,1.31233595800524,1.0389326334208149,8.33,4.3549999999999995,15.658554044380798,21.698282032927676,84.85999999999999,
1996-06-27,,,,,,,,24.0,2.329396325459301,1.7238079615047994,8.33,3.842916666666666,15.882247673586237,19.0139584824624,84.395,
1996-06-28,,,,,,,,24.0,3.2152230971128377,2.4100503062117067,5.56,4.1745833333333335,17.67179670722976,24.15891195418752,84.2975,
1996-06-29,,,,,,,,24.0,4.166666666666637,3.0552821522309492,6.25,4.5,17.67179670722976,22.593056549749438,84.3125,
1996-06-30,,,,,,,,24.0,4.790026246719126,3.439413823272067,6.67,4.4887500000000005,18.119183965640637,22.816750178954877,84.11,
1996-07-01,,,,,,,,24.0,2.788713910761135,1.868587449296097,5.88,4.3572727272727265,10.96098783106656,12.526843235504638,83.9,
1996-07-02,,,,,,,,24.0,1.706036745406812,1.5091863517060258,6.25,4.452500000000001,10.51360057265568,12.974230493915519,84.4625,
1996-07-03,,,,,,,,24.0,4.133858267716506,3.204286964129461,6.67,4.30875,18.79026485325696,22.593056549749438,84.29749999999999,
1996-07-04,,,,,,,,24.0,5.347769028871353,4.74081364829393,7.69,5.16125,19.0139584824624,23.487831066571196,84.2,
1996-07-05,,,,,,,,24.0,5.4461942257217455,4.684765966754122,7.69,4.820833333333334,21.698282032927676,32.882963493199675,83.4425,
1996-07-06,,,,,,,,24.0,6.430446194225675,5.144083552055956,8.33,5.182916666666666,24.15891195418752,29.303865425912637,83.03,
1996-07-07,,,,,,,,24.0,5.544619422572139,4.2896981627296285,6.25,4.797083333333333,25.27738010021472,30.86972083035072,82.7525,
1996-07-08,,,,,,,,24.0,5.282152230971091,3.457185039370054,8.33,4.490833333333334,25.053686471009275,31.98818897637792,82.715,
1996-07-09,,,,,,,,24.0,4.494750656167947,3.5187007874015497,6.67,4.51125,21.698282032927676,25.27738010021472,82.8275,
1996-07-10,,,,,,,,24.0,2.329396325459301,1.9698709536307821,5.88,4.194999999999999,12.303149606299199,14.540085898353599,83.975,
1996-07-11,,,,,,,,24.0,1.706036745406812,1.424431321084854,14.29,3.7883333333333336,13.869005010737279,15.658554044380798,84.74,
1996-07-12,,,,,,,,24.0,1.6076115485564189,1.0334645669291265,8.33,3.8783333333333334,10.737294201861118,12.974230493915519,85.19,
1996-07-13,,,,,,,,24.0,0.9842519685039299,0.7668963254593121,10.0,3.477083333333333,10.51360057265568,12.75053686471008,85.46000000000001,
1996-07-14,,,,,,,,24.0,1.9685039370078599,1.3260061242344614,4.0,3.271666666666667,23.264137437365758,30.1986399427344,86.19500000000001,
1996-07-15,,,,,,,,24.0,1.5419947506561569,1.2273323789071733,8.33,3.668636363636364,10.96098783106656,13.645311381531839,86.6825,
1996-07-16,,,,,,,,24.0,2.427821522309694,1.7593503937007748,8.33,4.27125,16.777022190407997,21.250894774516798,85.94749999999999,
1996-07-17,,,,,,,,24.0,4.133858267716506,3.363574118452561,7.69,4.55608695652174,16.777022190407997,221.45669291338558,85.66347826086955,
1996-07-18,,,,,,,,24.0,3.904199475065589,3.176946631671018,7.14,4.70125,17.22440944881888,19.908732999284158,85.74499999999999,
1996-07-19,,,,,,,,24.0,3.248031496062969,2.701224846894119,10.0,5.9775,7.15819613457408,9.61882605583392,87.02,
1996-07-20,,,,,,,,24.0,2.8543307086613967,2.2542104111985837,9.09,5.895416666666667,10.737294201861118,13.19792412312096,86.7425,
1996-07-21,,,,,,,,24.0,2.0013123359579907,1.8605096237970118,9.09,4.1125,12.303149606299199,16.105941302791678,86.25500000000001,
1996-07-22,,,,,,,,24.0,2.329396325459301,2.0901684164479293,4.35,3.9250000000000003,13.645311381531839,17.000715819613436,86.1725,
1996-07-23,,,,,,,,24.0,3.018372703412052,2.466097987751513,5.56,4.046666666666667,17.000715819613436,21.92197566213312,85.8575,
1996-07-24,,,,,,,,24.0,3.248031496062969,2.5276137357830093,5.26,4.015833333333333,15.658554044380798,25.50107372942016,85.1975,
1996-07-25,,,,,,,,24.0,3.7073490813648027,2.8857720909886058,5.0,4.223333333333334,17.67179670722976,21.474588403722237,84.53,
1996-07-26,,,,,,,,24.0,2.690288713910742,2.4633639545056694,9.09,5.174166666666666,8.052970651395839,10.289906943450239,85.52000000000001,
1996-07-27,,,,,,,,24.0,3.0839895013123138,2.766841644794381,8.33,5.25125,12.07945597709376,14.763779527559038,85.04749999999999,
1996-07-28,,,,,,,,24.0,3.2152230971128377,2.918580489938737,9.09,5.2820833333333335,10.96098783106656,13.19792412312096,85.19,
1996-07-29,,,,,,,,24.0,3.412073490813624,3.008803587051597,10.0,5.47375,11.184681460272,14.540085898353599,85.325,
1996-07-30,,,,,,,,24.0,3.6417322834645414,2.934984689413802,10.0,5.732083333333333,12.526843235504638,20.356120257695036,85.8425,
1996-07-31,,,,,,,,24.0,2.821522309711266,2.507108486439177,8.33,4.63625,12.526843235504638,15.43486041517536,85.76750000000001,
1996-08-01,,,,,,,,24.0,2.690288713910742,2.267880577427806,8.33,4.2575,20.356120257695036,31.540801717967035,85.5125,
1996-08-02,,,,,,,,24.0,2.887139107611528,2.460629921259825,10.0,4.3012500000000005,16.105941302791678,20.579813886900478,84.89750000000001,
1996-08-03,,,,,,,,24.0,2.2309711286089082,1.924759405074352,5.26,4.17,13.869005010737279,15.658554044380798,85.1225,
1996-08-04,,,,,,,,24.0,1.673228346456681,1.3594088782380365,5.88,4.160869565217391,8.500357909806718,221.45669291338558,85.67130434782608,
1996-08-05,,,,,,,,24.0,1.279527559055109,1.0252624671915938,5.88,3.920833333333333,9.39513242662848,11.85576234788832,85.42999999999999,
1996-08-06,,,,,,,,24.0,2.7559055118110036,2.0915354330708515,5.88,3.9341666666666666,16.105941302791678,18.56657122405152,85.67750000000001,
1996-08-07,,,,,,,,24.0,2.821522309711266,2.1926946631670887,7.14,4.546666666666667,11.408375089477438,16.777022190407997,85.8875,
1996-08-08,,,,,,,,24.0,1.9685039370078599,1.7238079615047994,7.14,4.90875,10.737294201861118,12.974230493915519,86.315,
1996-08-09,,,,,,,,24.0,2.95275590551179,2.3507931073832995,7.14,4.006956521739131,23.04044380816032,221.45669291338558,85.72608695652173,
1996-08-10,,,,,,,,24.0,2.395013123359563,1.8769138232720777,8.33,4.403333333333333,21.474588403722237,25.27738010021472,85.35499999999999,
1996-08-11,,,,,,,,24.0,5.314960629921222,2.8256233595800326,7.69,4.44625,22.369362920544,25.50107372942016,85.0625,
1996-08-12,,,,,,,,24.0,7.185039370078688,5.324945794819087,7.14,5.078260869565218,25.27738010021472,33.77773801002144,84.9725,
1996-08-13,,,,,,,,24.0,3.7729658792650644,2.844761592300942,6.25,4.157916666666666,20.132426628489597,23.935218324982078,84.61999999999999,
1996-08-14,,,,,,,,24.0,2.3622047244094317,1.6703754422001473,5.88,4.087391304347825,11.408375089477438,221.45669291338558,84.75565217391306,
1996-08-15,,,,,,,,24.0,1.410761154855633,1.0170603674540613,5.26,3.9717391304347824,5.816034359341439,7.381889763779519,86.05250000000001,
1996-08-16,,,,,,,,24.0,1.1154855643044541,0.9043706493210025,5.0,3.7878260869565215,12.07945597709376,221.45669291338558,85.28,
1996-08-17,,,,,,,,24.0,0.9514435695537989,0.8016660960858095,7.69,3.8034782608695643,8.052970651395839,221.45669291338558,85.12347826086958,
1996-08-18,,,,,,,,24.0,1.31233595800524,1.0977143482064662,8.33,3.842916666666666,10.289906943450239,14.987473156764478,85.1825,
1996-08-19,,,,,,,,24.0,3.6417322834645414,2.330763342082223,6.25,3.9595833333333332,17.67179670722976,22.593056549749438,85.0775,
1996-08-20,,,,,,,,24.0,7.185039370078688,5.309254821408156,7.14,4.917826086956521,24.38260558339296,221.45669291338558,84.52869565217392,
1996-08-21,,,,,,,,24.0,9.284776902887073,7.428368328958827,7.69,5.609999999999999,25.948460987831037,31.317108088761596,84.2975,
1996-08-22,,,,,,,,24.0,6.299212598425152,5.510444006999086,7.14,5.16375,20.80350751610592,25.27738010021472,84.0125,
1996-08-23,,,,,,,,24.0,4.133858267716506,3.104494750656146,6.67,4.5183333333333335,14.540085898353599,17.000715819613436,83.885,
1996-08-24,,,,,,,,24.0,2.657480314960611,2.332130358705145,8.33,5.314166666666666,8.052970651395839,9.61882605583392,83.81750000000001,
1996-08-25,,,,,,,,24.0,2.821522309711266,2.3622047244094313,10.0,5.722916666666667,4.4738725841088,6.710808876163199,83.945,
1996-08-26,,,,,,,,24.0,1.9685039370078599,1.532425634295702,7.69,4.797083333333333,9.61882605583392,12.526843235504638,84.6725,
1996-08-27,,,,,,,,24.0,1.6076115485564189,1.3806867891513463,7.69,4.445416666666667,12.526843235504638,15.658554044380798,84.2675,
1996-08-28,,,,,,,,24.0,1.148293963254585,1.0307305336832822,7.69,4.4366666666666665,7.829277022190399,9.61882605583392,84.7475,
1996-08-29,,,,,,,,24.0,0.9514435695537989,0.7682633420822342,8.33,4.185833333333334,7.6055833929849594,9.171438797423038,85.2425,
1996-08-30,,,,,,,,24.0,1.476377952755895,0.9678477690288644,7.69,3.73625,8.27666428060128,10.96098783106656,84.89750000000001,
1996-08-31,,,,,,,,24.0,2.132545931758515,1.256288276465433,5.0,3.750833333333333,15.658554044380798,20.579813886900478,84.35,
1996-09-01,,,,,,,,24.0,1.673228346456681,1.2371500437445233,4.35,3.4570833333333333,15.658554044380798,19.23765211166784,84.0275,
1996-09-02,,,,,,,,24.0,2.7559055118110036,1.8329909848225363,4.76,3.798695652173913,19.68503937007872,221.45669291338558,83.44869565217391,
1996-09-03,,,,,,,,24.0,1.6076115485564189,1.4230643044619322,4.55,3.6137499999999996,10.737294201861118,12.974230493915519,83.5475,
1996-09-04,,,,,,,,24.0,1.3779527559055018,1.0922462817147778,4.55,3.4800000000000004,12.526843235504638,16.55332856120256,84.095,
1996-09-05,,,,,,,,24.0,0.9514435695537989,0.6739391951006076,4.76,3.440416666666667,9.61882605583392,11.408375089477438,84.2225,
1996-09-06,,,,,,,,24.0,0.9842519685039299,0.7395559930008696,3.33,3.0691666666666664,10.289906943450239,12.07945597709376,84.17,
1996-09-07,,,,,,,,24.0,1.049868766404192,0.862587489063861,4.0,3.2829166666666665,11.632068718682879,15.211166785969919,84.4475,
1996-09-08,,,,,,,,24.0,0.721784776902882,0.42924321959754724,3.85,2.5733333333333333,7.829277022190399,9.61882605583392,84.875,
1996-09-09,,,,,,,,24.0,0.623359580052489,0.11346237970253638,5.88,0.8454166666666666,4.69756621331424,6.487115246957759,85.4075,
1996-09-10,,,,,,,,24.0,1.1154855643044541,0.8325131233595741,5.56,4.041666666666667,8.052970651395839,11.632068718682879,85.1225,
1996-09-11,,,,,,,,24.0,1.3779527559055018,0.962379702537176,4.76,3.492916666666666,14.092698639942718,19.23765211166784,84.8075,
1996-09-12,,,,,,,,24.0,0.9842519685039299,0.28160542432195773,4.55,1.4316666666666666,8.500357909806718,11.408375089477438,84.965,
1996-09-13,,,,,,,,24.0,1.3779527559055018,1.092246281714778,4.55,3.2608333333333337,12.07945597709376,15.211166785969919,84.6275,
1996-09-14,,,,,,,,24.0,2.919947506561659,1.721073928258955,4.76,3.575416666666667,16.777022190407997,20.132426628489597,84.4175,
1996-09-15,,,,,,,,24.0,2.985564304461921,2.2856517935257927,5.0,3.6375000000000006,20.579813886900478,24.606299212598397,84.56,
1996-09-16,,,,,,,,24.0,4.822834645669257,4.215879265091833,6.25,4.525833333333333,21.698282032927676,25.7247673586256,84.1625,
1996-09-17,,,,,,,,24.0,4.691601049868733,3.9561461067366297,6.67,4.62625,17.67179670722976,21.250894774516798,84.35,
1996-09-18,,,,,,,,24.0,2.95275590551179,2.4770341207348903,5.56,4.096666666666667,16.55332856120256,19.68503937007872,84.71,
1996-09-19,,,,,,,,24.0,2.985564304461921,1.9616688538932492,5.26,3.9,13.645311381531839,16.55332856120256,84.275,
1996-09-20,,,,,,,,24.0,3.018372703412052,1.700568678915123,5.56,3.98875,14.31639226914816,16.777022190407997,84.44000000000001,
1996-09-21,,,,,,,,24.0,6.003937007873973,3.335520559929985,6.25,4.19375,31.764495347172474,44.29133858267712,84.0125,
1996-09-22,,,,,,,,24.0,4.4619422572178165,3.1482392825896537,6.25,4.468333333333334,16.777022190407997,20.132426628489597,83.63,
1996-09-23,,,,,,,,24.0,3.5433070866141483,2.460629921259825,5.0,3.9791666666666665,15.658554044380798,20.356120257695036,83.165,
1996-09-24,,,,,,,,24.0,1.31233595800524,1.0156933508311388,5.0,3.6683333333333334,9.61882605583392,12.303149606299199,83.29249999999999,
1996-09-25,,,,,,,,24.0,4.658792650918602,2.550496405340619,6.67,4.29695652173913,16.55332856120256,221.45669291338558,82.90086956521739,
1996-09-26,,,,,,,,24.0,7.742782152230915,5.243638023507893,7.14,4.933478260869566,22.593056549749438,27.290622763063677,82.8875,
1996-09-27,,,,,,,,24.0,6.856955380577379,5.913713910761113,7.14,5.245416666666666,21.698282032927676,32.65926986399424,83.27000000000001,
1996-09-28,,,,,,,,24.0,4.757217847768994,3.9301727909011097,6.67,4.73875,21.02720114531136,29.080171796707198,82.97,
1996-09-29,,,,,,,,24.0,3.576115485564279,2.8625328083989294,5.88,4.588333333333334,15.211166785969919,17.8954903364352,81.815,
1996-09-30,,,,,,,,24.0,4.101049868766375,3.114063867016601,5.88,4.190833333333333,19.908732999284158,23.04044380816032,82.025,
1996-10-01,,,,,,,,24.0,6.725721784776854,5.077099737532772,7.14,4.845416666666666,26.39584824624192,31.540801717967035,82.4675,
1996-10-02,,,,,,,,24.0,5.347769028871353,4.489282589676258,6.67,4.73375,21.92197566213312,25.948460987831037,81.8975,
1996-10-03,,,,,,,,24.0,6.463254593175806,4.718941382327175,6.67,4.71875,22.816750178954877,27.738010021474558,81.785,
1996-10-04,,,,,,,,24.0,14.304461942257117,8.777613735782964,9.09,5.655833333333334,33.33035075161056,40.93593414459552,81.72500000000001,
1996-10-05,,,,,,,,24.0,13.681102362204626,12.688648293963164,9.09,6.714166666666667,34.896206156048635,42.05440229062272,81.335,
1996-10-06,,,,,,,,24.0,17.847769028871266,15.778105861767168,10.0,7.189166666666668,40.488546886184636,50.10737294201855,81.2525,
1996-10-07,,,,,,,,24.0,21.65354330708646,16.221019247593937,10.0,7.2820833333333335,48.0941302791696,60.844667143879676,80.3075,
1996-10-08,,,,,,,,24.0,14.43569553805764,7.362751531058565,8.33,5.812916666666666,24.15891195418752,30.86972083035072,79.85750000000002,
1996-10-09,,,,,,,,24.0,3.60892388451441,2.6246719160104797,7.14,4.32875,14.31639226914816,17.8954903364352,79.25,
1996-10-10,,,,,,,,24.0,3.051181102362183,2.4387576552930716,4.76,3.8970833333333332,21.02720114531136,24.606299212598397,79.07000000000001,
1996-10-11,,,,,,,,24.0,5.643044619422532,3.9854393200849616,5.88,4.444761904761905,21.02720114531136,221.45669291338558,78.86857142857141,
1996-10-12,,,,,,,,24.0,8.267716535433012,5.781410475864387,7.69,4.92608695652174,25.7247673586256,221.45669291338558,78.75304347826088,
1996-10-13,,,,,,,,24.0,9.087926509186287,7.0680702955608306,7.69,5.387826086956522,25.50107372942016,221.45669291338558,78.98000000000002,
1996-10-14,,,,,,,,24.0,5.544619422572139,4.205180874129834,6.25,4.553913043478261,19.23765211166784,221.45669291338558,78.8704347826087,
1996-10-15,,,,,,,,24.0,4.7244094488188635,3.6089238845144096,6.25,4.345,19.68503937007872,23.04044380816032,78.98,
1996-10-16,,,,,,,,24.0,3.60892388451441,3.291776027996477,5.88,4.40625,17.448103078024317,20.356120257695036,78.89750000000001,
1996-10-17,,,,,,,,24.0,3.149606299212576,2.723097112860873,5.56,4.170000000000001,14.987473156764478,17.67179670722976,78.905,
1996-10-18,,,,,,,,24.0,10.269028871391003,3.908300524934355,7.69,4.2875000000000005,30.422333571939838,36.46206156048672,78.8975,
1996-10-19,,,,,,,,24.0,9.120734908136416,6.162510936132938,7.69,5.113333333333333,29.527559055118076,37.35683607730847,78.4175,
1996-10-20,,,,,,,,24.0,2.2309711286089082,1.3465113735782932,4.55,3.741666666666667,10.066213314244798,14.540085898353599,78.155,
1996-10-21,,,,,,,,24.0,1.148293963254585,0.4907589676290429,7.14,2.357083333333333,12.07945597709376,14.987473156764478,78.41749999999999,
1996-10-22,,,,,,,,24.0,3.149606299212576,1.9931102362204582,4.76,3.4175,18.56657122405152,22.593056549749438,77.69,
1996-10-23,,,,,,,,24.0,5.839895013123318,4.080544619422543,6.67,4.822500000000001,23.264137437365758,31.317108088761596,77.5625,
1996-10-24,,,,,,,,24.0,2.887139107611528,2.120242782152216,7.14,4.147083333333334,13.869005010737279,17.8954903364352,77.57,
1996-10-25,,,,,,,,24.0,5.216535433070829,2.504374453193333,5.26,3.7825,23.264137437365758,26.843235504652796,78.56,
1996-10-26,,,,,,,,24.0,6.233595800524889,5.179447677735897,7.14,4.907826086956522,24.829992841803836,221.45669291338558,78.93304347826088,
1996-10-27,,,,,,,,25.0,4.0026246719159815,3.4934383202099486,7.14,4.656,16.32963493199712,19.23765211166784,78.98,
1996-10-28,,,,,,,,24.0,3.0839895013123138,2.4483267716535257,7.69,4.90375,12.974230493915519,16.32963493199712,79.42999999999999,
1996-10-29,,,,,,,,24.0,2.034120734908122,1.552930883639534,8.33,5.839583333333333,8.724051539012159,10.51360057265568,79.2875,
1996-10-30,,,,,,,,24.0,1.443569553805764,1.215277777777769,9.09,4.6725,10.737294201861118,12.75053686471008,78.5675,
1996-10-31,,,,,,,,24.0,1.706036745406812,1.260389326334199,7.69,4.085833333333333,9.39513242662848,11.184681460272,79.0025,
1996-11-01,,,,,,,,24.0,1.345144356955371,0.9268372703412008,7.14,3.54125,12.07945597709376,14.540085898353599,78.88250000000001,
1996-11-02,,,,,,,,24.0,7.3490813648293445,4.2151660390277,7.14,4.305652173913044,24.38260558339296,221.45669291338558,78.56521739130434,
1996-11-03,,,,,,,,24.0,7.316272965879213,5.699092300962339,7.14,4.967083333333334,23.71152469577664,29.974946313528957,78.44,
1996-11-04,,,,,,,,24.0,7.480314960629867,5.998468941382284,7.69,5.1425,23.04044380816032,28.185397279885436,78.1625,
1996-11-05,,,,,,,,24.0,5.610236220472401,4.502952755905481,7.14,4.778333333333333,18.119183965640637,21.474588403722237,77.92999999999999,
1996-11-06,,,,,,,,24.0,4.396325459317554,3.581583552055968,6.67,4.452916666666666,18.342877594846076,21.250894774516798,78.19250000000001,
1996-11-07,,,,,,,,24.0,4.494750656167947,3.2493985126858917,5.56,4.1312500000000005,22.14566929133856,25.7247673586256,78.1925,
1996-11-08,,,,,,,,24.0,10.006561679789954,7.224682852143431,8.33,5.286666666666666,32.65926986399424,38.922691481746554,77.92999999999999,
1996-11-09,,,,,,,,24.0,6.1351706036744975,5.303549012895089,7.14,5.011304347826086,21.250894774516798,221.45669291338558,77.15652173913044,
1996-11-10,,,,,,,,24.0,4.297900262467161,2.8174212598424995,6.67,4.254166666666666,16.105941302791678,20.132426628489597,76.57249999999999,
1996-11-11,,,,,,,,24.0,3.477690288713886,2.9267825896762694,5.88,4.0675,17.67179670722976,22.593056549749438,76.22,
1996-11-12,,,,,,,,24.0,5.216535433070829,4.1174540682414404,6.67,4.4625,20.356120257695036,25.053686471009275,75.8,
1996-11-13,,,,,,,,24.0,6.200787401574758,5.372375328083951,6.67,4.873333333333334,21.698282032927676,25.948460987831037,75.5675,
1996-11-14,,,,,,,,24.0,6.496062992125938,4.716207349081331,6.25,4.734166666666667,24.606299212598397,29.527559055118076,75.1925,
1996-11-15,,,,,,,,24.0,13.877952755905413,10.356517935258017,9.09,6.144583333333333,33.33035075161056,42.05440229062272,74.7125,
1996-11-16,,,,,,,,24.0,13.418635170603578,11.060531496062913,9.09,6.379166666666666,30.86972083035072,39.593772369362874,74.8475,
1996-11-17,,,,,,,,24.0,10.892388451443491,8.051727909011317,8.33,5.72125,27.51431639226912,32.882963493199675,74.51750000000001,
1996-11-18,,,,,,,,24.0,5.807086614173187,4.172134733158326,6.67,4.97875,20.80350751610592,24.38260558339296,74.7425,
1996-11-19,,,,,,,,24.0,3.346456692913362,2.233705161854752,8.33,4.411666666666666,15.43486041517536,18.119183965640637,75.64250000000001,
1996-11-20,,,,,,,,24.0,2.62467191601048,2.0970034995625397,5.0,4.070416666666667,14.31639226914816,18.56657122405152,76.13,
1996-11-21,,,,,,,,24.0,3.8385826771653266,2.729932195975483,5.56,4.017083333333333,19.0139584824624,22.14566929133856,75.29750000000001,
1996-11-22,,,,,,,,24.0,5.872703412073449,4.053204286964101,6.67,4.600833333333333,22.369362920544,25.948460987831037,74.9075,
1996-11-23,,,,,,,,24.0,3.346456692913362,2.736767279090094,6.25,4.243333333333333,14.987473156764478,18.119183965640637,74.345,
1996-11-24,,,,,,,,24.0,7.480314960629867,4.98402373616338,7.14,4.623913043478261,25.27738010021472,221.45669291338558,75.31739130434782,
1996-11-25,,,,,,,,24.0,8.727034120734846,6.938263151888573,7.69,5.290869565217391,26.39584824624192,221.45669291338558,75.74000000000001,
1996-11-26,,,,,,,,24.0,10.793963254593098,8.333333333333274,10.0,6.165833333333333,27.06692913385824,34.896206156048635,75.59,
1996-11-27,,,,,,,,24.0,7.545931758530129,5.761975065616756,7.14,5.0216666666666665,23.935218324982078,31.093414459556158,75.3425,
1996-11-28,,,,,,,,24.0,5.314960629921222,4.780457130358671,7.14,4.86625,19.23765211166784,24.829992841803836,74.84,
1996-11-29,,,,,,,,24.0,7.053805774278165,5.2529892096820845,6.67,4.718333333333334,24.606299212598397,221.45669291338558,75.2,
1996-11-30,,,,,,,,24.0,9.744094488188907,9.476940382452126,9.09,6.242857142857142,25.50107372942016,221.45669291338558,75.55999999999999,
1996-12-01,,,,,,,,24.0,10.400262467191526,8.442694663167044,9.09,6.021666666666667,24.829992841803836,29.974946313528957,74.735,
1996-12-02,,,,,,,,24.0,6.791338582677116,4.695702099737498,8.33,5.468333333333334,17.448103078024317,21.92197566213312,74.8175,
1996-12-03,,,,,,,,24.0,2.2637795275590387,1.8140310586176596,8.33,4.37,14.092698639942718,17.448103078024317,74.83250000000001,
1996-12-04,,,,,,,,24.0,4.429133858267686,3.297244094488166,5.56,4.055833333333333,20.579813886900478,26.843235504652796,74.675,
1996-12-05,,,,,,,,24.0,4.068241469816244,2.868000874890618,5.88,4.075,18.56657122405152,22.14566929133856,74.66,
1996-12-06,,,,,,,,24.0,3.60892388451441,3.0033355205599084,5.56,4.265416666666666,18.79026485325696,21.698282032927676,74.66,
1996-12-07,,,,,,,,24.0,8.661417322834584,6.152941819772486,7.14,5.122083333333333,25.053686471009275,29.974946313528957,74.54,
1996-12-08,,,,,,,,24.0,9.350393700787334,6.545275590551135,7.69,5.155,25.50107372942016,33.10665712240512,74.21,
1996-12-09,,,,,,,,24.0,6.233595800524889,3.800068469702129,6.67,4.510434782608696,23.264137437365758,221.45669291338558,73.74434782608695,
1996-12-10,,,,,,,,24.0,2.2309711286089082,1.3424103237095268,4.35,3.612916666666667,16.105941302791678,20.80350751610592,73.4,
1996-12-11,,,,,,,,24.0,3.149606299212576,2.847495625546786,5.88,4.17,17.8954903364352,22.14566929133856,73.4675,
1996-12-12,,,,,,,,24.0,4.396325459317554,3.6048228346456432,7.14,4.834583333333334,16.105941302791678,19.908732999284158,73.67750000000001,
1996-12-13,,,,,,,,24.0,4.101049868766375,2.925415573053347,6.67,4.729166666666667,18.56657122405152,22.14566929133856,73.2875,
1996-12-14,,,,,,,,24.0,3.248031496062969,2.198162729658777,4.76,3.8243478260869557,15.882247673586237,221.45669291338558,73.3295652173913,
1996-12-15,,,,,,,,24.0,3.9370078740157197,3.081255468066469,6.25,4.2425,17.8954903364352,22.14566929133856,73.4,
1996-12-16,,,,,,,,24.0,8.333333333333274,4.489282589676258,6.67,4.336666666666667,29.080171796707198,38.0279169649248,73.31750000000001,
1996-12-17,,,,,,,,24.0,9.284776902887073,6.742839210316053,8.33,5.867826086956521,25.27738010021472,221.45669291338558,72.85999999999999,
1996-12-18,,,,,,,,24.0,8.398950131233535,5.045658355205563,7.69,4.742916666666667,28.185397279885436,35.11989978525408,72.86,
1996-12-19,,,,,,,,24.0,10.531496062992051,8.547954943132048,8.33,5.725416666666665,31.540801717967035,40.488546886184636,72.17750000000001,
1996-12-20,,,,,,,,24.0,5.839895013123318,3.5832477462056116,7.14,4.460869565217393,17.8954903364352,221.45669291338558,71.66260869565217,
1996-12-21,,,,,,,,24.0,4.4619422572178165,3.1318350831145882,6.25,4.139166666666667,19.0139584824624,24.38260558339296,71.4425,
1996-12-22,,,,,,,,24.0,4.297900262467161,3.6854768153980486,6.25,4.46625,18.56657122405152,22.369362920544,71.4575,
1996-12-23,,,,,,,,24.0,6.233595800524889,4.5644685039369755,7.14,4.81625,23.264137437365758,27.51431639226912,71.675,
1996-12-24,,,,,,,,24.0,5.544619422572139,4.285597112860861,7.14,4.909166666666667,24.38260558339296,29.303865425912637,71.81,
1996-12-25,,,,,,,,24.0,7.21784776902882,5.592465004374413,7.14,4.924166666666667,23.71152469577664,28.409090909090875,71.33,
1996-12-26,,,,,,,,24.0,4.068241469816244,2.999234470691142,5.88,4.21125,18.342877594846076,21.250894774516798,71.6375,
1996-12-27,,,,,,,,24.0,2.7230971128608727,1.9630358705161712,5.26,3.782083333333333,20.579813886900478,24.38260558339296,71.96,
1996-12-28,,,,,,,,24.0,2.2637795275590387,1.7087707786526563,4.55,3.800416666666667,12.303149606299199,14.092698639942718,72.095,
1996-12-29,,,,,,,,24.0,2.099737532808384,1.850940507436557,4.76,3.625,14.092698639942718,16.32963493199712,71.75,
1996-12-30,,,,,,,,24.0,2.427821522309694,1.947998687664028,5.0,3.8387499999999997,12.07945597709376,14.092698639942718,71.74249999999999,
1996-12-31,,,,,,,,24.0,2.132545931758515,1.6240157480314843,6.25,4.095833333333333,12.07945597709376,14.31639226914816,71.78,
1997-01-01,,,,,,,,24.0,2.198162729658777,1.2726924759404983,6.67,3.8095833333333338,18.79026485325696,23.487831066571196,71.3375,
1997-01-02,,,,,,,,24.0,1.017060367454061,0.9143558142188684,7.14,4.620869565217391,7.15819613457408,221.45669291338558,71.69391304347826,
1997-01-03,,,,,,,,24.0,1.246719160104978,0.7124109486314161,6.67,4.223333333333334,12.303149606299199,221.45669291338558,71.70285714285714,
1997-01-04,,,,,,,,24.0,2.985564304461921,2.379975940507419,5.26,3.8337499999999998,17.000715819613436,19.68503937007872,72.47,
1997-01-05,,,,,,,,24.0,4.26509186351703,3.6977799650043477,6.25,4.63625,16.55332856120256,20.132426628489597,72.7475,
1997-01-06,,,,,,,,24.0,3.2808398950131,2.5945975503061938,6.25,4.485,13.19792412312096,15.658554044380798,72.3125,
1997-01-07,,,,,,,,24.0,5.314960629921222,3.621227034120709,6.25,4.316666666666667,22.816750178954877,26.39584824624192,72.22999999999999,
1997-01-08,,,,,,,,24.0,5.807086614173187,4.2773950131233285,6.25,4.47375,24.15891195418752,30.422333571939838,72.5225,
1997-01-09,,,,,,,,24.0,14.862204724409343,9.07855268091482,9.09,5.8152380952380955,33.33035075161056,221.45669291338558,72.06636363636363,
1997-01-10,,,,,,,,24.0,12.729658792650827,7.182305336832844,10.0,6.067083333333334,25.27738010021472,32.4355762347888,72.1625,
1997-01-11,,,,,,,,24.0,6.102362204724366,4.455107174103205,6.67,4.860833333333333,21.250894774516798,27.290622763063677,72.335,
1997-01-12,,,,,,,,24.0,5.24934383202096,3.3163823272090758,6.25,4.201250000000001,20.356120257695036,26.843235504652796,71.96,
1997-01-13,,,,,,,,24.0,7.545931758530129,6.792705599300039,7.14,5.202916666666666,26.619541875447357,33.33035075161056,71.96,
1997-01-14,,,,,,,,24.0,7.480314960629867,5.872703412073449,6.67,5.039583333333333,24.829992841803836,29.974946313528957,71.9225,
1997-01-15,,,,,,,,24.0,6.692913385826724,5.562390638670126,6.67,4.997916666666666,24.15891195418752,28.85647816750176,71.75750000000001,
1997-01-16,,,,,,,,24.0,9.18635170603668,7.432469378827593,7.69,5.305,29.527559055118076,37.58052970651392,70.7,
1997-01-17,,,,,,,,24.0,10.137795275590479,6.032644356955338,7.69,5.046666666666667,25.948460987831037,34.896206156048635,70.475,
1997-01-18,,,,,,,,24.0,5.118110236220436,3.705982064741881,6.25,4.3429166666666665,22.369362920544,30.1986399427344,70.13,
1997-01-19,,,,,,,,24.0,3.346456692913362,2.461996937882747,5.0,3.8108333333333335,17.67179670722976,23.487831066571196,70.1375,
1997-01-20,,,,,,,,24.0,2.919947506561659,1.9671369203849376,5.0,3.975833333333334,12.75053686471008,17.22440944881888,70.0475,
1997-01-21,,,,,,,,24.0,3.477690288713886,1.5693350831145993,5.0,3.7391666666666663,20.579813886900478,25.053686471009275,70.1075,
1997-01-22,,,,,,,,24.0,5.479002624671876,4.1809311879493025,6.25,4.6195652173913055,20.579813886900478,24.829992841803836,70.16,
1997-01-23,,,,,,,,24.0,3.6417322834645414,2.919947506561659,6.67,4.78,14.540085898353599,17.8954903364352,70.37,
1997-01-24,,,,,,,,24.0,4.658792650918602,3.710083114610647,6.25,4.457083333333333,19.908732999284158,23.71152469577664,70.34,
1997-01-25,,,,,,,,24.0,5.282152230971091,3.5675567727946795,6.25,4.253913043478262,23.264137437365758,221.45669291338558,70.41043478260868,
1997-01-26,,,,,,,,24.0,6.069553805774235,5.392880577427783,7.14,4.7908333333333335,23.487831066571196,28.185397279885436,70.1,
1997-01-27,,,,,,,,24.0,5.413385826771615,4.492016622922103,6.67,4.705416666666667,21.474588403722237,24.829992841803836,69.98,
1997-01-28,,,,,,,,24.0,3.904199475065589,2.8064851268591227,6.25,4.265,25.7247673586256,30.422333571939838,70.04,
1997-01-29,,,,,,,,24.0,5.314960629921222,4.040901137357801,6.25,4.39125,24.38260558339296,29.527559055118076,69.55250000000001,
1997-01-30,,,,,,,,24.0,3.8057742782151958,2.9773622047243884,5.88,4.0625,17.8954903364352,21.92197566213312,70.355,
1997-01-31,,,,,,,,24.0,2.526246719160087,1.4080271216097888,5.88,3.563333333333333,13.421617752326398,17.22440944881888,70.535,
1997-02-01,,,,,,,,24.0,1.9028871391075979,1.6841644794400579,4.55,3.56,12.75053686471008,221.45669291338558,69.785,
1997-02-02,,,,,,,,24.0,2.2309711286089082,1.7573890220244086,6.25,3.8521739130434787,14.540085898353599,221.45669291338558,69.30695652173912,
1997-02-03,,,,,,,,24.0,3.018372703412052,2.281550743657027,5.56,3.85875,16.55332856120256,20.579813886900478,69.35,
1997-02-04,,,,,,,,24.0,3.444881889763755,2.9677930883639334,6.25,4.104583333333333,17.000715819613436,20.132426628489597,69.2225,
1997-02-05,,,,,,,,24.0,2.985564304461921,2.564523184601906,6.67,4.482083333333334,17.8954903364352,21.02720114531136,70.205,
1997-02-06,,,,,,,,24.0,4.133858267716506,3.0467072297780735,5.88,4.237272727272728,19.461345740873277,221.45669291338558,70.65090909090908,
1997-02-07,,,,,,,,24.0,2.0013123359579907,1.2275809273840683,4.55,3.35375,18.56657122405152,22.593056549749438,71.525,
1997-02-08,,,,,,,,24.0,6.59448818897633,4.322506561679759,7.14,4.414583333333334,23.04044380816032,29.080171796707198,71.195,
1997-02-09,,,,,,,,24.0,4.133858267716506,2.6547462817147665,5.88,4.162083333333333,16.777022190407997,21.250894774516798,70.52,
1997-02-10,,,,,,,,24.0,3.0839895013123138,2.423720472440928,5.0,3.7724999999999995,20.80350751610592,26.619541875447357,70.61,
1997-02-11,,,,,,,,24.0,3.6417322834645414,2.4223534558180053,5.56,4.105833333333333,18.119183965640637,22.369362920544,67.16,
1997-02-12,,,,,,,,24.0,3.2152230971128377,1.2685914260717321,8.33,3.514583333333333,19.908732999284158,25.50107372942016,65.735,
1997-02-13,,,,,,,,24.0,8.825459317585238,5.975407965308641,7.14,5.0313043478260875,31.540801717967035,221.45669291338558,67.50695652173913,
1997-02-14,,,,,,,,24.0,4.691601049868733,3.561850964281613,6.67,4.639565217391305,24.38260558339296,221.45669291338558,69.89391304347825,
1997-02-15,,,,,,,,24.0,7.808398950131178,6.0914260717409885,7.14,5.127916666666667,24.606299212598397,34.44881889763776,69.9125,
1997-02-16,,,,,,,,24.0,5.807086614173187,4.492016622922103,6.67,4.602916666666666,19.908732999284158,25.948460987831037,69.3425,
1997-02-17,,,,,,,,24.0,5.019685039370043,4.057305336832867,6.25,4.32125,23.04044380816032,26.843235504652796,69.25999999999999,
1997-02-18,,,,,,,,24.0,5.150918635170567,4.511154855643013,6.25,4.61375,21.92197566213312,27.51431639226912,69.2225,
1997-02-19,,,,,,,,24.0,4.035433070866113,3.4149263950701574,6.67,4.374782608695653,18.56657122405152,221.45669291338558,69.55739130434785,
1997-02-20,,,,,,,,24.0,4.494750656167947,3.317749343831997,7.14,4.267083333333333,19.0139584824624,21.92197566213312,69.6425,
1997-02-21,,,,,,,,24.0,5.872703412073449,4.798228346456659,8.33,4.880833333333333,21.698282032927676,25.7247673586256,69.53,
1997-02-22,,,,,,,,24.0,5.019685039370043,4.054571303587023,7.14,4.75,22.14566929133856,221.45669291338558,69.88250000000001,
1997-02-23,,,,,,,,24.0,6.5616797900262,5.618438320209933,6.67,4.89625,24.38260558339296,29.080171796707198,69.52250000000001,
1997-02-24,,,,,,,,24.0,6.6601049868765925,5.504975940507397,6.67,4.9525,22.593056549749438,27.961703650679997,69.65,
1997-02-25,,,,,,,,24.0,6.102362204724366,5.309492563429534,7.14,4.885416666666667,23.04044380816032,27.961703650679997,69.6275,
1997-02-26,,,,,,,,24.0,4.59317585301834,3.705982064741881,6.25,4.364583333333333,19.461345740873277,24.38260558339296,70.025,
1997-02-27,,,,,,,,24.0,4.26509186351703,3.433945756780378,7.14,4.410416666666666,18.119183965640637,22.593056549749438,70.25,
1997-02-28,,,,,,,,24.0,4.199475065616768,3.7387310281866677,7.69,4.738695652173914,18.56657122405152,221.45669291338558,70.49652173913043,
1997-03-01,,,,,,,,24.0,4.691601049868733,3.9520450568678624,7.14,4.7995833333333335,21.250894774516798,24.15891195418752,70.28,
1997-03-02,,,,,,,,24.0,3.8385826771653266,3.440780839894989,8.33,4.8933333333333335,16.777022190407997,18.79026485325696,70.475,
1997-03-03,,,,,,,,24.0,3.346456692913362,2.838639735250464,7.14,4.509565217391304,17.22440944881888,221.45669291338558,70.80173913043478,
1997-03-04,,,,,,,,24.0,2.887139107611528,2.2104658792650764,9.09,5.0175,12.07945597709376,14.31639226914816,71.87,
1997-03-05,,,,,,,,24.0,1.8700787401574668,1.619914698162718,6.25,4.111666666666667,12.974230493915519,14.763779527559038,71.705,
1997-03-06,,,,,,,,24.0,8.136482939632488,4.97867454068238,7.14,4.8425,27.06692913385824,33.10665712240512,70.9475,
1997-03-07,,,,,,,,24.0,7.906824146981571,5.800251531058578,6.67,5.039166666666667,22.816750178954877,28.85647816750176,70.11500000000001,
1997-03-08,,,,,,,,24.0,4.101049868766375,3.3587598425196608,6.67,4.6450000000000005,15.882247673586237,19.68503937007872,70.1825,
1997-03-09,,,,,,,,24.0,2.690288713910742,2.2870188101487146,7.14,4.369583333333333,15.43486041517536,17.8954903364352,70.325,
1997-03-10,,,,,,,,24.0,1.9356955380577288,1.6561109209174822,8.33,4.98695652173913,8.9477451682176,221.45669291338558,70.61391304347826,
1997-03-11,,,,,,,,24.0,1.9685039370078599,1.5091863517060258,9.09,5.58125,5.816034359341439,7.381889763779519,71.61500000000001,
1997-03-12,,,,,,,,24.0,1.9356955380577288,1.3779527559055018,9.09,4.385416666666667,13.421617752326398,15.211166785969919,71.015,
1997-03-13,,,,,,,,24.0,5.118110236220436,3.2357283464566695,7.14,4.246666666666667,23.264137437365758,27.290622763063677,70.7675,
1997-03-14,,,,,,,,24.0,4.527559055118077,3.7661307961504544,7.69,4.8950000000000005,24.829992841803836,28.63278453829632,71.0,
1997-03-15,,,,,,,,24.0,5.216535433070829,3.3546587926508944,5.88,4.1175,21.02720114531136,25.948460987831037,71.3975,
1997-03-16,,,,,,,,24.0,6.069553805774235,4.254155730533653,6.25,4.55875,21.02720114531136,25.27738010021472,71.255,
1997-03-17,,,,,,,,24.0,4.26509186351703,3.572014435695513,6.25,4.42875,22.369362920544,26.39584824624192,70.6925,
1997-03-18,,,,,,,,24.0,3.379265091863493,2.75317147856516,9.09,4.46,20.579813886900478,24.38260558339296,70.50500000000001,
1997-03-19,,,,,,,,24.0,3.5433070866141483,2.7559055118110036,8.33,5.304166666666667,10.51360057265568,13.19792412312096,70.66999999999999,
1997-03-20,,,,,,,,24.0,4.4619422572178165,2.4647309711285916,8.33,4.670416666666667,20.356120257695036,23.935218324982078,70.265,
1997-03-21,,,,,,,,24.0,3.8385826771653266,3.3191163604549194,7.69,4.8116666666666665,19.0139584824624,22.369362920544,69.7925,
1997-03-22,,,,,,,,24.0,4.396325459317554,3.6772747156605163,5.88,4.332916666666667,19.23765211166784,22.593056549749438,70.265,
1997-03-23,,,,,,,,24.0,3.2808398950131,2.3075240594925472,5.26,3.9500000000000006,15.43486041517536,17.67179670722976,70.16,
1997-03-24,,,,,,,,24.0,4.0026246719159815,2.4278215223096935,5.26,3.765,18.342877594846076,21.250894774516798,70.1225,
1997-03-25,,,,,,,,24.0,4.035433070866113,2.8953412073490603,5.88,4.255416666666666,15.658554044380798,19.23765211166784,70.4,
1997-03-26,,,,,,,,24.0,2.427821522309694,2.2200349956255314,6.67,4.759583333333333,11.85576234788832,13.869005010737279,71.04499999999999,
1997-03-27,,,,,,,,24.0,1.9028871391075979,1.475010936132973,5.88,4.618333333333333,8.9477451682176,10.289906943450239,72.5375,
1997-03-28,,,,,,,,24.0,1.8372703412073361,1.1004483814523107,5.26,3.591666666666667,12.303149606299199,14.987473156764478,71.945,
1997-03-29,,,,,,,,24.0,2.395013123359563,1.8605096237970122,5.26,3.9133333333333336,24.829992841803836,33.554044380815995,70.37,
1997-03-30,,,,,,,,24.0,2.066929133858253,1.7853237095362953,5.26,4.006666666666667,12.974230493915519,16.55332856120256,70.7375,
1997-03-31,,,,,,,,24.0,8.464566929133799,4.677930883639512,7.69,4.580416666666666,28.85647816750176,35.34359341445952,69.9725,
1997-04-01,,,,,,,,24.0,5.4461942257217455,3.075787401574781,6.25,4.1970833333333335,21.02720114531136,25.27738010021472,69.53,
1997-04-02,,,,,,,,24.0,4.101049868766375,3.29997812773401,6.67,4.402916666666666,19.908732999284158,24.15891195418752,69.575,
1997-04-03,,,,,,,,24.0,5.938320209973711,4.20084208223969,7.14,4.685,19.461345740873277,23.487831066571196,70.42999999999999,
1997-04-04,,,,,,,,24.0,6.725721784776854,5.451662292213434,7.14,5.059166666666667,24.829992841803836,28.85647816750176,70.625,
1997-04-05,,,,,,,,24.0,8.300524934383143,6.856955380577379,8.33,5.5612499999999985,25.7247673586256,31.093414459556158,70.2425,
1997-04-06,,,,,,,,23.0,6.463254593175806,5.51466392787854,7.69,5.433478260869564,20.579813886900478,24.15891195418752,69.98782608695653,
1997-04-07,,,,,,,,24.0,4.330708661417292,3.224792213473293,7.14,4.6975,20.356120257695036,25.7247673586256,70.54249999999999,
1997-04-08,,,,,,,,24.0,5.872703412073449,4.4305008748906065,6.25,4.609583333333333,23.935218324982078,27.961703650679997,70.0925,
1997-04-09,,,,,,,,24.0,4.59317585301834,3.476323272090964,6.25,4.31,20.356120257695036,24.15891195418752,70.0025,
1997-04-10,,,,,,,,24.0,5.57742782152227,3.9493110236220192,6.25,4.415833333333333,21.474588403722237,25.7247673586256,69.7475,
1997-04-11,,,,,,,,24.0,11.253280839894932,7.954669728783845,9.09,5.67875,25.053686471009275,33.33035075161056,70.295,
1997-04-12,,,,,,,,24.0,9.514435695537989,5.90551181102358,9.09,5.723333333333334,23.04044380816032,28.63278453829632,71.09,
1997-04-13,,,,,,,,24.0,4.133858267716506,3.5378390201224597,7.69,4.492500000000001,18.79026485325696,22.593056549749438,70.7825,
1997-04-14,,,,,,,,24.0,5.282152230971091,4.199475065616768,6.25,4.398333333333333,21.474588403722237,26.39584824624192,70.52,
1997-04-15,,,,,,,,24.0,5.544619422572139,4.109251968503908,6.67,4.831666666666666,18.342877594846076,21.474588403722237,69.7925,
1997-04-16,,,,,,,,24.0,2.657480314960611,2.1926946631670887,5.88,4.151666666666666,15.211166785969919,17.448103078024317,69.97999999999999,
1997-04-17,,,,,,,,24.0,5.741469816272925,3.2425634295712804,5.88,4.168749999999999,24.38260558339296,28.409090909090875,69.08,
1997-04-18,,,,,,,,24.0,9.120734908136416,5.361439195100574,7.14,4.83625,29.527559055118076,34.6725125268432,70.19749999999999,
1997-04-19,,,,,,,,24.0,3.018372703412052,1.6663932633420704,4.76,3.5775000000000006,17.22440944881888,21.02720114531136,70.835,
1997-04-20,,,,,,,,24.0,3.7401574803149336,2.5453849518809966,5.56,3.9666666666666663,16.777022190407997,20.356120257695036,70.99249999999999,
1997-04-21,,,,,,,,24.0,2.5918635170603492,1.7880577427821396,4.76,3.6479166666666667,11.85576234788832,14.092698639942718,71.21,
1997-04-22,,,,,,,,24.0,3.6417322834645414,2.948654855643024,7.14,4.6175,16.55332856120256,19.461345740873277,72.11749999999999,
1997-04-23,,,,,,,,24.0,8.005249343831963,6.035254115962735,7.14,5.1040909090909095,26.619541875447357,221.45669291338558,71.32608695652175,
1997-04-24,,,,,,,,24.0,4.59317585301834,2.790080927384057,7.69,4.663333333333333,15.43486041517536,19.23765211166784,71.255,
1997-04-25,,,,,,,,24.0,5.511811023622007,3.5830225169222003,7.69,4.238421052631578,26.843235504652796,221.45669291338558,70.77199999999999,
1997-04-26,,,,,,,,24.0,6.88976377952751,6.229494750656123,7.69,5.184583333333333,29.303865425912637,36.01467430207584,70.295,
1997-04-27,,,,,,,,24.0,6.332020997375283,5.381944444444406,9.09,5.349166666666666,24.38260558339296,30.1986399427344,70.5125,
1997-04-28,,,,,,,,24.0,10.367454068241397,7.160433070866089,9.09,5.7425,23.935218324982078,30.1986399427344,71.4575,
1997-04-29,,,,,,,,24.0,9.908136482939561,6.713418635170556,10.0,6.185833333333332,22.593056549749438,27.290622763063677,71.50999999999999,
1997-04-30,,,,,,,,24.0,3.412073490813624,2.263779527559039,9.09,5.159166666666667,7.15819613457408,12.526843235504638,71.08250000000001,
1997-05-01,,,,,,,,24.0,1.8372703412073361,1.379319772528424,7.69,4.384166666666666,7.829277022190399,9.39513242662848,71.8325,
1997-05-02,,,,,,,,24.0,2.95275590551179,1.8249671916010368,6.67,3.9725,15.43486041517536,18.342877594846076,71.735,
1997-05-03,,,,,,,,24.0,2.821522309711266,2.4332895888013826,6.25,4.610833333333333,38.25161059413024,47.64674302075872,72.5075,
1997-05-04,,,,,,,,24.0,6.692913385826724,4.281496062992095,6.67,4.462916666666667,24.606299212598397,29.751252684323518,71.74249999999999,
1997-05-05,,,,,,,,24.0,3.051181102362183,2.3581036745406654,5.56,3.9487500000000004,17.000715819613436,21.474588403722237,71.49499999999999,
1997-05-06,,,,,,,,24.0,1.9356955380577288,1.2726924759404983,10.0,4.3225,8.27666428060128,10.96098783106656,72.47,
1997-05-07,,,,,,,,24.0,1.9356955380577288,1.2945647419072521,6.25,4.755416666666666,7.829277022190399,9.39513242662848,72.665,
1997-05-08,,,,,,,,24.0,1.31233595800524,1.0867782152230894,5.56,3.920416666666666,11.184681460272,12.974230493915519,72.54499999999999,
1997-05-09,,,,,,,,24.0,1.6076115485564189,1.390790825059901,5.88,4.521304347826087,7.381889763779519,221.45669291338558,73.58,
1997-05-10,,,,,,,,24.0,5.839895013123318,2.8707349081364626,6.25,4.322916666666667,22.14566929133856,26.39584824624192,72.4025,
1997-05-11,,,,,,,,24.0,3.2152230971128377,2.7873468941382127,5.26,4.022916666666667,17.448103078024317,20.579813886900478,71.81,
1997-05-12,,,,,,,,24.0,3.9370078740157197,2.370406824146965,5.26,4.015416666666667,21.698282032927676,25.27738010021472,71.74249999999999,
1997-05-13,,,,,,,,24.0,3.018372703412052,2.3676727909011204,7.69,4.509583333333333,12.75053686471008,15.658554044380798,71.585,
1997-05-14,,,,,,,,24.0,2.132545931758515,1.3601815398075143,7.69,3.9308333333333336,10.96098783106656,12.526843235504638,73.1525,
1997-05-15,,,,,,,,24.0,1.148293963254585,1.0252624671915938,5.56,3.5870833333333336,11.184681460272,12.974230493915519,73.685,
1997-05-16,,,,,,,,24.0,1.673228346456681,1.082677165354323,8.33,3.762916666666667,10.96098783106656,12.75053686471008,73.6025,
1997-05-17,,,,,,,,24.0,1.345144356955371,0.9801509186351637,8.33,3.8554166666666667,10.51360057265568,12.07945597709376,73.6625,
1997-05-18,,,,,,,,24.0,1.476377952755895,1.1523950131233514,6.25,4.024166666666667,14.540085898353599,16.32963493199712,73.475,
1997-05-19,,,,,,,,24.0,1.574803149606288,1.3779527559055023,9.09,4.37086956521739,7.829277022190399,221.45669291338558,73.31391304347827,
1997-05-20,,,,,,,,24.0,1.6076115485564189,1.3301071741032278,9.09,4.574166666666667,6.710808876163199,7.15819613457408,75.095,
1997-05-21,,,,,,,,24.0,1.082677165354323,0.9241032370953565,10.0,4.9775,7.6055833929849594,8.9477451682176,76.67750000000001,
1997-05-22,,,,,,,,24.0,1.31233595800524,0.898129921259836,10.0,5.0575,7.6055833929849594,9.39513242662848,77.825,
1997-05-23,,,,,,,,24.0,1.3779527559055018,0.8458861120620731,10.0,4.768260869565218,12.303149606299199,221.45669291338558,78.57304347826087,
1997-05-24,,,,,,,,24.0,2.29658792650917,1.7388451443569426,5.26,3.866666666666667,12.75053686471008,15.211166785969919,77.015,
1997-05-25,,,,,,,,24.0,3.444881889763755,3.0006014873140643,6.25,4.499583333333333,17.8954903364352,22.593056549749438,76.9175,
1997-05-26,,,,,,,,24.0,4.0026246719159815,2.8092191601049663,7.69,4.757916666666667,14.540085898353599,17.000715819613436,77.61500000000001,
1997-05-27,,,,,,,,24.0,2.0013123359579907,1.5871062992125868,7.14,4.470833333333333,7.6055833929849594,8.9477451682176,79.86500000000001,
1997-05-28,,,,,,,,24.0,3.7729658792650644,2.072634942371319,6.25,4.150434782608697,19.461345740873277,221.45669291338558,78.97217391304348,
1997-05-29,,,,,,,,24.0,6.3976377952755445,4.847440944881854,7.69,5.01625,21.92197566213312,26.843235504652796,77.3975,
1997-05-30,,,,,,,,24.0,5.216535433070829,3.4394138232720666,6.67,4.585416666666667,18.342877594846076,21.698282032927676,76.90249999999999,
1997-05-31,,,,,,,,24.0,4.494750656167947,2.5863954505686606,5.56,4.1308333333333325,21.250894774516798,27.290622763063677,75.50750000000001,
1997-06-01,,,,,,,,24.0,3.444881889763755,2.7381342957130164,5.88,4.329583333333333,16.777022190407997,20.132426628489597,75.77,
1997-06-02,,,,,,,,24.0,2.690288713910742,2.2514763779527396,5.88,4.135416666666667,14.540085898353599,221.45669291338558,75.335,
1997-06-03,,,,,,,,24.0,2.887139107611528,2.1393810148731256,5.88,4.209583333333334,15.882247673586237,19.461345740873277,76.67750000000001,
1997-06-04,,,,,,,,24.0,1.804461942257205,1.345144356955371,7.69,3.6354166666666665,13.645311381531839,15.658554044380798,76.745,
1997-06-05,,,,,,,,24.0,4.92125984251965,2.9431867891513352,7.69,4.417083333333333,20.579813886900478,23.935218324982078,77.2775,
1997-06-06,,,,,,,,24.0,5.839895013123318,3.548775153105837,7.14,4.578333333333333,21.698282032927676,25.053686471009275,76.52000000000001,
1997-06-07,,,,,,,,24.0,2.526246719160087,1.7265419947506437,5.56,3.7808333333333337,12.974230493915519,15.43486041517536,76.775,
1997-06-08,,,,,,,,24.0,3.6417322834645414,2.7996500437445113,6.25,4.055416666666667,18.342877594846076,22.369362920544,76.85,
1997-06-09,,,,,,,,24.0,9.776902887139038,6.933508311461018,8.33,5.212083333333333,29.303865425912637,33.77773801002144,76.925,
1997-06-10,,,,,,,,24.0,8.497375328083928,6.7995406824146505,7.69,5.47375,25.948460987831037,31.540801717967035,76.985,
1997-06-11,,,,,,,,24.0,3.904199475065589,3.308180227471543,7.14,4.649583333333333,17.448103078024317,20.579813886900478,77.1575,
1997-06-12,,,,,,,,24.0,2.460629921259825,1.57617016622921,7.69,4.394583333333333,12.75053686471008,14.540085898353599,78.77000000000001,
1997-06-13,,,,,,,,24.0,1.9028871391075979,1.68553149606298,7.69,4.11125,14.987473156764478,17.448103078024317,78.74000000000001,
1997-06-14,,,,,,,,24.0,2.657480314960611,2.3693369850507646,6.25,4.245652173913043,14.987473156764478,221.45669291338558,79.06608695652174,
1997-06-15,,,,,,,,24.0,3.0839895013123138,2.600065616797882,6.67,4.257083333333333,14.987473156764478,18.119183965640637,79.325,
1997-06-16,,,,,,,,24.0,2.132545931758515,1.6827974628171356,7.69,4.510833333333333,8.724051539012159,10.289906943450239,79.93249999999999,
1997-06-17,,,,,,,,24.0,3.149606299212576,2.40594925634294,7.69,4.295416666666667,14.763779527559038,24.15891195418752,80.1725,
1997-06-18,,,,,,,,24.0,4.035433070866113,3.2384623797025145,6.67,4.58,19.461345740873277,23.264137437365758,80.13499999999999,
1997-06-19,,,,,,,,24.0,3.9370078740157197,3.0675853018372483,7.69,4.9158333333333335,12.07945597709376,14.763779527559038,79.7825,
1997-06-20,,,,,,,,24.0,2.526246719160087,2.0163495188101344,9.09,4.680833333333333,13.19792412312096,16.32963493199712,80.0975,
1997-06-21,,,,,,,,24.0,1.8372703412073361,1.6253827646544066,8.33,4.8183333333333325,9.61882605583392,10.96098783106656,80.96000000000001,
1997-06-22,,,,,,,,24.0,1.9028871391075979,1.6532580166609492,6.25,4.925652173913043,12.75053686471008,14.987473156764478,81.65,
1997-06-23,,,,,,,,24.0,2.329396325459301,1.7274335273308108,7.69,4.36,19.908732999284158,221.45669291338558,81.7426086956522,
1997-06-24,,,,,,,,24.0,2.8543307086613967,1.8523075240594793,8.33,4.280833333333334,15.211166785969919,19.23765211166784,81.61999999999999,
1997-06-25,,,,,,,,24.0,3.051181102362183,2.638342082239701,5.88,4.460416666666667,17.000715819613436,19.68503937007872,81.155,
1997-06-26,,,,,,,,24.0,2.460629921259825,2.012248468941368,7.69,4.77375,9.39513242662848,10.96098783106656,81.995,
1997-06-27,,,,,,,,24.0,1.9685039370078599,1.7538823272090867,8.33,5.103333333333333,9.171438797423038,11.184681460272,82.7525,
1997-06-28,,,,,,,,24.0,2.034120734908122,1.5830052493438207,10.0,5.383749999999999,8.27666428060128,10.51360057265568,83.9075,
1997-06-29,,,,,,,,24.0,1.3779527559055018,1.224846894138224,9.09,5.1554166666666665,7.6055833929849594,9.171438797423038,83.765,
1997-06-30,,,,,,,,24.0,1.246719160104978,1.0867782152230894,8.33,4.73125,7.6055833929849594,9.61882605583392,84.3875,
1997-07-01,,,,,,,,24.0,2.2309711286089082,1.3779527559055018,8.33,3.8625000000000003,14.987473156764478,17.67179670722976,84.2225,
1997-07-02,,,,,,,,24.0,4.101049868766375,3.2551637567043015,5.56,4.270434782608696,17.22440944881888,221.45669291338558,83.59739130434782,
1997-07-03,,,,,,,,24.0,3.182414698162707,2.2081478945566433,5.0,4.054347826086956,14.31639226914816,221.45669291338558,84.35652173913044,
1997-07-04,,,,,,,,24.0,2.0013123359579907,1.4900481189851165,9.09,4.235833333333333,10.289906943450239,12.07945597709376,85.6325,
1997-07-05,,,,,,,,24.0,4.0026246719159815,2.299321959755014,9.09,3.9970833333333338,23.935218324982078,28.185397279885436,84.92750000000001,
1997-07-06,,,,,,,,24.0,2.526246719160087,1.8605096237970118,5.88,4.392916666666667,9.171438797423038,12.303149606299199,84.9425,
1997-07-07,,,,,,,,24.0,1.509186351706026,1.2986657917760187,4.0,3.6841666666666666,14.31639226914816,17.22440944881888,84.7775,
1997-07-08,,,,,,,,24.0,1.8372703412073361,1.1882346228460485,9.09,4.821739130434784,7.829277022190399,221.45669291338558,86.84521739130435,
1997-07-09,,,,,,,,24.0,2.460629921259825,2.066929133858253,8.33,4.78875,11.85576234788832,14.540085898353599,85.67750000000001,
1997-07-10,,,,,,,,24.0,2.329396325459301,1.8536745406824013,10.0,4.244166666666666,17.448103078024317,22.14566929133856,85.295,
1997-07-11,,,,,,,,24.0,1.6076115485564189,1.3166153143900396,8.33,4.17304347826087,10.737294201861118,221.45669291338558,85.0608695652174,
1997-07-12,,,,,,,,24.0,1.246719160104978,0.8803587051618486,9.09,4.293333333333333,23.487831066571196,35.11989978525408,86.21,
1997-07-13,,,,,,,,24.0,1.1811023622047159,0.8680555555555494,9.09,3.9595833333333332,12.75053686471008,15.43486041517536,85.685,
1997-07-14,,,,,,,,24.0,1.5419947506561569,1.215277777777769,9.09,4.294999999999999,11.184681460272,13.421617752326398,85.52,
1997-07-15,,,,,,,,24.0,1.476377952755895,1.0895122484689337,9.09,3.73375,13.421617752326398,17.8954903364352,85.2275,
1997-07-16,,,,,,,,24.0,2.657480314960611,1.1182195975502982,9.09,4.363333333333333,27.06692913385824,31.98818897637792,86.525,
1997-07-17,,,,,,,,24.0,2.62467191601048,2.0970034995625397,7.69,4.820833333333333,12.303149606299199,14.540085898353599,85.79,
1997-07-18,,,,,,,,24.0,7.414698162729605,5.301290463692001,8.33,5.837500000000001,25.27738010021472,29.527559055118076,85.07,
1997-07-19,,,,,,,,24.0,9.153543307086549,7.931073833162102,9.09,5.88304347826087,27.51431639226912,221.45669291338558,83.89478260869564,
1997-07-20,,,,,,,,24.0,7.3818897637794745,5.8932086614172805,8.33,5.2891666666666675,23.935218324982078,29.974946313528957,83.11999999999999,
1997-07-21,,,,,,,,24.0,5.052493438320174,3.4626531058617425,6.67,4.550833333333333,19.68503937007872,23.04044380816032,83.3525,
1997-07-22,,,,,,,,24.0,2.198162729658777,1.5941022078122473,5.26,4.222941176470589,10.737294201861118,221.45669291338558,84.54941176470588,
1997-07-23,,,,,,,,24.0,1.246719160104978,1.0799431321084787,6.67,4.1225,7.6055833929849594,8.9477451682176,85.0925,
1997-07-24,,,,,,,,24.0,1.345144356955371,1.081310148731401,8.33,4.485416666666667,9.84251968503936,12.07945597709376,85.8575,
1997-07-25,,,,,,,,24.0,1.64041994750655,1.3273731408573834,9.09,5.10375,6.487115246957759,7.829277022190399,86.98249999999999,
1997-07-26,,,,,,,,24.0,2.3622047244094317,1.9438976377952617,10.0,5.69,13.19792412312096,18.56657122405152,86.0675,
1997-07-27,,,,,,,,24.0,2.099737532808384,1.588473315835509,11.11,5.380833333333334,9.84251968503936,15.658554044380798,86.47999999999999,
1997-07-28,,,,,,,,24.0,1.673228346456681,1.388888888888879,10.0,4.758333333333334,10.51360057265568,12.526843235504638,86.195,
1997-07-29,,,,,,,,24.0,2.0013123359579907,1.577537182852132,10.0,4.29625,17.22440944881888,23.264137437365758,85.295,
1997-07-30,,,,,,,,24.0,2.526246719160087,2.0204505686789007,8.33,3.9924999999999997,14.31639226914816,17.000715819613436,85.30999999999999,
1997-07-31,,,,,,,,24.0,3.5433070866141483,2.740992603197307,6.25,4.204090909090909,17.22440944881888,221.45669291338558,84.99826086956523,
1997-08-01,,,,,,,,24.0,5.1837270341206985,3.8385826771653275,6.25,4.349583333333333,26.619541875447357,32.211882605583355,84.33500000000001,
1997-08-02,,,,,,,,24.0,8.267716535433012,4.910323709536273,7.14,4.732916666666667,26.39584824624192,31.093414459556158,83.4425,
1997-08-03,,,,,,,,24.0,4.527559055118077,3.523336756818416,7.14,4.55,20.80350751610592,27.738010021474558,83.18,
1997-08-04,,,,,,,,24.0,2.919947506561659,2.591863517060349,5.88,4.098260869565218,15.658554044380798,19.23765211166784,83.36749999999999,
1997-08-05,,,,,,,,24.0,3.412073490813624,2.8343603788656653,5.26,4.37608695652174,17.22440944881888,221.45669291338558,83.72260869565217,
1997-08-06,,,,,,,,24.0,2.2637795275590387,1.6786964129483692,9.09,4.445833333333333,9.84251968503936,11.408375089477438,84.41,
1997-08-07,,,,,,,,24.0,1.246719160104978,1.0881452318460114,9.09,5.239999999999999,4.69756621331424,7.15819613457408,85.45250000000001,
1997-08-08,,,,,,,,24.0,2.034120734908122,1.5214895013123249,8.33,4.99125,8.052970651395839,9.61882605583392,85.655,
1997-08-09,,,,,,,,24.0,2.493438320209956,1.9685039370078599,5.88,4.742272727272728,8.9477451682176,221.45669291338558,85.78727272727272,
1997-08-10,,,,,,,,24.0,1.443569553805764,1.181102362204716,10.0,4.887499999999999,11.184681460272,13.645311381531839,85.6475,
1997-08-11,,,,,,,,24.0,2.559055118110218,1.9397965879264951,9.09,4.0008333333333335,16.105941302791678,22.369362920544,84.65,
1997-08-12,,,,,,,,24.0,2.0013123359579907,1.5994094488188861,4.76,3.8891666666666667,12.75053686471008,15.43486041517536,85.11500000000001,
1997-08-13,,,,,,,,24.0,1.410761154855633,1.049868766404192,8.33,4.2995833333333335,8.052970651395839,19.0139584824624,86.36,
1997-08-14,,,,,,,,24.0,1.049868766404192,0.9200021872265902,8.33,4.949166666666667,9.39513242662848,11.632068718682879,86.63,
1997-08-15,,,,,,,,24.0,1.3779527559055018,1.171533245844261,7.69,3.7583333333333333,12.974230493915519,19.461345740873277,86.2475,
1997-08-16,,,,,,,,24.0,1.64041994750655,1.3205380577427728,8.33,4.009583333333333,13.19792412312096,15.211166785969919,86.75,
1997-08-17,,,,,,,,24.0,1.5419947506561569,1.2795275590551087,8.33,4.37125,12.07945597709376,15.211166785969919,86.2625,
1997-08-18,,,,,,,,24.0,1.64041994750655,1.3492454068241375,8.33,4.6225,8.9477451682176,10.51360057265568,86.705,
1997-08-19,,,,,,,,24.0,1.213910761154847,1.073108048993868,8.33,4.67,10.066213314244798,12.303149606299199,87.08,
1997-08-20,,,,,,,,24.0,1.574803149606288,1.2193788276465354,8.33,4.083333333333333,13.421617752326398,17.8954903364352,86.6,
1997-08-21,,,,,,,,24.0,3.182414698162707,2.627524820267013,5.56,4.016521739130434,21.02720114531136,221.45669291338558,86.36,
1997-08-22,,,,,,,,24.0,3.149606299212576,2.539916885389308,5.26,4.0025,25.50107372942016,32.211882605583355,85.65499999999999,
1997-08-23,,,,,,,,24.0,2.8543307086613967,2.2200349956255314,4.76,3.7987499999999996,17.22440944881888,22.816750178954877,84.70250000000001,
1997-08-24,,,,,,,,24.0,3.444881889763755,2.2737646924569046,5.26,3.919565217391304,15.658554044380798,221.45669291338558,84.56000000000002,
1997-08-25,,,,,,,,24.0,4.396325459317554,3.4320438206093553,6.67,4.526521739130436,23.935218324982078,221.45669291338558,83.70695652173913,
1997-08-26,,,,,,,,24.0,4.4619422572178165,3.485892388451419,6.67,4.534583333333333,16.55332856120256,20.356120257695036,83.83250000000001,
1997-08-27,,,,,,,,24.0,2.526246719160087,1.881014873140844,5.56,4.237916666666666,10.066213314244798,11.632068718682879,83.9075,
1997-08-28,,,,,,,,24.0,1.509186351706026,0.8940288713910698,5.26,3.76125,7.15819613457408,9.171438797423038,84.0875,
1997-08-29,,,,,,,,24.0,1.1811023622047159,0.9049650043744468,5.56,3.861666666666667,11.85576234788832,15.882247673586237,84.29749999999999,
1997-08-30,,,,,,,,24.0,0.721784776902882,0.6076686066415568,7.69,4.094347826086957,7.829277022190399,221.45669291338558,84.59913043478261,
1997-08-31,,,,,,,,24.0,0.9186351706036681,0.7845486705466109,9.09,4.613478260869565,7.6055833929849594,221.45669291338558,85.62434782608696,
1997-09-01,,,,,,,,24.0,2.985564304461921,1.6855314960629801,8.33,4.009583333333333,16.32963493199712,19.0139584824624,84.785,
1997-09-02,,,,,,,,24.0,2.887139107611528,2.37997594050742,5.88,4.14375,15.43486041517536,18.119183965640637,84.245,
1997-09-03,,,,,,,,24.0,1.64041994750655,1.007491251093606,4.76,3.6145833333333335,10.737294201861118,11.85576234788832,84.65,
1997-09-04,,,,,,,,24.0,1.8372703412073361,1.2509985164897777,4.55,3.569565217391304,14.987473156764478,221.45669291338558,84.67739130434784,
1997-09-05,,,,,,,,24.0,8.103674540682357,6.181649168853848,7.69,5.195416666666667,24.829992841803836,29.974946313528957,84.37249999999999,
1997-09-06,,,,,,,,24.0,6.5616797900262,5.376476377952717,7.14,5.104583333333333,21.474588403722237,25.50107372942016,83.27000000000001,
1997-09-07,,,,,,,,24.0,6.036745406824104,4.118821084864363,6.67,4.75375,20.80350751610592,24.38260558339296,83.11999999999999,
1997-09-08,,,,,,,,24.0,3.018372703412052,2.094269466316695,6.25,4.574583333333333,10.066213314244798,12.526843235504638,83.435,
1997-09-09,,,,,,,,24.0,2.0013123359579907,1.4886811023621942,5.88,3.9737500000000003,10.737294201861118,13.645311381531839,83.66,
1997-09-10,,,,,,,,24.0,1.443569553805764,1.0416666666666594,5.26,3.4620833333333336,13.19792412312096,16.32963493199712,83.5925,
1997-09-11,,,,,,,,24.0,1.64041994750655,1.2111767279090029,4.76,3.5408333333333335,13.421617752326398,15.43486041517536,83.45,
1997-09-12,,,,,,,,24.0,0.9514435695537989,0.612423447069112,4.17,3.5604166666666663,8.27666428060128,9.84251968503936,83.78,
1997-09-13,,,,,,,,24.0,1.082677165354323,0.7702841492639452,5.56,3.806086956521739,7.829277022190399,221.45669291338558,84.02782608695651,
1997-09-14,,,,,,,,24.0,1.082677165354323,0.9446084864391883,5.26,3.64,11.184681460272,12.974230493915519,84.905,
1997-09-15,,,,,,,,24.0,1.1154855643044541,0.9200021872265902,8.33,3.6375000000000006,9.84251968503936,13.19792412312096,84.5225,
1997-09-16,,,,,,,,24.0,1.246719160104978,1.0113545589409947,5.0,3.733478260869565,10.289906943450239,221.45669291338558,84.77130434782609,
1997-09-17,,,,,,,,24.0,1.410761154855633,0.962379702537176,7.69,3.539583333333333,12.75053686471008,15.43486041517536,84.47,
1997-09-18,,,,,,,,24.0,1.509186351706026,1.1154855643044541,5.56,3.455416666666667,12.75053686471008,14.540085898353599,83.8475,
1997-09-19,,,,,,,,24.0,1.7716535433070741,1.4464224580622973,4.76,3.692608695652175,12.07945597709376,221.45669291338558,84.17652173913044,
1997-09-20,,,,,,,,24.0,1.738845144356943,1.4298993875765427,6.67,4.144583333333333,11.408375089477438,13.421617752326398,84.04249999999999,
1997-09-21,,,,,,,,24.0,2.132545931758515,1.4941491688538824,7.14,4.177499999999999,15.211166785969919,17.22440944881888,83.87,
1997-09-22,,,,,,,,24.0,1.31233595800524,1.1018153980752328,6.25,4.405833333333334,12.526843235504638,15.882247673586237,84.2825,
1997-09-23,,,,,,,,24.0,2.7230971128608727,1.8960520559929877,5.0,3.733333333333333,15.882247673586237,18.342877594846076,83.96,
1997-09-24,,,,,,,,24.0,2.62467191601048,2.2241360454942973,5.0,3.8054166666666664,16.55332856120256,21.02720114531136,83.93,
1997-09-25,,,,,,,,24.0,6.1351706036744975,3.8713910761154575,7.14,4.274583333333333,22.14566929133856,26.619541875447357,83.8475,
1997-09-26,,,,,,,,24.0,6.003937007873973,3.9341549697591867,7.14,4.760434782608695,21.250894774516798,221.45669291338558,83.27652173913043,
1997-09-27,,,,,,,,24.0,2.7230971128608727,2.1052055993000724,7.14,4.806666666666667,10.96098783106656,14.092698639942718,83.4725,
1997-09-28,,,,,,,,24.0,3.477690288713886,2.7641076115485363,7.69,4.384583333333333,17.22440944881888,21.92197566213312,83.0075,
1997-09-29,,,,,,,,24.0,3.346456692913362,1.8987860892388315,7.14,3.7975000000000008,12.974230493915519,16.32963493199712,82.9025,
1997-09-30,,,,,,,,24.0,1.476377952755895,1.2467191601049779,4.35,3.565,10.289906943450239,14.092698639942718,83.2025,
1997-10-01,,,,,,,,24.0,2.0013123359579907,1.365649606299203,4.55,3.5925,12.526843235504638,15.43486041517536,83.00750000000001,
1997-10-02,,,,,,,,24.0,4.4619422572178165,2.8714481342005955,5.88,4.16695652173913,23.487831066571196,221.45669291338558,82.93217391304348,
1997-10-03,,,,,,,,24.0,4.035433070866113,2.4770341207348903,6.25,4.22125,19.0139584824624,23.264137437365758,83.13499999999999,
1997-10-04,,,,,,,,24.0,3.477690288713886,2.5549540682414515,5.88,3.8825000000000003,18.342877594846076,24.15891195418752,82.67750000000001,
1997-10-05,,,,,,,,24.0,3.8385826771653266,2.9322506561679584,5.56,4.047916666666667,19.908732999284158,23.935218324982078,82.7,
1997-10-06,,,,,,,,24.0,6.233595800524889,5.015405682985242,7.14,4.860869565217391,20.80350751610592,221.45669291338558,82.76000000000002,
1997-10-07,,,,,,,,24.0,5.413385826771615,4.760070752025526,7.14,4.919565217391304,19.68503937007872,221.45669291338558,82.60347826086957,
1997-10-08,,,,,,,,24.0,7.086614173228297,5.607502187226557,7.14,5.1000000000000005,22.14566929133856,26.172154617036476,82.0175,
1997-10-09,,,,,,,,24.0,7.3818897637794745,6.252982581722695,7.69,5.329090909090909,23.04044380816032,221.45669291338558,81.72909090909091,
1997-10-10,,,,,,,,24.0,7.3490813648293445,5.846456692913344,7.69,5.127,23.04044380816032,221.45669291338558,81.5409090909091,
1997-10-11,,,,,,,,24.0,6.791338582677116,5.72720529499026,7.14,5.1091304347826085,21.474588403722237,221.45669291338558,81.56,
1997-10-12,,,,,,,,24.0,7.119422572178427,6.210356517935213,7.69,5.177083333333333,23.935218324982078,29.303865425912637,81.32,
1997-10-13,,,,,,,,24.0,7.086614173228297,5.83846856099505,8.33,5.3765217391304345,23.71152469577664,28.409090909090875,81.0425,
1997-10-14,,,,,,,,24.0,4.560367454068208,3.324584426946608,7.69,5.1362499999999995,20.579813886900478,24.606299212598397,80.9675,
1997-10-15,,,,,,,,24.0,5.708661417322793,3.9821194225721497,7.14,4.6937500000000005,21.698282032927676,26.39584824624192,80.9375,
1997-10-16,,,,,,,,24.0,4.658792650918602,3.6032180760013435,5.88,4.537826086956521,23.264137437365758,221.45669291338558,80.55304347826086,
1997-10-17,,,,,,,,24.0,5.150918635170567,4.239739918873748,6.25,4.483636363636364,27.06692913385824,221.45669291338558,80.41999999999999,
1997-10-18,,,,,,,,24.0,4.986876640419912,4.041398234311591,6.25,4.415454545454544,20.356120257695036,221.45669291338558,80.09913043478262,
1997-10-19,,,,,,,,24.0,6.233595800524889,4.312164783749827,6.67,4.567826086956522,22.369362920544,29.080171796707198,79.44500000000001,
1997-10-20,,,,,,,,24.0,3.018372703412052,2.0177165354330566,5.0,3.8395454545454553,13.421617752326398,221.45669291338558,78.98000000000002,
1997-10-21,,,,,,,,24.0,1.410761154855633,1.018427384076983,4.35,3.3125,10.066213314244798,16.55332856120256,79.13000000000001,
1997-10-22,,,,,,,,24.0,2.395013123359563,1.2082049526417808,5.0,3.12695652173913,12.974230493915519,221.45669291338558,78.98000000000002,
1997-10-23,,,,,,,,24.0,3.7401574803149336,2.1027201145311234,4.76,3.6818181818181817,22.816750178954877,28.185397279885436,78.7625,
1997-10-24,,,,,,,,24.0,8.366141732283404,6.906167979002575,7.69,5.293333333333334,28.185397279885436,34.896206156048635,78.53,
1997-10-25,,,,,,,,24.0,7.119422572178427,5.187828083989464,7.69,5.368333333333335,19.0139584824624,22.816750178954877,78.7325,
1997-10-26,,,,,,,,25.0,6.299212598425152,5.144083552055957,7.69,5.0129166666666665,23.487831066571196,29.527559055118076,78.90079999999999,
1997-10-27,,,,,,,,24.0,6.299212598425152,4.915791776027962,8.33,4.913333333333333,26.172154617036476,221.45669291338558,78.557,
1997-10-28,,,,,,,,24.0,4.396325459317554,3.1441382327208873,5.88,4.43375,17.000715819613436,22.816750178954877,78.1325,
1997-10-29,,,,,,,,24.0,1.476377952755895,0.8912948381452255,8.33,3.9058333333333337,7.381889763779519,11.632068718682879,77.585,
1997-10-30,,,,,,,,24.0,1.8700787401574668,1.092662330252189,9.09,3.655652173913044,16.777022190407997,221.45669291338558,77.54,
1997-10-31,,,,,,,,24.0,4.691601049868733,3.0765330470054657,6.67,4.2695454545454545,16.777022190407997,221.45669291338558,77.34363636363638,
1997-11-01,,,,,,,,24.0,5.544619422572139,4.431867891513529,7.14,4.9325,25.27738010021472,221.45669291338558,77.18,
1997-11-02,,,,,,,,24.0,7.545931758530129,5.911476974469058,7.14,5.178636363636365,25.50107372942016,31.540801717967035,77.08250000000001,
1997-11-03,,,,,,,,24.0,7.6115485564303915,6.324564543068436,7.69,5.253181818181819,22.14566929133856,29.080171796707198,76.8125,
1997-11-04,,,,,,,,24.0,6.430446194225675,4.854216592491121,7.69,5.4165217391304346,19.461345740873277,26.619541875447357,76.19,
1997-11-05,,,,,,,,24.0,2.690288713910742,2.2364391951005964,7.14,4.3879166666666665,12.974230493915519,17.67179670722976,75.98,
1997-11-06,,,,,,,,24.0,4.101049868766375,1.9297303746122507,9.09,3.9399999999999995,22.369362920544,221.45669291338558,75.89652173913043,
1997-11-07,,,,,,,,24.0,6.496062992125938,5.4461942257217455,7.14,4.89,23.487831066571196,29.974946313528957,75.49249999999999,
1997-11-08,,,,,,,,24.0,6.1679790026246275,4.708005249343798,6.67,4.67125,21.698282032927676,29.303865425912637,74.7875,
1997-11-09,,,,,,,,24.0,3.444881889763755,2.3085182534001265,5.26,3.883636363636364,15.211166785969919,221.45669291338558,74.65181818181817,
1997-11-10,,,,,,,,24.0,1.3779527559055018,0.9227362204724343,3.7,3.2900000000000005,9.39513242662848,15.43486041517536,74.57000000000001,
1997-11-11,,,,,,,,24.0,2.821522309711266,1.574803149606288,4.35,3.347391304347826,17.8954903364352,221.45669291338558,74.38608695652174,
1997-11-12,,,,,,,,24.0,7.545931758530129,5.294990300125491,7.69,4.817391304347826,27.961703650679997,32.882963493199675,74.285,
1997-11-13,,,,,,,,24.0,7.447506561679737,6.055493063367038,8.33,5.6657142857142855,26.619541875447357,221.45669291338558,74.3,
1997-11-14,,,,,,,,24.0,7.020997375328034,6.059114769744648,8.33,5.5218181818181815,23.935218324982078,221.45669291338558,74.27652173913043,
1997-11-15,,,,,,,,24.0,4.92125984251965,3.506024815079907,6.67,4.652727272727273,16.55332856120256,221.45669291338558,74.12782608695652,
1997-11-16,,,,,,,,24.0,4.560367454068208,3.469488188976353,5.88,4.2245833333333325,20.80350751610592,221.45669291338558,73.7825,
1997-11-17,,,,,,,,24.0,6.988188976377902,4.44767773593515,6.67,4.658260869565217,21.92197566213312,27.961703650679997,73.34,
1997-11-18,,,,,,,,24.0,2.821522309711266,2.3479402031267664,5.56,3.971304347826087,14.092698639942718,18.79026485325696,72.9425,
1997-11-19,,,,,,,,24.0,3.60892388451441,3.0768572406709804,5.26,4.104782608695651,18.56657122405152,221.45669291338558,72.66434782608695,
1997-11-20,,,,,,,,24.0,4.166666666666637,3.4489829396325216,5.56,4.209583333333334,20.132426628489597,24.15891195418752,72.455,
1997-11-21,,,,,,,,24.0,4.757217847768994,3.2865457035261656,6.67,4.553913043478261,17.8954903364352,21.250894774516798,72.41749999999999,
1997-11-22,,,,,,,,24.0,3.444881889763755,2.5863954505686606,7.69,4.864999999999999,13.869005010737279,221.45669291338558,72.5825,
1997-11-23,,,,,,,,24.0,4.166666666666637,2.647911198600156,7.14,4.205,21.92197566213312,26.39584824624192,72.30499999999999,
1997-11-24,,,,,,,,24.0,6.791338582677116,5.483103674540643,6.67,4.8254166666666665,24.38260558339296,29.527559055118076,71.72,
1997-11-25,,,,,,,,24.0,4.7244094488188635,3.901074865641767,6.67,4.631904761904761,19.908732999284158,221.45669291338558,71.42818181818181,
1997-11-26,,,,,,,,24.0,2.62467191601048,2.338509769612115,5.56,4.461111111111112,12.07945597709376,221.45669291338558,71.63272727272727,
1997-11-27,,,,,,,,24.0,3.412073490813624,2.3622047244094313,9.09,4.324736842105263,18.342877594846076,221.45669291338558,71.44454545454545,
1997-11-28,,,,,,,,24.0,4.625984251968471,4.08613696015268,7.14,4.638636363636364,18.79026485325696,221.45669291338558,71.69749999999999,
1997-11-29,,,,,,,,24.0,7.020997375328034,5.014216972878354,7.14,4.9679166666666665,27.51431639226912,34.44881889763776,71.96,
1997-11-30,,,,,,,,24.0,8.792650918635108,5.581528871391036,7.69,4.998333333333334,24.38260558339296,29.751252684323518,71.8475,
1997-12-01,,,,,,,,24.0,7.874015748031439,4.898020559929973,8.33,5.187083333333333,19.908732999284158,25.50107372942016,71.4725,
1997-12-02,,,,,,,,24.0,2.657480314960611,2.2049978127733874,6.67,3.8991666666666673,16.105941302791678,19.908732999284158,70.715,
1997-12-03,,,,,,,,24.0,4.101049868766375,2.915260592425926,5.26,4.003809523809524,23.264137437365758,221.45669291338558,70.69217391304348,
1997-12-04,,,,,,,,24.0,5.6758530183726625,4.323873578302681,6.25,4.519166666666666,22.816750178954877,27.290622763063677,70.4375,
1997-12-05,,,,,,,,24.0,6.627296587926462,4.809996576514858,6.67,4.651739130434783,23.487831066571196,221.45669291338558,70.04260869565219,
1997-12-06,,,,,,,,24.0,4.822834645669257,3.8440507436570153,6.25,4.33125,18.342877594846076,24.38260558339296,70.025,
1997-12-07,,,,,,,,24.0,3.346456692913362,2.139678192399848,4.76,3.8565217391304345,14.092698639942718,221.45669291338558,69.97217391304349,
1997-12-08,,,,,,,,24.0,8.56299212598419,4.502952755905479,8.33,4.471666666666667,27.06692913385824,31.317108088761596,70.01,
1997-12-09,,,,,,,,24.0,8.070866141732226,5.493063367079076,8.33,5.853333333333334,14.540085898353599,221.45669291338558,71.2175,
1997-12-10,,,,,,,,24.0,5.347769028871353,4.309830589358117,8.33,5.4368181818181816,15.882247673586237,221.45669291338558,71.39545454545453,
1997-12-11,,,,,,,,24.0,6.5616797900262,4.857069496747654,8.33,4.818260869565218,27.738010021474558,221.45669291338558,71.41999999999999,
1997-12-12,,,,,,,,24.0,7.447506561679737,6.240728061166222,6.67,5.006086956521739,28.409090909090875,221.45669291338558,70.81739130434781,
1997-12-13,,,,,,,,24.0,7.053805774278165,5.404827114002015,6.67,4.844347826086957,24.38260558339296,221.45669291338558,70.53565217391304,
1997-12-14,,,,,,,,24.0,7.709973753280785,5.400547757617216,7.14,4.778260869565217,24.829992841803836,32.4355762347888,70.67750000000001,
1997-12-15,,,,,,,,24.0,7.972440944881833,6.163699646239828,9.09,5.242608695652174,26.619541875447357,33.554044380815995,70.3175,
1997-12-16,,,,,,,,24.0,4.068241469816244,2.848624900148331,5.26,4.0169565217391305,16.777022190407997,221.45669291338558,70.16000000000001,
1997-12-17,,,,,,,,24.0,2.165354330708646,1.8892169728783765,4.55,3.6137499999999996,13.19792412312096,19.0139584824624,69.1775,
1997-12-18,,,,,,,,24.0,2.034120734908122,1.4495347172512423,4.35,3.591818181818183,12.07945597709376,221.45669291338558,69.44818181818182,
1997-12-19,,,,,,,,24.0,0.820209973753275,0.2993766404199454,8.33,1.5750000000000002,11.408375089477438,14.31639226914816,69.6425,
1997-12-20,,,,,,,,24.0,3.0839895013123138,1.681430446194214,6.25,3.771666666666667,17.000715819613436,20.132426628489597,69.92,
1997-12-21,,,,,,,,24.0,4.527559055118077,3.760467441569776,5.56,4.42,22.816750178954877,221.45669291338558,69.79217391304348,
1997-12-22,,,,,,,,24.0,5.085301837270305,3.3943022747156366,7.14,4.995,18.342877594846076,21.250894774516798,70.22,
1997-12-23,,,,,,,,24.0,4.101049868766375,2.6232454638822134,7.14,4.499130434782609,19.0139584824624,221.45669291338558,70.12086956521739,
1997-12-24,,,,,,,,24.0,7.414698162729605,6.043580489938714,9.09,5.992916666666667,22.593056549749438,38.25161059413024,70.20695652173913,
1997-12-25,,,,,,,,24.0,6.5616797900262,4.38812335958002,9.09,5.561250000000001,13.421617752326398,17.000715819613436,70.03999999999999,
1997-12-26,,,,,,,,24.0,4.92125984251965,3.7005139982501922,8.33,4.524166666666667,20.132426628489597,221.45669291338558,69.9725,
1997-12-27,,,,,,,,24.0,8.923884514435633,6.174814085739238,7.69,4.98375,27.51431639226912,36.238367931281275,69.2975,
1997-12-28,,,,,,,,24.0,6.59448818897633,3.6545703526189404,8.33,4.94,20.132426628489597,221.45669291338558,68.81391304347827,
1997-12-29,,,,,,,,24.0,16.994750656167856,12.571084864391862,11.11,6.565,34.44881889763776,43.39656406585535,68.32249999999999,
1997-12-30,,,,,,,,24.0,21.194225721784626,13.045812455261181,11.11,6.991363636363638,39.817465998568316,48.541517537580475,68.6825,
1997-12-31,,,,,,,,24.0,10.400262467191526,7.574460801095462,8.33,5.516521739130435,29.303865425912637,221.45669291338558,68.28956521739129,
1998-01-01,,,,,,,,24.0,4.9540682414697805,4.408628608923853,6.25,4.454166666666667,20.80350751610592,221.45669291338558,67.82,
1998-01-02,,,,,,,,24.0,6.1351706036744975,5.1494273443091965,6.67,4.888181818181818,21.250894774516798,221.45669291338558,67.94521739130434,
1998-01-03,,,,,,,,24.0,5.4461942257217455,4.8201006124234125,9.09,4.9875,21.474588403722237,25.27738010021472,68.2325,
1998-01-04,,,,,,,,24.0,5.479002624671876,4.814200856471854,7.69,4.911052631578947,21.698282032927676,221.45669291338558,67.96727272727271,
1998-01-05,,,,,,,,24.0,6.725721784776854,5.75084364454439,8.33,5.321428571428571,23.487831066571196,221.45669291338558,68.49304347826089,
1998-01-06,,,,,,,,24.0,5.4461942257217455,4.70204008589832,7.69,5.160909090909091,22.816750178954877,221.45669291338558,68.465,
1998-01-07,,,,,,,,24.0,13.943569553805675,9.569116360454874,10.0,6.509999999999999,30.422333571939838,221.45669291338558,69.37739130434782,
1998-01-08,,,,,,,,24.0,11.384514435695458,8.655949256342895,10.0,6.237222222222223,28.63278453829632,221.45669291338558,69.56315789473686,
1998-01-09,,,,,,,,24.0,10.137795275590479,8.478380991849642,10.0,6.546842105263157,25.7247673586256,221.45669291338558,67.88545454545455,
1998-01-10,,,,,,,,24.0,4.166666666666637,2.856260614481993,8.33,5.524117647058823,10.737294201861118,221.45669291338558,67.6021052631579,
1998-01-11,,,,,,,,24.0,1.9356955380577288,1.446093276801928,7.14,3.7061538461538466,12.974230493915519,221.45669291338558,67.712,
1998-01-12,,,,,,,,24.0,4.986876640419912,3.928805774278187,6.25,4.5555,21.92197566213312,221.45669291338558,70.38285714285715,
1998-01-13,,,,,,,,24.0,8.234908136482881,4.906222659667506,6.67,4.929166666666667,29.527559055118076,37.35683607730847,71.735,
1998-01-14,,,,,,,,24.0,6.955380577427772,5.623074289626801,9.09,5.379565217391305,26.619541875447357,33.10665712240512,70.79750000000001,
1998-01-15,,,,,,,,24.0,5.4461942257217455,4.408412764193917,9.09,5.111052631578947,25.053686471009275,221.45669291338558,70.77363636363636,
1998-01-16,,,,,,,,24.0,13.18897637795266,9.78510498687657,9.09,6.2085,31.764495347172474,221.45669291338558,67.76272727272729,
1998-01-17,,,,,,,,24.0,6.102362204724366,3.6499343832020745,8.33,4.8045,14.987473156764478,221.45669291338558,67.76599999999999,
1998-01-18,,,,,,,,24.0,3.313648293963231,2.3982939632545763,5.26,3.8715,15.882247673586237,18.56657122405152,68.0225,
1998-01-19,,,,,,,,24.0,6.332020997375283,4.764350108410327,7.14,4.620434782608696,24.829992841803836,30.1986399427344,67.74499999999999,
1998-01-20,,,,,,,,24.0,3.6417322834645414,2.6303777245235462,5.26,4.030434782608697,16.32963493199712,221.45669291338558,67.41304347826089,
1998-01-21,,,,,,,,24.0,4.035433070866113,3.2337669747803037,5.56,4.084347826086956,20.356120257695036,221.45669291338558,67.49913043478261,
1998-01-22,,,,,,,,24.0,7.644356955380523,5.296416752253757,8.33,4.967826086956522,26.172154617036476,221.45669291338558,67.9295652173913,
1998-01-23,,,,,,,,24.0,13.549868766404103,4.28227721534805,16.67,5.923333333333334,15.211166785969919,221.45669291338558,67.73818181818183,
1998-01-24,,,,,,,,24.0,6.233595800524889,4.87614829396322,7.69,4.677916666666667,24.38260558339296,29.080171796707198,67.4825,
1998-01-25,,,,,,,,24.0,4.396325459317554,2.8259961822953743,5.56,4.1440909090909095,17.000715819613436,22.14566929133856,67.325,
1998-01-26,,,,,,,,24.0,3.248031496062969,2.305146639278769,5.88,3.8708695652173915,16.55332856120256,221.45669291338558,67.28000000000002,
1998-01-27,,,,,,,,24.0,9.711286089238776,6.299212598425152,8.33,5.117894736842106,26.619541875447357,221.45669291338558,67.14285714285714,
1998-01-28,,,,,,,,24.0,7.316272965879213,4.896262967129074,8.33,4.881904761904762,25.053686471009275,221.45669291338558,67.14695652173913,
1998-01-29,,,,,,,,24.0,2.099737532808384,1.261632068718674,9.09,4.136818181818182,10.289906943450239,13.421617752326398,67.2425,
1998-01-30,,,,,,,,24.0,1.9685039370078599,1.365649606299203,9.09,3.583125,13.869005010737279,221.45669291338558,67.415,
1998-01-31,,,,,,,,24.0,2.132545931758515,1.7880577427821391,5.0,3.985,13.869005010737279,221.45669291338558,67.67,
1998-02-01,,,,,,,,24.0,7.775590551181047,5.481985206394616,7.69,4.754545454545454,25.053686471009275,221.45669291338558,67.75454545454545,
1998-02-02,,,,,,,,24.0,17.191601049868645,9.829396325459246,10.0,6.0009999999999994,39.817465998568316,221.45669291338558,67.802,
1998-02-03,,,,,,,,24.0,17.782152230971,13.742032245969156,11.11,7.372857142857143,34.44881889763776,221.45669291338558,70.49428571428572,
1998-02-04,,,,,,,,18.0,16.929133858267598,13.90419947506552,10.0,6.984,36.01467430207584,221.45669291338558,66.95,
1998-03-04,,,,,,,,6.0,2.95275590551179,2.5754593175852833,4.35,3.5416666666666665,19.908732999284158,23.935218324982078,70.16,
1998-03-05,,,,,,,,24.0,4.92125984251965,4.374453193350799,7.14,4.614285714285713,22.14566929133856,221.45669291338558,71.46090909090908,
1998-03-06,,,,,,,,24.0,5.90551181102358,4.724409448818864,7.69,5.000416666666666,25.7247673586256,30.646027201145277,72.14,
1998-03-07,,,,,,,,24.0,8.989501312335895,6.003937007873972,8.33,5.092173913043478,31.093414459556158,221.45669291338558,73.43913043478261,
1998-03-08,,,,,,,,24.0,12.43438320209965,10.109087926509112,10.0,6.581666666666666,29.974946313528957,38.25161059413024,71.735,
1998-03-09,,,,,,,,24.0,14.402887139107508,11.426696662917056,11.11,6.7280952380952375,28.409090909090875,221.45669291338558,70.23714285714286,
1998-03-10,,,,,,,,24.0,,,,,22.14566929133856,221.45669291338558,69.1475,
1998-03-11,,,,,,,,24.0,,,,,20.132426628489597,221.45669291338558,67.87142857142857,
1998-03-12,,,,,,,,24.0,,,,,,221.45669291338558,67.505,
1998-03-13,,,,,,,,24.0,2.2637795275590387,1.8611309949892494,4.76,3.8572727272727274,10.51360057265568,221.45669291338558,68.54,
1998-03-14,,,,,,,,24.0,1.410761154855633,1.0422975974156998,4.35,3.6953846153846155,2.6843235504652796,221.45669291338558,69.16307692307691,
1998-03-15,,,,,,,,18.0,2.198162729658777,1.982564679415059,3.7,3.5100000000000007,15.211166785969919,221.45669291338558,69.1475,
1998-04-06,,,,,,,,5.0,1.9685039370078599,1.6666666666666548,4.0,3.444,14.540085898353599,18.119183965640637,71.96,
1998-04-07,,,,,,,,24.0,3.0839895013123138,2.4469597550306035,5.56,3.8887500000000004,16.55332856120256,20.356120257695036,72.0125,
1998-04-08,,,,,,,,24.0,4.9540682414697805,3.9698162729658506,6.67,4.714583333333333,20.132426628489597,23.487831066571196,72.32,
1998-04-09,,,,,,,,24.0,6.92257217847764,6.096894138232677,8.33,5.2683333333333335,23.264137437365758,221.45669291338558,71.945,
1998-04-10,,,,,,,,24.0,8.136482939632488,6.383373273992879,7.14,5.1213043478260865,26.619541875447357,221.45669291338558,71.36521739130434,
1998-04-11,,,,,,,,24.0,9.153543307086549,5.528215223097073,7.14,4.80125,28.409090909090875,36.238367931281275,69.185,
1998-04-12,,,,,,,,24.0,1.8700787401574668,1.2070756780402363,4.0,3.34625,12.526843235504638,15.43486041517536,70.52000000000001,
1998-04-13,,,,,,,,24.0,7.447506561679737,5.077099737532772,7.14,4.644166666666667,25.053686471009275,30.86972083035072,70.25,
1998-04-14,,,,,,,,24.0,6.233595800524889,5.4133858267716155,7.69,5.407916666666668,20.356120257695036,24.829992841803836,70.79,
1998-04-15,,,,,,,,24.0,5.24934383202096,4.293799212598394,8.33,5.385000000000001,14.540085898353599,17.67179670722976,71.3,
1998-04-16,,,,,,,,24.0,6.6601049868765925,5.414752843394537,7.69,5.395416666666667,19.461345740873277,23.487831066571196,71.19500000000001,
1998-04-17,,,,,,,,24.0,7.086614173228297,5.917814960629879,9.09,5.994583333333334,17.000715819613436,19.908732999284158,71.9225,
1998-04-18,,,,,,,,24.0,6.003937007873973,5.187828083989465,8.33,5.48125,16.105941302791678,18.79026485325696,72.02000000000001,
1998-04-19,,,,,,,,24.0,6.528871391076069,5.424797443797748,7.69,5.205217391304348,23.935218324982078,221.45669291338558,71.31826086956522,
1998-04-20,,,,,,,,24.0,5.314960629921222,3.833114610673638,7.14,4.626666666666666,18.79026485325696,23.71152469577664,70.205,
1998-04-21,,,,,,,,24.0,3.477690288713886,2.0737642169728634,6.25,3.634583333333333,20.132426628489597,23.935218324982078,70.1825,
1998-04-22,,,,,,,,24.0,5.1837270341206985,4.401793525809243,6.25,4.500416666666666,21.250894774516798,27.06692913385824,70.1225,
1998-04-23,,,,,,,,24.0,5.150918635170567,4.493383639545024,7.14,4.724166666666666,21.02720114531136,26.843235504652796,70.51249999999999,
1998-04-24,,,,,,,,24.0,4.297900262467161,2.37997594050742,5.88,4.171666666666667,15.882247673586237,19.461345740873277,70.3025,
1998-04-25,,,,,,,,24.0,1.410761154855633,0.9090660542432132,5.56,3.813333333333333,13.869005010737279,16.105941302791678,70.3025,
1998-04-26,,,,,,,,24.0,3.904199475065589,2.494805336832878,6.25,3.8166666666666664,17.000715819613436,19.68503937007872,70.3775,
1998-04-27,,,,,,,,24.0,3.9370078740157197,3.4249115599680238,6.67,4.738695652173914,17.22440944881888,221.45669291338558,70.95043478260868,
1998-04-28,,,,,,,,24.0,3.444881889763755,2.9452994512049426,7.14,4.3909090909090915,19.0139584824624,221.45669291338558,71.68608695652173,
1998-04-29,,,,,,,,24.0,6.233595800524889,4.800962379702503,6.67,4.658888888888889,23.71152469577664,221.45669291338558,72.29157894736842,
1998-04-30,,,,,,,,24.0,4.330708661417292,3.7128171478564913,7.14,4.99,9.171438797423038,221.45669291338558,72.35,
1998-05-01,,,,,,,,24.0,3.379265091863493,2.680719597550287,6.67,4.444999999999999,19.461345740873277,22.593056549749438,72.86782608695651,
1998-05-02,,,,,,,,24.0,3.7401574803149336,2.5850284339457383,6.25,4.051666666666667,19.461345740873277,22.816750178954877,72.4325,
1998-05-03,,,,,,,,24.0,2.62467191601048,2.2692475940507277,4.76,3.78125,18.119183965640637,20.579813886900478,72.3125,
1998-05-04,,,,,,,,24.0,2.7559055118110036,2.4182524059492385,5.26,4.1066666666666665,16.32963493199712,19.461345740873277,72.6275,
1998-05-05,,,,,,,,19.0,1.9685039370078599,1.2242713081917302,5.0,4.043684210526315,7.15819613457408,8.500357909806718,73.55157894736841,
1998-05-06,,,,,,,,5.0,2.460629921259825,2.1653543307086456,5.0,3.9159999999999995,19.461345740873277,22.816750178954877,74.51599999999999,
1998-05-07,,,,,,,,24.0,4.888451443569519,3.6321631671040864,6.67,4.419583333333333,21.698282032927676,26.39584824624192,74.2475,
1998-05-08,,,,,,,,24.0,5.807086614173187,4.362150043744501,7.69,4.840833333333333,22.14566929133856,26.39584824624192,73.61000000000001,
1998-05-09,,,,,,,,24.0,3.379265091863493,2.7736767279089913,7.69,4.734583333333333,20.132426628489597,23.487831066571196,74.495,
1998-05-10,,,,,,,,24.0,7.185039370078688,5.167322834645632,8.33,5.07875,21.250894774516798,25.27738010021472,74.48,
1998-05-11,,,,,,,,24.0,5.511811023622007,3.736056430446167,6.25,4.4904166666666665,19.461345740873277,23.935218324982078,74.465,
1998-05-12,,,,,,,,24.0,2.427821522309694,1.4627077865266735,7.69,4.233333333333333,13.645311381531839,16.55332856120256,75.9125,
1998-05-13,,,,,,,,24.0,0.6889763779527509,0.26520122484689224,6.67,2.1195833333333334,5.368647100930559,6.03972798854688,77.13499999999999,
1998-05-14,,,,,,,,24.0,0.65616797900262,0.3622594050743631,6.25,2.7291666666666665,9.39513242662848,10.51360057265568,76.8725,
1998-05-15,,,,,,,,24.0,0.853018372703406,0.7327209098862588,6.67,4.15875,8.500357909806718,9.84251968503936,77.525,
1998-05-16,,,,,,,,24.0,1.9685039370078599,1.171533245844261,5.0,3.4704166666666665,11.632068718682879,13.19792412312096,77.25500000000001,
1998-05-17,,,,,,,,24.0,1.673228346456681,1.2795275590551087,4.17,3.57875,8.9477451682176,10.96098783106656,78.62,
1998-05-18,,,,,,,,24.0,1.148293963254585,0.9350393700787336,7.14,3.862083333333333,9.84251968503936,11.632068718682879,79.38499999999999,
1998-05-19,,,,,,,,24.0,1.082677165354323,0.7668963254593121,7.69,3.7466666666666666,9.39513242662848,10.96098783106656,80.74249999999999,
1998-05-20,,,,,,,,24.0,0.623359580052489,0.23239282589676127,7.14,1.4854166666666666,11.85576234788832,13.421617752326398,81.17750000000001,
1998-05-21,,,,,,,,24.0,0.820209973753275,0.6698381452318413,3.7,3.1308333333333334,11.184681460272,13.19792412312096,80.88499999999999,
1998-05-22,,,,,,,,24.0,1.213910761154847,1.0444006999125035,4.55,3.2412499999999995,11.632068718682879,14.31639226914816,80.19500000000001,
1998-05-23,,,,,,,,24.0,1.509186351706026,1.2296017345657793,4.35,3.3800000000000003,12.303149606299199,14.763779527559038,80.7275,
1998-05-24,,,,,,,,24.0,1.804461942257205,1.443569553805764,5.56,3.94,11.408375089477438,15.882247673586237,80.69749999999999,
1998-05-25,,,,,,,,24.0,1.9356955380577288,1.5583989501312225,5.56,4.2075000000000005,11.184681460272,12.75053686471008,80.6225,
1998-05-26,,,,,,,,24.0,2.657480314960611,1.8140310586176596,6.67,4.263333333333333,18.56657122405152,23.04044380816032,80.9975,
1998-05-27,,,,,,,,24.0,5.150918635170567,4.126726007075173,6.67,4.99391304347826,18.342877594846076,221.45669291338558,80.81913043478261,
1998-05-28,,,,,,,,24.0,5.118110236220436,4.058672353455789,7.14,5.29375,15.211166785969919,17.67179670722976,80.8325,
1998-05-29,,,,,,,,24.0,2.788713910761135,1.8946850393700652,7.14,4.302916666666667,10.51360057265568,12.974230493915519,81.14,
1998-05-30,,,,,,,,24.0,1.804461942257205,1.574803149606288,7.14,3.9269565217391316,15.43486041517536,221.45669291338558,80.8895652173913,
1998-05-31,,,,,,,,24.0,1.673228346456681,1.3861548556430348,6.67,3.9508333333333336,11.184681460272,13.421617752326398,81.215,
1998-06-01,,,,,,,,24.0,2.788713910761135,2.1202427821522156,6.25,3.5858333333333334,16.55332856120256,20.356120257695036,81.3275,
1998-06-02,,,,,,,,24.0,3.346456692913362,2.7111667859699167,5.56,3.9968181818181807,17.448103078024317,221.45669291338558,82.17304347826087,
1998-06-03,,,,,,,,24.0,2.198162729658777,1.926126421697274,4.76,3.6945833333333336,15.658554044380798,18.56657122405152,82.835,
1998-06-04,,,,,,,,24.0,2.788713910761135,2.370406824146964,5.56,3.8083333333333336,17.448103078024317,20.132426628489597,82.7675,
1998-06-05,,,,,,,,24.0,3.444881889763755,3.0839895013123138,6.25,4.284166666666667,17.67179670722976,20.579813886900478,83.1575,
1998-06-06,,,,,,,,24.0,5.282152230971091,3.440780839894988,6.25,4.538333333333333,29.527559055118076,37.80422333571936,83.05250000000001,
1998-06-07,,,,,,,,24.0,3.5433070866141483,2.717629046369185,6.67,4.400833333333333,17.000715819613436,19.908732999284158,82.6925,
1998-06-08,,,,,,,,24.0,3.6417322834645414,2.2487423447068955,6.25,4.27125,14.987473156764478,17.448103078024317,82.33250000000001,
1998-06-09,,,,,,,,24.0,4.855643044619388,2.898075240594905,6.67,4.639583333333333,12.974230493915519,15.43486041517536,83.0825,
1998-06-10,,,,,,,,24.0,2.427821522309694,1.6660960858153482,6.25,4.5547826086956515,9.61882605583392,221.45669291338558,84.99826086956523,
1998-06-11,,,,,,,,24.0,1.738845144356943,1.4476706036745302,6.67,4.354583333333333,11.85576234788832,13.869005010737279,84.6425,
1998-06-12,,,,,,,,24.0,1.6076115485564189,1.4818460192475835,6.67,3.893333333333333,12.07945597709376,14.540085898353599,84.5225,
1998-06-13,,,,,,,,24.0,3.5433070866141483,2.423720472440927,5.0,3.6970833333333335,18.79026485325696,22.369362920544,84.4025,
1998-06-14,,,,,,,,24.0,3.8385826771653266,3.4380468066491447,5.56,4.1691666666666665,19.0139584824624,22.369362920544,83.96,
1998-06-15,,,,,,,,24.0,5.1837270341206985,4.627351268591393,7.14,4.724166666666666,21.250894774516798,25.053686471009275,84.04249999999999,
1998-06-16,,,,,,,,24.0,4.363517060367423,3.6458333333333077,6.67,4.6554166666666665,18.56657122405152,21.698282032927676,84.17,
1998-06-17,,,,,,,,24.0,3.051181102362183,2.453794838145215,6.25,4.7575,12.526843235504638,14.092698639942718,85.2725,
1998-06-18,,,,,,,,24.0,2.099737532808384,1.6349518810148613,6.67,5.04125,8.052970651395839,9.39513242662848,86.80250000000001,
1998-06-19,,,,,,,,24.0,1.738845144356943,1.4150405112404327,7.69,4.637391304347825,11.408375089477438,221.45669291338558,85.73391304347825,
1998-06-20,,,,,,,,24.0,2.5918635170603492,1.6021434820647302,6.25,3.6350000000000002,21.698282032927676,25.053686471009275,85.04,
1998-06-21,,,,,,,,24.0,1.673228346456681,1.007491251093606,7.14,3.723333333333333,15.658554044380798,18.56657122405152,85.91749999999999,
1998-06-22,,,,,,,,24.0,0.5905511811023579,0.12986657917760186,6.25,1.0916666666666666,5.816034359341439,7.829277022190399,86.96,
1998-06-23,,,,,,,,24.0,1.017060367454061,0.5864501312335916,8.33,3.5437500000000006,12.526843235504638,15.211166785969919,87.095,
1998-06-24,,,,,,,,24.0,2.0013123359579907,1.122617824945787,7.69,4.206521739130435,8.9477451682176,221.45669291338558,86.6182608695652,
1998-06-25,,,,,,,,24.0,3.510498687664017,2.5194116360454766,8.33,4.7941666666666665,23.04044380816032,34.00143163922687,85.7075,
1998-06-26,,,,,,,,24.0,2.7230971128608727,1.9001531058617538,7.69,4.54,13.421617752326398,15.882247673586237,85.64,
1998-06-27,,,,,,,,24.0,1.804461942257205,1.358814523184592,6.67,4.618333333333333,8.052970651395839,10.737294201861118,85.95500000000001,
1998-06-28,,,,,,,,24.0,1.476377952755895,1.3246391076115391,6.67,4.490416666666667,12.526843235504638,14.540085898353599,86.3375,
1998-06-29,,,,,,,,24.0,2.395013123359563,2.0358474927476027,6.67,3.9689473684210523,15.882247673586237,221.45669291338558,86.20842105263156,
1998-06-30,,,,,,,,24.0,1.804461942257205,1.662292213473304,4.35,3.6950000000000003,13.421617752326398,221.45669291338558,86.45,
1998-07-01,,,,,,,,24.0,2.526246719160087,2.1352799650043592,7.14,3.9,17.448103078024317,20.579813886900478,86.66749999999999,
1998-07-02,,,,,,,,24.0,3.6745406824146722,3.099026684164458,7.69,4.944583333333333,18.119183965640637,21.250894774516798,86.72,
1998-07-03,,,,,,,,24.0,2.526246719160087,1.7976268591425941,7.14,4.986249999999999,8.052970651395839,10.066213314244798,88.18249999999999,
1998-07-04,,,,,,,,24.0,1.6076115485564189,1.4381014873140756,7.69,4.395416666666667,13.869005010737279,15.882247673586237,87.395,
1998-07-05,,,,,,,,24.0,3.248031496062969,2.397747156605407,5.26,3.8295833333333333,18.56657122405152,22.816750178954877,86.99749999999999,
1998-07-06,,,,,,,,24.0,2.62467191601048,1.872812773403311,5.0,3.8216666666666668,14.987473156764478,17.67179670722976,87.35,
1998-07-07,,,,,,,,24.0,0.8858267716535371,0.7928696412948325,8.33,3.8983333333333334,10.96098783106656,12.75053686471008,88.565,
1998-07-08,,,,,,,,24.0,2.165354330708646,1.3037772452356406,4.17,3.4126086956521737,18.56657122405152,221.45669291338558,87.44000000000001,
1998-07-09,,,,,,,,24.0,2.985564304461921,2.452071208490226,6.25,4.064782608695652,19.461345740873277,221.45669291338558,86.61043478260869,
1998-07-10,,,,,,,,24.0,6.364829396325414,4.116087051618519,7.14,4.413333333333333,25.948460987831037,38.922691481746554,85.745,
1998-07-11,,,,,,,,24.0,4.527559055118077,3.60892388451441,6.25,4.209583333333334,19.908732999284158,23.487831066571196,85.64,
1998-07-12,,,,,,,,24.0,4.92125984251965,3.3478237095362844,5.56,4.0925,27.06692913385824,31.317108088761596,85.74499999999999,
1998-07-13,,,,,,,,24.0,2.198162729658777,1.629483814523173,5.26,3.920833333333334,14.763779527559038,22.816750178954877,85.44500000000001,
1998-07-14,,,,,,,,24.0,2.066929133858253,1.6247289740956177,5.26,3.9547826086956532,13.19792412312096,221.45669291338558,84.76347826086958,
1998-07-15,,,,,,,,24.0,2.657480314960611,2.170822397200334,5.56,4.028333333333333,21.474588403722237,26.39584824624192,84.8375,
1998-07-16,,,,,,,,24.0,2.5918635170603492,2.3507931073832986,5.26,3.779130434782609,15.658554044380798,221.45669291338558,85.48347826086956,
1998-07-17,,,,,,,,24.0,3.1167979002624446,2.452071208490226,5.26,3.8652173913043475,17.67179670722976,21.250894774516798,85.7,
1998-07-18,,,,,,,,24.0,2.2309711286089082,1.4791119860017392,5.26,3.794583333333333,10.51360057265568,12.07945597709376,86.2475,
1998-07-19,,,,,,,,24.0,0.8858267716535371,0.7518591426071687,5.56,3.8575,8.052970651395839,10.289906943450239,87.13250000000001,
1998-07-20,,,,,,,,24.0,1.476377952755895,0.8557524059492502,5.88,3.41,18.56657122405152,23.04044380816032,85.94000000000001,
1998-07-21,,,,,,,,24.0,1.7716535433070741,1.2609836813876436,5.26,3.7321739130434786,11.632068718682879,221.45669291338558,85.63217391304347,
1998-07-22,,,,,,,,24.0,2.985564304461921,1.9513865114686617,5.88,4.270434782608695,12.303149606299199,221.45669291338558,86.1095652173913,
1998-07-23,,,,,,,,24.0,2.066929133858253,1.724580623074277,6.25,4.272173913043479,11.85576234788832,221.45669291338558,86.48521739130435,
1998-07-24,,,,,,,,24.0,1.804461942257205,1.4476706036745302,6.25,4.5512500000000005,6.03972798854688,8.724051539012159,88.6775,
1998-07-25,,,,,,,,24.0,1.574803149606288,1.3929899387576454,7.69,4.94625,6.9345025053686395,8.724051539012159,88.715,
1998-07-26,,,,,,,,24.0,1.738845144356943,1.3109689413823178,7.69,4.507083333333333,12.303149606299199,14.987473156764478,88.7,
1998-07-27,,,,,,,,24.0,1.673228346456681,1.4449960059340305,6.67,3.902608695652174,10.737294201861118,221.45669291338558,88.46521739130435,
1998-07-28,,,,,,,,24.0,1.31233595800524,1.1611320324089838,6.25,3.6973913043478253,13.421617752326398,221.45669291338558,88.01913043478262,
1998-07-29,,,,,,,,24.0,1.64041994750655,1.2467191601049779,6.25,3.578333333333333,11.408375089477438,14.540085898353599,87.51500000000001,
1998-07-30,,,,,,,,24.0,1.673228346456681,1.3219050743656948,6.67,3.8487500000000003,13.19792412312096,21.474588403722237,86.88499999999999,
1998-07-31,,,,,,,,24.0,1.476377952755895,1.094980314960622,6.67,4.179166666666666,16.32963493199712,19.23765211166784,87.4025,
1998-08-01,,,,,,,,24.0,1.5419947506561569,1.1925139792308486,4.35,3.531739130434783,18.342877594846076,221.45669291338558,86.9,
1998-08-02,,,,,,,,24.0,2.821522309711266,1.7333770778652544,5.56,3.9166666666666665,19.461345740873277,23.935218324982078,86.8925,
1998-08-03,,,,,,,,24.0,4.068241469816244,3.164519207826273,6.67,4.461363636363636,19.68503937007872,221.45669291338558,86.42545454545454,
1998-08-04,,,,,,,,24.0,2.493438320209956,1.5146544181977144,5.0,3.771666666666667,19.908732999284158,23.264137437365758,86.705,
1998-08-05,,,,,,,,24.0,1.804461942257205,1.3383092738407605,4.55,3.606666666666667,14.540085898353599,17.8954903364352,85.97749999999999,
1998-08-06,,,,,,,,24.0,2.690288713910742,1.9438976377952615,5.0,3.7450000000000006,19.23765211166784,22.816750178954877,85.9925,
1998-08-07,,,,,,,,24.0,3.346456692913362,2.7545384951880814,5.56,4.100416666666667,27.290622763063677,36.68575518969215,85.97,
1998-08-08,,,,,,,,24.0,4.0026246719159815,2.7121609798774955,5.56,4.043333333333334,20.132426628489597,24.606299212598397,85.4375,
1998-08-09,,,,,,,,24.0,2.034120734908122,1.1660651793525727,4.55,3.7000000000000006,12.07945597709376,14.092698639942718,86.36,
1998-08-10,,,,,,,,24.0,0.8858267716535371,0.6657370953630748,4.17,3.7208333333333337,5.1449534717251195,6.710808876163199,87.11749999999999,
1998-08-11,,,,,,,,24.0,0.9186351706036681,0.7040135608048944,5.56,3.9633333333333334,9.84251968503936,12.07945597709376,87.35,
1998-08-12,,,,,,,,24.0,0.721784776902882,0.47982283464566583,7.69,3.265833333333333,7.829277022190399,10.51360057265568,87.18499999999999,
1998-08-13,,,,,,,,24.0,1.279527559055109,0.911502909962335,4.35,3.2473913043478255,9.84251968503936,221.45669291338558,87.08000000000001,
1998-08-14,,,,,,,,24.0,1.476377952755895,1.0567038495188026,4.0,3.234166666666667,16.32963493199712,26.172154617036476,87.275,
1998-08-15,,,,,,,,24.0,2.0013123359579907,1.4927821522309608,5.0,3.637916666666667,12.75053686471008,16.105941302791678,87.35,
1998-08-16,,,,,,,,24.0,2.132545931758515,1.5148921602190923,6.25,3.537826086956522,21.698282032927676,221.45669291338558,86.82173913043478,
1998-08-17,,,,,,,,24.0,1.509186351706026,1.2644903762029656,6.25,3.705833333333333,10.066213314244798,12.07945597709376,86.645,
1998-08-18,,,,,,,,24.0,1.410761154855633,1.231681977252835,5.26,3.686666666666667,10.96098783106656,12.526843235504638,86.255,
1998-08-19,,,,,,,,24.0,3.1167979002624446,2.146216097987736,5.56,3.897916666666667,36.01467430207584,45.40980672870432,85.87249999999999,
1998-08-20,,,,,,,,24.0,6.003937007873973,4.4933836395450255,6.67,4.590000000000001,31.540801717967035,38.922691481746554,85.3325,
1998-08-21,,,,,,,,24.0,6.988188976377902,6.0467305717219695,7.69,5.205217391304347,26.39584824624192,221.45669291338558,84.56000000000002,
1998-08-22,,,,,,,,24.0,5.216535433070829,4.050470253718256,6.25,4.61,19.461345740873277,23.71152469577664,84.56,
1998-08-23,,,,,,,,24.0,2.7559055118110036,2.329396325459301,6.25,4.172916666666667,17.448103078024317,21.250894774516798,84.56,
1998-08-24,,,,,,,,24.0,2.165354330708646,1.6199146981627184,5.26,3.8829166666666666,14.540085898353599,17.67179670722976,85.42999999999999,
1998-08-25,,,,,,,,24.0,1.509186351706026,1.1026474951500547,4.76,3.3813043478260867,12.07945597709376,221.45669291338558,85.39739130434783,
1998-08-26,,,,,,,,24.0,2.034120734908122,1.5064523184601817,4.76,3.6245833333333337,14.987473156764478,17.67179670722976,85.67,
1998-08-27,,,,,,,,24.0,1.246719160104978,0.5427055993000836,4.76,2.387916666666667,5.592340730136,7.381889763779519,86.69000000000001,
1998-08-28,,,,,,,,24.0,0.49212598425196497,0.020505249343831872,5.88,0.18291666666666664,8.27666428060128,11.184681460272,87.67249999999999,
1998-08-29,,,,,,,,24.0,1.9356955380577288,1.159230096237962,6.67,3.889583333333333,9.39513242662848,11.632068718682879,87.19250000000001,
1998-08-30,,,,,,,,24.0,1.9356955380577288,1.7128718285214226,7.69,4.760000000000001,13.645311381531839,17.22440944881888,87.10249999999999,
1998-08-31,,,,,,,,24.0,2.460629921259825,2.0628280839894866,7.69,4.875,12.974230493915519,19.0139584824624,86.54749999999999,
1998-09-01,,,,,,,,24.0,4.59317585301834,2.8617871629682448,9.09,5.029545454545455,25.053686471009275,221.45669291338558,85.70545454545454,
1998-09-02,,,,,,,,24.0,30.51181102362183,17.791721347331457,12.5,8.556666666666667,51.4495347172512,68.00286327845375,82.6025,
1998-09-03,,,,,,,,24.0,17.42125984251956,10.010662729658721,12.5,6.545416666666668,41.830708661417276,49.883679312813115,79.49000000000001,
1998-09-04,,,,,,,,24.0,4.133858267716506,2.3362314085739113,8.33,5.512083333333334,10.51360057265568,12.07945597709376,79.6475,
1998-09-05,,,,,,,,24.0,1.5419947506561569,1.085411198600167,7.14,4.378333333333334,12.526843235504638,13.869005010737279,80.0975,
1998-09-06,,,,,,,,24.0,2.460629921259825,1.8386373578302582,5.26,4.125,11.85576234788832,13.645311381531839,80.80250000000001,
1998-09-07,,,,,,,,24.0,3.7401574803149336,2.728565179352561,9.09,5.255833333333333,14.540085898353599,17.22440944881888,80.69749999999999,
1998-09-08,,,,,,,,24.0,3.0839895013123138,2.1735564304461787,8.33,5.030833333333333,12.303149606299199,13.869005010737279,80.525,
1998-09-09,,,,,,,,24.0,3.346456692913362,2.092902449693774,8.33,4.73125,14.540085898353599,17.448103078024317,80.405,
1998-09-10,,,,,,,,24.0,7.513123359579999,5.801380805660121,8.33,5.220869565217391,24.15891195418752,221.45669291338558,81.02260869565217,
1998-09-11,,,,,,,,24.0,7.578740157480261,6.792705599300039,10.0,5.622916666666666,22.593056549749438,27.06692913385824,80.88499999999999,
1998-09-12,,,,,,,,24.0,6.332020997375283,5.0429243219597195,10.0,5.300416666666666,19.461345740873277,23.487831066571196,80.34500000000001,
1998-09-13,,,,,,,,24.0,4.691601049868733,3.938374890638642,7.14,4.7075,16.55332856120256,19.908732999284158,80.2775,
1998-09-14,,,,,,,,24.0,6.430446194225675,4.783191163604515,6.67,4.854166666666667,21.250894774516798,24.829992841803836,81.38000000000001,
1998-09-15,,,,,,,,24.0,5.282152230971091,4.511154855643013,7.14,4.710416666666667,21.250894774516798,25.948460987831037,82.4375,
1998-09-16,,,,,,,,24.0,9.547244094488121,7.534995625546752,8.33,5.579166666666666,26.172154617036476,33.77773801002144,82.6325,
1998-09-17,,,,,,,,24.0,8.234908136482881,6.230861767279046,9.09,5.69,22.14566929133856,30.1986399427344,82.5875,
1998-09-18,,,,,,,,24.0,4.494750656167947,3.1687445319334855,7.69,5.042916666666667,10.737294201861118,13.19792412312096,82.6475,
1998-09-19,,,,,,,,24.0,3.2152230971128377,2.5945975503061924,6.25,4.5125,13.19792412312096,26.843235504652796,82.6325,
1998-09-20,,,,,,,,24.0,4.527559055118077,4.11959374643384,7.14,4.9247826086956525,17.22440944881888,221.45669291338558,82.75217391304349,
1998-09-21,,,,,,,,24.0,4.232283464566899,3.479181579575256,6.25,4.381818181818182,17.448103078024317,221.45669291338558,82.8009090909091,
1998-09-22,,,,,,,,24.0,2.985564304461921,2.400718931872629,5.88,4.108695652173912,14.31639226914816,221.45669291338558,82.75217391304349,
1998-09-23,,,,,,,,24.0,1.706036745406812,1.401192038495178,5.88,3.6616666666666666,10.96098783106656,13.645311381531839,82.9025,
1998-09-24,,,,,,,,24.0,7.545931758530129,5.2862532808398575,7.14,4.787916666666667,27.51431639226912,34.00143163922687,83.0825,
1998-09-25,,,,,,,,24.0,9.645669291338514,7.250656167978951,7.69,5.486250000000001,27.738010021474558,34.00143163922687,83.195,
1998-09-26,,,,,,,,24.0,22.506561679789865,14.117864173228245,12.5,7.273125,48.76521116678592,64.20007158196127,83.06,
1998-09-27,,,,,,,,24.0,25.91863517060349,22.576279527558892,12.5,8.413124999999999,49.883679312813115,221.45669291338558,81.95,
1998-09-28,,,,,,,,24.0,17.880577427821397,13.451443569553705,11.11,6.875555555555556,36.68575518969215,45.40980672870432,81.3275,
1998-09-29,,,,,,,,24.0,12.729658792650827,10.198725159355007,8.33,5.991904761904762,37.13314244810304,45.63350035790975,80.69,
1998-09-30,,,,,,,,24.0,8.464566929133799,6.6792432195975024,7.69,5.289583333333333,25.948460987831037,31.093414459556158,80.18,
1998-10-01,,,,,,,,24.0,4.396325459317554,2.8912401574802944,6.25,4.245416666666667,14.987473156764478,17.67179670722976,80.1275,
1998-10-02,,,,,,,,24.0,1.410761154855633,0.9500765529308769,5.26,3.959166666666667,8.9477451682176,10.737294201861118,81.185,
1998-10-03,,,,,,,,24.0,0.820209973753275,0.6356627296587881,4.55,3.2862500000000003,10.96098783106656,12.526843235504638,81.13250000000001,
1998-10-04,,,,,,,,24.0,0.9514435695537989,0.6534339457567756,8.33,4.1691666666666665,5.592340730136,7.15819613457408,81.55250000000001,
1998-10-05,,,,,,,,24.0,1.443569553805764,1.2576552930883549,9.09,4.364583333333333,10.737294201861118,12.974230493915519,81.7025,
1998-10-06,,,,,,,,24.0,3.313648293963231,2.4182524059492385,6.25,4.0495833333333335,15.43486041517536,18.342877594846076,81.425,
1998-10-07,,,,,,,,24.0,3.018372703412052,2.3408079424854336,7.69,4.45304347826087,9.84251968503936,221.45669291338558,81.6408695652174,
1998-10-08,,,,,,,,24.0,2.165354330708646,1.938429571303573,7.69,4.647916666666666,11.408375089477438,16.32963493199712,82.295,
1998-10-09,,,,,,,,24.0,3.2152230971128377,2.107939632545917,5.26,3.9737500000000003,17.22440944881888,19.23765211166784,81.095,
1998-10-10,,,,,,,,24.0,1.574803149606288,1.171533245844261,4.17,3.5595833333333338,8.724051539012159,12.974230493915519,80.44250000000001,
1998-10-11,,,,,,,,24.0,0.820209973753275,0.5946522309711244,8.33,3.455,9.171438797423038,14.31639226914816,80.60749999999999,
1998-10-12,,,,,,,,24.0,2.099737532808384,1.3314741907261496,7.14,3.3454166666666665,14.763779527559038,19.0139584824624,80.29249999999999,
1998-10-13,,,,,,,,24.0,4.330708661417292,3.541940069991226,5.88,4.178333333333334,19.461345740873277,22.593056549749438,80.3,
1998-10-14,,,,,,,,24.0,2.919947506561659,2.2774496937882596,5.56,3.814583333333333,15.43486041517536,19.68503937007872,80.4425,
1998-10-15,,,,,,,,24.0,3.051181102362183,2.4811351706036566,5.88,3.8729166666666663,16.55332856120256,19.0139584824624,80.2775,
1998-10-16,,,,,,,,24.0,4.888451443569519,3.8645559930008475,6.25,4.377083333333333,21.250894774516798,25.7247673586256,79.925,
1998-10-17,,,,,,,,24.0,6.725721784776854,5.2097003499562184,7.14,4.8925,25.053686471009275,29.751252684323518,79.88000000000001,
1998-10-18,,,,,,,,24.0,6.496062992125938,4.749015748031462,7.14,5.036666666666666,23.04044380816032,27.06692913385824,79.94,
1998-10-19,,,,,,,,24.0,4.199475065616768,3.6595034995625286,7.14,4.899166666666667,14.540085898353599,17.000715819613436,79.88000000000001,
1998-10-20,,,,,,,,24.0,3.7401574803149336,3.1783136482939405,7.14,4.50125,17.448103078024317,19.908732999284158,79.91000000000001,
1998-10-21,,,,,,,,24.0,3.149606299212576,2.5235126859142425,6.25,4.163333333333333,19.0139584824624,22.816750178954877,80.12,
1998-10-22,,,,,,,,24.0,9.8425196850393,7.2287839020121964,7.14,5.265833333333333,31.317108088761596,37.35683607730847,80.06,
1998-10-23,,,,,,,,24.0,11.089238845144278,9.174940089010546,8.33,5.923913043478261,29.751252684323518,38.47530422333568,79.30250000000001,
1998-10-24,,,,,,,,24.0,7.972440944881833,6.556211723534511,7.69,5.327916666666667,23.04044380816032,29.080171796707198,78.98,
1998-10-25,,,,,,,,25.0,6.299212598425152,5.476377952755866,7.14,4.9556000000000004,23.264137437365758,27.738010021474558,78.98,
1998-10-26,,,,,,,,24.0,4.9540682414697805,4.076443569553777,6.25,4.596666666666667,20.80350751610592,24.829992841803836,78.89,
1998-10-27,,,,,,,,24.0,5.019685039370043,4.28439092172299,14.29,5.130588235294118,18.119183965640637,221.45669291338558,78.72588235294117,
1998-10-28,,,,,,,,24.0,6.92257217847764,4.97320647419069,14.29,6.82,16.105941302791678,19.908732999284158,78.6275,
1998-10-29,,,,,,,,24.0,4.7244094488188635,3.060750218722638,11.11,6.672916666666667,7.6055833929849594,10.066213314244798,78.5825,
1998-10-30,,,,,,,,24.0,2.329396325459301,1.9657699037620155,11.11,5.818749999999999,10.96098783106656,13.869005010737279,78.4475,
1998-10-31,,,,,,,,24.0,1.9685039370078599,1.7019356955380458,9.09,5.004583333333334,9.61882605583392,11.184681460272,78.35,
1998-11-01,,,,,,,,24.0,1.410761154855633,1.137357830271208,9.09,5.050416666666667,12.75053686471008,15.882247673586237,79.0475,
1998-11-02,,,,,,,,24.0,3.346456692913362,2.1996540205201462,4.76,3.6459090909090905,17.8954903364352,221.45669291338558,78.33363636363636,
1998-11-03,,,,,,,,24.0,4.7244094488188635,3.5022965879264847,5.56,4.569583333333333,19.68503937007872,23.487831066571196,78.1175,
1998-11-04,,,,,,,,24.0,6.1351706036744975,3.6171259842519428,6.25,4.2875000000000005,27.06692913385824,32.4355762347888,78.425,
1998-11-05,,,,,,,,24.0,7.808398950131178,5.939687226596633,6.67,4.939583333333333,25.053686471009275,31.764495347172474,77.8925,
1998-11-06,,,,,,,,24.0,5.347769028871353,3.9178696412948097,6.67,4.5929166666666665,18.79026485325696,26.843235504652796,77.495,
1998-11-07,,,,,,,,24.0,1.7716535433070741,1.598042432195964,4.35,3.5341666666666662,12.07945597709376,17.448103078024317,77.2775,
1998-11-08,,,,,,,,24.0,2.198162729658777,1.7415791776027874,5.56,3.775,13.869005010737279,17.22440944881888,77.345,
1998-11-09,,,,,,,,24.0,6.26640419947502,3.164643482064719,6.67,4.2749999999999995,21.250894774516798,23.935218324982078,77.1575,
1998-11-10,,,,,,,,24.0,8.103674540682357,7.142661854768104,7.69,5.600416666666667,23.04044380816032,27.06692913385824,76.91,
1998-11-11,,,,,,,,24.0,6.528871391076069,4.926727909011339,8.33,5.071666666666666,18.119183965640637,21.250894774516798,76.4225,
1998-11-12,,,,,,,,24.0,3.510498687664017,2.6383420822397015,5.56,4.151666666666666,15.211166785969919,17.8954903364352,76.91,
1998-11-13,,,,,,,,24.0,2.427821522309694,2.1762904636920233,6.67,4.096666666666667,14.31639226914816,16.105941302791678,77.045,
1998-11-14,,,,,,,,24.0,3.0839895013123138,2.6834536307961314,5.88,4.142916666666667,15.43486041517536,18.342877594846076,76.9625,
1998-11-15,,,,,,,,24.0,3.018372703412052,2.512576552930866,6.25,4.115833333333334,17.22440944881888,20.132426628489597,77.0,
1998-11-16,,,,,,,,24.0,7.6115485564303915,4.467410323709504,6.67,4.653333333333333,25.053686471009275,28.63278453829632,76.94,
1998-11-17,,,,,,,,24.0,3.313648293963231,2.385444006999108,6.25,4.382083333333333,15.211166785969919,17.000715819613436,77.04499999999999,
1998-11-18,,,,,,,,24.0,1.804461942257205,1.3651146867511026,5.56,3.696086956521738,11.85576234788832,221.45669291338558,76.99217391304349,
1998-11-19,,,,,,,,24.0,1.148293963254585,0.8106408573928201,8.33,3.7816666666666667,9.171438797423038,11.632068718682879,76.67750000000001,
1998-11-20,,,,,,,,24.0,1.246719160104978,0.8256780402449634,8.33,4.304166666666667,12.303149606299199,16.105941302791678,76.86500000000001,
1998-11-21,,,,,,,,24.0,4.166666666666637,2.781581650119802,6.67,4.171304347826086,21.02720114531136,24.15891195418752,76.295,
1998-11-22,,,,,,,,24.0,5.807086614173187,4.7005487950369504,6.25,4.606363636363636,22.369362920544,221.45669291338558,76.31913043478262,
1998-11-23,,,,,,,,24.0,5.938320209973711,4.574037620297429,6.67,5.010833333333333,22.14566929133856,26.619541875447357,76.29499999999999,
1998-11-24,,,,,,,,24.0,3.576115485564279,2.36083770778651,7.69,4.463333333333333,16.32963493199712,18.342877594846076,76.85,
1998-11-25,,,,,,,,24.0,1.476377952755895,1.2098097112860808,7.14,4.02625,10.289906943450239,12.303149606299199,77.36749999999999,
1998-11-26,,,,,,,,24.0,2.198162729658777,1.6964676290463572,7.14,3.5079166666666666,18.119183965640637,21.92197566213312,76.7675,
1998-11-27,,,,,,,,24.0,2.198162729658777,1.5283245844269358,4.55,3.5862499999999997,15.658554044380798,19.0139584824624,76.76749999999998,
1998-11-28,,,,,,,,24.0,1.279527559055109,1.0047572178477617,4.35,3.365416666666667,10.737294201861118,13.19792412312096,75.9125,
1998-11-29,,,,,,,,24.0,1.31233595800524,0.7272528433945705,6.25,3.0870833333333336,12.75053686471008,15.658554044380798,75.8375,
1998-11-30,,,,,,,,24.0,2.7559055118110036,2.1667213473315683,4.76,3.9341666666666666,17.22440944881888,21.250894774516798,75.8975,
1998-12-01,,,,,,,,24.0,2.329396325459301,1.8974190726159093,7.14,4.035833333333334,15.211166785969919,18.342877594846076,75.725,
1998-12-02,,,,,,,,24.0,2.329396325459301,1.8372703412073357,7.69,4.010833333333333,13.869005010737279,17.000715819613436,75.3275,
1998-12-03,,,,,,,,24.0,2.329396325459301,2.047790901137343,7.69,4.000416666666667,14.540085898353599,17.8954903364352,75.6275,
1998-12-04,,,,,,,,24.0,2.919947506561659,2.617836832895869,5.56,4.2,15.43486041517536,18.342877594846076,75.7475,
1998-12-05,,,,,,,,24.0,2.690288713910742,2.1995297462816996,6.25,4.440833333333334,11.85576234788832,14.092698639942718,75.845,
1998-12-06,,,,,,,,24.0,3.60892388451441,2.6233048993875583,7.14,4.15375,17.67179670722976,20.356120257695036,75.8,
1998-12-07,,,,,,,,24.0,4.822834645669257,4.105150918635141,7.14,4.765416666666667,19.908732999284158,24.38260558339296,75.7475,
1998-12-08,,,,,,,,24.0,4.888451443569519,4.166666666666638,6.67,4.830416666666667,20.132426628489597,25.50107372942016,75.2675,
1998-12-09,,,,,,,,24.0,5.544619422572139,3.5019399748944173,6.67,4.6060869565217395,19.908732999284158,23.04044380816032,75.86749999999999,
1998-12-10,,,,,,,,24.0,3.412073490813624,2.8228893263341877,5.0,3.9683333333333337,18.56657122405152,21.474588403722237,75.67999999999999,
1998-12-11,,,,,,,,24.0,6.824146981627248,5.314960629921222,6.67,4.7924999999999995,24.15891195418752,28.85647816750176,75.515,
1998-12-12,,,,,,,,24.0,9.284776902887073,6.747594050743609,7.69,5.388750000000001,27.290622763063677,31.98818897637792,75.54499999999999,
1998-12-13,,,,,,,,24.0,8.661417322834584,7.03193350831141,8.33,5.4125000000000005,23.487831066571196,31.093414459556158,75.53,
1998-12-14,,,,,,,,24.0,7.3490813648293445,5.846730096237928,8.33,5.04125,23.71152469577664,29.751252684323518,75.2525,
1998-12-15,,,,,,,,24.0,4.560367454068208,3.640365266841619,5.26,4.19375,20.132426628489597,27.51431639226912,74.9375,
1998-12-16,,,,,,,,24.0,4.26509186351703,2.7928149606299013,5.88,3.9625000000000004,18.79026485325696,24.38260558339296,74.765,
1998-12-17,,,,,,,,24.0,7.086614173228297,4.636920384951848,7.14,4.498333333333334,23.71152469577664,32.211882605583355,74.5475,
1998-12-18,,,,,,,,24.0,4.232283464566899,3.034776902887117,5.26,3.9862499999999996,21.474588403722237,27.290622763063677,74.32249999999999,
1998-12-19,,,,,,,,24.0,5.610236220472401,4.620516185476782,6.67,4.722083333333334,22.816750178954877,25.948460987831037,74.2475,
1998-12-20,,,,,,,,24.0,3.9370078740157197,3.3737970253718044,6.67,4.780833333333334,16.777022190407997,19.23765211166784,74.25500000000001,
1998-12-21,,,,,,,,24.0,3.510498687664017,3.2722811822435007,6.67,4.544347826086956,16.55332856120256,19.461345740873277,74.54,
1998-12-22,,,,,,,,24.0,4.691601049868733,2.932250656167958,7.14,4.667083333333333,16.777022190407997,19.68503937007872,74.60749999999999,
1998-12-23,,,,,,,,24.0,4.133858267716506,3.4134405074365457,5.88,4.355833333333333,17.8954903364352,20.80350751610592,74.3525,
1998-12-24,,,,,,,,24.0,3.379265091863493,2.515994094488171,7.14,4.488125,15.211166785969919,221.45669291338558,74.77700000000002,
1998-12-25,,,,,,,,24.0,3.412073490813624,2.6440586972082847,5.0,4.177272727272727,17.22440944881888,221.45669291338558,74.69130434782608,
1998-12-26,,,,,,,,24.0,3.9698162729658506,2.738134295713016,5.26,4.09125,27.06692913385824,38.69899785254112,73.8725,
1998-12-27,,,,,,,,24.0,3.8385826771653266,2.1168549583475826,5.26,3.991739130434783,21.02720114531136,24.38260558339296,73.22749999999999,
1998-12-28,,,,,,,,24.0,3.7401574803149336,2.616113203240881,5.0,3.91,20.80350751610592,221.45669291338558,72.99304347826087,
1998-12-29,,,,,,,,24.0,6.692913385826724,5.056772794704974,6.67,4.539565217391305,26.619541875447357,33.10665712240512,72.7625,
1998-12-30,,,,,,,,24.0,8.759842519684977,5.977963692038453,7.69,5.067916666666666,29.080171796707198,34.6725125268432,72.575,
1998-12-31,,,,,,,,24.0,1.8700787401574668,1.042736505762859,4.55,3.6026086956521732,9.39513242662848,221.45669291338558,72.0695652173913,
1999-01-01,,,,,,,,24.0,4.527559055118077,2.7969160104986677,5.56,3.8520833333333333,22.816750178954877,28.409090909090875,71.975,
1999-01-02,,,,,,,,24.0,10.531496062992051,7.7646544181976695,7.69,5.4816666666666665,34.00143163922687,40.93593414459552,72.00500000000001,
1999-01-03,,,,,,,,24.0,7.808398950131178,6.840551181102315,9.09,5.377727272727273,27.06692913385824,221.45669291338558,71.62347826086956,
1999-01-04,,,,,,,,24.0,6.3976377952755445,5.692970443911863,6.67,4.8847826086956525,25.948460987831037,34.44881889763776,71.0075,
1999-01-05,,,,,,,,24.0,6.233595800524889,4.691601049868732,6.67,4.574583333333334,24.38260558339296,31.093414459556158,70.8425,
1999-01-06,,,,,,,,24.0,2.2309711286089082,1.92339238845143,5.0,3.775416666666666,16.105941302791678,23.487831066571196,70.48249999999999,
1999-01-07,,,,,,,,24.0,3.149606299212576,2.042322834645655,4.76,3.7516666666666665,17.67179670722976,22.14566929133856,70.48249999999999,
1999-01-08,,,,,,,,24.0,6.233595800524889,4.809164479440035,6.67,4.685,21.92197566213312,26.843235504652796,70.445,
1999-01-09,,,,,,,,24.0,8.727034120734846,4.891185476815363,7.69,4.789166666666667,27.961703650679997,33.554044380815995,70.3925,
1999-01-10,,,,,,,,24.0,9.514435695537989,7.448873578302659,7.69,5.2837499999999995,27.738010021474558,34.6725125268432,70.4375,
1999-01-11,,,,,,,,24.0,6.463254593175806,3.611657917760254,6.25,4.337083333333333,22.14566929133856,27.06692913385824,70.1075,
1999-01-12,,,,,,,,24.0,3.379265091863493,2.226691772224108,5.0,3.8404347826086958,17.8954903364352,221.45669291338558,69.96434782608696,
1999-01-13,,,,,,,,24.0,5.118110236220436,4.118821084864363,5.88,4.540416666666666,20.80350751610592,24.38260558339296,69.7775,
1999-01-14,,,,,,,,24.0,6.200787401574758,4.718941382327175,7.14,4.983750000000001,20.356120257695036,23.264137437365758,69.095,
1999-01-15,,,,,,,,24.0,4.035433070866113,3.4558180227471325,7.14,4.695416666666667,19.0139584824624,21.92197566213312,69.04249999999999,
1999-01-16,,,,,,,,24.0,2.887139107611528,2.4086832895887835,7.14,4.01875,15.658554044380798,18.119183965640637,69.7175,
1999-01-17,,,,,,,,24.0,2.95275590551179,2.616469816272947,5.26,4.051666666666667,17.67179670722976,25.053686471009275,69.88250000000001,
1999-01-18,,,,,,,,24.0,3.412073490813624,2.636975065616779,5.88,4.259166666666666,16.55332856120256,19.68503937007872,71.2175,
1999-01-19,,,,,,,,24.0,3.2152230971128377,2.4278215223096944,5.56,4.160416666666666,16.777022190407997,19.908732999284158,71.25500000000001,
1999-01-20,,,,,,,,24.0,2.066929133858253,1.4490376202974526,4.55,3.5875,13.869005010737279,16.777022190407997,72.67999999999999,
1999-01-21,,,,,,,,24.0,5.544619422572139,2.919947506561659,5.26,3.7983333333333333,24.15891195418752,28.185397279885436,71.9525,
1999-01-22,,,,,,,,24.0,11.548556430446112,8.4522637795275,8.33,5.6433333333333335,31.540801717967035,40.04115962777375,71.4875,
1999-01-23,,,,,,,,24.0,11.909448818897552,8.934820647419007,9.09,6.271249999999999,32.211882605583355,38.922691481746554,70.8725,
1999-01-24,,,,,,,,24.0,9.514435695537989,6.744860017497765,9.09,5.489166666666666,23.264137437365758,30.422333571939838,70.49000000000001,
1999-01-25,,,,,,,,24.0,4.035433070866113,2.47019903762028,9.09,4.105416666666667,17.22440944881888,21.02720114531136,70.6025,
1999-01-26,,,,,,,,24.0,2.493438320209956,1.8249671916010368,9.09,3.810416666666667,16.777022190407997,19.23765211166784,70.5125,
1999-01-27,,,,,,,,24.0,3.510498687664017,3.025207786526663,5.88,4.36,17.000715819613436,20.132426628489597,71.42750000000001,
1999-01-28,,,,,,,,24.0,3.7729658792650644,3.270854730115234,9.09,4.899130434782609,16.105941302791678,221.45669291338558,71.44347826086957,
1999-01-29,,,,,,,,24.0,5.085301837270305,4.379921259842488,9.09,4.837083333333333,19.461345740873277,24.38260558339296,71.015,
1999-01-30,,,,,,,,24.0,4.691601049868733,4.281496062992095,8.33,4.842083333333334,21.698282032927676,25.053686471009275,70.7,
1999-01-31,,,,,,,,24.0,6.3976377952755445,5.134514435695502,6.67,4.766666666666667,36.01467430207584,45.63350035790975,70.7525,
1999-02-01,,,,,,,,24.0,5.807086614173187,4.65059055118107,6.25,5.109166666666667,20.579813886900478,221.45669291338558,70.52000000000001,
1999-02-02,,,,,,,,24.0,3.5433070866141483,2.6410761154855456,6.67,5.29375,12.75053686471008,15.211166785969919,70.97,
1999-02-03,,,,,,,,24.0,2.3622047244094317,2.1147747156605274,10.0,4.5304166666666665,13.645311381531839,16.32963493199712,71.3075,
1999-02-04,,,,,,,,24.0,2.066929133858253,1.7648184601924635,9.09,4.35875,13.869005010737279,15.882247673586237,71.2175,
1999-02-05,,,,,,,,24.0,4.757217847768994,3.2095172885997716,5.56,4.3191304347826085,19.0139584824624,221.45669291338558,70.7704347826087,
1999-02-06,,,,,,,,24.0,1.804461942257205,1.2931977252843303,10.0,4.794583333333333,8.724051539012159,10.737294201861118,70.955,
1999-02-07,,,,,,,,24.0,2.0013123359579907,1.5871062992125868,10.0,3.981666666666667,14.987473156764478,19.0139584824624,71.06,
1999-02-08,,,,,,,,24.0,2.329396325459301,1.9862751531058478,8.33,4.308750000000001,11.85576234788832,14.31639226914816,72.05749999999999,
1999-02-09,,,,,,,,24.0,1.3779527559055018,1.156496062992118,8.33,4.578333333333333,10.96098783106656,12.75053686471008,72.7775,
1999-02-10,,,,,,,,24.0,1.213910761154847,1.0245168217609089,8.33,4.502272727272728,11.408375089477438,221.45669291338558,72.90695652173913,
1999-02-11,,,,,,,,24.0,2.7559055118110036,1.9206583552055856,6.25,3.859583333333333,15.882247673586237,19.68503937007872,73.0175,
1999-02-12,,,,,,,,24.0,8.923884514435633,4.580872703412041,7.69,4.734583333333333,30.1986399427344,36.909448818897594,72.4775,
1999-02-13,,,,,,,,24.0,9.678477690288645,7.43752139678187,7.69,5.390000000000001,30.86972083035072,38.47530422333568,71.85499999999999,
1999-02-14,,,,,,,,24.0,6.3976377952755445,4.300634295713005,6.67,4.700833333333333,21.474588403722237,27.738010021474558,71.41999999999999,
1999-02-15,,,,,,,,24.0,2.985564304461921,2.384076990376186,5.56,4.137083333333333,14.092698639942718,18.79026485325696,71.1875,
1999-02-16,,,,,,,,24.0,3.9370078740157197,3.2220581802274486,5.88,4.210833333333333,19.0139584824624,22.14566929133856,70.60249999999999,
1999-02-17,,,,,,,,24.0,6.463254593175806,4.945866141732249,8.33,5.040833333333333,24.38260558339296,30.1986399427344,70.22,
1999-02-18,,,,,,,,24.0,5.741469816272925,4.172134733158326,7.69,4.98625,23.264137437365758,27.290622763063677,70.42999999999999,
1999-02-19,,,,,,,,24.0,7.513123359579999,5.782480314960589,7.69,4.855,26.39584824624192,33.33035075161056,70.52,
1999-02-20,,,,,,,,24.0,6.692913385826724,3.2480314960629686,7.14,4.42125,18.79026485325696,24.606299212598397,70.61,
1999-02-21,,,,,,,,24.0,8.694225721784715,4.492016622922103,7.14,4.42125,28.63278453829632,37.13314244810304,70.37,
1999-02-22,,,,,,,,24.0,9.580052493438252,5.755139982502145,7.69,5.0320833333333335,27.06692913385824,35.567287043664955,70.1,
1999-02-23,,,,,,,,24.0,2.5918635170603492,1.9603018372703274,5.56,3.9258333333333333,19.23765211166784,23.487831066571196,70.31,
1999-02-24,,,,,,,,24.0,5.314960629921222,3.4722222222221975,6.25,4.3254166666666665,23.935218324982078,27.738010021474558,70.11500000000001,
1999-02-25,,,,,,,,24.0,1.738845144356943,1.1455599300087407,5.0,3.9129166666666664,12.303149606299199,16.32963493199712,70.6175,
1999-02-26,,,,,,,,24.0,1.279527559055109,0.8912948381452255,3.85,3.3037499999999995,12.75053686471008,16.105941302791678,70.33250000000001,
1999-02-27,,,,,,,,24.0,2.132545931758515,1.4927821522309606,4.17,3.2587499999999996,19.0139584824624,24.829992841803836,69.86749999999999,
1999-02-28,,,,,,,,24.0,6.3976377952755445,5.0183180227471205,6.67,4.5874999999999995,30.422333571939838,39.37007874015744,70.0025,
1999-03-01,,,,,,,,24.0,5.347769028871353,3.2042869641294605,6.25,4.155833333333334,20.80350751610592,25.053686471009275,69.86,
1999-03-02,,,,,,,,24.0,6.233595800524889,2.328029308836379,5.56,3.785833333333333,25.50107372942016,31.317108088761596,69.89,
1999-03-03,,,,,,,,24.0,7.775590551181047,6.085958005249301,7.69,4.980833333333334,28.409090909090875,33.33035075161056,69.815,
1999-03-04,,,,,,,,24.0,5.708661417322793,3.990321522309683,6.67,4.621666666666667,21.92197566213312,26.619541875447357,69.71,
1999-03-05,,,,,,,,24.0,4.494750656167947,3.0224737532808184,5.56,4.0675,19.461345740873277,24.829992841803836,69.6725,
1999-03-06,,,,,,,,24.0,4.691601049868733,3.928805774278187,6.25,4.812083333333334,22.14566929133856,25.50107372942016,69.935,
1999-03-07,,,,,,,,24.0,5.1837270341206985,3.5774825021872014,6.67,4.435,24.606299212598397,28.63278453829632,70.0325,
1999-03-08,,,,,,,,24.0,12.368766404199386,9.429680664916816,9.09,5.91875,31.093414459556158,38.922691481746554,69.36500000000001,
1999-03-09,,,,,,,,24.0,11.45013123359572,8.72840113735777,9.09,6.0675,36.238367931281275,44.06764495347168,69.49249999999999,
1999-03-10,,,,,,,,24.0,6.26640419947502,3.7674978127733767,8.33,4.935,17.67179670722976,20.80350751610592,69.845,
1999-03-11,,,,,,,,24.0,2.198162729658777,1.815398075240582,9.09,4.5925,13.421617752326398,15.658554044380798,69.9425,
1999-03-12,,,,,,,,24.0,3.6417322834645414,2.647911198600156,7.69,4.015416666666667,19.908732999284158,22.816750178954877,69.125,
1999-03-13,,,,,,,,24.0,10.006561679789954,6.121500437445276,7.69,4.9887500000000005,28.185397279885436,34.896206156048635,69.0575,
1999-03-14,,,,,,,,24.0,15.551181102362094,12.005139982502103,10.0,6.672916666666667,31.540801717967035,39.593772369362874,69.185,
1999-03-15,,,,,,,,24.0,12.53280839895004,9.329888451443503,10.0,6.149583333333332,30.86972083035072,37.80422333571936,69.14,
1999-03-16,,,,,,,,24.0,5.872703412073449,2.9684468789227214,7.14,4.771739130434782,15.882247673586237,221.45669291338558,69.51826086956521,
1999-03-17,,,,,,,,24.0,1.5419947506561569,1.3506124234470593,6.25,3.8808333333333334,12.526843235504638,15.211166785969919,69.365,
1999-03-18,,,,,,,,24.0,1.509186351706026,1.2863626421697196,5.88,4.114166666666667,11.408375089477438,13.19792412312096,69.695,
1999-03-19,,,,,,,,24.0,1.5419947506561569,1.2398840769903674,7.14,4.494583333333334,10.51360057265568,12.303149606299199,70.43,
1999-03-20,,,,,,,,24.0,1.8700787401574668,1.3629155730533584,7.69,4.395833333333333,15.882247673586237,18.79026485325696,70.75999999999999,
1999-03-21,,,,,,,,24.0,5.4461942257217455,4.362150043744501,6.25,4.385,25.948460987831037,31.093414459556158,70.0625,
1999-03-22,,,,,,,,24.0,3.6417322834645414,2.501640419947489,5.88,4.068333333333334,19.461345740873277,23.04044380816032,69.785,
1999-03-23,,,,,,,,24.0,1.279527559055109,0.7545931758530129,7.69,4.489999999999999,7.6055833929849594,9.61882605583392,69.95,
1999-03-24,,,,,,,,24.0,1.279527559055109,0.8030925482140764,7.69,3.3108695652173914,12.75053686471008,17.22440944881888,69.8075,
1999-03-25,,,,,,,,24.0,2.034120734908122,1.573376697478021,5.26,3.7095652173913045,17.22440944881888,221.45669291338558,70.39478260869565,
1999-03-26,,,,,,,,24.0,3.8057742782151958,3.0019685039369866,5.88,3.9583333333333335,19.461345740873277,23.935218324982078,70.07000000000001,
1999-03-27,,,,,,,,24.0,3.6417322834645414,2.4729330708661243,5.26,4.01625,16.105941302791678,20.132426628489597,70.2575,
1999-03-28,,,,,,,,24.0,4.0026246719159815,2.9071094374072595,5.88,4.085652173913043,18.119183965640637,24.15891195418752,70.2875,
1999-03-29,,,,,,,,24.0,2.985564304461921,2.4907042869641116,5.88,4.1883333333333335,16.105941302791678,19.23765211166784,70.0025,
1999-03-30,,,,,,,,24.0,5.380577427821484,3.468576844561072,6.67,4.404999999999999,27.290622763063677,221.45669291338558,70.05,
1999-03-31,,,,,,,,24.0,10.49868766404192,9.29415073115854,9.09,6.531428571428571,20.132426628489597,221.45669291338558,69.62,
1999-04-01,,,,,,,,24.0,7.3818897637794745,5.756506999125069,9.09,6.146249999999999,9.171438797423038,11.632068718682879,71.27,
1999-04-02,,,,,,,,24.0,3.7073490813648027,2.8160542432195776,8.33,5.48125,11.184681460272,13.869005010737279,70.7375,
1999-04-03,,,,,,,,24.0,2.62467191601048,1.8769138232720777,7.69,4.517916666666667,14.092698639942718,17.448103078024317,70.6625,
1999-04-04,,,,,,,,23.0,4.133858267716506,3.3236334588610967,7.14,4.959565217391304,13.19792412312096,15.43486041517536,71.24782608695654,
1999-04-05,,,,,,,,24.0,3.412073490813624,3.015638670166208,7.69,4.84625,14.987473156764478,17.67179670722976,71.57000000000001,
1999-04-06,,,,,,,,24.0,2.7559055118110036,2.3663057742781985,7.69,5.21,10.737294201861118,12.526843235504638,71.8475,
1999-04-07,,,,,,,,24.0,1.738845144356943,1.388888888888879,6.67,4.922499999999999,9.84251968503936,11.408375089477438,72.8975,
1999-04-08,,,,,,,,24.0,1.8700787401574668,1.5119203849518699,6.25,4.715,10.289906943450239,12.07945597709376,73.82000000000001,
1999-04-09,,,,,,,,24.0,3.5433070866141483,3.0457130358704942,5.88,4.43,20.132426628489597,24.15891195418752,73.4075,
1999-04-10,,,,,,,,24.0,3.379265091863493,2.721730096237951,5.88,4.5841666666666665,13.869005010737279,15.882247673586237,74.435,
1999-04-11,,,,,,,,24.0,2.7230971128608727,2.4278215223096935,6.67,4.528333333333333,14.763779527559038,17.000715819613436,75.1475,
1999-04-12,,,,,,,,24.0,2.887139107611528,2.4141513560804726,6.25,3.9058333333333333,17.000715819613436,20.132426628489597,73.415,
1999-04-13,,,,,,,,24.0,4.888451443569519,3.094925634295691,5.88,4.162916666666667,22.593056549749438,26.39584824624192,72.23,
1999-04-14,,,,,,,,24.0,2.329396325459301,1.4982502187226492,5.26,3.69125,17.8954903364352,20.80350751610592,73.00999999999999,
1999-04-15,,,,,,,,24.0,9.087926509186287,6.5316054243219135,8.33,5.462500000000001,24.829992841803836,30.86972083035072,73.3625,
1999-04-16,,,,,,,,24.0,8.070866141732226,5.818022747156564,8.33,5.3425,25.053686471009275,30.646027201145277,72.9125,
1999-04-17,,,,,,,,24.0,7.185039370078688,4.105150918635141,8.33,4.697083333333333,26.172154617036476,33.10665712240512,72.17,
1999-04-18,,,,,,,,24.0,5.479002624671876,4.492016622922103,6.67,4.52,21.474588403722237,28.185397279885436,71.6,
1999-04-19,,,,,,,,24.0,3.9370078740157197,2.416885389326317,9.09,4.279583333333333,16.105941302791678,19.68503937007872,71.74249999999999,
1999-04-20,,,,,,,,24.0,2.7230971128608727,2.265146544181961,10.0,4.109583333333333,14.987473156764478,18.119183965640637,72.79249999999999,
1999-04-21,,,,,,,,24.0,1.9028871391075979,1.4914151356080383,9.09,4.043333333333333,14.987473156764478,17.67179670722976,73.0925,
1999-04-22,,,,,,,,24.0,4.133858267716506,3.2685367454068004,6.67,4.412916666666667,19.68503937007872,23.71152469577664,72.8075,
1999-04-23,,,,,,,,24.0,4.035433070866113,3.2152230971128377,7.69,4.965416666666667,12.974230493915519,15.658554044380798,72.1625,
1999-04-24,,,,,,,,24.0,2.657480314960611,2.0382217847768884,9.09,4.993333333333333,9.171438797423038,10.96098783106656,73.6625,
1999-04-25,,,,,,,,24.0,1.64041994750655,1.510553368328948,10.0,5.225416666666667,12.07945597709376,14.763779527559038,73.985,
1999-04-26,,,,,,,,24.0,2.493438320209956,1.9644028871390935,10.0,4.58875,11.85576234788832,13.421617752326398,74.1275,
1999-04-27,,,,,,,,24.0,2.7559055118110036,2.3512685914260554,6.25,4.461666666666667,14.540085898353599,16.777022190407997,74.2175,
1999-04-28,,,,,,,,24.0,3.60892388451441,2.5453849518809966,6.25,4.300833333333333,21.92197566213312,26.619541875447357,74.61500000000001,
1999-04-29,,,,,,,,24.0,3.412073490813624,2.0600940507436425,7.14,4.444583333333333,23.264137437365758,27.290622763063677,74.5775,
1999-04-30,,,,,,,,24.0,8.366141732283404,5.828958880139941,7.14,4.790416666666666,28.63278453829632,38.69899785254112,73.0325,
1999-05-01,,,,,,,,24.0,8.661417322834584,5.038823272090953,7.14,4.75125,26.843235504652796,33.10665712240512,72.53,
1999-05-02,,,,,,,,24.0,3.904199475065589,2.6151027996500247,6.25,4.283333333333334,17.8954903364352,21.698282032927676,72.0425,
1999-05-03,,,,,,,,24.0,0.9842519685039299,0.788768591426066,14.29,3.43875,10.51360057265568,12.75053686471008,71.75,
1999-05-04,,,,,,,,24.0,7.185039370078688,3.8823272090988348,6.25,4.272083333333334,33.77773801002144,43.62025769506079,72.0125,
1999-05-05,,,,,,,,24.0,10.465879265091788,8.027121609798717,9.09,5.685,39.37007874015744,48.0941302791696,72.275,
1999-05-06,,,,,,,,24.0,7.21784776902882,6.224026684164436,8.33,5.834583333333334,21.474588403722237,25.948460987831037,73.04750000000001,
1999-05-07,,,,,,,,24.0,9.383202099737465,6.087325021872223,8.33,5.353750000000001,39.817465998568316,49.212598425196795,73.04,
1999-05-08,,,,,,,,24.0,6.036745406824104,3.5638123359579796,8.33,5.363333333333334,12.75053686471008,15.882247673586237,73.46,
1999-05-09,,,,,,,,24.0,2.7559055118110036,1.9630358705161712,7.69,5.272916666666666,11.184681460272,12.526843235504638,74.45,
1999-05-10,,,,,,,,24.0,1.706036745406812,1.290463692038486,7.69,4.766666666666667,12.974230493915519,15.211166785969919,75.07249999999999,
1999-05-11,,,,,,,,24.0,2.493438320209956,1.6281167979002509,6.25,3.84375,23.04044380816032,30.422333571939838,75.155,
1999-05-12,,,,,,,,24.0,1.673228346456681,1.301399825021863,7.14,4.197500000000001,10.066213314244798,12.75053686471008,74.66,
1999-05-13,,,,,,,,24.0,2.526246719160087,1.5597659667541446,6.67,3.9791666666666665,17.8954903364352,21.474588403722237,74.9075,
1999-05-14,,,,,,,,24.0,2.132545931758515,1.792158792650906,6.25,3.947083333333333,13.421617752326398,16.32963493199712,75.57500000000002,
1999-05-15,,,,,,,,24.0,1.5419947506561569,1.3478783902012152,6.67,3.9604166666666667,12.07945597709376,14.540085898353599,75.8525,
1999-05-16,,,,,,,,24.0,2.887139107611528,1.94936570428695,5.56,3.922083333333333,15.211166785969919,17.67179670722976,75.8975,
1999-05-17,,,,,,,,24.0,2.8543307086613967,2.0395888013998107,5.88,4.014166666666667,16.32963493199712,19.0139584824624,76.4975,
1999-05-18,,,,,,,,24.0,1.9028871391075979,1.5707020997375214,5.26,3.8791666666666664,13.869005010737279,16.55332856120256,76.745,
1999-05-19,,,,,,,,24.0,1.3779527559055018,1.1687992125984168,4.76,3.5524999999999998,14.987473156764478,17.448103078024317,76.6925,
1999-05-20,,,,,,,,24.0,1.246719160104978,0.9992891513560734,9.09,3.5729166666666665,10.51360057265568,12.303149606299199,76.2875,
1999-05-21,,,,,,,,24.0,1.509186351706026,0.9610126859142538,9.09,4.723333333333334,9.84251968503936,11.632068718682879,76.895,
1999-05-22,,,,,,,,24.0,1.574803149606288,1.1211913728175202,9.09,4.160869565217391,5.368647100930559,221.45669291338558,78.40869565217392,
1999-05-23,,,,,,,,24.0,1.31233595800524,1.1154855643044541,8.33,4.632916666666667,11.408375089477438,12.75053686471008,78.36500000000001,
1999-05-24,,,,,,,,24.0,3.7401574803149336,2.9732611548556216,7.14,4.1875,19.461345740873277,24.15891195418752,77.525,
1999-05-25,,,,,,,,24.0,2.821522309711266,2.362204724409432,8.33,4.291666666666667,14.092698639942718,16.55332856120256,78.23,
1999-05-26,,,,,,,,24.0,2.2637795275590387,2.0583704210886538,9.09,4.252173913043479,12.974230493915519,221.45669291338558,78.13478260869564,
1999-05-27,,,,,,,,24.0,2.2637795275590387,2.036854768153966,8.33,4.097916666666666,11.408375089477438,13.645311381531839,78.335,
1999-05-28,,,,,,,,24.0,1.673228346456681,1.2193788276465354,9.09,4.774583333333333,10.737294201861118,12.303149606299199,79.985,
1999-05-29,,,,,,,,24.0,1.3779527559055018,0.9555446194225654,9.09,5.390833333333333,8.500357909806718,10.066213314244798,80.0375,
1999-05-30,,,,,,,,24.0,2.559055118110218,1.908592947620664,8.33,4.327826086956521,13.421617752326398,15.43486041517536,79.5875,
1999-05-31,,,,,,,,24.0,5.216535433070829,3.2808398950131,6.67,4.431666666666667,19.0139584824624,22.593056549749438,79.355,
1999-06-01,,,,,,,,24.0,4.101049868766375,3.015638670166208,6.25,4.47125,15.658554044380798,18.119183965640637,79.5275,
1999-06-02,,,,,,,,24.0,3.2152230971128377,2.679352580927365,6.25,4.60125,12.75053686471008,14.31639226914816,79.69250000000001,
1999-06-03,,,,,,,,24.0,2.2309711286089082,1.6475522081478828,7.14,4.66,7.6055833929849594,9.39513242662848,80.70500000000001,
1999-06-04,,,,,,,,24.0,1.476377952755895,1.0886423287998013,8.33,4.66,12.526843235504638,221.45669291338558,81.61739130434782,
1999-06-05,,,,,,,,24.0,1.9028871391075979,1.4248218972628321,9.09,3.8633333333333337,18.79026485325696,21.698282032927676,81.44,
1999-06-06,,,,,,,,24.0,3.576115485564279,2.8269903762029545,5.88,4.185,19.0139584824624,23.71152469577664,80.45,
1999-06-07,,,,,,,,24.0,4.429133858267686,2.995133420822376,6.25,4.2875000000000005,16.55332856120256,19.461345740873277,80.48,
1999-06-08,,,,,,,,24.0,3.7401574803149336,2.8010170603674345,5.88,4.29,16.105941302791678,18.119183965640637,81.14,
1999-06-09,,,,,,,,24.0,2.559055118110218,1.956200787401561,6.25,4.717083333333334,9.39513242662848,12.07945597709376,82.6925,
1999-06-10,,,,,,,,24.0,1.5419947506561569,1.2070756780402363,5.56,3.9537500000000008,8.9477451682176,10.51360057265568,83.9825,
1999-06-11,,,,,,,,24.0,0.8858267716535371,0.6561679790026201,6.67,3.6816666666666666,10.51360057265568,12.526843235504638,83.285,
1999-06-12,,,,,,,,24.0,1.082677165354323,0.5973862642169685,6.25,2.950833333333333,7.381889763779519,9.171438797423038,83.8475,
1999-06-13,,,,,,,,24.0,1.279527559055109,0.8762576552930821,5.0,3.8379166666666666,7.6055833929849594,10.066213314244798,83.975,
1999-06-14,,,,,,,,24.0,1.3779527559055018,1.059437882764647,6.25,3.971666666666667,12.974230493915519,15.658554044380798,84.36500000000001,
1999-06-15,,,,,,,,24.0,1.213910761154847,0.9897200349956186,5.88,4.279583333333334,7.381889763779519,10.066213314244798,84.8825,
1999-06-16,,,,,,,,24.0,1.3779527559055018,1.2029746281714702,6.25,4.23875,14.540085898353599,17.448103078024317,83.2175,
1999-06-17,,,,,,,,24.0,1.6076115485564189,1.2275809273840683,9.09,3.8674999999999997,16.105941302791678,20.132426628489597,83.11999999999999,
1999-06-18,,,,,,,,24.0,4.0026246719159815,2.6506452318460005,8.33,4.127916666666667,18.119183965640637,21.474588403722237,83.0825,
1999-06-19,,,,,,,,24.0,7.972440944881833,6.230861767279046,7.69,5.215416666666667,25.50107372942016,30.86972083035072,82.91,
1999-06-20,,,,,,,,24.0,5.6758530183726625,4.259623797025341,6.25,4.622083333333333,21.92197566213312,26.39584824624192,82.175,
1999-06-21,,,,,,,,24.0,2.985564304461921,2.6779855643044432,5.56,4.2124999999999995,17.448103078024317,19.908732999284158,82.685,
1999-06-22,,,,,,,,24.0,2.395013123359563,2.1680883639544906,7.69,4.2995833333333335,13.19792412312096,15.211166785969919,82.9775,
1999-06-23,,,,,,,,24.0,2.2309711286089082,1.9028871391075979,7.14,4.102727272727273,13.645311381531839,221.45669291338558,83.0886956521739,
1999-06-24,,,,,,,,24.0,1.8700787401574668,1.464074803149596,8.33,4.681666666666667,8.724051539012159,10.737294201861118,83.12,
1999-06-25,,,,,,,,24.0,1.509186351706026,1.3009243409791076,9.09,4.644782608695652,10.96098783106656,221.45669291338558,83.52695652173911,
1999-06-26,,,,,,,,24.0,2.526246719160087,2.0286526684164334,6.67,4.000416666666666,13.645311381531839,16.55332856120256,83.80999999999999,
1999-06-27,,,,,,,,24.0,2.8543307086613967,2.5727252843394393,6.25,4.057083333333334,15.882247673586237,19.0139584824624,83.7875,
1999-06-28,,,,,,,,24.0,2.7230971128608727,2.4989063867016448,6.25,4.014166666666667,16.105941302791678,19.0139584824624,83.72749999999999,
1999-06-29,,,,,,,,24.0,3.051181102362183,2.5508530183726856,6.67,4.06,16.55332856120256,19.23765211166784,83.77250000000001,
1999-06-30,,,,,,,,24.0,2.427821522309694,2.0847003499562407,10.0,4.228333333333333,14.987473156764478,17.67179670722976,84.4025,
1999-07-01,,,,,,,,24.0,2.2309711286089082,1.748414260717398,9.09,4.279166666666667,12.974230493915519,18.79026485325696,84.62,
1999-07-02,,,,,,,,24.0,3.2152230971128377,2.416885389326317,10.0,4.7075000000000005,13.869005010737279,16.777022190407997,84.89750000000001,
1999-07-03,,,,,,,,24.0,5.708661417322793,3.991688538932605,10.0,5.103333333333333,20.579813886900478,25.053686471009275,84.53,
1999-07-04,,,,,,,,24.0,4.790026246719126,4.362150043744501,6.67,5.027083333333334,21.474588403722237,26.619541875447357,83.73499999999999,
1999-07-05,,,,,,,,24.0,3.149606299212576,2.2460083114610514,7.14,4.414166666666667,14.763779527559038,17.22440944881888,83.84,
1999-07-06,,,,,,,,24.0,1.673228346456681,1.2180118110236133,8.33,4.434583333333333,8.9477451682176,11.184681460272,84.89750000000001,
1999-07-07,,,,,,,,24.0,1.6076115485564189,1.049868766404192,8.33,4.37625,14.763779527559038,16.777022190407997,84.6125,
1999-07-08,,,,,,,,24.0,1.804461942257205,1.2070756780402365,7.14,4.010000000000001,12.526843235504638,26.843235504652796,84.785,
1999-07-09,,,,,,,,24.0,4.199475065616768,2.8256233595800326,6.67,4.284166666666667,14.763779527559038,18.119183965640637,84.58250000000001,
1999-07-10,,,,,,,,24.0,3.510498687664017,2.4633639545056694,6.25,4.387083333333333,13.869005010737279,15.882247673586237,84.63499999999999,
1999-07-11,,,,,,,,24.0,2.066929133858253,1.867344706911623,6.67,4.586250000000001,11.85576234788832,13.645311381531839,85.25750000000001,
1999-07-12,,,,,,,,24.0,3.149606299212576,2.407316272965862,10.0,5.1866666666666665,12.07945597709376,17.67179670722976,85.73,
1999-07-13,,,,,,,,24.0,3.313648293963231,3.0034597947983555,10.0,4.808636363636364,16.32963493199712,221.45669291338558,84.87090909090908,
1999-07-14,,,,,,,,24.0,2.62467191601048,1.7416980486134757,9.09,4.62,9.39513242662848,221.45669291338558,85.02173913043478,
1999-07-15,,,,,,,,24.0,2.5918635170603492,1.6663932633420704,8.33,4.224166666666666,12.07945597709376,14.987473156764478,84.54499999999999,
1999-07-16,,,,,,,,24.0,2.690288713910742,1.9056211723534424,7.69,4.15125,17.22440944881888,19.908732999284158,84.95750000000001,
1999-07-17,,,,,,,,24.0,2.395013123359563,2.0455323519342548,7.14,4.426086956521738,13.869005010737279,16.105941302791678,85.4,
1999-07-18,,,,,,,,24.0,2.395013123359563,2.079232283464552,7.69,4.440833333333333,12.75053686471008,16.777022190407997,84.545,
1999-07-19,,,,,,,,24.0,2.427821522309694,2.05979687321692,6.25,4.60304347826087,17.000715819613436,221.45669291338558,85.16260869565217,
1999-07-20,,,,,,,,24.0,2.2637795275590387,1.6491688538932516,5.88,4.567333333333333,9.61882605583392,221.45669291338558,89.576,
1999-07-21,,,,,,,,24.0,,,,,11.408375089477438,221.45669291338558,,
1999-07-22,,,,,,,,24.0,,,,,16.32963493199712,20.132426628489597,,
1999-07-23,,,,,,,,24.0,,,,,16.55332856120256,20.80350751610592,,
1999-07-24,,,,,,,,24.0,,,,,14.092698639942718,17.22440944881888,,
1999-07-25,,,,,,,,19.0,,,,,13.421617752326398,17.000715819613436,,
1999-08-22,,,,,,,,5.0,,,,,4.69756621331424,221.45669291338558,,
1999-08-23,,,,,,,,24.0,2.985564304461921,2.648532569792393,10.0,5.197272727272726,12.974230493915519,221.45669291338558,88.45454545454545,
1999-08-24,,,,,,,,24.0,2.62467191601048,2.0628280839894866,10.0,4.95375,8.27666428060128,10.289906943450239,87.8225,
1999-08-25,,,,,,,,24.0,1.574803149606288,1.2822615923009533,6.67,4.2625,12.07945597709376,16.105941302791678,87.85999999999999,
1999-08-26,,,,,,,,24.0,1.9356955380577288,1.3711176727908916,5.56,3.7829166666666665,22.369362920544,28.185397279885436,86.8475,
1999-08-27,,,,,,,,24.0,1.804461942257205,1.1660651793525727,5.26,3.7875,17.448103078024317,20.80350751610592,86.66749999999999,
1999-08-28,,,,,,,,24.0,1.5419947506561569,1.1197649206892535,3.33,3.157391304347826,13.869005010737279,221.45669291338558,86.5478260869565,
1999-08-29,,,,,,,,24.0,1.8372703412073361,1.3238188976377858,3.85,3.2704999999999997,13.19792412312096,221.45669291338558,86.63,
1999-08-30,,,,,,,,24.0,1.148293963254585,0.5973862642169685,3.7,2.4991666666666665,4.69756621331424,8.9477451682176,87.70250000000001,
1999-08-31,,,,,,,,24.0,5.479002624671876,2.4455927384076817,6.67,3.3970833333333332,25.948460987831037,30.86972083035072,86.75,
1999-09-01,,,,,,,,24.0,5.413385826771615,4.266458880139951,7.14,4.81375,23.04044380816032,29.527559055118076,86.3525,
1999-09-02,,,,,,,,24.0,3.5433070866141483,3.096292650918613,7.69,5.137083333333333,17.000715819613436,20.356120257695036,86.57000000000001,
1999-09-03,,,,,,,,24.0,2.329396325459301,1.8536745406824013,8.33,4.815833333333333,11.184681460272,13.19792412312096,86.7125,
1999-09-04,,,,,,,,24.0,1.8700787401574668,1.6076115485564189,8.33,3.92375,14.31639226914816,18.119183965640637,86.315,
1999-09-05,,,,,,,,24.0,2.526246719160087,1.7701622524457044,7.69,3.6531818181818183,18.342877594846076,221.45669291338558,85.89363636363638,
1999-09-06,,,,,,,,24.0,4.035433070866113,2.9664260717410116,5.56,4.027083333333334,20.579813886900478,25.50107372942016,85.19749999999999,
1999-09-07,,,,,,,,24.0,3.5433070866141483,2.5330818022746975,5.26,4.004166666666666,20.579813886900478,25.27738010021472,84.8,
1999-09-08,,,,,,,,24.0,2.919947506561659,2.0628280839894866,5.0,3.8312500000000003,17.448103078024317,20.356120257695036,84.9275,
1999-09-09,,,,,,,,24.0,3.7729658792650644,2.4455927384076817,5.56,3.99,20.80350751610592,25.50107372942016,84.8,
1999-09-10,,,,,,,,24.0,2.5918635170603492,1.982174103237081,4.35,3.669166666666667,16.55332856120256,21.02720114531136,84.9725,
1999-09-11,,,,,,,,24.0,2.821522309711266,1.8099300087488934,5.0,3.7304166666666667,16.105941302791678,18.79026485325696,84.965,
1999-09-12,,,,,,,,24.0,5.216535433070829,3.7610355523741092,6.67,4.3463636363636375,23.487831066571196,221.45669291338558,84.84636363636363,
1999-09-13,,,,,,,,24.0,5.4461942257217455,4.1940069991250795,6.67,4.635416666666667,21.698282032927676,25.50107372942016,84.58250000000001,
1999-09-14,,,,,,,,24.0,6.233595800524889,4.825568678915101,7.14,4.639583333333333,24.38260558339296,29.751252684323518,84.28999999999999,
1999-09-15,,,,,,,,24.0,6.988188976377902,5.343667979002587,6.25,4.66625,25.948460987831037,31.317108088761596,84.17,
1999-09-16,,,,,,,,24.0,5.118110236220436,4.0539769485335775,6.25,4.514347826086956,21.02720114531136,221.45669291338558,83.73826086956522,
1999-09-17,,,,,,,,24.0,3.7073490813648027,2.77914479440068,5.26,4.045833333333333,16.55332856120256,21.474588403722237,83.3975,
1999-09-18,,,,,,,,24.0,5.085301837270305,2.2856517935257927,6.25,3.6904166666666662,19.23765211166784,22.816750178954877,83.2175,
1999-09-19,,,,,,,,24.0,9.678477690288645,6.8391841644793905,11.11,5.635000000000001,23.71152469577664,29.527559055118076,82.91,
1999-09-20,,,,,,,,24.0,10.433070866141659,9.008639545056804,11.11,6.563749999999999,25.948460987831037,31.093414459556158,82.7525,
1999-09-21,,,,,,,,24.0,9.547244094488121,5.591097987751492,9.09,4.895833333333333,25.948460987831037,31.317108088761596,82.55,
1999-09-22,,,,,,,,24.0,7.3818897637794745,5.081022480885506,7.14,4.750869565217391,26.619541875447357,221.45669291338558,82.12608695652175,
1999-09-23,,,,,,,,24.0,3.7729658792650644,2.9418197725284125,5.56,4.060416666666666,17.22440944881888,21.92197566213312,81.7175,
1999-09-24,,,,,,,,24.0,2.034120734908122,1.4066601049868666,5.88,3.9441666666666664,10.066213314244798,14.092698639942718,82.0025,
1999-09-25,,,,,,,,24.0,2.165354330708646,1.451771653543297,4.55,3.5258333333333334,14.540085898353599,17.8954903364352,82.055,
1999-09-26,,,,,,,,24.0,3.8713910761154575,2.857064741907241,6.25,4.23375,17.67179670722976,21.474588403722237,81.845,
1999-09-27,,,,,,,,24.0,6.496062992125938,4.600010936132951,7.69,5.38375,15.882247673586237,18.79026485325696,82.535,
1999-09-28,,,,,,,,24.0,2.7559055118110036,2.3225612423446904,7.69,4.5304166666666665,12.75053686471008,14.987473156764478,82.34,
1999-09-29,,,,,,,,24.0,2.559055118110218,2.110673665791761,7.14,5.058333333333334,11.184681460272,13.421617752326398,83.1125,
1999-09-30,,,,,,,,24.0,4.297900262467161,3.1277340332458214,6.25,4.338333333333334,19.908732999284158,25.7247673586256,82.11500000000001,
1999-10-01,,,,,,,,24.0,5.216535433070829,3.5282699037620047,5.88,4.3175,22.14566929133856,26.619541875447357,81.425,
1999-10-02,,,,,,,,24.0,4.691601049868733,3.9260717410323425,6.25,4.498333333333333,19.68503937007872,24.606299212598397,81.82249999999999,
1999-10-03,,,,,,,,24.0,5.24934383202096,4.029965004374425,7.69,4.589166666666666,20.80350751610592,24.606299212598397,81.7175,
1999-10-04,,,,,,,,24.0,6.1351706036744975,5.321795713035833,7.69,5.292916666666667,21.698282032927676,27.51431639226912,81.185,
1999-10-05,,,,,,,,24.0,4.396325459317554,3.823545494313183,7.69,4.645833333333333,20.132426628489597,23.487831066571196,80.9525,
1999-10-06,,,,,,,,24.0,6.791338582677116,5.160487751531022,7.69,4.863333333333333,23.935218324982078,28.85647816750176,80.795,
1999-10-07,,,,,,,,24.0,8.333333333333274,6.753062117235297,7.14,5.22375,27.06692913385824,32.211882605583355,80.78,
1999-10-08,,,,,,,,24.0,8.989501312335895,8.029855643044563,8.33,5.68,28.63278453829632,36.01467430207584,80.945,
1999-10-09,,,,,,,,24.0,6.1679790026246275,5.085301837270305,6.67,4.999583333333334,21.250894774516798,29.303865425912637,81.2525,
1999-10-10,,,,,,,,24.0,4.429133858267686,3.711450131233569,6.67,4.76375,16.105941302791678,19.0139584824624,81.35,
1999-10-11,,,,,,,,24.0,3.1167979002624446,2.4086832895887844,6.67,4.35625,14.763779527559038,16.55332856120256,81.575,
1999-10-12,,,,,,,,24.0,2.460629921259825,2.0395888013998107,5.88,3.8312500000000003,14.31639226914816,17.000715819613436,81.3575,
1999-10-13,,,,,,,,24.0,3.7401574803149336,2.854330708661397,5.88,4.191666666666666,15.658554044380798,19.0139584824624,81.185,
1999-10-14,,,,,,,,24.0,3.8385826771653266,3.2220581802274486,6.25,4.160833333333333,19.68503937007872,23.487831066571196,80.825,
1999-10-15,,,,,,,,24.0,7.677165354330653,6.0408464566928695,7.14,5.005416666666666,26.619541875447357,31.98818897637792,80.57000000000001,
1999-10-16,,,,,,,,24.0,8.464566929133799,5.47490157480311,7.69,5.01875,25.7247673586256,30.86972083035072,80.4275,
1999-10-17,,,,,,,,24.0,3.9698162729658506,3.010916249105205,5.26,4.000454545454546,19.461345740873277,221.45669291338558,80.36272727272727,
1999-10-18,,,,,,,,24.0,3.60892388451441,2.654746281714767,5.56,4.1025,18.79026485325696,21.474588403722237,80.29249999999999,
1999-10-19,,,,,,,,24.0,2.690288713910742,1.641786964129472,5.0,3.6791666666666667,13.869005010737279,16.32963493199712,80.61500000000001,
1999-10-20,,,,,,,,24.0,4.822834645669257,2.479768153980735,5.88,3.875833333333333,21.250894774516798,25.053686471009275,80.5475,
1999-10-21,,,,,,,,24.0,5.1837270341206985,4.02039588801397,5.88,4.405,20.132426628489597,24.829992841803836,79.9175,
1999-10-22,,,,,,,,24.0,2.985564304461921,2.668891931986744,4.76,3.845652173913043,18.56657122405152,221.45669291338558,79.43391304347827,
1999-10-23,,,,,,,,24.0,6.692913385826724,4.735345581802241,7.14,4.620833333333334,23.264137437365758,30.86972083035072,79.4525,
1999-10-24,,,,,,,,24.0,6.364829396325414,4.620516185476782,6.67,4.6025,23.935218324982078,32.65926986399424,78.815,
1999-10-25,,,,,,,,24.0,3.2152230971128377,2.702591863517041,5.56,4.06125,15.882247673586237,21.698282032927676,78.32,
1999-10-26,,,,,,,,24.0,2.985564304461921,2.118875765529294,5.56,3.9875000000000003,14.092698639942718,17.67179670722976,77.975,
1999-10-27,,,,,,,,24.0,2.3622047244094317,1.7784886264216846,5.56,3.8375,13.19792412312096,16.777022190407997,77.84,
1999-10-28,,,,,,,,24.0,3.6417322834645414,2.390912073490797,5.56,3.7241666666666666,17.22440944881888,21.474588403722237,77.555,
1999-10-29,,,,,,,,24.0,6.299212598425152,5.045658355205564,6.67,4.7425,23.264137437365758,28.409090909090875,77.465,
1999-10-30,,,,,,,,24.0,4.888451443569519,4.236384514435665,6.67,4.58,20.80350751610592,23.935218324982078,77.5775,
1999-10-31,,,,,,,,25.0,6.5616797900262,4.759842519685005,6.67,4.7700000000000005,22.369362920544,26.39584824624192,77.6336,
1999-11-01,,,,,,,,24.0,6.59448818897633,5.288987314085701,6.67,4.7675,25.7247673586256,32.882963493199675,77.57,
1999-11-02,,,,,,,,24.0,10.17060367454061,7.971073928258911,8.33,5.472083333333334,31.093414459556158,40.93593414459552,77.19500000000001,
1999-11-03,,,,,,,,24.0,11.909448818897552,7.041502624671865,8.33,5.270833333333333,29.974946313528957,38.0279169649248,76.67,
1999-11-04,,,,,,,,24.0,3.9370078740157197,2.9240485564304253,5.26,3.984166666666667,19.68503937007872,23.487831066571196,76.2725,
1999-11-05,,,,,,,,24.0,4.560367454068208,3.474956255468042,6.25,4.339166666666666,18.119183965640637,22.593056549749438,76.055,
1999-11-06,,,,,,,,24.0,4.363517060367423,3.786636045494286,6.25,4.449166666666667,17.67179670722976,21.92197566213312,75.8825,
1999-11-07,,,,,,,,24.0,3.477690288713886,2.6289512723952795,5.56,3.9513043478260874,16.55332856120256,221.45669291338558,75.76347826086958,
1999-11-08,,,,,,,,24.0,3.182414698162707,2.5440179352580743,5.26,3.8900000000000006,17.000715819613436,21.698282032927676,75.7625,
1999-11-09,,,,,,,,24.0,5.741469816272925,4.010826771653514,6.67,4.5075,20.132426628489597,26.39584824624192,75.8,
1999-11-10,,,,,,,,24.0,4.297900262467161,3.503663604549406,6.67,4.641666666666667,19.0139584824624,22.593056549749438,75.7475,
1999-11-11,,,,,,,,24.0,2.460629921259825,1.926126421697274,8.33,4.07875,14.31639226914816,17.67179670722976,75.7025,
1999-11-12,,,,,,,,24.0,6.036745406824104,2.7477034120734714,6.25,3.9112500000000003,23.264137437365758,27.51431639226912,75.75500000000001,
1999-11-13,,,,,,,,24.0,5.741469816272925,3.644466316710385,7.14,4.673333333333333,21.250894774516798,25.7247673586256,76.025,
1999-11-14,,,,,,,,24.0,1.9685039370078599,1.5023512685914155,10.0,3.8000000000000003,14.763779527559038,18.119183965640637,76.04,
1999-11-15,,,,,,,,24.0,5.019685039370043,3.6841097987751263,5.56,4.252916666666667,20.80350751610592,25.50107372942016,76.16749999999999,
1999-11-16,,,,,,,,24.0,6.528871391076069,4.937664041994716,6.67,4.7475,23.04044380816032,28.85647816750176,75.785,
1999-11-17,,,,,,,,24.0,6.233595800524889,3.7333223972003236,6.25,4.422083333333333,22.14566929133856,28.409090909090875,75.4175,
1999-11-18,,,,,,,,24.0,4.691601049868733,3.2576006124234236,6.25,4.22375,19.908732999284158,27.51431639226912,75.2225,
1999-11-19,,,,,,,,24.0,4.658792650918602,3.902832458442667,6.25,4.444166666666667,21.250894774516798,25.27738010021472,74.975,
1999-11-20,,,,,,,,24.0,2.95275590551179,2.1516841644794247,7.14,4.433333333333334,13.421617752326398,16.105941302791678,75.16999999999999,
1999-11-21,,,,,,,,24.0,1.706036745406812,1.431266404199465,7.14,4.074166666666667,12.526843235504638,14.540085898353599,74.9675,
1999-11-22,,,,,,,,24.0,3.379265091863493,2.0970034995625397,5.0,3.7983333333333333,19.23765211166784,23.935218324982078,74.80250000000001,
1999-11-23,,,,,,,,24.0,3.248031496062969,2.3717738407698863,5.56,3.9737500000000003,16.55332856120256,19.68503937007872,74.8625,
1999-11-24,,,,,,,,24.0,2.329396325459301,1.6253827646544063,4.17,3.450416666666667,13.645311381531839,17.8954903364352,74.9675,
1999-11-25,,,,,,,,24.0,1.509186351706026,1.071741032370946,4.55,3.6612500000000003,10.51360057265568,11.85576234788832,75.44,
1999-11-26,,,,,,,,24.0,4.790026246719126,3.2494579481912353,6.25,4.199130434782608,20.356120257695036,221.45669291338558,74.80086956521738,
1999-11-27,,,,,,,,24.0,3.412073490813624,2.921373958689926,5.56,4.158260869565217,17.000715819613436,221.45669291338558,74.85565217391304,
1999-11-28,,,,,,,,24.0,1.8700787401574668,1.5843722659667427,4.17,3.5875,12.526843235504638,16.105941302791678,74.7575,
1999-11-29,,,,,,,,24.0,5.282152230971091,1.8277012248468811,5.0,3.590833333333333,26.172154617036476,31.540801717967035,74.61500000000001,
1999-11-30,,,,,,,,24.0,9.711286089238776,6.899332895887965,7.14,5.2179166666666665,29.974946313528957,36.909448818897594,74.32249999999999,
1999-12-01,,,,,,,,24.0,6.26640419947502,3.807141294838118,6.25,4.5929166666666665,23.04044380816032,28.63278453829632,74.0675,
1999-12-02,,,,,,,,24.0,3.7729658792650644,2.975579139564055,5.88,4.076521739130436,19.23765211166784,221.45669291338558,73.93217391304348,
1999-12-03,,,,,,,,24.0,4.92125984251965,4.311570428696382,5.88,4.3758333333333335,22.14566929133856,27.738010021474558,73.73,
1999-12-04,,,,,,,,24.0,6.069553805774235,4.926727909011339,6.25,4.71625,24.606299212598397,29.080171796707198,73.4225,
1999-12-05,,,,,,,,24.0,8.136482939632488,6.789971566054195,8.33,5.4745833333333325,24.606299212598397,30.1986399427344,73.145,
1999-12-06,,,,,,,,24.0,6.856955380577379,5.567858705161815,7.14,5.028333333333333,23.487831066571196,29.303865425912637,73.03250000000001,
1999-12-07,,,,,,,,24.0,4.396325459317554,2.910378390201204,5.26,4.3933333333333335,17.000715819613436,20.80350751610592,72.6725,
1999-12-08,,,,,,,,24.0,4.822834645669257,2.9923993875765316,6.25,4.290416666666666,20.579813886900478,23.935218324982078,72.785,
1999-12-09,,,,,,,,24.0,6.332020997375283,4.898020559929973,6.67,4.857083333333333,24.38260558339296,28.85647816750176,73.13,
1999-12-10,,,,,,,,24.0,3.7073490813648027,3.081255468066469,7.69,4.459583333333334,17.448103078024317,22.14566929133856,73.16,
1999-12-11,,,,,,,,24.0,3.477690288713886,2.5453849518809966,6.67,4.422916666666667,14.092698639942718,17.8954903364352,73.0175,
1999-12-12,,,,,,,,24.0,6.824146981627248,4.3020013123359275,7.14,4.388333333333333,23.487831066571196,29.080171796707198,72.88250000000001,
1999-12-13,,,,,,,,24.0,9.678477690288645,7.194608486439144,7.69,5.525833333333334,25.948460987831037,30.646027201145277,72.875,
1999-12-14,,,,,,,,24.0,8.858267716535371,6.0709802579025,10.0,5.937826086956521,24.15891195418752,221.45669291338558,72.69565217391305,
1999-12-15,,,,,,,,24.0,3.412073490813624,2.6688919319867432,8.33,4.464782608695652,16.777022190407997,221.45669291338558,72.74260869565217,
1999-12-16,,,,,,,,24.0,7.578740157480261,5.805660162044919,7.14,4.918260869565217,24.829992841803836,221.45669291338558,72.8286956521739,
1999-12-17,,,,,,,,24.0,5.610236220472401,4.818733595800491,7.14,4.834583333333334,20.80350751610592,26.172154617036476,72.65,
1999-12-18,,,,,,,,24.0,7.21784776902882,5.031988188976341,6.67,4.6745833333333335,30.1986399427344,34.44881889763776,72.5825,
1999-12-19,,,,,,,,24.0,9.284776902887073,5.778379265091823,7.14,5.227083333333334,24.829992841803836,30.1986399427344,72.2375,
1999-12-20,,,,,,,,24.0,5.085301837270305,2.334864391950989,6.67,4.347083333333333,26.39584824624192,31.093414459556158,72.24499999999999,
1999-12-21,,,,,,,,24.0,8.136482939632488,5.9506233595800095,7.14,5.095833333333333,29.527559055118076,36.909448818897594,72.1925,
1999-12-22,,,,,,,,24.0,7.480314960629867,4.951334208223936,6.67,4.639583333333333,24.829992841803836,31.540801717967035,72.05749999999999,
1999-12-23,,,,,,,,24.0,6.102362204724366,5.062062554680629,5.88,4.622083333333333,22.369362920544,27.738010021474558,71.81,
1999-12-24,,,,,,,,24.0,4.560367454068208,3.143900490699509,5.26,3.947826086956522,21.92197566213312,221.45669291338558,71.57652173913043,
1999-12-25,,,,,,,,24.0,6.1679790026246275,4.281496062992095,6.25,4.4125000000000005,25.50107372942016,29.527559055118076,70.3775,
1999-12-26,,,,,,,,24.0,4.59317585301834,2.404582239720018,5.26,3.7554166666666666,21.698282032927676,27.51431639226912,69.47749999999999,
1999-12-27,,,,,,,,24.0,5.90551181102358,4.502952755905479,6.67,4.646666666666667,23.71152469577664,28.63278453829632,69.3575,
1999-12-28,,,,,,,,24.0,7.086614173228297,5.786581364829355,7.69,5.095,24.829992841803836,31.98818897637792,69.755,
1999-12-29,,,,,,,,24.0,5.1837270341206985,3.8970672144242564,6.67,4.8539130434782605,19.908732999284158,221.45669291338558,69.73739130434784,
1999-12-30,,,,,,,,24.0,2.198162729658777,1.5638670166229107,6.25,4.120833333333334,12.75053686471008,15.658554044380798,70.025,
1999-12-31,,,,,,,,24.0,2.657480314960611,1.6554571303586931,4.76,3.7608333333333337,17.8954903364352,21.92197566213312,70.34,
2000-01-01,,,,,,,,24.0,3.182414698162707,2.4373906386701485,5.56,4.28125,12.974230493915519,14.763779527559038,70.685,
2000-01-02,,,,,,,,24.0,3.2152230971128377,2.240540244969363,6.25,3.9725,15.882247673586237,18.119183965640637,70.6475,
2000-01-03,,,,,,,,24.0,4.888451443569519,3.968449256342929,7.69,4.8308333333333335,18.79026485325696,22.369362920544,70.7075,
2000-01-04,,,,,,,,24.0,7.808398950131178,5.163221784776865,7.69,4.88625,27.06692913385824,34.44881889763776,70.715,
2000-01-05,,,,,,,,24.0,8.398950131233535,5.745570866141692,7.69,5.198333333333333,25.27738010021472,34.00143163922687,69.995,
2000-01-06,,,,,,,,24.0,4.396325459317554,3.278105861767256,8.33,4.332916666666667,17.8954903364352,22.593056549749438,69.60499999999999,
2000-01-07,,,,,,,,24.0,3.412073490813624,2.758639545056848,5.26,3.946666666666666,19.461345740873277,25.053686471009275,69.62,
2000-01-08,,,,,,,,24.0,2.62467191601048,2.034120734908122,4.55,3.7945833333333336,18.56657122405152,21.92197566213312,69.7475,
2000-01-09,,,,,,,,24.0,3.412073490813624,3.0566491688538715,6.25,4.347916666666667,18.56657122405152,22.369362920544,70.88,
2000-01-10,,,,,,,,24.0,6.463254593175806,4.603161017916206,7.14,4.961304347826086,24.829992841803836,221.45669291338558,71.27130434782609,
2000-01-11,,,,,,,,24.0,3.7073490813648027,2.374507874015731,6.67,4.568333333333333,12.303149606299199,15.658554044380798,71.4125,
2000-01-12,,,,,,,,24.0,1.5419947506561569,1.2453521434820558,5.56,3.8808333333333334,11.85576234788832,13.869005010737279,71.3675,
2000-01-13,,,,,,,,24.0,4.560367454068208,1.773020559929996,5.26,3.8349999999999995,26.172154617036476,31.540801717967035,71.4125,
2000-01-14,,,,,,,,24.0,12.631233595800435,8.66551837270335,7.69,5.564583333333332,35.11989978525408,43.172870436649916,71.0,
2000-01-15,,,,,,,,24.0,8.595800524934322,6.273239282589632,7.69,5.2975,25.27738010021472,31.98818897637792,70.655,
2000-01-16,,,,,,,,24.0,4.888451443569519,3.6622375328083736,7.69,5.012083333333333,17.67179670722976,21.250894774516798,70.5875,
2000-01-17,,,,,,,,24.0,3.149606299212576,2.3008672828939694,10.0,6.002173913043479,7.6055833929849594,221.45669291338558,70.65304347826087,
2000-01-18,,,,,,,,24.0,5.4461942257217455,3.293143044619399,10.0,4.665416666666666,21.250894774516798,24.829992841803836,70.55749999999999,
2000-01-19,,,,,,,,24.0,6.332020997375283,4.918525809273805,5.88,4.7441666666666675,23.71152469577664,28.409090909090875,70.64,
2000-01-20,,,,,,,,24.0,9.744094488188907,8.167924321959697,7.69,5.515416666666667,28.85647816750176,35.7909806728704,70.4525,
2000-01-21,,,,,,,,24.0,8.53018372703406,4.955435258092703,7.14,4.8066666666666675,25.948460987831037,32.4355762347888,70.13,
2000-01-22,,,,,,,,24.0,4.035433070866113,2.1325459317585147,7.14,3.7154166666666666,23.487831066571196,26.843235504652796,69.935,
2000-01-23,,,,,,,,24.0,5.938320209973711,4.576771653543274,6.25,4.69409090909091,23.71152469577664,221.45669291338558,70.04545454545455,
2000-01-24,,,,,,,,24.0,14.173228346456593,8.345636482939572,8.33,5.565,34.00143163922687,45.186113099498876,70.01,
2000-01-25,,,,,,,,24.0,8.8910761154855,6.8583223972003005,7.14,5.2025,27.51431639226912,34.896206156048635,69.6575,
2000-01-26,,,,,,,,24.0,8.661417322834584,6.192585301837226,7.14,5.089583333333333,25.7247673586256,34.22512526843232,69.35,
2000-01-27,,,,,,,,24.0,3.6745406824146722,2.8269903762029545,5.0,3.8666666666666667,21.92197566213312,27.961703650679997,69.0125,
2000-01-28,,,,,,,,24.0,10.20341207349074,7.540463692038442,7.69,5.3012500000000005,32.882963493199675,41.159627773800956,69.0275,
2000-01-29,,,,,,,,24.0,9.87532808398943,6.450951443569507,7.69,5.425833333333333,21.92197566213312,26.619541875447357,69.2225,
2000-01-30,,,,,,,,24.0,5.839895013123318,3.9954924112746486,7.14,4.598260869565217,23.487831066571196,221.45669291338558,69.30695652173912,
2000-01-31,,,,,,,,24.0,4.625984251968471,3.4284776902886893,5.26,4.19,23.935218324982078,28.85647816750176,69.065,
2000-02-01,,,,,,,,24.0,3.5433070866141483,2.6561132983376887,5.56,3.8250000000000006,18.342877594846076,22.816750178954877,68.9225,
2000-02-02,,,,,,,,24.0,4.790026246719126,3.3573928258967394,5.56,4.182916666666666,21.250894774516798,26.39584824624192,68.83250000000001,
2000-02-03,,,,,,,,24.0,2.132545931758515,1.5160214348206367,6.67,4.054583333333333,13.645311381531839,17.448103078024317,68.885,
2000-02-04,,,,,,,,24.0,5.4461942257217455,3.444881889763755,5.88,4.061739130434782,24.38260558339296,221.45669291338558,69.03304347826088,
2000-02-05,,,,,,,,24.0,7.6115485564303915,4.713473315835487,7.14,4.760000000000001,25.948460987831037,31.764495347172474,69.1025,
2000-02-06,,,,,,,,24.0,1.8372703412073361,1.300032808398941,4.55,3.596666666666667,12.303149606299199,16.32963493199712,69.02,
2000-02-07,,,,,,,,24.0,1.31233595800524,0.8817257217847706,7.69,3.797916666666667,12.303149606299199,15.43486041517536,68.9225,
2000-02-08,,,,,,,,24.0,2.034120734908122,1.231806251491282,8.33,3.6381818181818177,16.32963493199712,221.45669291338558,68.65454545454546,
2000-02-09,,,,,,,,24.0,2.690288713910742,1.926126421697274,4.55,3.5620833333333337,17.22440944881888,20.579813886900478,68.5775,
2000-02-10,,,,,,,,24.0,2.395013123359563,1.2852333675681755,4.35,3.4869565217391307,18.119183965640637,221.45669291338558,68.71217391304347,
2000-02-11,,,,,,,,24.0,3.412073490813624,3.0088035870515966,6.25,4.3966666666666665,17.22440944881888,20.80350751610592,68.87,
2000-02-12,,,,,,,,24.0,3.444881889763755,3.2562335958005018,8.33,5.200833333333334,11.408375089477438,13.19792412312096,70.415,
2000-02-13,,,,,,,,24.0,6.364829396325414,4.010826771653514,6.67,4.8133333333333335,26.172154617036476,34.6725125268432,71.7125,
2000-02-14,,,,,,,,24.0,7.119422572178427,6.254101049868722,8.33,5.473333333333333,26.843235504652796,32.65926986399424,72.3575,
2000-02-15,,,,,,,,24.0,4.330708661417292,3.4927274715660297,7.69,4.77125,17.67179670722976,20.132426628489597,71.6,
2000-02-16,,,,,,,,24.0,2.7230971128608727,2.1311194796302484,7.69,4.5291304347826085,14.987473156764478,221.45669291338558,72.14,
2000-02-17,,,,,,,,24.0,1.8700787401574668,1.3533464566929039,9.09,4.6525,15.658554044380798,18.342877594846076,69.5975,
2000-02-18,,,,,,,,24.0,3.5433070866141483,2.6943897637795082,6.67,4.266666666666667,15.658554044380798,17.8954903364352,69.0275,
2000-02-19,,,,,,,,24.0,2.985564304461921,2.109306649168839,6.67,4.620416666666666,17.448103078024317,20.579813886900478,71.735,
2000-02-20,,,,,,,,24.0,4.790026246719126,3.820038799497862,6.25,4.41695652173913,21.474588403722237,221.45669291338558,70.16000000000001,
2000-02-21,,,,,,,,24.0,4.4619422572178165,3.2521325459317354,5.56,4.265416666666667,18.79026485325696,24.606299212598397,68.96000000000001,
2000-02-22,,,,,,,,24.0,4.429133858267686,3.4063676823005573,6.67,4.147826086956521,20.579813886900478,221.45669291338558,69.63565217391304,
2000-02-23,,,,,,,,24.0,7.545931758530129,5.699092300962339,7.14,4.8879166666666665,28.409090909090875,32.65926986399424,72.3575,
2000-02-24,,,,,,,,24.0,5.019685039370043,3.8428620335501265,7.14,4.546086956521739,20.132426628489597,221.45669291338558,72.00695652173914,
2000-02-25,,,,,,,,24.0,4.986876640419912,3.8891622922134452,6.25,4.432916666666666,23.935218324982078,27.738010021474558,72.275,
2000-02-26,,,,,,,,24.0,6.955380577427772,4.888451443569519,7.14,4.7124999999999995,26.619541875447357,31.317108088761596,72.605,
2000-02-27,,,,,,,,24.0,4.986876640419912,4.389490376202943,7.69,4.817916666666666,21.698282032927676,27.738010021474558,72.3875,
2000-02-28,,,,,,,,24.0,4.494750656167947,3.485892388451419,5.88,4.41625,19.908732999284158,24.606299212598397,72.0425,
2000-02-29,,,,,,,,24.0,2.559055118110218,1.8003608923884384,7.14,3.8074999999999997,15.211166785969919,17.8954903364352,71.92250000000001,
2000-03-01,,,,,,,,24.0,2.460629921259825,1.64041994750655,5.26,3.6475000000000004,17.22440944881888,21.02720114531136,72.2225,
2000-03-02,,,,,,,,24.0,2.62467191601048,2.1298118985126706,5.88,3.771666666666667,17.67179670722976,20.579813886900478,73.4,
2000-03-03,,,,,,,,24.0,3.7073490813648027,1.6376859142607059,6.67,3.7483333333333335,21.92197566213312,25.7247673586256,74.39,
2000-03-04,,,,,,,,24.0,6.692913385826724,4.65059055118107,6.25,4.599583333333333,27.738010021474558,34.896206156048635,74.015,
2000-03-05,,,,,,,,24.0,3.018372703412052,1.946631671041106,7.69,4.13,10.96098783106656,14.540085898353599,74.03,
2000-03-06,,,,,,,,24.0,1.410761154855633,1.1359908136482857,8.33,4.07,13.645311381531839,17.000715819613436,73.97,
2000-03-07,,,,,,,,24.0,3.182414698162707,2.3471675415572886,9.09,3.854583333333333,18.79026485325696,23.04044380816032,74.0825,
2000-03-08,,,,,,,,24.0,2.919947506561659,2.4401246719159926,5.56,4.069583333333333,14.987473156764478,17.67179670722976,74.225,
2000-03-09,,,,,,,,24.0,2.395013123359563,1.947998687664028,6.25,4.4125000000000005,11.184681460272,13.19792412312096,74.2925,
2000-03-10,,,,,,,,24.0,2.8543307086613967,1.7880577427821391,6.67,3.954583333333334,19.0139584824624,22.369362920544,74.465,
2000-03-11,,,,,,,,24.0,5.413385826771615,3.7046150481189586,5.56,4.230416666666667,26.172154617036476,31.98818897637792,74.195,
2000-03-12,,,,,,,,24.0,9.153543307086549,5.860400262467149,7.69,4.9887500000000005,26.39584824624192,32.882963493199675,73.6625,
2000-03-13,,,,,,,,24.0,3.444881889763755,2.766841644794381,5.56,4.053333333333334,17.000715819613436,21.92197566213312,73.31,
2000-03-14,,,,,,,,24.0,4.986876640419912,4.25278871391073,7.14,4.456666666666667,22.14566929133856,27.51431639226912,72.7925,
2000-03-15,,,,,,,,24.0,9.416010498687598,7.250656167978949,7.69,5.42625,28.185397279885436,35.11989978525408,72.5075,
2000-03-16,,,,,,,,24.0,7.414698162729605,6.023907337669704,7.69,5.285217391304348,25.053686471009275,221.45669291338558,72.25739130434783,
2000-03-17,,,,,,,,24.0,5.085301837270305,3.778671687778131,6.67,4.8786956521739135,21.250894774516798,221.45669291338558,72.7895652173913,
2000-03-18,,,,,,,,24.0,7.152230971128558,3.3997703412073252,7.14,4.382083333333333,27.06692913385824,32.211882605583355,72.3875,
2000-03-19,,,,,,,,24.0,9.547244094488121,7.287565616797848,7.69,5.6175,28.185397279885436,37.35683607730847,71.855,
2000-03-20,,,,,,,,24.0,6.1351706036744975,4.351213910761124,7.14,5.014166666666667,25.7247673586256,31.093414459556158,71.81,
2000-03-21,,,,,,,,24.0,2.099737532808384,1.5562592719388229,7.69,4.290434782608696,11.632068718682879,221.45669291338558,71.8895652173913,
2000-03-22,,,,,,,,24.0,2.29658792650917,1.639052930883628,4.35,3.748333333333333,14.31639226914816,17.448103078024317,72.095,
2000-03-23,,,,,,,,24.0,3.8713910761154575,2.9513888888888675,5.56,4.076250000000001,19.68503937007872,23.71152469577664,72.2375,
2000-03-24,,,,,,,,24.0,3.9698162729658506,3.1167979002624446,5.88,4.4816666666666665,19.23765211166784,22.14566929133856,72.24499999999999,
2000-03-25,,,,,,,,24.0,2.099737532808384,1.2740594925634205,7.69,4.4816666666666665,9.171438797423038,10.96098783106656,72.86,
2000-03-26,,,,,,,,24.0,1.8700787401574668,1.140091863517052,7.69,4.336666666666666,16.105941302791678,18.56657122405152,72.7025,
2000-03-27,,,,,,,,24.0,7.480314960629867,5.1331474190725785,6.67,4.566666666666666,25.948460987831037,31.764495347172474,72.3275,
2000-03-28,,,,,,,,24.0,6.1679790026246275,3.8823272090988348,7.14,4.899166666666667,20.356120257695036,27.738010021474558,72.2975,
2000-03-29,,,,,,,,24.0,4.396325459317554,2.910378390201204,7.69,4.1745833333333335,21.474588403722237,26.172154617036476,72.08,
2000-03-30,,,,,,,,24.0,6.1351706036744975,5.019685039370044,9.09,5.6204347826086964,17.8954903364352,221.45669291338558,72.96173913043478,
2000-03-31,,,,,,,,24.0,4.92125984251965,3.905566491688511,9.09,5.554583333333333,17.000715819613436,20.579813886900478,72.875,
2000-04-01,,,,,,,,24.0,5.052493438320174,3.6526684164479177,8.33,4.645416666666667,22.14566929133856,27.961703650679997,73.3775,
2000-04-02,,,,,,,,23.0,6.1679790026246275,4.50188291680928,7.14,4.687391304347826,21.474588403722237,25.948460987831037,73.04,
2000-04-03,,,,,,,,24.0,6.299212598425152,5.647323975807333,7.14,5.204782608695652,24.38260558339296,221.45669291338558,72.05391304347826,
2000-04-04,,,,,,,,24.0,9.448818897637727,6.861876640419898,7.69,5.1925,28.85647816750176,221.45669291338558,71.573,
2000-04-05,,,,,,,,24.0,6.92257217847764,4.662893700787368,7.14,4.923749999999999,24.606299212598397,29.080171796707198,71.06,
2000-04-06,,,,,,,,24.0,1.574803149606288,1.007491251093606,6.67,4.610833333333333,9.39513242662848,12.303149606299199,71.3,
2000-04-07,,,,,,,,24.0,3.510498687664017,1.979915554033993,5.56,3.6373913043478265,18.56657122405152,221.45669291338558,71.13826086956522,
2000-04-08,,,,,,,,24.0,11.089238845144278,5.43525809273837,7.69,4.808333333333334,31.093414459556158,38.47530422333568,71.09,
2000-04-09,,,,,,,,24.0,12.631233595800435,7.109853455817973,8.33,5.442083333333334,29.974946313528957,38.922691481746554,70.655,
2000-04-10,,,,,,,,24.0,3.7073490813648027,2.528980752405931,5.56,3.94875,19.461345740873277,23.71152469577664,70.64,
2000-04-11,,,,,,,,24.0,5.643044619422532,4.325002852904225,7.69,4.746086956521739,22.369362920544,221.45669291338558,70.73913043478261,
2000-04-12,,,,,,,,24.0,3.6745406824146722,2.8543307086613967,8.33,4.970833333333333,11.184681460272,13.645311381531839,71.57000000000001,
2000-04-13,,,,,,,,24.0,2.329396325459301,2.0682961504811748,8.33,5.204166666666667,11.408375089477438,12.974230493915519,72.1475,
2000-04-14,,,,,,,,24.0,5.150918635170567,3.3607212141960274,8.33,4.561304347826086,22.14566929133856,221.45669291338558,71.83478260869565,
2000-04-15,,,,,,,,24.0,4.560367454068208,2.825623359580032,5.88,4.197500000000001,18.342877594846076,21.474588403722237,71.555,
2000-04-16,,,,,,,,24.0,2.165354330708646,1.565234033245833,9.09,4.719166666666666,16.105941302791678,18.342877594846076,73.38499999999999,
2000-04-17,,,,,,,,24.0,3.7401574803149336,2.2200349956255314,8.33,4.284583333333334,18.79026485325696,21.92197566213312,72.67999999999999,
2000-04-18,,,,,,,,24.0,5.150918635170567,4.173501749781248,6.25,4.472916666666667,21.250894774516798,26.619541875447357,71.84,
2000-04-19,,,,,,,,24.0,3.6745406824146722,2.2610454943131946,9.09,4.084166666666667,17.448103078024317,20.132426628489597,72.095,
2000-04-20,,,,,,,,24.0,1.410761154855633,1.0867782152230894,10.0,4.185833333333333,14.092698639942718,16.105941302791678,71.9075,
2000-04-21,,,,,,,,24.0,5.807086614173187,2.84339457567802,5.88,3.9274999999999998,24.606299212598397,28.185397279885436,71.915,
2000-04-22,,,,,,,,24.0,8.923884514435633,4.800962379702503,7.14,4.585,27.738010021474558,33.554044380815995,72.08000000000001,
2000-04-23,,,,,,,,24.0,2.62467191601048,1.64041994750655,4.35,3.594583333333333,21.698282032927676,25.27738010021472,72.79249999999999,
2000-04-24,,,,,,,,24.0,7.316272965879213,5.179625984251932,8.33,4.827083333333333,22.593056549749438,27.06692913385824,73.34,
2000-04-25,,,,,,,,24.0,8.300524934383143,5.9451552930883205,8.33,5.350416666666668,23.264137437365758,29.303865425912637,73.5275,
2000-04-26,,,,,,,,24.0,3.7729658792650644,2.2173009623796864,9.09,4.366666666666666,13.869005010737279,17.448103078024317,73.94749999999999,
2000-04-27,,,,,,,,24.0,3.018372703412052,1.9849081364829253,7.69,3.829166666666667,21.02720114531136,23.935218324982078,74.3375,
2000-04-28,,,,,,,,24.0,5.479002624671876,4.701170166229187,6.25,4.509166666666666,23.264137437365758,27.961703650679997,73.835,
2000-04-29,,,,,,,,24.0,4.790026246719126,2.583661417322816,5.88,4.2941666666666665,17.67179670722976,20.132426628489597,74.06,
2000-04-30,,,,,,,,24.0,1.9356955380577288,1.432633420822387,9.09,3.703333333333333,15.211166785969919,17.22440944881888,73.94,
2000-05-01,,,,,,,,24.0,4.59317585301834,3.030303030303008,9.09,4.392272727272727,19.0139584824624,221.45669291338558,73.89909090909092,
2000-05-02,,,,,,,,24.0,3.051181102362183,2.5440179352580743,7.14,4.557916666666666,16.105941302791678,18.119183965640637,74.0975,
2000-05-03,,,,,,,,24.0,2.7559055118110036,2.36083770778651,7.14,4.498333333333334,16.55332856120256,19.908732999284158,74.345,
2000-05-04,,,,,,,,24.0,6.1679790026246275,4.218613298337678,7.14,4.737916666666666,20.80350751610592,25.053686471009275,74.18,
2000-05-05,,,,,,,,24.0,4.790026246719126,3.9752843394575392,7.69,4.97,18.119183965640637,20.80350751610592,74.1875,
2000-05-06,,,,,,,,24.0,3.510498687664017,2.805118110236201,6.67,4.708333333333333,12.974230493915519,15.882247673586237,74.50999999999999,
2000-05-07,,,,,,,,24.0,2.559055118110218,2.2145669291338423,6.67,4.59875,12.974230493915519,15.43486041517536,74.99000000000001,
2000-05-08,,,,,,,,24.0,2.395013123359563,2.0013123359579907,7.69,4.725,11.184681460272,13.19792412312096,75.7475,
2000-05-09,,,,,,,,24.0,1.8700787401574668,1.552930883639534,6.67,4.193333333333333,12.07945597709376,13.421617752326398,76.7825,
2000-05-10,,,,,,,,24.0,1.673228346456681,1.3820538057742682,5.88,4.400833333333334,8.724051539012159,10.51360057265568,77.315,
2000-05-11,,,,,,,,24.0,1.574803149606288,1.320894670774839,5.56,4.247826086956522,7.6055833929849594,221.45669291338558,77.72,
2000-05-12,,,,,,,,24.0,1.8700787401574668,1.5611329833770666,6.25,4.036666666666666,10.289906943450239,11.632068718682879,78.035,
2000-05-13,,,,,,,,24.0,2.198162729658777,1.893318022747143,5.88,4.332916666666667,12.75053686471008,15.211166785969919,77.675,
2000-05-14,,,,,,,,24.0,2.132545931758515,1.5064523184601817,6.67,4.01875,16.32963493199712,19.23765211166784,78.32,
2000-05-15,,,,,,,,24.0,4.26509186351703,2.8365594925634094,5.56,3.935416666666667,19.0139584824624,22.593056549749438,76.9175,
2000-05-16,,,,,,,,24.0,2.5918635170603492,1.979915554033992,5.56,3.8182608695652176,15.211166785969919,221.45669291338558,76.2408695652174,
2000-05-17,,,,,,,,24.0,3.2152230971128377,2.2190408017179517,6.25,4.202727272727272,15.658554044380798,221.45669291338558,76.53363636363636,
2000-05-18,,,,,,,,24.0,5.150918635170567,3.602958721068931,6.67,4.774090909090909,19.68503937007872,221.45669291338558,76.55818181818181,
2000-05-19,,,,,,,,24.0,3.018372703412052,2.3854440069991085,6.67,4.732916666666667,12.303149606299199,14.540085898353599,78.1925,
2000-05-20,,,,,,,,24.0,2.62467191601048,2.128444881889749,7.14,4.684583333333333,13.19792412312096,15.658554044380798,77.8325,
2000-05-21,,,,,,,,24.0,2.95275590551179,2.493438320209956,6.67,4.3374999999999995,14.31639226914816,16.32963493199712,77.5325,
2000-05-22,,,,,,,,24.0,2.395013123359563,1.8905839895012986,6.25,4.1875,11.632068718682879,14.092698639942718,78.02,
2000-05-23,,,,,,,,24.0,2.165354330708646,2.005413385826757,4.35,3.725,14.31639226914816,17.22440944881888,78.4775,
2000-05-24,,,,,,,,24.0,2.5918635170603492,2.310258092738391,4.55,3.6975000000000002,15.658554044380798,18.79026485325696,79.265,
2000-05-25,,,,,,,,24.0,2.690288713910742,2.479768153980735,5.56,4.089166666666666,15.43486041517536,18.79026485325696,80.045,
2000-05-26,,,,,,,,24.0,3.018372703412052,2.5276137357830093,7.14,4.408333333333334,15.658554044380798,18.56657122405152,80.435,
2000-05-27,,,,,,,,24.0,2.788713910761135,2.4879702537182675,6.67,4.622916666666667,15.211166785969919,17.448103078024317,81.125,
2000-05-28,,,,,,,,24.0,2.7230971128608727,2.330763342082223,6.67,4.284166666666667,16.32963493199712,19.68503937007872,81.6575,
2000-05-29,,,,,,,,24.0,4.199475065616768,3.226159230096215,5.88,4.232083333333333,19.68503937007872,23.487831066571196,81.095,
2000-05-30,,,,,,,,24.0,4.133858267716506,3.2576006124234236,6.25,4.21625,20.356120257695036,24.606299212598397,80.5625,
2000-05-31,,,,,,,,24.0,7.020997375328034,4.625984251968472,7.14,4.814583333333333,25.7247673586256,29.974946313528957,80.30749999999999,
2000-06-01,,,,,,,,24.0,4.232283464566899,3.3478237095362835,6.25,4.535416666666666,19.23765211166784,22.369362920544,80.15,
2000-06-02,,,,,,,,24.0,2.329396325459301,1.509186351706026,6.25,4.11125,11.184681460272,12.974230493915519,80.9075,
2000-06-03,,,,,,,,24.0,1.148293963254585,1.0457677165354258,7.69,3.8295833333333333,11.632068718682879,13.869005010737279,81.3275,
2000-06-04,,,,,,,,24.0,1.8372703412073361,1.3492454068241375,9.09,3.7616666666666667,14.31639226914816,17.67179670722976,81.4775,
2000-06-05,,,,,,,,24.0,2.526246719160087,2.274715660542416,5.0,3.8766666666666665,16.55332856120256,19.461345740873277,81.3575,
2000-06-06,,,,,,,,24.0,2.395013123359563,1.8359033245844139,5.26,3.7708333333333335,14.31639226914816,18.119183965640637,81.30499999999999,
2000-06-07,,,,,,,,24.0,4.4619422572178165,2.6602143482064555,5.88,4.197500000000001,21.250894774516798,24.606299212598397,81.215,
2000-06-08,,,,,,,,24.0,5.57742782152227,3.2015529308836164,7.14,4.443333333333333,19.0139584824624,21.92197566213312,81.24499999999999,
2000-06-09,,,,,,,,24.0,4.625984251968471,3.298611111111088,6.25,4.52375,16.105941302791678,18.342877594846076,81.25999999999999,
2000-06-10,,,,,,,,24.0,5.118110236220436,3.8044072615922735,6.67,4.655833333333334,22.816750178954877,26.619541875447357,81.2825,
2000-06-11,,,,,,,,24.0,3.0839895013123138,2.7012248468941187,6.67,4.405833333333334,16.777022190407997,19.461345740873277,81.47,
2000-06-12,,,,,,,,24.0,2.62467191601048,2.240540244969363,5.88,4.2749999999999995,16.55332856120256,21.698282032927676,81.6875,
2000-06-13,,,,,,,,24.0,2.2637795275590387,1.9644028871390935,8.33,4.430416666666667,11.85576234788832,15.43486041517536,82.1075,
2000-06-14,,,,,,,,24.0,2.690288713910742,1.7702865266841517,8.33,3.967916666666667,15.43486041517536,18.79026485325696,82.1225,
2000-06-15,,,,,,,,24.0,6.299212598425152,4.0340660542431905,6.25,4.545416666666667,27.51431639226912,32.65926986399424,81.5225,
2000-06-16,,,,,,,,24.0,3.412073490813624,3.1277340332458214,6.67,4.425416666666667,19.23765211166784,25.7247673586256,81.4325,
2000-06-17,,,,,,,,24.0,3.182414698162707,2.868000874890618,5.88,4.319583333333333,17.000715819613436,19.461345740873277,81.59750000000001,
2000-06-18,,,,,,,,24.0,3.412073490813624,3.075787401574781,6.67,4.629583333333334,17.000715819613436,20.132426628489597,81.9125,
2000-06-19,,,,,,,,24.0,2.8543307086613967,2.10383858267715,6.25,4.760000000000001,9.84251968503936,11.632068718682879,82.6625,
2000-06-20,,,,,,,,24.0,1.706036745406812,1.5187554680664808,8.33,4.965416666666667,5.368647100930559,6.9345025053686395,84.86749999999999,
2000-06-21,,,,,,,,24.0,1.345144356955371,1.1127515310586098,9.09,5.322499999999999,6.487115246957759,7.829277022190399,84.2375,
2000-06-22,,,,,,,,24.0,1.9028871391075979,1.6103455818022634,9.09,5.048333333333333,11.632068718682879,14.31639226914816,83.8625,
2000-06-23,,,,,,,,24.0,2.066929133858253,1.7292760279964878,10.0,4.382083333333333,10.289906943450239,12.526843235504638,83.84,
2000-06-24,,,,,,,,24.0,1.3779527559055018,1.2029746281714702,8.33,3.8420833333333335,12.07945597709376,13.869005010737279,83.7425,
2000-06-25,,,,,,,,24.0,1.31233595800524,1.1018153980752328,8.33,3.6041666666666665,14.987473156764478,19.68503937007872,84.1925,
2000-06-26,,,,,,,,24.0,2.29658792650917,1.399825021872256,8.33,4.111666666666667,14.763779527559038,19.23765211166784,84.1625,
2000-06-27,,,,,,,,24.0,1.9356955380577288,1.737478127734021,8.33,4.251666666666666,15.211166785969919,31.540801717967035,83.72,
2000-06-28,,,,,,,,24.0,1.9685039370078599,1.7128718285214226,7.69,4.583749999999999,9.84251968503936,11.85576234788832,84.095,
2000-06-29,,,,,,,,24.0,3.510498687664017,2.6342410323709347,5.88,3.935416666666667,17.448103078024317,21.92197566213312,83.64500000000001,
2000-06-30,,,,,,,,24.0,4.396325459317554,3.3300524934382962,5.56,4.382916666666667,22.14566929133856,26.172154617036476,83.20250000000001,
2000-07-01,,,,,,,,24.0,2.7559055118110036,2.14211504811897,5.56,4.15625,15.43486041517536,17.67179670722976,83.1275,
2000-07-02,,,,,,,,24.0,1.7716535433070741,1.532425634295702,10.0,4.288333333333333,12.526843235504638,14.763779527559038,83.0975,
2000-07-03,,,,,,,,24.0,3.576115485564279,2.5194116360454766,10.0,4.285,15.43486041517536,18.342877594846076,83.0525,
2000-07-04,,,,,,,,24.0,3.477690288713886,2.9513888888888675,6.25,4.320416666666667,17.8954903364352,21.02720114531136,83.00750000000001,
2000-07-05,,,,,,,,24.0,1.8372703412073361,1.0662729658792576,7.69,4.194166666666667,9.171438797423038,10.96098783106656,83.8325,
2000-07-06,,,,,,,,24.0,1.8700787401574668,1.182469378827638,7.69,3.8637499999999996,12.974230493915519,14.987473156764478,83.66,
2000-07-07,,,,,,,,24.0,2.887139107611528,2.16808836395449,5.0,3.81,17.22440944881888,20.356120257695036,84.05,
2000-07-08,,,,,,,,24.0,1.8700787401574668,1.499617235345571,4.35,3.6399999999999992,14.763779527559038,17.000715819613436,84.665,
2000-07-09,,,,,,,,24.0,1.673228346456681,1.3027668416447853,9.09,3.8579166666666667,8.27666428060128,9.84251968503936,86.075,
2000-07-10,,,,,,,,24.0,1.738845144356943,1.4298993875765427,9.09,4.793333333333333,6.03972798854688,10.289906943450239,86.9075,
2000-07-11,,,,,,,,24.0,1.31233595800524,1.0088582677165283,9.09,4.394166666666666,8.500357909806718,10.289906943450239,86.3525,
2000-07-12,,,,,,,,24.0,2.198162729658777,1.6144466316710298,8.33,3.8854166666666665,13.421617752326398,15.658554044380798,85.73,
2000-07-13,,,,,,,,24.0,3.313648293963231,2.7189960629921064,5.56,4.084583333333334,19.461345740873277,23.264137437365758,85.3925,
2000-07-14,,,,,,,,24.0,4.888451443569519,3.895997375328056,6.25,4.400833333333334,20.80350751610592,24.606299212598397,84.98,
2000-07-15,,,,,,,,24.0,4.396325459317554,3.481969645098686,5.88,4.456956521739129,20.579813886900478,221.45669291338558,85.21739130434783,
2000-07-16,,,,,,,,24.0,4.068241469816244,3.105861767279068,6.25,4.170416666666667,20.579813886900478,23.71152469577664,85.2725,
2000-07-17,,,,,,,,24.0,3.8713910761154575,3.25486657917758,5.26,4.0929166666666665,21.02720114531136,24.829992841803836,85.31,
2000-07-18,,,,,,,,24.0,4.363517060367423,3.734689413823246,5.88,4.288333333333334,19.68503937007872,23.04044380816032,85.4,
2000-07-19,,,,,,,,24.0,4.0026246719159815,3.149606299212576,5.56,4.2629166666666665,15.658554044380798,18.342877594846076,86.0675,
2000-07-20,,,,,,,,24.0,3.018372703412052,2.645177165354312,5.26,4.027500000000001,16.105941302791678,18.342877594846076,86.57000000000001,
2000-07-21,,,,,,,,24.0,4.166666666666637,2.617836832895869,6.25,3.794583333333333,30.422333571939838,39.146385110952,86.1875,
2000-07-22,,,,,,,,24.0,2.887139107611528,2.203868538171843,5.56,3.8660869565217397,16.105941302791678,221.45669291338558,86.03913043478262,
2000-07-23,,,,,,,,24.0,4.133858267716506,2.6561132983376887,6.25,4.024583333333333,21.698282032927676,27.961703650679997,85.655,
2000-07-24,,,,,,,,24.0,2.821522309711266,2.4114173228346285,5.0,3.8341666666666665,17.448103078024317,20.579813886900478,85.4375,
2000-07-25,,,,,,,,24.0,2.29658792650917,1.5023512685914153,4.35,3.578333333333333,14.763779527559038,18.342877594846076,86.3525,
2000-07-26,,,,,,,,24.0,1.049868766404192,0.8475503062117176,4.35,3.700833333333333,5.816034359341439,8.27666428060128,86.83250000000001,
2000-07-27,,,,,,,,24.0,0.820209973753275,0.6137904636920342,6.67,3.5512499999999996,3.8027916964924797,6.9345025053686395,88.0025,
2000-07-28,,,,,,,,24.0,0.5905511811023579,0.22282370953630637,8.33,1.7316666666666667,8.724051539012159,10.737294201861118,87.8825,
2000-07-29,,,,,,,,24.0,0.721784776902882,0.5454396325459279,7.69,3.619166666666667,4.4738725841088,6.9345025053686395,88.3025,
2000-07-30,,,,,,,,24.0,1.345144356955371,0.9227362204724345,7.14,4.177916666666667,9.84251968503936,11.85576234788832,87.2975,
2000-07-31,,,,,,,,24.0,1.5419947506561569,1.1414588801399743,6.67,4.055833333333333,12.75053686471008,17.8954903364352,86.525,
2000-08-01,,,,,,,,24.0,1.673228346456681,1.2959317585301746,5.0,3.762083333333333,23.264137437365758,29.974946313528957,86.05250000000001,
2000-08-02,,,,,,,,24.0,1.8700787401574668,1.6595581802274595,5.88,4.02625,19.908732999284158,23.71152469577664,85.475,
2000-08-03,,,,,,,,24.0,3.051181102362183,2.1052055993000724,7.14,4.105833333333334,19.68503937007872,23.264137437365758,84.43249999999999,
2000-08-04,,,,,,,,24.0,2.165354330708646,1.6759623797025254,5.56,4.044583333333333,14.092698639942718,24.606299212598397,83.84,
2000-08-05,,,,,,,,24.0,1.345144356955371,1.008858267716528,6.25,3.9125,13.421617752326398,16.55332856120256,84.20750000000001,
2000-08-06,,,,,,,,24.0,1.082677165354323,0.7614282589676236,7.14,3.9287500000000004,14.540085898353599,19.68503937007872,84.75499999999998,
2000-08-07,,,,,,,,24.0,3.7073490813648027,2.7736767279089913,6.67,4.31375,14.987473156764478,18.119183965640637,85.595,
2000-08-08,,,,,,,,24.0,3.8385826771653266,2.742235345581783,7.69,5.053333333333334,13.869005010737279,16.105941302791678,86.1875,
2000-08-09,,,,,,,,24.0,2.985564304461921,2.1694553805774124,8.33,4.794999999999999,14.092698639942718,17.000715819613436,86.4275,
2000-08-10,,,,,,,,24.0,3.248031496062969,2.1653543307086456,6.67,4.1525,23.264137437365758,29.751252684323518,86.255,
2000-08-11,,,,,,,,24.0,2.526246719160087,1.6103455818022634,7.14,3.8058333333333336,17.000715819613436,20.579813886900478,85.91,
2000-08-12,,,,,,,,24.0,3.904199475065589,2.5727252843394393,5.26,3.8687500000000004,21.02720114531136,27.290622763063677,86.225,
2000-08-13,,,,,,,,24.0,4.757217847768994,2.829724409448799,6.25,4.3966666666666665,21.250894774516798,27.961703650679997,85.49000000000001,
2000-08-14,,,,,,,,24.0,2.29658792650917,1.8892169728783765,6.25,4.007916666666667,20.579813886900478,27.290622763063677,85.56500000000001,
2000-08-15,,,,,,,,24.0,3.0839895013123138,2.366305774278198,7.69,4.46,19.461345740873277,23.487831066571196,85.34,
2000-08-16,,,,,,,,24.0,2.7230971128608727,2.2487423447068955,8.33,4.49875,13.421617752326398,16.105941302791678,86.57,
2000-08-17,,,,,,,,24.0,1.738845144356943,1.1934055118110152,7.69,4.760833333333333,4.69756621331424,6.03972798854688,87.2675,
2000-08-18,,,,,,,,24.0,1.213910761154847,0.9400319525276665,5.88,4.238695652173914,9.171438797423038,221.45669291338558,87.2991304347826,
2000-08-19,,,,,,,,24.0,2.198162729658777,1.5583989501312225,5.26,3.6374999999999997,17.000715819613436,26.172154617036476,86.1575,
2000-08-20,,,,,,,,24.0,3.149606299212576,2.12297681539806,5.26,3.763333333333333,21.698282032927676,27.290622763063677,85.82000000000001,
2000-08-21,,,,,,,,24.0,3.182414698162707,1.6158136482939516,8.33,3.9466666666666668,13.421617752326398,15.882247673586237,86.495,
2000-08-22,,,,,,,,24.0,4.560367454068208,3.431211723534534,6.67,4.364583333333333,19.0139584824624,22.593056549749438,85.7375,
2000-08-23,,,,,,,,24.0,4.0026246719159815,3.5433070866141483,6.25,4.494583333333334,18.56657122405152,22.14566929133856,85.64,
2000-08-24,,,,,,,,24.0,2.690288713910742,2.3393814903571672,5.56,4.1656521739130445,13.869005010737279,17.000715819613436,85.49,
2000-08-25,,,,,,,,24.0,2.2309711286089082,1.57617016622921,7.69,4.732916666666667,14.31639226914816,24.829992841803836,86.5625,
2000-08-26,,,,,,,,24.0,1.3779527559055018,1.2139107611548472,9.09,4.593333333333333,6.03972798854688,8.052970651395839,86.8925,
2000-08-27,,,,,,,,24.0,2.395013123359563,1.5037182852143374,6.25,4.889166666666667,5.816034359341439,7.6055833929849594,86.3075,
2000-08-28,,,,,,,,24.0,2.165354330708646,1.5802712160979766,6.25,4.8825,11.408375089477438,13.869005010737279,85.865,
2000-08-29,,,,,,,,24.0,3.7401574803149336,2.776410761154836,5.88,4.005416666666666,19.908732999284158,23.264137437365758,85.835,
2000-08-30,,,,,,,,24.0,2.788713910761135,2.2829177602799486,5.56,4.07375,15.43486041517536,17.448103078024317,85.9925,
2000-08-31,,,,,,,,24.0,1.5419947506561569,1.2016076115485477,7.69,4.20875,6.487115246957759,8.724051539012159,86.6525,
2000-09-01,,,,,,,,24.0,3.8057742782151958,2.48933727034119,8.33,4.43875,19.908732999284158,26.843235504652796,85.97,
2000-09-02,,,,,,,,24.0,4.232283464566899,3.550142169728759,6.67,4.5424999999999995,23.71152469577664,28.185397279885436,85.44500000000001,
2000-09-03,,,,,,,,24.0,4.560367454068208,3.2280611662672376,5.88,4.412173913043478,19.0139584824624,221.45669291338558,85.24869565217394,
2000-09-04,,,,,,,,24.0,3.018372703412052,2.2268700787401414,6.67,4.432083333333334,17.448103078024317,20.132426628489597,85.1825,
2000-09-05,,,,,,,,24.0,1.64041994750655,1.335575240594916,6.25,4.451666666666667,10.51360057265568,13.869005010737279,85.24249999999999,
2000-09-06,,,,,,,,24.0,3.477690288713886,2.486603237095345,5.56,4.1000000000000005,19.23765211166784,22.816750178954877,85.07000000000001,
2000-09-07,,,,,,,,24.0,6.069553805774235,4.76678696412945,7.14,4.874999999999999,22.369362920544,27.51431639226912,85.025,
2000-09-08,,,,,,,,24.0,4.363517060367423,3.600721784776877,7.14,4.792083333333333,18.119183965640637,20.80350751610592,84.81500000000001,
2000-09-09,,,,,,,,24.0,3.7729658792650644,2.915846456692892,6.67,4.4558333333333335,17.8954903364352,23.04044380816032,84.7175,
2000-09-10,,,,,,,,24.0,4.199475065616768,3.522801837270317,6.25,4.485,22.14566929133856,28.63278453829632,84.55250000000001,
2000-09-11,,,,,,,,24.0,4.330708661417292,3.7182852143481804,6.25,4.494166666666666,25.7247673586256,33.10665712240512,84.04249999999999,
2000-09-12,,,,,,,,24.0,3.576115485564279,3.14550524934381,6.25,4.540416666666666,15.658554044380798,19.0139584824624,83.8475,
2000-09-13,,,,,,,,24.0,2.559055118110218,1.5802712160979766,5.88,4.090416666666667,10.96098783106656,13.421617752326398,84.18499999999999,
2000-09-14,,,,,,,,24.0,1.246719160104978,0.7149496937882713,5.56,3.8979166666666667,6.487115246957759,7.829277022190399,85.13000000000001,
2000-09-15,,,,,,,,24.0,1.706036745406812,0.9815179352580856,8.33,5.416666666666667,6.710808876163199,8.724051539012159,85.1525,
2000-09-16,,,,,,,,24.0,7.447506561679737,3.3218503937007635,9.09,5.1275,21.474588403722237,26.843235504652796,84.35,
2000-09-17,,,,,,,,24.0,13.320209973753185,10.54711911011116,14.29,7.031904761904761,24.606299212598397,221.45669291338558,84.07727272727271,
2000-09-18,,,,,,,,24.0,9.055118110236155,4.032699037620269,9.09,5.561666666666667,20.132426628489597,25.053686471009275,84.1775,
2000-09-19,,,,,,,,24.0,3.018372703412052,2.1065726159229947,7.69,4.391249999999999,17.22440944881888,22.14566929133856,84.065,
2000-09-20,,,,,,,,24.0,4.297900262467161,3.1039598311080456,5.88,4.226521739130435,17.22440944881888,221.45669291338558,84.15304347826086,
2000-09-21,,,,,,,,24.0,13.549868766404103,7.048337707786477,10.0,5.615833333333335,35.567287043664955,45.857193987115195,84.10249999999999,
2000-09-22,,,,,,,,24.0,12.303149606299124,6.744860017497765,8.33,5.299166666666666,30.1986399427344,35.7909806728704,84.28999999999999,
2000-09-23,,,,,,,,24.0,3.2152230971128377,2.132545931758515,6.67,4.479166666666667,13.421617752326398,15.658554044380798,84.8,
2000-09-24,,,,,,,,24.0,2.165354330708646,1.6349518810148616,6.67,4.827083333333333,8.724051539012159,221.45669291338558,85.6625,
2000-09-25,,,,,,,,24.0,1.9356955380577288,1.5242235345581694,6.25,3.7533333333333334,13.19792412312096,221.45669291338558,84.6575,
2000-09-26,,,,,,,,24.0,6.3976377952755445,4.049103237095334,7.14,4.357083333333333,23.487831066571196,28.409090909090875,84.125,
2000-09-27,,,,,,,,24.0,4.068241469816244,2.9554899387576343,5.26,4.096666666666667,21.02720114531136,24.606299212598397,83.6075,
2000-09-28,,,,,,,,24.0,6.102362204724366,5.180993000874853,6.67,4.890416666666667,23.264137437365758,28.185397279885436,83.06,
2000-09-29,,,,,,,,24.0,7.8412073490813095,6.537073490813602,7.69,5.258333333333333,27.51431639226912,32.4355762347888,83.06,
2000-09-30,,,,,,,,24.0,9.120734908136416,7.116688538932584,7.69,5.435416666666666,28.63278453829632,34.6725125268432,83.00750000000001,
2000-10-01,,,,,,,,24.0,7.3818897637794745,5.066163604549395,10.0,4.94875,25.053686471009275,29.080171796707198,82.8875,
2000-10-02,,,,,,,,24.0,4.658792650918602,3.9629811898512406,6.25,4.495833333333334,20.579813886900478,24.606299212598397,82.9775,
2000-10-03,,,,,,,,24.0,5.380577427821484,4.341644794400668,6.67,4.629583333333334,19.908732999284158,24.829992841803836,82.49000000000001,
2000-10-04,,,,,,,,24.0,4.494750656167947,3.2329943132108254,8.33,4.604583333333333,17.67179670722976,21.474588403722237,82.57249999999999,
2000-10-05,,,,,,,,24.0,2.0013123359579907,1.654090113735771,9.09,5.59875,8.27666428060128,10.51360057265568,82.6625,
2000-10-06,,,,,,,,24.0,7.119422572178427,3.4353127734033,12.5,6.147083333333334,40.04115962777375,52.34430923407295,82.3625,
2000-10-07,,,,,,,,24.0,5.216535433070829,4.23911854768151,10.0,5.105416666666667,20.356120257695036,24.15891195418752,82.07,
2000-10-08,,,,,,,,24.0,9.940944881889692,7.459809711286036,7.69,5.37875,30.422333571939838,38.25161059413024,81.3125,
2000-10-09,,,,,,,,24.0,13.024934383202007,9.756932557343307,8.33,5.9195652173913045,31.98818897637792,221.45669291338558,80.33391304347826,
2000-10-10,,,,,,,,24.0,8.431758530183666,5.539151356080451,6.67,4.9679166666666665,26.843235504652796,32.882963493199675,79.55,
2000-10-11,,,,,,,,24.0,4.396325459317554,3.9397419072615643,6.25,4.452083333333333,19.68503937007872,26.619541875447357,79.22,
2000-10-12,,,,,,,,24.0,4.396325459317554,3.690231655825603,5.88,4.3939130434782605,20.356120257695036,25.27738010021472,79.2425,
2000-10-13,,,,,,,,20.0,4.7244094488188635,4.192913385826742,6.67,4.5495,20.579813886900478,24.829992841803836,79.01599999999999,
2000-11-01,,,,,,,,23.0,0.0,0.0,0.0,0.0,0.0,221.45669291338558,70.34,
2000-11-02,,,,,,,,24.0,,,,,0.0,221.45669291338558,,
2000-11-03,,,,,,,,24.0,0.0,0.0,0.0,0.0,0.0,221.45669291338558,,
2000-11-04,,,,,,,,24.0,0.0,0.0,0.0,0.0,0.0,221.45669291338558,,
2000-11-05,,,,,,,,24.0,0.0,0.0,0.0,0.0,0.0,221.45669291338558,,
2000-11-06,,,,,,,,24.0,0.0,0.0,0.0,0.0,0.0,221.45669291338558,,
2000-11-07,,,,,,,,24.0,,,,,,221.45669291338558,,
2000-11-08,,,,,,,,24.0,,,,,,221.45669291338558,,
2000-11-09,,,,,,,,24.0,,,,,,221.45669291338558,,
2000-11-10,,,,,,,,24.0,,,,,,221.45669291338558,,
2000-11-11,,,,,,,,24.0,,,,,,221.45669291338558,,
2000-11-12,,,,,,,,24.0,,,,,,221.45669291338558,,
2000-11-13,,,,,,,,24.0,,,,,,221.45669291338558,,
2000-11-14,,,,,,,,24.0,8.431758530183666,6.485126859142561,7.14,5.190833333333333,22.816750178954877,221.45669291338558,77.09692307692309,
2000-11-15,,,,,,,,24.0,4.790026246719126,3.592519685039344,5.88,4.4504166666666665,17.8954903364352,24.38260558339296,77.18750000000001,
2000-11-16,,,,,,,,24.0,4.757217847768994,2.054998806967296,5.0,3.510454545454545,25.053686471009275,221.45669291338558,77.18000000000002,
2000-11-17,,,,,,,,24.0,5.774278215223056,4.687499999999967,5.88,4.414166666666667,24.606299212598397,29.974946313528957,77.1275,
2000-11-18,,,,,,,,24.0,9.087926509186287,6.077755905511767,7.14,4.75,30.1986399427344,36.909448818897594,76.72999999999999,
2000-11-19,,,,,,,,24.0,9.416010498687598,7.137193788276414,7.14,5.098333333333334,32.882963493199675,40.71224051539007,76.3625,
2000-11-20,,,,,,,,24.0,6.036745406824104,4.556266404199442,6.25,4.439583333333333,23.264137437365758,28.185397279885436,75.86,
2000-11-21,,,,,,,,24.0,8.956692913385762,5.962926509186309,7.14,4.837916666666666,26.39584824624192,34.22512526843232,75.63499999999999,
2000-11-22,,,,,,,,24.0,3.7729658792650644,2.825801666096065,5.0,4.0721739130434775,16.777022190407997,21.02720114531136,75.44,
2000-11-23,,,,,,,,24.0,5.085301837270305,2.129811898512671,7.69,4.034166666666667,21.92197566213312,27.738010021474558,75.26750000000001,
2000-11-24,,,,,,,,24.0,14.534120734908031,10.754319772528355,9.09,6.05875,32.4355762347888,41.830708661417276,75.56,
2000-11-25,,,,,,,,24.0,10.367454068241397,8.35110454943126,9.09,6.131249999999999,21.698282032927676,28.185397279885436,75.11749999999999,
2000-11-26,,,,,,,,24.0,6.3976377952755445,4.147528433945727,8.33,5.007083333333333,20.132426628489597,25.50107372942016,74.7875,
2000-11-27,,,,,,,,24.0,3.018372703412052,2.5467519685039193,5.26,4.197916666666667,15.882247673586237,20.132426628489597,74.5925,
2000-11-28,,,,,,,,24.0,1.804461942257205,1.2767935258092646,5.26,3.7829166666666665,12.974230493915519,16.32963493199712,74.525,
2000-11-29,,,,,,,,24.0,1.8372703412073361,1.533436037886558,4.35,3.6852173913043473,14.987473156764478,221.45669291338558,74.41739130434783,
2000-11-30,,,,,,,,24.0,5.24934383202096,2.980096237970232,6.67,4.314583333333334,21.698282032927676,25.7247673586256,74.5025,
2000-12-01,,,,,,,,24.0,1.9028871391075979,1.479230857012428,4.76,3.784782608695653,11.408375089477438,14.763779527559038,74.33,
2000-12-02,,,,,,,,24.0,2.034120734908122,1.3724846894138132,8.33,4.401666666666666,15.658554044380798,18.79026485325696,73.685,
2000-12-03,,,,,,,,24.0,7.808398950131178,5.95745844269462,7.14,4.82,24.38260558339296,31.540801717967035,73.025,
2000-12-04,,,,,,,,24.0,6.5616797900262,4.869907565902054,6.67,4.77391304347826,21.698282032927676,27.290622763063677,73.265,
2000-12-05,,,,,,,,24.0,4.068241469816244,3.372430008748882,5.88,4.216666666666667,17.67179670722976,23.71152469577664,72.99499999999999,
2000-12-06,,,,,,,,24.0,2.198162729658777,1.5597659667541446,5.0,3.6199999999999997,12.303149606299199,17.67179670722976,73.1525,
2000-12-07,,,,,,,,24.0,3.248031496062969,1.8772110007987999,4.76,3.7073913043478264,17.67179670722976,21.92197566213312,72.86,
2000-12-08,,,,,,,,24.0,4.4619422572178165,3.5515091863516806,5.88,4.28875,21.698282032927676,26.172154617036476,72.65,
2000-12-09,,,,,,,,24.0,3.2808398950131,2.6561132983376887,5.0,4.1745833333333335,13.421617752326398,15.43486041517536,72.3125,
2000-12-10,,,,,,,,24.0,2.132545931758515,1.455872703412063,9.09,3.874166666666667,13.645311381531839,15.658554044380798,73.6325,
2000-12-11,,,,,,,,24.0,2.132545931758515,1.7345657879721432,4.55,3.616521739130434,14.092698639942718,17.22440944881888,72.92750000000001,
2000-12-12,,,,,,,,24.0,4.494750656167947,2.9377187226596466,6.67,4.1258333333333335,24.15891195418752,28.185397279885436,72.97999999999999,
2000-12-13,,,,,,,,24.0,6.003937007873973,4.836504811898477,6.25,4.6000000000000005,23.935218324982078,27.961703650679997,72.86,
2000-12-14,,,,,,,,24.0,4.527559055118077,3.6772747156605163,6.67,4.8625,17.448103078024317,20.132426628489597,72.97999999999999,
2000-12-15,,,,,,,,24.0,3.412073490813624,2.9418197725284125,6.25,4.409166666666667,18.342877594846076,20.579813886900478,73.5275,
2000-12-16,,,,,,,,24.0,7.808398950131178,5.258912948381415,6.67,4.70125,29.751252684323518,38.25161059413024,73.685,
2000-12-17,,,,,,,,24.0,15.518372703411965,10.333278652668344,10.0,6.265000000000001,38.47530422333568,48.31782390837504,72.9875,
2000-12-18,,,,,,,,24.0,4.4619422572178165,2.3895450568678744,8.33,4.422916666666667,23.71152469577664,29.527559055118076,72.7325,
2000-12-19,,,,,,,,24.0,17.552493438320084,12.48430902658898,10.0,6.3204347826086975,36.238367931281275,44.96241947029344,71.9675,
2000-12-20,,,,,,,,24.0,11.286089238845063,6.018974190726117,9.09,5.855833333333334,23.71152469577664,32.882963493199675,71.30749999999999,
2000-12-21,,,,,,,,24.0,3.7729658792650644,2.4278215223096935,7.69,4.129583333333334,26.39584824624192,32.882963493199675,71.1125,
2000-12-22,,,,,,,,24.0,9.120734908136416,7.291666666666614,7.69,5.2025,27.06692913385824,35.567287043664955,71.015,
2000-12-23,,,,,,,,24.0,7.250656167978951,5.741469816272925,7.14,5.005416666666666,23.487831066571196,30.86972083035072,70.7,
2000-12-24,,,,,,,,24.0,6.299212598425152,4.589074803149574,6.25,4.582916666666667,22.593056549749438,28.409090909090875,70.67750000000001,
2000-12-25,,,,,,,,24.0,7.545931758530129,6.59995625546802,7.14,5.034166666666667,25.948460987831037,31.98818897637792,70.7825,
2000-12-26,,,,,,,,24.0,9.087926509186287,7.481681977252791,7.69,5.543333333333333,25.948460987831037,31.540801717967035,70.7075,
2000-12-27,,,,,,,,24.0,6.364829396325414,5.4010826771653155,7.69,5.076666666666667,22.14566929133856,26.619541875447357,70.64750000000001,
2000-12-28,,,,,,,,24.0,16.601049868766285,10.223917322834572,10.0,5.9191666666666665,38.69899785254112,48.0941302791696,70.4075,
2000-12-29,,,,,,,,24.0,11.876640419947423,8.070866141732226,11.11,6.1317391304347835,25.27738010021472,32.65926986399424,69.4625,
2000-12-30,,,,,,,,24.0,11.089238845144278,7.656660104986822,8.33,5.327083333333334,28.63278453829632,37.13314244810304,69.02,
2000-12-31,,,,,,,,24.0,5.118110236220436,3.4530839895012875,6.67,4.502916666666667,16.777022190407997,25.27738010021472,68.9,
2001-01-01,,,,,,,,24.0,3.379265091863493,1.916557305336819,6.67,3.8200000000000003,16.32963493199712,22.816750178954877,68.72,
2001-01-02,,,,,,,,24.0,5.216535433070829,3.8221784776902616,6.25,4.2725,21.474588403722237,27.290622763063677,67.64,
2001-01-03,,,,,,,,24.0,4.297900262467161,3.079888451443548,5.56,4.296666666666666,18.56657122405152,23.04044380816032,67.4,
2001-01-04,,,,,,,,24.0,3.477690288713886,2.729932195975483,5.26,4.059583333333333,18.119183965640637,24.38260558339296,67.6025,
2001-01-05,,,,,,,,24.0,7.283464566929083,4.351018622672135,8.33,4.339999999999999,27.51431639226912,34.22512526843232,67.64750000000001,
2001-01-06,,,,,,,,24.0,7.3818897637794745,4.307469378827615,6.67,4.945416666666667,25.948460987831037,31.093414459556158,67.595,
2001-01-07,,,,,,,,24.0,2.657480314960611,1.3943569553805675,5.56,4.068636363636363,15.882247673586237,19.908732999284158,67.7975,
2001-01-08,,,,,,,,24.0,7.742782152230915,5.8809055118109805,6.67,4.852083333333334,25.053686471009275,30.86972083035072,68.4725,
2001-01-09,,,,,,,,24.0,8.497375328083928,6.724295332648588,7.14,4.977391304347826,27.51431639226912,221.45669291338558,67.8904347826087,
2001-01-10,,,,,,,,24.0,4.560367454068208,3.0334098862641947,5.56,4.066666666666667,20.80350751610592,26.619541875447357,67.55,
2001-01-11,,,,,,,,24.0,6.1679790026246275,4.090113735782999,7.14,4.275416666666666,22.816750178954877,29.080171796707198,67.505,
2001-01-12,,,,,,,,24.0,6.791338582677116,5.782480314960589,7.14,4.933333333333334,22.369362920544,26.843235504652796,67.67,
2001-01-13,,,,,,,,24.0,5.24934383202096,3.268536745406801,5.88,4.207916666666667,18.56657122405152,24.38260558339296,67.1,
2001-01-14,,,,,,,,24.0,1.574803149606288,1.224846894138224,4.35,3.5933333333333333,13.19792412312096,16.32963493199712,70.5125,
2001-01-15,,,,,,,,24.0,0.9842519685039299,0.7888928656645138,4.76,3.734090909090909,10.96098783106656,12.07945597709376,71.78,
2001-01-16,,,,,,,,24.0,3.2152230971128377,1.9862751531058478,4.55,3.638333333333333,19.908732999284158,22.593056549749438,72.63499999999999,
2001-01-17,,,,,,,,24.0,5.807086614173187,3.6130249343831764,5.88,4.207083333333333,20.579813886900478,25.50107372942016,72.6425,
2001-01-18,,,,,,,,24.0,5.216535433070829,3.45445100612421,5.88,4.254166666666666,19.68503937007872,23.71152469577664,71.99000000000001,
2001-01-19,,,,,,,,24.0,10.82677165354323,8.222604986876583,8.33,5.638750000000001,26.619541875447357,34.00143163922687,71.8625,
2001-01-20,,,,,,,,24.0,10.367454068241397,8.774107040967642,9.09,5.828695652173913,26.619541875447357,221.45669291338558,70.7782608695652,
2001-01-21,,,,,,,,24.0,6.725721784776854,3.7237532808398686,8.33,4.797916666666667,18.79026485325696,24.829992841803836,69.845,
2001-01-22,,,,,,,,24.0,3.6417322834645414,2.272727272727256,7.14,3.8113636363636356,20.579813886900478,221.45669291338558,69.04086956521738,
2001-01-23,,,,,,,,24.0,4.068241469816244,2.948654855643024,5.26,3.960416666666667,17.8954903364352,24.15891195418752,66.41,
2001-01-24,,,,,,,,24.0,2.427821522309694,1.7088896496633452,4.17,3.4573913043478264,18.119183965640637,22.816750178954877,65.39,
2001-01-25,,,,,,,,24.0,6.988188976377902,4.474780326372215,7.14,4.4286956521739125,25.053686471009275,221.45669291338558,65.63652173913043,
2001-01-26,,,,,,,,24.0,2.62467191601048,2.1832498210450813,5.26,3.8768181818181815,12.526843235504638,17.000715819613436,67.1075,
2001-01-27,,,,,,,,24.0,2.0013123359579907,1.3068678915135516,5.0,3.7137499999999997,11.632068718682879,13.645311381531839,67.7525,
2001-01-28,,,,,,,,24.0,4.790026246719126,2.6438101487313896,5.88,3.90625,22.14566929133856,25.7247673586256,67.8275,
2001-01-29,,,,,,,,24.0,8.989501312335895,6.919589596754901,8.33,5.46409090909091,23.935218324982078,29.751252684323518,67.235,
2001-01-30,,,,,,,,24.0,8.825459317585238,6.3839676290463245,8.33,5.889166666666665,25.27738010021472,32.65926986399424,67.4225,
2001-01-31,,,,,,,,24.0,4.363517060367423,3.830380577427794,7.69,5.087916666666667,25.7247673586256,30.422333571939838,67.715,
2001-02-01,,,,,,,,24.0,3.9370078740157197,3.414807524059468,7.69,4.42375,18.342877594846076,22.593056549749438,67.86500000000001,
2001-02-02,,,,,,,,24.0,5.6758530183726625,4.323873578302681,5.88,4.259166666666666,26.172154617036476,33.77773801002144,67.61,
2001-02-03,,,,,,,,24.0,4.363517060367423,2.9582239720034784,5.56,4.065,18.342877594846076,22.816750178954877,68.1425,
2001-02-04,,,,,,,,24.0,2.132545931758515,1.7224409448818776,4.55,3.9475000000000002,12.526843235504638,20.80350751610592,68.5925,
2001-02-05,,,,,,,,24.0,4.9540682414697805,3.109962817147834,6.25,4.066249999999999,22.14566929133856,26.843235504652796,68.4575,
2001-02-06,,,,,,,,24.0,1.9028871391075979,1.2494531933508224,5.56,4.040833333333333,7.381889763779519,9.84251968503936,67.83500000000001,
2001-02-07,,,,,,,,24.0,2.2309711286089082,1.5597659667541446,9.09,3.7733333333333334,13.645311381531839,17.67179670722976,69.4625,
2001-02-08,,,,,,,,24.0,5.24934383202096,4.005358705161827,6.67,4.4816666666666665,21.698282032927676,25.053686471009275,71.6225,
2001-02-09,,,,,,,,24.0,7.119422572178427,5.801618547681498,7.69,5.2387500000000005,25.27738010021472,30.422333571939838,71.315,
2001-02-10,,,,,,,,24.0,5.479002624671876,4.269192913385797,7.69,5.095416666666666,16.777022190407997,20.132426628489597,70.355,
2001-02-11,,,,,,,,24.0,3.182414698162707,2.801551979915534,5.0,4.223043478260869,15.211166785969919,17.67179670722976,70.6475,
2001-02-12,,,,,,,,24.0,3.2152230971128377,2.743602362204705,5.26,4.04625,16.105941302791678,19.68503937007872,71.03,
2001-02-13,,,,,,,,24.0,3.5433070866141483,2.9855643044619202,5.56,4.365,15.43486041517536,17.8954903364352,70.94749999999999,
2001-02-14,,,,,,,,24.0,3.149606299212576,2.750437445319315,7.14,4.4991666666666665,15.882247673586237,18.342877594846076,71.225,
2001-02-15,,,,,,,,24.0,2.788713910761135,2.5918635170603492,7.14,4.805000000000001,14.31639226914816,16.32963493199712,71.5775,
2001-02-16,,,,,,,,24.0,4.133858267716506,3.1068127353645787,6.67,4.630434782608695,19.68503937007872,22.593056549749438,71.6075,
2001-02-17,,,,,,,,24.0,8.136482939632488,6.63475304223331,7.69,5.113636363636363,27.738010021474558,221.45669291338558,70.0475,
2001-02-18,,,,,,,,24.0,9.022309711286026,5.828958880139941,7.69,4.957916666666667,27.06692913385824,32.65926986399424,69.0275,
2001-02-19,,,,,,,,24.0,5.774278215223056,4.590322948761807,6.67,4.645652173913044,21.92197566213312,221.45669291338558,68.95478260869565,
2001-02-20,,,,,,,,24.0,3.5433070866141483,3.071686351706015,7.14,4.42125,17.8954903364352,20.356120257695036,68.94500000000001,
2001-02-21,,,,,,,,24.0,3.444881889763755,2.6096347331583365,7.14,4.57375,13.645311381531839,15.658554044380798,69.125,
2001-02-22,,,,,,,,24.0,2.427821522309694,2.027285651793511,5.88,4.2562500000000005,12.526843235504638,14.763779527559038,70.085,
2001-02-23,,,,,,,,24.0,3.8057742782151958,2.9413442884856575,5.56,3.979130434782609,19.68503937007872,221.45669291338558,69.41652173913045,
2001-02-24,,,,,,,,24.0,7.513123359579999,5.942421259842478,7.69,5.0945833333333335,24.38260558339296,29.527559055118076,68.75750000000001,
2001-02-25,,,,,,,,24.0,5.4461942257217455,4.467410323709504,7.69,5.34875,21.698282032927676,26.172154617036476,69.5825,
2001-02-26,,,,,,,,24.0,3.904199475065589,2.7709426946631477,7.69,4.985,17.22440944881888,22.593056549749438,69.78500000000001,
2001-02-27,,,,,,,,24.0,2.198162729658777,1.6212817147856402,8.33,5.4700000000000015,8.052970651395839,8.9477451682176,71.2625,
2001-02-28,,,,,,,,24.0,1.8372703412073361,1.3478783902012152,9.09,5.165833333333333,12.07945597709376,14.540085898353599,71.9675,
2001-03-01,,,,,,,,24.0,1.509186351706026,1.3506124234470593,9.09,4.586666666666667,12.526843235504638,16.55332856120256,72.9725,
2001-03-02,,,,,,,,24.0,4.297900262467161,2.2152801551979757,7.14,4.108695652173912,16.777022190407997,20.356120257695036,73.5875,
2001-03-03,,,,,,,,24.0,11.220472440944802,7.172736220472389,9.09,5.596666666666667,23.71152469577664,28.85647816750176,73.1375,
2001-03-04,,,,,,,,24.0,11.548556430446112,9.909503499562486,11.11,6.3775,27.290622763063677,34.00143163922687,72.89,
2001-03-05,,,,,,,,24.0,9.87532808398943,7.7974628171478,9.09,5.387083333333334,28.409090909090875,36.01467430207584,72.5525,
2001-03-06,,,,,,,,24.0,9.580052493438252,7.589676290463637,7.14,5.283333333333334,27.290622763063677,33.554044380815995,71.1275,
2001-03-07,,,,,,,,24.0,6.824146981627248,4.811898512685881,6.25,4.601666666666667,22.816750178954877,28.409090909090875,69.53,
2001-03-08,,,,,,,,24.0,3.477690288713886,2.076914298756119,5.0,3.806086956521739,17.8954903364352,22.369362920544,69.38,
2001-03-09,,,,,,,,24.0,6.233595800524889,3.6868438320209713,6.67,4.141666666666667,25.50107372942016,30.86972083035072,68.525,
2001-03-10,,,,,,,,24.0,5.90551181102358,4.272224124158363,6.67,4.739130434782608,21.698282032927676,24.829992841803836,68.285,
2001-03-11,,,,,,,,24.0,2.887139107611528,1.8769138232720777,5.56,3.760833333333333,18.79026485325696,21.698282032927676,68.3975,
2001-03-12,,,,,,,,24.0,5.807086614173187,4.31020341207346,7.14,4.6987499999999995,20.132426628489597,23.487831066571196,68.7125,
2001-03-13,,,,,,,,24.0,7.152230971128558,5.230799954353495,8.33,5.340434782608696,21.698282032927676,25.50107372942016,68.94500000000001,
2001-03-14,,,,,,,,24.0,5.511811023622007,4.170767716535403,8.33,5.04,23.487831066571196,27.290622763063677,70.475,
2001-03-15,,,,,,,,24.0,9.21916010498681,6.867891513560756,9.09,5.797916666666667,29.751252684323518,38.47530422333568,70.99249999999999,
2001-03-16,,,,,,,,24.0,5.118110236220436,4.248687664041965,9.09,5.47625,22.816750178954877,26.39584824624192,70.52000000000001,
2001-03-17,,,,,,,,24.0,6.003937007873973,4.424854501882885,9.09,4.848260869565218,22.816750178954877,26.843235504652796,68.435,
2001-03-18,,,,,,,,24.0,8.070866141732226,6.407206911636,7.14,5.03875,27.290622763063677,31.764495347172474,66.7775,
2001-03-19,,,,,,,,24.0,9.120734908136416,8.170658355205541,8.33,5.829166666666667,28.63278453829632,34.22512526843232,66.89,
2001-03-20,,,,,,,,24.0,13.582677165354232,9.376367016622854,9.09,5.6375,31.98818897637792,39.593772369362874,65.94500000000001,
2001-03-21,,,,,,,,24.0,12.696850393700696,9.07152230971122,9.09,5.741,31.317108088761596,221.45669291338558,65.00857142857143,
2001-03-22,,,,,,,,24.0,6.1679790026246275,3.663604549431294,7.14,4.3654166666666665,20.579813886900478,25.948460987831037,65.13499999999999,
2001-03-23,,,,,,,,24.0,2.198162729658777,1.637437365783811,4.76,3.691818181818181,13.421617752326398,15.882247673586237,65.58500000000001,
2001-03-24,,,,,,,,24.0,0.721784776902882,0.43744531933507996,6.25,2.4779166666666668,11.408375089477438,12.974230493915519,66.6275,
2001-03-25,,,,,,,,24.0,2.460629921259825,1.6089785651793411,4.76,3.436666666666666,25.7247673586256,31.764495347172474,66.3575,
2001-03-26,,,,,,,,24.0,5.282152230971091,3.45445100612421,5.88,4.127916666666667,22.14566929133856,26.619541875447357,66.2225,
2001-03-27,,,,,,,,24.0,4.363517060367423,3.116797900262445,5.88,4.247916666666667,18.56657122405152,22.369362920544,66.11,
2001-03-28,,,,,,,,24.0,8.53018372703406,5.979330708661375,7.14,5.0008333333333335,31.540801717967035,37.35683607730847,68.5925,
2001-03-29,,,,,,,,24.0,9.055118110236155,7.291666666666614,9.09,5.798333333333333,30.646027201145277,40.264853256979194,68.4875,
2001-03-30,,,,,,,,24.0,7.414698162729605,5.3628062117234965,10.0,6.2179166666666665,15.43486041517536,18.119183965640637,69.3425,
2001-03-31,,,,,,,,24.0,4.527559055118077,3.998345315531181,9.09,5.834782608695652,19.68503937007872,221.45669291338558,69.5808695652174,
2001-04-01,,,,,,,,23.0,4.166666666666637,2.8828597512267278,9.09,4.474347826086956,18.342877594846076,21.250894774516798,69.91739130434782,
2001-04-02,,,,,,,,24.0,4.4619422572178165,2.8638998250218517,8.33,4.22875,21.474588403722237,26.619541875447357,70.205,
2001-04-03,,,,,,,,24.0,5.085301837270305,4.353947944006968,6.67,4.755833333333333,20.356120257695036,24.15891195418752,68.8775,
2001-04-04,,,,,,,,24.0,4.035433070866113,3.181047681539785,7.14,4.961666666666667,18.56657122405152,21.250894774516798,70.2875,
2001-04-05,,,,,,,,24.0,2.3622047244094317,2.1243438320209824,7.14,4.449166666666667,13.869005010737279,16.32963493199712,71.3675,
2001-04-06,,,,,,,,24.0,2.985564304461921,2.2159339457567646,5.56,3.8870833333333334,16.105941302791678,18.79026485325696,71.66,
2001-04-07,,,,,,,,24.0,2.526246719160087,2.1282665753737153,6.67,4.170434782608695,14.987473156764478,17.8954903364352,71.435,
2001-04-08,,,,,,,,24.0,2.62467191601048,2.340332458442678,7.69,4.814583333333333,13.645311381531839,16.105941302791678,72.20750000000001,
2001-04-09,,,,,,,,24.0,2.690288713910742,2.307524059492547,7.69,5.2370833333333335,9.84251968503936,11.408375089477438,73.3625,
2001-04-10,,,,,,,,24.0,2.198162729658777,1.9953471725125125,7.69,5.299545454545456,9.39513242662848,221.45669291338558,73.79130434782608,
2001-04-11,,,,,,,,24.0,3.346456692913362,2.2501093613298178,7.69,4.52,16.105941302791678,18.342877594846076,73.5275,
2001-04-12,,,,,,,,24.0,3.7401574803149336,3.4558180227471325,7.14,4.749583333333333,17.000715819613436,21.474588403722237,73.55,
2001-04-13,,,,,,,,24.0,3.477690288713886,2.9869313210848425,7.14,4.94,13.869005010737279,16.105941302791678,73.7975,
2001-04-14,,,,,,,,24.0,2.526246719160087,2.2501093613298178,6.67,5.327916666666667,9.171438797423038,11.184681460272,75.22999999999999,
2001-04-15,,,,,,,,24.0,2.460629921259825,2.185859580052478,9.09,4.7725,15.43486041517536,17.8954903364352,75.8375,
2001-04-16,,,,,,,,24.0,4.101049868766375,2.7285651793525614,10.0,4.392083333333333,22.369362920544,25.7247673586256,75.6575,
2001-04-17,,,,,,,,24.0,6.036745406824104,3.3906767088896252,9.09,4.1808695652173915,26.619541875447357,221.45669291338558,75.08260869565217,
2001-04-18,,,,,,,,24.0,9.908136482939561,6.467533949560608,7.69,5.153478260869566,28.85647816750176,221.45669291338558,72.98521739130433,
2001-04-19,,,,,,,,24.0,2.099737532808384,1.4122524457170025,4.0,3.4450000000000003,11.184681460272,16.55332856120256,72.5075,
2001-04-20,,,,,,,,24.0,5.544619422572139,3.3527059117610056,6.67,4.358095238095238,18.79026485325696,221.45669291338558,72.42173913043479,
2001-04-21,,,,,,,,24.0,4.855643044619388,4.389490376202943,7.14,4.971666666666667,19.68503937007872,23.71152469577664,73.22,
2001-04-22,,,,,,,,24.0,6.036745406824104,4.795494313210814,7.14,4.9125000000000005,24.38260558339296,29.080171796707198,73.1975,
2001-04-23,,,,,,,,24.0,4.888451443569519,4.135225284339429,8.33,5.107499999999999,19.68503937007872,24.15891195418752,72.485,
2001-04-24,,,,,,,,24.0,4.199475065616768,2.8912401574802944,8.33,5.524583333333332,13.645311381531839,16.105941302791678,72.7325,
2001-04-25,,,,,,,,24.0,4.429133858267686,3.3915682414697925,7.69,4.7025,22.593056549749438,26.619541875447357,73.355,
2001-04-26,,,,,,,,24.0,6.791338582677116,4.21451224846891,6.25,4.5425,24.15891195418752,28.409090909090875,73.31750000000001,
2001-04-27,,,,,,,,24.0,3.904199475065589,3.1381946821864437,6.67,4.212173913043478,17.22440944881888,221.45669291338558,72.14782608695651,
2001-04-28,,,,,,,,24.0,3.9698162729658506,3.0019685039369866,6.67,4.169583333333333,20.356120257695036,24.606299212598397,71.6525,
2001-04-29,,,,,,,,24.0,5.1837270341206985,3.788656852675996,6.67,4.314782608695652,23.264137437365758,27.290622763063677,71.4875,
2001-04-30,,,,,,,,24.0,8.431758530183666,6.7954396325458815,7.69,5.212083333333333,25.50107372942016,30.422333571939838,71.33,
2001-05-01,,,,,,,,24.0,5.839895013123318,4.714840332458408,6.67,4.8133333333333335,22.14566929133856,26.619541875447357,71.555,
2001-05-02,,,,,,,,24.0,3.8385826771653266,3.2042869641294605,5.56,4.295,17.8954903364352,21.02720114531136,72.5825,
2001-05-03,,,,,,,,24.0,4.9540682414697805,3.9356408573927975,5.88,4.419583333333333,21.250894774516798,25.50107372942016,74.45,
2001-05-04,,,,,,,,24.0,4.822834645669257,4.16524021453837,6.67,4.6460869565217395,19.461345740873277,23.71152469577664,74.39,
2001-05-05,,,,,,,,24.0,3.510498687664017,2.90764435695536,5.56,4.2875000000000005,18.79026485325696,21.698282032927676,74.165,
2001-05-06,,,,,,,,24.0,2.62467191601048,2.1919135108111334,5.26,4.166666666666667,14.092698639942718,221.45669291338558,73.27142857142857,
2001-05-07,,,,,,,,4.0,2.132545931758515,1.9274934383201958,5.26,4.685,12.07945597709376,14.763779527559038,73.4,
2001-05-14,,,,,,,,10.0,1.9356955380577288,1.4206036745406723,4.55,3.8600000000000003,9.171438797423038,10.737294201861118,75.938,
2001-05-15,,,,,,,,24.0,1.7716535433070741,1.2562882764654326,4.55,3.405416666666666,15.211166785969919,17.22440944881888,76.205,
2001-05-16,,,,,,,,24.0,1.9356955380577288,1.5597659667541446,4.55,3.545,13.645311381531839,16.32963493199712,75.69500000000001,
2001-05-17,,,,,,,,24.0,1.804461942257205,1.4285323709536208,4.35,3.6391666666666667,14.987473156764478,17.22440944881888,76.55,
2001-05-18,,,,,,,,24.0,0.853018372703406,0.7614282589676236,7.69,3.938333333333333,9.84251968503936,11.632068718682879,76.66999999999999,
2001-05-19,,,,,,,,24.0,2.099737532808384,1.4722769028871285,5.56,3.7920833333333337,13.869005010737279,17.000715819613436,76.145,
2001-05-20,,,,,,,,24.0,2.460629921259825,2.2528433945756614,5.0,3.8520833333333333,14.31639226914816,16.777022190407997,76.5125,
2001-05-21,,,,,,,,24.0,2.821522309711266,2.300688976377936,5.26,3.845,15.658554044380798,18.119183965640637,76.685,
2001-05-22,,,,,,,,24.0,2.493438320209956,2.2008967629046214,5.88,4.149166666666667,16.777022190407997,19.68503937007872,76.9925,
2001-05-23,,,,,,,,24.0,5.019685039370043,3.015638670166208,5.56,4.112916666666667,20.579813886900478,24.606299212598397,76.2275,
2001-05-24,,,,,,,,24.0,1.246719160104978,1.0102252843394504,9.09,3.9920833333333334,6.710808876163199,8.9477451682176,77.25500000000001,
2001-05-25,,,,,,,,24.0,1.246719160104978,0.9760498687663973,10.0,4.94625,10.066213314244798,11.85576234788832,77.3375,
2001-05-26,,,,,,,,24.0,1.279527559055109,0.9377734033245777,7.69,4.087083333333333,12.75053686471008,14.540085898353599,77.7125,
2001-05-27,,,,,,,,24.0,1.31233595800524,1.128323633458853,8.33,4.163043478260869,11.408375089477438,221.45669291338558,78.94869565217391,
2001-05-28,,,,,,,,24.0,2.493438320209956,2.1393810148731256,6.67,3.984583333333333,16.777022190407997,19.461345740873277,78.275,
2001-05-29,,,,,,,,24.0,3.510498687664017,2.9910323709536097,6.67,4.44,16.777022190407997,19.461345740873277,78.3725,
2001-05-30,,,,,,,,24.0,2.395013123359563,1.8372703412073357,7.14,4.682083333333334,8.724051539012159,10.289906943450239,79.31750000000001,
2001-05-31,,,,,,,,24.0,2.165354330708646,1.5474628171478455,7.14,3.918333333333333,16.777022190407997,19.0139584824624,79.89500000000001,
2001-06-01,,,,,,,,24.0,5.216535433070829,3.957513123359552,6.25,4.210416666666666,27.738010021474558,38.25161059413024,78.065,
2001-06-02,,,,,,,,24.0,5.085301837270305,3.4558180227471325,5.88,4.525833333333334,18.79026485325696,22.593056549749438,78.56,
2001-06-03,,,,,,,,24.0,2.395013123359563,1.8892169728783765,6.25,4.06,13.421617752326398,14.763779527559038,79.565,
2001-06-04,,,,,,,,24.0,3.149606299212576,2.479768153980735,7.14,4.18625,13.645311381531839,15.882247673586237,80.135,
2001-06-05,,,,,,,,24.0,5.1837270341206985,4.094214785651765,7.14,4.905833333333333,17.67179670722976,21.474588403722237,80.23249999999999,
2001-06-06,,,,,,,,24.0,5.544619422572139,5.1263123359579685,8.33,5.478333333333334,17.000715819613436,20.80350751610592,80.6,
2001-06-07,,,,,,,,24.0,4.757217847768994,3.8850612423446798,8.33,5.197916666666667,14.540085898353599,17.000715819613436,81.00500000000001,
2001-06-08,,,,,,,,24.0,3.0839895013123138,2.5467519685039193,7.14,4.765000000000001,12.07945597709376,14.092698639942718,81.62,
2001-06-09,,,,,,,,24.0,3.1167979002624446,2.7039588801399628,7.14,4.17625,15.43486041517536,17.8954903364352,81.74000000000001,
2001-06-10,,,,,,,,24.0,4.166666666666637,3.5149725602481254,7.14,4.472727272727273,19.68503937007872,221.45669291338558,81.6330434782609,
2001-06-11,,,,,,,,24.0,10.072178477690215,6.598589238845097,8.33,5.180416666666667,27.51431639226912,33.554044380815995,81.365,
2001-06-12,,,,,,,,24.0,8.8910761154855,6.25071322606409,8.33,5.284782608695652,23.264137437365758,29.303865425912637,81.215,
2001-06-13,,,,,,,,24.0,4.429133858267686,3.291776027996477,6.67,4.579166666666667,15.882247673586237,19.68503937007872,81.7175,
2001-06-14,,,,,,,,24.0,3.149606299212576,2.7544790596827378,7.14,4.621304347826086,13.869005010737279,16.55332856120256,82.325,
2001-06-15,,,,,,,,24.0,3.379265091863493,2.663186123473677,7.69,5.256086956521738,10.96098783106656,12.974230493915519,83.8175,
2001-06-16,,,,,,,,24.0,2.657480314960611,2.2815507436570264,7.69,4.480833333333334,13.869005010737279,16.32963493199712,82.91749999999999,
2001-06-17,,,,,,,,24.0,2.165354330708646,1.8892169728783765,7.14,4.004166666666666,12.75053686471008,14.763779527559038,83.615,
2001-06-18,,,,,,,,24.0,2.2637795275590387,1.6376859142607059,8.33,4.0575,11.85576234788832,14.540085898353599,83.21000000000001,
2001-06-19,,,,,,,,24.0,1.8700787401574668,1.4244313210848545,9.09,4.21125,9.171438797423038,11.184681460272,83.4725,
2001-06-20,,,,,,,,24.0,1.509186351706026,1.1633311461067282,11.11,4.08875,8.500357909806718,10.51360057265568,83.4125,
2001-06-21,,,,,,,,24.0,1.345144356955371,1.0553368328958805,5.56,4.34125,9.84251968503936,11.632068718682879,84.2825,
2001-06-22,,,,,,,,24.0,2.099737532808384,1.496883202099727,4.55,3.7145833333333336,16.777022190407997,19.908732999284158,83.24749999999999,
2001-06-23,,,,,,,,24.0,2.8543307086613967,2.3499015748031327,5.26,3.9162500000000002,16.105941302791678,19.23765211166784,82.775,
2001-06-24,,,,,,,,24.0,2.0013123359579907,1.6657718921498328,9.09,3.955454545454545,11.408375089477438,221.45669291338558,82.60454545454546,
2001-06-25,,,,,,,,24.0,1.3779527559055018,0.9323053368328893,9.09,4.6875,6.03972798854688,8.052970651395839,83.5625,
2001-06-26,,,,,,,,24.0,1.345144356955371,0.8748906386701599,9.09,4.30875,12.07945597709376,14.31639226914816,82.9625,
2001-06-27,,,,,,,,24.0,2.0013123359579907,1.3902559055118011,8.33,3.6437499999999994,13.421617752326398,16.777022190407997,82.55,
2001-06-28,,,,,,,,24.0,2.919947506561659,2.3334973753280677,6.25,4.461666666666667,11.85576234788832,14.31639226914816,83.06750000000001,
2001-06-29,,,,,,,,24.0,2.7559055118110036,2.129693027501982,5.56,4.365217391304347,15.43486041517536,19.23765211166784,83.47999999999999,
2001-06-30,,,,,,,,24.0,4.396325459317554,3.19061679790024,5.56,4.275833333333334,25.7247673586256,31.764495347172474,82.8575,
2001-07-01,,,,,,,,24.0,3.2152230971128377,2.617836832895869,6.25,4.502916666666667,15.882247673586237,19.461345740873277,81.9725,
2001-07-02,,,,,,,,24.0,2.8543307086613967,2.284284776902871,5.88,4.33625,16.32963493199712,20.132426628489597,81.7925,
2001-07-03,,,,,,,,24.0,2.3622047244094317,1.9670774848795936,9.09,4.395652173913043,12.303149606299199,14.31639226914816,82.6025,
2001-07-04,,,,,,,,24.0,1.64041994750655,1.46680883639544,9.09,4.734166666666667,9.84251968503936,11.408375089477438,84.845,
2001-07-05,,,,,,,,24.0,1.443569553805764,1.1619641294838063,8.33,4.75875,8.500357909806718,10.737294201861118,84.33500000000001,
2001-07-06,,,,,,,,24.0,2.132545931758515,1.496883202099727,11.11,5.222083333333333,8.9477451682176,11.184681460272,84.4025,
2001-07-07,,,,,,,,24.0,2.034120734908122,1.4121876069838994,10.0,6.300869565217391,6.710808876163199,8.27666428060128,85.5275,
2001-07-08,,,,,,,,24.0,1.509186351706026,1.1397352504849856,10.0,5.986521739130436,8.500357909806718,221.45669291338558,85.17826086956524,
2001-07-09,,,,,,,,24.0,2.198162729658777,1.787344516718006,9.09,3.6856521739130432,15.211166785969919,21.250894774516798,84.64250000000001,
2001-07-10,,,,,,,,24.0,3.444881889763755,2.4209864391950835,5.0,3.8925,25.948460987831037,30.646027201145277,84.32000000000001,
2001-07-11,,,,,,,,24.0,4.4619422572178165,3.5870516185476564,6.25,4.1075,21.698282032927676,26.39584824624192,83.70500000000001,
2001-07-12,,,,,,,,24.0,4.691601049868733,3.9711832895887733,5.88,4.2775,23.71152469577664,28.63278453829632,83.21000000000001,
2001-07-13,,,,,,,,24.0,5.741469816272925,4.720308398950097,6.25,4.600833333333333,20.356120257695036,24.15891195418752,83.57000000000001,
2001-07-14,,,,,,,,24.0,5.4461942257217455,3.4366797900262225,6.25,4.540416666666666,20.356120257695036,25.27738010021472,84.18499999999999,
2001-07-15,,,,,,,,24.0,5.380577427821484,3.6184930008748646,6.25,4.399166666666666,21.698282032927676,25.948460987831037,83.78,
2001-07-16,,,,,,,,24.0,4.199475065616768,3.6335301837270086,6.25,4.512083333333333,18.119183965640637,22.369362920544,83.13499999999999,
2001-07-17,,,,,,,,24.0,3.9698162729658506,2.954122922134712,6.67,4.620416666666666,14.092698639942718,17.000715819613436,83.3375,
2001-07-18,,,,,,,,24.0,2.7230971128608727,1.3588145231845925,5.26,4.1375,10.51360057265568,12.07945597709376,84.0275,
2001-07-19,,,,,,,,24.0,0.853018372703406,0.7573272090988571,7.69,3.8800000000000003,6.263421617752319,8.724051539012159,85.30999999999999,
2001-07-20,,,,,,,,24.0,1.509186351706026,1.126421697287831,7.69,3.7566666666666664,14.987473156764478,17.22440944881888,84.8075,
2001-07-21,,,,,,,,24.0,3.2808398950131,2.449693788276448,4.76,3.7495833333333337,21.250894774516798,25.50107372942016,84.47,
2001-07-22,,,,,,,,24.0,4.068241469816244,2.6660390277302106,5.88,4.040434782608696,18.56657122405152,22.593056549749438,84.39500000000001,
2001-07-23,,,,,,,,24.0,3.7401574803149336,2.803751093613278,6.67,4.33625,16.105941302791678,18.79026485325696,84.32000000000001,
2001-07-24,,,,,,,,24.0,7.3490813648293445,5.338199912510897,8.33,5.352083333333333,23.935218324982078,29.751252684323518,84.18499999999999,
2001-07-25,,,,,,,,24.0,6.233595800524889,5.112642169728748,7.14,4.995833333333334,22.369362920544,26.843235504652796,83.92999999999999,
2001-07-26,,,,,,,,24.0,4.0026246719159815,3.185148731408551,6.67,4.67,17.8954903364352,21.02720114531136,83.825,
2001-07-27,,,,,,,,24.0,3.182414698162707,2.6397090988626237,5.88,4.315416666666667,16.55332856120256,20.132426628489597,84.1475,
2001-07-28,,,,,,,,24.0,2.2309711286089082,1.8468394575677907,5.88,4.309166666666667,12.75053686471008,16.105941302791678,84.725,
2001-07-29,,,,,,,,24.0,1.9685039370078599,1.4818460192475833,7.69,4.5320833333333335,8.500357909806718,10.96098783106656,85.7675,
2001-07-30,,,,,,,,24.0,1.410761154855633,1.2795275590551092,7.69,4.589583333333334,8.9477451682176,11.184681460272,86.4575,
2001-07-31,,,,,,,,24.0,1.509186351706026,1.1100174978127657,7.14,4.258333333333334,16.777022190407997,19.461345740873277,85.5575,
2001-08-01,,,,,,,,24.0,3.7401574803149336,1.848206474190713,7.69,3.81375,26.843235504652796,34.896206156048635,84.8825,
2001-08-02,,,,,,,,24.0,12.729658792650827,8.065398075240537,9.09,5.464166666666666,31.540801717967035,36.46206156048672,84.28999999999999,
2001-08-03,,,,,,,,24.0,13.024934383202007,9.923173665791706,10.0,6.321249999999999,27.290622763063677,33.77773801002144,83.86999999999999,
2001-08-04,,,,,,,,24.0,7.152230971128558,5.9697615923009195,8.33,5.479583333333333,22.816750178954877,28.185397279885436,83.6075,
2001-08-05,,,,,,,,24.0,18.241469816272833,11.520027387880784,10.0,6.110869565217392,45.40980672870432,62.41052254831775,82.715,
2001-08-06,,,,,,,,24.0,9.022309711286026,5.962926509186309,9.09,5.1937500000000005,22.816750178954877,29.303865425912637,81.89750000000001,
2001-08-07,,,,,,,,24.0,3.477690288713886,2.5180446194225543,6.25,4.404166666666666,14.540085898353599,16.777022190407997,82.01750000000001,
2001-08-08,,,,,,,,24.0,1.9356955380577288,1.6704943132108367,6.25,4.6275,6.9345025053686395,8.724051539012159,83.78,
2001-08-09,,,,,,,,24.0,1.804461942257205,1.5570319335083005,7.14,5.097083333333334,8.052970651395839,10.289906943450239,83.57750000000001,
2001-08-10,,,,,,,,24.0,1.476377952755895,1.2681159420289765,7.69,4.839130434782609,8.9477451682176,11.632068718682879,83.76500000000001,
2001-08-11,,,,,,,,24.0,1.738845144356943,1.35744750656167,7.69,3.981666666666667,14.092698639942718,19.908732999284158,83.495,
2001-08-12,,,,,,,,24.0,2.165354330708646,1.4777449693788172,5.0,4.103333333333333,13.869005010737279,17.000715819613436,83.85499999999999,
2001-08-13,,,,,,,,24.0,1.279527559055109,1.0485017497812699,8.33,4.127083333333333,10.737294201861118,12.07945597709376,84.005,
2001-08-14,,,,,,,,24.0,3.149606299212576,2.1926946631670883,4.76,3.72,17.8954903364352,21.474588403722237,83.9075,
2001-08-15,,,,,,,,24.0,2.493438320209956,2.0751312335957857,5.0,3.8358333333333334,14.540085898353599,16.55332856120256,84.005,
2001-08-16,,,,,,,,24.0,1.64041994750655,1.3205380577427728,9.09,3.9795833333333337,9.84251968503936,11.632068718682879,84.4775,
2001-08-17,,,,,,,,24.0,1.706036745406812,1.4859470691163499,9.09,4.351666666666667,10.737294201861118,12.526843235504638,84.8,
2001-08-18,,,,,,,,24.0,1.8700787401574668,1.7142388451443447,5.0,3.7412500000000004,13.19792412312096,15.882247673586237,84.58250000000001,
2001-08-19,,,,,,,,24.0,4.133858267716506,1.773020559929996,5.26,3.8491666666666666,31.317108088761596,39.593772369362874,84.74749999999999,
2001-08-20,,,,,,,,24.0,2.29658792650917,1.630850831146095,8.33,4.060833333333333,14.763779527559038,18.119183965640637,84.36500000000001,
2001-08-21,,,,,,,,24.0,3.248031496062969,2.088325915782251,12.5,6.734782608695651,7.829277022190399,10.289906943450239,84.9725,
2001-08-22,,,,,,,,24.0,2.5918635170603492,2.1175087489063715,10.0,5.246666666666667,11.632068718682879,13.645311381531839,84.98,
2001-08-23,,,,,,,,24.0,1.9028871391075979,1.365649606299203,9.09,4.898333333333333,7.15819613457408,8.724051539012159,85.595,
2001-08-24,,,,,,,,24.0,1.279527559055109,1.0033902012248397,10.0,5.092083333333334,7.381889763779519,8.9477451682176,85.475,
2001-08-25,,,,,,,,24.0,1.279527559055109,0.9938210848643848,10.0,4.985416666666667,7.829277022190399,10.51360057265568,85.4825,
2001-08-26,,,,,,,,24.0,1.246719160104978,0.9979221347331513,8.33,5.229583333333333,6.263421617752319,221.45669291338558,86.40695652173912,
2001-08-27,,,,,,,,24.0,0.9186351706036681,0.8161089238845086,9.09,5.417916666666668,8.724051539012159,10.96098783106656,85.85,
2001-08-28,,,,,,,,24.0,0.787401574803144,0.679407261592296,8.33,5.013333333333333,6.9345025053686395,9.171438797423038,85.67000000000002,
2001-08-29,,,,,,,,24.0,1.31233595800524,0.9813990642473971,7.69,3.8313043478260873,8.9477451682176,221.45669291338558,85.88,
2001-08-30,,,,,,,,24.0,1.476377952755895,1.2401574803149518,4.55,3.7250000000000005,11.184681460272,221.45669291338558,85.68285714285713,
2001-08-31,,,,,,,,24.0,1.9685039370078599,1.5447287839020014,4.55,3.6966666666666668,12.974230493915519,15.658554044380798,85.61749999999999,
2001-09-01,,,,,,,,24.0,1.7716535433070741,1.499617235345571,9.09,4.14,10.96098783106656,13.19792412312096,85.655,
2001-09-02,,,,,,,,24.0,1.9356955380577288,1.6253827646544066,9.09,4.402916666666667,10.066213314244798,12.974230493915519,85.9475,
2001-09-03,,,,,,,,24.0,1.9685039370078599,1.7265419947506437,8.33,4.210416666666667,10.96098783106656,13.19792412312096,86.32249999999999,
2001-09-04,,,,,,,,24.0,1.7716535433070741,1.4121281714785552,6.25,4.115833333333334,12.75053686471008,15.211166785969919,86.01500000000001,
2001-09-05,,,,,,,,24.0,1.410761154855633,0.9350393700787334,5.88,3.955833333333333,13.645311381531839,19.0139584824624,85.94000000000001,
2001-09-06,,,,,,,,24.0,2.460629921259825,1.2931977252843303,4.35,3.5174999999999996,19.23765211166784,23.71152469577664,85.5125,
2001-09-07,,,,,,,,24.0,1.8372703412073361,1.358814523184592,7.69,3.9324999999999997,18.119183965640637,24.606299212598397,85.43,
2001-09-08,,,,,,,,24.0,1.476377952755895,1.1711171973068502,7.14,3.6469565217391295,14.31639226914816,221.45669291338558,85.17043478260871,
2001-09-09,,,,,,,,24.0,1.9028871391075979,1.3883917919350892,4.76,3.7977272727272733,12.75053686471008,221.45669291338558,84.905,
2001-09-10,,,,,,,,24.0,2.7230971128608727,1.767374186922274,4.55,3.677826086956522,17.000715819613436,20.132426628489597,85.235,
2001-09-11,,,,,,,,24.0,5.150918635170567,3.111092091749379,5.56,3.926521739130435,26.843235504652796,221.45669291338558,85.31913043478262,
2001-09-12,,,,,,,,24.0,9.153543307086549,7.4506311711035575,7.14,5.364285714285714,29.303865425912637,221.45669291338558,84.56000000000002,
2001-09-13,,,,,,,,24.0,11.614173228346374,10.039370078740086,8.33,5.972083333333333,31.317108088761596,37.80422333571936,84.245,
2001-09-14,,,,,,,,24.0,12.631233595800435,10.125492125984179,8.33,5.999166666666667,30.646027201145277,38.25161059413024,83.465,
2001-09-15,,,,,,,,24.0,7.21784776902882,5.3190616797899875,6.67,4.7995833333333335,25.50107372942016,31.317108088761596,83.11999999999999,
2001-09-16,,,,,,,,24.0,4.035433070866113,2.693022747156586,5.88,4.210833333333333,17.8954903364352,23.487831066571196,82.925,
2001-09-17,,,,,,,,24.0,1.443569553805764,0.8161089238845087,7.14,3.8158333333333334,5.1449534717251195,7.6055833929849594,83.21000000000001,
2001-09-18,,,,,,,,24.0,1.082677165354323,0.8461832895887954,5.56,3.927916666666667,8.9477451682176,11.85576234788832,82.97749999999999,
2001-09-19,,,,,,,,24.0,1.1154855643044541,0.895395888013992,5.56,4.099583333333333,9.61882605583392,12.07945597709376,83.1275,
2001-09-20,,,,,,,,24.0,1.574803149606288,1.3027668416447848,5.26,3.68125,15.43486041517536,18.79026485325696,83.3225,
2001-09-21,,,,,,,,24.0,1.64041994750655,1.1770013123359495,8.33,3.9704166666666665,10.066213314244798,12.75053686471008,83.36749999999999,
2001-09-22,,,,,,,,24.0,1.345144356955371,1.0690069991251019,9.09,4.73125,6.03972798854688,8.27666428060128,84.0275,
2001-09-23,,,,,,,,24.0,1.443569553805764,1.1004483814523107,8.33,4.655833333333333,14.763779527559038,21.92197566213312,83.2775,
2001-09-24,,,,,,,,24.0,2.690288713910742,1.7279090113735662,7.69,3.6483333333333334,23.71152469577664,29.974946313528957,82.91749999999999,
2001-09-25,,,,,,,,24.0,4.757217847768994,3.5077646544181724,5.88,4.2387500000000005,19.908732999284158,25.053686471009275,82.5875,
2001-09-26,,,,,,,,24.0,2.7559055118110036,2.1694553805774124,5.0,3.8045833333333334,12.303149606299199,17.67179670722976,81.85249999999999,
2001-09-27,,,,,,,,24.0,1.706036745406812,1.4886811023621938,4.55,3.4012499999999997,12.526843235504638,17.22440944881888,82.0325,
2001-09-28,,,,,,,,24.0,4.691601049868733,2.9773622047243884,5.56,3.856666666666666,21.250894774516798,26.172154617036476,81.73250000000002,
2001-09-29,,,,,,,,24.0,9.973753280839825,7.096183289588749,8.33,5.20125,27.51431639226912,32.4355762347888,81.3875,
2001-09-30,,,,,,,,24.0,7.775590551181047,6.121500437445276,7.69,5.1537500000000005,23.935218324982078,31.540801717967035,81.11,
2001-10-01,,,,,,,,24.0,5.019685039370043,2.948654855643024,5.56,4.081666666666667,19.461345740873277,24.38260558339296,80.38999999999999,
2001-10-02,,,,,,,,24.0,1.6076115485564189,1.2139107611548468,4.76,3.7129166666666666,10.289906943450239,13.645311381531839,80.4875,
2001-10-03,,,,,,,,24.0,2.821522309711266,1.8208661417322707,5.0,3.7312499999999997,14.540085898353599,19.461345740873277,80.0825,
2001-10-04,,,,,,,,24.0,3.444881889763755,2.742235345581783,7.69,4.3275,15.882247673586237,19.68503937007872,79.9925,
2001-10-05,,,,,,,,24.0,3.444881889763755,3.1181649168853673,7.14,4.40625,18.79026485325696,22.369362920544,80.1125,
2001-10-06,,,,,,,,24.0,5.347769028871353,3.6007217847768778,5.56,4.262083333333334,23.71152469577664,27.06692913385824,79.9775,
2001-10-07,,,,,,,,24.0,6.463254593175806,4.327974628171448,6.25,4.531666666666666,22.816750178954877,27.06692913385824,79.88750000000002,
2001-10-08,,,,,,,,24.0,9.612860892388383,6.623195538057696,7.14,5.079583333333333,29.080171796707198,35.11989978525408,79.715,
2001-10-09,,,,,,,,24.0,11.122047244094409,9.72085520559923,8.33,5.933333333333334,28.409090909090875,34.22512526843232,78.98,
2001-10-10,,,,,,,,24.0,10.465879265091788,8.106527444938889,8.33,5.702173913043478,27.738010021474558,34.22512526843232,78.98,
2001-10-11,,,,,,,,24.0,7.709973753280785,6.669674103237049,7.14,5.312916666666666,23.487831066571196,28.409090909090875,78.98,
2001-10-12,,,,,,,,24.0,6.1679790026246275,5.550087489063827,8.33,5.099166666666666,24.15891195418752,28.63278453829632,78.92750000000001,
2001-10-13,,,,,,,,24.0,10.006561679789954,7.3818897637794745,7.69,5.2926086956521745,29.527559055118076,36.01467430207584,78.89,
2001-10-14,,,,,,,,24.0,8.8910761154855,7.044236657917709,8.33,5.758749999999999,25.053686471009275,31.317108088761596,78.6725,
2001-10-15,,,,,,,,24.0,7.250656167978951,5.301290463691999,8.33,4.798333333333334,23.71152469577664,29.527559055118076,78.4475,
2001-10-16,,,,,,,,24.0,7.3490813648293445,3.770231846019221,6.25,4.131666666666667,28.63278453829632,36.01467430207584,78.2225,
2001-10-17,,,,,,,,24.0,10.82677165354323,7.569171041119806,7.14,5.25125,31.093414459556158,38.922691481746554,77.375,
2001-10-18,,,,,,,,24.0,5.052493438320174,4.254155730533653,6.67,4.4629166666666675,20.132426628489597,26.172154617036476,77.09,
2001-10-19,,,,,,,,24.0,5.118110236220436,3.8481517935257816,6.67,4.550833333333333,19.461345740873277,23.04044380816032,77.0525,
2001-10-20,,,,,,,,24.0,2.985564304461921,2.3676727909011204,5.26,3.848333333333333,14.763779527559038,17.448103078024317,77.0975,
2001-10-21,,,,,,,,24.0,4.527559055118077,3.8044072615922735,5.88,4.265833333333333,19.461345740873277,22.369362920544,77.0675,
2001-10-22,,,,,,,,24.0,3.8057742782151958,3.0525481189851047,6.25,4.205416666666667,17.000715819613436,19.908732999284158,77.0525,
2001-10-23,,,,,,,,24.0,2.165354330708646,1.6513560804899268,7.69,4.089583333333333,12.974230493915519,15.211166785969919,77.225,
2001-10-24,,,,,,,,24.0,1.738845144356943,1.4804790026246613,8.33,3.660833333333333,17.448103078024317,21.02720114531136,77.39,
2001-10-25,,,,,,,,24.0,4.4619422572178165,2.564523184601906,5.56,4.109583333333333,21.698282032927676,25.7247673586256,77.50999999999999,
2001-10-26,,,,,,,,24.0,9.908136482939561,7.135113545589359,7.14,5.152608695652174,27.738010021474558,34.6725125268432,76.985,
2001-10-27,,,,,,,,24.0,7.709973753280785,5.98343175853014,6.67,4.807916666666666,25.053686471009275,31.98818897637792,76.19,
2001-10-28,,,,,,,,25.0,7.185039370078688,6.017060367454025,7.14,4.9432,24.606299212598397,31.98818897637792,75.65360000000001,
2001-10-29,,,,,,,,24.0,6.758530183726986,5.433356156567346,7.69,4.8652173913043475,23.04044380816032,221.45669291338558,75.42695652173911,
2001-10-30,,,,,,,,24.0,5.643044619422532,4.725776465441786,7.14,4.654583333333334,20.132426628489597,25.27738010021472,75.02,
2001-10-31,,,,,,,,24.0,5.1837270341206985,4.27876202974625,5.88,4.439166666666666,20.356120257695036,23.935218324982078,75.56,
2001-11-01,,,,,,,,24.0,4.986876640419912,4.374928677393555,6.25,4.570434782608695,21.474588403722237,25.053686471009275,75.32,
2001-11-02,,,,,,,,24.0,4.822834645669257,4.343011811023591,6.67,4.521249999999999,22.369362920544,26.39584824624192,75.56,
2001-11-03,,,,,,,,24.0,6.233595800524889,5.379150975693219,6.25,4.784782608695651,22.14566929133856,27.51431639226912,75.1175,
2001-11-04,,,,,,,,24.0,5.150918635170567,4.490649606299181,5.88,4.616666666666666,20.579813886900478,23.264137437365758,75.23,
2001-11-05,,,,,,,,24.0,7.808398950131178,5.643044619422532,7.69,4.900833333333334,27.06692913385824,33.554044380815995,74.9675,
2001-11-06,,,,,,,,24.0,3.576115485564279,2.7750437445319136,5.88,4.068333333333333,14.763779527559038,18.119183965640637,75.0875,
2001-11-07,,,,,,,,24.0,2.887139107611528,1.9944772528433803,5.26,3.86,12.75053686471008,16.105941302791678,74.8625,
2001-11-08,,,,,,,,24.0,1.443569553805764,1.1441929133858189,5.56,3.7991666666666664,11.184681460272,13.645311381531839,74.8175,
2001-11-09,,,,,,,,24.0,2.198162729658777,1.4982502187226492,7.14,3.9774999999999996,13.869005010737279,17.67179670722976,74.8625,
2001-11-10,,,,,,,,24.0,1.9356955380577288,1.4394685039369974,9.09,4.352083333333334,9.84251968503936,11.85576234788832,75.155,
2001-11-11,,,,,,,,24.0,1.509186351706026,1.2234798775153017,9.09,5.079166666666667,9.39513242662848,12.526843235504638,75.2,
2001-11-12,,,,,,,,24.0,2.887139107611528,1.8400043744531804,8.33,3.7866666666666666,15.658554044380798,19.908732999284158,74.9975,
2001-11-13,,,,,,,,24.0,6.6601049868765925,4.96637139107608,6.67,4.557083333333334,25.7247673586256,30.86972083035072,75.4925,
2001-11-14,,,,,,,,24.0,7.152230971128558,5.9338463373896015,7.14,4.949090909090909,24.38260558339296,30.422333571939838,75.5975,
2001-11-15,,,,,,,,24.0,6.59448818897633,4.982775590551145,6.25,4.608333333333333,21.02720114531136,26.39584824624192,75.56,
2001-11-16,,,,,,,,24.0,5.610236220472401,3.8549868766403925,5.88,4.248333333333333,21.698282032927676,26.172154617036476,75.185,
2001-11-17,,,,,,,,24.0,3.576115485564279,2.921314523184581,5.26,3.9391666666666665,20.579813886900478,25.27738010021472,74.7725,
2001-11-18,,,,,,,,24.0,4.035433070866113,3.1988188976377723,5.88,4.061666666666667,19.23765211166784,22.369362920544,74.915,
2001-11-19,,,,,,,,24.0,2.329396325459301,2.0177165354330566,5.26,3.86,17.8954903364352,21.250894774516798,75.17750000000001,
2001-11-20,,,,,,,,24.0,2.887139107611528,1.630850831146095,6.25,3.797916666666666,17.448103078024317,20.356120257695036,75.425,
2001-11-21,,,,,,,,24.0,4.9540682414697805,2.654746281714767,5.88,4.1075,20.132426628489597,24.829992841803836,74.69749999999999,
2001-11-22,,,,,,,,24.0,2.8543307086613967,1.4599737532808295,7.14,3.59625,18.79026485325696,22.593056549749438,75.13250000000001,
2001-11-23,,,,,,,,24.0,8.825459317585238,6.349792213473271,7.69,5.175,28.185397279885436,33.554044380815995,74.7275,
2001-11-24,,,,,,,,24.0,7.874015748031439,6.19650804518996,7.69,5.300869565217392,24.15891195418752,29.751252684323518,74.7575,
2001-11-25,,,,,,,,24.0,4.9540682414697805,4.079177602799621,6.67,5.166250000000001,14.540085898353599,17.448103078024317,75.08000000000001,
2001-11-26,,,,,,,,24.0,3.6417322834645414,3.0457130358704942,6.67,4.30375,16.55332856120256,19.908732999284158,75.305,
2001-11-27,,,,,,,,24.0,6.102362204724366,4.61914916885386,7.69,4.620416666666667,20.132426628489597,24.606299212598397,75.125,
2001-11-28,,,,,,,,24.0,10.301837270341133,7.150863954505636,7.69,5.285833333333334,25.948460987831037,32.211882605583355,74.825,
2001-11-29,,,,,,,,24.0,10.236220472440872,9.470215679561726,8.33,5.913478260869565,28.63278453829632,221.45669291338558,74.90260869565218,
2001-11-30,,,,,,,,24.0,8.464566929133799,5.712762467191561,8.33,5.897500000000001,22.14566929133856,27.290622763063677,75.56,
2001-12-01,,,,,,,,24.0,3.8385826771653266,2.8885061242344503,8.33,4.763333333333333,17.8954903364352,21.474588403722237,75.56,
2001-12-02,,,,,,,,24.0,1.9028871391075979,1.5255905511810914,7.14,3.77375,12.526843235504638,16.32963493199712,75.4775,
2001-12-03,,,,,,,,24.0,3.346456692913362,2.0696631671040975,5.0,3.5895833333333336,17.8954903364352,20.80350751610592,74.72,
2001-12-04,,,,,,,,24.0,3.7073490813648027,2.929516622922114,5.56,4.06,18.119183965640637,21.250894774516798,74.6,
2001-12-05,,,,,,,,24.0,3.60892388451441,3.2029199475065386,5.88,4.134166666666666,17.448103078024317,21.250894774516798,74.525,
2001-12-06,,,,,,,,24.0,3.7729658792650644,3.0402449693788056,6.25,4.288333333333333,16.777022190407997,19.908732999284158,74.3675,
2001-12-07,,,,,,,,24.0,1.9685039370078599,1.6226487314085625,7.14,4.0183333333333335,12.07945597709376,14.092698639942718,74.495,
2001-12-08,,,,,,,,24.0,1.7716535433070741,1.5050853018372596,7.14,4.1475,10.066213314244798,12.974230493915519,74.80250000000001,
2001-12-09,,,,,,,,24.0,3.6417322834645414,2.430555555555538,5.88,4.1000000000000005,18.119183965640637,20.80350751610592,74.75,
2001-12-10,,,,,,,,24.0,5.314960629921222,3.7989391951005853,6.67,4.4575000000000005,19.0139584824624,23.04044380816032,74.825,
2001-12-11,,,,,,,,24.0,3.379265091863493,2.199529746281699,6.25,3.97125,13.645311381531839,16.105941302791678,74.765,
2001-12-12,,,,,,,,24.0,3.412073490813624,2.9377187226596466,5.56,4.0079166666666675,17.8954903364352,21.250894774516798,74.72,
2001-12-13,,,,,,,,24.0,4.297900262467161,3.5774825021872014,6.25,4.4383333333333335,18.119183965640637,21.474588403722237,74.4125,
2001-12-14,,,,,,,,24.0,4.396325459317554,3.243930446194203,6.25,4.648333333333333,15.211166785969919,17.8954903364352,74.3375,
2001-12-15,,,,,,,,24.0,3.6745406824146722,2.6492782152230787,8.33,4.5616666666666665,18.342877594846076,21.02720114531136,74.45,
2001-12-16,,,,,,,,24.0,5.938320209973711,4.807797462817114,7.14,4.779166666666667,20.356120257695036,24.606299212598397,75.3425,
2001-12-17,,,,,,,,24.0,6.955380577427772,5.7975174978127315,7.14,4.984583333333333,23.935218324982078,28.85647816750176,75.8525,
2001-12-18,,,,,,,,24.0,6.955380577427772,4.836504811898479,7.14,4.890000000000001,22.369362920544,28.409090909090875,75.0275,
2001-12-19,,,,,,,,24.0,5.610236220472401,3.2288932633420595,7.14,4.469166666666666,22.369362920544,27.738010021474558,74.465,
2001-12-20,,,,,,,,24.0,6.200787401574758,4.692968066491655,7.14,4.6258333333333335,23.935218324982078,27.738010021474558,73.89500000000001,
2001-12-21,,,,,,,,24.0,4.560367454068208,3.5515091863516806,5.56,4.2124999999999995,20.80350751610592,25.053686471009275,73.3925,
2001-12-22,,,,,,,,24.0,5.839895013123318,4.319772528433915,6.67,4.371666666666667,23.04044380816032,27.738010021474558,72.9875,
2001-12-23,,,,,,,,24.0,11.023622047244015,7.9752938491383665,8.33,5.548260869565217,28.63278453829632,35.11989978525408,72.86,
2001-12-24,,,,,,,,24.0,8.858267716535371,5.801380805660121,7.69,4.958695652173913,27.290622763063677,221.45669291338558,72.19478260869565,
2001-12-25,,,,,,,,24.0,3.412073490813624,2.5344488188976197,9.09,3.942083333333334,15.882247673586237,21.02720114531136,72.095,
2001-12-26,,,,,,,,24.0,5.610236220472401,4.349846894138202,5.88,4.264166666666666,23.264137437365758,33.77773801002144,71.9675,
2001-12-27,,,,,,,,24.0,5.971128608923842,4.63828740157477,7.69,5.335833333333333,18.56657122405152,24.606299212598397,71.9375,
2001-12-28,,,,,,,,24.0,2.493438320209956,2.0682961504811748,7.14,4.232083333333333,17.67179670722976,21.92197566213312,71.75,
2001-12-29,,,,,,,,24.0,5.019685039370043,3.8057742782151958,7.69,4.992083333333333,17.67179670722976,21.474588403722237,71.465,
2001-12-30,,,,,,,,24.0,4.986876640419912,3.3765310586176485,7.69,4.479583333333333,20.579813886900478,25.053686471009275,71.615,
2001-12-31,,,,,,,,24.0,2.7559055118110036,2.267880577427806,5.0,3.7466666666666666,15.658554044380798,19.68503937007872,71.41999999999999,
2002-01-01,,,,,,,,24.0,4.822834645669257,3.489993438320185,5.56,4.09625,22.369362920544,27.06692913385824,70.7,
2002-01-02,,,,,,,,24.0,10.925196850393624,7.7769575678039695,7.69,5.417083333333334,29.303865425912637,35.34359341445952,71.10499999999999,
2002-01-03,,,,,,,,24.0,10.17060367454061,8.033956692913328,7.69,5.2425,31.540801717967035,40.488546886184636,70.52000000000001,
2002-01-04,,,,,,,,24.0,7.185039370078688,4.434601924759374,7.14,4.692916666666666,22.593056549749438,30.86972083035072,70.3475,
2002-01-05,,,,,,,,24.0,12.073490813648208,3.5897856517935005,7.69,4.279166666666667,37.80422333571936,45.857193987115195,70.4,
2002-01-06,,,,,,,,24.0,18.40551181102349,13.85061242344697,11.11,6.854166666666667,41.3833214030064,221.45669291338558,70.295,
2002-01-07,,,,,,,,24.0,12.926509186351613,10.42896981627289,11.11,6.178333333333334,35.34359341445952,45.186113099498876,70.025,
2002-01-08,,,,,,,,24.0,6.856955380577379,3.7839020122484417,8.33,5.131666666666667,16.55332856120256,21.92197566213312,69.19739130434783,
2002-01-09,,,,,,,,24.0,1.9028871391075979,1.554297900262456,6.67,4.195833333333333,11.85576234788832,15.658554044380798,69.3575,
2002-01-10,,,,,,,,24.0,2.5918635170603492,2.0026793525809135,5.26,3.61125,14.763779527559038,17.8954903364352,69.7625,
2002-01-11,,,,,,,,24.0,3.2152230971128377,2.8543307086613967,7.69,4.261666666666667,17.000715819613436,20.132426628489597,69.365,
2002-01-12,,,,,,,,24.0,7.3818897637794745,3.9821194225721497,7.69,4.681666666666667,29.303865425912637,34.44881889763776,69.30499999999999,
2002-01-13,,,,,,,,24.0,7.480314960629867,3.893263342082212,6.67,4.379166666666666,25.948460987831037,31.093414459556158,69.185,
2002-01-14,,,,,,,,24.0,8.070866141732226,3.908300524934355,6.25,4.2995833333333335,33.33035075161056,39.817465998568316,68.7875,
2002-01-15,,,,,,,,24.0,4.527559055118077,3.230260279964981,5.88,4.132916666666667,20.356120257695036,25.50107372942016,68.0225,
2002-01-16,,,,,,,,24.0,2.132545931758515,1.649989063867005,4.55,3.84375,12.07945597709376,15.211166785969919,67.8425,
2002-01-17,,,,,,,,24.0,0.9842519685039299,0.7614282589676236,7.14,3.9104166666666664,10.96098783106656,13.645311381531839,68.9075,
2002-01-18,,,,,,,,24.0,1.6076115485564189,1.006124234470684,5.26,3.402916666666666,14.763779527559038,17.448103078024317,69.71,
2002-01-19,,,,,,,,24.0,5.085301837270305,3.361493875765505,5.88,4.097083333333333,24.829992841803836,29.974946313528957,70.2125,
2002-01-20,,,,,,,,24.0,5.971128608923842,3.541940069991226,7.14,4.565833333333333,16.777022190407997,19.0139584824624,69.65,
2002-01-21,,,,,,,,24.0,2.985564304461921,2.4182524059492385,6.67,4.107083333333333,17.000715819613436,21.02720114531136,69.56,
2002-01-22,,,,,,,,24.0,3.248031496062969,2.5891294838145047,6.25,4.321666666666666,16.105941302791678,20.356120257695036,69.1925,
2002-01-23,,,,,,,,24.0,3.7073490813648027,3.359294762067761,6.67,4.458695652173913,17.000715819613436,20.579813886900478,70.4,
2002-01-24,,,,,,,,24.0,4.396325459317554,3.887795275590523,8.33,4.8725,18.119183965640637,21.250894774516798,71.015,
2002-01-25,,,,,,,,24.0,5.1837270341206985,4.236384514435665,8.33,5.07625,20.356120257695036,23.264137437365758,70.57249999999999,
2002-01-26,,,,,,,,24.0,3.60892388451441,3.1167979002624446,10.0,4.511666666666667,15.43486041517536,18.56657122405152,70.64750000000001,
2002-01-27,,,,,,,,24.0,3.7729658792650644,2.5166776027996325,10.0,4.120416666666666,23.935218324982078,28.85647816750176,70.46749999999999,
2002-01-28,,,,,,,,24.0,3.6417322834645414,2.344433508311444,10.0,4.467083333333334,14.987473156764478,17.67179670722976,70.4075,
2002-01-29,,,,,,,,24.0,2.165354330708646,1.8523075240594793,10.0,4.319583333333333,13.645311381531839,17.000715819613436,70.6025,
2002-01-30,,,,,,,,24.0,2.493438320209956,2.1516841644794247,9.09,4.212916666666667,15.882247673586237,18.342877594846076,70.72999999999999,
2002-01-31,,,,,,,,24.0,4.4619422572178165,3.6157589676290214,7.14,4.7058333333333335,17.000715819613436,19.461345740873277,70.1825,
2002-02-01,,,,,,,,24.0,4.035433070866113,3.3737970253718044,8.33,5.3533333333333335,9.61882605583392,221.45669291338558,70.1,
2002-02-02,,,,,,,,24.0,5.839895013123318,3.6723534558179964,6.67,4.3726666666666665,17.8954903364352,221.45669291338558,69.76400000000001,
2002-02-03,,,,,,,,24.0,2.657480314960611,1.8659776902887004,9.09,3.810416666666667,15.658554044380798,19.0139584824624,69.1925,
2002-02-04,,,,,,,,24.0,5.544619422572139,3.915135608048966,6.25,4.10625,23.935218324982078,27.961703650679997,69.8675,
2002-02-05,,,,,,,,24.0,6.1679790026246275,5.034722222222186,6.67,4.603333333333333,23.71152469577664,29.751252684323518,70.0025,
2002-02-06,,,,,,,,24.0,10.662729658792575,7.175470253718234,7.69,5.4816666666666665,27.51431639226912,34.896206156048635,70.355,
2002-02-07,,,,,,,,24.0,7.513123359579999,6.353417779299281,7.69,5.26,26.172154617036476,221.45669291338558,70.20695652173914,
2002-02-08,,,,,,,,24.0,5.57742782152227,3.602088801399799,7.69,4.654583333333334,19.908732999284158,24.829992841803836,69.59,
2002-02-09,,,,,,,,24.0,2.034120734908122,1.3205380577427728,8.33,4.315416666666667,11.85576234788832,13.869005010737279,70.39250000000001,
2002-02-10,,,,,,,,24.0,1.246719160104978,0.8707895888013937,8.33,4.182083333333334,12.75053686471008,15.658554044380798,70.7675,
2002-02-11,,,,,,,,24.0,6.824146981627248,3.957513123359552,7.69,4.3675,25.50107372942016,29.303865425912637,70.22,
2002-02-12,,,,,,,,24.0,2.526246719160087,1.92339238845143,10.0,4.399583333333333,12.07945597709376,17.000715819613436,70.0325,
2002-02-13,,,,,,,,24.0,2.29658792650917,1.6130796150481075,8.33,3.6941666666666664,17.8954903364352,22.369362920544,69.755,
2002-02-14,,,,,,,,24.0,4.986876640419912,2.7873468941382127,8.33,3.952083333333333,21.698282032927676,26.843235504652796,69.59,
2002-02-15,,,,,,,,24.0,3.0839895013123138,2.1448490813648142,6.25,4.03625,13.645311381531839,18.56657122405152,69.755,
2002-02-16,,,,,,,,24.0,3.2808398950131,2.282917760279949,5.26,3.9600000000000004,16.55332856120256,20.356120257695036,69.2,
2002-02-17,,,,,,,,24.0,4.560367454068208,3.3614938757655057,5.56,4.113333333333333,19.461345740873277,25.50107372942016,69.425,
2002-02-18,,,,,,,,24.0,6.036745406824104,4.587707786526652,6.67,4.507916666666667,21.92197566213312,25.7247673586256,69.0575,
2002-02-19,,,,,,,,24.0,8.923884514435633,7.303969816272913,7.69,5.316666666666666,26.39584824624192,32.211882605583355,69.14750000000001,
2002-02-20,,,,,,,,24.0,11.745406824146897,9.26908592947614,8.33,5.901739130434782,34.00143163922687,221.45669291338558,69.44782608695652,
2002-02-21,,,,,,,,24.0,6.824146981627248,4.2965332458442385,7.69,5.45,14.763779527559038,17.8954903364352,69.95750000000001,
2002-02-22,,,,,,,,24.0,5.511811023622007,3.361493875765505,7.14,4.241666666666666,27.51431639226912,32.65926986399424,69.3575,
2002-02-23,,,,,,,,24.0,7.644356955380523,5.137248468941345,6.67,4.709583333333334,27.51431639226912,31.764495347172474,69.1025,
2002-02-24,,,,,,,,24.0,2.7230971128608727,2.066929133858253,8.33,4.166666666666667,12.303149606299199,16.105941302791678,69.0275,
2002-02-25,,,,,,,,24.0,2.066929133858253,1.6062445319334968,5.0,3.8841666666666668,13.869005010737279,16.777022190407997,68.6375,
2002-02-26,,,,,,,,24.0,5.24934383202096,2.494805336832878,6.25,3.8466666666666662,25.948460987831037,31.317108088761596,69.1925,
2002-02-27,,,,,,,,24.0,11.18766404199467,8.26058427479168,9.09,5.646521739130435,30.86972083035072,38.922691481746554,67.85,
2002-02-28,,,,,,,,24.0,4.888451443569519,2.9513888888888675,9.09,4.566666666666666,14.092698639942718,19.908732999284158,67.07000000000001,
2002-03-01,,,,,,,,24.0,12.43438320209965,6.919589596754903,8.33,4.885000000000001,33.554044380815995,40.93593414459552,67.28,
2002-03-02,,,,,,,,24.0,18.897637795275454,12.6599409448818,11.11,7.070416666666667,36.68575518969215,45.63350035790975,67.565,
2002-03-03,,,,,,,,24.0,12.204724409448731,8.257731370535145,8.33,5.533478260869565,30.646027201145277,38.922691481746554,67.625,
2002-03-04,,,,,,,,24.0,13.1233595800524,10.22938538932626,8.33,6.077083333333334,30.86972083035072,39.593772369362874,66.44,
2002-03-05,,,,,,,,24.0,5.479002624671876,4.029965004374424,6.67,4.384583333333333,20.80350751610592,25.50107372942016,66.3425,
2002-03-06,,,,,,,,24.0,4.986876640419912,3.8385826771653266,5.88,4.397391304347826,19.908732999284158,221.45669291338558,66.59130434782608,
2002-03-07,,,,,,,,24.0,5.052493438320174,3.965129358830118,6.25,4.391904761904762,18.79026485325696,221.45669291338558,66.91142857142857,
2002-03-08,,,,,,,,24.0,4.133858267716506,3.316382327209075,7.69,4.335833333333334,18.119183965640637,21.698282032927676,68.2475,
2002-03-09,,,,,,,,24.0,2.034120734908122,1.7702270911788078,5.88,3.8982608695652172,14.31639226914816,221.45669291338558,69.11130434782609,
2002-03-10,,,,,,,,24.0,8.759842519684977,5.675853018372662,7.69,4.9366666666666665,28.185397279885436,34.00143163922687,68.35249999999999,
2002-03-11,,,,,,,,24.0,4.9540682414697805,3.6864710093056274,5.88,4.294090909090909,21.92197566213312,221.45669291338558,67.97652173913043,
2002-03-12,,,,,,,,24.0,3.379265091863493,2.5390847883144856,5.0,3.8021739130434784,22.816750178954877,221.45669291338558,68.53217391304347,
2002-03-13,,,,,,,,24.0,6.528871391076069,4.7626859142606826,8.33,5.2425,20.356120257695036,24.829992841803836,68.83250000000001,
2002-03-14,,,,,,,,24.0,2.526246719160087,1.872812773403311,6.25,4.1925,16.55332856120256,19.23765211166784,68.9975,
2002-03-15,,,,,,,,24.0,3.379265091863493,2.6738845144356764,5.26,3.9587499999999998,18.342877594846076,22.593056549749438,69.17,
2002-03-16,,,,,,,,24.0,3.1167979002624446,2.877569991251073,7.14,4.698333333333333,13.19792412312096,16.32963493199712,69.6425,
2002-03-17,,,,,,,,24.0,3.0839895013123138,2.672393223574306,7.69,5.050909090909091,12.526843235504638,221.45669291338558,69.96363636363637,
2002-03-18,,,,,,,,24.0,3.346456692913362,2.57046673513635,7.69,5.003913043478261,10.51360057265568,221.45669291338558,70.54347826086956,
2002-03-19,,,,,,,,24.0,3.477690288713886,2.6656824146981437,7.14,4.666250000000001,12.974230493915519,15.43486041517536,70.86500000000001,
2002-03-20,,,,,,,,24.0,3.8385826771653266,3.3833661417322594,6.67,4.845,15.658554044380798,18.56657122405152,71.51750000000001,
2002-03-21,,,,,,,,24.0,5.019685039370043,3.993055555555527,7.14,4.415,24.38260558339296,29.080171796707198,71.32249999999999,
2002-03-22,,,,,,,,24.0,8.53018372703406,6.470386853817141,7.14,5.030869565217391,26.619541875447357,221.45669291338558,69.37739130434784,
2002-03-23,,,,,,,,24.0,4.790026246719126,3.45445100612421,5.88,4.364583333333333,19.461345740873277,24.606299212598397,68.9675,
2002-03-24,,,,,,,,24.0,2.099737532808384,1.5925743657042755,5.26,3.6279166666666662,12.75053686471008,14.987473156764478,69.86749999999999,
2002-03-25,,,,,,,,24.0,3.7729658792650644,2.8816710411198394,6.67,4.257083333333333,17.000715819613436,19.908732999284158,70.3175,
2002-03-26,,,,,,,,24.0,2.95275590551179,2.1913276465441665,6.67,4.627083333333334,15.211166785969919,18.342877594846076,71.2475,
2002-03-27,,,,,,,,24.0,5.019685039370043,3.1988188976377723,5.88,4.300416666666667,17.8954903364352,21.698282032927676,70.57249999999999,
2002-03-28,,,,,,,,24.0,2.8543307086613967,2.0369736391646547,4.76,3.875652173913044,15.658554044380798,221.45669291338558,70.80173913043478,
2002-03-29,,,,,,,,24.0,1.443569553805764,0.9186351706036681,5.0,3.480833333333333,13.645311381531839,15.882247673586237,70.82,
2002-03-30,,,,,,,,24.0,1.9356955380577288,1.2603893263341994,6.25,3.4633333333333334,16.32963493199712,18.79026485325696,71.2025,
2002-03-31,,,,,,,,24.0,3.9370078740157197,2.8174212598424995,6.67,4.319583333333333,18.342877594846076,22.369362920544,71.66749999999999,
2002-04-01,,,,,,,,24.0,4.297900262467161,3.4434554376354893,7.69,4.888260869565217,16.777022190407997,221.45669291338558,71.54521739130433,
2002-04-02,,,,,,,,24.0,2.165354330708646,1.6389934953782832,7.14,4.294782608695653,14.092698639942718,221.45669291338558,71.45913043478261,
2002-04-03,,,,,,,,24.0,2.2637795275590387,1.8432355046528142,5.56,4.090454545454547,12.974230493915519,221.45669291338558,72.02260869565217,
2002-04-04,,,,,,,,24.0,3.412073490813624,2.683156453269409,5.26,4.05695652173913,21.250894774516798,221.45669291338558,72.05391304347825,
2002-04-05,,,,,,,,24.0,5.085301837270305,3.9840807942485172,6.25,4.319565217391304,21.474588403722237,26.39584824624192,71.66,
2002-04-06,,,,,,,,24.0,5.971128608923842,3.963851109520373,5.88,4.353181818181818,22.816750178954877,221.45669291338558,71.38086956521738,
2002-04-07,,,,,,,,23.0,7.545931758530129,5.41703120443274,7.14,4.6211111111111105,24.606299212598397,221.45669291338558,70.96000000000001,
2002-04-08,,,,,,,,24.0,13.615485564304366,10.841353164187733,9.09,6.347222222222221,28.85647816750176,221.45669291338558,70.61473684210526,
2002-04-09,,,,,,,,24.0,9.80971128608917,8.476049868766344,10.0,6.273499999999999,24.15891195418752,221.45669291338558,70.26636363636364,
2002-04-10,,,,,,,,24.0,5.413385826771615,3.848567842063193,8.33,5.721739130434783,8.27666428060128,221.45669291338558,71.15391304347825,
2002-04-11,,,,,,,,24.0,3.051181102362183,2.7066929133858073,6.67,4.496111111111111,14.763779527559038,221.45669291338558,71.46285714285713,
2002-04-12,,,,,,,,24.0,7.119422572178427,5.159667541557269,6.67,4.704,27.961703650679997,221.45669291338558,71.01263157894736,
2002-04-13,,,,,,,,24.0,5.1837270341206985,4.3700787401574495,6.67,5.0840000000000005,24.829992841803836,221.45669291338558,71.41,
2002-04-14,,,,,,,,24.0,3.051181102362183,2.5918635170603483,6.67,4.471428571428572,12.974230493915519,221.45669291338558,72.1778947368421,
2002-04-15,,,,,,,,24.0,2.2309711286089082,1.7857142857142732,5.0,3.938571428571428,10.289906943450239,221.45669291338558,72.905,
2002-04-16,,,,,,,,24.0,1.574803149606288,1.2679481241315333,4.76,3.6370588235294115,11.408375089477438,221.45669291338558,73.46631578947368,
2002-04-17,,,,,,,,24.0,1.804461942257205,1.377952755905502,5.88,3.911904761904762,12.974230493915519,221.45669291338558,74.04285714285714,
2002-04-18,,,,,,,,24.0,1.8372703412073361,1.465441819772518,6.67,4.472083333333333,10.066213314244798,11.408375089477438,74.585,
2002-04-19,,,,,,,,24.0,1.64041994750655,1.246719160104978,7.69,4.663333333333333,9.39513242662848,11.184681460272,75.2825,
2002-04-20,,,,,,,,24.0,1.509186351706026,1.280894575678031,7.69,5.1225,6.710808876163199,7.6055833929849594,77.12,
2002-04-21,,,,,,,,24.0,1.31233595800524,1.1236876640419866,7.14,5.0175,6.487115246957759,7.829277022190399,77.23250000000002,
2002-04-22,,,,,,,,24.0,1.279527559055109,1.1250546806649089,7.14,4.26125,10.066213314244798,12.07945597709376,76.94749999999999,
2002-04-23,,,,,,,,24.0,3.379265091863493,2.1352799650043592,5.88,3.99375,18.56657122405152,21.474588403722237,76.8125,
2002-04-24,,,,,,,,24.0,2.132545931758515,1.430731484651365,5.56,3.9060869565217393,12.303149606299199,221.45669291338558,76.27217391304347,
2002-04-25,,,,,,,,24.0,1.8700787401574668,1.1619641294838063,5.56,4.104166666666667,8.9477451682176,11.632068718682879,77.375,
2002-04-26,,,,,,,,24.0,1.574803149606288,1.0430336832895815,5.56,3.9491666666666667,11.408375089477438,13.19792412312096,77.3225,
2002-04-27,,,,,,,,24.0,3.2808398950131,2.0084445965993236,7.69,3.861739130434782,14.987473156764478,221.45669291338558,76.72608695652175,
2002-04-28,,,,,,,,24.0,4.4619422572178165,3.8186123473695948,6.67,4.805217391304348,16.32963493199712,19.0139584824624,77.285,
2002-04-29,,,,,,,,24.0,3.9370078740157197,2.7914479440069795,6.67,4.868333333333333,13.19792412312096,15.43486041517536,78.41749999999999,
2002-04-30,,,,,,,,24.0,2.165354330708646,1.7320100612423321,7.14,3.948333333333333,14.763779527559038,18.342877594846076,78.5225,
2002-05-01,,,,,,,,24.0,5.4461942257217455,3.9192366579177325,5.88,4.349583333333333,21.02720114531136,25.053686471009275,78.2975,
2002-05-02,,,,,,,,24.0,5.57742782152227,4.709372265966721,7.69,4.922916666666667,19.908732999284158,23.935218324982078,78.7325,
2002-05-03,,,,,,,,24.0,5.4461942257217455,4.005358705161826,7.69,4.98625,17.448103078024317,20.80350751610592,78.845,
2002-05-04,,,,,,,,24.0,3.9370078740157197,3.1253566130320434,7.69,4.905217391304348,12.07945597709376,221.45669291338558,79.1521739130435,
2002-05-05,,,,,,,,24.0,2.657480314960611,2.172486591349979,7.69,4.944782608695651,11.632068718682879,13.421617752326398,79.3475,
2002-05-06,,,,,,,,24.0,5.118110236220436,3.253499562554657,8.33,4.555416666666667,19.0139584824624,21.474588403722237,79.025,
2002-05-07,,,,,,,,24.0,3.018372703412052,2.5781933508311274,7.69,4.6725,11.85576234788832,14.540085898353599,79.8275,
2002-05-08,,,,,,,,24.0,2.887139107611528,2.4414916885389153,8.33,4.886666666666667,12.75053686471008,14.987473156764478,80.0375,
2002-05-09,,,,,,,,24.0,3.051181102362183,2.660333219217143,8.33,4.8826086956521735,13.19792412312096,221.45669291338558,80.6,
2002-05-10,,,,,,,,24.0,2.7230971128608727,2.366305774278198,7.14,4.861666666666666,13.869005010737279,16.55332856120256,81.8975,
2002-05-11,,,,,,,,24.0,4.101049868766375,3.239829396325436,8.33,4.676666666666667,16.105941302791678,18.56657122405152,80.85499999999999,
2002-05-12,,,,,,,,24.0,5.1837270341206985,4.108340624088626,7.69,5.100555555555555,18.79026485325696,221.45669291338558,80.6,
2002-05-13,,,,,,,,24.0,5.052493438320174,3.406367682300557,7.69,4.908695652173913,18.342877594846076,21.698282032927676,80.88499999999999,
2002-05-14,,,,,,,,24.0,6.1351706036744975,4.521853246605011,6.67,4.623913043478261,23.487831066571196,221.45669291338558,80.02086956521741,
2002-05-15,,,,,,,,24.0,5.216535433070829,4.121555118110206,6.67,4.47375,21.474588403722237,25.948460987831037,79.0325,
2002-05-16,,,,,,,,24.0,7.020997375328034,4.6787629807143345,7.14,4.880869565217392,23.935218324982078,221.45669291338558,79.26173913043479,
2002-05-17,,,,,,,,24.0,3.313648293963231,2.557688101487296,6.67,4.054583333333333,18.79026485325696,22.369362920544,79.55,
2002-05-18,,,,,,,,24.0,8.464566929133799,4.600308113659673,6.67,4.495217391304348,27.290622763063677,33.10665712240512,78.95750000000001,
2002-05-19,,,,,,,,24.0,8.070866141732226,6.418143044619377,7.14,5.199166666666667,23.264137437365758,28.409090909090875,78.1175,
2002-05-20,,,,,,,,24.0,6.627296587926462,5.529582239719996,7.14,4.949999999999999,23.04044380816032,29.527559055118076,76.91,
2002-05-21,,,,,,,,24.0,5.479002624671876,4.352105443341291,6.67,4.536956521739131,22.369362920544,221.45669291338558,76.14695652173913,
2002-05-22,,,,,,,,24.0,6.692913385826724,5.402449693788237,7.14,4.743333333333332,25.053686471009275,221.45669291338558,75.71428571428571,
2002-05-23,,,,,,,,24.0,6.791338582677116,5.060695538057706,7.69,4.885,24.15891195418752,30.1986399427344,75.55250000000001,
2002-05-24,,,,,,,,24.0,4.59317585301834,3.3300524934382962,7.14,4.6009090909090915,16.32963493199712,221.45669291338558,75.76454545454546,
2002-05-25,,,,,,,,24.0,3.9698162729658506,3.4325787401574557,7.69,5.164166666666667,16.105941302791678,18.79026485325696,76.4075,
2002-05-26,,,,,,,,24.0,3.6745406824146722,2.73403324584425,9.09,5.209583333333334,12.75053686471008,14.31639226914816,76.7975,
2002-05-27,,,,,,,,24.0,2.165354330708646,1.8929019742097322,8.33,4.495217391304347,12.75053686471008,14.987473156764478,76.85749999999999,
2002-05-28,,,,,,,,24.0,3.8713910761154575,2.7832458442694463,5.56,4.047083333333333,18.342877594846076,20.80350751610592,77.18,
2002-05-29,,,,,,,,24.0,2.198162729658777,1.8564085739282459,5.26,3.90625,14.31639226914816,16.105941302791678,77.5475,
2002-05-30,,,,,,,,24.0,1.6076115485564189,0.8715622503708713,5.56,3.905217391304346,12.07945597709376,221.45669291338558,78.72173913043478,
2002-05-31,,,,,,,,24.0,1.574803149606288,0.8783703173466891,6.25,3.5181818181818185,8.500357909806718,221.45669291338558,78.79181818181819,
2002-06-01,,,,,,,,24.0,0.754593175853013,0.45218532466050126,5.0,2.8013043478260866,8.724051539012159,221.45669291338558,79.61391304347826,
2002-06-02,,,,,,,,24.0,0.49212598425196497,0.022369362920543864,2.5,0.14545454545454548,11.408375089477438,221.45669291338558,80.2890909090909,
2002-06-03,,,,,,,,24.0,0.623359580052489,0.2758888093533743,4.76,1.5877272727272727,8.9477451682176,221.45669291338558,80.76363636363637,
2002-06-04,,,,,,,,24.0,1.279527559055109,0.48255686789151014,7.69,1.8150000000000002,12.974230493915519,15.43486041517536,80.09,
2002-06-05,,,,,,,,24.0,4.92125984251965,3.221188260558316,7.69,4.8977272727272725,22.369362920544,221.45669291338558,79.12727272727274,
2002-06-06,,,,,,,,24.0,3.7401574803149336,3.0279418197725065,7.14,4.68625,13.869005010737279,15.882247673586237,78.83000000000001,
2002-06-07,,,,,,,,24.0,1.9356955380577288,1.6089785651793411,6.67,4.753333333333333,8.724051539012159,10.51360057265568,79.94,
2002-06-08,,,,,,,,24.0,2.5918635170603492,1.1961395450568593,6.25,4.191666666666666,18.56657122405152,23.04044380816032,79.9475,
2002-06-09,,,,,,,,24.0,4.59317585301834,3.5015509424957996,6.67,4.252272727272728,18.56657122405152,221.45669291338558,79.59363636363638,
2002-06-10,,,,,,,,24.0,4.330708661417292,3.355404438081581,6.67,4.309545454545455,20.132426628489597,221.45669291338558,79.5118181818182,
2002-06-11,,,,,,,,24.0,4.0026246719159815,3.361369601527058,6.25,4.347272727272728,20.132426628489597,221.45669291338558,80.03652173913045,
2002-06-12,,,,,,,,24.0,2.559055118110218,2.043494563179588,5.26,4.112380952380953,13.645311381531839,221.45669291338558,80.49714285714285,
2002-06-13,,,,,,,,24.0,1.345144356955371,0.9043706493210025,8.33,4.337391304347825,9.171438797423038,221.45669291338558,82.08695652173913,
2002-06-14,,,,,,,,24.0,1.673228346456681,1.2695423941572432,8.33,4.226956521739131,10.737294201861118,221.45669291338558,81.82086956521741,
2002-06-15,,,,,,,,24.0,3.149606299212576,2.3890479599140844,7.69,4.134090909090909,15.43486041517536,221.45669291338558,81.77000000000001,
2002-06-16,,,,,,,,24.0,2.493438320209956,1.6760812507132143,7.69,5.18304347826087,12.75053686471008,221.45669291338558,82.44695652173914,
2002-06-17,,,,,,,,24.0,4.330708661417292,2.12297681539806,7.14,4.138333333333334,35.34359341445952,44.515032211882556,80.9975,
2002-06-18,,,,,,,,24.0,3.346456692913362,2.627405949256324,6.25,4.668333333333333,12.303149606299199,14.540085898353599,81.38,
2002-06-19,,,,,,,,24.0,3.60892388451441,2.6532009585758116,5.56,4.30608695652174,16.105941302791678,18.56657122405152,81.35750000000002,
2002-06-20,,,,,,,,24.0,3.8385826771653266,3.1167979002624446,6.25,4.302,17.000715819613436,221.45669291338558,81.041,
2002-06-21,,,,,,,,24.0,6.59448818897633,4.542596237970222,6.67,4.49125,27.06692913385824,31.764495347172474,80.3375,
2002-06-22,,,,,,,,24.0,7.086614173228297,4.7490157480314625,6.67,4.613333333333333,23.264137437365758,27.06692913385824,79.95500000000001,
2002-06-23,,,,,,,,24.0,4.199475065616768,2.9759951881014666,6.67,4.45375,16.777022190407997,19.0139584824624,80.2775,
2002-06-24,,,,,,,,24.0,3.7073490813648027,2.6588473315835333,5.88,4.294583333333334,15.43486041517536,17.448103078024317,80.915,
2002-06-25,,,,,,,,24.0,3.2152230971128377,2.6004222298299475,5.56,4.337826086956523,14.987473156764478,17.000715819613436,80.5025,
2002-06-26,,,,,,,,24.0,2.427821522309694,1.8400043744531804,6.67,4.160416666666667,11.408375089477438,13.421617752326398,80.91499999999999,
2002-06-27,,,,,,,,24.0,1.9356955380577288,1.543361767279079,6.67,3.8975000000000004,11.184681460272,13.19792412312096,80.91499999999999,
2002-06-28,,,,,,,,24.0,1.8372703412073361,1.716972878390189,10.0,4.69125,11.184681460272,13.19792412312096,81.1325,
2002-06-29,,,,,,,,24.0,1.8372703412073361,1.5378937007873905,11.11,4.675416666666667,10.737294201861118,12.526843235504638,81.55250000000001,
2002-06-30,,,,,,,,24.0,1.8372703412073361,1.444936570428686,10.0,4.522083333333334,6.710808876163199,8.27666428060128,82.7,
2002-07-01,,,,,,,,24.0,1.8700787401574668,1.540627734033235,9.09,4.5075,10.51360057265568,12.07945597709376,83.1575,
2002-07-02,,,,,,,,24.0,1.5419947506561569,1.2549212598425108,10.0,5.145,8.052970651395839,9.84251968503936,83.9675,
2002-07-03,,,,,,,,24.0,2.0013123359579907,1.5884733158355093,10.0,5.911666666666666,10.51360057265568,12.526843235504638,83.6075,
2002-07-04,,,,,,,,24.0,2.329396325459301,1.747047244094476,10.0,4.5675,23.935218324982078,28.185397279885436,82.7975,
2002-07-05,,,,,,,,24.0,3.149606299212576,1.9753390201224705,10.0,4.129583333333334,23.71152469577664,27.06692913385824,82.58,
2002-07-06,,,,,,,,24.0,1.443569553805764,0.9856189851268521,9.09,4.089166666666666,9.171438797423038,11.184681460272,82.8425,
2002-07-07,,,,,,,,24.0,2.132545931758515,1.0940887823804557,16.67,4.123478260869565,14.31639226914816,17.000715819613436,82.97749999999999,
2002-07-08,,,,,,,,24.0,2.887139107611528,2.2104658792650764,5.0,3.7675,16.777022190407997,21.02720114531136,83.0675,
2002-07-09,,,,,,,,24.0,4.757217847768994,3.7169181977252577,6.67,4.354583333333333,25.053686471009275,29.974946313528957,82.64750000000001,
2002-07-10,,,,,,,,24.0,5.708661417322793,4.634186351706004,6.67,4.620416666666666,21.698282032927676,24.829992841803836,82.5275,
2002-07-11,,,,,,,,24.0,4.101049868766375,3.3300524934382962,6.67,4.646249999999999,19.0139584824624,21.92197566213312,82.7375,
2002-07-12,,,,,,,,24.0,3.60892388451441,2.948654855643024,6.67,4.7299999999999995,15.43486041517536,18.342877594846076,83.015,
2002-07-13,,,,,,,,24.0,4.757217847768994,3.323217410323686,7.14,4.76625,19.23765211166784,22.14566929133856,82.9175,
2002-07-14,,,,,,,,24.0,4.429133858267686,3.9178696412948097,5.88,4.517916666666667,18.342877594846076,21.698282032927676,82.93249999999999,
2002-07-15,,,,,,,,24.0,3.2808398950131,2.6110017497812588,5.88,4.292083333333333,14.763779527559038,17.000715819613436,83.54,
2002-07-16,,,,,,,,24.0,1.738845144356943,1.3824266284896107,5.88,4.133181818181819,10.51360057265568,12.75053686471008,84.3125,
2002-07-17,,,,,,,,24.0,1.509186351706026,1.3109095058769733,8.33,3.7526086956521736,12.303149606299199,221.45669291338558,84.64608695652176,
2002-07-18,,,,,,,,24.0,2.099737532808384,1.5570319335083005,3.7,3.482083333333333,15.211166785969919,18.56657122405152,84.83000000000001,
2002-07-19,,,,,,,,24.0,1.279527559055109,1.0185516583154306,10.0,3.8445454545454543,9.84251968503936,221.45669291338558,85.87727272727271,
2002-07-20,,,,,,,,24.0,0.9514435695537989,0.7833005249343776,9.09,4.0008333333333335,10.066213314244798,11.184681460272,86.51750000000001,
2002-07-21,,,,,,,,24.0,2.099737532808384,1.1797353455817938,8.33,3.5691666666666664,17.000715819613436,22.816750178954877,85.6025,
2002-07-22,,,,,,,,24.0,2.034120734908122,1.4271653543306984,5.56,3.609583333333333,15.211166785969919,19.908732999284158,84.22999999999999,
2002-07-23,,,,,,,,24.0,1.804461942257205,1.3068678915135516,8.33,4.283333333333333,7.6055833929849594,9.39513242662848,84.1775,
2002-07-24,,,,,,,,24.0,1.345144356955371,1.0279965004374378,5.88,4.172916666666667,9.39513242662848,11.632068718682879,84.92,
2002-07-25,,,,,,,,24.0,1.31233595800524,1.1619641294838063,7.14,3.737916666666667,11.408375089477438,13.421617752326398,85.175,
2002-07-26,,,,,,,,24.0,1.9356955380577288,1.2672244094488099,6.67,3.785833333333333,13.869005010737279,16.55332856120256,85.1525,
2002-07-27,,,,,,,,24.0,1.706036745406812,1.499617235345571,5.0,3.764166666666666,13.19792412312096,17.8954903364352,85.64,
2002-07-28,,,,,,,,24.0,2.066929133858253,1.882381889763766,5.56,3.932916666666666,12.75053686471008,15.43486041517536,85.88,
2002-07-29,,,,,,,,24.0,2.132545931758515,1.9302274715660406,7.14,4.2820833333333335,14.092698639942718,16.55332856120256,85.95500000000001,
2002-07-30,,,,,,,,24.0,2.460629921259825,1.8864829396325327,7.14,4.71375,21.02720114531136,32.65926986399424,86.06750000000001,
2002-07-31,,,,,,,,24.0,2.132545931758515,1.3223211229031056,6.67,4.285652173913045,9.171438797423038,221.45669291338558,86.05478260869566,
2002-08-01,,,,,,,,24.0,1.7716535433070741,1.3055008748906292,6.25,3.3995833333333336,13.645311381531839,25.27738010021472,85.16,
2002-08-02,,,,,,,,24.0,1.8700787401574668,1.5419947506561569,4.55,3.4770833333333333,15.211166785969919,17.8954903364352,84.97999999999999,
2002-08-03,,,,,,,,24.0,4.396325459317554,2.3690398075240426,5.26,3.682916666666667,18.56657122405152,21.92197566213312,84.56,
2002-08-04,,,,,,,,24.0,3.8385826771653266,2.935638479972591,6.25,4.038695652173913,20.356120257695036,221.45669291338558,84.18434782608695,
2002-08-05,,,,,,,,24.0,3.8713910761154575,2.963692038495167,5.88,4.259166666666666,17.22440944881888,20.579813886900478,84.2525,
2002-08-06,,,,,,,,24.0,2.2637795275590387,1.8017279090113607,5.88,4.304166666666666,12.303149606299199,14.763779527559038,84.36500000000001,
2002-08-07,,,,,,,,24.0,2.034120734908122,1.5462741070409567,5.26,3.491739130434782,12.75053686471008,14.987473156764478,84.545,
2002-08-08,,,,,,,,24.0,7.185039370078688,4.522090988626389,7.14,4.555833333333333,23.04044380816032,27.51431639226912,84.425,
2002-08-09,,,,,,,,24.0,6.955380577427772,5.006014873140822,7.14,4.635416666666667,24.15891195418752,28.409090909090875,83.8325,
2002-08-10,,,,,,,,24.0,5.610236220472401,4.83103674540679,7.14,4.762083333333333,23.935218324982078,27.961703650679997,83.2475,
2002-08-11,,,,,,,,24.0,5.479002624671876,4.4045275590550865,6.67,4.7058333333333335,20.356120257695036,24.15891195418752,83.2175,
2002-08-12,,,,,,,,24.0,3.018372703412052,2.3567366579177436,5.88,4.10875,16.777022190407997,19.0139584824624,83.5175,
2002-08-13,,,,,,,,24.0,1.7716535433070741,1.2767935258092646,4.76,3.9475000000000002,6.710808876163199,8.27666428060128,84.99499999999999,
2002-08-14,,,,,,,,24.0,1.9028871391075979,1.3096019247593957,5.56,4.029583333333334,10.96098783106656,13.869005010737279,84.95,
2002-08-15,,,,,,,,24.0,2.5918635170603492,1.9712379702537042,5.26,3.7587499999999996,16.777022190407997,18.56657122405152,84.33500000000001,
2002-08-16,,,,,,,,24.0,3.444881889763755,3.083989501312314,6.67,4.32375,16.777022190407997,19.908732999284158,84.39500000000001,
2002-08-17,,,,,,,,24.0,3.1167979002624446,2.7832458442694463,6.67,4.600416666666667,13.421617752326398,17.448103078024317,84.665,
2002-08-18,,,,,,,,24.0,2.329396325459301,1.8194991251093482,9.09,4.60125,13.19792412312096,14.987473156764478,85.38499999999999,
2002-08-19,,,,,,,,24.0,1.673228346456681,1.2658573928258876,10.0,4.7595833333333335,8.500357909806718,10.066213314244798,85.75999999999999,
2002-08-20,,,,,,,,24.0,1.8700787401574668,1.3533464566929039,11.11,4.090416666666666,13.645311381531839,16.55332856120256,85.16,
2002-08-21,,,,,,,,24.0,1.279527559055109,1.0115923009623726,9.09,4.486666666666666,11.408375089477438,13.19792412312096,85.11500000000001,
2002-08-22,,,,,,,,24.0,1.9685039370078599,1.5761701662292102,5.56,3.8083333333333336,11.632068718682879,13.869005010737279,85.01750000000001,
2002-08-23,,,,,,,,24.0,1.7716535433070741,1.3642825896762807,7.69,4.45625,8.724051539012159,12.07945597709376,85.26500000000001,
2002-08-24,,,,,,,,24.0,1.476377952755895,1.1346237970253639,9.09,5.230833333333334,10.066213314244798,14.092698639942718,85.5575,
2002-08-25,,,,,,,,24.0,1.476377952755895,1.0785761154855567,8.33,4.420416666666667,13.421617752326398,15.43486041517536,86.06750000000001,
2002-08-26,,,,,,,,24.0,3.248031496062969,2.2268700787401414,5.0,3.730833333333333,24.38260558339296,36.01467430207584,85.46000000000001,
2002-08-27,,,,,,,,24.0,2.2309711286089082,1.574803149606288,5.26,3.786666666666667,12.974230493915519,16.777022190407997,85.3625,
2002-08-28,,,,,,,,24.0,1.574803149606288,1.3383092738407603,5.0,3.9124999999999996,10.737294201861118,13.645311381531839,85.4075,
2002-08-29,,,,,,,,24.0,1.509186351706026,1.1086504811898432,7.69,3.7983333333333333,10.289906943450239,12.526843235504638,85.4075,
2002-08-30,,,,,,,,24.0,2.5918635170603492,1.5205979687321585,4.55,3.6434782608695655,19.68503937007872,221.45669291338558,85.41304347826087,
2002-08-31,,,,,,,,24.0,4.92125984251965,3.8604549431320803,6.25,4.418333333333333,23.04044380816032,29.080171796707198,84.70250000000001,
2002-09-01,,,,,,,,24.0,5.380577427821484,4.285597112860862,6.25,4.459583333333334,20.80350751610592,27.06692913385824,84.47,
2002-09-02,,,,,,,,24.0,3.346456692913362,2.702591863517041,5.56,3.999166666666667,15.211166785969919,19.0139584824624,84.23,
2002-09-03,,,,,,,,24.0,2.526246719160087,1.9808070866141587,4.76,3.655,14.987473156764478,18.119183965640637,84.04249999999999,
2002-09-04,,,,,,,,24.0,2.62467191601048,1.915190288713897,4.55,3.6991666666666667,14.763779527559038,17.67179670722976,84.095,
2002-09-05,,,,,,,,24.0,1.64041994750655,1.1893044619422486,5.0,3.5016666666666665,12.526843235504638,15.211166785969919,84.47,
2002-09-06,,,,,,,,24.0,5.708661417322793,4.21451224846891,6.67,4.423333333333333,24.15891195418752,28.409090909090875,84.125,
2002-09-07,,,,,,,,24.0,7.250656167978951,5.800251531058576,6.67,4.8950000000000005,25.50107372942016,35.567287043664955,84.0275,
2002-09-08,,,,,,,,24.0,7.053805774278165,5.2930883639544675,7.14,4.830416666666667,24.38260558339296,28.409090909090875,84.02,
2002-09-09,,,,,,,,24.0,4.9540682414697805,3.809875328083962,6.25,4.405,20.579813886900478,23.935218324982078,83.69749999999999,
2002-09-10,,,,,,,,24.0,2.329396325459301,1.4394685039369977,5.88,3.8945833333333333,10.96098783106656,13.421617752326398,83.915,
2002-09-11,,,,,,,,24.0,3.60892388451441,2.277449693788261,7.69,4.382083333333333,17.22440944881888,20.132426628489597,83.9375,
2002-09-12,,,,,,,,24.0,8.136482939632488,6.308781714785607,8.33,5.501666666666668,29.527559055118076,34.44881889763776,83.585,
2002-09-13,,,,,,,,24.0,11.81102362204716,9.629265091863449,8.33,6.101666666666667,31.98818897637792,38.922691481746554,83.29249999999999,
2002-09-14,,,,,,,,24.0,10.761154855642967,9.260170603674474,9.09,5.8475,31.540801717967035,38.47530422333568,83.0975,
2002-09-15,,,,,,,,24.0,6.26640419947502,4.042268153980724,7.14,4.79375,18.342877594846076,21.474588403722237,83.12,
2002-09-16,,,,,,,,24.0,2.2309711286089082,1.7976268591425946,6.67,4.570416666666667,4.69756621331424,6.487115246957759,84.71,
2002-09-17,,,,,,,,24.0,1.213910761154847,0.9500171174255326,7.69,4.969565217391305,7.381889763779519,9.171438797423038,84.24499999999999,
2002-09-18,,,,,,,,24.0,0.9514435695537989,0.7645783407508788,9.09,4.956956521739131,7.6055833929849594,10.066213314244798,84.05,
2002-09-19,,,,,,,,24.0,2.2309711286089082,1.282510140777848,7.14,3.541818181818181,13.19792412312096,15.43486041517536,84.1775,
2002-09-20,,,,,,,,24.0,4.199475065616768,3.0074365704286747,7.14,4.229166666666667,15.211166785969919,17.67179670722976,84.2225,
2002-09-21,,,,,,,,24.0,6.332020997375283,4.930828958880105,8.33,5.210833333333333,18.79026485325696,22.14566929133856,84.05749999999999,
2002-09-22,,,,,,,,24.0,8.005249343831963,6.609525371828474,11.11,5.791666666666667,19.908732999284158,24.606299212598397,83.3225,
2002-09-23,,,,,,,,24.0,8.727034120734846,7.25612423447064,10.0,5.439166666666666,30.422333571939838,36.238367931281275,83.11999999999999,
2002-09-24,,,,,,,,24.0,10.17060367454061,7.213746719160054,10.0,5.432916666666666,30.1986399427344,36.909448818897594,82.955,
2002-09-25,,,,,,,,24.0,21.75196850393685,15.427079767202903,12.5,7.1786956521739125,39.817465998568316,221.45669291338558,82.79913043478263,
2002-09-26,,,,,,,,24.0,24.212598425196678,17.128718285214223,12.5,7.637083333333334,42.05440229062272,52.12061560486752,82.63250000000001,
2002-09-27,,,,,,,,24.0,9.87532808398943,6.653269903761982,9.09,5.826249999999999,19.461345740873277,23.487831066571196,82.475,
2002-09-28,,,,,,,,24.0,3.8713910761154575,2.6192038495187915,7.14,4.249583333333334,15.882247673586237,19.23765211166784,82.33250000000001,
2002-09-29,,,,,,,,24.0,1.345144356955371,1.0334645669291265,6.25,4.260416666666667,9.61882605583392,11.184681460272,82.94749999999999,
2002-09-30,,,,,,,,24.0,3.379265091863493,2.0929024496937734,5.26,3.658333333333333,19.461345740873277,26.172154617036476,82.73,
2002-10-01,,,,,,,,24.0,6.3976377952755445,5.038823272090953,7.69,4.734166666666667,22.593056549749438,27.06692913385824,82.6175,
2002-10-02,,,,,,,,24.0,10.20341207349074,8.67782152230965,11.11,5.84590909090909,26.172154617036476,221.45669291338558,82.58000000000001,
2002-10-03,,,,,,,,24.0,9.744094488188907,7.942366579177545,10.0,5.962916666666666,23.935218324982078,28.185397279885436,82.42999999999999,
2002-10-04,,,,,,,,24.0,6.528871391076069,4.313591235878093,10.0,5.208260869565217,17.67179670722976,221.45669291338558,82.44695652173914,
2002-10-05,,,,,,,,24.0,2.919947506561659,1.7088896496633452,6.67,4.530869565217392,9.171438797423038,221.45669291338558,82.78347826086957,
2002-10-06,,,,,,,,24.0,1.148293963254585,0.8977570985444938,6.25,4.175909090909091,6.263421617752319,221.45669291338558,83.54545454545453,
2002-10-07,,,,,,,,24.0,0.9842519685039299,0.7532261592300908,5.88,3.7445833333333334,9.84251968503936,11.184681460272,83.0375,
2002-10-08,,,,,,,,24.0,0.820209973753275,0.7018144471071499,7.14,3.679130434782609,6.710808876163199,8.724051539012159,83.555,
2002-10-09,,,,,,,,24.0,2.8543307086613967,1.5871062992125868,6.67,3.7449999999999997,16.55332856120256,19.68503937007872,82.91,
2002-10-10,,,,,,,,24.0,3.8385826771653266,3.166010498687641,5.56,4.221666666666667,17.000715819613436,20.132426628489597,82.75999999999999,
2002-10-11,,,,,,,,24.0,1.706036745406812,1.1525733196393846,6.25,3.9126086956521737,7.15819613457408,10.51360057265568,82.97,
2002-10-12,,,,,,,,24.0,0.820209973753275,0.6493328958880094,6.25,4.062916666666666,6.263421617752319,8.052970651395839,83.18,
2002-10-13,,,,,,,,24.0,2.690288713910742,0.7993319016941006,5.0,2.4,18.56657122405152,21.92197566213312,82.80499999999999,
2002-10-14,,,,,,,,24.0,4.494750656167947,3.101760717410301,5.56,4.104583333333333,21.698282032927676,28.185397279885436,82.28,
2002-10-15,,,,,,,,24.0,4.658792650918602,3.3109142607173863,6.25,4.372083333333333,19.461345740873277,24.38260558339296,81.8,
2002-10-16,,,,,,,,24.0,7.283464566929083,4.8966535433070515,6.67,4.62875,23.71152469577664,29.751252684323518,81.6725,
2002-10-17,,,,,,,,24.0,3.182414698162707,2.607554490471281,5.26,3.933043478260868,15.211166785969919,20.132426628489597,81.35749999999999,
2002-10-18,,,,,,,,24.0,4.330708661417292,2.965254343207078,5.88,3.9509523809523817,17.67179670722976,221.45669291338558,81.31999999999998,
2002-10-19,,,,,,,,24.0,3.904199475065589,3.2945100612423213,5.88,4.31375,16.55332856120256,19.68503937007872,81.35,
2002-10-20,,,,,,,,24.0,2.95275590551179,2.5617891513560624,5.88,4.170416666666667,14.763779527559038,18.342877594846076,81.32,
2002-10-21,,,,,,,,24.0,2.95275590551179,2.1721894138232565,5.56,4.260416666666667,10.51360057265568,15.882247673586237,81.515,
2002-10-22,,,,,,,,24.0,1.443569553805764,1.2398840769903674,6.25,3.8395833333333336,11.85576234788832,14.31639226914816,82.205,
2002-10-23,,,,,,,,24.0,3.510498687664017,1.9397965879264956,6.25,3.89625,17.448103078024317,20.80350751610592,81.1325,
2002-10-24,,,,,,,,24.0,2.985564304461921,2.0395888013998107,5.88,4.082083333333333,13.421617752326398,15.658554044380798,81.5375,
2002-10-25,,,,,,,,24.0,2.8543307086613967,1.747047244094476,5.26,4.010416666666667,11.632068718682879,14.092698639942718,82.0475,
2002-10-26,,,,,,,,24.0,1.6076115485564189,1.2029746281714702,4.17,3.6033333333333335,12.75053686471008,15.43486041517536,81.1625,
2002-10-27,,,,,,,,25.0,1.9028871391075979,1.6771653543306966,4.76,3.6152,12.526843235504638,14.540085898353599,81.2408,
2002-10-28,,,,,,,,24.0,2.788713910761135,2.3075240594925472,5.56,3.8691666666666666,14.987473156764478,17.67179670722976,80.975,
2002-10-29,,,,,,,,24.0,5.938320209973711,3.8508858267716257,5.56,4.212916666666667,25.948460987831037,30.86972083035072,81.28999999999999,
2002-10-30,,,,,,,,24.0,3.6417322834645414,2.95275590551179,6.25,4.263333333333334,16.777022190407997,19.23765211166784,80.645,
2002-10-31,,,,,,,,24.0,6.3976377952755445,4.121555118110206,6.25,4.329166666666667,21.02720114531136,25.7247673586256,80.0975,
2002-11-01,,,,,,,,24.0,4.560367454068208,3.760662729658766,5.88,4.2875000000000005,20.579813886900478,25.7247673586256,80.1125,
2002-11-02,,,,,,,,24.0,5.610236220472401,3.973917322834617,5.88,4.426666666666667,22.593056549749438,28.185397279885436,79.5875,
2002-11-03,,,,,,,,24.0,2.7559055118110036,2.293853893263326,4.55,3.6962499999999996,15.211166785969919,19.68503937007872,79.2275,
2002-11-04,,,,,,,,24.0,2.985564304461921,2.564523184601906,4.76,3.929166666666667,15.43486041517536,19.0139584824624,79.23500000000001,
2002-11-05,,,,,,,,24.0,7.6115485564303915,5.034722222222186,6.67,4.5529166666666665,26.39584824624192,33.33035075161056,79.55000000000001,
2002-11-06,,,,,,,,24.0,11.646981627296505,8.50421041119854,8.33,5.533333333333332,31.764495347172474,38.69899785254112,79.175,
2002-11-07,,,,,,,,24.0,6.036745406824104,3.876859142607146,5.88,4.42875,21.698282032927676,27.738010021474558,78.4775,
2002-11-08,,,,,,,,24.0,2.2309711286089082,1.9438976377952617,5.0,3.700416666666667,14.540085898353599,18.119183965640637,78.4775,
2002-11-09,,,,,,,,24.0,6.88976377952751,3.6868438320209713,6.67,4.234999999999999,24.15891195418752,28.85647816750176,78.485,
2002-11-10,,,,,,,,24.0,6.364829396325414,4.8775153105861415,7.14,4.790416666666666,20.356120257695036,24.15891195418752,78.7925,
2002-11-11,,,,,,,,24.0,6.102362204724366,5.129046369203812,7.69,5.010000000000001,20.579813886900478,24.606299212598397,78.88250000000001,
2002-11-12,,,,,,,,24.0,8.070866141732226,5.495406824146943,8.33,4.815833333333333,28.409090909090875,36.238367931281275,77.96000000000001,
2002-11-13,,,,,,,,24.0,8.300524934383143,6.843285214348158,7.69,5.133333333333334,26.619541875447357,31.764495347172474,76.7,
2002-11-14,,,,,,,,24.0,5.216535433070829,3.114063867016601,5.88,4.263333333333333,18.119183965640637,23.04044380816032,76.07000000000001,
2002-11-15,,,,,,,,24.0,3.5433070866141483,2.513943569553788,6.25,4.0183333333333335,23.264137437365758,26.619541875447357,75.92750000000001,
2002-11-16,,,,,,,,24.0,10.892388451443491,6.157042869641251,7.69,4.957083333333333,34.6725125268432,42.501789549033596,75.8825,
2002-11-17,,,,,,,,24.0,13.418635170603578,10.49868766404192,8.33,5.982173913043479,34.896206156048635,43.62025769506079,74.6825,
2002-11-18,,,,,,,,24.0,5.708661417322793,2.4991441287230223,6.67,4.217826086956522,12.526843235504638,18.79026485325696,74.405,
2002-11-19,,,,,,,,24.0,2.460629921259825,1.3820538057742682,5.88,3.8062500000000004,17.22440944881888,20.80350751610592,74.765,
2002-11-20,,,,,,,,24.0,3.346456692913362,2.662948381452299,8.33,4.333749999999999,18.119183965640637,23.71152469577664,74.7125,
2002-11-21,,,,,,,,24.0,2.690288713910742,2.460629921259825,9.09,4.386666666666667,16.105941302791678,20.80350751610592,74.39750000000001,
2002-11-22,,,,,,,,24.0,6.003937007873973,4.80506342957127,6.67,4.57125,24.606299212598397,29.303865425912637,74.1875,
2002-11-23,,,,,,,,24.0,4.92125984251965,3.440780839894989,5.88,4.309583333333333,20.579813886900478,25.50107372942016,73.19749999999999,
2002-11-24,,,,,,,,24.0,1.3779527559055018,0.8045190003423429,6.25,3.804347826086957,6.03972798854688,10.066213314244798,73.4675,
2002-11-25,,,,,,,,24.0,1.017060367454061,0.7026465441819724,7.14,3.4274999999999998,8.724051539012159,11.184681460272,73.595,
2002-11-26,,,,,,,,24.0,1.443569553805764,1.027996500437438,6.25,3.345,12.526843235504638,17.000715819613436,73.37,
2002-11-27,,,,,,,,24.0,2.95275590551179,1.8112970253718157,4.55,3.4341666666666666,15.211166785969919,18.79026485325696,73.28,
2002-11-28,,,,,,,,24.0,4.757217847768994,3.444881889763755,5.26,4.03,22.14566929133856,27.06692913385824,72.92,
2002-11-29,,,,,,,,24.0,4.625984251968471,2.8115371448134003,5.26,4.087826086956523,17.22440944881888,22.816750178954877,72.3725,
2002-11-30,,,,,,,,24.0,5.610236220472401,3.675907699037594,6.25,4.1745833333333335,21.698282032927676,26.39584824624192,72.6125,
2002-12-01,,,,,,,,24.0,7.906824146981571,5.168689851268555,6.67,4.602083333333333,25.50107372942016,30.646027201145277,72.2,
2002-12-02,,,,,,,,24.0,2.460629921259825,1.409394138232711,4.35,3.68375,11.85576234788832,17.67179670722976,72.41749999999999,
2002-12-03,,,,,,,,24.0,2.2309711286089082,1.1018153980752325,6.67,3.6458333333333335,17.22440944881888,21.250894774516798,72.785,
2002-12-04,,,,,,,,24.0,5.4461942257217455,4.677930883639512,7.14,4.722916666666667,22.369362920544,27.961703650679997,71.72749999999999,
2002-12-05,,,,,,,,24.0,5.085301837270305,3.912401574803122,6.67,4.502083333333332,23.935218324982078,29.080171796707198,72.5225,
2002-12-06,,,,,,,,24.0,6.036745406824104,4.9472331583551705,6.25,4.510833333333333,22.816750178954877,29.751252684323518,72.485,
2002-12-07,,,,,,,,24.0,3.9370078740157197,3.0320428696412733,5.26,4.09375,17.67179670722976,22.14566929133856,72.25999999999999,
2002-12-08,,,,,,,,24.0,6.332020997375283,3.790737095363052,6.25,4.26875,24.829992841803836,30.1986399427344,72.47749999999999,
2002-12-09,,,,,,,,24.0,12.762467191600958,8.675087489063804,9.09,5.610416666666666,29.751252684323518,36.909448818897594,72.14,
2002-12-10,,,,,,,,24.0,11.286089238845063,7.092082239719984,9.09,5.295833333333334,25.27738010021472,30.86972083035072,71.975,
2002-12-11,,,,,,,,24.0,6.758530183726986,4.161198600174949,7.69,4.663333333333333,20.356120257695036,28.185397279885436,71.465,
2002-12-12,,,,,,,,24.0,9.055118110236155,4.137959317585273,7.69,4.337083333333333,40.264853256979194,52.12061560486752,71.54,
2002-12-13,,,,,,,,24.0,16.535433070866024,11.131616360454863,10.0,6.100833333333333,34.44881889763776,45.186113099498876,71.41999999999999,
2002-12-14,,,,,,,,24.0,16.43700787401563,9.689413823272021,10.0,6.228750000000001,28.63278453829632,35.7909806728704,70.655,
2002-12-15,,,,,,,,24.0,4.59317585301834,2.7285651793525614,8.33,4.39125,15.882247673586237,21.474588403722237,70.7375,
2002-12-16,,,,,,,,24.0,1.31233595800524,1.007491251093606,9.09,3.7016666666666667,8.724051539012159,14.092698639942718,69.89,
2002-12-17,,,,,,,,24.0,3.904199475065589,2.0833333333333184,9.09,3.8208333333333333,18.79026485325696,21.92197566213312,69.7775,
2002-12-18,,,,,,,,24.0,4.035433070866113,3.3314195100612185,5.26,4.017083333333333,19.68503937007872,23.04044380816032,69.71,
2002-12-19,,,,,,,,24.0,8.234908136482881,6.400371828521388,7.69,5.0775,26.172154617036476,35.567287043664955,70.49,
2002-12-20,,,,,,,,24.0,9.055118110236155,7.73868110236215,7.69,5.4875,27.738010021474558,34.22512526843232,69.9725,
2002-12-21,,,,,,,,24.0,5.610236220472401,3.670439632545906,9.09,5.25,17.448103078024317,23.264137437365758,70.2875,
2002-12-22,,,,,,,,24.0,3.510498687664017,2.7969160104986677,4.76,4.004166666666667,19.908732999284158,21.92197566213312,70.58,
2002-12-23,,,,,,,,24.0,7.414698162729605,4.003991688538904,6.67,4.31625,27.290622763063677,32.882963493199675,70.52,
2002-12-24,,,,,,,,24.0,9.48162729658786,8.103674540682357,9.09,5.645833333333333,31.540801717967035,38.0279169649248,70.5575,
2002-12-25,,,,,,,,24.0,16.108923884514322,10.084481627296517,9.09,6.007083333333334,35.11989978525408,44.515032211882556,70.1225,
2002-12-26,,,,,,,,24.0,5.052493438320174,3.593886701662267,5.88,4.3625,17.448103078024317,22.816750178954877,69.1175,
2002-12-27,,,,,,,,24.0,1.706036745406812,1.2453521434820558,9.09,3.5379166666666673,14.31639226914816,20.80350751610592,69.17750000000001,
2002-12-28,,,,,,,,24.0,2.887139107611528,1.8741797900262334,14.29,3.6341666666666668,16.32963493199712,21.02720114531136,69.4775,
2002-12-29,,,,,,,,24.0,1.082677165354323,0.7928696412948325,9.09,4.425833333333333,11.184681460272,14.092698639942718,70.19,
2002-12-30,,,,,,,,24.0,7.545931758530129,3.9178696412948097,8.33,4.289583333333334,25.27738010021472,30.1986399427344,69.995,
2002-12-31,,,,,,,,24.0,10.793963254593098,9.109323291110284,9.09,5.9965217391304355,29.527559055118076,221.45669291338558,69.28347826086956,
2003-01-01,,,,,,,,24.0,14.304461942257117,11.343503937007792,10.0,6.764583333333334,29.303865425912637,35.7909806728704,68.6,
2003-01-02,,,,,,,,24.0,8.759842519684977,5.395614610673627,8.33,5.16,27.51431639226912,33.33035075161056,68.8625,
2003-01-03,,,,,,,,24.0,11.122047244094409,8.042337099166895,8.33,5.648695652173914,25.053686471009275,221.45669291338558,68.54782608695653,
2003-01-04,,,,,,,,24.0,4.855643044619388,3.459919072615899,6.25,4.46,18.79026485325696,25.27738010021472,68.045,
2003-01-05,,,,,,,,24.0,1.6076115485564189,1.4216972878390097,6.67,3.752916666666667,10.96098783106656,14.31639226914816,68.1575,
2003-01-06,,,,,,,,24.0,7.250656167978951,3.5214348206473938,6.25,4.042083333333333,26.172154617036476,31.540801717967035,68.16499999999999,
2003-01-07,,,,,,,,24.0,8.464566929133799,4.668361767279057,7.14,4.5183333333333335,27.961703650679997,34.6725125268432,67.5425,
2003-01-08,,,,,,,,24.0,4.7244094488188635,3.5145997375327833,6.25,4.154166666666666,18.119183965640637,22.369362920544,67.295,
2003-01-09,,,,,,,,24.0,5.479002624671876,4.597276902887106,6.67,4.5875,21.698282032927676,25.27738010021472,67.5275,
2003-01-10,,,,,,,,24.0,5.938320209973711,5.250710848643882,6.67,4.827083333333333,21.698282032927676,25.7247673586256,67.03999999999999,
2003-01-11,,,,,,,,24.0,6.003937007873973,4.548955837042076,6.67,4.570869565217391,20.80350751610592,221.45669291338558,66.38000000000002,
2003-01-12,,,,,,,,24.0,5.1837270341206985,4.032699037620269,5.88,4.263750000000001,23.04044380816032,28.85647816750176,66.515,
2003-01-13,,,,,,,,24.0,2.8543307086613967,2.203630796150465,5.26,3.6929166666666666,16.32963493199712,19.908732999284158,66.0875,
2003-01-14,,,,,,,,24.0,3.7729658792650644,2.750437445319315,5.0,3.82375,18.56657122405152,22.593056549749438,65.5625,
2003-01-15,,,,,,,,24.0,4.822834645669257,3.457185039370054,6.25,4.2275,21.698282032927676,26.619541875447357,65.84,
2003-01-16,,,,,,,,24.0,6.791338582677116,2.5945975503061924,5.56,3.75125,29.303865425912637,34.00143163922687,65.9525,
2003-01-17,,,,,,,,24.0,12.073490813648208,8.899278215223033,8.33,5.747083333333333,31.093414459556158,38.47530422333568,65.9825,
2003-01-18,,,,,,,,24.0,5.774278215223056,4.254155730533653,9.09,4.7775,19.461345740873277,25.948460987831037,66.0125,
2003-01-19,,,,,,,,24.0,6.1679790026246275,4.738079615048085,6.67,4.76625,25.053686471009275,32.211882605583355,66.095,
2003-01-20,,,,,,,,24.0,3.2152230971128377,2.535815835520542,5.56,3.95375,17.22440944881888,21.02720114531136,66.2525,
2003-01-21,,,,,,,,24.0,5.052493438320174,3.9356408573927975,6.67,4.50375,18.79026485325696,22.593056549749438,65.53999999999999,
2003-01-22,,,,,,,,24.0,4.035433070866113,3.513232720909861,6.67,4.557916666666666,14.987473156764478,17.67179670722976,65.4575,
2003-01-23,,,,,,,,24.0,13.549868766404103,9.25060148731402,9.09,5.597083333333333,34.44881889763776,43.84395132426624,64.9325,
2003-01-24,,,,,,,,24.0,10.236220472440872,5.859033245844228,7.69,4.952916666666666,27.51431639226912,35.34359341445952,64.25,
2003-01-25,,,,,,,,24.0,2.099737532808384,1.6513560804899268,5.0,3.767916666666667,10.066213314244798,14.763779527559038,64.54249999999999,
2003-01-26,,,,,,,,24.0,2.0013123359579907,1.6618167294305484,5.26,3.7800000000000007,12.75053686471008,20.132426628489597,64.91749999999999,
2003-01-27,,,,,,,,24.0,4.232283464566899,2.9773622047243875,5.26,3.9545833333333333,19.23765211166784,23.04044380816032,64.9325,
2003-01-28,,,,,,,,24.0,2.887139107611528,2.271981627296572,5.56,3.7937499999999997,16.55332856120256,19.68503937007872,65.03,
2003-01-29,,,,,,,,24.0,4.26509186351703,3.3464566929133612,6.67,4.333333333333333,18.56657122405152,21.92197566213312,65.255,
2003-01-30,,,,,,,,24.0,2.919947506561659,2.4879702537182675,8.33,4.685833333333333,15.658554044380798,18.119183965640637,66.29,
2003-01-31,,,,,,,,24.0,2.395013123359563,1.8359033245844139,9.09,4.462916666666666,18.342877594846076,22.369362920544,65.705,
2003-02-01,,,,,,,,24.0,6.299212598425152,4.003991688538904,6.25,4.290416666666666,23.71152469577664,29.751252684323518,65.61500000000001,
2003-02-02,,,,,,,,24.0,2.0013123359579907,1.1441929133858189,7.69,3.8479166666666664,10.96098783106656,13.19792412312096,65.9,
2003-02-03,,,,,,,,24.0,2.5918635170603492,2.047790901137343,4.55,3.6341666666666668,19.23765211166784,24.606299212598397,66.3125,
2003-02-04,,,,,,,,24.0,5.839895013123318,4.209044181977223,6.67,4.359166666666666,26.172154617036476,29.974946313528957,66.39500000000001,
2003-02-05,,,,,,,,24.0,5.216535433070829,4.196741032370923,5.88,4.319583333333333,22.14566929133856,26.39584824624192,68.21000000000001,
2003-02-06,,,,,,,,24.0,6.003937007873973,5.027887139107576,6.25,4.554166666666666,25.948460987831037,30.86972083035072,70.66999999999999,
2003-02-07,,,,,,,,24.0,6.1679790026246275,5.3628062117234965,6.67,4.68875,25.948460987831037,29.974946313528957,69.05,
2003-02-08,,,,,,,,24.0,5.511811023622007,4.573205523222607,5.88,4.503913043478261,22.593056549749438,26.843235504652796,68.64500000000001,
2003-02-09,,,,,,,,24.0,5.872703412073449,4.3976924759404765,6.25,4.4825,21.698282032927676,26.172154617036476,69.4475,
2003-02-10,,,,,,,,24.0,6.332020997375283,4.95953630796147,6.67,4.68625,29.080171796707198,33.77773801002144,70.1375,
2003-02-11,,,,,,,,24.0,3.412073490813624,2.4879702537182675,5.56,4.138333333333333,15.43486041517536,20.132426628489597,68.765,
2003-02-12,,,,,,,,24.0,1.443569553805764,1.0553368328958805,8.33,4.12375,9.171438797423038,11.632068718682879,68.85499999999999,
2003-02-13,,,,,,,,24.0,4.7244094488188635,2.6451771653543115,9.09,3.8629166666666666,21.250894774516798,24.606299212598397,68.16499999999999,
2003-02-14,,,,,,,,24.0,5.774278215223056,4.058672353455789,6.67,4.178333333333334,22.14566929133856,25.948460987831037,67.8725,
2003-02-15,,,,,,,,24.0,6.036745406824104,5.1645888013997885,8.33,5.10125,20.579813886900478,24.15891195418752,71.3375,
2003-02-16,,,,,,,,24.0,6.92257217847764,6.111931321084819,8.33,5.395,22.816750178954877,28.409090909090875,71.645,
2003-02-17,,,,,,,,24.0,9.383202099737465,7.119422572178427,7.69,5.470416666666668,28.85647816750176,35.7909806728704,68.74249999999999,
2003-02-18,,,,,,,,24.0,4.790026246719126,3.1181649168853673,8.33,5.01625,14.763779527559038,22.14566929133856,68.6825,
2003-02-19,,,,,,,,24.0,1.7716535433070741,1.554297900262456,9.09,4.276666666666666,14.540085898353599,17.8954903364352,67.8575,
2003-02-20,,,,,,,,24.0,1.804461942257205,1.506452318460182,6.25,3.860416666666667,13.645311381531839,15.882247673586237,67.4675,
2003-02-21,,,,,,,,24.0,4.59317585301834,2.9281496062991916,6.67,4.1883333333333335,21.698282032927676,25.7247673586256,68.3525,
2003-02-22,,,,,,,,24.0,16.601049868766285,10.359251968503864,10.0,6.06625,33.554044380815995,41.830708661417276,68.96,
2003-02-23,,,,,,,,24.0,15.41994750656157,9.200021872265902,11.11,6.7562500000000005,31.540801717967035,39.593772369362874,67.2125,
2003-02-24,,,,,,,,24.0,3.6745406824146722,2.595964566929115,9.09,5.20375,13.869005010737279,16.55332856120256,67.25750000000001,
2003-02-25,,,,,,,,24.0,3.7073490813648027,2.802384076990356,5.56,4.219166666666667,22.593056549749438,26.172154617036476,67.14500000000001,
2003-02-26,,,,,,,,24.0,4.330708661417292,2.233705161854752,6.67,3.8341666666666665,22.369362920544,26.619541875447357,67.475,
2003-02-27,,,,,,,,24.0,5.479002624671876,4.4619422572178165,6.67,4.785416666666666,21.92197566213312,26.172154617036476,67.75999999999999,
2003-02-28,,,,,,,,24.0,3.7401574803149336,3.1660104986876414,6.67,4.3999999999999995,18.56657122405152,23.264137437365758,67.4675,
2003-03-01,,,,,,,,24.0,4.068241469816244,3.6157589676290205,6.67,4.445416666666667,19.908732999284158,23.04044380816032,67.8425,
2003-03-02,,,,,,,,24.0,4.625984251968471,3.4038713910760916,7.14,4.556666666666667,20.132426628489597,22.816750178954877,68.5175,
2003-03-03,,,,,,,,24.0,6.6601049868765925,4.101049868766375,6.67,4.21125,26.843235504652796,30.422333571939838,67.5425,
2003-03-04,,,,,,,,24.0,8.595800524934322,6.610892388451397,7.69,5.4816666666666665,27.961703650679997,33.10665712240512,67.8425,
2003-03-05,,,,,,,,24.0,4.822834645669257,3.7469925634295445,7.69,5.308333333333333,13.421617752326398,15.882247673586237,68.81,
2003-03-06,,,,,,,,24.0,4.7244094488188635,4.230916447943976,7.69,5.322500000000001,17.448103078024317,21.250894774516798,70.115,
2003-03-07,,,,,,,,24.0,6.5616797900262,5.007381889763744,8.33,5.181666666666667,25.053686471009275,29.751252684323518,70.0925,
2003-03-08,,,,,,,,24.0,5.839895013123318,4.520723972003467,6.25,4.76625,21.698282032927676,25.50107372942016,69.155,
2003-03-09,,,,,,,,24.0,3.412073490813624,2.7709426946631477,5.88,4.197916666666667,17.67179670722976,21.02720114531136,70.235,
2003-03-10,,,,,,,,24.0,2.427821522309694,1.6827974628171356,4.0,3.67125,15.211166785969919,17.448103078024317,70.16,
2003-03-11,,,,,,,,24.0,1.64041994750655,1.2303149606299124,9.09,3.518333333333333,14.092698639942718,15.882247673586237,70.8725,
2003-03-12,,,,,,,,24.0,1.509186351706026,1.2344160104986788,4.17,3.568333333333333,14.092698639942718,16.32963493199712,71.645,
2003-03-13,,,,,,,,24.0,1.706036745406812,1.2658573928258876,4.35,3.412083333333333,18.342877594846076,23.71152469577664,71.075,
2003-03-14,,,,,,,,24.0,2.985564304461921,1.8030949256342828,5.56,3.8508333333333336,19.908732999284158,24.15891195418752,68.9225,
2003-03-15,,,,,,,,24.0,2.821522309711266,1.721073928258955,8.33,3.6616666666666666,19.23765211166784,24.15891195418752,68.8325,
2003-03-16,,,,,,,,24.0,4.26509186351703,2.6820866141732087,9.09,3.987083333333333,17.67179670722976,20.80350751610592,68.0525,
2003-03-17,,,,,,,,24.0,4.9540682414697805,4.259623797025341,8.33,4.689166666666666,19.0139584824624,22.816750178954877,69.455,
2003-03-18,,,,,,,,24.0,4.4619422572178165,3.738790463692012,7.69,4.825833333333333,20.356120257695036,25.7247673586256,71.36,
2003-03-19,,,,,,,,24.0,4.26509186351703,3.8180774278214953,7.69,5.160833333333334,16.55332856120256,19.461345740873277,72.74000000000001,
2003-03-20,,,,,,,,24.0,4.396325459317554,3.9206036745406547,8.33,5.01875,18.56657122405152,23.04044380816032,72.67999999999999,
2003-03-21,,,,,,,,24.0,3.6417322834645414,3.211122047244072,8.33,5.007083333333333,16.105941302791678,18.56657122405152,72.5975,
2003-03-22,,,,,,,,24.0,3.051181102362183,2.493438320209956,9.09,4.714583333333334,11.408375089477438,15.211166785969919,72.05,
2003-03-23,,,,,,,,24.0,3.5433070866141483,2.6219378827646356,8.33,3.9599999999999995,19.0139584824624,23.264137437365758,71.85499999999999,
2003-03-24,,,,,,,,24.0,3.2152230971128377,1.881014873140844,4.76,3.53,17.67179670722976,21.474588403722237,71.50999999999999,
2003-03-25,,,,,,,,24.0,1.5419947506561569,0.9371790482711332,7.14,3.369565217391305,13.19792412312096,221.45669291338558,70.97391304347825,
2003-03-26,,,,,,,,24.0,1.738845144356943,1.455872703412063,4.35,3.4762500000000003,15.43486041517536,18.56657122405152,71.0675,
2003-03-27,,,,,,,,24.0,6.299212598425152,4.184437882764624,7.14,4.76875,19.461345740873277,23.487831066571196,71.24000000000001,
2003-03-28,,,,,,,,24.0,4.7244094488188635,3.412073490813624,7.14,4.728333333333333,16.777022190407997,19.68503937007872,70.94749999999999,
2003-03-29,,,,,,,,24.0,2.526246719160087,1.5857392825896646,7.69,4.396249999999999,28.63278453829632,34.22512526843232,70.7375,
2003-03-30,,,,,,,,24.0,12.368766404199386,9.569116360454874,8.33,5.767916666666667,31.764495347172474,38.922691481746554,69.3725,
2003-03-31,,,,,,,,24.0,9.055118110236155,5.566491688538893,8.33,5.162916666666667,27.738010021474558,37.13314244810304,68.87,
2003-04-01,,,,,,,,24.0,1.804461942257205,1.216644794400691,6.67,4.3691666666666675,10.96098783106656,14.31639226914816,69.095,
2003-04-02,,,,,,,,24.0,1.738845144356943,1.3736733995207022,7.14,3.786521739130435,11.408375089477438,14.763779527559038,68.9975,
2003-04-03,,,,,,,,24.0,3.7073490813648027,2.548118985126841,5.88,4.162083333333333,15.43486041517536,18.342877594846076,68.8925,
2003-04-04,,,,,,,,24.0,4.330708661417292,3.7962051618547417,8.33,5.046666666666667,15.211166785969919,17.22440944881888,68.25500000000001,
2003-04-05,,,,,,,,24.0,3.8057742782151958,2.837926509186331,7.69,4.921250000000001,13.869005010737279,16.105941302791678,69.85249999999999,
2003-04-06,,,,,,,,23.0,2.985564304461921,2.25522081478944,6.25,4.2421739130434775,18.56657122405152,21.92197566213312,70.56695652173912,
2003-04-07,,,,,,,,24.0,3.8713910761154575,3.3505577427821285,7.69,4.889166666666667,12.75053686471008,14.31639226914816,70.66999999999999,
2003-04-08,,,,,,,,24.0,8.16929133858262,3.6157589676290205,7.14,4.602916666666666,32.882963493199675,41.159627773800956,70.3775,
2003-04-09,,,,,,,,24.0,9.055118110236155,4.86931321084861,7.14,4.55,30.86972083035072,38.47530422333568,69.30499999999999,
2003-04-10,,,,,,,,24.0,11.286089238845063,10.187721100079807,9.09,6.0486956521739135,29.974946313528957,38.0279169649248,68.69,
2003-04-11,,,,,,,,24.0,8.628608923884453,6.6915463692038015,7.69,5.2375,26.172154617036476,31.317108088761596,68.54,
2003-04-12,,,,,,,,24.0,4.790026246719126,3.3122812773403085,5.88,4.444583333333333,17.448103078024317,21.250894774516798,68.765,
2003-04-13,,,,,,,,24.0,3.182414698162707,2.273348643919494,5.56,4.128333333333334,13.421617752326398,16.55332856120256,68.8925,
2003-04-14,,,,,,,,24.0,1.476377952755895,0.7645783407508789,4.55,2.930869565217392,7.15819613457408,8.27666428060128,69.8075,
2003-04-15,,,,,,,,24.0,1.7716535433070741,0.940507436570422,4.17,2.1774999999999998,14.092698639942718,15.882247673586237,69.425,
2003-04-16,,,,,,,,24.0,1.9028871391075979,1.6691272965879143,4.76,3.8108333333333335,13.645311381531839,15.658554044380798,69.755,
2003-04-17,,,,,,,,24.0,1.738845144356943,1.552930883639534,20.0,4.153333333333334,10.066213314244798,221.45669291338558,70.1978947368421,
2003-04-18,,,,,,,,24.0,2.2309711286089082,1.6255070388928539,5.26,4.191818181818182,5.816034359341439,7.6055833929849594,71.8895652173913,
2003-04-19,,,,,,,,24.0,2.034120734908122,1.4886811023621942,5.0,3.72125,14.987473156764478,18.342877594846076,70.9775,
2003-04-20,,,,,,,,24.0,4.101049868766375,2.899442257217827,5.56,4.127083333333333,14.540085898353599,17.8954903364352,71.2175,
2003-04-21,,,,,,,,24.0,2.657480314960611,2.2227690288713746,7.14,4.554166666666667,10.96098783106656,13.421617752326398,71.675,
2003-04-22,,,,,,,,24.0,3.1167979002624446,2.139381014873125,7.14,4.0879166666666675,17.67179670722976,20.579813886900478,71.5625,
2003-04-23,,,,,,,,24.0,2.493438320209956,1.8523075240594793,6.67,3.776666666666666,14.092698639942718,17.22440944881888,71.3,
2003-04-24,,,,,,,,24.0,5.971128608923842,2.3663057742781985,5.26,3.7741666666666664,28.85647816750176,42.278095919828154,70.97,
2003-04-25,,,,,,,,24.0,6.92257217847764,5.602034120734869,8.33,5.316666666666666,25.27738010021472,30.422333571939838,70.5875,
2003-04-26,,,,,,,,24.0,6.200787401574758,4.826935695538023,8.33,5.390000000000001,16.105941302791678,19.908732999284158,71.3975,
2003-04-27,,,,,,,,24.0,4.166666666666637,3.044346019247573,8.33,4.781666666666666,15.658554044380798,18.56657122405152,71.63000000000001,
2003-04-28,,,,,,,,24.0,2.427821522309694,1.9903762029746137,8.33,4.70625,12.974230493915519,15.43486041517536,71.69,
2003-04-29,,,,,,,,24.0,2.887139107611528,2.0600940507436425,8.33,4.260000000000001,15.211166785969919,17.22440944881888,71.8775,
2003-04-30,,,,,,,,24.0,2.395013123359563,1.6171806649168738,7.14,4.203333333333333,11.408375089477438,13.19792412312096,72.44749999999999,
2003-05-01,,,,,,,,24.0,4.26509186351703,3.0183727034120515,7.14,5.025833333333334,11.632068718682879,13.869005010737279,73.985,
2003-05-02,,,,,,,,24.0,2.559055118110218,2.118875765529294,7.14,5.2195833333333335,12.303149606299199,14.540085898353599,74.33,
2003-05-03,,,,,,,,24.0,2.099737532808384,1.883748906386688,7.69,5.4070833333333335,10.51360057265568,12.07945597709376,74.39,
2003-05-04,,,,,,,,24.0,2.493438320209956,1.9042541557305201,9.09,4.7437499999999995,13.645311381531839,15.882247673586237,75.2225,
2003-05-05,,,,,,,,24.0,4.527559055118077,3.8754921259842248,8.33,4.737916666666666,17.000715819613436,20.579813886900478,76.2875,
2003-05-06,,,,,,,,24.0,5.741469816272925,4.777723097112827,8.33,5.2683333333333335,18.342877594846076,22.369362920544,76.265,
2003-05-07,,,,,,,,24.0,5.610236220472401,5.200131233595763,7.69,5.504583333333333,16.32963493199712,19.908732999284158,76.75999999999999,
2003-05-08,,,,,,,,24.0,5.150918635170567,3.9862204724409165,7.69,5.292083333333333,11.632068718682879,13.869005010737279,77.555,
2003-05-09,,,,,,,,24.0,3.7073490813648027,3.4271106736657675,7.69,4.8637500000000005,15.882247673586237,18.342877594846076,78.2075,
2003-05-10,,,,,,,,24.0,3.6745406824146722,3.3109142607173863,7.14,4.627916666666667,16.777022190407997,19.0139584824624,78.695,
2003-05-11,,,,,,,,24.0,3.6745406824146722,3.3546587926508944,7.14,4.7058333333333335,17.000715819613436,20.579813886900478,78.9725,
2003-05-12,,,,,,,,24.0,3.379265091863493,2.79828302712159,6.67,4.474583333333333,14.540085898353599,17.22440944881888,79.28750000000001,
2003-05-13,,,,,,,,24.0,3.477690288713886,2.344433508311444,6.25,4.0929166666666665,18.342877594846076,21.474588403722237,79.0325,
2003-05-14,,,,,,,,24.0,1.443569553805764,1.2324546388223125,9.09,5.109565217391304,10.737294201861118,13.19792412312096,79.955,
2003-05-15,,,,,,,,24.0,2.066929133858253,1.5802712160979766,9.09,4.099583333333334,14.092698639942718,16.105941302791678,79.4375,
2003-05-16,,,,,,,,24.0,2.395013123359563,2.094269466316695,9.09,3.8625000000000003,13.869005010737279,16.105941302791678,79.94,
2003-05-17,,,,,,,,24.0,2.8543307086613967,2.5330818022746975,5.88,4.055833333333333,16.777022190407997,19.68503937007872,80.42750000000001,
2003-05-18,,,,,,,,24.0,3.8057742782151958,3.2343613298337472,5.88,4.2124999999999995,19.461345740873277,22.816750178954877,80.585,
2003-05-19,,,,,,,,24.0,4.232283464566899,3.1277340332458223,6.67,4.184166666666667,20.132426628489597,24.38260558339296,80.50999999999999,
2003-05-20,,,,,,,,24.0,4.133858267716506,2.8092191601049663,6.25,4.299166666666667,16.32963493199712,19.23765211166784,80.33,
2003-05-21,,,,,,,,24.0,4.26509186351703,3.3040791776027763,6.25,4.4120833333333325,23.04044380816032,27.06692913385824,80.165,
2003-05-22,,,,,,,,24.0,4.199475065616768,3.048447069116339,6.25,4.219166666666667,26.172154617036476,31.317108088761596,79.31750000000001,
2003-05-23,,,,,,,,24.0,4.199475065616768,2.939085739282569,5.26,4.14625,17.8954903364352,21.02720114531136,79.1375,
2003-05-24,,,,,,,,24.0,2.099737532808384,1.5474628171478455,4.55,3.6229166666666663,14.092698639942718,17.000715819613436,79.20500000000001,
2003-05-25,,,,,,,,24.0,0.853018372703406,0.7163167104111935,7.14,3.502916666666667,9.61882605583392,11.85576234788832,79.43750000000001,
2003-05-26,,,,,,,,24.0,1.049868766404192,0.8545096635647753,7.69,3.4181818181818184,11.184681460272,15.882247673586237,80.00750000000001,
2003-05-27,,,,,,,,24.0,1.804461942257205,1.2210430217961796,9.09,4.351739130434783,11.85576234788832,14.092698639942718,80.5025,
2003-05-28,,,,,,,,24.0,3.477690288713886,2.652012248468922,10.0,4.257083333333333,16.32963493199712,20.579813886900478,79.7225,
2003-05-29,,,,,,,,24.0,3.8057742782151958,2.848862642169709,9.09,4.31625,16.777022190407997,20.80350751610592,78.95,
2003-05-30,,,,,,,,24.0,4.625984251968471,3.922743352733055,9.09,4.616521739130435,16.777022190407997,19.908732999284158,79.13,
2003-05-31,,,,,,,,24.0,4.101049868766375,3.629429133858242,8.33,4.31375,17.8954903364352,22.14566929133856,79.655,
2003-06-01,,,,,,,,24.0,4.855643044619388,3.7852690288713635,5.88,4.382916666666667,18.119183965640637,21.92197566213312,79.91,
2003-06-02,,,,,,,,24.0,2.460629921259825,1.7538823272090862,8.33,3.9949999999999997,14.987473156764478,17.22440944881888,80.4725,
2003-06-03,,,,,,,,24.0,5.019685039370043,3.4202755905511566,7.14,4.382083333333333,22.14566929133856,25.7247673586256,79.95500000000001,
2003-06-04,,,,,,,,24.0,5.413385826771615,4.537128171478533,8.33,5.565416666666667,17.000715819613436,19.68503937007872,81.41749999999999,
2003-06-05,,,,,,,,24.0,4.133858267716506,3.120898950131211,8.33,5.458333333333333,14.31639226914816,17.67179670722976,80.6525,
2003-06-06,,,,,,,,24.0,6.1679790026246275,4.191272965879236,7.14,4.685,25.948460987831037,33.10665712240512,80.0975,
2003-06-07,,,,,,,,24.0,8.20209973753275,6.535706474190679,8.33,5.365416666666666,28.85647816750176,36.46206156048672,79.88750000000002,
2003-06-08,,,,,,,,24.0,7.250656167978951,4.713473315835487,8.33,5.37125,18.56657122405152,21.92197566213312,80.11999999999999,
2003-06-09,,,,,,,,24.0,3.5433070866141483,2.5330818022746975,8.33,4.904583333333333,12.07945597709376,14.31639226914816,81.215,
2003-06-10,,,,,,,,24.0,1.64041994750655,1.3875218722659568,7.69,4.867083333333333,9.61882605583392,11.184681460272,81.8975,
2003-06-11,,,,,,,,24.0,1.574803149606288,1.2767935258092646,7.69,4.001666666666666,12.07945597709376,14.092698639942718,81.9875,
2003-06-12,,,,,,,,24.0,2.3622047244094317,1.9671369203849378,9.09,3.939166666666667,13.645311381531839,16.55332856120256,82.0175,
2003-06-13,,,,,,,,24.0,2.887139107611528,2.5030074365704107,5.88,4.0575,21.02720114531136,28.409090909090875,82.89500000000001,
2003-06-14,,,,,,,,24.0,2.887139107611528,2.3020559930008586,6.25,4.154166666666667,12.974230493915519,16.105941302791678,83.3375,
2003-06-15,,,,,,,,24.0,1.706036745406812,1.3266004792879054,8.33,4.546521739130435,7.829277022190399,9.39513242662848,83.8625,
2003-06-16,,,,,,,,24.0,1.279527559055109,1.1012210430217884,9.09,4.063913043478261,9.84251968503936,12.303149606299199,83.57750000000001,
2003-06-17,,,,,,,,24.0,2.62467191601048,2.0783407508843856,8.33,4.144782608695651,15.43486041517536,18.342877594846076,83.8625,
2003-06-18,,,,,,,,24.0,3.1167979002624446,2.4743000874890466,5.56,4.267083333333333,19.461345740873277,22.593056549749438,82.6025,
2003-06-19,,,,,,,,24.0,2.788713910761135,2.284284776902871,6.67,4.3429166666666665,17.000715819613436,20.579813886900478,82.37,
2003-06-20,,,,,,,,24.0,4.363517060367423,2.9691601049868552,7.14,4.199166666666667,22.593056549749438,25.50107372942016,82.25750000000001,
2003-06-21,,,,,,,,24.0,3.346456692913362,2.580927384076972,7.69,4.574583333333334,17.67179670722976,20.356120257695036,82.54249999999999,
2003-06-22,,,,,,,,24.0,2.7559055118110036,2.4373906386701485,7.69,4.737916666666666,15.658554044380798,18.119183965640637,82.6175,
2003-06-23,,,,,,,,24.0,2.559055118110218,1.9562007874015606,7.14,4.66,9.61882605583392,12.07945597709376,83.015,
2003-06-24,,,,,,,,24.0,4.199475065616768,2.229604111985986,5.88,4.216666666666667,18.79026485325696,22.14566929133856,83.48,
2003-06-25,,,,,,,,24.0,2.788713910761135,2.328029308836379,5.56,3.9954166666666673,14.540085898353599,16.777022190407997,82.9025,
2003-06-26,,,,,,,,24.0,2.132545931758515,1.8454724409448686,5.88,4.213333333333334,11.408375089477438,14.540085898353599,83.92999999999999,
2003-06-27,,,,,,,,24.0,1.9356955380577288,1.6554571303586931,7.69,4.734583333333333,9.84251968503936,12.07945597709376,84.62,
2003-06-28,,,,,,,,24.0,4.0026246719159815,1.9862751531058473,7.14,3.9274999999999998,22.369362920544,27.961703650679997,83.945,
2003-06-29,,,,,,,,24.0,8.858267716535371,6.122867454068198,9.09,5.272916666666666,29.527559055118076,34.6725125268432,82.75999999999999,
2003-06-30,,,,,,,,24.0,8.792650918635108,7.219214785651741,8.33,5.527916666666666,24.38260558339296,29.303865425912637,82.6025,
2003-07-01,,,,,,,,24.0,8.398950131233535,6.612259405074319,7.69,5.310833333333333,24.38260558339296,29.080171796707198,82.44500000000001,
2003-07-02,,,,,,,,24.0,5.1837270341206985,3.489993438320185,7.14,4.53,18.342877594846076,22.593056549749438,82.13000000000001,
2003-07-03,,,,,,,,24.0,3.379265091863493,2.430555555555538,7.69,3.9154166666666668,25.27738010021472,33.10665712240512,81.6725,
2003-07-04,,,,,,,,24.0,2.493438320209956,1.8099300087488934,6.67,4.067916666666666,16.32963493199712,18.79026485325696,80.735,
2003-07-05,,,,,,,,24.0,2.2309711286089082,1.8851159230096104,5.88,3.8250000000000006,14.763779527559038,17.448103078024317,80.9675,
2003-07-06,,,,,,,,24.0,2.919947506561659,2.121609798775138,5.56,4.0737499999999995,14.31639226914816,17.448103078024317,81.3575,
2003-07-07,,,,,,,,24.0,2.95275590551179,2.590496500437427,6.67,4.47,14.540085898353599,17.000715819613436,81.89,
2003-07-08,,,,,,,,24.0,2.165354330708646,1.9411636045494174,6.67,4.3187500000000005,13.19792412312096,15.43486041517536,82.6325,
2003-07-09,,,,,,,,24.0,1.8700787401574668,1.5119203849518699,6.25,4.652916666666667,6.710808876163199,8.052970651395839,84.8,
2003-07-10,,,,,,,,24.0,1.31233595800524,1.1660651793525727,6.67,4.94,7.381889763779519,8.9477451682176,85.3175,
2003-07-11,,,,,,,,24.0,1.509186351706026,1.223895926052713,11.11,4.729130434782609,6.487115246957759,221.45669291338558,86.13304347826086,
2003-07-12,,,,,,,,24.0,3.248031496062969,2.407316272965862,11.11,5.234583333333333,20.80350751610592,24.15891195418752,84.905,
2003-07-13,,,,,,,,24.0,4.035433070866113,3.50639763779525,8.33,5.11,18.342877594846076,26.619541875447357,83.05250000000001,
2003-07-14,,,,,,,,24.0,3.8057742782151958,2.7914479440069786,7.69,4.536666666666666,16.32963493199712,18.79026485325696,83.15,
2003-07-15,,,,,,,,24.0,3.313648293963231,2.672517497812754,7.14,4.826666666666667,16.32963493199712,19.908732999284158,83.3225,
2003-07-16,,,,,,,,24.0,2.395013123359563,1.7265419947506437,9.09,4.964583333333334,7.829277022190399,9.84251968503936,84.755,
2003-07-17,,,,,,,,24.0,1.574803149606288,1.2494531933508224,9.09,4.960416666666667,8.9477451682176,11.408375089477438,84.845,
2003-07-18,,,,,,,,24.0,1.5419947506561569,1.2937920803377745,10.0,4.404782608695652,9.39513242662848,11.85576234788832,84.85249999999999,
2003-07-19,,,,,,,,24.0,1.706036745406812,1.1915413982343028,6.25,3.888636363636365,12.07945597709376,14.540085898353599,84.6275,
2003-07-20,,,,,,,,24.0,1.9028871391075979,1.6970890002385943,4.76,3.591818181818181,13.645311381531839,16.105941302791678,84.32750000000001,
2003-07-21,,,,,,,,24.0,2.427821522309694,1.725174978127722,4.55,3.51,15.658554044380798,18.119183965640637,83.9975,
2003-07-22,,,,,,,,24.0,3.5433070866141483,3.030675853018351,5.56,4.01625,17.67179670722976,20.579813886900478,83.3225,
2003-07-23,,,,,,,,24.0,4.133858267716506,3.3382545931758294,5.88,4.235,21.92197566213312,27.961703650679997,83.08999999999999,
2003-07-24,,,,,,,,24.0,3.444881889763755,2.811953193350811,5.88,4.244166666666667,18.342877594846076,21.250894774516798,83.0075,
2003-07-25,,,,,,,,24.0,2.526246719160087,1.7238079615047994,9.09,4.495833333333334,11.632068718682879,12.974230493915519,83.855,
2003-07-26,,,,,,,,24.0,1.8700787401574668,1.6540901137357715,9.09,4.12,16.777022190407997,20.579813886900478,83.38250000000001,
2003-07-27,,,,,,,,24.0,1.9356955380577288,1.6513560804899268,10.0,4.589166666666666,11.85576234788832,14.763779527559038,83.7425,
2003-07-28,,,,,,,,24.0,1.8700787401574668,1.3080566016204402,7.14,4.892173913043478,7.15819613457408,9.39513242662848,84.76347826086956,
2003-07-29,,,,,,,,24.0,1.410761154855633,1.194772528433937,9.09,4.157916666666666,12.75053686471008,14.763779527559038,84.6125,
2003-07-30,,,,,,,,24.0,1.345144356955371,1.2043416447943922,8.33,3.6320833333333336,12.526843235504638,16.32963493199712,84.695,
2003-07-31,,,,,,,,24.0,1.246719160104978,0.9842519685039299,3.7,3.4020833333333336,12.303149606299199,21.02720114531136,85.26500000000001,
2003-08-01,,,,,,,,24.0,1.3779527559055018,1.0320975503062044,7.69,3.56625,21.02720114531136,25.27738010021472,85.1,
2003-08-02,,,,,,,,24.0,1.3779527559055018,1.140091863517052,9.09,4.86,6.9345025053686395,9.61882605583392,86.255,
2003-08-03,,,,,,,,24.0,1.706036745406812,1.3724846894138132,9.09,4.895833333333333,8.9477451682176,11.632068718682879,86.2325,
2003-08-04,,,,,,,,24.0,1.410761154855633,1.1838363954505602,8.33,4.255416666666666,11.184681460272,20.132426628489597,85.83500000000001,
2003-08-05,,,,,,,,24.0,1.1811023622047159,0.9869860017497742,7.69,3.7816666666666663,12.303149606299199,17.000715819613436,85.83500000000001,
2003-08-06,,,,,,,,24.0,2.0013123359579907,1.5419947506561573,5.88,3.6565217391304343,23.71152469577664,221.45669291338558,85.24086956521742,
2003-08-07,,,,,,,,24.0,3.9698162729658506,2.664315398075222,5.88,3.8733333333333335,24.606299212598397,30.422333571939838,84.755,
2003-08-08,,,,,,,,24.0,3.6745406824146722,2.9472878390201016,6.25,4.42875,26.619541875447357,35.11989978525408,84.4175,
2003-08-09,,,,,,,,24.0,2.165354330708646,1.7620844269466192,7.69,4.4825,7.829277022190399,9.39513242662848,85.41499999999999,
2003-08-10,,,,,,,,24.0,1.9356955380577288,1.5228565179352471,7.69,4.325,10.289906943450239,12.75053686471008,84.4925,
2003-08-11,,,,,,,,24.0,1.804461942257205,1.5830052493438207,6.67,3.7254166666666664,12.07945597709376,14.540085898353599,84.5825,
2003-08-12,,,,,,,,24.0,4.035433070866113,2.5863954505686606,6.67,4.047083333333333,21.698282032927676,25.948460987831037,84.1325,
2003-08-13,,,,,,,,24.0,4.822834645669257,3.562445319335058,7.14,4.548749999999999,22.816750178954877,26.172154617036476,84.07249999999999,
2003-08-14,,,,,,,,24.0,8.858267716535371,6.2445319335082665,7.14,4.956666666666667,26.843235504652796,30.86972083035072,84.20750000000001,
2003-08-15,,,,,,,,24.0,9.21916010498681,7.174103237095311,7.69,5.57125,26.619541875447357,32.211882605583355,84.095,
2003-08-16,,,,,,,,24.0,3.7729658792650644,2.381342957130342,7.14,4.542916666666667,12.07945597709376,15.211166785969919,84.35,
2003-08-17,,,,,,,,24.0,1.9028871391075979,1.6745953630796029,8.33,4.750416666666666,11.632068718682879,14.540085898353599,84.8375,
2003-08-18,,,,,,,,24.0,1.6076115485564189,1.3998250218722563,9.09,4.282916666666666,11.632068718682879,13.421617752326398,84.965,
2003-08-19,,,,,,,,24.0,1.279527559055109,0.9664807524059422,7.69,3.698333333333333,10.737294201861118,12.75053686471008,84.81500000000001,
2003-08-20,,,,,,,,24.0,1.443569553805764,0.906332020997369,7.14,3.478333333333333,12.974230493915519,15.43486041517536,84.2825,
2003-08-21,,,,,,,,24.0,2.034120734908122,1.5050853018372596,4.76,3.619166666666666,23.487831066571196,28.63278453829632,84.29749999999999,
2003-08-22,,,,,,,,24.0,2.29658792650917,1.9713568412643936,5.26,4.010434782608696,16.105941302791678,22.816750178954877,84.53,
2003-08-23,,,,,,,,24.0,2.099737532808384,1.6240157480314843,5.0,3.8700000000000006,20.579813886900478,26.619541875447357,84.32,
2003-08-24,,,,,,,,24.0,1.279527559055109,0.9813990642473966,8.33,4.246086956521738,8.27666428060128,9.84251968503936,84.815,
2003-08-25,,,,,,,,24.0,0.8858267716535371,0.7053805774278165,7.69,4.074583333333334,9.84251968503936,12.07945597709376,85.235,
2003-08-26,,,,,,,,24.0,1.1154855643044541,0.8489173228346395,7.69,3.7245833333333334,10.066213314244798,12.07945597709376,85.7825,
2003-08-27,,,,,,,,24.0,2.395013123359563,1.6035104986876527,5.88,4.028333333333333,14.763779527559038,17.8954903364352,85.67750000000001,
2003-08-28,,,,,,,,24.0,3.2808398950131,2.4674650043744353,6.67,4.201666666666667,18.56657122405152,21.698282032927676,85.41499999999999,
2003-08-29,,,,,,,,24.0,5.807086614173187,4.832403762029711,7.69,4.9675,28.409090909090875,34.22512526843232,84.59,
2003-08-30,,,,,,,,24.0,5.643044619422532,4.984142607174067,9.09,5.436666666666667,18.56657122405152,24.829992841803836,84.605,
2003-08-31,,,,,,,,24.0,5.807086614173187,5.176891951006088,7.69,5.06125,20.132426628489597,24.15891195418752,84.7325,
2003-09-01,,,,,,,,24.0,5.479002624671876,4.438702974628139,7.69,4.934166666666667,20.356120257695036,24.15891195418752,84.4325,
2003-09-02,,,,,,,,24.0,3.379265091863493,2.900809273840749,7.14,4.541666666666667,18.119183965640637,20.80350751610592,84.725,
2003-09-03,,,,,,,,24.0,5.052493438320174,3.8194444444444167,7.69,4.7787500000000005,25.7247673586256,31.093414459556158,84.425,
2003-09-04,,,,,,,,24.0,4.199475065616768,3.209755030621149,7.69,4.797083333333333,17.000715819613436,20.356120257695036,84.28999999999999,
2003-09-05,,,,,,,,24.0,5.511811023622007,3.8891622922134452,7.69,4.701666666666667,18.119183965640637,21.92197566213312,84.245,
2003-09-06,,,,,,,,24.0,4.888451443569519,3.1085958005249124,7.14,4.6525,13.869005010737279,17.22440944881888,84.29749999999999,
2003-09-07,,,,,,,,24.0,3.510498687664017,2.2378062117235182,5.88,4.030833333333333,18.79026485325696,22.816750178954877,84.2375,
2003-09-08,,,,,,,,24.0,2.657480314960611,1.6458880139982386,5.0,3.70125,15.211166785969919,20.579813886900478,84.2,
2003-09-09,,,,,,,,24.0,1.31233595800524,0.6233595800524889,3.7,2.6717391304347826,10.51360057265568,221.45669291338558,84.45826086956522,
2003-09-10,,,,,,,,24.0,2.657480314960611,1.7716535433070741,5.0,3.595652173913044,16.32963493199712,18.79026485325696,83.5625,
2003-09-11,,,,,,,,24.0,4.297900262467161,2.738134295713016,5.56,3.955833333333333,19.0139584824624,22.14566929133856,83.195,
2003-09-12,,,,,,,,24.0,2.8543307086613967,2.2309711286089082,5.26,3.93375,16.105941302791678,19.23765211166784,83.3975,
2003-09-13,,,,,,,,24.0,2.985564304461921,2.2870188101487154,5.26,3.799583333333333,15.211166785969919,18.119183965640637,83.08999999999999,
2003-09-14,,,,,,,,24.0,1.5419947506561569,1.246719160104978,7.69,3.8387499999999997,10.289906943450239,12.07945597709376,83.69000000000001,
2003-09-15,,,,,,,,24.0,2.2309711286089082,1.6691272965879147,4.76,3.5679166666666666,14.31639226914816,17.448103078024317,83.33,
2003-09-16,,,,,,,,24.0,4.0026246719159815,2.8912401574802944,5.56,3.9654166666666666,19.0139584824624,21.250894774516798,83.285,
2003-09-17,,,,,,,,24.0,6.463254593175806,3.8987314085739,7.14,4.357916666666667,20.356120257695036,24.15891195418752,83.1275,
2003-09-18,,,,,,,,24.0,5.282152230971091,3.4886264216972624,5.88,4.364583333333333,20.356120257695036,24.38260558339296,82.9625,
2003-09-19,,,,,,,,24.0,1.6076115485564189,1.2767935258092646,5.0,3.4775000000000005,12.974230493915519,15.658554044380798,82.5875,
2003-09-20,,,,,,,,24.0,4.232283464566899,3.433302454840179,5.56,4.094705882352941,20.132426628489597,221.45669291338558,82.75,
2003-09-21,,,,,,,,24.0,6.463254593175806,4.9157917760279615,6.25,4.660833333333334,21.92197566213312,27.51431639226912,82.715,
2003-09-22,,,,,,,,24.0,5.019685039370043,4.2514216972878085,6.25,4.5125,18.79026485325696,31.764495347172474,82.46000000000001,
2003-09-23,,,,,,,,24.0,4.855643044619388,3.9260717410323425,6.25,4.296666666666667,20.132426628489597,24.606299212598397,81.86,
2003-09-24,,,,,,,,24.0,4.297900262467161,3.2534995625546577,5.26,4.065416666666667,19.68503937007872,23.935218324982078,81.94250000000001,
2003-09-25,,,,,,,,24.0,3.149606299212576,2.4811351706036566,5.56,3.796666666666667,20.132426628489597,28.63278453829632,81.6725,
2003-09-26,,,,,,,,24.0,4.199475065616768,2.922681539807503,6.67,4.384583333333333,15.211166785969919,18.79026485325696,82.01750000000001,
2003-09-27,,,,,,,,24.0,2.3622047244094317,1.3708204952641694,5.26,3.88,9.61882605583392,10.96098783106656,82.91749999999999,
2003-09-28,,,,,,,,24.0,3.904199475065589,1.9808070866141592,6.25,3.8425,21.250894774516798,26.39584824624192,82.1375,
2003-09-29,,,,,,,,24.0,9.21916010498681,7.048337707786477,7.14,5.140000000000001,28.63278453829632,33.33035075161056,81.425,
2003-09-30,,,,,,,,24.0,8.267716535433012,7.231517935258041,7.69,5.197083333333333,26.39584824624192,31.540801717967035,81.14,
2003-10-01,,,,,,,,24.0,7.677165354330653,6.1037292213472885,7.14,5.0129166666666665,26.619541875447357,30.646027201145277,80.51749999999998,
2003-10-02,,,,,,,,24.0,7.3490813648293445,4.692968066491655,6.67,4.505833333333333,24.15891195418752,28.63278453829632,79.88750000000002,
2003-10-03,,,,,,,,24.0,4.560367454068208,3.630796150481164,6.25,4.37875,18.56657122405152,23.487831066571196,79.7375,
2003-10-04,,,,,,,,24.0,2.788713910761135,2.2309711286089082,7.69,4.322916666666667,13.645311381531839,15.882247673586237,79.7375,
2003-10-05,,,,,,,,24.0,1.706036745406812,1.2726924759404985,10.0,4.1745833333333335,10.737294201861118,13.19792412312096,79.82,
2003-10-06,,,,,,,,24.0,1.1811023622047159,0.9742668036060641,8.33,3.8282608695652174,9.61882605583392,12.303149606299199,80.0375,
2003-10-07,,,,,,,,24.0,1.8372703412073361,1.4914151356080383,5.88,4.2179166666666665,9.39513242662848,11.184681460272,80.5025,
2003-10-08,,,,,,,,24.0,2.985564304461921,2.3922790901137185,5.88,4.234166666666667,17.448103078024317,25.50107372942016,80.255,
2003-10-09,,,,,,,,24.0,2.329396325459301,1.7853237095362948,6.25,3.8304166666666664,15.211166785969919,17.8954903364352,80.09,
2003-10-10,,,,,,,,24.0,3.7729658792650644,2.2911198600174814,5.0,3.67125,18.79026485325696,24.38260558339296,79.7225,
2003-10-11,,,,,,,,24.0,7.6115485564303915,5.809820647419031,6.67,4.86125,26.172154617036476,34.22512526843232,79.76,
2003-10-12,,,,,,,,24.0,6.069553805774235,3.4380468066491443,6.25,4.52125,21.698282032927676,27.290622763063677,80.15,
2003-10-13,,,,,,,,24.0,5.741469816272925,3.7934711286088967,6.25,4.279583333333334,20.579813886900478,24.606299212598397,79.88000000000001,
2003-10-14,,,,,,,,24.0,5.938320209973711,2.9691601049868552,5.88,3.963333333333333,24.606299212598397,29.080171796707198,79.66250000000001,
2003-10-15,,,,,,,,24.0,9.18635170603668,6.36893044619418,7.69,5.1325,28.63278453829632,36.238367931281275,79.44500000000001,
2003-10-16,,,,,,,,24.0,3.412073490813624,2.900809273840749,5.56,4.0424999999999995,17.000715819613436,21.02720114531136,79.7375,
2003-10-17,,,,,,,,24.0,2.7230971128608727,2.19406167979001,6.67,4.289583333333333,10.737294201861118,14.31639226914816,80.86999999999999,
2003-10-18,,,,,,,,24.0,4.068241469816244,2.811953193350811,6.67,4.299166666666667,20.80350751610592,26.39584824624192,81.14,
2003-10-19,,,,,,,,24.0,3.477690288713886,2.749070428696393,5.56,3.9958333333333336,16.55332856120256,21.02720114531136,81.05,
2003-10-20,,,,,,,,24.0,2.493438320209956,2.118875765529294,5.0,3.704166666666667,14.31639226914816,20.356120257695036,81.2225,
2003-10-21,,,,,,,,24.0,2.5918635170603492,1.5091863517060256,5.0,3.593913043478261,17.67179670722976,21.474588403722237,81.2675,
2003-10-22,,,,,,,,24.0,5.347769028871353,4.426399825021841,6.25,4.37875,23.71152469577664,28.185397279885436,81.32,
2003-10-23,,,,,,,,24.0,6.299212598425152,4.189905949256313,7.14,4.867916666666667,22.816750178954877,27.738010021474558,81.30499999999999,
2003-10-24,,,,,,,,24.0,2.165354330708646,1.4804790026246617,5.88,4.132916666666667,11.632068718682879,14.763779527559038,81.155,
2003-10-25,,,,,,,,24.0,5.6758530183726625,3.2466644794400468,6.67,4.077916666666667,19.461345740873277,23.71152469577664,81.215,
2003-10-26,,,,,,,,25.0,5.839895013123318,4.81102362204721,7.14,5.0576,24.829992841803836,30.422333571939838,81.3848,
2003-10-27,,,,,,,,24.0,4.199475065616768,3.2658027121609567,6.67,4.397916666666667,21.250894774516798,25.27738010021472,81.32,
2003-10-28,,,,,,,,24.0,7.808398950131178,4.761318897637761,8.33,4.702916666666667,29.303865425912637,35.7909806728704,81.095,
2003-10-29,,,,,,,,24.0,3.60892388451441,2.6694106418515675,9.09,3.9409090909090905,17.448103078024317,22.593056549749438,80.4725,
2003-10-30,,,,,,,,24.0,5.57742782152227,3.8534955857790227,5.88,4.217727272727273,22.369362920544,26.843235504652796,80.645,
2003-10-31,,,,,,,,24.0,6.102362204724366,5.440726159230057,7.14,4.83375,22.593056549749438,28.85647816750176,80.41999999999999,
2003-11-01,,,,,,,,24.0,5.741469816272925,4.9034886264216615,6.67,4.715833333333333,21.92197566213312,26.172154617036476,80.32249999999999,
2003-11-02,,,,,,,,24.0,5.150918635170567,4.139326334208195,6.25,4.509583333333333,22.593056549749438,26.619541875447357,80.24000000000001,
2003-11-03,,,,,,,,24.0,7.513123359579999,5.46123140857389,7.14,4.6937500000000005,29.527559055118076,39.146385110952,80.1275,
2003-11-04,,,,,,,,24.0,10.465879265091788,7.919127296587869,9.09,5.578333333333333,27.738010021474558,34.6725125268432,80.1575,
2003-11-05,,,,,,,,24.0,4.790026246719126,3.5433070866141483,6.67,4.66875,17.8954903364352,21.02720114531136,80.5625,
2003-11-06,,,,,,,,24.0,2.329396325459301,1.6445209973753165,5.88,4.14875,12.526843235504638,14.540085898353599,80.9225,
2003-11-07,,,,,,,,24.0,1.509186351706026,1.149660979877507,4.35,3.5379166666666664,12.75053686471008,15.882247673586237,80.7275,
2003-11-08,,,,,,,,24.0,4.363517060367423,3.049814085739261,5.56,3.87625,19.23765211166784,22.14566929133856,80.36,
2003-11-09,,,,,,,,24.0,7.086614173228297,5.454396325459278,7.14,4.6875,23.935218324982078,28.63278453829632,80.14250000000001,
2003-11-10,,,,,,,,24.0,6.88976377952751,5.636209536307921,7.69,5.036666666666666,22.369362920544,31.764495347172474,79.5575,
2003-11-11,,,,,,,,24.0,5.741469816272925,3.9438429571303306,6.67,4.662083333333333,19.68503937007872,24.829992841803836,79.4075,
2003-11-12,,,,,,,,24.0,2.985564304461921,2.6383420822397015,7.69,4.512083333333333,14.092698639942718,17.22440944881888,80.0225,
2003-11-13,,,,,,,,24.0,8.497375328083928,4.824201662292179,8.33,5.0008333333333335,28.409090909090875,36.238367931281275,79.78250000000001,
2003-11-14,,,,,,,,24.0,8.595800524934322,5.409284776902847,6.67,4.8325000000000005,27.290622763063677,34.44881889763776,78.95,
2003-11-15,,,,,,,,24.0,3.6745406824146722,2.7832458442694463,5.56,4.133333333333334,18.56657122405152,22.593056549749438,79.0475,
2003-11-16,,,,,,,,24.0,3.9370078740157197,3.2722811822435007,6.67,4.23086956521739,17.8954903364352,21.250894774516798,78.92750000000001,
2003-11-17,,,,,,,,24.0,5.216535433070829,4.312937445319305,7.69,4.701666666666667,21.92197566213312,26.39584824624192,78.98,
2003-11-18,,,,,,,,24.0,10.761154855642967,8.444061679789966,9.09,5.648333333333333,29.080171796707198,35.11989978525408,78.94250000000001,
2003-11-19,,,,,,,,24.0,14.206036745406722,11.061898512685834,10.0,6.220416666666666,30.422333571939838,38.69899785254112,78.36500000000001,
2003-11-20,,,,,,,,24.0,10.039370078740086,6.434547244094442,7.14,5.2225,26.39584824624192,32.211882605583355,77.54750000000001,
2003-11-21,,,,,,,,24.0,2.2309711286089082,1.6609251968503818,9.09,3.7770833333333336,13.869005010737279,17.8954903364352,77.48,
2003-11-22,,,,,,,,24.0,3.2808398950131,1.3150699912510844,9.09,3.877083333333333,18.342877594846076,22.593056549749438,77.765,
2003-11-23,,,,,,,,24.0,5.839895013123318,4.023129921259814,6.67,4.2749999999999995,22.593056549749438,26.843235504652796,77.585,
2003-11-24,,,,,,,,24.0,7.939632545931701,6.504265091863471,7.69,5.13,24.15891195418752,30.422333571939838,77.21000000000001,
2003-11-25,,,,,,,,24.0,7.874015748031439,4.363517060367422,6.67,4.8620833333333335,21.02720114531136,27.06692913385824,76.31,
2003-11-26,,,,,,,,24.0,2.460629921259825,1.3711176727908916,7.14,4.032916666666667,19.461345740873277,22.593056549749438,76.8725,
2003-11-27,,,,,,,,24.0,6.003937007873973,5.0306211723534195,6.67,4.65875,23.04044380816032,27.06692913385824,77.1725,
2003-11-28,,,,,,,,24.0,12.368766404199386,8.083169291338525,9.09,5.3133333333333335,31.540801717967035,42.05440229062272,76.535,
2003-11-29,,,,,,,,24.0,10.236220472440872,7.115321522309659,8.33,5.302083333333333,29.527559055118076,36.46206156048672,75.485,
2003-11-30,,,,,,,,24.0,2.8543307086613967,2.2774496937882605,4.55,3.911666666666667,14.31639226914816,19.23765211166784,75.02,
2003-12-01,,,,,,,,24.0,4.297900262467161,2.645177165354312,5.26,3.8491666666666666,19.461345740873277,24.829992841803836,74.84,
2003-12-02,,,,,,,,24.0,7.3490813648293445,5.740102799650002,7.14,4.71375,23.487831066571196,29.974946313528957,74.705,
2003-12-03,,,,,,,,24.0,7.545931758530129,6.427712160979832,7.69,5.104583333333333,23.264137437365758,28.409090909090875,74.585,
2003-12-04,,,,,,,,24.0,6.627296587926462,5.0429243219597195,7.14,5.041250000000001,21.250894774516798,25.50107372942016,74.39750000000001,
2003-12-05,,,,,,,,24.0,8.759842519684977,3.4175415573053125,6.67,4.2562500000000005,31.093414459556158,36.68575518969215,74.2925,
2003-12-06,,,,,,,,24.0,9.284776902887073,5.987532808398907,7.69,4.8220833333333335,27.06692913385824,35.567287043664955,73.0625,
2003-12-07,,,,,,,,24.0,4.757217847768994,2.654746281714767,7.14,4.179583333333333,16.32963493199712,23.264137437365758,72.8375,
2003-12-08,,,,,,,,24.0,2.788713910761135,1.3820538057742682,6.67,4.14875,14.987473156764478,19.68503937007872,72.89,
2003-12-09,,,,,,,,24.0,9.87532808398943,5.2602799650043375,7.69,4.487916666666667,29.080171796707198,35.567287043664955,74.255,
2003-12-10,,,,,,,,24.0,15.583989501312224,11.254647856517858,10.0,6.343333333333334,33.77773801002144,41.830708661417276,74.795,
2003-12-11,,,,,,,,24.0,11.614173228346374,7.618383639545003,10.0,6.007083333333334,26.39584824624192,33.10665712240512,74.24000000000001,
2003-12-12,,,,,,,,24.0,3.7073490813648027,2.460629921259825,8.33,4.54625,15.211166785969919,19.461345740873277,74.0825,
2003-12-13,,,,,,,,24.0,5.479002624671876,3.5802165354330446,5.88,4.017916666666667,26.843235504652796,31.764495347172474,73.5875,
2003-12-14,,,,,,,,24.0,8.333333333333274,6.359361329833725,7.14,5.175416666666667,25.948460987831037,31.764495347172474,73.115,
2003-12-15,,,,,,,,24.0,5.839895013123318,3.388834208223948,7.69,4.424166666666666,17.67179670722976,21.698282032927676,73.025,
2003-12-16,,,,,,,,24.0,4.790026246719126,3.8631889763779252,6.67,4.478333333333333,22.14566929133856,30.646027201145277,73.7375,
2003-12-17,,,,,,,,24.0,12.237532808398862,8.44132764654412,9.09,5.673749999999999,32.65926986399424,41.159627773800956,73.58,
2003-12-18,,,,,,,,24.0,9.383202099737465,6.102362204724365,10.0,5.160869565217391,27.290622763063677,221.45669291338558,73.14173913043479,
2003-12-19,,,,,,,,24.0,9.678477690288645,7.5924103237094815,7.69,5.342083333333334,27.06692913385824,33.77773801002144,72.8825,
2003-12-20,,,,,,,,24.0,8.858267716535371,5.052493438320174,7.14,4.675833333333333,24.606299212598397,32.882963493199675,72.85249999999999,
2003-12-21,,,,,,,,24.0,3.510498687664017,2.5945975503061924,5.56,3.8312500000000003,15.43486041517536,21.698282032927676,72.00500000000001,
2003-12-22,,,,,,,,24.0,3.7073490813648027,3.2931430446193994,5.88,4.238333333333333,18.342877594846076,23.487831066571196,71.8775,
2003-12-23,,,,,,,,24.0,4.790026246719126,3.5802165354330446,5.88,4.2595833333333335,22.369362920544,27.961703650679997,71.95249999999999,
2003-12-24,,,,,,,,24.0,7.906824146981571,6.017607174103194,7.69,5.015,25.50107372942016,30.86972083035072,71.5925,
2003-12-25,,,,,,,,24.0,3.904199475065589,2.9773622047243884,8.33,4.362916666666667,15.658554044380798,21.02720114531136,71.4425,
2003-12-26,,,,,,,,24.0,2.985564304461921,2.3731408573928086,5.0,3.882916666666667,15.658554044380798,21.02720114531136,70.94749999999999,
2003-12-27,,,,,,,,24.0,3.8385826771653266,3.29997812773401,5.56,4.203333333333333,20.80350751610592,23.935218324982078,71.4875,
2003-12-28,,,,,,,,24.0,5.4461942257217455,4.142060367454039,5.88,4.32875,24.829992841803836,28.85647816750176,71.4575,
2003-12-29,,,,,,,,24.0,7.775590551181047,6.418143044619377,7.69,5.138333333333333,24.15891195418752,29.080171796707198,71.75,
2003-12-30,,,,,,,,24.0,7.972440944881833,5.466699475065577,8.33,5.083749999999999,22.816750178954877,27.738010021474558,71.63,
2003-12-31,,,,,,,,24.0,3.7073490813648027,2.7203630796150287,5.26,4.2124999999999995,15.658554044380798,19.461345740873277,71.4725,
2004-01-01,,,,,,,,24.0,2.62467191601048,2.0095144356955235,6.67,3.865,14.092698639942718,16.55332856120256,71.7275,
2004-01-02,,,,,,,,24.0,2.95275590551179,2.378608923884497,7.14,4.317083333333334,15.43486041517536,17.8954903364352,71.8475,
2004-01-03,,,,,,,,24.0,3.313648293963231,2.6656824146981437,6.67,4.28625,15.882247673586237,18.56657122405152,71.96,
2004-01-04,,,,,,,,24.0,3.6417322834645414,3.1783136482939405,6.67,4.42125,17.448103078024317,20.80350751610592,72.0425,
2004-01-05,,,,,,,,24.0,3.5433070866141483,3.2808398950131,7.14,4.9070833333333335,19.68503937007872,23.264137437365758,72.29,
2004-01-06,,,,,,,,24.0,9.055118110236155,7.364118547681487,7.14,5.16875,29.080171796707198,35.567287043664955,71.5475,
2004-01-07,,,,,,,,24.0,9.973753280839825,7.208278652668364,7.14,5.21125,29.303865425912637,36.68575518969215,70.54249999999999,
2004-01-08,,,,,,,,24.0,4.133858267716506,3.130468066491666,5.56,4.2558333333333325,15.882247673586237,20.356120257695036,70.8875,
2004-01-09,,,,,,,,24.0,8.497375328083928,3.6772747156605163,7.14,4.095416666666667,28.185397279885436,34.22512526843232,70.55,
2004-01-10,,,,,,,,24.0,7.808398950131178,6.303313648293918,7.69,5.034583333333334,23.264137437365758,31.540801717967035,70.0775,
2004-01-11,,,,,,,,24.0,4.757217847768994,3.526902887139083,6.25,4.2775,17.8954903364352,23.487831066571196,69.77000000000001,
2004-01-12,,,,,,,,24.0,2.7230971128608727,1.7031838411502784,5.56,3.938260869565217,9.84251968503936,14.987473156764478,70.1,
2004-01-13,,,,,,,,24.0,2.165354330708646,1.4654418197725176,5.88,3.8341666666666665,11.408375089477438,16.32963493199712,70.13,
2004-01-14,,,,,,,,24.0,2.3622047244094317,1.516318612347359,3.85,3.525652173913043,15.882247673586237,19.23765211166784,70.19,
2004-01-15,,,,,,,,24.0,4.92125984251965,3.5173337707786274,5.88,4.230416666666667,20.579813886900478,25.27738010021472,70.11500000000001,
2004-01-16,,,,,,,,24.0,2.690288713910742,2.0067804024496794,5.0,3.707916666666667,13.645311381531839,18.56657122405152,70.01,
2004-01-17,,,,,,,,24.0,7.8412073490813095,4.419564741907229,7.69,4.38875,27.738010021474558,36.46206156048672,69.49249999999999,
2004-01-18,,,,,,,,24.0,7.874015748031439,5.824857830271174,7.69,5.542083333333333,19.23765211166784,24.606299212598397,68.5175,
2004-01-19,,,,,,,,24.0,11.45013123359572,7.988845144356898,8.33,5.545416666666667,30.1986399427344,36.238367931281275,68.705,
2004-01-20,,,,,,,,24.0,6.955380577427772,4.869313210848609,9.09,5.3862499999999995,18.56657122405152,24.606299212598397,68.255,
2004-01-21,,,,,,,,24.0,2.2637795275590387,1.42169728783901,8.33,4.319166666666667,9.39513242662848,12.526843235504638,68.36,
2004-01-22,,,,,,,,24.0,2.034120734908122,1.2810188499164785,3.85,3.291818181818181,15.43486041517536,20.356120257695036,68.5625,
2004-01-23,,,,,,,,24.0,3.313648293963231,2.2528433945756614,5.0,3.7570833333333336,16.32963493199712,22.593056549749438,69.9425,
2004-01-24,,,,,,,,24.0,2.62467191601048,1.2310281866940458,4.0,3.1573913043478257,20.579813886900478,24.15891195418752,71.4575,
2004-01-25,,,,,,,,24.0,8.103674540682357,6.47829177602795,7.69,5.142916666666667,25.053686471009275,29.974946313528957,71.41999999999999,
2004-01-26,,,,,,,,24.0,7.414698162729605,6.152288029213695,7.69,5.149565217391305,23.935218324982078,29.974946313528957,71.465,
2004-01-27,,,,,,,,24.0,9.776902887139038,6.619094488188929,7.69,5.276666666666666,26.619541875447357,34.44881889763776,70.1075,
2004-01-28,,,,,,,,24.0,7.8412073490813095,5.768810148731368,7.14,5.07125,23.71152469577664,31.764495347172474,69.1325,
2004-01-29,,,,,,,,24.0,2.657480314960611,1.946631671041106,4.55,3.87375,14.31639226914816,16.777022190407997,70.28,
2004-01-30,,,,,,,,24.0,4.26509186351703,2.4961723534558,5.26,3.875,20.356120257695036,27.738010021474558,68.9375,
2004-01-31,,,,,,,,24.0,9.383202099737465,5.55145450568675,7.14,4.589583333333334,29.974946313528957,35.11989978525408,68.4125,
2004-02-01,,,,,,,,24.0,12.204724409448731,8.815474152687372,8.33,5.559130434782609,33.33035075161056,40.488546886184636,68.4725,
2004-02-02,,,,,,,,24.0,7.3818897637794745,4.426280954011151,7.14,4.686521739130435,25.27738010021472,29.974946313528957,68.29249999999999,
2004-02-03,,,,,,,,24.0,5.052493438320174,3.1755796150480964,6.67,4.129583333333334,19.68503937007872,23.264137437365758,68.3825,
2004-02-04,,,,,,,,24.0,5.938320209973711,4.083278652668388,5.88,4.305416666666667,22.369362920544,27.06692913385824,67.46000000000001,
2004-02-05,,,,,,,,24.0,8.56299212598419,7.37915573053363,8.33,5.331666666666667,26.39584824624192,33.33035075161056,68.345,
2004-02-06,,,,,,,,24.0,7.8412073490813095,6.817311898512636,7.69,5.176666666666667,24.829992841803836,30.1986399427344,69.185,
2004-02-07,,,,,,,,24.0,8.595800524934322,6.707950568678867,7.14,4.985416666666667,27.06692913385824,32.65926986399424,68.9675,
2004-02-08,,,,,,,,24.0,7.447506561679737,6.360728346456647,6.67,4.9887500000000005,25.27738010021472,34.44881889763776,68.6225,
2004-02-09,,,,,,,,24.0,6.5616797900262,4.873414260717376,7.14,4.917083333333333,19.0139584824624,24.15891195418752,69.28999999999999,
2004-02-10,,,,,,,,24.0,5.118110236220436,3.742891513560778,9.09,4.470833333333333,23.264137437365758,26.619541875447357,69.05,
2004-02-11,,,,,,,,24.0,6.036745406824104,5.006846970215644,6.25,4.8682608695652165,23.71152469577664,28.409090909090875,69.3725,
2004-02-12,,,,,,,,24.0,3.7729658792650644,2.882859751226728,5.56,4.157826086956522,18.79026485325696,23.487831066571196,70.265,
2004-02-13,,,,,,,,24.0,5.872703412073449,4.538495188101454,6.25,4.5095833333333335,22.369362920544,27.06692913385824,69.695,
2004-02-14,,,,,,,,24.0,5.807086614173187,3.774332895887987,6.25,4.450833333333333,28.85647816750176,34.6725125268432,69.14,
2004-02-15,,,,,,,,24.0,13.024934383202007,10.47954943132101,10.0,6.1125,30.646027201145277,36.68575518969215,68.78,
2004-02-16,,,,,,,,24.0,7.545931758530129,4.001198219787715,9.09,5.072173913043479,14.31639226914816,19.23765211166784,68.54,
2004-02-17,,,,,,,,24.0,4.166666666666637,2.547643501084085,6.67,3.87391304347826,21.92197566213312,27.06692913385824,68.12,
2004-02-18,,,,,,,,24.0,5.347769028871353,3.5706474190725896,5.88,4.255,20.356120257695036,26.619541875447357,66.92750000000001,
2004-02-19,,,,,,,,24.0,2.132545931758515,1.0990813648293885,8.33,3.4891666666666663,15.211166785969919,17.67179670722976,66.065,
2004-02-20,,,,,,,,24.0,5.118110236220436,3.7829510441629304,5.88,4.165217391304348,19.68503937007872,22.593056549749438,65.765,
2004-02-21,,,,,,,,24.0,3.904199475065589,2.677985564304443,8.33,4.627916666666667,11.632068718682879,13.421617752326398,66.4025,
2004-02-22,,,,,,,,24.0,2.821522309711266,2.2391732283464405,8.33,3.935,16.32963493199712,19.23765211166784,65.9675,
2004-02-23,,,,,,,,24.0,9.776902887139038,4.005358705161826,7.69,4.232916666666667,26.843235504652796,31.764495347172474,65.5175,
2004-02-24,,,,,,,,24.0,8.825459317585238,4.705271216097954,7.69,5.1816666666666675,24.15891195418752,28.63278453829632,66.14,
2004-02-25,,,,,,,,24.0,8.727034120734846,7.142661854768104,7.69,5.390416666666667,27.06692913385824,33.33035075161056,66.6125,
2004-02-26,,,,,,,,24.0,8.792650918635108,7.1764806573090905,10.0,5.842173913043476,21.698282032927676,25.7247673586256,67.265,
2004-02-27,,,,,,,,24.0,6.692913385826724,5.022419072615888,10.0,4.87625,20.80350751610592,26.619541875447357,66.725,
2004-02-28,,,,,,,,24.0,5.511811023622007,4.636920384951848,6.67,4.49125,23.264137437365758,28.85647816750176,65.84750000000001,
2004-02-29,,,,,,,,24.0,6.1679790026246275,5.44209317585298,6.67,4.7825,23.264137437365758,28.409090909090875,65.84,
2004-03-01,,,,,,,,24.0,8.005249343831963,6.096894138232677,8.33,5.265416666666667,24.829992841803836,31.093414459556158,66.245,
2004-03-02,,,,,,,,24.0,7.250656167978951,6.163877952755862,8.33,5.72625,19.0139584824624,22.816750178954877,66.14750000000001,
2004-03-03,,,,,,,,24.0,5.282152230971091,4.683398950131201,8.33,5.524166666666666,16.105941302791678,19.23765211166784,66.575,
2004-03-04,,,,,,,,24.0,5.544619422572139,5.074365704286928,8.33,5.450833333333333,18.56657122405152,21.92197566213312,66.6425,
2004-03-05,,,,,,,,24.0,6.036745406824104,5.160487751531022,8.33,5.5625,18.56657122405152,21.02720114531136,67.175,
2004-03-06,,,,,,,,24.0,5.118110236220436,4.219980314960599,7.69,5.109166666666667,19.461345740873277,22.816750178954877,67.4375,
2004-03-07,,,,,,,,24.0,3.6417322834645414,2.9965004374452975,7.14,5.03625,15.43486041517536,18.79026485325696,67.9325,
2004-03-08,,,,,,,,24.0,8.136482939632488,4.747232682871129,6.67,4.535217391304348,27.738010021474558,33.10665712240512,66.8375,
2004-03-09,,,,,,,,24.0,8.464566929133799,3.8016732283464303,6.67,4.1762500000000005,30.646027201145277,39.817465998568316,66.7025,
2004-03-10,,,,,,,,24.0,10.400262467191526,5.850831146106694,7.69,4.9775,31.093414459556158,36.238367931281275,66.26,
2004-03-11,,,,,,,,24.0,1.706036745406812,1.3287401574803053,10.0,3.845,11.184681460272,17.22440944881888,66.69500000000001,
2004-03-12,,,,,,,,24.0,1.6076115485564189,1.1100174978127655,10.0,3.97125,10.066213314244798,13.19792412312096,67.3325,
2004-03-13,,,,,,,,24.0,2.821522309711266,1.6349518810148613,8.33,4.179583333333333,16.105941302791678,18.342877594846076,67.235,
2004-03-14,,,,,,,,24.0,3.6417322834645414,3.0019685039369866,7.14,4.550833333333333,16.105941302791678,18.56657122405152,67.2125,
2004-03-15,,,,,,,,24.0,3.477690288713886,2.8201552930883445,8.33,5.0737499999999995,13.869005010737279,16.105941302791678,67.4675,
2004-03-16,,,,,,,,24.0,2.3622047244094317,2.102471566054228,8.33,4.850416666666667,16.105941302791678,20.356120257695036,67.5575,
2004-03-17,,,,,,,,24.0,4.232283464566899,2.8283573928258767,9.09,4.276666666666666,23.935218324982078,28.63278453829632,67.4975,
2004-03-18,,,,,,,,24.0,1.213910761154847,0.9528105861767212,10.0,4.96,11.408375089477438,12.974230493915519,67.7225,
2004-03-19,,,,,,,,24.0,1.082677165354323,0.9446084864391883,9.09,4.858750000000001,8.500357909806718,9.61882605583392,68.93,
2004-03-20,,,,,,,,24.0,1.9685039370078599,1.4599737532808295,9.09,4.680833333333333,13.645311381531839,15.211166785969919,69.035,
2004-03-21,,,,,,,,24.0,4.166666666666637,2.4674650043744353,8.33,5.074166666666667,25.7247673586256,30.1986399427344,69.2375,
2004-03-22,,,,,,,,24.0,7.906824146981571,5.889107611548514,7.14,4.832083333333333,25.27738010021472,31.093414459556158,67.80499999999999,
2004-03-23,,,,,,,,24.0,6.036745406824104,5.351870078740119,7.14,4.691666666666667,22.593056549749438,27.51431639226912,67.43,
2004-03-24,,,,,,,,23.0,8.038057742782096,6.67436950815926,7.14,5.09,25.50107372942016,31.317108088761596,67.55391304347825,
2004-03-25,,,,,,,,24.0,7.053805774278165,5.9697615923009195,7.14,5.059166666666667,22.816750178954877,27.961703650679997,67.91749999999999,
2004-03-26,,,,,,,,24.0,6.1351706036744975,5.198764216972842,9.09,5.02625,23.264137437365758,29.080171796707198,68.1275,
2004-03-27,,,,,,,,24.0,5.347769028871353,4.180336832895859,9.09,4.8875,18.56657122405152,21.92197566213312,68.0825,
2004-03-28,,,,,,,,24.0,3.60892388451441,3.049814085739261,9.09,5.141249999999999,12.974230493915519,15.211166785969919,68.51,
2004-03-29,,,,,,,,24.0,2.7230971128608727,2.043689851268577,8.33,5.534166666666667,8.9477451682176,10.289906943450239,69.6575,
2004-03-30,,,,,,,,24.0,2.657480314960611,1.8413713910761025,8.33,4.800416666666666,18.56657122405152,21.698282032927676,69.7325,
2004-03-31,,,,,,,,24.0,7.185039370078688,3.826279527559028,6.67,4.210416666666666,27.738010021474558,32.882963493199675,69.49249999999999,
2004-04-01,,,,,,,,24.0,7.480314960629867,4.337543744531903,7.14,4.576666666666667,22.816750178954877,28.409090909090875,68.63,
2004-04-02,,,,,,,,24.0,3.248031496062969,2.5945975503061933,4.76,3.7933333333333334,18.119183965640637,21.698282032927676,68.78,
2004-04-03,,,,,,,,24.0,3.8057742782151958,2.5563210848643743,5.26,3.8345833333333332,17.448103078024317,21.250894774516798,69.0725,
2004-04-04,,,,,,,,23.0,5.019685039370043,3.2680018258587,5.88,4.11304347826087,21.698282032927676,26.172154617036476,69.13478260869566,
2004-04-05,,,,,,,,24.0,3.9698162729658506,2.6697834645669105,5.0,3.8854166666666665,19.23765211166784,22.593056549749438,69.04249999999999,
2004-04-06,,,,,,,,24.0,1.049868766404192,0.667104111985997,6.67,3.0170833333333333,12.07945597709376,14.540085898353599,69.0875,
2004-04-07,,,,,,,,24.0,3.8713910761154575,2.0313867016622775,5.26,3.5920833333333335,18.342877594846076,21.92197566213312,69.2,
2004-04-08,,,,,,,,24.0,4.560367454068208,3.6430993000874627,6.25,4.5025,20.356120257695036,25.50107372942016,70.1225,
2004-04-09,,,,,,,,24.0,3.5433070866141483,2.274715660542416,6.25,4.58875,10.737294201861118,12.526843235504638,71.7275,
2004-04-10,,,,,,,,24.0,1.3779527559055018,0.9473425196850326,6.67,4.555833333333333,10.289906943450239,11.85576234788832,72.155,
2004-04-11,,,,,,,,24.0,6.364829396325414,3.134569116360433,6.25,3.827916666666667,34.44881889763776,41.60701503221184,72.5075,
2004-04-12,,,,,,,,24.0,8.759842519684977,5.436625109361291,7.69,4.921666666666667,39.593772369362874,48.76521116678592,70.3175,
2004-04-13,,,,,,,,24.0,14.763779527558949,11.890310586176641,10.0,6.49625,32.882963493199675,41.830708661417276,69.0875,
2004-04-14,,,,,,,,24.0,11.81102362204716,8.903379265091798,9.09,5.759583333333333,27.51431639226912,35.11989978525408,68.585,
2004-04-15,,,,,,,,24.0,6.069553805774235,3.69914698162727,6.25,4.47,19.0139584824624,22.593056549749438,68.63,
2004-04-16,,,,,,,,24.0,1.3779527559055018,1.1072834645669212,5.56,3.4575,11.632068718682879,14.31639226914816,69.11000000000001,
2004-04-17,,,,,,,,24.0,2.132545931758515,1.4900481189851162,4.35,3.625,13.645311381531839,16.105941302791678,69.725,
2004-04-18,,,,,,,,24.0,2.62467191601048,2.2186679790026087,5.88,4.187083333333334,12.75053686471008,15.211166785969919,70.22,
2004-04-19,,,,,,,,24.0,2.985564304461921,2.5754593175852833,8.33,4.617083333333333,14.092698639942718,16.55332856120256,71.09,
2004-04-20,,,,,,,,24.0,2.887139107611528,2.3075240594925472,9.09,5.255416666666666,12.974230493915519,15.658554044380798,71.7725,
2004-04-21,,,,,,,,24.0,3.8713910761154575,3.0744203849518588,9.09,4.168333333333334,19.68503937007872,22.816750178954877,71.66,
2004-04-22,,,,,,,,24.0,5.479002624671876,4.437335958005217,6.67,4.715833333333333,19.908732999284158,22.816750178954877,71.2025,
2004-04-23,,,,,,,,24.0,4.330708661417292,3.736056430446167,7.69,4.722916666666666,17.000715819613436,21.02720114531136,71.99000000000001,
2004-04-24,,,,,,,,23.0,4.035433070866113,3.513351591920551,8.33,4.873913043478261,16.777022190407997,19.461345740873277,72.55478260869565,
2004-04-25,,,,,,,,24.0,3.5433070866141483,3.1386701662291987,8.33,4.892083333333333,14.540085898353599,17.000715819613436,73.2275,
2004-04-26,,,,,,,,24.0,5.511811023622007,3.628062117235319,7.69,4.674166666666667,25.50107372942016,29.751252684323518,72.89,
2004-04-27,,,,,,,,24.0,5.019685039370043,3.412073490813624,6.67,4.205416666666667,23.71152469577664,27.961703650679997,72.6725,
2004-04-28,,,,,,,,24.0,4.363517060367423,2.9923993875765316,5.26,3.8329166666666663,19.908732999284158,23.935218324982078,72.125,
2004-04-29,,,,,,,,24.0,8.038057742782096,5.4393591426071355,7.14,4.763333333333333,26.39584824624192,32.4355762347888,71.95249999999999,
2004-04-30,,,,,,,,24.0,6.856955380577379,4.718941382327175,7.14,5.135416666666667,17.67179670722976,21.02720114531136,72.08,
2004-05-01,,,,,,,,24.0,4.26509186351703,3.379265091863493,6.25,4.483333333333333,17.448103078024317,19.908732999284158,73.9625,
2004-05-02,,,,,,,,24.0,3.7401574803149336,3.161909448818875,6.67,4.6120833333333335,18.79026485325696,22.369362920544,74.83250000000001,
2004-05-03,,,,,,,,24.0,5.118110236220436,3.964348206474162,5.88,4.285416666666666,21.474588403722237,25.7247673586256,74.2775,
2004-05-04,,,,,,,,24.0,5.413385826771615,3.8577209098862366,5.88,4.520416666666667,21.698282032927676,25.27738010021472,73.9625,
2004-05-05,,,,,,,,23.0,2.066929133858253,1.3237475750313723,10.0,3.7273913043478264,12.974230493915519,16.105941302791678,73.9791304347826,
2004-05-06,,,,,,,,24.0,1.476377952755895,1.2029746281714702,10.0,3.81375,12.75053686471008,14.31639226914816,74.405,
2004-05-07,,,,,,,,24.0,1.443569553805764,1.1893044619422486,6.25,4.09625,12.07945597709376,13.421617752326398,74.9525,
2004-05-08,,,,,,,,24.0,1.8372703412073361,1.5460958005249232,7.14,4.904583333333334,12.07945597709376,13.19792412312096,76.9775,
2004-05-09,,,,,,,,24.0,2.62467191601048,2.0505249343831875,7.14,4.16625,13.645311381531839,15.882247673586237,75.8525,
2004-05-10,,,,,,,,24.0,3.576115485564279,3.086723534558158,6.67,4.585833333333333,16.105941302791678,19.0139584824624,75.3575,
2004-05-11,,,,,,,,24.0,3.379265091863493,3.126367016622899,6.67,4.460833333333333,15.43486041517536,17.67179670722976,75.8675,
2004-05-12,,,,,,,,24.0,5.314960629921222,4.16256561679787,8.33,4.539583333333334,19.68503937007872,24.606299212598397,76.0925,
2004-05-13,,,,,,,,24.0,5.118110236220436,4.620516185476782,7.14,4.81125,21.92197566213312,26.843235504652796,76.4075,
2004-05-14,,,,,,,,23.0,6.791338582677116,5.222241241583895,7.14,4.999565217391303,21.250894774516798,25.948460987831037,77.15652173913044,
2004-05-15,,,,,,,,23.0,5.872703412073449,4.644528129635937,7.14,5.012173913043478,19.461345740873277,23.71152469577664,77.68869565217389,
2004-05-16,,,,,,,,24.0,4.527559055118077,3.715551181102336,7.69,4.676666666666667,16.32963493199712,18.79026485325696,77.5625,
2004-05-17,,,,,,,,24.0,5.118110236220436,4.286964129483784,6.67,4.789583333333334,19.0139584824624,21.92197566213312,77.39,
2004-05-18,,,,,,,,24.0,4.232283464566899,3.878226159230068,9.09,4.95125,15.43486041517536,18.342877594846076,77.38250000000001,
2004-05-19,,,,,,,,24.0,3.9370078740157197,3.048447069116339,8.33,4.872083333333333,17.448103078024317,19.908732999284158,78.10249999999999,
2004-05-20,,,,,,,,24.0,2.7559055118110036,2.3047900262467027,9.09,5.04,11.184681460272,13.645311381531839,78.71000000000001,
2004-05-21,,,,,,,,24.0,2.034120734908122,1.7757545931758403,9.09,5.133333333333334,9.39513242662848,11.408375089477438,80.08250000000001,
2004-05-22,,,,,,,,24.0,1.9685039370078599,1.487314085739272,9.09,4.863333333333333,11.408375089477438,13.645311381531839,80.5475,
2004-05-23,,,,,,,,24.0,2.165354330708646,1.7197069116360333,8.33,4.6154166666666665,9.84251968503936,11.85576234788832,81.11,
2004-05-24,,,,,,,,24.0,1.9028871391075979,1.6568241469816154,6.67,4.822083333333333,7.6055833929849594,10.289906943450239,81.545,
2004-05-25,,,,,,,,24.0,1.31233595800524,1.0184273840769829,7.69,4.7825,10.066213314244798,11.85576234788832,81.305,
2004-05-26,,,,,,,,24.0,0.9514435695537989,0.8489173228346395,8.33,4.615833333333334,6.9345025053686395,9.39513242662848,82.01750000000001,
2004-05-27,,,,,,,,24.0,2.460629921259825,1.6609251968503818,7.69,3.735416666666667,17.000715819613436,19.908732999284158,81.0125,
2004-05-28,,,,,,,,24.0,3.510498687664017,2.5084755030620993,5.0,3.75375,18.119183965640637,21.250894774516798,81.1625,
2004-05-29,,,,,,,,24.0,2.034120734908122,1.7716535433070741,5.0,3.605,14.31639226914816,17.22440944881888,81.23,
2004-05-30,,,,,,,,24.0,3.8385826771653266,2.9910323709536097,5.88,3.933333333333333,18.56657122405152,21.474588403722237,81.53,
2004-05-31,,,,,,,,24.0,4.9540682414697805,4.337543744531903,6.67,4.655833333333334,20.132426628489597,23.935218324982078,81.5375,
2004-06-01,,,,,,,,24.0,3.576115485564279,3.049814085739261,6.67,4.3100000000000005,22.816750178954877,26.39584824624192,81.8225,
2004-06-02,,,,,,,,24.0,2.7230971128608727,2.0095144356955235,6.25,4.327083333333333,19.23765211166784,22.14566929133856,82.0775,
2004-06-03,,,,,,,,24.0,2.559055118110218,2.2583114610673496,10.0,4.388750000000001,13.19792412312096,18.56657122405152,81.965,
2004-06-04,,,,,,,,24.0,3.444881889763755,2.788713910761135,11.11,4.841666666666666,14.987473156764478,17.8954903364352,82.00999999999999,
2004-06-05,,,,,,,,24.0,2.29658792650917,2.0177165354330566,10.0,4.710416666666666,10.737294201861118,14.092698639942718,81.71,
2004-06-06,,,,,,,,24.0,1.7716535433070741,1.5214895013123249,10.0,4.664166666666667,11.184681460272,13.19792412312096,82.7,
2004-06-07,,,,,,,,24.0,2.034120734908122,1.3506124234470596,10.0,4.379583333333334,13.869005010737279,17.448103078024317,82.66999999999999,
2004-06-08,,,,,,,,24.0,1.5419947506561569,1.2139107611548468,10.0,4.14125,12.07945597709376,13.645311381531839,82.205,
2004-06-09,,,,,,,,24.0,2.066929133858253,1.6253827646544063,8.33,4.4025,10.737294201861118,12.75053686471008,82.6175,
2004-06-10,,,,,,,,24.0,2.099737532808384,1.857775590551168,7.14,4.821666666666666,9.39513242662848,12.07945597709376,83.795,
2004-06-11,,,,,,,,24.0,1.574803149606288,1.3615485564304366,8.33,4.738333333333333,7.829277022190399,9.61882605583392,85.3325,
2004-06-12,,,,,,,,24.0,1.64041994750655,1.4490376202974524,8.33,5.417916666666668,7.829277022190399,11.632068718682879,85.5275,
2004-06-13,,,,,,,,24.0,5.085301837270305,2.593230533683271,9.09,5.827916666666667,35.7909806728704,44.96241947029344,84.425,
2004-06-14,,,,,,,,24.0,5.741469816272925,4.571779071094342,7.69,4.8960869565217395,20.579813886900478,23.935218324982078,83.0825,
2004-06-15,,,,,,,,24.0,5.971128608923842,5.271216097987713,7.69,5.12625,22.816750178954877,27.51431639226912,82.7225,
2004-06-16,,,,,,,,24.0,3.477690288713886,2.415518372703395,6.67,4.421666666666667,12.303149606299199,13.645311381531839,83.4725,
2004-06-17,,,,,,,,24.0,2.066929133858253,1.706036745406812,5.88,4.2491666666666665,14.763779527559038,25.50107372942016,84.6275,
2004-06-18,,,,,,,,24.0,2.099737532808384,1.444936570428686,7.69,4.2004166666666665,10.289906943450239,12.974230493915519,84.71,
2004-06-19,,,,,,,,24.0,1.345144356955371,1.159230096237962,9.09,4.087916666666666,11.632068718682879,13.421617752326398,84.995,
2004-06-20,,,,,,,,24.0,1.738845144356943,1.434000437445309,9.09,3.7570833333333336,13.645311381531839,16.105941302791678,85.0775,
2004-06-21,,,,,,,,24.0,2.034120734908122,1.2166447944006913,9.09,3.71875,15.658554044380798,18.56657122405152,84.81500000000001,
2004-06-22,,,,,,,,24.0,2.198162729658777,1.8112970253718157,4.0,3.5849999999999995,14.987473156764478,17.67179670722976,84.0875,
2004-06-23,,,,,,,,24.0,2.5918635170603492,2.2323975807371745,5.26,4.022173913043479,15.882247673586237,19.23765211166784,84.35,
2004-06-24,,,,,,,,24.0,2.788713910761135,2.3731408573928086,7.69,4.377083333333333,12.974230493915519,14.987473156764478,84.50750000000001,
2004-06-25,,,,,,,,24.0,2.788713910761135,2.4223534558180053,7.14,4.195,13.869005010737279,15.658554044380798,84.22999999999999,
2004-06-26,,,,,,,,24.0,2.62467191601048,2.256944444444428,9.09,4.483333333333333,20.356120257695036,25.27738010021472,84.7775,
2004-06-27,,,,,,,,24.0,2.657480314960611,1.9001531058617536,8.33,4.955,9.171438797423038,11.408375089477438,86.10499999999999,
2004-06-28,,,,,,,,24.0,2.329396325459301,2.0956364829396175,8.33,4.734583333333334,12.303149606299199,14.763779527559038,85.4,
2004-06-29,,,,,,,,24.0,2.526246719160087,1.883748906386688,7.14,4.3875,21.02720114531136,24.829992841803836,84.68,
2004-06-30,,,,,,,,24.0,2.395013123359563,1.9520997375327944,9.09,4.336250000000001,12.07945597709376,14.31639226914816,84.74749999999999,
2004-07-01,,,,,,,,24.0,2.29658792650917,1.9192913385826633,9.09,4.9558333333333335,8.9477451682176,10.737294201861118,84.97999999999999,
2004-07-02,,,,,,,,24.0,2.132545931758515,1.7812226596675287,9.09,4.9679166666666665,11.184681460272,13.421617752326398,84.6125,
2004-07-03,,,,,,,,24.0,1.443569553805764,1.287729658792642,9.09,5.0408333333333335,10.066213314244798,15.211166785969919,85.00250000000001,
2004-07-04,,,,,,,,24.0,1.345144356955371,1.1783683289588718,8.33,4.017083333333333,12.303149606299199,14.763779527559038,85.655,
2004-07-05,,,,,,,,24.0,1.1811023622047159,0.9815179352580858,8.33,4.36125,8.052970651395839,10.289906943450239,85.925,
2004-07-06,,,,,,,,23.0,1.1154855643044541,0.9320567883559946,7.69,4.439090909090909,5.1449534717251195,8.052970651395839,87.73739130434782,
2004-07-07,,,,,,,,24.0,1.246719160104978,0.974682852143475,8.33,4.372916666666667,8.500357909806718,10.51360057265568,87.06500000000001,
2004-07-08,,,,,,,,24.0,2.788713910761135,1.443569553805764,9.09,4.834583333333334,19.23765211166784,28.63278453829632,85.69250000000001,
2004-07-09,,,,,,,,24.0,1.706036745406812,1.4134951881014772,9.09,3.966666666666667,12.974230493915519,14.987473156764478,85.69250000000001,
2004-07-10,,,,,,,,24.0,1.706036745406812,1.5255905511810914,6.25,4.2975,14.31639226914816,17.22440944881888,85.9925,
2004-07-11,,,,,,,,23.0,1.64041994750655,1.470672144242829,7.69,5.002173913043479,8.9477451682176,11.408375089477438,86.75130434782609,
2004-07-12,,,,,,,,24.0,3.412073490813624,2.3225612423446904,6.67,4.2875000000000005,17.000715819613436,20.80350751610592,85.8125,
2004-07-13,,,,,,,,24.0,3.8057742782151958,2.066929133858253,10.0,4.62625,22.816750178954877,29.751252684323518,85.175,
2004-07-14,,,,,,,,24.0,2.066929133858253,1.6759623797025254,10.0,4.2091666666666665,21.698282032927676,27.51431639226912,85.27250000000001,
2004-07-15,,,,,,,,24.0,2.7559055118110036,2.1257108486439042,8.33,3.7687499999999994,16.105941302791678,18.79026485325696,85.61749999999999,
2004-07-16,,,,,,,,24.0,4.232283464566899,2.9812849480771213,5.88,3.8843478260869575,23.935218324982078,31.093414459556158,85.16749999999999,
2004-07-17,,,,,,,,24.0,3.477690288713886,2.97872922134731,5.56,4.035416666666667,19.461345740873277,23.04044380816032,84.7175,
2004-07-18,,,,,,,,24.0,7.8412073490813095,5.595199037620257,7.69,4.820833333333334,27.961703650679997,35.34359341445952,84.1475,
2004-07-19,,,,,,,,24.0,6.1351706036744975,4.666994750656135,8.33,5.46125,22.14566929133856,25.948460987831037,84.635,
2004-07-20,,,,,,,,24.0,3.149606299212576,2.449693788276448,6.67,4.975416666666667,5.816034359341439,7.381889763779519,85.7675,
2004-07-21,,,,,,,,24.0,1.706036745406812,1.3150699912510841,6.25,4.809583333333333,4.92125984251968,6.710808876163199,85.3625,
2004-07-22,,,,,,,,24.0,1.345144356955371,0.9651137357830203,7.69,3.9562499999999994,11.85576234788832,13.869005010737279,84.9875,
2004-07-23,,,,,,,,24.0,1.049868766404192,0.8379811898512627,8.33,3.578333333333333,9.61882605583392,11.408375089477438,85.56500000000001,
2004-07-24,,,,,,,,24.0,1.279527559055109,0.8694225721784715,9.09,3.82625,12.75053686471008,18.119183965640637,85.5275,
2004-07-25,,,,,,,,24.0,2.0013123359579907,1.1619641294838063,7.69,3.50375,15.882247673586237,18.79026485325696,85.6175,
2004-07-26,,,,,,,,24.0,1.7716535433070741,1.1674321959754945,7.69,3.72,16.55332856120256,21.02720114531136,85.6625,
2004-07-27,,,,,,,,24.0,2.329396325459301,2.0751312335957857,7.69,4.4075,13.869005010737279,18.79026485325696,85.9325,
2004-07-28,,,,,,,,24.0,2.559055118110218,1.5939413823271977,7.14,4.348333333333334,12.07945597709376,15.882247673586237,86.3525,
2004-07-29,,,,,,,,24.0,1.148293963254585,0.8639545056867831,7.69,3.705833333333333,11.632068718682879,13.421617752326398,86.45750000000001,
2004-07-30,,,,,,,,24.0,4.986876640419912,3.0470800524934165,6.25,3.99375,18.56657122405152,22.593056549749438,85.9325,
2004-07-31,,,,,,,,24.0,3.7729658792650644,2.7408683289588605,6.25,4.228333333333333,14.540085898353599,17.22440944881888,86.08250000000001,
2004-08-01,,,,,,,,24.0,2.066929133858253,1.5707020997375216,6.25,4.2725,10.51360057265568,13.19792412312096,86.6825,
2004-08-02,,,,,,,,24.0,2.657480314960611,2.2049978127733882,6.67,4.3308333333333335,13.869005010737279,16.32963493199712,86.6525,
2004-08-03,,,,,,,,24.0,2.821522309711266,2.162620297462802,9.09,4.1187499999999995,14.092698639942718,17.22440944881888,86.6975,
2004-08-04,,,,,,,,24.0,3.2152230971128377,2.4387576552930708,5.88,4.349166666666666,14.092698639942718,17.8954903364352,87.1325,
2004-08-05,,,,,,,,23.0,4.9540682414697805,3.733025219673601,6.25,4.329565217391305,21.474588403722237,26.172154617036476,86.82173913043478,
2004-08-06,,,,,,,,24.0,3.8713910761154575,3.245297462817125,5.56,4.3825,17.8954903364352,20.80350751610592,85.94749999999999,
2004-08-07,,,,,,,,24.0,8.8910761154855,5.902777777777734,7.14,4.922083333333333,29.751252684323518,36.46206156048672,85.61749999999999,
2004-08-08,,,,,,,,24.0,9.153543307086549,5.7524059492563016,7.69,5.27625,25.053686471009275,30.1986399427344,84.9875,
2004-08-09,,,,,,,,24.0,2.690288713910742,2.258311461067351,5.88,4.096666666666667,13.19792412312096,15.882247673586237,84.61999999999999,
2004-08-10,,,,,,,,24.0,4.4619422572178165,2.8010170603674345,7.69,4.050833333333333,29.527559055118076,35.567287043664955,84.515,
2004-08-11,,,,,,,,24.0,3.313648293963231,2.9062773403324376,8.33,4.4775,20.132426628489597,23.487831066571196,84.37249999999999,
2004-08-12,,,,,,,,24.0,14.43569553805764,5.309492563429534,9.09,5.274583333333333,41.830708661417276,52.568002863278394,84.4025,
2004-08-13,,,,,,,,24.0,3.8057742782151958,3.0115376202974415,6.67,4.22,23.935218324982078,28.409090909090875,84.155,
2004-08-14,,,,,,,,24.0,6.463254593175806,4.043635170603645,9.09,4.527916666666666,21.92197566213312,25.7247673586256,83.7575,
2004-08-15,,,,,,,,24.0,3.018372703412052,2.10383858267715,5.26,4.071666666666666,12.75053686471008,15.658554044380798,83.465,
2004-08-16,,,,,,,,24.0,1.7716535433070741,1.3082349081364735,5.88,3.9808333333333334,11.85576234788832,14.31639226914816,84.2075,
2004-08-17,,,,,,,,24.0,0.9842519685039299,0.776465441819767,8.33,4.084166666666667,7.829277022190399,9.61882605583392,84.93499999999999,
2004-08-18,,,,,,,,24.0,0.820209973753275,0.6944444444444395,9.09,3.9270833333333335,9.84251968503936,12.303149606299199,84.59,
2004-08-19,,,,,,,,24.0,1.082677165354323,0.6999125109361278,9.09,4.077916666666667,11.408375089477438,13.421617752326398,85.1075,
2004-08-20,,,,,,,,24.0,1.31233595800524,1.1783683289588718,4.55,3.6575,11.85576234788832,13.19792412312096,84.965,
2004-08-21,,,,,,,,24.0,1.31233595800524,1.1770013123359495,9.09,3.97125,9.171438797423038,11.184681460272,85.1075,
2004-08-22,,,,,,,,24.0,1.246719160104978,0.9699874472212644,7.69,4.216521739130435,8.724051539012159,10.737294201861118,85.205,
2004-08-23,,,,,,,,24.0,1.738845144356943,1.015693350831139,8.33,4.052499999999999,10.289906943450239,12.303149606299199,85.0925,
2004-08-24,,,,,,,,24.0,0.9514435695537989,0.8448162729658732,6.67,3.8699999999999997,7.6055833929849594,10.51360057265568,85.72999999999999,
2004-08-25,,,,,,,,24.0,1.443569553805764,1.0512357830271142,6.67,3.508333333333333,11.85576234788832,14.763779527559038,85.94749999999999,
2004-08-26,,,,,,,,24.0,2.821522309711266,1.9425306211723399,4.76,3.716666666666667,15.882247673586237,18.342877594846076,85.0625,
2004-08-27,,,,,,,,24.0,2.099737532808384,1.487314085739272,4.55,3.731666666666667,13.19792412312096,15.658554044380798,85.31750000000001,
2004-08-28,,,,,,,,24.0,1.3779527559055018,0.929571303587045,5.88,3.87125,12.526843235504638,15.882247673586237,85.865,
2004-08-29,,,,,,,,24.0,2.329396325459301,1.1441929133858189,8.33,3.80875,17.67179670722976,20.579813886900478,85.745,
2004-08-30,,,,,,,,24.0,2.2309711286089082,1.5283245844269358,5.0,3.5325,17.67179670722976,20.579813886900478,85.025,
2004-08-31,,,,,,,,24.0,1.279527559055109,0.9651137357830203,4.0,3.375,9.61882605583392,12.974230493915519,85.11500000000001,
2004-09-01,,,,,,,,24.0,2.526246719160087,1.1729002624671832,5.88,3.84625,9.84251968503936,12.303149606299199,85.3025,
2004-09-02,,,,,,,,24.0,2.099737532808384,1.541994750656157,5.0,3.6425,13.19792412312096,15.43486041517536,85.3325,
2004-09-03,,,,,,,,24.0,4.330708661417292,3.1017607174103015,5.88,4.125,21.474588403722237,25.7247673586256,84.4325,
2004-09-04,,,,,,,,24.0,4.822834645669257,3.84678477690286,6.67,4.4070833333333335,20.356120257695036,24.15891195418752,84.6575,
2004-09-05,,,,,,,,24.0,11.745406824146897,7.089348206474139,8.33,5.058333333333333,36.68575518969215,44.06764495347168,84.905,
2004-09-06,,,,,,,,24.0,13.681102362204626,11.659284776902803,8.33,6.038333333333334,37.13314244810304,45.857193987115195,83.5475,
2004-09-07,,,,,,,,24.0,9.580052493438252,6.7161526684164,7.69,5.085833333333333,25.053686471009275,29.751252684323518,82.58,
2004-09-08,,,,,,,,24.0,4.527559055118077,2.77914479440068,5.88,4.503333333333333,12.974230493915519,15.43486041517536,83.615,
2004-09-09,,,,,,,,24.0,1.9356955380577288,1.192038495188093,5.26,3.9629166666666666,8.27666428060128,10.51360057265568,83.54,
2004-09-10,,,,,,,,24.0,2.460629921259825,1.8400043744531804,5.0,3.74,26.619541875447357,33.33035075161056,83.585,
2004-09-11,,,,,,,,24.0,3.8057742782151958,3.1386701662291987,5.56,4.0808333333333335,18.342877594846076,22.369362920544,83.375,
2004-09-12,,,,,,,,24.0,5.872703412073449,4.899387576552896,6.25,4.700833333333333,22.816750178954877,27.51431639226912,83.25500000000001,
2004-09-13,,,,,,,,24.0,7.119422572178427,5.673118985126819,6.67,5.004166666666666,25.948460987831037,31.98818897637792,83.1275,
2004-09-14,,,,,,,,24.0,15.452755905511701,9.487095363079549,14.29,5.9558333333333335,35.11989978525408,44.29133858267712,82.8875,
2004-09-15,,,,,,,,24.0,39.53412073490786,29.82283464566908,14.29,9.5,50.77845382963488,66.66070150322112,82.0475,
2004-09-16,,,,,,,,24.0,34.12073490813624,19.346019247593915,12.5,7.937083333333334,47.870436649964155,62.186828919112315,79.8875,
2004-09-17,,,,,,,,24.0,8.661417322834584,4.496117672790869,7.69,5.2175,16.55332856120256,20.356120257695036,80.15,
2004-09-18,,,,,,,,24.0,2.7230971128608727,1.5570319335083005,6.67,4.150833333333334,12.974230493915519,14.987473156764478,80.61500000000001,
2004-09-19,,,,,,,,24.0,4.494750656167947,2.4319225721784603,5.88,3.9829166666666667,21.474588403722237,26.172154617036476,80.2025,
2004-09-20,,,,,,,,24.0,8.398950131233535,6.5124671916010035,7.14,5.172916666666667,25.948460987831037,30.422333571939838,79.40750000000001,
2004-09-21,,,,,,,,24.0,10.892388451443491,8.988134295712973,8.33,5.716666666666668,29.303865425912637,35.567287043664955,79.06250000000001,
2004-09-22,,,,,,,,24.0,10.892388451443491,8.915682414698098,8.33,5.757083333333334,29.080171796707198,36.01467430207584,78.98,
2004-09-23,,,,,,,,24.0,8.16929133858262,5.990266841644752,7.69,5.166250000000001,26.619541875447357,31.317108088761596,79.46000000000001,
2004-09-24,,,,,,,,24.0,4.166666666666637,3.239829396325436,7.14,4.385416666666667,18.79026485325696,22.14566929133856,79.49000000000001,
2004-09-25,,,,,,,,24.0,4.691601049868733,3.629429133858242,6.67,4.28875,23.04044380816032,28.85647816750176,79.63250000000001,
2004-09-26,,,,,,,,24.0,8.694225721784715,7.264326334208173,6.67,5.196666666666666,29.080171796707198,33.77773801002144,79.4,
2004-09-27,,,,,,,,24.0,8.20209973753275,5.714129483814482,7.14,4.8254166666666665,26.172154617036476,30.1986399427344,79.0925,
2004-09-28,,,,,,,,24.0,3.8057742782151958,2.0641951006124084,5.88,3.959166666666667,12.974230493915519,14.987473156764478,79.5275,
2004-09-29,,,,,,,,24.0,1.509186351706026,1.2480861767279001,4.35,3.577916666666667,10.96098783106656,12.974230493915519,79.58000000000001,
2004-09-30,,,,,,,,24.0,0.9842519685039299,0.6794072615922963,4.76,3.4945833333333334,6.03972798854688,7.6055833929849594,80.4875,
2004-10-01,,,,,,,,24.0,1.279527559055109,0.6137904636920342,7.14,2.2666666666666666,10.066213314244798,12.07945597709376,79.99249999999999,
2004-10-02,,,,,,,,24.0,1.9356955380577288,1.4285323709536208,6.67,4.045416666666667,11.184681460272,12.974230493915519,80.285,
2004-10-03,,,,,,,,24.0,2.165354330708646,1.6800634295712915,7.69,4.9625,12.303149606299199,14.31639226914816,81.1025,
2004-10-04,,,,,,,,24.0,1.8700787401574668,1.3984580052493338,7.69,4.639166666666667,11.408375089477438,12.974230493915519,80.61500000000001,
2004-10-05,,,,,,,,24.0,2.95275590551179,2.1831255468066337,8.33,4.173333333333333,15.658554044380798,18.79026485325696,80.13499999999999,
2004-10-06,,,,,,,,24.0,5.610236220472401,4.236384514435665,6.25,4.420416666666667,23.487831066571196,28.409090909090875,80.7875,
2004-10-07,,,,,,,,24.0,10.006561679789954,8.144685039370021,7.69,5.554583333333333,26.619541875447357,32.4355762347888,80.2625,
2004-10-08,,,,,,,,24.0,9.973753280839825,7.615649606299158,7.69,5.535,26.619541875447357,32.65926986399424,79.175,
2004-10-09,,,,,,,,24.0,6.88976377952751,5.909612860892346,7.69,4.957083333333334,23.71152469577664,27.738010021474558,78.98,
2004-10-10,,,,,,,,24.0,9.514435695537989,6.333388013998205,7.14,5.113333333333333,35.7909806728704,44.515032211882556,78.98,
2004-10-11,,,,,,,,24.0,10.695538057742706,7.816601049868711,7.69,5.614166666666667,34.44881889763776,40.93593414459552,78.98,
2004-10-12,,,,,,,,24.0,5.57742782152227,4.217246281714756,7.14,5.007916666666667,16.105941302791678,19.461345740873277,79.1225,
2004-10-13,,,,,,,,24.0,6.003937007873973,4.528926071741001,6.25,4.523333333333333,21.474588403722237,25.7247673586256,78.8825,
2004-10-14,,,,,,,,24.0,4.625984251968471,3.323217410323686,6.25,4.113333333333333,17.67179670722976,21.698282032927676,78.875,
2004-10-15,,,,,,,,24.0,8.759842519684977,5.444827209098824,7.14,4.697083333333333,27.961703650679997,36.68575518969215,78.545,
2004-10-16,,,,,,,,24.0,2.95275590551179,2.503007436570411,7.14,4.192083333333334,12.974230493915519,15.658554044380798,78.4625,
2004-10-17,,,,,,,,24.0,2.329396325459301,1.536288942143091,6.67,3.8639130434782603,14.763779527559038,17.8954903364352,78.89,
2004-10-18,,,,,,,,24.0,2.493438320209956,1.8290682414698032,5.26,3.6191666666666666,13.421617752326398,17.448103078024317,78.54499999999999,
2004-10-19,,,,,,,,24.0,2.7230971128608727,2.461996937882747,5.26,3.97125,15.43486041517536,18.119183965640637,78.725,
2004-10-20,,,,,,,,24.0,2.7230971128608727,2.3731408573928086,5.88,4.235,14.31639226914816,16.777022190407997,78.995,
2004-10-21,,,,,,,,24.0,2.3622047244094317,1.5830052493438205,7.14,4.117916666666667,8.9477451682176,10.737294201861118,79.1,
2004-10-22,,,,,,,,24.0,2.8543307086613967,1.8003608923884384,6.25,3.8945833333333337,13.645311381531839,17.8954903364352,78.75500000000001,
2004-10-23,,,,,,,,24.0,4.297900262467161,3.3095472440944644,6.25,4.4575000000000005,16.32963493199712,20.132426628489597,78.4775,
2004-10-24,,,,,,,,24.0,2.0013123359579907,1.3834208223971904,5.26,3.78125,10.066213314244798,13.19792412312096,78.35749999999999,
2004-10-25,,,,,,,,24.0,1.5419947506561569,1.1537620297462736,5.88,3.7241666666666666,6.9345025053686395,9.39513242662848,79.2125,
2004-10-26,,,,,,,,24.0,1.738845144356943,1.2412510936132892,5.56,3.4604166666666667,11.85576234788832,14.540085898353599,78.7475,
2004-10-27,,,,,,,,24.0,3.2808398950131,2.4483267716535253,5.56,4.1379166666666665,11.85576234788832,14.540085898353599,78.1175,
2004-10-28,,,,,,,,24.0,2.0013123359579907,1.5406277340332346,7.14,3.866666666666667,11.408375089477438,15.211166785969919,79.0625,
2004-10-29,,,,,,,,24.0,1.246719160104978,1.051235783027114,7.69,4.696666666666666,5.1449534717251195,7.15819613457408,78.3575,
2004-10-30,,,,,,,,24.0,1.1811023622047159,1.0197944006999053,7.69,5.142499999999999,8.052970651395839,9.84251968503936,78.185,
2004-10-31,,,,,,,,25.0,2.7559055118110036,1.5288713910761045,7.14,4.199199999999999,15.882247673586237,18.342877594846076,78.008,
2004-11-01,,,,,,,,24.0,4.92125984251965,4.172134733158326,6.67,4.50125,19.68503937007872,22.593056549749438,77.83250000000001,
2004-11-02,,,,,,,,24.0,6.758530183726986,5.790682414698121,7.69,5.1225,22.593056549749438,27.290622763063677,79.1375,
2004-11-03,,,,,,,,24.0,5.150918635170567,3.995789588801371,7.14,4.690833333333333,19.0139584824624,23.04044380816032,79.31,
2004-11-04,,,,,,,,24.0,7.053805774278165,5.332731846019209,9.09,4.99125,24.38260558339296,29.303865425912637,78.6875,
2004-11-05,,,,,,,,24.0,7.8412073490813095,6.139271653543263,7.69,4.960833333333333,25.27738010021472,30.646027201145277,77.24000000000001,
2004-11-06,,,,,,,,24.0,4.888451443569519,3.2343613298337477,5.88,4.176666666666667,17.67179670722976,23.487831066571196,76.985,
2004-11-07,,,,,,,,24.0,1.31233595800524,1.1223206474190646,4.35,3.389583333333333,10.96098783106656,14.763779527559038,76.67750000000001,
2004-11-08,,,,,,,,24.0,3.7073490813648027,2.362204724409432,4.76,3.669166666666667,21.92197566213312,25.50107372942016,77.24000000000001,
2004-11-09,,,,,,,,24.0,8.136482939632488,5.581528871391036,7.14,4.679166666666667,26.619541875447357,31.764495347172474,77.30749999999999,
2004-11-10,,,,,,,,24.0,8.989501312335895,7.647090988626366,8.33,5.445833333333333,27.290622763063677,33.77773801002144,77.2175,
2004-11-11,,,,,,,,24.0,8.234908136482881,6.9540135608048494,7.69,5.321666666666666,25.948460987831037,31.093414459556158,77.09,
2004-11-12,,,,,,,,24.0,5.839895013123318,4.412729658792619,7.14,4.639583333333333,24.15891195418752,28.85647816750176,77.10499999999999,
2004-11-13,,,,,,,,24.0,3.1167979002624446,2.6151027996500247,5.26,4.204583333333333,13.19792412312096,16.32963493199712,76.05499999999999,
2004-11-14,,,,,,,,24.0,12.270341207348995,8.322397200349897,8.33,5.579166666666667,30.422333571939838,36.46206156048672,76.0175,
2004-11-15,,,,,,,,24.0,12.270341207348995,8.318296150481132,8.33,5.5879166666666675,28.409090909090875,35.11989978525408,75.86,
2004-11-16,,,,,,,,23.0,7.644356955380523,5.391989044847616,7.14,4.8734782608695655,23.264137437365758,27.961703650679997,75.72434782608696,
2004-11-17,,,,,,,,24.0,3.8713910761154575,3.104494750656146,6.25,4.190416666666667,16.777022190407997,21.02720114531136,75.47,
2004-11-18,,,,,,,,24.0,3.8057742782151958,3.3300524934382962,5.56,4.2075000000000005,17.448103078024317,21.92197566213312,75.3275,
2004-11-19,,,,,,,,24.0,5.511811023622007,4.415463692038463,6.25,4.4125000000000005,23.487831066571196,30.422333571939838,75.5675,
2004-11-20,,,,,,,,24.0,4.363517060367423,3.485892388451419,5.88,4.47125,15.882247673586237,18.79026485325696,75.6425,
2004-11-21,,,,,,,,24.0,3.379265091863493,3.019739720034974,6.67,4.3566666666666665,16.105941302791678,18.119183965640637,75.62,
2004-11-22,,,,,,,,24.0,3.379265091863493,2.8953412073490603,7.14,4.42625,15.882247673586237,19.23765211166784,75.665,
2004-11-23,,,,,,,,24.0,3.9370078740157197,3.082622484689392,5.88,4.108333333333333,19.23765211166784,22.593056549749438,76.2275,
2004-11-24,,,,,,,,24.0,9.317585301837203,5.975229658792609,8.33,4.899583333333333,30.1986399427344,36.238367931281275,76.265,
2004-11-25,,,,,,,,24.0,11.056430446194147,8.676454505686728,9.09,5.928333333333334,28.63278453829632,35.11989978525408,75.4175,
2004-11-26,,,,,,,,24.0,4.7244094488188635,3.3833661417322585,9.09,4.570833333333333,14.987473156764478,20.356120257695036,74.66,
2004-11-27,,,,,,,,23.0,7.644356955380523,4.299326714595428,6.67,4.25695652173913,31.540801717967035,37.80422333571936,74.51913043478261,
2004-11-28,,,,,,,,24.0,6.627296587926462,4.930828958880105,7.69,5.129583333333334,20.132426628489597,25.27738010021472,74.36,
2004-11-29,,,,,,,,24.0,3.182414698162707,2.7477034120734714,6.67,3.987083333333333,16.55332856120256,20.80350751610592,74.2925,
2004-11-30,,,,,,,,24.0,4.560367454068208,3.1414041994750432,5.88,4.0175,20.356120257695036,24.606299212598397,74.45,
2004-12-01,,,,,,,,24.0,7.513123359579999,5.0497594050743295,7.14,4.702916666666666,25.50107372942016,30.1986399427344,74.5625,
2004-12-02,,,,,,,,24.0,3.7729658792650644,2.4114173228346285,7.69,4.185416666666667,14.540085898353599,18.342877594846076,74.42750000000001,
2004-12-03,,,,,,,,24.0,3.412073490813624,2.5084755030620993,5.0,3.9104166666666664,17.22440944881888,21.698282032927676,73.24249999999999,
2004-12-04,,,,,,,,24.0,2.0013123359579907,1.2754265091863426,7.69,3.7399999999999998,15.658554044380798,19.461345740873277,72.89,
2004-12-05,,,,,,,,24.0,5.1837270341206985,3.755194663167077,5.88,4.117083333333333,22.14566929133856,25.948460987831037,74.1425,
2004-12-06,,,,,,,,24.0,4.429133858267686,4.0285979877515015,6.67,4.464583333333334,18.79026485325696,22.816750178954877,74.3375,
2004-12-07,,,,,,,,24.0,6.200787401574758,4.4168307086613865,7.14,5.03125,21.698282032927676,26.172154617036476,74.3,
2004-12-08,,,,,,,,24.0,4.199475065616768,3.353291776027973,7.69,4.86125,17.448103078024317,21.698282032927676,74.465,
2004-12-09,,,,,,,,24.0,5.708661417322793,4.375820209973723,6.25,4.57625,22.593056549749438,27.51431639226912,74.25500000000001,
2004-12-10,,,,,,,,24.0,9.645669291338514,7.581474190726106,7.69,5.29125,27.961703650679997,34.896206156048635,73.86500000000001,
2004-12-11,,,,,,,,24.0,11.876640419947423,9.694881889763712,9.09,6.013333333333333,28.85647816750176,37.13314244810304,72.51499999999999,
2004-12-12,,,,,,,,24.0,6.5616797900262,3.71828521434818,9.09,5.183333333333334,14.763779527559038,22.593056549749438,73.30250000000001,
2004-12-13,,,,,,,,24.0,6.036745406824104,3.9465769903761747,6.67,4.127083333333332,23.487831066571196,29.303865425912637,73.8875,
2004-12-14,,,,,,,,24.0,8.923884514435633,7.842574365704231,7.69,5.250416666666667,26.843235504652796,36.238367931281275,73.10749999999999,
2004-12-15,,,,,,,,24.0,9.48162729658786,6.3853346456692455,7.14,4.965416666666666,25.948460987831037,34.44881889763776,72.665,
2004-12-16,,,,,,,,24.0,5.347769028871353,4.794127296587892,7.14,4.882083333333333,19.23765211166784,25.053686471009275,72.7625,
2004-12-17,,,,,,,,24.0,4.757217847768994,3.69914698162727,6.25,4.367916666666666,21.698282032927676,26.39584824624192,72.005,
2004-12-18,,,,,,,,24.0,2.395013123359563,1.9274934383201958,8.33,4.021666666666667,13.645311381531839,19.461345740873277,71.975,
2004-12-19,,,,,,,,24.0,11.286089238845063,6.841918197725236,7.69,4.880416666666666,28.63278453829632,38.69899785254112,71.88499999999999,
2004-12-20,,,,,,,,24.0,9.055118110236155,5.1331474190725785,7.69,4.926666666666667,24.38260558339296,31.540801717967035,70.7225,
2004-12-21,,,,,,,,24.0,5.708661417322793,3.476323272090964,6.67,4.036666666666666,28.85647816750176,34.896206156048635,71.04499999999999,
2004-12-22,,,,,,,,24.0,11.679790026246636,9.679844706911569,8.33,5.880833333333334,36.01467430207584,43.62025769506079,71.4425,
2004-12-23,,,,,,,,24.0,10.039370078740086,7.843941382327152,8.33,5.716666666666666,32.882963493199675,39.37007874015744,71.315,
2004-12-24,,,,,,,,24.0,6.528871391076069,4.882983377077831,8.33,4.696666666666666,26.39584824624192,33.554044380815995,70.175,
2004-12-25,,,,,,,,24.0,15.321522309711176,7.630686789151302,8.33,5.053333333333334,38.922691481746554,221.45669291338558,70.355,
2004-12-26,,,,,,,,24.0,14.041994750656068,7.961504811898455,8.33,5.2925,,221.45669291338558,70.2575,
2004-12-27,,,,,,,,24.0,4.035433070866113,3.3013451443569313,5.0,4.0441666666666665,,221.45669291338558,70.05499999999999,
2004-12-28,,,,,,,,24.0,4.26509186351703,3.5269028871390824,6.25,4.335,,221.45669291338558,70.19,
2004-12-29,,,,,,,,24.0,3.248031496062969,2.7641076115485363,6.25,4.291666666666667,,221.45669291338558,69.8975,
2004-12-30,,,,,,,,24.0,3.9370078740157197,3.1974518810148504,5.88,4.305416666666667,,221.45669291338558,69.53,
2004-12-31,,,,,,,,24.0,5.938320209973711,4.768153980752372,8.33,4.871666666666667,,221.45669291338558,70.2725,
2005-01-01,,,,,,,,24.0,5.708661417322793,5.241141732283427,7.14,5.0275,,221.45669291338558,70.42999999999999,
2005-01-02,,,,,,,,24.0,4.888451443569519,4.204943132108456,9.09,4.928333333333334,,221.45669291338558,70.3175,
2005-01-03,,,,,,,,24.0,4.297900262467161,3.8016732283464294,9.09,4.775833333333334,,221.45669291338558,70.325,
2005-01-04,,,,,,,,24.0,4.0026246719159815,3.4394138232720666,9.09,4.924166666666667,,221.45669291338558,70.3625,
2005-01-05,,,,,,,,24.0,4.166666666666637,3.089457567804002,8.33,4.580416666666667,,221.45669291338558,70.1,
2005-01-06,,,,,,,,24.0,4.232283464566899,3.205653980752383,7.69,4.78625,,221.45669291338558,69.7775,
2005-01-07,,,,,,,,24.0,3.477690288713886,2.8967082239719826,8.33,4.645,,221.45669291338558,69.995,
2005-01-08,,,,,,,,24.0,2.8543307086613967,2.62467191601048,7.14,4.430434782608696,,221.45669291338558,70.295,
2005-01-09,,,,,,,,24.0,2.526246719160087,2.121609798775138,7.14,4.772916666666666,,221.45669291338558,70.8875,
2005-01-10,,,,,,,,24.0,1.9685039370078599,1.5611329833770666,7.69,5.215833333333333,,221.45669291338558,70.85749999999999,
2005-01-11,,,,,,,,24.0,3.149606299212576,2.4018482064741735,8.33,4.866666666666666,,221.45669291338558,70.2875,
2005-01-12,,,,,,,,24.0,6.102362204724366,4.550798337707754,7.14,4.659166666666667,,221.45669291338558,70.3925,
2005-01-13,,,,,,,,24.0,12.13910761154847,8.751640419947446,9.09,5.853750000000001,,221.45669291338558,70.5275,
2005-01-14,,,,,,,,24.0,9.448818897637727,5.9697021567955755,9.09,5.155217391304347,,221.45669291338558,70.4,
2005-01-15,,,,,,,,24.0,6.496062992125938,5.019685039370043,6.67,4.735833333333333,,221.45669291338558,70.1,
2005-01-16,,,,,,,,24.0,8.20209973753275,5.4889877895697445,6.67,4.702173913043478,,221.45669291338558,70.05826086956522,
2005-01-17,,,,,,,,24.0,8.267716535433012,5.884186351705996,7.14,4.8085,,221.45669291338558,68.8025,
2005-01-18,,,,,,,,24.0,5.24934383202096,4.256533150747431,5.88,4.464782608695653,,221.45669291338558,69.22869565217391,
2005-01-19,,,,,,,,24.0,2.887139107611528,1.8672258359009335,5.56,4.2126086956521736,,221.45669291338558,69.2,
2005-01-20,,,,,,,,24.0,4.757217847768994,3.52553587051616,5.88,4.1175,,221.45669291338558,68.795,
2005-01-21,,,,,,,,24.0,5.052493438320174,3.8631889763779252,6.25,4.482500000000001,,221.45669291338558,69.2825,
2005-01-22,,,,,,,,24.0,6.233595800524889,3.44214785651791,5.88,4.147083333333334,,221.45669291338558,69.14,
2005-01-23,,,,,,,,23.0,14.140419947506459,9.545193569553737,8.33,5.839375,,221.45669291338558,68.42260869565217,
2005-01-24,,,,,,,,24.0,5.90551181102358,3.4990870706378843,6.25,4.528260869565217,,221.45669291338558,67.955,
2005-01-25,,,,,,,,24.0,2.493438320209956,1.9548337707786387,5.0,3.720833333333333,,221.45669291338558,68.0225,
2005-01-26,,,,,,,,24.0,4.658792650918602,3.591152668416422,6.25,4.3775,,221.45669291338558,68.36749999999999,
2005-01-27,,,,,,,,24.0,4.035433070866113,2.910378390201204,6.25,4.3308333333333335,,221.45669291338558,68.29249999999999,
2005-01-28,,,,,,,,24.0,13.18897637795266,8.856900699912446,9.09,5.529166666666666,,221.45669291338558,67.9925,
2005-01-29,,,,,,,,24.0,11.909448818897552,9.337555631632934,9.09,5.898695652173914,,221.45669291338558,67.82,
2005-01-30,,,,,,,,24.0,5.511811023622007,4.128937007873986,7.69,4.8625,,221.45669291338558,67.4525,
2005-01-31,,,,,,,,24.0,3.379265091863493,2.8186694054547328,6.67,4.105652173913043,,221.45669291338558,67.34,
2005-02-01,9.0,14.540085898353599,26.39584824624192,55.58,47.48,58.44,,24.0,6.069553805774235,4.505686789151324,6.25,4.35375,,221.45669291338558,67.325,
2005-02-02,23.0,22.816750178954877,26.619541875447357,57.56,46.58,57.40347826086956,,24.0,8.070866141732226,6.911636045494263,6.67,5.050833333333333,,221.45669291338558,67.7675,
2005-02-03,24.0,19.0139584824624,27.738010021474558,58.82,48.02,57.41,,24.0,6.92257217847764,5.67116610423693,6.67,4.770952380952381,,221.45669291338558,69.04249999999999,
2005-02-04,24.0,12.303149606299199,22.816750178954877,58.82,41.9,57.845000000000006,,24.0,7.316272965879213,5.112642169728748,6.67,4.69,,221.45669291338558,67.22521739130434,
2005-02-05,22.0,12.526843235504638,21.698282032927676,61.88,43.519999999999996,58.72181818181818,,24.0,5.052493438320174,4.133858267716506,6.25,4.24625,,221.45669291338558,67.3175,
2005-02-06,17.0,13.19792412312096,20.579813886900478,62.78,49.82,58.46,,22.0,6.725721784776854,5.42275965504308,6.67,4.842380952380953,,221.45669291338558,67.49272727272728,
2005-02-07,5.0,7.6055833929849594,14.763779527559038,60.8,59.36,59.936,,24.0,6.528871391076069,4.5125218722659355,5.88,4.5095833333333335,,221.45669291338558,68.57,
2005-02-08,14.0,9.84251968503936,20.579813886900478,61.519999999999996,59.540000000000006,60.787142857142854,,24.0,3.018372703412052,2.4483267716535253,7.14,4.201666666666667,,221.45669291338558,70.1225,
2005-02-09,24.0,12.07945597709376,25.27738010021472,63.68,60.26,60.477500000000006,,23.0,2.690288713910742,2.21847269091362,6.67,3.9404761904761907,,221.45669291338558,69.37454545454545,
2005-02-10,24.0,24.15891195418752,32.882963493199675,63.14,42.44,59.315,,21.0,8.989501312335895,6.384128454531373,7.69,5.009411764705882,,221.45669291338558,67.93700000000001,
2005-02-11,24.0,14.540085898353599,23.04044380816032,58.82,35.6,59.269999999999996,,18.0,7.742782152230915,4.708005249343798,6.67,4.655,,221.45669291338558,67.1675,
2005-02-12,22.0,16.55332856120256,20.579813886900478,59.9,47.84,58.85272727272727,,18.0,2.198162729658777,1.6513560804899268,4.76,3.918333333333333,,221.45669291338558,67.55600000000001,
2005-02-13,24.0,22.369362920544,37.35683607730847,61.16,53.24,59.42,,23.0,4.888451443569519,1.9535910283941644,4.55,3.609545454545454,,221.45669291338558,69.1504347826087,
2005-02-14,24.0,14.092698639942718,21.02720114531136,63.86,58.459999999999994,60.425,,22.0,6.003937007873973,5.2624671916010115,7.69,5.1835,,221.45669291338558,68.96857142857144,
2005-02-15,24.0,11.632068718682879,14.31639226914816,61.16,58.1,60.665000000000006,,24.0,4.232283464566899,3.0074365704286747,6.67,4.70375,,221.45669291338558,70.03999999999999,
2005-02-16,24.0,14.31639226914816,18.79026485325696,63.86,60.8,61.37,,24.0,2.329396325459301,1.7685289338832515,6.67,4.458571428571428,,221.45669291338558,71.1575,
2005-02-17,22.0,15.211166785969919,22.816750178954877,62.6,49.82,60.480909090909094,,17.0,1.64041994750655,1.523247094113225,5.26,4.029999999999999,,221.45669291338558,70.32363636363635,
2005-02-18,22.0,16.777022190407997,23.935218324982078,59.36,43.34,59.42545454545454,,20.0,5.971128608923842,4.710348706411665,6.25,4.4799999999999995,,221.45669291338558,68.2178947368421,
2005-02-19,23.0,13.645311381531839,21.92197566213312,59.0,43.16,59.02347826086957,,24.0,4.560367454068208,3.8505130040562836,6.25,4.2731818181818175,,221.45669291338558,67.8904347826087,
2005-02-20,24.0,14.540085898353599,26.619541875447357,62.6,49.82,59.397499999999994,,24.0,4.101049868766375,3.168150176880041,5.88,4.301304347826087,,221.45669291338558,68.3075,
2005-02-21,24.0,11.632068718682879,20.579813886900478,64.22,61.34,61.002500000000005,,24.0,5.380577427821484,3.752460629921233,7.14,4.887083333333334,,221.45669291338558,68.885,
2005-02-22,24.0,11.632068718682879,17.448103078024317,64.04,61.519999999999996,61.790000000000006,,15.0,3.313648293963231,2.715806357538622,7.14,5.014444444444445,,221.45669291338558,69.58142857142857,
2005-02-23,24.0,12.974230493915519,25.27738010021472,65.66,60.440000000000005,62.225,,24.0,5.314960629921222,2.216706607326242,8.33,4.935217391304348,,221.45669291338558,70.8725,
2005-02-24,23.0,18.56657122405152,26.172154617036476,66.38,58.1,62.39652173913044,,22.0,6.036745406824104,4.289151356080459,6.67,5.024,,221.45669291338558,75.5190909090909,
2005-02-25,24.0,14.987473156764478,21.92197566213312,59.540000000000006,54.68,60.92,,23.0,4.625984251968471,4.081364829396297,5.56,4.203000000000001,,221.45669291338558,74.60857142857142,
2005-02-26,24.0,15.43486041517536,20.80350751610592,60.8,49.1,60.379999999999995,,23.0,5.511811023622007,4.394685039370047,6.25,4.546000000000001,,221.45669291338558,74.51130434782608,
2005-02-27,24.0,21.698282032927676,31.093414459556158,64.58,53.42,60.275,,23.0,10.531496062992051,7.0437108822935075,7.14,5.295384615384616,,221.45669291338558,73.66181818181818,
2005-02-28,24.0,26.172154617036476,38.0279169649248,59.36,53.42,60.575,,23.0,9.612860892388383,7.191601049868716,9.09,5.369333333333333,,221.45669291338558,72.41818181818181,
2005-03-01,24.0,24.606299212598397,29.974946313528957,59.540000000000006,44.239999999999995,60.0425,,23.0,7.808398950131178,6.81909953563492,8.33,5.121538461538462,,221.45669291338558,70.71565217391303,
2005-03-02,24.0,15.882247673586237,20.579813886900478,53.96,37.22,59.5175,,20.0,4.625984251968471,2.890419947506541,5.88,4.233,,221.45669291338558,71.26842105263158,
2005-03-03,20.0,9.61882605583392,14.987473156764478,50.54,42.980000000000004,59.95399999999999,,24.0,5.24934383202096,3.272637795275567,6.25,3.9333333333333336,,221.45669291338558,71.1875,
2005-03-04,24.0,12.974230493915519,14.987473156764478,57.379999999999995,39.38,59.9375,,22.0,5.052493438320174,3.250765529308813,8.33,4.860833333333334,,221.45669291338558,70.79899999999999,
2005-03-05,24.0,17.000715819613436,221.45669291338558,64.4,47.66,60.410000000000004,,24.0,2.690288713910742,1.9257103731598633,7.69,4.336956521739131,,221.45669291338558,71.435,
2005-03-06,24.0,14.092698639942718,25.053686471009275,61.519999999999996,50.18,60.635,,23.0,3.313648293963231,2.5403074615672856,5.0,3.9909523809523813,,221.45669291338558,70.28272727272727,
2005-03-07,29.0,14.540085898353599,31.764495347172474,63.68,55.76,61.8125,,23.0,12.43438320209965,4.2299400074990325,7.69,4.235714285714286,,221.45669291338558,72.17272727272727,
2005-03-08,22.0,32.4355762347888,55.252326413743674,65.48,50.36,61.655,,16.0,13.648293963254496,11.969597550306124,8.33,6.255,,221.45669291338558,72.61571428571428,
2005-03-09,23.0,11.85576234788832,16.777022190407997,53.24,46.22,60.377391304347825,,20.0,5.282152230971091,3.396634244248856,7.14,4.434117647058823,,221.45669291338558,71.249,
2005-03-10,22.0,17.448103078024317,21.92197566213312,59.18,46.58,60.39909090909091,,22.0,5.1837270341206985,4.142607174103207,6.67,4.642,,221.45669291338558,71.41999999999999,
2005-03-11,11.0,24.15891195418752,46.08088761632064,62.78,55.76,60.587272727272726,,24.0,8.858267716535371,4.632135826771621,7.14,4.563124999999999,,221.45669291338558,71.8325,
2005-03-12,11.0,17.8954903364352,39.593772369362874,64.58,63.86,62.092727272727274,,20.0,5.347769028871353,4.40288713910758,6.25,4.683000000000001,,221.45669291338558,70.9178947368421,
2005-03-13,19.0,16.55332856120256,30.422333571939838,66.2,64.22,62.0978947368421,,24.0,5.380577427821484,4.249652616952262,6.25,4.603529411764706,,221.45669291338558,71.21,
2005-03-14,24.0,11.632068718682879,22.369362920544,66.74000000000001,61.16,64.0925,,20.0,4.494750656167947,4.0157480314960345,7.14,5.034000000000001,,221.45669291338558,72.1,
2005-03-15,24.0,17.67179670722976,32.65926986399424,66.2,55.58,62.375,,21.0,3.8057742782151958,3.4428313648293716,6.25,4.0287500000000005,,221.45669291338558,70.87142857142857,
2005-03-16,27.0,17.22440944881888,221.45669291338558,66.02,57.74,63.032000000000004,,22.0,6.003937007873973,4.584973753280807,8.33,4.711875,,221.45669291338558,70.54454545454544,
2005-03-17,24.0,11.632068718682879,18.342877594846076,56.66,49.28,62.8025,,19.0,4.625984251968471,4.0026246719159815,8.33,4.695555555555556,,221.45669291338558,70.13157894736842,
2005-03-18,24.0,13.19792412312096,24.38260558339296,57.92,43.879999999999995,62.705,,19.0,4.0026246719159815,3.193350831146083,8.33,4.556666666666667,,221.45669291338558,69.78800000000001,
2005-03-19,24.0,11.632068718682879,20.80350751610592,62.059999999999995,44.96,62.7725,,23.0,2.0013123359579907,1.545119360079979,8.33,4.512380952380952,,221.45669291338558,70.18454545454544,
2005-03-20,12.0,15.882247673586237,34.896206156048635,64.04,53.96,63.019999999999996,,24.0,6.364829396325414,2.7715964852219366,5.88,3.8317391304347823,,221.45669291338558,70.025,
2005-03-21,19.0,12.974230493915519,26.619541875447357,68.0,56.48,63.62315789473684,,24.0,7.6115485564303915,5.700459317585262,8.33,5.263499999999999,,221.45669291338558,70.0625,
2005-03-22,24.0,23.71152469577664,47.64674302075872,67.46,64.58,64.04,,24.0,6.003937007873973,5.00510352872554,8.33,5.21,,221.45669291338558,70.295,
2005-03-23,22.0,18.342877594846076,33.10665712240512,66.74000000000001,64.04,64.76818181818182,,24.0,7.447506561679737,4.890274132400082,7.69,5.158888888888888,,221.45669291338558,70.265,
2005-03-24,24.0,12.07945597709376,22.369362920544,67.1,53.96,64.505,,21.0,3.8713910761154575,3.0785214348206256,9.09,4.740555555555556,,221.45669291338558,70.40857142857142,
2005-03-25,24.0,13.19792412312096,221.45669291338558,74.66,65.48,66.2675,,24.0,4.330708661417292,3.896387951506034,8.33,5.1347619047619055,,221.45669291338558,70.9775,
2005-03-26,5.0,13.869005010737279,28.185397279885436,68.9,65.12,66.74000000000001,,24.0,4.330708661417292,3.6819971367215194,7.14,5.030454545454545,,221.45669291338558,72.07249999999999,
2005-03-27,17.0,33.10665712240512,78.292770221904,71.6,65.3,67.32235294117646,,24.0,8.759842519684977,6.5616797900262,8.33,5.208235294117647,,221.45669291338558,71.3495652173913,
2005-03-28,10.0,36.68575518969215,73.14781675017888,64.04,54.5,65.318,,16.0,12.1719160104986,10.59242594675658,9.09,6.1071428571428585,,221.45669291338558,70.112,
2005-03-29,18.0,17.22440944881888,29.751252684323518,65.66,52.52,65.16,,,,,,,,,,
2005-03-30,19.0,18.119183965640637,31.317108088761596,66.92,62.059999999999995,66.29473684210527,,,,,,,,,,
2005-03-31,23.0,20.80350751610592,33.554044380815995,69.8,64.75999999999999,66.50521739130434,,1.0,,,,,,221.45669291338558,66.56,
2005-04-01,29.0,27.290622763063677,47.870436649964155,69.44,58.64,66.20782608695652,,14.0,,,,,,221.45669291338558,67.25230769230768,
2005-04-02,19.0,26.172154617036476,55.923407301359994,66.2,54.5,65.0821052631579,,11.0,,,,,,221.45669291338558,65.39818181818183,
2005-04-03,23.0,20.579813886900478,36.909448818897594,64.04,48.74,64.84608695652175,,19.0,,,,,,221.45669291338558,50.99,
2005-04-04,24.0,18.119183965640637,23.935218324982078,66.2,52.34,65.18,,18.0,,,,,,221.45669291338558,,
2005-04-05,21.0,15.211166785969919,25.7247673586256,67.82,59.72,66.32000000000001,,21.0,,,,,,221.45669291338558,,
2005-04-06,30.0,29.080171796707198,44.738725841088,68.9,62.42,67.05304347826088,,24.0,,,,,,221.45669291338558,,
2005-04-07,23.0,28.185397279885436,47.42304939155328,68.72,64.22,67.50695652173913,,24.0,,,,,,221.45669291338558,,
2005-04-08,24.0,25.7247673586256,48.31782390837504,67.46,60.8,67.1,,24.0,,,,,,221.45669291338558,,
2005-04-09,24.0,12.07945597709376,21.92197566213312,68.54,55.94,67.295,,24.0,,,,,,221.45669291338558,,
2005-04-10,24.0,14.763779527559038,30.1986399427344,68.54,63.14,68.3375,,24.0,,,,,,221.45669291338558,,
2005-04-11,26.0,24.38260558339296,58.38403722261984,69.44,64.4,68.91636363636364,,12.0,,,,,,221.45669291338558,,
2005-04-12,31.0,32.4355762347888,57.489262705798076,69.8,62.059999999999995,68.28173913043479,,,,,,,,,,
2005-04-13,24.0,20.356120257695036,35.11989978525408,69.44,60.08,68.27000000000001,,,,,,,,,,
2005-04-14,23.0,16.105941302791678,30.422333571939838,66.74000000000001,54.32,67.57739130434783,,,,,,,,,,
2005-04-15,19.0,16.777022190407997,26.843235504652796,68.0,50.36,67.23263157894738,,,,,,,,,,
2005-04-16,23.0,14.763779527559038,24.15891195418752,72.68,57.2,67.06086956521739,,,,,,,,,,
2005-04-17,24.0,14.763779527559038,20.80350751610592,73.58,47.66,67.265,,,,,,,,,,
2005-04-18,23.0,14.763779527559038,19.0139584824624,69.25999999999999,50.54,68.17217391304347,,,,,,,,,,
2005-04-19,18.0,12.526843235504638,221.45669291338558,68.36,55.58,68.77000000000001,,,,,,,,,,
2005-04-20,23.0,9.171438797423038,16.32963493199712,70.7,57.2,70.74695652173914,,,,,,,,,,
2005-04-21,23.0,14.31639226914816,27.51431639226912,70.52,58.64,71.96,,,,,,,,,,
2005-04-22,22.0,19.908732999284158,23.264137437365758,72.5,64.58,72.81090909090909,,,,,,,,,,
2005-04-23,24.0,23.487831066571196,48.0941302791696,71.42,60.26,69.5225,,,,,,,,,,
2005-04-24,22.0,23.71152469577664,45.63350035790975,63.68,48.92,67.14090909090909,,,,,,,,,,
2005-04-25,24.0,18.119183965640637,37.35683607730847,65.66,47.84,67.205,,,,,,,,,,
2005-04-26,23.0,27.738010021474558,54.581245526127354,69.8,59.36,66.71652173913043,,,,,,,,,,
2005-04-27,24.0,18.119183965640637,37.13314244810304,69.62,56.84,67.8725,,,,,,,,,,
2005-04-28,24.0,16.32963493199712,28.185397279885436,69.08,58.1,68.4725,,,,,,,,,,
2005-04-29,24.0,17.67179670722976,37.58052970651392,70.52,67.64,69.4775,,,,,,,,,,
2005-04-30,30.0,22.593056549749438,55.69971367215455,71.24000000000001,62.059999999999995,69.70181818181817,,,,,,,,,,
2005-05-01,24.0,17.448103078024317,44.738725841088,73.75999999999999,58.459999999999994,68.8025,,,,,,,,,,
2005-05-02,24.0,15.882247673586237,26.39584824624192,75.92,55.94,68.45,,,,,,,,,,
2005-05-03,23.0,12.974230493915519,221.45669291338558,73.04,56.66,68.9391304347826,,,,,,,,,,
2005-05-04,21.0,0.0,221.45669291338558,76.46,57.2,68.82285714285715,,,,,,,,,,
2005-05-05,24.0,,221.45669291338558,66.92,62.24,68.7125,,,,,,,,,,
2005-05-06,21.0,,221.45669291338558,69.62,56.48,68.76285714285714,,,,,,,,,,
2005-05-07,23.0,,221.45669291338558,71.24000000000001,58.64,70.48869565217392,,,,,,,,,,
2005-05-08,21.0,,221.45669291338558,72.5,59.540000000000006,71.79714285714286,,,,,,,,,,
2005-05-09,24.0,,221.45669291338558,71.78,64.04,73.24249999999999,,,,,,,,,,
2005-05-10,23.0,,221.45669291338558,75.2,68.36,73.89304347826086,,,,,,,,,,
2005-05-11,21.0,,221.45669291338558,80.78,68.36,74.10285714285715,,,,,,,,,,
2005-05-12,24.0,,221.45669291338558,76.1,65.66,74.09,,,,,,,,,,
2005-05-13,24.0,,221.45669291338558,77.0,67.28,76.30250000000001,,,,,,,,,,
2005-05-14,24.0,,221.45669291338558,74.66,69.08,76.52,,,,,,,,,,
2005-05-15,24.0,,221.45669291338558,75.2,71.06,76.7675,,,,,,,,,,
2005-05-16,22.0,,221.45669291338558,77.72,67.82,77.13909090909091,,,,,,,,,,
2005-05-17,12.0,,221.45669291338558,77.36,74.84,78.65,,,,,,,,,,
2005-05-18,24.0,,221.45669291338558,80.6,65.84,78.75500000000001,,,,,,,,,,
2005-05-19,24.0,,221.45669291338558,77.72,69.8,79.3925,,,,,,,,,,
2005-05-20,24.0,,221.45669291338558,79.16,72.68,80.3375,,,,,,,,,,
2005-05-21,23.0,,221.45669291338558,80.6,75.2,80.48260869565217,,,,,,,,,,
2005-05-22,17.0,,221.45669291338558,77.0,68.36,79.7635294117647,,,,,,,,,,
2005-05-23,24.0,,221.45669291338558,79.34,76.1,80.735,,,,,,,,,,
2005-05-24,24.0,,221.45669291338558,80.78,78.62,79.4,,,,,,,,,,
2005-05-25,22.0,,221.45669291338558,79.7,71.06,72.75363636363636,,,,,,,,,,
2005-05-26,24.0,,221.45669291338558,77.0,65.12,75.485,,,,,,,,,,
2005-05-27,23.0,,221.45669291338558,79.16,68.9,77.10173913043478,,,,,,,,,,
2005-05-28,24.0,,221.45669291338558,78.8,71.78,77.7125,,,,,,,,,,
2005-05-29,22.0,,221.45669291338558,80.24000000000001,73.04,78.55454545454545,,,,,,,,,,
2005-05-30,24.0,,221.45669291338558,80.42,71.42,78.35,,,,,,,,,,
2005-05-31,24.0,,221.45669291338558,78.08,73.22,78.065,,,,,,,,,,
2005-06-01,21.0,,221.45669291338558,78.8,72.86,78.00285714285714,,4.0,4.429133858267686,3.805774278215196,7.14,4.61,15.882247673586237,18.56657122405152,79.97,
2005-06-02,15.0,,221.45669291338558,78.08,73.22,78.512,,23.0,4.92125984251965,3.865425912669979,6.67,4.730909090909092,17.22440944881888,21.02720114531136,80.03652173913045,
2005-06-03,21.0,,221.45669291338558,79.16,77.9,79.81142857142855,,24.0,4.133858267716506,3.5897856517935005,8.33,4.649583333333333,15.658554044380798,18.79026485325696,79.9625,
2005-06-04,21.0,,221.45669291338558,79.88,78.08,81.12285714285714,,24.0,3.9370078740157197,3.4913604549431074,9.09,5.073333333333333,15.43486041517536,18.119183965640637,80.4725,
2005-06-05,24.0,,221.45669291338558,81.86,78.08,81.4325,,24.0,4.330708661417292,4.005358705161826,9.09,5.405833333333334,14.540085898353599,17.67179670722976,81.54499999999999,
2005-06-06,24.0,,221.45669291338558,81.14,76.46,82.2875,,24.0,4.133858267716506,3.0566491688538715,9.09,5.741666666666667,8.724051539012159,11.408375089477438,82.57249999999999,
2005-06-07,8.0,,221.45669291338558,82.22,77.36,83.4125,,24.0,2.887139107611528,2.299321959755014,8.33,5.502083333333332,8.052970651395839,9.84251968503936,84.92750000000001,
2005-06-08,14.0,,221.45669291338558,86.18,75.02,81.64142857142858,,24.0,1.804461942257205,1.6062445319334968,8.33,5.255416666666666,10.066213314244798,11.85576234788832,84.54499999999999,
2005-06-09,23.0,,221.45669291338558,83.12,73.75999999999999,82.05565217391305,,24.0,2.7230971128608727,1.5351596675415464,7.69,3.8387499999999997,19.23765211166784,22.369362920544,84.485,
2005-06-10,22.0,,221.45669291338558,80.96,75.56,82.46545454545455,,24.0,13.484251968503841,6.824146981627248,10.0,4.8462499999999995,39.817465998568316,51.00214745884032,82.4225,
2005-06-11,44.0,,221.45669291338558,80.96,74.3,80.92869565217393,,24.0,20.89895013123345,12.517117425539107,11.43,6.401739130434783,39.593772369362874,47.64674302075872,80.3675,
2005-06-12,24.0,,221.45669291338558,80.6,78.8,81.56,,24.0,7.709973753280785,4.230916447943977,7.69,4.979583333333333,15.882247673586237,18.56657122405152,80.4875,
2005-06-13,24.0,,221.45669291338558,82.22,79.16,82.7975,,24.0,2.29658792650917,1.6974780326372125,7.14,4.133478260869565,11.632068718682879,14.092698639942718,81.3575,
2005-06-14,24.0,,221.45669291338558,84.38000000000001,77.18,83.57000000000001,,24.0,1.509186351706026,1.3422914526988377,6.67,4.30913043478261,8.724051539012159,10.51360057265568,83.0225,
2005-06-15,14.0,,221.45669291338558,85.82,81.32,82.81142857142856,,24.0,1.246719160104978,1.0394297303746047,6.67,3.805909090909091,10.51360057265568,11.85576234788832,82.8725,
2005-06-16,21.0,,221.45669291338558,87.44,77.54,80.16285714285715,,24.0,1.706036745406812,1.4148622047243993,6.25,3.514583333333333,11.632068718682879,14.092698639942718,82.175,
2005-06-17,21.0,,221.45669291338558,83.66,75.56,79.02285714285713,,24.0,1.3779527559055018,1.0772090988626346,6.67,3.4425000000000003,18.119183965640637,23.935218324982078,83.30749999999999,
2005-06-18,23.0,,221.45669291338558,79.34,75.38,78.7295652173913,,24.0,3.051181102362183,1.954443194600661,5.56,3.7623809523809526,20.579813886900478,24.38260558339296,82.61,
2005-06-19,23.0,,221.45669291338558,83.84,68.54,79.02695652173912,,24.0,1.8372703412073361,1.1865704286964043,4.35,3.4804166666666667,10.96098783106656,13.19792412312096,82.4375,
2005-06-20,20.0,,221.45669291338558,80.96,73.22,79.15100000000001,,24.0,3.379265091863493,1.6089785651793411,7.14,3.739166666666667,16.32963493199712,19.23765211166784,82.3775,
2005-06-21,18.0,,221.45669291338558,82.22,72.86,80.82000000000001,,24.0,4.26509186351703,3.3464566929133612,6.25,4.205416666666666,18.342877594846076,21.474588403722237,81.92750000000001,
2005-06-22,20.0,,221.45669291338558,86.18,71.42,81.698,,24.0,3.051181102362183,2.611250298258154,7.14,4.4368181818181816,14.540085898353599,16.777022190407997,81.86,
2005-06-23,16.0,,221.45669291338558,88.16,75.92,81.725,,24.0,2.2637795275590387,1.915190288713897,9.09,4.54125,14.31639226914816,16.32963493199712,82.5275,
2005-06-24,12.0,,221.45669291338558,85.28,75.56,82.505,,24.0,2.95275590551179,2.2323975807371745,10.0,4.252608695652174,16.777022190407997,20.80350751610592,83.18,
2005-06-25,11.0,,221.45669291338558,87.8,72.86,83.36545454545454,,24.0,4.232283464566899,3.3539131472202097,6.25,4.255454545454545,20.80350751610592,25.27738010021472,83.0975,
2005-06-26,11.0,,221.45669291338558,81.5,72.68,82.53090909090909,,24.0,5.872703412073449,2.974628171478544,9.09,4.510833333333333,19.68503937007872,23.71152469577664,83.465,
2005-06-27,17.0,,221.45669291338558,82.94,77.18,83.27882352941177,,24.0,1.213910761154847,1.0690069991251019,9.09,3.5383333333333336,12.75053686471008,15.658554044380798,83.05250000000001,
2005-06-28,22.0,,221.45669291338558,82.04,77.54,83.12818181818182,,24.0,2.329396325459301,1.8741797900262334,7.14,3.8679166666666664,18.119183965640637,20.80350751610592,82.7075,
2005-06-29,23.0,,221.45669291338558,82.4,75.56,82.94782608695651,,24.0,2.2309711286089082,1.9726049868766262,7.69,4.260000000000001,12.07945597709376,13.869005010737279,82.625,
2005-06-30,23.0,,221.45669291338558,82.75999999999999,75.74000000000001,84.33304347826086,,24.0,1.8372703412073361,1.565234033245833,9.09,4.911666666666666,11.184681460272,13.645311381531839,83.3225,
2005-07-01,22.0,16.55332856120256,221.45669291338558,83.48,79.52,84.64181818181818,,24.0,2.7230971128608727,1.9729778095919681,9.09,3.799090909090909,15.882247673586237,18.79026485325696,82.57249999999999,
2005-07-02,24.0,17.67179670722976,19.23765211166784,84.38000000000001,82.4,84.035,,24.0,2.919947506561659,2.5590551181102175,5.0,3.9495238095238085,18.79026485325696,23.04044380816032,82.8425,
2005-07-03,22.0,14.763779527559038,18.119183965640637,84.56,82.22,83.84,,24.0,2.559055118110218,2.199589181787043,5.0,3.8934782608695655,14.987473156764478,19.908732999284158,83.5325,
2005-07-04,24.0,14.540085898353599,28.185397279885436,84.02,80.24000000000001,84.725,,24.0,3.477690288713886,2.1598862642169574,6.67,3.87875,18.342877594846076,21.92197566213312,83.4575,
2005-07-05,47.0,15.882247673586237,17.22440944881888,84.2,81.86,84.902,,24.0,6.233595800524889,4.885717410323674,9.09,5.222916666666666,19.908732999284158,23.487831066571196,83.1275,
2005-07-06,58.0,35.11989978525408,39.817465998568316,83.84,78.8,84.47473684210527,,24.0,8.005249343831963,7.036034558180177,9.09,5.48125,25.27738010021472,32.65926986399424,82.97,
2005-07-07,24.0,26.172154617036476,30.86972083035072,82.22,76.64,83.53999999999999,,24.0,5.708661417322793,3.566546369203824,7.69,4.723333333333334,10.51360057265568,13.645311381531839,83.5625,
2005-07-08,24.0,11.632068718682879,15.658554044380798,85.1,75.02,84.515,,24.0,1.9356955380577288,1.2494531933508224,7.69,4.159166666666667,9.61882605583392,11.632068718682879,83.98249999999999,
2005-07-09,24.0,23.487831066571196,45.63350035790975,86.18,71.42,85.0775,,24.0,14.370078740157377,4.904142416980452,11.43,4.451304347826087,36.68575518969215,43.172870436649916,83.6,
2005-07-10,75.0,56.37079455977087,72.2530422333571,81.32,73.75999999999999,82.6025,,23.0,34.77690288713886,22.701685315651176,12.9,7.805789473684211,54.13385826771648,66.21331424481023,80.85043478260869,
2005-07-11,43.0,35.567287043664955,46.30458124552607,82.94,81.32,82.19299999999998,,24.0,14.895013123359474,7.674040744906831,10.0,5.716666666666666,22.816750178954877,29.080171796707198,80.25500000000001,
2005-07-12,24.0,13.869005010737279,16.55332856120256,83.66,80.6,83.5475,,24.0,3.444881889763755,2.3065730914070364,6.67,4.55695652173913,12.303149606299199,14.763779527559038,81.725,
2005-07-13,24.0,14.987473156764478,17.8954903364352,83.3,80.96,84.3125,,24.0,1.64041994750655,1.3150699912510844,7.69,4.884166666666666,6.9345025053686395,8.500357909806718,83.79499999999999,
2005-07-14,24.0,15.882247673586237,18.119183965640637,83.66,81.68,84.155,,24.0,1.9685039370078599,1.3929899387576454,8.33,5.12,9.39513242662848,10.96098783106656,83.1425,
2005-07-15,24.0,13.645311381531839,16.105941302791678,83.3,82.22,84.665,,24.0,1.9356955380577288,1.5305831336300246,8.33,3.8582608695652167,12.75053686471008,14.763779527559038,83.0375,
2005-07-16,22.0,12.303149606299199,14.092698639942718,84.56,79.34,85.90181818181819,,24.0,2.329396325459301,1.9438976377952615,6.25,3.785416666666667,13.645311381531839,15.882247673586237,83.85499999999999,
2005-07-17,24.0,10.289906943450239,13.19792412312096,85.64,78.44,86.3825,,24.0,2.29658792650917,1.883748906386688,5.56,3.9408333333333334,12.303149606299199,14.31639226914816,84.43249999999999,
2005-07-18,22.0,17.000715819613436,19.908732999284158,85.28,76.82,86.16363636363636,,24.0,5.807086614173187,3.0730533683289374,17.39,4.987916666666667,15.43486041517536,18.56657122405152,84.29749999999999,
2005-07-19,24.0,14.987473156764478,20.80350751610592,85.82,77.72,86.17999999999999,,24.0,5.511811023622007,4.4619422572178165,12.12,6.233333333333332,14.31639226914816,16.777022190407997,84.17,
2005-07-20,24.0,15.43486041517536,30.646027201145277,86.9,77.18,86.19500000000001,,24.0,4.133858267716506,3.310914260717387,10.0,5.751666666666666,11.408375089477438,13.869005010737279,84.8375,
2005-07-21,24.0,12.75053686471008,16.55332856120256,87.44,77.0,86.48,,24.0,4.396325459317554,3.36785347483736,11.43,6.317826086956522,10.737294201861118,12.526843235504638,85.655,
2005-07-22,24.0,17.67179670722976,19.461345740873277,86.0,75.38,86.8925,,23.0,1.9685039370078599,1.4464224580622969,9.09,5.293478260869565,10.737294201861118,12.526843235504638,86.97826086956522,
2005-07-23,24.0,17.67179670722976,22.369362920544,90.14,77.72,85.67,,24.0,1.9685039370078599,1.69034577199588,8.33,3.8013043478260866,13.421617752326398,15.43486041517536,85.31,
2005-07-24,24.0,10.066213314244798,24.606299212598397,91.22,77.72,85.2275,,24.0,2.821522309711266,2.3581036745406654,8.33,4.2316666666666665,15.658554044380798,18.56657122405152,86.1575,
2005-07-25,23.0,19.0139584824624,21.474588403722237,86.9,80.06,86.35999999999999,,24.0,2.066929133858253,1.4535547187036297,8.33,4.025217391304348,9.61882605583392,11.85576234788832,86.30749999999999,
2005-07-26,22.0,13.421617752326398,16.55332856120256,87.08000000000001,79.16,87.08818181818181,,24.0,1.5419947506561569,1.071741032370946,9.09,4.455416666666667,5.592340730136,8.27666428060128,87.35,
2005-07-27,22.0,14.092698639942718,15.658554044380798,86.0,79.7,87.58727272727273,,24.0,1.31233595800524,0.8967629046369141,9.09,5.037083333333333,9.61882605583392,12.07945597709376,87.7775,
2005-07-28,23.0,10.737294201861118,14.092698639942718,87.08000000000001,79.88,87.99565217391304,,24.0,1.345144356955371,1.0758420822397123,9.09,4.984583333333333,8.500357909806718,11.184681460272,88.0325,
2005-07-29,21.0,11.184681460272,17.8954903364352,86.9,77.18,88.56285714285714,,24.0,1.476377952755895,1.2453521434820558,9.09,4.695833333333334,10.289906943450239,12.07945597709376,87.35750000000002,
2005-07-30,24.0,12.75053686471008,18.119183965640637,81.86,78.25999999999999,88.0475,,24.0,1.673228346456681,1.223895926052713,9.09,3.803478260869565,13.869005010737279,17.448103078024317,86.66,
2005-07-31,24.0,8.052970651395839,13.19792412312096,80.06,75.2,85.625,,24.0,3.051181102362183,2.216706607326242,5.0,3.8421739130434798,20.356120257695036,23.264137437365758,86.09,
2005-08-01,24.0,11.85576234788832,21.250894774516798,82.94,76.46,84.99499999999999,,24.0,1.9685039370078599,1.3916229221347232,9.09,4.159583333333333,17.000715819613436,20.356120257695036,85.9175,
2005-08-02,23.0,8.27666428060128,22.593056549749438,78.98,73.58,84.17652173913045,,24.0,1.6076115485564189,1.0457677165354258,6.67,3.735,18.342877594846076,21.92197566213312,85.16,
2005-08-03,24.0,9.39513242662848,12.974230493915519,82.75999999999999,72.86,84.4175,,24.0,1.279527559055109,1.0266294838145158,7.69,3.98875,8.724051539012159,11.85576234788832,85.085,
2005-08-04,24.0,14.763779527559038,19.23765211166784,81.14,75.02,84.2,,24.0,1.1154855643044541,0.8571194225721724,6.67,3.7908333333333335,10.96098783106656,13.19792412312096,85.7975,
2005-08-05,21.0,16.55332856120256,24.606299212598397,80.42,74.48,83.3,,24.0,1.8372703412073361,1.2385170603674451,4.17,3.293333333333333,17.67179670722976,24.15891195418752,85.175,
2005-08-06,24.0,15.658554044380798,26.619541875447357,80.24000000000001,73.04,83.03,,24.0,3.412073490813624,2.2356580427446406,5.26,3.613809523809524,22.593056549749438,30.646027201145277,84.81500000000001,
2005-08-07,24.0,12.526843235504638,25.948460987831037,83.66,75.02,83.92249999999999,,24.0,2.887139107611528,2.370016247968987,5.26,3.810952380952381,17.448103078024317,221.45669291338558,84.48173913043479,
2005-08-08,24.0,10.737294201861118,13.19792412312096,84.38000000000001,75.38,85.4075,,24.0,2.427821522309694,1.7743875765529185,9.09,4.083333333333333,14.540085898353599,19.0139584824624,85.20500000000001,
2005-08-09,24.0,11.408375089477438,17.8954903364352,85.28,76.82,86.2475,,24.0,1.9685039370078599,1.5961999315302864,9.09,3.887826086956521,16.32963493199712,19.68503937007872,85.595,
2005-08-10,24.0,13.869005010737279,17.67179670722976,85.82,77.36,86.4125,,24.0,1.443569553805764,1.2937920803377745,8.33,3.403478260869565,10.96098783106656,12.974230493915519,85.67750000000001,
2005-08-11,23.0,12.75053686471008,14.987473156764478,86.9,75.74000000000001,86.70434782608697,,24.0,1.31233595800524,1.1169120164327204,4.17,3.223043478260869,10.51360057265568,12.974230493915519,86.33000000000001,
2005-08-12,21.0,11.408375089477438,16.777022190407997,86.72,84.2,87.79142857142857,,24.0,0.8858267716535371,0.42787620297462514,7.69,2.47,6.487115246957759,8.500357909806718,86.7275,
2005-08-13,21.0,13.869005010737279,19.0139584824624,86.72,78.8,88.25428571428571,,24.0,1.017060367454061,0.7245188101487262,7.14,4.4175,7.829277022190399,9.61882605583392,87.4325,
2005-08-14,21.0,15.658554044380798,17.000715819613436,86.9,78.08,88.08285714285715,,24.0,0.9842519685039299,0.8687093461143384,6.67,4.6582608695652175,5.368647100930559,7.6055833929849594,88.0925,
2005-08-15,18.0,14.763779527559038,23.04044380816032,84.74,76.1,86.64,,24.0,1.443569553805764,0.9090660542432132,6.25,4.183333333333333,16.55332856120256,20.356120257695036,86.765,
2005-08-16,20.0,11.632068718682879,14.31639226914816,85.28,73.4,85.604,,24.0,1.706036745406812,1.018427384076983,6.25,3.61,8.052970651395839,12.07945597709376,87.725,
2005-08-17,22.0,11.632068718682879,14.763779527559038,86.36,74.3,86.00818181818181,,24.0,0.853018372703406,0.7422900262467138,6.67,4.619166666666667,6.03972798854688,9.171438797423038,87.8,
2005-08-18,22.0,12.07945597709376,14.763779527559038,87.61999999999999,77.0,86.7690909090909,,24.0,0.9186351706036681,0.8489173228346397,6.67,4.77625,6.710808876163199,7.829277022190399,87.785,
2005-08-19,19.0,12.07945597709376,14.540085898353599,87.61999999999999,81.32,87.30736842105263,,24.0,0.9842519685039299,0.8475503062117176,7.14,4.582916666666667,5.816034359341439,7.15819613457408,87.6125,
2005-08-20,22.0,9.171438797423038,15.882247673586237,92.3,79.34,86.93272727272729,,24.0,1.049868766404192,0.8106408573928201,7.69,3.887083333333333,9.39513242662848,11.632068718682879,87.65,
2005-08-21,23.0,13.421617752326398,16.55332856120256,89.06,79.16,87.17391304347825,,23.0,1.279527559055109,0.9942371334017962,6.67,3.74304347826087,12.526843235504638,14.31639226914816,87.57304347826087,
2005-08-22,18.0,14.31639226914816,16.105941302791678,87.98,78.98,87.67999999999999,,24.0,1.148293963254585,0.9336723534558115,6.67,4.022916666666666,12.526843235504638,15.43486041517536,87.95,
2005-08-23,22.0,10.96098783106656,19.23765211166784,87.8,77.36,88.7409090909091,,24.0,1.148293963254585,0.982884951881008,7.69,4.8625,8.500357909806718,10.96098783106656,88.14500000000001,
2005-08-24,21.0,9.61882605583392,14.092698639942718,87.61999999999999,78.44,88.66571428571429,,23.0,1.148293963254585,0.905213552851342,8.33,4.338636363636365,6.263421617752319,7.6055833929849594,88.26173913043478,
2005-08-25,21.0,10.066213314244798,18.56657122405152,91.22,78.8,88.59714285714287,,24.0,2.2309711286089082,1.6527230971128493,7.69,3.578333333333333,18.56657122405152,23.487831066571196,87.5975,
2005-08-26,23.0,14.987473156764478,23.264137437365758,89.6,74.66,87.80000000000001,,24.0,7.053805774278165,5.2028652668416075,7.14,4.63,26.172154617036476,32.211882605583355,87.08,
2005-08-27,21.0,14.092698639942718,21.92197566213312,89.24,77.0,86.89142857142858,,24.0,14.009186351705935,10.124125109361257,12.12,6.550833333333334,31.540801717967035,36.68575518969215,86.89250000000001,
2005-08-28,51.0,22.593056549749438,31.98818897637792,88.88000000000001,79.7,85.97999999999999,,24.0,24.54068241469799,20.062335958005104,13.79,8.3375,38.69899785254112,49.883679312813115,86.345,
2005-08-29,16.0,40.488546886184636,47.64674302075872,85.82,80.06,85.50500000000001,,24.0,26.673228346456504,22.08552055992985,13.79,8.524166666666666,41.60701503221184,53.68647100930559,85.54249999999999,
2005-08-30,,,,,,,,24.0,13.254593175852923,8.681727284089426,10.0,6.059523809523808,27.06692913385824,34.00143163922687,85.19,
2005-08-31,,,,,,,,24.0,4.330708661417292,3.71828521434818,7.69,4.855238095238095,16.105941302791678,221.45669291338558,85.37391304347827,
2005-09-01,,,,,,,,24.0,2.7230971128608727,2.1393810148731256,7.14,4.360416666666667,14.092698639942718,16.32963493199712,85.72999999999999,
2005-09-02,,,,,,,,24.0,2.3622047244094317,1.444936570428686,6.25,3.762916666666667,15.211166785969919,17.67179670722976,85.775,
2005-09-03,,,,,,,,24.0,2.690288713910742,1.9630358705161717,4.76,3.5549999999999997,16.105941302791678,18.56657122405152,85.42999999999999,
2005-09-04,,,,,,,,24.0,3.248031496062969,2.626038932633402,5.56,3.81625,23.935218324982078,30.422333571939838,84.9425,
2005-09-05,,,,,,,,24.0,7.3818897637794745,5.753772965879223,7.14,4.770833333333333,26.39584824624192,30.86972083035072,84.65,
2005-09-06,,,,,,,,24.0,7.414698162729605,5.279418197725247,7.14,4.8308333333333335,25.7247673586256,30.646027201145277,84.53,
2005-09-07,,,,,,,,24.0,8.136482939632488,5.477511333810508,7.69,4.7790909090909075,27.290622763063677,32.211882605583355,84.3575,
2005-09-08,,,,,,,,24.0,5.90551181102358,4.133858267716506,6.25,4.397916666666667,23.71152469577664,27.738010021474558,84.32750000000001,
2005-09-09,,,,,,,,24.0,2.8543307086613967,2.133912948381437,4.55,3.57375,18.56657122405152,21.250894774516798,84.22999999999999,
2005-09-10,,,,,,,,24.0,2.29658792650917,1.8003608923884384,4.76,3.4858333333333333,14.31639226914816,16.777022190407997,84.04249999999999,
2005-09-11,,,,,,,,24.0,2.788713910761135,1.8441054243219468,5.26,3.6304166666666666,16.777022190407997,20.132426628489597,83.96,
2005-09-12,,,,,,,,24.0,1.804461942257205,1.2644903762029656,4.76,3.5033333333333334,10.289906943450239,12.303149606299199,84.74749999999999,
2005-09-13,,,,,,,,24.0,1.049868766404192,0.7778324584426891,8.33,3.7720833333333332,8.9477451682176,11.184681460272,84.38000000000001,
2005-09-14,12.0,13.645311381531839,16.55332856120256,86.36,83.3,83.405,,24.0,2.132545931758515,1.603332192171619,7.14,3.4673913043478266,12.526843235504638,15.658554044380798,84.14750000000001,
2005-09-15,20.0,13.421617752326398,16.55332856120256,84.38000000000001,75.2,84.11,,24.0,1.345144356955371,1.0867782152230894,8.33,3.764583333333333,8.9477451682176,12.07945597709376,84.6725,
2005-09-16,10.0,14.987473156764478,17.448103078024317,85.1,80.6,84.146,,23.0,1.049868766404192,0.9357525961428668,8.33,3.7586956521739125,10.51360057265568,12.526843235504638,84.07478260869564,
2005-09-17,21.0,14.763779527559038,18.119183965640637,84.91999999999999,76.28,84.0542857142857,,22.0,0.8858267716535371,0.8172273920305356,8.33,3.597727272727273,8.724051539012159,10.96098783106656,84.22454545454545,
2005-09-18,11.0,13.19792412312096,14.763779527559038,85.1,77.54,84.69090909090909,,24.0,0.721784776902882,0.6397637795275544,7.69,3.443333333333333,10.96098783106656,12.75053686471008,84.55250000000001,
2005-09-19,24.0,12.303149606299199,17.448103078024317,92.3,77.18,84.9125,,24.0,1.574803149606288,1.1305227471565973,4.0,3.1158333333333332,12.526843235504638,14.763779527559038,84.845,
2005-09-20,17.0,8.724051539012159,16.777022190407997,91.03999999999999,78.62,84.95176470588235,,24.0,3.9698162729658506,2.831091426071721,6.25,3.8158333333333334,18.79026485325696,22.593056549749438,84.53,
2005-09-21,23.0,14.987473156764478,24.829992841803836,90.68,74.66,84.69304347826088,,24.0,12.664041994750566,8.215769903761972,12.9,5.704583333333333,29.303865425912637,36.01467430207584,83.9975,
2005-09-22,42.0,27.961703650679997,36.01467430207584,84.56,76.1,83.78999999999999,,24.0,17.42125984251956,14.814359142607065,12.9,7.390833333333333,38.0279169649248,48.31782390837504,83.525,
2005-09-23,68.0,21.250894774516798,28.63278453829632,84.56,76.1,83.12,,24.0,16.568241469816154,13.357119422572083,12.12,7.1762500000000005,32.4355762347888,42.05440229062272,83.36749999999999,
2005-09-24,53.0,25.27738010021472,29.080171796707198,83.66,78.08,83.37578947368421,,24.0,11.023622047244015,8.949857830271153,11.43,6.274583333333333,26.172154617036476,34.22512526843232,83.375,
2005-09-25,21.0,23.487831066571196,27.738010021474558,83.12,78.62,83.21428571428571,,24.0,7.21784776902882,5.779746281714744,10.81,5.355416666666667,19.908732999284158,24.38260558339296,83.39750000000001,
2005-09-26,21.0,22.14566929133856,34.44881889763776,82.58,78.08,82.4,,24.0,4.133858267716506,3.162444368366975,7.14,4.636086956521739,14.31639226914816,21.474588403722237,83.3225,
2005-09-27,21.0,11.632068718682879,18.342877594846076,82.04,76.28,82.88000000000001,,24.0,4.363517060367423,3.1809882460344405,5.56,3.970434782608696,22.593056549749438,26.619541875447357,83.255,
2005-09-28,24.0,21.02720114531136,24.829992841803836,82.94,74.12,82.9625,,24.0,5.938320209973711,3.849518810148704,6.25,4.122916666666667,26.843235504652796,33.77773801002144,83.24000000000001,
2005-09-29,24.0,8.052970651395839,221.45669291338558,83.3,76.1,83.2775,,24.0,2.62467191601048,1.673228346456681,5.0,3.6804166666666664,13.869005010737279,16.777022190407997,83.9975,
2005-09-30,22.0,9.39513242662848,221.45669291338558,84.02,73.58,84.08545454545454,,23.0,1.7716535433070741,1.155426223895918,4.76,3.5004347826086963,12.75053686471008,15.211166785969919,83.58956521739131,
2005-10-01,24.0,16.32963493199712,25.50107372942016,86.72,75.56,83.915,,24.0,5.282152230971091,3.4271106736657675,6.25,3.9625000000000004,22.14566929133856,26.172154617036476,83.2325,
2005-10-02,24.0,13.19792412312096,38.69899785254112,88.34,75.38,83.20250000000001,,24.0,7.185039370078688,6.274606299212553,7.14,4.95,23.935218324982078,28.63278453829632,82.9025,
2005-10-03,24.0,12.974230493915519,25.50107372942016,86.18,75.2,82.86500000000001,,24.0,8.727034120734846,7.462543744531881,7.14,5.275833333333334,26.39584824624192,31.540801717967035,83.015,
2005-10-04,24.0,16.55332856120256,25.27738010021472,87.44,74.12,82.475,,24.0,10.334645669291264,8.017552493438263,7.69,5.4433333333333325,30.86972083035072,37.13314244810304,82.85,
2005-10-05,24.0,22.369362920544,32.211882605583355,82.22,73.58,82.19,,24.0,9.711286089238776,8.30499880696725,8.33,5.541363636363636,28.409090909090875,34.6725125268432,82.44500000000001,
2005-10-06,23.0,11.632068718682879,19.461345740873277,78.62,71.24000000000001,81.62521739130435,,24.0,6.791338582677116,3.1591754155730305,6.25,4.298749999999999,21.92197566213312,25.50107372942016,82.34,
2005-10-07,23.0,12.974230493915519,20.132426628489597,82.4,70.34,82.00086956521739,,24.0,2.526246719160087,1.7497812773403199,6.67,4.429583333333333,8.500357909806718,9.84251968503936,82.9925,
2005-10-08,24.0,16.105941302791678,20.356120257695036,77.9,64.4,81.61999999999999,,24.0,5.708661417322793,3.6403058313362746,6.67,4.413043478260869,21.698282032927676,24.829992841803836,82.2575,
2005-10-09,24.0,11.632068718682879,17.000715819613436,76.82,64.58,81.8525,,24.0,2.95275590551179,2.1161417322834497,7.14,3.8250000000000006,16.32963493199712,19.23765211166784,82.0325,
2005-10-10,24.0,12.07945597709376,14.31639226914816,81.5,59.36,81.1325,,24.0,1.804461942257205,1.4818460192475835,4.35,3.3475,13.869005010737279,16.32963493199712,81.8825,
2005-10-11,22.0,14.540085898353599,16.777022190407997,82.75999999999999,64.22,80.71454545454546,,23.0,2.2309711286089082,1.6150680028632667,4.17,3.2568181818181823,13.421617752326398,16.777022190407997,81.7895652173913,
2005-10-12,24.0,10.289906943450239,19.461345740873277,81.68,66.74000000000001,80.3975,,24.0,2.7230971128608727,1.9731908511435934,5.56,3.47,15.43486041517536,18.119183965640637,81.44749999999999,
2005-10-13,22.0,12.526843235504638,19.461345740873277,81.86,68.54,80.08454545454546,,24.0,4.035433070866113,3.0397694853360497,5.26,3.8334782608695646,18.79026485325696,21.474588403722237,81.89750000000001,
2005-10-14,24.0,13.421617752326398,19.23765211166784,84.02,63.68,79.8725,,24.0,3.346456692913362,2.345087298870234,5.26,3.5582608695652174,21.250894774516798,25.27738010021472,81.6425,
2005-10-15,24.0,14.092698639942718,20.579813886900478,82.04,61.88,79.1075,,24.0,5.807086614173187,3.8385826771653258,6.25,4.222608695652173,23.71152469577664,27.51431639226912,81.7475,
2005-10-16,23.0,11.85576234788832,17.67179670722976,84.2,60.440000000000005,79.24608695652174,,24.0,2.62467191601048,1.8017279090113607,4.76,3.3845833333333335,17.000715819613436,21.474588403722237,81.6275,
2005-10-17,24.0,15.43486041517536,19.0139584824624,78.25999999999999,56.66,78.7775,,24.0,3.904199475065589,2.677985564304443,5.26,3.8004166666666666,17.67179670722976,21.474588403722237,81.14,
2005-10-18,24.0,10.737294201861118,16.55332856120256,79.16,55.22,78.7775,,24.0,2.034120734908122,1.434000437445309,4.55,3.3754166666666667,11.632068718682879,14.987473156764478,81.5825,
2005-10-19,23.0,10.066213314244798,12.07945597709376,81.32,59.9,79.08956521739131,,24.0,2.526246719160087,1.5857392825896652,5.26,3.484166666666667,14.540085898353599,17.22440944881888,81.0875,
2005-10-20,24.0,10.737294201861118,14.540085898353599,79.52,64.04,79.55,,24.0,6.069553805774235,3.327318460192452,12.9,5.857500000000001,11.632068718682879,13.645311381531839,81.25999999999999,
2005-10-21,24.0,11.184681460272,12.974230493915519,80.42,73.04,80.00750000000001,,24.0,9.580052493438252,7.982010061242288,14.81,9.870833333333334,10.51360057265568,13.645311381531839,81.425,
2005-10-22,24.0,14.092698639942718,22.14566929133856,80.6,62.959999999999994,79.1,,24.0,11.942257217847684,9.317585301837203,16.0,9.134583333333333,18.56657122405152,24.829992841803836,81.395,
2005-10-23,24.0,16.55332856120256,23.935218324982078,71.24000000000001,55.94,77.05250000000001,,24.0,9.580052493438252,8.19354102476315,12.9,6.154347826086957,28.185397279885436,36.238367931281275,81.03500000000001,
2005-10-24,23.0,24.38260558339296,34.6725125268432,63.68,50.9,74.99652173913043,,23.0,13.549868766404103,10.581802274715587,14.81,5.880666666666667,35.567287043664955,46.08088761632064,80.19304347826088,
2005-10-25,24.0,15.882247673586237,28.185397279885436,61.88,45.14,73.1675,,24.0,8.628608923884453,6.741412758187787,7.14,4.918695652173914,24.829992841803836,33.33035075161056,79.57249999999999,
2005-10-26,24.0,9.39513242662848,13.645311381531839,62.959999999999994,42.620000000000005,73.61,,24.0,4.429133858267686,2.423720472440927,5.56,3.893333333333333,16.105941302791678,19.461345740873277,79.25,
2005-10-27,24.0,7.381889763779519,13.421617752326398,66.92,48.92,73.175,,24.0,3.2808398950131,1.8359033245844139,5.88,3.469583333333333,18.56657122405152,25.053686471009275,79.2125,
2005-10-28,24.0,13.645311381531839,17.000715819613436,70.52,51.620000000000005,72.485,,24.0,3.444881889763755,2.9677930883639334,5.0,3.8841666666666668,21.02720114531136,25.27738010021472,78.995,
2005-10-29,22.0,8.9477451682176,12.974230493915519,60.440000000000005,49.64,71.71454545454546,,24.0,5.4461942257217455,3.688805203697338,6.67,4.306521739130434,20.80350751610592,25.948460987831037,78.8,
2005-10-30,16.0,12.526843235504638,21.698282032927676,67.1,50.36,71.56625,,25.0,5.24934383202096,4.367618110236189,7.14,4.720833333333334,18.56657122405152,24.15891195418752,78.4832,
2005-10-31,24.0,11.408375089477438,18.79026485325696,72.32,57.56,71.80250000000001,,24.0,5.24934383202096,4.682031933508278,6.67,4.737916666666666,20.356120257695036,23.487831066571196,78.1475,
2005-11-01,22.0,18.56657122405152,43.39656406585535,71.6,55.94,71.25636363636364,,24.0,6.92257217847764,3.8371562250370608,9.09,4.597391304347826,29.751252684323518,35.11989978525408,78.1175,
2005-11-02,24.0,14.763779527559038,18.56657122405152,74.66,53.96,70.7525,,24.0,5.216535433070829,3.945955619183938,8.33,4.279090909090908,20.80350751610592,24.829992841803836,77.99000000000001,
2005-11-03,24.0,11.85576234788832,13.645311381531839,72.32,55.04,71.03,,24.0,3.2152230971128377,2.810110692685133,6.67,3.9778260869565214,15.43486041517536,221.45669291338558,77.96260869565218,
2005-11-04,24.0,18.119183965640637,20.132426628489597,72.32,61.16,71.8475,,24.0,2.559055118110218,1.8304352580927254,5.88,3.9295833333333334,16.105941302791678,19.68503937007872,78.2825,
2005-11-05,24.0,15.658554044380798,18.119183965640637,73.04,63.32,72.4775,,24.0,3.510498687664017,2.6752515310585987,5.56,3.9016666666666673,17.8954903364352,21.02720114531136,78.07249999999999,
2005-11-06,24.0,12.526843235504638,15.882247673586237,73.22,68.36,72.61999999999999,,23.0,3.7401574803149336,2.7473467990414053,5.88,4.501304347826087,15.43486041517536,18.119183965640637,78.57304347826087,
2005-11-07,24.0,6.487115246957759,221.45669291338558,75.2,64.94,71.42750000000001,,24.0,2.395013123359563,1.9028871391075979,5.56,4.205416666666667,12.974230493915519,14.987473156764478,78.335,
2005-11-08,24.0,7.6055833929849594,13.645311381531839,78.44,63.5,71.945,,24.0,2.29658792650917,1.8564085739282457,4.35,3.5883333333333334,16.32963493199712,19.0139584824624,78.2675,
2005-11-09,23.0,8.9477451682176,10.96098783106656,75.02,62.6,72.32782608695652,,24.0,1.574803149606288,1.4586067366579074,7.69,4.034166666666667,9.84251968503936,11.408375089477438,78.54499999999999,
2005-11-10,17.0,12.303149606299199,20.579813886900478,76.64,57.02,71.74823529411765,,24.0,2.657480314960611,1.7743875765529185,7.14,3.688333333333333,19.68503937007872,23.487831066571196,78.1325,
2005-11-11,24.0,12.75053686471008,18.56657122405152,71.42,57.02,71.03,,24.0,4.92125984251965,3.52553587051616,6.67,4.209583333333334,20.579813886900478,24.606299212598397,77.60749999999999,
2005-11-12,23.0,21.02720114531136,23.04044380816032,72.32,57.92,70.43391304347827,,24.0,5.938320209973711,4.913057742782118,6.67,4.760416666666667,21.250894774516798,25.27738010021472,76.6475,
2005-11-13,24.0,15.882247673586237,18.79026485325696,73.22,61.519999999999996,71.0675,,24.0,5.4461942257217455,4.350678991213023,6.67,4.774782608695652,19.68503937007872,23.264137437365758,76.66999999999999,
2005-11-14,23.0,13.645311381531839,16.105941302791678,73.4,63.86,71.80347826086955,,24.0,3.6745406824146722,3.306813210848621,6.25,4.347083333333334,17.000715819613436,19.461345740873277,76.985,
2005-11-15,24.0,16.55332856120256,21.02720114531136,73.58,68.54,72.3275,,24.0,4.888451443569519,4.133858267716506,6.25,4.562916666666666,19.461345740873277,23.264137437365758,77.6375,
2005-11-16,24.0,19.461345740873277,31.093414459556158,73.4,48.56,72.0275,,24.0,6.59448818897633,4.242722500596486,6.67,4.472272727272728,26.39584824624192,32.882963493199675,77.3375,
2005-11-17,24.0,16.777022190407997,26.172154617036476,57.379999999999995,39.74,69.2675,,24.0,9.087926509186287,7.045171985080762,7.69,4.954210526315789,28.185397279885436,34.00143163922687,76.61,
2005-11-18,21.0,16.55332856120256,23.264137437365758,60.08,35.96,68.37714285714286,,23.0,6.26640419947502,4.931698878549237,6.67,4.642727272727272,23.264137437365758,29.080171796707198,76.36608695652174,
2005-11-19,24.0,18.119183965640637,22.14566929133856,66.2,43.34,67.565,,24.0,5.413385826771615,4.444171041119828,6.67,4.63,19.0139584824624,23.935218324982078,76.3925,
2005-11-20,24.0,11.85576234788832,21.698282032927676,62.959999999999994,54.86,67.0625,,24.0,8.234908136482881,5.245242782152194,6.25,4.56375,28.63278453829632,34.22512526843232,76.4075,
2005-11-21,24.0,34.896206156048635,44.96241947029344,62.24,49.82,66.425,,24.0,13.418635170603578,8.874671916010435,9.09,5.5493749999999995,36.238367931281275,44.738725841088,75.5225,
2005-11-22,24.0,25.27738010021472,33.10665712240512,61.88,46.94,63.77,,24.0,12.237532808398862,8.821813939924114,8.33,5.5072222222222225,30.1986399427344,221.45669291338558,75.31739130434782,
2005-11-23,24.0,30.646027201145277,37.35683607730847,69.44,40.82,65.39,,23.0,5.6758530183726625,4.140888638920105,6.67,4.665,24.829992841803836,30.86972083035072,74.61304347826086,
2005-11-24,24.0,32.4355762347888,39.593772369362874,69.98,66.56,65.99000000000001,,24.0,7.480314960629867,6.567147856517888,7.14,5.060833333333333,25.7247673586256,221.45669291338558,73.33739130434782,
2005-11-25,24.0,14.763779527559038,18.119183965640637,68.54,53.78,65.9075,,24.0,4.986876640419912,3.1988188976377723,7.14,4.483181818181818,15.658554044380798,18.56657122405152,73.22,
2005-11-26,24.0,13.645311381531839,21.250894774516798,68.9,55.76,65.66,,24.0,7.677165354330653,3.625328083989476,7.14,3.9783333333333335,25.27738010021472,30.1986399427344,73.475,
2005-11-27,24.0,24.606299212598397,45.40980672870432,69.98,62.24,65.5325,,24.0,9.940944881889692,8.211668853893203,7.69,5.599583333333334,27.961703650679997,35.11989978525408,73.55749999999999,
2005-11-28,24.0,24.38260558339296,32.4355762347888,72.14,67.64,66.05,,24.0,10.039370078740086,8.222070067328481,9.09,6.072608695652175,26.39584824624192,221.45669291338558,73.81478260869567,
2005-11-29,24.0,19.23765211166784,25.053686471009275,68.36,50.18,65.7725,,23.0,7.283464566929083,5.8289588801399415,7.69,5.105714285714287,24.15891195418752,28.185397279885436,74.3391304347826,
2005-11-30,23.0,12.526843235504638,19.23765211166784,57.56,41.18,64.04,,24.0,6.1351706036744975,4.290768001825828,7.14,4.645652173913044,21.474588403722237,27.51431639226912,73.9475,
2005-12-01,24.0,12.974230493915519,17.8954903364352,62.6,40.82,64.085,,24.0,1.673228346456681,1.5064523184601817,6.25,3.320833333333333,13.645311381531839,18.342877594846076,73.94,
2005-12-02,24.0,14.987473156764478,22.593056549749438,58.64,40.46,63.4925,,24.0,3.8713910761154575,2.784612860892368,5.56,3.9041666666666663,18.119183965640637,22.816750178954877,73.70750000000001,
2005-12-03,24.0,19.908732999284158,27.06692913385824,69.08,51.8,62.75,,24.0,5.872703412073449,3.9465769903761747,6.25,4.149583333333333,22.14566929133856,27.290622763063677,73.475,
2005-12-04,24.0,17.8954903364352,22.14566929133856,69.08,66.74000000000001,64.88,,24.0,5.774278215223056,4.2896981627296285,6.25,4.665416666666666,21.250894774516798,24.829992841803836,72.41,
2005-12-05,24.0,15.882247673586237,45.40980672870432,69.62,44.239999999999995,65.4425,,24.0,6.102362204724366,5.067257217847733,6.67,4.657,26.172154617036476,31.98818897637792,73.4975,
2005-12-06,24.0,18.119183965640637,27.06692913385824,56.3,35.6,63.02,,23.0,9.251968503936942,7.460928179432063,7.14,5.138636363636364,27.290622763063677,36.238367931281275,73.00869565217391,
2005-12-07,23.0,19.0139584824624,27.06692913385824,53.6,46.22,62.23217391304349,,24.0,11.942257217847684,9.539041994750589,8.33,5.857916666666667,33.33035075161056,40.488546886184636,72.36500000000001,
2005-12-08,24.0,17.22440944881888,30.1986399427344,62.78,54.32,61.61749999999999,,24.0,14.960629921259734,12.432956749971382,10.0,6.530869565217393,37.58052970651392,44.96241947029344,72.2525,
2005-12-09,24.0,16.777022190407997,24.606299212598397,59.540000000000006,42.980000000000004,61.9025,,24.0,7.906824146981571,5.583392984967748,7.69,4.774545454545454,25.50107372942016,30.646027201145277,72.0125,
2005-12-10,24.0,12.07945597709376,15.658554044380798,60.62,40.64,61.50500000000001,,24.0,3.510498687664017,2.175793366738233,8.33,4.062727272727273,14.987473156764478,18.56657122405152,72.68,
2005-12-11,24.0,12.303149606299199,24.15891195418752,56.66,47.3,61.0325,,24.0,4.7244094488188635,2.8602958721068745,8.33,4.113181818181817,23.264137437365758,26.843235504652796,72.515,
2005-12-12,24.0,17.8954903364352,21.92197566213312,62.78,46.22,59.9975,,24.0,3.018372703412052,2.5399168853893084,5.56,3.8525000000000005,15.658554044380798,21.02720114531136,72.335,
2005-12-13,24.0,11.184681460272,17.448103078024317,59.0,43.34,59.997499999999995,,24.0,4.166666666666637,2.7259500171174054,5.56,3.813478260869565,18.56657122405152,23.04044380816032,72.0425,
2005-12-14,24.0,16.32963493199712,23.04044380816032,60.8,46.22,59.6375,,24.0,3.8057742782151958,2.668416447943988,5.26,3.736666666666667,19.908732999284158,28.85647816750176,71.9525,
2005-12-15,31.0,26.172154617036476,45.857193987115195,65.12,45.5,60.2675,,24.0,9.087926509186287,7.301509186351654,7.69,5.1615,30.646027201145277,36.01467430207584,71.975,
2005-12-16,24.0,10.737294201861118,16.105941302791678,54.5,38.839999999999996,59.795,,24.0,7.545931758530129,4.677930883639512,7.14,4.569999999999999,23.04044380816032,28.63278453829632,71.45,
2005-12-17,24.0,17.67179670722976,25.948460987831037,47.66,44.96,58.8725,,24.0,9.022309711286026,5.921916010498645,7.69,4.713333333333334,31.98818897637792,38.47530422333568,71.30749999999999,
2005-12-18,24.0,18.56657122405152,28.63278453829632,53.24,46.22,58.527499999999996,,24.0,8.300524934383143,6.151574803149562,7.14,4.887083333333333,29.303865425912637,34.896206156048635,71.21,
2005-12-19,24.0,10.51360057265568,17.448103078024317,59.0,43.34,58.5125,,24.0,5.282152230971091,4.456474190726127,5.88,4.35625,21.698282032927676,26.619541875447357,71.0525,
2005-12-20,24.0,12.75053686471008,17.448103078024317,52.52,35.6,57.4925,,24.0,4.658792650918602,4.132431815588239,5.88,4.226521739130434,20.579813886900478,26.843235504652796,70.8425,
2005-12-21,24.0,18.342877594846076,26.619541875447357,52.16,33.98,56.1575,,24.0,6.92257217847764,4.982597284035111,7.14,4.503913043478261,25.053686471009275,30.1986399427344,70.9175,
2005-12-22,24.0,8.500357909806718,12.303149606299199,51.44,32.54,56.7425,,24.0,3.576115485564279,2.6151027996500256,5.0,3.795,18.342877594846076,23.935218324982078,70.67750000000001,
2005-12-23,24.0,10.289906943450239,14.540085898353599,55.58,32.9,58.707499999999996,,24.0,1.31233595800524,0.8858267716535371,3.85,3.2083333333333335,10.96098783106656,13.869005010737279,70.85749999999999,
2005-12-24,23.0,23.71152469577664,43.172870436649916,65.12,49.46,58.64,,24.0,8.267716535433012,4.527559055118077,7.69,4.337727272727272,28.63278453829632,221.45669291338558,70.35565217391304,
2005-12-25,23.0,30.422333571939838,40.04115962777375,63.86,49.1,58.7495652173913,,22.0,13.057742782152138,10.832736816988707,10.0,6.1909090909090905,31.317108088761596,221.45669291338558,70.66399999999999,
2005-12-26,23.0,17.000715819613436,27.961703650679997,56.66,46.4,58.29565217391304,,22.0,10.20341207349074,6.7331782390837045,10.0,5.716818181818183,24.38260558339296,29.751252684323518,70.61,
2005-12-27,24.0,16.777022190407997,19.908732999284158,63.32,42.44,59.082499999999996,,24.0,3.313648293963231,2.2200349956255314,7.14,4.820416666666667,16.105941302791678,19.461345740873277,71.0675,
2005-12-28,23.0,22.593056549749438,29.080171796707198,67.64,62.42,60.346086956521745,,24.0,8.858267716535371,4.6784776902886795,8.33,4.462666666666666,26.172154617036476,31.317108088761596,71.1125,
2005-12-29,23.0,17.22440944881888,22.14566929133856,62.24,55.22,60.10347826086957,,24.0,9.317585301837203,6.202717307395355,8.33,5.402352941176471,27.06692913385824,221.45669291338558,70.19913043478262,
2005-12-30,24.0,19.23765211166784,21.698282032927676,62.24,50.0,60.41,,24.0,4.068241469816244,2.300688976377936,7.69,4.412916666666667,22.816750178954877,27.06692913385824,70.235,
2005-12-31,24.0,13.869005010737279,15.658554044380798,66.74000000000001,61.519999999999996,60.815,,24.0,3.477690288713886,2.740214538400071,5.56,4.383478260869565,12.07945597709376,14.092698639942718,70.78999999999999,
2006-01-01,24.0,16.55332856120256,29.080171796707198,66.2,61.7,60.86749999999999,,24.0,3.018372703412052,2.5973315835520374,6.25,4.029166666666667,17.67179670722976,20.132426628489597,71.03,
2006-01-02,24.0,19.461345740873277,56.594488188976314,66.2,62.24,60.35,,24.0,6.463254593175806,4.419148693369819,7.14,4.4799999999999995,24.829992841803836,30.86972083035072,71.15,
2006-01-03,23.0,16.32963493199712,20.579813886900478,62.42,55.58,59.367826086956526,,23.0,5.4461942257217455,4.14249205691391,7.14,4.6478947368421055,19.908732999284158,221.45669291338558,70.83304347826086,
2006-01-04,24.0,7.6055833929849594,9.171438797423038,62.42,48.02,59.5025,,24.0,2.7559055118110036,1.6786964129483692,7.69,4.15125,12.303149606299199,15.211166785969919,70.89500000000001,
2006-01-05,17.0,13.645311381531839,21.474588403722237,62.42,50.9,59.974117647058826,,23.0,8.825459317585238,4.2760279965004075,6.67,4.212666666666667,28.85647816750176,221.45669291338558,70.03727272727272,
2006-01-06,24.0,21.92197566213312,28.409090909090875,50.9,36.86,57.6875,,23.0,10.761154855642967,9.097576038289267,8.33,5.718235294117647,30.422333571939838,221.45669291338558,69.22869565217393,
2006-01-07,24.0,14.31639226914816,17.22440944881888,57.2,33.98,55.790000000000006,,24.0,7.3818897637794745,4.383202099737501,8.33,5.105499999999999,19.0139584824624,23.71152469577664,69.16250000000001,
2006-01-08,23.0,11.85576234788832,17.22440944881888,60.08,57.74,57.708695652173915,,24.0,3.444881889763755,2.299321959755014,7.14,3.7570833333333336,19.23765211166784,23.04044380816032,69.0125,
2006-01-09,23.0,15.43486041517536,16.777022190407997,62.059999999999995,59.18,59.17217391304347,,24.0,4.297900262467161,3.6513013998249964,6.67,4.125416666666667,20.80350751610592,24.606299212598397,69.0125,
2006-01-10,24.0,14.763779527559038,17.67179670722976,63.68,53.06,59.81,,24.0,4.494750656167947,3.726487314085712,7.14,4.274166666666667,20.132426628489597,23.04044380816032,69.065,
2006-01-11,24.0,11.632068718682879,12.974230493915519,65.3,58.1,60.394999999999996,,24.0,4.133858267716506,3.0388779527558833,7.69,4.591666666666666,16.105941302791678,19.23765211166784,69.755,
2006-01-12,24.0,10.289906943450239,12.75053686471008,62.6,58.1,61.44500000000001,,24.0,2.395013123359563,1.9356955380577288,8.33,4.81125,13.19792412312096,14.987473156764478,69.9275,
2006-01-13,24.0,25.50107372942016,43.172870436649916,66.38,52.52,61.864999999999995,,23.0,11.548556430446112,3.2962791415778674,8.33,3.842352941176471,32.882963493199675,221.45669291338558,69.51363636363637,
2006-01-14,24.0,28.185397279885436,40.488546886184636,57.2,43.34,58.58,,22.0,15.616797900262355,12.614829396325367,9.09,6.496428571428573,36.01467430207584,221.45669291338558,68.57428571428571,
2006-01-15,24.0,11.184681460272,15.882247673586237,57.2,36.68,57.125,,24.0,8.53018372703406,4.148771176330201,9.09,4.691818181818181,23.71152469577664,30.646027201145277,68.1275,
2006-01-16,24.0,20.356120257695036,23.935218324982078,63.14,59.0,58.347500000000004,,24.0,5.774278215223056,2.6684164479439882,8.33,3.9637499999999997,27.738010021474558,32.211882605583355,68.51,
2006-01-17,24.0,38.922691481746554,47.64674302075872,64.4,52.34,59.63,,24.0,12.992125984251876,9.153543307086549,10.0,5.765,33.77773801002144,41.3833214030064,68.54750000000001,
2006-01-18,21.0,24.829992841803836,42.72548317823904,55.58,43.519999999999996,58.768571428571434,,24.0,15.682414698162619,9.609407376709422,10.0,6.8747368421052615,33.77773801002144,221.45669291338558,67.07652173913044,
2006-01-19,24.0,13.645311381531839,18.79026485325696,57.92,43.519999999999996,58.557500000000005,,24.0,5.019685039370043,4.068241469816244,10.81,5.057083333333334,21.474588403722237,25.053686471009275,67.4075,
2006-01-20,24.0,16.32963493199712,21.474588403722237,66.92,49.64,58.347500000000004,,23.0,4.363517060367423,3.794362661189064,6.67,4.38,17.448103078024317,22.369362920544,68.45391304347825,
2006-01-21,24.0,16.32963493199712,17.67179670722976,66.74000000000001,61.34,59.8775,,24.0,3.8713910761154575,3.4366797900262225,7.69,4.736666666666667,16.105941302791678,19.461345740873277,69.695,
2006-01-22,24.0,13.19792412312096,17.67179670722976,67.82,60.26,60.32000000000001,,24.0,4.494750656167947,3.7237532808398686,7.14,4.629166666666666,21.92197566213312,26.39584824624192,70.04,
2006-01-23,24.0,16.105941302791678,20.579813886900478,66.92,62.6,60.9575,,24.0,3.9698162729658506,3.447615923009599,7.69,5.05,18.342877594846076,21.698282032927676,69.8,
2006-01-24,24.0,12.974230493915519,21.250894774516798,65.84,52.52,60.9575,,24.0,4.068241469816244,3.0074365704286747,10.0,4.5129166666666665,19.908732999284158,24.829992841803836,69.82249999999999,
2006-01-25,24.0,15.882247673586237,24.829992841803836,64.04,46.94,59.7575,,24.0,6.200787401574758,5.231448341684525,6.67,4.5204545454545455,24.606299212598397,221.45669291338558,68.9525,
2006-01-26,24.0,16.32963493199712,19.908732999284158,58.82,39.2,58.7975,,24.0,7.185039370078688,5.113636363636327,6.67,4.737272727272728,24.606299212598397,29.751252684323518,68.6375,
2006-01-27,21.0,17.67179670722976,22.816750178954877,60.8,49.1,58.854285714285716,,24.0,6.200787401574758,5.182360017497775,7.14,4.814583333333334,21.698282032927676,25.7247673586256,69.14750000000001,
2006-01-28,24.0,18.79026485325696,22.14566929133856,62.42,48.74,59.1275,,24.0,7.6115485564303915,6.285542432195931,7.69,5.1125,24.38260558339296,29.751252684323518,68.0525,
2006-01-29,24.0,22.14566929133856,31.093414459556158,64.22,60.980000000000004,59.945,,24.0,9.678477690288645,7.2850268716409925,8.33,5.7680952380952375,27.738010021474558,221.45669291338558,68.88499999999999,
2006-01-30,24.0,24.606299212598397,34.44881889763776,64.22,56.3,60.11,,23.0,5.643044619422532,4.876521116678563,7.14,4.629545454545454,27.51431639226912,32.882963493199675,69.34181818181818,
2006-01-31,23.0,15.882247673586237,24.606299212598397,62.42,44.239999999999995,60.29913043478261,,24.0,8.431758530183666,4.647856517935225,7.14,4.592380952380953,29.974946313528957,37.13314244810304,68.9825,
2006-02-01,24.0,16.105941302791678,18.79026485325696,60.08,46.04,59.959999999999994,,24.0,3.182414698162707,1.2863626421697196,9.09,3.837916666666667,21.02720114531136,25.27738010021472,69.35,
2006-02-02,23.0,29.080171796707198,32.4355762347888,64.4,56.120000000000005,59.78260869565217,,23.0,7.874015748031439,5.929761497204111,8.33,4.833913043478262,28.185397279885436,35.34359341445952,69.55739130434785,
2006-02-03,24.0,14.092698639942718,15.658554044380798,66.92,59.540000000000006,60.86,,24.0,8.103674540682357,5.558041040324465,9.09,5.864545454545455,15.882247673586237,21.250894774516798,69.74,
2006-02-04,24.0,30.422333571939838,37.58052970651392,64.94,48.56,60.485,,24.0,13.353018372703318,9.894466316710341,8.33,5.759999999999999,35.34359341445952,42.05440229062272,69.30499999999999,
2006-02-05,22.0,18.79026485325696,24.606299212598397,55.76,40.46,58.378181818181815,,23.0,10.761154855642967,5.409284776902848,8.33,4.989375,29.751252684323518,221.45669291338558,68.70363636363635,
2006-02-06,24.0,19.461345740873277,22.816750178954877,64.58,46.04,58.519999999999996,,24.0,6.988188976377902,3.964348206474162,7.14,4.189166666666666,24.38260558339296,30.1986399427344,68.7725,
2006-02-07,24.0,18.56657122405152,28.185397279885436,61.88,44.239999999999995,59.2625,,24.0,7.906824146981571,6.386701662292167,7.69,5.076666666666667,25.7247673586256,31.98818897637792,68.405,
2006-02-08,24.0,20.132426628489597,23.71152469577664,56.84,36.5,57.6425,,24.0,4.625984251968471,3.163870820495242,8.33,4.22304347826087,17.8954903364352,25.053686471009275,67.0775,
2006-02-09,24.0,25.7247673586256,35.567287043664955,58.82,41.18,57.26,,24.0,6.824146981627248,4.540980672870403,7.69,4.550000000000001,23.04044380816032,27.06692913385824,66.4625,
2006-02-10,24.0,24.38260558339296,29.080171796707198,59.0,41.36,57.2075,,24.0,3.1167979002624446,1.9397965879264951,5.88,3.5824999999999996,21.02720114531136,25.27738010021472,67.76,
2006-02-11,24.0,26.172154617036476,48.76521116678592,63.14,42.44,58.25,,24.0,10.039370078740086,7.7234830940249575,8.33,5.185882352941176,28.409090909090875,37.13314244810304,66.71,
2006-02-12,24.0,21.02720114531136,34.00143163922687,45.14,34.88,55.67,,24.0,10.629921259842444,8.819991251093551,9.09,5.842222222222222,28.185397279885436,221.45669291338558,67.06086956521739,
2006-02-13,23.0,13.19792412312096,22.593056549749438,50.18,32.9,54.84434782608696,,24.0,8.759842519684977,6.011393462180821,9.09,5.265,26.39584824624192,34.6725125268432,66.53,
2006-02-14,23.0,19.23765211166784,221.45669291338558,55.22,40.28,55.501739130434785,,24.0,4.330708661417292,2.821522309711266,7.69,4.248333333333334,20.579813886900478,25.50107372942016,67.08500000000001,
2006-02-15,21.0,17.000715819613436,221.45669291338558,59.36,52.34,56.505714285714284,,24.0,4.658792650918602,4.217246281714756,6.25,4.32125,21.02720114531136,25.50107372942016,68.12,
2006-02-16,23.0,,221.45669291338558,61.88,51.44,57.59130434782608,,24.0,4.330708661417292,3.734689413823246,7.14,4.257916666666667,20.579813886900478,23.935218324982078,67.46,
2006-02-17,24.0,,221.45669291338558,63.14,52.16,58.730000000000004,,24.0,3.60892388451441,2.5563210848643743,9.09,4.76375,13.645311381531839,15.43486041517536,68.2025,
2006-02-18,21.0,,221.45669291338558,63.14,47.48,58.837142857142865,,24.0,2.2309711286089082,1.8030949256342828,8.33,4.663333333333333,17.000715819613436,19.23765211166784,68.975,
2006-02-19,23.0,,221.45669291338558,59.36,42.260000000000005,57.92,,24.0,4.790026246719126,3.5337379702536924,6.25,4.421666666666667,17.000715819613436,21.250894774516798,68.2475,
2006-02-20,24.0,,221.45669291338558,60.980000000000004,52.16,58.3925,,23.0,2.034120734908122,1.380805660162035,7.69,3.695217391304349,11.85576234788832,14.31639226914816,68.68869565217392,
2006-02-21,24.0,,221.45669291338558,62.24,59.0,59.00750000000001,,24.0,1.5419947506561569,1.367016622922125,7.14,3.97125,12.07945597709376,13.645311381531839,69.125,
2006-02-22,24.0,,221.45669291338558,64.94,60.980000000000004,59.735,,24.0,1.476377952755895,1.3000328083989408,6.67,3.7729166666666667,13.19792412312096,14.763779527559038,69.2675,
2006-02-23,24.0,,221.45669291338558,65.84,55.4,60.545,,24.0,4.429133858267686,2.3649387576552767,5.88,3.9270833333333335,22.369362920544,27.06692913385824,69.20750000000001,
2006-02-24,24.0,,221.45669291338558,66.38,49.82,59.885000000000005,,24.0,7.185039370078688,5.103073053368292,6.67,4.5216666666666665,24.829992841803836,29.527559055118076,67.6475,
2006-02-25,24.0,,221.45669291338558,65.3,55.58,60.6125,,24.0,4.4619422572178165,3.436323176994155,6.25,4.229565217391304,20.132426628489597,24.15891195418752,68.2775,
2006-02-26,23.0,,221.45669291338558,64.58,46.04,59.4695652173913,,23.0,9.744094488188907,6.743766404199428,7.14,5.0005,32.4355762347888,38.69899785254112,67.43652173913043,
2006-02-27,24.0,,221.45669291338558,58.459999999999994,36.14,58.7375,,24.0,6.988188976377902,3.7141841644794136,6.67,4.347916666666667,22.816750178954877,29.527559055118076,67.1,
2006-02-28,24.0,,221.45669291338558,60.980000000000004,46.58,59.33,,24.0,1.476377952755895,1.2439851268591338,10.0,4.267499999999999,8.27666428060128,11.408375089477438,67.9325,
2006-03-01,24.0,,221.45669291338558,63.68,60.980000000000004,61.25,,24.0,2.066929133858253,1.5816382327208987,8.33,4.423749999999999,9.84251968503936,11.408375089477438,67.97,
2006-03-02,23.0,,221.45669291338558,66.92,62.059999999999995,62.82695652173913,,24.0,3.6417322834645414,2.7601848681958034,6.25,4.505217391304347,12.303149606299199,14.987473156764478,69.2225,
2006-03-03,23.0,,221.45669291338558,76.1,57.2,62.08347826086956,,23.0,2.788713910761135,2.3868110236220303,6.67,3.9160000000000004,23.487831066571196,27.290622763063677,70.05826086956522,
2006-03-04,24.0,,221.45669291338558,60.980000000000004,44.06,60.5825,,24.0,6.364829396325414,4.116087051618519,6.25,4.42125,23.935218324982078,29.303865425912637,68.6075,
2006-03-05,24.0,,221.45669291338558,63.32,49.64,61.0475,,24.0,2.8543307086613967,2.0819663167103966,5.26,3.7291666666666665,17.8954903364352,21.250894774516798,69.095,
2006-03-06,24.0,,221.45669291338558,64.04,54.86,61.894999999999996,,24.0,2.7559055118110036,1.7806012884752915,5.26,3.639090909090909,18.79026485325696,221.45669291338558,70.08636363636364,
2006-03-07,24.0,,221.45669291338558,70.16,52.16,60.972500000000004,,24.0,4.888451443569519,3.064851268591404,5.88,3.86875,22.369362920544,27.290622763063677,69.5975,
2006-03-08,24.0,,221.45669291338558,61.88,53.6,60.875,,24.0,3.9370078740157197,2.5549540682414515,5.56,3.489166666666667,21.474588403722237,26.172154617036476,69.17,
2006-03-09,24.0,,221.45669291338558,65.66,61.88,62.0975,,24.0,9.21916010498681,6.669674103237047,8.33,5.148333333333333,25.50107372942016,30.86972083035072,69.1175,
2006-03-10,24.0,,221.45669291338558,67.28,64.75999999999999,63.260000000000005,,24.0,9.514435695537989,7.517224409448764,9.09,6.069583333333334,24.15891195418752,28.185397279885436,69.05,
2006-03-11,23.0,,221.45669291338558,69.44,65.12,64.63478260869564,,24.0,6.1351706036744975,5.031988188976342,9.09,5.53375,15.882247673586237,19.0139584824624,69.62,
2006-03-12,24.0,,221.45669291338558,70.16,66.74000000000001,66.335,,24.0,4.691601049868733,4.184437882764624,8.33,5.090833333333333,16.32963493199712,19.68503937007872,69.97999999999999,
2006-03-13,24.0,,221.45669291338558,68.54,66.02,67.325,,24.0,4.166666666666637,3.8057742782151958,7.69,4.933333333333334,15.211166785969919,17.67179670722976,70.34,
2006-03-14,24.0,,221.45669291338558,73.22,54.14,66.155,,24.0,5.544619422572139,4.048271140020512,7.69,4.72304347826087,24.606299212598397,221.45669291338558,70.2695652173913,
2006-03-15,24.0,,221.45669291338558,68.54,45.86,63.7025,,24.0,8.53018372703406,5.909791167408381,6.67,4.871739130434783,27.06692913385824,32.211882605583355,69.515,
2006-03-16,24.0,,221.45669291338558,66.02,49.28,64.14500000000001,,24.0,2.7230971128608727,1.8837489063866883,5.26,3.8295833333333333,12.303149606299199,14.763779527559038,70.1075,
2006-03-17,24.0,,221.45669291338558,67.82,62.24,65.5175,,24.0,1.9356955380577288,1.325174027159639,5.56,4.041304347826087,13.645311381531839,15.882247673586237,70.0775,
2006-03-18,24.0,,221.45669291338558,66.56,51.26,65.3075,,24.0,3.7073490813648027,2.3745078740157313,5.26,3.6975000000000002,20.132426628489597,23.487831066571196,69.3575,
2006-03-19,23.0,,221.45669291338558,68.0,59.18,65.28434782608696,,24.0,2.821522309711266,1.8536745406824016,5.26,3.4925,14.987473156764478,17.000715819613436,69.25999999999999,
2006-03-20,23.0,,221.45669291338558,68.36,56.120000000000005,65.68347826086958,,24.0,5.741469816272925,3.9698162729658506,7.14,4.390416666666667,18.56657122405152,22.816750178954877,69.635,
2006-03-21,24.0,,221.45669291338558,73.94,58.459999999999994,66.9725,,22.0,8.038057742782096,6.951927061748811,8.33,5.925263157894736,23.04044380816032,27.961703650679997,70.14363636363636,
2006-03-22,24.0,,221.45669291338558,63.68,48.2,66.10249999999999,,24.0,7.053805774278165,4.448818897637763,8.33,4.6964999999999995,26.39584824624192,30.422333571939838,69.9125,
2006-03-23,22.0,,221.45669291338558,60.440000000000005,49.64,65.49636363636364,,24.0,3.60892388451441,2.507702841492622,7.69,3.7026086956521738,20.579813886900478,25.27738010021472,70.76,
2006-03-24,24.0,,221.45669291338558,60.440000000000005,39.92,63.425,,24.0,7.939632545931701,6.149752114319,7.69,4.751111111111111,25.948460987831037,32.4355762347888,70.38499999999999,
2006-03-25,24.0,,221.45669291338558,60.08,41.9,62.809999999999995,,24.0,5.1837270341206985,3.6444663167103846,5.88,4.12125,19.461345740873277,25.053686471009275,69.5375,
2006-03-26,19.0,,221.45669291338558,57.2,38.660000000000004,62.524210526315784,,23.0,4.790026246719126,2.9185210544333917,5.88,3.875217391304347,19.23765211166784,24.829992841803836,68.7904347826087,
2006-03-27,23.0,,221.45669291338558,61.34,43.879999999999995,62.73304347826087,,24.0,1.64041994750655,1.3957239720034897,4.17,3.2125,13.645311381531839,18.56657122405152,68.7125,
2006-03-28,24.0,,221.45669291338558,65.12,49.82,63.425,,24.0,2.3622047244094317,1.6540901137357715,5.88,3.7258333333333336,14.31639226914816,17.67179670722976,69.2675,
2006-03-29,24.0,,221.45669291338558,65.12,57.02,64.6175,,17.0,2.066929133858253,1.8296991722188443,6.25,4.357692307692308,12.07945597709376,221.45669291338558,70.115,
2006-03-30,24.0,,221.45669291338558,68.54,56.84,65.9075,,13.0,2.7230971128608727,2.4858671512214645,7.69,4.046923076923077,13.869005010737279,16.55332856120256,70.16,
2006-03-31,24.0,,221.45669291338558,67.46,62.78,66.77,,23.0,3.8385826771653266,3.213796644984572,7.14,4.54304347826087,18.342877594846076,21.250894774516798,70.41826086956522,
2006-04-01,24.0,,221.45669291338558,69.08,65.84,67.235,,24.0,3.313648293963231,2.642443132108468,7.69,4.9725,11.85576234788832,13.869005010737279,71.13499999999999,
2006-04-02,23.0,,221.45669291338558,71.6,67.46,68.53217391304348,,22.0,2.3622047244094317,2.037103316630861,8.33,5.153636363636363,9.171438797423038,10.289906943450239,72.06636363636363,
2006-04-03,24.0,,221.45669291338558,70.52,68.9,69.875,,24.0,2.066929133858253,1.831021122359692,7.69,3.9180952380952383,16.105941302791678,18.79026485325696,72.395,
2006-04-04,24.0,,221.45669291338558,69.98,58.459999999999994,67.4,,24.0,3.6745406824146722,2.7715964852219357,5.26,3.7678260869565223,19.461345740873277,22.14566929133856,71.435,
2006-04-05,23.0,,221.45669291338558,70.34,52.52,67.22521739130435,,24.0,2.165354330708646,1.5119203849518705,4.17,3.2095833333333332,16.777022190407997,19.908732999284158,72.00500000000001,
2006-04-06,24.0,,221.45669291338558,69.8,57.92,68.0825,,24.0,1.3779527559055018,1.0238954505686715,6.25,2.9262499999999996,13.645311381531839,16.105941302791678,71.525,
2006-04-07,23.0,,221.45669291338558,70.16,67.64,69.35391304347826,,24.0,2.788713910761135,2.1612532808398797,5.0,3.64125,16.55332856120256,19.461345740873277,71.9225,
2006-04-08,24.0,,221.45669291338558,71.96,68.54,70.205,,24.0,5.347769028871353,4.343011811023592,7.69,4.845,18.79026485325696,29.527559055118076,72.04249999999999,
2006-04-09,24.0,,221.45669291338558,73.94,54.14,69.2375,,24.0,6.233595800524889,4.661645555175135,7.69,4.685652173913043,23.71152469577664,28.409090909090875,71.555,
2006-04-10,24.0,,221.45669291338558,73.4,56.3,68.8775,,24.0,6.5616797900262,5.201498250218685,7.69,4.84,24.38260558339296,28.409090909090875,71.25500000000001,
2006-04-11,23.0,,221.45669291338558,72.32,57.92,69.29913043478261,,24.0,6.528871391076069,5.280785214348169,7.14,4.825,24.829992841803836,29.303865425912637,71.165,
2006-04-12,24.0,,221.45669291338558,71.42,61.34,69.89,,24.0,5.479002624671876,4.177602799650014,6.67,4.65625,24.606299212598397,29.974946313528957,71.2175,
2006-04-13,23.0,,221.45669291338558,71.96,59.9,70.5904347826087,,24.0,2.821522309711266,2.399114173228329,6.25,4.18625,14.987473156764478,18.119183965640637,71.84,
2006-04-14,24.0,,221.45669291338558,71.96,68.36,71.1725,,24.0,2.395013123359563,1.2398840769903674,8.33,4.035416666666666,8.9477451682176,10.51360057265568,72.725,
2006-04-15,24.0,,221.45669291338558,71.6,69.25999999999999,71.015,,24.0,1.574803149606288,1.2877296587926417,7.69,3.8029166666666665,11.85576234788832,14.092698639942718,72.755,
2006-04-16,24.0,,221.45669291338558,74.3,70.34,71.69,,24.0,2.132545931758515,1.7128718285214226,4.35,3.4458333333333333,14.540085898353599,16.777022190407997,73.04,
2006-04-17,24.0,,221.45669291338558,73.22,71.96,73.28,,24.0,2.3622047244094317,2.145384000912914,5.88,3.825217391304348,13.421617752326398,16.105941302791678,73.5575,
2006-04-18,23.0,,221.45669291338558,73.58,71.78,72.52347826086957,,23.0,2.329396325459301,1.8429761497204022,5.88,3.9934782608695656,13.421617752326398,16.55332856120256,75.01217391304348,
2006-04-19,24.0,,221.45669291338558,76.64,71.96,73.27250000000001,,24.0,1.509186351706026,1.2508202099737447,5.88,4.366666666666666,8.9477451682176,10.289906943450239,76.505,
2006-04-20,24.0,,221.45669291338558,76.1,69.98,74.8775,,24.0,1.279527559055109,1.1250546806649089,5.88,3.9320833333333334,11.632068718682879,12.974230493915519,77.7725,
2006-04-21,24.0,,221.45669291338558,75.56,71.6,75.58250000000001,,23.0,2.066929133858253,1.5020540910646933,5.56,3.8373913043478263,16.32963493199712,18.119183965640637,76.99217391304347,
2006-04-22,24.0,,221.45669291338558,75.92,67.46,75.77000000000001,,24.0,2.395013123359563,2.208147894556643,6.67,3.887391304347826,16.32963493199712,19.23765211166784,76.70750000000001,
2006-04-23,24.0,,221.45669291338558,79.34,64.58,74.69749999999999,,24.0,2.132545931758515,1.915190288713897,6.67,4.670000000000001,7.6055833929849594,10.066213314244798,77.94500000000001,
2006-04-24,24.0,,221.45669291338558,76.64,68.54,75.7325,,24.0,1.64041994750655,1.3779527559055018,7.14,3.9858333333333333,15.211166785969919,17.448103078024317,78.02,
2006-04-25,24.0,,221.45669291338558,78.08,69.98,76.7525,,24.0,1.8700787401574668,1.4695428696412844,10.0,3.9470833333333335,15.211166785969919,17.67179670722976,77.7125,
2006-04-26,24.0,,221.45669291338558,76.82,70.52,75.99499999999999,,23.0,3.8713910761154575,2.647041278931024,5.56,3.774545454545454,19.908732999284158,24.15891195418752,77.08608695652174,
2006-04-27,24.0,,221.45669291338558,75.56,60.440000000000005,70.6925,,23.0,7.414698162729605,4.525832297278597,7.14,4.5942105263157895,20.579813886900478,221.45669291338558,76.38285714285715,
2006-04-28,24.0,,221.45669291338558,73.94,56.84,69.485,,24.0,2.493438320209956,1.9397965879264956,5.0,3.46875,15.43486041517536,18.342877594846076,75.79249999999999,
2006-04-29,22.0,,221.45669291338558,74.66,65.3,70.72454545454545,,23.0,9.612860892388383,6.788485678420582,7.69,5.075652173913043,28.409090909090875,33.10665712240512,75.31739130434784,
2006-04-30,22.0,,221.45669291338558,71.06,62.6,70.47090909090909,,24.0,11.614173228346374,7.582841207349026,8.33,5.392499999999999,28.409090909090875,34.6725125268432,74.50999999999999,
2006-05-01,24.0,,221.45669291338558,71.06,62.959999999999994,70.8725,,24.0,5.380577427821484,4.043635170603645,7.69,4.69375,17.000715819613436,20.356120257695036,74.13499999999999,
2006-05-02,14.0,,221.45669291338558,72.68,62.959999999999994,72.16571428571429,,23.0,3.149606299212576,2.2623530754307724,7.69,4.176521739130435,13.869005010737279,16.32963493199712,74.17478260869565,
2006-05-03,24.0,,221.45669291338558,75.92,65.12,73.6625,,24.0,1.8700787401574668,1.4927821522309606,7.69,4.7725,9.39513242662848,10.737294201861118,76.3625,
2006-05-04,24.0,,221.45669291338558,74.66,72.32,74.8325,,24.0,1.6076115485564189,1.3970909886264116,7.69,4.519583333333333,11.408375089477438,13.645311381531839,76.0775,
2006-05-05,24.0,,221.45669291338558,75.02,73.4,75.36500000000001,,24.0,2.132545931758515,1.6745953630796029,6.67,3.5675000000000003,15.882247673586237,17.8954903364352,75.995,
2006-05-06,24.0,,221.45669291338558,75.92,66.38,73.745,,24.0,2.3622047244094317,1.5761701662292102,6.67,3.751666666666667,12.974230493915519,14.987473156764478,76.43,
2006-05-07,24.0,,221.45669291338558,77.72,74.3,75.8,,24.0,2.165354330708646,1.7853237095362953,6.25,3.6783333333333332,15.211166785969919,17.448103078024317,76.595,
2006-05-08,24.0,,221.45669291338558,77.54,75.56,77.045,,24.0,2.132545931758515,1.8837489063866883,5.88,4.315,8.9477451682176,10.289906943450239,77.4125,
2006-05-09,23.0,,221.45669291338558,75.92,64.58,77.55565217391305,,24.0,3.8385826771653266,2.2282370953630632,5.56,3.8166666666666664,25.053686471009275,32.211882605583355,76.9625,
2006-05-10,24.0,,221.45669291338558,77.0,70.34,77.8925,,24.0,2.985564304461921,2.3581036745406654,6.25,3.9162500000000002,18.119183965640637,21.474588403722237,77.24000000000001,
2006-05-11,24.0,,221.45669291338558,78.08,66.38,76.91,,24.0,6.233595800524889,4.533027121609766,6.67,4.632083333333333,23.04044380816032,27.738010021474558,77.19500000000001,
2006-05-12,23.0,,221.45669291338558,73.04,62.959999999999994,75.18434782608695,,24.0,4.26509186351703,3.230260279964981,6.25,4.14875,18.342877594846076,23.487831066571196,76.7675,
2006-05-13,23.0,,221.45669291338558,75.92,62.059999999999995,74.54260869565218,,23.0,2.95275590551179,1.9214310167750632,5.56,3.9269565217391307,13.869005010737279,16.777022190407997,77.42260869565216,
2006-05-14,24.0,,221.45669291338558,75.2,73.94,74.7575,,24.0,2.657480314960611,2.1519327129563197,5.0,3.5218181818181815,15.658554044380798,19.23765211166784,76.835,
2006-05-15,24.0,,221.45669291338558,77.36,62.059999999999995,74.04499999999999,,23.0,3.313648293963231,2.430804104032433,5.0,3.652272727272727,18.79026485325696,21.92197566213312,76.83565217391305,
2006-05-16,23.0,,221.45669291338558,70.88,57.74,73.22782608695653,,24.0,4.691601049868733,3.1225037087755108,6.25,3.967826086956522,20.80350751610592,26.172154617036476,76.145,
2006-05-17,23.0,,221.45669291338558,75.38,58.82,73.32173913043478,,24.0,4.068241469816244,2.6417893415496785,5.26,3.5704347826086953,20.356120257695036,24.829992841803836,75.965,
2006-05-18,23.0,,221.45669291338558,75.56,64.94,73.7913043478261,,24.0,4.035433070866113,3.1631156399567475,5.88,3.914705882352941,20.579813886900478,24.38260558339296,75.7775,
2006-05-19,24.0,,221.45669291338558,75.2,73.22,74.6075,,24.0,5.052493438320174,3.84678477690286,6.25,4.286499999999999,21.92197566213312,26.39584824624192,76.00999999999999,
2006-05-20,24.0,,221.45669291338558,75.38,73.94,74.825,,23.0,2.657480314960611,2.122106895728928,5.26,3.8849999999999993,16.32963493199712,19.68503937007872,76.5304347826087,
2006-05-21,24.0,,221.45669291338558,75.74000000000001,72.5,74.6825,,24.0,1.509186351706026,1.2043416447943924,7.14,3.8358333333333334,8.724051539012159,10.737294201861118,77.1875,
2006-05-22,23.0,,221.45669291338558,81.5,68.0,74.55826086956522,,24.0,0.9514435695537989,0.8010717410323652,7.69,4.039166666666667,9.171438797423038,10.289906943450239,77.18,
2006-05-23,23.0,,221.45669291338558,77.36,73.94,75.48173913043479,,24.0,1.246719160104978,0.9856784206321964,6.25,3.6121739130434776,13.645311381531839,16.105941302791678,77.66,
2006-05-24,24.0,,221.45669291338558,78.08,75.56,76.00999999999999,,24.0,1.213910761154847,1.0841036174825895,6.67,4.146086956521739,8.9477451682176,10.51360057265568,79.13000000000001,
2006-05-25,23.0,,221.45669291338558,78.62,76.28,77.48521739130433,,24.0,1.213910761154847,0.9678477690288644,8.33,4.2,10.51360057265568,12.07945597709376,80.13499999999999,
2006-05-26,23.0,,221.45669291338558,79.52,77.18,77.96260869565218,,24.0,1.3779527559055018,1.1961395450568593,9.09,4.055000000000001,10.737294201861118,12.303149606299199,80.2175,
2006-05-27,24.0,,221.45669291338558,79.88,77.36,78.965,,24.0,1.509186351706026,1.190671478565171,9.09,4.035833333333334,11.85576234788832,13.645311381531839,81.02,
2006-05-28,23.0,,221.45669291338558,81.32,75.74000000000001,79.60608695652174,,24.0,1.5419947506561569,1.379319772528424,9.09,4.4816666666666665,8.27666428060128,9.84251968503936,81.08000000000001,
2006-05-29,23.0,,221.45669291338558,84.2,72.32,78.01739130434783,,24.0,1.8700787401574668,1.5091863517060258,8.33,3.9516666666666667,14.31639226914816,16.777022190407997,80.19500000000001,
2006-05-30,24.0,,221.45669291338558,82.22,74.12,79.235,,24.0,2.329396325459301,1.8919510061242208,5.26,3.7758333333333334,14.31639226914816,16.55332856120256,80.0675,
2006-05-31,23.0,,221.45669291338558,82.22,71.96,80.06782608695652,,24.0,1.8372703412073361,1.6158136482939516,8.33,3.8212500000000005,12.303149606299199,14.092698639942718,80.2925,
2006-06-01,24.0,,221.45669291338558,81.5,73.22,81.0425,,24.0,1.738845144356943,1.3287401574803053,7.14,3.5079166666666666,13.869005010737279,16.32963493199712,80.8325,
2006-06-02,24.0,,221.45669291338558,81.32,74.12,81.92,,24.0,1.246719160104978,0.9343261440146001,4.55,3.7939130434782604,10.51360057265568,12.75053686471008,81.4025,
2006-06-03,23.0,,221.45669291338558,80.96,70.16,81.10086956521741,,24.0,1.804461942257205,1.4968832020997267,4.76,3.3383333333333334,14.092698639942718,17.67179670722976,81.125,
2006-06-04,23.0,,221.45669291338558,81.68,69.44,79.52000000000001,,24.0,1.574803149606288,1.223895926052713,4.76,3.321304347826087,12.07945597709376,14.540085898353599,81.6875,
2006-06-05,24.0,,221.45669291338558,81.14,67.82,79.2725,,24.0,2.62467191601048,1.7456802274715537,8.33,3.4829166666666667,16.105941302791678,18.342877594846076,81.3875,
2006-06-06,24.0,,221.45669291338558,82.4,64.75999999999999,76.91749999999999,,24.0,2.690288713910742,2.1380139982502038,5.0,3.7312500000000006,15.882247673586237,18.56657122405152,81.8525,
2006-06-07,21.0,,221.45669291338558,81.86,69.25999999999999,77.88285714285713,,24.0,1.673228346456681,1.0567038495188026,7.14,3.8379166666666666,9.171438797423038,11.408375089477438,82.175,
2006-06-08,21.0,,221.45669291338558,81.14,74.3,79.64857142857143,,24.0,1.476377952755895,1.0676399825021794,5.56,4.0879166666666675,10.066213314244798,11.85576234788832,82.89500000000001,
2006-06-09,24.0,,221.45669291338558,88.16,77.36,79.61749999999999,,24.0,1.6076115485564189,1.1223206474190646,5.88,3.8058333333333336,13.869005010737279,16.55332856120256,82.73,
2006-06-10,24.0,,221.45669291338558,84.02,73.22,81.0275,,24.0,1.443569553805764,0.9295713035870451,7.14,3.322083333333333,13.19792412312096,16.105941302791678,83.435,
2006-06-11,20.0,,221.45669291338558,82.22,77.72,82.562,,24.0,11.48293963254585,5.845363079615007,11.43,5.283333333333334,27.961703650679997,33.33035075161056,82.445,
2006-06-12,24.0,5.816034359341439,221.45669291338558,80.6,74.48,80.735,,24.0,14.10761154855633,12.035214348206386,11.43,6.714166666666666,36.68575518969215,43.84395132426624,81.13250000000001,
2006-06-13,23.0,,221.45669291338558,88.7,72.68,79.90347826086956,,24.0,9.973753280839825,6.2646774416355395,10.81,5.57578947368421,26.39584824624192,221.45669291338558,80.28695652173913,
2006-06-14,24.0,,221.45669291338558,82.22,72.68,80.87,,24.0,3.412073490813624,2.9814632545931548,9.09,5.160833333333333,8.724051539012159,11.632068718682879,81.47749999999999,
2006-06-15,24.0,,221.45669291338558,82.58,80.24000000000001,82.35499999999999,,24.0,3.379265091863493,2.198162729658777,8.33,4.952916666666667,10.066213314244798,12.303149606299199,82.97,
2006-06-16,24.0,,221.45669291338558,83.12,75.02,82.28,,24.0,1.7716535433070741,1.3711176727908916,7.14,4.569583333333333,10.737294201861118,12.526843235504638,83.825,
2006-06-17,24.0,,221.45669291338558,82.4,74.12,82.7,,24.0,4.232283464566899,3.3368875765529062,8.33,4.242916666666667,19.908732999284158,23.04044380816032,82.25,
2006-06-18,24.0,,221.45669291338558,80.96,72.5,82.70750000000001,,24.0,4.757217847768994,3.673173665791749,7.14,4.5075,23.04044380816032,27.51431639226912,81.6725,
2006-06-19,22.0,,221.45669291338558,82.04,75.2,82.96454545454544,,24.0,2.62467191601048,1.8837489063866883,8.33,4.055416666666666,12.526843235504638,15.43486041517536,82.0325,
2006-06-20,23.0,,221.45669291338558,82.94,73.22,83.43304347826088,,24.0,1.148293963254585,0.9015177450644692,8.33,4.154782608695652,7.381889763779519,9.39513242662848,82.85749999999999,
2006-06-21,24.0,,221.45669291338558,84.02,74.3,83.8175,,24.0,0.853018372703406,0.712215660542427,6.67,4.25375,8.052970651395839,10.066213314244798,84.26750000000001,
2006-06-22,24.0,,221.45669291338558,86.53999999999999,77.0,84.36500000000001,,24.0,1.279527559055109,0.8243110236220412,5.26,3.5333333333333337,13.19792412312096,14.987473156764478,84.575,
2006-06-23,22.0,,221.45669291338558,84.74,74.48,84.48636363636362,,24.0,1.1154855643044541,0.8587241812164723,5.26,3.7678260869565223,10.96098783106656,12.75053686471008,85.19749999999999,
2006-06-24,,,,,,,,24.0,2.395013123359563,1.57617016622921,5.56,3.8891666666666667,13.869005010737279,16.55332856120256,85.6925,
2006-06-25,,,,,,,,23.0,1.5419947506561569,1.0627068355585911,8.33,3.6308695652173917,12.526843235504638,14.540085898353599,85.3817391304348,
2006-06-26,,,,,,,,24.0,2.2309711286089082,1.5890676708889537,9.09,3.4565217391304355,12.303149606299199,15.658554044380798,84.8675,
2006-06-27,,,,,,,,24.0,1.7716535433070741,1.46856642919634,8.33,3.4014285714285717,12.526843235504638,221.45669291338558,85.11565217391305,
2006-06-28,,,,,,,,24.0,1.345144356955371,1.0662729658792576,7.14,3.3820833333333327,10.51360057265568,12.526843235504638,85.26500000000001,
2006-06-29,,,,,,,,24.0,1.082677165354323,0.8830927384076929,9.09,4.69125,10.066213314244798,13.421617752326398,85.97749999999999,
2006-06-30,,,,,,,,24.0,1.31233595800524,1.1674321959754945,10.0,5.513749999999999,16.32963493199712,24.38260558339296,85.42249999999999,
2006-07-01,,,,,,,,24.0,2.887139107611528,1.7005686789151233,9.09,3.9949999999999997,17.22440944881888,19.68503937007872,84.99499999999999,
2006-07-02,,,,,,,,24.0,2.821522309711266,2.310258092738391,5.56,3.86125,15.211166785969919,19.461345740873277,84.7775,
2006-07-03,,,,,,,,24.0,2.559055118110218,2.308891076115469,9.09,4.21125,13.869005010737279,17.000715819613436,84.8375,
2006-07-04,,,,,,,,24.0,2.329396325459301,1.92339238845143,10.81,5.0929166666666665,9.61882605583392,11.632068718682879,85.37750000000001,
2006-07-05,,,,,,,,24.0,2.165354330708646,1.5666010498687553,10.81,5.589166666666666,6.710808876163199,9.171438797423038,85.6475,
2006-07-06,,,,,,,,24.0,1.706036745406812,1.3779527559055018,10.0,5.226666666666667,8.9477451682176,10.51360057265568,85.69250000000001,
2006-07-07,,,,,,,,24.0,1.8700787401574668,1.3779527559055018,9.09,4.026666666666667,14.092698639942718,16.55332856120256,85.0775,
2006-07-08,,,,,,,,24.0,3.8713910761154575,2.6055336832895706,7.69,4.197916666666667,17.67179670722976,21.698282032927676,84.4475,
2006-07-09,,,,,,,,24.0,3.5433070866141483,2.6656824146981437,9.09,4.55375,14.31639226914816,17.22440944881888,84.065,
2006-07-10,,,,,,,,24.0,2.7559055118110036,2.110673665791761,8.33,4.252916666666667,15.658554044380798,18.119183965640637,84.19250000000001,
2006-07-11,,,,,,,,24.0,2.329396325459301,1.6568241469816154,9.09,3.9324999999999997,20.356120257695036,25.948460987831037,84.58250000000001,
2006-07-12,,,,,,,,24.0,2.493438320209956,1.9794400699912371,5.0,3.9158333333333335,14.092698639942718,17.000715819613436,84.70250000000001,
2006-07-13,116.0,,221.45669291338558,,,82.97633027522936,,24.0,3.2152230971128377,2.3266622922134563,5.88,4.115833333333334,16.105941302791678,18.342877594846076,84.35749999999999,
2006-07-14,236.0,,221.45669291338558,,,81.99805084745762,,24.0,2.5918635170603492,2.1325459317585147,5.56,3.8837499999999996,14.31639226914816,17.448103078024317,84.49249999999999,
2006-07-15,229.0,,221.45669291338558,,,84.02157205240175,,24.0,2.165354330708646,1.9425306211723399,6.67,4.26125,11.632068718682879,14.31639226914816,85.28,
2006-07-16,237.0,,221.45669291338558,,,83.82253164556963,,24.0,1.673228346456681,1.5255905511810914,7.14,4.958749999999999,9.84251968503936,11.85576234788832,85.9325,
2006-07-17,230.0,,221.45669291338558,,,83.17791304347826,,22.0,1.443569553805764,1.2497017418277168,8.33,3.888636363636364,12.303149606299199,14.540085898353599,85.3209090909091,
2006-07-18,238.0,,221.45669291338558,,,83.86117647058825,,24.0,1.345144356955371,1.0539698162729583,8.33,4.34375,9.61882605583392,11.408375089477438,86.1875,
2006-07-19,224.0,,221.45669291338558,,,82.00902325581394,,24.0,1.246719160104978,1.0526027996500362,9.09,5.126666666666666,7.381889763779519,9.61882605583392,86.705,
2006-07-20,235.0,,221.45669291338558,,,80.36025531914893,,24.0,1.148293963254585,0.974682852143475,9.09,5.081666666666667,7.829277022190399,9.39513242662848,86.99749999999999,
2006-07-21,231.0,,221.45669291338558,,,81.48051948051946,,24.0,1.148293963254585,0.9186351706036681,8.33,4.657083333333333,13.19792412312096,18.119183965640637,87.8975,
2006-07-22,233.0,,221.45669291338558,,,85.08454935622318,,24.0,1.9685039370078599,1.104549431321077,8.33,4.06875,14.763779527559038,16.777022190407997,87.1625,
2006-07-23,224.0,,221.45669291338558,,,83.15053571428571,,24.0,3.9370078740157197,2.907449068866371,5.0,3.9561904761904763,20.132426628489597,25.50107372942016,86.02250000000001,
2006-07-24,212.0,,221.45669291338558,,,82.05952830188679,,24.0,3.8057742782151958,3.2097550306211495,5.88,4.2420833333333325,17.448103078024317,36.01467430207584,85.42999999999999,
2006-07-25,231.0,,221.45669291338558,,,84.50701298701298,,24.0,2.526246719160087,2.311625109361313,6.25,4.423333333333333,10.737294201861118,12.974230493915519,85.9025,
2006-07-26,237.0,,221.45669291338558,,,83.74582278481013,,24.0,2.165354330708646,1.8741797900262334,6.25,4.776666666666666,8.052970651395839,9.84251968503936,86.525,
2006-07-27,214.0,,221.45669291338558,,,83.9358878504673,,24.0,1.7716535433070741,1.6445209973753165,10.0,4.28,12.07945597709376,14.763779527559038,86.285,
2006-07-28,235.0,,221.45669291338558,,,84.07055319148937,,24.0,2.165354330708646,1.6827974628171356,8.33,3.9941666666666666,10.96098783106656,13.421617752326398,86.39000000000001,
2006-07-29,238.0,,221.45669291338558,,,82.06193277310925,,24.0,2.95275590551179,2.3827099737532635,6.25,4.267083333333333,13.645311381531839,16.32963493199712,86.33,
2006-07-30,238.0,,221.45669291338558,,,80.02218487394958,,24.0,2.7559055118110036,1.805828958880127,6.25,4.1883333333333335,16.777022190407997,21.92197566213312,86.0975,
2006-07-31,232.0,,221.45669291338558,,,81.83051724137931,,24.0,2.066929133858253,1.2972987751530967,6.25,3.5887499999999997,17.000715819613436,21.02720114531136,85.94749999999999,
2006-08-01,239.0,,221.45669291338558,,,82.22225941422593,,24.0,1.509186351706026,1.3560804899387482,7.69,4.050416666666667,10.51360057265568,12.303149606299199,86.54749999999999,
2006-08-02,235.0,,221.45669291338558,,,84.65344680851064,,24.0,1.6076115485564189,1.4668088363954401,7.14,5.127916666666667,8.052970651395839,10.51360057265568,86.95250000000001,
2006-08-03,238.0,,221.45669291338558,,,84.30210084033614,,24.0,1.8372703412073361,1.5201224846894028,7.69,4.92125,6.9345025053686395,8.724051539012159,86.81,
2006-08-04,235.0,,221.45669291338558,,,83.38272340425532,,24.0,2.099737532808384,1.6663932633420704,5.88,4.0304166666666665,19.68503937007872,23.71152469577664,87.04249999999999,
2006-08-05,208.0,,221.45669291338558,,,80.56625,,24.0,1.804461942257205,1.4407166495492305,7.14,3.987826086956521,16.105941302791678,19.0139584824624,86.91499999999999,
2006-08-06,235.0,,221.45669291338558,,,82.51412765957446,,24.0,2.427821522309694,1.6650262467191481,5.88,3.67125,23.04044380816032,26.172154617036476,86.5925,
2006-08-07,220.0,,221.45669291338558,,,82.53643835616438,,24.0,3.379265091863493,2.7805118110236022,6.67,4.554583333333333,15.43486041517536,19.23765211166784,86.45,
2006-08-08,236.0,,221.45669291338558,,,80.87457627118644,,24.0,2.62467191601048,2.1482369051694468,6.67,4.61,12.303149606299199,14.31639226914816,86.92999999999999,
2006-08-09,236.0,,221.45669291338558,,,81.36652542372882,,24.0,2.165354330708646,1.8823818897637663,6.67,4.746666666666667,7.829277022190399,9.61882605583392,86.85499999999999,
2006-08-10,234.0,,221.45669291338558,,,83.64923076923077,,24.0,1.9356955380577288,1.6281167979002509,6.25,4.679583333333333,9.171438797423038,12.974230493915519,87.845,
2006-08-11,238.0,,221.45669291338558,,,85.34428571428572,,24.0,1.6076115485564189,1.2931977252843303,9.09,3.5866666666666673,17.448103078024317,21.250894774516798,86.825,
2006-08-12,234.0,,221.45669291338558,,,85.66076923076923,,24.0,1.5419947506561569,1.3170228721409734,9.09,3.4257142857142857,12.303149606299199,221.45669291338558,86.85304347826086,
2006-08-13,238.0,,221.45669291338558,,,83.4626050420168,,24.0,1.3779527559055018,1.2181901175396466,4.55,3.4156521739130428,11.408375089477438,13.645311381531839,87.3725,
2006-08-14,135.0,,221.45669291338558,,,81.21066666666667,,24.0,1.1811023622047159,0.9787839020122415,9.09,3.598333333333333,12.974230493915519,15.658554044380798,87.2,
2006-08-15,,,,,,,,24.0,1.9356955380577288,1.3287401574803053,4.76,3.686666666666667,13.869005010737279,19.0139584824624,87.02,
2006-08-16,,,,,,,,24.0,1.9028871391075979,1.5447287839020014,4.76,3.8008333333333333,14.540085898353599,17.67179670722976,86.9075,
2006-08-17,176.0,33.77773801002144,221.45669291338558,88.52,86.72,85.67600000000002,,23.0,2.657480314960611,2.0726349423713195,5.26,3.726086956521739,14.763779527559038,18.342877594846076,86.55565217391305,
2006-08-18,240.0,37.58052970651392,221.45669291338558,88.88000000000001,86.72,82.69025,,24.0,2.460629921259825,1.9438976377952615,5.0,3.8641666666666663,19.0139584824624,25.27738010021472,86.66,
2006-08-19,237.0,31.540801717967035,125.26843235504639,88.34,86.72,82.52759493670887,,24.0,1.9685039370078599,1.4175962379702438,5.0,3.954166666666667,11.632068718682879,14.987473156764478,86.78,
2006-08-20,235.0,31.317108088761596,125.26843235504639,88.88000000000001,86.9,84.77600000000001,,24.0,1.1811023622047159,0.8789916885389263,7.14,3.6916666666666664,10.96098783106656,16.105941302791678,86.7425,
2006-08-21,238.0,30.646027201145277,221.45669291338558,89.24,86.9,84.26201680672268,,24.0,1.804461942257205,1.2303149606299124,5.26,3.8350000000000004,10.737294201861118,18.119183965640637,87.38,
2006-08-22,238.0,29.974946313528957,77.1743020758768,89.06,86.72,82.49151260504202,,24.0,1.706036745406812,1.5515638670166116,5.88,4.041666666666667,10.289906943450239,13.421617752326398,86.96000000000001,
2006-08-23,225.0,42.05440229062272,221.45669291338558,88.16,87.26,82.1064,,24.0,1.7716535433070741,1.4148622047243993,7.69,4.006666666666667,16.55332856120256,19.23765211166784,86.99749999999999,
2006-08-24,227.0,37.35683607730847,221.45669291338558,88.16,86.36,82.18828193832599,,24.0,2.2637795275590387,1.9825646794150582,7.14,3.740476190476191,18.119183965640637,221.45669291338558,86.67304347826087,
2006-08-25,227.0,51.4495347172512,221.45669291338558,87.98,86.36,81.09321585903083,,24.0,3.248031496062969,2.412130548898762,5.56,3.8626086956521735,19.0139584824624,25.053686471009275,86.5175,
2006-08-26,234.0,26.172154617036476,125.26843235504639,87.8,86.53999999999999,81.33076923076923,,24.0,1.804461942257205,1.5898403324584311,5.26,3.702916666666667,10.96098783106656,13.645311381531839,87.005,
2006-08-27,236.0,34.44881889763776,221.45669291338558,88.34,86.72,83.21305084745764,,24.0,1.410761154855633,1.1428258967628964,8.33,3.8041666666666667,11.184681460272,14.31639226914816,86.73499999999999,
2006-08-28,236.0,34.6725125268432,221.45669291338558,89.41999999999999,87.08000000000001,84.00627118644067,,24.0,1.1154855643044541,0.9214880748602011,6.25,3.3982608695652172,14.31639226914816,16.55332856120256,86.375,
2006-08-29,238.0,36.46206156048672,221.45669291338558,88.52,86.72,84.60537815126051,,24.0,1.345144356955371,0.989957777016996,12.12,3.554782608695653,12.526843235504638,15.43486041517536,86.675,
2006-08-30,175.0,32.65926986399424,221.45669291338558,87.26,86.0,83.8441142857143,,24.0,1.410761154855633,1.0608048993875692,11.43,3.7383333333333333,15.658554044380798,21.250894774516798,86.765,
2006-08-31,46.0,33.33035075161056,38.47530422333568,87.44,86.36,81.85608695652174,,24.0,2.099737532808384,1.782589676290451,5.0,3.508888888888889,13.19792412312096,21.250894774516798,86.58500000000001,
2006-09-01,226.0,34.44881889763776,221.45669291338558,87.44,85.28,81.27380530973451,,24.0,2.0013123359579907,1.7416980486134759,5.0,3.514347826086957,13.421617752326398,221.45669291338558,86.32869565217392,
2006-09-02,236.0,28.63278453829632,221.45669291338558,86.9,84.74,82.35805084745763,,24.0,1.7716535433070741,1.345144356955371,5.0,3.5387500000000003,7.381889763779519,12.07945597709376,86.66,
2006-09-03,237.0,27.738010021474558,221.45669291338558,87.61999999999999,85.1,84.08835443037974,,24.0,1.509186351706026,0.9693390598902342,5.88,3.5481818181818174,10.066213314244798,13.19792412312096,87.69500000000001,
2006-09-04,240.0,26.619541875447357,221.45669291338558,87.98,85.82,82.6265,,24.0,2.2637795275590387,1.660390277302282,5.56,3.885217391304347,20.356120257695036,25.50107372942016,86.80250000000001,
2006-09-05,206.0,32.882963493199675,111.3994273443091,87.98,86.18,81.31300970873787,,24.0,1.6076115485564189,1.2289479440069904,5.56,3.6225,10.51360057265568,13.869005010737279,86.36,
2006-09-06,184.0,23.04044380816032,40.264853256979194,87.26,86.0,80.12196721311474,,24.0,0.9842519685039299,0.6657370953630748,5.56,3.52875,6.710808876163199,8.9477451682176,87.245,
2006-09-07,177.0,34.6725125268432,221.45669291338558,86.36,85.1,77.35084745762711,,24.0,1.9685039370078599,1.1988735783027038,4.55,3.329166666666667,13.869005010737279,16.55332856120256,86.555,
2006-09-08,235.0,37.80422333571936,221.45669291338558,85.1,84.2,76.90348936170213,,24.0,3.248031496062969,1.8345363079614914,5.0,3.5020833333333337,29.080171796707198,39.37007874015744,86.405,
2006-09-09,238.0,38.922691481746554,221.45669291338558,,,76.54773109243698,,24.0,2.034120734908122,1.5263037772452246,5.0,3.4221739130434794,15.211166785969919,18.342877594846076,86.49499999999999,
2006-09-10,233.0,28.63278453829632,221.45669291338558,,,77.4256652360515,,24.0,3.412073490813624,2.1368252881433145,5.26,3.710434782608695,22.593056549749438,27.961703650679997,86.09,
2006-09-11,233.0,39.817465998568316,48.98890479599135,,,77.43030042918456,,24.0,3.051181102362183,2.2473753280839737,5.26,3.6012500000000003,24.38260558339296,28.185397279885436,85.97749999999999,
2006-09-12,232.0,49.883679312813115,221.45669291338558,,,75.83449999999999,,24.0,4.822834645669257,3.30681321084862,6.67,4.164583333333334,21.698282032927676,29.303865425912637,85.41499999999999,
2006-09-13,237.0,49.883679312813115,221.45669291338558,84.38000000000001,78.8,83.41828571428572,,24.0,2.690288713910742,2.0491579177602652,5.56,3.823333333333333,11.408375089477438,14.540085898353599,85.50500000000001,
2006-09-14,239.0,27.06692913385824,83.66141732283455,84.74,72.32,84.09456066945606,,24.0,1.9685039370078599,1.2754265091863428,4.55,3.465416666666666,9.39513242662848,11.408375089477438,85.82000000000001,
2006-09-15,239.0,28.409090909090875,83.66141732283455,84.56,71.06,84.35966527196653,,24.0,0.721784776902882,0.36499343832020736,4.0,1.9395833333333332,5.592340730136,7.15819613457408,86.9,
2006-09-16,240.0,23.487831066571196,221.45669291338558,86.0,66.2,83.93674999999999,,24.0,0.623359580052489,0.2980096237970232,3.57,1.615,8.9477451682176,11.408375089477438,85.9025,
2006-09-17,238.0,36.46206156048672,221.45669291338558,84.74,70.7,84.17050420168067,,24.0,1.6076115485564189,0.5673118985126819,5.88,2.405,10.51360057265568,12.974230493915519,85.655,
2006-09-18,236.0,50.77845382963488,221.45669291338558,84.02,75.02,83.89338983050847,,24.0,2.2309711286089082,1.7231541709460112,5.56,3.5513043478260866,15.211166785969919,19.23765211166784,85.6475,
2006-09-19,234.0,52.34430923407295,221.45669291338558,84.02,72.32,83.01384615384616,,24.0,4.429133858267686,2.9904855643044406,5.88,3.9145000000000003,26.843235504652796,34.6725125268432,85.4075,
2006-09-20,235.0,39.817465998568316,221.45669291338558,79.7,62.42,82.07446808510639,,24.0,4.625984251968471,3.019739720034974,5.56,4.118333333333333,18.342877594846076,21.92197566213312,85.025,
2006-09-21,225.0,42.278095919828154,221.45669291338558,80.6,66.2,82.3472,,24.0,1.8372703412073361,1.0567038495188026,6.25,3.625833333333334,17.8954903364352,21.92197566213312,85.25,
2006-09-22,236.0,54.13385826771648,221.45669291338558,83.84,75.74000000000001,81.76084745762712,,24.0,3.7401574803149336,3.029308836395429,6.25,3.949583333333333,30.1986399427344,37.35683607730847,85.10749999999999,
2006-09-23,239.0,41.3833214030064,221.45669291338558,84.38000000000001,79.7,82.88803347280334,,24.0,3.9370078740157197,3.440780839894989,7.14,4.5129166666666665,16.105941302791678,22.593056549749438,85.1075,
2006-09-24,239.0,44.29133858267712,83.66141732283455,84.91999999999999,80.06,83.90702928870294,,24.0,3.346456692913362,2.772309711286069,6.67,4.554166666666667,14.763779527559038,17.22440944881888,85.325,
2006-09-25,240.0,35.7909806728704,221.45669291338558,83.12,70.16,83.327,,24.0,2.690288713910742,1.9903762029746137,7.69,4.194583333333333,13.421617752326398,15.43486041517536,85.41499999999999,
2006-09-26,218.0,40.93593414459552,221.45669291338558,78.44,63.5,82.15311926605506,,24.0,3.477690288713886,2.2774496937882605,5.56,3.752083333333333,14.31639226914816,18.119183965640637,84.97999999999999,
2006-09-27,236.0,38.25161059413024,221.45669291338558,81.5,59.540000000000006,81.5,,24.0,2.460629921259825,1.7224409448818776,4.76,3.4266666666666663,14.987473156764478,19.461345740873277,84.875,
2006-09-28,236.0,59.27881173944159,221.45669291338558,81.14,67.1,80.9043220338983,,24.0,2.2309711286089082,1.2809540111833753,4.76,3.1004347826086955,14.987473156764478,19.461345740873277,84.75500000000001,
2006-09-29,239.0,42.501789549033596,83.66141732283455,78.8,60.62,80.85907949790794,,24.0,4.166666666666637,2.474051539012151,5.88,3.855,19.461345740873277,23.04044380816032,84.665,
2006-09-30,228.0,22.816750178954877,66.88439513242655,77.9,55.76,80.78947368421052,,24.0,1.148293963254585,0.895395888013992,4.55,3.1316666666666664,12.303149606299199,16.105941302791678,84.08000000000001,
2006-10-01,238.0,30.422333571939838,221.45669291338558,83.3,62.78,80.9509243697479,,24.0,1.706036745406812,0.9970900376583289,4.35,3.1247826086956523,13.19792412312096,16.777022190407997,84.0125,
2006-10-02,239.0,22.593056549749438,221.45669291338558,83.84,77.18,81.96016736401674,,24.0,1.049868766404192,0.7641622922134679,4.17,3.2558333333333334,9.171438797423038,11.408375089477438,84.755,
2006-10-03,234.0,28.185397279885436,221.45669291338558,82.4,75.02,82.23153846153846,,24.0,3.9370078740157197,2.5699912510935947,6.67,4.0775,16.55332856120256,19.461345740873277,84.39500000000001,
2006-10-04,239.0,33.554044380815995,221.45669291338558,86.9,70.7,82.03096234309622,,24.0,4.986876640419912,4.303368328958849,7.14,4.6258333333333335,19.68503937007872,24.15891195418752,84.08,
2006-10-05,236.0,23.71152469577664,29.080171796707198,82.94,65.84,81.87601694915256,,24.0,3.904199475065589,3.3396216097987512,6.67,4.3812500000000005,15.658554044380798,19.0139584824624,84.05,
2006-10-06,239.0,41.60701503221184,83.66141732283455,82.04,69.62,81.8283682008368,,24.0,2.985564304461921,1.9315944881889626,5.88,3.8945833333333333,12.303149606299199,15.43486041517536,84.155,
2006-10-07,237.0,35.567287043664955,221.45669291338558,80.24000000000001,61.16,80.98430379746836,,24.0,3.182414698162707,2.2965879265091695,5.88,3.9466666666666668,17.000715819613436,20.132426628489597,84.04249999999999,
2006-10-08,238.0,33.77773801002144,143.1639226914816,77.54,62.24,80.30428571428573,,24.0,3.6745406824146722,2.5645231846019065,5.88,3.982083333333333,18.119183965640637,22.816750178954877,83.615,
2006-10-09,235.0,31.540801717967035,111.3994273443091,74.84,54.86,79.896085106383,,24.0,2.657480314960611,2.0559930008748757,5.56,3.6174999999999997,14.31639226914816,18.79026485325696,83.2025,
2006-10-10,239.0,25.053686471009275,29.527559055118076,77.54,61.519999999999996,79.74669456066945,,24.0,2.0013123359579907,1.2808945756780312,4.17,3.348333333333333,11.85576234788832,15.43486041517536,83.31500000000001,
2006-10-11,239.0,64.42376521116671,221.45669291338558,80.96,73.58,79.79715481171549,,24.0,2.526246719160087,1.356080489938748,4.35,3.347083333333334,17.67179670722976,22.369362920544,83.1275,
2006-10-12,227.0,32.4355762347888,221.45669291338558,78.98,64.75999999999999,79.37409691629955,,24.0,4.199475065616768,2.9609580052493225,5.26,3.9670833333333335,21.92197566213312,25.50107372942016,83.195,
2006-10-13,238.0,34.22512526843232,44.29133858267712,71.6,57.379999999999995,78.5836974789916,,24.0,3.576115485564279,1.6212817147856402,5.88,4.1275,19.908732999284158,24.15891195418752,83.12,
2006-10-14,239.0,37.80422333571936,83.66141732283455,77.36,51.620000000000005,77.95723849372385,,24.0,6.069553805774235,4.661645555175135,6.25,4.404347826086957,24.15891195418752,29.527559055118076,82.4525,
2006-10-15,239.0,38.69899785254112,43.62025769506079,77.36,59.72,77.30878661087866,,24.0,6.955380577427772,4.839238845144323,7.14,4.460833333333333,24.15891195418752,29.303865425912637,82.00999999999999,
2006-10-16,240.0,70.91088045812447,221.45669291338558,78.44,67.28,75.8836974789916,,23.0,12.53280839895004,9.715565445623575,9.09,5.810434782608695,31.093414459556158,39.593772369362874,81.63304347826087,
2006-10-17,233.0,69.12133142448096,221.45669291338558,80.42,77.0,76.2792207792208,,24.0,12.368766404199386,9.160378390201158,9.09,5.939583333333332,30.422333571939838,36.68575518969215,81.58250000000001,
2006-10-18,239.0,25.948460987831037,143.1639226914816,81.14,73.94,77.46242677824267,,24.0,6.496062992125938,4.653324584426914,7.69,5.1875,17.8954903364352,21.250894774516798,81.92750000000001,
2006-10-19,240.0,52.568002863278394,221.45669291338558,80.96,73.94,78.731,,24.0,3.0839895013123138,2.4449389478488923,6.67,4.3856521739130425,17.000715819613436,19.461345740873277,82.025,
2006-10-20,240.0,40.488546886184636,221.45669291338558,78.62,60.62,77.81825,,24.0,2.821522309711266,2.449218304233692,5.56,3.842173913043478,17.67179670722976,20.80350751610592,81.845,
2006-10-21,239.0,32.211882605583355,221.45669291338558,77.0,57.74,76.33949790794979,,24.0,2.132545931758515,1.5591121761953557,5.56,3.6282608695652177,15.43486041517536,221.45669291338558,81.51565217391304,
2006-10-22,238.0,37.80422333571936,221.45669291338558,79.7,63.68,77.10134453781514,,24.0,3.2152230971128377,1.8287116284377367,4.17,3.284782608695652,21.02720114531136,24.606299212598397,81.56,
2006-10-23,233.0,49.65998568360767,221.45669291338558,63.5,48.2,75.21776824034333,,23.0,7.3818897637794745,6.199146981627252,7.14,4.764,27.290622763063677,221.45669291338558,80.55090909090912,
2006-10-24,239.0,,221.45669291338558,69.8,46.04,74.27062761506276,,24.0,6.92257217847764,3.786636045494286,6.67,3.9829166666666667,23.264137437365758,29.974946313528957,79.775,
2006-10-25,240.0,,221.45669291338558,67.28,51.8,74.36,,24.0,2.7559055118110036,2.0833333333333184,5.26,3.551666666666667,16.32963493199712,20.579813886900478,79.565,
2006-10-26,237.0,,221.45669291338558,69.08,56.48,73.75620253164558,,24.0,4.560367454068208,2.9377187226596466,5.88,3.89625,20.356120257695036,23.935218324982078,79.565,
2006-10-27,236.0,,221.45669291338558,77.0,67.64,72.86915254237289,,24.0,9.120734908136416,6.463254593175806,7.14,4.9714285714285715,29.303865425912637,221.45669291338558,79.595,
2006-10-28,239.0,,221.45669291338558,69.44,56.120000000000005,71.72125523012552,,24.0,9.744094488188907,8.159917510311153,9.09,5.681904761904762,28.409090909090875,221.45669291338558,79.09739130434782,
2006-10-29,245.0,,221.45669291338558,70.52,48.74,72.07240816326532,,25.0,6.200787401574758,3.5866141732283214,9.09,4.4196,20.80350751610592,26.172154617036476,78.44720000000001,
2006-10-30,178.0,,221.45669291338558,72.86,53.24,72.03483146067416,,24.0,2.3622047244094317,2.0040463692038353,5.88,3.5691666666666664,14.31639226914816,18.342877594846076,78.19250000000001,
2006-10-31,56.0,,221.45669291338558,73.75999999999999,63.68,73.93357142857143,,24.0,2.788713910761135,2.1052055993000724,5.88,3.9637499999999997,13.869005010737279,16.105941302791678,78.45500000000001,
2006-11-01,236.0,,221.45669291338558,80.06,59.0,73.32830508474576,,24.0,2.3622047244094317,2.0710301837270193,5.56,3.9637499999999997,12.526843235504638,15.43486041517536,78.425,
2006-11-02,223.0,,221.45669291338558,67.46,49.82,72.27399103139014,,24.0,7.053805774278165,2.9900381770460296,6.67,3.7827272727272727,27.51431639226912,33.554044380815995,78.0125,
2006-11-03,239.0,,221.45669291338558,63.32,42.980000000000004,70.19615062761507,,24.0,9.284776902887073,7.72488666189448,7.14,5.278181818181818,28.63278453829632,35.7909806728704,77.765,
2006-11-04,240.0,,221.45669291338558,67.46,45.68,69.19024999999999,,24.0,8.333333333333274,7.319006999125057,8.33,5.38375,24.606299212598397,29.974946313528957,77.42750000000001,
2006-11-05,238.0,,221.45669291338558,72.68,50.18,69.42865546218488,,24.0,7.939632545931701,6.938976377952707,7.69,5.279583333333334,25.7247673586256,31.540801717967035,77.2175,
2006-11-06,224.0,27.51431639226912,221.45669291338558,71.06,59.0,68.65651785714286,,24.0,10.104986876640348,8.547954943132048,7.69,5.628749999999999,29.751252684323518,35.11989978525408,77.09750000000001,
2006-11-07,239.0,19.0139584824624,40.71224051539007,69.62,59.0,68.77121338912134,,24.0,8.431758530183666,7.053805774278165,8.33,5.7413043478260875,28.185397279885436,221.45669291338558,77.25043478260869,
2006-11-08,237.0,20.579813886900478,149.20365068002846,68.54,57.74,68.34253164556962,,24.0,4.822834645669257,3.8385826771653266,7.69,4.286666666666666,18.342877594846076,23.04044380816032,77.06,
2006-11-09,237.0,13.421617752326398,221.45669291338558,71.78,59.36,68.42607594936709,,24.0,2.95275590551179,1.6568241469816154,5.0,3.63625,12.07945597709376,14.987473156764478,77.0,
2006-11-10,240.0,11.85576234788832,17.22440944881888,71.42,58.28,69.70625,,24.0,0.9186351706036681,0.5604768153980711,7.69,2.9129166666666664,10.289906943450239,12.75053686471008,76.9025,
2006-11-11,240.0,19.0139584824624,112.07050823192543,73.58,50.36,70.43525,,24.0,4.4619422572178165,1.6349518810148616,6.67,3.3249999999999997,23.935218324982078,27.290622763063677,76.94,
2006-11-12,239.0,19.68503937007872,26.619541875447357,66.38,44.96,68.94217573221758,,24.0,6.528871391076069,4.186636996462369,6.67,4.43608695652174,23.264137437365758,28.85647816750176,76.13,
2006-11-13,237.0,15.882247673586237,74.71367215461694,66.74000000000001,42.260000000000005,68.40481012658228,,24.0,1.476377952755895,1.160597112860884,8.33,3.4225,10.066213314244798,12.974230493915519,76.2125,
2006-11-14,239.0,19.23765211166784,27.961703650679997,70.7,48.56,68.35246861924686,,24.0,3.0839895013123138,1.0334645669291265,6.25,3.2929166666666667,20.356120257695036,24.15891195418752,75.74000000000001,
2006-11-15,236.0,39.146385110952,149.20365068002846,74.48,65.84,68.76576271186441,,23.0,10.236220472440872,5.9258217722784226,7.14,4.702380952380951,33.33035075161056,221.45669291338558,75.3390909090909,
2006-11-16,238.0,34.22512526843232,41.60701503221184,65.48,47.48,67.53411764705882,,24.0,13.648293963254496,10.884186351705958,10.0,6.5806249999999995,32.882963493199675,221.45669291338558,74.97304347826086,
2006-11-17,235.0,12.974230493915519,16.777022190407997,59.540000000000006,43.879999999999995,66.4964255319149,,24.0,7.283464566929083,4.24797443797783,9.09,5.119130434782609,16.777022190407997,21.474588403722237,74.6525,
2006-11-18,225.0,18.56657122405152,27.961703650679997,63.32,42.08,66.0008,,24.0,2.493438320209956,2.2241360454942978,6.67,3.719583333333333,15.658554044380798,21.92197566213312,74.16499999999999,
2006-11-19,219.0,18.119183965640637,23.71152469577664,57.74,43.7,65.46356164383562,,24.0,6.299212598425152,4.573789071820535,6.67,4.263636363636364,25.053686471009275,30.1986399427344,74.09,
2006-11-20,216.0,19.908732999284158,25.50107372942016,51.26,36.5,64.24833333333333,,24.0,10.269028871391003,6.9570209973752775,7.69,4.996,29.751252684323518,37.35683607730847,73.3925,
2006-11-21,240.0,17.000715819613436,22.369362920544,53.42,36.68,63.34025,,24.0,11.253280839894932,7.369802458903109,7.69,5.134736842105265,30.86972083035072,39.817465998568316,73.07,
2006-11-22,239.0,21.250894774516798,24.15891195418752,64.75999999999999,37.4,62.31757322175732,,24.0,7.644356955380523,6.125185438776631,7.14,4.891304347826087,26.619541875447357,34.00143163922687,72.7625,
2006-11-23,240.0,13.421617752326398,17.67179670722976,63.14,43.879999999999995,62.953250000000004,,24.0,4.035433070866113,2.612368766404181,6.25,3.98875,15.658554044380798,19.23765211166784,72.63499999999999,
2006-11-24,240.0,9.61882605583392,63.97637795275584,66.2,46.04,63.536750000000005,,24.0,3.6745406824146722,1.6882655293088242,4.76,3.23875,20.579813886900478,24.606299212598397,72.2225,
2006-11-25,240.0,10.737294201861118,17.000715819613436,70.16,51.8,63.77975000000001,,24.0,4.133858267716506,3.487259405074341,6.25,4.171666666666667,19.908732999284158,23.264137437365758,71.855,
2006-11-26,240.0,12.303149606299199,19.0139584824624,71.78,55.4,63.70400000000001,,24.0,4.59317585301834,3.711450131233569,5.88,4.1812499999999995,21.474588403722237,25.948460987831037,71.7275,
2006-11-27,234.0,9.171438797423038,221.45669291338558,72.14,52.34,64.14538461538461,,24.0,4.790026246719126,3.3915682414697925,5.88,4.07625,20.80350751610592,24.829992841803836,71.8625,
2006-11-28,240.0,16.32963493199712,21.02720114531136,70.7,61.88,65.05325,,24.0,3.412073490813624,3.038877952755884,5.26,4.002083333333333,17.22440944881888,21.250894774516798,71.9975,
2006-11-29,240.0,20.356120257695036,221.45669291338558,71.24000000000001,63.32,65.837,,24.0,4.822834645669257,3.973917322834617,5.88,4.342083333333334,20.579813886900478,24.15891195418752,71.99000000000001,
2006-11-30,180.0,22.369362920544,25.7247673586256,70.52,66.74000000000001,65.458,,24.0,4.133858267716506,3.738790463692012,7.14,4.5441666666666665,18.119183965640637,21.474588403722237,72.035,
2006-12-01,226.0,23.935218324982078,74.71367215461694,68.54,43.879999999999995,64.81097345132744,,24.0,7.119422572178427,5.533207805546007,10.0,5.244782608695653,19.461345740873277,24.606299212598397,72.2375,
2006-12-02,240.0,12.974230493915519,18.79026485325696,63.5,37.76,63.499249999999996,,24.0,6.463254593175806,4.285597112860862,10.0,5.09625,16.32963493199712,20.579813886900478,71.825,
2006-12-03,240.0,21.250894774516798,221.45669291338558,64.22,44.96,63.476652719665275,,24.0,3.8385826771653266,2.1530511811023474,9.09,3.8837500000000005,20.80350751610592,25.948460987831037,72.25999999999999,
2006-12-04,237.0,20.579813886900478,27.961703650679997,52.879999999999995,35.24,61.82911392405063,,23.0,9.18635170603668,7.122876087857388,7.69,5.111052631578946,29.974946313528957,34.896206156048635,71.20869565217392,
2006-12-05,240.0,14.987473156764478,20.356120257695036,58.82,30.92,61.0595,,24.0,5.6758530183726625,4.304735345581772,5.88,4.379166666666666,19.461345740873277,26.172154617036476,70.49000000000001,
2006-12-06,235.0,12.974230493915519,221.45669291338558,62.959999999999994,40.82,61.477872340425535,,24.0,3.6745406824146722,3.245297462817125,6.67,4.21625,16.105941302791678,19.68503937007872,70.79,
2006-12-07,238.0,20.579813886900478,27.51431639226912,59.72,40.46,61.18571428571429,,24.0,7.414698162729605,4.898890479599106,6.67,4.594545454545455,28.185397279885436,36.238367931281275,70.685,
2006-12-08,238.0,20.579813886900478,26.619541875447357,44.96,27.86,58.93647058823529,,24.0,9.022309711286026,7.378907182056736,7.69,5.275,27.961703650679997,34.896206156048635,70.0325,
2006-12-09,238.0,14.092698639942718,19.23765211166784,55.04,30.56,58.450924369747895,,24.0,6.791338582677116,5.361439195100574,7.14,4.803333333333334,21.02720114531136,27.961703650679997,69.88250000000001,
2006-12-10,237.0,9.84251968503936,15.211166785969919,63.68,39.56,58.37113924050634,,24.0,6.233595800524889,5.540518372703373,6.67,4.885000000000001,22.14566929133856,27.51431639226912,70.22,
2006-12-11,239.0,17.22440944881888,22.369362920544,68.54,54.32,58.82225941422594,,24.0,5.90551181102358,5.355971128608885,6.67,4.78875,22.816750178954877,26.843235504652796,70.3475,
2006-12-12,238.0,20.132426628489597,24.829992841803836,66.38,60.8,59.70411764705882,,24.0,6.3976377952755445,5.308125546806611,6.67,4.858333333333333,23.71152469577664,28.409090909090875,70.595,
2006-12-13,239.0,10.289906943450239,112.07050823192543,66.74000000000001,59.36,60.263012552301255,,24.0,3.904199475065589,2.44422572178476,8.33,4.6000000000000005,13.19792412312096,14.987473156764478,71.6675,
2006-12-14,236.0,9.171438797423038,221.45669291338558,64.94,56.120000000000005,60.39957627118645,,24.0,1.706036745406812,1.5305831336300246,7.69,4.171739130434783,11.184681460272,12.526843235504638,72.0125,
2006-12-15,237.0,13.19792412312096,19.461345740873277,66.92,52.7,60.49316455696202,,24.0,2.5918635170603492,1.6803606070980137,7.69,3.9121739130434774,16.105941302791678,20.132426628489597,71.765,
2006-12-16,238.0,11.184681460272,13.869005010737279,67.82,50.36,60.95504201680672,,24.0,2.8543307086613967,1.9302274715660406,4.76,3.401666666666667,14.763779527559038,17.67179670722976,71.6075,
2006-12-17,238.0,10.96098783106656,221.45669291338558,68.72,48.379999999999995,61.229579831932774,,24.0,2.887139107611528,2.3813429571303413,7.69,3.8924999999999996,15.658554044380798,18.56657122405152,71.61500000000001,
2006-12-18,240.0,10.96098783106656,221.45669291338558,70.34,56.84,62.37575,,24.0,2.657480314960611,2.4551618547681366,7.69,4.041666666666667,14.763779527559038,17.22440944881888,71.48,
2006-12-19,236.0,10.066213314244798,11.408375089477438,70.52,54.68,62.59847457627119,,24.0,2.985564304461921,2.5426509186351525,7.14,3.9324999999999997,18.119183965640637,21.02720114531136,71.6,
2006-12-20,239.0,17.448103078024317,112.07050823192543,70.52,56.48,62.49380753138077,,24.0,4.494750656167947,3.366961942257194,5.88,3.9908333333333332,20.356120257695036,24.15891195418752,71.48,
2006-12-21,239.0,20.356120257695036,149.20365068002846,71.78,62.059999999999995,62.70769874476987,,24.0,6.791338582677116,5.417486876640382,7.69,4.742916666666667,22.816750178954877,28.409090909090875,71.49499999999999,
2006-12-22,238.0,22.369362920544,221.45669291338558,69.44,63.86,62.31184873949579,,24.0,7.21784776902882,5.485837707786487,8.33,5.49125,22.369362920544,26.39584824624192,71.45750000000001,
2006-12-23,240.0,14.540085898353599,221.45669291338558,66.2,56.3,62.44175,,24.0,4.101049868766375,2.9910323709536093,7.14,4.6137500000000005,13.645311381531839,18.342877594846076,71.4725,
2006-12-24,236.0,23.487831066571196,26.843235504652796,62.78,54.32,62.24686440677966,,24.0,7.972440944881833,3.905625927193856,7.14,4.24695652173913,24.606299212598397,30.422333571939838,71.0975,
2006-12-25,237.0,38.69899785254112,48.0941302791696,69.8,51.08,62.217215189873414,,24.0,14.238845144356853,9.560367454068174,10.81,6.170666666666666,29.974946313528957,36.238367931281275,71.03,
2006-12-26,238.0,25.7247673586256,32.65926986399424,51.98,42.08,59.935546218487396,,24.0,14.009186351705935,9.770653668291393,10.81,6.420476190476191,29.974946313528957,221.45669291338558,70.24571428571429,
2006-12-27,235.0,11.184681460272,14.31639226914816,52.7,35.06,59.91685106382978,,24.0,5.90551181102358,3.79235266046287,10.0,5.408636363636362,13.869005010737279,17.67179670722976,69.62,
2006-12-28,239.0,11.632068718682879,149.20365068002846,66.2,44.239999999999995,61.01087866108786,,24.0,5.741469816272925,3.9889545056867606,8.33,4.326666666666667,24.606299212598397,28.409090909090875,69.68,
2006-12-29,240.0,14.987473156764478,149.20365068002846,71.42,55.58,60.943999999999996,,24.0,6.036745406824104,5.250770284149227,8.33,4.796521739130435,24.38260558339296,29.751252684323518,69.92750000000001,
2006-12-30,238.0,20.80350751610592,25.948460987831037,71.96,60.08,62.40411764705884,,24.0,7.480314960629867,6.269138232720866,9.09,5.200833333333333,23.935218324982078,29.974946313528957,70.175,
2006-12-31,180.0,21.698282032927676,89.477451682176,71.24000000000001,64.22,63.18800000000001,,18.0,6.463254593175806,5.5245698454359475,8.33,5.34611111111111,21.474588403722237,26.172154617036476,70.19,
