issued_utc,issued_local,date,time_local,bay_flag,bay_purple_overlay,state_park_flag,state_park_purple_overlay,rip_current_risk,surf_height_text,water_temperature_f,winds_text,source_product_id,source_url,source
2020-05-16T15:41:00+00:00,2020-05-16T10:41:00-05:00,2020-05-16,10:41,Yellow,,Yellow,,Moderate,Around 1 foot.,75.0,Southeast winds around 10 mph.,202005161541-KTAE-FZUS52-SRFTAE,https://mesonet.agron.iastate.edu/p.php?pid=202005161541-KTAE-FZUS52-SRFTAE,NWS Tallahassee SRFTAE via Iowa Environmental Mesonet archive
2020-05-17T16:37:00+00:00,2020-05-17T11:37:00-05:00,2020-05-17,11:37,Yellow,,Yellow,,Moderate,1 foot or less.,76.0,South winds around 10 mph.,202005171637-KTAE-FZUS52-SRFTAE,https://mesonet.agron.iastate.edu/p.php?pid=202005171637-KTAE-FZUS52-SRFTAE,NWS Tallahassee SRFTAE via Iowa Environmental Mesonet archive
2020-05-18T16:09:00+00:00,2020-05-18T11:09:00-05:00,2020-05-18,11:09,Single Red,,Yellow,,High,Around 1 foot.,78.0,Southwest winds around 15 mph.,202005181609-KTAE-FZUS52-SRFTAE,https://mesonet.agron.iastate.edu/p.php?pid=202005181609-KTAE-FZUS52-SRFTAE,NWS Tallahassee SRFTAE via Iowa Environmental Mesonet archive
2020-05-19T19:13:00+00:00,2020-05-19T14:13:00-05:00,2020-05-19,14:13,Single Red,,Double Red,,High,Around 1 foot.,78.0,West winds around 15 mph.,202005191913-KTAE-FZUS52-SRFTAE,https://mesonet.agron.iastate.edu/p.php?pid=202005191913-KTAE-FZUS52-SRFTAE,NWS Tallahassee SRFTAE via Iowa Environmental Mesonet archive
2020-05-20T15:48:00+00:00,2020-05-20T10:48:00-05:00,2020-05-20,10:48,Double Red,,Single Red,,High,Around 1 foot.,77.0,West winds around 10 mph.,202005201548-KTAE-FZUS52-SRFTAE,https://mesonet.agron.iastate.edu/p.php?pid=202005201548-KTAE-FZUS52-SRFTAE,NWS Tallahassee SRFTAE via Iowa Environmental Mesonet archive
2020-05-21T16:31:00+00:00,2020-05-21T11:31:00-05:00,2020-05-21,11:31,Yellow,,Yellow,,Moderate,Around 1 foot.,76.0,Southwest winds around 5 mph.,202005211631-KTAE-FZUS52-SRFTAE,https://mesonet.agron.iastate.edu/p.php?pid=202005211631-KTAE-FZUS52-SRFTAE,NWS Tallahassee SRFTAE via Iowa Environmental Mesonet archive
2020-05-22T15:59:00+00:00,2020-05-22T10:59:00-05:00,2020-05-22,10:59,Yellow,,Yellow,,Moderate,Around 1 foot.,78.0,South winds around 10 mph.,202005221559-KTAE-FZUS52-SRFTAE,https://mesonet.agron.iastate.edu/p.php?pid=202005221559-KTAE-FZUS52-SRFTAE,NWS Tallahassee SRFTAE via Iowa Environmental Mesonet archive
2020-05-24T15:43:00+00:00,2020-05-24T10:43:00-05:00,2020-05-24,10:43,Single Red,,Yellow,,High,Around 1 foot.,79.0,Southeast winds 5 to 10 mph.,202005241543-KTAE-FZUS52-SRFTAE,https://mesonet.agron.iastate.edu/p.php?pid=202005241543-KTAE-FZUS52-SRFTAE,NWS Tallahassee SRFTAE via Iowa Environmental Mesonet archive
2020-05-25T15:10:00+00:00,2020-05-25T10:10:00-05:00,2020-05-25,10:10,Single Red,,Single Red,,High,1 to 2 feet.,79.0,East winds around 15 mph.,202005251510-KTAE-FZUS52-SRFTAE,https://mesonet.agron.iastate.edu/p.php?pid=202005251510-KTAE-FZUS52-SRFTAE,NWS Tallahassee SRFTAE via Iowa Environmental Mesonet archive
2020-05-26T14:26:00+00:00,2020-05-26T09:26:00-05:00,2020-05-26,09:26,Single Red,,Single Red,,Moderate,Around 1 foot.,79.0,East winds 10 to 15 mph.,202005261426-KTAE-FZUS52-SRFTAE,https://mesonet.agron.iastate.edu/p.php?pid=202005261426-KTAE-FZUS52-SRFTAE,NWS Tallahassee SRFTAE via Iowa Environmental Mesonet archive
2020-05-27T17:57:00+00:00,2020-05-27T12:57:00-05:00,2020-05-27,12:57,Yellow,,Yellow,,Low,Around 1 foot.,79.0,South winds around 5 mph.,202005271757-KTAE-FZUS52-SRFTAE,https://mesonet.agron.iastate.edu/p.php?pid=202005271757-KTAE-FZUS52-SRFTAE,NWS Tallahassee SRFTAE via Iowa Environmental Mesonet archive
2020-05-28T15:51:00+00:00,2020-05-28T10:51:00-05:00,2020-05-28,10:51,Yellow,,Single Red,,Low,Around 1 foot.,80.0,Southwest winds around 5 mph.,202005281551-KTAE-FZUS52-SRFTAE,https://mesonet.agron.iastate.edu/p.php?pid=202005281551-KTAE-FZUS52-SRFTAE,NWS Tallahassee SRFTAE via Iowa Environmental Mesonet archive
2020-05-29T16:56:00+00:00,2020-05-29T11:56:00-05:00,2020-05-29,11:56,Yellow,,Single Red,,Moderate,Around 1 foot.,80.0,South winds around 10 mph.,202005291656-KTAE-FZUS52-SRFTAE,https://mesonet.agron.iastate.edu/p.php?pid=202005291656-KTAE-FZUS52-SRFTAE,NWS Tallahassee SRFTAE via Iowa Environmental Mesonet archive
2020-05-29T18:29:00+00:00,2020-05-29T13:29:00-05:00,2020-05-29,13:29,Single Red,,Single Red,,High,Around 1 foot.,81.0,South winds around 10 mph.,202005291829-KTAE-FZUS52-SRFTAE,https://mesonet.agron.iastate.edu/p.php?pid=202005291829-KTAE-FZUS52-SRFTAE,NWS Tallahassee SRFTAE via Iowa Environmental Mesonet archive
2020-05-30T15:56:00+00:00,2020-05-30T10:56:00-05:00,2020-05-30,10:56,Yellow,,Yellow,,Moderate,Around 1 foot.,80.0,"Northwest winds around 5 mph, becoming",202005301556-KTAE-FZUS52-SRFTAE,https://mesonet.agron.iastate.edu/p.php?pid=202005301556-KTAE-FZUS52-SRFTAE,NWS Tallahassee SRFTAE via Iowa Environmental Mesonet archive
2020-05-31T15:51:00+00:00,2020-05-31T10:51:00-05:00,2020-05-31,10:51,Yellow,,Yellow,,Moderate,Around 1 foot.,79.0,"North winds around 5 mph, becoming west",202005311551-KTAE-FZUS52-SRFTAE,https://mesonet.agron.iastate.edu/p.php?pid=202005311551-KTAE-FZUS52-SRFTAE,NWS Tallahassee SRFTAE via Iowa Environmental Mesonet archive
2020-06-01T16:10:00+00:00,2020-06-01T11:10:00-05:00,2020-06-01,11:10,Yellow,,Yellow,,Low,1 foot or less.,78.0,Southeast winds around 10 mph.,202006011610-KTAE-FZUS52-SRFTAE,https://mesonet.agron.iastate.edu/p.php?pid=202006011610-KTAE-FZUS52-SRFTAE,NWS Tallahassee SRFTAE via Iowa Environmental Mesonet archive
2020-06-02T19:03:00+00:00,2020-06-02T14:03:00-05:00,2020-06-02,14:03,Yellow,,Yellow,,Low,Around 1 foot.,81.0,Southeast winds around 15 mph.,202006021903-KTAE-FZUS52-SRFTAE,https://mesonet.agron.iastate.edu/p.php?pid=202006021903-KTAE-FZUS52-SRFTAE,NWS Tallahassee SRFTAE via Iowa Environmental Mesonet archive
2020-06-04T18:00:00+00:00,2020-06-04T13:00:00-05:00,2020-06-04,13:00,Yellow,,Single Red,,Moderate,Around 1 foot.,81.0,South winds around 10 mph.,202006041800-KTAE-FZUS52-SRFTAE,https://mesonet.agron.iastate.edu/p.php?pid=202006041800-KTAE-FZUS52-SRFTAE,NWS Tallahassee SRFTAE via Iowa Environmental Mesonet archive
2020-06-05T16:49:00+00:00,2020-06-05T11:49:00-05:00,2020-06-05,11:49,Single Red,,Single Red,,High,Around 1 foot.,82.0,South winds around 10 mph.,202006051649-KTAE-FZUS52-SRFTAE,https://mesonet.agron.iastate.edu/p.php?pid=202006051649-KTAE-FZUS52-SRFTAE,NWS Tallahassee SRFTAE via Iowa Environmental Mesonet archive
2020-06-06T15:48:00+00:00,2020-06-06T10:48:00-05:00,2020-06-06,10:48,Double Red,,Double Red,,High,2 to 3 feet.,82.0,East winds 15 to 20 mph.,202006061548-KTAE-FZUS52-SRFTAE,https://mesonet.agron.iastate.edu/p.php?pid=202006061548-KTAE-FZUS52-SRFTAE,NWS Tallahassee SRFTAE via Iowa Environmental Mesonet archive
2020-06-07T15:58:00+00:00,2020-06-07T10:58:00-05:00,2020-06-07,10:58,Double Red,,Single Red,,High,5 to 6 feet.,81.0,Breezy. Southeast winds around 25 mph.,202006071558-KTAE-FZUS52-SRFTAE,https://mesonet.agron.iastate.edu/p.php?pid=202006071558-KTAE-FZUS52-SRFTAE,NWS Tallahassee SRFTAE via Iowa Environmental Mesonet archive
2020-06-08T18:08:00+00:00,2020-06-08T13:08:00-05:00,2020-06-08,13:08,Double Red,,Single Red,,High,Around 3 feet.,82.0,South winds around 15 mph.,202006081808-KTAE-FZUS52-SRFTAE,https://mesonet.agron.iastate.edu/p.php?pid=202006081808-KTAE-FZUS52-SRFTAE,NWS Tallahassee SRFTAE via Iowa Environmental Mesonet archive
2020-06-09T16:34:00+00:00,2020-06-09T11:34:00-05:00,2020-06-09,11:34,Double Red,,Double Red,,High,Around 2 feet.,82.0,South winds around 15 mph.,202006091634-KTAE-FZUS52-SRFTAE,https://mesonet.agron.iastate.edu/p.php?pid=202006091634-KTAE-FZUS52-SRFTAE,NWS Tallahassee SRFTAE via Iowa Environmental Mesonet archive
2020-06-10T15:45:00+00:00,2020-06-10T10:45:00-05:00,2020-06-10,10:45,Single Red,,Single Red,,High,Around 1 foot.,82.0,South winds around 10 mph.,202006101545-KTAE-FZUS52-SRFTAE,https://mesonet.agron.iastate.edu/p.php?pid=202006101545-KTAE-FZUS52-SRFTAE,NWS Tallahassee SRFTAE via Iowa Environmental Mesonet archive
2020-06-11T16:59:00+00:00,2020-06-11T11:59:00-05:00,2020-06-11,11:59,Yellow,,Yellow,,Moderate,Around 1 foot.,82.0,West winds around 5 mph.,202006111659-KTAE-FZUS52-SRFTAE,https://mesonet.agron.iastate.edu/p.php?pid=202006111659-KTAE-FZUS52-SRFTAE,NWS Tallahassee SRFTAE via Iowa Environmental Mesonet archive
2020-06-12T17:23:00+00:00,2020-06-12T12:23:00-05:00,2020-06-12,12:23,Yellow,,Yellow,,Low,Around 1 foot.,80.0,West winds around 5 mph.,202006121723-KTAE-FZUS52-SRFTAE,https://mesonet.agron.iastate.edu/p.php?pid=202006121723-KTAE-FZUS52-SRFTAE,NWS Tallahassee SRFTAE via Iowa Environmental Mesonet archive
2020-06-13T18:15:00+00:00,2020-06-13T13:15:00-05:00,2020-06-13,13:15,Yellow,,Yellow,,Low,1 foot or less.,81.0,East winds around 10 mph.,202006131815-KTAE-FZUS52-SRFTAE,https://mesonet.agron.iastate.edu/p.php?pid=202006131815-KTAE-FZUS52-SRFTAE,NWS Tallahassee SRFTAE via Iowa Environmental Mesonet archive
2020-06-14T17:32:00+00:00,2020-06-14T12:32:00-05:00,2020-06-14,12:32,Yellow,,Yellow,,Low,1 foot or less.,82.0,East winds around 10 mph.,202006141732-KTAE-FZUS52-SRFTAE,https://mesonet.agron.iastate.edu/p.php?pid=202006141732-KTAE-FZUS52-SRFTAE,NWS Tallahassee SRFTAE via Iowa Environmental Mesonet archive
2020-06-15T15:08:00+00:00,2020-06-15T10:08:00-05:00,2020-06-15,10:08,Yellow,,Green,,Moderate,1 foot or less.,82.0,"Northeast winds around 5 mph, becoming",202006151508-KTAE-FZUS52-SRFTAE,https://mesonet.agron.iastate.edu/p.php?pid=202006151508-KTAE-FZUS52-SRFTAE,NWS Tallahassee SRFTAE via Iowa Environmental Mesonet archive
2020-06-16T16:06:00+00:00,2020-06-16T11:06:00-05:00,2020-06-16,11:06,Yellow,,Green,,Moderate,1 foot or less.,82.0,Southeast winds around 10 mph.,202006161606-KTAE-FZUS52-SRFTAE,https://mesonet.agron.iastate.edu/p.php?pid=202006161606-KTAE-FZUS52-SRFTAE,NWS Tallahassee SRFTAE via Iowa Environmental Mesonet archive
2020-06-17T16:59:00+00:00,2020-06-17T11:59:00-05:00,2020-06-17,11:59,Yellow,,Yellow,,Moderate,1 foot or less.,82.0,Southeast winds around 5 mph.,202006171659-KTAE-FZUS52-SRFTAE,https://mesonet.agron.iastate.edu/p.php?pid=202006171659-KTAE-FZUS52-SRFTAE,NWS Tallahassee SRFTAE via Iowa Environmental Mesonet archive
2020-06-18T15:39:00+00:00,2020-06-18T10:39:00-05:00,2020-06-18,10:39,Yellow,,Yellow,,Low,1 foot or less.,82.0,"Light and variable winds, becoming",202006181539-KTAE-FZUS52-SRFTAE,https://mesonet.agron.iastate.edu/p.php?pid=202006181539-KTAE-FZUS52-SRFTAE,NWS Tallahassee SRFTAE via Iowa Environmental Mesonet archive
2020-06-20T17:33:00+00:00,2020-06-20T12:33:00-05:00,2020-06-20,12:33,Yellow,,Yellow,,Moderate,1 foot or less.,83.0,Southwest winds around 10 mph.,202006201733-KTAE-FZUS52-SRFTAE,https://mesonet.agron.iastate.edu/p.php?pid=202006201733-KTAE-FZUS52-SRFTAE,NWS Tallahassee SRFTAE via Iowa Environmental Mesonet archive
2020-06-21T15:53:00+00:00,2020-06-21T10:53:00-05:00,2020-06-21,10:53,Yellow,,Yellow,,Moderate,1 foot or less.,83.0,Southwest winds 5 to 10 mph.,202006211553-KTAE-FZUS52-SRFTAE,https://mesonet.agron.iastate.edu/p.php?pid=202006211553-KTAE-FZUS52-SRFTAE,NWS Tallahassee SRFTAE via Iowa Environmental Mesonet archive
2020-06-22T16:49:00+00:00,2020-06-22T11:49:00-05:00,2020-06-22,11:49,Yellow,,Yellow,,Low,1 foot or less.,83.0,Southwest winds around 10 mph.,202006221649-KTAE-FZUS52-SRFTAE,https://mesonet.agron.iastate.edu/p.php?pid=202006221649-KTAE-FZUS52-SRFTAE,NWS Tallahassee SRFTAE via Iowa Environmental Mesonet archive
2020-06-23T17:52:00+00:00,2020-06-23T12:52:00-05:00,2020-06-23,12:52,Single Red,,Double Red,,High,Around 1 foot.,83.0,West winds around 15 mph.,202006231752-KTAE-FZUS52-SRFTAE,https://mesonet.agron.iastate.edu/p.php?pid=202006231752-KTAE-FZUS52-SRFTAE,NWS Tallahassee SRFTAE via Iowa Environmental Mesonet archive
2020-06-24T13:54:00+00:00,2020-06-24T08:54:00-05:00,2020-06-24,08:54,Single Red,,Double Red,,Moderate,Around 1 foot.,81.0,Southwest winds around 10 mph.,202006241354-KTAE-FZUS52-SRFTAE,https://mesonet.agron.iastate.edu/p.php?pid=202006241354-KTAE-FZUS52-SRFTAE,NWS Tallahassee SRFTAE via Iowa Environmental Mesonet archive
2020-06-25T14:37:00+00:00,2020-06-25T09:37:00-05:00,2020-06-25,09:37,Single Red,,Yellow,,Moderate,Around 1 foot.,82.0,Southwest winds around 5 mph.,202006251437-KTAE-FZUS52-SRFTAE,https://mesonet.agron.iastate.edu/p.php?pid=202006251437-KTAE-FZUS52-SRFTAE,NWS Tallahassee SRFTAE via Iowa Environmental Mesonet archive
2020-06-26T16:00:00+00:00,2020-06-26T11:00:00-05:00,2020-06-26,11:00,Yellow,,Yellow,,High,Around 1 foot.,83.0,"Southeast winds around 5 mph, becoming",202006261600-KTAE-FZUS52-SRFTAE,https://mesonet.agron.iastate.edu/p.php?pid=202006261600-KTAE-FZUS52-SRFTAE,NWS Tallahassee SRFTAE via Iowa Environmental Mesonet archive
2020-06-27T15:42:00+00:00,2020-06-27T10:42:00-05:00,2020-06-27,10:42,Yellow,,Yellow,,Moderate,Around 1 foot.,84.0,"Southeast winds around 5 mph, becoming",202006271542-KTAE-FZUS52-SRFTAE,https://mesonet.agron.iastate.edu/p.php?pid=202006271542-KTAE-FZUS52-SRFTAE,NWS Tallahassee SRFTAE via Iowa Environmental Mesonet archive
2020-06-28T15:45:00+00:00,2020-06-28T10:45:00-05:00,2020-06-28,10:45,Yellow,,Yellow,,Moderate,Around 1 foot.,85.0,Southwest winds 5 to 10 mph.,202006281545-KTAE-FZUS52-SRFTAE,https://mesonet.agron.iastate.edu/p.php?pid=202006281545-KTAE-FZUS52-SRFTAE,NWS Tallahassee SRFTAE via Iowa Environmental Mesonet archive
2020-06-29T15:43:00+00:00,2020-06-29T10:43:00-05:00,2020-06-29,10:43,Yellow,,Yellow,,Moderate,Around 1 foot.,85.0,Southwest winds 5 to 10 mph.,202006291543-KTAE-FZUS52-SRFTAE,https://mesonet.agron.iastate.edu/p.php?pid=202006291543-KTAE-FZUS52-SRFTAE,NWS Tallahassee SRFTAE via Iowa Environmental Mesonet archive
2020-06-30T14:11:00+00:00,2020-06-30T09:11:00-05:00,2020-06-30,09:11,Yellow,,Yellow,,Moderate,Around 1 foot.,84.0,West winds around 10 mph.,202006301411-KTAE-FZUS52-SRFTAE,https://mesonet.agron.iastate.edu/p.php?pid=202006301411-KTAE-FZUS52-SRFTAE,NWS Tallahassee SRFTAE via Iowa Environmental Mesonet archive
2020-07-01T16:03:00+00:00,2020-07-01T11:03:00-05:00,2020-07-01,11:03,Yellow,,Yellow,,Moderate,Around 1 foot.,83.0,West winds around 10 mph.,202007011603-KTAE-FZUS52-SRFTAE,https://mesonet.agron.iastate.edu/p.php?pid=202007011603-KTAE-FZUS52-SRFTAE,NWS Tallahassee SRFTAE via Iowa Environmental Mesonet archive
2020-07-02T15:41:00+00:00,2020-07-02T10:41:00-05:00,2020-07-02,10:41,Yellow,,Yellow,,Moderate,Around 1 foot.,82.0,West winds around 15 mph.,202007021541-KTAE-FZUS52-SRFTAE,https://mesonet.agron.iastate.edu/p.php?pid=202007021541-KTAE-FZUS52-SRFTAE,NWS Tallahassee SRFTAE via Iowa Environmental Mesonet archive
2020-07-03T16:23:00+00:00,2020-07-03T11:23:00-05:00,2020-07-03,11:23,Yellow,,Single Red,,High,Around 1 foot.,80.0,West winds around 10 mph.,202007031623-KTAE-FZUS52-SRFTAE,https://mesonet.agron.iastate.edu/p.php?pid=202007031623-KTAE-FZUS52-SRFTAE,NWS Tallahassee SRFTAE via Iowa Environmental Mesonet archive
2020-07-04T16:24:00+00:00,2020-07-04T11:24:00-05:00,2020-07-04,11:24,Yellow,,Yellow,,Moderate,Around 1 foot.,80.0,South winds around 5 mph.,202007041624-KTAE-FZUS52-SRFTAE,https://mesonet.agron.iastate.edu/p.php?pid=202007041624-KTAE-FZUS52-SRFTAE,NWS Tallahassee SRFTAE via Iowa Environmental Mesonet archive
2020-07-05T15:47:00+00:00,2020-07-05T10:47:00-05:00,2020-07-05,10:47,Yellow,,Yellow,,Moderate,Around 1 foot.,82.0,South winds 5 to 10 mph.,202007051547-KTAE-FZUS52-SRFTAE,https://mesonet.agron.iastate.edu/p.php?pid=202007051547-KTAE-FZUS52-SRFTAE,NWS Tallahassee SRFTAE via Iowa Environmental Mesonet archive
2020-07-06T16:04:00+00:00,2020-07-06T11:04:00-05:00,2020-07-06,11:04,Single Red,,Double Red,,High,1 to 2 feet.,83.0,Southwest winds around 15 mph.,202007061604-KTAE-FZUS52-SRFTAE,https://mesonet.agron.iastate.edu/p.php?pid=202007061604-KTAE-FZUS52-SRFTAE,NWS Tallahassee SRFTAE via Iowa Environmental Mesonet archive
2020-07-07T15:45:00+00:00,2020-07-07T10:45:00-05:00,2020-07-07,10:45,Double Red,,Double Red,,High,Around 2 feet.,83.0,West winds 15 to 20 mph.,202007071545-KTAE-FZUS52-SRFTAE,https://mesonet.agron.iastate.edu/p.php?pid=202007071545-KTAE-FZUS52-SRFTAE,NWS Tallahassee SRFTAE via Iowa Environmental Mesonet archive
2020-07-08T16:16:00+00:00,2020-07-08T11:16:00-05:00,2020-07-08,11:16,Single Red,,Double Red,,High,1 foot or less.,78.0,West winds around 15 mph.,202007081616-KTAE-FZUS52-SRFTAE,https://mesonet.agron.iastate.edu/p.php?pid=202007081616-KTAE-FZUS52-SRFTAE,NWS Tallahassee SRFTAE via Iowa Environmental Mesonet archive
2020-07-09T17:10:00+00:00,2020-07-09T12:10:00-05:00,2020-07-09,12:10,Yellow,,Single Red,,Moderate,Around 1 foot.,76.0,West winds around 10 mph.,202007091710-KTAE-FZUS52-SRFTAE,https://mesonet.agron.iastate.edu/p.php?pid=202007091710-KTAE-FZUS52-SRFTAE,NWS Tallahassee SRFTAE via Iowa Environmental Mesonet archive
2020-07-10T15:30:00+00:00,2020-07-10T10:30:00-05:00,2020-07-10,10:30,Yellow,,Single Red,,Moderate,Around 1 foot.,76.0,West winds 10 to 15 mph.,202007101530-KTAE-FZUS52-SRFTAE,https://mesonet.agron.iastate.edu/p.php?pid=202007101530-KTAE-FZUS52-SRFTAE,NWS Tallahassee SRFTAE via Iowa Environmental Mesonet archive
2020-07-11T15:13:00+00:00,2020-07-11T10:13:00-05:00,2020-07-11,10:13,Yellow,,Single Red,,Moderate,Around 1 foot.,75.0,Northwest winds around 10 mph.,202007111513-KTAE-FZUS52-SRFTAE,https://mesonet.agron.iastate.edu/p.php?pid=202007111513-KTAE-FZUS52-SRFTAE,NWS Tallahassee SRFTAE via Iowa Environmental Mesonet archive
2020-07-12T15:31:00+00:00,2020-07-12T10:31:00-05:00,2020-07-12,10:31,Yellow,,Yellow,,Moderate,2 feet or less.,74.0,"North winds around 5 mph, becoming west",202007121531-KTAE-FZUS52-SRFTAE,https://mesonet.agron.iastate.edu/p.php?pid=202007121531-KTAE-FZUS52-SRFTAE,NWS Tallahassee SRFTAE via Iowa Environmental Mesonet archive
2020-07-13T16:03:00+00:00,2020-07-13T11:03:00-05:00,2020-07-13,11:03,Yellow,,Yellow,,Moderate,Around 1 foot.,74.0,West winds around 10 mph.,202007131603-KTAE-FZUS52-SRFTAE,https://mesonet.agron.iastate.edu/p.php?pid=202007131603-KTAE-FZUS52-SRFTAE,NWS Tallahassee SRFTAE via Iowa Environmental Mesonet archive
2020-07-14T14:07:00+00:00,2020-07-14T09:07:00-05:00,2020-07-14,09:07,Yellow,,Yellow,,Moderate,1 foot or less.,81.0,Southwest winds 5 to 10 mph.,202007141407-KTAE-FZUS52-SRFTAE,https://mesonet.agron.iastate.edu/p.php?pid=202007141407-KTAE-FZUS52-SRFTAE,NWS Tallahassee SRFTAE via Iowa Environmental Mesonet archive
2020-07-15T16:24:00+00:00,2020-07-15T11:24:00-05:00,2020-07-15,11:24,Yellow,,Yellow,,Moderate,Around 1 foot.,79.0,Southwest winds around 10 mph.,202007151624-KTAE-FZUS52-SRFTAE,https://mesonet.agron.iastate.edu/p.php?pid=202007151624-KTAE-FZUS52-SRFTAE,NWS Tallahassee SRFTAE via Iowa Environmental Mesonet archive
2020-07-16T16:08:00+00:00,2020-07-16T11:08:00-05:00,2020-07-16,11:08,Yellow,,Yellow,,Moderate,Around 1 foot.,80.0,South winds around 5 mph.,202007161608-KTAE-FZUS52-SRFTAE,https://mesonet.agron.iastate.edu/p.php?pid=202007161608-KTAE-FZUS52-SRFTAE,NWS Tallahassee SRFTAE via Iowa Environmental Mesonet archive
2020-07-17T16:06:00+00:00,2020-07-17T11:06:00-05:00,2020-07-17,11:06,Yellow,,Green,,Moderate,Around 1 foot.,81.0,Southeast winds around 10 mph.,202007171606-KTAE-FZUS52-SRFTAE,https://mesonet.agron.iastate.edu/p.php?pid=202007171606-KTAE-FZUS52-SRFTAE,NWS Tallahassee SRFTAE via Iowa Environmental Mesonet archive
2020-07-20T16:16:00+00:00,2020-07-20T11:16:00-05:00,2020-07-20,11:16,Yellow,,Yellow,,Moderate,Around 1 foot.,83.0,Southeast winds around 10 mph.,202007201616-KTAE-FZUS52-SRFTAE,https://mesonet.agron.iastate.edu/p.php?pid=202007201616-KTAE-FZUS52-SRFTAE,NWS Tallahassee SRFTAE via Iowa Environmental Mesonet archive
2020-07-21T16:08:00+00:00,2020-07-21T11:08:00-05:00,2020-07-21,11:08,Yellow,,Yellow,,Moderate,1 foot or less.,84.0,Southeast winds around 10 mph.,202007211608-KTAE-FZUS52-SRFTAE,https://mesonet.agron.iastate.edu/p.php?pid=202007211608-KTAE-FZUS52-SRFTAE,NWS Tallahassee SRFTAE via Iowa Environmental Mesonet archive
2020-07-22T15:56:00+00:00,2020-07-22T10:56:00-05:00,2020-07-22,10:56,Single Red,,Double Red,,High,1 to 2 feet.,84.0,East winds around 15 mph.,202007221556-KTAE-FZUS52-SRFTAE,https://mesonet.agron.iastate.edu/p.php?pid=202007221556-KTAE-FZUS52-SRFTAE,NWS Tallahassee SRFTAE via Iowa Environmental Mesonet archive
2020-07-23T15:54:00+00:00,2020-07-23T10:54:00-05:00,2020-07-23,10:54,Double Red,,Double Red,,High,Around 2 feet.,84.0,Southeast winds around 15 mph.,202007231554-KTAE-FZUS52-SRFTAE,https://mesonet.agron.iastate.edu/p.php?pid=202007231554-KTAE-FZUS52-SRFTAE,NWS Tallahassee SRFTAE via Iowa Environmental Mesonet archive
2020-07-24T15:45:00+00:00,2020-07-24T10:45:00-05:00,2020-07-24,10:45,Double Red,,Double Red,,High,Around 2 feet.,84.0,Southeast winds 15 to 20 mph.,202007241545-KTAE-FZUS52-SRFTAE,https://mesonet.agron.iastate.edu/p.php?pid=202007241545-KTAE-FZUS52-SRFTAE,NWS Tallahassee SRFTAE via Iowa Environmental Mesonet archive
2020-07-25T15:48:00+00:00,2020-07-25T10:48:00-05:00,2020-07-25,10:48,Single Red,,Double Red,,High,Around 1 foot.,85.0,Southeast winds around 15 mph.,202007251548-KTAE-FZUS52-SRFTAE,https://mesonet.agron.iastate.edu/p.php?pid=202007251548-KTAE-FZUS52-SRFTAE,NWS Tallahassee SRFTAE via Iowa Environmental Mesonet archive
2020-07-26T15:43:00+00:00,2020-07-26T10:43:00-05:00,2020-07-26,10:43,Yellow,,Single Red,,High,Around 1 foot.,84.0,Southeast winds around 10 mph.,202007261543-KTAE-FZUS52-SRFTAE,https://mesonet.agron.iastate.edu/p.php?pid=202007261543-KTAE-FZUS52-SRFTAE,NWS Tallahassee SRFTAE via Iowa Environmental Mesonet archive
2020-07-27T16:12:00+00:00,2020-07-27T11:12:00-05:00,2020-07-27,11:12,Yellow,,Yellow,,Moderate,Around 1 foot.,85.0,South winds around 10 mph.,202007271612-KTAE-FZUS52-SRFTAE,https://mesonet.agron.iastate.edu/p.php?pid=202007271612-KTAE-FZUS52-SRFTAE,NWS Tallahassee SRFTAE via Iowa Environmental Mesonet archive
2020-07-28T16:15:00+00:00,2020-07-28T11:15:00-05:00,2020-07-28,11:15,Single Red,,Double Red,,High,Around 1 foot.,84.0,Southwest winds around 10 mph.,202007281615-KTAE-FZUS52-SRFTAE,https://mesonet.agron.iastate.edu/p.php?pid=202007281615-KTAE-FZUS52-SRFTAE,NWS Tallahassee SRFTAE via Iowa Environmental Mesonet archive
2020-07-29T16:35:00+00:00,2020-07-29T11:35:00-05:00,2020-07-29,11:35,Yellow,,Double Red,,High,Around 1 foot.,83.0,Southwest winds around 10 mph.,202007291635-KTAE-FZUS52-SRFTAE,https://mesonet.agron.iastate.edu/p.php?pid=202007291635-KTAE-FZUS52-SRFTAE,NWS Tallahassee SRFTAE via Iowa Environmental Mesonet archive
2020-07-30T17:46:00+00:00,2020-07-30T12:46:00-05:00,2020-07-30,12:46,Yellow,,Double Red,,High,Around 1 foot.,85.0,Southwest winds around 10 mph.,202007301746-KTAE-FZUS52-SRFTAE,https://mesonet.agron.iastate.edu/p.php?pid=202007301746-KTAE-FZUS52-SRFTAE,NWS Tallahassee SRFTAE via Iowa Environmental Mesonet archive
2020-07-31T16:47:00+00:00,2020-07-31T11:47:00-05:00,2020-07-31,11:47,Yellow,,Double Red,,High,Around 1 foot.,85.0,West winds around 10 mph.,202007311647-KTAE-FZUS52-SRFTAE,https://mesonet.agron.iastate.edu/p.php?pid=202007311647-KTAE-FZUS52-SRFTAE,NWS Tallahassee SRFTAE via Iowa Environmental Mesonet archive
2020-08-01T16:41:00+00:00,2020-08-01T11:41:00-05:00,2020-08-01,11:41,Yellow,,Single Red,,High,Around 1 foot.,85.0,Southwest winds around 5 mph.,202008011641-KTAE-FZUS52-SRFTAE,https://mesonet.agron.iastate.edu/p.php?pid=202008011641-KTAE-FZUS52-SRFTAE,NWS Tallahassee SRFTAE via Iowa Environmental Mesonet archive
2020-08-02T15:52:00+00:00,2020-08-02T10:52:00-05:00,2020-08-02,10:52,Yellow,,Yellow,,Moderate,1 foot or less.,85.0,"North winds around 5 mph, becoming west",202008021552-KTAE-FZUS52-SRFTAE,https://mesonet.agron.iastate.edu/p.php?pid=202008021552-KTAE-FZUS52-SRFTAE,NWS Tallahassee SRFTAE via Iowa Environmental Mesonet archive
2020-08-03T16:09:00+00:00,2020-08-03T11:09:00-05:00,2020-08-03,11:09,Yellow,,Yellow,,Moderate,Around 1 foot.,86.0,West winds around 10 mph.,202008031609-KTAE-FZUS52-SRFTAE,https://mesonet.agron.iastate.edu/p.php?pid=202008031609-KTAE-FZUS52-SRFTAE,NWS Tallahassee SRFTAE via Iowa Environmental Mesonet archive
2020-08-04T15:57:00+00:00,2020-08-04T10:57:00-05:00,2020-08-04,10:57,Yellow,,Single Red,,Moderate,Around 1 foot.,85.0,"Northwest winds around 5 mph, becoming",202008041557-KTAE-FZUS52-SRFTAE,https://mesonet.agron.iastate.edu/p.php?pid=202008041557-KTAE-FZUS52-SRFTAE,NWS Tallahassee SRFTAE via Iowa Environmental Mesonet archive
2020-08-05T15:11:00+00:00,2020-08-05T10:11:00-05:00,2020-08-05,10:11,Yellow,,Yellow,,Moderate,Around 1 foot.,85.0,Southwest winds 5 to 10 mph.,202008051511-KTAE-FZUS52-SRFTAE,https://mesonet.agron.iastate.edu/p.php?pid=202008051511-KTAE-FZUS52-SRFTAE,NWS Tallahassee SRFTAE via Iowa Environmental Mesonet archive
2020-08-06T14:57:00+00:00,2020-08-06T09:57:00-05:00,2020-08-06,09:57,Yellow,,Yellow,,Moderate,Around 1 foot.,85.0,Southwest winds 5 to 10 mph.,202008061457-KTAE-FZUS52-SRFTAE,https://mesonet.agron.iastate.edu/p.php?pid=202008061457-KTAE-FZUS52-SRFTAE,NWS Tallahassee SRFTAE via Iowa Environmental Mesonet archive
2020-08-07T15:33:00+00:00,2020-08-07T10:33:00-05:00,2020-08-07,10:33,Yellow,,Yellow,,Moderate,Around 1 foot.,86.0,Southwest winds 5 to 10 mph.,202008071533-KTAE-FZUS52-SRFTAE,https://mesonet.agron.iastate.edu/p.php?pid=202008071533-KTAE-FZUS52-SRFTAE,NWS Tallahassee SRFTAE via Iowa Environmental Mesonet archive
2020-08-08T15:57:00+00:00,2020-08-08T10:57:00-05:00,2020-08-08,10:57,Yellow,,Yellow,,Low,1 foot or less.,87.0,West winds around 5 mph.,202008081557-KTAE-FZUS52-SRFTAE,https://mesonet.agron.iastate.edu/p.php?pid=202008081557-KTAE-FZUS52-SRFTAE,NWS Tallahassee SRFTAE via Iowa Environmental Mesonet archive
2020-08-09T16:07:00+00:00,2020-08-09T11:07:00-05:00,2020-08-09,11:07,Yellow,,Yellow,,Low,Around 1 foot.,88.0,Southwest winds around 5 mph.,202008091607-KTAE-FZUS52-SRFTAE,https://mesonet.agron.iastate.edu/p.php?pid=202008091607-KTAE-FZUS52-SRFTAE,NWS Tallahassee SRFTAE via Iowa Environmental Mesonet archive
2020-08-10T14:46:00+00:00,2020-08-10T09:46:00-05:00,2020-08-10,09:46,Yellow,,Yellow,,Moderate,Around 1 foot.,88.0,"Northwest winds around 5 mph, becoming",202008101446-KTAE-FZUS52-SRFTAE,https://mesonet.agron.iastate.edu/p.php?pid=202008101446-KTAE-FZUS52-SRFTAE,NWS Tallahassee SRFTAE via Iowa Environmental Mesonet archive
2020-08-11T14:37:00+00:00,2020-08-11T09:37:00-05:00,2020-08-11,09:37,Yellow,,Yellow,,Moderate,Around 1 foot.,87.0,West winds 5 to 10 mph.,202008111437-KTAE-FZUS52-SRFTAE,https://mesonet.agron.iastate.edu/p.php?pid=202008111437-KTAE-FZUS52-SRFTAE,NWS Tallahassee SRFTAE via Iowa Environmental Mesonet archive
2020-08-12T15:37:00+00:00,2020-08-12T10:37:00-05:00,2020-08-12,10:37,Yellow,,Yellow,,Moderate,1 foot or less.,86.0,"North winds around 5 mph, becoming",202008121537-KTAE-FZUS52-SRFTAE,https://mesonet.agron.iastate.edu/p.php?pid=202008121537-KTAE-FZUS52-SRFTAE,NWS Tallahassee SRFTAE via Iowa Environmental Mesonet archive
2020-08-13T14:45:00+00:00,2020-08-13T09:45:00-05:00,2020-08-13,09:45,Yellow,,Yellow,,Moderate,Around 1 foot.,86.0,"West winds around 5 mph, becoming",202008131445-KTAE-FZUS52-SRFTAE,https://mesonet.agron.iastate.edu/p.php?pid=202008131445-KTAE-FZUS52-SRFTAE,NWS Tallahassee SRFTAE via Iowa Environmental Mesonet archive
2020-08-14T16:56:00+00:00,2020-08-14T11:56:00-05:00,2020-08-14,11:56,Yellow,,Yellow,,Low,Around 1 foot.,86.0,Southwest winds around 10 mph.,202008141656-KTAE-FZUS52-SRFTAE,https://mesonet.agron.iastate.edu/p.php?pid=202008141656-KTAE-FZUS52-SRFTAE,NWS Tallahassee SRFTAE via Iowa Environmental Mesonet archive
2020-08-15T16:02:00+00:00,2020-08-15T11:02:00-05:00,2020-08-15,11:02,Yellow,,Single Red,,High,Around 1 foot.,86.0,West winds around 15 mph.,202008151602-KTAE-FZUS52-SRFTAE,https://mesonet.agron.iastate.edu/p.php?pid=202008151602-KTAE-FZUS52-SRFTAE,NWS Tallahassee SRFTAE via Iowa Environmental Mesonet archive
2020-08-16T15:28:00+00:00,2020-08-16T10:28:00-05:00,2020-08-16,10:28,Yellow,,Yellow,,Moderate,Around 1 foot.,87.0,West winds 5 to 10 mph.,202008161528-KTAE-FZUS52-SRFTAE,https://mesonet.agron.iastate.edu/p.php?pid=202008161528-KTAE-FZUS52-SRFTAE,NWS Tallahassee SRFTAE via Iowa Environmental Mesonet archive
2020-08-17T16:29:00+00:00,2020-08-17T11:29:00-05:00,2020-08-17,11:29,Yellow,,Yellow,,Moderate,Around 1 foot.,87.0,West winds around 5 mph.,202008171629-KTAE-FZUS52-SRFTAE,https://mesonet.agron.iastate.edu/p.php?pid=202008171629-KTAE-FZUS52-SRFTAE,NWS Tallahassee SRFTAE via Iowa Environmental Mesonet archive
2020-08-18T16:38:00+00:00,2020-08-18T11:38:00-05:00,2020-08-18,11:38,Yellow,,Single Red,,Moderate,Around 1 foot.,87.0,Southwest winds around 5 mph.,202008181638-KTAE-FZUS52-SRFTAE,https://mesonet.agron.iastate.edu/p.php?pid=202008181638-KTAE-FZUS52-SRFTAE,NWS Tallahassee SRFTAE via Iowa Environmental Mesonet archive
2020-08-19T15:43:00+00:00,2020-08-19T10:43:00-05:00,2020-08-19,10:43,Yellow,,Yellow,,Moderate,Around 1 foot.,86.0,Southwest winds 5 to 10 mph.,202008191543-KTAE-FZUS52-SRFTAE,https://mesonet.agron.iastate.edu/p.php?pid=202008191543-KTAE-FZUS52-SRFTAE,NWS Tallahassee SRFTAE via Iowa Environmental Mesonet archive
2020-08-20T16:02:00+00:00,2020-08-20T11:02:00-05:00,2020-08-20,11:02,Yellow,,Yellow,,Moderate,Around 1 foot.,86.0,South winds 5 to 10 mph.,202008201602-KTAE-FZUS52-SRFTAE,https://mesonet.agron.iastate.edu/p.php?pid=202008201602-KTAE-FZUS52-SRFTAE,NWS Tallahassee SRFTAE via Iowa Environmental Mesonet archive
2020-08-21T18:28:00+00:00,2020-08-21T13:28:00-05:00,2020-08-21,13:28,Yellow,,Yellow,,Moderate,Around 1 foot.,84.0,South winds around 10 mph.,202008211828-KTAE-FZUS52-SRFTAE,https://mesonet.agron.iastate.edu/p.php?pid=202008211828-KTAE-FZUS52-SRFTAE,NWS Tallahassee SRFTAE via Iowa Environmental Mesonet archive
2020-08-22T16:03:00+00:00,2020-08-22T11:03:00-05:00,2020-08-22,11:03,Yellow,,Yellow,,High,Around 1 foot.,84.0,Southeast winds 5 to 10 mph.,202008221603-KTAE-FZUS52-SRFTAE,https://mesonet.agron.iastate.edu/p.php?pid=202008221603-KTAE-FZUS52-SRFTAE,NWS Tallahassee SRFTAE via Iowa Environmental Mesonet archive
2020-08-23T16:16:00+00:00,2020-08-23T11:16:00-05:00,2020-08-23,11:16,Single Red,,Single Red,,High,Around 2 feet.,84.0,East winds around 10 mph.,202008231616-KTAE-FZUS52-SRFTAE,https://mesonet.agron.iastate.edu/p.php?pid=202008231616-KTAE-FZUS52-SRFTAE,NWS Tallahassee SRFTAE via Iowa Environmental Mesonet archive
2020-08-24T15:17:00+00:00,2020-08-24T10:17:00-05:00,2020-08-24,10:17,Single Red,,Double Red,,High,Around 2 feet.,83.0,East winds around 15 mph.,202008241517-KTAE-FZUS52-SRFTAE,https://mesonet.agron.iastate.edu/p.php?pid=202008241517-KTAE-FZUS52-SRFTAE,NWS Tallahassee SRFTAE via Iowa Environmental Mesonet archive
2020-08-25T16:37:00+00:00,2020-08-25T11:37:00-05:00,2020-08-25,11:37,Double Red,,Double Red,,High,Around 2 feet.,84.0,Southeast winds around 15 mph.,202008251637-KTAE-FZUS52-SRFTAE,https://mesonet.agron.iastate.edu/p.php?pid=202008251637-KTAE-FZUS52-SRFTAE,NWS Tallahassee SRFTAE via Iowa Environmental Mesonet archive
2020-08-26T16:22:00+00:00,2020-08-26T11:22:00-05:00,2020-08-26,11:22,Double Red,,Double Red,,High,Around 4 feet.,84.0,Southeast winds around 15 mph.,202008261622-KTAE-FZUS52-SRFTAE,https://mesonet.agron.iastate.edu/p.php?pid=202008261622-KTAE-FZUS52-SRFTAE,NWS Tallahassee SRFTAE via Iowa Environmental Mesonet archive
2020-08-27T14:58:00+00:00,2020-08-27T09:58:00-05:00,2020-08-27,09:58,Double Red,,Double Red,,High,2 to 3 feet.,85.0,Southeast winds around 15 mph.,202008271458-KTAE-FZUS52-SRFTAE,https://mesonet.agron.iastate.edu/p.php?pid=202008271458-KTAE-FZUS52-SRFTAE,NWS Tallahassee SRFTAE via Iowa Environmental Mesonet archive
2020-08-28T14:38:00+00:00,2020-08-28T09:38:00-05:00,2020-08-28,09:38,Double Red,,Double Red,,High,Around 2 feet.,85.0,South winds 10 to 15 mph.,202008281438-KTAE-FZUS52-SRFTAE,https://mesonet.agron.iastate.edu/p.php?pid=202008281438-KTAE-FZUS52-SRFTAE,NWS Tallahassee SRFTAE via Iowa Environmental Mesonet archive
2020-08-29T14:33:00+00:00,2020-08-29T09:33:00-05:00,2020-08-29,09:33,Double Red,,Double Red,,High,Around 2 feet.,85.0,Southwest winds around 20 mph.,202008291433-KTAE-FZUS52-SRFTAE,https://mesonet.agron.iastate.edu/p.php?pid=202008291433-KTAE-FZUS52-SRFTAE,NWS Tallahassee SRFTAE via Iowa Environmental Mesonet archive
2020-08-30T16:28:00+00:00,2020-08-30T11:28:00-05:00,2020-08-30,11:28,Double Red,,Double Red,,High,Around 2 feet.,84.0,Southwest winds around 10 mph.,202008301628-KTAE-FZUS52-SRFTAE,https://mesonet.agron.iastate.edu/p.php?pid=202008301628-KTAE-FZUS52-SRFTAE,NWS Tallahassee SRFTAE via Iowa Environmental Mesonet archive
2020-08-31T17:39:00+00:00,2020-08-31T12:39:00-05:00,2020-08-31,12:39,Double Red,,Double Red,,Moderate,Around 1 foot.,85.0,West winds around 15 mph.,202008311739-KTAE-FZUS52-SRFTAE,https://mesonet.agron.iastate.edu/p.php?pid=202008311739-KTAE-FZUS52-SRFTAE,NWS Tallahassee SRFTAE via Iowa Environmental Mesonet archive
2020-09-01T15:34:00+00:00,2020-09-01T10:34:00-05:00,2020-09-01,10:34,Single Red,,Double Red,,Moderate,Around 1 foot.,85.0,West winds 5 to 10 mph.,202009011534-KTAE-FZUS52-SRFTAE,https://mesonet.agron.iastate.edu/p.php?pid=202009011534-KTAE-FZUS52-SRFTAE,NWS Tallahassee SRFTAE via Iowa Environmental Mesonet archive
2020-09-02T16:04:00+00:00,2020-09-02T11:04:00-05:00,2020-09-02,11:04,Yellow,,Single Red,,Moderate,Around 1 foot.,85.0,West winds around 5 mph.,202009021604-KTAE-FZUS52-SRFTAE,https://mesonet.agron.iastate.edu/p.php?pid=202009021604-KTAE-FZUS52-SRFTAE,NWS Tallahassee SRFTAE via Iowa Environmental Mesonet archive
2020-09-03T15:12:00+00:00,2020-09-03T10:12:00-05:00,2020-09-03,10:12,Yellow,,Single Red,,High,Around 1 foot.,85.0,West winds around 5 mph.,202009031512-KTAE-FZUS52-SRFTAE,https://mesonet.agron.iastate.edu/p.php?pid=202009031512-KTAE-FZUS52-SRFTAE,NWS Tallahassee SRFTAE via Iowa Environmental Mesonet archive
2020-09-04T14:24:00+00:00,2020-09-04T09:24:00-05:00,2020-09-04,09:24,Yellow,,Single Red,,Moderate,Around 1 foot.,85.0,"North winds around 5 mph, becoming west",202009041424-KTAE-FZUS52-SRFTAE,https://mesonet.agron.iastate.edu/p.php?pid=202009041424-KTAE-FZUS52-SRFTAE,NWS Tallahassee SRFTAE via Iowa Environmental Mesonet archive
2020-09-04T15:34:00+00:00,2020-09-04T10:34:00-05:00,2020-09-04,10:34,Single Red,,Single Red,,High,Around 1 foot.,85.0,"North winds around 5 mph, becoming west",202009041534-KTAE-FZUS52-SRFTAE,https://mesonet.agron.iastate.edu/p.php?pid=202009041534-KTAE-FZUS52-SRFTAE,NWS Tallahassee SRFTAE via Iowa Environmental Mesonet archive
2020-09-05T15:09:00+00:00,2020-09-05T10:09:00-05:00,2020-09-05,10:09,Single Red,,Yellow,,High,1 foot or less.,85.0,"Northeast winds around 10 mph, becoming",202009051509-KTAE-FZUS52-SRFTAE,https://mesonet.agron.iastate.edu/p.php?pid=202009051509-KTAE-FZUS52-SRFTAE,NWS Tallahassee SRFTAE via Iowa Environmental Mesonet archive
2020-09-06T14:18:00+00:00,2020-09-06T09:18:00-05:00,2020-09-06,09:18,Single Red,,Yellow,,High,1 foot or less.,85.0,Northeast winds around 10 mph.,202009061418-KTAE-FZUS52-SRFTAE,https://mesonet.agron.iastate.edu/p.php?pid=202009061418-KTAE-FZUS52-SRFTAE,NWS Tallahassee SRFTAE via Iowa Environmental Mesonet archive
2020-09-07T14:46:00+00:00,2020-09-07T09:46:00-05:00,2020-09-07,09:46,Yellow,,Yellow,,Moderate,1 foot or less.,85.0,East winds 5 to 10 mph.,202009071446-KTAE-FZUS52-SRFTAE,https://mesonet.agron.iastate.edu/p.php?pid=202009071446-KTAE-FZUS52-SRFTAE,NWS Tallahassee SRFTAE via Iowa Environmental Mesonet archive
2020-09-08T17:48:00+00:00,2020-09-08T12:48:00-05:00,2020-09-08,12:48,Yellow,,,,Low,1 foot or less.,85.0,East winds around 10 mph.,202009081748-KTAE-FZUS52-SRFTAE,https://mesonet.agron.iastate.edu/p.php?pid=202009081748-KTAE-FZUS52-SRFTAE,NWS Tallahassee SRFTAE via Iowa Environmental Mesonet archive
2020-09-09T19:11:00+00:00,2020-09-09T14:11:00-05:00,2020-09-09,14:11,Yellow,,Yellow,,Low,1 foot or less.,86.0,Northeast winds around 10 mph.,202009091911-KTAE-FZUS52-SRFTAE,https://mesonet.agron.iastate.edu/p.php?pid=202009091911-KTAE-FZUS52-SRFTAE,NWS Tallahassee SRFTAE via Iowa Environmental Mesonet archive
2020-09-10T16:18:00+00:00,2020-09-10T11:18:00-05:00,2020-09-10,11:18,Yellow,,Yellow,,Moderate,1 foot or less.,85.0,East winds around 10 mph.,202009101618-KTAE-FZUS52-SRFTAE,https://mesonet.agron.iastate.edu/p.php?pid=202009101618-KTAE-FZUS52-SRFTAE,NWS Tallahassee SRFTAE via Iowa Environmental Mesonet archive
2020-09-11T16:20:00+00:00,2020-09-11T11:20:00-05:00,2020-09-11,11:20,Yellow,,Yellow,,Moderate,1 foot or less.,86.0,East winds around 10 mph.,202009111620-KTAE-FZUS52-SRFTAE,https://mesonet.agron.iastate.edu/p.php?pid=202009111620-KTAE-FZUS52-SRFTAE,NWS Tallahassee SRFTAE via Iowa Environmental Mesonet archive
2020-09-12T14:25:00+00:00,2020-09-12T09:25:00-05:00,2020-09-12,09:25,Single Red,,Yellow,,High,Around 1 foot.,85.0,East winds around 15 mph.,202009121425-KTAE-FZUS52-SRFTAE,https://mesonet.agron.iastate.edu/p.php?pid=202009121425-KTAE-FZUS52-SRFTAE,NWS Tallahassee SRFTAE via Iowa Environmental Mesonet archive
2020-09-13T15:16:00+00:00,2020-09-13T10:16:00-05:00,2020-09-13,10:16,Single Red,,Double Red,,High,1 to 2 feet.,84.0,East winds around 20 mph.,202009131516-KTAE-FZUS52-SRFTAE,https://mesonet.agron.iastate.edu/p.php?pid=202009131516-KTAE-FZUS52-SRFTAE,NWS Tallahassee SRFTAE via Iowa Environmental Mesonet archive
2020-09-14T14:57:00+00:00,2020-09-14T09:57:00-05:00,2020-09-14,09:57,Double Red,,Double Red,,High,3 to 4 feet.,84.0,Windy. East winds 25 to 30 mph.,202009141457-KTAE-FZUS52-SRFTAE,https://mesonet.agron.iastate.edu/p.php?pid=202009141457-KTAE-FZUS52-SRFTAE,NWS Tallahassee SRFTAE via Iowa Environmental Mesonet archive
2020-09-15T16:00:00+00:00,2020-09-15T11:00:00-05:00,2020-09-15,11:00,Double Red,,Double Red,,High,Around 4 feet.,83.0,Windy. East winds around 30 mph.,202009151600-KTAE-FZUS52-SRFTAE,https://mesonet.agron.iastate.edu/p.php?pid=202009151600-KTAE-FZUS52-SRFTAE,NWS Tallahassee SRFTAE via Iowa Environmental Mesonet archive
2020-09-16T15:11:00+00:00,2020-09-16T10:11:00-05:00,2020-09-16,10:11,Double Red,,Double Red,,High,Around 5 feet.,81.0,Very windy. South winds 35 to 40 mph.,202009161511-KTAE-FZUS52-SRFTAE,https://mesonet.agron.iastate.edu/p.php?pid=202009161511-KTAE-FZUS52-SRFTAE,NWS Tallahassee SRFTAE via Iowa Environmental Mesonet archive
2020-09-17T14:52:00+00:00,2020-09-17T09:52:00-05:00,2020-09-17,09:52,Double Red,,Double Red,,High,Around 2 feet.,80.0,West winds 15 to 20 mph.,202009171452-KTAE-FZUS52-SRFTAE,https://mesonet.agron.iastate.edu/p.php?pid=202009171452-KTAE-FZUS52-SRFTAE,NWS Tallahassee SRFTAE via Iowa Environmental Mesonet archive
2020-09-18T15:03:00+00:00,2020-09-18T10:03:00-05:00,2020-09-18,10:03,Single Red,,Single Red,,High,Around 1 foot.,82.0,North winds around 5 mph.,202009181503-KTAE-FZUS52-SRFTAE,https://mesonet.agron.iastate.edu/p.php?pid=202009181503-KTAE-FZUS52-SRFTAE,NWS Tallahassee SRFTAE via Iowa Environmental Mesonet archive
2020-09-19T17:58:00+00:00,2020-09-19T12:58:00-05:00,2020-09-19,12:58,Yellow,,Single Red,,High,1 foot or less.,82.0,Northeast winds around 15 mph.,202009191758-KTAE-FZUS52-SRFTAE,https://mesonet.agron.iastate.edu/p.php?pid=202009191758-KTAE-FZUS52-SRFTAE,NWS Tallahassee SRFTAE via Iowa Environmental Mesonet archive
2020-09-20T15:55:00+00:00,2020-09-20T10:55:00-05:00,2020-09-20,10:55,Yellow,,Single Red,,Moderate,Around 1 foot.,80.0,Northeast winds around 20 mph.,202009201555-KTAE-FZUS52-SRFTAE,https://mesonet.agron.iastate.edu/p.php?pid=202009201555-KTAE-FZUS52-SRFTAE,NWS Tallahassee SRFTAE via Iowa Environmental Mesonet archive
2020-09-21T16:33:00+00:00,2020-09-21T11:33:00-05:00,2020-09-21,11:33,Yellow,,Single Red,,Moderate,Around 1 foot.,78.0,Northeast winds around 20 mph.,202009211633-KTAE-FZUS52-SRFTAE,https://mesonet.agron.iastate.edu/p.php?pid=202009211633-KTAE-FZUS52-SRFTAE,NWS Tallahassee SRFTAE via Iowa Environmental Mesonet archive
2020-09-22T15:52:00+00:00,2020-09-22T10:52:00-05:00,2020-09-22,10:52,Yellow,,Yellow,,Low,Around 1 foot.,76.0,East winds 15 to 20 mph.,202009221552-KTAE-FZUS52-SRFTAE,https://mesonet.agron.iastate.edu/p.php?pid=202009221552-KTAE-FZUS52-SRFTAE,NWS Tallahassee SRFTAE via Iowa Environmental Mesonet archive
2020-09-23T16:52:00+00:00,2020-09-23T11:52:00-05:00,2020-09-23,11:52,Single Red,,Single Red,,High,Around 1 foot.,78.0,Southeast winds around 15 mph.,202009231652-KTAE-FZUS52-SRFTAE,https://mesonet.agron.iastate.edu/p.php?pid=202009231652-KTAE-FZUS52-SRFTAE,NWS Tallahassee SRFTAE via Iowa Environmental Mesonet archive
2020-09-24T15:46:00+00:00,2020-09-24T10:46:00-05:00,2020-09-24,10:46,Double Red,,Single Red,,High,Around 2 feet.,78.0,South winds around 20 mph.,202009241546-KTAE-FZUS52-SRFTAE,https://mesonet.agron.iastate.edu/p.php?pid=202009241546-KTAE-FZUS52-SRFTAE,NWS Tallahassee SRFTAE via Iowa Environmental Mesonet archive
2020-09-25T16:14:00+00:00,2020-09-25T11:14:00-05:00,2020-09-25,11:14,Single Red,,Single Red,,High,Around 1 foot.,79.0,West winds around 5 mph.,202009251614-KTAE-FZUS52-SRFTAE,https://mesonet.agron.iastate.edu/p.php?pid=202009251614-KTAE-FZUS52-SRFTAE,NWS Tallahassee SRFTAE via Iowa Environmental Mesonet archive
2020-09-26T15:25:00+00:00,2020-09-26T10:25:00-05:00,2020-09-26,10:25,Yellow,,Yellow,,Moderate,Around 1 foot.,78.0,"Northeast winds around 5 mph, becoming",202009261525-KTAE-FZUS52-SRFTAE,https://mesonet.agron.iastate.edu/p.php?pid=202009261525-KTAE-FZUS52-SRFTAE,NWS Tallahassee SRFTAE via Iowa Environmental Mesonet archive
2020-09-29T15:42:00+00:00,2020-09-29T10:42:00-05:00,2020-09-29,10:42,Yellow,,Yellow,,Moderate,Around 1 foot.,80.0,North winds 15 to 20 mph.,202009291542-KTAE-FZUS52-SRFTAE,https://mesonet.agron.iastate.edu/p.php?pid=202009291542-KTAE-FZUS52-SRFTAE,NWS Tallahassee SRFTAE via Iowa Environmental Mesonet archive
2020-09-30T15:52:00+00:00,2020-09-30T10:52:00-05:00,2020-09-30,10:52,Yellow,,Single Red,,Low,1 foot or less.,80.0,North winds 5 to 10 mph.,202009301552-KTAE-FZUS52-SRFTAE,https://mesonet.agron.iastate.edu/p.php?pid=202009301552-KTAE-FZUS52-SRFTAE,NWS Tallahassee SRFTAE via Iowa Environmental Mesonet archive
2020-10-02T16:20:00+00:00,2020-10-02T11:20:00-05:00,2020-10-02,11:20,Yellow,,Yellow,,Moderate,1 foot or less.,78.0,North winds around 15 mph.,202010021620-KTAE-FZUS52-SRFTAE,https://mesonet.agron.iastate.edu/p.php?pid=202010021620-KTAE-FZUS52-SRFTAE,NWS Tallahassee SRFTAE via Iowa Environmental Mesonet archive
2020-10-03T14:17:00+00:00,2020-10-03T09:17:00-05:00,2020-10-03,09:17,Yellow,,Yellow,,Moderate,1 foot or less.,78.0,Northeast winds 10 to 15 mph.,202010031417-KTAE-FZUS52-SRFTAE,https://mesonet.agron.iastate.edu/p.php?pid=202010031417-KTAE-FZUS52-SRFTAE,NWS Tallahassee SRFTAE via Iowa Environmental Mesonet archive
2020-10-04T15:55:00+00:00,2020-10-04T10:55:00-05:00,2020-10-04,10:55,Yellow,,Yellow,,Moderate,1 foot or less.,76.0,Northeast winds around 15 mph.,202010041555-KTAE-FZUS52-SRFTAE,https://mesonet.agron.iastate.edu/p.php?pid=202010041555-KTAE-FZUS52-SRFTAE,NWS Tallahassee SRFTAE via Iowa Environmental Mesonet archive
2020-10-05T15:49:00+00:00,2020-10-05T10:49:00-05:00,2020-10-05,10:49,Yellow,,Yellow,,High,Around 1 foot.,76.0,Northeast winds around 15 mph.,202010051549-KTAE-FZUS52-SRFTAE,https://mesonet.agron.iastate.edu/p.php?pid=202010051549-KTAE-FZUS52-SRFTAE,NWS Tallahassee SRFTAE via Iowa Environmental Mesonet archive
2020-10-06T14:19:00+00:00,2020-10-06T09:19:00-05:00,2020-10-06,09:19,Single Red,,Single Red,,High,Around 1 foot.,76.0,Northeast winds 5 to 10 mph.,202010061419-KTAE-FZUS52-SRFTAE,https://mesonet.agron.iastate.edu/p.php?pid=202010061419-KTAE-FZUS52-SRFTAE,NWS Tallahassee SRFTAE via Iowa Environmental Mesonet archive
2020-10-07T14:33:00+00:00,2020-10-07T09:33:00-05:00,2020-10-07,09:33,Single Red,,Single Red,,High,Around 1 foot.,77.0,East winds 5 to 10 mph.,202010071433-KTAE-FZUS52-SRFTAE,https://mesonet.agron.iastate.edu/p.php?pid=202010071433-KTAE-FZUS52-SRFTAE,NWS Tallahassee SRFTAE via Iowa Environmental Mesonet archive
2020-10-08T15:27:00+00:00,2020-10-08T10:27:00-05:00,2020-10-08,10:27,Double Red,,Single Red,,High,Around 2 feet.,77.0,Southeast winds around 10 mph.,202010081527-KTAE-FZUS52-SRFTAE,https://mesonet.agron.iastate.edu/p.php?pid=202010081527-KTAE-FZUS52-SRFTAE,NWS Tallahassee SRFTAE via Iowa Environmental Mesonet archive
2020-10-09T15:27:00+00:00,2020-10-09T10:27:00-05:00,2020-10-09,10:27,Double Red,,Double Red,,High,4 to 6 feet.,78.0,Southeast winds around 15 mph.,202010091527-KTAE-FZUS52-SRFTAE,https://mesonet.agron.iastate.edu/p.php?pid=202010091527-KTAE-FZUS52-SRFTAE,NWS Tallahassee SRFTAE via Iowa Environmental Mesonet archive
2020-10-10T15:40:00+00:00,2020-10-10T10:40:00-05:00,2020-10-10,10:40,Double Red,,Double Red,,High,Around 3 feet.,78.0,Southeast winds around 20 mph.,202010101540-KTAE-FZUS52-SRFTAE,https://mesonet.agron.iastate.edu/p.php?pid=202010101540-KTAE-FZUS52-SRFTAE,NWS Tallahassee SRFTAE via Iowa Environmental Mesonet archive
2020-10-11T14:23:00+00:00,2020-10-11T09:23:00-05:00,2020-10-11,09:23,Double Red,,Double Red,,High,Around 2 feet.,78.0,West winds around 15 mph.,202010111423-KTAE-FZUS52-SRFTAE,https://mesonet.agron.iastate.edu/p.php?pid=202010111423-KTAE-FZUS52-SRFTAE,NWS Tallahassee SRFTAE via Iowa Environmental Mesonet archive
2020-10-12T14:43:00+00:00,2020-10-12T09:43:00-05:00,2020-10-12,09:43,Single Red,,Double Red,,High,Around 1 foot.,78.0,West winds around 10 mph.,202010121443-KTAE-FZUS52-SRFTAE,https://mesonet.agron.iastate.edu/p.php?pid=202010121443-KTAE-FZUS52-SRFTAE,NWS Tallahassee SRFTAE via Iowa Environmental Mesonet archive
2020-10-13T15:10:00+00:00,2020-10-13T10:10:00-05:00,2020-10-13,10:10,Single Red,,Double Red,,High,Around 1 foot.,78.0,Northwest winds around 10 mph.,202010131510-KTAE-FZUS52-SRFTAE,https://mesonet.agron.iastate.edu/p.php?pid=202010131510-KTAE-FZUS52-SRFTAE,NWS Tallahassee SRFTAE via Iowa Environmental Mesonet archive
2020-10-14T16:00:00+00:00,2020-10-14T11:00:00-05:00,2020-10-14,11:00,Yellow,,Yellow,,Low,1 foot or less.,78.0,"Northeast winds around 5 mph, becoming",202010141600-KTAE-FZUS52-SRFTAE,https://mesonet.agron.iastate.edu/p.php?pid=202010141600-KTAE-FZUS52-SRFTAE,NWS Tallahassee SRFTAE via Iowa Environmental Mesonet archive
2020-10-15T16:14:00+00:00,2020-10-15T11:14:00-05:00,2020-10-15,11:14,Yellow,,Green,,Low,1 foot or less.,78.0,Southeast winds around 5 mph.,202010151614-KTAE-FZUS52-SRFTAE,https://mesonet.agron.iastate.edu/p.php?pid=202010151614-KTAE-FZUS52-SRFTAE,NWS Tallahassee SRFTAE via Iowa Environmental Mesonet archive
2020-10-17T15:37:00+00:00,2020-10-17T10:37:00-05:00,2020-10-17,10:37,Yellow,,Yellow,,Moderate,1 foot or less.,75.0,"Northeast winds around 20 mph,",202010171537-KTAE-FZUS52-SRFTAE,https://mesonet.agron.iastate.edu/p.php?pid=202010171537-KTAE-FZUS52-SRFTAE,NWS Tallahassee SRFTAE via Iowa Environmental Mesonet archive
2020-10-18T15:31:00+00:00,2020-10-18T10:31:00-05:00,2020-10-18,10:31,Yellow,,Yellow,,Moderate,1 foot or less.,76.0,Northeast winds 10 to 15 mph.,202010181531-KTAE-FZUS52-SRFTAE,https://mesonet.agron.iastate.edu/p.php?pid=202010181531-KTAE-FZUS52-SRFTAE,NWS Tallahassee SRFTAE via Iowa Environmental Mesonet archive
2020-10-19T15:38:00+00:00,2020-10-19T10:38:00-05:00,2020-10-19,10:38,Yellow,,Yellow,,Moderate,1 foot or less.,77.0,East winds 10 to 15 mph.,202010191538-KTAE-FZUS52-SRFTAE,https://mesonet.agron.iastate.edu/p.php?pid=202010191538-KTAE-FZUS52-SRFTAE,NWS Tallahassee SRFTAE via Iowa Environmental Mesonet archive
2020-10-20T15:48:00+00:00,2020-10-20T10:48:00-05:00,2020-10-20,10:48,Yellow,,Yellow,,Moderate,1 foot or less.,77.0,East winds 10 to 15 mph.,202010201548-KTAE-FZUS52-SRFTAE,https://mesonet.agron.iastate.edu/p.php?pid=202010201548-KTAE-FZUS52-SRFTAE,NWS Tallahassee SRFTAE via Iowa Environmental Mesonet archive
2020-10-21T15:15:00+00:00,2020-10-21T10:15:00-05:00,2020-10-21,10:15,Yellow,,Yellow,,Low,Around 1 foot.,77.0,East winds 10 to 15 mph.,202010211515-KTAE-FZUS52-SRFTAE,https://mesonet.agron.iastate.edu/p.php?pid=202010211515-KTAE-FZUS52-SRFTAE,NWS Tallahassee SRFTAE via Iowa Environmental Mesonet archive
2020-10-22T16:04:00+00:00,2020-10-22T11:04:00-05:00,2020-10-22,11:04,Yellow,,Yellow,,Moderate,Around 1 foot.,77.0,East winds 10 to 15 mph.,202010221604-KTAE-FZUS52-SRFTAE,https://mesonet.agron.iastate.edu/p.php?pid=202010221604-KTAE-FZUS52-SRFTAE,NWS Tallahassee SRFTAE via Iowa Environmental Mesonet archive
2020-10-23T15:51:00+00:00,2020-10-23T10:51:00-05:00,2020-10-23,10:51,Yellow,,Yellow,,Moderate,Around 1 foot.,78.0,East winds around 10 mph.,202010231551-KTAE-FZUS52-SRFTAE,https://mesonet.agron.iastate.edu/p.php?pid=202010231551-KTAE-FZUS52-SRFTAE,NWS Tallahassee SRFTAE via Iowa Environmental Mesonet archive
2020-10-24T16:39:00+00:00,2020-10-24T11:39:00-05:00,2020-10-24,11:39,Single Red,,Yellow,,High,Around 1 foot.,78.0,Southeast winds around 10 mph.,202010241639-KTAE-FZUS52-SRFTAE,https://mesonet.agron.iastate.edu/p.php?pid=202010241639-KTAE-FZUS52-SRFTAE,NWS Tallahassee SRFTAE via Iowa Environmental Mesonet archive
2020-10-25T16:09:00+00:00,2020-10-25T11:09:00-05:00,2020-10-25,11:09,Yellow,,Yellow,,Moderate,1 foot or less.,77.0,North winds around 5 mph.,202010251609-KTAE-FZUS52-SRFTAE,https://mesonet.agron.iastate.edu/p.php?pid=202010251609-KTAE-FZUS52-SRFTAE,NWS Tallahassee SRFTAE via Iowa Environmental Mesonet archive
2020-10-26T17:25:00+00:00,2020-10-26T12:25:00-05:00,2020-10-26,12:25,Yellow,,Yellow,,Moderate,1 foot or less.,77.0,Northeast winds around 5 mph.,202010261725-KTAE-FZUS52-SRFTAE,https://mesonet.agron.iastate.edu/p.php?pid=202010261725-KTAE-FZUS52-SRFTAE,NWS Tallahassee SRFTAE via Iowa Environmental Mesonet archive
2020-10-27T16:15:00+00:00,2020-10-27T11:15:00-05:00,2020-10-27,11:15,Yellow,,Yellow,,High,Around 1 foot.,78.0,East winds around 15 mph.,202010271615-KTAE-FZUS52-SRFTAE,https://mesonet.agron.iastate.edu/p.php?pid=202010271615-KTAE-FZUS52-SRFTAE,NWS Tallahassee SRFTAE via Iowa Environmental Mesonet archive
2020-10-28T14:20:00+00:00,2020-10-28T09:20:00-05:00,2020-10-28,09:20,Double Red,,Double Red,,High,Around 3 feet.,78.0,Southeast winds around 20 mph.,202010281420-KTAE-FZUS52-SRFTAE,https://mesonet.agron.iastate.edu/p.php?pid=202010281420-KTAE-FZUS52-SRFTAE,NWS Tallahassee SRFTAE via Iowa Environmental Mesonet archive
2020-10-29T16:07:00+00:00,2020-10-29T11:07:00-05:00,2020-10-29,11:07,Double Red,,Double Red,,High,Around 4 feet.,78.0,Breezy. West winds around 25 mph.,202010291607-KTAE-FZUS52-SRFTAE,https://mesonet.agron.iastate.edu/p.php?pid=202010291607-KTAE-FZUS52-SRFTAE,NWS Tallahassee SRFTAE via Iowa Environmental Mesonet archive
2020-10-31T16:21:00+00:00,2020-10-31T11:21:00-05:00,2020-10-31,11:21,Yellow,,Yellow,,Moderate,1 foot or less.,76.0,East winds around 10 mph.,202010311621-KTAE-FZUS52-SRFTAE,https://mesonet.agron.iastate.edu/p.php?pid=202010311621-KTAE-FZUS52-SRFTAE,NWS Tallahassee SRFTAE via Iowa Environmental Mesonet archive
2020-11-01T17:12:00+00:00,2020-11-01T11:12:00-06:00,2020-11-01,11:12,Yellow,,Yellow,,Moderate,1 foot or less.,77.0,North winds around 15 mph.,202011011712-KTAE-FZUS52-SRFTAE,https://mesonet.agron.iastate.edu/p.php?pid=202011011712-KTAE-FZUS52-SRFTAE,NWS Tallahassee SRFTAE via Iowa Environmental Mesonet archive
2020-11-02T16:17:00+00:00,2020-11-02T10:17:00-06:00,2020-11-02,10:17,Yellow,,Single Red,,Moderate,1 foot or less.,74.0,Northeast winds 15 to 20 mph.,202011021617-KTAE-FZUS52-SRFTAE,https://mesonet.agron.iastate.edu/p.php?pid=202011021617-KTAE-FZUS52-SRFTAE,NWS Tallahassee SRFTAE via Iowa Environmental Mesonet archive
2020-11-03T16:04:00+00:00,2020-11-03T10:04:00-06:00,2020-11-03,10:04,Yellow,,Yellow,,Moderate,1 foot or less.,74.0,Northeast winds around 10 mph.,202011031604-KTAE-FZUS52-SRFTAE,https://mesonet.agron.iastate.edu/p.php?pid=202011031604-KTAE-FZUS52-SRFTAE,NWS Tallahassee SRFTAE via Iowa Environmental Mesonet archive
2020-11-05T15:26:00+00:00,2020-11-05T09:26:00-06:00,2020-11-05,09:26,Yellow,,Yellow,,Moderate,1 foot or less.,74.0,Northeast winds 10 to 15 mph.,202011051526-KTAE-FZUS52-SRFTAE,https://mesonet.agron.iastate.edu/p.php?pid=202011051526-KTAE-FZUS52-SRFTAE,NWS Tallahassee SRFTAE via Iowa Environmental Mesonet archive
2020-11-07T16:48:00+00:00,2020-11-07T10:48:00-06:00,2020-11-07,10:48,Yellow,,Yellow,,Moderate,1 foot or less.,74.0,Northeast winds 10 to 15 mph.,202011071648-KTAE-FZUS52-SRFTAE,https://mesonet.agron.iastate.edu/p.php?pid=202011071648-KTAE-FZUS52-SRFTAE,NWS Tallahassee SRFTAE via Iowa Environmental Mesonet archive
2020-11-08T15:32:00+00:00,2020-11-08T09:32:00-06:00,2020-11-08,09:32,Yellow,,Yellow,,Moderate,Around 1 foot.,74.0,Northeast winds 15 to 20 mph.,202011081532-KTAE-FZUS52-SRFTAE,https://mesonet.agron.iastate.edu/p.php?pid=202011081532-KTAE-FZUS52-SRFTAE,NWS Tallahassee SRFTAE via Iowa Environmental Mesonet archive
2020-11-09T14:26:00+00:00,2020-11-09T08:26:00-06:00,2020-11-09,08:26,Yellow,,Yellow,,Moderate,1 foot or less.,74.0,Northeast winds 15 to 20 mph.,202011091426-KTAE-FZUS52-SRFTAE,https://mesonet.agron.iastate.edu/p.php?pid=202011091426-KTAE-FZUS52-SRFTAE,NWS Tallahassee SRFTAE via Iowa Environmental Mesonet archive
2020-11-10T17:54:00+00:00,2020-11-10T11:54:00-06:00,2020-11-10,11:54,Single Red,,,,High,Around 1 foot.,75.0,East winds around 10 mph.,202011101754-KTAE-FZUS52-SRFTAE,https://mesonet.agron.iastate.edu/p.php?pid=202011101754-KTAE-FZUS52-SRFTAE,NWS Tallahassee SRFTAE via Iowa Environmental Mesonet archive
2020-11-12T16:21:00+00:00,2020-11-12T10:21:00-06:00,2020-11-12,10:21,Single Red,,Single Red,,High,Around 2 feet.,75.0,Northwest winds 10 to 15 mph.,202011121621-KTAE-FZUS52-SRFTAE,https://mesonet.agron.iastate.edu/p.php?pid=202011121621-KTAE-FZUS52-SRFTAE,NWS Tallahassee SRFTAE via Iowa Environmental Mesonet archive
2020-11-13T14:32:00+00:00,2020-11-13T08:32:00-06:00,2020-11-13,08:32,Yellow,,Single Red,,Moderate,Around 2 feet.,73.0,North winds around 10 mph.,202011131432-KTAE-FZUS52-SRFTAE,https://mesonet.agron.iastate.edu/p.php?pid=202011131432-KTAE-FZUS52-SRFTAE,NWS Tallahassee SRFTAE via Iowa Environmental Mesonet archive
2020-11-14T15:08:00+00:00,2020-11-14T09:08:00-06:00,2020-11-14,09:08,Yellow,,Yellow,,Moderate,Around 1 foot.,73.0,"East winds around 10 mph, becoming",202011141508-KTAE-FZUS52-SRFTAE,https://mesonet.agron.iastate.edu/p.php?pid=202011141508-KTAE-FZUS52-SRFTAE,NWS Tallahassee SRFTAE via Iowa Environmental Mesonet archive
2020-11-15T15:06:00+00:00,2020-11-15T09:06:00-06:00,2020-11-15,09:06,Yellow,,Yellow,,Moderate,Around 1 foot.,73.0,Southwest winds around 10 mph.,202011151506-KTAE-FZUS52-SRFTAE,https://mesonet.agron.iastate.edu/p.php?pid=202011151506-KTAE-FZUS52-SRFTAE,NWS Tallahassee SRFTAE via Iowa Environmental Mesonet archive
2020-11-16T17:10:00+00:00,2020-11-16T11:10:00-06:00,2020-11-16,11:10,Yellow,,Yellow,,Moderate,Around 2 feet.,73.0,North winds around 15 mph.,202011161710-KTAE-FZUS52-SRFTAE,https://mesonet.agron.iastate.edu/p.php?pid=202011161710-KTAE-FZUS52-SRFTAE,NWS Tallahassee SRFTAE via Iowa Environmental Mesonet archive
2020-11-17T16:40:00+00:00,2020-11-17T10:40:00-06:00,2020-11-17,10:40,Yellow,,Yellow,,Low,Around 2 feet.,72.0,North winds around 15 mph.,202011171640-KTAE-FZUS52-SRFTAE,https://mesonet.agron.iastate.edu/p.php?pid=202011171640-KTAE-FZUS52-SRFTAE,NWS Tallahassee SRFTAE via Iowa Environmental Mesonet archive
2020-11-19T16:40:00+00:00,2020-11-19T10:40:00-06:00,2020-11-19,10:40,Yellow,,Yellow,,Moderate,Around 2 feet.,69.0,East winds 10 to 15 mph.,202011191640-KTAE-FZUS52-SRFTAE,https://mesonet.agron.iastate.edu/p.php?pid=202011191640-KTAE-FZUS52-SRFTAE,NWS Tallahassee SRFTAE via Iowa Environmental Mesonet archive
2020-11-20T16:16:00+00:00,2020-11-20T10:16:00-06:00,2020-11-20,10:16,Yellow,,Yellow,,Moderate,1 to 2 feet.,70.0,East winds 10 to 15 mph.,202011201616-KTAE-FZUS52-SRFTAE,https://mesonet.agron.iastate.edu/p.php?pid=202011201616-KTAE-FZUS52-SRFTAE,NWS Tallahassee SRFTAE via Iowa Environmental Mesonet archive
2020-11-22T17:16:00+00:00,2020-11-22T11:16:00-06:00,2020-11-22,11:16,Yellow,,Yellow,,Moderate,Around 1 foot.,71.0,Northeast winds around 5 mph.,202011221716-KTAE-FZUS52-SRFTAE,https://mesonet.agron.iastate.edu/p.php?pid=202011221716-KTAE-FZUS52-SRFTAE,NWS Tallahassee SRFTAE via Iowa Environmental Mesonet archive
2020-11-23T15:59:00+00:00,2020-11-23T09:59:00-06:00,2020-11-23,09:59,Yellow,,Yellow,,Low,Around 2 feet.,70.0,North winds 10 to 15 mph.,202011231559-KTAE-FZUS52-SRFTAE,https://mesonet.agron.iastate.edu/p.php?pid=202011231559-KTAE-FZUS52-SRFTAE,NWS Tallahassee SRFTAE via Iowa Environmental Mesonet archive
2020-11-24T16:37:00+00:00,2020-11-24T10:37:00-06:00,2020-11-24,10:37,Yellow,,Yellow,,Low,2 feet or less.,70.0,Southeast winds around 10 mph.,202011241637-KTAE-FZUS52-SRFTAE,https://mesonet.agron.iastate.edu/p.php?pid=202011241637-KTAE-FZUS52-SRFTAE,NWS Tallahassee SRFTAE via Iowa Environmental Mesonet archive
2020-11-25T15:09:00+00:00,2020-11-25T09:09:00-06:00,2020-11-25,09:09,Yellow,,Yellow,,Moderate,2 to 3 feet.,69.0,South winds around 15 mph.,202011251509-KTAE-FZUS52-SRFTAE,https://mesonet.agron.iastate.edu/p.php?pid=202011251509-KTAE-FZUS52-SRFTAE,NWS Tallahassee SRFTAE via Iowa Environmental Mesonet archive
2020-11-26T15:57:00+00:00,2020-11-26T09:57:00-06:00,2020-11-26,09:57,Yellow,,Yellow,,Moderate,Around 2 feet.,71.0,South winds around 5 mph.,202011261557-KTAE-FZUS52-SRFTAE,https://mesonet.agron.iastate.edu/p.php?pid=202011261557-KTAE-FZUS52-SRFTAE,NWS Tallahassee SRFTAE via Iowa Environmental Mesonet archive
2020-11-26T17:25:00+00:00,2020-11-26T11:25:00-06:00,2020-11-26,11:25,Single Red,,Yellow,,High,Around 2 feet.,71.0,South winds around 5 mph.,202011261725-KTAE-FZUS52-SRFTAE,https://mesonet.agron.iastate.edu/p.php?pid=202011261725-KTAE-FZUS52-SRFTAE,NWS Tallahassee SRFTAE via Iowa Environmental Mesonet archive
2020-11-27T17:19:00+00:00,2020-11-27T11:19:00-06:00,2020-11-27,11:19,Single Red,,Single Red,,High,Around 2 feet.,72.0,South winds around 5 mph.,202011271719-KTAE-FZUS52-SRFTAE,https://mesonet.agron.iastate.edu/p.php?pid=202011271719-KTAE-FZUS52-SRFTAE,NWS Tallahassee SRFTAE via Iowa Environmental Mesonet archive
2020-11-28T19:04:00+00:00,2020-11-28T13:04:00-06:00,2020-11-28,13:04,Single Red,,Single Red,,Moderate,Around 1 foot.,71.0,North winds around 10 mph.,202011281904-KTAE-FZUS52-SRFTAE,https://mesonet.agron.iastate.edu/p.php?pid=202011281904-KTAE-FZUS52-SRFTAE,NWS Tallahassee SRFTAE via Iowa Environmental Mesonet archive
2020-11-29T18:43:00+00:00,2020-11-29T12:43:00-06:00,2020-11-29,12:43,Single Red,,Single Red,,High,Around 3 feet.,70.0,Southeast winds around 15 mph.,202011291843-KTAE-FZUS52-SRFTAE,https://mesonet.agron.iastate.edu/p.php?pid=202011291843-KTAE-FZUS52-SRFTAE,NWS Tallahassee SRFTAE via Iowa Environmental Mesonet archive
2020-11-30T17:45:00+00:00,2020-11-30T11:45:00-06:00,2020-11-30,11:45,Single Red,,Double Red,,High,Around 6 feet.,69.0,Northwest winds around 20 mph.,202011301745-KTAE-FZUS52-SRFTAE,https://mesonet.agron.iastate.edu/p.php?pid=202011301745-KTAE-FZUS52-SRFTAE,NWS Tallahassee SRFTAE via Iowa Environmental Mesonet archive
2020-12-01T17:33:00+00:00,2020-12-01T11:33:00-06:00,2020-12-01,11:33,Yellow,,Double Red,,High,Around 3 feet.,66.0,North winds around 10 mph.,202012011733-KTAE-FZUS52-SRFTAE,https://mesonet.agron.iastate.edu/p.php?pid=202012011733-KTAE-FZUS52-SRFTAE,NWS Tallahassee SRFTAE via Iowa Environmental Mesonet archive
2020-12-03T17:22:00+00:00,2020-12-03T11:22:00-06:00,2020-12-03,11:22,Yellow,,Yellow,,Low,Around 2 feet.,64.0,Southeast winds around 15 mph.,202012031722-KTAE-FZUS52-SRFTAE,https://mesonet.agron.iastate.edu/p.php?pid=202012031722-KTAE-FZUS52-SRFTAE,NWS Tallahassee SRFTAE via Iowa Environmental Mesonet archive
2020-12-04T16:07:00+00:00,2020-12-04T10:07:00-06:00,2020-12-04,10:07,Single Red,,Single Red,,High,3 to 4 feet.,65.0,South winds around 15 mph.,202012041607-KTAE-FZUS52-SRFTAE,https://mesonet.agron.iastate.edu/p.php?pid=202012041607-KTAE-FZUS52-SRFTAE,NWS Tallahassee SRFTAE via Iowa Environmental Mesonet archive
2020-12-05T15:51:00+00:00,2020-12-05T09:51:00-06:00,2020-12-05,09:51,Yellow,,Single Red,,Moderate,Around 2 feet.,64.0,North winds 10 to 15 mph.,202012051551-KTAE-FZUS52-SRFTAE,https://mesonet.agron.iastate.edu/p.php?pid=202012051551-KTAE-FZUS52-SRFTAE,NWS Tallahassee SRFTAE via Iowa Environmental Mesonet archive
2020-12-06T15:46:00+00:00,2020-12-06T09:46:00-06:00,2020-12-06,09:46,Yellow,,Yellow,,Low,Around 1 foot.,64.0,"East winds around 5 mph, becoming",202012061546-KTAE-FZUS52-SRFTAE,https://mesonet.agron.iastate.edu/p.php?pid=202012061546-KTAE-FZUS52-SRFTAE,NWS Tallahassee SRFTAE via Iowa Environmental Mesonet archive
2020-12-07T17:16:00+00:00,2020-12-07T11:16:00-06:00,2020-12-07,11:16,Yellow,,Double Red,,High,Around 4 feet.,65.0,Northwest winds around 20 mph.,202012071716-KTAE-FZUS52-SRFTAE,https://mesonet.agron.iastate.edu/p.php?pid=202012071716-KTAE-FZUS52-SRFTAE,NWS Tallahassee SRFTAE via Iowa Environmental Mesonet archive
2020-12-08T16:10:00+00:00,2020-12-08T10:10:00-06:00,2020-12-08,10:10,Yellow,,Double Red,,Moderate,Around 1 foot.,63.0,North winds around 10 mph.,202012081610-KTAE-FZUS52-SRFTAE,https://mesonet.agron.iastate.edu/p.php?pid=202012081610-KTAE-FZUS52-SRFTAE,NWS Tallahassee SRFTAE via Iowa Environmental Mesonet archive
2020-12-09T16:10:00+00:00,2020-12-09T10:10:00-06:00,2020-12-09,10:10,Yellow,,Yellow,,Moderate,Around 1 foot.,64.0,"North winds around 5 mph, becoming west",202012091610-KTAE-FZUS52-SRFTAE,https://mesonet.agron.iastate.edu/p.php?pid=202012091610-KTAE-FZUS52-SRFTAE,NWS Tallahassee SRFTAE via Iowa Environmental Mesonet archive
2020-12-10T16:15:00+00:00,2020-12-10T10:15:00-06:00,2020-12-10,10:15,Yellow,,Yellow,,Low,Around 1 foot.,67.0,Northeast winds around 5 mph late in,202012101615-KTAE-FZUS52-SRFTAE,https://mesonet.agron.iastate.edu/p.php?pid=202012101615-KTAE-FZUS52-SRFTAE,NWS Tallahassee SRFTAE via Iowa Environmental Mesonet archive
2020-12-11T16:10:00+00:00,2020-12-11T10:10:00-06:00,2020-12-11,10:10,Yellow,,Yellow,,Moderate,Around 1 foot.,65.0,Southeast winds around 10 mph.,202012111610-KTAE-FZUS52-SRFTAE,https://mesonet.agron.iastate.edu/p.php?pid=202012111610-KTAE-FZUS52-SRFTAE,NWS Tallahassee SRFTAE via Iowa Environmental Mesonet archive
2020-12-12T16:22:00+00:00,2020-12-12T10:22:00-06:00,2020-12-12,10:22,Single Red,,Yellow,,High,2 to 3 feet.,64.0,South winds around 15 mph.,202012121622-KTAE-FZUS52-SRFTAE,https://mesonet.agron.iastate.edu/p.php?pid=202012121622-KTAE-FZUS52-SRFTAE,NWS Tallahassee SRFTAE via Iowa Environmental Mesonet archive
2020-12-13T16:23:00+00:00,2020-12-13T10:23:00-06:00,2020-12-13,10:23,Single Red,,Yellow,,High,Around 2 feet.,65.0,South winds 5 to 10 mph.,202012131623-KTAE-FZUS52-SRFTAE,https://mesonet.agron.iastate.edu/p.php?pid=202012131623-KTAE-FZUS52-SRFTAE,NWS Tallahassee SRFTAE via Iowa Environmental Mesonet archive
2020-12-14T16:19:00+00:00,2020-12-14T10:19:00-06:00,2020-12-14,10:19,Double Red,,Double Red,,High,Around 5 feet.,65.0,North winds 15 to 20 mph.,202012141619-KTAE-FZUS52-SRFTAE,https://mesonet.agron.iastate.edu/p.php?pid=202012141619-KTAE-FZUS52-SRFTAE,NWS Tallahassee SRFTAE via Iowa Environmental Mesonet archive
2020-12-15T17:22:00+00:00,2020-12-15T11:22:00-06:00,2020-12-15,11:22,Yellow,,Yellow,,Moderate,Around 1 foot.,65.0,North winds around 5 mph.,202012151722-KTAE-FZUS52-SRFTAE,https://mesonet.agron.iastate.edu/p.php?pid=202012151722-KTAE-FZUS52-SRFTAE,NWS Tallahassee SRFTAE via Iowa Environmental Mesonet archive
2020-12-16T17:04:00+00:00,2020-12-16T11:04:00-06:00,2020-12-16,11:04,Yellow,,Double Red,,High,4 to 5 feet.,64.0,Southeast winds around 15 mph.,202012161704-KTAE-FZUS52-SRFTAE,https://mesonet.agron.iastate.edu/p.php?pid=202012161704-KTAE-FZUS52-SRFTAE,NWS Tallahassee SRFTAE via Iowa Environmental Mesonet archive
2020-12-17T17:44:00+00:00,2020-12-17T11:44:00-06:00,2020-12-17,11:44,Yellow,,Single Red,,High,Around 2 feet.,63.0,Northwest winds around 15 mph.,202012171744-KTAE-FZUS52-SRFTAE,https://mesonet.agron.iastate.edu/p.php?pid=202012171744-KTAE-FZUS52-SRFTAE,NWS Tallahassee SRFTAE via Iowa Environmental Mesonet archive
2020-12-18T16:51:00+00:00,2020-12-18T10:51:00-06:00,2020-12-18,10:51,Yellow,,Single Red,,Moderate,1 foot or less.,63.0,Northeast winds 10 to 15 mph.,202012181651-KTAE-FZUS52-SRFTAE,https://mesonet.agron.iastate.edu/p.php?pid=202012181651-KTAE-FZUS52-SRFTAE,NWS Tallahassee SRFTAE via Iowa Environmental Mesonet archive
2020-12-19T16:17:00+00:00,2020-12-19T10:17:00-06:00,2020-12-19,10:17,Yellow,,Yellow,,Moderate,Around 1 foot.,62.0,East winds 10 to 15 mph.,202012191617-KTAE-FZUS52-SRFTAE,https://mesonet.agron.iastate.edu/p.php?pid=202012191617-KTAE-FZUS52-SRFTAE,NWS Tallahassee SRFTAE via Iowa Environmental Mesonet archive
2020-12-20T17:03:00+00:00,2020-12-20T11:03:00-06:00,2020-12-20,11:03,Yellow,,Single Red,,High,2 to 3 feet.,62.0,"East winds around 15 mph, becoming",202012201703-KTAE-FZUS52-SRFTAE,https://mesonet.agron.iastate.edu/p.php?pid=202012201703-KTAE-FZUS52-SRFTAE,NWS Tallahassee SRFTAE via Iowa Environmental Mesonet archive
2020-12-21T16:20:00+00:00,2020-12-21T10:20:00-06:00,2020-12-21,10:20,Yellow,,Single Red,,Moderate,Around 1 to 2 feet.,62.0,Northwest winds 10 to 15 mph.,202012211620-KTAE-FZUS52-SRFTAE,https://mesonet.agron.iastate.edu/p.php?pid=202012211620-KTAE-FZUS52-SRFTAE,NWS Tallahassee SRFTAE via Iowa Environmental Mesonet archive
2020-12-22T19:02:00+00:00,2020-12-22T13:02:00-06:00,2020-12-22,13:02,Yellow,,Yellow,,Moderate,Around 1 foot.,63.0,Northeast winds around 5 mph.,202012221902-KTAE-FZUS52-SRFTAE,https://mesonet.agron.iastate.edu/p.php?pid=202012221902-KTAE-FZUS52-SRFTAE,NWS Tallahassee SRFTAE via Iowa Environmental Mesonet archive
2020-12-23T18:40:00+00:00,2020-12-23T12:40:00-06:00,2020-12-23,12:40,Yellow,,Single Red,,High,Around 2 feet.,63.0,Southeast winds around 15 mph.,202012231840-KTAE-FZUS52-SRFTAE,https://mesonet.agron.iastate.edu/p.php?pid=202012231840-KTAE-FZUS52-SRFTAE,NWS Tallahassee SRFTAE via Iowa Environmental Mesonet archive
2020-12-24T16:06:00+00:00,2020-12-24T10:06:00-06:00,2020-12-24,10:06,Double Red,,Double Red,,High,Around 7 feet.,63.0,"Windy. Southwest winds around 30 mph,",202012241606-KTAE-FZUS52-SRFTAE,https://mesonet.agron.iastate.edu/p.php?pid=202012241606-KTAE-FZUS52-SRFTAE,NWS Tallahassee SRFTAE via Iowa Environmental Mesonet archive
2020-12-25T17:32:00+00:00,2020-12-25T11:32:00-06:00,2020-12-25,11:32,Single Red,,Double Red,,High,Around 6 feet.,60.0,Northwest winds around 20 mph.,202012251732-KTAE-FZUS52-SRFTAE,https://mesonet.agron.iastate.edu/p.php?pid=202012251732-KTAE-FZUS52-SRFTAE,NWS Tallahassee SRFTAE via Iowa Environmental Mesonet archive
2020-12-27T16:15:00+00:00,2020-12-27T10:15:00-06:00,2020-12-27,10:15,Yellow,,Yellow,,Moderate,Around 1 foot.,59.0,East winds 5 to 10 mph.,202012271615-KTAE-FZUS52-SRFTAE,https://mesonet.agron.iastate.edu/p.php?pid=202012271615-KTAE-FZUS52-SRFTAE,NWS Tallahassee SRFTAE via Iowa Environmental Mesonet archive
2020-12-28T16:04:00+00:00,2020-12-28T10:04:00-06:00,2020-12-28,10:04,Yellow,,Green,,Low,Around 1 foot.,59.0,Northeast winds 5 to 10 mph.,202012281604-KTAE-FZUS52-SRFTAE,https://mesonet.agron.iastate.edu/p.php?pid=202012281604-KTAE-FZUS52-SRFTAE,NWS Tallahassee SRFTAE via Iowa Environmental Mesonet archive
2020-12-29T17:20:00+00:00,2020-12-29T11:20:00-06:00,2020-12-29,11:20,Yellow,,Yellow,,Moderate,Around 2 feet.,60.0,Southeast winds around 10 mph.,202012291720-KTAE-FZUS52-SRFTAE,https://mesonet.agron.iastate.edu/p.php?pid=202012291720-KTAE-FZUS52-SRFTAE,NWS Tallahassee SRFTAE via Iowa Environmental Mesonet archive
2020-12-30T19:40:00+00:00,2020-12-30T13:40:00-06:00,2020-12-30,13:40,Single Red,,Single Red,,High,Around 3 feet.,61.0,Southeast winds around 15 mph.,202012301940-KTAE-FZUS52-SRFTAE,https://mesonet.agron.iastate.edu/p.php?pid=202012301940-KTAE-FZUS52-SRFTAE,NWS Tallahassee SRFTAE via Iowa Environmental Mesonet archive
2020-12-31T16:34:00+00:00,2020-12-31T10:34:00-06:00,2020-12-31,10:34,Single Red,,Double Red,,High,Around 5 feet.,61.0,Southeast winds around 15 mph.,202012311634-KTAE-FZUS52-SRFTAE,https://mesonet.agron.iastate.edu/p.php?pid=202012311634-KTAE-FZUS52-SRFTAE,NWS Tallahassee SRFTAE via Iowa Environmental Mesonet archive
2021-01-01T18:13:00+00:00,2021-01-01T12:13:00-06:00,2021-01-01,12:13,Double Red,,Double Red,,High,Around 7 feet.,60.0,South winds around 15 mph.,202101011813-KTAE-FZUS52-SRFTAE,https://mesonet.agron.iastate.edu/p.php?pid=202101011813-KTAE-FZUS52-SRFTAE,NWS Tallahassee SRFTAE via Iowa Environmental Mesonet archive
2021-01-02T17:09:00+00:00,2021-01-02T11:09:00-06:00,2021-01-02,11:09,Single Red,,Double Red,,High,Around 4 feet.,61.0,Northwest winds around 10 mph.,202101021709-KTAE-FZUS52-SRFTAE,https://mesonet.agron.iastate.edu/p.php?pid=202101021709-KTAE-FZUS52-SRFTAE,NWS Tallahassee SRFTAE via Iowa Environmental Mesonet archive
2021-01-03T18:36:00+00:00,2021-01-03T12:36:00-06:00,2021-01-03,12:36,Single Red,,Double Red,,High,Around 3 feet.,61.0,Northwest winds around 10 mph.,202101031836-KTAE-FZUS52-SRFTAE,https://mesonet.agron.iastate.edu/p.php?pid=202101031836-KTAE-FZUS52-SRFTAE,NWS Tallahassee SRFTAE via Iowa Environmental Mesonet archive
2021-01-04T19:16:00+00:00,2021-01-04T13:16:00-06:00,2021-01-04,13:16,Yellow,,Yellow,,Moderate,Around 1 foot.,61.0,Northwest winds around 5 mph.,202101041916-KTAE-FZUS52-SRFTAE,https://mesonet.agron.iastate.edu/p.php?pid=202101041916-KTAE-FZUS52-SRFTAE,NWS Tallahassee SRFTAE via Iowa Environmental Mesonet archive
2021-01-05T18:27:00+00:00,2021-01-05T12:27:00-06:00,2021-01-05,12:27,Yellow,,Single Red,,Moderate,Around 2 feet.,62.0,Northwest winds around 10 mph.,202101051827-KTAE-FZUS52-SRFTAE,https://mesonet.agron.iastate.edu/p.php?pid=202101051827-KTAE-FZUS52-SRFTAE,NWS Tallahassee SRFTAE via Iowa Environmental Mesonet archive
2021-01-06T18:27:00+00:00,2021-01-06T12:27:00-06:00,2021-01-06,12:27,Yellow,,Yellow,,Moderate,Around 1 foot.,62.0,Southeast winds around 5 mph.,202101061827-KTAE-FZUS52-SRFTAE,https://mesonet.agron.iastate.edu/p.php?pid=202101061827-KTAE-FZUS52-SRFTAE,NWS Tallahassee SRFTAE via Iowa Environmental Mesonet archive
2021-01-07T18:38:00+00:00,2021-01-07T12:38:00-06:00,2021-01-07,12:38,Single Red,,Double Red,,High,Around 6 feet.,61.0,Southwest winds around 20 mph.,202101071838-KTAE-FZUS52-SRFTAE,https://mesonet.agron.iastate.edu/p.php?pid=202101071838-KTAE-FZUS52-SRFTAE,NWS Tallahassee SRFTAE via Iowa Environmental Mesonet archive
2021-01-08T17:55:00+00:00,2021-01-08T11:55:00-06:00,2021-01-08,11:55,Single Red,,Double Red,,High,Around 5 feet.,61.0,Northwest winds around 20 mph.,202101081755-KTAE-FZUS52-SRFTAE,https://mesonet.agron.iastate.edu/p.php?pid=202101081755-KTAE-FZUS52-SRFTAE,NWS Tallahassee SRFTAE via Iowa Environmental Mesonet archive
2021-01-09T17:05:00+00:00,2021-01-09T11:05:00-06:00,2021-01-09,11:05,Yellow,,Double Red,,Moderate,Around 2 feet.,58.0,Northwest winds around 15 mph.,202101091705-KTAE-FZUS52-SRFTAE,https://mesonet.agron.iastate.edu/p.php?pid=202101091705-KTAE-FZUS52-SRFTAE,NWS Tallahassee SRFTAE via Iowa Environmental Mesonet archive
2021-01-10T16:42:00+00:00,2021-01-10T10:42:00-06:00,2021-01-10,10:42,Yellow,,Yellow,,Moderate,Around 1 foot.,58.0,Northeast winds around 5 mph.,202101101642-KTAE-FZUS52-SRFTAE,https://mesonet.agron.iastate.edu/p.php?pid=202101101642-KTAE-FZUS52-SRFTAE,NWS Tallahassee SRFTAE via Iowa Environmental Mesonet archive
2021-01-11T15:49:00+00:00,2021-01-11T09:49:00-06:00,2021-01-11,09:49,Yellow,,Single Red,,Moderate,2 to 5 feet.,57.0,Southeast winds 15 to 20 mph.,202101111549-KTAE-FZUS52-SRFTAE,https://mesonet.agron.iastate.edu/p.php?pid=202101111549-KTAE-FZUS52-SRFTAE,NWS Tallahassee SRFTAE via Iowa Environmental Mesonet archive
2021-01-12T16:54:00+00:00,2021-01-12T10:54:00-06:00,2021-01-12,10:54,Yellow,,Double Red,,Moderate,Around 3 feet.,58.0,North winds 10 to 15 mph.,202101121654-KTAE-FZUS52-SRFTAE,https://mesonet.agron.iastate.edu/p.php?pid=202101121654-KTAE-FZUS52-SRFTAE,NWS Tallahassee SRFTAE via Iowa Environmental Mesonet archive
2021-01-13T17:45:00+00:00,2021-01-13T11:45:00-06:00,2021-01-13,11:45,Yellow,,Yellow,,Moderate,Around 1 foot.,57.0,Northwest winds around 5 mph.,202101131745-KTAE-FZUS52-SRFTAE,https://mesonet.agron.iastate.edu/p.php?pid=202101131745-KTAE-FZUS52-SRFTAE,NWS Tallahassee SRFTAE via Iowa Environmental Mesonet archive
2021-01-14T16:48:00+00:00,2021-01-14T10:48:00-06:00,2021-01-14,10:48,Yellow,,Yellow,,Moderate,Around 1 foot.,57.0,"East winds around 5 mph, becoming south",202101141648-KTAE-FZUS52-SRFTAE,https://mesonet.agron.iastate.edu/p.php?pid=202101141648-KTAE-FZUS52-SRFTAE,NWS Tallahassee SRFTAE via Iowa Environmental Mesonet archive
2021-01-15T17:13:00+00:00,2021-01-15T11:13:00-06:00,2021-01-15,11:13,Single Red,,Double Red,,High,Around 4 feet.,59.0,West winds around 15 mph.,202101151713-KTAE-FZUS52-SRFTAE,https://mesonet.agron.iastate.edu/p.php?pid=202101151713-KTAE-FZUS52-SRFTAE,NWS Tallahassee SRFTAE via Iowa Environmental Mesonet archive
2021-01-16T16:26:00+00:00,2021-01-16T10:26:00-06:00,2021-01-16,10:26,Single Red,,Double Red,,High,Around 7 feet.,57.0,West winds around 20 mph.,202101161626-KTAE-FZUS52-SRFTAE,https://mesonet.agron.iastate.edu/p.php?pid=202101161626-KTAE-FZUS52-SRFTAE,NWS Tallahassee SRFTAE via Iowa Environmental Mesonet archive
2021-01-17T18:09:00+00:00,2021-01-17T12:09:00-06:00,2021-01-17,12:09,Single Red,,Double Red,,High,Around 2 feet.,56.0,West winds around 10 mph.,202101171809-KTAE-FZUS52-SRFTAE,https://mesonet.agron.iastate.edu/p.php?pid=202101171809-KTAE-FZUS52-SRFTAE,NWS Tallahassee SRFTAE via Iowa Environmental Mesonet archive
2021-01-18T16:33:00+00:00,2021-01-18T10:33:00-06:00,2021-01-18,10:33,Single Red,,Yellow,,High,2 to 3 feet.,56.0,Northwest winds around 5 mph.,202101181633-KTAE-FZUS52-SRFTAE,https://mesonet.agron.iastate.edu/p.php?pid=202101181633-KTAE-FZUS52-SRFTAE,NWS Tallahassee SRFTAE via Iowa Environmental Mesonet archive
2021-01-19T14:31:00+00:00,2021-01-19T08:31:00-06:00,2021-01-19,08:31,Yellow,,Yellow,,Moderate,Around 1 foot.,56.0,Southeast winds around 10 mph.,202101191431-KTAE-FZUS52-SRFTAE,https://mesonet.agron.iastate.edu/p.php?pid=202101191431-KTAE-FZUS52-SRFTAE,NWS Tallahassee SRFTAE via Iowa Environmental Mesonet archive
2021-01-20T16:20:00+00:00,2021-01-20T10:20:00-06:00,2021-01-20,10:20,Yellow,,Yellow,,Moderate,1 foot or less.,57.0,Northwest winds 5 to 10 mph.,202101201620-KTAE-FZUS52-SRFTAE,https://mesonet.agron.iastate.edu/p.php?pid=202101201620-KTAE-FZUS52-SRFTAE,NWS Tallahassee SRFTAE via Iowa Environmental Mesonet archive
2021-01-21T16:17:00+00:00,2021-01-21T10:17:00-06:00,2021-01-21,10:17,Yellow,,Yellow,,Moderate,1 to 2 feet.,58.0,Southwest winds around 10 mph.,202101211617-KTAE-FZUS52-SRFTAE,https://mesonet.agron.iastate.edu/p.php?pid=202101211617-KTAE-FZUS52-SRFTAE,NWS Tallahassee SRFTAE via Iowa Environmental Mesonet archive
2021-01-22T17:08:00+00:00,2021-01-22T11:08:00-06:00,2021-01-22,11:08,Yellow,,Single Red,,Moderate,Around 2 feet.,60.0,West winds around 10 mph.,202101221708-KTAE-FZUS52-SRFTAE,https://mesonet.agron.iastate.edu/p.php?pid=202101221708-KTAE-FZUS52-SRFTAE,NWS Tallahassee SRFTAE via Iowa Environmental Mesonet archive
2021-01-23T16:37:00+00:00,2021-01-23T10:37:00-06:00,2021-01-23,10:37,Yellow,,Yellow,,Moderate,Around 2 feet.,59.0,East winds 10 to 15 mph.,202101231637-KTAE-FZUS52-SRFTAE,https://mesonet.agron.iastate.edu/p.php?pid=202101231637-KTAE-FZUS52-SRFTAE,NWS Tallahassee SRFTAE via Iowa Environmental Mesonet archive
2021-01-24T16:17:00+00:00,2021-01-24T10:17:00-06:00,2021-01-24,10:17,Yellow,,Yellow,,Low,Around 1 foot.,59.0,Southeast winds 10 to 15 mph.,202101241617-KTAE-FZUS52-SRFTAE,https://mesonet.agron.iastate.edu/p.php?pid=202101241617-KTAE-FZUS52-SRFTAE,NWS Tallahassee SRFTAE via Iowa Environmental Mesonet archive
2021-01-25T15:53:00+00:00,2021-01-25T09:53:00-06:00,2021-01-25,09:53,Single Red,,Yellow,,High,1 to 3 feet.,60.0,Southeast winds around 15 mph.,202101251553-KTAE-FZUS52-SRFTAE,https://mesonet.agron.iastate.edu/p.php?pid=202101251553-KTAE-FZUS52-SRFTAE,NWS Tallahassee SRFTAE via Iowa Environmental Mesonet archive
2021-01-26T16:27:00+00:00,2021-01-26T10:27:00-06:00,2021-01-26,10:27,Single Red,,Double Red,,High,Around 3 feet.,61.0,South winds around 10 mph.,202101261627-KTAE-FZUS52-SRFTAE,https://mesonet.agron.iastate.edu/p.php?pid=202101261627-KTAE-FZUS52-SRFTAE,NWS Tallahassee SRFTAE via Iowa Environmental Mesonet archive
2021-01-27T16:16:00+00:00,2021-01-27T10:16:00-06:00,2021-01-27,10:16,Single Red,,Double Red,,High,Around 4 feet.,61.0,Southwest winds around 15 mph.,202101271616-KTAE-FZUS52-SRFTAE,https://mesonet.agron.iastate.edu/p.php?pid=202101271616-KTAE-FZUS52-SRFTAE,NWS Tallahassee SRFTAE via Iowa Environmental Mesonet archive
2021-01-28T15:10:00+00:00,2021-01-28T09:10:00-06:00,2021-01-28,09:10,Single Red,,Double Red,,High,Around 3 feet.,59.0,North winds around 20 mph.,202101281510-KTAE-FZUS52-SRFTAE,https://mesonet.agron.iastate.edu/p.php?pid=202101281510-KTAE-FZUS52-SRFTAE,NWS Tallahassee SRFTAE via Iowa Environmental Mesonet archive
2021-01-29T16:28:00+00:00,2021-01-29T10:28:00-06:00,2021-01-29,10:28,Yellow,,Yellow,,Moderate,1 foot or less.,58.0,Northeast winds 5 to 10 mph.,202101291628-KTAE-FZUS52-SRFTAE,https://mesonet.agron.iastate.edu/p.php?pid=202101291628-KTAE-FZUS52-SRFTAE,NWS Tallahassee SRFTAE via Iowa Environmental Mesonet archive
2021-01-30T16:12:00+00:00,2021-01-30T10:12:00-06:00,2021-01-30,10:12,Yellow,,Single Red,,High,1 to 2 feet.,58.0,Southeast winds around 15 mph.,202101301612-KTAE-FZUS52-SRFTAE,https://mesonet.agron.iastate.edu/p.php?pid=202101301612-KTAE-FZUS52-SRFTAE,NWS Tallahassee SRFTAE via Iowa Environmental Mesonet archive
2021-01-31T15:38:00+00:00,2021-01-31T09:38:00-06:00,2021-01-31,09:38,Single Red,,Double Red,,High,Around 5 feet.,60.0,Southwest winds around 15 mph.,202101311538-KTAE-FZUS52-SRFTAE,https://mesonet.agron.iastate.edu/p.php?pid=202101311538-KTAE-FZUS52-SRFTAE,NWS Tallahassee SRFTAE via Iowa Environmental Mesonet archive
2021-02-01T17:47:00+00:00,2021-02-01T11:47:00-06:00,2021-02-01,11:47,Single Red,,Double Red,,High,Around 6 feet.,59.0,Breezy. Northwest winds around 25 mph.,202102011747-KTAE-FZUS52-SRFTAE,https://mesonet.agron.iastate.edu/p.php?pid=202102011747-KTAE-FZUS52-SRFTAE,NWS Tallahassee SRFTAE via Iowa Environmental Mesonet archive
2021-02-02T16:51:00+00:00,2021-02-02T10:51:00-06:00,2021-02-02,10:51,Single Red,,Double Red,,High,Around 3 feet.,56.0,Northwest winds around 20 mph.,202102021651-KTAE-FZUS52-SRFTAE,https://mesonet.agron.iastate.edu/p.php?pid=202102021651-KTAE-FZUS52-SRFTAE,NWS Tallahassee SRFTAE via Iowa Environmental Mesonet archive
2021-02-03T17:08:00+00:00,2021-02-03T11:08:00-06:00,2021-02-03,11:08,Yellow,,Single Red,,Moderate,Around 1 foot.,56.0,Northwest winds around 10 mph.,202102031708-KTAE-FZUS52-SRFTAE,https://mesonet.agron.iastate.edu/p.php?pid=202102031708-KTAE-FZUS52-SRFTAE,NWS Tallahassee SRFTAE via Iowa Environmental Mesonet archive
2021-02-04T17:03:00+00:00,2021-02-04T11:03:00-06:00,2021-02-04,11:03,Yellow,,Yellow,,High,1 to 3 feet.,56.0,South winds around 15 mph.,202102041703-KTAE-FZUS52-SRFTAE,https://mesonet.agron.iastate.edu/p.php?pid=202102041703-KTAE-FZUS52-SRFTAE,NWS Tallahassee SRFTAE via Iowa Environmental Mesonet archive
2021-02-05T14:44:00+00:00,2021-02-05T08:44:00-06:00,2021-02-05,08:44,Single Red,,Single Red,,High,Around 3 feet.,59.0,"West winds around 10 mph, becoming",202102051444-KTAE-FZUS52-SRFTAE,https://mesonet.agron.iastate.edu/p.php?pid=202102051444-KTAE-FZUS52-SRFTAE,NWS Tallahassee SRFTAE via Iowa Environmental Mesonet archive
2021-02-06T17:31:00+00:00,2021-02-06T11:31:00-06:00,2021-02-06,11:31,Single Red,,Single Red,,High,Around 2 feet.,58.0,East winds around 15 mph.,202102061731-KTAE-FZUS52-SRFTAE,https://mesonet.agron.iastate.edu/p.php?pid=202102061731-KTAE-FZUS52-SRFTAE,NWS Tallahassee SRFTAE via Iowa Environmental Mesonet archive
2021-02-07T17:04:00+00:00,2021-02-07T11:04:00-06:00,2021-02-07,11:04,Single Red,,Single Red,,Moderate,Around 3 feet.,58.0,North winds 10 to 15 mph.,202102071704-KTAE-FZUS52-SRFTAE,https://mesonet.agron.iastate.edu/p.php?pid=202102071704-KTAE-FZUS52-SRFTAE,NWS Tallahassee SRFTAE via Iowa Environmental Mesonet archive
2021-02-08T18:07:00+00:00,2021-02-08T12:07:00-06:00,2021-02-08,12:07,Yellow,,Single Red,,Moderate,Around 3 feet.,58.0,Southeast winds around 10 mph.,202102081807-KTAE-FZUS52-SRFTAE,https://mesonet.agron.iastate.edu/p.php?pid=202102081807-KTAE-FZUS52-SRFTAE,NWS Tallahassee SRFTAE via Iowa Environmental Mesonet archive
2021-02-09T17:46:00+00:00,2021-02-09T11:46:00-06:00,2021-02-09,11:46,Yellow,,Single Red,,Moderate,Around 2 feet.,58.0,Southeast winds around 5 mph.,202102091746-KTAE-FZUS52-SRFTAE,https://mesonet.agron.iastate.edu/p.php?pid=202102091746-KTAE-FZUS52-SRFTAE,NWS Tallahassee SRFTAE via Iowa Environmental Mesonet archive
2021-02-10T16:22:00+00:00,2021-02-10T10:22:00-06:00,2021-02-10,10:22,Yellow,,Single Red,,Moderate,Around 2 feet.,58.0,Southeast winds around 5 mph.,202102101622-KTAE-FZUS52-SRFTAE,https://mesonet.agron.iastate.edu/p.php?pid=202102101622-KTAE-FZUS52-SRFTAE,NWS Tallahassee SRFTAE via Iowa Environmental Mesonet archive
2021-02-11T16:40:00+00:00,2021-02-11T10:40:00-06:00,2021-02-11,10:40,Yellow,,Yellow,,Moderate,Around 2 feet.,60.0,Southeast winds around 10 mph.,202102111640-KTAE-FZUS52-SRFTAE,https://mesonet.agron.iastate.edu/p.php?pid=202102111640-KTAE-FZUS52-SRFTAE,NWS Tallahassee SRFTAE via Iowa Environmental Mesonet archive
2021-02-12T15:18:00+00:00,2021-02-12T09:18:00-06:00,2021-02-12,09:18,Yellow,,Yellow,,Moderate,Around 2 feet.,60.0,Northeast winds around 5 mph.,202102121518-KTAE-FZUS52-SRFTAE,https://mesonet.agron.iastate.edu/p.php?pid=202102121518-KTAE-FZUS52-SRFTAE,NWS Tallahassee SRFTAE via Iowa Environmental Mesonet archive
2021-02-13T16:13:00+00:00,2021-02-13T10:13:00-06:00,2021-02-13,10:13,Yellow,,Yellow,,Moderate,Around 2 feet.,59.0,"Southeast winds around 15 mph, becoming",202102131613-KTAE-FZUS52-SRFTAE,https://mesonet.agron.iastate.edu/p.php?pid=202102131613-KTAE-FZUS52-SRFTAE,NWS Tallahassee SRFTAE via Iowa Environmental Mesonet archive
2021-02-14T16:27:00+00:00,2021-02-14T10:27:00-06:00,2021-02-14,10:27,Yellow,,Yellow,,Moderate,Around 3 feet.,59.0,Northeast winds around 15 mph.,202102141627-KTAE-FZUS52-SRFTAE,https://mesonet.agron.iastate.edu/p.php?pid=202102141627-KTAE-FZUS52-SRFTAE,NWS Tallahassee SRFTAE via Iowa Environmental Mesonet archive
2021-02-15T17:01:00+00:00,2021-02-15T11:01:00-06:00,2021-02-15,11:01,Yellow,,Single Red,,High,3 to 4 feet.,59.0,Southeast winds 15 to 20 mph.,202102151701-KTAE-FZUS52-SRFTAE,https://mesonet.agron.iastate.edu/p.php?pid=202102151701-KTAE-FZUS52-SRFTAE,NWS Tallahassee SRFTAE via Iowa Environmental Mesonet archive
2021-02-16T16:42:00+00:00,2021-02-16T10:42:00-06:00,2021-02-16,10:42,Single Red,,Single Red,,High,Around 5 feet.,58.0,Northwest winds 10 to 15 mph.,202102161642-KTAE-FZUS52-SRFTAE,https://mesonet.agron.iastate.edu/p.php?pid=202102161642-KTAE-FZUS52-SRFTAE,NWS Tallahassee SRFTAE via Iowa Environmental Mesonet archive
2021-02-17T16:52:00+00:00,2021-02-17T10:52:00-06:00,2021-02-17,10:52,Single Red,,Single Red,,High,Around 2 feet.,57.0,East winds around 15 mph.,202102171652-KTAE-FZUS52-SRFTAE,https://mesonet.agron.iastate.edu/p.php?pid=202102171652-KTAE-FZUS52-SRFTAE,NWS Tallahassee SRFTAE via Iowa Environmental Mesonet archive
2021-02-18T16:25:00+00:00,2021-02-18T10:25:00-06:00,2021-02-18,10:25,Single Red,,Single Red,,High,Around 4 feet.,59.0,Southwest winds around 15 mph.,202102181625-KTAE-FZUS52-SRFTAE,https://mesonet.agron.iastate.edu/p.php?pid=202102181625-KTAE-FZUS52-SRFTAE,NWS Tallahassee SRFTAE via Iowa Environmental Mesonet archive
2021-02-19T16:18:00+00:00,2021-02-19T10:18:00-06:00,2021-02-19,10:18,Single Red,,Single Red,,High,Around 5 feet.,58.0,North winds around 20 mph.,202102191618-KTAE-FZUS52-SRFTAE,https://mesonet.agron.iastate.edu/p.php?pid=202102191618-KTAE-FZUS52-SRFTAE,NWS Tallahassee SRFTAE via Iowa Environmental Mesonet archive
2021-02-20T15:46:00+00:00,2021-02-20T09:46:00-06:00,2021-02-20,09:46,Single Red,,Single Red,,High,Around 2 feet.,57.0,Northeast winds 10 to 15 mph.,202102201546-KTAE-FZUS52-SRFTAE,https://mesonet.agron.iastate.edu/p.php?pid=202102201546-KTAE-FZUS52-SRFTAE,NWS Tallahassee SRFTAE via Iowa Environmental Mesonet archive
2021-02-21T15:22:00+00:00,2021-02-21T09:22:00-06:00,2021-02-21,09:22,Yellow,,Yellow,,Moderate,Around 2 feet.,58.0,East winds around 15 mph.,202102211522-KTAE-FZUS52-SRFTAE,https://mesonet.agron.iastate.edu/p.php?pid=202102211522-KTAE-FZUS52-SRFTAE,NWS Tallahassee SRFTAE via Iowa Environmental Mesonet archive
2021-02-22T16:15:00+00:00,2021-02-22T10:15:00-06:00,2021-02-22,10:15,Yellow,,Single Red,,Moderate,1 to 2 feet.,59.0,"South winds around 5 mph, becoming west",202102221615-KTAE-FZUS52-SRFTAE,https://mesonet.agron.iastate.edu/p.php?pid=202102221615-KTAE-FZUS52-SRFTAE,NWS Tallahassee SRFTAE via Iowa Environmental Mesonet archive
2021-02-23T16:21:00+00:00,2021-02-23T10:21:00-06:00,2021-02-23,10:21,Yellow,,Yellow,,Moderate,Around 2 feet.,59.0,"North winds around 5 mph, becoming west",202102231621-KTAE-FZUS52-SRFTAE,https://mesonet.agron.iastate.edu/p.php?pid=202102231621-KTAE-FZUS52-SRFTAE,NWS Tallahassee SRFTAE via Iowa Environmental Mesonet archive
2021-02-24T19:14:00+00:00,2021-02-24T13:14:00-06:00,2021-02-24,13:14,Yellow,,Yellow,,Moderate,Around 1 foot.,61.0,South winds around 10 mph.,202102241914-KTAE-FZUS52-SRFTAE,https://mesonet.agron.iastate.edu/p.php?pid=202102241914-KTAE-FZUS52-SRFTAE,NWS Tallahassee SRFTAE via Iowa Environmental Mesonet archive
2021-02-26T16:49:00+00:00,2021-02-26T10:49:00-06:00,2021-02-26,10:49,Yellow,,Yellow,,Moderate,Around 1 foot.,63.0,Southeast winds around 10 mph.,202102261649-KTAE-FZUS52-SRFTAE,https://mesonet.agron.iastate.edu/p.php?pid=202102261649-KTAE-FZUS52-SRFTAE,NWS Tallahassee SRFTAE via Iowa Environmental Mesonet archive
2021-02-27T15:49:00+00:00,2021-02-27T09:49:00-06:00,2021-02-27,09:49,Yellow,,Yellow,,Low,Around 2 feet.,66.0,Southeast winds around 10 mph.,202102271549-KTAE-FZUS52-SRFTAE,https://mesonet.agron.iastate.edu/p.php?pid=202102271549-KTAE-FZUS52-SRFTAE,NWS Tallahassee SRFTAE via Iowa Environmental Mesonet archive
2021-02-28T16:23:00+00:00,2021-02-28T10:23:00-06:00,2021-02-28,10:23,Yellow,,Yellow,,High,Around 3 feet.,66.0,Southeast winds around 15 mph.,202102281623-KTAE-FZUS52-SRFTAE,https://mesonet.agron.iastate.edu/p.php?pid=202102281623-KTAE-FZUS52-SRFTAE,NWS Tallahassee SRFTAE via Iowa Environmental Mesonet archive
2021-03-01T17:03:00+00:00,2021-03-01T11:03:00-06:00,2021-03-01,11:03,Single Red,,Yellow,,High,Around 3 feet.,67.0,South winds 5 to 10 mph.,202103011703-KTAE-FZUS52-SRFTAE,https://mesonet.agron.iastate.edu/p.php?pid=202103011703-KTAE-FZUS52-SRFTAE,NWS Tallahassee SRFTAE via Iowa Environmental Mesonet archive
2021-03-02T19:06:00+00:00,2021-03-02T13:06:00-06:00,2021-03-02,13:06,Yellow,,Yellow,,High,Around 3 feet.,64.0,East winds around 20 mph.,202103021906-KTAE-FZUS52-SRFTAE,https://mesonet.agron.iastate.edu/p.php?pid=202103021906-KTAE-FZUS52-SRFTAE,NWS Tallahassee SRFTAE via Iowa Environmental Mesonet archive
2021-03-03T17:06:00+00:00,2021-03-03T11:06:00-06:00,2021-03-03,11:06,Yellow,,Double Red,,Moderate,Around 2 feet.,63.0,North winds around 15 mph.,202103031706-KTAE-FZUS52-SRFTAE,https://mesonet.agron.iastate.edu/p.php?pid=202103031706-KTAE-FZUS52-SRFTAE,NWS Tallahassee SRFTAE via Iowa Environmental Mesonet archive
2021-03-04T16:26:00+00:00,2021-03-04T10:26:00-06:00,2021-03-04,10:26,Yellow,,Single Red,,Moderate,Around 1 foot.,61.0,North winds around 10 mph.,202103041626-KTAE-FZUS52-SRFTAE,https://mesonet.agron.iastate.edu/p.php?pid=202103041626-KTAE-FZUS52-SRFTAE,NWS Tallahassee SRFTAE via Iowa Environmental Mesonet archive
2021-03-05T16:37:00+00:00,2021-03-05T10:37:00-06:00,2021-03-05,10:37,Yellow,,Green,,Low,Around 1 foot.,61.0,"East winds around 15 mph, becoming",202103051637-KTAE-FZUS52-SRFTAE,https://mesonet.agron.iastate.edu/p.php?pid=202103051637-KTAE-FZUS52-SRFTAE,NWS Tallahassee SRFTAE via Iowa Environmental Mesonet archive
2021-03-06T16:36:00+00:00,2021-03-06T10:36:00-06:00,2021-03-06,10:36,Yellow,,Yellow,,Low,1 foot or less.,61.0,Northeast winds around 15 mph.,202103061636-KTAE-FZUS52-SRFTAE,https://mesonet.agron.iastate.edu/p.php?pid=202103061636-KTAE-FZUS52-SRFTAE,NWS Tallahassee SRFTAE via Iowa Environmental Mesonet archive
2021-03-07T18:00:00+00:00,2021-03-07T12:00:00-06:00,2021-03-07,12:00,Yellow,,Yellow,,Low,Around 1 foot.,61.0,Northeast winds around 10 mph.,202103071800-KTAE-FZUS52-SRFTAE,https://mesonet.agron.iastate.edu/p.php?pid=202103071800-KTAE-FZUS52-SRFTAE,NWS Tallahassee SRFTAE via Iowa Environmental Mesonet archive
2021-03-08T17:47:00+00:00,2021-03-08T11:47:00-06:00,2021-03-08,11:47,Yellow,,Green,,Low,Around 1 foot.,62.0,Southeast winds around 10 mph.,202103081747-KTAE-FZUS52-SRFTAE,https://mesonet.agron.iastate.edu/p.php?pid=202103081747-KTAE-FZUS52-SRFTAE,NWS Tallahassee SRFTAE via Iowa Environmental Mesonet archive
2021-03-09T16:37:00+00:00,2021-03-09T10:37:00-06:00,2021-03-09,10:37,Yellow,,Green,,Low,Around 1 foot.,62.0,Southeast winds around 10 mph.,202103091637-KTAE-FZUS52-SRFTAE,https://mesonet.agron.iastate.edu/p.php?pid=202103091637-KTAE-FZUS52-SRFTAE,NWS Tallahassee SRFTAE via Iowa Environmental Mesonet archive
2021-03-10T16:40:00+00:00,2021-03-10T10:40:00-06:00,2021-03-10,10:40,Yellow,,Single Red,,High,2 to 3 feet.,63.0,Southeast winds around 15 mph.,202103101640-KTAE-FZUS52-SRFTAE,https://mesonet.agron.iastate.edu/p.php?pid=202103101640-KTAE-FZUS52-SRFTAE,NWS Tallahassee SRFTAE via Iowa Environmental Mesonet archive
2021-03-11T16:58:00+00:00,2021-03-11T10:58:00-06:00,2021-03-11,10:58,Yellow,,Single Red,,High,Around 3 feet.,64.0,Southeast winds around 15 mph.,202103111658-KTAE-FZUS52-SRFTAE,https://mesonet.agron.iastate.edu/p.php?pid=202103111658-KTAE-FZUS52-SRFTAE,NWS Tallahassee SRFTAE via Iowa Environmental Mesonet archive
2021-03-12T17:03:00+00:00,2021-03-12T11:03:00-06:00,2021-03-12,11:03,Single Red,,Single Red,,High,Around 2 feet.,64.0,Southeast winds 5 to 10 mph.,202103121703-KTAE-FZUS52-SRFTAE,https://mesonet.agron.iastate.edu/p.php?pid=202103121703-KTAE-FZUS52-SRFTAE,NWS Tallahassee SRFTAE via Iowa Environmental Mesonet archive
2021-03-13T16:43:00+00:00,2021-03-13T10:43:00-06:00,2021-03-13,10:43,Yellow,,Yellow,,Moderate,Around 2 feet.,64.0,"Southeast winds around 5 mph, becoming",202103131643-KTAE-FZUS52-SRFTAE,https://mesonet.agron.iastate.edu/p.php?pid=202103131643-KTAE-FZUS52-SRFTAE,NWS Tallahassee SRFTAE via Iowa Environmental Mesonet archive
2021-03-14T15:13:00+00:00,2021-03-14T10:13:00-05:00,2021-03-14,10:13,Yellow,,Yellow,,Moderate,Around 1 foot.,65.0,Southeast winds 5 to 10 mph.,202103141513-KTAE-FZUS52-SRFTAE,https://mesonet.agron.iastate.edu/p.php?pid=202103141513-KTAE-FZUS52-SRFTAE,NWS Tallahassee SRFTAE via Iowa Environmental Mesonet archive
2021-03-15T14:19:00+00:00,2021-03-15T09:19:00-05:00,2021-03-15,09:19,Single Red,,Single Red,,High,Around 2 feet.,66.0,Southeast winds 10 to 15 mph.,202103151419-KTAE-FZUS52-SRFTAE,https://mesonet.agron.iastate.edu/p.php?pid=202103151419-KTAE-FZUS52-SRFTAE,NWS Tallahassee SRFTAE via Iowa Environmental Mesonet archive
2021-03-16T15:21:00+00:00,2021-03-16T10:21:00-05:00,2021-03-16,10:21,Single Red,,Single Red,,High,2 to 3 feet.,69.0,South winds around 15 mph.,202103161521-KTAE-FZUS52-SRFTAE,https://mesonet.agron.iastate.edu/p.php?pid=202103161521-KTAE-FZUS52-SRFTAE,NWS Tallahassee SRFTAE via Iowa Environmental Mesonet archive
2021-03-18T16:00:00+00:00,2021-03-18T11:00:00-05:00,2021-03-18,11:00,Double Red,,Double Red,,High,Around 6 feet.,71.0,Breezy. West winds 20 to 25 mph.,202103181600-KTAE-FZUS52-SRFTAE,https://mesonet.agron.iastate.edu/p.php?pid=202103181600-KTAE-FZUS52-SRFTAE,NWS Tallahassee SRFTAE via Iowa Environmental Mesonet archive
2021-03-19T15:15:00+00:00,2021-03-19T10:15:00-05:00,2021-03-19,10:15,Double Red,,Double Red,,High,Around 4 feet.,66.0,Northwest winds around 15 mph.,202103191515-KTAE-FZUS52-SRFTAE,https://mesonet.agron.iastate.edu/p.php?pid=202103191515-KTAE-FZUS52-SRFTAE,NWS Tallahassee SRFTAE via Iowa Environmental Mesonet archive
2021-03-20T16:07:00+00:00,2021-03-20T11:07:00-05:00,2021-03-20,11:07,Yellow,,Yellow,,Moderate,Around 2 feet.,67.0,Northeast winds around 15 mph.,202103201607-KTAE-FZUS52-SRFTAE,https://mesonet.agron.iastate.edu/p.php?pid=202103201607-KTAE-FZUS52-SRFTAE,NWS Tallahassee SRFTAE via Iowa Environmental Mesonet archive
2021-03-21T15:59:00+00:00,2021-03-21T10:59:00-05:00,2021-03-21,10:59,Yellow,,Yellow,,Moderate,1 to 2 feet.,66.0,Northeast winds around 15 mph.,202103211559-KTAE-FZUS52-SRFTAE,https://mesonet.agron.iastate.edu/p.php?pid=202103211559-KTAE-FZUS52-SRFTAE,NWS Tallahassee SRFTAE via Iowa Environmental Mesonet archive
2021-03-22T15:27:00+00:00,2021-03-22T10:27:00-05:00,2021-03-22,10:27,Yellow,,Yellow,,Moderate,1 foot or less.,66.0,Northeast winds 10 to 15 mph.,202103221527-KTAE-FZUS52-SRFTAE,https://mesonet.agron.iastate.edu/p.php?pid=202103221527-KTAE-FZUS52-SRFTAE,NWS Tallahassee SRFTAE via Iowa Environmental Mesonet archive
2021-03-23T16:12:00+00:00,2021-03-23T11:12:00-05:00,2021-03-23,11:12,Single Red,,Yellow,,Moderate,Around 1 foot.,66.0,Southeast winds around 15 mph.,202103231612-KTAE-FZUS52-SRFTAE,https://mesonet.agron.iastate.edu/p.php?pid=202103231612-KTAE-FZUS52-SRFTAE,NWS Tallahassee SRFTAE via Iowa Environmental Mesonet archive
2021-03-24T17:03:00+00:00,2021-03-24T12:03:00-05:00,2021-03-24,12:03,Single Red,,Yellow,,Moderate,Around 3 feet.,67.0,Southeast winds around 15 mph.,202103241703-KTAE-FZUS52-SRFTAE,https://mesonet.agron.iastate.edu/p.php?pid=202103241703-KTAE-FZUS52-SRFTAE,NWS Tallahassee SRFTAE via Iowa Environmental Mesonet archive
2021-03-25T15:59:00+00:00,2021-03-25T10:59:00-05:00,2021-03-25,10:59,Double Red,,Double Red,,High,Around 6 feet.,67.0,Southeast winds around 20 mph.,202103251559-KTAE-FZUS52-SRFTAE,https://mesonet.agron.iastate.edu/p.php?pid=202103251559-KTAE-FZUS52-SRFTAE,NWS Tallahassee SRFTAE via Iowa Environmental Mesonet archive
2021-03-26T13:58:00+00:00,2021-03-26T08:58:00-05:00,2021-03-26,08:58,Double Red,,Double Red,,High,Around 5 feet.,68.0,South winds around 15 mph.,202103261358-KTAE-FZUS52-SRFTAE,https://mesonet.agron.iastate.edu/p.php?pid=202103261358-KTAE-FZUS52-SRFTAE,NWS Tallahassee SRFTAE via Iowa Environmental Mesonet archive
2021-03-27T15:07:00+00:00,2021-03-27T10:07:00-05:00,2021-03-27,10:07,Double Red,,Double Red,,High,Around 3 feet.,69.0,Southeast winds around 15 mph.,202103271507-KTAE-FZUS52-SRFTAE,https://mesonet.agron.iastate.edu/p.php?pid=202103271507-KTAE-FZUS52-SRFTAE,NWS Tallahassee SRFTAE via Iowa Environmental Mesonet archive
2021-03-28T15:47:00+00:00,2021-03-28T10:47:00-05:00,2021-03-28,10:47,Double Red,,Double Red,,High,Around 3 feet.,71.0,South winds around 10 mph.,202103281547-KTAE-FZUS52-SRFTAE,https://mesonet.agron.iastate.edu/p.php?pid=202103281547-KTAE-FZUS52-SRFTAE,NWS Tallahassee SRFTAE via Iowa Environmental Mesonet archive
2021-03-29T15:51:00+00:00,2021-03-29T10:51:00-05:00,2021-03-29,10:51,Single Red,,Single Red,,Moderate,Around 3 feet.,68.0,Northeast winds 10 to 15 mph.,202103291551-KTAE-FZUS52-SRFTAE,https://mesonet.agron.iastate.edu/p.php?pid=202103291551-KTAE-FZUS52-SRFTAE,NWS Tallahassee SRFTAE via Iowa Environmental Mesonet archive
2021-03-30T18:55:00+00:00,2021-03-30T13:55:00-05:00,2021-03-30,13:55,Yellow,,Yellow,,Low,Around 2 feet.,70.0,Southeast winds around 10 mph.,202103301855-KTAE-FZUS52-SRFTAE,https://mesonet.agron.iastate.edu/p.php?pid=202103301855-KTAE-FZUS52-SRFTAE,NWS Tallahassee SRFTAE via Iowa Environmental Mesonet archive
2021-03-31T14:38:00+00:00,2021-03-31T09:38:00-05:00,2021-03-31,09:38,Yellow,,Yellow,,Moderate,Around 2 feet.,70.0,South winds around 10 mph.,202103311438-KTAE-FZUS52-SRFTAE,https://mesonet.agron.iastate.edu/p.php?pid=202103311438-KTAE-FZUS52-SRFTAE,NWS Tallahassee SRFTAE via Iowa Environmental Mesonet archive
2021-04-01T16:28:00+00:00,2021-04-01T11:28:00-05:00,2021-04-01,11:28,Yellow,,Double Red,,Moderate,Around 3 feet.,69.0,Breezy. North winds around 25 mph.,202104011628-KTAE-FZUS52-SRFTAE,https://mesonet.agron.iastate.edu/p.php?pid=202104011628-KTAE-FZUS52-SRFTAE,NWS Tallahassee SRFTAE via Iowa Environmental Mesonet archive
2021-04-02T16:14:00+00:00,2021-04-02T11:14:00-05:00,2021-04-02,11:14,Yellow,,Yellow,,Moderate,Around 1 foot.,66.0,Northeast winds around 15 mph.,202104021614-KTAE-FZUS52-SRFTAE,https://mesonet.agron.iastate.edu/p.php?pid=202104021614-KTAE-FZUS52-SRFTAE,NWS Tallahassee SRFTAE via Iowa Environmental Mesonet archive
2021-04-04T14:37:00+00:00,2021-04-04T09:37:00-05:00,2021-04-04,09:37,Yellow,,Yellow,,Moderate,Around 1 foot.,65.0,"East winds around 10 mph, becoming",202104041437-KTAE-FZUS52-SRFTAE,https://mesonet.agron.iastate.edu/p.php?pid=202104041437-KTAE-FZUS52-SRFTAE,NWS Tallahassee SRFTAE via Iowa Environmental Mesonet archive
2021-04-05T14:46:00+00:00,2021-04-05T09:46:00-05:00,2021-04-05,09:46,Yellow,,Yellow,,Moderate,Around 1 foot.,66.0,"Northeast winds around 5 mph, becoming",202104051446-KTAE-FZUS52-SRFTAE,https://mesonet.agron.iastate.edu/p.php?pid=202104051446-KTAE-FZUS52-SRFTAE,NWS Tallahassee SRFTAE via Iowa Environmental Mesonet archive
2021-04-06T14:59:00+00:00,2021-04-06T09:59:00-05:00,2021-04-06,09:59,Yellow,,Yellow,,Moderate,Around 1 foot.,68.0,"East winds around 5 mph, becoming south",202104061459-KTAE-FZUS52-SRFTAE,https://mesonet.agron.iastate.edu/p.php?pid=202104061459-KTAE-FZUS52-SRFTAE,NWS Tallahassee SRFTAE via Iowa Environmental Mesonet archive
2021-04-07T14:23:00+00:00,2021-04-07T09:23:00-05:00,2021-04-07,09:23,Yellow,,Yellow,,Moderate,1 to 2 feet.,69.0,Southeast winds around 10 mph.,202104071423-KTAE-FZUS52-SRFTAE,https://mesonet.agron.iastate.edu/p.php?pid=202104071423-KTAE-FZUS52-SRFTAE,NWS Tallahassee SRFTAE via Iowa Environmental Mesonet archive
2021-04-08T14:37:00+00:00,2021-04-08T09:37:00-05:00,2021-04-08,09:37,Single Red,,Single Red,,High,Around 3 feet.,69.0,South winds around 15 mph.,202104081437-KTAE-FZUS52-SRFTAE,https://mesonet.agron.iastate.edu/p.php?pid=202104081437-KTAE-FZUS52-SRFTAE,NWS Tallahassee SRFTAE via Iowa Environmental Mesonet archive
2021-04-09T15:02:00+00:00,2021-04-09T10:02:00-05:00,2021-04-09,10:02,Double Red,,Double Red,,High,Around 3 feet.,69.0,South winds 10 to 15 mph.,202104091502-KTAE-FZUS52-SRFTAE,https://mesonet.agron.iastate.edu/p.php?pid=202104091502-KTAE-FZUS52-SRFTAE,NWS Tallahassee SRFTAE via Iowa Environmental Mesonet archive
2021-04-10T16:49:00+00:00,2021-04-10T11:49:00-05:00,2021-04-10,11:49,Double Red,,Double Red,,High,Around 6 feet.,68.0,Southwest winds around 20 mph.,202104101649-KTAE-FZUS52-SRFTAE,https://mesonet.agron.iastate.edu/p.php?pid=202104101649-KTAE-FZUS52-SRFTAE,NWS Tallahassee SRFTAE via Iowa Environmental Mesonet archive
2021-04-11T16:44:00+00:00,2021-04-11T11:44:00-05:00,2021-04-11,11:44,Single Red,,Double Red,,High,Around 3 feet.,68.0,Southwest winds around 10 mph.,202104111644-KTAE-FZUS52-SRFTAE,https://mesonet.agron.iastate.edu/p.php?pid=202104111644-KTAE-FZUS52-SRFTAE,NWS Tallahassee SRFTAE via Iowa Environmental Mesonet archive
2021-04-12T15:48:00+00:00,2021-04-12T10:48:00-05:00,2021-04-12,10:48,Single Red,,Single Red,,High,Around 3 feet.,68.0,"Northeast winds around 10 mph, becoming",202104121548-KTAE-FZUS52-SRFTAE,https://mesonet.agron.iastate.edu/p.php?pid=202104121548-KTAE-FZUS52-SRFTAE,NWS Tallahassee SRFTAE via Iowa Environmental Mesonet archive
2021-04-13T15:48:00+00:00,2021-04-13T10:48:00-05:00,2021-04-13,10:48,Single Red,,Yellow,,High,Around 2 feet.,69.0,"East winds around 5 mph, becoming south",202104131548-KTAE-FZUS52-SRFTAE,https://mesonet.agron.iastate.edu/p.php?pid=202104131548-KTAE-FZUS52-SRFTAE,NWS Tallahassee SRFTAE via Iowa Environmental Mesonet archive
2021-04-14T16:17:00+00:00,2021-04-14T11:17:00-05:00,2021-04-14,11:17,Single Red,,Yellow,,High,2 to 3 feet.,71.0,Southeast winds 10 to 15 mph.,202104141617-KTAE-FZUS52-SRFTAE,https://mesonet.agron.iastate.edu/p.php?pid=202104141617-KTAE-FZUS52-SRFTAE,NWS Tallahassee SRFTAE via Iowa Environmental Mesonet archive
2021-04-15T18:54:00+00:00,2021-04-15T13:54:00-05:00,2021-04-15,13:54,Double Red,,Single Red,,High,Around 3 feet.,71.0,West winds around 10 mph.,202104151854-KTAE-FZUS52-SRFTAE,https://mesonet.agron.iastate.edu/p.php?pid=202104151854-KTAE-FZUS52-SRFTAE,NWS Tallahassee SRFTAE via Iowa Environmental Mesonet archive
2021-04-16T16:08:00+00:00,2021-04-16T11:08:00-05:00,2021-04-16,11:08,Single Red,,Single Red,,High,Around 2 feet.,71.0,East winds 10 to 15 mph.,202104161608-KTAE-FZUS52-SRFTAE,https://mesonet.agron.iastate.edu/p.php?pid=202104161608-KTAE-FZUS52-SRFTAE,NWS Tallahassee SRFTAE via Iowa Environmental Mesonet archive
2021-04-17T16:11:00+00:00,2021-04-17T11:11:00-05:00,2021-04-17,11:11,Yellow,,Single Red,,High,Around 2 feet.,69.0,Southeast winds around 5 mph.,202104171611-KTAE-FZUS52-SRFTAE,https://mesonet.agron.iastate.edu/p.php?pid=202104171611-KTAE-FZUS52-SRFTAE,NWS Tallahassee SRFTAE via Iowa Environmental Mesonet archive
2021-04-18T16:26:00+00:00,2021-04-18T11:26:00-05:00,2021-04-18,11:26,Yellow,,Yellow,,Low,Around 2 feet.,70.0,Northwest winds around 5 mph.,202104181626-KTAE-FZUS52-SRFTAE,https://mesonet.agron.iastate.edu/p.php?pid=202104181626-KTAE-FZUS52-SRFTAE,NWS Tallahassee SRFTAE via Iowa Environmental Mesonet archive
2021-04-19T16:22:00+00:00,2021-04-19T11:22:00-05:00,2021-04-19,11:22,Yellow,,Single Red,,Moderate,Around 2 feet.,69.0,Northwest winds around 10 mph.,202104191622-KTAE-FZUS52-SRFTAE,https://mesonet.agron.iastate.edu/p.php?pid=202104191622-KTAE-FZUS52-SRFTAE,NWS Tallahassee SRFTAE via Iowa Environmental Mesonet archive
2021-04-20T15:12:00+00:00,2021-04-20T10:12:00-05:00,2021-04-20,10:12,Yellow,,Yellow,,Moderate,Around 2 feet.,68.0,"Northeast winds around 5 mph, becoming",202104201512-KTAE-FZUS52-SRFTAE,https://mesonet.agron.iastate.edu/p.php?pid=202104201512-KTAE-FZUS52-SRFTAE,NWS Tallahassee SRFTAE via Iowa Environmental Mesonet archive
2021-04-21T15:21:00+00:00,2021-04-21T10:21:00-05:00,2021-04-21,10:21,Yellow,,Single Red,,Moderate,2 to 3 feet.,69.0,Northwest winds around 15 mph.,202104211521-KTAE-FZUS52-SRFTAE,https://mesonet.agron.iastate.edu/p.php?pid=202104211521-KTAE-FZUS52-SRFTAE,NWS Tallahassee SRFTAE via Iowa Environmental Mesonet archive
2021-04-22T15:36:00+00:00,2021-04-22T10:36:00-05:00,2021-04-22,10:36,Yellow,,Yellow,,Moderate,1 to 2 feet.,67.0,Northeast winds 10 to 15 mph.,202104221536-KTAE-FZUS52-SRFTAE,https://mesonet.agron.iastate.edu/p.php?pid=202104221536-KTAE-FZUS52-SRFTAE,NWS Tallahassee SRFTAE via Iowa Environmental Mesonet archive
2021-04-23T14:42:00+00:00,2021-04-23T09:42:00-05:00,2021-04-23,09:42,Single Red,,Yellow,,High,1 to 2 feet.,67.0,Southeast winds around 15 mph.,202104231442-KTAE-FZUS52-SRFTAE,https://mesonet.agron.iastate.edu/p.php?pid=202104231442-KTAE-FZUS52-SRFTAE,NWS Tallahassee SRFTAE via Iowa Environmental Mesonet archive
2021-04-24T14:02:00+00:00,2021-04-24T09:02:00-05:00,2021-04-24,09:02,Double Red,,Single Red,,High,4 to 5 feet.,68.0,Breezy. South winds around 25 mph.,202104241402-KTAE-FZUS52-SRFTAE,https://mesonet.agron.iastate.edu/p.php?pid=202104241402-KTAE-FZUS52-SRFTAE,NWS Tallahassee SRFTAE via Iowa Environmental Mesonet archive
2021-04-25T14:49:00+00:00,2021-04-25T09:49:00-05:00,2021-04-25,09:49,Double Red,,Double Red,,High,Around 4 feet.,69.0,North winds 10 to 15 mph.,202104251449-KTAE-FZUS52-SRFTAE,https://mesonet.agron.iastate.edu/p.php?pid=202104251449-KTAE-FZUS52-SRFTAE,NWS Tallahassee SRFTAE via Iowa Environmental Mesonet archive
2021-04-26T15:02:00+00:00,2021-04-26T10:02:00-05:00,2021-04-26,10:02,Single Red,,Yellow,,High,Around 2 feet.,69.0,"East winds around 10 mph, becoming",202104261502-KTAE-FZUS52-SRFTAE,https://mesonet.agron.iastate.edu/p.php?pid=202104261502-KTAE-FZUS52-SRFTAE,NWS Tallahassee SRFTAE via Iowa Environmental Mesonet archive
2021-04-27T16:07:00+00:00,2021-04-27T11:07:00-05:00,2021-04-27,11:07,Single Red,,Yellow,,High,2 to 3 feet.,71.0,Southeast winds around 15 mph.,202104271607-KTAE-FZUS52-SRFTAE,https://mesonet.agron.iastate.edu/p.php?pid=202104271607-KTAE-FZUS52-SRFTAE,NWS Tallahassee SRFTAE via Iowa Environmental Mesonet archive
2021-04-28T16:43:00+00:00,2021-04-28T11:43:00-05:00,2021-04-28,11:43,Yellow,,Yellow,,Moderate,Around 2 feet.,72.0,Southeast winds around 10 mph.,202104281643-KTAE-FZUS52-SRFTAE,https://mesonet.agron.iastate.edu/p.php?pid=202104281643-KTAE-FZUS52-SRFTAE,NWS Tallahassee SRFTAE via Iowa Environmental Mesonet archive
2021-04-29T16:17:00+00:00,2021-04-29T11:17:00-05:00,2021-04-29,11:17,Yellow,,Yellow,,Moderate,Around 2 feet.,73.0,South winds around 10 mph.,202104291617-KTAE-FZUS52-SRFTAE,https://mesonet.agron.iastate.edu/p.php?pid=202104291617-KTAE-FZUS52-SRFTAE,NWS Tallahassee SRFTAE via Iowa Environmental Mesonet archive
2021-04-30T14:56:00+00:00,2021-04-30T09:56:00-05:00,2021-04-30,09:56,Yellow,,Yellow,,Moderate,Around 2 feet.,73.0,West winds 5 to 10 mph.,202104301456-KTAE-FZUS52-SRFTAE,https://mesonet.agron.iastate.edu/p.php?pid=202104301456-KTAE-FZUS52-SRFTAE,NWS Tallahassee SRFTAE via Iowa Environmental Mesonet archive
2021-05-01T16:22:00+00:00,2021-05-01T11:22:00-05:00,2021-05-01,11:22,Yellow,,Single Red,,Moderate,Around 2 feet.,72.0,South winds around 10 mph.,202105011622-KTAE-FZUS52-SRFTAE,https://mesonet.agron.iastate.edu/p.php?pid=202105011622-KTAE-FZUS52-SRFTAE,NWS Tallahassee SRFTAE via Iowa Environmental Mesonet archive
2021-05-02T16:27:00+00:00,2021-05-02T11:27:00-05:00,2021-05-02,11:27,Yellow,,Yellow,,Moderate,Around 2 feet.,73.0,South winds around 15 mph.,202105021627-KTAE-FZUS52-SRFTAE,https://mesonet.agron.iastate.edu/p.php?pid=202105021627-KTAE-FZUS52-SRFTAE,NWS Tallahassee SRFTAE via Iowa Environmental Mesonet archive
2021-05-03T15:10:00+00:00,2021-05-03T10:10:00-05:00,2021-05-03,10:10,Double Red,,Single Red,,High,3 to 4 feet.,75.0,South winds around 15 mph.,202105031510-KTAE-FZUS52-SRFTAE,https://mesonet.agron.iastate.edu/p.php?pid=202105031510-KTAE-FZUS52-SRFTAE,NWS Tallahassee SRFTAE via Iowa Environmental Mesonet archive
2021-05-04T15:50:00+00:00,2021-05-04T10:50:00-05:00,2021-05-04,10:50,Double Red,,Double Red,,High,Around 4 feet.,76.0,South winds around 15 mph.,202105041550-KTAE-FZUS52-SRFTAE,https://mesonet.agron.iastate.edu/p.php?pid=202105041550-KTAE-FZUS52-SRFTAE,NWS Tallahassee SRFTAE via Iowa Environmental Mesonet archive
2021-05-05T15:36:00+00:00,2021-05-05T10:36:00-05:00,2021-05-05,10:36,Double Red,,Single Red,,High,Around 4 feet.,76.0,Southwest winds around 10 mph.,202105051536-KTAE-FZUS52-SRFTAE,https://mesonet.agron.iastate.edu/p.php?pid=202105051536-KTAE-FZUS52-SRFTAE,NWS Tallahassee SRFTAE via Iowa Environmental Mesonet archive
2021-05-06T16:11:00+00:00,2021-05-06T11:11:00-05:00,2021-05-06,11:11,Single Red,,Single Red,,High,Around 3 feet.,76.0,Northwest winds around 10 mph.,202105061611-KTAE-FZUS52-SRFTAE,https://mesonet.agron.iastate.edu/p.php?pid=202105061611-KTAE-FZUS52-SRFTAE,NWS Tallahassee SRFTAE via Iowa Environmental Mesonet archive
2021-05-07T15:54:00+00:00,2021-05-07T10:54:00-05:00,2021-05-07,10:54,Yellow,,Yellow,,Moderate,Around 2 feet.,74.0,Northwest winds around 15 mph.,202105071554-KTAE-FZUS52-SRFTAE,https://mesonet.agron.iastate.edu/p.php?pid=202105071554-KTAE-FZUS52-SRFTAE,NWS Tallahassee SRFTAE via Iowa Environmental Mesonet archive
2021-05-08T15:52:00+00:00,2021-05-08T10:52:00-05:00,2021-05-08,10:52,Yellow,,Yellow,,Moderate,Around 1 foot.,73.0,"East winds around 10 mph, becoming",202105081552-KTAE-FZUS52-SRFTAE,https://mesonet.agron.iastate.edu/p.php?pid=202105081552-KTAE-FZUS52-SRFTAE,NWS Tallahassee SRFTAE via Iowa Environmental Mesonet archive
2021-05-09T15:54:00+00:00,2021-05-09T10:54:00-05:00,2021-05-09,10:54,Yellow,,Yellow,,Moderate,Around 1 foot.,74.0,South winds around 15 mph.,202105091554-KTAE-FZUS52-SRFTAE,https://mesonet.agron.iastate.edu/p.php?pid=202105091554-KTAE-FZUS52-SRFTAE,NWS Tallahassee SRFTAE via Iowa Environmental Mesonet archive
2021-05-10T17:04:00+00:00,2021-05-10T12:04:00-05:00,2021-05-10,12:04,Yellow,,Yellow,,Moderate,Around 2 feet.,75.0,South winds around 10 mph.,202105101704-KTAE-FZUS52-SRFTAE,https://mesonet.agron.iastate.edu/p.php?pid=202105101704-KTAE-FZUS52-SRFTAE,NWS Tallahassee SRFTAE via Iowa Environmental Mesonet archive
2021-05-11T16:21:00+00:00,2021-05-11T11:21:00-05:00,2021-05-11,11:21,Yellow,,Yellow,,Moderate,Around 2 feet.,75.0,South winds around 5 mph.,202105111621-KTAE-FZUS52-SRFTAE,https://mesonet.agron.iastate.edu/p.php?pid=202105111621-KTAE-FZUS52-SRFTAE,NWS Tallahassee SRFTAE via Iowa Environmental Mesonet archive
2021-05-12T16:07:00+00:00,2021-05-12T11:07:00-05:00,2021-05-12,11:07,Yellow,,Yellow,,Moderate,Around 2 feet.,75.0,"South winds around 10 mph, becoming",202105121607-KTAE-FZUS52-SRFTAE,https://mesonet.agron.iastate.edu/p.php?pid=202105121607-KTAE-FZUS52-SRFTAE,NWS Tallahassee SRFTAE via Iowa Environmental Mesonet archive
2021-05-13T16:27:00+00:00,2021-05-13T11:27:00-05:00,2021-05-13,11:27,Yellow,,Yellow,,Moderate,Around 2 feet.,73.0,Northeast winds around 10 mph.,202105131627-KTAE-FZUS52-SRFTAE,https://mesonet.agron.iastate.edu/p.php?pid=202105131627-KTAE-FZUS52-SRFTAE,NWS Tallahassee SRFTAE via Iowa Environmental Mesonet archive
2021-05-14T16:22:00+00:00,2021-05-14T11:22:00-05:00,2021-05-14,11:22,Yellow,,Yellow,,Moderate,Around 2 feet.,73.0,Northeast winds around 10 mph.,202105141622-KTAE-FZUS52-SRFTAE,https://mesonet.agron.iastate.edu/p.php?pid=202105141622-KTAE-FZUS52-SRFTAE,NWS Tallahassee SRFTAE via Iowa Environmental Mesonet archive
2021-05-15T14:58:00+00:00,2021-05-15T09:58:00-05:00,2021-05-15,09:58,Yellow,,Yellow,,Moderate,Around 1 foot.,73.0,East winds 10 to 15 mph.,202105151458-KTAE-FZUS52-SRFTAE,https://mesonet.agron.iastate.edu/p.php?pid=202105151458-KTAE-FZUS52-SRFTAE,NWS Tallahassee SRFTAE via Iowa Environmental Mesonet archive
2021-05-16T15:18:00+00:00,2021-05-16T10:18:00-05:00,2021-05-16,10:18,Yellow,,Yellow,,Moderate,Around 1 foot.,73.0,Southeast winds around 15 mph.,202105161518-KTAE-FZUS52-SRFTAE,https://mesonet.agron.iastate.edu/p.php?pid=202105161518-KTAE-FZUS52-SRFTAE,NWS Tallahassee SRFTAE via Iowa Environmental Mesonet archive
2021-05-17T15:23:00+00:00,2021-05-17T10:23:00-05:00,2021-05-17,10:23,Yellow,,Yellow,,High,2 to 3 feet.,74.0,Southeast winds around 15 mph.,202105171523-KTAE-FZUS52-SRFTAE,https://mesonet.agron.iastate.edu/p.php?pid=202105171523-KTAE-FZUS52-SRFTAE,NWS Tallahassee SRFTAE via Iowa Environmental Mesonet archive
2021-05-18T14:55:00+00:00,2021-05-18T09:55:00-05:00,2021-05-18,09:55,Single Red,,Single Red,,High,3 to 4 feet.,75.0,Southeast winds around 20 mph.,202105181455-KTAE-FZUS52-SRFTAE,https://mesonet.agron.iastate.edu/p.php?pid=202105181455-KTAE-FZUS52-SRFTAE,NWS Tallahassee SRFTAE via Iowa Environmental Mesonet archive
2021-05-19T13:36:00+00:00,2021-05-19T08:36:00-05:00,2021-05-19,08:36,Double Red,,Single Red,,High,Around 4 feet.,75.0,Southeast winds around 20 mph.,202105191336-KTAE-FZUS52-SRFTAE,https://mesonet.agron.iastate.edu/p.php?pid=202105191336-KTAE-FZUS52-SRFTAE,NWS Tallahassee SRFTAE via Iowa Environmental Mesonet archive
2021-05-20T16:14:00+00:00,2021-05-20T11:14:00-05:00,2021-05-20,11:14,Double Red,,Single Red,,High,Around 4 feet.,76.0,Southeast winds around 20 mph.,202105201614-KTAE-FZUS52-SRFTAE,https://mesonet.agron.iastate.edu/p.php?pid=202105201614-KTAE-FZUS52-SRFTAE,NWS Tallahassee SRFTAE via Iowa Environmental Mesonet archive
2021-05-21T15:14:00+00:00,2021-05-21T10:14:00-05:00,2021-05-21,10:14,Double Red,,Single Red,,High,Around 4 feet.,75.0,Southeast winds 15 to 20 mph.,202105211514-KTAE-FZUS52-SRFTAE,https://mesonet.agron.iastate.edu/p.php?pid=202105211514-KTAE-FZUS52-SRFTAE,NWS Tallahassee SRFTAE via Iowa Environmental Mesonet archive
2021-05-22T15:54:00+00:00,2021-05-22T10:54:00-05:00,2021-05-22,10:54,Single Red,,Single Red,,High,Around 3 feet.,76.0,Southeast winds around 15 mph.,202105221554-KTAE-FZUS52-SRFTAE,https://mesonet.agron.iastate.edu/p.php?pid=202105221554-KTAE-FZUS52-SRFTAE,NWS Tallahassee SRFTAE via Iowa Environmental Mesonet archive
2021-05-23T14:59:00+00:00,2021-05-23T09:59:00-05:00,2021-05-23,09:59,Yellow,,Yellow,,Moderate,Around 2 feet.,76.0,"Southeast winds around 5 mph, becoming",202105231459-KTAE-FZUS52-SRFTAE,https://mesonet.agron.iastate.edu/p.php?pid=202105231459-KTAE-FZUS52-SRFTAE,NWS Tallahassee SRFTAE via Iowa Environmental Mesonet archive
2021-05-24T15:28:00+00:00,2021-05-24T10:28:00-05:00,2021-05-24,10:28,Yellow,,Yellow,,Moderate,Around 2 feet.,78.0,Southwest winds 5 to 10 mph.,202105241528-KTAE-FZUS52-SRFTAE,https://mesonet.agron.iastate.edu/p.php?pid=202105241528-KTAE-FZUS52-SRFTAE,NWS Tallahassee SRFTAE via Iowa Environmental Mesonet archive
2021-05-25T14:37:00+00:00,2021-05-25T09:37:00-05:00,2021-05-25,09:37,Yellow,,Yellow,,Moderate,1 to 2 feet.,76.0,"Southeast winds around 5 mph, becoming",202105251437-KTAE-FZUS52-SRFTAE,https://mesonet.agron.iastate.edu/p.php?pid=202105251437-KTAE-FZUS52-SRFTAE,NWS Tallahassee SRFTAE via Iowa Environmental Mesonet archive
2021-05-26T15:22:00+00:00,2021-05-26T10:22:00-05:00,2021-05-26,10:22,Yellow,,Yellow,,Moderate,Around 1 foot.,78.0,South winds around 5 mph.,202105261522-KTAE-FZUS52-SRFTAE,https://mesonet.agron.iastate.edu/p.php?pid=202105261522-KTAE-FZUS52-SRFTAE,NWS Tallahassee SRFTAE via Iowa Environmental Mesonet archive
2021-05-28T15:08:00+00:00,2021-05-28T10:08:00-05:00,2021-05-28,10:08,Yellow,,Yellow,,Moderate,1 to 2 feet.,79.0,Southwest winds around 10 mph.,202105281508-KTAE-FZUS52-SRFTAE,https://mesonet.agron.iastate.edu/p.php?pid=202105281508-KTAE-FZUS52-SRFTAE,NWS Tallahassee SRFTAE via Iowa Environmental Mesonet archive
2021-05-29T15:44:00+00:00,2021-05-29T10:44:00-05:00,2021-05-29,10:44,Single Red,,Single Red,,High,Around 2 feet.,78.0,Northwest winds 10 to 15 mph.,202105291544-KTAE-FZUS52-SRFTAE,https://mesonet.agron.iastate.edu/p.php?pid=202105291544-KTAE-FZUS52-SRFTAE,NWS Tallahassee SRFTAE via Iowa Environmental Mesonet archive
2021-05-30T15:32:00+00:00,2021-05-30T10:32:00-05:00,2021-05-30,10:32,Yellow,,Yellow,,Moderate,1 to 2 feet.,76.0,"North winds around 10 mph, becoming",202105301532-KTAE-FZUS52-SRFTAE,https://mesonet.agron.iastate.edu/p.php?pid=202105301532-KTAE-FZUS52-SRFTAE,NWS Tallahassee SRFTAE via Iowa Environmental Mesonet archive
2021-05-31T15:44:00+00:00,2021-05-31T10:44:00-05:00,2021-05-31,10:44,Yellow,,Yellow,,Low,1 foot or less.,76.0,Southeast winds around 15 mph.,202105311544-KTAE-FZUS52-SRFTAE,https://mesonet.agron.iastate.edu/p.php?pid=202105311544-KTAE-FZUS52-SRFTAE,NWS Tallahassee SRFTAE via Iowa Environmental Mesonet archive
2021-06-01T15:43:00+00:00,2021-06-01T10:43:00-05:00,2021-06-01,10:43,Yellow,,Yellow,,Low,Around 1 foot.,78.0,Southeast winds around 15 mph.,202106011543-KTAE-FZUS52-SRFTAE,https://mesonet.agron.iastate.edu/p.php?pid=202106011543-KTAE-FZUS52-SRFTAE,NWS Tallahassee SRFTAE via Iowa Environmental Mesonet archive
2021-06-02T16:56:00+00:00,2021-06-02T11:56:00-05:00,2021-06-02,11:56,Yellow,,Yellow,,Low,Around 2 feet.,80.0,South winds around 10 mph.,202106021656-KTAE-FZUS52-SRFTAE,https://mesonet.agron.iastate.edu/p.php?pid=202106021656-KTAE-FZUS52-SRFTAE,NWS Tallahassee SRFTAE via Iowa Environmental Mesonet archive
2021-06-04T15:16:00+00:00,2021-06-04T10:16:00-05:00,2021-06-04,10:16,Yellow,,Yellow,,Low,Around 1 foot.,81.0,Southwest winds around 5 mph.,202106041516-KTAE-FZUS52-SRFTAE,https://mesonet.agron.iastate.edu/p.php?pid=202106041516-KTAE-FZUS52-SRFTAE,NWS Tallahassee SRFTAE via Iowa Environmental Mesonet archive
2021-06-05T17:45:00+00:00,2021-06-05T12:45:00-05:00,2021-06-05,12:45,Yellow,,Yellow,,Low,Around 1 foot.,80.0,South winds around 5 mph.,202106051745-KTAE-FZUS52-SRFTAE,https://mesonet.agron.iastate.edu/p.php?pid=202106051745-KTAE-FZUS52-SRFTAE,NWS Tallahassee SRFTAE via Iowa Environmental Mesonet archive
2021-06-06T15:19:00+00:00,2021-06-06T10:19:00-05:00,2021-06-06,10:19,Yellow,,Yellow,,Moderate,Around 2 feet.,81.0,Southeast winds around 15 mph.,202106061519-KTAE-FZUS52-SRFTAE,https://mesonet.agron.iastate.edu/p.php?pid=202106061519-KTAE-FZUS52-SRFTAE,NWS Tallahassee SRFTAE via Iowa Environmental Mesonet archive
2021-06-07T15:26:00+00:00,2021-06-07T10:26:00-05:00,2021-06-07,10:26,Single Red,,Single Red,,High,Around 3 feet.,82.0,South winds around 15 mph.,202106071526-KTAE-FZUS52-SRFTAE,https://mesonet.agron.iastate.edu/p.php?pid=202106071526-KTAE-FZUS52-SRFTAE,NWS Tallahassee SRFTAE via Iowa Environmental Mesonet archive
2021-06-08T15:23:00+00:00,2021-06-08T10:23:00-05:00,2021-06-08,10:23,Single Red,,Single Red,,High,Around 3 feet.,82.0,South winds around 15 mph.,202106081523-KTAE-FZUS52-SRFTAE,https://mesonet.agron.iastate.edu/p.php?pid=202106081523-KTAE-FZUS52-SRFTAE,NWS Tallahassee SRFTAE via Iowa Environmental Mesonet archive
2021-06-09T15:36:00+00:00,2021-06-09T10:36:00-05:00,2021-06-09,10:36,Single Red,,Single Red,,High,Around 2 feet.,82.0,South winds 5 to 10 mph.,202106091536-KTAE-FZUS52-SRFTAE,https://mesonet.agron.iastate.edu/p.php?pid=202106091536-KTAE-FZUS52-SRFTAE,NWS Tallahassee SRFTAE via Iowa Environmental Mesonet archive
2021-06-10T16:18:00+00:00,2021-06-10T11:18:00-05:00,2021-06-10,11:18,Yellow,,Single Red,,Moderate,Around 2 feet.,83.0,Southwest winds around 10 mph.,202106101618-KTAE-FZUS52-SRFTAE,https://mesonet.agron.iastate.edu/p.php?pid=202106101618-KTAE-FZUS52-SRFTAE,NWS Tallahassee SRFTAE via Iowa Environmental Mesonet archive
2021-06-11T15:57:00+00:00,2021-06-11T10:57:00-05:00,2021-06-11,10:57,Yellow,,Yellow,,Moderate,Around 2 feet.,84.0,Southwest winds 10 to 15 mph.,202106111557-KTAE-FZUS52-SRFTAE,https://mesonet.agron.iastate.edu/p.php?pid=202106111557-KTAE-FZUS52-SRFTAE,NWS Tallahassee SRFTAE via Iowa Environmental Mesonet archive
2021-06-12T15:56:00+00:00,2021-06-12T10:56:00-05:00,2021-06-12,10:56,Single Red,,Single Red,,High,Around 2 feet.,83.0,West winds around 15 mph.,202106121556-KTAE-FZUS52-SRFTAE,https://mesonet.agron.iastate.edu/p.php?pid=202106121556-KTAE-FZUS52-SRFTAE,NWS Tallahassee SRFTAE via Iowa Environmental Mesonet archive
2021-06-13T15:33:00+00:00,2021-06-13T10:33:00-05:00,2021-06-13,10:33,Single Red,,Double Red,,Moderate,Around 2 feet.,79.0,West winds around 10 mph.,202106131533-KTAE-FZUS52-SRFTAE,https://mesonet.agron.iastate.edu/p.php?pid=202106131533-KTAE-FZUS52-SRFTAE,NWS Tallahassee SRFTAE via Iowa Environmental Mesonet archive
2021-06-14T15:38:00+00:00,2021-06-14T10:38:00-05:00,2021-06-14,10:38,Yellow,,Single Red,,Moderate,Around 1 foot.,77.0,"East winds around 5 mph, becoming",202106141538-KTAE-FZUS52-SRFTAE,https://mesonet.agron.iastate.edu/p.php?pid=202106141538-KTAE-FZUS52-SRFTAE,NWS Tallahassee SRFTAE via Iowa Environmental Mesonet archive
2021-06-15T16:28:00+00:00,2021-06-15T11:28:00-05:00,2021-06-15,11:28,Yellow,,Single Red,,Moderate,Around 2 feet.,77.0,Southwest winds around 15 mph.,202106151628-KTAE-FZUS52-SRFTAE,https://mesonet.agron.iastate.edu/p.php?pid=202106151628-KTAE-FZUS52-SRFTAE,NWS Tallahassee SRFTAE via Iowa Environmental Mesonet archive
2021-06-16T15:29:00+00:00,2021-06-16T10:29:00-05:00,2021-06-16,10:29,Yellow,,Single Red,,Moderate,Around 2 feet.,77.0,West winds 10 to 15 mph.,202106161529-KTAE-FZUS52-SRFTAE,https://mesonet.agron.iastate.edu/p.php?pid=202106161529-KTAE-FZUS52-SRFTAE,NWS Tallahassee SRFTAE via Iowa Environmental Mesonet archive
2021-06-17T14:56:00+00:00,2021-06-17T09:56:00-05:00,2021-06-17,09:56,Single Red,,Single Red,,High,2 to 3 feet.,79.0,"East winds around 5 mph, becoming south",202106171456-KTAE-FZUS52-SRFTAE,https://mesonet.agron.iastate.edu/p.php?pid=202106171456-KTAE-FZUS52-SRFTAE,NWS Tallahassee SRFTAE via Iowa Environmental Mesonet archive
2021-06-18T15:24:00+00:00,2021-06-18T10:24:00-05:00,2021-06-18,10:24,Double Red,,Double Red,,High,4 to 5 feet.,81.0,South winds around 15 mph.,202106181524-KTAE-FZUS52-SRFTAE,https://mesonet.agron.iastate.edu/p.php?pid=202106181524-KTAE-FZUS52-SRFTAE,NWS Tallahassee SRFTAE via Iowa Environmental Mesonet archive
2021-06-19T15:52:00+00:00,2021-06-19T10:52:00-05:00,2021-06-19,10:52,Double Red,,Double Red,,High,Around 7 feet.,81.0,Breezy. South winds around 25 mph.,202106191552-KTAE-FZUS52-SRFTAE,https://mesonet.agron.iastate.edu/p.php?pid=202106191552-KTAE-FZUS52-SRFTAE,NWS Tallahassee SRFTAE via Iowa Environmental Mesonet archive
2021-06-20T16:33:00+00:00,2021-06-20T11:33:00-05:00,2021-06-20,11:33,Double Red,,Double Red,,High,Around 5 feet.,81.0,Southwest winds around 20 mph.,202106201633-KTAE-FZUS52-SRFTAE,https://mesonet.agron.iastate.edu/p.php?pid=202106201633-KTAE-FZUS52-SRFTAE,NWS Tallahassee SRFTAE via Iowa Environmental Mesonet archive
2021-06-21T15:42:00+00:00,2021-06-21T10:42:00-05:00,2021-06-21,10:42,Double Red,,Double Red,,High,Around 3 feet.,81.0,Southwest winds 10 to 15 mph.,202106211542-KTAE-FZUS52-SRFTAE,https://mesonet.agron.iastate.edu/p.php?pid=202106211542-KTAE-FZUS52-SRFTAE,NWS Tallahassee SRFTAE via Iowa Environmental Mesonet archive
2021-06-22T16:03:00+00:00,2021-06-22T11:03:00-05:00,2021-06-22,11:03,Double Red,,Double Red,,High,Around 4 feet.,80.0,Southwest winds 15 to 20 mph.,202106221603-KTAE-FZUS52-SRFTAE,https://mesonet.agron.iastate.edu/p.php?pid=202106221603-KTAE-FZUS52-SRFTAE,NWS Tallahassee SRFTAE via Iowa Environmental Mesonet archive
2021-06-23T15:45:00+00:00,2021-06-23T10:45:00-05:00,2021-06-23,10:45,Single Red,,Single Red,,High,Around 2 feet.,81.0,Southwest winds 5 to 10 mph.,202106231545-KTAE-FZUS52-SRFTAE,https://mesonet.agron.iastate.edu/p.php?pid=202106231545-KTAE-FZUS52-SRFTAE,NWS Tallahassee SRFTAE via Iowa Environmental Mesonet archive
2021-06-23T18:55:00+00:00,2021-06-23T13:55:00-05:00,2021-06-23,13:55,Double Red,,Single Red,,High,Around 2 feet.,81.0,Southwest winds around 10 mph.,202106231855-KTAE-FZUS52-SRFTAE,https://mesonet.agron.iastate.edu/p.php?pid=202106231855-KTAE-FZUS52-SRFTAE,NWS Tallahassee SRFTAE via Iowa Environmental Mesonet archive
2021-06-24T17:25:00+00:00,2021-06-24T12:25:00-05:00,2021-06-24,12:25,Single Red,,Yellow,,High,Around 2 feet.,82.0,South winds around 5 mph.,202106241725-KTAE-FZUS52-SRFTAE,https://mesonet.agron.iastate.edu/p.php?pid=202106241725-KTAE-FZUS52-SRFTAE,NWS Tallahassee SRFTAE via Iowa Environmental Mesonet archive
2021-06-25T15:55:00+00:00,2021-06-25T10:55:00-05:00,2021-06-25,10:55,Single Red,,Yellow,,High,Around 2 feet.,82.0,Southeast winds 10 to 15 mph.,202106251555-KTAE-FZUS52-SRFTAE,https://mesonet.agron.iastate.edu/p.php?pid=202106251555-KTAE-FZUS52-SRFTAE,NWS Tallahassee SRFTAE via Iowa Environmental Mesonet archive
2021-06-26T15:50:00+00:00,2021-06-26T10:50:00-05:00,2021-06-26,10:50,Single Red,,Yellow,,High,Around 1 foot.,82.0,Southeast winds 10 to 15 mph.,202106261550-KTAE-FZUS52-SRFTAE,https://mesonet.agron.iastate.edu/p.php?pid=202106261550-KTAE-FZUS52-SRFTAE,NWS Tallahassee SRFTAE via Iowa Environmental Mesonet archive
2021-06-27T15:56:00+00:00,2021-06-27T10:56:00-05:00,2021-06-27,10:56,Single Red,,Yellow,,High,Around 2 feet.,83.0,Southeast winds around 15 mph.,202106271556-KTAE-FZUS52-SRFTAE,https://mesonet.agron.iastate.edu/p.php?pid=202106271556-KTAE-FZUS52-SRFTAE,NWS Tallahassee SRFTAE via Iowa Environmental Mesonet archive
2021-06-28T16:00:00+00:00,2021-06-28T11:00:00-05:00,2021-06-28,11:00,Yellow,,Yellow,,Moderate,Around 1 foot.,82.0,East winds 10 to 15 mph.,202106281600-KTAE-FZUS52-SRFTAE,https://mesonet.agron.iastate.edu/p.php?pid=202106281600-KTAE-FZUS52-SRFTAE,NWS Tallahassee SRFTAE via Iowa Environmental Mesonet archive
2021-06-29T15:45:00+00:00,2021-06-29T10:45:00-05:00,2021-06-29,10:45,Yellow,,Yellow,,Moderate,1 to 2 feet.,82.0,East winds around 10 mph.,202106291545-KTAE-FZUS52-SRFTAE,https://mesonet.agron.iastate.edu/p.php?pid=202106291545-KTAE-FZUS52-SRFTAE,NWS Tallahassee SRFTAE via Iowa Environmental Mesonet archive
2021-06-30T15:34:00+00:00,2021-06-30T10:34:00-05:00,2021-06-30,10:34,Yellow,,Yellow,,Moderate,Around 2 feet.,81.0,East winds around 10 mph.,202106301534-KTAE-FZUS52-SRFTAE,https://mesonet.agron.iastate.edu/p.php?pid=202106301534-KTAE-FZUS52-SRFTAE,NWS Tallahassee SRFTAE via Iowa Environmental Mesonet archive
2021-07-01T15:49:00+00:00,2021-07-01T10:49:00-05:00,2021-07-01,10:49,Yellow,,Yellow,,Moderate,Around 2 feet.,81.0,Southeast winds around 10 mph.,202107011549-KTAE-FZUS52-SRFTAE,https://mesonet.agron.iastate.edu/p.php?pid=202107011549-KTAE-FZUS52-SRFTAE,NWS Tallahassee SRFTAE via Iowa Environmental Mesonet archive
2021-07-02T16:14:00+00:00,2021-07-02T11:14:00-05:00,2021-07-02,11:14,Single Red,,Double Red,,High,Around 3 feet.,83.0,West winds around 15 mph.,202107021614-KTAE-FZUS52-SRFTAE,https://mesonet.agron.iastate.edu/p.php?pid=202107021614-KTAE-FZUS52-SRFTAE,NWS Tallahassee SRFTAE via Iowa Environmental Mesonet archive
2021-07-03T14:52:00+00:00,2021-07-03T09:52:00-05:00,2021-07-03,09:52,Single Red,,Double Red,,High,Around 3 feet.,82.0,West winds 10 to 15 mph.,202107031452-KTAE-FZUS52-SRFTAE,https://mesonet.agron.iastate.edu/p.php?pid=202107031452-KTAE-FZUS52-SRFTAE,NWS Tallahassee SRFTAE via Iowa Environmental Mesonet archive
2021-07-04T15:59:00+00:00,2021-07-04T10:59:00-05:00,2021-07-04,10:59,Single Red,,Double Red,,High,Around 2 feet.,82.0,Southwest winds 5 to 10 mph.,202107041559-KTAE-FZUS52-SRFTAE,https://mesonet.agron.iastate.edu/p.php?pid=202107041559-KTAE-FZUS52-SRFTAE,NWS Tallahassee SRFTAE via Iowa Environmental Mesonet archive
2021-07-06T15:46:00+00:00,2021-07-06T10:46:00-05:00,2021-07-06,10:46,Single Red,,Single Red,,High,Around 2 feet.,82.0,Southeast winds around 10 mph.,202107061546-KTAE-FZUS52-SRFTAE,https://mesonet.agron.iastate.edu/p.php?pid=202107061546-KTAE-FZUS52-SRFTAE,NWS Tallahassee SRFTAE via Iowa Environmental Mesonet archive
2021-07-08T15:44:00+00:00,2021-07-08T10:44:00-05:00,2021-07-08,10:44,Yellow,,Yellow,,Low,Around 2 feet.,82.0,Southwest winds around 10 mph.,202107081544-KTAE-FZUS52-SRFTAE,https://mesonet.agron.iastate.edu/p.php?pid=202107081544-KTAE-FZUS52-SRFTAE,NWS Tallahassee SRFTAE via Iowa Environmental Mesonet archive
2021-07-09T15:19:00+00:00,2021-07-09T10:19:00-05:00,2021-07-09,10:19,Yellow,,Yellow,,Moderate,Around 2 feet.,83.0,Southwest winds around 5 mph.,202107091519-KTAE-FZUS52-SRFTAE,https://mesonet.agron.iastate.edu/p.php?pid=202107091519-KTAE-FZUS52-SRFTAE,NWS Tallahassee SRFTAE via Iowa Environmental Mesonet archive
2021-07-10T15:20:00+00:00,2021-07-10T10:20:00-05:00,2021-07-10,10:20,Yellow,,Yellow,,Moderate,Around 2 feet.,82.0,Southwest winds around 5 mph.,202107101520-KTAE-FZUS52-SRFTAE,https://mesonet.agron.iastate.edu/p.php?pid=202107101520-KTAE-FZUS52-SRFTAE,NWS Tallahassee SRFTAE via Iowa Environmental Mesonet archive
2021-07-11T15:21:00+00:00,2021-07-11T10:21:00-05:00,2021-07-11,10:21,Yellow,,Yellow,,Moderate,Around 2 feet.,83.0,Southwest winds 5 to 10 mph.,202107111521-KTAE-FZUS52-SRFTAE,https://mesonet.agron.iastate.edu/p.php?pid=202107111521-KTAE-FZUS52-SRFTAE,NWS Tallahassee SRFTAE via Iowa Environmental Mesonet archive
2021-07-12T15:20:00+00:00,2021-07-12T10:20:00-05:00,2021-07-12,10:20,Single Red,,Yellow,,High,Around 2 feet.,84.0,South winds around 10 mph.,202107121520-KTAE-FZUS52-SRFTAE,https://mesonet.agron.iastate.edu/p.php?pid=202107121520-KTAE-FZUS52-SRFTAE,NWS Tallahassee SRFTAE via Iowa Environmental Mesonet archive
2021-07-13T15:46:00+00:00,2021-07-13T10:46:00-05:00,2021-07-13,10:46,Single Red,,Single Red,,High,Around 2 feet.,83.0,Southeast winds around 10 mph.,202107131546-KTAE-FZUS52-SRFTAE,https://mesonet.agron.iastate.edu/p.php?pid=202107131546-KTAE-FZUS52-SRFTAE,NWS Tallahassee SRFTAE via Iowa Environmental Mesonet archive
2021-07-14T15:30:00+00:00,2021-07-14T10:30:00-05:00,2021-07-14,10:30,Single Red,,Yellow,,High,Around 2 feet.,84.0,"East winds around 5 mph, becoming south",202107141530-KTAE-FZUS52-SRFTAE,https://mesonet.agron.iastate.edu/p.php?pid=202107141530-KTAE-FZUS52-SRFTAE,NWS Tallahassee SRFTAE via Iowa Environmental Mesonet archive
2021-07-15T15:51:00+00:00,2021-07-15T10:51:00-05:00,2021-07-15,10:51,Yellow,,Yellow,,Moderate,1 to 2 feet.,84.0,"East winds around 5 mph, becoming",202107151551-KTAE-FZUS52-SRFTAE,https://mesonet.agron.iastate.edu/p.php?pid=202107151551-KTAE-FZUS52-SRFTAE,NWS Tallahassee SRFTAE via Iowa Environmental Mesonet archive
2021-07-16T15:36:00+00:00,2021-07-16T10:36:00-05:00,2021-07-16,10:36,Yellow,,Yellow,,Moderate,Around 2 feet.,84.0,Southeast winds 5 to 10 mph.,202107161536-KTAE-FZUS52-SRFTAE,https://mesonet.agron.iastate.edu/p.php?pid=202107161536-KTAE-FZUS52-SRFTAE,NWS Tallahassee SRFTAE via Iowa Environmental Mesonet archive
2021-07-17T15:56:00+00:00,2021-07-17T10:56:00-05:00,2021-07-17,10:56,Yellow,,Yellow,,Low,Around 1 foot.,87.0,"Southeast winds around 5 mph, becoming",202107171556-KTAE-FZUS52-SRFTAE,https://mesonet.agron.iastate.edu/p.php?pid=202107171556-KTAE-FZUS52-SRFTAE,NWS Tallahassee SRFTAE via Iowa Environmental Mesonet archive
2021-07-18T15:20:00+00:00,2021-07-18T10:20:00-05:00,2021-07-18,10:20,Yellow,,Yellow,,Low,Around 1 foot.,86.0,"East winds around 5 mph, becoming south",202107181520-KTAE-FZUS52-SRFTAE,https://mesonet.agron.iastate.edu/p.php?pid=202107181520-KTAE-FZUS52-SRFTAE,NWS Tallahassee SRFTAE via Iowa Environmental Mesonet archive
2021-07-19T15:15:00+00:00,2021-07-19T10:15:00-05:00,2021-07-19,10:15,Yellow,,Yellow,,Moderate,1 to 2 feet.,86.0,Southwest winds 5 to 10 mph.,202107191515-KTAE-FZUS52-SRFTAE,https://mesonet.agron.iastate.edu/p.php?pid=202107191515-KTAE-FZUS52-SRFTAE,NWS Tallahassee SRFTAE via Iowa Environmental Mesonet archive
2021-07-20T16:41:00+00:00,2021-07-20T11:41:00-05:00,2021-07-20,11:41,Yellow,,Single Red,,Moderate,Around 2 feet.,86.0,Southwest winds around 10 mph.,202107201641-KTAE-FZUS52-SRFTAE,https://mesonet.agron.iastate.edu/p.php?pid=202107201641-KTAE-FZUS52-SRFTAE,NWS Tallahassee SRFTAE via Iowa Environmental Mesonet archive
2021-07-21T15:00:00+00:00,2021-07-21T10:00:00-05:00,2021-07-21,10:00,Single Red,,Single Red,,High,Around 2 feet.,85.0,Southwest winds around 10 mph.,202107211500-KTAE-FZUS52-SRFTAE,https://mesonet.agron.iastate.edu/p.php?pid=202107211500-KTAE-FZUS52-SRFTAE,NWS Tallahassee SRFTAE via Iowa Environmental Mesonet archive
2021-07-22T15:43:00+00:00,2021-07-22T10:43:00-05:00,2021-07-22,10:43,Single Red,,Single Red,,High,Around 2 feet.,86.0,West winds around 10 mph.,202107221543-KTAE-FZUS52-SRFTAE,https://mesonet.agron.iastate.edu/p.php?pid=202107221543-KTAE-FZUS52-SRFTAE,NWS Tallahassee SRFTAE via Iowa Environmental Mesonet archive
2021-07-23T15:30:00+00:00,2021-07-23T10:30:00-05:00,2021-07-23,10:30,Single Red,,Double Red,,High,Around 2 feet.,84.0,Northwest winds around 10 mph.,202107231530-KTAE-FZUS52-SRFTAE,https://mesonet.agron.iastate.edu/p.php?pid=202107231530-KTAE-FZUS52-SRFTAE,NWS Tallahassee SRFTAE via Iowa Environmental Mesonet archive
2021-07-24T15:50:00+00:00,2021-07-24T10:50:00-05:00,2021-07-24,10:50,Yellow,,Yellow,,Moderate,Around 1 foot.,83.0,"Northeast winds around 5 mph, becoming",202107241550-KTAE-FZUS52-SRFTAE,https://mesonet.agron.iastate.edu/p.php?pid=202107241550-KTAE-FZUS52-SRFTAE,NWS Tallahassee SRFTAE via Iowa Environmental Mesonet archive
2021-07-25T15:01:00+00:00,2021-07-25T10:01:00-05:00,2021-07-25,10:01,Yellow,,Yellow,,Moderate,Around 1 foot.,83.0,"East winds around 10 mph, becoming",202107251501-KTAE-FZUS52-SRFTAE,https://mesonet.agron.iastate.edu/p.php?pid=202107251501-KTAE-FZUS52-SRFTAE,NWS Tallahassee SRFTAE via Iowa Environmental Mesonet archive
2021-07-26T16:00:00+00:00,2021-07-26T11:00:00-05:00,2021-07-26,11:00,Yellow,,Yellow,,Moderate,Around 1 foot.,85.0,"Northeast winds around 5 mph, becoming",202107261600-KTAE-FZUS52-SRFTAE,https://mesonet.agron.iastate.edu/p.php?pid=202107261600-KTAE-FZUS52-SRFTAE,NWS Tallahassee SRFTAE via Iowa Environmental Mesonet archive
2021-07-27T16:48:00+00:00,2021-07-27T11:48:00-05:00,2021-07-27,11:48,Yellow,,Yellow,,Moderate,Around 1 foot.,85.0,West winds around 5 mph.,202107271648-KTAE-FZUS52-SRFTAE,https://mesonet.agron.iastate.edu/p.php?pid=202107271648-KTAE-FZUS52-SRFTAE,NWS Tallahassee SRFTAE via Iowa Environmental Mesonet archive
2021-07-28T15:49:00+00:00,2021-07-28T10:49:00-05:00,2021-07-28,10:49,Yellow,,Yellow,,Moderate,Around 1 foot.,85.0,"Northwest winds around 5 mph, becoming",202107281549-KTAE-FZUS52-SRFTAE,https://mesonet.agron.iastate.edu/p.php?pid=202107281549-KTAE-FZUS52-SRFTAE,NWS Tallahassee SRFTAE via Iowa Environmental Mesonet archive
2021-07-29T15:18:00+00:00,2021-07-29T10:18:00-05:00,2021-07-29,10:18,Yellow,,Yellow,,Moderate,1 to 2 feet.,85.0,West winds around 10 mph.,202107291518-KTAE-FZUS52-SRFTAE,https://mesonet.agron.iastate.edu/p.php?pid=202107291518-KTAE-FZUS52-SRFTAE,NWS Tallahassee SRFTAE via Iowa Environmental Mesonet archive
2021-07-30T15:34:00+00:00,2021-07-30T10:34:00-05:00,2021-07-30,10:34,Yellow,,Yellow,,Moderate,1 to 2 feet.,84.0,"Northwest winds around 5 mph, becoming",202107301534-KTAE-FZUS52-SRFTAE,https://mesonet.agron.iastate.edu/p.php?pid=202107301534-KTAE-FZUS52-SRFTAE,NWS Tallahassee SRFTAE via Iowa Environmental Mesonet archive
2021-07-31T15:13:00+00:00,2021-07-31T10:13:00-05:00,2021-07-31,10:13,Yellow,,Single Red,,Moderate,Around 2 feet.,84.0,Southwest winds around 15 mph.,202107311513-KTAE-FZUS52-SRFTAE,https://mesonet.agron.iastate.edu/p.php?pid=202107311513-KTAE-FZUS52-SRFTAE,NWS Tallahassee SRFTAE via Iowa Environmental Mesonet archive
2021-08-01T15:50:00+00:00,2021-08-01T10:50:00-05:00,2021-08-01,10:50,Yellow,,Single Red,,Moderate,Around 2 feet.,85.0,West winds around 10 mph.,202108011550-KTAE-FZUS52-SRFTAE,https://mesonet.agron.iastate.edu/p.php?pid=202108011550-KTAE-FZUS52-SRFTAE,NWS Tallahassee SRFTAE via Iowa Environmental Mesonet archive
2021-08-02T15:57:00+00:00,2021-08-02T10:57:00-05:00,2021-08-02,10:57,Yellow,,Single Red,,Moderate,Around 2 feet.,83.0,Southwest winds around 10 mph.,202108021557-KTAE-FZUS52-SRFTAE,https://mesonet.agron.iastate.edu/p.php?pid=202108021557-KTAE-FZUS52-SRFTAE,NWS Tallahassee SRFTAE via Iowa Environmental Mesonet archive
2021-08-03T16:19:00+00:00,2021-08-03T11:19:00-05:00,2021-08-03,11:19,Yellow,,Single Red,,High,Around 3 feet.,83.0,West winds around 10 mph.,202108031619-KTAE-FZUS52-SRFTAE,https://mesonet.agron.iastate.edu/p.php?pid=202108031619-KTAE-FZUS52-SRFTAE,NWS Tallahassee SRFTAE via Iowa Environmental Mesonet archive
2021-08-04T16:02:00+00:00,2021-08-04T11:02:00-05:00,2021-08-04,11:02,Yellow,,Single Red,,Moderate,Around 2 feet.,82.0,"Northeast winds around 5 mph, becoming",202108041602-KTAE-FZUS52-SRFTAE,https://mesonet.agron.iastate.edu/p.php?pid=202108041602-KTAE-FZUS52-SRFTAE,NWS Tallahassee SRFTAE via Iowa Environmental Mesonet archive
2021-08-05T16:06:00+00:00,2021-08-05T11:06:00-05:00,2021-08-05,11:06,Yellow,,Yellow,,Moderate,Around 1 foot.,84.0,Northeast winds around 10 mph.,202108051606-KTAE-FZUS52-SRFTAE,https://mesonet.agron.iastate.edu/p.php?pid=202108051606-KTAE-FZUS52-SRFTAE,NWS Tallahassee SRFTAE via Iowa Environmental Mesonet archive
2021-08-06T15:08:00+00:00,2021-08-06T10:08:00-05:00,2021-08-06,10:08,Yellow,,Yellow,,Moderate,Around 2 feet.,85.0,"Northeast winds around 5 mph, becoming",202108061508-KTAE-FZUS52-SRFTAE,https://mesonet.agron.iastate.edu/p.php?pid=202108061508-KTAE-FZUS52-SRFTAE,NWS Tallahassee SRFTAE via Iowa Environmental Mesonet archive
2021-08-07T15:55:00+00:00,2021-08-07T10:55:00-05:00,2021-08-07,10:55,Yellow,,Yellow,,Moderate,Around 1 foot.,86.0,"Light and variable winds, becoming",202108071555-KTAE-FZUS52-SRFTAE,https://mesonet.agron.iastate.edu/p.php?pid=202108071555-KTAE-FZUS52-SRFTAE,NWS Tallahassee SRFTAE via Iowa Environmental Mesonet archive
2021-08-08T15:52:00+00:00,2021-08-08T10:52:00-05:00,2021-08-08,10:52,Yellow,,Yellow,,Moderate,Around 1 foot.,86.0,"Light and variable winds, becoming",202108081552-KTAE-FZUS52-SRFTAE,https://mesonet.agron.iastate.edu/p.php?pid=202108081552-KTAE-FZUS52-SRFTAE,NWS Tallahassee SRFTAE via Iowa Environmental Mesonet archive
2021-08-09T16:55:00+00:00,2021-08-09T11:55:00-05:00,2021-08-09,11:55,Yellow,,Yellow,,Moderate,Around 1 foot.,86.0,Southwest winds around 10 mph.,202108091655-KTAE-FZUS52-SRFTAE,https://mesonet.agron.iastate.edu/p.php?pid=202108091655-KTAE-FZUS52-SRFTAE,NWS Tallahassee SRFTAE via Iowa Environmental Mesonet archive
2021-08-10T16:42:00+00:00,2021-08-10T11:42:00-05:00,2021-08-10,11:42,Yellow,,Yellow,,Moderate,Around 1 foot.,87.0,Southwest winds around 5 mph.,202108101642-KTAE-FZUS52-SRFTAE,https://mesonet.agron.iastate.edu/p.php?pid=202108101642-KTAE-FZUS52-SRFTAE,NWS Tallahassee SRFTAE via Iowa Environmental Mesonet archive
2021-08-11T15:25:00+00:00,2021-08-11T10:25:00-05:00,2021-08-11,10:25,Yellow,,Yellow,,Moderate,Around 1 foot.,86.0,Southeast winds around 5 mph.,202108111525-KTAE-FZUS52-SRFTAE,https://mesonet.agron.iastate.edu/p.php?pid=202108111525-KTAE-FZUS52-SRFTAE,NWS Tallahassee SRFTAE via Iowa Environmental Mesonet archive
2021-08-12T15:22:00+00:00,2021-08-12T10:22:00-05:00,2021-08-12,10:22,Yellow,,Yellow,,Moderate,Around 1 foot.,87.0,"East winds around 5 mph, becoming south",202108121522-KTAE-FZUS52-SRFTAE,https://mesonet.agron.iastate.edu/p.php?pid=202108121522-KTAE-FZUS52-SRFTAE,NWS Tallahassee SRFTAE via Iowa Environmental Mesonet archive
2021-08-13T15:37:00+00:00,2021-08-13T10:37:00-05:00,2021-08-13,10:37,Yellow,,Yellow,,Moderate,Around 1 foot.,86.0,"Northeast winds around 5 mph, becoming",202108131537-KTAE-FZUS52-SRFTAE,https://mesonet.agron.iastate.edu/p.php?pid=202108131537-KTAE-FZUS52-SRFTAE,NWS Tallahassee SRFTAE via Iowa Environmental Mesonet archive
2021-08-14T15:14:00+00:00,2021-08-14T10:14:00-05:00,2021-08-14,10:14,Yellow,,Yellow,,Moderate,Around 1 foot.,87.0,"Northeast winds around 5 mph, becoming",202108141514-KTAE-FZUS52-SRFTAE,https://mesonet.agron.iastate.edu/p.php?pid=202108141514-KTAE-FZUS52-SRFTAE,NWS Tallahassee SRFTAE via Iowa Environmental Mesonet archive
2021-08-15T15:48:00+00:00,2021-08-15T10:48:00-05:00,2021-08-15,10:48,Single Red,,Single Red,,High,1 to 2 feet.,87.0,East winds 15 to 20 mph.,202108151548-KTAE-FZUS52-SRFTAE,https://mesonet.agron.iastate.edu/p.php?pid=202108151548-KTAE-FZUS52-SRFTAE,NWS Tallahassee SRFTAE via Iowa Environmental Mesonet archive
2021-08-16T15:34:00+00:00,2021-08-16T10:34:00-05:00,2021-08-16,10:34,Double Red,,Double Red,,High,7 to 8 feet.,85.0,Windy. Northeast winds around 35 mph.,202108161534-KTAE-FZUS52-SRFTAE,https://mesonet.agron.iastate.edu/p.php?pid=202108161534-KTAE-FZUS52-SRFTAE,NWS Tallahassee SRFTAE via Iowa Environmental Mesonet archive
2021-08-17T16:23:00+00:00,2021-08-17T11:23:00-05:00,2021-08-17,11:23,Single Red,,Double Red,,High,Around 3 feet.,85.0,West winds around 10 mph.,202108171623-KTAE-FZUS52-SRFTAE,https://mesonet.agron.iastate.edu/p.php?pid=202108171623-KTAE-FZUS52-SRFTAE,NWS Tallahassee SRFTAE via Iowa Environmental Mesonet archive
2021-08-18T15:01:00+00:00,2021-08-18T10:01:00-05:00,2021-08-18,10:01,Double Red,,Yellow,,High,Around 2 feet.,85.0,South winds 5 to 10 mph.,202108181501-KTAE-FZUS52-SRFTAE,https://mesonet.agron.iastate.edu/p.php?pid=202108181501-KTAE-FZUS52-SRFTAE,NWS Tallahassee SRFTAE via Iowa Environmental Mesonet archive
2021-08-19T15:58:00+00:00,2021-08-19T10:58:00-05:00,2021-08-19,10:58,Yellow,,Yellow,,High,Around 1 foot.,86.0,"Southeast winds around 5 mph, becoming",202108191558-KTAE-FZUS52-SRFTAE,https://mesonet.agron.iastate.edu/p.php?pid=202108191558-KTAE-FZUS52-SRFTAE,NWS Tallahassee SRFTAE via Iowa Environmental Mesonet archive
2021-08-20T15:57:00+00:00,2021-08-20T10:57:00-05:00,2021-08-20,10:57,Double Red,,Single Red,,High,3 to 4 feet.,86.0,"Northwest winds around 5 mph, becoming",202108201557-KTAE-FZUS52-SRFTAE,https://mesonet.agron.iastate.edu/p.php?pid=202108201557-KTAE-FZUS52-SRFTAE,NWS Tallahassee SRFTAE via Iowa Environmental Mesonet archive
2021-08-21T15:40:00+00:00,2021-08-21T10:40:00-05:00,2021-08-21,10:40,Single Red,,Single Red,,High,Around 2 feet.,85.0,West winds around 10 mph.,202108211540-KTAE-FZUS52-SRFTAE,https://mesonet.agron.iastate.edu/p.php?pid=202108211540-KTAE-FZUS52-SRFTAE,NWS Tallahassee SRFTAE via Iowa Environmental Mesonet archive
2021-08-22T16:00:00+00:00,2021-08-22T11:00:00-05:00,2021-08-22,11:00,Single Red,,Single Red,,High,Around 2 feet.,85.0,West winds 10 to 15 mph.,202108221600-KTAE-FZUS52-SRFTAE,https://mesonet.agron.iastate.edu/p.php?pid=202108221600-KTAE-FZUS52-SRFTAE,NWS Tallahassee SRFTAE via Iowa Environmental Mesonet archive
2021-08-23T15:45:00+00:00,2021-08-23T10:45:00-05:00,2021-08-23,10:45,Single Red,,Single Red,,High,Around 2 feet.,85.0,West winds around 10 mph.,202108231545-KTAE-FZUS52-SRFTAE,https://mesonet.agron.iastate.edu/p.php?pid=202108231545-KTAE-FZUS52-SRFTAE,NWS Tallahassee SRFTAE via Iowa Environmental Mesonet archive
2021-08-24T16:16:00+00:00,2021-08-24T11:16:00-05:00,2021-08-24,11:16,Yellow,,Yellow,,Moderate,Around 1 foot.,85.0,Southwest winds around 10 mph.,202108241616-KTAE-FZUS52-SRFTAE,https://mesonet.agron.iastate.edu/p.php?pid=202108241616-KTAE-FZUS52-SRFTAE,NWS Tallahassee SRFTAE via Iowa Environmental Mesonet archive
2021-08-25T15:40:00+00:00,2021-08-25T10:40:00-05:00,2021-08-25,10:40,Yellow,,Yellow,,High,Around 1 foot.,86.0,Southeast winds around 10 mph.,202108251540-KTAE-FZUS52-SRFTAE,https://mesonet.agron.iastate.edu/p.php?pid=202108251540-KTAE-FZUS52-SRFTAE,NWS Tallahassee SRFTAE via Iowa Environmental Mesonet archive
2021-08-26T16:06:00+00:00,2021-08-26T11:06:00-05:00,2021-08-26,11:06,Yellow,,Yellow,,Moderate,Around 1 foot.,86.0,East winds around 10 mph.,202108261606-KTAE-FZUS52-SRFTAE,https://mesonet.agron.iastate.edu/p.php?pid=202108261606-KTAE-FZUS52-SRFTAE,NWS Tallahassee SRFTAE via Iowa Environmental Mesonet archive
2021-08-27T15:06:00+00:00,2021-08-27T10:06:00-05:00,2021-08-27,10:06,Single Red,,Single Red,,High,Around 2 feet.,86.0,East winds 10 to 15 mph.,202108271506-KTAE-FZUS52-SRFTAE,https://mesonet.agron.iastate.edu/p.php?pid=202108271506-KTAE-FZUS52-SRFTAE,NWS Tallahassee SRFTAE via Iowa Environmental Mesonet archive
2021-08-28T15:12:00+00:00,2021-08-28T10:12:00-05:00,2021-08-28,10:12,Single Red,,Single Red,,High,2 to 3 feet.,86.0,East winds around 20 mph.,202108281512-KTAE-FZUS52-SRFTAE,https://mesonet.agron.iastate.edu/p.php?pid=202108281512-KTAE-FZUS52-SRFTAE,NWS Tallahassee SRFTAE via Iowa Environmental Mesonet archive
2021-08-29T15:08:00+00:00,2021-08-29T10:08:00-05:00,2021-08-29,10:08,Double Red,,Double Red,,High,Around 9 feet.,85.0,Breezy. Southeast winds around 25 mph.,202108291508-KTAE-FZUS52-SRFTAE,https://mesonet.agron.iastate.edu/p.php?pid=202108291508-KTAE-FZUS52-SRFTAE,NWS Tallahassee SRFTAE via Iowa Environmental Mesonet archive
2021-08-30T17:06:00+00:00,2021-08-30T12:06:00-05:00,2021-08-30,12:06,Double Red,,Double Red,,High,Around 5 feet.,84.0,South winds around 20 mph.,202108301706-KTAE-FZUS52-SRFTAE,https://mesonet.agron.iastate.edu/p.php?pid=202108301706-KTAE-FZUS52-SRFTAE,NWS Tallahassee SRFTAE via Iowa Environmental Mesonet archive
2021-09-01T16:30:00+00:00,2021-09-01T11:30:00-05:00,2021-09-01,11:30,Double Red,,Double Red,,High,Around 4 feet.,84.0,West winds around 15 mph.,202109011630-KTAE-FZUS52-SRFTAE,https://mesonet.agron.iastate.edu/p.php?pid=202109011630-KTAE-FZUS52-SRFTAE,NWS Tallahassee SRFTAE via Iowa Environmental Mesonet archive
2021-09-02T15:00:00+00:00,2021-09-02T10:00:00-05:00,2021-09-02,10:00,Double Red,,Single Red,,High,Around 3 feet.,84.0,West winds 5 to 10 mph.,202109021500-KTAE-FZUS52-SRFTAE,https://mesonet.agron.iastate.edu/p.php?pid=202109021500-KTAE-FZUS52-SRFTAE,NWS Tallahassee SRFTAE via Iowa Environmental Mesonet archive
2021-09-03T15:14:00+00:00,2021-09-03T10:14:00-05:00,2021-09-03,10:14,Single Red,,Yellow,,High,Around 2 feet.,84.0,"East winds around 10 mph, becoming",202109031514-KTAE-FZUS52-SRFTAE,https://mesonet.agron.iastate.edu/p.php?pid=202109031514-KTAE-FZUS52-SRFTAE,NWS Tallahassee SRFTAE via Iowa Environmental Mesonet archive
2021-09-04T17:05:00+00:00,2021-09-04T12:05:00-05:00,2021-09-04,12:05,Yellow,,Yellow,,Moderate,Around 1 foot.,85.0,Southeast winds around 10 mph.,202109041705-KTAE-FZUS52-SRFTAE,https://mesonet.agron.iastate.edu/p.php?pid=202109041705-KTAE-FZUS52-SRFTAE,NWS Tallahassee SRFTAE via Iowa Environmental Mesonet archive
2021-09-05T15:44:00+00:00,2021-09-05T10:44:00-05:00,2021-09-05,10:44,Yellow,,Yellow,,Moderate,Around 1 foot.,85.0,Southeast winds around 5 mph.,202109051544-KTAE-FZUS52-SRFTAE,https://mesonet.agron.iastate.edu/p.php?pid=202109051544-KTAE-FZUS52-SRFTAE,NWS Tallahassee SRFTAE via Iowa Environmental Mesonet archive
2021-09-06T15:23:00+00:00,2021-09-06T10:23:00-05:00,2021-09-06,10:23,Yellow,,Yellow,,Moderate,Around 1 foot.,85.0,South winds around 5 mph.,202109061523-KTAE-FZUS52-SRFTAE,https://mesonet.agron.iastate.edu/p.php?pid=202109061523-KTAE-FZUS52-SRFTAE,NWS Tallahassee SRFTAE via Iowa Environmental Mesonet archive
2021-09-07T15:33:00+00:00,2021-09-07T10:33:00-05:00,2021-09-07,10:33,Yellow,,Yellow,,Moderate,Around 1 foot.,86.0,South winds 5 to 10 mph.,202109071533-KTAE-FZUS52-SRFTAE,https://mesonet.agron.iastate.edu/p.php?pid=202109071533-KTAE-FZUS52-SRFTAE,NWS Tallahassee SRFTAE via Iowa Environmental Mesonet archive
2021-09-08T15:10:00+00:00,2021-09-08T10:10:00-05:00,2021-09-08,10:10,Double Red,,Single Red,,High,2 to 3 feet.,86.0,South winds 10 to 15 mph.,202109081510-KTAE-FZUS52-SRFTAE,https://mesonet.agron.iastate.edu/p.php?pid=202109081510-KTAE-FZUS52-SRFTAE,NWS Tallahassee SRFTAE via Iowa Environmental Mesonet archive
2021-09-09T15:04:00+00:00,2021-09-09T10:04:00-05:00,2021-09-09,10:04,Single Red,,Single Red,,High,3 to 4 feet.,84.0,West winds around 10 mph.,202109091504-KTAE-FZUS52-SRFTAE,https://mesonet.agron.iastate.edu/p.php?pid=202109091504-KTAE-FZUS52-SRFTAE,NWS Tallahassee SRFTAE via Iowa Environmental Mesonet archive
2021-09-10T14:59:00+00:00,2021-09-10T09:59:00-05:00,2021-09-10,09:59,Yellow,,Yellow,,Moderate,Around 2 feet.,85.0,"Northeast winds around 10 mph, becoming",202109101459-KTAE-FZUS52-SRFTAE,https://mesonet.agron.iastate.edu/p.php?pid=202109101459-KTAE-FZUS52-SRFTAE,NWS Tallahassee SRFTAE via Iowa Environmental Mesonet archive
2021-09-11T15:34:00+00:00,2021-09-11T10:34:00-05:00,2021-09-11,10:34,Yellow,,Yellow,,Moderate,Around 1 foot.,85.0,East winds around 10 mph.,202109111534-KTAE-FZUS52-SRFTAE,https://mesonet.agron.iastate.edu/p.php?pid=202109111534-KTAE-FZUS52-SRFTAE,NWS Tallahassee SRFTAE via Iowa Environmental Mesonet archive
2021-09-12T15:53:00+00:00,2021-09-12T10:53:00-05:00,2021-09-12,10:53,Yellow,,Yellow,,High,2 to 3 feet.,85.0,Southeast winds around 15 mph.,202109121553-KTAE-FZUS52-SRFTAE,https://mesonet.agron.iastate.edu/p.php?pid=202109121553-KTAE-FZUS52-SRFTAE,NWS Tallahassee SRFTAE via Iowa Environmental Mesonet archive
2021-09-13T16:00:00+00:00,2021-09-13T11:00:00-05:00,2021-09-13,11:00,Yellow,,Yellow,,Moderate,Around 2 feet.,85.0,East winds 10 to 15 mph.,202109131600-KTAE-FZUS52-SRFTAE,https://mesonet.agron.iastate.edu/p.php?pid=202109131600-KTAE-FZUS52-SRFTAE,NWS Tallahassee SRFTAE via Iowa Environmental Mesonet archive
2021-09-14T15:59:00+00:00,2021-09-14T10:59:00-05:00,2021-09-14,10:59,Yellow,,Yellow,,Moderate,Around 2 feet.,84.0,East winds around 10 mph.,202109141559-KTAE-FZUS52-SRFTAE,https://mesonet.agron.iastate.edu/p.php?pid=202109141559-KTAE-FZUS52-SRFTAE,NWS Tallahassee SRFTAE via Iowa Environmental Mesonet archive
2021-09-15T16:02:00+00:00,2021-09-15T11:02:00-05:00,2021-09-15,11:02,Yellow,,Yellow,,Moderate,Around 2 feet.,83.0,Southeast winds around 10 mph.,202109151602-KTAE-FZUS52-SRFTAE,https://mesonet.agron.iastate.edu/p.php?pid=202109151602-KTAE-FZUS52-SRFTAE,NWS Tallahassee SRFTAE via Iowa Environmental Mesonet archive
2021-09-16T15:40:00+00:00,2021-09-16T10:40:00-05:00,2021-09-16,10:40,Single Red,,Single Red,,High,Around 3 feet.,82.0,South winds 10 to 15 mph.,202109161540-KTAE-FZUS52-SRFTAE,https://mesonet.agron.iastate.edu/p.php?pid=202109161540-KTAE-FZUS52-SRFTAE,NWS Tallahassee SRFTAE via Iowa Environmental Mesonet archive
2021-09-17T15:36:00+00:00,2021-09-17T10:36:00-05:00,2021-09-17,10:36,Single Red,,Single Red,,High,Around 2 feet.,82.0,South winds around 10 mph.,202109171536-KTAE-FZUS52-SRFTAE,https://mesonet.agron.iastate.edu/p.php?pid=202109171536-KTAE-FZUS52-SRFTAE,NWS Tallahassee SRFTAE via Iowa Environmental Mesonet archive
2021-09-18T15:58:00+00:00,2021-09-18T10:58:00-05:00,2021-09-18,10:58,Single Red,,Yellow,,High,Around 2 feet.,82.0,"Northeast winds around 5 mph, becoming",202109181558-KTAE-FZUS52-SRFTAE,https://mesonet.agron.iastate.edu/p.php?pid=202109181558-KTAE-FZUS52-SRFTAE,NWS Tallahassee SRFTAE via Iowa Environmental Mesonet archive
2021-09-19T15:18:00+00:00,2021-09-19T10:18:00-05:00,2021-09-19,10:18,Single Red,,Single Red,,High,Around 2 feet.,82.0,"Northeast winds around 5 mph, becoming",202109191518-KTAE-FZUS52-SRFTAE,https://mesonet.agron.iastate.edu/p.php?pid=202109191518-KTAE-FZUS52-SRFTAE,NWS Tallahassee SRFTAE via Iowa Environmental Mesonet archive
2021-09-20T15:24:00+00:00,2021-09-20T10:24:00-05:00,2021-09-20,10:24,Yellow,,Yellow,,Moderate,Around 1 foot.,82.0,South winds 5 to 10 mph.,202109201524-KTAE-FZUS52-SRFTAE,https://mesonet.agron.iastate.edu/p.php?pid=202109201524-KTAE-FZUS52-SRFTAE,NWS Tallahassee SRFTAE via Iowa Environmental Mesonet archive
2021-09-21T15:47:00+00:00,2021-09-21T10:47:00-05:00,2021-09-21,10:47,Yellow,,Yellow,,Moderate,Around 1 foot.,83.0,"North winds around 5 mph, becoming west",202109211547-KTAE-FZUS52-SRFTAE,https://mesonet.agron.iastate.edu/p.php?pid=202109211547-KTAE-FZUS52-SRFTAE,NWS Tallahassee SRFTAE via Iowa Environmental Mesonet archive
2021-09-23T15:20:00+00:00,2021-09-23T10:20:00-05:00,2021-09-23,10:20,Yellow,,Single Red,,Moderate,2 to 3 feet.,82.0,North winds 15 to 20 mph.,202109231520-KTAE-FZUS52-SRFTAE,https://mesonet.agron.iastate.edu/p.php?pid=202109231520-KTAE-FZUS52-SRFTAE,NWS Tallahassee SRFTAE via Iowa Environmental Mesonet archive
2021-09-24T15:14:00+00:00,2021-09-24T10:14:00-05:00,2021-09-24,10:14,Yellow,,Yellow,,Moderate,1 foot or less.,82.0,"Northeast winds around 15 mph, becoming",202109241514-KTAE-FZUS52-SRFTAE,https://mesonet.agron.iastate.edu/p.php?pid=202109241514-KTAE-FZUS52-SRFTAE,NWS Tallahassee SRFTAE via Iowa Environmental Mesonet archive
2021-09-25T16:05:00+00:00,2021-09-25T11:05:00-05:00,2021-09-25,11:05,Yellow,,Yellow,,Moderate,1 foot or less.,80.0,North winds around 5 mph.,202109251605-KTAE-FZUS52-SRFTAE,https://mesonet.agron.iastate.edu/p.php?pid=202109251605-KTAE-FZUS52-SRFTAE,NWS Tallahassee SRFTAE via Iowa Environmental Mesonet archive
2021-09-26T16:08:00+00:00,2021-09-26T11:08:00-05:00,2021-09-26,11:08,Yellow,,Yellow,,Moderate,1 foot or less.,81.0,East winds around 5 mph.,202109261608-KTAE-FZUS52-SRFTAE,https://mesonet.agron.iastate.edu/p.php?pid=202109261608-KTAE-FZUS52-SRFTAE,NWS Tallahassee SRFTAE via Iowa Environmental Mesonet archive
2021-09-27T15:16:00+00:00,2021-09-27T10:16:00-05:00,2021-09-27,10:16,Yellow,,Yellow,,Moderate,1 foot or less.,82.0,"East winds around 10 mph, becoming",202109271516-KTAE-FZUS52-SRFTAE,https://mesonet.agron.iastate.edu/p.php?pid=202109271516-KTAE-FZUS52-SRFTAE,NWS Tallahassee SRFTAE via Iowa Environmental Mesonet archive
2021-09-28T15:13:00+00:00,2021-09-28T10:13:00-05:00,2021-09-28,10:13,Yellow,,Yellow,,Moderate,Around 1 foot.,83.0,"East winds around 10 mph, becoming",202109281513-KTAE-FZUS52-SRFTAE,https://mesonet.agron.iastate.edu/p.php?pid=202109281513-KTAE-FZUS52-SRFTAE,NWS Tallahassee SRFTAE via Iowa Environmental Mesonet archive
2021-09-29T15:35:00+00:00,2021-09-29T10:35:00-05:00,2021-09-29,10:35,Yellow,,Yellow,,Moderate,Around 1 foot.,82.0,"East winds around 5 mph, becoming south",202109291535-KTAE-FZUS52-SRFTAE,https://mesonet.agron.iastate.edu/p.php?pid=202109291535-KTAE-FZUS52-SRFTAE,NWS Tallahassee SRFTAE via Iowa Environmental Mesonet archive
2021-09-30T15:22:00+00:00,2021-09-30T10:22:00-05:00,2021-09-30,10:22,Yellow,,Yellow,,Moderate,Around 1 foot.,83.0,East winds 5 to 10 mph.,202109301522-KTAE-FZUS52-SRFTAE,https://mesonet.agron.iastate.edu/p.php?pid=202109301522-KTAE-FZUS52-SRFTAE,NWS Tallahassee SRFTAE via Iowa Environmental Mesonet archive
2021-10-01T15:43:00+00:00,2021-10-01T10:43:00-05:00,2021-10-01,10:43,Yellow,,Yellow,,Moderate,Around 1 foot.,83.0,East winds around 10 mph.,202110011543-KTAE-FZUS52-SRFTAE,https://mesonet.agron.iastate.edu/p.php?pid=202110011543-KTAE-FZUS52-SRFTAE,NWS Tallahassee SRFTAE via Iowa Environmental Mesonet archive
2021-10-02T15:56:00+00:00,2021-10-02T10:56:00-05:00,2021-10-02,10:56,Yellow,,Yellow,,Moderate,1 to 2 feet.,83.0,Southeast winds around 15 mph.,202110021556-KTAE-FZUS52-SRFTAE,https://mesonet.agron.iastate.edu/p.php?pid=202110021556-KTAE-FZUS52-SRFTAE,NWS Tallahassee SRFTAE via Iowa Environmental Mesonet archive
2021-10-03T16:13:00+00:00,2021-10-03T11:13:00-05:00,2021-10-03,11:13,Single Red,,Single Red,,High,Around 2 feet.,82.0,Southeast winds around 10 mph.,202110031613-KTAE-FZUS52-SRFTAE,https://mesonet.agron.iastate.edu/p.php?pid=202110031613-KTAE-FZUS52-SRFTAE,NWS Tallahassee SRFTAE via Iowa Environmental Mesonet archive
2021-10-04T15:31:00+00:00,2021-10-04T10:31:00-05:00,2021-10-04,10:31,Single Red,,Single Red,,High,Around 2 feet.,81.0,Southeast winds around 5 mph.,202110041531-KTAE-FZUS52-SRFTAE,https://mesonet.agron.iastate.edu/p.php?pid=202110041531-KTAE-FZUS52-SRFTAE,NWS Tallahassee SRFTAE via Iowa Environmental Mesonet archive
2021-10-05T15:24:00+00:00,2021-10-05T10:24:00-05:00,2021-10-05,10:24,Single Red,,Single Red,,High,Around 1 foot.,80.0,East winds around 10 mph.,202110051524-KTAE-FZUS52-SRFTAE,https://mesonet.agron.iastate.edu/p.php?pid=202110051524-KTAE-FZUS52-SRFTAE,NWS Tallahassee SRFTAE via Iowa Environmental Mesonet archive
2021-10-06T15:24:00+00:00,2021-10-06T10:24:00-05:00,2021-10-06,10:24,Single Red,,Single Red,,High,Around 2 feet.,81.0,Southeast winds 10 to 15 mph.,202110061524-KTAE-FZUS52-SRFTAE,https://mesonet.agron.iastate.edu/p.php?pid=202110061524-KTAE-FZUS52-SRFTAE,NWS Tallahassee SRFTAE via Iowa Environmental Mesonet archive
2021-10-07T16:40:00+00:00,2021-10-07T11:40:00-05:00,2021-10-07,11:40,Single Red,,Single Red,,High,Around 1 foot.,81.0,Southeast winds around 5 mph.,202110071640-KTAE-FZUS52-SRFTAE,https://mesonet.agron.iastate.edu/p.php?pid=202110071640-KTAE-FZUS52-SRFTAE,NWS Tallahassee SRFTAE via Iowa Environmental Mesonet archive
2021-10-08T16:11:00+00:00,2021-10-08T11:11:00-05:00,2021-10-08,11:11,Yellow,,Yellow,,Moderate,Around 1 foot.,80.0,North winds around 10 mph.,202110081611-KTAE-FZUS52-SRFTAE,https://mesonet.agron.iastate.edu/p.php?pid=202110081611-KTAE-FZUS52-SRFTAE,NWS Tallahassee SRFTAE via Iowa Environmental Mesonet archive
2021-10-09T15:40:00+00:00,2021-10-09T10:40:00-05:00,2021-10-09,10:40,Yellow,,Yellow,,Moderate,Around 1 foot.,81.0,North winds around 10 mph.,202110091540-KTAE-FZUS52-SRFTAE,https://mesonet.agron.iastate.edu/p.php?pid=202110091540-KTAE-FZUS52-SRFTAE,NWS Tallahassee SRFTAE via Iowa Environmental Mesonet archive
2021-10-10T16:34:00+00:00,2021-10-10T11:34:00-05:00,2021-10-10,11:34,Yellow,,Yellow,,Moderate,Around 1 foot.,81.0,Northeast winds around 5 mph.,202110101634-KTAE-FZUS52-SRFTAE,https://mesonet.agron.iastate.edu/p.php?pid=202110101634-KTAE-FZUS52-SRFTAE,NWS Tallahassee SRFTAE via Iowa Environmental Mesonet archive
2021-10-11T16:04:00+00:00,2021-10-11T11:04:00-05:00,2021-10-11,11:04,Yellow,,Yellow,,Moderate,Around 1 foot.,81.0,"East winds around 10 mph, becoming",202110111604-KTAE-FZUS52-SRFTAE,https://mesonet.agron.iastate.edu/p.php?pid=202110111604-KTAE-FZUS52-SRFTAE,NWS Tallahassee SRFTAE via Iowa Environmental Mesonet archive
2021-10-12T15:50:00+00:00,2021-10-12T10:50:00-05:00,2021-10-12,10:50,Yellow,,Yellow,,Moderate,Around 1 foot.,82.0,East winds 5 to 10 mph.,202110121550-KTAE-FZUS52-SRFTAE,https://mesonet.agron.iastate.edu/p.php?pid=202110121550-KTAE-FZUS52-SRFTAE,NWS Tallahassee SRFTAE via Iowa Environmental Mesonet archive
2021-10-13T15:23:00+00:00,2021-10-13T10:23:00-05:00,2021-10-13,10:23,Yellow,,Yellow,,Moderate,Around 1 foot.,82.0,Southeast winds 5 to 10 mph.,202110131523-KTAE-FZUS52-SRFTAE,https://mesonet.agron.iastate.edu/p.php?pid=202110131523-KTAE-FZUS52-SRFTAE,NWS Tallahassee SRFTAE via Iowa Environmental Mesonet archive
2021-10-15T15:41:00+00:00,2021-10-15T10:41:00-05:00,2021-10-15,10:41,Yellow,,Yellow,,Moderate,Around 1 foot.,,"East winds around 5 mph, becoming south",202110151541-KTAE-FZUS52-SRFTAE,https://mesonet.agron.iastate.edu/p.php?pid=202110151541-KTAE-FZUS52-SRFTAE,NWS Tallahassee SRFTAE via Iowa Environmental Mesonet archive
2021-10-16T16:16:00+00:00,2021-10-16T11:16:00-05:00,2021-10-16,11:16,Yellow,,Single Red,,Moderate,Around 2 feet.,80.0,North winds around 15 mph.,202110161616-KTAE-FZUS52-SRFTAE,https://mesonet.agron.iastate.edu/p.php?pid=202110161616-KTAE-FZUS52-SRFTAE,NWS Tallahassee SRFTAE via Iowa Environmental Mesonet archive
2021-10-17T16:17:00+00:00,2021-10-17T11:17:00-05:00,2021-10-17,11:17,Yellow,,Single Red,,Moderate,Around 1 foot.,70.0,Northeast winds around 15 mph.,202110171617-KTAE-FZUS52-SRFTAE,https://mesonet.agron.iastate.edu/p.php?pid=202110171617-KTAE-FZUS52-SRFTAE,NWS Tallahassee SRFTAE via Iowa Environmental Mesonet archive
2021-10-18T16:17:00+00:00,2021-10-18T11:17:00-05:00,2021-10-18,11:17,Yellow,,Yellow,,Moderate,1 foot or less.,70.0,East winds around 10 mph.,202110181617-KTAE-FZUS52-SRFTAE,https://mesonet.agron.iastate.edu/p.php?pid=202110181617-KTAE-FZUS52-SRFTAE,NWS Tallahassee SRFTAE via Iowa Environmental Mesonet archive
2021-10-19T16:02:00+00:00,2021-10-19T11:02:00-05:00,2021-10-19,11:02,Yellow,,Yellow,,Moderate,Around 1 foot.,77.0,East winds around 15 mph.,202110191602-KTAE-FZUS52-SRFTAE,https://mesonet.agron.iastate.edu/p.php?pid=202110191602-KTAE-FZUS52-SRFTAE,NWS Tallahassee SRFTAE via Iowa Environmental Mesonet archive
2021-10-20T15:44:00+00:00,2021-10-20T10:44:00-05:00,2021-10-20,10:44,Yellow,,Yellow,,Moderate,1 to 2 feet.,77.0,Southeast winds 10 to 15 mph.,202110201544-KTAE-FZUS52-SRFTAE,https://mesonet.agron.iastate.edu/p.php?pid=202110201544-KTAE-FZUS52-SRFTAE,NWS Tallahassee SRFTAE via Iowa Environmental Mesonet archive
2021-10-21T15:43:00+00:00,2021-10-21T10:43:00-05:00,2021-10-21,10:43,Yellow,,Single Red,,High,1 to 2 feet.,80.0,Southeast winds around 5 mph.,202110211543-KTAE-FZUS52-SRFTAE,https://mesonet.agron.iastate.edu/p.php?pid=202110211543-KTAE-FZUS52-SRFTAE,NWS Tallahassee SRFTAE via Iowa Environmental Mesonet archive
2021-10-22T16:06:00+00:00,2021-10-22T11:06:00-05:00,2021-10-22,11:06,Yellow,,Yellow,,Moderate,Around 1 foot.,79.0,West winds around 5 mph.,202110221606-KTAE-FZUS52-SRFTAE,https://mesonet.agron.iastate.edu/p.php?pid=202110221606-KTAE-FZUS52-SRFTAE,NWS Tallahassee SRFTAE via Iowa Environmental Mesonet archive
2021-10-23T15:30:00+00:00,2021-10-23T10:30:00-05:00,2021-10-23,10:30,Yellow,,Yellow,,Moderate,Around 1 foot.,78.0,Northeast winds 5 to 10 mph.,202110231530-KTAE-FZUS52-SRFTAE,https://mesonet.agron.iastate.edu/p.php?pid=202110231530-KTAE-FZUS52-SRFTAE,NWS Tallahassee SRFTAE via Iowa Environmental Mesonet archive
2021-10-24T15:48:00+00:00,2021-10-24T10:48:00-05:00,2021-10-24,10:48,Yellow,,Yellow,,Moderate,Around 1 foot.,76.0,East winds around 10 mph.,202110241548-KTAE-FZUS52-SRFTAE,https://mesonet.agron.iastate.edu/p.php?pid=202110241548-KTAE-FZUS52-SRFTAE,NWS Tallahassee SRFTAE via Iowa Environmental Mesonet archive
2021-10-25T15:58:00+00:00,2021-10-25T10:58:00-05:00,2021-10-25,10:58,Yellow,,Single Red,,High,Around 2 feet.,76.0,"Southeast winds around 5 mph, becoming",202110251558-KTAE-FZUS52-SRFTAE,https://mesonet.agron.iastate.edu/p.php?pid=202110251558-KTAE-FZUS52-SRFTAE,NWS Tallahassee SRFTAE via Iowa Environmental Mesonet archive
2021-10-26T16:23:00+00:00,2021-10-26T11:23:00-05:00,2021-10-26,11:23,Yellow,,Single Red,,Moderate,Around 2 feet.,78.0,North winds around 10 mph.,202110261623-KTAE-FZUS52-SRFTAE,https://mesonet.agron.iastate.edu/p.php?pid=202110261623-KTAE-FZUS52-SRFTAE,NWS Tallahassee SRFTAE via Iowa Environmental Mesonet archive
2021-10-27T14:35:00+00:00,2021-10-27T09:35:00-05:00,2021-10-27,09:35,Yellow,,Single Red,,Moderate,1 to 2 feet.,75.0,East winds around 10 mph.,202110271435-KTAE-FZUS52-SRFTAE,https://mesonet.agron.iastate.edu/p.php?pid=202110271435-KTAE-FZUS52-SRFTAE,NWS Tallahassee SRFTAE via Iowa Environmental Mesonet archive
2021-10-28T16:00:00+00:00,2021-10-28T11:00:00-05:00,2021-10-28,11:00,Double Red,,Double Red,,High,7 to 8 feet.,77.0,Windy. West winds 25 to 30 mph.,202110281600-KTAE-FZUS52-SRFTAE,https://mesonet.agron.iastate.edu/p.php?pid=202110281600-KTAE-FZUS52-SRFTAE,NWS Tallahassee SRFTAE via Iowa Environmental Mesonet archive
2021-10-29T15:22:00+00:00,2021-10-29T10:22:00-05:00,2021-10-29,10:22,Double Red,,Double Red,,High,Around 10 feet.,72.0,Windy. West winds around 30 mph.,202110291522-KTAE-FZUS52-SRFTAE,https://mesonet.agron.iastate.edu/p.php?pid=202110291522-KTAE-FZUS52-SRFTAE,NWS Tallahassee SRFTAE via Iowa Environmental Mesonet archive
2021-10-30T15:16:00+00:00,2021-10-30T10:16:00-05:00,2021-10-30,10:16,Double Red,,Double Red,,High,5 to 6 feet.,70.0,Northwest winds around 20 mph.,202110301516-KTAE-FZUS52-SRFTAE,https://mesonet.agron.iastate.edu/p.php?pid=202110301516-KTAE-FZUS52-SRFTAE,NWS Tallahassee SRFTAE via Iowa Environmental Mesonet archive
2021-10-31T15:37:00+00:00,2021-10-31T10:37:00-05:00,2021-10-31,10:37,Single Red,,Double Red,,High,2 to 3 feet.,69.0,Northwest winds around 10 mph.,202110311537-KTAE-FZUS52-SRFTAE,https://mesonet.agron.iastate.edu/p.php?pid=202110311537-KTAE-FZUS52-SRFTAE,NWS Tallahassee SRFTAE via Iowa Environmental Mesonet archive
2021-11-01T15:22:00+00:00,2021-11-01T10:22:00-05:00,2021-11-01,10:22,Yellow,,Single Red,,Moderate,Around 1 foot.,70.0,North winds 5 to 10 mph.,202111011522-KTAE-FZUS52-SRFTAE,https://mesonet.agron.iastate.edu/p.php?pid=202111011522-KTAE-FZUS52-SRFTAE,NWS Tallahassee SRFTAE via Iowa Environmental Mesonet archive
2021-11-02T15:35:00+00:00,2021-11-02T10:35:00-05:00,2021-11-02,10:35,Yellow,,Yellow,,Moderate,Around 1 foot.,68.0,Northeast winds around 10 mph.,202111021535-KTAE-FZUS52-SRFTAE,https://mesonet.agron.iastate.edu/p.php?pid=202111021535-KTAE-FZUS52-SRFTAE,NWS Tallahassee SRFTAE via Iowa Environmental Mesonet archive
2021-11-03T15:45:00+00:00,2021-11-03T10:45:00-05:00,2021-11-03,10:45,Yellow,,Yellow,,Moderate,1 foot or less.,69.0,Northeast winds 10 to 15 mph.,202111031545-KTAE-FZUS52-SRFTAE,https://mesonet.agron.iastate.edu/p.php?pid=202111031545-KTAE-FZUS52-SRFTAE,NWS Tallahassee SRFTAE via Iowa Environmental Mesonet archive
2021-11-04T15:28:00+00:00,2021-11-04T10:28:00-05:00,2021-11-04,10:28,Yellow,,Yellow,,Moderate,1 foot or less.,71.0,Northeast winds 10 to 15 mph.,202111041528-KTAE-FZUS52-SRFTAE,https://mesonet.agron.iastate.edu/p.php?pid=202111041528-KTAE-FZUS52-SRFTAE,NWS Tallahassee SRFTAE via Iowa Environmental Mesonet archive
2021-11-05T18:59:00+00:00,2021-11-05T13:59:00-05:00,2021-11-05,13:59,Yellow,,Yellow,,Moderate,1 foot or less.,73.0,Northeast winds around 20 mph.,202111051859-KTAE-FZUS52-SRFTAE,https://mesonet.agron.iastate.edu/p.php?pid=202111051859-KTAE-FZUS52-SRFTAE,NWS Tallahassee SRFTAE via Iowa Environmental Mesonet archive
2021-11-06T16:15:00+00:00,2021-11-06T11:15:00-05:00,2021-11-06,11:15,Yellow,,Yellow,,Moderate,Around 1 foot.,65.0,North winds around 15 mph.,202111061615-KTAE-FZUS52-SRFTAE,https://mesonet.agron.iastate.edu/p.php?pid=202111061615-KTAE-FZUS52-SRFTAE,NWS Tallahassee SRFTAE via Iowa Environmental Mesonet archive
2021-11-07T16:35:00+00:00,2021-11-07T10:35:00-06:00,2021-11-07,10:35,Yellow,,Yellow,,Moderate,Around 1 foot.,66.0,North winds around 15 mph.,202111071635-KTAE-FZUS52-SRFTAE,https://mesonet.agron.iastate.edu/p.php?pid=202111071635-KTAE-FZUS52-SRFTAE,NWS Tallahassee SRFTAE via Iowa Environmental Mesonet archive
2021-11-08T16:53:00+00:00,2021-11-08T10:53:00-06:00,2021-11-08,10:53,Yellow,,Yellow,,Moderate,1 foot or less.,68.0,North winds 5 to 10 mph.,202111081653-KTAE-FZUS52-SRFTAE,https://mesonet.agron.iastate.edu/p.php?pid=202111081653-KTAE-FZUS52-SRFTAE,NWS Tallahassee SRFTAE via Iowa Environmental Mesonet archive
2021-11-09T16:27:00+00:00,2021-11-09T10:27:00-06:00,2021-11-09,10:27,Yellow,,Yellow,,Moderate,1 foot or less.,68.0,East winds 5 to 10 mph.,202111091627-KTAE-FZUS52-SRFTAE,https://mesonet.agron.iastate.edu/p.php?pid=202111091627-KTAE-FZUS52-SRFTAE,NWS Tallahassee SRFTAE via Iowa Environmental Mesonet archive
2021-11-11T17:17:00+00:00,2021-11-11T11:17:00-06:00,2021-11-11,11:17,Single Red,,Yellow,,High,Around 2 feet.,69.0,South winds around 10 mph.,202111111717-KTAE-FZUS52-SRFTAE,https://mesonet.agron.iastate.edu/p.php?pid=202111111717-KTAE-FZUS52-SRFTAE,NWS Tallahassee SRFTAE via Iowa Environmental Mesonet archive
2021-11-12T17:10:00+00:00,2021-11-12T11:10:00-06:00,2021-11-12,11:10,Yellow,,Single Red,,Moderate,Around 2 feet.,69.0,Southeast winds around 5 mph.,202111121710-KTAE-FZUS52-SRFTAE,https://mesonet.agron.iastate.edu/p.php?pid=202111121710-KTAE-FZUS52-SRFTAE,NWS Tallahassee SRFTAE via Iowa Environmental Mesonet archive
2021-11-13T17:52:00+00:00,2021-11-13T11:52:00-06:00,2021-11-13,11:52,Yellow,,Single Red,,High,Around 3 feet.,68.0,Northwest winds around 15 mph.,202111131752-KTAE-FZUS52-SRFTAE,https://mesonet.agron.iastate.edu/p.php?pid=202111131752-KTAE-FZUS52-SRFTAE,NWS Tallahassee SRFTAE via Iowa Environmental Mesonet archive
2021-11-14T15:31:00+00:00,2021-11-14T09:31:00-06:00,2021-11-14,09:31,Yellow,,Single Red,,Moderate,Around 1 foot.,66.0,Northwest winds around 10 mph.,202111141531-KTAE-FZUS52-SRFTAE,https://mesonet.agron.iastate.edu/p.php?pid=202111141531-KTAE-FZUS52-SRFTAE,NWS Tallahassee SRFTAE via Iowa Environmental Mesonet archive
2021-11-15T16:22:00+00:00,2021-11-15T10:22:00-06:00,2021-11-15,10:22,Yellow,,Yellow,,Moderate,Around 1 foot.,66.0,"Northeast winds around 10 mph, becoming",202111151622-KTAE-FZUS52-SRFTAE,https://mesonet.agron.iastate.edu/p.php?pid=202111151622-KTAE-FZUS52-SRFTAE,NWS Tallahassee SRFTAE via Iowa Environmental Mesonet archive
2021-11-16T16:41:00+00:00,2021-11-16T10:41:00-06:00,2021-11-16,10:41,Yellow,,Yellow,,Moderate,Around 1 foot.,67.0,Southeast winds around 5 mph.,202111161641-KTAE-FZUS52-SRFTAE,https://mesonet.agron.iastate.edu/p.php?pid=202111161641-KTAE-FZUS52-SRFTAE,NWS Tallahassee SRFTAE via Iowa Environmental Mesonet archive
2021-11-17T16:42:00+00:00,2021-11-17T10:42:00-06:00,2021-11-17,10:42,Yellow,,Yellow,,Moderate,Around 2 feet.,67.0,Southeast winds around 10 mph.,202111171642-KTAE-FZUS52-SRFTAE,https://mesonet.agron.iastate.edu/p.php?pid=202111171642-KTAE-FZUS52-SRFTAE,NWS Tallahassee SRFTAE via Iowa Environmental Mesonet archive
2021-11-18T16:36:00+00:00,2021-11-18T10:36:00-06:00,2021-11-18,10:36,Yellow,,Yellow,,Moderate,Around 2 feet.,68.0,East winds 5 to 10 mph.,202111181636-KTAE-FZUS52-SRFTAE,https://mesonet.agron.iastate.edu/p.php?pid=202111181636-KTAE-FZUS52-SRFTAE,NWS Tallahassee SRFTAE via Iowa Environmental Mesonet archive
2021-11-19T16:53:00+00:00,2021-11-19T10:53:00-06:00,2021-11-19,10:53,Yellow,,Yellow,,Moderate,Around 2 feet.,69.0,Northeast winds around 20 mph.,202111191653-KTAE-FZUS52-SRFTAE,https://mesonet.agron.iastate.edu/p.php?pid=202111191653-KTAE-FZUS52-SRFTAE,NWS Tallahassee SRFTAE via Iowa Environmental Mesonet archive
2021-11-20T16:54:00+00:00,2021-11-20T10:54:00-06:00,2021-11-20,10:54,Yellow,,Yellow,,Moderate,1 to 2 feet.,66.0,Northeast winds around 15 mph.,202111201654-KTAE-FZUS52-SRFTAE,https://mesonet.agron.iastate.edu/p.php?pid=202111201654-KTAE-FZUS52-SRFTAE,NWS Tallahassee SRFTAE via Iowa Environmental Mesonet archive
2021-11-21T16:12:00+00:00,2021-11-21T10:12:00-06:00,2021-11-21,10:12,Yellow,,Yellow,,Moderate,Around 1 foot.,66.0,East winds 5 to 10 mph.,202111211612-KTAE-FZUS52-SRFTAE,https://mesonet.agron.iastate.edu/p.php?pid=202111211612-KTAE-FZUS52-SRFTAE,NWS Tallahassee SRFTAE via Iowa Environmental Mesonet archive
2021-11-22T16:21:00+00:00,2021-11-22T10:21:00-06:00,2021-11-22,10:21,Yellow,,Single Red,,High,1 to 2 feet.,67.0,Northwest winds 15 to 20 mph.,202111221621-KTAE-FZUS52-SRFTAE,https://mesonet.agron.iastate.edu/p.php?pid=202111221621-KTAE-FZUS52-SRFTAE,NWS Tallahassee SRFTAE via Iowa Environmental Mesonet archive
2021-11-23T16:19:00+00:00,2021-11-23T10:19:00-06:00,2021-11-23,10:19,Yellow,,Single Red,,Moderate,1 to 2 feet.,65.0,Northeast winds around 15 mph.,202111231619-KTAE-FZUS52-SRFTAE,https://mesonet.agron.iastate.edu/p.php?pid=202111231619-KTAE-FZUS52-SRFTAE,NWS Tallahassee SRFTAE via Iowa Environmental Mesonet archive
2021-11-24T16:22:00+00:00,2021-11-24T10:22:00-06:00,2021-11-24,10:22,Yellow,,Yellow,,Moderate,Around 2 feet.,64.0,East winds around 15 mph.,202111241622-KTAE-FZUS52-SRFTAE,https://mesonet.agron.iastate.edu/p.php?pid=202111241622-KTAE-FZUS52-SRFTAE,NWS Tallahassee SRFTAE via Iowa Environmental Mesonet archive
2021-11-25T16:41:00+00:00,2021-11-25T10:41:00-06:00,2021-11-25,10:41,Yellow,,Yellow,,Moderate,Around 1 foot.,64.0,Southeast winds 10 to 15 mph.,202111251641-KTAE-FZUS52-SRFTAE,https://mesonet.agron.iastate.edu/p.php?pid=202111251641-KTAE-FZUS52-SRFTAE,NWS Tallahassee SRFTAE via Iowa Environmental Mesonet archive
2021-11-26T16:34:00+00:00,2021-11-26T10:34:00-06:00,2021-11-26,10:34,Yellow,,Single Red,,Moderate,Around 2 feet.,64.0,North winds around 15 mph.,202111261634-KTAE-FZUS52-SRFTAE,https://mesonet.agron.iastate.edu/p.php?pid=202111261634-KTAE-FZUS52-SRFTAE,NWS Tallahassee SRFTAE via Iowa Environmental Mesonet archive
2021-11-27T16:33:00+00:00,2021-11-27T10:33:00-06:00,2021-11-27,10:33,Yellow,,Yellow,,Moderate,Around 1 foot.,63.0,North winds 5 to 10 mph.,202111271633-KTAE-FZUS52-SRFTAE,https://mesonet.agron.iastate.edu/p.php?pid=202111271633-KTAE-FZUS52-SRFTAE,NWS Tallahassee SRFTAE via Iowa Environmental Mesonet archive
2021-11-28T16:58:00+00:00,2021-11-28T10:58:00-06:00,2021-11-28,10:58,Yellow,,Yellow,,Moderate,Around 1 foot.,62.0,Northwest winds around 10 mph.,202111281658-KTAE-FZUS52-SRFTAE,https://mesonet.agron.iastate.edu/p.php?pid=202111281658-KTAE-FZUS52-SRFTAE,NWS Tallahassee SRFTAE via Iowa Environmental Mesonet archive
2021-11-29T16:39:00+00:00,2021-11-29T10:39:00-06:00,2021-11-29,10:39,Yellow,,Single Red,,Moderate,Around 1 foot.,62.0,North winds 10 to 15 mph.,202111291639-KTAE-FZUS52-SRFTAE,https://mesonet.agron.iastate.edu/p.php?pid=202111291639-KTAE-FZUS52-SRFTAE,NWS Tallahassee SRFTAE via Iowa Environmental Mesonet archive
2021-11-30T16:49:00+00:00,2021-11-30T10:49:00-06:00,2021-11-30,10:49,Yellow,,Yellow,,Moderate,1 foot or less.,61.0,Northeast winds around 5 mph.,202111301649-KTAE-FZUS52-SRFTAE,https://mesonet.agron.iastate.edu/p.php?pid=202111301649-KTAE-FZUS52-SRFTAE,NWS Tallahassee SRFTAE via Iowa Environmental Mesonet archive
2021-12-01T17:40:00+00:00,2021-12-01T11:40:00-06:00,2021-12-01,11:40,Yellow,,Yellow,,Moderate,Around 1 foot.,62.0,Southeast winds around 5 mph.,202112011740-KTAE-FZUS52-SRFTAE,https://mesonet.agron.iastate.edu/p.php?pid=202112011740-KTAE-FZUS52-SRFTAE,NWS Tallahassee SRFTAE via Iowa Environmental Mesonet archive
2021-12-02T16:32:00+00:00,2021-12-02T10:32:00-06:00,2021-12-02,10:32,Yellow,,Yellow,,Moderate,Around 1 foot.,62.0,Northwest winds 5 to 10 mph.,202112021632-KTAE-FZUS52-SRFTAE,https://mesonet.agron.iastate.edu/p.php?pid=202112021632-KTAE-FZUS52-SRFTAE,NWS Tallahassee SRFTAE via Iowa Environmental Mesonet archive
2021-12-04T17:02:00+00:00,2021-12-04T11:02:00-06:00,2021-12-04,11:02,Yellow,,Yellow,,Moderate,Around 1 foot.,65.0,"North winds around 5 mph, becoming west",202112041702-KTAE-FZUS52-SRFTAE,https://mesonet.agron.iastate.edu/p.php?pid=202112041702-KTAE-FZUS52-SRFTAE,NWS Tallahassee SRFTAE via Iowa Environmental Mesonet archive
2021-12-05T15:38:00+00:00,2021-12-05T09:38:00-06:00,2021-12-05,09:38,Yellow,,Yellow,,Moderate,Around 1 foot.,64.0,Southeast winds around 10 mph.,202112051538-KTAE-FZUS52-SRFTAE,https://mesonet.agron.iastate.edu/p.php?pid=202112051538-KTAE-FZUS52-SRFTAE,NWS Tallahassee SRFTAE via Iowa Environmental Mesonet archive
2021-12-07T16:32:00+00:00,2021-12-07T10:32:00-06:00,2021-12-07,10:32,Yellow,,Single Red,,Moderate,Around 1 foot.,65.0,East winds around 5 mph.,202112071632-KTAE-FZUS52-SRFTAE,https://mesonet.agron.iastate.edu/p.php?pid=202112071632-KTAE-FZUS52-SRFTAE,NWS Tallahassee SRFTAE via Iowa Environmental Mesonet archive
2021-12-08T17:01:00+00:00,2021-12-08T11:01:00-06:00,2021-12-08,11:01,Yellow,,Yellow,,Moderate,Around 2 feet.,66.0,West winds around 10 mph.,202112081701-KTAE-FZUS52-SRFTAE,https://mesonet.agron.iastate.edu/p.php?pid=202112081701-KTAE-FZUS52-SRFTAE,NWS Tallahassee SRFTAE via Iowa Environmental Mesonet archive
2021-12-09T17:06:00+00:00,2021-12-09T11:06:00-06:00,2021-12-09,11:06,Yellow,,Yellow,,Moderate,Around 2 feet.,65.0,Southeast winds around 10 mph.,202112091706-KTAE-FZUS52-SRFTAE,https://mesonet.agron.iastate.edu/p.php?pid=202112091706-KTAE-FZUS52-SRFTAE,NWS Tallahassee SRFTAE via Iowa Environmental Mesonet archive
2021-12-10T16:49:00+00:00,2021-12-10T10:49:00-06:00,2021-12-10,10:49,Single Red,,Yellow,,High,Around 2 feet.,65.0,Southeast winds 10 to 15 mph.,202112101649-KTAE-FZUS52-SRFTAE,https://mesonet.agron.iastate.edu/p.php?pid=202112101649-KTAE-FZUS52-SRFTAE,NWS Tallahassee SRFTAE via Iowa Environmental Mesonet archive
2021-12-11T15:37:00+00:00,2021-12-11T09:37:00-06:00,2021-12-11,09:37,Single Red,,Single Red,,High,Around 3 feet.,66.0,South winds around 15 mph.,202112111537-KTAE-FZUS52-SRFTAE,https://mesonet.agron.iastate.edu/p.php?pid=202112111537-KTAE-FZUS52-SRFTAE,NWS Tallahassee SRFTAE via Iowa Environmental Mesonet archive
2021-12-12T16:25:00+00:00,2021-12-12T10:25:00-06:00,2021-12-12,10:25,Single Red,,Single Red,,High,Around 3 feet.,66.0,Northeast winds around 15 mph.,202112121625-KTAE-FZUS52-SRFTAE,https://mesonet.agron.iastate.edu/p.php?pid=202112121625-KTAE-FZUS52-SRFTAE,NWS Tallahassee SRFTAE via Iowa Environmental Mesonet archive
2021-12-13T17:04:00+00:00,2021-12-13T11:04:00-06:00,2021-12-13,11:04,Yellow,,Yellow,,Moderate,Around 2 feet.,65.0,Northeast winds 5 to 10 mph.,202112131704-KTAE-FZUS52-SRFTAE,https://mesonet.agron.iastate.edu/p.php?pid=202112131704-KTAE-FZUS52-SRFTAE,NWS Tallahassee SRFTAE via Iowa Environmental Mesonet archive
2021-12-14T16:37:00+00:00,2021-12-14T10:37:00-06:00,2021-12-14,10:37,Yellow,,Yellow,,Moderate,Around 1 foot.,65.0,Northeast winds around 10 mph.,202112141637-KTAE-FZUS52-SRFTAE,https://mesonet.agron.iastate.edu/p.php?pid=202112141637-KTAE-FZUS52-SRFTAE,NWS Tallahassee SRFTAE via Iowa Environmental Mesonet archive
2021-12-15T16:21:00+00:00,2021-12-15T10:21:00-06:00,2021-12-15,10:21,Yellow,,Yellow,,High,Around 1 foot.,66.0,East winds around 10 mph.,202112151621-KTAE-FZUS52-SRFTAE,https://mesonet.agron.iastate.edu/p.php?pid=202112151621-KTAE-FZUS52-SRFTAE,NWS Tallahassee SRFTAE via Iowa Environmental Mesonet archive
2021-12-16T16:46:00+00:00,2021-12-16T10:46:00-06:00,2021-12-16,10:46,Yellow,,Yellow,,Moderate,Around 2 feet.,65.0,Southeast winds around 10 mph.,202112161646-KTAE-FZUS52-SRFTAE,https://mesonet.agron.iastate.edu/p.php?pid=202112161646-KTAE-FZUS52-SRFTAE,NWS Tallahassee SRFTAE via Iowa Environmental Mesonet archive
2021-12-17T16:28:00+00:00,2021-12-17T10:28:00-06:00,2021-12-17,10:28,Yellow,,Yellow,,High,Around 2 feet.,66.0,Southeast winds around 10 mph.,202112171628-KTAE-FZUS52-SRFTAE,https://mesonet.agron.iastate.edu/p.php?pid=202112171628-KTAE-FZUS52-SRFTAE,NWS Tallahassee SRFTAE via Iowa Environmental Mesonet archive
2021-12-18T16:21:00+00:00,2021-12-18T10:21:00-06:00,2021-12-18,10:21,Yellow,,Single Red,,High,Around 3 feet.,67.0,Southeast winds 10 to 15 mph.,202112181621-KTAE-FZUS52-SRFTAE,https://mesonet.agron.iastate.edu/p.php?pid=202112181621-KTAE-FZUS52-SRFTAE,NWS Tallahassee SRFTAE via Iowa Environmental Mesonet archive
2021-12-19T16:14:00+00:00,2021-12-19T10:14:00-06:00,2021-12-19,10:14,Yellow,,Single Red,,High,Around 3 feet.,68.0,Northwest winds around 15 mph.,202112191614-KTAE-FZUS52-SRFTAE,https://mesonet.agron.iastate.edu/p.php?pid=202112191614-KTAE-FZUS52-SRFTAE,NWS Tallahassee SRFTAE via Iowa Environmental Mesonet archive
2021-12-20T16:43:00+00:00,2021-12-20T10:43:00-06:00,2021-12-20,10:43,Yellow,,Yellow,,High,Around 2 feet.,66.0,Northeast winds 10 to 15 mph.,202112201643-KTAE-FZUS52-SRFTAE,https://mesonet.agron.iastate.edu/p.php?pid=202112201643-KTAE-FZUS52-SRFTAE,NWS Tallahassee SRFTAE via Iowa Environmental Mesonet archive
2021-12-21T18:22:00+00:00,2021-12-21T12:22:00-06:00,2021-12-21,12:22,Yellow,,Yellow,,Moderate,Around 1 foot.,94.0,North winds around 15 mph.,202112211822-KTAE-FZUS52-SRFTAE,https://mesonet.agron.iastate.edu/p.php?pid=202112211822-KTAE-FZUS52-SRFTAE,NWS Tallahassee SRFTAE via Iowa Environmental Mesonet archive
2021-12-22T15:49:00+00:00,2021-12-22T09:49:00-06:00,2021-12-22,09:49,Yellow,,Single Red,,Moderate,Around 2 feet.,64.0,North winds 10 to 15 mph.,202112221549-KTAE-FZUS52-SRFTAE,https://mesonet.agron.iastate.edu/p.php?pid=202112221549-KTAE-FZUS52-SRFTAE,NWS Tallahassee SRFTAE via Iowa Environmental Mesonet archive
2021-12-23T17:23:00+00:00,2021-12-23T11:23:00-06:00,2021-12-23,11:23,Yellow,,Yellow,,Moderate,Around 1 foot.,65.0,East winds around 5 mph.,202112231723-KTAE-FZUS52-SRFTAE,https://mesonet.agron.iastate.edu/p.php?pid=202112231723-KTAE-FZUS52-SRFTAE,NWS Tallahassee SRFTAE via Iowa Environmental Mesonet archive
2021-12-24T16:42:00+00:00,2021-12-24T10:42:00-06:00,2021-12-24,10:42,Yellow,,Yellow,,Moderate,Around 1 foot.,64.0,South winds around 10 mph.,202112241642-KTAE-FZUS52-SRFTAE,https://mesonet.agron.iastate.edu/p.php?pid=202112241642-KTAE-FZUS52-SRFTAE,NWS Tallahassee SRFTAE via Iowa Environmental Mesonet archive
2021-12-25T17:23:00+00:00,2021-12-25T11:23:00-06:00,2021-12-25,11:23,Yellow,,Yellow,,High,Around 2 feet.,66.0,Southwest winds around 10 mph.,202112251723-KTAE-FZUS52-SRFTAE,https://mesonet.agron.iastate.edu/p.php?pid=202112251723-KTAE-FZUS52-SRFTAE,NWS Tallahassee SRFTAE via Iowa Environmental Mesonet archive
2021-12-26T16:48:00+00:00,2021-12-26T10:48:00-06:00,2021-12-26,10:48,Yellow,,Yellow,,Moderate,Around 2 feet.,67.0,Southwest winds 5 to 10 mph.,202112261648-KTAE-FZUS52-SRFTAE,https://mesonet.agron.iastate.edu/p.php?pid=202112261648-KTAE-FZUS52-SRFTAE,NWS Tallahassee SRFTAE via Iowa Environmental Mesonet archive
2021-12-27T17:02:00+00:00,2021-12-27T11:02:00-06:00,2021-12-27,11:02,Yellow,,Single Red,,High,Around 2 feet.,67.0,South winds around 10 mph.,202112271702-KTAE-FZUS52-SRFTAE,https://mesonet.agron.iastate.edu/p.php?pid=202112271702-KTAE-FZUS52-SRFTAE,NWS Tallahassee SRFTAE via Iowa Environmental Mesonet archive
2021-12-28T17:01:00+00:00,2021-12-28T11:01:00-06:00,2021-12-28,11:01,Single Red,,,,High,2 to 3 feet.,67.0,South winds 10 to 15 mph.,202112281701-KTAE-FZUS52-SRFTAE,https://mesonet.agron.iastate.edu/p.php?pid=202112281701-KTAE-FZUS52-SRFTAE,NWS Tallahassee SRFTAE via Iowa Environmental Mesonet archive
2021-12-29T16:53:00+00:00,2021-12-29T10:53:00-06:00,2021-12-29,10:53,Double Red,,Double Red,,High,3 to 4 feet.,67.0,South winds around 15 mph.,202112291653-KTAE-FZUS52-SRFTAE,https://mesonet.agron.iastate.edu/p.php?pid=202112291653-KTAE-FZUS52-SRFTAE,NWS Tallahassee SRFTAE via Iowa Environmental Mesonet archive
2021-12-30T16:17:00+00:00,2021-12-30T10:17:00-06:00,2021-12-30,10:17,Double Red,,Double Red,,High,Around 4 feet.,68.0,South winds around 15 mph.,202112301617-KTAE-FZUS52-SRFTAE,https://mesonet.agron.iastate.edu/p.php?pid=202112301617-KTAE-FZUS52-SRFTAE,NWS Tallahassee SRFTAE via Iowa Environmental Mesonet archive
2021-12-31T17:36:00+00:00,2021-12-31T11:36:00-06:00,2021-12-31,11:36,Single Red,,Double Red,,High,Around 3 feet.,69.0,South winds around 10 mph.,202112311736-KTAE-FZUS52-SRFTAE,https://mesonet.agron.iastate.edu/p.php?pid=202112311736-KTAE-FZUS52-SRFTAE,NWS Tallahassee SRFTAE via Iowa Environmental Mesonet archive
2022-01-01T16:14:00+00:00,2022-01-01T10:14:00-06:00,2022-01-01,10:14,Single Red,,Double Red,,High,Around 4 feet.,69.0,South winds 15 to 20 mph.,202201011614-KTAE-FZUS52-SRFTAE,https://mesonet.agron.iastate.edu/p.php?pid=202201011614-KTAE-FZUS52-SRFTAE,NWS Tallahassee SRFTAE via Iowa Environmental Mesonet archive
2022-01-02T16:24:00+00:00,2022-01-02T10:24:00-06:00,2022-01-02,10:24,Double Red,,Single Red,,High,5 to 6 feet.,70.0,Breezy. Southwest winds 20 to 25 mph.,202201021624-KTAE-FZUS52-SRFTAE,https://mesonet.agron.iastate.edu/p.php?pid=202201021624-KTAE-FZUS52-SRFTAE,NWS Tallahassee SRFTAE via Iowa Environmental Mesonet archive
2022-01-03T16:21:00+00:00,2022-01-03T10:21:00-06:00,2022-01-03,10:21,Double Red,,Double Red,,High,Around 5 feet.,66.0,North winds around 20 mph.,202201031621-KTAE-FZUS52-SRFTAE,https://mesonet.agron.iastate.edu/p.php?pid=202201031621-KTAE-FZUS52-SRFTAE,NWS Tallahassee SRFTAE via Iowa Environmental Mesonet archive
2022-01-04T17:07:00+00:00,2022-01-04T11:07:00-06:00,2022-01-04,11:07,Yellow,,Single Red,,Moderate,Around 1 foot.,64.0,East winds 5 to 10 mph.,202201041707-KTAE-FZUS52-SRFTAE,https://mesonet.agron.iastate.edu/p.php?pid=202201041707-KTAE-FZUS52-SRFTAE,NWS Tallahassee SRFTAE via Iowa Environmental Mesonet archive
2022-01-05T16:14:00+00:00,2022-01-05T10:14:00-06:00,2022-01-05,10:14,Yellow,,Yellow,,Moderate,1 to 2 feet.,65.0,North winds around 10 mph.,202201051614-KTAE-FZUS52-SRFTAE,https://mesonet.agron.iastate.edu/p.php?pid=202201051614-KTAE-FZUS52-SRFTAE,NWS Tallahassee SRFTAE via Iowa Environmental Mesonet archive
2022-01-06T16:29:00+00:00,2022-01-06T10:29:00-06:00,2022-01-06,10:29,Yellow,,Single Red,,High,2 to 4 feet.,65.0,South winds 15 to 20 mph.,202201061629-KTAE-FZUS52-SRFTAE,https://mesonet.agron.iastate.edu/p.php?pid=202201061629-KTAE-FZUS52-SRFTAE,NWS Tallahassee SRFTAE via Iowa Environmental Mesonet archive
2022-01-07T16:44:00+00:00,2022-01-07T10:44:00-06:00,2022-01-07,10:44,Yellow,,Single Red,,Moderate,2 to 3 feet.,65.0,Northeast winds 15 to 20 mph.,202201071644-KTAE-FZUS52-SRFTAE,https://mesonet.agron.iastate.edu/p.php?pid=202201071644-KTAE-FZUS52-SRFTAE,NWS Tallahassee SRFTAE via Iowa Environmental Mesonet archive
2022-01-08T16:45:00+00:00,2022-01-08T10:45:00-06:00,2022-01-08,10:45,Yellow,,Yellow,,Moderate,1 to 2 feet.,64.0,East winds around 15 mph.,202201081645-KTAE-FZUS52-SRFTAE,https://mesonet.agron.iastate.edu/p.php?pid=202201081645-KTAE-FZUS52-SRFTAE,NWS Tallahassee SRFTAE via Iowa Environmental Mesonet archive
2022-01-09T16:45:00+00:00,2022-01-09T10:45:00-06:00,2022-01-09,10:45,Yellow,,Single Red,,High,Around 3 feet.,64.0,Southeast winds around 15 mph.,202201091645-KTAE-FZUS52-SRFTAE,https://mesonet.agron.iastate.edu/p.php?pid=202201091645-KTAE-FZUS52-SRFTAE,NWS Tallahassee SRFTAE via Iowa Environmental Mesonet archive
2022-01-10T21:33:00+00:00,2022-01-10T15:33:00-06:00,2022-01-10,15:33,Yellow,,Single Red,,High,Around 3 feet.,65.0,North winds around 20 mph.,202201102133-KTAE-FZUS52-SRFTAE,https://mesonet.agron.iastate.edu/p.php?pid=202201102133-KTAE-FZUS52-SRFTAE,NWS Tallahassee SRFTAE via Iowa Environmental Mesonet archive
2022-01-11T16:16:00+00:00,2022-01-11T10:16:00-06:00,2022-01-11,10:16,Yellow,,Single Red,,Moderate,Around 2 feet.,62.0,Northeast winds 15 to 20 mph.,202201111616-KTAE-FZUS52-SRFTAE,https://mesonet.agron.iastate.edu/p.php?pid=202201111616-KTAE-FZUS52-SRFTAE,NWS Tallahassee SRFTAE via Iowa Environmental Mesonet archive
2022-01-12T16:14:00+00:00,2022-01-12T10:14:00-06:00,2022-01-12,10:14,Yellow,,Yellow,,Moderate,Around 1 foot.,62.0,Northeast winds 5 to 10 mph.,202201121614-KTAE-FZUS52-SRFTAE,https://mesonet.agron.iastate.edu/p.php?pid=202201121614-KTAE-FZUS52-SRFTAE,NWS Tallahassee SRFTAE via Iowa Environmental Mesonet archive
2022-01-13T16:11:00+00:00,2022-01-13T10:11:00-06:00,2022-01-13,10:11,Yellow,,Yellow,,High,1 to 2 feet.,62.0,Northwest winds 10 to 15 mph.,202201131611-KTAE-FZUS52-SRFTAE,https://mesonet.agron.iastate.edu/p.php?pid=202201131611-KTAE-FZUS52-SRFTAE,NWS Tallahassee SRFTAE via Iowa Environmental Mesonet archive
2022-01-14T17:14:00+00:00,2022-01-14T11:14:00-06:00,2022-01-14,11:14,Yellow,,Double Red,,Moderate,Around 2 feet.,62.0,"Northeast winds around 10 mph, becoming",202201141714-KTAE-FZUS52-SRFTAE,https://mesonet.agron.iastate.edu/p.php?pid=202201141714-KTAE-FZUS52-SRFTAE,NWS Tallahassee SRFTAE via Iowa Environmental Mesonet archive
2022-01-15T16:18:00+00:00,2022-01-15T10:18:00-06:00,2022-01-15,10:18,Yellow,,Single Red,,High,1 to 3 feet.,61.0,Southeast winds 15 to 20 mph.,202201151618-KTAE-FZUS52-SRFTAE,https://mesonet.agron.iastate.edu/p.php?pid=202201151618-KTAE-FZUS52-SRFTAE,NWS Tallahassee SRFTAE via Iowa Environmental Mesonet archive
2022-01-16T17:23:00+00:00,2022-01-16T11:23:00-06:00,2022-01-16,11:23,Double Red,,Double Red,,High,Around 10 feet.,61.0,Windy. West winds around 35 mph.,202201161723-KTAE-FZUS52-SRFTAE,https://mesonet.agron.iastate.edu/p.php?pid=202201161723-KTAE-FZUS52-SRFTAE,NWS Tallahassee SRFTAE via Iowa Environmental Mesonet archive
2022-01-17T17:39:00+00:00,2022-01-17T11:39:00-06:00,2022-01-17,11:39,Double Red,,Double Red,,High,Around 6 feet.,60.0,Northwest winds around 20 mph.,202201171739-KTAE-FZUS52-SRFTAE,https://mesonet.agron.iastate.edu/p.php?pid=202201171739-KTAE-FZUS52-SRFTAE,NWS Tallahassee SRFTAE via Iowa Environmental Mesonet archive
2022-01-18T18:45:00+00:00,2022-01-18T12:45:00-06:00,2022-01-18,12:45,Double Red,,Single Red,,High,Around 2 feet.,60.0,Southeast winds around 5 mph.,202201181845-KTAE-FZUS52-SRFTAE,https://mesonet.agron.iastate.edu/p.php?pid=202201181845-KTAE-FZUS52-SRFTAE,NWS Tallahassee SRFTAE via Iowa Environmental Mesonet archive
2022-01-19T17:18:00+00:00,2022-01-19T11:18:00-06:00,2022-01-19,11:18,Single Red,,Yellow,,High,Around 2 feet.,59.0,Southeast winds around 10 mph.,202201191718-KTAE-FZUS52-SRFTAE,https://mesonet.agron.iastate.edu/p.php?pid=202201191718-KTAE-FZUS52-SRFTAE,NWS Tallahassee SRFTAE via Iowa Environmental Mesonet archive
2022-01-20T19:46:00+00:00,2022-01-20T13:46:00-06:00,2022-01-20,13:46,Single Red,,Yellow,,High,Around 2 feet.,61.0,North winds around 15 mph.,202201201946-KTAE-FZUS52-SRFTAE,https://mesonet.agron.iastate.edu/p.php?pid=202201201946-KTAE-FZUS52-SRFTAE,NWS Tallahassee SRFTAE via Iowa Environmental Mesonet archive
2022-01-21T16:21:00+00:00,2022-01-21T10:21:00-06:00,2022-01-21,10:21,Yellow,,Yellow,,Moderate,Around 1 foot.,60.0,North winds 15 to 20 mph.,202201211621-KTAE-FZUS52-SRFTAE,https://mesonet.agron.iastate.edu/p.php?pid=202201211621-KTAE-FZUS52-SRFTAE,NWS Tallahassee SRFTAE via Iowa Environmental Mesonet archive
2022-01-22T19:55:00+00:00,2022-01-22T13:55:00-06:00,2022-01-22,13:55,Yellow,,Yellow,,Moderate,Around 2 feet.,59.0,North winds around 15 mph.,202201221955-KTAE-FZUS52-SRFTAE,https://mesonet.agron.iastate.edu/p.php?pid=202201221955-KTAE-FZUS52-SRFTAE,NWS Tallahassee SRFTAE via Iowa Environmental Mesonet archive
2022-01-23T16:29:00+00:00,2022-01-23T10:29:00-06:00,2022-01-23,10:29,Yellow,,Yellow,,Moderate,Around 1 foot.,59.0,Northwest winds around 10 mph.,202201231629-KTAE-FZUS52-SRFTAE,https://mesonet.agron.iastate.edu/p.php?pid=202201231629-KTAE-FZUS52-SRFTAE,NWS Tallahassee SRFTAE via Iowa Environmental Mesonet archive
2022-01-24T16:23:00+00:00,2022-01-24T10:23:00-06:00,2022-01-24,10:23,Yellow,,Single Red,,Moderate,Around 1 foot.,58.0,"Northeast winds around 5 mph, becoming",202201241623-KTAE-FZUS52-SRFTAE,https://mesonet.agron.iastate.edu/p.php?pid=202201241623-KTAE-FZUS52-SRFTAE,NWS Tallahassee SRFTAE via Iowa Environmental Mesonet archive
2022-01-25T16:22:00+00:00,2022-01-25T10:22:00-06:00,2022-01-25,10:22,Yellow,,Single Red,,Moderate,1 to 2 feet.,58.0,Northeast winds around 20 mph.,202201251622-KTAE-FZUS52-SRFTAE,https://mesonet.agron.iastate.edu/p.php?pid=202201251622-KTAE-FZUS52-SRFTAE,NWS Tallahassee SRFTAE via Iowa Environmental Mesonet archive
2022-01-26T17:05:00+00:00,2022-01-26T11:05:00-06:00,2022-01-26,11:05,Yellow,,Single Red,,High,Around 4 feet.,58.0,Northeast winds around 20 mph.,202201261705-KTAE-FZUS52-SRFTAE,https://mesonet.agron.iastate.edu/p.php?pid=202201261705-KTAE-FZUS52-SRFTAE,NWS Tallahassee SRFTAE via Iowa Environmental Mesonet archive
2022-01-27T16:19:00+00:00,2022-01-27T10:19:00-06:00,2022-01-27,10:19,Yellow,,Yellow,,Moderate,Around 1 foot.,57.0,Northeast winds 10 to 15 mph.,202201271619-KTAE-FZUS52-SRFTAE,https://mesonet.agron.iastate.edu/p.php?pid=202201271619-KTAE-FZUS52-SRFTAE,NWS Tallahassee SRFTAE via Iowa Environmental Mesonet archive
2022-01-28T15:59:00+00:00,2022-01-28T09:59:00-06:00,2022-01-28,09:59,Yellow,,Single Red,,High,1 to 3 feet.,58.0,"North winds around 5 mph, increasing to",202201281559-KTAE-FZUS52-SRFTAE,https://mesonet.agron.iastate.edu/p.php?pid=202201281559-KTAE-FZUS52-SRFTAE,NWS Tallahassee SRFTAE via Iowa Environmental Mesonet archive
2022-01-29T17:00:00+00:00,2022-01-29T11:00:00-06:00,2022-01-29,11:00,Yellow,,Single Red,,High,Around 4 feet.,55.0,North winds around 20 mph.,202201291700-KTAE-FZUS52-SRFTAE,https://mesonet.agron.iastate.edu/p.php?pid=202201291700-KTAE-FZUS52-SRFTAE,NWS Tallahassee SRFTAE via Iowa Environmental Mesonet archive
2022-01-30T16:26:00+00:00,2022-01-30T10:26:00-06:00,2022-01-30,10:26,Yellow,,Single Red,,High,2 feet or less.,56.0,Southwest winds 10 to 15 mph.,202201301626-KTAE-FZUS52-SRFTAE,https://mesonet.agron.iastate.edu/p.php?pid=202201301626-KTAE-FZUS52-SRFTAE,NWS Tallahassee SRFTAE via Iowa Environmental Mesonet archive
2022-01-31T16:38:00+00:00,2022-01-31T10:38:00-06:00,2022-01-31,10:38,Yellow,,Double Red,,High,Around 2 feet.,57.0,West winds around 10 mph.,202201311638-KTAE-FZUS52-SRFTAE,https://mesonet.agron.iastate.edu/p.php?pid=202201311638-KTAE-FZUS52-SRFTAE,NWS Tallahassee SRFTAE via Iowa Environmental Mesonet archive
2022-02-01T15:16:00+00:00,2022-02-01T09:16:00-06:00,2022-02-01,09:16,Yellow,,Double Red,,High,1 to 3 feet.,57.0,Southeast winds around 20 mph.,202202011516-KTAE-FZUS52-SRFTAE,https://mesonet.agron.iastate.edu/p.php?pid=202202011516-KTAE-FZUS52-SRFTAE,NWS Tallahassee SRFTAE via Iowa Environmental Mesonet archive
2022-02-02T16:56:00+00:00,2022-02-02T10:56:00-06:00,2022-02-02,10:56,Single Red,,Double Red,,High,Around 5 feet.,58.0,Southeast winds around 20 mph.,202202021656-KTAE-FZUS52-SRFTAE,https://mesonet.agron.iastate.edu/p.php?pid=202202021656-KTAE-FZUS52-SRFTAE,NWS Tallahassee SRFTAE via Iowa Environmental Mesonet archive
2022-02-03T17:00:00+00:00,2022-02-03T11:00:00-06:00,2022-02-03,11:00,Single Red,,Double Red,,High,Around 5 feet.,58.0,Breezy. Southeast winds 20 to 25 mph.,202202031700-KTAE-FZUS52-SRFTAE,https://mesonet.agron.iastate.edu/p.php?pid=202202031700-KTAE-FZUS52-SRFTAE,NWS Tallahassee SRFTAE via Iowa Environmental Mesonet archive
2022-02-04T15:47:00+00:00,2022-02-04T09:47:00-06:00,2022-02-04,09:47,Single Red,,Double Red,,High,Around 4 feet.,59.0,Northwest winds around 15 mph.,202202041547-KTAE-FZUS52-SRFTAE,https://mesonet.agron.iastate.edu/p.php?pid=202202041547-KTAE-FZUS52-SRFTAE,NWS Tallahassee SRFTAE via Iowa Environmental Mesonet archive
2022-02-05T16:59:00+00:00,2022-02-05T10:59:00-06:00,2022-02-05,10:59,Yellow,,Double Red,,High,Around 3 feet.,58.0,North winds 15 to 20 mph.,202202051659-KTAE-FZUS52-SRFTAE,https://mesonet.agron.iastate.edu/p.php?pid=202202051659-KTAE-FZUS52-SRFTAE,NWS Tallahassee SRFTAE via Iowa Environmental Mesonet archive
2022-02-06T16:53:00+00:00,2022-02-06T10:53:00-06:00,2022-02-06,10:53,Yellow,,Yellow,,Moderate,Around 1 foot.,58.0,Northeast winds around 10 mph.,202202061653-KTAE-FZUS52-SRFTAE,https://mesonet.agron.iastate.edu/p.php?pid=202202061653-KTAE-FZUS52-SRFTAE,NWS Tallahassee SRFTAE via Iowa Environmental Mesonet archive
2022-02-07T16:38:00+00:00,2022-02-07T10:38:00-06:00,2022-02-07,10:38,Yellow,,Yellow,,Moderate,Around 1 foot.,59.0,North winds around 10 mph.,202202071638-KTAE-FZUS52-SRFTAE,https://mesonet.agron.iastate.edu/p.php?pid=202202071638-KTAE-FZUS52-SRFTAE,NWS Tallahassee SRFTAE via Iowa Environmental Mesonet archive
2022-02-08T16:55:00+00:00,2022-02-08T10:55:00-06:00,2022-02-08,10:55,Yellow,,Yellow,,Moderate,Around 1 foot.,58.0,North winds 10 to 15 mph.,202202081655-KTAE-FZUS52-SRFTAE,https://mesonet.agron.iastate.edu/p.php?pid=202202081655-KTAE-FZUS52-SRFTAE,NWS Tallahassee SRFTAE via Iowa Environmental Mesonet archive
2022-02-09T16:59:00+00:00,2022-02-09T10:59:00-06:00,2022-02-09,10:59,Yellow,,Yellow,,Moderate,Around 1 foot.,59.0,"North winds around 5 mph, becoming",202202091659-KTAE-FZUS52-SRFTAE,https://mesonet.agron.iastate.edu/p.php?pid=202202091659-KTAE-FZUS52-SRFTAE,NWS Tallahassee SRFTAE via Iowa Environmental Mesonet archive
2022-02-10T16:40:00+00:00,2022-02-10T10:40:00-06:00,2022-02-10,10:40,Yellow,,Yellow,,Moderate,Around 1 foot.,58.0,"North winds around 5 mph, becoming west",202202101640-KTAE-FZUS52-SRFTAE,https://mesonet.agron.iastate.edu/p.php?pid=202202101640-KTAE-FZUS52-SRFTAE,NWS Tallahassee SRFTAE via Iowa Environmental Mesonet archive
2022-02-11T16:59:00+00:00,2022-02-11T10:59:00-06:00,2022-02-11,10:59,Yellow,,Yellow,,Moderate,Around 1 foot.,59.0,Southeast winds around 5 mph.,202202111659-KTAE-FZUS52-SRFTAE,https://mesonet.agron.iastate.edu/p.php?pid=202202111659-KTAE-FZUS52-SRFTAE,NWS Tallahassee SRFTAE via Iowa Environmental Mesonet archive
2022-02-12T16:42:00+00:00,2022-02-12T10:42:00-06:00,2022-02-12,10:42,Yellow,,Yellow,,Moderate,Around 2 feet.,59.0,Southeast winds 5 to 10 mph.,202202121642-KTAE-FZUS52-SRFTAE,https://mesonet.agron.iastate.edu/p.php?pid=202202121642-KTAE-FZUS52-SRFTAE,NWS Tallahassee SRFTAE via Iowa Environmental Mesonet archive
2022-02-13T16:37:00+00:00,2022-02-13T10:37:00-06:00,2022-02-13,10:37,Yellow,,Single Red,,High,Around 3 feet.,59.0,Northwest winds around 20 mph.,202202131637-KTAE-FZUS52-SRFTAE,https://mesonet.agron.iastate.edu/p.php?pid=202202131637-KTAE-FZUS52-SRFTAE,NWS Tallahassee SRFTAE via Iowa Environmental Mesonet archive
2022-02-14T16:44:00+00:00,2022-02-14T10:44:00-06:00,2022-02-14,10:44,Yellow,,Single Red,,Moderate,Around 1 foot.,58.0,Northwest winds 5 to 10 mph.,202202141644-KTAE-FZUS52-SRFTAE,https://mesonet.agron.iastate.edu/p.php?pid=202202141644-KTAE-FZUS52-SRFTAE,NWS Tallahassee SRFTAE via Iowa Environmental Mesonet archive
2022-02-15T16:47:00+00:00,2022-02-15T10:47:00-06:00,2022-02-15,10:47,Yellow,,Yellow,,Moderate,2 feet or less.,58.0,East winds around 15 mph.,202202151647-KTAE-FZUS52-SRFTAE,https://mesonet.agron.iastate.edu/p.php?pid=202202151647-KTAE-FZUS52-SRFTAE,NWS Tallahassee SRFTAE via Iowa Environmental Mesonet archive
2022-02-17T16:51:00+00:00,2022-02-17T10:51:00-06:00,2022-02-17,10:51,Single Red,,Single Red,,High,Around 4 feet.,60.0,Southeast winds around 20 mph.,202202171651-KTAE-FZUS52-SRFTAE,https://mesonet.agron.iastate.edu/p.php?pid=202202171651-KTAE-FZUS52-SRFTAE,NWS Tallahassee SRFTAE via Iowa Environmental Mesonet archive
2022-02-18T16:50:00+00:00,2022-02-18T10:50:00-06:00,2022-02-18,10:50,Single Red,,Single Red,,High,Around 4 feet.,60.0,North winds around 15 mph.,202202181650-KTAE-FZUS52-SRFTAE,https://mesonet.agron.iastate.edu/p.php?pid=202202181650-KTAE-FZUS52-SRFTAE,NWS Tallahassee SRFTAE via Iowa Environmental Mesonet archive
2022-02-19T16:59:00+00:00,2022-02-19T10:59:00-06:00,2022-02-19,10:59,Yellow,,Yellow,,Moderate,Around 2 feet.,59.0,North winds around 15 mph.,202202191659-KTAE-FZUS52-SRFTAE,https://mesonet.agron.iastate.edu/p.php?pid=202202191659-KTAE-FZUS52-SRFTAE,NWS Tallahassee SRFTAE via Iowa Environmental Mesonet archive
2022-02-20T16:41:00+00:00,2022-02-20T10:41:00-06:00,2022-02-20,10:41,Yellow,,Yellow,,Moderate,Around 1 foot.,59.0,East winds 10 to 15 mph.,202202201641-KTAE-FZUS52-SRFTAE,https://mesonet.agron.iastate.edu/p.php?pid=202202201641-KTAE-FZUS52-SRFTAE,NWS Tallahassee SRFTAE via Iowa Environmental Mesonet archive
2022-02-21T16:17:00+00:00,2022-02-21T10:17:00-06:00,2022-02-21,10:17,Yellow,,Yellow,,Moderate,Around 1 foot.,60.0,Southeast winds around 10 mph.,202202211617-KTAE-FZUS52-SRFTAE,https://mesonet.agron.iastate.edu/p.php?pid=202202211617-KTAE-FZUS52-SRFTAE,NWS Tallahassee SRFTAE via Iowa Environmental Mesonet archive
2022-02-22T16:18:00+00:00,2022-02-22T10:18:00-06:00,2022-02-22,10:18,Yellow,,Single Red,,High,2 to 3 feet.,62.0,Southeast winds around 15 mph.,202202221618-KTAE-FZUS52-SRFTAE,https://mesonet.agron.iastate.edu/p.php?pid=202202221618-KTAE-FZUS52-SRFTAE,NWS Tallahassee SRFTAE via Iowa Environmental Mesonet archive
2022-02-23T16:53:00+00:00,2022-02-23T10:53:00-06:00,2022-02-23,10:53,Yellow,,Single Red,,High,Around 2 feet.,62.0,Southeast winds around 10 mph.,202202231653-KTAE-FZUS52-SRFTAE,https://mesonet.agron.iastate.edu/p.php?pid=202202231653-KTAE-FZUS52-SRFTAE,NWS Tallahassee SRFTAE via Iowa Environmental Mesonet archive
2022-02-24T16:50:00+00:00,2022-02-24T10:50:00-06:00,2022-02-24,10:50,Yellow,,Yellow,,Moderate,Around 2 feet.,64.0,Southeast winds around 10 mph.,202202241650-KTAE-FZUS52-SRFTAE,https://mesonet.agron.iastate.edu/p.php?pid=202202241650-KTAE-FZUS52-SRFTAE,NWS Tallahassee SRFTAE via Iowa Environmental Mesonet archive
2022-02-25T16:50:00+00:00,2022-02-25T10:50:00-06:00,2022-02-25,10:50,Yellow,,Yellow,,Moderate,Around 2 feet.,65.0,South winds around 10 mph.,202202251650-KTAE-FZUS52-SRFTAE,https://mesonet.agron.iastate.edu/p.php?pid=202202251650-KTAE-FZUS52-SRFTAE,NWS Tallahassee SRFTAE via Iowa Environmental Mesonet archive
2022-02-26T16:35:00+00:00,2022-02-26T10:35:00-06:00,2022-02-26,10:35,Yellow,,Yellow,,Moderate,1 to 2 feet.,62.0,North winds 5 to 10 mph.,202202261635-KTAE-FZUS52-SRFTAE,https://mesonet.agron.iastate.edu/p.php?pid=202202261635-KTAE-FZUS52-SRFTAE,NWS Tallahassee SRFTAE via Iowa Environmental Mesonet archive
2022-02-27T16:17:00+00:00,2022-02-27T10:17:00-06:00,2022-02-27,10:17,Yellow,,Yellow,,Moderate,Around 1 foot.,63.0,West winds 5 to 10 mph.,202202271617-KTAE-FZUS52-SRFTAE,https://mesonet.agron.iastate.edu/p.php?pid=202202271617-KTAE-FZUS52-SRFTAE,NWS Tallahassee SRFTAE via Iowa Environmental Mesonet archive
2022-02-28T17:32:00+00:00,2022-02-28T11:32:00-06:00,2022-02-28,11:32,Yellow,,Single Red,,Moderate,Around 2 feet.,62.0,North winds around 15 mph.,202202281732-KTAE-FZUS52-SRFTAE,https://mesonet.agron.iastate.edu/p.php?pid=202202281732-KTAE-FZUS52-SRFTAE,NWS Tallahassee SRFTAE via Iowa Environmental Mesonet archive
2022-03-01T16:44:00+00:00,2022-03-01T10:44:00-06:00,2022-03-01,10:44,Yellow,,Yellow,,Moderate,Around 1 foot.,60.0,"Northeast winds around 10 mph, becoming",202203011644-KTAE-FZUS52-SRFTAE,https://mesonet.agron.iastate.edu/p.php?pid=202203011644-KTAE-FZUS52-SRFTAE,NWS Tallahassee SRFTAE via Iowa Environmental Mesonet archive
2022-03-02T16:12:00+00:00,2022-03-02T10:12:00-06:00,2022-03-02,10:12,Yellow,,Yellow,,Moderate,Around 1 foot.,62.0,"Northeast winds around 5 mph, becoming",202203021612-KTAE-FZUS52-SRFTAE,https://mesonet.agron.iastate.edu/p.php?pid=202203021612-KTAE-FZUS52-SRFTAE,NWS Tallahassee SRFTAE via Iowa Environmental Mesonet archive
2022-03-03T17:27:00+00:00,2022-03-03T11:27:00-06:00,2022-03-03,11:27,Yellow,,Yellow,,Moderate,Around 1 foot.,62.0,West winds around 5 mph.,202203031727-KTAE-FZUS52-SRFTAE,https://mesonet.agron.iastate.edu/p.php?pid=202203031727-KTAE-FZUS52-SRFTAE,NWS Tallahassee SRFTAE via Iowa Environmental Mesonet archive
2022-03-04T16:48:00+00:00,2022-03-04T10:48:00-06:00,2022-03-04,10:48,Yellow,,Yellow,,Moderate,Around 1 foot.,62.0,"East winds around 10 mph, becoming",202203041648-KTAE-FZUS52-SRFTAE,https://mesonet.agron.iastate.edu/p.php?pid=202203041648-KTAE-FZUS52-SRFTAE,NWS Tallahassee SRFTAE via Iowa Environmental Mesonet archive
2022-03-05T16:16:00+00:00,2022-03-05T10:16:00-06:00,2022-03-05,10:16,Yellow,,Yellow,,High,2 to 3 feet.,63.0,Southeast winds around 15 mph.,202203051616-KTAE-FZUS52-SRFTAE,https://mesonet.agron.iastate.edu/p.php?pid=202203051616-KTAE-FZUS52-SRFTAE,NWS Tallahassee SRFTAE via Iowa Environmental Mesonet archive
2022-03-06T16:31:00+00:00,2022-03-06T10:31:00-06:00,2022-03-06,10:31,Yellow,,Single Red,,High,Around 3 feet.,65.0,Southeast winds around 15 mph.,202203061631-KTAE-FZUS52-SRFTAE,https://mesonet.agron.iastate.edu/p.php?pid=202203061631-KTAE-FZUS52-SRFTAE,NWS Tallahassee SRFTAE via Iowa Environmental Mesonet archive
2022-03-07T16:41:00+00:00,2022-03-07T10:41:00-06:00,2022-03-07,10:41,Yellow,,Single Red,,High,Around 4 feet.,67.0,South winds around 15 mph.,202203071641-KTAE-FZUS52-SRFTAE,https://mesonet.agron.iastate.edu/p.php?pid=202203071641-KTAE-FZUS52-SRFTAE,NWS Tallahassee SRFTAE via Iowa Environmental Mesonet archive
2022-03-08T16:25:00+00:00,2022-03-08T10:25:00-06:00,2022-03-08,10:25,Yellow,,Single Red,,High,Around 2 feet.,67.0,Southeast winds around 10 mph.,202203081625-KTAE-FZUS52-SRFTAE,https://mesonet.agron.iastate.edu/p.php?pid=202203081625-KTAE-FZUS52-SRFTAE,NWS Tallahassee SRFTAE via Iowa Environmental Mesonet archive
2022-03-09T16:29:00+00:00,2022-03-09T10:29:00-06:00,2022-03-09,10:29,Yellow,,Double Red,,High,Around 3 feet.,68.0,"Southwest winds around 15 mph, becoming",202203091629-KTAE-FZUS52-SRFTAE,https://mesonet.agron.iastate.edu/p.php?pid=202203091629-KTAE-FZUS52-SRFTAE,NWS Tallahassee SRFTAE via Iowa Environmental Mesonet archive
2022-03-10T17:04:00+00:00,2022-03-10T11:04:00-06:00,2022-03-10,11:04,Yellow,,Single Red,,High,Around 2 feet.,67.0,Northeast winds around 10 mph.,202203101704-KTAE-FZUS52-SRFTAE,https://mesonet.agron.iastate.edu/p.php?pid=202203101704-KTAE-FZUS52-SRFTAE,NWS Tallahassee SRFTAE via Iowa Environmental Mesonet archive
2022-03-11T16:42:00+00:00,2022-03-11T10:42:00-06:00,2022-03-11,10:42,Single Red,,Single Red,,High,3 to 4 feet.,68.0,South winds around 15 mph.,202203111642-KTAE-FZUS52-SRFTAE,https://mesonet.agron.iastate.edu/p.php?pid=202203111642-KTAE-FZUS52-SRFTAE,NWS Tallahassee SRFTAE via Iowa Environmental Mesonet archive
2022-03-12T16:43:00+00:00,2022-03-12T10:43:00-06:00,2022-03-12,10:43,Single Red,,Double Red,,High,Around 7 feet.,66.0,Windy. North winds 25 to 30 mph.,202203121643-KTAE-FZUS52-SRFTAE,https://mesonet.agron.iastate.edu/p.php?pid=202203121643-KTAE-FZUS52-SRFTAE,NWS Tallahassee SRFTAE via Iowa Environmental Mesonet archive
2022-03-13T15:57:00+00:00,2022-03-13T10:57:00-05:00,2022-03-13,10:57,Yellow,,Yellow,,Moderate,Around 1 foot.,65.0,East winds 10 to 15 mph.,202203131557-KTAE-FZUS52-SRFTAE,https://mesonet.agron.iastate.edu/p.php?pid=202203131557-KTAE-FZUS52-SRFTAE,NWS Tallahassee SRFTAE via Iowa Environmental Mesonet archive
2022-03-14T15:47:00+00:00,2022-03-14T10:47:00-05:00,2022-03-14,10:47,Yellow,,Yellow,,Moderate,Around 1 foot.,64.0,East winds 10 to 15 mph.,202203141547-KTAE-FZUS52-SRFTAE,https://mesonet.agron.iastate.edu/p.php?pid=202203141547-KTAE-FZUS52-SRFTAE,NWS Tallahassee SRFTAE via Iowa Environmental Mesonet archive
2022-03-15T16:14:00+00:00,2022-03-15T11:14:00-05:00,2022-03-15,11:14,Single Red,,Single Red,,High,2 to 4 feet.,65.0,Breezy. Southeast winds 20 to 25 mph.,202203151614-KTAE-FZUS52-SRFTAE,https://mesonet.agron.iastate.edu/p.php?pid=202203151614-KTAE-FZUS52-SRFTAE,NWS Tallahassee SRFTAE via Iowa Environmental Mesonet archive
2022-03-16T16:53:00+00:00,2022-03-16T11:53:00-05:00,2022-03-16,11:53,Single Red,,Single Red,,High,Around 3 feet.,65.0,Southwest winds around 15 mph.,202203161653-KTAE-FZUS52-SRFTAE,https://mesonet.agron.iastate.edu/p.php?pid=202203161653-KTAE-FZUS52-SRFTAE,NWS Tallahassee SRFTAE via Iowa Environmental Mesonet archive
2022-03-17T15:19:00+00:00,2022-03-17T10:19:00-05:00,2022-03-17,10:19,Yellow,,Single Red,,Moderate,Around 2 feet.,65.0,South winds around 5 mph.,202203171519-KTAE-FZUS52-SRFTAE,https://mesonet.agron.iastate.edu/p.php?pid=202203171519-KTAE-FZUS52-SRFTAE,NWS Tallahassee SRFTAE via Iowa Environmental Mesonet archive
2022-03-18T15:19:00+00:00,2022-03-18T10:19:00-05:00,2022-03-18,10:19,Double Red,,Single Red,,High,3 to 4 feet.,68.0,South winds around 20 mph.,202203181519-KTAE-FZUS52-SRFTAE,https://mesonet.agron.iastate.edu/p.php?pid=202203181519-KTAE-FZUS52-SRFTAE,NWS Tallahassee SRFTAE via Iowa Environmental Mesonet archive
2022-03-19T15:30:00+00:00,2022-03-19T10:30:00-05:00,2022-03-19,10:30,Double Red,,Single Red,,High,3 to 4 feet.,67.0,Northwest winds around 15 mph.,202203191530-KTAE-FZUS52-SRFTAE,https://mesonet.agron.iastate.edu/p.php?pid=202203191530-KTAE-FZUS52-SRFTAE,NWS Tallahassee SRFTAE via Iowa Environmental Mesonet archive
2022-03-20T16:55:00+00:00,2022-03-20T11:55:00-05:00,2022-03-20,11:55,Yellow,,Single Red,,High,Around 2 feet.,67.0,Northeast winds around 15 mph.,202203201655-KTAE-FZUS52-SRFTAE,https://mesonet.agron.iastate.edu/p.php?pid=202203201655-KTAE-FZUS52-SRFTAE,NWS Tallahassee SRFTAE via Iowa Environmental Mesonet archive
2022-03-21T15:54:00+00:00,2022-03-21T10:54:00-05:00,2022-03-21,10:54,Yellow,,Yellow,,High,1 to 2 feet.,66.0,East winds 15 to 20 mph.,202203211554-KTAE-FZUS52-SRFTAE,https://mesonet.agron.iastate.edu/p.php?pid=202203211554-KTAE-FZUS52-SRFTAE,NWS Tallahassee SRFTAE via Iowa Environmental Mesonet archive
2022-03-22T15:54:00+00:00,2022-03-22T10:54:00-05:00,2022-03-22,10:54,Double Red,,Single Red,,High,Around 5 feet.,66.0,Breezy. Southeast winds around 25 mph.,202203221554-KTAE-FZUS52-SRFTAE,https://mesonet.agron.iastate.edu/p.php?pid=202203221554-KTAE-FZUS52-SRFTAE,NWS Tallahassee SRFTAE via Iowa Environmental Mesonet archive
2022-03-23T16:06:00+00:00,2022-03-23T11:06:00-05:00,2022-03-23,11:06,Double Red,,Double Red,,High,Around 6 feet.,68.0,Southwest winds around 15 mph.,202203231606-KTAE-FZUS52-SRFTAE,https://mesonet.agron.iastate.edu/p.php?pid=202203231606-KTAE-FZUS52-SRFTAE,NWS Tallahassee SRFTAE via Iowa Environmental Mesonet archive
2022-03-24T15:46:00+00:00,2022-03-24T10:46:00-05:00,2022-03-24,10:46,Double Red,,Double Red,,High,Around 4 feet.,67.0,Northwest winds 10 to 15 mph.,202203241546-KTAE-FZUS52-SRFTAE,https://mesonet.agron.iastate.edu/p.php?pid=202203241546-KTAE-FZUS52-SRFTAE,NWS Tallahassee SRFTAE via Iowa Environmental Mesonet archive
2022-03-25T16:29:00+00:00,2022-03-25T11:29:00-05:00,2022-03-25,11:29,Double Red,,Double Red,,High,Around 5 feet.,66.0,West winds around 20 mph.,202203251629-KTAE-FZUS52-SRFTAE,https://mesonet.agron.iastate.edu/p.php?pid=202203251629-KTAE-FZUS52-SRFTAE,NWS Tallahassee SRFTAE via Iowa Environmental Mesonet archive
2022-03-26T15:30:00+00:00,2022-03-26T10:30:00-05:00,2022-03-26,10:30,Single Red,,Single Red,,High,Around 3 feet.,66.0,Northwest winds 10 to 15 mph.,202203261530-KTAE-FZUS52-SRFTAE,https://mesonet.agron.iastate.edu/p.php?pid=202203261530-KTAE-FZUS52-SRFTAE,NWS Tallahassee SRFTAE via Iowa Environmental Mesonet archive
2022-03-27T16:05:00+00:00,2022-03-27T11:05:00-05:00,2022-03-27,11:05,Single Red,,Single Red,,Moderate,Around 2 feet.,67.0,South winds around 5 mph.,202203271605-KTAE-FZUS52-SRFTAE,https://mesonet.agron.iastate.edu/p.php?pid=202203271605-KTAE-FZUS52-SRFTAE,NWS Tallahassee SRFTAE via Iowa Environmental Mesonet archive
2022-03-28T18:13:00+00:00,2022-03-28T13:13:00-05:00,2022-03-28,13:13,Single Red,,Single Red,,High,Around 2 feet.,69.0,West winds around 15 mph.,202203281813-KTAE-FZUS52-SRFTAE,https://mesonet.agron.iastate.edu/p.php?pid=202203281813-KTAE-FZUS52-SRFTAE,NWS Tallahassee SRFTAE via Iowa Environmental Mesonet archive
2022-03-29T15:53:00+00:00,2022-03-29T10:53:00-05:00,2022-03-29,10:53,Yellow,,Single Red,,Moderate,1 to 2 feet.,67.0,Southeast winds around 10 mph.,202203291553-KTAE-FZUS52-SRFTAE,https://mesonet.agron.iastate.edu/p.php?pid=202203291553-KTAE-FZUS52-SRFTAE,NWS Tallahassee SRFTAE via Iowa Environmental Mesonet archive
2022-03-30T15:16:00+00:00,2022-03-30T10:16:00-05:00,2022-03-30,10:16,Double Red,,Single Red,,High,4 to 6 feet.,70.0,Breezy. Southeast winds around 25 mph.,202203301516-KTAE-FZUS52-SRFTAE,https://mesonet.agron.iastate.edu/p.php?pid=202203301516-KTAE-FZUS52-SRFTAE,NWS Tallahassee SRFTAE via Iowa Environmental Mesonet archive
2022-03-31T15:06:00+00:00,2022-03-31T10:06:00-05:00,2022-03-31,10:06,Double Red,,Double Red,,High,Around 8 feet.,70.0,Southwest winds 10 to 15 mph.,202203311506-KTAE-FZUS52-SRFTAE,https://mesonet.agron.iastate.edu/p.php?pid=202203311506-KTAE-FZUS52-SRFTAE,NWS Tallahassee SRFTAE via Iowa Environmental Mesonet archive
2022-04-01T16:01:00+00:00,2022-04-01T11:01:00-05:00,2022-04-01,11:01,Double Red,,Double Red,,High,Around 4 feet.,70.0,North winds 10 to 15 mph.,202204011601-KTAE-FZUS52-SRFTAE,https://mesonet.agron.iastate.edu/p.php?pid=202204011601-KTAE-FZUS52-SRFTAE,NWS Tallahassee SRFTAE via Iowa Environmental Mesonet archive
2022-04-02T15:22:00+00:00,2022-04-02T10:22:00-05:00,2022-04-02,10:22,Single Red,,Single Red,,High,Around 3 feet.,69.0,Southeast winds around 10 mph.,202204021522-KTAE-FZUS52-SRFTAE,https://mesonet.agron.iastate.edu/p.php?pid=202204021522-KTAE-FZUS52-SRFTAE,NWS Tallahassee SRFTAE via Iowa Environmental Mesonet archive
2022-04-03T15:46:00+00:00,2022-04-03T10:46:00-05:00,2022-04-03,10:46,Single Red,,Single Red,,High,Around 2 feet.,68.0,North winds 10 to 15 mph.,202204031546-KTAE-FZUS52-SRFTAE,https://mesonet.agron.iastate.edu/p.php?pid=202204031546-KTAE-FZUS52-SRFTAE,NWS Tallahassee SRFTAE via Iowa Environmental Mesonet archive
2022-04-04T15:25:00+00:00,2022-04-04T10:25:00-05:00,2022-04-04,10:25,Yellow,,Yellow,,High,Around 2 feet.,69.0,Southeast winds around 15 mph.,202204041525-KTAE-FZUS52-SRFTAE,https://mesonet.agron.iastate.edu/p.php?pid=202204041525-KTAE-FZUS52-SRFTAE,NWS Tallahassee SRFTAE via Iowa Environmental Mesonet archive
2022-04-05T15:24:00+00:00,2022-04-05T10:24:00-05:00,2022-04-05,10:24,Single Red,,Single Red,,High,4 to 5 feet.,71.0,Breezy. South winds 20 to 25 mph.,202204051524-KTAE-FZUS52-SRFTAE,https://mesonet.agron.iastate.edu/p.php?pid=202204051524-KTAE-FZUS52-SRFTAE,NWS Tallahassee SRFTAE via Iowa Environmental Mesonet archive
2022-04-06T15:18:00+00:00,2022-04-06T10:18:00-05:00,2022-04-06,10:18,Double Red,,Double Red,,High,4 to 5 feet.,71.0,South winds 15 to 20 mph.,202204061518-KTAE-FZUS52-SRFTAE,https://mesonet.agron.iastate.edu/p.php?pid=202204061518-KTAE-FZUS52-SRFTAE,NWS Tallahassee SRFTAE via Iowa Environmental Mesonet archive
2022-04-07T16:55:00+00:00,2022-04-07T11:55:00-05:00,2022-04-07,11:55,Double Red,,Single Red,,High,Around 5 feet.,71.0,Northwest winds around 20 mph.,202204071655-KTAE-FZUS52-SRFTAE,https://mesonet.agron.iastate.edu/p.php?pid=202204071655-KTAE-FZUS52-SRFTAE,NWS Tallahassee SRFTAE via Iowa Environmental Mesonet archive
2022-04-08T15:20:00+00:00,2022-04-08T10:20:00-05:00,2022-04-08,10:20,Double Red,,Double Red,,High,5 to 7 feet.,68.0,Breezy. West winds 20 to 25 mph.,202204081520-KTAE-FZUS52-SRFTAE,https://mesonet.agron.iastate.edu/p.php?pid=202204081520-KTAE-FZUS52-SRFTAE,NWS Tallahassee SRFTAE via Iowa Environmental Mesonet archive
2022-04-09T15:15:00+00:00,2022-04-09T10:15:00-05:00,2022-04-09,10:15,Single Red,,Double Red,,High,Around 5 feet.,67.0,Breezy. Northwest winds 20 to 25 mph.,202204091515-KTAE-FZUS52-SRFTAE,https://mesonet.agron.iastate.edu/p.php?pid=202204091515-KTAE-FZUS52-SRFTAE,NWS Tallahassee SRFTAE via Iowa Environmental Mesonet archive
2022-04-10T15:29:00+00:00,2022-04-10T10:29:00-05:00,2022-04-10,10:29,Single Red,,Single Red,,High,Around 2 feet.,66.0,South winds around 10 mph.,202204101529-KTAE-FZUS52-SRFTAE,https://mesonet.agron.iastate.edu/p.php?pid=202204101529-KTAE-FZUS52-SRFTAE,NWS Tallahassee SRFTAE via Iowa Environmental Mesonet archive
2022-04-11T15:55:00+00:00,2022-04-11T10:55:00-05:00,2022-04-11,10:55,Single Red,,Yellow,,High,Around 3 feet.,68.0,Southeast winds 15 to 20 mph.,202204111555-KTAE-FZUS52-SRFTAE,https://mesonet.agron.iastate.edu/p.php?pid=202204111555-KTAE-FZUS52-SRFTAE,NWS Tallahassee SRFTAE via Iowa Environmental Mesonet archive
2022-04-12T15:21:00+00:00,2022-04-12T10:21:00-05:00,2022-04-12,10:21,Double Red,,Single Red,,High,Around 4 feet.,69.0,Southeast winds around 15 mph.,202204121521-KTAE-FZUS52-SRFTAE,https://mesonet.agron.iastate.edu/p.php?pid=202204121521-KTAE-FZUS52-SRFTAE,NWS Tallahassee SRFTAE via Iowa Environmental Mesonet archive
2022-04-13T15:41:00+00:00,2022-04-13T10:41:00-05:00,2022-04-13,10:41,Double Red,,Single Red,,High,3 to 4 feet.,70.0,Southeast winds 15 to 20 mph.,202204131541-KTAE-FZUS52-SRFTAE,https://mesonet.agron.iastate.edu/p.php?pid=202204131541-KTAE-FZUS52-SRFTAE,NWS Tallahassee SRFTAE via Iowa Environmental Mesonet archive
2022-04-14T15:05:00+00:00,2022-04-14T10:05:00-05:00,2022-04-14,10:05,Single Red,,Single Red,,High,Around 4 feet.,70.0,South winds around 15 mph.,202204141505-KTAE-FZUS52-SRFTAE,https://mesonet.agron.iastate.edu/p.php?pid=202204141505-KTAE-FZUS52-SRFTAE,NWS Tallahassee SRFTAE via Iowa Environmental Mesonet archive
2022-04-15T15:47:00+00:00,2022-04-15T10:47:00-05:00,2022-04-15,10:47,Yellow,,Single Red,,High,Around 3 feet.,70.0,"East winds around 15 mph, becoming",202204151547-KTAE-FZUS52-SRFTAE,https://mesonet.agron.iastate.edu/p.php?pid=202204151547-KTAE-FZUS52-SRFTAE,NWS Tallahassee SRFTAE via Iowa Environmental Mesonet archive
2022-04-16T15:45:00+00:00,2022-04-16T10:45:00-05:00,2022-04-16,10:45,Yellow,,Yellow,,Moderate,Around 2 feet.,72.0,South winds around 10 mph.,202204161545-KTAE-FZUS52-SRFTAE,https://mesonet.agron.iastate.edu/p.php?pid=202204161545-KTAE-FZUS52-SRFTAE,NWS Tallahassee SRFTAE via Iowa Environmental Mesonet archive
2022-04-17T15:24:00+00:00,2022-04-17T10:24:00-05:00,2022-04-17,10:24,Yellow,,Yellow,,Moderate,Around 2 feet.,72.0,"Southeast winds around 5 mph, becoming",202204171524-KTAE-FZUS52-SRFTAE,https://mesonet.agron.iastate.edu/p.php?pid=202204171524-KTAE-FZUS52-SRFTAE,NWS Tallahassee SRFTAE via Iowa Environmental Mesonet archive
2022-04-18T16:12:00+00:00,2022-04-18T11:12:00-05:00,2022-04-18,11:12,Yellow,,Single Red,,Moderate,Around 3 feet.,73.0,Northwest winds around 15 mph.,202204181612-KTAE-FZUS52-SRFTAE,https://mesonet.agron.iastate.edu/p.php?pid=202204181612-KTAE-FZUS52-SRFTAE,NWS Tallahassee SRFTAE via Iowa Environmental Mesonet archive
2022-04-19T16:08:00+00:00,2022-04-19T11:08:00-05:00,2022-04-19,11:08,Yellow,,Single Red,,Moderate,Around 1 foot.,70.0,North winds around 15 mph.,202204191608-KTAE-FZUS52-SRFTAE,https://mesonet.agron.iastate.edu/p.php?pid=202204191608-KTAE-FZUS52-SRFTAE,NWS Tallahassee SRFTAE via Iowa Environmental Mesonet archive
2022-04-20T16:11:00+00:00,2022-04-20T11:11:00-05:00,2022-04-20,11:11,Single Red,,Yellow,,High,Around 3 feet.,68.0,Southeast winds around 20 mph.,202204201611-KTAE-FZUS52-SRFTAE,https://mesonet.agron.iastate.edu/p.php?pid=202204201611-KTAE-FZUS52-SRFTAE,NWS Tallahassee SRFTAE via Iowa Environmental Mesonet archive
2022-04-21T16:08:00+00:00,2022-04-21T11:08:00-05:00,2022-04-21,11:08,Single Red,,Yellow,,High,Around 3 feet.,69.0,Southeast winds around 15 mph.,202204211608-KTAE-FZUS52-SRFTAE,https://mesonet.agron.iastate.edu/p.php?pid=202204211608-KTAE-FZUS52-SRFTAE,NWS Tallahassee SRFTAE via Iowa Environmental Mesonet archive
2022-04-22T15:24:00+00:00,2022-04-22T10:24:00-05:00,2022-04-22,10:24,Single Red,,Single Red,,High,Around 2 feet.,71.0,Southeast winds 10 to 15 mph.,202204221524-KTAE-FZUS52-SRFTAE,https://mesonet.agron.iastate.edu/p.php?pid=202204221524-KTAE-FZUS52-SRFTAE,NWS Tallahassee SRFTAE via Iowa Environmental Mesonet archive
2022-04-23T15:16:00+00:00,2022-04-23T10:16:00-05:00,2022-04-23,10:16,Single Red,,Single Red,,High,2 to 3 feet.,72.0,Southeast winds around 15 mph.,202204231516-KTAE-FZUS52-SRFTAE,https://mesonet.agron.iastate.edu/p.php?pid=202204231516-KTAE-FZUS52-SRFTAE,NWS Tallahassee SRFTAE via Iowa Environmental Mesonet archive
2022-04-25T15:18:00+00:00,2022-04-25T10:18:00-05:00,2022-04-25,10:18,Single Red,,Single Red,,High,Around 3 feet.,73.0,Southeast winds around 15 mph.,202204251518-KTAE-FZUS52-SRFTAE,https://mesonet.agron.iastate.edu/p.php?pid=202204251518-KTAE-FZUS52-SRFTAE,NWS Tallahassee SRFTAE via Iowa Environmental Mesonet archive
2022-04-26T15:37:00+00:00,2022-04-26T10:37:00-05:00,2022-04-26,10:37,Single Red,,Single Red,,High,Around 2 feet.,74.0,"North winds around 5 mph, becoming",202204261537-KTAE-FZUS52-SRFTAE,https://mesonet.agron.iastate.edu/p.php?pid=202204261537-KTAE-FZUS52-SRFTAE,NWS Tallahassee SRFTAE via Iowa Environmental Mesonet archive
2022-04-27T15:50:00+00:00,2022-04-27T10:50:00-05:00,2022-04-27,10:50,Yellow,,Single Red,,High,Around 2 feet.,72.0,"Northeast winds around 15 mph, becoming",202204271550-KTAE-FZUS52-SRFTAE,https://mesonet.agron.iastate.edu/p.php?pid=202204271550-KTAE-FZUS52-SRFTAE,NWS Tallahassee SRFTAE via Iowa Environmental Mesonet archive
2022-04-28T15:57:00+00:00,2022-04-28T10:57:00-05:00,2022-04-28,10:57,Yellow,,Yellow,,High,1 to 3 feet.,73.0,Southeast winds around 15 mph.,202204281557-KTAE-FZUS52-SRFTAE,https://mesonet.agron.iastate.edu/p.php?pid=202204281557-KTAE-FZUS52-SRFTAE,NWS Tallahassee SRFTAE via Iowa Environmental Mesonet archive
2022-04-29T15:42:00+00:00,2022-04-29T10:42:00-05:00,2022-04-29,10:42,Single Red,,Yellow,,High,Around 3 feet.,74.0,Southeast winds around 20 mph.,202204291542-KTAE-FZUS52-SRFTAE,https://mesonet.agron.iastate.edu/p.php?pid=202204291542-KTAE-FZUS52-SRFTAE,NWS Tallahassee SRFTAE via Iowa Environmental Mesonet archive
2022-04-30T15:56:00+00:00,2022-04-30T10:56:00-05:00,2022-04-30,10:56,Single Red,,Yellow,,High,Around 3 feet.,74.0,Southeast winds around 20 mph.,202204301556-KTAE-FZUS52-SRFTAE,https://mesonet.agron.iastate.edu/p.php?pid=202204301556-KTAE-FZUS52-SRFTAE,NWS Tallahassee SRFTAE via Iowa Environmental Mesonet archive
2022-05-01T17:39:00+00:00,2022-05-01T12:39:00-05:00,2022-05-01,12:39,Single Red,,Single Red,,High,Around 2 feet.,75.0,South winds around 10 mph.,202205011739-KTAE-FZUS52-SRFTAE,https://mesonet.agron.iastate.edu/p.php?pid=202205011739-KTAE-FZUS52-SRFTAE,NWS Tallahassee SRFTAE via Iowa Environmental Mesonet archive
2022-05-02T15:19:00+00:00,2022-05-02T10:19:00-05:00,2022-05-02,10:19,Yellow,,Single Red,,High,Around 2 feet.,75.0,Southeast winds around 10 mph.,202205021519-KTAE-FZUS52-SRFTAE,https://mesonet.agron.iastate.edu/p.php?pid=202205021519-KTAE-FZUS52-SRFTAE,NWS Tallahassee SRFTAE via Iowa Environmental Mesonet archive
2022-05-03T16:24:00+00:00,2022-05-03T11:24:00-05:00,2022-05-03,11:24,Yellow,,Yellow,,Moderate,Around 2 feet.,77.0,South winds around 10 mph.,202205031624-KTAE-FZUS52-SRFTAE,https://mesonet.agron.iastate.edu/p.php?pid=202205031624-KTAE-FZUS52-SRFTAE,NWS Tallahassee SRFTAE via Iowa Environmental Mesonet archive
2022-05-04T15:49:00+00:00,2022-05-04T10:49:00-05:00,2022-05-04,10:49,Yellow,,Yellow,,Moderate,Around 2 feet.,78.0,South winds around 10 mph.,202205041549-KTAE-FZUS52-SRFTAE,https://mesonet.agron.iastate.edu/p.php?pid=202205041549-KTAE-FZUS52-SRFTAE,NWS Tallahassee SRFTAE via Iowa Environmental Mesonet archive
2022-05-05T15:32:00+00:00,2022-05-05T10:32:00-05:00,2022-05-05,10:32,Yellow,,Yellow,,Moderate,1 to 2 feet.,79.0,South winds 5 to 10 mph.,202205051532-KTAE-FZUS52-SRFTAE,https://mesonet.agron.iastate.edu/p.php?pid=202205051532-KTAE-FZUS52-SRFTAE,NWS Tallahassee SRFTAE via Iowa Environmental Mesonet archive
2022-05-06T17:48:00+00:00,2022-05-06T12:48:00-05:00,2022-05-06,12:48,Single Red,,Single Red,,High,Around 5 feet.,80.0,Breezy. Southwest winds around 25 mph.,202205061748-KTAE-FZUS52-SRFTAE,https://mesonet.agron.iastate.edu/p.php?pid=202205061748-KTAE-FZUS52-SRFTAE,NWS Tallahassee SRFTAE via Iowa Environmental Mesonet archive
2022-05-07T14:22:00+00:00,2022-05-07T09:22:00-05:00,2022-05-07,09:22,Double Red,,Double Red,,High,Around 4 feet.,76.0,West winds around 15 mph.,202205071422-KTAE-FZUS52-SRFTAE,https://mesonet.agron.iastate.edu/p.php?pid=202205071422-KTAE-FZUS52-SRFTAE,NWS Tallahassee SRFTAE via Iowa Environmental Mesonet archive
2022-05-08T15:22:00+00:00,2022-05-08T10:22:00-05:00,2022-05-08,10:22,Single Red,,Yellow,,High,Around 2 feet.,73.0,"Northeast winds around 5 mph, becoming",202205081522-KTAE-FZUS52-SRFTAE,https://mesonet.agron.iastate.edu/p.php?pid=202205081522-KTAE-FZUS52-SRFTAE,NWS Tallahassee SRFTAE via Iowa Environmental Mesonet archive
2022-05-09T15:30:00+00:00,2022-05-09T10:30:00-05:00,2022-05-09,10:30,Yellow,,Yellow,,Moderate,1 to 2 feet.,74.0,Southeast winds around 15 mph.,202205091530-KTAE-FZUS52-SRFTAE,https://mesonet.agron.iastate.edu/p.php?pid=202205091530-KTAE-FZUS52-SRFTAE,NWS Tallahassee SRFTAE via Iowa Environmental Mesonet archive
2022-05-10T16:04:00+00:00,2022-05-10T11:04:00-05:00,2022-05-10,11:04,Yellow,,Yellow,,Moderate,Around 1 foot.,76.0,East winds around 10 mph.,202205101604-KTAE-FZUS52-SRFTAE,https://mesonet.agron.iastate.edu/p.php?pid=202205101604-KTAE-FZUS52-SRFTAE,NWS Tallahassee SRFTAE via Iowa Environmental Mesonet archive
2022-05-11T16:04:00+00:00,2022-05-11T11:04:00-05:00,2022-05-11,11:04,Yellow,,Yellow,,Moderate,Around 1 foot.,76.0,North winds around 10 mph.,202205111604-KTAE-FZUS52-SRFTAE,https://mesonet.agron.iastate.edu/p.php?pid=202205111604-KTAE-FZUS52-SRFTAE,NWS Tallahassee SRFTAE via Iowa Environmental Mesonet archive
2022-05-12T15:51:00+00:00,2022-05-12T10:51:00-05:00,2022-05-12,10:51,Yellow,,Yellow,,Moderate,Around 1 foot.,76.0,"Northeast winds around 10 mph, becoming",202205121551-KTAE-FZUS52-SRFTAE,https://mesonet.agron.iastate.edu/p.php?pid=202205121551-KTAE-FZUS52-SRFTAE,NWS Tallahassee SRFTAE via Iowa Environmental Mesonet archive
2022-05-13T16:02:00+00:00,2022-05-13T11:02:00-05:00,2022-05-13,11:02,Yellow,,Yellow,,Moderate,Around 1 foot.,77.0,South winds around 10 mph.,202205131602-KTAE-FZUS52-SRFTAE,https://mesonet.agron.iastate.edu/p.php?pid=202205131602-KTAE-FZUS52-SRFTAE,NWS Tallahassee SRFTAE via Iowa Environmental Mesonet archive
2022-05-14T15:31:00+00:00,2022-05-14T10:31:00-05:00,2022-05-14,10:31,Yellow,,Yellow,,Moderate,Around 1 foot.,77.0,"Northeast winds around 5 mph, becoming",202205141531-KTAE-FZUS52-SRFTAE,https://mesonet.agron.iastate.edu/p.php?pid=202205141531-KTAE-FZUS52-SRFTAE,NWS Tallahassee SRFTAE via Iowa Environmental Mesonet archive
2022-05-15T16:23:00+00:00,2022-05-15T11:23:00-05:00,2022-05-15,11:23,Yellow,,Yellow,,Moderate,Around 1 foot.,79.0,Southwest winds around 10 mph.,202205151623-KTAE-FZUS52-SRFTAE,https://mesonet.agron.iastate.edu/p.php?pid=202205151623-KTAE-FZUS52-SRFTAE,NWS Tallahassee SRFTAE via Iowa Environmental Mesonet archive
2022-05-16T15:46:00+00:00,2022-05-16T10:46:00-05:00,2022-05-16,10:46,Yellow,,Yellow,,Moderate,Around 1 foot.,78.0,West winds around 10 mph.,202205161546-KTAE-FZUS52-SRFTAE,https://mesonet.agron.iastate.edu/p.php?pid=202205161546-KTAE-FZUS52-SRFTAE,NWS Tallahassee SRFTAE via Iowa Environmental Mesonet archive
2022-05-17T16:04:00+00:00,2022-05-17T11:04:00-05:00,2022-05-17,11:04,Yellow,,Single Red,,Moderate,Around 2 feet.,78.0,Southwest winds around 10 mph.,202205171604-KTAE-FZUS52-SRFTAE,https://mesonet.agron.iastate.edu/p.php?pid=202205171604-KTAE-FZUS52-SRFTAE,NWS Tallahassee SRFTAE via Iowa Environmental Mesonet archive
2022-05-18T16:30:00+00:00,2022-05-18T11:30:00-05:00,2022-05-18,11:30,Yellow,,Single Red,,Moderate,1 to 2 feet.,79.0,"Northwest winds around 5 mph, becoming",202205181630-KTAE-FZUS52-SRFTAE,https://mesonet.agron.iastate.edu/p.php?pid=202205181630-KTAE-FZUS52-SRFTAE,NWS Tallahassee SRFTAE via Iowa Environmental Mesonet archive
2022-05-19T16:08:00+00:00,2022-05-19T11:08:00-05:00,2022-05-19,11:08,Yellow,,Single Red,,Moderate,Around 2 feet.,77.0,Southwest winds around 10 mph.,202205191608-KTAE-FZUS52-SRFTAE,https://mesonet.agron.iastate.edu/p.php?pid=202205191608-KTAE-FZUS52-SRFTAE,NWS Tallahassee SRFTAE via Iowa Environmental Mesonet archive
2022-05-20T15:22:00+00:00,2022-05-20T10:22:00-05:00,2022-05-20,10:22,Single Red,,Single Red,,High,Around 3 feet.,80.0,South winds 15 to 20 mph.,202205201522-KTAE-FZUS52-SRFTAE,https://mesonet.agron.iastate.edu/p.php?pid=202205201522-KTAE-FZUS52-SRFTAE,NWS Tallahassee SRFTAE via Iowa Environmental Mesonet archive
2022-05-21T15:29:00+00:00,2022-05-21T10:29:00-05:00,2022-05-21,10:29,Single Red,,Single Red,,High,Around 4 feet.,80.0,South winds 15 to 20 mph.,202205211529-KTAE-FZUS52-SRFTAE,https://mesonet.agron.iastate.edu/p.php?pid=202205211529-KTAE-FZUS52-SRFTAE,NWS Tallahassee SRFTAE via Iowa Environmental Mesonet archive
2022-05-22T15:19:00+00:00,2022-05-22T10:19:00-05:00,2022-05-22,10:19,Double Red,,Single Red,,High,Around 4 feet.,80.0,Southeast winds around 15 mph.,202205221519-KTAE-FZUS52-SRFTAE,https://mesonet.agron.iastate.edu/p.php?pid=202205221519-KTAE-FZUS52-SRFTAE,NWS Tallahassee SRFTAE via Iowa Environmental Mesonet archive
2022-05-23T15:17:00+00:00,2022-05-23T10:17:00-05:00,2022-05-23,10:17,Double Red,,Double Red,,High,Around 5 feet.,80.0,South winds around 15 mph.,202205231517-KTAE-FZUS52-SRFTAE,https://mesonet.agron.iastate.edu/p.php?pid=202205231517-KTAE-FZUS52-SRFTAE,NWS Tallahassee SRFTAE via Iowa Environmental Mesonet archive
2022-05-24T15:31:00+00:00,2022-05-24T10:31:00-05:00,2022-05-24,10:31,Single Red,,Single Red,,High,Around 3 feet.,79.0,Southeast winds around 15 mph.,202205241531-KTAE-FZUS52-SRFTAE,https://mesonet.agron.iastate.edu/p.php?pid=202205241531-KTAE-FZUS52-SRFTAE,NWS Tallahassee SRFTAE via Iowa Environmental Mesonet archive
2022-05-25T15:37:00+00:00,2022-05-25T10:37:00-05:00,2022-05-25,10:37,Single Red,,Single Red,,High,3 to 5 feet.,80.0,Southeast winds around 20 mph.,202205251537-KTAE-FZUS52-SRFTAE,https://mesonet.agron.iastate.edu/p.php?pid=202205251537-KTAE-FZUS52-SRFTAE,NWS Tallahassee SRFTAE via Iowa Environmental Mesonet archive
2022-05-26T16:22:00+00:00,2022-05-26T11:22:00-05:00,2022-05-26,11:22,Double Red,,Single Red,,High,Around 4 feet.,77.0,South winds around 20 mph.,202205261622-KTAE-FZUS52-SRFTAE,https://mesonet.agron.iastate.edu/p.php?pid=202205261622-KTAE-FZUS52-SRFTAE,NWS Tallahassee SRFTAE via Iowa Environmental Mesonet archive
2022-05-27T15:07:00+00:00,2022-05-27T10:07:00-05:00,2022-05-27,10:07,Double Red,,Double Red,,High,Around 3 feet.,78.0,West winds 10 to 15 mph.,202205271507-KTAE-FZUS52-SRFTAE,https://mesonet.agron.iastate.edu/p.php?pid=202205271507-KTAE-FZUS52-SRFTAE,NWS Tallahassee SRFTAE via Iowa Environmental Mesonet archive
2022-05-28T15:17:00+00:00,2022-05-28T10:17:00-05:00,2022-05-28,10:17,Single Red,,Single Red,,High,Around 2 feet.,79.0,"Northeast winds around 10 mph, becoming",202205281517-KTAE-FZUS52-SRFTAE,https://mesonet.agron.iastate.edu/p.php?pid=202205281517-KTAE-FZUS52-SRFTAE,NWS Tallahassee SRFTAE via Iowa Environmental Mesonet archive
2022-05-29T15:08:00+00:00,2022-05-29T10:08:00-05:00,2022-05-29,10:08,Yellow,,Single Red,,Moderate,1 to 2 feet.,80.0,South winds around 10 mph.,202205291508-KTAE-FZUS52-SRFTAE,https://mesonet.agron.iastate.edu/p.php?pid=202205291508-KTAE-FZUS52-SRFTAE,NWS Tallahassee SRFTAE via Iowa Environmental Mesonet archive
2022-05-30T18:03:00+00:00,2022-05-30T13:03:00-05:00,2022-05-30,13:03,Yellow,,Yellow,,Moderate,Around 2 feet.,81.0,South winds around 15 mph.,202205301803-KTAE-FZUS52-SRFTAE,https://mesonet.agron.iastate.edu/p.php?pid=202205301803-KTAE-FZUS52-SRFTAE,NWS Tallahassee SRFTAE via Iowa Environmental Mesonet archive
2022-05-31T15:30:00+00:00,2022-05-31T10:30:00-05:00,2022-05-31,10:30,Yellow,,Single Red,,High,Around 2 feet.,81.0,Southeast winds around 10 mph.,202205311530-KTAE-FZUS52-SRFTAE,https://mesonet.agron.iastate.edu/p.php?pid=202205311530-KTAE-FZUS52-SRFTAE,NWS Tallahassee SRFTAE via Iowa Environmental Mesonet archive
2022-06-01T17:55:00+00:00,2022-06-01T12:55:00-05:00,2022-06-01,12:55,Yellow,,Single Red,,High,Around 2 feet.,82.0,South winds around 10 mph.,202206011755-KTAE-FZUS52-SRFTAE,https://mesonet.agron.iastate.edu/p.php?pid=202206011755-KTAE-FZUS52-SRFTAE,NWS Tallahassee SRFTAE via Iowa Environmental Mesonet archive
2022-06-02T15:23:00+00:00,2022-06-02T10:23:00-05:00,2022-06-02,10:23,Yellow,,Single Red,,High,Around 2 feet.,82.0,"North winds around 5 mph, becoming",202206021523-KTAE-FZUS52-SRFTAE,https://mesonet.agron.iastate.edu/p.php?pid=202206021523-KTAE-FZUS52-SRFTAE,NWS Tallahassee SRFTAE via Iowa Environmental Mesonet archive
2022-06-03T16:06:00+00:00,2022-06-03T11:06:00-05:00,2022-06-03,11:06,Yellow,,Single Red,,High,Around 3 feet.,82.0,Southwest winds around 10 mph.,202206031606-KTAE-FZUS52-SRFTAE,https://mesonet.agron.iastate.edu/p.php?pid=202206031606-KTAE-FZUS52-SRFTAE,NWS Tallahassee SRFTAE via Iowa Environmental Mesonet archive
2022-06-04T16:20:00+00:00,2022-06-04T11:20:00-05:00,2022-06-04,11:20,Single Red,,Single Red,,High,Around 3 feet.,82.0,Northwest winds around 10 mph.,202206041620-KTAE-FZUS52-SRFTAE,https://mesonet.agron.iastate.edu/p.php?pid=202206041620-KTAE-FZUS52-SRFTAE,NWS Tallahassee SRFTAE via Iowa Environmental Mesonet archive
2022-06-05T16:27:00+00:00,2022-06-05T11:27:00-05:00,2022-06-05,11:27,Single Red,,Single Red,,High,Around 2 feet.,82.0,South winds around 10 mph.,202206051627-KTAE-FZUS52-SRFTAE,https://mesonet.agron.iastate.edu/p.php?pid=202206051627-KTAE-FZUS52-SRFTAE,NWS Tallahassee SRFTAE via Iowa Environmental Mesonet archive
2022-06-06T15:52:00+00:00,2022-06-06T10:52:00-05:00,2022-06-06,10:52,Yellow,,Yellow,,Moderate,Around 2 feet.,82.0,South winds around 10 mph.,202206061552-KTAE-FZUS52-SRFTAE,https://mesonet.agron.iastate.edu/p.php?pid=202206061552-KTAE-FZUS52-SRFTAE,NWS Tallahassee SRFTAE via Iowa Environmental Mesonet archive
2022-06-07T16:07:00+00:00,2022-06-07T11:07:00-05:00,2022-06-07,11:07,Yellow,,Yellow,,Moderate,Around 1 foot.,83.0,Southwest winds around 10 mph.,202206071607-KTAE-FZUS52-SRFTAE,https://mesonet.agron.iastate.edu/p.php?pid=202206071607-KTAE-FZUS52-SRFTAE,NWS Tallahassee SRFTAE via Iowa Environmental Mesonet archive
2022-06-08T17:38:00+00:00,2022-06-08T12:38:00-05:00,2022-06-08,12:38,Yellow,,Yellow,,Moderate,Around 1 foot.,83.0,Southwest winds around 10 mph.,202206081738-KTAE-FZUS52-SRFTAE,https://mesonet.agron.iastate.edu/p.php?pid=202206081738-KTAE-FZUS52-SRFTAE,NWS Tallahassee SRFTAE via Iowa Environmental Mesonet archive
2022-06-09T16:47:00+00:00,2022-06-09T11:47:00-05:00,2022-06-09,11:47,Single Red,,Single Red,,High,Around 3 feet.,84.0,West winds around 15 mph.,202206091647-KTAE-FZUS52-SRFTAE,https://mesonet.agron.iastate.edu/p.php?pid=202206091647-KTAE-FZUS52-SRFTAE,NWS Tallahassee SRFTAE via Iowa Environmental Mesonet archive
2022-06-10T16:07:00+00:00,2022-06-10T11:07:00-05:00,2022-06-10,11:07,Single Red,,Single Red,,High,2 to 3 feet.,83.0,West winds 5 to 10 mph.,202206101607-KTAE-FZUS52-SRFTAE,https://mesonet.agron.iastate.edu/p.php?pid=202206101607-KTAE-FZUS52-SRFTAE,NWS Tallahassee SRFTAE via Iowa Environmental Mesonet archive
2022-06-11T15:40:00+00:00,2022-06-11T10:40:00-05:00,2022-06-11,10:40,Single Red,,Single Red,,High,Around 3 feet.,81.0,West winds around 15 mph.,202206111540-KTAE-FZUS52-SRFTAE,https://mesonet.agron.iastate.edu/p.php?pid=202206111540-KTAE-FZUS52-SRFTAE,NWS Tallahassee SRFTAE via Iowa Environmental Mesonet archive
2022-06-12T15:18:00+00:00,2022-06-12T10:18:00-05:00,2022-06-12,10:18,Single Red,,Single Red,,High,Around 3 feet.,83.0,West winds 10 to 15 mph.,202206121518-KTAE-FZUS52-SRFTAE,https://mesonet.agron.iastate.edu/p.php?pid=202206121518-KTAE-FZUS52-SRFTAE,NWS Tallahassee SRFTAE via Iowa Environmental Mesonet archive
2022-06-13T15:47:00+00:00,2022-06-13T10:47:00-05:00,2022-06-13,10:47,Single Red,,Single Red,,High,Around 2 feet.,83.0,Southwest winds around 10 mph.,202206131547-KTAE-FZUS52-SRFTAE,https://mesonet.agron.iastate.edu/p.php?pid=202206131547-KTAE-FZUS52-SRFTAE,NWS Tallahassee SRFTAE via Iowa Environmental Mesonet archive
2022-06-14T15:35:00+00:00,2022-06-14T10:35:00-05:00,2022-06-14,10:35,Single Red,,Single Red,,High,Around 2 feet.,84.0,West winds 10 to 15 mph.,202206141535-KTAE-FZUS52-SRFTAE,https://mesonet.agron.iastate.edu/p.php?pid=202206141535-KTAE-FZUS52-SRFTAE,NWS Tallahassee SRFTAE via Iowa Environmental Mesonet archive
2022-06-15T15:41:00+00:00,2022-06-15T10:41:00-05:00,2022-06-15,10:41,Single Red,,Single Red,,High,Around 2 feet.,82.0,"Northwest winds around 10 mph, becoming",202206151541-KTAE-FZUS52-SRFTAE,https://mesonet.agron.iastate.edu/p.php?pid=202206151541-KTAE-FZUS52-SRFTAE,NWS Tallahassee SRFTAE via Iowa Environmental Mesonet archive
2022-06-16T15:22:00+00:00,2022-06-16T10:22:00-05:00,2022-06-16,10:22,Single Red,,Single Red,,High,Around 2 feet.,82.0,"East winds around 5 mph, becoming",202206161522-KTAE-FZUS52-SRFTAE,https://mesonet.agron.iastate.edu/p.php?pid=202206161522-KTAE-FZUS52-SRFTAE,NWS Tallahassee SRFTAE via Iowa Environmental Mesonet archive
2022-06-17T16:54:00+00:00,2022-06-17T11:54:00-05:00,2022-06-17,11:54,Single Red,,Yellow,,Moderate,Around 2 feet.,83.0,West winds around 10 mph.,202206171654-KTAE-FZUS52-SRFTAE,https://mesonet.agron.iastate.edu/p.php?pid=202206171654-KTAE-FZUS52-SRFTAE,NWS Tallahassee SRFTAE via Iowa Environmental Mesonet archive
2022-06-18T16:23:00+00:00,2022-06-18T11:23:00-05:00,2022-06-18,11:23,Single Red,,Single Red,,Moderate,Around 2 feet.,84.0,West winds around 15 mph.,202206181623-KTAE-FZUS52-SRFTAE,https://mesonet.agron.iastate.edu/p.php?pid=202206181623-KTAE-FZUS52-SRFTAE,NWS Tallahassee SRFTAE via Iowa Environmental Mesonet archive
2022-06-19T15:40:00+00:00,2022-06-19T10:40:00-05:00,2022-06-19,10:40,Single Red,,Single Red,,Moderate,Around 2 feet.,80.0,"Northeast winds around 10 mph, becoming",202206191540-KTAE-FZUS52-SRFTAE,https://mesonet.agron.iastate.edu/p.php?pid=202206191540-KTAE-FZUS52-SRFTAE,NWS Tallahassee SRFTAE via Iowa Environmental Mesonet archive
2022-06-20T15:40:00+00:00,2022-06-20T10:40:00-05:00,2022-06-20,10:40,Yellow,,Yellow,,Moderate,Around 2 feet.,82.0,East winds around 15 mph.,202206201540-KTAE-FZUS52-SRFTAE,https://mesonet.agron.iastate.edu/p.php?pid=202206201540-KTAE-FZUS52-SRFTAE,NWS Tallahassee SRFTAE via Iowa Environmental Mesonet archive
2022-06-21T12:22:00+00:00,2022-06-21T07:22:00-05:00,2022-06-21,07:22,Yellow,,Yellow,,Moderate,1 to 2 feet.,84.0,"East winds around 10 mph, becoming",202206211222-KTAE-FZUS52-SRFTAE,https://mesonet.agron.iastate.edu/p.php?pid=202206211222-KTAE-FZUS52-SRFTAE,NWS Tallahassee SRFTAE via Iowa Environmental Mesonet archive
2022-06-21T16:12:00+00:00,2022-06-21T11:12:00-05:00,2022-06-21,11:12,Single Red,,Yellow,,High,Around 2 feet.,84.0,South winds around 5 mph.,202206211612-KTAE-FZUS52-SRFTAE,https://mesonet.agron.iastate.edu/p.php?pid=202206211612-KTAE-FZUS52-SRFTAE,NWS Tallahassee SRFTAE via Iowa Environmental Mesonet archive
2022-06-22T14:31:00+00:00,2022-06-22T09:31:00-05:00,2022-06-22,09:31,Single Red,,Single Red,,High,Around 3 feet.,85.0,Northwest winds around 15 mph.,202206221431-KTAE-FZUS52-SRFTAE,https://mesonet.agron.iastate.edu/p.php?pid=202206221431-KTAE-FZUS52-SRFTAE,NWS Tallahassee SRFTAE via Iowa Environmental Mesonet archive
2022-06-23T15:21:00+00:00,2022-06-23T10:21:00-05:00,2022-06-23,10:21,Yellow,,Single Red,,Moderate,Around 2 feet.,83.0,"Northwest winds around 5 mph,",202206231521-KTAE-FZUS52-SRFTAE,https://mesonet.agron.iastate.edu/p.php?pid=202206231521-KTAE-FZUS52-SRFTAE,NWS Tallahassee SRFTAE via Iowa Environmental Mesonet archive
2022-06-24T15:26:00+00:00,2022-06-24T10:26:00-05:00,2022-06-24,10:26,Yellow,,Single Red,,Moderate,Around 2 feet.,83.0,"Northwest winds around 5 mph, becoming",202206241526-KTAE-FZUS52-SRFTAE,https://mesonet.agron.iastate.edu/p.php?pid=202206241526-KTAE-FZUS52-SRFTAE,NWS Tallahassee SRFTAE via Iowa Environmental Mesonet archive
2022-06-25T16:06:00+00:00,2022-06-25T11:06:00-05:00,2022-06-25,11:06,Yellow,,Yellow,,High,Around 2 feet.,85.0,Southeast winds around 15 mph.,202206251606-KTAE-FZUS52-SRFTAE,https://mesonet.agron.iastate.edu/p.php?pid=202206251606-KTAE-FZUS52-SRFTAE,NWS Tallahassee SRFTAE via Iowa Environmental Mesonet archive
2022-06-26T16:05:00+00:00,2022-06-26T11:05:00-05:00,2022-06-26,11:05,Yellow,,Yellow,,Moderate,Around 1 foot.,85.0,Southeast winds around 10 mph.,202206261605-KTAE-FZUS52-SRFTAE,https://mesonet.agron.iastate.edu/p.php?pid=202206261605-KTAE-FZUS52-SRFTAE,NWS Tallahassee SRFTAE via Iowa Environmental Mesonet archive
2022-06-27T17:08:00+00:00,2022-06-27T12:08:00-05:00,2022-06-27,12:08,Yellow,,Yellow,,Moderate,Around 1 foot.,85.0,Southeast winds around 10 mph.,202206271708-KTAE-FZUS52-SRFTAE,https://mesonet.agron.iastate.edu/p.php?pid=202206271708-KTAE-FZUS52-SRFTAE,NWS Tallahassee SRFTAE via Iowa Environmental Mesonet archive
2022-06-28T16:58:00+00:00,2022-06-28T11:58:00-05:00,2022-06-28,11:58,Yellow,,Yellow,,Moderate,Around 1 foot.,86.0,Southeast winds around 15 mph.,202206281658-KTAE-FZUS52-SRFTAE,https://mesonet.agron.iastate.edu/p.php?pid=202206281658-KTAE-FZUS52-SRFTAE,NWS Tallahassee SRFTAE via Iowa Environmental Mesonet archive
2022-06-29T15:22:00+00:00,2022-06-29T10:22:00-05:00,2022-06-29,10:22,Yellow,,Yellow,,Moderate,Around 1 foot.,86.0,Southeast winds around 10 mph.,202206291522-KTAE-FZUS52-SRFTAE,https://mesonet.agron.iastate.edu/p.php?pid=202206291522-KTAE-FZUS52-SRFTAE,NWS Tallahassee SRFTAE via Iowa Environmental Mesonet archive
2022-06-30T15:20:00+00:00,2022-06-30T10:20:00-05:00,2022-06-30,10:20,Yellow,,Yellow,,Moderate,Around 1 foot.,86.0,Southeast winds 5 to 10 mph.,202206301520-KTAE-FZUS52-SRFTAE,https://mesonet.agron.iastate.edu/p.php?pid=202206301520-KTAE-FZUS52-SRFTAE,NWS Tallahassee SRFTAE via Iowa Environmental Mesonet archive
2022-07-01T15:17:00+00:00,2022-07-01T10:17:00-05:00,2022-07-01,10:17,Yellow,,Yellow,,Moderate,1 to 2 feet.,85.0,"Southeast winds around 10 mph, becoming",202207011517-KTAE-FZUS52-SRFTAE,https://mesonet.agron.iastate.edu/p.php?pid=202207011517-KTAE-FZUS52-SRFTAE,NWS Tallahassee SRFTAE via Iowa Environmental Mesonet archive
2022-07-02T15:05:00+00:00,2022-07-02T10:05:00-05:00,2022-07-02,10:05,Yellow,,Yellow,,Moderate,Around 1 foot.,85.0,Southwest winds around 10 mph.,202207021505-KTAE-FZUS52-SRFTAE,https://mesonet.agron.iastate.edu/p.php?pid=202207021505-KTAE-FZUS52-SRFTAE,NWS Tallahassee SRFTAE via Iowa Environmental Mesonet archive
2022-07-03T15:17:00+00:00,2022-07-03T10:17:00-05:00,2022-07-03,10:17,Yellow,,Yellow,,Moderate,1 to 2 feet.,86.0,"East winds around 10 mph, becoming",202207031517-KTAE-FZUS52-SRFTAE,https://mesonet.agron.iastate.edu/p.php?pid=202207031517-KTAE-FZUS52-SRFTAE,NWS Tallahassee SRFTAE via Iowa Environmental Mesonet archive
2022-07-04T16:10:00+00:00,2022-07-04T11:10:00-05:00,2022-07-04,11:10,Yellow,,Yellow,,Moderate,Around 2 feet.,85.0,West winds around 10 mph.,202207041610-KTAE-FZUS52-SRFTAE,https://mesonet.agron.iastate.edu/p.php?pid=202207041610-KTAE-FZUS52-SRFTAE,NWS Tallahassee SRFTAE via Iowa Environmental Mesonet archive
2022-07-05T15:19:00+00:00,2022-07-05T10:19:00-05:00,2022-07-05,10:19,Yellow,,Yellow,,Moderate,1 to 2 feet.,86.0,"Northwest winds around 5 mph, becoming",202207051519-KTAE-FZUS52-SRFTAE,https://mesonet.agron.iastate.edu/p.php?pid=202207051519-KTAE-FZUS52-SRFTAE,NWS Tallahassee SRFTAE via Iowa Environmental Mesonet archive
2022-07-06T15:39:00+00:00,2022-07-06T10:39:00-05:00,2022-07-06,10:39,Yellow,,Yellow,,Moderate,Around 1 foot.,87.0,West winds 5 to 10 mph.,202207061539-KTAE-FZUS52-SRFTAE,https://mesonet.agron.iastate.edu/p.php?pid=202207061539-KTAE-FZUS52-SRFTAE,NWS Tallahassee SRFTAE via Iowa Environmental Mesonet archive
2022-07-07T15:32:00+00:00,2022-07-07T10:32:00-05:00,2022-07-07,10:32,Yellow,,Yellow,,Moderate,Around 1 foot.,87.0,West winds around 10 mph.,202207071532-KTAE-FZUS52-SRFTAE,https://mesonet.agron.iastate.edu/p.php?pid=202207071532-KTAE-FZUS52-SRFTAE,NWS Tallahassee SRFTAE via Iowa Environmental Mesonet archive
2022-07-08T15:54:00+00:00,2022-07-08T10:54:00-05:00,2022-07-08,10:54,Yellow,,Yellow,,Moderate,Around 1 foot.,87.0,Southwest winds 5 to 10 mph.,202207081554-KTAE-FZUS52-SRFTAE,https://mesonet.agron.iastate.edu/p.php?pid=202207081554-KTAE-FZUS52-SRFTAE,NWS Tallahassee SRFTAE via Iowa Environmental Mesonet archive
2022-07-09T16:21:00+00:00,2022-07-09T11:21:00-05:00,2022-07-09,11:21,Yellow,,Single Red,,Moderate,Around 2 feet.,88.0,Southwest winds around 10 mph.,202207091621-KTAE-FZUS52-SRFTAE,https://mesonet.agron.iastate.edu/p.php?pid=202207091621-KTAE-FZUS52-SRFTAE,NWS Tallahassee SRFTAE via Iowa Environmental Mesonet archive
2022-07-10T18:55:00+00:00,2022-07-10T13:55:00-05:00,2022-07-10,13:55,Single Red,,Single Red,,High,Around 3 feet.,88.0,Southwest winds around 15 mph.,202207101855-KTAE-FZUS52-SRFTAE,https://mesonet.agron.iastate.edu/p.php?pid=202207101855-KTAE-FZUS52-SRFTAE,NWS Tallahassee SRFTAE via Iowa Environmental Mesonet archive
2022-07-11T15:33:00+00:00,2022-07-11T10:33:00-05:00,2022-07-11,10:33,Single Red,,Single Red,,High,Around 2 feet.,88.0,South winds 10 to 15 mph.,202207111533-KTAE-FZUS52-SRFTAE,https://mesonet.agron.iastate.edu/p.php?pid=202207111533-KTAE-FZUS52-SRFTAE,NWS Tallahassee SRFTAE via Iowa Environmental Mesonet archive
2022-07-12T15:57:00+00:00,2022-07-12T10:57:00-05:00,2022-07-12,10:57,Single Red,,Single Red,,High,Around 3 feet.,85.0,South winds around 15 mph.,202207121557-KTAE-FZUS52-SRFTAE,https://mesonet.agron.iastate.edu/p.php?pid=202207121557-KTAE-FZUS52-SRFTAE,NWS Tallahassee SRFTAE via Iowa Environmental Mesonet archive
2022-07-13T15:56:00+00:00,2022-07-13T10:56:00-05:00,2022-07-13,10:56,Single Red,,Double Red,,High,Around 4 feet.,83.0,West winds 10 to 15 mph.,202207131556-KTAE-FZUS52-SRFTAE,https://mesonet.agron.iastate.edu/p.php?pid=202207131556-KTAE-FZUS52-SRFTAE,NWS Tallahassee SRFTAE via Iowa Environmental Mesonet archive
2022-07-14T16:20:00+00:00,2022-07-14T11:20:00-05:00,2022-07-14,11:20,Single Red,,Single Red,,High,Around 2 feet.,85.0,Southwest winds around 10 mph.,202207141620-KTAE-FZUS52-SRFTAE,https://mesonet.agron.iastate.edu/p.php?pid=202207141620-KTAE-FZUS52-SRFTAE,NWS Tallahassee SRFTAE via Iowa Environmental Mesonet archive
2022-07-15T16:06:00+00:00,2022-07-15T11:06:00-05:00,2022-07-15,11:06,Yellow,,Yellow,,Moderate,Around 1 foot.,85.0,"Northeast winds around 10 mph, becoming",202207151606-KTAE-FZUS52-SRFTAE,https://mesonet.agron.iastate.edu/p.php?pid=202207151606-KTAE-FZUS52-SRFTAE,NWS Tallahassee SRFTAE via Iowa Environmental Mesonet archive
2022-07-16T15:23:00+00:00,2022-07-16T10:23:00-05:00,2022-07-16,10:23,Yellow,,Yellow,,Moderate,Around 2 feet.,84.0,East winds around 10 mph.,202207161523-KTAE-FZUS52-SRFTAE,https://mesonet.agron.iastate.edu/p.php?pid=202207161523-KTAE-FZUS52-SRFTAE,NWS Tallahassee SRFTAE via Iowa Environmental Mesonet archive
2022-07-17T16:30:00+00:00,2022-07-17T11:30:00-05:00,2022-07-17,11:30,Yellow,,Yellow,,Moderate,Around 1 foot.,85.0,Southeast winds around 10 mph.,202207171630-KTAE-FZUS52-SRFTAE,https://mesonet.agron.iastate.edu/p.php?pid=202207171630-KTAE-FZUS52-SRFTAE,NWS Tallahassee SRFTAE via Iowa Environmental Mesonet archive
2022-07-18T15:34:00+00:00,2022-07-18T10:34:00-05:00,2022-07-18,10:34,Yellow,,Yellow,,Moderate,1 to 2 feet.,85.0,West winds around 10 mph.,202207181534-KTAE-FZUS52-SRFTAE,https://mesonet.agron.iastate.edu/p.php?pid=202207181534-KTAE-FZUS52-SRFTAE,NWS Tallahassee SRFTAE via Iowa Environmental Mesonet archive
2022-07-19T15:33:00+00:00,2022-07-19T10:33:00-05:00,2022-07-19,10:33,Yellow,,Single Red,,Moderate,Around 2 feet.,86.0,Southwest winds around 10 mph.,202207191533-KTAE-FZUS52-SRFTAE,https://mesonet.agron.iastate.edu/p.php?pid=202207191533-KTAE-FZUS52-SRFTAE,NWS Tallahassee SRFTAE via Iowa Environmental Mesonet archive
2022-07-20T17:33:00+00:00,2022-07-20T12:33:00-05:00,2022-07-20,12:33,Single Red,,Single Red,,High,Around 2 feet.,86.0,Southwest winds around 15 mph.,202207201733-KTAE-FZUS52-SRFTAE,https://mesonet.agron.iastate.edu/p.php?pid=202207201733-KTAE-FZUS52-SRFTAE,NWS Tallahassee SRFTAE via Iowa Environmental Mesonet archive
2022-07-21T15:35:00+00:00,2022-07-21T10:35:00-05:00,2022-07-21,10:35,Single Red,,Single Red,,High,Around 2 feet.,85.0,Southwest winds around 15 mph.,202207211535-KTAE-FZUS52-SRFTAE,https://mesonet.agron.iastate.edu/p.php?pid=202207211535-KTAE-FZUS52-SRFTAE,NWS Tallahassee SRFTAE via Iowa Environmental Mesonet archive
2022-07-22T16:24:00+00:00,2022-07-22T11:24:00-05:00,2022-07-22,11:24,Single Red,,Single Red,,High,Around 2 feet.,85.0,Southwest winds 10 to 15 mph.,202207221624-KTAE-FZUS52-SRFTAE,https://mesonet.agron.iastate.edu/p.php?pid=202207221624-KTAE-FZUS52-SRFTAE,NWS Tallahassee SRFTAE via Iowa Environmental Mesonet archive
2022-07-23T15:15:00+00:00,2022-07-23T10:15:00-05:00,2022-07-23,10:15,Yellow,,Yellow,,Moderate,Around 1 foot.,86.0,"Southeast winds around 5 mph, becoming",202207231515-KTAE-FZUS52-SRFTAE,https://mesonet.agron.iastate.edu/p.php?pid=202207231515-KTAE-FZUS52-SRFTAE,NWS Tallahassee SRFTAE via Iowa Environmental Mesonet archive
2022-07-24T15:55:00+00:00,2022-07-24T10:55:00-05:00,2022-07-24,10:55,Yellow,,Yellow,,Moderate,1 to 2 feet.,86.0,"East winds around 10 mph, becoming",202207241555-KTAE-FZUS52-SRFTAE,https://mesonet.agron.iastate.edu/p.php?pid=202207241555-KTAE-FZUS52-SRFTAE,NWS Tallahassee SRFTAE via Iowa Environmental Mesonet archive
2022-07-25T15:17:00+00:00,2022-07-25T10:17:00-05:00,2022-07-25,10:17,Yellow,,Yellow,,Moderate,Around 1 foot.,86.0,Southeast winds around 10 mph.,202207251517-KTAE-FZUS52-SRFTAE,https://mesonet.agron.iastate.edu/p.php?pid=202207251517-KTAE-FZUS52-SRFTAE,NWS Tallahassee SRFTAE via Iowa Environmental Mesonet archive
2022-07-26T15:18:00+00:00,2022-07-26T10:18:00-05:00,2022-07-26,10:18,Yellow,,Yellow,,Moderate,Around 1 foot.,86.0,Southeast winds around 10 mph.,202207261518-KTAE-FZUS52-SRFTAE,https://mesonet.agron.iastate.edu/p.php?pid=202207261518-KTAE-FZUS52-SRFTAE,NWS Tallahassee SRFTAE via Iowa Environmental Mesonet archive
2022-07-27T16:26:00+00:00,2022-07-27T11:26:00-05:00,2022-07-27,11:26,Yellow,,Yellow,,Moderate,Around 2 feet.,87.0,Southeast winds around 10 mph.,202207271626-KTAE-FZUS52-SRFTAE,https://mesonet.agron.iastate.edu/p.php?pid=202207271626-KTAE-FZUS52-SRFTAE,NWS Tallahassee SRFTAE via Iowa Environmental Mesonet archive
2022-07-28T15:41:00+00:00,2022-07-28T10:41:00-05:00,2022-07-28,10:41,Single Red,,Single Red,,High,Around 2 feet.,87.0,South winds 5 to 10 mph.,202207281541-KTAE-FZUS52-SRFTAE,https://mesonet.agron.iastate.edu/p.php?pid=202207281541-KTAE-FZUS52-SRFTAE,NWS Tallahassee SRFTAE via Iowa Environmental Mesonet archive
2022-07-29T16:00:00+00:00,2022-07-29T11:00:00-05:00,2022-07-29,11:00,Single Red,,Single Red,,High,Around 2 feet.,87.0,Southwest winds around 10 mph.,202207291600-KTAE-FZUS52-SRFTAE,https://mesonet.agron.iastate.edu/p.php?pid=202207291600-KTAE-FZUS52-SRFTAE,NWS Tallahassee SRFTAE via Iowa Environmental Mesonet archive
2022-07-30T16:07:00+00:00,2022-07-30T11:07:00-05:00,2022-07-30,11:07,Yellow,,Yellow,,Moderate,Around 1 foot.,87.0,Southwest winds around 5 mph.,202207301607-KTAE-FZUS52-SRFTAE,https://mesonet.agron.iastate.edu/p.php?pid=202207301607-KTAE-FZUS52-SRFTAE,NWS Tallahassee SRFTAE via Iowa Environmental Mesonet archive
2022-07-31T16:07:00+00:00,2022-07-31T11:07:00-05:00,2022-07-31,11:07,Yellow,,Yellow,,Moderate,Around 2 feet.,88.0,South winds around 5 mph.,202207311607-KTAE-FZUS52-SRFTAE,https://mesonet.agron.iastate.edu/p.php?pid=202207311607-KTAE-FZUS52-SRFTAE,NWS Tallahassee SRFTAE via Iowa Environmental Mesonet archive
2022-08-01T16:22:00+00:00,2022-08-01T11:22:00-05:00,2022-08-01,11:22,Yellow,,Yellow,,Moderate,Around 2 feet.,88.0,Southwest winds around 10 mph.,202208011622-KTAE-FZUS52-SRFTAE,https://mesonet.agron.iastate.edu/p.php?pid=202208011622-KTAE-FZUS52-SRFTAE,NWS Tallahassee SRFTAE via Iowa Environmental Mesonet archive
2022-08-02T16:25:00+00:00,2022-08-02T11:25:00-05:00,2022-08-02,11:25,Yellow,,Yellow,,Moderate,Around 2 feet.,88.0,West winds around 10 mph.,202208021625-KTAE-FZUS52-SRFTAE,https://mesonet.agron.iastate.edu/p.php?pid=202208021625-KTAE-FZUS52-SRFTAE,NWS Tallahassee SRFTAE via Iowa Environmental Mesonet archive
2022-08-03T16:33:00+00:00,2022-08-03T11:33:00-05:00,2022-08-03,11:33,Yellow,,Yellow,,Moderate,Around 1 foot.,87.0,West winds around 10 mph.,202208031633-KTAE-FZUS52-SRFTAE,https://mesonet.agron.iastate.edu/p.php?pid=202208031633-KTAE-FZUS52-SRFTAE,NWS Tallahassee SRFTAE via Iowa Environmental Mesonet archive
2022-08-04T16:41:00+00:00,2022-08-04T11:41:00-05:00,2022-08-04,11:41,Yellow,,Yellow,,Moderate,Around 1 foot.,87.0,South winds around 10 mph.,202208041641-KTAE-FZUS52-SRFTAE,https://mesonet.agron.iastate.edu/p.php?pid=202208041641-KTAE-FZUS52-SRFTAE,NWS Tallahassee SRFTAE via Iowa Environmental Mesonet archive
2022-08-05T16:43:00+00:00,2022-08-05T11:43:00-05:00,2022-08-05,11:43,Yellow,,Yellow,,Moderate,Around 1 foot.,88.0,Southeast winds around 10 mph.,202208051643-KTAE-FZUS52-SRFTAE,https://mesonet.agron.iastate.edu/p.php?pid=202208051643-KTAE-FZUS52-SRFTAE,NWS Tallahassee SRFTAE via Iowa Environmental Mesonet archive
2022-08-06T15:43:00+00:00,2022-08-06T10:43:00-05:00,2022-08-06,10:43,Yellow,,Yellow,,Moderate,Around 2 feet.,87.0,Southeast winds around 10 mph.,202208061543-KTAE-FZUS52-SRFTAE,https://mesonet.agron.iastate.edu/p.php?pid=202208061543-KTAE-FZUS52-SRFTAE,NWS Tallahassee SRFTAE via Iowa Environmental Mesonet archive
2022-08-07T15:28:00+00:00,2022-08-07T10:28:00-05:00,2022-08-07,10:28,Yellow,,Yellow,,Moderate,Around 2 feet.,87.0,Southeast winds around 10 mph.,202208071528-KTAE-FZUS52-SRFTAE,https://mesonet.agron.iastate.edu/p.php?pid=202208071528-KTAE-FZUS52-SRFTAE,NWS Tallahassee SRFTAE via Iowa Environmental Mesonet archive
2022-08-08T16:06:00+00:00,2022-08-08T11:06:00-05:00,2022-08-08,11:06,Single Red,,Yellow,,High,Around 2 feet.,86.0,East winds 5 to 10 mph.,202208081606-KTAE-FZUS52-SRFTAE,https://mesonet.agron.iastate.edu/p.php?pid=202208081606-KTAE-FZUS52-SRFTAE,NWS Tallahassee SRFTAE via Iowa Environmental Mesonet archive
2022-08-09T16:25:00+00:00,2022-08-09T11:25:00-05:00,2022-08-09,11:25,Single Red,,Single Red,,High,Around 2 feet.,86.0,Southeast winds around 10 mph.,202208091625-KTAE-FZUS52-SRFTAE,https://mesonet.agron.iastate.edu/p.php?pid=202208091625-KTAE-FZUS52-SRFTAE,NWS Tallahassee SRFTAE via Iowa Environmental Mesonet archive
2022-08-10T16:30:00+00:00,2022-08-10T11:30:00-05:00,2022-08-10,11:30,Yellow,,Single Red,,Moderate,Around 2 feet.,87.0,Southeast winds around 10 mph.,202208101630-KTAE-FZUS52-SRFTAE,https://mesonet.agron.iastate.edu/p.php?pid=202208101630-KTAE-FZUS52-SRFTAE,NWS Tallahassee SRFTAE via Iowa Environmental Mesonet archive
2022-08-11T16:10:00+00:00,2022-08-11T11:10:00-05:00,2022-08-11,11:10,Single Red,,Single Red,,High,Around 2 feet.,86.0,Southwest winds around 10 mph.,202208111610-KTAE-FZUS52-SRFTAE,https://mesonet.agron.iastate.edu/p.php?pid=202208111610-KTAE-FZUS52-SRFTAE,NWS Tallahassee SRFTAE via Iowa Environmental Mesonet archive
2022-08-12T16:05:00+00:00,2022-08-12T11:05:00-05:00,2022-08-12,11:05,Single Red,,Single Red,,High,Around 2 feet.,85.0,Southwest winds around 10 mph.,202208121605-KTAE-FZUS52-SRFTAE,https://mesonet.agron.iastate.edu/p.php?pid=202208121605-KTAE-FZUS52-SRFTAE,NWS Tallahassee SRFTAE via Iowa Environmental Mesonet archive
2022-08-13T16:04:00+00:00,2022-08-13T11:04:00-05:00,2022-08-13,11:04,Single Red,,Single Red,,High,1 to 2 feet.,85.0,West winds 5 to 10 mph.,202208131604-KTAE-FZUS52-SRFTAE,https://mesonet.agron.iastate.edu/p.php?pid=202208131604-KTAE-FZUS52-SRFTAE,NWS Tallahassee SRFTAE via Iowa Environmental Mesonet archive
2022-08-14T15:34:00+00:00,2022-08-14T10:34:00-05:00,2022-08-14,10:34,Yellow,,Yellow,,Moderate,Around 1 foot.,86.0,"East winds around 10 mph, becoming",202208141534-KTAE-FZUS52-SRFTAE,https://mesonet.agron.iastate.edu/p.php?pid=202208141534-KTAE-FZUS52-SRFTAE,NWS Tallahassee SRFTAE via Iowa Environmental Mesonet archive
2022-08-15T15:44:00+00:00,2022-08-15T10:44:00-05:00,2022-08-15,10:44,Yellow,,Yellow,,Moderate,Around 1 foot.,86.0,West winds 5 to 10 mph.,202208151544-KTAE-FZUS52-SRFTAE,https://mesonet.agron.iastate.edu/p.php?pid=202208151544-KTAE-FZUS52-SRFTAE,NWS Tallahassee SRFTAE via Iowa Environmental Mesonet archive
2022-08-16T15:44:00+00:00,2022-08-16T10:44:00-05:00,2022-08-16,10:44,Yellow,,Single Red,,High,Around 3 feet.,86.0,West winds around 15 mph.,202208161544-KTAE-FZUS52-SRFTAE,https://mesonet.agron.iastate.edu/p.php?pid=202208161544-KTAE-FZUS52-SRFTAE,NWS Tallahassee SRFTAE via Iowa Environmental Mesonet archive
2022-08-18T15:13:00+00:00,2022-08-18T10:13:00-05:00,2022-08-18,10:13,Yellow,,Single Red,,Moderate,Around 2 feet.,86.0,West winds around 15 mph.,202208181513-KTAE-FZUS52-SRFTAE,https://mesonet.agron.iastate.edu/p.php?pid=202208181513-KTAE-FZUS52-SRFTAE,NWS Tallahassee SRFTAE via Iowa Environmental Mesonet archive
2022-08-19T16:03:00+00:00,2022-08-19T11:03:00-05:00,2022-08-19,11:03,Yellow,,Single Red,,Moderate,1 to 2 feet.,85.0,Southwest winds around 10 mph.,202208191603-KTAE-FZUS52-SRFTAE,https://mesonet.agron.iastate.edu/p.php?pid=202208191603-KTAE-FZUS52-SRFTAE,NWS Tallahassee SRFTAE via Iowa Environmental Mesonet archive
2022-08-20T16:31:00+00:00,2022-08-20T11:31:00-05:00,2022-08-20,11:31,Yellow,,Yellow,,Moderate,Around 1 foot.,87.0,Southwest winds around 5 mph.,202208201631-KTAE-FZUS52-SRFTAE,https://mesonet.agron.iastate.edu/p.php?pid=202208201631-KTAE-FZUS52-SRFTAE,NWS Tallahassee SRFTAE via Iowa Environmental Mesonet archive
2022-08-21T15:35:00+00:00,2022-08-21T10:35:00-05:00,2022-08-21,10:35,Yellow,,Yellow,,Moderate,1 foot or less.,88.0,South winds around 5 mph.,202208211535-KTAE-FZUS52-SRFTAE,https://mesonet.agron.iastate.edu/p.php?pid=202208211535-KTAE-FZUS52-SRFTAE,NWS Tallahassee SRFTAE via Iowa Environmental Mesonet archive
2022-08-22T15:59:00+00:00,2022-08-22T10:59:00-05:00,2022-08-22,10:59,Yellow,,Yellow,,Moderate,Around 1 foot.,87.0,"Northeast winds around 5 mph, becoming",202208221559-KTAE-FZUS52-SRFTAE,https://mesonet.agron.iastate.edu/p.php?pid=202208221559-KTAE-FZUS52-SRFTAE,NWS Tallahassee SRFTAE via Iowa Environmental Mesonet archive
2022-08-23T16:32:00+00:00,2022-08-23T11:32:00-05:00,2022-08-23,11:32,Yellow,,Yellow,,Moderate,Around 1 foot.,87.0,South winds around 5 mph.,202208231632-KTAE-FZUS52-SRFTAE,https://mesonet.agron.iastate.edu/p.php?pid=202208231632-KTAE-FZUS52-SRFTAE,NWS Tallahassee SRFTAE via Iowa Environmental Mesonet archive
2022-08-24T16:33:00+00:00,2022-08-24T11:33:00-05:00,2022-08-24,11:33,Yellow,,Yellow,,Moderate,Around 2 feet.,87.0,East winds around 10 mph.,202208241633-KTAE-FZUS52-SRFTAE,https://mesonet.agron.iastate.edu/p.php?pid=202208241633-KTAE-FZUS52-SRFTAE,NWS Tallahassee SRFTAE via Iowa Environmental Mesonet archive
2022-08-25T15:23:00+00:00,2022-08-25T10:23:00-05:00,2022-08-25,10:23,Yellow,,Yellow,,Moderate,Around 1 foot.,86.0,East winds around 10 mph.,202208251523-KTAE-FZUS52-SRFTAE,https://mesonet.agron.iastate.edu/p.php?pid=202208251523-KTAE-FZUS52-SRFTAE,NWS Tallahassee SRFTAE via Iowa Environmental Mesonet archive
2022-08-26T15:59:00+00:00,2022-08-26T10:59:00-05:00,2022-08-26,10:59,Yellow,,Yellow,,Moderate,Around 1 foot.,86.0,"East winds around 5 mph, becoming",202208261559-KTAE-FZUS52-SRFTAE,https://mesonet.agron.iastate.edu/p.php?pid=202208261559-KTAE-FZUS52-SRFTAE,NWS Tallahassee SRFTAE via Iowa Environmental Mesonet archive
2022-08-27T18:49:00+00:00,2022-08-27T13:49:00-05:00,2022-08-27,13:49,Yellow,,Yellow,,Moderate,Around 1 foot.,86.0,Southwest winds around 5 mph.,202208271849-KTAE-FZUS52-SRFTAE,https://mesonet.agron.iastate.edu/p.php?pid=202208271849-KTAE-FZUS52-SRFTAE,NWS Tallahassee SRFTAE via Iowa Environmental Mesonet archive
2022-08-28T15:58:00+00:00,2022-08-28T10:58:00-05:00,2022-08-28,10:58,Yellow,,Yellow,,Moderate,Around 1 foot.,86.0,"East winds around 5 mph, becoming south",202208281558-KTAE-FZUS52-SRFTAE,https://mesonet.agron.iastate.edu/p.php?pid=202208281558-KTAE-FZUS52-SRFTAE,NWS Tallahassee SRFTAE via Iowa Environmental Mesonet archive
2022-08-29T15:35:00+00:00,2022-08-29T10:35:00-05:00,2022-08-29,10:35,Yellow,,Yellow,,Moderate,Around 1 foot.,86.0,East winds 5 to 10 mph.,202208291535-KTAE-FZUS52-SRFTAE,https://mesonet.agron.iastate.edu/p.php?pid=202208291535-KTAE-FZUS52-SRFTAE,NWS Tallahassee SRFTAE via Iowa Environmental Mesonet archive
2022-08-30T19:03:00+00:00,2022-08-30T14:03:00-05:00,2022-08-30,14:03,Yellow,,Yellow,,Moderate,Around 1 foot.,88.0,Southwest winds around 10 mph.,202208301903-KTAE-FZUS52-SRFTAE,https://mesonet.agron.iastate.edu/p.php?pid=202208301903-KTAE-FZUS52-SRFTAE,NWS Tallahassee SRFTAE via Iowa Environmental Mesonet archive
2022-08-31T15:18:00+00:00,2022-08-31T10:18:00-05:00,2022-08-31,10:18,Yellow,,Yellow,,Moderate,Around 1 foot.,87.0,"Northeast winds around 5 mph, becoming",202208311518-KTAE-FZUS52-SRFTAE,https://mesonet.agron.iastate.edu/p.php?pid=202208311518-KTAE-FZUS52-SRFTAE,NWS Tallahassee SRFTAE via Iowa Environmental Mesonet archive
2022-09-01T15:57:00+00:00,2022-09-01T10:57:00-05:00,2022-09-01,10:57,Yellow,,Yellow,,Moderate,Around 1 foot.,87.0,South winds 5 to 10 mph.,202209011557-KTAE-FZUS52-SRFTAE,https://mesonet.agron.iastate.edu/p.php?pid=202209011557-KTAE-FZUS52-SRFTAE,NWS Tallahassee SRFTAE via Iowa Environmental Mesonet archive
2022-09-02T16:48:00+00:00,2022-09-02T11:48:00-05:00,2022-09-02,11:48,Yellow,,Yellow,,Moderate,Around 2 feet.,87.0,South winds around 10 mph.,202209021648-KTAE-FZUS52-SRFTAE,https://mesonet.agron.iastate.edu/p.php?pid=202209021648-KTAE-FZUS52-SRFTAE,NWS Tallahassee SRFTAE via Iowa Environmental Mesonet archive
2022-09-03T15:30:00+00:00,2022-09-03T10:30:00-05:00,2022-09-03,10:30,Yellow,,Yellow,,Moderate,Around 1 foot.,87.0,Southeast winds around 10 mph.,202209031530-KTAE-FZUS52-SRFTAE,https://mesonet.agron.iastate.edu/p.php?pid=202209031530-KTAE-FZUS52-SRFTAE,NWS Tallahassee SRFTAE via Iowa Environmental Mesonet archive
2022-09-04T15:46:00+00:00,2022-09-04T10:46:00-05:00,2022-09-04,10:46,Yellow,,Yellow,,Moderate,Around 1 foot.,86.0,Southeast winds around 5 mph.,202209041546-KTAE-FZUS52-SRFTAE,https://mesonet.agron.iastate.edu/p.php?pid=202209041546-KTAE-FZUS52-SRFTAE,NWS Tallahassee SRFTAE via Iowa Environmental Mesonet archive
2022-09-05T15:36:00+00:00,2022-09-05T10:36:00-05:00,2022-09-05,10:36,Yellow,,Yellow,,Moderate,Around 1 foot.,86.0,South winds around 10 mph.,202209051536-KTAE-FZUS52-SRFTAE,https://mesonet.agron.iastate.edu/p.php?pid=202209051536-KTAE-FZUS52-SRFTAE,NWS Tallahassee SRFTAE via Iowa Environmental Mesonet archive
2022-09-06T15:31:00+00:00,2022-09-06T10:31:00-05:00,2022-09-06,10:31,Yellow,,Yellow,,Moderate,Around 1 foot.,88.0,"Northwest winds around 5 mph, becoming",202209061531-KTAE-FZUS52-SRFTAE,https://mesonet.agron.iastate.edu/p.php?pid=202209061531-KTAE-FZUS52-SRFTAE,NWS Tallahassee SRFTAE via Iowa Environmental Mesonet archive
2022-09-07T15:19:00+00:00,2022-09-07T10:19:00-05:00,2022-09-07,10:19,Yellow,,Yellow,,Moderate,Around 1 foot.,87.0,Northwest winds around 10 mph.,202209071519-KTAE-FZUS52-SRFTAE,https://mesonet.agron.iastate.edu/p.php?pid=202209071519-KTAE-FZUS52-SRFTAE,NWS Tallahassee SRFTAE via Iowa Environmental Mesonet archive
2022-09-08T15:46:00+00:00,2022-09-08T10:46:00-05:00,2022-09-08,10:46,Yellow,,Yellow,,Moderate,Around 1 foot.,87.0,"Northeast winds around 10 mph, becoming",202209081546-KTAE-FZUS52-SRFTAE,https://mesonet.agron.iastate.edu/p.php?pid=202209081546-KTAE-FZUS52-SRFTAE,NWS Tallahassee SRFTAE via Iowa Environmental Mesonet archive
2022-09-09T16:35:00+00:00,2022-09-09T11:35:00-05:00,2022-09-09,11:35,Single Red,,Yellow,,High,Around 1 foot.,86.0,East winds around 10 mph.,202209091635-KTAE-FZUS52-SRFTAE,https://mesonet.agron.iastate.edu/p.php?pid=202209091635-KTAE-FZUS52-SRFTAE,NWS Tallahassee SRFTAE via Iowa Environmental Mesonet archive
2022-09-10T15:49:00+00:00,2022-09-10T10:49:00-05:00,2022-09-10,10:49,Single Red,,Single Red,,High,Around 2 feet.,85.0,South winds around 15 mph.,202209101549-KTAE-FZUS52-SRFTAE,https://mesonet.agron.iastate.edu/p.php?pid=202209101549-KTAE-FZUS52-SRFTAE,NWS Tallahassee SRFTAE via Iowa Environmental Mesonet archive
2022-09-11T15:20:00+00:00,2022-09-11T10:20:00-05:00,2022-09-11,10:20,Single Red,,Double Red,,High,2 to 3 feet.,83.0,South winds around 15 mph.,202209111520-KTAE-FZUS52-SRFTAE,https://mesonet.agron.iastate.edu/p.php?pid=202209111520-KTAE-FZUS52-SRFTAE,NWS Tallahassee SRFTAE via Iowa Environmental Mesonet archive
2022-09-12T15:47:00+00:00,2022-09-12T10:47:00-05:00,2022-09-12,10:47,Single Red,,Double Red,,High,Around 2 feet.,84.0,"Northwest winds around 5 mph, becoming",202209121547-KTAE-FZUS52-SRFTAE,https://mesonet.agron.iastate.edu/p.php?pid=202209121547-KTAE-FZUS52-SRFTAE,NWS Tallahassee SRFTAE via Iowa Environmental Mesonet archive
2022-09-13T15:49:00+00:00,2022-09-13T10:49:00-05:00,2022-09-13,10:49,Yellow,,Single Red,,Moderate,Around 2 feet.,85.0,North winds 10 to 15 mph.,202209131549-KTAE-FZUS52-SRFTAE,https://mesonet.agron.iastate.edu/p.php?pid=202209131549-KTAE-FZUS52-SRFTAE,NWS Tallahassee SRFTAE via Iowa Environmental Mesonet archive
2022-09-14T15:32:00+00:00,2022-09-14T10:32:00-05:00,2022-09-14,10:32,Yellow,,Yellow,,Moderate,Around 1 foot.,84.0,Northeast winds 10 to 15 mph.,202209141532-KTAE-FZUS52-SRFTAE,https://mesonet.agron.iastate.edu/p.php?pid=202209141532-KTAE-FZUS52-SRFTAE,NWS Tallahassee SRFTAE via Iowa Environmental Mesonet archive
2022-09-15T15:24:00+00:00,2022-09-15T10:24:00-05:00,2022-09-15,10:24,Yellow,,Yellow,,Low,1 foot or less.,83.0,East winds around 15 mph.,202209151524-KTAE-FZUS52-SRFTAE,https://mesonet.agron.iastate.edu/p.php?pid=202209151524-KTAE-FZUS52-SRFTAE,NWS Tallahassee SRFTAE via Iowa Environmental Mesonet archive
2022-09-16T16:12:00+00:00,2022-09-16T11:12:00-05:00,2022-09-16,11:12,Yellow,,Yellow,,Moderate,Around 1 foot.,85.0,East winds around 15 mph.,202209161612-KTAE-FZUS52-SRFTAE,https://mesonet.agron.iastate.edu/p.php?pid=202209161612-KTAE-FZUS52-SRFTAE,NWS Tallahassee SRFTAE via Iowa Environmental Mesonet archive
2022-09-17T16:34:00+00:00,2022-09-17T11:34:00-05:00,2022-09-17,11:34,Yellow,,Yellow,,Moderate,Around 1 foot.,84.0,East winds around 15 mph.,202209171634-KTAE-FZUS52-SRFTAE,https://mesonet.agron.iastate.edu/p.php?pid=202209171634-KTAE-FZUS52-SRFTAE,NWS Tallahassee SRFTAE via Iowa Environmental Mesonet archive
2022-09-18T15:24:00+00:00,2022-09-18T10:24:00-05:00,2022-09-18,10:24,Yellow,,Yellow,,Moderate,Around 1 foot.,84.0,Northeast winds around 15 mph.,202209181524-KTAE-FZUS52-SRFTAE,https://mesonet.agron.iastate.edu/p.php?pid=202209181524-KTAE-FZUS52-SRFTAE,NWS Tallahassee SRFTAE via Iowa Environmental Mesonet archive
2022-09-19T16:07:00+00:00,2022-09-19T11:07:00-05:00,2022-09-19,11:07,Yellow,,Yellow,,Moderate,1 to 2 feet.,85.0,Northeast winds around 15 mph.,202209191607-KTAE-FZUS52-SRFTAE,https://mesonet.agron.iastate.edu/p.php?pid=202209191607-KTAE-FZUS52-SRFTAE,NWS Tallahassee SRFTAE via Iowa Environmental Mesonet archive
2022-09-20T15:23:00+00:00,2022-09-20T10:23:00-05:00,2022-09-20,10:23,Yellow,,Yellow,,Moderate,1 foot or less.,85.0,Northeast winds 10 to 15 mph.,202209201523-KTAE-FZUS52-SRFTAE,https://mesonet.agron.iastate.edu/p.php?pid=202209201523-KTAE-FZUS52-SRFTAE,NWS Tallahassee SRFTAE via Iowa Environmental Mesonet archive
2022-09-21T15:43:00+00:00,2022-09-21T10:43:00-05:00,2022-09-21,10:43,Yellow,,Yellow,,Moderate,Around 1 foot.,85.0,"Northeast winds around 10 mph, becoming",202209211543-KTAE-FZUS52-SRFTAE,https://mesonet.agron.iastate.edu/p.php?pid=202209211543-KTAE-FZUS52-SRFTAE,NWS Tallahassee SRFTAE via Iowa Environmental Mesonet archive
2022-09-22T15:31:00+00:00,2022-09-22T10:31:00-05:00,2022-09-22,10:31,Yellow,,Yellow,,Moderate,1 to 2 feet.,85.0,"North winds around 5 mph, becoming west",202209221531-KTAE-FZUS52-SRFTAE,https://mesonet.agron.iastate.edu/p.php?pid=202209221531-KTAE-FZUS52-SRFTAE,NWS Tallahassee SRFTAE via Iowa Environmental Mesonet archive
2022-09-23T15:21:00+00:00,2022-09-23T10:21:00-05:00,2022-09-23,10:21,Yellow,,Yellow,,Moderate,Around 1 foot.,85.0,Northeast winds 10 to 15 mph.,202209231521-KTAE-FZUS52-SRFTAE,https://mesonet.agron.iastate.edu/p.php?pid=202209231521-KTAE-FZUS52-SRFTAE,NWS Tallahassee SRFTAE via Iowa Environmental Mesonet archive
2022-09-24T15:47:00+00:00,2022-09-24T10:47:00-05:00,2022-09-24,10:47,Yellow,,Yellow,,Moderate,Around 1 foot.,84.0,East winds 5 to 10 mph.,202209241547-KTAE-FZUS52-SRFTAE,https://mesonet.agron.iastate.edu/p.php?pid=202209241547-KTAE-FZUS52-SRFTAE,NWS Tallahassee SRFTAE via Iowa Environmental Mesonet archive
2022-09-25T15:42:00+00:00,2022-09-25T10:42:00-05:00,2022-09-25,10:42,Yellow,,Yellow,,Moderate,Around 1 foot.,83.0,"East winds around 5 mph, becoming",202209251542-KTAE-FZUS52-SRFTAE,https://mesonet.agron.iastate.edu/p.php?pid=202209251542-KTAE-FZUS52-SRFTAE,NWS Tallahassee SRFTAE via Iowa Environmental Mesonet archive
2022-09-26T15:55:00+00:00,2022-09-26T10:55:00-05:00,2022-09-26,10:55,Yellow,,Yellow,,Moderate,Around 1 foot.,85.0,Northwest winds around 10 mph.,202209261555-KTAE-FZUS52-SRFTAE,https://mesonet.agron.iastate.edu/p.php?pid=202209261555-KTAE-FZUS52-SRFTAE,NWS Tallahassee SRFTAE via Iowa Environmental Mesonet archive
2022-09-27T15:17:00+00:00,2022-09-27T10:17:00-05:00,2022-09-27,10:17,Yellow,,Yellow,,Moderate,Around 2 feet.,83.0,Northeast winds 15 to 20 mph.,202209271517-KTAE-FZUS52-SRFTAE,https://mesonet.agron.iastate.edu/p.php?pid=202209271517-KTAE-FZUS52-SRFTAE,NWS Tallahassee SRFTAE via Iowa Environmental Mesonet archive
2022-09-29T15:35:00+00:00,2022-09-29T10:35:00-05:00,2022-09-29,10:35,Yellow,,Single Red,,High,2 to 3 feet.,79.0,Breezy. Northeast winds around 25 mph.,202209291535-KTAE-FZUS52-SRFTAE,https://mesonet.agron.iastate.edu/p.php?pid=202209291535-KTAE-FZUS52-SRFTAE,NWS Tallahassee SRFTAE via Iowa Environmental Mesonet archive
2022-09-30T15:18:00+00:00,2022-09-30T10:18:00-05:00,2022-09-30,10:18,Yellow,,Yellow,,Moderate,1 to 2 feet.,79.0,North winds around 15 mph.,202209301518-KTAE-FZUS52-SRFTAE,https://mesonet.agron.iastate.edu/p.php?pid=202209301518-KTAE-FZUS52-SRFTAE,NWS Tallahassee SRFTAE via Iowa Environmental Mesonet archive
2022-10-01T15:22:00+00:00,2022-10-01T10:22:00-05:00,2022-10-01,10:22,Yellow,,Yellow,,Moderate,1 to 2 feet.,79.0,Northwest winds 10 to 15 mph.,202210011522-KTAE-FZUS52-SRFTAE,https://mesonet.agron.iastate.edu/p.php?pid=202210011522-KTAE-FZUS52-SRFTAE,NWS Tallahassee SRFTAE via Iowa Environmental Mesonet archive
2022-10-02T15:39:00+00:00,2022-10-02T10:39:00-05:00,2022-10-02,10:39,Yellow,,Yellow,,Moderate,1 to 2 feet.,78.0,North winds around 15 mph.,202210021539-KTAE-FZUS52-SRFTAE,https://mesonet.agron.iastate.edu/p.php?pid=202210021539-KTAE-FZUS52-SRFTAE,NWS Tallahassee SRFTAE via Iowa Environmental Mesonet archive
2022-10-03T15:55:00+00:00,2022-10-03T10:55:00-05:00,2022-10-03,10:55,Yellow,,Yellow,,Moderate,Around 1 foot.,78.0,Northeast winds 10 to 15 mph.,202210031555-KTAE-FZUS52-SRFTAE,https://mesonet.agron.iastate.edu/p.php?pid=202210031555-KTAE-FZUS52-SRFTAE,NWS Tallahassee SRFTAE via Iowa Environmental Mesonet archive
2022-10-04T16:12:00+00:00,2022-10-04T11:12:00-05:00,2022-10-04,11:12,Yellow,,Yellow,,Moderate,Around 1 foot.,78.0,East winds around 10 mph.,202210041612-KTAE-FZUS52-SRFTAE,https://mesonet.agron.iastate.edu/p.php?pid=202210041612-KTAE-FZUS52-SRFTAE,NWS Tallahassee SRFTAE via Iowa Environmental Mesonet archive
2022-10-05T18:17:00+00:00,2022-10-05T13:17:00-05:00,2022-10-05,13:17,Yellow,,Yellow,,Moderate,1 foot or less.,78.0,West winds around 5 mph.,202210051817-KTAE-FZUS52-SRFTAE,https://mesonet.agron.iastate.edu/p.php?pid=202210051817-KTAE-FZUS52-SRFTAE,NWS Tallahassee SRFTAE via Iowa Environmental Mesonet archive
2022-10-06T15:49:00+00:00,2022-10-06T10:49:00-05:00,2022-10-06,10:49,Yellow,,Yellow,,Moderate,Around 1 foot.,77.0,"North winds around 5 mph, becoming west",202210061549-KTAE-FZUS52-SRFTAE,https://mesonet.agron.iastate.edu/p.php?pid=202210061549-KTAE-FZUS52-SRFTAE,NWS Tallahassee SRFTAE via Iowa Environmental Mesonet archive
2022-10-07T16:23:00+00:00,2022-10-07T11:23:00-05:00,2022-10-07,11:23,Yellow,,Yellow,,Moderate,Around 1 foot.,78.0,Northwest winds around 5 mph.,202210071623-KTAE-FZUS52-SRFTAE,https://mesonet.agron.iastate.edu/p.php?pid=202210071623-KTAE-FZUS52-SRFTAE,NWS Tallahassee SRFTAE via Iowa Environmental Mesonet archive
2022-10-08T16:25:00+00:00,2022-10-08T11:25:00-05:00,2022-10-08,11:25,Yellow,,Yellow,,Moderate,Around 1 foot.,77.0,North winds around 15 mph.,202210081625-KTAE-FZUS52-SRFTAE,https://mesonet.agron.iastate.edu/p.php?pid=202210081625-KTAE-FZUS52-SRFTAE,NWS Tallahassee SRFTAE via Iowa Environmental Mesonet archive
2022-10-09T16:18:00+00:00,2022-10-09T11:18:00-05:00,2022-10-09,11:18,Yellow,,Yellow,,Moderate,Around 1 foot.,76.0,North winds around 10 mph.,202210091618-KTAE-FZUS52-SRFTAE,https://mesonet.agron.iastate.edu/p.php?pid=202210091618-KTAE-FZUS52-SRFTAE,NWS Tallahassee SRFTAE via Iowa Environmental Mesonet archive
2022-10-10T16:18:00+00:00,2022-10-10T11:18:00-05:00,2022-10-10,11:18,Yellow,,Yellow,,High,Around 2 feet.,75.0,North winds around 15 mph.,202210101618-KTAE-FZUS52-SRFTAE,https://mesonet.agron.iastate.edu/p.php?pid=202210101618-KTAE-FZUS52-SRFTAE,NWS Tallahassee SRFTAE via Iowa Environmental Mesonet archive
2022-10-11T15:18:00+00:00,2022-10-11T10:18:00-05:00,2022-10-11,10:18,Yellow,,Yellow,,Moderate,Around 1 foot.,76.0,East winds around 15 mph.,202210111518-KTAE-FZUS52-SRFTAE,https://mesonet.agron.iastate.edu/p.php?pid=202210111518-KTAE-FZUS52-SRFTAE,NWS Tallahassee SRFTAE via Iowa Environmental Mesonet archive
2022-10-12T16:22:00+00:00,2022-10-12T11:22:00-05:00,2022-10-12,11:22,Yellow,,Single Red,,High,Around 2 feet.,77.0,Southeast winds around 10 mph.,202210121622-KTAE-FZUS52-SRFTAE,https://mesonet.agron.iastate.edu/p.php?pid=202210121622-KTAE-FZUS52-SRFTAE,NWS Tallahassee SRFTAE via Iowa Environmental Mesonet archive
2022-10-13T15:31:00+00:00,2022-10-13T10:31:00-05:00,2022-10-13,10:31,Single Red,,Single Red,,High,Around 2 feet.,77.0,Northwest winds around 10 mph.,202210131531-KTAE-FZUS52-SRFTAE,https://mesonet.agron.iastate.edu/p.php?pid=202210131531-KTAE-FZUS52-SRFTAE,NWS Tallahassee SRFTAE via Iowa Environmental Mesonet archive
2022-10-14T15:19:00+00:00,2022-10-14T10:19:00-05:00,2022-10-14,10:19,Single Red,,Single Red,,High,Around 3 feet.,77.0,"Northeast winds around 15 mph, becoming",202210141519-KTAE-FZUS52-SRFTAE,https://mesonet.agron.iastate.edu/p.php?pid=202210141519-KTAE-FZUS52-SRFTAE,NWS Tallahassee SRFTAE via Iowa Environmental Mesonet archive
2022-10-15T15:49:00+00:00,2022-10-15T10:49:00-05:00,2022-10-15,10:49,Single Red,,Single Red,,High,Around 2 feet.,76.0,East winds around 10 mph.,202210151549-KTAE-FZUS52-SRFTAE,https://mesonet.agron.iastate.edu/p.php?pid=202210151549-KTAE-FZUS52-SRFTAE,NWS Tallahassee SRFTAE via Iowa Environmental Mesonet archive
2022-10-16T15:31:00+00:00,2022-10-16T10:31:00-05:00,2022-10-16,10:31,Yellow,,Yellow,,Moderate,Around 1 foot.,76.0,Southeast winds around 10 mph.,202210161531-KTAE-FZUS52-SRFTAE,https://mesonet.agron.iastate.edu/p.php?pid=202210161531-KTAE-FZUS52-SRFTAE,NWS Tallahassee SRFTAE via Iowa Environmental Mesonet archive
2022-10-17T15:18:00+00:00,2022-10-17T10:18:00-05:00,2022-10-17,10:18,Yellow,,Yellow,,Moderate,1 to 2 feet.,78.0,Northwest winds around 10 mph.,202210171518-KTAE-FZUS52-SRFTAE,https://mesonet.agron.iastate.edu/p.php?pid=202210171518-KTAE-FZUS52-SRFTAE,NWS Tallahassee SRFTAE via Iowa Environmental Mesonet archive
2022-10-18T15:28:00+00:00,2022-10-18T10:28:00-05:00,2022-10-18,10:28,Yellow,,Double Red,,Moderate,Around 3 feet.,76.0,North winds around 20 mph.,202210181528-KTAE-FZUS52-SRFTAE,https://mesonet.agron.iastate.edu/p.php?pid=202210181528-KTAE-FZUS52-SRFTAE,NWS Tallahassee SRFTAE via Iowa Environmental Mesonet archive
2022-10-19T15:43:00+00:00,2022-10-19T10:43:00-05:00,2022-10-19,10:43,Yellow,,Double Red,,Moderate,1 to 2 feet.,74.0,North winds around 15 mph.,202210191543-KTAE-FZUS52-SRFTAE,https://mesonet.agron.iastate.edu/p.php?pid=202210191543-KTAE-FZUS52-SRFTAE,NWS Tallahassee SRFTAE via Iowa Environmental Mesonet archive
2022-10-20T15:51:00+00:00,2022-10-20T10:51:00-05:00,2022-10-20,10:51,Yellow,,Single Red,,Moderate,Around 1 foot.,73.0,"Northeast winds around 10 mph, becoming",202210201551-KTAE-FZUS52-SRFTAE,https://mesonet.agron.iastate.edu/p.php?pid=202210201551-KTAE-FZUS52-SRFTAE,NWS Tallahassee SRFTAE via Iowa Environmental Mesonet archive
2022-10-21T16:41:00+00:00,2022-10-21T11:41:00-05:00,2022-10-21,11:41,Yellow,,Yellow,,Moderate,Around 1 foot.,72.0,North winds around 10 mph.,202210211641-KTAE-FZUS52-SRFTAE,https://mesonet.agron.iastate.edu/p.php?pid=202210211641-KTAE-FZUS52-SRFTAE,NWS Tallahassee SRFTAE via Iowa Environmental Mesonet archive
2022-10-22T16:59:00+00:00,2022-10-22T11:59:00-05:00,2022-10-22,11:59,Yellow,,Yellow,,Moderate,1 foot or less.,73.0,Northeast winds around 10 mph.,202210221659-KTAE-FZUS52-SRFTAE,https://mesonet.agron.iastate.edu/p.php?pid=202210221659-KTAE-FZUS52-SRFTAE,NWS Tallahassee SRFTAE via Iowa Environmental Mesonet archive
2022-10-23T15:27:00+00:00,2022-10-23T10:27:00-05:00,2022-10-23,10:27,Yellow,,Yellow,,Moderate,Around 1 foot.,72.0,East winds 10 to 15 mph.,202210231527-KTAE-FZUS52-SRFTAE,https://mesonet.agron.iastate.edu/p.php?pid=202210231527-KTAE-FZUS52-SRFTAE,NWS Tallahassee SRFTAE via Iowa Environmental Mesonet archive
2022-10-24T15:17:00+00:00,2022-10-24T10:17:00-05:00,2022-10-24,10:17,Yellow,,Yellow,,Moderate,1 foot or less.,72.0,Southeast winds around 15 mph.,202210241517-KTAE-FZUS52-SRFTAE,https://mesonet.agron.iastate.edu/p.php?pid=202210241517-KTAE-FZUS52-SRFTAE,NWS Tallahassee SRFTAE via Iowa Environmental Mesonet archive
2022-10-25T15:34:00+00:00,2022-10-25T10:34:00-05:00,2022-10-25,10:34,Single Red,,Yellow,,High,1 to 2 feet.,73.0,South winds around 15 mph.,202210251534-KTAE-FZUS52-SRFTAE,https://mesonet.agron.iastate.edu/p.php?pid=202210251534-KTAE-FZUS52-SRFTAE,NWS Tallahassee SRFTAE via Iowa Environmental Mesonet archive
2022-10-26T15:26:00+00:00,2022-10-26T10:26:00-05:00,2022-10-26,10:26,Single Red,,Double Red,,High,Around 3 feet.,73.0,North winds 10 to 15 mph.,202210261526-KTAE-FZUS52-SRFTAE,https://mesonet.agron.iastate.edu/p.php?pid=202210261526-KTAE-FZUS52-SRFTAE,NWS Tallahassee SRFTAE via Iowa Environmental Mesonet archive
2022-10-27T15:37:00+00:00,2022-10-27T10:37:00-05:00,2022-10-27,10:37,Single Red,,Yellow,,High,Around 2 feet.,72.0,"Northeast winds around 10 mph, becoming",202210271537-KTAE-FZUS52-SRFTAE,https://mesonet.agron.iastate.edu/p.php?pid=202210271537-KTAE-FZUS52-SRFTAE,NWS Tallahassee SRFTAE via Iowa Environmental Mesonet archive
2022-10-28T16:04:00+00:00,2022-10-28T11:04:00-05:00,2022-10-28,11:04,Yellow,,Yellow,,Moderate,Around 1 foot.,72.0,East winds around 15 mph.,202210281604-KTAE-FZUS52-SRFTAE,https://mesonet.agron.iastate.edu/p.php?pid=202210281604-KTAE-FZUS52-SRFTAE,NWS Tallahassee SRFTAE via Iowa Environmental Mesonet archive
2022-10-29T16:09:00+00:00,2022-10-29T11:09:00-05:00,2022-10-29,11:09,Yellow,,Yellow,,Moderate,Around 2 feet.,73.0,East winds around 15 mph.,202210291609-KTAE-FZUS52-SRFTAE,https://mesonet.agron.iastate.edu/p.php?pid=202210291609-KTAE-FZUS52-SRFTAE,NWS Tallahassee SRFTAE via Iowa Environmental Mesonet archive
2022-10-30T15:50:00+00:00,2022-10-30T10:50:00-05:00,2022-10-30,10:50,Yellow,,Yellow,,High,2 to 3 feet.,72.0,Southeast winds around 15 mph.,202210301550-KTAE-FZUS52-SRFTAE,https://mesonet.agron.iastate.edu/p.php?pid=202210301550-KTAE-FZUS52-SRFTAE,NWS Tallahassee SRFTAE via Iowa Environmental Mesonet archive
2022-10-31T15:57:00+00:00,2022-10-31T10:57:00-05:00,2022-10-31,10:57,Yellow,,Single Red,,High,Around 2 feet.,73.0,Northwest winds around 10 mph.,202210311557-KTAE-FZUS52-SRFTAE,https://mesonet.agron.iastate.edu/p.php?pid=202210311557-KTAE-FZUS52-SRFTAE,NWS Tallahassee SRFTAE via Iowa Environmental Mesonet archive
2022-11-01T15:17:00+00:00,2022-11-01T10:17:00-05:00,2022-11-01,10:17,Yellow,,Yellow,,Moderate,Around 1 foot.,72.0,Northeast winds around 10 mph.,202211011517-KTAE-FZUS52-SRFTAE,https://mesonet.agron.iastate.edu/p.php?pid=202211011517-KTAE-FZUS52-SRFTAE,NWS Tallahassee SRFTAE via Iowa Environmental Mesonet archive
2022-11-02T15:21:00+00:00,2022-11-02T10:21:00-05:00,2022-11-02,10:21,Yellow,,Yellow,,Moderate,1 foot or less.,72.0,"Northeast winds around 10 mph, becoming",202211021521-KTAE-FZUS52-SRFTAE,https://mesonet.agron.iastate.edu/p.php?pid=202211021521-KTAE-FZUS52-SRFTAE,NWS Tallahassee SRFTAE via Iowa Environmental Mesonet archive
2022-11-03T15:30:00+00:00,2022-11-03T10:30:00-05:00,2022-11-03,10:30,Yellow,,Yellow,,Moderate,1 to 2 feet.,72.0,East winds 5 to 10 mph.,202211031530-KTAE-FZUS52-SRFTAE,https://mesonet.agron.iastate.edu/p.php?pid=202211031530-KTAE-FZUS52-SRFTAE,NWS Tallahassee SRFTAE via Iowa Environmental Mesonet archive
2022-11-04T15:24:00+00:00,2022-11-04T10:24:00-05:00,2022-11-04,10:24,Yellow,,Yellow,,Moderate,Around 1 foot.,73.0,East winds 10 to 15 mph.,202211041524-KTAE-FZUS52-SRFTAE,https://mesonet.agron.iastate.edu/p.php?pid=202211041524-KTAE-FZUS52-SRFTAE,NWS Tallahassee SRFTAE via Iowa Environmental Mesonet archive
2022-11-05T15:35:00+00:00,2022-11-05T10:35:00-05:00,2022-11-05,10:35,Yellow,,Yellow,,Moderate,Around 1 foot.,73.0,Southeast winds around 10 mph.,202211051535-KTAE-FZUS52-SRFTAE,https://mesonet.agron.iastate.edu/p.php?pid=202211051535-KTAE-FZUS52-SRFTAE,NWS Tallahassee SRFTAE via Iowa Environmental Mesonet archive
2022-11-06T16:57:00+00:00,2022-11-06T10:57:00-06:00,2022-11-06,10:57,Yellow,,Yellow,,Moderate,Around 1 foot.,73.0,"East winds around 5 mph, becoming",202211061657-KTAE-FZUS52-SRFTAE,https://mesonet.agron.iastate.edu/p.php?pid=202211061657-KTAE-FZUS52-SRFTAE,NWS Tallahassee SRFTAE via Iowa Environmental Mesonet archive
2022-11-07T16:19:00+00:00,2022-11-07T10:19:00-06:00,2022-11-07,10:19,Yellow,,Yellow,,Moderate,Around 1 foot.,73.0,"East winds around 10 mph, becoming",202211071619-KTAE-FZUS52-SRFTAE,https://mesonet.agron.iastate.edu/p.php?pid=202211071619-KTAE-FZUS52-SRFTAE,NWS Tallahassee SRFTAE via Iowa Environmental Mesonet archive
2022-11-08T16:17:00+00:00,2022-11-08T10:17:00-06:00,2022-11-08,10:17,Yellow,,Yellow,,Moderate,Around 1 foot.,74.0,Northeast winds 10 to 15 mph.,202211081617-KTAE-FZUS52-SRFTAE,https://mesonet.agron.iastate.edu/p.php?pid=202211081617-KTAE-FZUS52-SRFTAE,NWS Tallahassee SRFTAE via Iowa Environmental Mesonet archive
2022-11-09T17:11:00+00:00,2022-11-09T11:11:00-06:00,2022-11-09,11:11,Yellow,,Double Red,,Moderate,Around 1 foot.,73.0,Northeast winds around 20 mph.,202211091711-KTAE-FZUS52-SRFTAE,https://mesonet.agron.iastate.edu/p.php?pid=202211091711-KTAE-FZUS52-SRFTAE,NWS Tallahassee SRFTAE via Iowa Environmental Mesonet archive
2022-11-10T16:52:00+00:00,2022-11-10T10:52:00-06:00,2022-11-10,10:52,Yellow,,Double Red,,High,Around 2 feet.,71.0,Windy. North winds 25 to 30 mph.,202211101652-KTAE-FZUS52-SRFTAE,https://mesonet.agron.iastate.edu/p.php?pid=202211101652-KTAE-FZUS52-SRFTAE,NWS Tallahassee SRFTAE via Iowa Environmental Mesonet archive
2022-11-11T16:54:00+00:00,2022-11-11T10:54:00-06:00,2022-11-11,10:54,Double Red,,Double Red,,High,4 to 5 feet.,70.0,West winds around 20 mph.,202211111654-KTAE-FZUS52-SRFTAE,https://mesonet.agron.iastate.edu/p.php?pid=202211111654-KTAE-FZUS52-SRFTAE,NWS Tallahassee SRFTAE via Iowa Environmental Mesonet archive
2022-11-12T16:37:00+00:00,2022-11-12T10:37:00-06:00,2022-11-12,10:37,Single Red,,Double Red,,High,Around 3 feet.,71.0,West winds around 15 mph.,202211121637-KTAE-FZUS52-SRFTAE,https://mesonet.agron.iastate.edu/p.php?pid=202211121637-KTAE-FZUS52-SRFTAE,NWS Tallahassee SRFTAE via Iowa Environmental Mesonet archive
2022-11-13T16:20:00+00:00,2022-11-13T10:20:00-06:00,2022-11-13,10:20,Single Red,,Single Red,,High,2 to 3 feet.,70.0,North winds 15 to 20 mph.,202211131620-KTAE-FZUS52-SRFTAE,https://mesonet.agron.iastate.edu/p.php?pid=202211131620-KTAE-FZUS52-SRFTAE,NWS Tallahassee SRFTAE via Iowa Environmental Mesonet archive
2022-11-15T16:24:00+00:00,2022-11-15T10:24:00-06:00,2022-11-15,10:24,Single Red,,Single Red,,High,3 to 5 feet.,69.0,South winds around 20 mph.,202211151624-KTAE-FZUS52-SRFTAE,https://mesonet.agron.iastate.edu/p.php?pid=202211151624-KTAE-FZUS52-SRFTAE,NWS Tallahassee SRFTAE via Iowa Environmental Mesonet archive
2022-11-16T16:39:00+00:00,2022-11-16T10:39:00-06:00,2022-11-16,10:39,Single Red,,Double Red,,High,Around 2 feet.,69.0,North winds 15 to 20 mph.,202211161639-KTAE-FZUS52-SRFTAE,https://mesonet.agron.iastate.edu/p.php?pid=202211161639-KTAE-FZUS52-SRFTAE,NWS Tallahassee SRFTAE via Iowa Environmental Mesonet archive
2022-11-17T16:57:00+00:00,2022-11-17T10:57:00-06:00,2022-11-17,10:57,Yellow,,Double Red,,Moderate,Around 1 foot.,68.0,North winds around 15 mph.,202211171657-KTAE-FZUS52-SRFTAE,https://mesonet.agron.iastate.edu/p.php?pid=202211171657-KTAE-FZUS52-SRFTAE,NWS Tallahassee SRFTAE via Iowa Environmental Mesonet archive
2022-11-18T16:55:00+00:00,2022-11-18T10:55:00-06:00,2022-11-18,10:55,Yellow,,Single Red,,Moderate,Around 1 foot.,67.0,Northeast winds around 15 mph.,202211181655-KTAE-FZUS52-SRFTAE,https://mesonet.agron.iastate.edu/p.php?pid=202211181655-KTAE-FZUS52-SRFTAE,NWS Tallahassee SRFTAE via Iowa Environmental Mesonet archive
2022-11-19T16:43:00+00:00,2022-11-19T10:43:00-06:00,2022-11-19,10:43,Yellow,,Yellow,,Moderate,1 foot or less.,66.0,Northeast winds around 15 mph.,202211191643-KTAE-FZUS52-SRFTAE,https://mesonet.agron.iastate.edu/p.php?pid=202211191643-KTAE-FZUS52-SRFTAE,NWS Tallahassee SRFTAE via Iowa Environmental Mesonet archive
2022-11-20T17:06:00+00:00,2022-11-20T11:06:00-06:00,2022-11-20,11:06,Yellow,,Yellow,,Moderate,Around 1 foot.,65.0,Northeast winds around 20 mph.,202211201706-KTAE-FZUS52-SRFTAE,https://mesonet.agron.iastate.edu/p.php?pid=202211201706-KTAE-FZUS52-SRFTAE,NWS Tallahassee SRFTAE via Iowa Environmental Mesonet archive
2022-11-21T16:16:00+00:00,2022-11-21T10:16:00-06:00,2022-11-21,10:16,Yellow,,Yellow,,Moderate,1 foot or less.,64.0,Northeast winds around 15 mph.,202211211616-KTAE-FZUS52-SRFTAE,https://mesonet.agron.iastate.edu/p.php?pid=202211211616-KTAE-FZUS52-SRFTAE,NWS Tallahassee SRFTAE via Iowa Environmental Mesonet archive
2022-11-22T19:04:00+00:00,2022-11-22T13:04:00-06:00,2022-11-22,13:04,Yellow,,Yellow,,Moderate,Around 1 foot.,65.0,Northeast winds around 15 mph.,202211221904-KTAE-FZUS52-SRFTAE,https://mesonet.agron.iastate.edu/p.php?pid=202211221904-KTAE-FZUS52-SRFTAE,NWS Tallahassee SRFTAE via Iowa Environmental Mesonet archive
2022-11-23T16:57:00+00:00,2022-11-23T10:57:00-06:00,2022-11-23,10:57,Yellow,,Yellow,,Moderate,Around 1 foot.,65.0,Northeast winds 10 to 15 mph.,202211231657-KTAE-FZUS52-SRFTAE,https://mesonet.agron.iastate.edu/p.php?pid=202211231657-KTAE-FZUS52-SRFTAE,NWS Tallahassee SRFTAE via Iowa Environmental Mesonet archive
2022-11-24T16:32:00+00:00,2022-11-24T10:32:00-06:00,2022-11-24,10:32,Yellow,,Yellow,,Moderate,Around 1 foot.,65.0,East winds 10 to 15 mph.,202211241632-KTAE-FZUS52-SRFTAE,https://mesonet.agron.iastate.edu/p.php?pid=202211241632-KTAE-FZUS52-SRFTAE,NWS Tallahassee SRFTAE via Iowa Environmental Mesonet archive
2022-11-25T16:31:00+00:00,2022-11-25T10:31:00-06:00,2022-11-25,10:31,Yellow,,Yellow,,Moderate,1 to 2 feet.,66.0,South winds around 10 mph.,202211251631-KTAE-FZUS52-SRFTAE,https://mesonet.agron.iastate.edu/p.php?pid=202211251631-KTAE-FZUS52-SRFTAE,NWS Tallahassee SRFTAE via Iowa Environmental Mesonet archive
2022-11-26T16:54:00+00:00,2022-11-26T10:54:00-06:00,2022-11-26,10:54,Yellow,,Single Red,,High,Around 1 foot.,65.0,East winds around 15 mph.,202211261654-KTAE-FZUS52-SRFTAE,https://mesonet.agron.iastate.edu/p.php?pid=202211261654-KTAE-FZUS52-SRFTAE,NWS Tallahassee SRFTAE via Iowa Environmental Mesonet archive
2022-11-27T15:31:00+00:00,2022-11-27T09:31:00-06:00,2022-11-27,09:31,Double Red,,Double Red,,High,Around 5 feet.,66.0,West winds around 20 mph.,202211271531-KTAE-FZUS52-SRFTAE,https://mesonet.agron.iastate.edu/p.php?pid=202211271531-KTAE-FZUS52-SRFTAE,NWS Tallahassee SRFTAE via Iowa Environmental Mesonet archive
2022-11-28T16:40:00+00:00,2022-11-28T10:40:00-06:00,2022-11-28,10:40,Double Red,,Double Red,,High,Around 3 feet.,66.0,West winds around 10 mph.,202211281640-KTAE-FZUS52-SRFTAE,https://mesonet.agron.iastate.edu/p.php?pid=202211281640-KTAE-FZUS52-SRFTAE,NWS Tallahassee SRFTAE via Iowa Environmental Mesonet archive
2022-11-29T16:19:00+00:00,2022-11-29T10:19:00-06:00,2022-11-29,10:19,Single Red,,Single Red,,High,2 to 3 feet.,66.0,Southeast winds around 15 mph.,202211291619-KTAE-FZUS52-SRFTAE,https://mesonet.agron.iastate.edu/p.php?pid=202211291619-KTAE-FZUS52-SRFTAE,NWS Tallahassee SRFTAE via Iowa Environmental Mesonet archive
2022-11-30T16:46:00+00:00,2022-11-30T10:46:00-06:00,2022-11-30,10:46,Single Red,,Single Red,,High,Around 4 feet.,67.0,"West winds around 15 mph, becoming",202211301646-KTAE-FZUS52-SRFTAE,https://mesonet.agron.iastate.edu/p.php?pid=202211301646-KTAE-FZUS52-SRFTAE,NWS Tallahassee SRFTAE via Iowa Environmental Mesonet archive
2022-12-01T16:28:00+00:00,2022-12-01T10:28:00-06:00,2022-12-01,10:28,Yellow,,Single Red,,Moderate,1 to 2 feet.,65.0,Northeast winds 15 to 20 mph.,202212011628-KTAE-FZUS52-SRFTAE,https://mesonet.agron.iastate.edu/p.php?pid=202212011628-KTAE-FZUS52-SRFTAE,NWS Tallahassee SRFTAE via Iowa Environmental Mesonet archive
2022-12-02T17:18:00+00:00,2022-12-02T11:18:00-06:00,2022-12-02,11:18,Yellow,,Yellow,,Moderate,Around 1 foot.,64.0,East winds around 15 mph.,202212021718-KTAE-FZUS52-SRFTAE,https://mesonet.agron.iastate.edu/p.php?pid=202212021718-KTAE-FZUS52-SRFTAE,NWS Tallahassee SRFTAE via Iowa Environmental Mesonet archive
2022-12-03T16:52:00+00:00,2022-12-03T10:52:00-06:00,2022-12-03,10:52,Yellow,,Yellow,,Moderate,1 to 2 feet.,65.0,Southeast winds 5 to 10 mph.,202212031652-KTAE-FZUS52-SRFTAE,https://mesonet.agron.iastate.edu/p.php?pid=202212031652-KTAE-FZUS52-SRFTAE,NWS Tallahassee SRFTAE via Iowa Environmental Mesonet archive
2022-12-04T17:23:00+00:00,2022-12-04T11:23:00-06:00,2022-12-04,11:23,Yellow,,Yellow,,High,Around 2 feet.,66.0,Northwest winds around 5 mph.,202212041723-KTAE-FZUS52-SRFTAE,https://mesonet.agron.iastate.edu/p.php?pid=202212041723-KTAE-FZUS52-SRFTAE,NWS Tallahassee SRFTAE via Iowa Environmental Mesonet archive
2022-12-05T18:25:00+00:00,2022-12-05T12:25:00-06:00,2022-12-05,12:25,Yellow,,Yellow,,Moderate,Around 1 foot.,67.0,South winds around 5 mph.,202212051825-KTAE-FZUS52-SRFTAE,https://mesonet.agron.iastate.edu/p.php?pid=202212051825-KTAE-FZUS52-SRFTAE,NWS Tallahassee SRFTAE via Iowa Environmental Mesonet archive
2022-12-06T16:43:00+00:00,2022-12-06T10:43:00-06:00,2022-12-06,10:43,Yellow,,Yellow,,Moderate,Around 1 foot.,67.0,Southeast winds around 10 mph.,202212061643-KTAE-FZUS52-SRFTAE,https://mesonet.agron.iastate.edu/p.php?pid=202212061643-KTAE-FZUS52-SRFTAE,NWS Tallahassee SRFTAE via Iowa Environmental Mesonet archive
2022-12-07T16:37:00+00:00,2022-12-07T10:37:00-06:00,2022-12-07,10:37,Yellow,,Yellow,,Moderate,Around 1 foot.,67.0,Southeast winds around 5 mph.,202212071637-KTAE-FZUS52-SRFTAE,https://mesonet.agron.iastate.edu/p.php?pid=202212071637-KTAE-FZUS52-SRFTAE,NWS Tallahassee SRFTAE via Iowa Environmental Mesonet archive
2022-12-08T16:50:00+00:00,2022-12-08T10:50:00-06:00,2022-12-08,10:50,Yellow,,Yellow,,Moderate,Around 1 foot.,67.0,Northwest winds around 5 mph.,202212081650-KTAE-FZUS52-SRFTAE,https://mesonet.agron.iastate.edu/p.php?pid=202212081650-KTAE-FZUS52-SRFTAE,NWS Tallahassee SRFTAE via Iowa Environmental Mesonet archive
2022-12-09T16:17:00+00:00,2022-12-09T10:17:00-06:00,2022-12-09,10:17,Yellow,,Yellow,,Moderate,Around 1 foot.,67.0,Northwest winds around 5 mph.,202212091617-KTAE-FZUS52-SRFTAE,https://mesonet.agron.iastate.edu/p.php?pid=202212091617-KTAE-FZUS52-SRFTAE,NWS Tallahassee SRFTAE via Iowa Environmental Mesonet archive
2022-12-10T16:19:00+00:00,2022-12-10T10:19:00-06:00,2022-12-10,10:19,Yellow,,Yellow,,Moderate,Around 1 foot.,67.0,"North winds around 5 mph, becoming",202212101619-KTAE-FZUS52-SRFTAE,https://mesonet.agron.iastate.edu/p.php?pid=202212101619-KTAE-FZUS52-SRFTAE,NWS Tallahassee SRFTAE via Iowa Environmental Mesonet archive
2022-12-11T16:34:00+00:00,2022-12-11T10:34:00-06:00,2022-12-11,10:34,Yellow,,Yellow,,Moderate,Around 1 foot.,67.0,Southeast winds 5 to 10 mph.,202212111634-KTAE-FZUS52-SRFTAE,https://mesonet.agron.iastate.edu/p.php?pid=202212111634-KTAE-FZUS52-SRFTAE,NWS Tallahassee SRFTAE via Iowa Environmental Mesonet archive
2022-12-12T16:20:00+00:00,2022-12-12T10:20:00-06:00,2022-12-12,10:20,Yellow,,Yellow,,Moderate,Around 1 foot.,68.0,Southeast winds around 10 mph.,202212121620-KTAE-FZUS52-SRFTAE,https://mesonet.agron.iastate.edu/p.php?pid=202212121620-KTAE-FZUS52-SRFTAE,NWS Tallahassee SRFTAE via Iowa Environmental Mesonet archive
2022-12-13T17:41:00+00:00,2022-12-13T11:41:00-06:00,2022-12-13,11:41,Yellow,,Single Red,,High,Around 3 feet.,68.0,Southeast winds around 20 mph.,202212131741-KTAE-FZUS52-SRFTAE,https://mesonet.agron.iastate.edu/p.php?pid=202212131741-KTAE-FZUS52-SRFTAE,NWS Tallahassee SRFTAE via Iowa Environmental Mesonet archive
2022-12-14T18:17:00+00:00,2022-12-14T12:17:00-06:00,2022-12-14,12:17,Single Red,,Single Red,,High,Around 4 feet.,68.0,Southeast winds around 20 mph.,202212141817-KTAE-FZUS52-SRFTAE,https://mesonet.agron.iastate.edu/p.php?pid=202212141817-KTAE-FZUS52-SRFTAE,NWS Tallahassee SRFTAE via Iowa Environmental Mesonet archive
2022-12-15T17:45:00+00:00,2022-12-15T11:45:00-06:00,2022-12-15,11:45,Single Red,,Double Red,,High,3 to 5 feet.,68.0,Northwest winds around 15 mph.,202212151745-KTAE-FZUS52-SRFTAE,https://mesonet.agron.iastate.edu/p.php?pid=202212151745-KTAE-FZUS52-SRFTAE,NWS Tallahassee SRFTAE via Iowa Environmental Mesonet archive
2022-12-16T17:00:00+00:00,2022-12-16T11:00:00-06:00,2022-12-16,11:00,Single Red,,Double Red,,High,Around 3 feet.,66.0,North winds around 10 mph.,202212161700-KTAE-FZUS52-SRFTAE,https://mesonet.agron.iastate.edu/p.php?pid=202212161700-KTAE-FZUS52-SRFTAE,NWS Tallahassee SRFTAE via Iowa Environmental Mesonet archive
2022-12-17T16:24:00+00:00,2022-12-17T10:24:00-06:00,2022-12-17,10:24,Yellow,,Single Red,,Moderate,Around 2 feet.,68.0,North winds around 10 mph.,202212171624-KTAE-FZUS52-SRFTAE,https://mesonet.agron.iastate.edu/p.php?pid=202212171624-KTAE-FZUS52-SRFTAE,NWS Tallahassee SRFTAE via Iowa Environmental Mesonet archive
2022-12-18T16:52:00+00:00,2022-12-18T10:52:00-06:00,2022-12-18,10:52,Yellow,,Single Red,,Moderate,1 to 2 feet.,67.0,North winds around 15 mph.,202212181652-KTAE-FZUS52-SRFTAE,https://mesonet.agron.iastate.edu/p.php?pid=202212181652-KTAE-FZUS52-SRFTAE,NWS Tallahassee SRFTAE via Iowa Environmental Mesonet archive
2022-12-19T18:29:00+00:00,2022-12-19T12:29:00-06:00,2022-12-19,12:29,Yellow,,Yellow,,Moderate,Around 1 foot.,66.0,East winds around 10 mph.,202212191829-KTAE-FZUS52-SRFTAE,https://mesonet.agron.iastate.edu/p.php?pid=202212191829-KTAE-FZUS52-SRFTAE,NWS Tallahassee SRFTAE via Iowa Environmental Mesonet archive
2022-12-24T17:49:00+00:00,2022-12-24T11:49:00-06:00,2022-12-24,11:49,Single Red,,Double Red,,High,Around 3 feet.,59.0,North winds around 15 mph.,202212241749-KTAE-FZUS52-SRFTAE,https://mesonet.agron.iastate.edu/p.php?pid=202212241749-KTAE-FZUS52-SRFTAE,NWS Tallahassee SRFTAE via Iowa Environmental Mesonet archive
2022-12-25T16:48:00+00:00,2022-12-25T10:48:00-06:00,2022-12-25,10:48,Single Red,,Double Red,,High,Around 1 foot.,58.0,North winds around 15 mph.,202212251648-KTAE-FZUS52-SRFTAE,https://mesonet.agron.iastate.edu/p.php?pid=202212251648-KTAE-FZUS52-SRFTAE,NWS Tallahassee SRFTAE via Iowa Environmental Mesonet archive
2022-12-26T17:43:00+00:00,2022-12-26T11:43:00-06:00,2022-12-26,11:43,Single Red,,Yellow,,Moderate,Around 1 foot.,60.0,Northeast winds around 5 mph.,202212261743-KTAE-FZUS52-SRFTAE,https://mesonet.agron.iastate.edu/p.php?pid=202212261743-KTAE-FZUS52-SRFTAE,NWS Tallahassee SRFTAE via Iowa Environmental Mesonet archive
2022-12-27T17:01:00+00:00,2022-12-27T11:01:00-06:00,2022-12-27,11:01,Yellow,,Yellow,,Moderate,Around 1 foot.,59.0,Northeast winds 5 to 10 mph.,202212271701-KTAE-FZUS52-SRFTAE,https://mesonet.agron.iastate.edu/p.php?pid=202212271701-KTAE-FZUS52-SRFTAE,NWS Tallahassee SRFTAE via Iowa Environmental Mesonet archive
2022-12-28T16:29:00+00:00,2022-12-28T10:29:00-06:00,2022-12-28,10:29,Yellow,,Yellow,,High,2 to 3 feet.,59.0,East winds around 20 mph.,202212281629-KTAE-FZUS52-SRFTAE,https://mesonet.agron.iastate.edu/p.php?pid=202212281629-KTAE-FZUS52-SRFTAE,NWS Tallahassee SRFTAE via Iowa Environmental Mesonet archive
2022-12-29T16:33:00+00:00,2022-12-29T10:33:00-06:00,2022-12-29,10:33,Single Red,,Yellow,,High,Around 3 feet.,59.0,Southeast winds around 15 mph.,202212291633-KTAE-FZUS52-SRFTAE,https://mesonet.agron.iastate.edu/p.php?pid=202212291633-KTAE-FZUS52-SRFTAE,NWS Tallahassee SRFTAE via Iowa Environmental Mesonet archive
2022-12-30T18:01:00+00:00,2022-12-30T12:01:00-06:00,2022-12-30,12:01,Single Red,,Single Red,,High,Around 4 feet.,60.0,Southeast winds around 20 mph.,202212301801-KTAE-FZUS52-SRFTAE,https://mesonet.agron.iastate.edu/p.php?pid=202212301801-KTAE-FZUS52-SRFTAE,NWS Tallahassee SRFTAE via Iowa Environmental Mesonet archive
2022-12-31T16:58:00+00:00,2022-12-31T10:58:00-06:00,2022-12-31,10:58,Single Red,,Single Red,,High,Around 4 feet.,60.0,Southwest winds around 10 mph.,202212311658-KTAE-FZUS52-SRFTAE,https://mesonet.agron.iastate.edu/p.php?pid=202212311658-KTAE-FZUS52-SRFTAE,NWS Tallahassee SRFTAE via Iowa Environmental Mesonet archive
2023-01-01T17:04:00+00:00,2023-01-01T11:04:00-06:00,2023-01-01,11:04,Single Red,,Single Red,,High,2 to 3 feet.,60.0,Southeast winds around 5 mph.,202301011704-KTAE-FZUS52-SRFTAE,https://mesonet.agron.iastate.edu/p.php?pid=202301011704-KTAE-FZUS52-SRFTAE,NWS Tallahassee SRFTAE via Iowa Environmental Mesonet archive
2023-01-02T16:22:00+00:00,2023-01-02T10:22:00-06:00,2023-01-02,10:22,Single Red,,Single Red,,Moderate,Around 2 feet.,60.0,Southeast winds around 15 mph.,202301021622-KTAE-FZUS52-SRFTAE,https://mesonet.agron.iastate.edu/p.php?pid=202301021622-KTAE-FZUS52-SRFTAE,NWS Tallahassee SRFTAE via Iowa Environmental Mesonet archive
2023-01-03T16:19:00+00:00,2023-01-03T10:19:00-06:00,2023-01-03,10:19,Single Red,,Single Red,,High,3 to 5 feet.,61.0,Southeast winds around 20 mph.,202301031619-KTAE-FZUS52-SRFTAE,https://mesonet.agron.iastate.edu/p.php?pid=202301031619-KTAE-FZUS52-SRFTAE,NWS Tallahassee SRFTAE via Iowa Environmental Mesonet archive
2023-01-04T16:32:00+00:00,2023-01-04T10:32:00-06:00,2023-01-04,10:32,Single Red,,Single Red,,High,Around 5 feet.,61.0,Southwest winds 15 to 20 mph.,202301041632-KTAE-FZUS52-SRFTAE,https://mesonet.agron.iastate.edu/p.php?pid=202301041632-KTAE-FZUS52-SRFTAE,NWS Tallahassee SRFTAE via Iowa Environmental Mesonet archive
2023-01-05T17:00:00+00:00,2023-01-05T11:00:00-06:00,2023-01-05,11:00,Single Red,,Double Red,,High,Around 4 feet.,61.0,Northwest winds around 15 mph.,202301051700-KTAE-FZUS52-SRFTAE,https://mesonet.agron.iastate.edu/p.php?pid=202301051700-KTAE-FZUS52-SRFTAE,NWS Tallahassee SRFTAE via Iowa Environmental Mesonet archive
2023-01-06T16:54:00+00:00,2023-01-06T10:54:00-06:00,2023-01-06,10:54,Yellow,,Single Red,,High,Around 2 feet.,66.0,North winds 5 to 10 mph.,202301061654-KTAE-FZUS52-SRFTAE,https://mesonet.agron.iastate.edu/p.php?pid=202301061654-KTAE-FZUS52-SRFTAE,NWS Tallahassee SRFTAE via Iowa Environmental Mesonet archive
2023-01-07T17:06:00+00:00,2023-01-07T11:06:00-06:00,2023-01-07,11:06,Yellow,,Yellow,,Moderate,Around 1 foot.,66.0,Southeast winds around 5 mph.,202301071706-KTAE-FZUS52-SRFTAE,https://mesonet.agron.iastate.edu/p.php?pid=202301071706-KTAE-FZUS52-SRFTAE,NWS Tallahassee SRFTAE via Iowa Environmental Mesonet archive
2023-01-08T16:27:00+00:00,2023-01-08T10:27:00-06:00,2023-01-08,10:27,Yellow,,Yellow,,Moderate,Around 1 foot.,65.0,Southeast winds 5 to 10 mph.,202301081627-KTAE-FZUS52-SRFTAE,https://mesonet.agron.iastate.edu/p.php?pid=202301081627-KTAE-FZUS52-SRFTAE,NWS Tallahassee SRFTAE via Iowa Environmental Mesonet archive
2023-01-09T16:46:00+00:00,2023-01-09T10:46:00-06:00,2023-01-09,10:46,Yellow,,Yellow,,Moderate,Around 2 feet.,66.0,North winds 10 to 15 mph.,202301091646-KTAE-FZUS52-SRFTAE,https://mesonet.agron.iastate.edu/p.php?pid=202301091646-KTAE-FZUS52-SRFTAE,NWS Tallahassee SRFTAE via Iowa Environmental Mesonet archive
2023-01-10T16:32:00+00:00,2023-01-10T10:32:00-06:00,2023-01-10,10:32,Yellow,,Yellow,,Moderate,Around 1 foot.,65.0,"Northeast winds around 5 mph, becoming",202301101632-KTAE-FZUS52-SRFTAE,https://mesonet.agron.iastate.edu/p.php?pid=202301101632-KTAE-FZUS52-SRFTAE,NWS Tallahassee SRFTAE via Iowa Environmental Mesonet archive
2023-01-11T16:37:00+00:00,2023-01-11T10:37:00-06:00,2023-01-11,10:37,Yellow,,Yellow,,Moderate,1 to 2 feet.,65.0,South winds around 10 mph.,202301111637-KTAE-FZUS52-SRFTAE,https://mesonet.agron.iastate.edu/p.php?pid=202301111637-KTAE-FZUS52-SRFTAE,NWS Tallahassee SRFTAE via Iowa Environmental Mesonet archive
2023-01-12T16:44:00+00:00,2023-01-12T10:44:00-06:00,2023-01-12,10:44,Single Red,,Single Red,,High,4 to 5 feet.,66.0,Breezy. Southwest winds 20 to 25 mph.,202301121644-KTAE-FZUS52-SRFTAE,https://mesonet.agron.iastate.edu/p.php?pid=202301121644-KTAE-FZUS52-SRFTAE,NWS Tallahassee SRFTAE via Iowa Environmental Mesonet archive
2023-01-13T17:30:00+00:00,2023-01-13T11:30:00-06:00,2023-01-13,11:30,Double Red,,,,High,Around 5 feet.,64.0,Breezy. Northwest winds around 25 mph.,202301131730-KTAE-FZUS52-SRFTAE,https://mesonet.agron.iastate.edu/p.php?pid=202301131730-KTAE-FZUS52-SRFTAE,NWS Tallahassee SRFTAE via Iowa Environmental Mesonet archive
2023-01-14T17:09:00+00:00,2023-01-14T11:09:00-06:00,2023-01-14,11:09,Double Red,,Double Red,,Moderate,Around 3 feet.,61.0,North winds around 20 mph.,202301141709-KTAE-FZUS52-SRFTAE,https://mesonet.agron.iastate.edu/p.php?pid=202301141709-KTAE-FZUS52-SRFTAE,NWS Tallahassee SRFTAE via Iowa Environmental Mesonet archive
2023-01-16T16:15:00+00:00,2023-01-16T10:15:00-06:00,2023-01-16,10:15,Yellow,,,,Moderate,1 to 2 feet.,61.0,Southeast winds around 15 mph.,202301161615-KTAE-FZUS52-SRFTAE,https://mesonet.agron.iastate.edu/p.php?pid=202301161615-KTAE-FZUS52-SRFTAE,NWS Tallahassee SRFTAE via Iowa Environmental Mesonet archive
2023-01-17T17:21:00+00:00,2023-01-17T11:21:00-06:00,2023-01-17,11:21,Single Red,,Single Red,,High,Around 4 feet.,63.0,South winds around 15 mph.,202301171721-KTAE-FZUS52-SRFTAE,https://mesonet.agron.iastate.edu/p.php?pid=202301171721-KTAE-FZUS52-SRFTAE,NWS Tallahassee SRFTAE via Iowa Environmental Mesonet archive
2023-01-18T16:41:00+00:00,2023-01-18T10:41:00-06:00,2023-01-18,10:41,Yellow,,Double Red,,High,3 to 4 feet.,64.0,South winds around 15 mph.,202301181641-KTAE-FZUS52-SRFTAE,https://mesonet.agron.iastate.edu/p.php?pid=202301181641-KTAE-FZUS52-SRFTAE,NWS Tallahassee SRFTAE via Iowa Environmental Mesonet archive
2023-01-19T16:36:00+00:00,2023-01-19T10:36:00-06:00,2023-01-19,10:36,Single Red,,Single Red,,High,Around 4 feet.,64.0,Southwest winds around 15 mph.,202301191636-KTAE-FZUS52-SRFTAE,https://mesonet.agron.iastate.edu/p.php?pid=202301191636-KTAE-FZUS52-SRFTAE,NWS Tallahassee SRFTAE via Iowa Environmental Mesonet archive
2023-01-20T16:21:00+00:00,2023-01-20T10:21:00-06:00,2023-01-20,10:21,Single Red,,Single Red,,High,Around 3 feet.,63.0,North winds 10 to 15 mph.,202301201621-KTAE-FZUS52-SRFTAE,https://mesonet.agron.iastate.edu/p.php?pid=202301201621-KTAE-FZUS52-SRFTAE,NWS Tallahassee SRFTAE via Iowa Environmental Mesonet archive
2023-01-21T16:42:00+00:00,2023-01-21T10:42:00-06:00,2023-01-21,10:42,Single Red,,Single Red,,High,Around 2 feet.,63.0,East winds around 15 mph.,202301211642-KTAE-FZUS52-SRFTAE,https://mesonet.agron.iastate.edu/p.php?pid=202301211642-KTAE-FZUS52-SRFTAE,NWS Tallahassee SRFTAE via Iowa Environmental Mesonet archive
2023-01-22T18:28:00+00:00,2023-01-22T12:28:00-06:00,2023-01-22,12:28,Single Red,,Single Red,,High,Around 5 feet.,63.0,West winds around 20 mph.,202301221828-KTAE-FZUS52-SRFTAE,https://mesonet.agron.iastate.edu/p.php?pid=202301221828-KTAE-FZUS52-SRFTAE,NWS Tallahassee SRFTAE via Iowa Environmental Mesonet archive
2023-01-23T16:18:00+00:00,2023-01-23T10:18:00-06:00,2023-01-23,10:18,Single Red,,Single Red,,High,Around 4 feet.,61.0,North winds around 15 mph.,202301231618-KTAE-FZUS52-SRFTAE,https://mesonet.agron.iastate.edu/p.php?pid=202301231618-KTAE-FZUS52-SRFTAE,NWS Tallahassee SRFTAE via Iowa Environmental Mesonet archive
2023-01-24T17:41:00+00:00,2023-01-24T11:41:00-06:00,2023-01-24,11:41,Single Red,,Yellow,,Moderate,Around 2 feet.,60.0,East winds around 20 mph.,202301241741-KTAE-FZUS52-SRFTAE,https://mesonet.agron.iastate.edu/p.php?pid=202301241741-KTAE-FZUS52-SRFTAE,NWS Tallahassee SRFTAE via Iowa Environmental Mesonet archive
2023-01-25T17:56:00+00:00,2023-01-25T11:56:00-06:00,2023-01-25,11:56,Single Red,,,,High,Around 6 feet.,63.0,West winds around 20 mph.,202301251756-KTAE-FZUS52-SRFTAE,https://mesonet.agron.iastate.edu/p.php?pid=202301251756-KTAE-FZUS52-SRFTAE,NWS Tallahassee SRFTAE via Iowa Environmental Mesonet archive
2023-01-26T18:06:00+00:00,2023-01-26T12:06:00-06:00,2023-01-26,12:06,Single Red,,Double Red,,High,Around 4 feet.,60.0,Northwest winds around 15 mph.,202301261806-KTAE-FZUS52-SRFTAE,https://mesonet.agron.iastate.edu/p.php?pid=202301261806-KTAE-FZUS52-SRFTAE,NWS Tallahassee SRFTAE via Iowa Environmental Mesonet archive
2023-01-27T16:57:00+00:00,2023-01-27T10:57:00-06:00,2023-01-27,10:57,Yellow,,Double Red,,Moderate,Around 2 feet.,59.0,Northeast winds 10 to 15 mph.,202301271657-KTAE-FZUS52-SRFTAE,https://mesonet.agron.iastate.edu/p.php?pid=202301271657-KTAE-FZUS52-SRFTAE,NWS Tallahassee SRFTAE via Iowa Environmental Mesonet archive
2023-01-28T16:38:00+00:00,2023-01-28T10:38:00-06:00,2023-01-28,10:38,Yellow,,Yellow,,Moderate,Around 1 foot.,61.0,East winds 15 to 20 mph.,202301281638-KTAE-FZUS52-SRFTAE,https://mesonet.agron.iastate.edu/p.php?pid=202301281638-KTAE-FZUS52-SRFTAE,NWS Tallahassee SRFTAE via Iowa Environmental Mesonet archive
2023-01-30T16:34:00+00:00,2023-01-30T10:34:00-06:00,2023-01-30,10:34,Single Red,,Single Red,,High,Around 3 feet.,62.0,Southwest winds around 10 mph.,202301301634-KTAE-FZUS52-SRFTAE,https://mesonet.agron.iastate.edu/p.php?pid=202301301634-KTAE-FZUS52-SRFTAE,NWS Tallahassee SRFTAE via Iowa Environmental Mesonet archive
2023-01-31T16:28:00+00:00,2023-01-31T10:28:00-06:00,2023-01-31,10:28,Yellow,,Single Red,,High,Around 2 feet.,61.0,Southeast winds 5 to 10 mph.,202301311628-KTAE-FZUS52-SRFTAE,https://mesonet.agron.iastate.edu/p.php?pid=202301311628-KTAE-FZUS52-SRFTAE,NWS Tallahassee SRFTAE via Iowa Environmental Mesonet archive
2023-02-01T16:33:00+00:00,2023-02-01T10:33:00-06:00,2023-02-01,10:33,Yellow,,Yellow,,Moderate,Around 1 foot.,62.0,Northwest winds 5 to 10 mph.,202302011633-KTAE-FZUS52-SRFTAE,https://mesonet.agron.iastate.edu/p.php?pid=202302011633-KTAE-FZUS52-SRFTAE,NWS Tallahassee SRFTAE via Iowa Environmental Mesonet archive
2023-02-02T16:32:00+00:00,2023-02-02T10:32:00-06:00,2023-02-02,10:32,Yellow,,Yellow,,Moderate,Around 1 foot.,62.0,Southeast winds around 10 mph.,202302021632-KTAE-FZUS52-SRFTAE,https://mesonet.agron.iastate.edu/p.php?pid=202302021632-KTAE-FZUS52-SRFTAE,NWS Tallahassee SRFTAE via Iowa Environmental Mesonet archive
2023-02-03T16:27:00+00:00,2023-02-03T10:27:00-06:00,2023-02-03,10:27,Yellow,,Single Red,,High,2 to 3 feet.,62.0,Breezy. North winds around 25 mph.,202302031627-KTAE-FZUS52-SRFTAE,https://mesonet.agron.iastate.edu/p.php?pid=202302031627-KTAE-FZUS52-SRFTAE,NWS Tallahassee SRFTAE via Iowa Environmental Mesonet archive
2023-02-04T14:48:00+00:00,2023-02-04T08:48:00-06:00,2023-02-04,08:48,Yellow,,Yellow,,Moderate,Around 1 foot.,61.0,East winds 15 to 20 mph.,202302041448-KTAE-FZUS52-SRFTAE,https://mesonet.agron.iastate.edu/p.php?pid=202302041448-KTAE-FZUS52-SRFTAE,NWS Tallahassee SRFTAE via Iowa Environmental Mesonet archive
2023-02-05T16:53:00+00:00,2023-02-05T10:53:00-06:00,2023-02-05,10:53,Yellow,,Yellow,,Moderate,Around 2 feet.,61.0,Northeast winds around 10 mph.,202302051653-KTAE-FZUS52-SRFTAE,https://mesonet.agron.iastate.edu/p.php?pid=202302051653-KTAE-FZUS52-SRFTAE,NWS Tallahassee SRFTAE via Iowa Environmental Mesonet archive
2023-02-06T16:46:00+00:00,2023-02-06T10:46:00-06:00,2023-02-06,10:46,Yellow,,Yellow,,Moderate,Around 2 feet.,62.0,"Northeast winds around 15 mph, becoming",202302061646-KTAE-FZUS52-SRFTAE,https://mesonet.agron.iastate.edu/p.php?pid=202302061646-KTAE-FZUS52-SRFTAE,NWS Tallahassee SRFTAE via Iowa Environmental Mesonet archive
2023-02-07T17:00:00+00:00,2023-02-07T11:00:00-06:00,2023-02-07,11:00,Yellow,,Yellow,,Moderate,Around 3 feet.,62.0,Southeast winds around 20 mph.,202302071700-KTAE-FZUS52-SRFTAE,https://mesonet.agron.iastate.edu/p.php?pid=202302071700-KTAE-FZUS52-SRFTAE,NWS Tallahassee SRFTAE via Iowa Environmental Mesonet archive
2023-02-08T17:16:00+00:00,2023-02-08T11:16:00-06:00,2023-02-08,11:16,Single Red,,Single Red,,High,Around 3 feet.,64.0,Southeast winds around 15 mph.,202302081716-KTAE-FZUS52-SRFTAE,https://mesonet.agron.iastate.edu/p.php?pid=202302081716-KTAE-FZUS52-SRFTAE,NWS Tallahassee SRFTAE via Iowa Environmental Mesonet archive
2023-02-09T16:36:00+00:00,2023-02-09T10:36:00-06:00,2023-02-09,10:36,Single Red,,Single Red,,High,2 to 3 feet.,64.0,South winds around 15 mph.,202302091636-KTAE-FZUS52-SRFTAE,https://mesonet.agron.iastate.edu/p.php?pid=202302091636-KTAE-FZUS52-SRFTAE,NWS Tallahassee SRFTAE via Iowa Environmental Mesonet archive
2023-02-10T17:12:00+00:00,2023-02-10T11:12:00-06:00,2023-02-10,11:12,Single Red,,Single Red,,High,Around 2 feet.,64.0,Northwest winds around 10 mph.,202302101712-KTAE-FZUS52-SRFTAE,https://mesonet.agron.iastate.edu/p.php?pid=202302101712-KTAE-FZUS52-SRFTAE,NWS Tallahassee SRFTAE via Iowa Environmental Mesonet archive
2023-02-11T16:39:00+00:00,2023-02-11T10:39:00-06:00,2023-02-11,10:39,Single Red,,Single Red,,High,Around 1 foot.,63.0,North winds 15 to 20 mph.,202302111639-KTAE-FZUS52-SRFTAE,https://mesonet.agron.iastate.edu/p.php?pid=202302111639-KTAE-FZUS52-SRFTAE,NWS Tallahassee SRFTAE via Iowa Environmental Mesonet archive
2023-02-12T17:13:00+00:00,2023-02-12T11:13:00-06:00,2023-02-12,11:13,Single Red,,Double Red,,High,Around 9 feet.,61.0,Breezy. Northwest winds around 25 mph.,202302121713-KTAE-FZUS52-SRFTAE,https://mesonet.agron.iastate.edu/p.php?pid=202302121713-KTAE-FZUS52-SRFTAE,NWS Tallahassee SRFTAE via Iowa Environmental Mesonet archive
2023-02-13T17:28:00+00:00,2023-02-13T11:28:00-06:00,2023-02-13,11:28,Single Red,,Double Red,,High,Around 2 feet.,61.0,West winds around 10 mph.,202302131728-KTAE-FZUS52-SRFTAE,https://mesonet.agron.iastate.edu/p.php?pid=202302131728-KTAE-FZUS52-SRFTAE,NWS Tallahassee SRFTAE via Iowa Environmental Mesonet archive
2023-02-14T16:41:00+00:00,2023-02-14T10:41:00-06:00,2023-02-14,10:41,Single Red,,Single Red,,High,1 to 2 feet.,63.0,Southeast winds around 15 mph.,202302141641-KTAE-FZUS52-SRFTAE,https://mesonet.agron.iastate.edu/p.php?pid=202302141641-KTAE-FZUS52-SRFTAE,NWS Tallahassee SRFTAE via Iowa Environmental Mesonet archive
2023-02-15T16:24:00+00:00,2023-02-15T10:24:00-06:00,2023-02-15,10:24,Single Red,,Single Red,,High,Around 3 feet.,63.0,Southeast winds around 15 mph.,202302151624-KTAE-FZUS52-SRFTAE,https://mesonet.agron.iastate.edu/p.php?pid=202302151624-KTAE-FZUS52-SRFTAE,NWS Tallahassee SRFTAE via Iowa Environmental Mesonet archive
2023-02-16T16:23:00+00:00,2023-02-16T10:23:00-06:00,2023-02-16,10:23,Single Red,,Single Red,,High,Around 4 feet.,64.0,Southeast winds around 15 mph.,202302161623-KTAE-FZUS52-SRFTAE,https://mesonet.agron.iastate.edu/p.php?pid=202302161623-KTAE-FZUS52-SRFTAE,NWS Tallahassee SRFTAE via Iowa Environmental Mesonet archive
2023-02-17T16:34:00+00:00,2023-02-17T10:34:00-06:00,2023-02-17,10:34,Single Red,,Single Red,,High,Around 4 feet.,64.0,Northwest winds around 20 mph.,202302171634-KTAE-FZUS52-SRFTAE,https://mesonet.agron.iastate.edu/p.php?pid=202302171634-KTAE-FZUS52-SRFTAE,NWS Tallahassee SRFTAE via Iowa Environmental Mesonet archive
2023-02-18T17:14:00+00:00,2023-02-18T11:14:00-06:00,2023-02-18,11:14,Yellow,,Yellow,,Moderate,Around 1 foot.,62.0,Northeast winds around 15 mph.,202302181714-KTAE-FZUS52-SRFTAE,https://mesonet.agron.iastate.edu/p.php?pid=202302181714-KTAE-FZUS52-SRFTAE,NWS Tallahassee SRFTAE via Iowa Environmental Mesonet archive
2023-02-19T17:05:00+00:00,2023-02-19T11:05:00-06:00,2023-02-19,11:05,Yellow,,Yellow,,Moderate,Around 1 foot.,63.0,Northwest winds around 10 mph.,202302191705-KTAE-FZUS52-SRFTAE,https://mesonet.agron.iastate.edu/p.php?pid=202302191705-KTAE-FZUS52-SRFTAE,NWS Tallahassee SRFTAE via Iowa Environmental Mesonet archive
2023-02-20T17:22:00+00:00,2023-02-20T11:22:00-06:00,2023-02-20,11:22,Yellow,,Yellow,,Moderate,Around 2 feet.,65.0,West winds around 15 mph.,202302201722-KTAE-FZUS52-SRFTAE,https://mesonet.agron.iastate.edu/p.php?pid=202302201722-KTAE-FZUS52-SRFTAE,NWS Tallahassee SRFTAE via Iowa Environmental Mesonet archive
2023-02-21T16:37:00+00:00,2023-02-21T10:37:00-06:00,2023-02-21,10:37,Single Red,,Single Red,,High,Around 3 feet.,65.0,Southwest winds around 15 mph.,202302211637-KTAE-FZUS52-SRFTAE,https://mesonet.agron.iastate.edu/p.php?pid=202302211637-KTAE-FZUS52-SRFTAE,NWS Tallahassee SRFTAE via Iowa Environmental Mesonet archive
2023-02-22T16:54:00+00:00,2023-02-22T10:54:00-06:00,2023-02-22,10:54,Single Red,,Single Red,,High,3 to 4 feet.,66.0,South winds around 20 mph.,202302221654-KTAE-FZUS52-SRFTAE,https://mesonet.agron.iastate.edu/p.php?pid=202302221654-KTAE-FZUS52-SRFTAE,NWS Tallahassee SRFTAE via Iowa Environmental Mesonet archive
2023-02-23T17:06:00+00:00,2023-02-23T11:06:00-06:00,2023-02-23,11:06,Double Red,,Single Red,,High,Around 5 feet.,67.0,South winds around 15 mph.,202302231706-KTAE-FZUS52-SRFTAE,https://mesonet.agron.iastate.edu/p.php?pid=202302231706-KTAE-FZUS52-SRFTAE,NWS Tallahassee SRFTAE via Iowa Environmental Mesonet archive
2023-02-24T16:35:00+00:00,2023-02-24T10:35:00-06:00,2023-02-24,10:35,Single Red,,Single Red,,High,Around 3 feet.,66.0,South winds around 5 mph.,202302241635-KTAE-FZUS52-SRFTAE,https://mesonet.agron.iastate.edu/p.php?pid=202302241635-KTAE-FZUS52-SRFTAE,NWS Tallahassee SRFTAE via Iowa Environmental Mesonet archive
2023-02-25T16:21:00+00:00,2023-02-25T10:21:00-06:00,2023-02-25,10:21,Single Red,,Single Red,,High,Around 2 feet.,68.0,West winds 5 to 10 mph.,202302251621-KTAE-FZUS52-SRFTAE,https://mesonet.agron.iastate.edu/p.php?pid=202302251621-KTAE-FZUS52-SRFTAE,NWS Tallahassee SRFTAE via Iowa Environmental Mesonet archive
2023-02-26T16:31:00+00:00,2023-02-26T10:31:00-06:00,2023-02-26,10:31,Single Red,,Single Red,,High,Around 1 foot.,67.0,West winds around 10 mph.,202302261631-KTAE-FZUS52-SRFTAE,https://mesonet.agron.iastate.edu/p.php?pid=202302261631-KTAE-FZUS52-SRFTAE,NWS Tallahassee SRFTAE via Iowa Environmental Mesonet archive
2023-02-27T16:42:00+00:00,2023-02-27T10:42:00-06:00,2023-02-27,10:42,Single Red,,Single Red,,High,Around 3 feet.,70.0,South winds around 15 mph.,202302271642-KTAE-FZUS52-SRFTAE,https://mesonet.agron.iastate.edu/p.php?pid=202302271642-KTAE-FZUS52-SRFTAE,NWS Tallahassee SRFTAE via Iowa Environmental Mesonet archive
2023-02-28T19:18:00+00:00,2023-02-28T13:18:00-06:00,2023-02-28,13:18,Single Red,,Single Red,,High,Around 3 feet.,71.0,Southwest winds around 15 mph.,202302281918-KTAE-FZUS52-SRFTAE,https://mesonet.agron.iastate.edu/p.php?pid=202302281918-KTAE-FZUS52-SRFTAE,NWS Tallahassee SRFTAE via Iowa Environmental Mesonet archive
2023-03-01T16:39:00+00:00,2023-03-01T10:39:00-06:00,2023-03-01,10:39,Single Red,,Single Red,,High,Around 2 feet.,70.0,South winds 10 to 15 mph.,202303011639-KTAE-FZUS52-SRFTAE,https://mesonet.agron.iastate.edu/p.php?pid=202303011639-KTAE-FZUS52-SRFTAE,NWS Tallahassee SRFTAE via Iowa Environmental Mesonet archive
2023-03-02T18:19:00+00:00,2023-03-02T12:19:00-06:00,2023-03-02,12:19,Single Red,,Single Red,,High,Around 3 feet.,72.0,South winds around 15 mph.,202303021819-KTAE-FZUS52-SRFTAE,https://mesonet.agron.iastate.edu/p.php?pid=202303021819-KTAE-FZUS52-SRFTAE,NWS Tallahassee SRFTAE via Iowa Environmental Mesonet archive
2023-03-03T17:07:00+00:00,2023-03-03T11:07:00-06:00,2023-03-03,11:07,Double Red,,,,High,6 to 8 feet.,72.0,Breezy. South winds around 25 mph.,202303031707-KTAE-FZUS52-SRFTAE,https://mesonet.agron.iastate.edu/p.php?pid=202303031707-KTAE-FZUS52-SRFTAE,NWS Tallahassee SRFTAE via Iowa Environmental Mesonet archive
2023-03-04T17:03:00+00:00,2023-03-04T11:03:00-06:00,2023-03-04,11:03,Double Red,,Double Red,,High,Around 6 feet.,70.0,"North winds around 10 mph, becoming",202303041703-KTAE-FZUS52-SRFTAE,https://mesonet.agron.iastate.edu/p.php?pid=202303041703-KTAE-FZUS52-SRFTAE,NWS Tallahassee SRFTAE via Iowa Environmental Mesonet archive
2023-03-05T16:34:00+00:00,2023-03-05T10:34:00-06:00,2023-03-05,10:34,Single Red,,Single Red,,High,Around 3 feet.,70.0,"East winds around 10 mph, becoming",202303051634-KTAE-FZUS52-SRFTAE,https://mesonet.agron.iastate.edu/p.php?pid=202303051634-KTAE-FZUS52-SRFTAE,NWS Tallahassee SRFTAE via Iowa Environmental Mesonet archive
2023-03-06T16:19:00+00:00,2023-03-06T10:19:00-06:00,2023-03-06,10:19,Single Red,,Single Red,,High,Around 2 feet.,71.0,South winds 5 to 10 mph.,202303061619-KTAE-FZUS52-SRFTAE,https://mesonet.agron.iastate.edu/p.php?pid=202303061619-KTAE-FZUS52-SRFTAE,NWS Tallahassee SRFTAE via Iowa Environmental Mesonet archive
2023-03-07T16:23:00+00:00,2023-03-07T10:23:00-06:00,2023-03-07,10:23,Yellow,,Single Red,,Moderate,Around 2 feet.,72.0,West winds around 15 mph.,202303071623-KTAE-FZUS52-SRFTAE,https://mesonet.agron.iastate.edu/p.php?pid=202303071623-KTAE-FZUS52-SRFTAE,NWS Tallahassee SRFTAE via Iowa Environmental Mesonet archive
2023-03-08T16:53:00+00:00,2023-03-08T10:53:00-06:00,2023-03-08,10:53,Yellow,,Yellow,,Moderate,1 to 2 feet.,71.0,East winds 10 to 15 mph.,202303081653-KTAE-FZUS52-SRFTAE,https://mesonet.agron.iastate.edu/p.php?pid=202303081653-KTAE-FZUS52-SRFTAE,NWS Tallahassee SRFTAE via Iowa Environmental Mesonet archive
2023-03-09T17:01:00+00:00,2023-03-09T11:01:00-06:00,2023-03-09,11:01,Yellow,,Yellow,,Moderate,Around 3 feet.,71.0,Southeast winds around 15 mph.,202303091701-KTAE-FZUS52-SRFTAE,https://mesonet.agron.iastate.edu/p.php?pid=202303091701-KTAE-FZUS52-SRFTAE,NWS Tallahassee SRFTAE via Iowa Environmental Mesonet archive
2023-03-10T16:32:00+00:00,2023-03-10T10:32:00-06:00,2023-03-10,10:32,Yellow,,Single Red,,High,2 to 3 feet.,71.0,West winds around 15 mph.,202303101632-KTAE-FZUS52-SRFTAE,https://mesonet.agron.iastate.edu/p.php?pid=202303101632-KTAE-FZUS52-SRFTAE,NWS Tallahassee SRFTAE via Iowa Environmental Mesonet archive
2023-03-11T18:30:00+00:00,2023-03-11T12:30:00-06:00,2023-03-11,12:30,Yellow,,Yellow,,Moderate,Around 1 foot.,71.0,South winds around 10 mph.,202303111830-KTAE-FZUS52-SRFTAE,https://mesonet.agron.iastate.edu/p.php?pid=202303111830-KTAE-FZUS52-SRFTAE,NWS Tallahassee SRFTAE via Iowa Environmental Mesonet archive
2023-03-12T15:53:00+00:00,2023-03-12T10:53:00-05:00,2023-03-12,10:53,Single Red,,Single Red,,High,2 to 3 feet.,71.0,Southwest winds around 20 mph.,202303121553-KTAE-FZUS52-SRFTAE,https://mesonet.agron.iastate.edu/p.php?pid=202303121553-KTAE-FZUS52-SRFTAE,NWS Tallahassee SRFTAE via Iowa Environmental Mesonet archive
2023-03-12T16:51:00+00:00,2023-03-12T11:51:00-05:00,2023-03-12,11:51,Double Red,,Single Red,,High,Around 3 feet.,72.0,Southwest winds around 20 mph.,202303121651-KTAE-FZUS52-SRFTAE,https://mesonet.agron.iastate.edu/p.php?pid=202303121651-KTAE-FZUS52-SRFTAE,NWS Tallahassee SRFTAE via Iowa Environmental Mesonet archive
2023-03-13T15:25:00+00:00,2023-03-13T10:25:00-05:00,2023-03-13,10:25,Single Red,,Double Red,,High,Around 4 feet.,71.0,North winds 15 to 20 mph.,202303131525-KTAE-FZUS52-SRFTAE,https://mesonet.agron.iastate.edu/p.php?pid=202303131525-KTAE-FZUS52-SRFTAE,NWS Tallahassee SRFTAE via Iowa Environmental Mesonet archive
2023-03-14T17:02:00+00:00,2023-03-14T12:02:00-05:00,2023-03-14,12:02,Yellow,,Single Red,,Moderate,Around 2 feet.,69.0,North winds around 15 mph.,202303141702-KTAE-FZUS52-SRFTAE,https://mesonet.agron.iastate.edu/p.php?pid=202303141702-KTAE-FZUS52-SRFTAE,NWS Tallahassee SRFTAE via Iowa Environmental Mesonet archive
2023-03-15T15:37:00+00:00,2023-03-15T10:37:00-05:00,2023-03-15,10:37,Yellow,,Yellow,,Moderate,Around 1 foot.,68.0,Northeast winds 10 to 15 mph.,202303151537-KTAE-FZUS52-SRFTAE,https://mesonet.agron.iastate.edu/p.php?pid=202303151537-KTAE-FZUS52-SRFTAE,NWS Tallahassee SRFTAE via Iowa Environmental Mesonet archive
2023-03-16T16:43:00+00:00,2023-03-16T11:43:00-05:00,2023-03-16,11:43,Single Red,,Yellow,,High,Around 3 feet.,68.0,Southeast winds around 20 mph.,202303161643-KTAE-FZUS52-SRFTAE,https://mesonet.agron.iastate.edu/p.php?pid=202303161643-KTAE-FZUS52-SRFTAE,NWS Tallahassee SRFTAE via Iowa Environmental Mesonet archive
2023-03-17T15:20:00+00:00,2023-03-17T10:20:00-05:00,2023-03-17,10:20,Double Red,,Single Red,,High,Around 5 feet.,69.0,South winds around 20 mph.,202303171520-KTAE-FZUS52-SRFTAE,https://mesonet.agron.iastate.edu/p.php?pid=202303171520-KTAE-FZUS52-SRFTAE,NWS Tallahassee SRFTAE via Iowa Environmental Mesonet archive
2023-03-18T16:14:00+00:00,2023-03-18T11:14:00-05:00,2023-03-18,11:14,Single Red,,Single Red,,High,Around 4 feet.,69.0,North winds around 20 mph.,202303181614-KTAE-FZUS52-SRFTAE,https://mesonet.agron.iastate.edu/p.php?pid=202303181614-KTAE-FZUS52-SRFTAE,NWS Tallahassee SRFTAE via Iowa Environmental Mesonet archive
2023-03-19T16:03:00+00:00,2023-03-19T11:03:00-05:00,2023-03-19,11:03,Yellow,,Single Red,,Moderate,Around 2 feet.,65.0,North winds around 20 mph.,202303191603-KTAE-FZUS52-SRFTAE,https://mesonet.agron.iastate.edu/p.php?pid=202303191603-KTAE-FZUS52-SRFTAE,NWS Tallahassee SRFTAE via Iowa Environmental Mesonet archive
2023-03-20T15:55:00+00:00,2023-03-20T10:55:00-05:00,2023-03-20,10:55,Yellow,,Single Red,,Moderate,Around 2 feet.,65.0,North winds 10 to 15 mph.,202303201555-KTAE-FZUS52-SRFTAE,https://mesonet.agron.iastate.edu/p.php?pid=202303201555-KTAE-FZUS52-SRFTAE,NWS Tallahassee SRFTAE via Iowa Environmental Mesonet archive
2023-03-21T17:21:00+00:00,2023-03-21T12:21:00-05:00,2023-03-21,12:21,Yellow,,Yellow,,Moderate,Around 1 foot.,66.0,Southeast winds around 10 mph.,202303211721-KTAE-FZUS52-SRFTAE,https://mesonet.agron.iastate.edu/p.php?pid=202303211721-KTAE-FZUS52-SRFTAE,NWS Tallahassee SRFTAE via Iowa Environmental Mesonet archive
2023-03-22T15:41:00+00:00,2023-03-22T10:41:00-05:00,2023-03-22,10:41,Yellow,,Yellow,,Moderate,Around 1 foot.,66.0,Southeast winds around 10 mph.,202303221541-KTAE-FZUS52-SRFTAE,https://mesonet.agron.iastate.edu/p.php?pid=202303221541-KTAE-FZUS52-SRFTAE,NWS Tallahassee SRFTAE via Iowa Environmental Mesonet archive
2023-03-23T16:01:00+00:00,2023-03-23T11:01:00-05:00,2023-03-23,11:01,Yellow,,Yellow,,Moderate,Around 1 foot.,68.0,Southeast winds around 10 mph.,202303231601-KTAE-FZUS52-SRFTAE,https://mesonet.agron.iastate.edu/p.php?pid=202303231601-KTAE-FZUS52-SRFTAE,NWS Tallahassee SRFTAE via Iowa Environmental Mesonet archive
2023-03-24T16:37:00+00:00,2023-03-24T11:37:00-05:00,2023-03-24,11:37,Single Red,,Single Red,,High,Around 2 feet.,70.0,South winds around 15 mph.,202303241637-KTAE-FZUS52-SRFTAE,https://mesonet.agron.iastate.edu/p.php?pid=202303241637-KTAE-FZUS52-SRFTAE,NWS Tallahassee SRFTAE via Iowa Environmental Mesonet archive
2023-03-25T15:47:00+00:00,2023-03-25T10:47:00-05:00,2023-03-25,10:47,Single Red,,Single Red,,High,Around 4 feet.,70.0,Southwest winds 15 to 20 mph.,202303251547-KTAE-FZUS52-SRFTAE,https://mesonet.agron.iastate.edu/p.php?pid=202303251547-KTAE-FZUS52-SRFTAE,NWS Tallahassee SRFTAE via Iowa Environmental Mesonet archive
2023-03-26T15:40:00+00:00,2023-03-26T10:40:00-05:00,2023-03-26,10:40,Single Red,,Single Red,,High,Around 3 feet.,70.0,South winds around 15 mph.,202303261540-KTAE-FZUS52-SRFTAE,https://mesonet.agron.iastate.edu/p.php?pid=202303261540-KTAE-FZUS52-SRFTAE,NWS Tallahassee SRFTAE via Iowa Environmental Mesonet archive
2023-03-27T15:39:00+00:00,2023-03-27T10:39:00-05:00,2023-03-27,10:39,Single Red,,Single Red,,High,Around 3 feet.,72.0,South winds around 15 mph.,202303271539-KTAE-FZUS52-SRFTAE,https://mesonet.agron.iastate.edu/p.php?pid=202303271539-KTAE-FZUS52-SRFTAE,NWS Tallahassee SRFTAE via Iowa Environmental Mesonet archive
2023-03-28T15:28:00+00:00,2023-03-28T10:28:00-05:00,2023-03-28,10:28,Single Red,,Single Red,,High,Around 3 feet.,72.0,Southwest winds 10 to 15 mph.,202303281528-KTAE-FZUS52-SRFTAE,https://mesonet.agron.iastate.edu/p.php?pid=202303281528-KTAE-FZUS52-SRFTAE,NWS Tallahassee SRFTAE via Iowa Environmental Mesonet archive
2023-03-29T16:30:00+00:00,2023-03-29T11:30:00-05:00,2023-03-29,11:30,Single Red,,Single Red,,High,Around 2 feet.,69.0,Northeast winds around 10 mph.,202303291630-KTAE-FZUS52-SRFTAE,https://mesonet.agron.iastate.edu/p.php?pid=202303291630-KTAE-FZUS52-SRFTAE,NWS Tallahassee SRFTAE via Iowa Environmental Mesonet archive
2023-03-30T16:05:00+00:00,2023-03-30T11:05:00-05:00,2023-03-30,11:05,Yellow,,Yellow,,High,Around 2 feet.,68.0,Southeast winds around 10 mph.,202303301605-KTAE-FZUS52-SRFTAE,https://mesonet.agron.iastate.edu/p.php?pid=202303301605-KTAE-FZUS52-SRFTAE,NWS Tallahassee SRFTAE via Iowa Environmental Mesonet archive
2023-03-31T16:48:00+00:00,2023-03-31T11:48:00-05:00,2023-03-31,11:48,Single Red,,Single Red,,High,Around 3 feet.,69.0,Southeast winds around 15 mph.,202303311648-KTAE-FZUS52-SRFTAE,https://mesonet.agron.iastate.edu/p.php?pid=202303311648-KTAE-FZUS52-SRFTAE,NWS Tallahassee SRFTAE via Iowa Environmental Mesonet archive
2023-04-01T15:59:00+00:00,2023-04-01T10:59:00-05:00,2023-04-01,10:59,Single Red,,Single Red,,High,Around 3 feet.,71.0,Southwest winds 15 to 20 mph.,202304011559-KTAE-FZUS52-SRFTAE,https://mesonet.agron.iastate.edu/p.php?pid=202304011559-KTAE-FZUS52-SRFTAE,NWS Tallahassee SRFTAE via Iowa Environmental Mesonet archive
2023-04-02T15:36:00+00:00,2023-04-02T10:36:00-05:00,2023-04-02,10:36,Single Red,,Single Red,,High,Around 2 feet.,71.0,"Northeast winds around 10 mph, becoming",202304021536-KTAE-FZUS52-SRFTAE,https://mesonet.agron.iastate.edu/p.php?pid=202304021536-KTAE-FZUS52-SRFTAE,NWS Tallahassee SRFTAE via Iowa Environmental Mesonet archive
2023-04-03T15:31:00+00:00,2023-04-03T10:31:00-05:00,2023-04-03,10:31,Single Red,,Yellow,,Moderate,2 to 3 feet.,72.0,South winds around 15 mph.,202304031531-KTAE-FZUS52-SRFTAE,https://mesonet.agron.iastate.edu/p.php?pid=202304031531-KTAE-FZUS52-SRFTAE,NWS Tallahassee SRFTAE via Iowa Environmental Mesonet archive
2023-04-04T15:27:00+00:00,2023-04-04T10:27:00-05:00,2023-04-04,10:27,Single Red,,Single Red,,High,Around 2 feet.,74.0,Southeast winds around 15 mph.,202304041527-KTAE-FZUS52-SRFTAE,https://mesonet.agron.iastate.edu/p.php?pid=202304041527-KTAE-FZUS52-SRFTAE,NWS Tallahassee SRFTAE via Iowa Environmental Mesonet archive
2023-04-05T15:43:00+00:00,2023-04-05T10:43:00-05:00,2023-04-05,10:43,Single Red,,Single Red,,High,Around 2 feet.,75.0,Southeast winds around 15 mph.,202304051543-KTAE-FZUS52-SRFTAE,https://mesonet.agron.iastate.edu/p.php?pid=202304051543-KTAE-FZUS52-SRFTAE,NWS Tallahassee SRFTAE via Iowa Environmental Mesonet archive
2023-04-06T15:46:00+00:00,2023-04-06T10:46:00-05:00,2023-04-06,10:46,Single Red,,Single Red,,High,Around 3 feet.,75.0,Southeast winds around 10 mph.,202304061546-KTAE-FZUS52-SRFTAE,https://mesonet.agron.iastate.edu/p.php?pid=202304061546-KTAE-FZUS52-SRFTAE,NWS Tallahassee SRFTAE via Iowa Environmental Mesonet archive
2023-04-07T15:58:00+00:00,2023-04-07T10:58:00-05:00,2023-04-07,10:58,Yellow,,Single Red,,High,Around 2 feet.,74.0,"Southeast winds around 5 mph, becoming",202304071558-KTAE-FZUS52-SRFTAE,https://mesonet.agron.iastate.edu/p.php?pid=202304071558-KTAE-FZUS52-SRFTAE,NWS Tallahassee SRFTAE via Iowa Environmental Mesonet archive
2023-04-08T15:51:00+00:00,2023-04-08T10:51:00-05:00,2023-04-08,10:51,Yellow,,Single Red,,High,Around 2 feet.,76.0,South winds around 10 mph.,202304081551-KTAE-FZUS52-SRFTAE,https://mesonet.agron.iastate.edu/p.php?pid=202304081551-KTAE-FZUS52-SRFTAE,NWS Tallahassee SRFTAE via Iowa Environmental Mesonet archive
2023-04-09T15:06:00+00:00,2023-04-09T10:06:00-05:00,2023-04-09,10:06,Yellow,,Yellow,,Moderate,Around 1 foot.,72.0,Northeast winds around 20 mph.,202304091506-KTAE-FZUS52-SRFTAE,https://mesonet.agron.iastate.edu/p.php?pid=202304091506-KTAE-FZUS52-SRFTAE,NWS Tallahassee SRFTAE via Iowa Environmental Mesonet archive
2023-04-10T15:29:00+00:00,2023-04-10T10:29:00-05:00,2023-04-10,10:29,Yellow,,Yellow,,Moderate,Around 2 feet.,69.0,Northeast winds around 20 mph.,202304101529-KTAE-FZUS52-SRFTAE,https://mesonet.agron.iastate.edu/p.php?pid=202304101529-KTAE-FZUS52-SRFTAE,NWS Tallahassee SRFTAE via Iowa Environmental Mesonet archive
2023-04-11T15:26:00+00:00,2023-04-11T10:26:00-05:00,2023-04-11,10:26,Yellow,,Yellow,,Moderate,2 to 3 feet.,69.0,East winds 15 to 20 mph.,202304111526-KTAE-FZUS52-SRFTAE,https://mesonet.agron.iastate.edu/p.php?pid=202304111526-KTAE-FZUS52-SRFTAE,NWS Tallahassee SRFTAE via Iowa Environmental Mesonet archive
2023-04-12T16:35:00+00:00,2023-04-12T11:35:00-05:00,2023-04-12,11:35,Single Red,,Single Red,,High,Around 4 feet.,70.0,East winds around 20 mph.,202304121635-KTAE-FZUS52-SRFTAE,https://mesonet.agron.iastate.edu/p.php?pid=202304121635-KTAE-FZUS52-SRFTAE,NWS Tallahassee SRFTAE via Iowa Environmental Mesonet archive
2023-04-13T15:32:00+00:00,2023-04-13T10:32:00-05:00,2023-04-13,10:32,Double Red,,Double Red,,High,Around 5 feet.,70.0,Southwest winds around 20 mph.,202304131532-KTAE-FZUS52-SRFTAE,https://mesonet.agron.iastate.edu/p.php?pid=202304131532-KTAE-FZUS52-SRFTAE,NWS Tallahassee SRFTAE via Iowa Environmental Mesonet archive
2023-04-14T15:47:00+00:00,2023-04-14T10:47:00-05:00,2023-04-14,10:47,Single Red,,Double Red,,High,Around 2 feet.,71.0,West winds around 10 mph.,202304141547-KTAE-FZUS52-SRFTAE,https://mesonet.agron.iastate.edu/p.php?pid=202304141547-KTAE-FZUS52-SRFTAE,NWS Tallahassee SRFTAE via Iowa Environmental Mesonet archive
2023-04-15T16:05:00+00:00,2023-04-15T11:05:00-05:00,2023-04-15,11:05,Yellow,,Yellow,,Moderate,Around 1 foot.,72.0,Southeast winds around 10 mph.,202304151605-KTAE-FZUS52-SRFTAE,https://mesonet.agron.iastate.edu/p.php?pid=202304151605-KTAE-FZUS52-SRFTAE,NWS Tallahassee SRFTAE via Iowa Environmental Mesonet archive
2023-04-16T15:32:00+00:00,2023-04-16T10:32:00-05:00,2023-04-16,10:32,Single Red,,Single Red,,High,Around 3 feet.,71.0,West winds 10 to 15 mph.,202304161532-KTAE-FZUS52-SRFTAE,https://mesonet.agron.iastate.edu/p.php?pid=202304161532-KTAE-FZUS52-SRFTAE,NWS Tallahassee SRFTAE via Iowa Environmental Mesonet archive
2023-04-17T16:17:00+00:00,2023-04-17T11:17:00-05:00,2023-04-17,11:17,Yellow,,Double Red,,Moderate,Around 2 feet.,71.0,Northwest winds around 15 mph.,202304171617-KTAE-FZUS52-SRFTAE,https://mesonet.agron.iastate.edu/p.php?pid=202304171617-KTAE-FZUS52-SRFTAE,NWS Tallahassee SRFTAE via Iowa Environmental Mesonet archive
2023-04-19T15:18:00+00:00,2023-04-19T10:18:00-05:00,2023-04-19,10:18,Yellow,,Yellow,,Moderate,1 to 2 feet.,71.0,Southeast winds around 15 mph.,202304191518-KTAE-FZUS52-SRFTAE,https://mesonet.agron.iastate.edu/p.php?pid=202304191518-KTAE-FZUS52-SRFTAE,NWS Tallahassee SRFTAE via Iowa Environmental Mesonet archive
2023-04-20T16:09:00+00:00,2023-04-20T11:09:00-05:00,2023-04-20,11:09,Yellow,,Yellow,,High,2 to 3 feet.,71.0,Southeast winds around 15 mph.,202304201609-KTAE-FZUS52-SRFTAE,https://mesonet.agron.iastate.edu/p.php?pid=202304201609-KTAE-FZUS52-SRFTAE,NWS Tallahassee SRFTAE via Iowa Environmental Mesonet archive
2023-04-21T16:22:00+00:00,2023-04-21T11:22:00-05:00,2023-04-21,11:22,Yellow,,Yellow,,Moderate,Around 2 feet.,72.0,South winds around 15 mph.,202304211622-KTAE-FZUS52-SRFTAE,https://mesonet.agron.iastate.edu/p.php?pid=202304211622-KTAE-FZUS52-SRFTAE,NWS Tallahassee SRFTAE via Iowa Environmental Mesonet archive
2023-04-22T15:29:00+00:00,2023-04-22T10:29:00-05:00,2023-04-22,10:29,Yellow,,Yellow,,Moderate,Around 2 feet.,73.0,North winds around 10 mph.,202304221529-KTAE-FZUS52-SRFTAE,https://mesonet.agron.iastate.edu/p.php?pid=202304221529-KTAE-FZUS52-SRFTAE,NWS Tallahassee SRFTAE via Iowa Environmental Mesonet archive
2023-04-23T16:08:00+00:00,2023-04-23T11:08:00-05:00,2023-04-23,11:08,Yellow,,Yellow,,Moderate,Around 1 foot.,71.0,Southeast winds around 10 mph.,202304231608-KTAE-FZUS52-SRFTAE,https://mesonet.agron.iastate.edu/p.php?pid=202304231608-KTAE-FZUS52-SRFTAE,NWS Tallahassee SRFTAE via Iowa Environmental Mesonet archive
2023-04-24T16:19:00+00:00,2023-04-24T11:19:00-05:00,2023-04-24,11:19,Yellow,,Yellow,,Moderate,1 foot or less.,72.0,Northeast winds around 15 mph.,202304241619-KTAE-FZUS52-SRFTAE,https://mesonet.agron.iastate.edu/p.php?pid=202304241619-KTAE-FZUS52-SRFTAE,NWS Tallahassee SRFTAE via Iowa Environmental Mesonet archive
2023-04-25T15:19:00+00:00,2023-04-25T10:19:00-05:00,2023-04-25,10:19,Yellow,,Yellow,,Moderate,Around 1 foot.,72.0,"East winds around 10 mph, becoming",202304251519-KTAE-FZUS52-SRFTAE,https://mesonet.agron.iastate.edu/p.php?pid=202304251519-KTAE-FZUS52-SRFTAE,NWS Tallahassee SRFTAE via Iowa Environmental Mesonet archive
2023-04-26T15:59:00+00:00,2023-04-26T10:59:00-05:00,2023-04-26,10:59,Yellow,,Single Red,,Moderate,1 to 2 feet.,72.0,Southeast winds around 15 mph.,202304261559-KTAE-FZUS52-SRFTAE,https://mesonet.agron.iastate.edu/p.php?pid=202304261559-KTAE-FZUS52-SRFTAE,NWS Tallahassee SRFTAE via Iowa Environmental Mesonet archive
2023-04-27T15:49:00+00:00,2023-04-27T10:49:00-05:00,2023-04-27,10:49,Single Red,,Single Red,,High,2 to 3 feet.,73.0,South winds around 15 mph.,202304271549-KTAE-FZUS52-SRFTAE,https://mesonet.agron.iastate.edu/p.php?pid=202304271549-KTAE-FZUS52-SRFTAE,NWS Tallahassee SRFTAE via Iowa Environmental Mesonet archive
2023-04-28T16:21:00+00:00,2023-04-28T11:21:00-05:00,2023-04-28,11:21,Double Red,,Double Red,,High,3 to 5 feet.,73.0,Southwest winds around 10 mph.,202304281621-KTAE-FZUS52-SRFTAE,https://mesonet.agron.iastate.edu/p.php?pid=202304281621-KTAE-FZUS52-SRFTAE,NWS Tallahassee SRFTAE via Iowa Environmental Mesonet archive
2023-04-29T17:35:00+00:00,2023-04-29T12:35:00-05:00,2023-04-29,12:35,Double Red,,Double Red,,High,Around 5 feet.,74.0,South winds around 20 mph.,202304291735-KTAE-FZUS52-SRFTAE,https://mesonet.agron.iastate.edu/p.php?pid=202304291735-KTAE-FZUS52-SRFTAE,NWS Tallahassee SRFTAE via Iowa Environmental Mesonet archive
2023-04-30T16:09:00+00:00,2023-04-30T11:09:00-05:00,2023-04-30,11:09,Double Red,,Double Red,,High,5 to 7 feet.,73.0,Breezy. West winds around 25 mph.,202304301609-KTAE-FZUS52-SRFTAE,https://mesonet.agron.iastate.edu/p.php?pid=202304301609-KTAE-FZUS52-SRFTAE,NWS Tallahassee SRFTAE via Iowa Environmental Mesonet archive
2023-05-01T15:57:00+00:00,2023-05-01T10:57:00-05:00,2023-05-01,10:57,Double Red,,Double Red,,High,Around 4 feet.,72.0,West winds around 20 mph.,202305011557-KTAE-FZUS52-SRFTAE,https://mesonet.agron.iastate.edu/p.php?pid=202305011557-KTAE-FZUS52-SRFTAE,NWS Tallahassee SRFTAE via Iowa Environmental Mesonet archive
2023-05-02T16:19:00+00:00,2023-05-02T11:19:00-05:00,2023-05-02,11:19,Single Red,,Double Red,,High,Around 3 feet.,72.0,West winds around 10 mph.,202305021619-KTAE-FZUS52-SRFTAE,https://mesonet.agron.iastate.edu/p.php?pid=202305021619-KTAE-FZUS52-SRFTAE,NWS Tallahassee SRFTAE via Iowa Environmental Mesonet archive
2023-05-03T18:03:00+00:00,2023-05-03T13:03:00-05:00,2023-05-03,13:03,Yellow,,Single Red,,High,Around 2 feet.,72.0,West winds around 15 mph.,202305031803-KTAE-FZUS52-SRFTAE,https://mesonet.agron.iastate.edu/p.php?pid=202305031803-KTAE-FZUS52-SRFTAE,NWS Tallahassee SRFTAE via Iowa Environmental Mesonet archive
2023-05-04T15:51:00+00:00,2023-05-04T10:51:00-05:00,2023-05-04,10:51,Yellow,,Yellow,,Moderate,Around 1 foot.,72.0,"East winds around 10 mph, becoming",202305041551-KTAE-FZUS52-SRFTAE,https://mesonet.agron.iastate.edu/p.php?pid=202305041551-KTAE-FZUS52-SRFTAE,NWS Tallahassee SRFTAE via Iowa Environmental Mesonet archive
2023-05-05T15:28:00+00:00,2023-05-05T10:28:00-05:00,2023-05-05,10:28,Yellow,,Yellow,,Moderate,1 to 2 feet.,72.0,Southeast winds 10 to 15 mph.,202305051528-KTAE-FZUS52-SRFTAE,https://mesonet.agron.iastate.edu/p.php?pid=202305051528-KTAE-FZUS52-SRFTAE,NWS Tallahassee SRFTAE via Iowa Environmental Mesonet archive
2023-05-06T15:33:00+00:00,2023-05-06T10:33:00-05:00,2023-05-06,10:33,Yellow,,Yellow,,High,1 to 2 feet.,73.0,Southeast winds around 10 mph.,202305061533-KTAE-FZUS52-SRFTAE,https://mesonet.agron.iastate.edu/p.php?pid=202305061533-KTAE-FZUS52-SRFTAE,NWS Tallahassee SRFTAE via Iowa Environmental Mesonet archive
2023-05-07T15:15:00+00:00,2023-05-07T10:15:00-05:00,2023-05-07,10:15,Yellow,,Yellow,,Moderate,Around 2 feet.,73.0,Southeast winds 10 to 15 mph.,202305071515-KTAE-FZUS52-SRFTAE,https://mesonet.agron.iastate.edu/p.php?pid=202305071515-KTAE-FZUS52-SRFTAE,NWS Tallahassee SRFTAE via Iowa Environmental Mesonet archive
2023-05-08T16:03:00+00:00,2023-05-08T11:03:00-05:00,2023-05-08,11:03,Yellow,,Yellow,,Moderate,Around 1 foot.,75.0,South winds around 10 mph.,202305081603-KTAE-FZUS52-SRFTAE,https://mesonet.agron.iastate.edu/p.php?pid=202305081603-KTAE-FZUS52-SRFTAE,NWS Tallahassee SRFTAE via Iowa Environmental Mesonet archive
2023-05-09T15:53:00+00:00,2023-05-09T10:53:00-05:00,2023-05-09,10:53,Yellow,,Yellow,,Moderate,1 to 2 feet.,75.0,Southwest winds 5 to 10 mph.,202305091553-KTAE-FZUS52-SRFTAE,https://mesonet.agron.iastate.edu/p.php?pid=202305091553-KTAE-FZUS52-SRFTAE,NWS Tallahassee SRFTAE via Iowa Environmental Mesonet archive
2023-05-10T15:32:00+00:00,2023-05-10T10:32:00-05:00,2023-05-10,10:32,Yellow,,Yellow,,Moderate,1 to 2 feet.,75.0,"Northeast winds around 5 mph, becoming",202305101532-KTAE-FZUS52-SRFTAE,https://mesonet.agron.iastate.edu/p.php?pid=202305101532-KTAE-FZUS52-SRFTAE,NWS Tallahassee SRFTAE via Iowa Environmental Mesonet archive
2023-05-11T15:17:00+00:00,2023-05-11T10:17:00-05:00,2023-05-11,10:17,Yellow,,Yellow,,Moderate,Around 2 feet.,76.0,Southeast winds around 15 mph.,202305111517-KTAE-FZUS52-SRFTAE,https://mesonet.agron.iastate.edu/p.php?pid=202305111517-KTAE-FZUS52-SRFTAE,NWS Tallahassee SRFTAE via Iowa Environmental Mesonet archive
2023-05-12T15:29:00+00:00,2023-05-12T10:29:00-05:00,2023-05-12,10:29,Yellow,,Yellow,,Moderate,2 to 3 feet.,77.0,Southeast winds around 15 mph.,202305121529-KTAE-FZUS52-SRFTAE,https://mesonet.agron.iastate.edu/p.php?pid=202305121529-KTAE-FZUS52-SRFTAE,NWS Tallahassee SRFTAE via Iowa Environmental Mesonet archive
2023-05-13T16:00:00+00:00,2023-05-13T11:00:00-05:00,2023-05-13,11:00,Yellow,,Single Red,,High,Around 2 feet.,77.0,"East winds around 10 mph, becoming",202305131600-KTAE-FZUS52-SRFTAE,https://mesonet.agron.iastate.edu/p.php?pid=202305131600-KTAE-FZUS52-SRFTAE,NWS Tallahassee SRFTAE via Iowa Environmental Mesonet archive
2023-05-14T16:26:00+00:00,2023-05-14T11:26:00-05:00,2023-05-14,11:26,Yellow,,Yellow,,Moderate,Around 2 feet.,78.0,West winds around 10 mph.,202305141626-KTAE-FZUS52-SRFTAE,https://mesonet.agron.iastate.edu/p.php?pid=202305141626-KTAE-FZUS52-SRFTAE,NWS Tallahassee SRFTAE via Iowa Environmental Mesonet archive
2023-05-15T15:47:00+00:00,2023-05-15T10:47:00-05:00,2023-05-15,10:47,Yellow,,Yellow,,Moderate,1 to 2 feet.,77.0,"East winds around 5 mph, becoming",202305151547-KTAE-FZUS52-SRFTAE,https://mesonet.agron.iastate.edu/p.php?pid=202305151547-KTAE-FZUS52-SRFTAE,NWS Tallahassee SRFTAE via Iowa Environmental Mesonet archive
2023-05-16T15:27:00+00:00,2023-05-16T10:27:00-05:00,2023-05-16,10:27,Yellow,,Yellow,,Moderate,1 to 2 feet.,80.0,Southwest winds around 10 mph.,202305161527-KTAE-FZUS52-SRFTAE,https://mesonet.agron.iastate.edu/p.php?pid=202305161527-KTAE-FZUS52-SRFTAE,NWS Tallahassee SRFTAE via Iowa Environmental Mesonet archive
2023-05-17T15:50:00+00:00,2023-05-17T10:50:00-05:00,2023-05-17,10:50,Yellow,,Single Red,,Moderate,Around 2 feet.,80.0,West winds around 15 mph.,202305171550-KTAE-FZUS52-SRFTAE,https://mesonet.agron.iastate.edu/p.php?pid=202305171550-KTAE-FZUS52-SRFTAE,NWS Tallahassee SRFTAE via Iowa Environmental Mesonet archive
2023-05-18T15:59:00+00:00,2023-05-18T10:59:00-05:00,2023-05-18,10:59,Yellow,,Yellow,,Moderate,Around 1 foot.,79.0,South winds 5 to 10 mph.,202305181559-KTAE-FZUS52-SRFTAE,https://mesonet.agron.iastate.edu/p.php?pid=202305181559-KTAE-FZUS52-SRFTAE,NWS Tallahassee SRFTAE via Iowa Environmental Mesonet archive
2023-05-19T15:37:00+00:00,2023-05-19T10:37:00-05:00,2023-05-19,10:37,Yellow,,Yellow,,Moderate,Around 1 foot.,79.0,"East winds around 5 mph, becoming south",202305191537-KTAE-FZUS52-SRFTAE,https://mesonet.agron.iastate.edu/p.php?pid=202305191537-KTAE-FZUS52-SRFTAE,NWS Tallahassee SRFTAE via Iowa Environmental Mesonet archive
2023-05-20T15:16:00+00:00,2023-05-20T10:16:00-05:00,2023-05-20,10:16,Yellow,,Yellow,,Moderate,Around 1 foot.,80.0,"East winds around 5 mph, becoming",202305201516-KTAE-FZUS52-SRFTAE,https://mesonet.agron.iastate.edu/p.php?pid=202305201516-KTAE-FZUS52-SRFTAE,NWS Tallahassee SRFTAE via Iowa Environmental Mesonet archive
2023-05-21T15:03:00+00:00,2023-05-21T10:03:00-05:00,2023-05-21,10:03,Yellow,,Yellow,,Moderate,Around 1 foot.,80.0,"Northwest winds around 5 mph, becoming",202305211503-KTAE-FZUS52-SRFTAE,https://mesonet.agron.iastate.edu/p.php?pid=202305211503-KTAE-FZUS52-SRFTAE,NWS Tallahassee SRFTAE via Iowa Environmental Mesonet archive
2023-05-22T15:43:00+00:00,2023-05-22T10:43:00-05:00,2023-05-22,10:43,Yellow,,Yellow,,Moderate,Around 1 foot.,78.0,"Southeast winds around 5 mph, becoming",202305221543-KTAE-FZUS52-SRFTAE,https://mesonet.agron.iastate.edu/p.php?pid=202305221543-KTAE-FZUS52-SRFTAE,NWS Tallahassee SRFTAE via Iowa Environmental Mesonet archive
2023-05-23T15:41:00+00:00,2023-05-23T10:41:00-05:00,2023-05-23,10:41,Yellow,,Yellow,,Moderate,Around 1 foot.,78.0,East winds around 10 mph.,202305231541-KTAE-FZUS52-SRFTAE,https://mesonet.agron.iastate.edu/p.php?pid=202305231541-KTAE-FZUS52-SRFTAE,NWS Tallahassee SRFTAE via Iowa Environmental Mesonet archive
2023-05-24T15:33:00+00:00,2023-05-24T10:33:00-05:00,2023-05-24,10:33,Yellow,,Yellow,,Moderate,Around 1 foot.,79.0,Northeast winds around 15 mph.,202305241533-KTAE-FZUS52-SRFTAE,https://mesonet.agron.iastate.edu/p.php?pid=202305241533-KTAE-FZUS52-SRFTAE,NWS Tallahassee SRFTAE via Iowa Environmental Mesonet archive
2023-05-25T16:21:00+00:00,2023-05-25T11:21:00-05:00,2023-05-25,11:21,Yellow,,Yellow,,Moderate,Around 1 foot.,79.0,Northeast winds around 15 mph.,202305251621-KTAE-FZUS52-SRFTAE,https://mesonet.agron.iastate.edu/p.php?pid=202305251621-KTAE-FZUS52-SRFTAE,NWS Tallahassee SRFTAE via Iowa Environmental Mesonet archive
2023-05-26T16:43:00+00:00,2023-05-26T11:43:00-05:00,2023-05-26,11:43,Yellow,,Yellow,,Moderate,Around 1 foot.,78.0,Northeast winds around 15 mph.,202305261643-KTAE-FZUS52-SRFTAE,https://mesonet.agron.iastate.edu/p.php?pid=202305261643-KTAE-FZUS52-SRFTAE,NWS Tallahassee SRFTAE via Iowa Environmental Mesonet archive
2023-05-27T15:15:00+00:00,2023-05-27T10:15:00-05:00,2023-05-27,10:15,Yellow,,Yellow,,Moderate,Around 1 foot.,77.0,Northeast winds around 15 mph.,202305271515-KTAE-FZUS52-SRFTAE,https://mesonet.agron.iastate.edu/p.php?pid=202305271515-KTAE-FZUS52-SRFTAE,NWS Tallahassee SRFTAE via Iowa Environmental Mesonet archive
2023-05-28T15:40:00+00:00,2023-05-28T10:40:00-05:00,2023-05-28,10:40,Yellow,,Yellow,,Moderate,Around 1 foot.,77.0,"Northeast winds around 5 mph, becoming",202305281540-KTAE-FZUS52-SRFTAE,https://mesonet.agron.iastate.edu/p.php?pid=202305281540-KTAE-FZUS52-SRFTAE,NWS Tallahassee SRFTAE via Iowa Environmental Mesonet archive
2023-05-29T15:17:00+00:00,2023-05-29T10:17:00-05:00,2023-05-29,10:17,Yellow,,Yellow,,Moderate,1 to 2 feet.,78.0,West winds 10 to 15 mph.,202305291517-KTAE-FZUS52-SRFTAE,https://mesonet.agron.iastate.edu/p.php?pid=202305291517-KTAE-FZUS52-SRFTAE,NWS Tallahassee SRFTAE via Iowa Environmental Mesonet archive
2023-05-30T15:35:00+00:00,2023-05-30T10:35:00-05:00,2023-05-30,10:35,Yellow,,Yellow,,Moderate,Around 1 foot.,76.0,"North winds around 5 mph, becoming west",202305301535-KTAE-FZUS52-SRFTAE,https://mesonet.agron.iastate.edu/p.php?pid=202305301535-KTAE-FZUS52-SRFTAE,NWS Tallahassee SRFTAE via Iowa Environmental Mesonet archive
2023-05-31T15:57:00+00:00,2023-05-31T10:57:00-05:00,2023-05-31,10:57,Yellow,,Yellow,,Moderate,1 foot or less.,76.0,East winds 10 to 15 mph.,202305311557-KTAE-FZUS52-SRFTAE,https://mesonet.agron.iastate.edu/p.php?pid=202305311557-KTAE-FZUS52-SRFTAE,NWS Tallahassee SRFTAE via Iowa Environmental Mesonet archive
2023-06-01T16:05:00+00:00,2023-06-01T11:05:00-05:00,2023-06-01,11:05,Yellow,,Yellow,,High,2 to 3 feet.,76.0,East winds around 20 mph.,202306011605-KTAE-FZUS52-SRFTAE,https://mesonet.agron.iastate.edu/p.php?pid=202306011605-KTAE-FZUS52-SRFTAE,NWS Tallahassee SRFTAE via Iowa Environmental Mesonet archive
2023-06-02T15:30:00+00:00,2023-06-02T10:30:00-05:00,2023-06-02,10:30,Yellow,,Yellow,,Moderate,Around 2 feet.,76.0,Northeast winds 10 to 15 mph.,202306021530-KTAE-FZUS52-SRFTAE,https://mesonet.agron.iastate.edu/p.php?pid=202306021530-KTAE-FZUS52-SRFTAE,NWS Tallahassee SRFTAE via Iowa Environmental Mesonet archive
2023-06-03T15:43:00+00:00,2023-06-03T10:43:00-05:00,2023-06-03,10:43,Yellow,,Yellow,,Moderate,Around 1 foot.,77.0,"North winds around 10 mph, becoming",202306031543-KTAE-FZUS52-SRFTAE,https://mesonet.agron.iastate.edu/p.php?pid=202306031543-KTAE-FZUS52-SRFTAE,NWS Tallahassee SRFTAE via Iowa Environmental Mesonet archive
2023-06-04T16:34:00+00:00,2023-06-04T11:34:00-05:00,2023-06-04,11:34,Yellow,,Yellow,,Moderate,Around 1 foot.,77.0,Northeast winds around 10 mph.,202306041634-KTAE-FZUS52-SRFTAE,https://mesonet.agron.iastate.edu/p.php?pid=202306041634-KTAE-FZUS52-SRFTAE,NWS Tallahassee SRFTAE via Iowa Environmental Mesonet archive
2023-06-05T15:39:00+00:00,2023-06-05T10:39:00-05:00,2023-06-05,10:39,Yellow,,Yellow,,Moderate,1 to 2 feet.,78.0,Southeast winds around 10 mph.,202306051539-KTAE-FZUS52-SRFTAE,https://mesonet.agron.iastate.edu/p.php?pid=202306051539-KTAE-FZUS52-SRFTAE,NWS Tallahassee SRFTAE via Iowa Environmental Mesonet archive
2023-06-06T16:23:00+00:00,2023-06-06T11:23:00-05:00,2023-06-06,11:23,Yellow,,Yellow,,Moderate,Around 1 foot.,78.0,South winds around 10 mph.,202306061623-KTAE-FZUS52-SRFTAE,https://mesonet.agron.iastate.edu/p.php?pid=202306061623-KTAE-FZUS52-SRFTAE,NWS Tallahassee SRFTAE via Iowa Environmental Mesonet archive
2023-06-07T15:33:00+00:00,2023-06-07T10:33:00-05:00,2023-06-07,10:33,Yellow,,Yellow,,Moderate,Around 1 foot.,79.0,Southwest winds 5 to 10 mph.,202306071533-KTAE-FZUS52-SRFTAE,https://mesonet.agron.iastate.edu/p.php?pid=202306071533-KTAE-FZUS52-SRFTAE,NWS Tallahassee SRFTAE via Iowa Environmental Mesonet archive
2023-06-08T15:30:00+00:00,2023-06-08T10:30:00-05:00,2023-06-08,10:30,Yellow,,Yellow,,Moderate,Around 1 foot.,80.0,West winds around 10 mph.,202306081530-KTAE-FZUS52-SRFTAE,https://mesonet.agron.iastate.edu/p.php?pid=202306081530-KTAE-FZUS52-SRFTAE,NWS Tallahassee SRFTAE via Iowa Environmental Mesonet archive
2023-06-09T15:33:00+00:00,2023-06-09T10:33:00-05:00,2023-06-09,10:33,Yellow,,Yellow,,Moderate,Around 1 foot.,79.0,West winds around 10 mph.,202306091533-KTAE-FZUS52-SRFTAE,https://mesonet.agron.iastate.edu/p.php?pid=202306091533-KTAE-FZUS52-SRFTAE,NWS Tallahassee SRFTAE via Iowa Environmental Mesonet archive
2023-06-10T16:13:00+00:00,2023-06-10T11:13:00-05:00,2023-06-10,11:13,Yellow,,Yellow,,Moderate,Around 1 foot.,79.0,South winds around 10 mph.,202306101613-KTAE-FZUS52-SRFTAE,https://mesonet.agron.iastate.edu/p.php?pid=202306101613-KTAE-FZUS52-SRFTAE,NWS Tallahassee SRFTAE via Iowa Environmental Mesonet archive
2023-06-11T15:38:00+00:00,2023-06-11T10:38:00-05:00,2023-06-11,10:38,Yellow,,Yellow,,Moderate,1 to 2 feet.,81.0,Southwest winds around 10 mph.,202306111538-KTAE-FZUS52-SRFTAE,https://mesonet.agron.iastate.edu/p.php?pid=202306111538-KTAE-FZUS52-SRFTAE,NWS Tallahassee SRFTAE via Iowa Environmental Mesonet archive
2023-06-12T16:14:00+00:00,2023-06-12T11:14:00-05:00,2023-06-12,11:14,Single Red,,Single Red,,High,Around 3 feet.,82.0,Southwest winds around 20 mph.,202306121614-KTAE-FZUS52-SRFTAE,https://mesonet.agron.iastate.edu/p.php?pid=202306121614-KTAE-FZUS52-SRFTAE,NWS Tallahassee SRFTAE via Iowa Environmental Mesonet archive
2023-06-13T16:42:00+00:00,2023-06-13T11:42:00-05:00,2023-06-13,11:42,Single Red,,Double Red,,High,Around 2 feet.,80.0,Southwest winds around 15 mph.,202306131642-KTAE-FZUS52-SRFTAE,https://mesonet.agron.iastate.edu/p.php?pid=202306131642-KTAE-FZUS52-SRFTAE,NWS Tallahassee SRFTAE via Iowa Environmental Mesonet archive
2023-06-15T16:28:00+00:00,2023-06-15T11:28:00-05:00,2023-06-15,11:28,Double Red,,Double Red,,High,Around 4 feet.,82.0,Southwest winds around 20 mph.,202306151628-KTAE-FZUS52-SRFTAE,https://mesonet.agron.iastate.edu/p.php?pid=202306151628-KTAE-FZUS52-SRFTAE,NWS Tallahassee SRFTAE via Iowa Environmental Mesonet archive
2023-06-16T15:42:00+00:00,2023-06-16T10:42:00-05:00,2023-06-16,10:42,Double Red,,Double Red,,High,Around 4 feet.,81.0,"Windy. Southwest winds around 30 mph,",202306161542-KTAE-FZUS52-SRFTAE,https://mesonet.agron.iastate.edu/p.php?pid=202306161542-KTAE-FZUS52-SRFTAE,NWS Tallahassee SRFTAE via Iowa Environmental Mesonet archive
2023-06-17T15:52:00+00:00,2023-06-17T10:52:00-05:00,2023-06-17,10:52,Single Red,,Single Red,,High,Around 3 feet.,80.0,Southwest winds around 15 mph.,202306171552-KTAE-FZUS52-SRFTAE,https://mesonet.agron.iastate.edu/p.php?pid=202306171552-KTAE-FZUS52-SRFTAE,NWS Tallahassee SRFTAE via Iowa Environmental Mesonet archive
2023-06-18T14:41:00+00:00,2023-06-18T09:41:00-05:00,2023-06-18,09:41,Single Red,,Double Red,,High,Around 3 feet.,79.0,"Northwest winds around 5 mph, becoming",202306181441-KTAE-FZUS52-SRFTAE,https://mesonet.agron.iastate.edu/p.php?pid=202306181441-KTAE-FZUS52-SRFTAE,NWS Tallahassee SRFTAE via Iowa Environmental Mesonet archive
2023-06-19T16:17:00+00:00,2023-06-19T11:17:00-05:00,2023-06-19,11:17,Double Red,,Double Red,,High,Around 4 feet.,79.0,Southwest winds around 20 mph.,202306191617-KTAE-FZUS52-SRFTAE,https://mesonet.agron.iastate.edu/p.php?pid=202306191617-KTAE-FZUS52-SRFTAE,NWS Tallahassee SRFTAE via Iowa Environmental Mesonet archive
2023-06-20T15:54:00+00:00,2023-06-20T10:54:00-05:00,2023-06-20,10:54,Double Red,,Double Red,,High,Around 4 feet.,79.0,West winds 10 to 15 mph.,202306201554-KTAE-FZUS52-SRFTAE,https://mesonet.agron.iastate.edu/p.php?pid=202306201554-KTAE-FZUS52-SRFTAE,NWS Tallahassee SRFTAE via Iowa Environmental Mesonet archive
2023-06-21T15:21:00+00:00,2023-06-21T10:21:00-05:00,2023-06-21,10:21,Double Red,,Double Red,,High,Around 4 feet.,80.0,Southwest winds around 15 mph.,202306211521-KTAE-FZUS52-SRFTAE,https://mesonet.agron.iastate.edu/p.php?pid=202306211521-KTAE-FZUS52-SRFTAE,NWS Tallahassee SRFTAE via Iowa Environmental Mesonet archive
2023-06-22T15:23:00+00:00,2023-06-22T10:23:00-05:00,2023-06-22,10:23,Double Red,,Double Red,,High,Around 4 feet.,81.0,Southwest winds around 15 mph.,202306221523-KTAE-FZUS52-SRFTAE,https://mesonet.agron.iastate.edu/p.php?pid=202306221523-KTAE-FZUS52-SRFTAE,NWS Tallahassee SRFTAE via Iowa Environmental Mesonet archive
2023-06-23T16:03:00+00:00,2023-06-23T11:03:00-05:00,2023-06-23,11:03,Double Red,,Double Red,,High,Around 3 feet.,81.0,Southwest winds around 15 mph.,202306231603-KTAE-FZUS52-SRFTAE,https://mesonet.agron.iastate.edu/p.php?pid=202306231603-KTAE-FZUS52-SRFTAE,NWS Tallahassee SRFTAE via Iowa Environmental Mesonet archive
2023-06-24T15:48:00+00:00,2023-06-24T10:48:00-05:00,2023-06-24,10:48,Single Red,,Single Red,,Moderate,Around 2 feet.,81.0,"Northwest winds around 5 mph, becoming",202306241548-KTAE-FZUS52-SRFTAE,https://mesonet.agron.iastate.edu/p.php?pid=202306241548-KTAE-FZUS52-SRFTAE,NWS Tallahassee SRFTAE via Iowa Environmental Mesonet archive
2023-06-25T16:06:00+00:00,2023-06-25T11:06:00-05:00,2023-06-25,11:06,Single Red,,Single Red,,High,Around 2 feet.,80.0,West winds around 10 mph.,202306251606-KTAE-FZUS52-SRFTAE,https://mesonet.agron.iastate.edu/p.php?pid=202306251606-KTAE-FZUS52-SRFTAE,NWS Tallahassee SRFTAE via Iowa Environmental Mesonet archive
2023-06-26T16:08:00+00:00,2023-06-26T11:08:00-05:00,2023-06-26,11:08,Single Red,,Single Red,,High,Around 2 feet.,81.0,Southwest winds around 15 mph.,202306261608-KTAE-FZUS52-SRFTAE,https://mesonet.agron.iastate.edu/p.php?pid=202306261608-KTAE-FZUS52-SRFTAE,NWS Tallahassee SRFTAE via Iowa Environmental Mesonet archive
2023-06-27T15:47:00+00:00,2023-06-27T10:47:00-05:00,2023-06-27,10:47,Single Red,,Single Red,,High,Around 2 feet.,82.0,West winds around 15 mph.,202306271547-KTAE-FZUS52-SRFTAE,https://mesonet.agron.iastate.edu/p.php?pid=202306271547-KTAE-FZUS52-SRFTAE,NWS Tallahassee SRFTAE via Iowa Environmental Mesonet archive
2023-06-28T15:45:00+00:00,2023-06-28T10:45:00-05:00,2023-06-28,10:45,Single Red,,Single Red,,High,Around 2 feet.,81.0,West winds 5 to 10 mph.,202306281545-KTAE-FZUS52-SRFTAE,https://mesonet.agron.iastate.edu/p.php?pid=202306281545-KTAE-FZUS52-SRFTAE,NWS Tallahassee SRFTAE via Iowa Environmental Mesonet archive
2023-06-29T15:35:00+00:00,2023-06-29T10:35:00-05:00,2023-06-29,10:35,Single Red,,Yellow,,High,Around 1 foot.,82.0,"East winds around 5 mph, becoming",202306291535-KTAE-FZUS52-SRFTAE,https://mesonet.agron.iastate.edu/p.php?pid=202306291535-KTAE-FZUS52-SRFTAE,NWS Tallahassee SRFTAE via Iowa Environmental Mesonet archive
2023-06-30T15:18:00+00:00,2023-06-30T10:18:00-05:00,2023-06-30,10:18,Yellow,,Yellow,,Moderate,Around 1 foot.,82.0,"Southeast winds around 5 mph, becoming",202306301518-KTAE-FZUS52-SRFTAE,https://mesonet.agron.iastate.edu/p.php?pid=202306301518-KTAE-FZUS52-SRFTAE,NWS Tallahassee SRFTAE via Iowa Environmental Mesonet archive
2023-07-01T15:44:00+00:00,2023-07-01T10:44:00-05:00,2023-07-01,10:44,Yellow,,Yellow,,Moderate,Around 1 foot.,84.0,West winds 5 to 10 mph.,202307011544-KTAE-FZUS52-SRFTAE,https://mesonet.agron.iastate.edu/p.php?pid=202307011544-KTAE-FZUS52-SRFTAE,NWS Tallahassee SRFTAE via Iowa Environmental Mesonet archive
2023-07-03T16:34:00+00:00,2023-07-03T11:34:00-05:00,2023-07-03,11:34,Yellow,,Yellow,,Moderate,Around 1 foot.,86.0,Southwest winds around 10 mph.,202307031634-KTAE-FZUS52-SRFTAE,https://mesonet.agron.iastate.edu/p.php?pid=202307031634-KTAE-FZUS52-SRFTAE,NWS Tallahassee SRFTAE via Iowa Environmental Mesonet archive
2023-07-04T15:47:00+00:00,2023-07-04T10:47:00-05:00,2023-07-04,10:47,Yellow,,Yellow,,Moderate,1 to 2 feet.,87.0,Southwest winds around 10 mph.,202307041547-KTAE-FZUS52-SRFTAE,https://mesonet.agron.iastate.edu/p.php?pid=202307041547-KTAE-FZUS52-SRFTAE,NWS Tallahassee SRFTAE via Iowa Environmental Mesonet archive
2023-07-05T15:43:00+00:00,2023-07-05T10:43:00-05:00,2023-07-05,10:43,Yellow,,Single Red,,Moderate,1 to 2 feet.,86.0,West winds around 10 mph.,202307051543-KTAE-FZUS52-SRFTAE,https://mesonet.agron.iastate.edu/p.php?pid=202307051543-KTAE-FZUS52-SRFTAE,NWS Tallahassee SRFTAE via Iowa Environmental Mesonet archive
2023-07-06T15:25:00+00:00,2023-07-06T10:25:00-05:00,2023-07-06,10:25,Yellow,,Single Red,,Moderate,1 to 2 feet.,84.0,West winds 10 to 15 mph.,202307061525-KTAE-FZUS52-SRFTAE,https://mesonet.agron.iastate.edu/p.php?pid=202307061525-KTAE-FZUS52-SRFTAE,NWS Tallahassee SRFTAE via Iowa Environmental Mesonet archive
2023-07-07T16:01:00+00:00,2023-07-07T11:01:00-05:00,2023-07-07,11:01,Yellow,,Single Red,,Moderate,1 to 2 feet.,80.0,West winds 10 to 15 mph.,202307071601-KTAE-FZUS52-SRFTAE,https://mesonet.agron.iastate.edu/p.php?pid=202307071601-KTAE-FZUS52-SRFTAE,NWS Tallahassee SRFTAE via Iowa Environmental Mesonet archive
2023-07-08T15:52:00+00:00,2023-07-08T10:52:00-05:00,2023-07-08,10:52,Single Red,,Single Red,,High,2 to 3 feet.,78.0,West winds around 15 mph.,202307081552-KTAE-FZUS52-SRFTAE,https://mesonet.agron.iastate.edu/p.php?pid=202307081552-KTAE-FZUS52-SRFTAE,NWS Tallahassee SRFTAE via Iowa Environmental Mesonet archive
2023-07-09T15:40:00+00:00,2023-07-09T10:40:00-05:00,2023-07-09,10:40,Single Red,,Single Red,,High,Around 3 feet.,79.0,West winds around 15 mph.,202307091540-KTAE-FZUS52-SRFTAE,https://mesonet.agron.iastate.edu/p.php?pid=202307091540-KTAE-FZUS52-SRFTAE,NWS Tallahassee SRFTAE via Iowa Environmental Mesonet archive
2023-07-10T15:27:00+00:00,2023-07-10T10:27:00-05:00,2023-07-10,10:27,Double Red,,Double Red,,High,Around 4 feet.,79.0,West winds around 20 mph.,202307101527-KTAE-FZUS52-SRFTAE,https://mesonet.agron.iastate.edu/p.php?pid=202307101527-KTAE-FZUS52-SRFTAE,NWS Tallahassee SRFTAE via Iowa Environmental Mesonet archive
2023-07-11T16:55:00+00:00,2023-07-11T11:55:00-05:00,2023-07-11,11:55,Single Red,,Double Red,,High,Around 2 feet.,76.0,Southwest winds around 10 mph.,202307111655-KTAE-FZUS52-SRFTAE,https://mesonet.agron.iastate.edu/p.php?pid=202307111655-KTAE-FZUS52-SRFTAE,NWS Tallahassee SRFTAE via Iowa Environmental Mesonet archive
2023-07-12T16:13:00+00:00,2023-07-12T11:13:00-05:00,2023-07-12,11:13,Single Red,,Single Red,,High,Around 2 feet.,80.0,Southwest winds around 10 mph.,202307121613-KTAE-FZUS52-SRFTAE,https://mesonet.agron.iastate.edu/p.php?pid=202307121613-KTAE-FZUS52-SRFTAE,NWS Tallahassee SRFTAE via Iowa Environmental Mesonet archive
2023-07-13T15:27:00+00:00,2023-07-13T10:27:00-05:00,2023-07-13,10:27,Single Red,,Yellow,,High,1 to 2 feet.,77.0,West winds around 10 mph.,202307131527-KTAE-FZUS52-SRFTAE,https://mesonet.agron.iastate.edu/p.php?pid=202307131527-KTAE-FZUS52-SRFTAE,NWS Tallahassee SRFTAE via Iowa Environmental Mesonet archive
2023-07-14T15:41:00+00:00,2023-07-14T10:41:00-05:00,2023-07-14,10:41,Single Red,,Yellow,,High,Around 2 feet.,79.0,West winds 10 to 15 mph.,202307141541-KTAE-FZUS52-SRFTAE,https://mesonet.agron.iastate.edu/p.php?pid=202307141541-KTAE-FZUS52-SRFTAE,NWS Tallahassee SRFTAE via Iowa Environmental Mesonet archive
2023-07-15T15:54:00+00:00,2023-07-15T10:54:00-05:00,2023-07-15,10:54,Single Red,,Single Red,,High,Around 2 feet.,79.0,Southwest winds 10 to 15 mph.,202307151554-KTAE-FZUS52-SRFTAE,https://mesonet.agron.iastate.edu/p.php?pid=202307151554-KTAE-FZUS52-SRFTAE,NWS Tallahassee SRFTAE via Iowa Environmental Mesonet archive
2023-07-16T15:49:00+00:00,2023-07-16T10:49:00-05:00,2023-07-16,10:49,Single Red,,Single Red,,High,Around 2 feet.,79.0,West winds around 15 mph.,202307161549-KTAE-FZUS52-SRFTAE,https://mesonet.agron.iastate.edu/p.php?pid=202307161549-KTAE-FZUS52-SRFTAE,NWS Tallahassee SRFTAE via Iowa Environmental Mesonet archive
2023-07-17T16:11:00+00:00,2023-07-17T11:11:00-05:00,2023-07-17,11:11,Yellow,,Single Red,,Moderate,Around 2 feet.,78.0,West winds around 10 mph.,202307171611-KTAE-FZUS52-SRFTAE,https://mesonet.agron.iastate.edu/p.php?pid=202307171611-KTAE-FZUS52-SRFTAE,NWS Tallahassee SRFTAE via Iowa Environmental Mesonet archive
2023-07-18T15:44:00+00:00,2023-07-18T10:44:00-05:00,2023-07-18,10:44,Yellow,,Yellow,,Moderate,Around 1 foot.,79.0,West winds 5 to 10 mph.,202307181544-KTAE-FZUS52-SRFTAE,https://mesonet.agron.iastate.edu/p.php?pid=202307181544-KTAE-FZUS52-SRFTAE,NWS Tallahassee SRFTAE via Iowa Environmental Mesonet archive
2023-07-19T15:45:00+00:00,2023-07-19T10:45:00-05:00,2023-07-19,10:45,Yellow,,Yellow,,Moderate,Around 1 foot.,82.0,West winds 5 to 10 mph.,202307191545-KTAE-FZUS52-SRFTAE,https://mesonet.agron.iastate.edu/p.php?pid=202307191545-KTAE-FZUS52-SRFTAE,NWS Tallahassee SRFTAE via Iowa Environmental Mesonet archive
2023-07-20T15:31:00+00:00,2023-07-20T10:31:00-05:00,2023-07-20,10:31,Yellow,,Yellow,,Moderate,Around 1 foot.,83.0,West winds 5 to 10 mph.,202307201531-KTAE-FZUS52-SRFTAE,https://mesonet.agron.iastate.edu/p.php?pid=202307201531-KTAE-FZUS52-SRFTAE,NWS Tallahassee SRFTAE via Iowa Environmental Mesonet archive
2023-07-21T15:39:00+00:00,2023-07-21T10:39:00-05:00,2023-07-21,10:39,Yellow,,Yellow,,Moderate,1 to 2 feet.,82.0,West winds 10 to 15 mph.,202307211539-KTAE-FZUS52-SRFTAE,https://mesonet.agron.iastate.edu/p.php?pid=202307211539-KTAE-FZUS52-SRFTAE,NWS Tallahassee SRFTAE via Iowa Environmental Mesonet archive
2023-07-22T15:55:00+00:00,2023-07-22T10:55:00-05:00,2023-07-22,10:55,Single Red,,Single Red,,High,Around 2 feet.,82.0,West winds around 15 mph.,202307221555-KTAE-FZUS52-SRFTAE,https://mesonet.agron.iastate.edu/p.php?pid=202307221555-KTAE-FZUS52-SRFTAE,NWS Tallahassee SRFTAE via Iowa Environmental Mesonet archive
2023-07-23T16:02:00+00:00,2023-07-23T11:02:00-05:00,2023-07-23,11:02,Single Red,,Double Red,,High,Around 2 feet.,80.0,Southwest winds around 10 mph.,202307231602-KTAE-FZUS52-SRFTAE,https://mesonet.agron.iastate.edu/p.php?pid=202307231602-KTAE-FZUS52-SRFTAE,NWS Tallahassee SRFTAE via Iowa Environmental Mesonet archive
2023-07-24T15:21:00+00:00,2023-07-24T10:21:00-05:00,2023-07-24,10:21,Single Red,,Double Red,,High,Around 3 feet.,78.0,"Southeast winds around 5 mph, becoming",202307241521-KTAE-FZUS52-SRFTAE,https://mesonet.agron.iastate.edu/p.php?pid=202307241521-KTAE-FZUS52-SRFTAE,NWS Tallahassee SRFTAE via Iowa Environmental Mesonet archive
2023-07-25T15:22:00+00:00,2023-07-25T10:22:00-05:00,2023-07-25,10:22,Double Red,,Single Red,,High,Around 2 feet.,79.0,"Northwest winds around 5 mph, becoming",202307251522-KTAE-FZUS52-SRFTAE,https://mesonet.agron.iastate.edu/p.php?pid=202307251522-KTAE-FZUS52-SRFTAE,NWS Tallahassee SRFTAE via Iowa Environmental Mesonet archive
2023-07-26T15:24:00+00:00,2023-07-26T10:24:00-05:00,2023-07-26,10:24,Yellow,,Yellow,,Moderate,Around 1 foot.,79.0,"Northeast winds around 5 mph, becoming",202307261524-KTAE-FZUS52-SRFTAE,https://mesonet.agron.iastate.edu/p.php?pid=202307261524-KTAE-FZUS52-SRFTAE,NWS Tallahassee SRFTAE via Iowa Environmental Mesonet archive
2023-07-27T15:42:00+00:00,2023-07-27T10:42:00-05:00,2023-07-27,10:42,Yellow,,Yellow,,Moderate,Around 1 foot.,83.0,"East winds around 5 mph, becoming south",202307271542-KTAE-FZUS52-SRFTAE,https://mesonet.agron.iastate.edu/p.php?pid=202307271542-KTAE-FZUS52-SRFTAE,NWS Tallahassee SRFTAE via Iowa Environmental Mesonet archive
2023-07-29T15:57:00+00:00,2023-07-29T10:57:00-05:00,2023-07-29,10:57,Yellow,,Yellow,,Moderate,Around 1 foot.,85.0,West winds 5 to 10 mph.,202307291557-KTAE-FZUS52-SRFTAE,https://mesonet.agron.iastate.edu/p.php?pid=202307291557-KTAE-FZUS52-SRFTAE,NWS Tallahassee SRFTAE via Iowa Environmental Mesonet archive
2023-07-30T15:51:00+00:00,2023-07-30T10:51:00-05:00,2023-07-30,10:51,Yellow,,Yellow,,Moderate,Around 1 foot.,85.0,West winds around 10 mph.,202307301551-KTAE-FZUS52-SRFTAE,https://mesonet.agron.iastate.edu/p.php?pid=202307301551-KTAE-FZUS52-SRFTAE,NWS Tallahassee SRFTAE via Iowa Environmental Mesonet archive
2023-07-31T16:21:00+00:00,2023-07-31T11:21:00-05:00,2023-07-31,11:21,Yellow,,Yellow,,Moderate,Around 1 foot.,84.0,West winds around 10 mph.,202307311621-KTAE-FZUS52-SRFTAE,https://mesonet.agron.iastate.edu/p.php?pid=202307311621-KTAE-FZUS52-SRFTAE,NWS Tallahassee SRFTAE via Iowa Environmental Mesonet archive
2023-08-01T16:07:00+00:00,2023-08-01T11:07:00-05:00,2023-08-01,11:07,Yellow,,Yellow,,Moderate,Around 2 feet.,85.0,West winds around 10 mph.,202308011607-KTAE-FZUS52-SRFTAE,https://mesonet.agron.iastate.edu/p.php?pid=202308011607-KTAE-FZUS52-SRFTAE,NWS Tallahassee SRFTAE via Iowa Environmental Mesonet archive
2023-08-02T16:23:00+00:00,2023-08-02T11:23:00-05:00,2023-08-02,11:23,Yellow,,Yellow,,Moderate,Around 1 foot.,83.0,South winds around 10 mph.,202308021623-KTAE-FZUS52-SRFTAE,https://mesonet.agron.iastate.edu/p.php?pid=202308021623-KTAE-FZUS52-SRFTAE,NWS Tallahassee SRFTAE via Iowa Environmental Mesonet archive
2023-08-03T15:52:00+00:00,2023-08-03T10:52:00-05:00,2023-08-03,10:52,Yellow,,Yellow,,Moderate,Around 1 foot.,86.0,South winds 5 to 10 mph.,202308031552-KTAE-FZUS52-SRFTAE,https://mesonet.agron.iastate.edu/p.php?pid=202308031552-KTAE-FZUS52-SRFTAE,NWS Tallahassee SRFTAE via Iowa Environmental Mesonet archive
2023-08-04T16:44:00+00:00,2023-08-04T11:44:00-05:00,2023-08-04,11:44,Yellow,,Yellow,,Moderate,Around 1 foot.,87.0,West winds around 10 mph.,202308041644-KTAE-FZUS52-SRFTAE,https://mesonet.agron.iastate.edu/p.php?pid=202308041644-KTAE-FZUS52-SRFTAE,NWS Tallahassee SRFTAE via Iowa Environmental Mesonet archive
2023-08-05T16:32:00+00:00,2023-08-05T11:32:00-05:00,2023-08-05,11:32,Yellow,,Single Red,,Moderate,Around 2 feet.,87.0,West winds around 10 mph.,202308051632-KTAE-FZUS52-SRFTAE,https://mesonet.agron.iastate.edu/p.php?pid=202308051632-KTAE-FZUS52-SRFTAE,NWS Tallahassee SRFTAE via Iowa Environmental Mesonet archive
2023-08-06T16:15:00+00:00,2023-08-06T11:15:00-05:00,2023-08-06,11:15,Yellow,,Yellow,,Moderate,Around 1 foot.,86.0,West winds around 10 mph.,202308061615-KTAE-FZUS52-SRFTAE,https://mesonet.agron.iastate.edu/p.php?pid=202308061615-KTAE-FZUS52-SRFTAE,NWS Tallahassee SRFTAE via Iowa Environmental Mesonet archive
2023-08-07T15:21:00+00:00,2023-08-07T10:21:00-05:00,2023-08-07,10:21,Yellow,,Single Red,,Moderate,Around 2 feet.,87.0,West winds around 15 mph.,202308071521-KTAE-FZUS52-SRFTAE,https://mesonet.agron.iastate.edu/p.php?pid=202308071521-KTAE-FZUS52-SRFTAE,NWS Tallahassee SRFTAE via Iowa Environmental Mesonet archive
2023-08-08T15:36:00+00:00,2023-08-08T10:36:00-05:00,2023-08-08,10:36,Single Red,,Single Red,,High,Around 2 feet.,87.0,West winds around 15 mph.,202308081536-KTAE-FZUS52-SRFTAE,https://mesonet.agron.iastate.edu/p.php?pid=202308081536-KTAE-FZUS52-SRFTAE,NWS Tallahassee SRFTAE via Iowa Environmental Mesonet archive
2023-08-09T16:27:00+00:00,2023-08-09T11:27:00-05:00,2023-08-09,11:27,Yellow,,Single Red,,Moderate,1 to 2 feet.,85.0,Southwest winds around 10 mph.,202308091627-KTAE-FZUS52-SRFTAE,https://mesonet.agron.iastate.edu/p.php?pid=202308091627-KTAE-FZUS52-SRFTAE,NWS Tallahassee SRFTAE via Iowa Environmental Mesonet archive
2023-08-10T15:58:00+00:00,2023-08-10T10:58:00-05:00,2023-08-10,10:58,Single Red,,Single Red,,High,Around 3 feet.,86.0,West winds around 15 mph.,202308101558-KTAE-FZUS52-SRFTAE,https://mesonet.agron.iastate.edu/p.php?pid=202308101558-KTAE-FZUS52-SRFTAE,NWS Tallahassee SRFTAE via Iowa Environmental Mesonet archive
2023-08-11T16:04:00+00:00,2023-08-11T11:04:00-05:00,2023-08-11,11:04,Single Red,,Single Red,,High,Around 2 feet.,86.0,West winds around 15 mph.,202308111604-KTAE-FZUS52-SRFTAE,https://mesonet.agron.iastate.edu/p.php?pid=202308111604-KTAE-FZUS52-SRFTAE,NWS Tallahassee SRFTAE via Iowa Environmental Mesonet archive
2023-08-12T16:32:00+00:00,2023-08-12T11:32:00-05:00,2023-08-12,11:32,Single Red,,Single Red,,High,Around 2 feet.,85.0,West winds around 10 mph.,202308121632-KTAE-FZUS52-SRFTAE,https://mesonet.agron.iastate.edu/p.php?pid=202308121632-KTAE-FZUS52-SRFTAE,NWS Tallahassee SRFTAE via Iowa Environmental Mesonet archive
2023-08-13T15:24:00+00:00,2023-08-13T10:24:00-05:00,2023-08-13,10:24,Yellow,,Yellow,,Moderate,Around 1 foot.,85.0,West winds 5 to 10 mph.,202308131524-KTAE-FZUS52-SRFTAE,https://mesonet.agron.iastate.edu/p.php?pid=202308131524-KTAE-FZUS52-SRFTAE,NWS Tallahassee SRFTAE via Iowa Environmental Mesonet archive
2023-08-14T15:14:00+00:00,2023-08-14T10:14:00-05:00,2023-08-14,10:14,Yellow,,Yellow,,Moderate,Around 1 foot.,86.0,West winds 5 to 10 mph.,202308141514-KTAE-FZUS52-SRFTAE,https://mesonet.agron.iastate.edu/p.php?pid=202308141514-KTAE-FZUS52-SRFTAE,NWS Tallahassee SRFTAE via Iowa Environmental Mesonet archive
2023-08-15T15:29:00+00:00,2023-08-15T10:29:00-05:00,2023-08-15,10:29,Yellow,,Single Red,,Moderate,Around 2 feet.,87.0,West winds around 15 mph.,202308151529-KTAE-FZUS52-SRFTAE,https://mesonet.agron.iastate.edu/p.php?pid=202308151529-KTAE-FZUS52-SRFTAE,NWS Tallahassee SRFTAE via Iowa Environmental Mesonet archive
2023-08-16T15:27:00+00:00,2023-08-16T10:27:00-05:00,2023-08-16,10:27,Yellow,,Single Red,,Moderate,Around 2 feet.,85.0,"East winds around 5 mph, becoming",202308161527-KTAE-FZUS52-SRFTAE,https://mesonet.agron.iastate.edu/p.php?pid=202308161527-KTAE-FZUS52-SRFTAE,NWS Tallahassee SRFTAE via Iowa Environmental Mesonet archive
2023-08-17T17:35:00+00:00,2023-08-17T12:35:00-05:00,2023-08-17,12:35,Yellow,,Single Red,,Moderate,Around 2 feet.,87.0,Southwest winds around 10 mph.,202308171735-KTAE-FZUS52-SRFTAE,https://mesonet.agron.iastate.edu/p.php?pid=202308171735-KTAE-FZUS52-SRFTAE,NWS Tallahassee SRFTAE via Iowa Environmental Mesonet archive
2023-08-18T15:18:00+00:00,2023-08-18T10:18:00-05:00,2023-08-18,10:18,Yellow,,Yellow,,Moderate,1 to 2 feet.,86.0,West winds around 10 mph.,202308181518-KTAE-FZUS52-SRFTAE,https://mesonet.agron.iastate.edu/p.php?pid=202308181518-KTAE-FZUS52-SRFTAE,NWS Tallahassee SRFTAE via Iowa Environmental Mesonet archive
2023-08-19T15:27:00+00:00,2023-08-19T10:27:00-05:00,2023-08-19,10:27,Yellow,,Yellow,,Moderate,Around 1 foot.,86.0,West winds 5 to 10 mph.,202308191527-KTAE-FZUS52-SRFTAE,https://mesonet.agron.iastate.edu/p.php?pid=202308191527-KTAE-FZUS52-SRFTAE,NWS Tallahassee SRFTAE via Iowa Environmental Mesonet archive
2023-08-20T16:31:00+00:00,2023-08-20T11:31:00-05:00,2023-08-20,11:31,Yellow,,Yellow,,Moderate,Around 1 foot.,87.0,Southeast winds around 15 mph.,202308201631-KTAE-FZUS52-SRFTAE,https://mesonet.agron.iastate.edu/p.php?pid=202308201631-KTAE-FZUS52-SRFTAE,NWS Tallahassee SRFTAE via Iowa Environmental Mesonet archive
2023-08-21T16:52:00+00:00,2023-08-21T11:52:00-05:00,2023-08-21,11:52,Yellow,,Single Red,,High,Around 4 feet.,88.0,Southeast winds around 15 mph.,202308211652-KTAE-FZUS52-SRFTAE,https://mesonet.agron.iastate.edu/p.php?pid=202308211652-KTAE-FZUS52-SRFTAE,NWS Tallahassee SRFTAE via Iowa Environmental Mesonet archive
2023-08-22T17:53:00+00:00,2023-08-22T12:53:00-05:00,2023-08-22,12:53,Yellow,,Single Red,,High,Around 2 feet.,88.0,West winds around 10 mph.,202308221753-KTAE-FZUS52-SRFTAE,https://mesonet.agron.iastate.edu/p.php?pid=202308221753-KTAE-FZUS52-SRFTAE,NWS Tallahassee SRFTAE via Iowa Environmental Mesonet archive
2023-08-23T15:48:00+00:00,2023-08-23T10:48:00-05:00,2023-08-23,10:48,Yellow,,Yellow,,Moderate,Around 2 feet.,88.0,"Northeast winds around 10 mph, becoming",202308231548-KTAE-FZUS52-SRFTAE,https://mesonet.agron.iastate.edu/p.php?pid=202308231548-KTAE-FZUS52-SRFTAE,NWS Tallahassee SRFTAE via Iowa Environmental Mesonet archive
2023-08-24T16:12:00+00:00,2023-08-24T11:12:00-05:00,2023-08-24,11:12,Yellow,,Yellow,,Moderate,Around 2 feet.,88.0,Southeast winds around 10 mph.,202308241612-KTAE-FZUS52-SRFTAE,https://mesonet.agron.iastate.edu/p.php?pid=202308241612-KTAE-FZUS52-SRFTAE,NWS Tallahassee SRFTAE via Iowa Environmental Mesonet archive
2023-08-25T16:03:00+00:00,2023-08-25T11:03:00-05:00,2023-08-25,11:03,Yellow,,Yellow,,Moderate,Around 1 foot.,88.0,"Northeast winds around 5 mph, becoming",202308251603-KTAE-FZUS52-SRFTAE,https://mesonet.agron.iastate.edu/p.php?pid=202308251603-KTAE-FZUS52-SRFTAE,NWS Tallahassee SRFTAE via Iowa Environmental Mesonet archive
2023-08-26T16:31:00+00:00,2023-08-26T11:31:00-05:00,2023-08-26,11:31,Yellow,,Single Red,,Moderate,Around 2 feet.,88.0,West winds around 10 mph.,202308261631-KTAE-FZUS52-SRFTAE,https://mesonet.agron.iastate.edu/p.php?pid=202308261631-KTAE-FZUS52-SRFTAE,NWS Tallahassee SRFTAE via Iowa Environmental Mesonet archive
2023-08-27T16:11:00+00:00,2023-08-27T11:11:00-05:00,2023-08-27,11:11,Yellow,,Yellow,,Moderate,Around 2 feet.,89.0,South winds around 10 mph.,202308271611-KTAE-FZUS52-SRFTAE,https://mesonet.agron.iastate.edu/p.php?pid=202308271611-KTAE-FZUS52-SRFTAE,NWS Tallahassee SRFTAE via Iowa Environmental Mesonet archive
2023-08-28T15:25:00+00:00,2023-08-28T10:25:00-05:00,2023-08-28,10:25,Yellow,,Yellow,,Moderate,Around 1 foot.,89.0,Southeast winds 5 to 10 mph.,202308281525-KTAE-FZUS52-SRFTAE,https://mesonet.agron.iastate.edu/p.php?pid=202308281525-KTAE-FZUS52-SRFTAE,NWS Tallahassee SRFTAE via Iowa Environmental Mesonet archive
2023-08-29T15:21:00+00:00,2023-08-29T10:21:00-05:00,2023-08-29,10:21,Single Red,,Double Red,,High,2 to 3 feet.,89.0,Southeast winds around 10 mph.,202308291521-KTAE-FZUS52-SRFTAE,https://mesonet.agron.iastate.edu/p.php?pid=202308291521-KTAE-FZUS52-SRFTAE,NWS Tallahassee SRFTAE via Iowa Environmental Mesonet archive
2023-08-30T15:43:00+00:00,2023-08-30T10:43:00-05:00,2023-08-30,10:43,Double Red,,Double Red,,High,7 to 8 feet.,88.0,Northwest winds 15 to 20 mph.,202308301543-KTAE-FZUS52-SRFTAE,https://mesonet.agron.iastate.edu/p.php?pid=202308301543-KTAE-FZUS52-SRFTAE,NWS Tallahassee SRFTAE via Iowa Environmental Mesonet archive
2023-08-31T15:35:00+00:00,2023-08-31T10:35:00-05:00,2023-08-31,10:35,Single Red,,Double Red,,High,Around 3 feet.,87.0,"East winds around 10 mph, becoming",202308311535-KTAE-FZUS52-SRFTAE,https://mesonet.agron.iastate.edu/p.php?pid=202308311535-KTAE-FZUS52-SRFTAE,NWS Tallahassee SRFTAE via Iowa Environmental Mesonet archive
2023-09-01T15:51:00+00:00,2023-09-01T10:51:00-05:00,2023-09-01,10:51,Single Red,,Single Red,,High,Around 2 feet.,87.0,Southeast winds 10 to 15 mph.,202309011551-KTAE-FZUS52-SRFTAE,https://mesonet.agron.iastate.edu/p.php?pid=202309011551-KTAE-FZUS52-SRFTAE,NWS Tallahassee SRFTAE via Iowa Environmental Mesonet archive
2023-09-02T16:00:00+00:00,2023-09-02T11:00:00-05:00,2023-09-02,11:00,Single Red,,Single Red,,High,Around 2 feet.,87.0,East winds around 15 mph.,202309021600-KTAE-FZUS52-SRFTAE,https://mesonet.agron.iastate.edu/p.php?pid=202309021600-KTAE-FZUS52-SRFTAE,NWS Tallahassee SRFTAE via Iowa Environmental Mesonet archive
2023-09-03T16:14:00+00:00,2023-09-03T11:14:00-05:00,2023-09-03,11:14,Single Red,,Single Red,,High,Around 2 feet.,85.0,Southeast winds around 15 mph.,202309031614-KTAE-FZUS52-SRFTAE,https://mesonet.agron.iastate.edu/p.php?pid=202309031614-KTAE-FZUS52-SRFTAE,NWS Tallahassee SRFTAE via Iowa Environmental Mesonet archive
2023-09-04T16:03:00+00:00,2023-09-04T11:03:00-05:00,2023-09-04,11:03,Yellow,,Yellow,,Moderate,Around 1 foot.,85.0,Southeast winds around 15 mph.,202309041603-KTAE-FZUS52-SRFTAE,https://mesonet.agron.iastate.edu/p.php?pid=202309041603-KTAE-FZUS52-SRFTAE,NWS Tallahassee SRFTAE via Iowa Environmental Mesonet archive
2023-09-05T15:31:00+00:00,2023-09-05T10:31:00-05:00,2023-09-05,10:31,Yellow,,Yellow,,Moderate,1 to 2 feet.,85.0,Southeast winds around 10 mph.,202309051531-KTAE-FZUS52-SRFTAE,https://mesonet.agron.iastate.edu/p.php?pid=202309051531-KTAE-FZUS52-SRFTAE,NWS Tallahassee SRFTAE via Iowa Environmental Mesonet archive
2023-09-06T16:19:00+00:00,2023-09-06T11:19:00-05:00,2023-09-06,11:19,Single Red,,Yellow,,High,Around 2 feet.,86.0,South winds around 10 mph.,202309061619-KTAE-FZUS52-SRFTAE,https://mesonet.agron.iastate.edu/p.php?pid=202309061619-KTAE-FZUS52-SRFTAE,NWS Tallahassee SRFTAE via Iowa Environmental Mesonet archive
2023-09-07T16:11:00+00:00,2023-09-07T11:11:00-05:00,2023-09-07,11:11,Yellow,,Yellow,,Moderate,Around 1 foot.,86.0,West winds around 10 mph.,202309071611-KTAE-FZUS52-SRFTAE,https://mesonet.agron.iastate.edu/p.php?pid=202309071611-KTAE-FZUS52-SRFTAE,NWS Tallahassee SRFTAE via Iowa Environmental Mesonet archive
2023-09-08T15:53:00+00:00,2023-09-08T10:53:00-05:00,2023-09-08,10:53,Yellow,,Yellow,,Moderate,Around 1 foot.,86.0,West winds around 10 mph.,202309081553-KTAE-FZUS52-SRFTAE,https://mesonet.agron.iastate.edu/p.php?pid=202309081553-KTAE-FZUS52-SRFTAE,NWS Tallahassee SRFTAE via Iowa Environmental Mesonet archive
2023-09-09T16:11:00+00:00,2023-09-09T11:11:00-05:00,2023-09-09,11:11,Yellow,,Yellow,,Moderate,Around 1 foot.,86.0,Southwest winds around 10 mph.,202309091611-KTAE-FZUS52-SRFTAE,https://mesonet.agron.iastate.edu/p.php?pid=202309091611-KTAE-FZUS52-SRFTAE,NWS Tallahassee SRFTAE via Iowa Environmental Mesonet archive
2023-09-10T15:57:00+00:00,2023-09-10T10:57:00-05:00,2023-09-10,10:57,Yellow,,Yellow,,Moderate,Around 1 foot.,86.0,South winds 5 to 10 mph.,202309101557-KTAE-FZUS52-SRFTAE,https://mesonet.agron.iastate.edu/p.php?pid=202309101557-KTAE-FZUS52-SRFTAE,NWS Tallahassee SRFTAE via Iowa Environmental Mesonet archive
2023-09-11T15:30:00+00:00,2023-09-11T10:30:00-05:00,2023-09-11,10:30,Yellow,,Yellow,,Moderate,Around 1 foot.,86.0,Southeast winds around 10 mph.,202309111530-KTAE-FZUS52-SRFTAE,https://mesonet.agron.iastate.edu/p.php?pid=202309111530-KTAE-FZUS52-SRFTAE,NWS Tallahassee SRFTAE via Iowa Environmental Mesonet archive
2023-09-12T16:17:00+00:00,2023-09-12T11:17:00-05:00,2023-09-12,11:17,Yellow,,Yellow,,Moderate,Around 1 foot.,87.0,South winds around 10 mph.,202309121617-KTAE-FZUS52-SRFTAE,https://mesonet.agron.iastate.edu/p.php?pid=202309121617-KTAE-FZUS52-SRFTAE,NWS Tallahassee SRFTAE via Iowa Environmental Mesonet archive
2023-09-14T17:09:00+00:00,2023-09-14T12:09:00-05:00,2023-09-14,12:09,Yellow,,Yellow,,Moderate,Around 1 foot.,87.0,West winds around 10 mph.,202309141709-KTAE-FZUS52-SRFTAE,https://mesonet.agron.iastate.edu/p.php?pid=202309141709-KTAE-FZUS52-SRFTAE,NWS Tallahassee SRFTAE via Iowa Environmental Mesonet archive
2023-09-15T17:24:00+00:00,2023-09-15T12:24:00-05:00,2023-09-15,12:24,Yellow,,Yellow,,Moderate,Around 1 foot.,86.0,West winds around 10 mph.,202309151724-KTAE-FZUS52-SRFTAE,https://mesonet.agron.iastate.edu/p.php?pid=202309151724-KTAE-FZUS52-SRFTAE,NWS Tallahassee SRFTAE via Iowa Environmental Mesonet archive
2023-09-16T15:50:00+00:00,2023-09-16T10:50:00-05:00,2023-09-16,10:50,Yellow,,Yellow,,Moderate,Around 1 foot.,86.0,Southeast winds around 5 mph.,202309161550-KTAE-FZUS52-SRFTAE,https://mesonet.agron.iastate.edu/p.php?pid=202309161550-KTAE-FZUS52-SRFTAE,NWS Tallahassee SRFTAE via Iowa Environmental Mesonet archive
2023-09-17T17:05:00+00:00,2023-09-17T12:05:00-05:00,2023-09-17,12:05,Yellow,,Yellow,,Moderate,Around 1 foot.,86.0,West winds around 10 mph.,202309171705-KTAE-FZUS52-SRFTAE,https://mesonet.agron.iastate.edu/p.php?pid=202309171705-KTAE-FZUS52-SRFTAE,NWS Tallahassee SRFTAE via Iowa Environmental Mesonet archive
2023-09-18T15:42:00+00:00,2023-09-18T10:42:00-05:00,2023-09-18,10:42,Yellow,,Yellow,,Low,Around 1 foot.,86.0,North winds 10 to 15 mph.,202309181542-KTAE-FZUS52-SRFTAE,https://mesonet.agron.iastate.edu/p.php?pid=202309181542-KTAE-FZUS52-SRFTAE,NWS Tallahassee SRFTAE via Iowa Environmental Mesonet archive
2023-09-19T15:20:00+00:00,2023-09-19T10:20:00-05:00,2023-09-19,10:20,Yellow,,Yellow,,Low,1 foot or less.,84.0,East winds around 10 mph.,202309191520-KTAE-FZUS52-SRFTAE,https://mesonet.agron.iastate.edu/p.php?pid=202309191520-KTAE-FZUS52-SRFTAE,NWS Tallahassee SRFTAE via Iowa Environmental Mesonet archive
2023-09-20T15:46:00+00:00,2023-09-20T10:46:00-05:00,2023-09-20,10:46,Yellow,,Single Red,,Moderate,1 to 2 feet.,84.0,East winds around 15 mph.,202309201546-KTAE-FZUS52-SRFTAE,https://mesonet.agron.iastate.edu/p.php?pid=202309201546-KTAE-FZUS52-SRFTAE,NWS Tallahassee SRFTAE via Iowa Environmental Mesonet archive
2023-09-21T15:22:00+00:00,2023-09-21T10:22:00-05:00,2023-09-21,10:22,Yellow,,Yellow,,Moderate,Around 1 foot.,83.0,Northeast winds 10 to 15 mph.,202309211522-KTAE-FZUS52-SRFTAE,https://mesonet.agron.iastate.edu/p.php?pid=202309211522-KTAE-FZUS52-SRFTAE,NWS Tallahassee SRFTAE via Iowa Environmental Mesonet archive
2023-09-22T15:26:00+00:00,2023-09-22T10:26:00-05:00,2023-09-22,10:26,Yellow,,Yellow,,Moderate,Around 1 foot.,83.0,Northeast winds 10 to 15 mph.,202309221526-KTAE-FZUS52-SRFTAE,https://mesonet.agron.iastate.edu/p.php?pid=202309221526-KTAE-FZUS52-SRFTAE,NWS Tallahassee SRFTAE via Iowa Environmental Mesonet archive
2023-09-23T17:06:00+00:00,2023-09-23T12:06:00-05:00,2023-09-23,12:06,Yellow,,Yellow,,Moderate,Around 1 foot.,83.0,South winds around 10 mph.,202309231706-KTAE-FZUS52-SRFTAE,https://mesonet.agron.iastate.edu/p.php?pid=202309231706-KTAE-FZUS52-SRFTAE,NWS Tallahassee SRFTAE via Iowa Environmental Mesonet archive
2023-09-24T16:36:00+00:00,2023-09-24T11:36:00-05:00,2023-09-24,11:36,Yellow,,Yellow,,Moderate,Around 1 foot.,83.0,West winds around 10 mph.,202309241636-KTAE-FZUS52-SRFTAE,https://mesonet.agron.iastate.edu/p.php?pid=202309241636-KTAE-FZUS52-SRFTAE,NWS Tallahassee SRFTAE via Iowa Environmental Mesonet archive
2023-09-25T16:10:00+00:00,2023-09-25T11:10:00-05:00,2023-09-25,11:10,Yellow,,Yellow,,Moderate,Around 1 foot.,83.0,Southeast winds around 10 mph.,202309251610-KTAE-FZUS52-SRFTAE,https://mesonet.agron.iastate.edu/p.php?pid=202309251610-KTAE-FZUS52-SRFTAE,NWS Tallahassee SRFTAE via Iowa Environmental Mesonet archive
2023-09-26T15:46:00+00:00,2023-09-26T10:46:00-05:00,2023-09-26,10:46,Yellow,,Yellow,,Moderate,Around 2 feet.,83.0,East winds around 10 mph.,202309261546-KTAE-FZUS52-SRFTAE,https://mesonet.agron.iastate.edu/p.php?pid=202309261546-KTAE-FZUS52-SRFTAE,NWS Tallahassee SRFTAE via Iowa Environmental Mesonet archive
2023-09-27T15:36:00+00:00,2023-09-27T10:36:00-05:00,2023-09-27,10:36,Yellow,,Yellow,,Moderate,Around 2 feet.,82.0,East winds around 15 mph.,202309271536-KTAE-FZUS52-SRFTAE,https://mesonet.agron.iastate.edu/p.php?pid=202309271536-KTAE-FZUS52-SRFTAE,NWS Tallahassee SRFTAE via Iowa Environmental Mesonet archive
2023-09-28T15:20:00+00:00,2023-09-28T10:20:00-05:00,2023-09-28,10:20,Yellow,,Yellow,,Moderate,Around 2 feet.,81.0,Northeast winds around 20 mph.,202309281520-KTAE-FZUS52-SRFTAE,https://mesonet.agron.iastate.edu/p.php?pid=202309281520-KTAE-FZUS52-SRFTAE,NWS Tallahassee SRFTAE via Iowa Environmental Mesonet archive
2023-09-29T15:19:00+00:00,2023-09-29T10:19:00-05:00,2023-09-29,10:19,Yellow,,Yellow,,Moderate,Around 1 foot.,81.0,Northeast winds around 15 mph.,202309291519-KTAE-FZUS52-SRFTAE,https://mesonet.agron.iastate.edu/p.php?pid=202309291519-KTAE-FZUS52-SRFTAE,NWS Tallahassee SRFTAE via Iowa Environmental Mesonet archive
2023-09-30T15:31:00+00:00,2023-09-30T10:31:00-05:00,2023-09-30,10:31,Yellow,,Yellow,,Moderate,Around 1 foot.,81.0,East winds around 15 mph.,202309301531-KTAE-FZUS52-SRFTAE,https://mesonet.agron.iastate.edu/p.php?pid=202309301531-KTAE-FZUS52-SRFTAE,NWS Tallahassee SRFTAE via Iowa Environmental Mesonet archive
2023-10-01T16:00:00+00:00,2023-10-01T11:00:00-05:00,2023-10-01,11:00,Yellow,,Yellow,,High,Around 2 feet.,80.0,East winds 15 to 20 mph.,202310011600-KTAE-FZUS52-SRFTAE,https://mesonet.agron.iastate.edu/p.php?pid=202310011600-KTAE-FZUS52-SRFTAE,NWS Tallahassee SRFTAE via Iowa Environmental Mesonet archive
2023-10-02T16:08:00+00:00,2023-10-02T11:08:00-05:00,2023-10-02,11:08,Yellow,,Yellow,,Moderate,Around 2 feet.,80.0,East winds around 15 mph.,202310021608-KTAE-FZUS52-SRFTAE,https://mesonet.agron.iastate.edu/p.php?pid=202310021608-KTAE-FZUS52-SRFTAE,NWS Tallahassee SRFTAE via Iowa Environmental Mesonet archive
2023-10-03T15:55:00+00:00,2023-10-03T10:55:00-05:00,2023-10-03,10:55,Yellow,,Yellow,,Moderate,Around 2 feet.,80.0,East winds 10 to 15 mph.,202310031555-KTAE-FZUS52-SRFTAE,https://mesonet.agron.iastate.edu/p.php?pid=202310031555-KTAE-FZUS52-SRFTAE,NWS Tallahassee SRFTAE via Iowa Environmental Mesonet archive
2023-10-04T15:56:00+00:00,2023-10-04T10:56:00-05:00,2023-10-04,10:56,Yellow,,Yellow,,Moderate,1 to 2 feet.,80.0,East winds 10 to 15 mph.,202310041556-KTAE-FZUS52-SRFTAE,https://mesonet.agron.iastate.edu/p.php?pid=202310041556-KTAE-FZUS52-SRFTAE,NWS Tallahassee SRFTAE via Iowa Environmental Mesonet archive
2023-10-05T15:55:00+00:00,2023-10-05T10:55:00-05:00,2023-10-05,10:55,Yellow,,Yellow,,Moderate,Around 2 feet.,80.0,East winds around 10 mph.,202310051555-KTAE-FZUS52-SRFTAE,https://mesonet.agron.iastate.edu/p.php?pid=202310051555-KTAE-FZUS52-SRFTAE,NWS Tallahassee SRFTAE via Iowa Environmental Mesonet archive
2023-10-06T15:44:00+00:00,2023-10-06T10:44:00-05:00,2023-10-06,10:44,Yellow,,Yellow,,Moderate,Around 1 foot.,82.0,"East winds around 10 mph, becoming",202310061544-KTAE-FZUS52-SRFTAE,https://mesonet.agron.iastate.edu/p.php?pid=202310061544-KTAE-FZUS52-SRFTAE,NWS Tallahassee SRFTAE via Iowa Environmental Mesonet archive
2023-10-07T15:43:00+00:00,2023-10-07T10:43:00-05:00,2023-10-07,10:43,Yellow,,Single Red,,Moderate,Around 1 foot.,80.0,North winds around 15 mph.,202310071543-KTAE-FZUS52-SRFTAE,https://mesonet.agron.iastate.edu/p.php?pid=202310071543-KTAE-FZUS52-SRFTAE,NWS Tallahassee SRFTAE via Iowa Environmental Mesonet archive
2023-10-08T15:39:00+00:00,2023-10-08T10:39:00-05:00,2023-10-08,10:39,Yellow,,Yellow,,Moderate,Around 1 foot.,78.0,North winds 10 to 15 mph.,202310081539-KTAE-FZUS52-SRFTAE,https://mesonet.agron.iastate.edu/p.php?pid=202310081539-KTAE-FZUS52-SRFTAE,NWS Tallahassee SRFTAE via Iowa Environmental Mesonet archive
2023-10-09T15:38:00+00:00,2023-10-09T10:38:00-05:00,2023-10-09,10:38,Yellow,,Yellow,,Moderate,1 foot or less.,78.0,"Northeast winds around 5 mph, becoming",202310091538-KTAE-FZUS52-SRFTAE,https://mesonet.agron.iastate.edu/p.php?pid=202310091538-KTAE-FZUS52-SRFTAE,NWS Tallahassee SRFTAE via Iowa Environmental Mesonet archive
2023-10-10T15:41:00+00:00,2023-10-10T10:41:00-05:00,2023-10-10,10:41,Yellow,,Yellow,,Moderate,1 foot or less.,78.0,"East winds around 5 mph, becoming south",202310101541-KTAE-FZUS52-SRFTAE,https://mesonet.agron.iastate.edu/p.php?pid=202310101541-KTAE-FZUS52-SRFTAE,NWS Tallahassee SRFTAE via Iowa Environmental Mesonet archive
2023-10-11T15:18:00+00:00,2023-10-11T10:18:00-05:00,2023-10-11,10:18,Yellow,,Single Red,,High,1 to 2 feet.,79.0,East winds 15 to 20 mph.,202310111518-KTAE-FZUS52-SRFTAE,https://mesonet.agron.iastate.edu/p.php?pid=202310111518-KTAE-FZUS52-SRFTAE,NWS Tallahassee SRFTAE via Iowa Environmental Mesonet archive
2023-10-12T15:51:00+00:00,2023-10-12T10:51:00-05:00,2023-10-12,10:51,Double Red,,Double Red,,High,Around 6 feet.,77.0,North winds 10 to 15 mph.,202310121551-KTAE-FZUS52-SRFTAE,https://mesonet.agron.iastate.edu/p.php?pid=202310121551-KTAE-FZUS52-SRFTAE,NWS Tallahassee SRFTAE via Iowa Environmental Mesonet archive
2023-10-13T15:33:00+00:00,2023-10-13T10:33:00-05:00,2023-10-13,10:33,Double Red,,Double Red,,High,3 to 4 feet.,76.0,North winds around 10 mph.,202310131533-KTAE-FZUS52-SRFTAE,https://mesonet.agron.iastate.edu/p.php?pid=202310131533-KTAE-FZUS52-SRFTAE,NWS Tallahassee SRFTAE via Iowa Environmental Mesonet archive
2023-10-14T15:17:00+00:00,2023-10-14T10:17:00-05:00,2023-10-14,10:17,Single Red,,Double Red,,High,2 to 3 feet.,77.0,Northwest winds around 15 mph.,202310141517-KTAE-FZUS52-SRFTAE,https://mesonet.agron.iastate.edu/p.php?pid=202310141517-KTAE-FZUS52-SRFTAE,NWS Tallahassee SRFTAE via Iowa Environmental Mesonet archive
2023-10-15T15:34:00+00:00,2023-10-15T10:34:00-05:00,2023-10-15,10:34,Yellow,,Double Red,,High,Around 3 feet.,75.0,Northwest winds 15 to 20 mph.,202310151534-KTAE-FZUS52-SRFTAE,https://mesonet.agron.iastate.edu/p.php?pid=202310151534-KTAE-FZUS52-SRFTAE,NWS Tallahassee SRFTAE via Iowa Environmental Mesonet archive
2023-10-16T16:15:00+00:00,2023-10-16T11:15:00-05:00,2023-10-16,11:15,Yellow,,Double Red,,Moderate,Around 3 feet.,74.0,North winds around 20 mph.,202310161615-KTAE-FZUS52-SRFTAE,https://mesonet.agron.iastate.edu/p.php?pid=202310161615-KTAE-FZUS52-SRFTAE,NWS Tallahassee SRFTAE via Iowa Environmental Mesonet archive
2023-10-17T16:22:00+00:00,2023-10-17T11:22:00-05:00,2023-10-17,11:22,Yellow,,Yellow,,Moderate,Around 1 foot.,73.0,North winds around 10 mph.,202310171622-KTAE-FZUS52-SRFTAE,https://mesonet.agron.iastate.edu/p.php?pid=202310171622-KTAE-FZUS52-SRFTAE,NWS Tallahassee SRFTAE via Iowa Environmental Mesonet archive
2023-10-18T15:30:00+00:00,2023-10-18T10:30:00-05:00,2023-10-18,10:30,Yellow,,Yellow,,Moderate,1 foot or less.,74.0,East winds around 10 mph.,202310181530-KTAE-FZUS52-SRFTAE,https://mesonet.agron.iastate.edu/p.php?pid=202310181530-KTAE-FZUS52-SRFTAE,NWS Tallahassee SRFTAE via Iowa Environmental Mesonet archive
2023-10-19T16:07:00+00:00,2023-10-19T11:07:00-05:00,2023-10-19,11:07,Yellow,,Yellow,,Moderate,Around 1 foot.,74.0,Southeast winds 10 to 15 mph.,202310191607-KTAE-FZUS52-SRFTAE,https://mesonet.agron.iastate.edu/p.php?pid=202310191607-KTAE-FZUS52-SRFTAE,NWS Tallahassee SRFTAE via Iowa Environmental Mesonet archive
2023-10-20T16:24:00+00:00,2023-10-20T11:24:00-05:00,2023-10-20,11:24,Double Red,,Double Red,,High,Around 4 feet.,74.0,West winds around 20 mph.,202310201624-KTAE-FZUS52-SRFTAE,https://mesonet.agron.iastate.edu/p.php?pid=202310201624-KTAE-FZUS52-SRFTAE,NWS Tallahassee SRFTAE via Iowa Environmental Mesonet archive
2023-10-21T15:41:00+00:00,2023-10-21T10:41:00-05:00,2023-10-21,10:41,Single Red,,Single Red,,High,Around 2 feet.,74.0,Northeast winds 5 to 10 mph.,202310211541-KTAE-FZUS52-SRFTAE,https://mesonet.agron.iastate.edu/p.php?pid=202310211541-KTAE-FZUS52-SRFTAE,NWS Tallahassee SRFTAE via Iowa Environmental Mesonet archive
2023-10-22T16:08:00+00:00,2023-10-22T11:08:00-05:00,2023-10-22,11:08,Single Red,,Single Red,,High,Around 1 foot.,76.0,West winds 5 to 10 mph.,202310221608-KTAE-FZUS52-SRFTAE,https://mesonet.agron.iastate.edu/p.php?pid=202310221608-KTAE-FZUS52-SRFTAE,NWS Tallahassee SRFTAE via Iowa Environmental Mesonet archive
2023-10-23T15:38:00+00:00,2023-10-23T10:38:00-05:00,2023-10-23,10:38,Yellow,,Yellow,,Moderate,Around 1 foot.,76.0,East winds around 10 mph.,202310231538-KTAE-FZUS52-SRFTAE,https://mesonet.agron.iastate.edu/p.php?pid=202310231538-KTAE-FZUS52-SRFTAE,NWS Tallahassee SRFTAE via Iowa Environmental Mesonet archive
2023-10-24T17:16:00+00:00,2023-10-24T12:16:00-05:00,2023-10-24,12:16,Single Red,,Yellow,,High,Around 2 feet.,75.0,Southeast winds around 15 mph.,202310241716-KTAE-FZUS52-SRFTAE,https://mesonet.agron.iastate.edu/p.php?pid=202310241716-KTAE-FZUS52-SRFTAE,NWS Tallahassee SRFTAE via Iowa Environmental Mesonet archive
2023-10-25T16:09:00+00:00,2023-10-25T11:09:00-05:00,2023-10-25,11:09,Single Red,,Yellow,,High,Around 3 feet.,74.0,Southeast winds around 15 mph.,202310251609-KTAE-FZUS52-SRFTAE,https://mesonet.agron.iastate.edu/p.php?pid=202310251609-KTAE-FZUS52-SRFTAE,NWS Tallahassee SRFTAE via Iowa Environmental Mesonet archive
2023-10-26T15:19:00+00:00,2023-10-26T10:19:00-05:00,2023-10-26,10:19,Single Red,,Single Red,,High,Around 3 feet.,74.0,Southeast winds around 15 mph.,202310261519-KTAE-FZUS52-SRFTAE,https://mesonet.agron.iastate.edu/p.php?pid=202310261519-KTAE-FZUS52-SRFTAE,NWS Tallahassee SRFTAE via Iowa Environmental Mesonet archive
2023-10-27T15:28:00+00:00,2023-10-27T10:28:00-05:00,2023-10-27,10:28,Single Red,,Yellow,,High,Around 3 feet.,75.0,Southeast winds 10 to 15 mph.,202310271528-KTAE-FZUS52-SRFTAE,https://mesonet.agron.iastate.edu/p.php?pid=202310271528-KTAE-FZUS52-SRFTAE,NWS Tallahassee SRFTAE via Iowa Environmental Mesonet archive
2023-10-28T15:43:00+00:00,2023-10-28T10:43:00-05:00,2023-10-28,10:43,Single Red,,Single Red,,High,Around 2 feet.,75.0,Southeast winds around 10 mph.,202310281543-KTAE-FZUS52-SRFTAE,https://mesonet.agron.iastate.edu/p.php?pid=202310281543-KTAE-FZUS52-SRFTAE,NWS Tallahassee SRFTAE via Iowa Environmental Mesonet archive
2023-10-29T15:38:00+00:00,2023-10-29T10:38:00-05:00,2023-10-29,10:38,Single Red,,Yellow,,High,Around 2 feet.,75.0,Southeast winds 10 to 15 mph.,202310291538-KTAE-FZUS52-SRFTAE,https://mesonet.agron.iastate.edu/p.php?pid=202310291538-KTAE-FZUS52-SRFTAE,NWS Tallahassee SRFTAE via Iowa Environmental Mesonet archive
2023-10-30T15:30:00+00:00,2023-10-30T10:30:00-05:00,2023-10-30,10:30,Yellow,,Yellow,,Moderate,Around 2 feet.,76.0,"Northeast winds around 10 mph, becoming",202310301530-KTAE-FZUS52-SRFTAE,https://mesonet.agron.iastate.edu/p.php?pid=202310301530-KTAE-FZUS52-SRFTAE,NWS Tallahassee SRFTAE via Iowa Environmental Mesonet archive
2023-10-31T15:38:00+00:00,2023-10-31T10:38:00-05:00,2023-10-31,10:38,Yellow,,Double Red,,Moderate,Around 2 feet.,75.0,North winds around 15 mph.,202310311538-KTAE-FZUS52-SRFTAE,https://mesonet.agron.iastate.edu/p.php?pid=202310311538-KTAE-FZUS52-SRFTAE,NWS Tallahassee SRFTAE via Iowa Environmental Mesonet archive
2023-11-01T15:29:00+00:00,2023-11-01T10:29:00-05:00,2023-11-01,10:29,Yellow,,Double Red,,Moderate,Around 2 feet.,72.0,Breezy. North winds 20 to 25 mph.,202311011529-KTAE-FZUS52-SRFTAE,https://mesonet.agron.iastate.edu/p.php?pid=202311011529-KTAE-FZUS52-SRFTAE,NWS Tallahassee SRFTAE via Iowa Environmental Mesonet archive
2023-11-02T15:54:00+00:00,2023-11-02T10:54:00-05:00,2023-11-02,10:54,Yellow,,Single Red,,Moderate,Around 1 foot.,71.0,Northeast winds around 15 mph.,202311021554-KTAE-FZUS52-SRFTAE,https://mesonet.agron.iastate.edu/p.php?pid=202311021554-KTAE-FZUS52-SRFTAE,NWS Tallahassee SRFTAE via Iowa Environmental Mesonet archive
2023-11-03T15:32:00+00:00,2023-11-03T10:32:00-05:00,2023-11-03,10:32,Yellow,,Yellow,,Moderate,Around 2 feet.,71.0,Northeast winds around 15 mph.,202311031532-KTAE-FZUS52-SRFTAE,https://mesonet.agron.iastate.edu/p.php?pid=202311031532-KTAE-FZUS52-SRFTAE,NWS Tallahassee SRFTAE via Iowa Environmental Mesonet archive
2023-11-04T15:26:00+00:00,2023-11-04T10:26:00-05:00,2023-11-04,10:26,Yellow,,Yellow,,Moderate,Around 2 feet.,71.0,Northeast winds around 15 mph.,202311041526-KTAE-FZUS52-SRFTAE,https://mesonet.agron.iastate.edu/p.php?pid=202311041526-KTAE-FZUS52-SRFTAE,NWS Tallahassee SRFTAE via Iowa Environmental Mesonet archive
2023-11-05T16:50:00+00:00,2023-11-05T10:50:00-06:00,2023-11-05,10:50,Yellow,,Yellow,,Moderate,Around 1 foot.,71.0,North winds around 10 mph.,202311051650-KTAE-FZUS52-SRFTAE,https://mesonet.agron.iastate.edu/p.php?pid=202311051650-KTAE-FZUS52-SRFTAE,NWS Tallahassee SRFTAE via Iowa Environmental Mesonet archive
2023-11-06T17:02:00+00:00,2023-11-06T11:02:00-06:00,2023-11-06,11:02,Yellow,,Yellow,,Moderate,Around 1 foot.,71.0,"Northeast winds around 5 mph, becoming",202311061702-KTAE-FZUS52-SRFTAE,https://mesonet.agron.iastate.edu/p.php?pid=202311061702-KTAE-FZUS52-SRFTAE,NWS Tallahassee SRFTAE via Iowa Environmental Mesonet archive
2023-11-07T17:31:00+00:00,2023-11-07T11:31:00-06:00,2023-11-07,11:31,Yellow,,Yellow,,Moderate,Around 1 foot.,71.0,Southwest winds around 10 mph.,202311071731-KTAE-FZUS52-SRFTAE,https://mesonet.agron.iastate.edu/p.php?pid=202311071731-KTAE-FZUS52-SRFTAE,NWS Tallahassee SRFTAE via Iowa Environmental Mesonet archive
2023-11-08T18:08:00+00:00,2023-11-08T12:08:00-06:00,2023-11-08,12:08,Yellow,,Yellow,,Moderate,Around 1 foot.,72.0,South winds around 10 mph.,202311081808-KTAE-FZUS52-SRFTAE,https://mesonet.agron.iastate.edu/p.php?pid=202311081808-KTAE-FZUS52-SRFTAE,NWS Tallahassee SRFTAE via Iowa Environmental Mesonet archive
2023-11-09T17:04:00+00:00,2023-11-09T11:04:00-06:00,2023-11-09,11:04,Yellow,,Yellow,,Moderate,Around 1 foot.,72.0,Southeast winds around 10 mph.,202311091704-KTAE-FZUS52-SRFTAE,https://mesonet.agron.iastate.edu/p.php?pid=202311091704-KTAE-FZUS52-SRFTAE,NWS Tallahassee SRFTAE via Iowa Environmental Mesonet archive
2023-11-10T16:44:00+00:00,2023-11-10T10:44:00-06:00,2023-11-10,10:44,Yellow,,Yellow,,Moderate,Around 1 foot.,73.0,Southeast winds around 10 mph.,202311101644-KTAE-FZUS52-SRFTAE,https://mesonet.agron.iastate.edu/p.php?pid=202311101644-KTAE-FZUS52-SRFTAE,NWS Tallahassee SRFTAE via Iowa Environmental Mesonet archive
2023-11-11T16:51:00+00:00,2023-11-11T10:51:00-06:00,2023-11-11,10:51,Yellow,,Yellow,,Moderate,Around 1 foot.,78.0,Northeast winds around 10 mph.,202311111651-KTAE-FZUS52-SRFTAE,https://mesonet.agron.iastate.edu/p.php?pid=202311111651-KTAE-FZUS52-SRFTAE,NWS Tallahassee SRFTAE via Iowa Environmental Mesonet archive
2023-11-12T16:47:00+00:00,2023-11-12T10:47:00-06:00,2023-11-12,10:47,Yellow,,Yellow,,Moderate,Around 2 feet.,71.0,Northeast winds around 15 mph.,202311121647-KTAE-FZUS52-SRFTAE,https://mesonet.agron.iastate.edu/p.php?pid=202311121647-KTAE-FZUS52-SRFTAE,NWS Tallahassee SRFTAE via Iowa Environmental Mesonet archive
2023-11-13T16:49:00+00:00,2023-11-13T10:49:00-06:00,2023-11-13,10:49,Yellow,,Yellow,,Moderate,Around 1 foot.,70.0,Northeast winds around 15 mph.,202311131649-KTAE-FZUS52-SRFTAE,https://mesonet.agron.iastate.edu/p.php?pid=202311131649-KTAE-FZUS52-SRFTAE,NWS Tallahassee SRFTAE via Iowa Environmental Mesonet archive
2023-11-14T17:36:00+00:00,2023-11-14T11:36:00-06:00,2023-11-14,11:36,Yellow,,Yellow,,Moderate,Around 2 feet.,69.0,Breezy. Northeast winds around 25 mph.,202311141736-KTAE-FZUS52-SRFTAE,https://mesonet.agron.iastate.edu/p.php?pid=202311141736-KTAE-FZUS52-SRFTAE,NWS Tallahassee SRFTAE via Iowa Environmental Mesonet archive
2023-11-15T17:20:00+00:00,2023-11-15T11:20:00-06:00,2023-11-15,11:20,Single Red,,Single Red,,High,Around 7 feet.,68.0,Windy. East winds around 30 mph.,202311151720-KTAE-FZUS52-SRFTAE,https://mesonet.agron.iastate.edu/p.php?pid=202311151720-KTAE-FZUS52-SRFTAE,NWS Tallahassee SRFTAE via Iowa Environmental Mesonet archive
2023-11-16T18:49:00+00:00,2023-11-16T12:49:00-06:00,2023-11-16,12:49,Single Red,,Double Red,,High,Around 4 feet.,69.0,Northeast winds around 20 mph.,202311161849-KTAE-FZUS52-SRFTAE,https://mesonet.agron.iastate.edu/p.php?pid=202311161849-KTAE-FZUS52-SRFTAE,NWS Tallahassee SRFTAE via Iowa Environmental Mesonet archive
2023-11-17T16:27:00+00:00,2023-11-17T10:27:00-06:00,2023-11-17,10:27,Single Red,,Single Red,,High,Around 1 foot.,69.0,"Northeast winds around 10 mph, becoming",202311171627-KTAE-FZUS52-SRFTAE,https://mesonet.agron.iastate.edu/p.php?pid=202311171627-KTAE-FZUS52-SRFTAE,NWS Tallahassee SRFTAE via Iowa Environmental Mesonet archive
2023-11-18T16:31:00+00:00,2023-11-18T10:31:00-06:00,2023-11-18,10:31,Yellow,,Yellow,,Moderate,Around 1 foot.,69.0,Northwest winds around 15 mph.,202311181631-KTAE-FZUS52-SRFTAE,https://mesonet.agron.iastate.edu/p.php?pid=202311181631-KTAE-FZUS52-SRFTAE,NWS Tallahassee SRFTAE via Iowa Environmental Mesonet archive
2023-11-19T16:22:00+00:00,2023-11-19T10:22:00-06:00,2023-11-19,10:22,Yellow,,Yellow,,Moderate,Around 1 foot.,68.0,"North winds around 5 mph, becoming west",202311191622-KTAE-FZUS52-SRFTAE,https://mesonet.agron.iastate.edu/p.php?pid=202311191622-KTAE-FZUS52-SRFTAE,NWS Tallahassee SRFTAE via Iowa Environmental Mesonet archive
2023-11-20T16:34:00+00:00,2023-11-20T10:34:00-06:00,2023-11-20,10:34,Single Red,,Yellow,,High,Around 2 foot.,69.0,Southeast winds around 15 mph.,202311201634-KTAE-FZUS52-SRFTAE,https://mesonet.agron.iastate.edu/p.php?pid=202311201634-KTAE-FZUS52-SRFTAE,NWS Tallahassee SRFTAE via Iowa Environmental Mesonet archive
2023-11-21T16:21:00+00:00,2023-11-21T10:21:00-06:00,2023-11-21,10:21,Double Red,,Single Red,,High,Around 5 feet.,69.0,South winds around 15 mph.,202311211621-KTAE-FZUS52-SRFTAE,https://mesonet.agron.iastate.edu/p.php?pid=202311211621-KTAE-FZUS52-SRFTAE,NWS Tallahassee SRFTAE via Iowa Environmental Mesonet archive
2023-11-22T16:22:00+00:00,2023-11-22T10:22:00-06:00,2023-11-22,10:22,Single Red,,Double Red,,High,Around 4 feet.,69.0,Northwest winds around 20 mph.,202311221622-KTAE-FZUS52-SRFTAE,https://mesonet.agron.iastate.edu/p.php?pid=202311221622-KTAE-FZUS52-SRFTAE,NWS Tallahassee SRFTAE via Iowa Environmental Mesonet archive
2023-11-23T16:37:00+00:00,2023-11-23T10:37:00-06:00,2023-11-23,10:37,Yellow,,Single Red,,Moderate,Around 2 feet.,68.0,North winds around 10 mph.,202311231637-KTAE-FZUS52-SRFTAE,https://mesonet.agron.iastate.edu/p.php?pid=202311231637-KTAE-FZUS52-SRFTAE,NWS Tallahassee SRFTAE via Iowa Environmental Mesonet archive
2023-11-24T17:40:00+00:00,2023-11-24T11:40:00-06:00,2023-11-24,11:40,Yellow,,Yellow,,Moderate,Around 1 foot.,68.0,North winds around 10 mph.,202311241740-KTAE-FZUS52-SRFTAE,https://mesonet.agron.iastate.edu/p.php?pid=202311241740-KTAE-FZUS52-SRFTAE,NWS Tallahassee SRFTAE via Iowa Environmental Mesonet archive
2023-11-25T16:33:00+00:00,2023-11-25T10:33:00-06:00,2023-11-25,10:33,Yellow,,Yellow,,Moderate,Around 1 foot.,67.0,East winds around 10 mph.,202311251633-KTAE-FZUS52-SRFTAE,https://mesonet.agron.iastate.edu/p.php?pid=202311251633-KTAE-FZUS52-SRFTAE,NWS Tallahassee SRFTAE via Iowa Environmental Mesonet archive
2023-11-26T16:26:00+00:00,2023-11-26T10:26:00-06:00,2023-11-26,10:26,Yellow,,Single Red,,High,Around 3 feet.,68.0,Northeast winds around 15 mph.,202311261626-KTAE-FZUS52-SRFTAE,https://mesonet.agron.iastate.edu/p.php?pid=202311261626-KTAE-FZUS52-SRFTAE,NWS Tallahassee SRFTAE via Iowa Environmental Mesonet archive
2023-11-27T17:19:00+00:00,2023-11-27T11:19:00-06:00,2023-11-27,11:19,Yellow,,Double Red,,Moderate,Around 2 feet.,66.0,North winds around 15 mph.,202311271719-KTAE-FZUS52-SRFTAE,https://mesonet.agron.iastate.edu/p.php?pid=202311271719-KTAE-FZUS52-SRFTAE,NWS Tallahassee SRFTAE via Iowa Environmental Mesonet archive
2023-11-28T17:05:00+00:00,2023-11-28T11:05:00-06:00,2023-11-28,11:05,Yellow,,Double Red,,Moderate,Around 2 feet.,66.0,North winds 15 to 20 mph.,202311281705-KTAE-FZUS52-SRFTAE,https://mesonet.agron.iastate.edu/p.php?pid=202311281705-KTAE-FZUS52-SRFTAE,NWS Tallahassee SRFTAE via Iowa Environmental Mesonet archive
2023-11-29T16:55:00+00:00,2023-11-29T10:55:00-06:00,2023-11-29,10:55,Yellow,,Yellow,,Moderate,Around 1 foot.,65.0,North winds around 10 mph.,202311291655-KTAE-FZUS52-SRFTAE,https://mesonet.agron.iastate.edu/p.php?pid=202311291655-KTAE-FZUS52-SRFTAE,NWS Tallahassee SRFTAE via Iowa Environmental Mesonet archive
2023-11-30T16:37:00+00:00,2023-11-30T10:37:00-06:00,2023-11-30,10:37,Yellow,,Yellow,,Moderate,Around 1 foot.,64.0,East winds around 15 mph.,202311301637-KTAE-FZUS52-SRFTAE,https://mesonet.agron.iastate.edu/p.php?pid=202311301637-KTAE-FZUS52-SRFTAE,NWS Tallahassee SRFTAE via Iowa Environmental Mesonet archive
2023-12-01T16:38:00+00:00,2023-12-01T10:38:00-06:00,2023-12-01,10:38,Double Red,,Single Red,,High,Around 4 feet.,64.0,South winds around 15 mph.,202312011638-KTAE-FZUS52-SRFTAE,https://mesonet.agron.iastate.edu/p.php?pid=202312011638-KTAE-FZUS52-SRFTAE,NWS Tallahassee SRFTAE via Iowa Environmental Mesonet archive
2023-12-02T16:53:00+00:00,2023-12-02T10:53:00-06:00,2023-12-02,10:53,Double Red,,Single Red,,High,Around 4 feet.,65.0,Breezy. Southeast winds around 25 mph.,202312021653-KTAE-FZUS52-SRFTAE,https://mesonet.agron.iastate.edu/p.php?pid=202312021653-KTAE-FZUS52-SRFTAE,NWS Tallahassee SRFTAE via Iowa Environmental Mesonet archive
2023-12-04T16:56:00+00:00,2023-12-04T10:56:00-06:00,2023-12-04,10:56,Single Red,,Single Red,,High,Around 3 feet.,65.0,West winds around 15 mph.,202312041656-KTAE-FZUS52-SRFTAE,https://mesonet.agron.iastate.edu/p.php?pid=202312041656-KTAE-FZUS52-SRFTAE,NWS Tallahassee SRFTAE via Iowa Environmental Mesonet archive
2023-12-05T16:59:00+00:00,2023-12-05T10:59:00-06:00,2023-12-05,10:59,Yellow,,Single Red,,Moderate,Around 2 feet.,66.0,Northwest winds 10 to 15 mph.,202312051659-KTAE-FZUS52-SRFTAE,https://mesonet.agron.iastate.edu/p.php?pid=202312051659-KTAE-FZUS52-SRFTAE,NWS Tallahassee SRFTAE via Iowa Environmental Mesonet archive
2023-12-06T17:37:00+00:00,2023-12-06T11:37:00-06:00,2023-12-06,11:37,Yellow,,Single Red,,Moderate,Around 3 feet.,64.0,North winds around 15 mph.,202312061737-KTAE-FZUS52-SRFTAE,https://mesonet.agron.iastate.edu/p.php?pid=202312061737-KTAE-FZUS52-SRFTAE,NWS Tallahassee SRFTAE via Iowa Environmental Mesonet archive
2023-12-07T16:17:00+00:00,2023-12-07T10:17:00-06:00,2023-12-07,10:17,Yellow,,Yellow,,Moderate,Around 1 foot.,64.0,East winds 5 to 10 mph.,202312071617-KTAE-FZUS52-SRFTAE,https://mesonet.agron.iastate.edu/p.php?pid=202312071617-KTAE-FZUS52-SRFTAE,NWS Tallahassee SRFTAE via Iowa Environmental Mesonet archive
2023-12-08T17:01:00+00:00,2023-12-08T11:01:00-06:00,2023-12-08,11:01,Single Red,,Yellow,,High,Around 2 feet.,62.0,East winds around 15 mph.,202312081701-KTAE-FZUS52-SRFTAE,https://mesonet.agron.iastate.edu/p.php?pid=202312081701-KTAE-FZUS52-SRFTAE,NWS Tallahassee SRFTAE via Iowa Environmental Mesonet archive
2023-12-09T16:18:00+00:00,2023-12-09T10:18:00-06:00,2023-12-09,10:18,Single Red,,Single Red,,High,Around 3 feet.,64.0,Southeast winds around 15 mph.,202312091618-KTAE-FZUS52-SRFTAE,https://mesonet.agron.iastate.edu/p.php?pid=202312091618-KTAE-FZUS52-SRFTAE,NWS Tallahassee SRFTAE via Iowa Environmental Mesonet archive
2023-12-10T16:54:00+00:00,2023-12-10T10:54:00-06:00,2023-12-10,10:54,Single Red,,Single Red,,High,Around 4 feet.,65.0,"Breezy. Southwest winds around 15 mph,",202312101654-KTAE-FZUS52-SRFTAE,https://mesonet.agron.iastate.edu/p.php?pid=202312101654-KTAE-FZUS52-SRFTAE,NWS Tallahassee SRFTAE via Iowa Environmental Mesonet archive
2023-12-11T16:45:00+00:00,2023-12-11T10:45:00-06:00,2023-12-11,10:45,Single Red,,Double Red,,High,Around 2 feet.,62.0,North winds 10 to 15 mph.,202312111645-KTAE-FZUS52-SRFTAE,https://mesonet.agron.iastate.edu/p.php?pid=202312111645-KTAE-FZUS52-SRFTAE,NWS Tallahassee SRFTAE via Iowa Environmental Mesonet archive
2023-12-12T16:37:00+00:00,2023-12-12T10:37:00-06:00,2023-12-12,10:37,Yellow,,Yellow,,Moderate,Around 1 foot.,62.0,Northeast winds around 15 mph.,202312121637-KTAE-FZUS52-SRFTAE,https://mesonet.agron.iastate.edu/p.php?pid=202312121637-KTAE-FZUS52-SRFTAE,NWS Tallahassee SRFTAE via Iowa Environmental Mesonet archive
2023-12-13T18:12:00+00:00,2023-12-13T12:12:00-06:00,2023-12-13,12:12,Yellow,,Yellow,,Moderate,Around 2 feet.,62.0,Northeast winds around 20 mph.,202312131812-KTAE-FZUS52-SRFTAE,https://mesonet.agron.iastate.edu/p.php?pid=202312131812-KTAE-FZUS52-SRFTAE,NWS Tallahassee SRFTAE via Iowa Environmental Mesonet archive
2023-12-14T16:42:00+00:00,2023-12-14T10:42:00-06:00,2023-12-14,10:42,Yellow,,Yellow,,Moderate,Around 2 feet.,61.0,Breezy. Northeast winds 20 to 25 mph.,202312141642-KTAE-FZUS52-SRFTAE,https://mesonet.agron.iastate.edu/p.php?pid=202312141642-KTAE-FZUS52-SRFTAE,NWS Tallahassee SRFTAE via Iowa Environmental Mesonet archive
2023-12-15T16:26:00+00:00,2023-12-15T10:26:00-06:00,2023-12-15,10:26,Yellow,,Single Red,,High,Around 3 feet.,60.0,East winds around 20 mph.,202312151626-KTAE-FZUS52-SRFTAE,https://mesonet.agron.iastate.edu/p.php?pid=202312151626-KTAE-FZUS52-SRFTAE,NWS Tallahassee SRFTAE via Iowa Environmental Mesonet archive
2023-12-16T16:57:00+00:00,2023-12-16T10:57:00-06:00,2023-12-16,10:57,Single Red,,Single Red,,High,Around 3 feet.,60.0,East winds around 20 mph.,202312161657-KTAE-FZUS52-SRFTAE,https://mesonet.agron.iastate.edu/p.php?pid=202312161657-KTAE-FZUS52-SRFTAE,NWS Tallahassee SRFTAE via Iowa Environmental Mesonet archive
2023-12-18T16:35:00+00:00,2023-12-18T10:35:00-06:00,2023-12-18,10:35,Single Red,,Single Red,,High,Around 4 feet.,60.0,Northwest winds 15 to 20 mph.,202312181635-KTAE-FZUS52-SRFTAE,https://mesonet.agron.iastate.edu/p.php?pid=202312181635-KTAE-FZUS52-SRFTAE,NWS Tallahassee SRFTAE via Iowa Environmental Mesonet archive
2023-12-19T18:21:00+00:00,2023-12-19T12:21:00-06:00,2023-12-19,12:21,Yellow,,Single Red,,Moderate,Around 1 foot.,59.0,Northeast winds around 15 mph.,202312191821-KTAE-FZUS52-SRFTAE,https://mesonet.agron.iastate.edu/p.php?pid=202312191821-KTAE-FZUS52-SRFTAE,NWS Tallahassee SRFTAE via Iowa Environmental Mesonet archive
2023-12-20T16:49:00+00:00,2023-12-20T10:49:00-06:00,2023-12-20,10:49,Yellow,,Single Red,,Moderate,Around 1 foot.,59.0,East winds around 15 mph.,202312201649-KTAE-FZUS52-SRFTAE,https://mesonet.agron.iastate.edu/p.php?pid=202312201649-KTAE-FZUS52-SRFTAE,NWS Tallahassee SRFTAE via Iowa Environmental Mesonet archive
2023-12-22T16:57:00+00:00,2023-12-22T10:57:00-06:00,2023-12-22,10:57,Yellow,,Yellow,,Moderate,Around 1 foot.,58.0,East winds around 10 mph.,202312221657-KTAE-FZUS52-SRFTAE,https://mesonet.agron.iastate.edu/p.php?pid=202312221657-KTAE-FZUS52-SRFTAE,NWS Tallahassee SRFTAE via Iowa Environmental Mesonet archive
2023-12-23T16:47:00+00:00,2023-12-23T10:47:00-06:00,2023-12-23,10:47,Yellow,,Yellow,,Moderate,Around 2 feet.,59.0,East winds around 10 mph.,202312231647-KTAE-FZUS52-SRFTAE,https://mesonet.agron.iastate.edu/p.php?pid=202312231647-KTAE-FZUS52-SRFTAE,NWS Tallahassee SRFTAE via Iowa Environmental Mesonet archive
2023-12-24T16:58:00+00:00,2023-12-24T10:58:00-06:00,2023-12-24,10:58,Single Red,,Yellow,,High,Around 3 feet.,60.0,East winds around 15 mph.,202312241658-KTAE-FZUS52-SRFTAE,https://mesonet.agron.iastate.edu/p.php?pid=202312241658-KTAE-FZUS52-SRFTAE,NWS Tallahassee SRFTAE via Iowa Environmental Mesonet archive
2023-12-25T16:35:00+00:00,2023-12-25T10:35:00-06:00,2023-12-25,10:35,Double Red,,Double Red,,High,Around 7 feet.,60.0,"Southeast winds around 20 mph, becoming",202312251635-KTAE-FZUS52-SRFTAE,https://mesonet.agron.iastate.edu/p.php?pid=202312251635-KTAE-FZUS52-SRFTAE,NWS Tallahassee SRFTAE via Iowa Environmental Mesonet archive
2023-12-26T16:46:00+00:00,2023-12-26T10:46:00-06:00,2023-12-26,10:46,Single Red,,Double Red,,High,Around 3 feet.,60.0,Northwest winds 10 to 15 mph.,202312261646-KTAE-FZUS52-SRFTAE,https://mesonet.agron.iastate.edu/p.php?pid=202312261646-KTAE-FZUS52-SRFTAE,NWS Tallahassee SRFTAE via Iowa Environmental Mesonet archive
2023-12-27T16:51:00+00:00,2023-12-27T10:51:00-06:00,2023-12-27,10:51,Yellow,,Single Red,,Moderate,Around 2 feet.,60.0,Northwest winds 5 to 10 mph.,202312271651-KTAE-FZUS52-SRFTAE,https://mesonet.agron.iastate.edu/p.php?pid=202312271651-KTAE-FZUS52-SRFTAE,NWS Tallahassee SRFTAE via Iowa Environmental Mesonet archive
2023-12-28T16:17:00+00:00,2023-12-28T10:17:00-06:00,2023-12-28,10:17,Yellow,,Single Red,,High,Around 2 feet.,60.0,Northwest winds 10 to 15 mph.,202312281617-KTAE-FZUS52-SRFTAE,https://mesonet.agron.iastate.edu/p.php?pid=202312281617-KTAE-FZUS52-SRFTAE,NWS Tallahassee SRFTAE via Iowa Environmental Mesonet archive
2023-12-29T16:20:00+00:00,2023-12-29T10:20:00-06:00,2023-12-29,10:20,Double Red,,Single Red,,High,Around 4 feet.,58.0,Northwest winds around 20 mph.,202312291620-KTAE-FZUS52-SRFTAE,https://mesonet.agron.iastate.edu/p.php?pid=202312291620-KTAE-FZUS52-SRFTAE,NWS Tallahassee SRFTAE via Iowa Environmental Mesonet archive
2023-12-30T17:42:00+00:00,2023-12-30T11:42:00-06:00,2023-12-30,11:42,Double Red,,Double Red,,High,Around 4 feet.,58.0,West winds around 15 mph.,202312301742-KTAE-FZUS52-SRFTAE,https://mesonet.agron.iastate.edu/p.php?pid=202312301742-KTAE-FZUS52-SRFTAE,NWS Tallahassee SRFTAE via Iowa Environmental Mesonet archive
2023-12-31T16:44:00+00:00,2023-12-31T10:44:00-06:00,2023-12-31,10:44,Single Red,,Single Red,,High,Around 2 feet.,56.0,Southeast winds 5 to 10 mph.,202312311644-KTAE-FZUS52-SRFTAE,https://mesonet.agron.iastate.edu/p.php?pid=202312311644-KTAE-FZUS52-SRFTAE,NWS Tallahassee SRFTAE via Iowa Environmental Mesonet archive
2024-01-01T17:19:00+00:00,2024-01-01T11:19:00-06:00,2024-01-01,11:19,Single Red,,Single Red,,High,Around 3 feet.,59.0,West winds around 15 mph.,202401011719-KTAE-FZUS52-SRFTAE,https://mesonet.agron.iastate.edu/p.php?pid=202401011719-KTAE-FZUS52-SRFTAE,NWS Tallahassee SRFTAE via Iowa Environmental Mesonet archive
2024-01-02T16:33:00+00:00,2024-01-02T10:33:00-06:00,2024-01-02,10:33,Yellow,,Yellow,,Moderate,Around 1 foot.,58.0,Northeast winds 10 to 15 mph.,202401021633-KTAE-FZUS52-SRFTAE,https://mesonet.agron.iastate.edu/p.php?pid=202401021633-KTAE-FZUS52-SRFTAE,NWS Tallahassee SRFTAE via Iowa Environmental Mesonet archive
2024-01-03T16:36:00+00:00,2024-01-03T10:36:00-06:00,2024-01-03,10:36,Yellow,,Yellow,,Moderate,Around 1 foot.,58.0,East winds 15 to 20 mph.,202401031636-KTAE-FZUS52-SRFTAE,https://mesonet.agron.iastate.edu/p.php?pid=202401031636-KTAE-FZUS52-SRFTAE,NWS Tallahassee SRFTAE via Iowa Environmental Mesonet archive
2024-01-04T16:24:00+00:00,2024-01-04T10:24:00-06:00,2024-01-04,10:24,Yellow,,Single Red,,High,Around 3 feet.,58.0,North winds 10 to 15 mph.,202401041624-KTAE-FZUS52-SRFTAE,https://mesonet.agron.iastate.edu/p.php?pid=202401041624-KTAE-FZUS52-SRFTAE,NWS Tallahassee SRFTAE via Iowa Environmental Mesonet archive
2024-01-05T16:46:00+00:00,2024-01-05T10:46:00-06:00,2024-01-05,10:46,Single Red,,Single Red,,High,Around 3 feet.,58.0,East winds around 20 mph.,202401051646-KTAE-FZUS52-SRFTAE,https://mesonet.agron.iastate.edu/p.php?pid=202401051646-KTAE-FZUS52-SRFTAE,NWS Tallahassee SRFTAE via Iowa Environmental Mesonet archive
2024-01-06T16:06:00+00:00,2024-01-06T10:06:00-06:00,2024-01-06,10:06,Double Red,,Double Red,,High,Around 6 feet.,59.0,Northwest winds around 15 mph.,202401061606-KTAE-FZUS52-SRFTAE,https://mesonet.agron.iastate.edu/p.php?pid=202401061606-KTAE-FZUS52-SRFTAE,NWS Tallahassee SRFTAE via Iowa Environmental Mesonet archive
2024-01-07T20:24:00+00:00,2024-01-07T14:24:00-06:00,2024-01-07,14:24,Double Red,,Double Red,,High,Around 3 feet.,60.0,Northwest winds around 10 mph.,202401072024-KTAE-FZUS52-SRFTAE,https://mesonet.agron.iastate.edu/p.php?pid=202401072024-KTAE-FZUS52-SRFTAE,NWS Tallahassee SRFTAE via Iowa Environmental Mesonet archive
2024-01-08T17:31:00+00:00,2024-01-08T11:31:00-06:00,2024-01-08,11:31,Double Red,,Double Red,,High,Around 5 feet.,59.0,Windy. East winds around 30 mph.,202401081731-KTAE-FZUS52-SRFTAE,https://mesonet.agron.iastate.edu/p.php?pid=202401081731-KTAE-FZUS52-SRFTAE,NWS Tallahassee SRFTAE via Iowa Environmental Mesonet archive
2024-01-09T17:47:00+00:00,2024-01-09T11:47:00-06:00,2024-01-09,11:47,Double Red,,Double Red,,High,Around 10 feet.,58.0,Windy. West winds around 35 mph.,202401091747-KTAE-FZUS52-SRFTAE,https://mesonet.agron.iastate.edu/p.php?pid=202401091747-KTAE-FZUS52-SRFTAE,NWS Tallahassee SRFTAE via Iowa Environmental Mesonet archive
2024-01-10T16:24:00+00:00,2024-01-10T10:24:00-06:00,2024-01-10,10:24,Double Red,,Double Red,,High,Around 6 feet.,58.0,West winds 10 to 15 mph.,202401101624-KTAE-FZUS52-SRFTAE,https://mesonet.agron.iastate.edu/p.php?pid=202401101624-KTAE-FZUS52-SRFTAE,NWS Tallahassee SRFTAE via Iowa Environmental Mesonet archive
2024-01-11T16:24:00+00:00,2024-01-11T10:24:00-06:00,2024-01-11,10:24,Single Red,,Double Red,,High,Around 3 feet.,58.0,East winds 10 to 15 mph.,202401111624-KTAE-FZUS52-SRFTAE,https://mesonet.agron.iastate.edu/p.php?pid=202401111624-KTAE-FZUS52-SRFTAE,NWS Tallahassee SRFTAE via Iowa Environmental Mesonet archive
2024-01-12T17:10:00+00:00,2024-01-12T11:10:00-06:00,2024-01-12,11:10,Double Red,,Double Red,,High,Around 7 feet.,58.0,Breezy. South winds around 25 mph.,202401121710-KTAE-FZUS52-SRFTAE,https://mesonet.agron.iastate.edu/p.php?pid=202401121710-KTAE-FZUS52-SRFTAE,NWS Tallahassee SRFTAE via Iowa Environmental Mesonet archive
2024-01-13T16:30:00+00:00,2024-01-13T10:30:00-06:00,2024-01-13,10:30,Double Red,,Double Red,,High,Around 4 feet.,57.0,North winds 10 to 15 mph.,202401131630-KTAE-FZUS52-SRFTAE,https://mesonet.agron.iastate.edu/p.php?pid=202401131630-KTAE-FZUS52-SRFTAE,NWS Tallahassee SRFTAE via Iowa Environmental Mesonet archive
2024-01-14T16:37:00+00:00,2024-01-14T10:37:00-06:00,2024-01-14,10:37,Single Red,,Single Red,,High,Around 2 feet.,57.0,East winds 5 to 10 mph.,202401141637-KTAE-FZUS52-SRFTAE,https://mesonet.agron.iastate.edu/p.php?pid=202401141637-KTAE-FZUS52-SRFTAE,NWS Tallahassee SRFTAE via Iowa Environmental Mesonet archive
2024-01-15T17:10:00+00:00,2024-01-15T11:10:00-06:00,2024-01-15,11:10,Yellow,,Yellow,,Moderate,Around 2 feet.,57.0,East winds around 10 mph.,202401151710-KTAE-FZUS52-SRFTAE,https://mesonet.agron.iastate.edu/p.php?pid=202401151710-KTAE-FZUS52-SRFTAE,NWS Tallahassee SRFTAE via Iowa Environmental Mesonet archive
2024-01-16T17:06:00+00:00,2024-01-16T11:06:00-06:00,2024-01-16,11:06,Single Red,,Single Red,,High,Around 4 feet.,58.0,Breezy. North winds around 25 mph.,202401161706-KTAE-FZUS52-SRFTAE,https://mesonet.agron.iastate.edu/p.php?pid=202401161706-KTAE-FZUS52-SRFTAE,NWS Tallahassee SRFTAE via Iowa Environmental Mesonet archive
2024-01-17T16:20:00+00:00,2024-01-17T10:20:00-06:00,2024-01-17,10:20,Yellow,,Yellow,,Moderate,Around 1 foot.,55.0,North winds 10 to 15 mph.,202401171620-KTAE-FZUS52-SRFTAE,https://mesonet.agron.iastate.edu/p.php?pid=202401171620-KTAE-FZUS52-SRFTAE,NWS Tallahassee SRFTAE via Iowa Environmental Mesonet archive
2024-01-18T16:27:00+00:00,2024-01-18T10:27:00-06:00,2024-01-18,10:27,Yellow,,Yellow,,Moderate,Around 1 foot.,57.0,Southeast winds around 10 mph.,202401181627-KTAE-FZUS52-SRFTAE,https://mesonet.agron.iastate.edu/p.php?pid=202401181627-KTAE-FZUS52-SRFTAE,NWS Tallahassee SRFTAE via Iowa Environmental Mesonet archive
2024-01-19T17:11:00+00:00,2024-01-19T11:11:00-06:00,2024-01-19,11:11,Yellow,,Single Red,,Moderate,Around 2 feet.,57.0,North winds around 20 mph.,202401191711-KTAE-FZUS52-SRFTAE,https://mesonet.agron.iastate.edu/p.php?pid=202401191711-KTAE-FZUS52-SRFTAE,NWS Tallahassee SRFTAE via Iowa Environmental Mesonet archive
2024-01-20T16:31:00+00:00,2024-01-20T10:31:00-06:00,2024-01-20,10:31,Yellow,,Single Red,,Moderate,Around 1 foot.,55.0,North winds around 20 mph.,202401201631-KTAE-FZUS52-SRFTAE,https://mesonet.agron.iastate.edu/p.php?pid=202401201631-KTAE-FZUS52-SRFTAE,NWS Tallahassee SRFTAE via Iowa Environmental Mesonet archive
2024-01-21T17:05:00+00:00,2024-01-21T11:05:00-06:00,2024-01-21,11:05,Yellow,,Single Red,,Moderate,Around 1 foot.,54.0,Northeast winds around 15 mph.,202401211705-KTAE-FZUS52-SRFTAE,https://mesonet.agron.iastate.edu/p.php?pid=202401211705-KTAE-FZUS52-SRFTAE,NWS Tallahassee SRFTAE via Iowa Environmental Mesonet archive
2024-01-22T16:17:00+00:00,2024-01-22T10:17:00-06:00,2024-01-22,10:17,Yellow,,Single Red,,High,Around 3 feet.,53.0,East winds 15 to 20 mph.,202401221617-KTAE-FZUS52-SRFTAE,https://mesonet.agron.iastate.edu/p.php?pid=202401221617-KTAE-FZUS52-SRFTAE,NWS Tallahassee SRFTAE via Iowa Environmental Mesonet archive
2024-01-23T16:29:00+00:00,2024-01-23T10:29:00-06:00,2024-01-23,10:29,Double Red,,Single Red,,High,Around 5 feet.,56.0,East winds around 20 mph.,202401231629-KTAE-FZUS52-SRFTAE,https://mesonet.agron.iastate.edu/p.php?pid=202401231629-KTAE-FZUS52-SRFTAE,NWS Tallahassee SRFTAE via Iowa Environmental Mesonet archive
2024-01-24T16:26:00+00:00,2024-01-24T10:26:00-06:00,2024-01-24,10:26,Double Red,,Single Red,,High,Around 4 feet.,56.0,Southeast winds around 15 mph.,202401241626-KTAE-FZUS52-SRFTAE,https://mesonet.agron.iastate.edu/p.php?pid=202401241626-KTAE-FZUS52-SRFTAE,NWS Tallahassee SRFTAE via Iowa Environmental Mesonet archive
2024-01-25T16:27:00+00:00,2024-01-25T10:27:00-06:00,2024-01-25,10:27,Single Red,,Single Red,,High,Around 4 feet.,56.0,Southeast winds around 15 mph.,202401251627-KTAE-FZUS52-SRFTAE,https://mesonet.agron.iastate.edu/p.php?pid=202401251627-KTAE-FZUS52-SRFTAE,NWS Tallahassee SRFTAE via Iowa Environmental Mesonet archive
2024-01-26T16:46:00+00:00,2024-01-26T10:46:00-06:00,2024-01-26,10:46,Single Red,,Single Red,,High,Around 3 feet.,57.0,Southeast winds around 10 mph.,202401261646-KTAE-FZUS52-SRFTAE,https://mesonet.agron.iastate.edu/p.php?pid=202401261646-KTAE-FZUS52-SRFTAE,NWS Tallahassee SRFTAE via Iowa Environmental Mesonet archive
2024-01-27T17:27:00+00:00,2024-01-27T11:27:00-06:00,2024-01-27,11:27,Single Red,,Single Red,,High,Around 5 feet.,58.0,South winds around 20 mph.,202401271727-KTAE-FZUS52-SRFTAE,https://mesonet.agron.iastate.edu/p.php?pid=202401271727-KTAE-FZUS52-SRFTAE,NWS Tallahassee SRFTAE via Iowa Environmental Mesonet archive
2024-01-28T16:55:00+00:00,2024-01-28T10:55:00-06:00,2024-01-28,10:55,Single Red,,Single Red,,High,Around 5 feet.,56.0,Northwest winds around 20 mph.,202401281655-KTAE-FZUS52-SRFTAE,https://mesonet.agron.iastate.edu/p.php?pid=202401281655-KTAE-FZUS52-SRFTAE,NWS Tallahassee SRFTAE via Iowa Environmental Mesonet archive
2024-01-29T16:44:00+00:00,2024-01-29T10:44:00-06:00,2024-01-29,10:44,Yellow,,Double Red,,High,Around 2 feet.,56.0,North winds around 15 mph.,202401291644-KTAE-FZUS52-SRFTAE,https://mesonet.agron.iastate.edu/p.php?pid=202401291644-KTAE-FZUS52-SRFTAE,NWS Tallahassee SRFTAE via Iowa Environmental Mesonet archive
2024-01-30T17:10:00+00:00,2024-01-30T11:10:00-06:00,2024-01-30,11:10,Yellow,,Yellow,,Moderate,Around 1 foot.,57.0,"North winds around 5 mph, becoming west",202401301710-KTAE-FZUS52-SRFTAE,https://mesonet.agron.iastate.edu/p.php?pid=202401301710-KTAE-FZUS52-SRFTAE,NWS Tallahassee SRFTAE via Iowa Environmental Mesonet archive
2024-01-31T17:16:00+00:00,2024-01-31T11:16:00-06:00,2024-01-31,11:16,Single Red,,Double Red,,High,Around 4 feet.,58.0,Northwest winds around 15 mph.,202401311716-KTAE-FZUS52-SRFTAE,https://mesonet.agron.iastate.edu/p.php?pid=202401311716-KTAE-FZUS52-SRFTAE,NWS Tallahassee SRFTAE via Iowa Environmental Mesonet archive
2024-02-01T16:39:00+00:00,2024-02-01T10:39:00-06:00,2024-02-01,10:39,Yellow,,Yellow,,Moderate,Around 1 foot.,57.0,Southeast winds 5 to 10 mph.,202402011639-KTAE-FZUS52-SRFTAE,https://mesonet.agron.iastate.edu/p.php?pid=202402011639-KTAE-FZUS52-SRFTAE,NWS Tallahassee SRFTAE via Iowa Environmental Mesonet archive
2024-02-02T17:05:00+00:00,2024-02-02T11:05:00-06:00,2024-02-02,11:05,Yellow,,Yellow,,Moderate,Around 1 foot.,58.0,"Northeast winds around 10 mph, becoming",202402021705-KTAE-FZUS52-SRFTAE,https://mesonet.agron.iastate.edu/p.php?pid=202402021705-KTAE-FZUS52-SRFTAE,NWS Tallahassee SRFTAE via Iowa Environmental Mesonet archive
2024-02-03T16:33:00+00:00,2024-02-03T10:33:00-06:00,2024-02-03,10:33,Yellow,,Yellow,,Moderate,Around 2 feet.,58.0,Southeast winds around 15 mph.,202402031633-KTAE-FZUS52-SRFTAE,https://mesonet.agron.iastate.edu/p.php?pid=202402031633-KTAE-FZUS52-SRFTAE,NWS Tallahassee SRFTAE via Iowa Environmental Mesonet archive
2024-02-04T17:25:00+00:00,2024-02-04T11:25:00-06:00,2024-02-04,11:25,Single Red,,,,High,Around 6 feet.,59.0,Breezy. West winds around 25 mph.,202402041725-KTAE-FZUS52-SRFTAE,https://mesonet.agron.iastate.edu/p.php?pid=202402041725-KTAE-FZUS52-SRFTAE,NWS Tallahassee SRFTAE via Iowa Environmental Mesonet archive
2024-02-05T17:02:00+00:00,2024-02-05T11:02:00-06:00,2024-02-05,11:02,Single Red,,,,High,Around 4 feet.,59.0,North winds 15 to 20 mph.,202402051702-KTAE-FZUS52-SRFTAE,https://mesonet.agron.iastate.edu/p.php?pid=202402051702-KTAE-FZUS52-SRFTAE,NWS Tallahassee SRFTAE via Iowa Environmental Mesonet archive
2024-02-06T17:08:00+00:00,2024-02-06T11:08:00-06:00,2024-02-06,11:08,Yellow,,Single Red,,Moderate,Around 4 feet.,58.0,North winds around 10 mph.,202402061708-KTAE-FZUS52-SRFTAE,https://mesonet.agron.iastate.edu/p.php?pid=202402061708-KTAE-FZUS52-SRFTAE,NWS Tallahassee SRFTAE via Iowa Environmental Mesonet archive
2024-02-07T16:43:00+00:00,2024-02-07T10:43:00-06:00,2024-02-07,10:43,Yellow,,Single Red,,Moderate,Around 1 foot.,58.0,East winds 10 to 15 mph.,202402071643-KTAE-FZUS52-SRFTAE,https://mesonet.agron.iastate.edu/p.php?pid=202402071643-KTAE-FZUS52-SRFTAE,NWS Tallahassee SRFTAE via Iowa Environmental Mesonet archive
2024-02-08T16:47:00+00:00,2024-02-08T10:47:00-06:00,2024-02-08,10:47,Yellow,,Yellow,,Moderate,Around 2 feet.,58.0,Southeast winds 10 to 15 mph.,202402081647-KTAE-FZUS52-SRFTAE,https://mesonet.agron.iastate.edu/p.php?pid=202402081647-KTAE-FZUS52-SRFTAE,NWS Tallahassee SRFTAE via Iowa Environmental Mesonet archive
2024-02-09T16:45:00+00:00,2024-02-09T10:45:00-06:00,2024-02-09,10:45,Yellow,,Yellow,,Moderate,Around 2 feet.,59.0,Southeast winds around 15 mph.,202402091645-KTAE-FZUS52-SRFTAE,https://mesonet.agron.iastate.edu/p.php?pid=202402091645-KTAE-FZUS52-SRFTAE,NWS Tallahassee SRFTAE via Iowa Environmental Mesonet archive
2024-02-10T16:31:00+00:00,2024-02-10T10:31:00-06:00,2024-02-10,10:31,Single Red,,Single Red,,High,Around 3 feet.,60.0,Southeast winds around 15 mph.,202402101631-KTAE-FZUS52-SRFTAE,https://mesonet.agron.iastate.edu/p.php?pid=202402101631-KTAE-FZUS52-SRFTAE,NWS Tallahassee SRFTAE via Iowa Environmental Mesonet archive
2024-02-12T16:33:00+00:00,2024-02-12T10:33:00-06:00,2024-02-12,10:33,Double Red,,Double Red,,High,Around 6 feet.,62.0,Breezy. Southwest winds 20 to 25 mph.,202402121633-KTAE-FZUS52-SRFTAE,https://mesonet.agron.iastate.edu/p.php?pid=202402121633-KTAE-FZUS52-SRFTAE,NWS Tallahassee SRFTAE via Iowa Environmental Mesonet archive
2024-02-13T16:28:00+00:00,2024-02-13T10:28:00-06:00,2024-02-13,10:28,Double Red,,Double Red,,High,Around 5 feet.,61.0,Northwest winds around 15 mph.,202402131628-KTAE-FZUS52-SRFTAE,https://mesonet.agron.iastate.edu/p.php?pid=202402131628-KTAE-FZUS52-SRFTAE,NWS Tallahassee SRFTAE via Iowa Environmental Mesonet archive
2024-02-14T18:05:00+00:00,2024-02-14T12:05:00-06:00,2024-02-14,12:05,Yellow,,Single Red,,Moderate,Around 2 feet.,60.0,North winds around 10 mph.,202402141805-KTAE-FZUS52-SRFTAE,https://mesonet.agron.iastate.edu/p.php?pid=202402141805-KTAE-FZUS52-SRFTAE,NWS Tallahassee SRFTAE via Iowa Environmental Mesonet archive
2024-02-15T16:50:00+00:00,2024-02-15T10:50:00-06:00,2024-02-15,10:50,Yellow,,Yellow,,Moderate,Around 1 foot.,60.0,"East winds around 5 mph, becoming south",202402151650-KTAE-FZUS52-SRFTAE,https://mesonet.agron.iastate.edu/p.php?pid=202402151650-KTAE-FZUS52-SRFTAE,NWS Tallahassee SRFTAE via Iowa Environmental Mesonet archive
2024-02-16T17:06:00+00:00,2024-02-16T11:06:00-06:00,2024-02-16,11:06,Yellow,,Yellow,,Moderate,Around 1 foot.,60.0,Southeast winds around 5 mph.,202402161706-KTAE-FZUS52-SRFTAE,https://mesonet.agron.iastate.edu/p.php?pid=202402161706-KTAE-FZUS52-SRFTAE,NWS Tallahassee SRFTAE via Iowa Environmental Mesonet archive
2024-02-17T16:50:00+00:00,2024-02-17T10:50:00-06:00,2024-02-17,10:50,Yellow,,Yellow,,Moderate,Around 1 foot.,61.0,North winds 10 to 15 mph.,202402171650-KTAE-FZUS52-SRFTAE,https://mesonet.agron.iastate.edu/p.php?pid=202402171650-KTAE-FZUS52-SRFTAE,NWS Tallahassee SRFTAE via Iowa Environmental Mesonet archive
2024-02-18T16:50:00+00:00,2024-02-18T10:50:00-06:00,2024-02-18,10:50,Yellow,,Yellow,,Moderate,Around 2 feet.,59.0,North winds around 15 mph.,202402181650-KTAE-FZUS52-SRFTAE,https://mesonet.agron.iastate.edu/p.php?pid=202402181650-KTAE-FZUS52-SRFTAE,NWS Tallahassee SRFTAE via Iowa Environmental Mesonet archive
2024-02-19T16:45:00+00:00,2024-02-19T10:45:00-06:00,2024-02-19,10:45,Yellow,,Yellow,,Moderate,Around 1 foot.,58.0,North winds around 10 mph.,202402191645-KTAE-FZUS52-SRFTAE,https://mesonet.agron.iastate.edu/p.php?pid=202402191645-KTAE-FZUS52-SRFTAE,NWS Tallahassee SRFTAE via Iowa Environmental Mesonet archive
2024-02-20T16:30:00+00:00,2024-02-20T10:30:00-06:00,2024-02-20,10:30,Yellow,,Yellow,,Moderate,Around 1 foot.,58.0,"North winds around 5 mph, becoming west",202402201630-KTAE-FZUS52-SRFTAE,https://mesonet.agron.iastate.edu/p.php?pid=202402201630-KTAE-FZUS52-SRFTAE,NWS Tallahassee SRFTAE via Iowa Environmental Mesonet archive
2024-02-21T16:35:00+00:00,2024-02-21T10:35:00-06:00,2024-02-21,10:35,Yellow,,Yellow,,Moderate,Around 1 foot.,60.0,"East winds around 5 mph, becoming south",202402211635-KTAE-FZUS52-SRFTAE,https://mesonet.agron.iastate.edu/p.php?pid=202402211635-KTAE-FZUS52-SRFTAE,NWS Tallahassee SRFTAE via Iowa Environmental Mesonet archive
2024-02-22T16:54:00+00:00,2024-02-22T10:54:00-06:00,2024-02-22,10:54,Yellow,,Single Red,,High,Around 3 feet.,61.0,South winds around 15 mph.,202402221654-KTAE-FZUS52-SRFTAE,https://mesonet.agron.iastate.edu/p.php?pid=202402221654-KTAE-FZUS52-SRFTAE,NWS Tallahassee SRFTAE via Iowa Environmental Mesonet archive
2024-02-23T16:43:00+00:00,2024-02-23T10:43:00-06:00,2024-02-23,10:43,Double Red,,Single Red,,High,Around 5 feet.,62.0,West winds around 20 mph.,202402231643-KTAE-FZUS52-SRFTAE,https://mesonet.agron.iastate.edu/p.php?pid=202402231643-KTAE-FZUS52-SRFTAE,NWS Tallahassee SRFTAE via Iowa Environmental Mesonet archive
2024-02-24T17:03:00+00:00,2024-02-24T11:03:00-06:00,2024-02-24,11:03,Single Red,,Single Red,,High,Around 4 feet.,61.0,West winds 10 to 15 mph.,202402241703-KTAE-FZUS52-SRFTAE,https://mesonet.agron.iastate.edu/p.php?pid=202402241703-KTAE-FZUS52-SRFTAE,NWS Tallahassee SRFTAE via Iowa Environmental Mesonet archive
2024-02-25T17:12:00+00:00,2024-02-25T11:12:00-06:00,2024-02-25,11:12,Single Red,,Single Red,,High,Around 2 feet.,61.0,Southwest winds around 10 mph.,202402251712-KTAE-FZUS52-SRFTAE,https://mesonet.agron.iastate.edu/p.php?pid=202402251712-KTAE-FZUS52-SRFTAE,NWS Tallahassee SRFTAE via Iowa Environmental Mesonet archive
2024-02-26T16:58:00+00:00,2024-02-26T10:58:00-06:00,2024-02-26,10:58,Yellow,,Yellow,,Moderate,Around 2 feet.,62.0,Southeast winds around 15 mph.,202402261658-KTAE-FZUS52-SRFTAE,https://mesonet.agron.iastate.edu/p.php?pid=202402261658-KTAE-FZUS52-SRFTAE,NWS Tallahassee SRFTAE via Iowa Environmental Mesonet archive
2024-02-27T17:18:00+00:00,2024-02-27T11:18:00-06:00,2024-02-27,11:18,Double Red,,Single Red,,High,Around 4 feet.,63.0,South winds around 15 mph.,202402271718-KTAE-FZUS52-SRFTAE,https://mesonet.agron.iastate.edu/p.php?pid=202402271718-KTAE-FZUS52-SRFTAE,NWS Tallahassee SRFTAE via Iowa Environmental Mesonet archive
2024-02-28T17:11:00+00:00,2024-02-28T11:11:00-06:00,2024-02-28,11:11,Double Red,,Single Red,,High,Around 4 feet.,64.0,South winds around 15 mph.,202402281711-KTAE-FZUS52-SRFTAE,https://mesonet.agron.iastate.edu/p.php?pid=202402281711-KTAE-FZUS52-SRFTAE,NWS Tallahassee SRFTAE via Iowa Environmental Mesonet archive
2024-02-29T17:16:00+00:00,2024-02-29T11:16:00-06:00,2024-02-29,11:16,Single Red,,Double Red,,High,Around 3 feet.,62.0,Northeast winds around 15 mph.,202402291716-KTAE-FZUS52-SRFTAE,https://mesonet.agron.iastate.edu/p.php?pid=202402291716-KTAE-FZUS52-SRFTAE,NWS Tallahassee SRFTAE via Iowa Environmental Mesonet archive
2024-03-01T16:52:00+00:00,2024-03-01T10:52:00-06:00,2024-03-01,10:52,Single Red,,Single Red,,High,Around 2 feet.,62.0,Southeast winds around 15 mph.,202403011652-KTAE-FZUS52-SRFTAE,https://mesonet.agron.iastate.edu/p.php?pid=202403011652-KTAE-FZUS52-SRFTAE,NWS Tallahassee SRFTAE via Iowa Environmental Mesonet archive
2024-03-02T18:02:00+00:00,2024-03-02T12:02:00-06:00,2024-03-02,12:02,Single Red,,Single Red,,High,Around 2 feet.,63.0,South winds around 10 mph.,202403021802-KTAE-FZUS52-SRFTAE,https://mesonet.agron.iastate.edu/p.php?pid=202403021802-KTAE-FZUS52-SRFTAE,NWS Tallahassee SRFTAE via Iowa Environmental Mesonet archive
2024-03-03T16:33:00+00:00,2024-03-03T10:33:00-06:00,2024-03-03,10:33,Yellow,,Yellow,,Moderate,Around 2 feet.,64.0,Southeast winds around 10 mph.,202403031633-KTAE-FZUS52-SRFTAE,https://mesonet.agron.iastate.edu/p.php?pid=202403031633-KTAE-FZUS52-SRFTAE,NWS Tallahassee SRFTAE via Iowa Environmental Mesonet archive
2024-03-04T17:22:00+00:00,2024-03-04T11:22:00-06:00,2024-03-04,11:22,Yellow,,Yellow,,Moderate,Around 2 feet.,66.0,Southeast winds around 15 mph.,202403041722-KTAE-FZUS52-SRFTAE,https://mesonet.agron.iastate.edu/p.php?pid=202403041722-KTAE-FZUS52-SRFTAE,NWS Tallahassee SRFTAE via Iowa Environmental Mesonet archive
2024-03-05T16:54:00+00:00,2024-03-05T10:54:00-06:00,2024-03-05,10:54,Single Red,,Single Red,,High,Around 4 feet.,66.0,Breezy. Southeast winds around 25 mph.,202403051654-KTAE-FZUS52-SRFTAE,https://mesonet.agron.iastate.edu/p.php?pid=202403051654-KTAE-FZUS52-SRFTAE,NWS Tallahassee SRFTAE via Iowa Environmental Mesonet archive
2024-03-06T17:16:00+00:00,2024-03-06T11:16:00-06:00,2024-03-06,11:16,Single Red,,Single Red,,High,Around 3 feet.,66.0,West winds around 15 mph.,202403061716-KTAE-FZUS52-SRFTAE,https://mesonet.agron.iastate.edu/p.php?pid=202403061716-KTAE-FZUS52-SRFTAE,NWS Tallahassee SRFTAE via Iowa Environmental Mesonet archive
2024-03-07T17:53:00+00:00,2024-03-07T11:53:00-06:00,2024-03-07,11:53,Yellow,,Yellow,,High,Around 2 feet.,64.0,South winds around 10 mph.,202403071753-KTAE-FZUS52-SRFTAE,https://mesonet.agron.iastate.edu/p.php?pid=202403071753-KTAE-FZUS52-SRFTAE,NWS Tallahassee SRFTAE via Iowa Environmental Mesonet archive
2024-03-08T17:06:00+00:00,2024-03-08T11:06:00-06:00,2024-03-08,11:06,Single Red,,Single Red,,High,Around 2 feet.,67.0,Southeast winds 15 to 20 mph.,202403081706-KTAE-FZUS52-SRFTAE,https://mesonet.agron.iastate.edu/p.php?pid=202403081706-KTAE-FZUS52-SRFTAE,NWS Tallahassee SRFTAE via Iowa Environmental Mesonet archive
2024-03-09T16:28:00+00:00,2024-03-09T10:28:00-06:00,2024-03-09,10:28,Double Red,,Double Red,,High,Around 5 feet.,67.0,Southwest winds 10 to 15 mph.,202403091628-KTAE-FZUS52-SRFTAE,https://mesonet.agron.iastate.edu/p.php?pid=202403091628-KTAE-FZUS52-SRFTAE,NWS Tallahassee SRFTAE via Iowa Environmental Mesonet archive
2024-03-10T15:40:00+00:00,2024-03-10T10:40:00-05:00,2024-03-10,10:40,Single Red,,Double Red,,High,Around 4 feet.,66.0,North winds 15 to 20 mph.,202403101540-KTAE-FZUS52-SRFTAE,https://mesonet.agron.iastate.edu/p.php?pid=202403101540-KTAE-FZUS52-SRFTAE,NWS Tallahassee SRFTAE via Iowa Environmental Mesonet archive
2024-03-11T15:14:00+00:00,2024-03-11T10:14:00-05:00,2024-03-11,10:14,Yellow,,Yellow,,Moderate,Around 1 foot.,64.0,Northeast winds 10 to 15 mph.,202403111514-KTAE-FZUS52-SRFTAE,https://mesonet.agron.iastate.edu/p.php?pid=202403111514-KTAE-FZUS52-SRFTAE,NWS Tallahassee SRFTAE via Iowa Environmental Mesonet archive
2024-03-12T15:24:00+00:00,2024-03-12T10:24:00-05:00,2024-03-12,10:24,Yellow,,Yellow,,Moderate,Around 1 foot.,63.0,"East winds around 10 mph, becoming",202403121524-KTAE-FZUS52-SRFTAE,https://mesonet.agron.iastate.edu/p.php?pid=202403121524-KTAE-FZUS52-SRFTAE,NWS Tallahassee SRFTAE via Iowa Environmental Mesonet archive
2024-03-13T15:28:00+00:00,2024-03-13T10:28:00-05:00,2024-03-13,10:28,Yellow,,Yellow,,Moderate,Around 1 foot.,64.0,East winds around 10 mph.,202403131528-KTAE-FZUS52-SRFTAE,https://mesonet.agron.iastate.edu/p.php?pid=202403131528-KTAE-FZUS52-SRFTAE,NWS Tallahassee SRFTAE via Iowa Environmental Mesonet archive
2024-03-14T15:44:00+00:00,2024-03-14T10:44:00-05:00,2024-03-14,10:44,Yellow,,Yellow,,Moderate,Around 2 feet.,65.0,Southeast winds 10 to 15 mph.,202403141544-KTAE-FZUS52-SRFTAE,https://mesonet.agron.iastate.edu/p.php?pid=202403141544-KTAE-FZUS52-SRFTAE,NWS Tallahassee SRFTAE via Iowa Environmental Mesonet archive
2024-03-15T16:13:00+00:00,2024-03-15T11:13:00-05:00,2024-03-15,11:13,Single Red,,Yellow,,High,Around 2 feet.,67.0,South winds around 10 mph.,202403151613-KTAE-FZUS52-SRFTAE,https://mesonet.agron.iastate.edu/p.php?pid=202403151613-KTAE-FZUS52-SRFTAE,NWS Tallahassee SRFTAE via Iowa Environmental Mesonet archive
2024-03-16T15:55:00+00:00,2024-03-16T10:55:00-05:00,2024-03-16,10:55,Single Red,,Single Red,,High,Around 2 feet.,67.0,"North winds around 10 mph, becoming",202403161555-KTAE-FZUS52-SRFTAE,https://mesonet.agron.iastate.edu/p.php?pid=202403161555-KTAE-FZUS52-SRFTAE,NWS Tallahassee SRFTAE via Iowa Environmental Mesonet archive
2024-03-17T15:48:00+00:00,2024-03-17T10:48:00-05:00,2024-03-17,10:48,Single Red,,Yellow,,High,Around 2 feet.,66.0,"Northeast winds around 5 mph, becoming",202403171548-KTAE-FZUS52-SRFTAE,https://mesonet.agron.iastate.edu/p.php?pid=202403171548-KTAE-FZUS52-SRFTAE,NWS Tallahassee SRFTAE via Iowa Environmental Mesonet archive
2024-03-18T18:21:00+00:00,2024-03-18T13:21:00-05:00,2024-03-18,13:21,Yellow,,Single Red,,High,Around 2 feet.,66.0,Northwest winds around 15 mph.,202403181821-KTAE-FZUS52-SRFTAE,https://mesonet.agron.iastate.edu/p.php?pid=202403181821-KTAE-FZUS52-SRFTAE,NWS Tallahassee SRFTAE via Iowa Environmental Mesonet archive
2024-03-19T16:01:00+00:00,2024-03-19T11:01:00-05:00,2024-03-19,11:01,Yellow,,Single Red,,Moderate,Around 1 foot.,64.0,North winds around 10 mph.,202403191601-KTAE-FZUS52-SRFTAE,https://mesonet.agron.iastate.edu/p.php?pid=202403191601-KTAE-FZUS52-SRFTAE,NWS Tallahassee SRFTAE via Iowa Environmental Mesonet archive
2024-03-20T17:50:00+00:00,2024-03-20T12:50:00-05:00,2024-03-20,12:50,Yellow,,Single Red,,Moderate,Around 1 foot.,64.0,West winds around 10 mph.,202403201750-KTAE-FZUS52-SRFTAE,https://mesonet.agron.iastate.edu/p.php?pid=202403201750-KTAE-FZUS52-SRFTAE,NWS Tallahassee SRFTAE via Iowa Environmental Mesonet archive
2024-03-22T16:48:00+00:00,2024-03-22T11:48:00-05:00,2024-03-22,11:48,Single Red,,Single Red,,High,Around 3 feet.,65.0,Southeast winds around 20 mph.,202403221648-KTAE-FZUS52-SRFTAE,https://mesonet.agron.iastate.edu/p.php?pid=202403221648-KTAE-FZUS52-SRFTAE,NWS Tallahassee SRFTAE via Iowa Environmental Mesonet archive
2024-03-23T15:08:00+00:00,2024-03-23T10:08:00-05:00,2024-03-23,10:08,Double Red,,Single Red,,High,Around 4 feet.,65.0,Northwest winds 15 to 20 mph.,202403231508-KTAE-FZUS52-SRFTAE,https://mesonet.agron.iastate.edu/p.php?pid=202403231508-KTAE-FZUS52-SRFTAE,NWS Tallahassee SRFTAE via Iowa Environmental Mesonet archive
2024-03-24T15:19:00+00:00,2024-03-24T10:19:00-05:00,2024-03-24,10:19,Yellow,,Single Red,,High,Around 1 foot.,64.0,East winds around 15 mph.,202403241519-KTAE-FZUS52-SRFTAE,https://mesonet.agron.iastate.edu/p.php?pid=202403241519-KTAE-FZUS52-SRFTAE,NWS Tallahassee SRFTAE via Iowa Environmental Mesonet archive
2024-03-25T15:40:00+00:00,2024-03-25T10:40:00-05:00,2024-03-25,10:40,Double Red,,Double Red,,High,Around 6 feet.,65.0,Windy. Southeast winds around 30 mph.,202403251540-KTAE-FZUS52-SRFTAE,https://mesonet.agron.iastate.edu/p.php?pid=202403251540-KTAE-FZUS52-SRFTAE,NWS Tallahassee SRFTAE via Iowa Environmental Mesonet archive
2024-03-26T16:09:00+00:00,2024-03-26T11:09:00-05:00,2024-03-26,11:09,Double Red,,Double Red,,High,Around 7 feet.,66.0,Southeast winds around 20 mph.,202403261609-KTAE-FZUS52-SRFTAE,https://mesonet.agron.iastate.edu/p.php?pid=202403261609-KTAE-FZUS52-SRFTAE,NWS Tallahassee SRFTAE via Iowa Environmental Mesonet archive
2024-03-27T15:27:00+00:00,2024-03-27T10:27:00-05:00,2024-03-27,10:27,Double Red,,Double Red,,High,Around 4 feet.,66.0,North winds around 15 mph.,202403271527-KTAE-FZUS52-SRFTAE,https://mesonet.agron.iastate.edu/p.php?pid=202403271527-KTAE-FZUS52-SRFTAE,NWS Tallahassee SRFTAE via Iowa Environmental Mesonet archive
2024-03-28T15:35:00+00:00,2024-03-28T10:35:00-05:00,2024-03-28,10:35,Single Red,,Double Red,,High,Around 3 feet.,66.0,North winds 15 to 20 mph.,202403281535-KTAE-FZUS52-SRFTAE,https://mesonet.agron.iastate.edu/p.php?pid=202403281535-KTAE-FZUS52-SRFTAE,NWS Tallahassee SRFTAE via Iowa Environmental Mesonet archive
2024-03-29T15:20:00+00:00,2024-03-29T10:20:00-05:00,2024-03-29,10:20,Yellow,,Single Red,,Moderate,Around 1 foot.,65.0,"Northeast winds around 15 mph, becoming",202403291520-KTAE-FZUS52-SRFTAE,https://mesonet.agron.iastate.edu/p.php?pid=202403291520-KTAE-FZUS52-SRFTAE,NWS Tallahassee SRFTAE via Iowa Environmental Mesonet archive
2024-03-30T15:34:00+00:00,2024-03-30T10:34:00-05:00,2024-03-30,10:34,Yellow,,Yellow,,Moderate,Around 1 foot.,66.0,Southeast winds around 10 mph.,202403301534-KTAE-FZUS52-SRFTAE,https://mesonet.agron.iastate.edu/p.php?pid=202403301534-KTAE-FZUS52-SRFTAE,NWS Tallahassee SRFTAE via Iowa Environmental Mesonet archive
2024-03-31T15:36:00+00:00,2024-03-31T10:36:00-05:00,2024-03-31,10:36,Yellow,,Yellow,,Moderate,Around 2 feet.,67.0,Southeast winds 10 to 15 mph.,202403311536-KTAE-FZUS52-SRFTAE,https://mesonet.agron.iastate.edu/p.php?pid=202403311536-KTAE-FZUS52-SRFTAE,NWS Tallahassee SRFTAE via Iowa Environmental Mesonet archive
2024-04-01T16:17:00+00:00,2024-04-01T11:17:00-05:00,2024-04-01,11:17,Single Red,,Single Red,,High,Around 2 feet.,70.0,South winds around 15 mph.,202404011617-KTAE-FZUS52-SRFTAE,https://mesonet.agron.iastate.edu/p.php?pid=202404011617-KTAE-FZUS52-SRFTAE,NWS Tallahassee SRFTAE via Iowa Environmental Mesonet archive
2024-04-02T16:27:00+00:00,2024-04-02T11:27:00-05:00,2024-04-02,11:27,Double Red,,Single Red,,High,Around 3 feet.,70.0,South winds around 15 mph.,202404021627-KTAE-FZUS52-SRFTAE,https://mesonet.agron.iastate.edu/p.php?pid=202404021627-KTAE-FZUS52-SRFTAE,NWS Tallahassee SRFTAE via Iowa Environmental Mesonet archive
2024-04-03T15:29:00+00:00,2024-04-03T10:29:00-05:00,2024-04-03,10:29,Double Red,,Double Red,,High,Around 5 feet.,70.0,Northwest winds around 20 mph.,202404031529-KTAE-FZUS52-SRFTAE,https://mesonet.agron.iastate.edu/p.php?pid=202404031529-KTAE-FZUS52-SRFTAE,NWS Tallahassee SRFTAE via Iowa Environmental Mesonet archive
2024-04-04T16:08:00+00:00,2024-04-04T11:08:00-05:00,2024-04-04,11:08,Double Red,,Double Red,,High,Around 5 feet.,67.0,West winds around 20 mph.,202404041608-KTAE-FZUS52-SRFTAE,https://mesonet.agron.iastate.edu/p.php?pid=202404041608-KTAE-FZUS52-SRFTAE,NWS Tallahassee SRFTAE via Iowa Environmental Mesonet archive
2024-04-05T15:34:00+00:00,2024-04-05T10:34:00-05:00,2024-04-05,10:34,Single Red,,Double Red,,High,Around 3 feet.,67.0,"Northwest winds around 10 mph, becoming",202404051534-KTAE-FZUS52-SRFTAE,https://mesonet.agron.iastate.edu/p.php?pid=202404051534-KTAE-FZUS52-SRFTAE,NWS Tallahassee SRFTAE via Iowa Environmental Mesonet archive
2024-04-06T16:24:00+00:00,2024-04-06T11:24:00-05:00,2024-04-06,11:24,Single Red,,Single Red,,High,Around 2 feet.,66.0,Northwest winds around 10 mph.,202404061624-KTAE-FZUS52-SRFTAE,https://mesonet.agron.iastate.edu/p.php?pid=202404061624-KTAE-FZUS52-SRFTAE,NWS Tallahassee SRFTAE via Iowa Environmental Mesonet archive
2024-04-07T15:20:00+00:00,2024-04-07T10:20:00-05:00,2024-04-07,10:20,Yellow,,Yellow,,Moderate,Around 2 feet.,67.0,Southeast winds around 15 mph.,202404071520-KTAE-FZUS52-SRFTAE,https://mesonet.agron.iastate.edu/p.php?pid=202404071520-KTAE-FZUS52-SRFTAE,NWS Tallahassee SRFTAE via Iowa Environmental Mesonet archive
2024-04-08T18:18:00+00:00,2024-04-08T13:18:00-05:00,2024-04-08,13:18,Single Red,,Yellow,,High,Around 3 feet.,69.0,Southeast winds around 20 mph.,202404081818-KTAE-FZUS52-SRFTAE,https://mesonet.agron.iastate.edu/p.php?pid=202404081818-KTAE-FZUS52-SRFTAE,NWS Tallahassee SRFTAE via Iowa Environmental Mesonet archive
2024-04-09T15:48:00+00:00,2024-04-09T10:48:00-05:00,2024-04-09,10:48,Single Red,,Single Red,,High,Around 4 feet.,68.0,Southeast winds around 20 mph.,202404091548-KTAE-FZUS52-SRFTAE,https://mesonet.agron.iastate.edu/p.php?pid=202404091548-KTAE-FZUS52-SRFTAE,NWS Tallahassee SRFTAE via Iowa Environmental Mesonet archive
2024-04-10T15:15:00+00:00,2024-04-10T10:15:00-05:00,2024-04-10,10:15,Double Red,,Double Red,,High,Around 6 feet.,69.0,Breezy. Southeast winds around 25 mph.,202404101515-KTAE-FZUS52-SRFTAE,https://mesonet.agron.iastate.edu/p.php?pid=202404101515-KTAE-FZUS52-SRFTAE,NWS Tallahassee SRFTAE via Iowa Environmental Mesonet archive
2024-04-11T15:24:00+00:00,2024-04-11T10:24:00-05:00,2024-04-11,10:24,Double Red,,Double Red,,High,Around 8 feet.,69.0,Windy. West winds 25 to 30 mph.,202404111524-KTAE-FZUS52-SRFTAE,https://mesonet.agron.iastate.edu/p.php?pid=202404111524-KTAE-FZUS52-SRFTAE,NWS Tallahassee SRFTAE via Iowa Environmental Mesonet archive
2024-04-12T15:22:00+00:00,2024-04-12T10:22:00-05:00,2024-04-12,10:22,Single Red,,Double Red,,High,Around 5 feet.,68.0,Northwest winds around 15 mph.,202404121522-KTAE-FZUS52-SRFTAE,https://mesonet.agron.iastate.edu/p.php?pid=202404121522-KTAE-FZUS52-SRFTAE,NWS Tallahassee SRFTAE via Iowa Environmental Mesonet archive
2024-04-13T15:59:00+00:00,2024-04-13T10:59:00-05:00,2024-04-13,10:59,Single Red,,Single Red,,High,Around 2 feet.,68.0,"Northeast winds around 10 mph, becoming",202404131559-KTAE-FZUS52-SRFTAE,https://mesonet.agron.iastate.edu/p.php?pid=202404131559-KTAE-FZUS52-SRFTAE,NWS Tallahassee SRFTAE via Iowa Environmental Mesonet archive
2024-04-14T15:30:00+00:00,2024-04-14T10:30:00-05:00,2024-04-14,10:30,Yellow,,Yellow,,Moderate,Around 2 feet.,68.0,"East winds around 5 mph, becoming south",202404141530-KTAE-FZUS52-SRFTAE,https://mesonet.agron.iastate.edu/p.php?pid=202404141530-KTAE-FZUS52-SRFTAE,NWS Tallahassee SRFTAE via Iowa Environmental Mesonet archive
2024-04-15T15:22:00+00:00,2024-04-15T10:22:00-05:00,2024-04-15,10:22,Yellow,,Yellow,,Moderate,Around 2 feet.,70.0,Southeast winds around 10 mph.,202404151522-KTAE-FZUS52-SRFTAE,https://mesonet.agron.iastate.edu/p.php?pid=202404151522-KTAE-FZUS52-SRFTAE,NWS Tallahassee SRFTAE via Iowa Environmental Mesonet archive
2024-04-16T15:47:00+00:00,2024-04-16T10:47:00-05:00,2024-04-16,10:47,Yellow,,Yellow,,High,Around 2 feet.,70.0,Southeast winds 10 to 15 mph.,202404161547-KTAE-FZUS52-SRFTAE,https://mesonet.agron.iastate.edu/p.php?pid=202404161547-KTAE-FZUS52-SRFTAE,NWS Tallahassee SRFTAE via Iowa Environmental Mesonet archive
2024-04-17T16:07:00+00:00,2024-04-17T11:07:00-05:00,2024-04-17,11:07,Single Red,,Yellow,,High,Around 3 feet.,73.0,South winds around 10 mph.,202404171607-KTAE-FZUS52-SRFTAE,https://mesonet.agron.iastate.edu/p.php?pid=202404171607-KTAE-FZUS52-SRFTAE,NWS Tallahassee SRFTAE via Iowa Environmental Mesonet archive
2024-04-18T15:38:00+00:00,2024-04-18T10:38:00-05:00,2024-04-18,10:38,Single Red,,Yellow,,High,Around 2 feet.,74.0,South winds 5 to 10 mph.,202404181538-KTAE-FZUS52-SRFTAE,https://mesonet.agron.iastate.edu/p.php?pid=202404181538-KTAE-FZUS52-SRFTAE,NWS Tallahassee SRFTAE via Iowa Environmental Mesonet archive
2024-04-19T16:02:00+00:00,2024-04-19T11:02:00-05:00,2024-04-19,11:02,Single Red,,Single Red,,High,Around 2 feet.,73.0,West winds 5 to 10 mph.,202404191602-KTAE-FZUS52-SRFTAE,https://mesonet.agron.iastate.edu/p.php?pid=202404191602-KTAE-FZUS52-SRFTAE,NWS Tallahassee SRFTAE via Iowa Environmental Mesonet archive
2024-04-20T16:04:00+00:00,2024-04-20T11:04:00-05:00,2024-04-20,11:04,Single Red,,Single Red,,High,Around 2 feet.,72.0,Southwest winds around 10 mph.,202404201604-KTAE-FZUS52-SRFTAE,https://mesonet.agron.iastate.edu/p.php?pid=202404201604-KTAE-FZUS52-SRFTAE,NWS Tallahassee SRFTAE via Iowa Environmental Mesonet archive
2024-04-21T16:05:00+00:00,2024-04-21T11:05:00-05:00,2024-04-21,11:05,Single Red,,Single Red,,High,Around 2 feet.,75.0,Northwest winds around 15 mph.,202404211605-KTAE-FZUS52-SRFTAE,https://mesonet.agron.iastate.edu/p.php?pid=202404211605-KTAE-FZUS52-SRFTAE,NWS Tallahassee SRFTAE via Iowa Environmental Mesonet archive
2024-04-22T16:15:00+00:00,2024-04-22T11:15:00-05:00,2024-04-22,11:15,Yellow,,Double Red,,Moderate,Around 1 foot.,69.0,North winds around 15 mph.,202404221615-KTAE-FZUS52-SRFTAE,https://mesonet.agron.iastate.edu/p.php?pid=202404221615-KTAE-FZUS52-SRFTAE,NWS Tallahassee SRFTAE via Iowa Environmental Mesonet archive
2024-04-23T15:30:00+00:00,2024-04-23T10:30:00-05:00,2024-04-23,10:30,Yellow,,Yellow,,Moderate,Around 2 feet.,68.0,Southeast winds around 15 mph.,202404231530-KTAE-FZUS52-SRFTAE,https://mesonet.agron.iastate.edu/p.php?pid=202404231530-KTAE-FZUS52-SRFTAE,NWS Tallahassee SRFTAE via Iowa Environmental Mesonet archive
2024-04-24T15:54:00+00:00,2024-04-24T10:54:00-05:00,2024-04-24,10:54,Yellow,,Yellow,,Moderate,Around 1 foot.,69.0,"East winds around 5 mph, becoming",202404241554-KTAE-FZUS52-SRFTAE,https://mesonet.agron.iastate.edu/p.php?pid=202404241554-KTAE-FZUS52-SRFTAE,NWS Tallahassee SRFTAE via Iowa Environmental Mesonet archive
2024-04-25T15:21:00+00:00,2024-04-25T10:21:00-05:00,2024-04-25,10:21,Yellow,,Yellow,,Moderate,Around 1 foot.,70.0,"North winds around 5 mph, becoming",202404251521-KTAE-FZUS52-SRFTAE,https://mesonet.agron.iastate.edu/p.php?pid=202404251521-KTAE-FZUS52-SRFTAE,NWS Tallahassee SRFTAE via Iowa Environmental Mesonet archive
2024-04-26T15:32:00+00:00,2024-04-26T10:32:00-05:00,2024-04-26,10:32,Yellow,,Yellow,,Moderate,Around 1 foot.,72.0,Southeast winds 10 to 15 mph.,202404261532-KTAE-FZUS52-SRFTAE,https://mesonet.agron.iastate.edu/p.php?pid=202404261532-KTAE-FZUS52-SRFTAE,NWS Tallahassee SRFTAE via Iowa Environmental Mesonet archive
2024-04-27T16:07:00+00:00,2024-04-27T11:07:00-05:00,2024-04-27,11:07,Single Red,,Single Red,,High,Around 4 feet.,73.0,Southeast winds around 20 mph.,202404271607-KTAE-FZUS52-SRFTAE,https://mesonet.agron.iastate.edu/p.php?pid=202404271607-KTAE-FZUS52-SRFTAE,NWS Tallahassee SRFTAE via Iowa Environmental Mesonet archive
2024-04-28T15:51:00+00:00,2024-04-28T10:51:00-05:00,2024-04-28,10:51,Double Red,,Single Red,,High,Around 5 feet.,73.0,Southeast winds around 20 mph.,202404281551-KTAE-FZUS52-SRFTAE,https://mesonet.agron.iastate.edu/p.php?pid=202404281551-KTAE-FZUS52-SRFTAE,NWS Tallahassee SRFTAE via Iowa Environmental Mesonet archive
2024-04-29T15:22:00+00:00,2024-04-29T10:22:00-05:00,2024-04-29,10:22,Double Red,,Single Red,,High,Around 4 feet.,73.0,Southeast winds around 20 mph.,202404291522-KTAE-FZUS52-SRFTAE,https://mesonet.agron.iastate.edu/p.php?pid=202404291522-KTAE-FZUS52-SRFTAE,NWS Tallahassee SRFTAE via Iowa Environmental Mesonet archive
2024-04-30T15:33:00+00:00,2024-04-30T10:33:00-05:00,2024-04-30,10:33,Double Red,,Single Red,,High,Around 3 feet.,74.0,South winds around 15 mph.,202404301533-KTAE-FZUS52-SRFTAE,https://mesonet.agron.iastate.edu/p.php?pid=202404301533-KTAE-FZUS52-SRFTAE,NWS Tallahassee SRFTAE via Iowa Environmental Mesonet archive
2024-05-01T15:48:00+00:00,2024-05-01T10:48:00-05:00,2024-05-01,10:48,Single Red,,Single Red,,High,Around 2 feet.,74.0,"North winds around 5 mph, becoming",202405011548-KTAE-FZUS52-SRFTAE,https://mesonet.agron.iastate.edu/p.php?pid=202405011548-KTAE-FZUS52-SRFTAE,NWS Tallahassee SRFTAE via Iowa Environmental Mesonet archive
2024-05-02T15:37:00+00:00,2024-05-02T10:37:00-05:00,2024-05-02,10:37,Yellow,,Yellow,,Moderate,1 to 2 feet.,75.0,Southeast winds around 10 mph.,202405021537-KTAE-FZUS52-SRFTAE,https://mesonet.agron.iastate.edu/p.php?pid=202405021537-KTAE-FZUS52-SRFTAE,NWS Tallahassee SRFTAE via Iowa Environmental Mesonet archive
2024-05-03T15:48:00+00:00,2024-05-03T10:48:00-05:00,2024-05-03,10:48,Yellow,,Yellow,,Moderate,Around 2 feet.,77.0,South winds around 10 mph.,202405031548-KTAE-FZUS52-SRFTAE,https://mesonet.agron.iastate.edu/p.php?pid=202405031548-KTAE-FZUS52-SRFTAE,NWS Tallahassee SRFTAE via Iowa Environmental Mesonet archive
2024-05-04T15:57:00+00:00,2024-05-04T10:57:00-05:00,2024-05-04,10:57,Yellow,,Single Red,,High,Around 2 feet.,78.0,South winds around 10 mph.,202405041557-KTAE-FZUS52-SRFTAE,https://mesonet.agron.iastate.edu/p.php?pid=202405041557-KTAE-FZUS52-SRFTAE,NWS Tallahassee SRFTAE via Iowa Environmental Mesonet archive
2024-05-05T15:34:00+00:00,2024-05-05T10:34:00-05:00,2024-05-05,10:34,Yellow,,Single Red,,High,Around 2 feet.,79.0,South winds around 10 mph.,202405051534-KTAE-FZUS52-SRFTAE,https://mesonet.agron.iastate.edu/p.php?pid=202405051534-KTAE-FZUS52-SRFTAE,NWS Tallahassee SRFTAE via Iowa Environmental Mesonet archive
2024-05-06T16:14:00+00:00,2024-05-06T11:14:00-05:00,2024-05-06,11:14,Single Red,,Single Red,,High,Around 2 feet.,81.0,South winds around 15 mph.,202405061614-KTAE-FZUS52-SRFTAE,https://mesonet.agron.iastate.edu/p.php?pid=202405061614-KTAE-FZUS52-SRFTAE,NWS Tallahassee SRFTAE via Iowa Environmental Mesonet archive
2024-05-07T15:16:00+00:00,2024-05-07T10:16:00-05:00,2024-05-07,10:16,Single Red,,Single Red,,High,Around 3 feet.,80.0,South winds around 15 mph.,202405071516-KTAE-FZUS52-SRFTAE,https://mesonet.agron.iastate.edu/p.php?pid=202405071516-KTAE-FZUS52-SRFTAE,NWS Tallahassee SRFTAE via Iowa Environmental Mesonet archive
2024-05-08T15:46:00+00:00,2024-05-08T10:46:00-05:00,2024-05-08,10:46,Single Red,,Single Red,,High,Around 3 feet.,80.0,South winds around 15 mph.,202405081546-KTAE-FZUS52-SRFTAE,https://mesonet.agron.iastate.edu/p.php?pid=202405081546-KTAE-FZUS52-SRFTAE,NWS Tallahassee SRFTAE via Iowa Environmental Mesonet archive
2024-05-09T16:24:00+00:00,2024-05-09T11:24:00-05:00,2024-05-09,11:24,Double Red,,Double Red,,High,Around 3 feet.,80.0,South winds around 15 mph.,202405091624-KTAE-FZUS52-SRFTAE,https://mesonet.agron.iastate.edu/p.php?pid=202405091624-KTAE-FZUS52-SRFTAE,NWS Tallahassee SRFTAE via Iowa Environmental Mesonet archive
2024-05-10T15:16:00+00:00,2024-05-10T10:16:00-05:00,2024-05-10,10:16,Double Red,,Double Red,,High,Around 4 feet.,80.0,Southwest winds around 20 mph.,202405101516-KTAE-FZUS52-SRFTAE,https://mesonet.agron.iastate.edu/p.php?pid=202405101516-KTAE-FZUS52-SRFTAE,NWS Tallahassee SRFTAE via Iowa Environmental Mesonet archive
2024-05-11T15:34:00+00:00,2024-05-11T10:34:00-05:00,2024-05-11,10:34,Single Red,,Single Red,,High,Around 3 feet.,78.0,"Northeast winds around 10 mph, becoming",202405111534-KTAE-FZUS52-SRFTAE,https://mesonet.agron.iastate.edu/p.php?pid=202405111534-KTAE-FZUS52-SRFTAE,NWS Tallahassee SRFTAE via Iowa Environmental Mesonet archive
2024-05-12T15:36:00+00:00,2024-05-12T10:36:00-05:00,2024-05-12,10:36,Yellow,,Yellow,,High,Around 2 feet.,78.0,East winds 10 to 15 mph.,202405121536-KTAE-FZUS52-SRFTAE,https://mesonet.agron.iastate.edu/p.php?pid=202405121536-KTAE-FZUS52-SRFTAE,NWS Tallahassee SRFTAE via Iowa Environmental Mesonet archive
2024-05-13T15:51:00+00:00,2024-05-13T10:51:00-05:00,2024-05-13,10:51,Single Red,,Double Red,,High,Around 4 feet.,77.0,Southeast winds 15 to 20 mph.,202405131551-KTAE-FZUS52-SRFTAE,https://mesonet.agron.iastate.edu/p.php?pid=202405131551-KTAE-FZUS52-SRFTAE,NWS Tallahassee SRFTAE via Iowa Environmental Mesonet archive
2024-05-14T16:19:00+00:00,2024-05-14T11:19:00-05:00,2024-05-14,11:19,Double Red,,Double Red,,High,Around 5 feet.,77.0,South winds around 20 mph.,202405141619-KTAE-FZUS52-SRFTAE,https://mesonet.agron.iastate.edu/p.php?pid=202405141619-KTAE-FZUS52-SRFTAE,NWS Tallahassee SRFTAE via Iowa Environmental Mesonet archive
2024-05-15T16:05:00+00:00,2024-05-15T11:05:00-05:00,2024-05-15,11:05,Double Red,,Double Red,,High,Around 4 feet.,78.0,West winds around 15 mph.,202405151605-KTAE-FZUS52-SRFTAE,https://mesonet.agron.iastate.edu/p.php?pid=202405151605-KTAE-FZUS52-SRFTAE,NWS Tallahassee SRFTAE via Iowa Environmental Mesonet archive
2024-05-16T16:00:00+00:00,2024-05-16T11:00:00-05:00,2024-05-16,11:00,Single Red,,Double Red,,High,Around 3 feet.,78.0,"Northwest winds around 5 mph, becoming",202405161600-KTAE-FZUS52-SRFTAE,https://mesonet.agron.iastate.edu/p.php?pid=202405161600-KTAE-FZUS52-SRFTAE,NWS Tallahassee SRFTAE via Iowa Environmental Mesonet archive
2024-05-17T19:10:00+00:00,2024-05-17T14:10:00-05:00,2024-05-17,14:10,Single Red,,Double Red,,High,Around 4 feet.,79.0,South winds around 20 mph.,202405171910-KTAE-FZUS52-SRFTAE,https://mesonet.agron.iastate.edu/p.php?pid=202405171910-KTAE-FZUS52-SRFTAE,NWS Tallahassee SRFTAE via Iowa Environmental Mesonet archive
2024-05-18T16:00:00+00:00,2024-05-18T11:00:00-05:00,2024-05-18,11:00,Single Red,,Double Red,,High,Around 3 feet.,79.0,Southwest winds around 15 mph.,202405181600-KTAE-FZUS52-SRFTAE,https://mesonet.agron.iastate.edu/p.php?pid=202405181600-KTAE-FZUS52-SRFTAE,NWS Tallahassee SRFTAE via Iowa Environmental Mesonet archive
2024-05-19T16:12:00+00:00,2024-05-19T11:12:00-05:00,2024-05-19,11:12,Double Red,,Double Red,,High,Around 3 feet.,78.0,West winds around 10 mph.,202405191612-KTAE-FZUS52-SRFTAE,https://mesonet.agron.iastate.edu/p.php?pid=202405191612-KTAE-FZUS52-SRFTAE,NWS Tallahassee SRFTAE via Iowa Environmental Mesonet archive
2024-05-20T15:23:00+00:00,2024-05-20T10:23:00-05:00,2024-05-20,10:23,Single Red,,Single Red,,High,Around 2 feet.,78.0,"East winds around 10 mph, becoming west",202405201523-KTAE-FZUS52-SRFTAE,https://mesonet.agron.iastate.edu/p.php?pid=202405201523-KTAE-FZUS52-SRFTAE,NWS Tallahassee SRFTAE via Iowa Environmental Mesonet archive
2024-05-21T18:55:00+00:00,2024-05-21T13:55:00-05:00,2024-05-21,13:55,Single Red,,Yellow,,High,Around 2 feet.,80.0,South winds around 10 mph.,202405211855-KTAE-FZUS52-SRFTAE,https://mesonet.agron.iastate.edu/p.php?pid=202405211855-KTAE-FZUS52-SRFTAE,NWS Tallahassee SRFTAE via Iowa Environmental Mesonet archive
2024-05-22T15:14:00+00:00,2024-05-22T10:14:00-05:00,2024-05-22,10:14,Yellow,,Yellow,,Moderate,Around 2 feet.,80.0,Southeast winds around 10 mph.,202405221514-KTAE-FZUS52-SRFTAE,https://mesonet.agron.iastate.edu/p.php?pid=202405221514-KTAE-FZUS52-SRFTAE,NWS Tallahassee SRFTAE via Iowa Environmental Mesonet archive
2024-05-23T15:28:00+00:00,2024-05-23T10:28:00-05:00,2024-05-23,10:28,Yellow,,Yellow,,Moderate,Around 1 foot.,81.0,South winds around 10 mph.,202405231528-KTAE-FZUS52-SRFTAE,https://mesonet.agron.iastate.edu/p.php?pid=202405231528-KTAE-FZUS52-SRFTAE,NWS Tallahassee SRFTAE via Iowa Environmental Mesonet archive
2024-05-24T15:32:00+00:00,2024-05-24T10:32:00-05:00,2024-05-24,10:32,Single Red,,Yellow,,Moderate,Around 2 feet.,81.0,South winds around 10 mph.,202405241532-KTAE-FZUS52-SRFTAE,https://mesonet.agron.iastate.edu/p.php?pid=202405241532-KTAE-FZUS52-SRFTAE,NWS Tallahassee SRFTAE via Iowa Environmental Mesonet archive
2024-05-25T15:19:00+00:00,2024-05-25T10:19:00-05:00,2024-05-25,10:19,Single Red,,Yellow,,High,Around 2 feet.,82.0,Southwest winds around 10 mph.,202405251519-KTAE-FZUS52-SRFTAE,https://mesonet.agron.iastate.edu/p.php?pid=202405251519-KTAE-FZUS52-SRFTAE,NWS Tallahassee SRFTAE via Iowa Environmental Mesonet archive
2024-05-26T15:21:00+00:00,2024-05-26T10:21:00-05:00,2024-05-26,10:21,Single Red,,Yellow,,High,Around 2 feet.,83.0,South winds around 10 mph.,202405261521-KTAE-FZUS52-SRFTAE,https://mesonet.agron.iastate.edu/p.php?pid=202405261521-KTAE-FZUS52-SRFTAE,NWS Tallahassee SRFTAE via Iowa Environmental Mesonet archive
2024-05-27T15:18:00+00:00,2024-05-27T10:18:00-05:00,2024-05-27,10:18,Double Red,,Single Red,,High,Around 3 feet.,83.0,Southwest winds around 15 mph.,202405271518-KTAE-FZUS52-SRFTAE,https://mesonet.agron.iastate.edu/p.php?pid=202405271518-KTAE-FZUS52-SRFTAE,NWS Tallahassee SRFTAE via Iowa Environmental Mesonet archive
2024-05-28T15:36:00+00:00,2024-05-28T10:36:00-05:00,2024-05-28,10:36,Single Red,,Single Red,,High,Around 2 feet.,83.0,Northwest winds around 10 mph.,202405281536-KTAE-FZUS52-SRFTAE,https://mesonet.agron.iastate.edu/p.php?pid=202405281536-KTAE-FZUS52-SRFTAE,NWS Tallahassee SRFTAE via Iowa Environmental Mesonet archive
2024-05-29T15:20:00+00:00,2024-05-29T10:20:00-05:00,2024-05-29,10:20,Yellow,,Yellow,,Moderate,Around 1 foot.,81.0,"Northeast winds around 5 mph, becoming",202405291520-KTAE-FZUS52-SRFTAE,https://mesonet.agron.iastate.edu/p.php?pid=202405291520-KTAE-FZUS52-SRFTAE,NWS Tallahassee SRFTAE via Iowa Environmental Mesonet archive
2024-05-30T16:06:00+00:00,2024-05-30T11:06:00-05:00,2024-05-30,11:06,Yellow,,Yellow,,Moderate,Around 1 foot.,81.0,Southeast winds around 10 mph.,202405301606-KTAE-FZUS52-SRFTAE,https://mesonet.agron.iastate.edu/p.php?pid=202405301606-KTAE-FZUS52-SRFTAE,NWS Tallahassee SRFTAE via Iowa Environmental Mesonet archive
2024-05-31T15:59:00+00:00,2024-05-31T10:59:00-05:00,2024-05-31,10:59,Yellow,,Single Red,,High,Around 3 feet.,81.0,Southeast winds around 15 mph.,202405311559-KTAE-FZUS52-SRFTAE,https://mesonet.agron.iastate.edu/p.php?pid=202405311559-KTAE-FZUS52-SRFTAE,NWS Tallahassee SRFTAE via Iowa Environmental Mesonet archive
2024-06-01T15:18:00+00:00,2024-06-01T10:18:00-05:00,2024-06-01,10:18,Single Red,,Double Red,,High,Around 5 feet.,81.0,Southeast winds around 20 mph.,202406011518-KTAE-FZUS52-SRFTAE,https://mesonet.agron.iastate.edu/p.php?pid=202406011518-KTAE-FZUS52-SRFTAE,NWS Tallahassee SRFTAE via Iowa Environmental Mesonet archive
2024-06-02T15:22:00+00:00,2024-06-02T10:22:00-05:00,2024-06-02,10:22,Single Red,,Yellow,,High,Around 2 feet.,80.0,South winds around 10 mph.,202406021522-KTAE-FZUS52-SRFTAE,https://mesonet.agron.iastate.edu/p.php?pid=202406021522-KTAE-FZUS52-SRFTAE,NWS Tallahassee SRFTAE via Iowa Environmental Mesonet archive
2024-06-03T15:48:00+00:00,2024-06-03T10:48:00-05:00,2024-06-03,10:48,Yellow,,Yellow,,High,Around 2 feet.,82.0,Southeast winds 5 to 10 mph.,202406031548-KTAE-FZUS52-SRFTAE,https://mesonet.agron.iastate.edu/p.php?pid=202406031548-KTAE-FZUS52-SRFTAE,NWS Tallahassee SRFTAE via Iowa Environmental Mesonet archive
2024-06-04T15:47:00+00:00,2024-06-04T10:47:00-05:00,2024-06-04,10:47,Yellow,,Yellow,,Moderate,Around 2 feet.,82.0,South winds around 10 mph.,202406041547-KTAE-FZUS52-SRFTAE,https://mesonet.agron.iastate.edu/p.php?pid=202406041547-KTAE-FZUS52-SRFTAE,NWS Tallahassee SRFTAE via Iowa Environmental Mesonet archive
2024-06-05T15:50:00+00:00,2024-06-05T10:50:00-05:00,2024-06-05,10:50,Single Red,,Yellow,,Moderate,Around 2 feet.,83.0,South winds around 10 mph.,202406051550-KTAE-FZUS52-SRFTAE,https://mesonet.agron.iastate.edu/p.php?pid=202406051550-KTAE-FZUS52-SRFTAE,NWS Tallahassee SRFTAE via Iowa Environmental Mesonet archive
2024-06-06T15:43:00+00:00,2024-06-06T10:43:00-05:00,2024-06-06,10:43,Single Red,,Single Red,,High,Around 2 feet.,84.0,Southwest winds around 15 mph.,202406061543-KTAE-FZUS52-SRFTAE,https://mesonet.agron.iastate.edu/p.php?pid=202406061543-KTAE-FZUS52-SRFTAE,NWS Tallahassee SRFTAE via Iowa Environmental Mesonet archive
2024-06-07T15:45:00+00:00,2024-06-07T10:45:00-05:00,2024-06-07,10:45,Single Red,,Single Red,,Moderate,Around 2 feet.,84.0,West winds 5 to 10 mph.,202406071545-KTAE-FZUS52-SRFTAE,https://mesonet.agron.iastate.edu/p.php?pid=202406071545-KTAE-FZUS52-SRFTAE,NWS Tallahassee SRFTAE via Iowa Environmental Mesonet archive
2024-06-08T16:05:00+00:00,2024-06-08T11:05:00-05:00,2024-06-08,11:05,Single Red,,Single Red,,Moderate,Around 1 foot.,81.0,"Northeast winds around 5 mph, becoming",202406081605-KTAE-FZUS52-SRFTAE,https://mesonet.agron.iastate.edu/p.php?pid=202406081605-KTAE-FZUS52-SRFTAE,NWS Tallahassee SRFTAE via Iowa Environmental Mesonet archive
2024-06-09T16:00:00+00:00,2024-06-09T11:00:00-05:00,2024-06-09,11:00,Single Red,,Single Red,,Moderate,Around 1 foot.,82.0,West winds around 10 mph.,202406091600-KTAE-FZUS52-SRFTAE,https://mesonet.agron.iastate.edu/p.php?pid=202406091600-KTAE-FZUS52-SRFTAE,NWS Tallahassee SRFTAE via Iowa Environmental Mesonet archive
2024-06-10T15:45:00+00:00,2024-06-10T10:45:00-05:00,2024-06-10,10:45,Yellow,,Single Red,,Moderate,Around 2 feet.,82.0,West winds 10 to 15 mph.,202406101545-KTAE-FZUS52-SRFTAE,https://mesonet.agron.iastate.edu/p.php?pid=202406101545-KTAE-FZUS52-SRFTAE,NWS Tallahassee SRFTAE via Iowa Environmental Mesonet archive
2024-06-11T15:42:00+00:00,2024-06-11T10:42:00-05:00,2024-06-11,10:42,Yellow,,Single Red,,Moderate,Around 1 foot.,80.0,"North winds around 5 mph, becoming west",202406111542-KTAE-FZUS52-SRFTAE,https://mesonet.agron.iastate.edu/p.php?pid=202406111542-KTAE-FZUS52-SRFTAE,NWS Tallahassee SRFTAE via Iowa Environmental Mesonet archive
2024-06-12T15:44:00+00:00,2024-06-12T10:44:00-05:00,2024-06-12,10:44,Yellow,,Single Red,,High,Around 2 feet.,80.0,"East winds around 5 mph, becoming",202406121544-KTAE-FZUS52-SRFTAE,https://mesonet.agron.iastate.edu/p.php?pid=202406121544-KTAE-FZUS52-SRFTAE,NWS Tallahassee SRFTAE via Iowa Environmental Mesonet archive
2024-06-13T16:12:00+00:00,2024-06-13T11:12:00-05:00,2024-06-13,11:12,Yellow,,Single Red,,High,Around 2 feet.,82.0,South winds around 10 mph.,202406131612-KTAE-FZUS52-SRFTAE,https://mesonet.agron.iastate.edu/p.php?pid=202406131612-KTAE-FZUS52-SRFTAE,NWS Tallahassee SRFTAE via Iowa Environmental Mesonet archive
2024-06-14T15:11:00+00:00,2024-06-14T10:11:00-05:00,2024-06-14,10:11,Yellow,,Single Red,,Moderate,Around 2 feet.,83.0,"East winds around 10 mph, becoming",202406141511-KTAE-FZUS52-SRFTAE,https://mesonet.agron.iastate.edu/p.php?pid=202406141511-KTAE-FZUS52-SRFTAE,NWS Tallahassee SRFTAE via Iowa Environmental Mesonet archive
2024-06-15T15:41:00+00:00,2024-06-15T10:41:00-05:00,2024-06-15,10:41,Yellow,,Yellow,,Moderate,Around 2 feet.,84.0,"East winds around 5 mph, becoming south",202406151541-KTAE-FZUS52-SRFTAE,https://mesonet.agron.iastate.edu/p.php?pid=202406151541-KTAE-FZUS52-SRFTAE,NWS Tallahassee SRFTAE via Iowa Environmental Mesonet archive
2024-06-16T15:18:00+00:00,2024-06-16T10:18:00-05:00,2024-06-16,10:18,Single Red,,Single Red,,High,Around 3 feet.,85.0,Southeast winds around 10 mph.,202406161518-KTAE-FZUS52-SRFTAE,https://mesonet.agron.iastate.edu/p.php?pid=202406161518-KTAE-FZUS52-SRFTAE,NWS Tallahassee SRFTAE via Iowa Environmental Mesonet archive
2024-06-17T15:11:00+00:00,2024-06-17T10:11:00-05:00,2024-06-17,10:11,Single Red,,Single Red,,High,Around 4 feet.,85.0,East winds 15 to 20 mph.,202406171511-KTAE-FZUS52-SRFTAE,https://mesonet.agron.iastate.edu/p.php?pid=202406171511-KTAE-FZUS52-SRFTAE,NWS Tallahassee SRFTAE via Iowa Environmental Mesonet archive
2024-06-18T15:07:00+00:00,2024-06-18T10:07:00-05:00,2024-06-18,10:07,Double Red,,Double Red,,High,Around 5 feet.,84.0,Breezy. East winds around 25 mph.,202406181507-KTAE-FZUS52-SRFTAE,https://mesonet.agron.iastate.edu/p.php?pid=202406181507-KTAE-FZUS52-SRFTAE,NWS Tallahassee SRFTAE via Iowa Environmental Mesonet archive
2024-06-19T15:59:00+00:00,2024-06-19T10:59:00-05:00,2024-06-19,10:59,Double Red,,Double Red,,High,Around 5 feet.,84.0,Breezy. East winds 20 to 25 mph.,202406191559-KTAE-FZUS52-SRFTAE,https://mesonet.agron.iastate.edu/p.php?pid=202406191559-KTAE-FZUS52-SRFTAE,NWS Tallahassee SRFTAE via Iowa Environmental Mesonet archive
2024-06-20T15:22:00+00:00,2024-06-20T10:22:00-05:00,2024-06-20,10:22,Double Red,,Double Red,,High,Around 4 feet.,83.0,East winds 15 to 20 mph.,202406201522-KTAE-FZUS52-SRFTAE,https://mesonet.agron.iastate.edu/p.php?pid=202406201522-KTAE-FZUS52-SRFTAE,NWS Tallahassee SRFTAE via Iowa Environmental Mesonet archive
2024-06-21T15:16:00+00:00,2024-06-21T10:16:00-05:00,2024-06-21,10:16,Single Red,,Double Red,,High,Around 3 feet.,83.0,Northeast winds 10 to 15 mph.,202406211516-KTAE-FZUS52-SRFTAE,https://mesonet.agron.iastate.edu/p.php?pid=202406211516-KTAE-FZUS52-SRFTAE,NWS Tallahassee SRFTAE via Iowa Environmental Mesonet archive
2024-06-22T15:27:00+00:00,2024-06-22T10:27:00-05:00,2024-06-22,10:27,Single Red,,Single Red,,High,Around 2 feet.,84.0,"Northeast winds around 5 mph, becoming",202406221527-KTAE-FZUS52-SRFTAE,https://mesonet.agron.iastate.edu/p.php?pid=202406221527-KTAE-FZUS52-SRFTAE,NWS Tallahassee SRFTAE via Iowa Environmental Mesonet archive
2024-06-23T16:36:00+00:00,2024-06-23T11:36:00-05:00,2024-06-23,11:36,Single Red,,Single Red,,High,Around 2 feet.,85.0,Southwest winds around 10 mph.,202406231636-KTAE-FZUS52-SRFTAE,https://mesonet.agron.iastate.edu/p.php?pid=202406231636-KTAE-FZUS52-SRFTAE,NWS Tallahassee SRFTAE via Iowa Environmental Mesonet archive
2024-06-23T17:14:00+00:00,2024-06-23T12:14:00-05:00,2024-06-23,12:14,Double Red,,Single Red,,High,Around 2 feet.,86.0,Southwest winds around 10 mph.,202406231714-KTAE-FZUS52-SRFTAE,https://mesonet.agron.iastate.edu/p.php?pid=202406231714-KTAE-FZUS52-SRFTAE,NWS Tallahassee SRFTAE via Iowa Environmental Mesonet archive
2024-06-24T16:00:00+00:00,2024-06-24T11:00:00-05:00,2024-06-24,11:00,Double Red,,Double Red,,High,Around 2 feet.,85.0,West winds 10 to 15 mph.,202406241600-KTAE-FZUS52-SRFTAE,https://mesonet.agron.iastate.edu/p.php?pid=202406241600-KTAE-FZUS52-SRFTAE,NWS Tallahassee SRFTAE via Iowa Environmental Mesonet archive
2024-06-25T15:48:00+00:00,2024-06-25T10:48:00-05:00,2024-06-25,10:48,Single Red,,Double Red,,High,Around 2 feet.,84.0,West winds 10 to 15 mph.,202406251548-KTAE-FZUS52-SRFTAE,https://mesonet.agron.iastate.edu/p.php?pid=202406251548-KTAE-FZUS52-SRFTAE,NWS Tallahassee SRFTAE via Iowa Environmental Mesonet archive
2024-06-26T15:22:00+00:00,2024-06-26T10:22:00-05:00,2024-06-26,10:22,Single Red,,Double Red,,High,Around 3 feet.,85.0,West winds around 15 mph.,202406261522-KTAE-FZUS52-SRFTAE,https://mesonet.agron.iastate.edu/p.php?pid=202406261522-KTAE-FZUS52-SRFTAE,NWS Tallahassee SRFTAE via Iowa Environmental Mesonet archive
2024-06-27T15:58:00+00:00,2024-06-27T10:58:00-05:00,2024-06-27,10:58,Single Red,,Double Red,,High,Around 3 feet.,83.0,West winds 15 to 20 mph.,202406271558-KTAE-FZUS52-SRFTAE,https://mesonet.agron.iastate.edu/p.php?pid=202406271558-KTAE-FZUS52-SRFTAE,NWS Tallahassee SRFTAE via Iowa Environmental Mesonet archive
2024-06-28T15:50:00+00:00,2024-06-28T10:50:00-05:00,2024-06-28,10:50,Single Red,,Double Red,,High,Around 3 feet.,84.0,Southwest winds around 15 mph.,202406281550-KTAE-FZUS52-SRFTAE,https://mesonet.agron.iastate.edu/p.php?pid=202406281550-KTAE-FZUS52-SRFTAE,NWS Tallahassee SRFTAE via Iowa Environmental Mesonet archive
2024-06-29T16:03:00+00:00,2024-06-29T11:03:00-05:00,2024-06-29,11:03,Single Red,,Single Red,,High,Around 2 feet.,85.0,Southwest winds around 10 mph.,202406291603-KTAE-FZUS52-SRFTAE,https://mesonet.agron.iastate.edu/p.php?pid=202406291603-KTAE-FZUS52-SRFTAE,NWS Tallahassee SRFTAE via Iowa Environmental Mesonet archive
2024-06-30T15:15:00+00:00,2024-06-30T10:15:00-05:00,2024-06-30,10:15,Single Red,,Double Red,,High,Around 4 feet.,86.0,West winds around 10 mph.,202406301515-KTAE-FZUS52-SRFTAE,https://mesonet.agron.iastate.edu/p.php?pid=202406301515-KTAE-FZUS52-SRFTAE,NWS Tallahassee SRFTAE via Iowa Environmental Mesonet archive
2024-07-01T15:15:00+00:00,2024-07-01T10:15:00-05:00,2024-07-01,10:15,Single Red,,Double Red,,High,Around 2 feet.,84.0,"North winds around 5 mph, becoming west",202407011515-KTAE-FZUS52-SRFTAE,https://mesonet.agron.iastate.edu/p.php?pid=202407011515-KTAE-FZUS52-SRFTAE,NWS Tallahassee SRFTAE via Iowa Environmental Mesonet archive
2024-07-01T17:35:00+00:00,2024-07-01T12:35:00-05:00,2024-07-01,12:35,Double Red,,Double Red,,High,Around 2 feet.,84.0,Southwest winds around 5 mph.,202407011735-KTAE-FZUS52-SRFTAE,https://mesonet.agron.iastate.edu/p.php?pid=202407011735-KTAE-FZUS52-SRFTAE,NWS Tallahassee SRFTAE via Iowa Environmental Mesonet archive
2024-07-02T15:46:00+00:00,2024-07-02T10:46:00-05:00,2024-07-02,10:46,Single Red,,Single Red,,High,Around 2 feet.,85.0,Southeast winds around 10 mph.,202407021546-KTAE-FZUS52-SRFTAE,https://mesonet.agron.iastate.edu/p.php?pid=202407021546-KTAE-FZUS52-SRFTAE,NWS Tallahassee SRFTAE via Iowa Environmental Mesonet archive
2024-07-03T17:09:00+00:00,2024-07-03T12:09:00-05:00,2024-07-03,12:09,Yellow,,Yellow,,Moderate,Around 1 foot.,86.0,South winds around 10 mph.,202407031709-KTAE-FZUS52-SRFTAE,https://mesonet.agron.iastate.edu/p.php?pid=202407031709-KTAE-FZUS52-SRFTAE,NWS Tallahassee SRFTAE via Iowa Environmental Mesonet archive
2024-07-04T15:34:00+00:00,2024-07-04T10:34:00-05:00,2024-07-04,10:34,Yellow,,Yellow,,Moderate,Around 1 foot.,87.0,Southwest winds around 5 mph.,202407041534-KTAE-FZUS52-SRFTAE,https://mesonet.agron.iastate.edu/p.php?pid=202407041534-KTAE-FZUS52-SRFTAE,NWS Tallahassee SRFTAE via Iowa Environmental Mesonet archive
2024-07-05T15:18:00+00:00,2024-07-05T10:18:00-05:00,2024-07-05,10:18,Yellow,,Yellow,,Moderate,Around 1 foot.,87.0,West winds 5 to 10 mph.,202407051518-KTAE-FZUS52-SRFTAE,https://mesonet.agron.iastate.edu/p.php?pid=202407051518-KTAE-FZUS52-SRFTAE,NWS Tallahassee SRFTAE via Iowa Environmental Mesonet archive
2024-07-05T20:42:00+00:00,2024-07-05T15:42:00-05:00,2024-07-05,15:42,Single Red,,Yellow,,Moderate,Around 1 foot.,89.0,Southwest winds around 10 mph.,202407052042-KTAE-FZUS52-SRFTAE,https://mesonet.agron.iastate.edu/p.php?pid=202407052042-KTAE-FZUS52-SRFTAE,NWS Tallahassee SRFTAE via Iowa Environmental Mesonet archive
2024-07-05T22:11:00+00:00,2024-07-05T17:11:00-05:00,2024-07-05,17:11,Double Red,,Yellow,,Moderate,Around 1 foot.,89.0,Southwest winds around 15 mph.,202407052211-KTAE-FZUS52-SRFTAE,https://mesonet.agron.iastate.edu/p.php?pid=202407052211-KTAE-FZUS52-SRFTAE,NWS Tallahassee SRFTAE via Iowa Environmental Mesonet archive
2024-07-06T15:38:00+00:00,2024-07-06T10:38:00-05:00,2024-07-06,10:38,Double Red,,Single Red,,High,Around 3 feet.,86.0,Southwest winds 5 to 10 mph.,202407061538-KTAE-FZUS52-SRFTAE,https://mesonet.agron.iastate.edu/p.php?pid=202407061538-KTAE-FZUS52-SRFTAE,NWS Tallahassee SRFTAE via Iowa Environmental Mesonet archive
2024-07-07T15:18:00+00:00,2024-07-07T10:18:00-05:00,2024-07-07,10:18,Single Red,,Single Red,,High,Around 2 feet.,87.0,Southwest winds 5 to 10 mph.,202407071518-KTAE-FZUS52-SRFTAE,https://mesonet.agron.iastate.edu/p.php?pid=202407071518-KTAE-FZUS52-SRFTAE,NWS Tallahassee SRFTAE via Iowa Environmental Mesonet archive
2024-07-09T15:39:00+00:00,2024-07-09T10:39:00-05:00,2024-07-09,10:39,Double Red,,Double Red,,High,Around 4 feet.,88.0,Southwest winds around 20 mph.,202407091539-KTAE-FZUS52-SRFTAE,https://mesonet.agron.iastate.edu/p.php?pid=202407091539-KTAE-FZUS52-SRFTAE,NWS Tallahassee SRFTAE via Iowa Environmental Mesonet archive
2024-07-10T15:41:00+00:00,2024-07-10T10:41:00-05:00,2024-07-10,10:41,Double Red,,Double Red,,High,Around 3 feet.,87.0,West winds around 15 mph.,202407101541-KTAE-FZUS52-SRFTAE,https://mesonet.agron.iastate.edu/p.php?pid=202407101541-KTAE-FZUS52-SRFTAE,NWS Tallahassee SRFTAE via Iowa Environmental Mesonet archive
2024-07-11T16:27:00+00:00,2024-07-11T11:27:00-05:00,2024-07-11,11:27,Single Red,,Single Red,,High,Around 2 feet.,84.0,West winds around 10 mph.,202407111627-KTAE-FZUS52-SRFTAE,https://mesonet.agron.iastate.edu/p.php?pid=202407111627-KTAE-FZUS52-SRFTAE,NWS Tallahassee SRFTAE via Iowa Environmental Mesonet archive
2024-07-12T15:20:00+00:00,2024-07-12T10:20:00-05:00,2024-07-12,10:20,Single Red,,Single Red,,High,Around 2 feet.,84.0,West winds around 10 mph.,202407121520-KTAE-FZUS52-SRFTAE,https://mesonet.agron.iastate.edu/p.php?pid=202407121520-KTAE-FZUS52-SRFTAE,NWS Tallahassee SRFTAE via Iowa Environmental Mesonet archive
2024-07-13T15:14:00+00:00,2024-07-13T10:14:00-05:00,2024-07-13,10:14,Yellow,,Single Red,,Moderate,Around 1 foot.,84.0,West winds 5 to 10 mph.,202407131514-KTAE-FZUS52-SRFTAE,https://mesonet.agron.iastate.edu/p.php?pid=202407131514-KTAE-FZUS52-SRFTAE,NWS Tallahassee SRFTAE via Iowa Environmental Mesonet archive
2024-07-14T15:26:00+00:00,2024-07-14T10:26:00-05:00,2024-07-14,10:26,Yellow,,Yellow,,Moderate,Around 1 foot.,85.0,"Northwest winds around 5 mph, becoming",202407141526-KTAE-FZUS52-SRFTAE,https://mesonet.agron.iastate.edu/p.php?pid=202407141526-KTAE-FZUS52-SRFTAE,NWS Tallahassee SRFTAE via Iowa Environmental Mesonet archive
2024-07-15T15:31:00+00:00,2024-07-15T10:31:00-05:00,2024-07-15,10:31,Yellow,,Yellow,,Moderate,Around 1 foot.,86.0,Southwest winds 5 to 10 mph.,202407151531-KTAE-FZUS52-SRFTAE,https://mesonet.agron.iastate.edu/p.php?pid=202407151531-KTAE-FZUS52-SRFTAE,NWS Tallahassee SRFTAE via Iowa Environmental Mesonet archive
2024-07-16T17:49:00+00:00,2024-07-16T12:49:00-05:00,2024-07-16,12:49,Yellow,,Yellow,,Moderate,Around 1 foot.,86.0,Southwest winds around 10 mph.,202407161749-KTAE-FZUS52-SRFTAE,https://mesonet.agron.iastate.edu/p.php?pid=202407161749-KTAE-FZUS52-SRFTAE,NWS Tallahassee SRFTAE via Iowa Environmental Mesonet archive
2024-07-17T15:20:00+00:00,2024-07-17T10:20:00-05:00,2024-07-17,10:20,Yellow,,Yellow,,Moderate,Around 1 foot.,86.0,Southwest winds 5 to 10 mph.,202407171520-KTAE-FZUS52-SRFTAE,https://mesonet.agron.iastate.edu/p.php?pid=202407171520-KTAE-FZUS52-SRFTAE,NWS Tallahassee SRFTAE via Iowa Environmental Mesonet archive
2024-07-18T15:21:00+00:00,2024-07-18T10:21:00-05:00,2024-07-18,10:21,Yellow,,Yellow,,Moderate,Around 1 foot.,85.0,Southwest winds 5 to 10 mph.,202407181521-KTAE-FZUS52-SRFTAE,https://mesonet.agron.iastate.edu/p.php?pid=202407181521-KTAE-FZUS52-SRFTAE,NWS Tallahassee SRFTAE via Iowa Environmental Mesonet archive
2024-07-19T15:35:00+00:00,2024-07-19T10:35:00-05:00,2024-07-19,10:35,Single Red,,Yellow,,Moderate,Around 1 foot.,86.0,Southwest winds around 10 mph.,202407191535-KTAE-FZUS52-SRFTAE,https://mesonet.agron.iastate.edu/p.php?pid=202407191535-KTAE-FZUS52-SRFTAE,NWS Tallahassee SRFTAE via Iowa Environmental Mesonet archive
2024-07-20T15:42:00+00:00,2024-07-20T10:42:00-05:00,2024-07-20,10:42,Single Red,,Yellow,,Moderate,Around 2 feet.,86.0,Southwest winds around 10 mph.,202407201542-KTAE-FZUS52-SRFTAE,https://mesonet.agron.iastate.edu/p.php?pid=202407201542-KTAE-FZUS52-SRFTAE,NWS Tallahassee SRFTAE via Iowa Environmental Mesonet archive
2024-07-21T15:29:00+00:00,2024-07-21T10:29:00-05:00,2024-07-21,10:29,Yellow,,Single Red,,Moderate,Around 1 foot.,85.0,Southwest winds around 10 mph.,202407211529-KTAE-FZUS52-SRFTAE,https://mesonet.agron.iastate.edu/p.php?pid=202407211529-KTAE-FZUS52-SRFTAE,NWS Tallahassee SRFTAE via Iowa Environmental Mesonet archive
2024-07-22T15:49:00+00:00,2024-07-22T10:49:00-05:00,2024-07-22,10:49,Yellow,,Yellow,,Moderate,Around 1 foot.,86.0,"Northwest winds around 5 mph, becoming",202407221549-KTAE-FZUS52-SRFTAE,https://mesonet.agron.iastate.edu/p.php?pid=202407221549-KTAE-FZUS52-SRFTAE,NWS Tallahassee SRFTAE via Iowa Environmental Mesonet archive
2024-07-23T15:24:00+00:00,2024-07-23T10:24:00-05:00,2024-07-23,10:24,Yellow,,Yellow,,Moderate,Around 1 foot.,87.0,Southeast winds 5 to 10 mph.,202407231524-KTAE-FZUS52-SRFTAE,https://mesonet.agron.iastate.edu/p.php?pid=202407231524-KTAE-FZUS52-SRFTAE,NWS Tallahassee SRFTAE via Iowa Environmental Mesonet archive
2024-07-24T18:26:00+00:00,2024-07-24T13:26:00-05:00,2024-07-24,13:26,Yellow,,Single Red,,Moderate,Around 2 feet.,89.0,South winds around 10 mph.,202407241826-KTAE-FZUS52-SRFTAE,https://mesonet.agron.iastate.edu/p.php?pid=202407241826-KTAE-FZUS52-SRFTAE,NWS Tallahassee SRFTAE via Iowa Environmental Mesonet archive
2024-07-25T15:33:00+00:00,2024-07-25T10:33:00-05:00,2024-07-25,10:33,Yellow,,Yellow,,Moderate,Around 1 foot.,87.0,South winds around 5 mph.,202407251533-KTAE-FZUS52-SRFTAE,https://mesonet.agron.iastate.edu/p.php?pid=202407251533-KTAE-FZUS52-SRFTAE,NWS Tallahassee SRFTAE via Iowa Environmental Mesonet archive
2024-07-26T15:17:00+00:00,2024-07-26T10:17:00-05:00,2024-07-26,10:17,Yellow,,Yellow,,Moderate,Around 2 feet.,87.0,"East winds around 5 mph, becoming south",202407261517-KTAE-FZUS52-SRFTAE,https://mesonet.agron.iastate.edu/p.php?pid=202407261517-KTAE-FZUS52-SRFTAE,NWS Tallahassee SRFTAE via Iowa Environmental Mesonet archive
2024-07-27T15:14:00+00:00,2024-07-27T10:14:00-05:00,2024-07-27,10:14,Yellow,,Yellow,,Moderate,Around 1 foot.,87.0,Southwest winds around 5 mph.,202407271514-KTAE-FZUS52-SRFTAE,https://mesonet.agron.iastate.edu/p.php?pid=202407271514-KTAE-FZUS52-SRFTAE,NWS Tallahassee SRFTAE via Iowa Environmental Mesonet archive
2024-07-28T15:19:00+00:00,2024-07-28T10:19:00-05:00,2024-07-28,10:19,Yellow,,Yellow,,Moderate,Around 1 foot.,87.0,"Southeast winds around 5 mph, becoming",202407281519-KTAE-FZUS52-SRFTAE,https://mesonet.agron.iastate.edu/p.php?pid=202407281519-KTAE-FZUS52-SRFTAE,NWS Tallahassee SRFTAE via Iowa Environmental Mesonet archive
2024-07-29T16:47:00+00:00,2024-07-29T11:47:00-05:00,2024-07-29,11:47,Yellow,,Yellow,,Moderate,Around 1 foot.,87.0,West winds around 5 mph.,202407291647-KTAE-FZUS52-SRFTAE,https://mesonet.agron.iastate.edu/p.php?pid=202407291647-KTAE-FZUS52-SRFTAE,NWS Tallahassee SRFTAE via Iowa Environmental Mesonet archive
2024-07-30T15:39:00+00:00,2024-07-30T10:39:00-05:00,2024-07-30,10:39,Yellow,,Single Red,,Moderate,Around 2 feet.,87.0,"Northwest winds around 10 mph, becoming",202407301539-KTAE-FZUS52-SRFTAE,https://mesonet.agron.iastate.edu/p.php?pid=202407301539-KTAE-FZUS52-SRFTAE,NWS Tallahassee SRFTAE via Iowa Environmental Mesonet archive
2024-07-31T15:17:00+00:00,2024-07-31T10:17:00-05:00,2024-07-31,10:17,Yellow,,Yellow,,Moderate,Around 1 foot.,87.0,West winds around 5 mph.,202407311517-KTAE-FZUS52-SRFTAE,https://mesonet.agron.iastate.edu/p.php?pid=202407311517-KTAE-FZUS52-SRFTAE,NWS Tallahassee SRFTAE via Iowa Environmental Mesonet archive
2024-08-01T15:11:00+00:00,2024-08-01T10:11:00-05:00,2024-08-01,10:11,Yellow,,Yellow,,Moderate,Around 1 foot.,87.0,West winds around 5 mph.,202408011511-KTAE-FZUS52-SRFTAE,https://mesonet.agron.iastate.edu/p.php?pid=202408011511-KTAE-FZUS52-SRFTAE,NWS Tallahassee SRFTAE via Iowa Environmental Mesonet archive
2024-08-02T15:15:00+00:00,2024-08-02T10:15:00-05:00,2024-08-02,10:15,Yellow,,Yellow,,Moderate,Around 1 foot.,88.0,West winds around 10 mph.,202408021515-KTAE-FZUS52-SRFTAE,https://mesonet.agron.iastate.edu/p.php?pid=202408021515-KTAE-FZUS52-SRFTAE,NWS Tallahassee SRFTAE via Iowa Environmental Mesonet archive
2024-08-03T15:55:00+00:00,2024-08-03T10:55:00-05:00,2024-08-03,10:55,Yellow,,Yellow,,Moderate,Around 1 foot.,88.0,Southwest winds 5 to 10 mph.,202408031555-KTAE-FZUS52-SRFTAE,https://mesonet.agron.iastate.edu/p.php?pid=202408031555-KTAE-FZUS52-SRFTAE,NWS Tallahassee SRFTAE via Iowa Environmental Mesonet archive
2024-08-04T15:04:00+00:00,2024-08-04T10:04:00-05:00,2024-08-04,10:04,Yellow,,,,High,Around 2 feet.,88.0,East winds 15 to 20 mph.,202408041504-KTAE-FZUS52-SRFTAE,https://mesonet.agron.iastate.edu/p.php?pid=202408041504-KTAE-FZUS52-SRFTAE,NWS Tallahassee SRFTAE via Iowa Environmental Mesonet archive
2024-08-05T16:39:00+00:00,2024-08-05T11:39:00-05:00,2024-08-05,11:39,Single Red,,,,High,Around 3 feet.,88.0,Breezy. North winds around 25 mph.,202408051639-KTAE-FZUS52-SRFTAE,https://mesonet.agron.iastate.edu/p.php?pid=202408051639-KTAE-FZUS52-SRFTAE,NWS Tallahassee SRFTAE via Iowa Environmental Mesonet archive
2024-08-06T16:27:00+00:00,2024-08-06T11:27:00-05:00,2024-08-06,11:27,Yellow,,Double Red,,High,Around 2 feet.,87.0,West winds around 20 mph.,202408061627-KTAE-FZUS52-SRFTAE,https://mesonet.agron.iastate.edu/p.php?pid=202408061627-KTAE-FZUS52-SRFTAE,NWS Tallahassee SRFTAE via Iowa Environmental Mesonet archive
2024-08-07T15:17:00+00:00,2024-08-07T10:17:00-05:00,2024-08-07,10:17,Single Red,,Double Red,,High,Around 3 feet.,85.0,Northwest winds 10 to 15 mph.,202408071517-KTAE-FZUS52-SRFTAE,https://mesonet.agron.iastate.edu/p.php?pid=202408071517-KTAE-FZUS52-SRFTAE,NWS Tallahassee SRFTAE via Iowa Environmental Mesonet archive
2024-08-08T15:20:00+00:00,2024-08-08T10:20:00-05:00,2024-08-08,10:20,Single Red,,Double Red,,High,Around 3 feet.,84.0,West winds 10 to 15 mph.,202408081520-KTAE-FZUS52-SRFTAE,https://mesonet.agron.iastate.edu/p.php?pid=202408081520-KTAE-FZUS52-SRFTAE,NWS Tallahassee SRFTAE via Iowa Environmental Mesonet archive
2024-08-09T15:49:00+00:00,2024-08-09T10:49:00-05:00,2024-08-09,10:49,Yellow,,Double Red,,High,Around 2 feet.,84.0,Southwest winds around 10 mph.,202408091549-KTAE-FZUS52-SRFTAE,https://mesonet.agron.iastate.edu/p.php?pid=202408091549-KTAE-FZUS52-SRFTAE,NWS Tallahassee SRFTAE via Iowa Environmental Mesonet archive
2024-08-10T15:32:00+00:00,2024-08-10T10:32:00-05:00,2024-08-10,10:32,Yellow,,Single Red,,Moderate,Around 1 foot.,84.0,West winds around 10 mph.,202408101532-KTAE-FZUS52-SRFTAE,https://mesonet.agron.iastate.edu/p.php?pid=202408101532-KTAE-FZUS52-SRFTAE,NWS Tallahassee SRFTAE via Iowa Environmental Mesonet archive
2024-08-11T15:25:00+00:00,2024-08-11T10:25:00-05:00,2024-08-11,10:25,Yellow,,Single Red,,Moderate,Around 1 foot.,85.0,"Northwest winds around 5 mph, becoming",202408111525-KTAE-FZUS52-SRFTAE,https://mesonet.agron.iastate.edu/p.php?pid=202408111525-KTAE-FZUS52-SRFTAE,NWS Tallahassee SRFTAE via Iowa Environmental Mesonet archive
2024-08-12T16:29:00+00:00,2024-08-12T11:29:00-05:00,2024-08-12,11:29,Yellow,,Single Red,,Moderate,Around 1 foot.,85.0,West winds around 10 mph.,202408121629-KTAE-FZUS52-SRFTAE,https://mesonet.agron.iastate.edu/p.php?pid=202408121629-KTAE-FZUS52-SRFTAE,NWS Tallahassee SRFTAE via Iowa Environmental Mesonet archive
2024-08-13T15:30:00+00:00,2024-08-13T10:30:00-05:00,2024-08-13,10:30,Yellow,,Yellow,,Moderate,Around 1 foot.,85.0,West winds around 10 mph.,202408131530-KTAE-FZUS52-SRFTAE,https://mesonet.agron.iastate.edu/p.php?pid=202408131530-KTAE-FZUS52-SRFTAE,NWS Tallahassee SRFTAE via Iowa Environmental Mesonet archive
2024-08-14T15:16:00+00:00,2024-08-14T10:16:00-05:00,2024-08-14,10:16,Yellow,,Yellow,,Moderate,Around 1 foot.,84.0,"North winds around 10 mph, becoming",202408141516-KTAE-FZUS52-SRFTAE,https://mesonet.agron.iastate.edu/p.php?pid=202408141516-KTAE-FZUS52-SRFTAE,NWS Tallahassee SRFTAE via Iowa Environmental Mesonet archive
2024-08-15T16:27:00+00:00,2024-08-15T11:27:00-05:00,2024-08-15,11:27,Yellow,,Yellow,,Moderate,Around 1 foot.,84.0,South winds around 10 mph.,202408151627-KTAE-FZUS52-SRFTAE,https://mesonet.agron.iastate.edu/p.php?pid=202408151627-KTAE-FZUS52-SRFTAE,NWS Tallahassee SRFTAE via Iowa Environmental Mesonet archive
2024-08-16T16:07:00+00:00,2024-08-16T11:07:00-05:00,2024-08-16,11:07,Yellow,,Yellow,,Moderate,Around 1 foot.,86.0,Southeast winds around 10 mph.,202408161607-KTAE-FZUS52-SRFTAE,https://mesonet.agron.iastate.edu/p.php?pid=202408161607-KTAE-FZUS52-SRFTAE,NWS Tallahassee SRFTAE via Iowa Environmental Mesonet archive
2024-08-17T15:15:00+00:00,2024-08-17T10:15:00-05:00,2024-08-17,10:15,Yellow,,Yellow,,Moderate,Around 1 foot.,86.0,"East winds around 5 mph, becoming",202408171515-KTAE-FZUS52-SRFTAE,https://mesonet.agron.iastate.edu/p.php?pid=202408171515-KTAE-FZUS52-SRFTAE,NWS Tallahassee SRFTAE via Iowa Environmental Mesonet archive
2024-08-18T15:19:00+00:00,2024-08-18T10:19:00-05:00,2024-08-18,10:19,Yellow,,Yellow,,Moderate,Around 1 foot.,87.0,West winds around 10 mph.,202408181519-KTAE-FZUS52-SRFTAE,https://mesonet.agron.iastate.edu/p.php?pid=202408181519-KTAE-FZUS52-SRFTAE,NWS Tallahassee SRFTAE via Iowa Environmental Mesonet archive
2024-08-19T15:54:00+00:00,2024-08-19T10:54:00-05:00,2024-08-19,10:54,Single Red,,Double Red,,High,Around 3 feet.,86.0,West winds around 15 mph.,202408191554-KTAE-FZUS52-SRFTAE,https://mesonet.agron.iastate.edu/p.php?pid=202408191554-KTAE-FZUS52-SRFTAE,NWS Tallahassee SRFTAE via Iowa Environmental Mesonet archive
2024-08-20T15:06:00+00:00,2024-08-20T10:06:00-05:00,2024-08-20,10:06,Yellow,,Single Red,,Moderate,Around 1 foot.,86.0,"North winds around 10 mph, becoming",202408201506-KTAE-FZUS52-SRFTAE,https://mesonet.agron.iastate.edu/p.php?pid=202408201506-KTAE-FZUS52-SRFTAE,NWS Tallahassee SRFTAE via Iowa Environmental Mesonet archive
2024-08-21T16:55:00+00:00,2024-08-21T11:55:00-05:00,2024-08-21,11:55,Yellow,,Yellow,,Moderate,Around 1 foot.,85.0,Southwest winds around 5 mph.,202408211655-KTAE-FZUS52-SRFTAE,https://mesonet.agron.iastate.edu/p.php?pid=202408211655-KTAE-FZUS52-SRFTAE,NWS Tallahassee SRFTAE via Iowa Environmental Mesonet archive
2024-08-22T15:31:00+00:00,2024-08-22T10:31:00-05:00,2024-08-22,10:31,Yellow,,Yellow,,Moderate,Around 1 foot.,86.0,East winds 10 to 15 mph.,202408221531-KTAE-FZUS52-SRFTAE,https://mesonet.agron.iastate.edu/p.php?pid=202408221531-KTAE-FZUS52-SRFTAE,NWS Tallahassee SRFTAE via Iowa Environmental Mesonet archive
2024-08-23T17:02:00+00:00,2024-08-23T12:02:00-05:00,2024-08-23,12:02,Yellow,,Yellow,,Moderate,Around 2 feet.,85.0,Northeast winds around 15 mph.,202408231702-KTAE-FZUS52-SRFTAE,https://mesonet.agron.iastate.edu/p.php?pid=202408231702-KTAE-FZUS52-SRFTAE,NWS Tallahassee SRFTAE via Iowa Environmental Mesonet archive
2024-08-24T15:17:00+00:00,2024-08-24T10:17:00-05:00,2024-08-24,10:17,Yellow,,Yellow,,Moderate,Around 2 feet.,86.0,East winds 10 to 15 mph.,202408241517-KTAE-FZUS52-SRFTAE,https://mesonet.agron.iastate.edu/p.php?pid=202408241517-KTAE-FZUS52-SRFTAE,NWS Tallahassee SRFTAE via Iowa Environmental Mesonet archive
2024-08-25T15:23:00+00:00,2024-08-25T10:23:00-05:00,2024-08-25,10:23,Yellow,,Yellow,,Moderate,Around 1 foot.,86.0,East winds 10 to 15 mph.,202408251523-KTAE-FZUS52-SRFTAE,https://mesonet.agron.iastate.edu/p.php?pid=202408251523-KTAE-FZUS52-SRFTAE,NWS Tallahassee SRFTAE via Iowa Environmental Mesonet archive
2024-08-26T15:40:00+00:00,2024-08-26T10:40:00-05:00,2024-08-26,10:40,Yellow,,Yellow,,Moderate,Around 1 foot.,86.0,East winds around 10 mph.,202408261540-KTAE-FZUS52-SRFTAE,https://mesonet.agron.iastate.edu/p.php?pid=202408261540-KTAE-FZUS52-SRFTAE,NWS Tallahassee SRFTAE via Iowa Environmental Mesonet archive
2024-08-27T15:54:00+00:00,2024-08-27T10:54:00-05:00,2024-08-27,10:54,Yellow,,Yellow,,Moderate,Around 1 foot.,86.0,East winds around 10 mph.,202408271554-KTAE-FZUS52-SRFTAE,https://mesonet.agron.iastate.edu/p.php?pid=202408271554-KTAE-FZUS52-SRFTAE,NWS Tallahassee SRFTAE via Iowa Environmental Mesonet archive
2024-08-28T15:12:00+00:00,2024-08-28T10:12:00-05:00,2024-08-28,10:12,Yellow,,Yellow,,Moderate,Around 1 foot.,87.0,East winds around 10 mph.,202408281512-KTAE-FZUS52-SRFTAE,https://mesonet.agron.iastate.edu/p.php?pid=202408281512-KTAE-FZUS52-SRFTAE,NWS Tallahassee SRFTAE via Iowa Environmental Mesonet archive
2024-08-29T15:13:00+00:00,2024-08-29T10:13:00-05:00,2024-08-29,10:13,Yellow,,Yellow,,Moderate,Around 2 feet.,87.0,Southeast winds 10 to 15 mph.,202408291513-KTAE-FZUS52-SRFTAE,https://mesonet.agron.iastate.edu/p.php?pid=202408291513-KTAE-FZUS52-SRFTAE,NWS Tallahassee SRFTAE via Iowa Environmental Mesonet archive
2024-08-30T15:27:00+00:00,2024-08-30T10:27:00-05:00,2024-08-30,10:27,Yellow,,Yellow,,Moderate,Around 2 feet.,86.0,Southeast winds 10 to 15 mph.,202408301527-KTAE-FZUS52-SRFTAE,https://mesonet.agron.iastate.edu/p.php?pid=202408301527-KTAE-FZUS52-SRFTAE,NWS Tallahassee SRFTAE via Iowa Environmental Mesonet archive
2024-08-30T18:43:00+00:00,2024-08-30T13:43:00-05:00,2024-08-30,13:43,Single Red,,Yellow,,High,Around 2 feet.,87.0,Southeast winds around 10 mph.,202408301843-KTAE-FZUS52-SRFTAE,https://mesonet.agron.iastate.edu/p.php?pid=202408301843-KTAE-FZUS52-SRFTAE,NWS Tallahassee SRFTAE via Iowa Environmental Mesonet archive
2024-08-31T15:33:00+00:00,2024-08-31T10:33:00-05:00,2024-08-31,10:33,Single Red,,Yellow,,High,Around 2 feet.,87.0,Southeast winds 10 to 15 mph.,202408311533-KTAE-FZUS52-SRFTAE,https://mesonet.agron.iastate.edu/p.php?pid=202408311533-KTAE-FZUS52-SRFTAE,NWS Tallahassee SRFTAE via Iowa Environmental Mesonet archive
2024-09-01T15:26:00+00:00,2024-09-01T10:26:00-05:00,2024-09-01,10:26,Single Red,,Yellow,,High,Around 2 feet.,87.0,Southeast winds around 10 mph.,202409011526-KTAE-FZUS52-SRFTAE,https://mesonet.agron.iastate.edu/p.php?pid=202409011526-KTAE-FZUS52-SRFTAE,NWS Tallahassee SRFTAE via Iowa Environmental Mesonet archive
2024-09-02T15:32:00+00:00,2024-09-02T10:32:00-05:00,2024-09-02,10:32,Yellow,,Yellow,,Moderate,Around 1 foot.,87.0,"Northeast winds around 5 mph, becoming",202409021532-KTAE-FZUS52-SRFTAE,https://mesonet.agron.iastate.edu/p.php?pid=202409021532-KTAE-FZUS52-SRFTAE,NWS Tallahassee SRFTAE via Iowa Environmental Mesonet archive
2024-09-03T16:27:00+00:00,2024-09-03T11:27:00-05:00,2024-09-03,11:27,Yellow,,Yellow,,Moderate,Around 1 foot.,87.0,East winds around 15 mph.,202409031627-KTAE-FZUS52-SRFTAE,https://mesonet.agron.iastate.edu/p.php?pid=202409031627-KTAE-FZUS52-SRFTAE,NWS Tallahassee SRFTAE via Iowa Environmental Mesonet archive
2024-09-04T16:02:00+00:00,2024-09-04T11:02:00-05:00,2024-09-04,11:02,Yellow,,Yellow,,High,Around 3 feet.,86.0,East winds 15 to 20 mph.,202409041602-KTAE-FZUS52-SRFTAE,https://mesonet.agron.iastate.edu/p.php?pid=202409041602-KTAE-FZUS52-SRFTAE,NWS Tallahassee SRFTAE via Iowa Environmental Mesonet archive
2024-09-05T17:13:00+00:00,2024-09-05T12:13:00-05:00,2024-09-05,12:13,Yellow,,Yellow,,Moderate,Around 2 feet.,85.0,East winds around 15 mph.,202409051713-KTAE-FZUS52-SRFTAE,https://mesonet.agron.iastate.edu/p.php?pid=202409051713-KTAE-FZUS52-SRFTAE,NWS Tallahassee SRFTAE via Iowa Environmental Mesonet archive
2024-09-06T15:27:00+00:00,2024-09-06T10:27:00-05:00,2024-09-06,10:27,Yellow,,Single Red,,High,Around 2 feet.,85.0,East winds around 15 mph.,202409061527-KTAE-FZUS52-SRFTAE,https://mesonet.agron.iastate.edu/p.php?pid=202409061527-KTAE-FZUS52-SRFTAE,NWS Tallahassee SRFTAE via Iowa Environmental Mesonet archive
2024-09-07T16:38:00+00:00,2024-09-07T11:38:00-05:00,2024-09-07,11:38,Yellow,,Single Red,,Moderate,Around 2 feet.,84.0,Northeast winds around 10 mph.,202409071638-KTAE-FZUS52-SRFTAE,https://mesonet.agron.iastate.edu/p.php?pid=202409071638-KTAE-FZUS52-SRFTAE,NWS Tallahassee SRFTAE via Iowa Environmental Mesonet archive
2024-09-08T15:29:00+00:00,2024-09-08T10:29:00-05:00,2024-09-08,10:29,Yellow,,Single Red,,Moderate,Around 2 feet.,83.0,East winds around 10 mph.,202409081529-KTAE-FZUS52-SRFTAE,https://mesonet.agron.iastate.edu/p.php?pid=202409081529-KTAE-FZUS52-SRFTAE,NWS Tallahassee SRFTAE via Iowa Environmental Mesonet archive
2024-09-09T15:39:00+00:00,2024-09-09T10:39:00-05:00,2024-09-09,10:39,Yellow,,Yellow,,Moderate,Around 2 feet.,83.0,East winds around 15 mph.,202409091539-KTAE-FZUS52-SRFTAE,https://mesonet.agron.iastate.edu/p.php?pid=202409091539-KTAE-FZUS52-SRFTAE,NWS Tallahassee SRFTAE via Iowa Environmental Mesonet archive
2024-09-10T17:55:00+00:00,2024-09-10T12:55:00-05:00,2024-09-10,12:55,Single Red,,Yellow,,High,Around 2 feet.,83.0,East winds around 15 mph.,202409101755-KTAE-FZUS52-SRFTAE,https://mesonet.agron.iastate.edu/p.php?pid=202409101755-KTAE-FZUS52-SRFTAE,NWS Tallahassee SRFTAE via Iowa Environmental Mesonet archive
2024-09-11T15:12:00+00:00,2024-09-11T10:12:00-05:00,2024-09-11,10:12,Single Red,,Single Red,,High,Around 3 feet.,82.0,East winds around 20 mph.,202409111512-KTAE-FZUS52-SRFTAE,https://mesonet.agron.iastate.edu/p.php?pid=202409111512-KTAE-FZUS52-SRFTAE,NWS Tallahassee SRFTAE via Iowa Environmental Mesonet archive
2024-09-12T15:17:00+00:00,2024-09-12T10:17:00-05:00,2024-09-12,10:17,Double Red,,Double Red,,High,Around 8 feet.,82.0,Breezy. South winds around 25 mph.,202409121517-KTAE-FZUS52-SRFTAE,https://mesonet.agron.iastate.edu/p.php?pid=202409121517-KTAE-FZUS52-SRFTAE,NWS Tallahassee SRFTAE via Iowa Environmental Mesonet archive
2024-09-13T15:28:00+00:00,2024-09-13T10:28:00-05:00,2024-09-13,10:28,Double Red,,Double Red,,High,Around 3 feet.,82.0,Southeast winds around 10 mph.,202409131528-KTAE-FZUS52-SRFTAE,https://mesonet.agron.iastate.edu/p.php?pid=202409131528-KTAE-FZUS52-SRFTAE,NWS Tallahassee SRFTAE via Iowa Environmental Mesonet archive
2024-09-14T16:01:00+00:00,2024-09-14T11:01:00-05:00,2024-09-14,11:01,Single Red,,Single Red,,High,Around 1 foot.,82.0,Northwest winds 5 to 10 mph.,202409141601-KTAE-FZUS52-SRFTAE,https://mesonet.agron.iastate.edu/p.php?pid=202409141601-KTAE-FZUS52-SRFTAE,NWS Tallahassee SRFTAE via Iowa Environmental Mesonet archive
2024-09-15T16:39:00+00:00,2024-09-15T11:39:00-05:00,2024-09-15,11:39,Yellow,,Yellow,,Moderate,Around 1 foot.,82.0,East winds around 10 mph.,202409151639-KTAE-FZUS52-SRFTAE,https://mesonet.agron.iastate.edu/p.php?pid=202409151639-KTAE-FZUS52-SRFTAE,NWS Tallahassee SRFTAE via Iowa Environmental Mesonet archive
2024-09-16T15:20:00+00:00,2024-09-16T10:20:00-05:00,2024-09-16,10:20,Yellow,,Yellow,,Moderate,Around 1 foot.,82.0,East winds 5 to 10 mph.,202409161520-KTAE-FZUS52-SRFTAE,https://mesonet.agron.iastate.edu/p.php?pid=202409161520-KTAE-FZUS52-SRFTAE,NWS Tallahassee SRFTAE via Iowa Environmental Mesonet archive
2024-09-17T15:33:00+00:00,2024-09-17T10:33:00-05:00,2024-09-17,10:33,Yellow,,Yellow,,Moderate,Around 1 foot.,82.0,"East winds around 5 mph, becoming south",202409171533-KTAE-FZUS52-SRFTAE,https://mesonet.agron.iastate.edu/p.php?pid=202409171533-KTAE-FZUS52-SRFTAE,NWS Tallahassee SRFTAE via Iowa Environmental Mesonet archive
2024-09-18T15:41:00+00:00,2024-09-18T10:41:00-05:00,2024-09-18,10:41,Yellow,,Yellow,,Moderate,1 foot or less.,83.0,West winds around 5 mph.,202409181541-KTAE-FZUS52-SRFTAE,https://mesonet.agron.iastate.edu/p.php?pid=202409181541-KTAE-FZUS52-SRFTAE,NWS Tallahassee SRFTAE via Iowa Environmental Mesonet archive
2024-09-19T15:25:00+00:00,2024-09-19T10:25:00-05:00,2024-09-19,10:25,Yellow,,Yellow,,Moderate,Around 1 foot.,83.0,"Northwest winds around 5 mph, becoming",202409191525-KTAE-FZUS52-SRFTAE,https://mesonet.agron.iastate.edu/p.php?pid=202409191525-KTAE-FZUS52-SRFTAE,NWS Tallahassee SRFTAE via Iowa Environmental Mesonet archive
2024-09-20T15:24:00+00:00,2024-09-20T10:24:00-05:00,2024-09-20,10:24,Yellow,,Yellow,,Moderate,Around 1 foot.,83.0,"Northeast winds around 5 mph, becoming",202409201524-KTAE-FZUS52-SRFTAE,https://mesonet.agron.iastate.edu/p.php?pid=202409201524-KTAE-FZUS52-SRFTAE,NWS Tallahassee SRFTAE via Iowa Environmental Mesonet archive
2024-09-21T16:23:00+00:00,2024-09-21T11:23:00-05:00,2024-09-21,11:23,Yellow,,Yellow,,Moderate,Around 1 foot.,83.0,Southeast winds around 10 mph.,202409211623-KTAE-FZUS52-SRFTAE,https://mesonet.agron.iastate.edu/p.php?pid=202409211623-KTAE-FZUS52-SRFTAE,NWS Tallahassee SRFTAE via Iowa Environmental Mesonet archive
2024-09-22T15:20:00+00:00,2024-09-22T10:20:00-05:00,2024-09-22,10:20,Yellow,,Yellow,,Moderate,Around 1 foot.,84.0,"East winds around 5 mph, becoming south",202409221520-KTAE-FZUS52-SRFTAE,https://mesonet.agron.iastate.edu/p.php?pid=202409221520-KTAE-FZUS52-SRFTAE,NWS Tallahassee SRFTAE via Iowa Environmental Mesonet archive
2024-09-23T15:43:00+00:00,2024-09-23T10:43:00-05:00,2024-09-23,10:43,Yellow,,Yellow,,Moderate,Around 1 foot.,85.0,"North winds around 5 mph, becoming",202409231543-KTAE-FZUS52-SRFTAE,https://mesonet.agron.iastate.edu/p.php?pid=202409231543-KTAE-FZUS52-SRFTAE,NWS Tallahassee SRFTAE via Iowa Environmental Mesonet archive
2024-09-24T15:18:00+00:00,2024-09-24T10:18:00-05:00,2024-09-24,10:18,Yellow,,Yellow,,Moderate,Around 1 foot.,86.0,"East winds around 10 mph, becoming",202409241518-KTAE-FZUS52-SRFTAE,https://mesonet.agron.iastate.edu/p.php?pid=202409241518-KTAE-FZUS52-SRFTAE,NWS Tallahassee SRFTAE via Iowa Environmental Mesonet archive
2024-09-25T16:52:00+00:00,2024-09-25T11:52:00-05:00,2024-09-25,11:52,Single Red,,Double Red,,High,Around 2 feet.,85.0,Southeast winds around 15 mph.,202409251652-KTAE-FZUS52-SRFTAE,https://mesonet.agron.iastate.edu/p.php?pid=202409251652-KTAE-FZUS52-SRFTAE,NWS Tallahassee SRFTAE via Iowa Environmental Mesonet archive
2024-09-27T16:29:00+00:00,2024-09-27T11:29:00-05:00,2024-09-27,11:29,Double Red,,,,High,Around 7 feet.,82.0,Breezy. West winds around 25 mph.,202409271629-KTAE-FZUS52-SRFTAE,https://mesonet.agron.iastate.edu/p.php?pid=202409271629-KTAE-FZUS52-SRFTAE,NWS Tallahassee SRFTAE via Iowa Environmental Mesonet archive
2024-09-28T15:49:00+00:00,2024-09-28T10:49:00-05:00,2024-09-28,10:49,Double Red,,Double Red,,High,Around 4 feet.,81.0,Southwest winds around 20 mph.,202409281549-KTAE-FZUS52-SRFTAE,https://mesonet.agron.iastate.edu/p.php?pid=202409281549-KTAE-FZUS52-SRFTAE,NWS Tallahassee SRFTAE via Iowa Environmental Mesonet archive
2024-09-29T15:16:00+00:00,2024-09-29T10:16:00-05:00,2024-09-29,10:16,Double Red,,Double Red,,High,Around 3 feet.,82.0,Southwest winds around 15 mph.,202409291516-KTAE-FZUS52-SRFTAE,https://mesonet.agron.iastate.edu/p.php?pid=202409291516-KTAE-FZUS52-SRFTAE,NWS Tallahassee SRFTAE via Iowa Environmental Mesonet archive
2024-09-30T15:16:00+00:00,2024-09-30T10:16:00-05:00,2024-09-30,10:16,Single Red,,Single Red,,High,Around 1 foot.,84.0,Southwest winds 5 to 10 mph.,202409301516-KTAE-FZUS52-SRFTAE,https://mesonet.agron.iastate.edu/p.php?pid=202409301516-KTAE-FZUS52-SRFTAE,NWS Tallahassee SRFTAE via Iowa Environmental Mesonet archive
2024-10-01T15:20:00+00:00,2024-10-01T10:20:00-05:00,2024-10-01,10:20,Yellow,,Single Red,,Moderate,Around 1 foot.,84.0,"North winds around 5 mph, becoming",202410011520-KTAE-FZUS52-SRFTAE,https://mesonet.agron.iastate.edu/p.php?pid=202410011520-KTAE-FZUS52-SRFTAE,NWS Tallahassee SRFTAE via Iowa Environmental Mesonet archive
2024-10-02T15:13:00+00:00,2024-10-02T10:13:00-05:00,2024-10-02,10:13,Yellow,,Yellow,,Moderate,Around 1 foot.,84.0,North winds 5 to 10 mph.,202410021513-KTAE-FZUS52-SRFTAE,https://mesonet.agron.iastate.edu/p.php?pid=202410021513-KTAE-FZUS52-SRFTAE,NWS Tallahassee SRFTAE via Iowa Environmental Mesonet archive
2024-10-03T15:18:00+00:00,2024-10-03T10:18:00-05:00,2024-10-03,10:18,Yellow,,Yellow,,Moderate,Around 1 foot.,83.0,East winds around 15 mph.,202410031518-KTAE-FZUS52-SRFTAE,https://mesonet.agron.iastate.edu/p.php?pid=202410031518-KTAE-FZUS52-SRFTAE,NWS Tallahassee SRFTAE via Iowa Environmental Mesonet archive
2024-10-04T15:22:00+00:00,2024-10-04T10:22:00-05:00,2024-10-04,10:22,Yellow,,Yellow,,Moderate,Around 2 feet.,84.0,Northeast winds around 15 mph.,202410041522-KTAE-FZUS52-SRFTAE,https://mesonet.agron.iastate.edu/p.php?pid=202410041522-KTAE-FZUS52-SRFTAE,NWS Tallahassee SRFTAE via Iowa Environmental Mesonet archive
2024-10-05T15:36:00+00:00,2024-10-05T10:36:00-05:00,2024-10-05,10:36,Yellow,,Yellow,,Moderate,Around 1 foot.,83.0,Northeast winds around 15 mph.,202410051536-KTAE-FZUS52-SRFTAE,https://mesonet.agron.iastate.edu/p.php?pid=202410051536-KTAE-FZUS52-SRFTAE,NWS Tallahassee SRFTAE via Iowa Environmental Mesonet archive
2024-10-06T15:43:00+00:00,2024-10-06T10:43:00-05:00,2024-10-06,10:43,Yellow,,Yellow,,Moderate,Around 2 feet.,83.0,Northeast winds 15 to 20 mph.,202410061543-KTAE-FZUS52-SRFTAE,https://mesonet.agron.iastate.edu/p.php?pid=202410061543-KTAE-FZUS52-SRFTAE,NWS Tallahassee SRFTAE via Iowa Environmental Mesonet archive
2024-10-07T15:16:00+00:00,2024-10-07T10:16:00-05:00,2024-10-07,10:16,Yellow,,Single Red,,High,Around 2 feet.,82.0,Northeast winds around 20 mph.,202410071516-KTAE-FZUS52-SRFTAE,https://mesonet.agron.iastate.edu/p.php?pid=202410071516-KTAE-FZUS52-SRFTAE,NWS Tallahassee SRFTAE via Iowa Environmental Mesonet archive
2024-10-08T17:10:00+00:00,2024-10-08T12:10:00-05:00,2024-10-08,12:10,Yellow,,Double Red,,High,Around 4 feet.,81.0,Northeast winds around 10 mph.,202410081710-KTAE-FZUS52-SRFTAE,https://mesonet.agron.iastate.edu/p.php?pid=202410081710-KTAE-FZUS52-SRFTAE,NWS Tallahassee SRFTAE via Iowa Environmental Mesonet archive
2024-10-09T15:39:00+00:00,2024-10-09T10:39:00-05:00,2024-10-09,10:39,Single Red,,Double Red,,High,Around 3 feet.,80.0,Windy. Northeast winds 25 to 30 mph.,202410091539-KTAE-FZUS52-SRFTAE,https://mesonet.agron.iastate.edu/p.php?pid=202410091539-KTAE-FZUS52-SRFTAE,NWS Tallahassee SRFTAE via Iowa Environmental Mesonet archive
2024-10-10T17:03:00+00:00,2024-10-10T12:03:00-05:00,2024-10-10,12:03,Single Red,,Double Red,,High,1 to 2 feet.,81.0,North winds around 20 mph.,202410101703-KTAE-FZUS52-SRFTAE,https://mesonet.agron.iastate.edu/p.php?pid=202410101703-KTAE-FZUS52-SRFTAE,NWS Tallahassee SRFTAE via Iowa Environmental Mesonet archive
2024-10-11T15:51:00+00:00,2024-10-11T10:51:00-05:00,2024-10-11,10:51,Yellow,,Single Red,,High,Around 1 foot.,80.0,Northeast winds 10 to 15 mph.,202410111551-KTAE-FZUS52-SRFTAE,https://mesonet.agron.iastate.edu/p.php?pid=202410111551-KTAE-FZUS52-SRFTAE,NWS Tallahassee SRFTAE via Iowa Environmental Mesonet archive
2024-10-12T15:30:00+00:00,2024-10-12T10:30:00-05:00,2024-10-12,10:30,Yellow,,Yellow,,Moderate,Around 1 foot.,78.0,Northeast winds 5 to 10 mph.,202410121530-KTAE-FZUS52-SRFTAE,https://mesonet.agron.iastate.edu/p.php?pid=202410121530-KTAE-FZUS52-SRFTAE,NWS Tallahassee SRFTAE via Iowa Environmental Mesonet archive
2024-10-13T15:29:00+00:00,2024-10-13T10:29:00-05:00,2024-10-13,10:29,Yellow,,Yellow,,Moderate,Around 1 foot.,78.0,"Northeast winds around 5 mph, becoming",202410131529-KTAE-FZUS52-SRFTAE,https://mesonet.agron.iastate.edu/p.php?pid=202410131529-KTAE-FZUS52-SRFTAE,NWS Tallahassee SRFTAE via Iowa Environmental Mesonet archive
2024-10-14T16:01:00+00:00,2024-10-14T11:01:00-05:00,2024-10-14,11:01,Yellow,,Single Red,,Moderate,Around 2 feet.,78.0,West winds around 15 mph.,202410141601-KTAE-FZUS52-SRFTAE,https://mesonet.agron.iastate.edu/p.php?pid=202410141601-KTAE-FZUS52-SRFTAE,NWS Tallahassee SRFTAE via Iowa Environmental Mesonet archive
2024-10-15T15:50:00+00:00,2024-10-15T10:50:00-05:00,2024-10-15,10:50,Yellow,,Yellow,,Moderate,Around 1 foot.,78.0,"East winds around 10 mph, becoming",202410151550-KTAE-FZUS52-SRFTAE,https://mesonet.agron.iastate.edu/p.php?pid=202410151550-KTAE-FZUS52-SRFTAE,NWS Tallahassee SRFTAE via Iowa Environmental Mesonet archive
2024-10-16T15:53:00+00:00,2024-10-16T10:53:00-05:00,2024-10-16,10:53,Yellow,,Single Red,,Moderate,Around 3 feet.,77.0,Breezy. North winds around 25 mph.,202410161553-KTAE-FZUS52-SRFTAE,https://mesonet.agron.iastate.edu/p.php?pid=202410161553-KTAE-FZUS52-SRFTAE,NWS Tallahassee SRFTAE via Iowa Environmental Mesonet archive
2024-10-17T15:19:00+00:00,2024-10-17T10:19:00-05:00,2024-10-17,10:19,Yellow,,Yellow,,Moderate,Around 1 foot.,75.0,Northeast winds around 15 mph.,202410171519-KTAE-FZUS52-SRFTAE,https://mesonet.agron.iastate.edu/p.php?pid=202410171519-KTAE-FZUS52-SRFTAE,NWS Tallahassee SRFTAE via Iowa Environmental Mesonet archive
2024-10-19T15:45:00+00:00,2024-10-19T10:45:00-05:00,2024-10-19,10:45,Yellow,,Yellow,,High,Around 2 feet.,74.0,Northeast winds 15 to 20 mph.,202410191545-KTAE-FZUS52-SRFTAE,https://mesonet.agron.iastate.edu/p.php?pid=202410191545-KTAE-FZUS52-SRFTAE,NWS Tallahassee SRFTAE via Iowa Environmental Mesonet archive
2024-10-20T15:36:00+00:00,2024-10-20T10:36:00-05:00,2024-10-20,10:36,Yellow,,Yellow,,Moderate,Around 1 foot.,75.0,Northeast winds around 15 mph.,202410201536-KTAE-FZUS52-SRFTAE,https://mesonet.agron.iastate.edu/p.php?pid=202410201536-KTAE-FZUS52-SRFTAE,NWS Tallahassee SRFTAE via Iowa Environmental Mesonet archive
2024-10-21T15:30:00+00:00,2024-10-21T10:30:00-05:00,2024-10-21,10:30,Yellow,,Yellow,,Moderate,Around 1 foot.,74.0,Northeast winds around 15 mph.,202410211530-KTAE-FZUS52-SRFTAE,https://mesonet.agron.iastate.edu/p.php?pid=202410211530-KTAE-FZUS52-SRFTAE,NWS Tallahassee SRFTAE via Iowa Environmental Mesonet archive
2024-10-22T15:24:00+00:00,2024-10-22T10:24:00-05:00,2024-10-22,10:24,Yellow,,Yellow,,Moderate,Around 1 foot.,75.0,East winds 10 to 15 mph.,202410221524-KTAE-FZUS52-SRFTAE,https://mesonet.agron.iastate.edu/p.php?pid=202410221524-KTAE-FZUS52-SRFTAE,NWS Tallahassee SRFTAE via Iowa Environmental Mesonet archive
2024-10-23T15:58:00+00:00,2024-10-23T10:58:00-05:00,2024-10-23,10:58,Yellow,,Yellow,,Moderate,Around 1 foot.,75.0,"Northeast winds around 5 mph, becoming",202410231558-KTAE-FZUS52-SRFTAE,https://mesonet.agron.iastate.edu/p.php?pid=202410231558-KTAE-FZUS52-SRFTAE,NWS Tallahassee SRFTAE via Iowa Environmental Mesonet archive
2024-10-24T15:55:00+00:00,2024-10-24T10:55:00-05:00,2024-10-24,10:55,Yellow,,Yellow,,Moderate,Around 1 foot.,76.0,"North winds around 5 mph, becoming west",202410241555-KTAE-FZUS52-SRFTAE,https://mesonet.agron.iastate.edu/p.php?pid=202410241555-KTAE-FZUS52-SRFTAE,NWS Tallahassee SRFTAE via Iowa Environmental Mesonet archive
2024-10-25T16:28:00+00:00,2024-10-25T11:28:00-05:00,2024-10-25,11:28,Yellow,,Yellow,,Moderate,Around 1 foot.,76.0,South winds around 5 mph.,202410251628-KTAE-FZUS52-SRFTAE,https://mesonet.agron.iastate.edu/p.php?pid=202410251628-KTAE-FZUS52-SRFTAE,NWS Tallahassee SRFTAE via Iowa Environmental Mesonet archive
2024-10-26T15:12:00+00:00,2024-10-26T10:12:00-05:00,2024-10-26,10:12,Yellow,,Yellow,,Moderate,Around 1 foot.,76.0,"Northeast winds around 5 mph, becoming",202410261512-KTAE-FZUS52-SRFTAE,https://mesonet.agron.iastate.edu/p.php?pid=202410261512-KTAE-FZUS52-SRFTAE,NWS Tallahassee SRFTAE via Iowa Environmental Mesonet archive
2024-10-27T15:23:00+00:00,2024-10-27T10:23:00-05:00,2024-10-27,10:23,Yellow,,Yellow,,Moderate,Around 1 foot.,76.0,"North winds around 5 mph, becoming west",202410271523-KTAE-FZUS52-SRFTAE,https://mesonet.agron.iastate.edu/p.php?pid=202410271523-KTAE-FZUS52-SRFTAE,NWS Tallahassee SRFTAE via Iowa Environmental Mesonet archive
2024-10-28T15:43:00+00:00,2024-10-28T10:43:00-05:00,2024-10-28,10:43,Yellow,,Yellow,,Moderate,Around 1 foot.,76.0,East winds around 10 mph.,202410281543-KTAE-FZUS52-SRFTAE,https://mesonet.agron.iastate.edu/p.php?pid=202410281543-KTAE-FZUS52-SRFTAE,NWS Tallahassee SRFTAE via Iowa Environmental Mesonet archive
2024-10-29T15:34:00+00:00,2024-10-29T10:34:00-05:00,2024-10-29,10:34,Yellow,,Yellow,,Moderate,Around 2 feet.,76.0,East winds around 15 mph.,202410291534-KTAE-FZUS52-SRFTAE,https://mesonet.agron.iastate.edu/p.php?pid=202410291534-KTAE-FZUS52-SRFTAE,NWS Tallahassee SRFTAE via Iowa Environmental Mesonet archive
2024-10-30T15:54:00+00:00,2024-10-30T10:54:00-05:00,2024-10-30,10:54,Yellow,,Yellow,,High,Around 3 feet.,75.0,East winds around 20 mph.,202410301554-KTAE-FZUS52-SRFTAE,https://mesonet.agron.iastate.edu/p.php?pid=202410301554-KTAE-FZUS52-SRFTAE,NWS Tallahassee SRFTAE via Iowa Environmental Mesonet archive
2024-10-31T15:46:00+00:00,2024-10-31T10:46:00-05:00,2024-10-31,10:46,Single Red,,Single Red,,High,Around 4 feet.,76.0,Southeast winds around 20 mph.,202410311546-KTAE-FZUS52-SRFTAE,https://mesonet.agron.iastate.edu/p.php?pid=202410311546-KTAE-FZUS52-SRFTAE,NWS Tallahassee SRFTAE via Iowa Environmental Mesonet archive
2024-11-01T15:23:00+00:00,2024-11-01T10:23:00-05:00,2024-11-01,10:23,Single Red,,Single Red,,High,Around 2 feet.,76.0,Southeast winds 5 to 10 mph.,202411011523-KTAE-FZUS52-SRFTAE,https://mesonet.agron.iastate.edu/p.php?pid=202411011523-KTAE-FZUS52-SRFTAE,NWS Tallahassee SRFTAE via Iowa Environmental Mesonet archive
2024-11-02T16:26:00+00:00,2024-11-02T11:26:00-05:00,2024-11-02,11:26,Single Red,,Single Red,,Moderate,Around 2 feet.,76.0,Southeast winds around 10 mph.,202411021626-KTAE-FZUS52-SRFTAE,https://mesonet.agron.iastate.edu/p.php?pid=202411021626-KTAE-FZUS52-SRFTAE,NWS Tallahassee SRFTAE via Iowa Environmental Mesonet archive
2024-11-03T16:12:00+00:00,2024-11-03T10:12:00-06:00,2024-11-03,10:12,Single Red,,Yellow,,High,Around 2 feet.,76.0,East winds around 15 mph.,202411031612-KTAE-FZUS52-SRFTAE,https://mesonet.agron.iastate.edu/p.php?pid=202411031612-KTAE-FZUS52-SRFTAE,NWS Tallahassee SRFTAE via Iowa Environmental Mesonet archive
2024-11-04T16:41:00+00:00,2024-11-04T10:41:00-06:00,2024-11-04,10:41,Single Red,,Single Red,,High,Around 3 feet.,76.0,East winds 15 to 20 mph.,202411041641-KTAE-FZUS52-SRFTAE,https://mesonet.agron.iastate.edu/p.php?pid=202411041641-KTAE-FZUS52-SRFTAE,NWS Tallahassee SRFTAE via Iowa Environmental Mesonet archive
2024-11-05T16:17:00+00:00,2024-11-05T10:17:00-06:00,2024-11-05,10:17,Double Red,,Single Red,,High,Around 4 feet.,76.0,Southeast winds 15 to 20 mph.,202411051617-KTAE-FZUS52-SRFTAE,https://mesonet.agron.iastate.edu/p.php?pid=202411051617-KTAE-FZUS52-SRFTAE,NWS Tallahassee SRFTAE via Iowa Environmental Mesonet archive
2024-11-06T20:40:00+00:00,2024-11-06T14:40:00-06:00,2024-11-06,14:40,Single Red,,Single Red,,High,Around 2 feet.,77.0,East winds around 10 mph.,202411062040-KTAE-FZUS52-SRFTAE,https://mesonet.agron.iastate.edu/p.php?pid=202411062040-KTAE-FZUS52-SRFTAE,NWS Tallahassee SRFTAE via Iowa Environmental Mesonet archive
2024-11-07T16:36:00+00:00,2024-11-07T10:36:00-06:00,2024-11-07,10:36,Single Red,,Single Red,,High,Around 2 feet.,77.0,East winds around 10 mph.,202411071636-KTAE-FZUS52-SRFTAE,https://mesonet.agron.iastate.edu/p.php?pid=202411071636-KTAE-FZUS52-SRFTAE,NWS Tallahassee SRFTAE via Iowa Environmental Mesonet archive
2024-11-08T16:53:00+00:00,2024-11-08T10:53:00-06:00,2024-11-08,10:53,Single Red,,Single Red,,High,Around 4 feet.,77.0,East winds 10 to 15 mph.,202411081653-KTAE-FZUS52-SRFTAE,https://mesonet.agron.iastate.edu/p.php?pid=202411081653-KTAE-FZUS52-SRFTAE,NWS Tallahassee SRFTAE via Iowa Environmental Mesonet archive
2024-11-09T16:40:00+00:00,2024-11-09T10:40:00-06:00,2024-11-09,10:40,Single Red,,Double Red,,High,Around 5 feet.,77.0,East winds around 15 mph.,202411091640-KTAE-FZUS52-SRFTAE,https://mesonet.agron.iastate.edu/p.php?pid=202411091640-KTAE-FZUS52-SRFTAE,NWS Tallahassee SRFTAE via Iowa Environmental Mesonet archive
2024-11-10T17:17:00+00:00,2024-11-10T11:17:00-06:00,2024-11-10,11:17,Single Red,,Single Red,,High,Around 4 feet.,76.0,Southeast winds around 15 mph.,202411101717-KTAE-FZUS52-SRFTAE,https://mesonet.agron.iastate.edu/p.php?pid=202411101717-KTAE-FZUS52-SRFTAE,NWS Tallahassee SRFTAE via Iowa Environmental Mesonet archive
2024-11-11T16:17:00+00:00,2024-11-11T10:17:00-06:00,2024-11-11,10:17,Single Red,,Single Red,,High,Around 3 feet.,76.0,Southeast winds around 10 mph.,202411111617-KTAE-FZUS52-SRFTAE,https://mesonet.agron.iastate.edu/p.php?pid=202411111617-KTAE-FZUS52-SRFTAE,NWS Tallahassee SRFTAE via Iowa Environmental Mesonet archive
2024-11-12T16:28:00+00:00,2024-11-12T10:28:00-06:00,2024-11-12,10:28,Single Red,,Single Red,,High,Around 3 feet.,76.0,East winds around 10 mph.,202411121628-KTAE-FZUS52-SRFTAE,https://mesonet.agron.iastate.edu/p.php?pid=202411121628-KTAE-FZUS52-SRFTAE,NWS Tallahassee SRFTAE via Iowa Environmental Mesonet archive
2024-11-13T17:32:00+00:00,2024-11-13T11:32:00-06:00,2024-11-13,11:32,Single Red,,Single Red,,High,Around 4 feet.,76.0,East winds around 20 mph.,202411131732-KTAE-FZUS52-SRFTAE,https://mesonet.agron.iastate.edu/p.php?pid=202411131732-KTAE-FZUS52-SRFTAE,NWS Tallahassee SRFTAE via Iowa Environmental Mesonet archive
2024-11-14T16:23:00+00:00,2024-11-14T10:23:00-06:00,2024-11-14,10:23,Double Red,,Single Red,,High,Around 5 feet.,76.0,"South winds around 20 mph, becoming",202411141623-KTAE-FZUS52-SRFTAE,https://mesonet.agron.iastate.edu/p.php?pid=202411141623-KTAE-FZUS52-SRFTAE,NWS Tallahassee SRFTAE via Iowa Environmental Mesonet archive
2024-11-15T16:18:00+00:00,2024-11-15T10:18:00-06:00,2024-11-15,10:18,Single Red,,Single Red,,High,Around 2 feet.,75.0,North winds around 15 mph.,202411151618-KTAE-FZUS52-SRFTAE,https://mesonet.agron.iastate.edu/p.php?pid=202411151618-KTAE-FZUS52-SRFTAE,NWS Tallahassee SRFTAE via Iowa Environmental Mesonet archive
2024-11-16T16:13:00+00:00,2024-11-16T10:13:00-06:00,2024-11-16,10:13,Yellow,,Yellow,,Moderate,Around 1 foot.,74.0,East winds 5 to 10 mph.,202411161613-KTAE-FZUS52-SRFTAE,https://mesonet.agron.iastate.edu/p.php?pid=202411161613-KTAE-FZUS52-SRFTAE,NWS Tallahassee SRFTAE via Iowa Environmental Mesonet archive
2024-11-17T16:35:00+00:00,2024-11-17T10:35:00-06:00,2024-11-17,10:35,Yellow,,Yellow,,Moderate,Around 2 feet.,73.0,East winds around 10 mph.,202411171635-KTAE-FZUS52-SRFTAE,https://mesonet.agron.iastate.edu/p.php?pid=202411171635-KTAE-FZUS52-SRFTAE,NWS Tallahassee SRFTAE via Iowa Environmental Mesonet archive
2024-11-18T16:29:00+00:00,2024-11-18T10:29:00-06:00,2024-11-18,10:29,Single Red,,Single Red,,High,Around 2 feet.,74.0,Southeast winds around 15 mph.,202411181629-KTAE-FZUS52-SRFTAE,https://mesonet.agron.iastate.edu/p.php?pid=202411181629-KTAE-FZUS52-SRFTAE,NWS Tallahassee SRFTAE via Iowa Environmental Mesonet archive
2024-11-19T16:37:00+00:00,2024-11-19T10:37:00-06:00,2024-11-19,10:37,Double Red,,Double Red,,High,Around 6 feet.,74.0,Breezy. South winds around 25 mph.,202411191637-KTAE-FZUS52-SRFTAE,https://mesonet.agron.iastate.edu/p.php?pid=202411191637-KTAE-FZUS52-SRFTAE,NWS Tallahassee SRFTAE via Iowa Environmental Mesonet archive
2024-11-20T17:02:00+00:00,2024-11-20T11:02:00-06:00,2024-11-20,11:02,Double Red,,Double Red,,High,Around 5 feet.,75.0,Northwest winds around 20 mph.,202411201702-KTAE-FZUS52-SRFTAE,https://mesonet.agron.iastate.edu/p.php?pid=202411201702-KTAE-FZUS52-SRFTAE,NWS Tallahassee SRFTAE via Iowa Environmental Mesonet archive
2024-11-21T16:25:00+00:00,2024-11-21T10:25:00-06:00,2024-11-21,10:25,Single Red,,Double Red,,High,Around 3 feet.,72.0,Northwest winds around 20 mph.,202411211625-KTAE-FZUS52-SRFTAE,https://mesonet.agron.iastate.edu/p.php?pid=202411211625-KTAE-FZUS52-SRFTAE,NWS Tallahassee SRFTAE via Iowa Environmental Mesonet archive
2024-11-22T16:19:00+00:00,2024-11-22T10:19:00-06:00,2024-11-22,10:19,Single Red,,Double Red,,High,Around 4 feet.,68.0,Northwest winds 15 to 20 mph.,202411221619-KTAE-FZUS52-SRFTAE,https://mesonet.agron.iastate.edu/p.php?pid=202411221619-KTAE-FZUS52-SRFTAE,NWS Tallahassee SRFTAE via Iowa Environmental Mesonet archive
2024-11-23T17:15:00+00:00,2024-11-23T11:15:00-06:00,2024-11-23,11:15,Yellow,,Double Red,,Moderate,Around 1 foot.,71.0,Northwest winds around 5 mph.,202411231715-KTAE-FZUS52-SRFTAE,https://mesonet.agron.iastate.edu/p.php?pid=202411231715-KTAE-FZUS52-SRFTAE,NWS Tallahassee SRFTAE via Iowa Environmental Mesonet archive
2024-11-24T16:13:00+00:00,2024-11-24T10:13:00-06:00,2024-11-24,10:13,Yellow,,Yellow,,Moderate,Around 1 foot.,69.0,Southeast winds around 5 mph.,202411241613-KTAE-FZUS52-SRFTAE,https://mesonet.agron.iastate.edu/p.php?pid=202411241613-KTAE-FZUS52-SRFTAE,NWS Tallahassee SRFTAE via Iowa Environmental Mesonet archive
2024-11-25T16:39:00+00:00,2024-11-25T10:39:00-06:00,2024-11-25,10:39,Yellow,,Yellow,,Moderate,Around 1 foot.,71.0,South winds around 10 mph.,202411251639-KTAE-FZUS52-SRFTAE,https://mesonet.agron.iastate.edu/p.php?pid=202411251639-KTAE-FZUS52-SRFTAE,NWS Tallahassee SRFTAE via Iowa Environmental Mesonet archive
2024-11-26T16:47:00+00:00,2024-11-26T10:47:00-06:00,2024-11-26,10:47,Single Red,,Yellow,,Moderate,Around 2 feet.,71.0,West winds around 15 mph.,202411261647-KTAE-FZUS52-SRFTAE,https://mesonet.agron.iastate.edu/p.php?pid=202411261647-KTAE-FZUS52-SRFTAE,NWS Tallahassee SRFTAE via Iowa Environmental Mesonet archive
2024-11-27T16:12:00+00:00,2024-11-27T10:12:00-06:00,2024-11-27,10:12,Yellow,,Yellow,,Moderate,Around 1 foot.,72.0,Southeast winds 5 to 10 mph.,202411271612-KTAE-FZUS52-SRFTAE,https://mesonet.agron.iastate.edu/p.php?pid=202411271612-KTAE-FZUS52-SRFTAE,NWS Tallahassee SRFTAE via Iowa Environmental Mesonet archive
2024-11-28T16:26:00+00:00,2024-11-28T10:26:00-06:00,2024-11-28,10:26,Single Red,,Single Red,,High,Around 4 feet.,73.0,West winds around 15 mph.,202411281626-KTAE-FZUS52-SRFTAE,https://mesonet.agron.iastate.edu/p.php?pid=202411281626-KTAE-FZUS52-SRFTAE,NWS Tallahassee SRFTAE via Iowa Environmental Mesonet archive
2024-11-29T16:15:00+00:00,2024-11-29T10:15:00-06:00,2024-11-29,10:15,Yellow,,Single Red,,Moderate,Around 2 feet.,69.0,Breezy. North winds 20 to 25 mph.,202411291615-KTAE-FZUS52-SRFTAE,https://mesonet.agron.iastate.edu/p.php?pid=202411291615-KTAE-FZUS52-SRFTAE,NWS Tallahassee SRFTAE via Iowa Environmental Mesonet archive
2024-11-30T16:12:00+00:00,2024-11-30T10:12:00-06:00,2024-11-30,10:12,Yellow,,Yellow,,Moderate,Around 1 foot.,69.0,Northeast winds 10 to 15 mph.,202411301612-KTAE-FZUS52-SRFTAE,https://mesonet.agron.iastate.edu/p.php?pid=202411301612-KTAE-FZUS52-SRFTAE,NWS Tallahassee SRFTAE via Iowa Environmental Mesonet archive
2024-12-01T16:14:00+00:00,2024-12-01T10:14:00-06:00,2024-12-01,10:14,Yellow,,Yellow,,Moderate,Around 1 foot.,69.0,North winds 5 to 10 mph.,202412011614-KTAE-FZUS52-SRFTAE,https://mesonet.agron.iastate.edu/p.php?pid=202412011614-KTAE-FZUS52-SRFTAE,NWS Tallahassee SRFTAE via Iowa Environmental Mesonet archive
2024-12-02T17:01:00+00:00,2024-12-02T11:01:00-06:00,2024-12-02,11:01,Yellow,,Yellow,,Moderate,Around 1 foot.,68.0,North winds 10 to 15 mph.,202412021701-KTAE-FZUS52-SRFTAE,https://mesonet.agron.iastate.edu/p.php?pid=202412021701-KTAE-FZUS52-SRFTAE,NWS Tallahassee SRFTAE via Iowa Environmental Mesonet archive
2024-12-03T17:17:00+00:00,2024-12-03T11:17:00-06:00,2024-12-03,11:17,Yellow,,,,Moderate,Around 1 foot.,67.0,North winds around 15 mph.,202412031717-KTAE-FZUS52-SRFTAE,https://mesonet.agron.iastate.edu/p.php?pid=202412031717-KTAE-FZUS52-SRFTAE,NWS Tallahassee SRFTAE via Iowa Environmental Mesonet archive
2024-12-04T16:57:00+00:00,2024-12-04T10:57:00-06:00,2024-12-04,10:57,Yellow,,Yellow,,Moderate,Around 1 foot.,66.0,Southeast winds around 10 mph.,202412041657-KTAE-FZUS52-SRFTAE,https://mesonet.agron.iastate.edu/p.php?pid=202412041657-KTAE-FZUS52-SRFTAE,NWS Tallahassee SRFTAE via Iowa Environmental Mesonet archive
2024-12-05T16:25:00+00:00,2024-12-05T10:25:00-06:00,2024-12-05,10:25,Single Red,,Single Red,,High,Around 3 feet.,67.0,West winds around 15 mph.,202412051625-KTAE-FZUS52-SRFTAE,https://mesonet.agron.iastate.edu/p.php?pid=202412051625-KTAE-FZUS52-SRFTAE,NWS Tallahassee SRFTAE via Iowa Environmental Mesonet archive
2024-12-06T17:16:00+00:00,2024-12-06T11:16:00-06:00,2024-12-06,11:16,Yellow,,Single Red,,Moderate,Around 2 feet.,64.0,North winds around 15 mph.,202412061716-KTAE-FZUS52-SRFTAE,https://mesonet.agron.iastate.edu/p.php?pid=202412061716-KTAE-FZUS52-SRFTAE,NWS Tallahassee SRFTAE via Iowa Environmental Mesonet archive
2024-12-07T19:02:00+00:00,2024-12-07T13:02:00-06:00,2024-12-07,13:02,Yellow,,Yellow,,Moderate,Around 1 foot.,65.0,Northeast winds around 10 mph.,202412071902-KTAE-FZUS52-SRFTAE,https://mesonet.agron.iastate.edu/p.php?pid=202412071902-KTAE-FZUS52-SRFTAE,NWS Tallahassee SRFTAE via Iowa Environmental Mesonet archive
2024-12-08T17:43:00+00:00,2024-12-08T11:43:00-06:00,2024-12-08,11:43,Yellow,,Yellow,,Moderate,Around 1 foot.,65.0,Southeast winds around 10 mph.,202412081743-KTAE-FZUS52-SRFTAE,https://mesonet.agron.iastate.edu/p.php?pid=202412081743-KTAE-FZUS52-SRFTAE,NWS Tallahassee SRFTAE via Iowa Environmental Mesonet archive
2024-12-09T16:30:00+00:00,2024-12-09T10:30:00-06:00,2024-12-09,10:30,Single Red,,Single Red,,High,Around 3 feet.,65.0,South winds around 15 mph.,202412091630-KTAE-FZUS52-SRFTAE,https://mesonet.agron.iastate.edu/p.php?pid=202412091630-KTAE-FZUS52-SRFTAE,NWS Tallahassee SRFTAE via Iowa Environmental Mesonet archive
2024-12-10T16:28:00+00:00,2024-12-10T10:28:00-06:00,2024-12-10,10:28,Single Red,,Single Red,,High,Around 4 feet.,67.0,South winds 15 to 20 mph.,202412101628-KTAE-FZUS52-SRFTAE,https://mesonet.agron.iastate.edu/p.php?pid=202412101628-KTAE-FZUS52-SRFTAE,NWS Tallahassee SRFTAE via Iowa Environmental Mesonet archive
2024-12-11T17:00:00+00:00,2024-12-11T11:00:00-06:00,2024-12-11,11:00,Single Red,,Double Red,,High,Around 4 feet.,66.0,Breezy. Northwest winds around 25 mph.,202412111700-KTAE-FZUS52-SRFTAE,https://mesonet.agron.iastate.edu/p.php?pid=202412111700-KTAE-FZUS52-SRFTAE,NWS Tallahassee SRFTAE via Iowa Environmental Mesonet archive
2024-12-12T16:21:00+00:00,2024-12-12T10:21:00-06:00,2024-12-12,10:21,Yellow,,Single Red,,Moderate,Around 2 feet.,63.0,Northeast winds around 15 mph.,202412121621-KTAE-FZUS52-SRFTAE,https://mesonet.agron.iastate.edu/p.php?pid=202412121621-KTAE-FZUS52-SRFTAE,NWS Tallahassee SRFTAE via Iowa Environmental Mesonet archive
2024-12-13T16:58:00+00:00,2024-12-13T10:58:00-06:00,2024-12-13,10:58,Yellow,,Yellow,,Moderate,Around 1 foot.,63.0,East winds 10 to 15 mph.,202412131658-KTAE-FZUS52-SRFTAE,https://mesonet.agron.iastate.edu/p.php?pid=202412131658-KTAE-FZUS52-SRFTAE,NWS Tallahassee SRFTAE via Iowa Environmental Mesonet archive
2024-12-14T16:34:00+00:00,2024-12-14T10:34:00-06:00,2024-12-14,10:34,Yellow,,Yellow,,Moderate,Around 2 feet.,64.0,East winds 15 to 20 mph.,202412141634-KTAE-FZUS52-SRFTAE,https://mesonet.agron.iastate.edu/p.php?pid=202412141634-KTAE-FZUS52-SRFTAE,NWS Tallahassee SRFTAE via Iowa Environmental Mesonet archive
2024-12-15T16:47:00+00:00,2024-12-15T10:47:00-06:00,2024-12-15,10:47,Yellow,,Yellow,,Moderate,Around 1 foot.,64.0,East winds 10 to 15 mph.,202412151647-KTAE-FZUS52-SRFTAE,https://mesonet.agron.iastate.edu/p.php?pid=202412151647-KTAE-FZUS52-SRFTAE,NWS Tallahassee SRFTAE via Iowa Environmental Mesonet archive
2024-12-16T16:49:00+00:00,2024-12-16T10:49:00-06:00,2024-12-16,10:49,Yellow,,Yellow,,Moderate,Around 1 foot.,64.0,East winds 5 to 10 mph.,202412161649-KTAE-FZUS52-SRFTAE,https://mesonet.agron.iastate.edu/p.php?pid=202412161649-KTAE-FZUS52-SRFTAE,NWS Tallahassee SRFTAE via Iowa Environmental Mesonet archive
2024-12-17T16:43:00+00:00,2024-12-17T10:43:00-06:00,2024-12-17,10:43,Yellow,,Yellow,,Moderate,Around 1 foot.,65.0,East winds around 5 mph.,202412171643-KTAE-FZUS52-SRFTAE,https://mesonet.agron.iastate.edu/p.php?pid=202412171643-KTAE-FZUS52-SRFTAE,NWS Tallahassee SRFTAE via Iowa Environmental Mesonet archive
2024-12-18T17:54:00+00:00,2024-12-18T11:54:00-06:00,2024-12-18,11:54,Yellow,,Yellow,,Moderate,Around 1 foot.,66.0,South winds around 5 mph.,202412181754-KTAE-FZUS52-SRFTAE,https://mesonet.agron.iastate.edu/p.php?pid=202412181754-KTAE-FZUS52-SRFTAE,NWS Tallahassee SRFTAE via Iowa Environmental Mesonet archive
2024-12-19T17:02:00+00:00,2024-12-19T11:02:00-06:00,2024-12-19,11:02,Yellow,,,,Moderate,Around 1 foot.,66.0,North winds around 10 mph.,202412191702-KTAE-FZUS52-SRFTAE,https://mesonet.agron.iastate.edu/p.php?pid=202412191702-KTAE-FZUS52-SRFTAE,NWS Tallahassee SRFTAE via Iowa Environmental Mesonet archive
2024-12-20T16:46:00+00:00,2024-12-20T10:46:00-06:00,2024-12-20,10:46,Yellow,,Single Red,,Moderate,Around 2 feet.,64.0,Northwest winds around 15 mph.,202412201646-KTAE-FZUS52-SRFTAE,https://mesonet.agron.iastate.edu/p.php?pid=202412201646-KTAE-FZUS52-SRFTAE,NWS Tallahassee SRFTAE via Iowa Environmental Mesonet archive
2024-12-21T16:59:00+00:00,2024-12-21T10:59:00-06:00,2024-12-21,10:59,Yellow,,Single Red,,Moderate,Around 1 foot.,64.0,North winds around 15 mph.,202412211659-KTAE-FZUS52-SRFTAE,https://mesonet.agron.iastate.edu/p.php?pid=202412211659-KTAE-FZUS52-SRFTAE,NWS Tallahassee SRFTAE via Iowa Environmental Mesonet archive
2024-12-22T16:30:00+00:00,2024-12-22T10:30:00-06:00,2024-12-22,10:30,Yellow,,Yellow,,Moderate,1 foot or less.,63.0,Northeast winds around 10 mph.,202412221630-KTAE-FZUS52-SRFTAE,https://mesonet.agron.iastate.edu/p.php?pid=202412221630-KTAE-FZUS52-SRFTAE,NWS Tallahassee SRFTAE via Iowa Environmental Mesonet archive
2024-12-23T16:53:00+00:00,2024-12-23T10:53:00-06:00,2024-12-23,10:53,Yellow,,Yellow,,Moderate,Around 1 foot.,63.0,Northeast winds 10 to 15 mph.,202412231653-KTAE-FZUS52-SRFTAE,https://mesonet.agron.iastate.edu/p.php?pid=202412231653-KTAE-FZUS52-SRFTAE,NWS Tallahassee SRFTAE via Iowa Environmental Mesonet archive
2024-12-24T16:40:00+00:00,2024-12-24T10:40:00-06:00,2024-12-24,10:40,Yellow,,Yellow,,Moderate,Around 1 foot.,62.0,Northeast winds around 10 mph.,202412241640-KTAE-FZUS52-SRFTAE,https://mesonet.agron.iastate.edu/p.php?pid=202412241640-KTAE-FZUS52-SRFTAE,NWS Tallahassee SRFTAE via Iowa Environmental Mesonet archive
2024-12-25T16:20:00+00:00,2024-12-25T10:20:00-06:00,2024-12-25,10:20,Yellow,,Yellow,,Moderate,Around 1 foot.,61.0,East winds 10 to 15 mph.,202412251620-KTAE-FZUS52-SRFTAE,https://mesonet.agron.iastate.edu/p.php?pid=202412251620-KTAE-FZUS52-SRFTAE,NWS Tallahassee SRFTAE via Iowa Environmental Mesonet archive
2024-12-26T16:14:00+00:00,2024-12-26T10:14:00-06:00,2024-12-26,10:14,Yellow,,Yellow,,Moderate,Around 2 feet.,61.0,East winds around 15 mph.,202412261614-KTAE-FZUS52-SRFTAE,https://mesonet.agron.iastate.edu/p.php?pid=202412261614-KTAE-FZUS52-SRFTAE,NWS Tallahassee SRFTAE via Iowa Environmental Mesonet archive
2024-12-27T17:09:00+00:00,2024-12-27T11:09:00-06:00,2024-12-27,11:09,Single Red,,,,High,Around 3 feet.,62.0,Southeast winds around 15 mph.,202412271709-KTAE-FZUS52-SRFTAE,https://mesonet.agron.iastate.edu/p.php?pid=202412271709-KTAE-FZUS52-SRFTAE,NWS Tallahassee SRFTAE via Iowa Environmental Mesonet archive
2024-12-28T17:17:00+00:00,2024-12-28T11:17:00-06:00,2024-12-28,11:17,Single Red,,,,High,Around 3 feet.,61.0,Southeast winds around 15 mph.,202412281717-KTAE-FZUS52-SRFTAE,https://mesonet.agron.iastate.edu/p.php?pid=202412281717-KTAE-FZUS52-SRFTAE,NWS Tallahassee SRFTAE via Iowa Environmental Mesonet archive
2024-12-29T16:38:00+00:00,2024-12-29T10:38:00-06:00,2024-12-29,10:38,Single Red,,Double Red,,High,Around 5 feet.,62.0,West winds 10 to 15 mph.,202412291638-KTAE-FZUS52-SRFTAE,https://mesonet.agron.iastate.edu/p.php?pid=202412291638-KTAE-FZUS52-SRFTAE,NWS Tallahassee SRFTAE via Iowa Environmental Mesonet archive
2024-12-30T17:51:00+00:00,2024-12-30T11:51:00-06:00,2024-12-30,11:51,Single Red,,,,High,Around 2 feet.,62.0,Southeast winds around 10 mph.,202412301751-KTAE-FZUS52-SRFTAE,https://mesonet.agron.iastate.edu/p.php?pid=202412301751-KTAE-FZUS52-SRFTAE,NWS Tallahassee SRFTAE via Iowa Environmental Mesonet archive
2024-12-31T16:16:00+00:00,2024-12-31T10:16:00-06:00,2024-12-31,10:16,Single Red,,Single Red,,High,Around 3 feet.,63.0,West winds 10 to 15 mph.,202412311616-KTAE-FZUS52-SRFTAE,https://mesonet.agron.iastate.edu/p.php?pid=202412311616-KTAE-FZUS52-SRFTAE,NWS Tallahassee SRFTAE via Iowa Environmental Mesonet archive
2025-01-01T17:03:00+00:00,2025-01-01T11:03:00-06:00,2025-01-01,11:03,Yellow,,Single Red,,Moderate,Around 1 foot.,63.0,North winds around 15 mph.,202501011703-KTAE-FZUS52-SRFTAE,https://mesonet.agron.iastate.edu/p.php?pid=202501011703-KTAE-FZUS52-SRFTAE,NWS Tallahassee SRFTAE via Iowa Environmental Mesonet archive
2025-01-02T17:59:00+00:00,2025-01-02T11:59:00-06:00,2025-01-02,11:59,Yellow,,Yellow,,Moderate,Around 1 foot.,61.0,Northeast winds around 5 mph.,202501021759-KTAE-FZUS52-SRFTAE,https://mesonet.agron.iastate.edu/p.php?pid=202501021759-KTAE-FZUS52-SRFTAE,NWS Tallahassee SRFTAE via Iowa Environmental Mesonet archive
2025-01-03T16:20:00+00:00,2025-01-03T10:20:00-06:00,2025-01-03,10:20,Yellow,,Yellow,,Moderate,Around 1 foot.,61.0,Northwest winds 5 to 10 mph.,202501031620-KTAE-FZUS52-SRFTAE,https://mesonet.agron.iastate.edu/p.php?pid=202501031620-KTAE-FZUS52-SRFTAE,NWS Tallahassee SRFTAE via Iowa Environmental Mesonet archive
2025-01-04T16:49:00+00:00,2025-01-04T10:49:00-06:00,2025-01-04,10:49,Yellow,,Yellow,,Moderate,1 foot or less.,62.0,East winds 10 to 15 mph.,202501041649-KTAE-FZUS52-SRFTAE,https://mesonet.agron.iastate.edu/p.php?pid=202501041649-KTAE-FZUS52-SRFTAE,NWS Tallahassee SRFTAE via Iowa Environmental Mesonet archive
2025-01-05T16:42:00+00:00,2025-01-05T10:42:00-06:00,2025-01-05,10:42,Single Red,,Single Red,,High,Around 4 feet.,60.0,Southeast winds around 20 mph.,202501051642-KTAE-FZUS52-SRFTAE,https://mesonet.agron.iastate.edu/p.php?pid=202501051642-KTAE-FZUS52-SRFTAE,NWS Tallahassee SRFTAE via Iowa Environmental Mesonet archive
2025-01-06T16:12:00+00:00,2025-01-06T10:12:00-06:00,2025-01-06,10:12,Double Red,,Double Red,,High,Around 7 feet.,63.0,Breezy. Northwest winds around 25 mph.,202501061612-KTAE-FZUS52-SRFTAE,https://mesonet.agron.iastate.edu/p.php?pid=202501061612-KTAE-FZUS52-SRFTAE,NWS Tallahassee SRFTAE via Iowa Environmental Mesonet archive
2025-01-07T19:56:00+00:00,2025-01-07T13:56:00-06:00,2025-01-07,13:56,Single Red,,Single Red,,High,Around 2 feet.,61.0,North winds around 10 mph.,202501071956-KTAE-FZUS52-SRFTAE,https://mesonet.agron.iastate.edu/p.php?pid=202501071956-KTAE-FZUS52-SRFTAE,NWS Tallahassee SRFTAE via Iowa Environmental Mesonet archive
2025-01-08T16:37:00+00:00,2025-01-08T10:37:00-06:00,2025-01-08,10:37,Yellow,,,,Moderate,Around 1 foot.,59.0,North winds 10 to 15 mph.,202501081637-KTAE-FZUS52-SRFTAE,https://mesonet.agron.iastate.edu/p.php?pid=202501081637-KTAE-FZUS52-SRFTAE,NWS Tallahassee SRFTAE via Iowa Environmental Mesonet archive
2025-01-09T16:33:00+00:00,2025-01-09T10:33:00-06:00,2025-01-09,10:33,Yellow,,Single Red,,Moderate,Around 1 foot.,58.0,Northeast winds 10 to 15 mph.,202501091633-KTAE-FZUS52-SRFTAE,https://mesonet.agron.iastate.edu/p.php?pid=202501091633-KTAE-FZUS52-SRFTAE,NWS Tallahassee SRFTAE via Iowa Environmental Mesonet archive
2025-01-10T16:40:00+00:00,2025-01-10T10:40:00-06:00,2025-01-10,10:40,Single Red,,Single Red,,High,Around 8 feet.,58.0,Windy. Southeast winds 30 to 35 mph.,202501101640-KTAE-FZUS52-SRFTAE,https://mesonet.agron.iastate.edu/p.php?pid=202501101640-KTAE-FZUS52-SRFTAE,NWS Tallahassee SRFTAE via Iowa Environmental Mesonet archive
2025-01-11T16:51:00+00:00,2025-01-11T10:51:00-06:00,2025-01-11,10:51,Single Red,,Single Red,,High,Around 5 feet.,58.0,Northwest winds around 15 mph.,202501111651-KTAE-FZUS52-SRFTAE,https://mesonet.agron.iastate.edu/p.php?pid=202501111651-KTAE-FZUS52-SRFTAE,NWS Tallahassee SRFTAE via Iowa Environmental Mesonet archive
2025-01-12T16:19:00+00:00,2025-01-12T10:19:00-06:00,2025-01-12,10:19,Yellow,,Single Red,,High,Around 2 feet.,56.0,East winds around 10 mph.,202501121619-KTAE-FZUS52-SRFTAE,https://mesonet.agron.iastate.edu/p.php?pid=202501121619-KTAE-FZUS52-SRFTAE,NWS Tallahassee SRFTAE via Iowa Environmental Mesonet archive
2025-01-14T16:39:00+00:00,2025-01-14T10:39:00-06:00,2025-01-14,10:39,Yellow,,Single Red,,High,Around 3 feet.,57.0,Northeast winds 15 to 20 mph.,202501141639-KTAE-FZUS52-SRFTAE,https://mesonet.agron.iastate.edu/p.php?pid=202501141639-KTAE-FZUS52-SRFTAE,NWS Tallahassee SRFTAE via Iowa Environmental Mesonet archive
2025-01-15T16:40:00+00:00,2025-01-15T10:40:00-06:00,2025-01-15,10:40,Yellow,,Yellow,,Moderate,Around 1 foot.,57.0,Northeast winds 10 to 15 mph.,202501151640-KTAE-FZUS52-SRFTAE,https://mesonet.agron.iastate.edu/p.php?pid=202501151640-KTAE-FZUS52-SRFTAE,NWS Tallahassee SRFTAE via Iowa Environmental Mesonet archive
2025-01-16T16:46:00+00:00,2025-01-16T10:46:00-06:00,2025-01-16,10:46,Yellow,,Yellow,,Moderate,Around 1 foot.,58.0,Southwest winds 5 to 10 mph.,202501161646-KTAE-FZUS52-SRFTAE,https://mesonet.agron.iastate.edu/p.php?pid=202501161646-KTAE-FZUS52-SRFTAE,NWS Tallahassee SRFTAE via Iowa Environmental Mesonet archive
2025-01-17T16:38:00+00:00,2025-01-17T10:38:00-06:00,2025-01-17,10:38,Yellow,,Yellow,,Moderate,Around 1 foot.,60.0,Southeast winds around 10 mph.,202501171638-KTAE-FZUS52-SRFTAE,https://mesonet.agron.iastate.edu/p.php?pid=202501171638-KTAE-FZUS52-SRFTAE,NWS Tallahassee SRFTAE via Iowa Environmental Mesonet archive
2025-01-19T16:19:00+00:00,2025-01-19T10:19:00-06:00,2025-01-19,10:19,Single Red,,Double Red,,High,Around 5 feet.,60.0,Breezy. Northwest winds around 25 mph.,202501191619-KTAE-FZUS52-SRFTAE,https://mesonet.agron.iastate.edu/p.php?pid=202501191619-KTAE-FZUS52-SRFTAE,NWS Tallahassee SRFTAE via Iowa Environmental Mesonet archive
2025-01-23T16:27:00+00:00,2025-01-23T10:27:00-06:00,2025-01-23,10:27,Yellow,,Yellow,,Moderate,Around 1 foot.,54.0,North winds around 10 mph.,202501231627-KTAE-FZUS52-SRFTAE,https://mesonet.agron.iastate.edu/p.php?pid=202501231627-KTAE-FZUS52-SRFTAE,NWS Tallahassee SRFTAE via Iowa Environmental Mesonet archive
2025-01-24T16:42:00+00:00,2025-01-24T10:42:00-06:00,2025-01-24,10:42,Yellow,,Yellow,,Moderate,Around 1 foot.,54.0,North winds around 10 mph.,202501241642-KTAE-FZUS52-SRFTAE,https://mesonet.agron.iastate.edu/p.php?pid=202501241642-KTAE-FZUS52-SRFTAE,NWS Tallahassee SRFTAE via Iowa Environmental Mesonet archive
2025-01-25T18:24:00+00:00,2025-01-25T12:24:00-06:00,2025-01-25,12:24,Yellow,,Yellow,,Moderate,Around 1 foot.,55.0,Southeast winds around 5 mph.,202501251824-KTAE-FZUS52-SRFTAE,https://mesonet.agron.iastate.edu/p.php?pid=202501251824-KTAE-FZUS52-SRFTAE,NWS Tallahassee SRFTAE via Iowa Environmental Mesonet archive
2025-01-27T16:28:00+00:00,2025-01-27T10:28:00-06:00,2025-01-27,10:28,Yellow,,Yellow,,Moderate,Around 1 foot.,56.0,South winds around 10 mph.,202501271628-KTAE-FZUS52-SRFTAE,https://mesonet.agron.iastate.edu/p.php?pid=202501271628-KTAE-FZUS52-SRFTAE,NWS Tallahassee SRFTAE via Iowa Environmental Mesonet archive
2025-01-28T16:44:00+00:00,2025-01-28T10:44:00-06:00,2025-01-28,10:44,Yellow,,Yellow,,Moderate,Around 1 foot.,57.0,"North winds around 5 mph, becoming",202501281644-KTAE-FZUS52-SRFTAE,https://mesonet.agron.iastate.edu/p.php?pid=202501281644-KTAE-FZUS52-SRFTAE,NWS Tallahassee SRFTAE via Iowa Environmental Mesonet archive
2025-01-29T16:15:00+00:00,2025-01-29T10:15:00-06:00,2025-01-29,10:15,Yellow,,Yellow,,Moderate,Around 1 foot.,58.0,West winds around 5 mph.,202501291615-KTAE-FZUS52-SRFTAE,https://mesonet.agron.iastate.edu/p.php?pid=202501291615-KTAE-FZUS52-SRFTAE,NWS Tallahassee SRFTAE via Iowa Environmental Mesonet archive
2025-01-30T16:26:00+00:00,2025-01-30T10:26:00-06:00,2025-01-30,10:26,Yellow,,Yellow,,Moderate,Around 1 foot.,58.0,Southeast winds around 15 mph.,202501301626-KTAE-FZUS52-SRFTAE,https://mesonet.agron.iastate.edu/p.php?pid=202501301626-KTAE-FZUS52-SRFTAE,NWS Tallahassee SRFTAE via Iowa Environmental Mesonet archive
2025-01-31T16:14:00+00:00,2025-01-31T10:14:00-06:00,2025-01-31,10:14,Single Red,,Single Red,,High,Around 4 feet.,60.0,South winds around 15 mph.,202501311614-KTAE-FZUS52-SRFTAE,https://mesonet.agron.iastate.edu/p.php?pid=202501311614-KTAE-FZUS52-SRFTAE,NWS Tallahassee SRFTAE via Iowa Environmental Mesonet archive
2025-02-01T16:26:00+00:00,2025-02-01T10:26:00-06:00,2025-02-01,10:26,Single Red,,Single Red,,High,Around 3 feet.,59.0,"Northeast winds around 5 mph, becoming",202502011626-KTAE-FZUS52-SRFTAE,https://mesonet.agron.iastate.edu/p.php?pid=202502011626-KTAE-FZUS52-SRFTAE,NWS Tallahassee SRFTAE via Iowa Environmental Mesonet archive
2025-02-02T16:16:00+00:00,2025-02-02T10:16:00-06:00,2025-02-02,10:16,Yellow,,Yellow,,Moderate,Around 2 feet.,60.0,"East winds around 5 mph, becoming south",202502021616-KTAE-FZUS52-SRFTAE,https://mesonet.agron.iastate.edu/p.php?pid=202502021616-KTAE-FZUS52-SRFTAE,NWS Tallahassee SRFTAE via Iowa Environmental Mesonet archive
2025-02-03T16:31:00+00:00,2025-02-03T10:31:00-06:00,2025-02-03,10:31,Yellow,,Yellow,,Moderate,Around 1 foot.,60.0,Southeast winds around 5 mph.,202502031631-KTAE-FZUS52-SRFTAE,https://mesonet.agron.iastate.edu/p.php?pid=202502031631-KTAE-FZUS52-SRFTAE,NWS Tallahassee SRFTAE via Iowa Environmental Mesonet archive
2025-02-04T16:24:00+00:00,2025-02-04T10:24:00-06:00,2025-02-04,10:24,Yellow,,Yellow,,Moderate,Around 1 foot.,61.0,"North winds around 5 mph, becoming",202502041624-KTAE-FZUS52-SRFTAE,https://mesonet.agron.iastate.edu/p.php?pid=202502041624-KTAE-FZUS52-SRFTAE,NWS Tallahassee SRFTAE via Iowa Environmental Mesonet archive
2025-02-05T16:41:00+00:00,2025-02-05T10:41:00-06:00,2025-02-05,10:41,Yellow,,Yellow,,Moderate,Around 1 foot.,62.0,Southeast winds around 5 mph.,202502051641-KTAE-FZUS52-SRFTAE,https://mesonet.agron.iastate.edu/p.php?pid=202502051641-KTAE-FZUS52-SRFTAE,NWS Tallahassee SRFTAE via Iowa Environmental Mesonet archive
2025-02-06T17:01:00+00:00,2025-02-06T11:01:00-06:00,2025-02-06,11:01,Yellow,,Yellow,,Moderate,Around 1 foot.,62.0,South winds around 10 mph.,202502061701-KTAE-FZUS52-SRFTAE,https://mesonet.agron.iastate.edu/p.php?pid=202502061701-KTAE-FZUS52-SRFTAE,NWS Tallahassee SRFTAE via Iowa Environmental Mesonet archive
2025-02-07T17:05:00+00:00,2025-02-07T11:05:00-06:00,2025-02-07,11:05,Yellow,,Yellow,,Moderate,Around 1 foot.,63.0,South winds around 5 mph.,202502071705-KTAE-FZUS52-SRFTAE,https://mesonet.agron.iastate.edu/p.php?pid=202502071705-KTAE-FZUS52-SRFTAE,NWS Tallahassee SRFTAE via Iowa Environmental Mesonet archive
2025-02-08T16:34:00+00:00,2025-02-08T10:34:00-06:00,2025-02-08,10:34,Yellow,,Yellow,,Moderate,Around 2 feet.,65.0,South winds around 10 mph.,202502081634-KTAE-FZUS52-SRFTAE,https://mesonet.agron.iastate.edu/p.php?pid=202502081634-KTAE-FZUS52-SRFTAE,NWS Tallahassee SRFTAE via Iowa Environmental Mesonet archive
2025-02-09T16:55:00+00:00,2025-02-09T10:55:00-06:00,2025-02-09,10:55,Yellow,,Yellow,,Moderate,Around 1 foot.,64.0,Southwest winds around 5 mph.,202502091655-KTAE-FZUS52-SRFTAE,https://mesonet.agron.iastate.edu/p.php?pid=202502091655-KTAE-FZUS52-SRFTAE,NWS Tallahassee SRFTAE via Iowa Environmental Mesonet archive
2025-02-10T16:58:00+00:00,2025-02-10T10:58:00-06:00,2025-02-10,10:58,Yellow,,Yellow,,Moderate,Around 1 foot.,66.0,"East winds around 5 mph, becoming south",202502101658-KTAE-FZUS52-SRFTAE,https://mesonet.agron.iastate.edu/p.php?pid=202502101658-KTAE-FZUS52-SRFTAE,NWS Tallahassee SRFTAE via Iowa Environmental Mesonet archive
2025-02-11T16:25:00+00:00,2025-02-11T10:25:00-06:00,2025-02-11,10:25,Yellow,,,,Moderate,Around 2 feet.,67.0,Southeast winds around 15 mph.,202502111625-KTAE-FZUS52-SRFTAE,https://mesonet.agron.iastate.edu/p.php?pid=202502111625-KTAE-FZUS52-SRFTAE,NWS Tallahassee SRFTAE via Iowa Environmental Mesonet archive
2025-02-12T16:50:00+00:00,2025-02-12T10:50:00-06:00,2025-02-12,10:50,Single Red,,,,High,Around 4 feet.,67.0,South winds around 20 mph.,202502121650-KTAE-FZUS52-SRFTAE,https://mesonet.agron.iastate.edu/p.php?pid=202502121650-KTAE-FZUS52-SRFTAE,NWS Tallahassee SRFTAE via Iowa Environmental Mesonet archive
2025-02-13T16:49:00+00:00,2025-02-13T10:49:00-06:00,2025-02-13,10:49,Single Red,,Single Red,,High,Around 5 feet.,68.0,North winds around 15 mph.,202502131649-KTAE-FZUS52-SRFTAE,https://mesonet.agron.iastate.edu/p.php?pid=202502131649-KTAE-FZUS52-SRFTAE,NWS Tallahassee SRFTAE via Iowa Environmental Mesonet archive
2025-02-14T19:28:00+00:00,2025-02-14T13:28:00-06:00,2025-02-14,13:28,Yellow,,,,High,Around 3 feet.,67.0,East winds around 15 mph.,202502141928-KTAE-FZUS52-SRFTAE,https://mesonet.agron.iastate.edu/p.php?pid=202502141928-KTAE-FZUS52-SRFTAE,NWS Tallahassee SRFTAE via Iowa Environmental Mesonet archive
2025-02-15T16:33:00+00:00,2025-02-15T10:33:00-06:00,2025-02-15,10:33,Single Red,,Single Red,,High,Around 3 feet.,66.0,Southeast winds around 15 mph.,202502151633-KTAE-FZUS52-SRFTAE,https://mesonet.agron.iastate.edu/p.php?pid=202502151633-KTAE-FZUS52-SRFTAE,NWS Tallahassee SRFTAE via Iowa Environmental Mesonet archive
2025-02-16T17:13:00+00:00,2025-02-16T11:13:00-06:00,2025-02-16,11:13,Single Red,,Single Red,,High,Around 6 feet.,67.0,Breezy. Northwest winds 20 to 25 mph.,202502161713-KTAE-FZUS52-SRFTAE,https://mesonet.agron.iastate.edu/p.php?pid=202502161713-KTAE-FZUS52-SRFTAE,NWS Tallahassee SRFTAE via Iowa Environmental Mesonet archive
2025-02-17T17:32:00+00:00,2025-02-17T11:32:00-06:00,2025-02-17,11:32,Yellow,,Single Red,,High,Around 3 feet.,64.0,Northeast winds around 10 mph.,202502171732-KTAE-FZUS52-SRFTAE,https://mesonet.agron.iastate.edu/p.php?pid=202502171732-KTAE-FZUS52-SRFTAE,NWS Tallahassee SRFTAE via Iowa Environmental Mesonet archive
2025-02-18T16:35:00+00:00,2025-02-18T10:35:00-06:00,2025-02-18,10:35,Yellow,,Yellow,,Moderate,Around 1 foot.,64.0,East winds 5 to 10 mph.,202502181635-KTAE-FZUS52-SRFTAE,https://mesonet.agron.iastate.edu/p.php?pid=202502181635-KTAE-FZUS52-SRFTAE,NWS Tallahassee SRFTAE via Iowa Environmental Mesonet archive
2025-02-19T17:22:00+00:00,2025-02-19T11:22:00-06:00,2025-02-19,11:22,Yellow,,Yellow,,Moderate,Around 2 feet.,65.0,Northeast winds around 20 mph.,202502191722-KTAE-FZUS52-SRFTAE,https://mesonet.agron.iastate.edu/p.php?pid=202502191722-KTAE-FZUS52-SRFTAE,NWS Tallahassee SRFTAE via Iowa Environmental Mesonet archive
2025-02-20T16:54:00+00:00,2025-02-20T10:54:00-06:00,2025-02-20,10:54,Yellow,,Single Red,,Moderate,Around 2 feet.,62.0,North winds around 20 mph.,202502201654-KTAE-FZUS52-SRFTAE,https://mesonet.agron.iastate.edu/p.php?pid=202502201654-KTAE-FZUS52-SRFTAE,NWS Tallahassee SRFTAE via Iowa Environmental Mesonet archive
2025-02-21T16:22:00+00:00,2025-02-21T10:22:00-06:00,2025-02-21,10:22,Yellow,,Yellow,,Moderate,Around 1 foot.,61.0,Northeast winds 10 to 15 mph.,202502211622-KTAE-FZUS52-SRFTAE,https://mesonet.agron.iastate.edu/p.php?pid=202502211622-KTAE-FZUS52-SRFTAE,NWS Tallahassee SRFTAE via Iowa Environmental Mesonet archive
2025-02-22T16:16:00+00:00,2025-02-22T10:16:00-06:00,2025-02-22,10:16,Yellow,,Yellow,,Moderate,1 foot or less.,61.0,"East winds around 10 mph, becoming",202502221616-KTAE-FZUS52-SRFTAE,https://mesonet.agron.iastate.edu/p.php?pid=202502221616-KTAE-FZUS52-SRFTAE,NWS Tallahassee SRFTAE via Iowa Environmental Mesonet archive
2025-02-23T17:02:00+00:00,2025-02-23T11:02:00-06:00,2025-02-23,11:02,Yellow,,Yellow,,Moderate,Around 1 foot.,60.0,East winds around 5 mph.,202502231702-KTAE-FZUS52-SRFTAE,https://mesonet.agron.iastate.edu/p.php?pid=202502231702-KTAE-FZUS52-SRFTAE,NWS Tallahassee SRFTAE via Iowa Environmental Mesonet archive
2025-02-24T16:34:00+00:00,2025-02-24T10:34:00-06:00,2025-02-24,10:34,Yellow,,Yellow,,Moderate,Around 2 feet.,61.0,Northeast winds around 15 mph.,202502241634-KTAE-FZUS52-SRFTAE,https://mesonet.agron.iastate.edu/p.php?pid=202502241634-KTAE-FZUS52-SRFTAE,NWS Tallahassee SRFTAE via Iowa Environmental Mesonet archive
2025-02-25T16:24:00+00:00,2025-02-25T10:24:00-06:00,2025-02-25,10:24,Yellow,,Single Red,,High,Around 2 feet.,62.0,Northwest winds around 10 mph.,202502251624-KTAE-FZUS52-SRFTAE,https://mesonet.agron.iastate.edu/p.php?pid=202502251624-KTAE-FZUS52-SRFTAE,NWS Tallahassee SRFTAE via Iowa Environmental Mesonet archive
2025-02-26T16:55:00+00:00,2025-02-26T10:55:00-06:00,2025-02-26,10:55,Yellow,,Single Red,,Moderate,Around 1 foot.,62.0,"Light and variable winds, becoming",202502261655-KTAE-FZUS52-SRFTAE,https://mesonet.agron.iastate.edu/p.php?pid=202502261655-KTAE-FZUS52-SRFTAE,NWS Tallahassee SRFTAE via Iowa Environmental Mesonet archive
2025-02-27T16:20:00+00:00,2025-02-27T10:20:00-06:00,2025-02-27,10:20,Yellow,,Yellow,,Moderate,Around 1 foot.,63.0,West winds 5 to 10 mph.,202502271620-KTAE-FZUS52-SRFTAE,https://mesonet.agron.iastate.edu/p.php?pid=202502271620-KTAE-FZUS52-SRFTAE,NWS Tallahassee SRFTAE via Iowa Environmental Mesonet archive
2025-02-28T17:28:00+00:00,2025-02-28T11:28:00-06:00,2025-02-28,11:28,Yellow,,,,Moderate,Around 1 foot.,63.0,Southwest winds around 10 mph.,202502281728-KTAE-FZUS52-SRFTAE,https://mesonet.agron.iastate.edu/p.php?pid=202502281728-KTAE-FZUS52-SRFTAE,NWS Tallahassee SRFTAE via Iowa Environmental Mesonet archive
2025-03-01T16:26:00+00:00,2025-03-01T10:26:00-06:00,2025-03-01,10:26,Yellow,,Yellow,,Moderate,Around 1 foot.,63.0,West winds around 10 mph.,202503011626-KTAE-FZUS52-SRFTAE,https://mesonet.agron.iastate.edu/p.php?pid=202503011626-KTAE-FZUS52-SRFTAE,NWS Tallahassee SRFTAE via Iowa Environmental Mesonet archive
2025-03-02T16:11:00+00:00,2025-03-02T10:11:00-06:00,2025-03-02,10:11,Yellow,,Single Red,,Moderate,Around 1 foot.,63.0,North winds 10 to 15 mph.,202503021611-KTAE-FZUS52-SRFTAE,https://mesonet.agron.iastate.edu/p.php?pid=202503021611-KTAE-FZUS52-SRFTAE,NWS Tallahassee SRFTAE via Iowa Environmental Mesonet archive
2025-03-03T16:54:00+00:00,2025-03-03T10:54:00-06:00,2025-03-03,10:54,Yellow,,Yellow,,Moderate,Around 1 foot.,62.0,Southeast winds around 10 mph.,202503031654-KTAE-FZUS52-SRFTAE,https://mesonet.agron.iastate.edu/p.php?pid=202503031654-KTAE-FZUS52-SRFTAE,NWS Tallahassee SRFTAE via Iowa Environmental Mesonet archive
2025-03-04T16:21:00+00:00,2025-03-04T10:21:00-06:00,2025-03-04,10:21,Single Red,,Single Red,,High,Around 4 feet.,62.0,Breezy. Southeast winds around 25 mph.,202503041621-KTAE-FZUS52-SRFTAE,https://mesonet.agron.iastate.edu/p.php?pid=202503041621-KTAE-FZUS52-SRFTAE,NWS Tallahassee SRFTAE via Iowa Environmental Mesonet archive
2025-03-05T16:27:00+00:00,2025-03-05T10:27:00-06:00,2025-03-05,10:27,Double Red,,Double Red,,High,Around 8 feet.,64.0,Windy. West winds around 30 mph.,202503051627-KTAE-FZUS52-SRFTAE,https://mesonet.agron.iastate.edu/p.php?pid=202503051627-KTAE-FZUS52-SRFTAE,NWS Tallahassee SRFTAE via Iowa Environmental Mesonet archive
2025-03-06T16:39:00+00:00,2025-03-06T10:39:00-06:00,2025-03-06,10:39,Single Red,,Double Red,,High,Around 5 feet.,62.0,Northwest winds around 15 mph.,202503061639-KTAE-FZUS52-SRFTAE,https://mesonet.agron.iastate.edu/p.php?pid=202503061639-KTAE-FZUS52-SRFTAE,NWS Tallahassee SRFTAE via Iowa Environmental Mesonet archive
2025-03-08T16:21:00+00:00,2025-03-08T10:21:00-06:00,2025-03-08,10:21,Yellow,,Single Red,,High,Around 2 feet.,63.0,South winds around 10 mph.,202503081621-KTAE-FZUS52-SRFTAE,https://mesonet.agron.iastate.edu/p.php?pid=202503081621-KTAE-FZUS52-SRFTAE,NWS Tallahassee SRFTAE via Iowa Environmental Mesonet archive
2025-03-10T16:55:00+00:00,2025-03-10T11:55:00-05:00,2025-03-10,11:55,Single Red,,Single Red,,High,Around 6 feet.,63.0,Breezy. Northwest winds around 25 mph.,202503101655-KTAE-FZUS52-SRFTAE,https://mesonet.agron.iastate.edu/p.php?pid=202503101655-KTAE-FZUS52-SRFTAE,NWS Tallahassee SRFTAE via Iowa Environmental Mesonet archive
2025-03-11T15:22:00+00:00,2025-03-11T10:22:00-05:00,2025-03-11,10:22,Single Red,,Single Red,,High,Around 2 feet.,63.0,Northwest winds 5 to 10 mph.,202503111522-KTAE-FZUS52-SRFTAE,https://mesonet.agron.iastate.edu/p.php?pid=202503111522-KTAE-FZUS52-SRFTAE,NWS Tallahassee SRFTAE via Iowa Environmental Mesonet archive
2025-03-12T15:19:00+00:00,2025-03-12T10:19:00-05:00,2025-03-12,10:19,Yellow,,Single Red,,Moderate,Around 1 foot.,63.0,"Light and variable winds, becoming",202503121519-KTAE-FZUS52-SRFTAE,https://mesonet.agron.iastate.edu/p.php?pid=202503121519-KTAE-FZUS52-SRFTAE,NWS Tallahassee SRFTAE via Iowa Environmental Mesonet archive
2025-03-13T15:31:00+00:00,2025-03-13T10:31:00-05:00,2025-03-13,10:31,Single Red,,Yellow,,Moderate,Around 2 feet.,65.0,South winds around 15 mph.,202503131531-KTAE-FZUS52-SRFTAE,https://mesonet.agron.iastate.edu/p.php?pid=202503131531-KTAE-FZUS52-SRFTAE,NWS Tallahassee SRFTAE via Iowa Environmental Mesonet archive
2025-03-14T16:22:00+00:00,2025-03-14T11:22:00-05:00,2025-03-14,11:22,Single Red,,Yellow,,Moderate,Around 3 feet.,66.0,Southeast winds around 15 mph.,202503141622-KTAE-FZUS52-SRFTAE,https://mesonet.agron.iastate.edu/p.php?pid=202503141622-KTAE-FZUS52-SRFTAE,NWS Tallahassee SRFTAE via Iowa Environmental Mesonet archive
2025-03-15T16:01:00+00:00,2025-03-15T11:01:00-05:00,2025-03-15,11:01,Double Red,,Single Red,,High,Around 6 feet.,67.0,Breezy. Southeast winds around 25 mph.,202503151601-KTAE-FZUS52-SRFTAE,https://mesonet.agron.iastate.edu/p.php?pid=202503151601-KTAE-FZUS52-SRFTAE,NWS Tallahassee SRFTAE via Iowa Environmental Mesonet archive
2025-03-16T15:58:00+00:00,2025-03-16T10:58:00-05:00,2025-03-16,10:58,Double Red,,Double Red,,High,Around 7 feet.,67.0,West winds 10 to 15 mph.,202503161558-KTAE-FZUS52-SRFTAE,https://mesonet.agron.iastate.edu/p.php?pid=202503161558-KTAE-FZUS52-SRFTAE,NWS Tallahassee SRFTAE via Iowa Environmental Mesonet archive
2025-03-17T15:59:00+00:00,2025-03-17T10:59:00-05:00,2025-03-17,10:59,Double Red,,Double Red,,High,Around 5 feet.,64.0,Breezy. Northwest winds 20 to 25 mph.,202503171559-KTAE-FZUS52-SRFTAE,https://mesonet.agron.iastate.edu/p.php?pid=202503171559-KTAE-FZUS52-SRFTAE,NWS Tallahassee SRFTAE via Iowa Environmental Mesonet archive
2025-03-18T15:39:00+00:00,2025-03-18T10:39:00-05:00,2025-03-18,10:39,Single Red,,Single Red,,Moderate,Around 2 feet.,64.0,"East winds around 5 mph, becoming",202503181539-KTAE-FZUS52-SRFTAE,https://mesonet.agron.iastate.edu/p.php?pid=202503181539-KTAE-FZUS52-SRFTAE,NWS Tallahassee SRFTAE via Iowa Environmental Mesonet archive
2025-03-19T15:25:00+00:00,2025-03-19T10:25:00-05:00,2025-03-19,10:25,Yellow,,Single Red,,High,Around 2 feet.,65.0,South winds around 15 mph.,202503191525-KTAE-FZUS52-SRFTAE,https://mesonet.agron.iastate.edu/p.php?pid=202503191525-KTAE-FZUS52-SRFTAE,NWS Tallahassee SRFTAE via Iowa Environmental Mesonet archive
2025-03-20T15:23:00+00:00,2025-03-20T10:23:00-05:00,2025-03-20,10:23,Double Red,,Double Red,,High,Around 5 feet.,67.0,Breezy. Northwest winds around 25 mph.,202503201523-KTAE-FZUS52-SRFTAE,https://mesonet.agron.iastate.edu/p.php?pid=202503201523-KTAE-FZUS52-SRFTAE,NWS Tallahassee SRFTAE via Iowa Environmental Mesonet archive
2025-03-21T16:21:00+00:00,2025-03-21T11:21:00-05:00,2025-03-21,11:21,Single Red,,Double Red,,High,Around 2 feet.,64.0,West winds around 10 mph.,202503211621-KTAE-FZUS52-SRFTAE,https://mesonet.agron.iastate.edu/p.php?pid=202503211621-KTAE-FZUS52-SRFTAE,NWS Tallahassee SRFTAE via Iowa Environmental Mesonet archive
2025-03-22T15:24:00+00:00,2025-03-22T10:24:00-05:00,2025-03-22,10:24,Yellow,,Single Red,,Moderate,Around 1 foot.,65.0,"Northwest winds around 5 mph, becoming",202503221524-KTAE-FZUS52-SRFTAE,https://mesonet.agron.iastate.edu/p.php?pid=202503221524-KTAE-FZUS52-SRFTAE,NWS Tallahassee SRFTAE via Iowa Environmental Mesonet archive
2025-03-23T16:25:00+00:00,2025-03-23T11:25:00-05:00,2025-03-23,11:25,Yellow,,Yellow,,Moderate,Around 1 foot.,65.0,South winds around 10 mph.,202503231625-KTAE-FZUS52-SRFTAE,https://mesonet.agron.iastate.edu/p.php?pid=202503231625-KTAE-FZUS52-SRFTAE,NWS Tallahassee SRFTAE via Iowa Environmental Mesonet archive
2025-03-24T15:16:00+00:00,2025-03-24T10:16:00-05:00,2025-03-24,10:16,Yellow,,Yellow,,Moderate,Around 1 foot.,67.0,Southwest winds around 10 mph.,202503241516-KTAE-FZUS52-SRFTAE,https://mesonet.agron.iastate.edu/p.php?pid=202503241516-KTAE-FZUS52-SRFTAE,NWS Tallahassee SRFTAE via Iowa Environmental Mesonet archive
2025-03-25T15:19:00+00:00,2025-03-25T10:19:00-05:00,2025-03-25,10:19,Yellow,,Yellow,,Moderate,Around 1 foot.,66.0,"Northeast winds around 5 mph, becoming",202503251519-KTAE-FZUS52-SRFTAE,https://mesonet.agron.iastate.edu/p.php?pid=202503251519-KTAE-FZUS52-SRFTAE,NWS Tallahassee SRFTAE via Iowa Environmental Mesonet archive
2025-03-26T15:48:00+00:00,2025-03-26T10:48:00-05:00,2025-03-26,10:48,Yellow,,Yellow,,Moderate,Around 2 feet.,67.0,"Northeast winds around 10 mph, becoming",202503261548-KTAE-FZUS52-SRFTAE,https://mesonet.agron.iastate.edu/p.php?pid=202503261548-KTAE-FZUS52-SRFTAE,NWS Tallahassee SRFTAE via Iowa Environmental Mesonet archive
2025-03-27T15:27:00+00:00,2025-03-27T10:27:00-05:00,2025-03-27,10:27,Yellow,,Yellow,,Moderate,Around 3 feet.,66.0,Southeast winds around 10 mph.,202503271527-KTAE-FZUS52-SRFTAE,https://mesonet.agron.iastate.edu/p.php?pid=202503271527-KTAE-FZUS52-SRFTAE,NWS Tallahassee SRFTAE via Iowa Environmental Mesonet archive
2025-03-28T15:18:00+00:00,2025-03-28T10:18:00-05:00,2025-03-28,10:18,Single Red,,Yellow,,High,Around 3 feet.,67.0,Southeast winds around 15 mph.,202503281518-KTAE-FZUS52-SRFTAE,https://mesonet.agron.iastate.edu/p.php?pid=202503281518-KTAE-FZUS52-SRFTAE,NWS Tallahassee SRFTAE via Iowa Environmental Mesonet archive
2025-03-29T15:56:00+00:00,2025-03-29T10:56:00-05:00,2025-03-29,10:56,Double Red,,Single Red,,High,Around 5 feet.,68.0,Southeast winds around 20 mph.,202503291556-KTAE-FZUS52-SRFTAE,https://mesonet.agron.iastate.edu/p.php?pid=202503291556-KTAE-FZUS52-SRFTAE,NWS Tallahassee SRFTAE via Iowa Environmental Mesonet archive
2025-03-30T18:36:00+00:00,2025-03-30T13:36:00-05:00,2025-03-30,13:36,Double Red,,Single Red,,High,Around 4 feet.,69.0,Southeast winds around 15 mph.,202503301836-KTAE-FZUS52-SRFTAE,https://mesonet.agron.iastate.edu/p.php?pid=202503301836-KTAE-FZUS52-SRFTAE,NWS Tallahassee SRFTAE via Iowa Environmental Mesonet archive
2025-04-01T16:18:00+00:00,2025-04-01T11:18:00-05:00,2025-04-01,11:18,Single Red,,Single Red,,Moderate,Around 2 feet.,69.0,South winds around 5 mph.,202504011618-KTAE-FZUS52-SRFTAE,https://mesonet.agron.iastate.edu/p.php?pid=202504011618-KTAE-FZUS52-SRFTAE,NWS Tallahassee SRFTAE via Iowa Environmental Mesonet archive
2025-04-02T16:26:00+00:00,2025-04-02T11:26:00-05:00,2025-04-02,11:26,Single Red,,Single Red,,High,Around 4 feet.,71.0,Southeast winds around 20 mph.,202504021626-KTAE-FZUS52-SRFTAE,https://mesonet.agron.iastate.edu/p.php?pid=202504021626-KTAE-FZUS52-SRFTAE,NWS Tallahassee SRFTAE via Iowa Environmental Mesonet archive
2025-04-03T15:22:00+00:00,2025-04-03T10:22:00-05:00,2025-04-03,10:22,Double Red,,Single Red,,High,Around 5 feet.,71.0,Breezy. Southeast winds 20 to 25 mph.,202504031522-KTAE-FZUS52-SRFTAE,https://mesonet.agron.iastate.edu/p.php?pid=202504031522-KTAE-FZUS52-SRFTAE,NWS Tallahassee SRFTAE via Iowa Environmental Mesonet archive
2025-04-04T15:20:00+00:00,2025-04-04T10:20:00-05:00,2025-04-04,10:20,Double Red,,Double Red,,High,Around 5 feet.,72.0,Southeast winds around 20 mph.,202504041520-KTAE-FZUS52-SRFTAE,https://mesonet.agron.iastate.edu/p.php?pid=202504041520-KTAE-FZUS52-SRFTAE,NWS Tallahassee SRFTAE via Iowa Environmental Mesonet archive
2025-04-05T15:23:00+00:00,2025-04-05T10:23:00-05:00,2025-04-05,10:23,Double Red,,Double Red,,High,Around 5 feet.,73.0,Southeast winds around 20 mph.,202504051523-KTAE-FZUS52-SRFTAE,https://mesonet.agron.iastate.edu/p.php?pid=202504051523-KTAE-FZUS52-SRFTAE,NWS Tallahassee SRFTAE via Iowa Environmental Mesonet archive
2025-04-06T15:50:00+00:00,2025-04-06T10:50:00-05:00,2025-04-06,10:50,Double Red,,Double Red,,High,Around 6 feet.,73.0,Breezy. South winds around 25 mph.,202504061550-KTAE-FZUS52-SRFTAE,https://mesonet.agron.iastate.edu/p.php?pid=202504061550-KTAE-FZUS52-SRFTAE,NWS Tallahassee SRFTAE via Iowa Environmental Mesonet archive
2025-04-07T15:43:00+00:00,2025-04-07T10:43:00-05:00,2025-04-07,10:43,Double Red,,Double Red,,High,Around 5 feet.,74.0,West winds 15 to 20 mph.,202504071543-KTAE-FZUS52-SRFTAE,https://mesonet.agron.iastate.edu/p.php?pid=202504071543-KTAE-FZUS52-SRFTAE,NWS Tallahassee SRFTAE via Iowa Environmental Mesonet archive
2025-04-08T16:22:00+00:00,2025-04-08T11:22:00-05:00,2025-04-08,11:22,Single Red,,Double Red,,High,Around 4 feet.,71.0,North winds around 15 mph.,202504081622-KTAE-FZUS52-SRFTAE,https://mesonet.agron.iastate.edu/p.php?pid=202504081622-KTAE-FZUS52-SRFTAE,NWS Tallahassee SRFTAE via Iowa Environmental Mesonet archive
2025-04-09T15:57:00+00:00,2025-04-09T10:57:00-05:00,2025-04-09,10:57,Single Red,,Single Red,,High,Around 2 feet.,70.0,"Northeast winds around 10 mph, becoming",202504091557-KTAE-FZUS52-SRFTAE,https://mesonet.agron.iastate.edu/p.php?pid=202504091557-KTAE-FZUS52-SRFTAE,NWS Tallahassee SRFTAE via Iowa Environmental Mesonet archive
2025-04-10T15:15:00+00:00,2025-04-10T10:15:00-05:00,2025-04-10,10:15,Yellow,,Yellow,,Moderate,Around 1 foot.,70.0,"Northeast winds around 5 mph, becoming",202504101515-KTAE-FZUS52-SRFTAE,https://mesonet.agron.iastate.edu/p.php?pid=202504101515-KTAE-FZUS52-SRFTAE,NWS Tallahassee SRFTAE via Iowa Environmental Mesonet archive
2025-04-11T15:35:00+00:00,2025-04-11T10:35:00-05:00,2025-04-11,10:35,Yellow,,Single Red,,High,Around 3 feet.,70.0,West winds 10 to 15 mph.,202504111535-KTAE-FZUS52-SRFTAE,https://mesonet.agron.iastate.edu/p.php?pid=202504111535-KTAE-FZUS52-SRFTAE,NWS Tallahassee SRFTAE via Iowa Environmental Mesonet archive
2025-04-12T15:20:00+00:00,2025-04-12T10:20:00-05:00,2025-04-12,10:20,Yellow,,Yellow,,Moderate,Around 1 foot.,68.0,Northwest winds 10 to 15 mph.,202504121520-KTAE-FZUS52-SRFTAE,https://mesonet.agron.iastate.edu/p.php?pid=202504121520-KTAE-FZUS52-SRFTAE,NWS Tallahassee SRFTAE via Iowa Environmental Mesonet archive
2025-04-13T15:14:00+00:00,2025-04-13T10:14:00-05:00,2025-04-13,10:14,Yellow,,Yellow,,Moderate,Around 1 foot.,68.0,"East winds around 5 mph, becoming",202504131514-KTAE-FZUS52-SRFTAE,https://mesonet.agron.iastate.edu/p.php?pid=202504131514-KTAE-FZUS52-SRFTAE,NWS Tallahassee SRFTAE via Iowa Environmental Mesonet archive
2025-04-14T15:29:00+00:00,2025-04-14T10:29:00-05:00,2025-04-14,10:29,Yellow,,Yellow,,Moderate,Around 1 foot.,69.0,Southwest winds 5 to 10 mph.,202504141529-KTAE-FZUS52-SRFTAE,https://mesonet.agron.iastate.edu/p.php?pid=202504141529-KTAE-FZUS52-SRFTAE,NWS Tallahassee SRFTAE via Iowa Environmental Mesonet archive
2025-04-15T15:31:00+00:00,2025-04-15T10:31:00-05:00,2025-04-15,10:31,Single Red,,Double Red,,High,Around 3 feet.,70.0,West winds around 15 mph.,202504151531-KTAE-FZUS52-SRFTAE,https://mesonet.agron.iastate.edu/p.php?pid=202504151531-KTAE-FZUS52-SRFTAE,NWS Tallahassee SRFTAE via Iowa Environmental Mesonet archive
2025-04-16T15:25:00+00:00,2025-04-16T10:25:00-05:00,2025-04-16,10:25,Yellow,,Single Red,,Moderate,Around 1 foot.,66.0,"Northeast winds around 10 mph, becoming",202504161525-KTAE-FZUS52-SRFTAE,https://mesonet.agron.iastate.edu/p.php?pid=202504161525-KTAE-FZUS52-SRFTAE,NWS Tallahassee SRFTAE via Iowa Environmental Mesonet archive
2025-04-17T15:18:00+00:00,2025-04-17T10:18:00-05:00,2025-04-17,10:18,Yellow,,Yellow,,Moderate,Around 1 foot.,67.0,Southeast winds around 10 mph.,202504171518-KTAE-FZUS52-SRFTAE,https://mesonet.agron.iastate.edu/p.php?pid=202504171518-KTAE-FZUS52-SRFTAE,NWS Tallahassee SRFTAE via Iowa Environmental Mesonet archive
2025-04-18T16:14:00+00:00,2025-04-18T11:14:00-05:00,2025-04-18,11:14,Yellow,,Yellow,,Moderate,Around 2 feet.,69.0,Southeast winds around 15 mph.,202504181614-KTAE-FZUS52-SRFTAE,https://mesonet.agron.iastate.edu/p.php?pid=202504181614-KTAE-FZUS52-SRFTAE,NWS Tallahassee SRFTAE via Iowa Environmental Mesonet archive
2025-04-19T17:15:00+00:00,2025-04-19T12:15:00-05:00,2025-04-19,12:15,Yellow,,Yellow,,Moderate,Around 3 feet.,71.0,Southeast winds around 15 mph.,202504191715-KTAE-FZUS52-SRFTAE,https://mesonet.agron.iastate.edu/p.php?pid=202504191715-KTAE-FZUS52-SRFTAE,NWS Tallahassee SRFTAE via Iowa Environmental Mesonet archive
2025-04-20T15:16:00+00:00,2025-04-20T10:16:00-05:00,2025-04-20,10:16,Single Red,,Single Red,,High,Around 4 feet.,72.0,Southeast winds around 15 mph.,202504201516-KTAE-FZUS52-SRFTAE,https://mesonet.agron.iastate.edu/p.php?pid=202504201516-KTAE-FZUS52-SRFTAE,NWS Tallahassee SRFTAE via Iowa Environmental Mesonet archive
2025-04-21T15:36:00+00:00,2025-04-21T10:36:00-05:00,2025-04-21,10:36,Yellow,,Single Red,,High,Around 2 feet.,72.0,Southeast winds around 10 mph.,202504211536-KTAE-FZUS52-SRFTAE,https://mesonet.agron.iastate.edu/p.php?pid=202504211536-KTAE-FZUS52-SRFTAE,NWS Tallahassee SRFTAE via Iowa Environmental Mesonet archive
2025-04-22T15:28:00+00:00,2025-04-22T10:28:00-05:00,2025-04-22,10:28,Yellow,,Single Red,,High,Around 3 feet.,74.0,South winds 5 to 10 mph.,202504221528-KTAE-FZUS52-SRFTAE,https://mesonet.agron.iastate.edu/p.php?pid=202504221528-KTAE-FZUS52-SRFTAE,NWS Tallahassee SRFTAE via Iowa Environmental Mesonet archive
2025-04-23T15:39:00+00:00,2025-04-23T10:39:00-05:00,2025-04-23,10:39,Yellow,,Single Red,,High,Around 2 feet.,74.0,"East winds around 5 mph, becoming south",202504231539-KTAE-FZUS52-SRFTAE,https://mesonet.agron.iastate.edu/p.php?pid=202504231539-KTAE-FZUS52-SRFTAE,NWS Tallahassee SRFTAE via Iowa Environmental Mesonet archive
2025-04-24T15:54:00+00:00,2025-04-24T10:54:00-05:00,2025-04-24,10:54,Yellow,,Yellow,,Moderate,Around 2 feet.,75.0,Southeast winds around 10 mph.,202504241554-KTAE-FZUS52-SRFTAE,https://mesonet.agron.iastate.edu/p.php?pid=202504241554-KTAE-FZUS52-SRFTAE,NWS Tallahassee SRFTAE via Iowa Environmental Mesonet archive
2025-04-25T15:45:00+00:00,2025-04-25T10:45:00-05:00,2025-04-25,10:45,Yellow,,Single Red,,High,Around 2 feet.,76.0,Southeast winds around 15 mph.,202504251545-KTAE-FZUS52-SRFTAE,https://mesonet.agron.iastate.edu/p.php?pid=202504251545-KTAE-FZUS52-SRFTAE,NWS Tallahassee SRFTAE via Iowa Environmental Mesonet archive
2025-04-26T15:28:00+00:00,2025-04-26T10:28:00-05:00,2025-04-26,10:28,Yellow,,Yellow,,Moderate,Around 2 feet.,76.0,"Northeast winds around 5 mph, becoming",202504261528-KTAE-FZUS52-SRFTAE,https://mesonet.agron.iastate.edu/p.php?pid=202504261528-KTAE-FZUS52-SRFTAE,NWS Tallahassee SRFTAE via Iowa Environmental Mesonet archive
2025-04-27T15:13:00+00:00,2025-04-27T10:13:00-05:00,2025-04-27,10:13,Yellow,,Yellow,,Moderate,Around 1 foot.,76.0,"Northwest winds around 5 mph, becoming",202504271513-KTAE-FZUS52-SRFTAE,https://mesonet.agron.iastate.edu/p.php?pid=202504271513-KTAE-FZUS52-SRFTAE,NWS Tallahassee SRFTAE via Iowa Environmental Mesonet archive
2025-04-28T15:16:00+00:00,2025-04-28T10:16:00-05:00,2025-04-28,10:16,Yellow,,Yellow,,Moderate,Around 1 foot.,74.0,"Southeast winds around 5 mph, becoming",202504281516-KTAE-FZUS52-SRFTAE,https://mesonet.agron.iastate.edu/p.php?pid=202504281516-KTAE-FZUS52-SRFTAE,NWS Tallahassee SRFTAE via Iowa Environmental Mesonet archive
2025-04-29T15:16:00+00:00,2025-04-29T10:16:00-05:00,2025-04-29,10:16,Yellow,,Yellow,,Moderate,Around 2 feet.,75.0,Southeast winds around 15 mph.,202504291516-KTAE-FZUS52-SRFTAE,https://mesonet.agron.iastate.edu/p.php?pid=202504291516-KTAE-FZUS52-SRFTAE,NWS Tallahassee SRFTAE via Iowa Environmental Mesonet archive
2025-04-30T15:09:00+00:00,2025-04-30T10:09:00-05:00,2025-04-30,10:09,Single Red,,Single Red,,High,Around 3 feet.,78.0,Southeast winds around 15 mph.,202504301509-KTAE-FZUS52-SRFTAE,https://mesonet.agron.iastate.edu/p.php?pid=202504301509-KTAE-FZUS52-SRFTAE,NWS Tallahassee SRFTAE via Iowa Environmental Mesonet archive
2025-05-01T16:02:00+00:00,2025-05-01T11:02:00-05:00,2025-05-01,11:02,Single Red,,Single Red,,High,Around 2 feet.,78.0,South winds around 15 mph.,202505011602-KTAE-FZUS52-SRFTAE,https://mesonet.agron.iastate.edu/p.php?pid=202505011602-KTAE-FZUS52-SRFTAE,NWS Tallahassee SRFTAE via Iowa Environmental Mesonet archive
2025-05-03T15:16:00+00:00,2025-05-03T10:16:00-05:00,2025-05-03,10:16,Single Red,,Single Red,,High,Around 3 feet.,78.0,South winds 15 to 20 mph.,202505031516-KTAE-FZUS52-SRFTAE,https://mesonet.agron.iastate.edu/p.php?pid=202505031516-KTAE-FZUS52-SRFTAE,NWS Tallahassee SRFTAE via Iowa Environmental Mesonet archive
2025-05-04T15:30:00+00:00,2025-05-04T10:30:00-05:00,2025-05-04,10:30,Yellow,,Single Red,,High,Around 2 feet.,77.0,Northwest winds around 10 mph.,202505041530-KTAE-FZUS52-SRFTAE,https://mesonet.agron.iastate.edu/p.php?pid=202505041530-KTAE-FZUS52-SRFTAE,NWS Tallahassee SRFTAE via Iowa Environmental Mesonet archive
2025-05-05T15:24:00+00:00,2025-05-05T10:24:00-05:00,2025-05-05,10:24,Yellow,,Yellow,,Moderate,Around 1 foot.,76.0,"East winds around 5 mph, becoming",202505051524-KTAE-FZUS52-SRFTAE,https://mesonet.agron.iastate.edu/p.php?pid=202505051524-KTAE-FZUS52-SRFTAE,NWS Tallahassee SRFTAE via Iowa Environmental Mesonet archive
2025-05-06T16:08:00+00:00,2025-05-06T11:08:00-05:00,2025-05-06,11:08,Yellow,,Yellow,,Moderate,Around 1 foot.,76.0,East winds around 10 mph.,202505061608-KTAE-FZUS52-SRFTAE,https://mesonet.agron.iastate.edu/p.php?pid=202505061608-KTAE-FZUS52-SRFTAE,NWS Tallahassee SRFTAE via Iowa Environmental Mesonet archive
2025-05-08T16:01:00+00:00,2025-05-08T11:01:00-05:00,2025-05-08,11:01,Yellow,,Single Red,,High,Around 2 feet.,77.0,South winds around 10 mph.,202505081601-KTAE-FZUS52-SRFTAE,https://mesonet.agron.iastate.edu/p.php?pid=202505081601-KTAE-FZUS52-SRFTAE,NWS Tallahassee SRFTAE via Iowa Environmental Mesonet archive
2025-05-10T16:00:00+00:00,2025-05-10T11:00:00-05:00,2025-05-10,11:00,Single Red,,Single Red,,High,Around 5 feet.,77.0,Breezy. Southeast winds around 25 mph.,202505101600-KTAE-FZUS52-SRFTAE,https://mesonet.agron.iastate.edu/p.php?pid=202505101600-KTAE-FZUS52-SRFTAE,NWS Tallahassee SRFTAE via Iowa Environmental Mesonet archive
2025-05-11T16:48:00+00:00,2025-05-11T11:48:00-05:00,2025-05-11,11:48,Double Red,,Double Red,,High,Around 5 feet.,77.0,Southeast winds around 20 mph.,202505111648-KTAE-FZUS52-SRFTAE,https://mesonet.agron.iastate.edu/p.php?pid=202505111648-KTAE-FZUS52-SRFTAE,NWS Tallahassee SRFTAE via Iowa Environmental Mesonet archive
2025-05-12T15:33:00+00:00,2025-05-12T10:33:00-05:00,2025-05-12,10:33,Double Red,,Double Red,,High,Around 3 feet.,76.0,Southwest winds around 15 mph.,202505121533-KTAE-FZUS52-SRFTAE,https://mesonet.agron.iastate.edu/p.php?pid=202505121533-KTAE-FZUS52-SRFTAE,NWS Tallahassee SRFTAE via Iowa Environmental Mesonet archive
2025-05-14T15:54:00+00:00,2025-05-14T10:54:00-05:00,2025-05-14,10:54,Single Red,,Single Red,,High,Around 2 feet.,77.0,Southwest winds around 10 mph.,202505141554-KTAE-FZUS52-SRFTAE,https://mesonet.agron.iastate.edu/p.php?pid=202505141554-KTAE-FZUS52-SRFTAE,NWS Tallahassee SRFTAE via Iowa Environmental Mesonet archive
2025-05-15T16:28:00+00:00,2025-05-15T11:28:00-05:00,2025-05-15,11:28,Double Red,,Single Red,,High,Around 2 feet.,78.0,Southwest winds around 10 mph.,202505151628-KTAE-FZUS52-SRFTAE,https://mesonet.agron.iastate.edu/p.php?pid=202505151628-KTAE-FZUS52-SRFTAE,NWS Tallahassee SRFTAE via Iowa Environmental Mesonet archive
2025-05-16T15:28:00+00:00,2025-05-16T10:28:00-05:00,2025-05-16,10:28,Single Red,,Single Red,,High,Around 2 feet.,79.0,Southwest winds around 10 mph.,202505161528-KTAE-FZUS52-SRFTAE,https://mesonet.agron.iastate.edu/p.php?pid=202505161528-KTAE-FZUS52-SRFTAE,NWS Tallahassee SRFTAE via Iowa Environmental Mesonet archive
2025-05-17T15:59:00+00:00,2025-05-17T10:59:00-05:00,2025-05-17,10:59,Single Red,,Single Red,,High,Around 2 feet.,79.0,Southwest winds around 10 mph.,202505171559-KTAE-FZUS52-SRFTAE,https://mesonet.agron.iastate.edu/p.php?pid=202505171559-KTAE-FZUS52-SRFTAE,NWS Tallahassee SRFTAE via Iowa Environmental Mesonet archive
2025-05-18T15:23:00+00:00,2025-05-18T10:23:00-05:00,2025-05-18,10:23,Yellow,,Yellow,,Moderate,Around 1 foot.,80.0,Southwest winds 5 to 10 mph.,202505181523-KTAE-FZUS52-SRFTAE,https://mesonet.agron.iastate.edu/p.php?pid=202505181523-KTAE-FZUS52-SRFTAE,NWS Tallahassee SRFTAE via Iowa Environmental Mesonet archive
2025-05-19T15:19:00+00:00,2025-05-19T10:19:00-05:00,2025-05-19,10:19,Yellow,,Yellow,,Moderate,Around 1 foot.,80.0,South winds 5 to 10 mph.,202505191519-KTAE-FZUS52-SRFTAE,https://mesonet.agron.iastate.edu/p.php?pid=202505191519-KTAE-FZUS52-SRFTAE,NWS Tallahassee SRFTAE via Iowa Environmental Mesonet archive
2025-05-20T15:16:00+00:00,2025-05-20T10:16:00-05:00,2025-05-20,10:16,Single Red,,Single Red,,High,Around 2 feet.,82.0,South winds around 15 mph.,202505201516-KTAE-FZUS52-SRFTAE,https://mesonet.agron.iastate.edu/p.php?pid=202505201516-KTAE-FZUS52-SRFTAE,NWS Tallahassee SRFTAE via Iowa Environmental Mesonet archive
2025-05-21T15:15:00+00:00,2025-05-21T10:15:00-05:00,2025-05-21,10:15,Single Red,,Single Red,,High,Around 3 feet.,83.0,West winds around 15 mph.,202505211515-KTAE-FZUS52-SRFTAE,https://mesonet.agron.iastate.edu/p.php?pid=202505211515-KTAE-FZUS52-SRFTAE,NWS Tallahassee SRFTAE via Iowa Environmental Mesonet archive
2025-05-22T15:36:00+00:00,2025-05-22T10:36:00-05:00,2025-05-22,10:36,Yellow,,Single Red,,High,Around 2 feet.,79.0,"East winds around 10 mph, becoming",202505221536-KTAE-FZUS52-SRFTAE,https://mesonet.agron.iastate.edu/p.php?pid=202505221536-KTAE-FZUS52-SRFTAE,NWS Tallahassee SRFTAE via Iowa Environmental Mesonet archive
2025-05-23T15:59:00+00:00,2025-05-23T10:59:00-05:00,2025-05-23,10:59,Yellow,,Yellow,,Moderate,Around 1 foot.,80.0,"North winds around 5 mph, becoming",202505231559-KTAE-FZUS52-SRFTAE,https://mesonet.agron.iastate.edu/p.php?pid=202505231559-KTAE-FZUS52-SRFTAE,NWS Tallahassee SRFTAE via Iowa Environmental Mesonet archive
2025-05-24T15:25:00+00:00,2025-05-24T10:25:00-05:00,2025-05-24,10:25,Yellow,,Yellow,,Moderate,Around 1 foot.,79.0,"Northwest winds around 5 mph, becoming",202505241525-KTAE-FZUS52-SRFTAE,https://mesonet.agron.iastate.edu/p.php?pid=202505241525-KTAE-FZUS52-SRFTAE,NWS Tallahassee SRFTAE via Iowa Environmental Mesonet archive
2025-05-25T15:38:00+00:00,2025-05-25T10:38:00-05:00,2025-05-25,10:38,Yellow,,Yellow,,Moderate,Around 1 foot.,79.0,Southwest winds 5 to 10 mph.,202505251538-KTAE-FZUS52-SRFTAE,https://mesonet.agron.iastate.edu/p.php?pid=202505251538-KTAE-FZUS52-SRFTAE,NWS Tallahassee SRFTAE via Iowa Environmental Mesonet archive
2025-05-26T15:23:00+00:00,2025-05-26T10:23:00-05:00,2025-05-26,10:23,Yellow,,Yellow,,Moderate,Around 1 foot.,79.0,South winds 5 to 10 mph.,202505261523-KTAE-FZUS52-SRFTAE,https://mesonet.agron.iastate.edu/p.php?pid=202505261523-KTAE-FZUS52-SRFTAE,NWS Tallahassee SRFTAE via Iowa Environmental Mesonet archive
2025-05-27T17:21:00+00:00,2025-05-27T12:21:00-05:00,2025-05-27,12:21,Yellow,,Yellow,,Moderate,Around 2 feet.,83.0,South winds around 10 mph.,202505271721-KTAE-FZUS52-SRFTAE,https://mesonet.agron.iastate.edu/p.php?pid=202505271721-KTAE-FZUS52-SRFTAE,NWS Tallahassee SRFTAE via Iowa Environmental Mesonet archive
2025-05-28T15:48:00+00:00,2025-05-28T10:48:00-05:00,2025-05-28,10:48,Yellow,,Yellow,,Moderate,Around 2 feet.,83.0,Southwest winds around 10 mph.,202505281548-KTAE-FZUS52-SRFTAE,https://mesonet.agron.iastate.edu/p.php?pid=202505281548-KTAE-FZUS52-SRFTAE,NWS Tallahassee SRFTAE via Iowa Environmental Mesonet archive
2025-05-29T16:59:00+00:00,2025-05-29T11:59:00-05:00,2025-05-29,11:59,Yellow,,Yellow,,High,Around 2 feet.,82.0,South winds around 15 mph.,202505291659-KTAE-FZUS52-SRFTAE,https://mesonet.agron.iastate.edu/p.php?pid=202505291659-KTAE-FZUS52-SRFTAE,NWS Tallahassee SRFTAE via Iowa Environmental Mesonet archive
2025-05-30T15:19:00+00:00,2025-05-30T10:19:00-05:00,2025-05-30,10:19,Yellow,,Single Red,,High,Around 2 feet.,81.0,West winds around 15 mph.,202505301519-KTAE-FZUS52-SRFTAE,https://mesonet.agron.iastate.edu/p.php?pid=202505301519-KTAE-FZUS52-SRFTAE,NWS Tallahassee SRFTAE via Iowa Environmental Mesonet archive
2025-05-31T15:53:00+00:00,2025-05-31T10:53:00-05:00,2025-05-31,10:53,Yellow,,Single Red,,Moderate,Around 2 feet.,78.0,"North winds around 10 mph, becoming",202505311553-KTAE-FZUS52-SRFTAE,https://mesonet.agron.iastate.edu/p.php?pid=202505311553-KTAE-FZUS52-SRFTAE,NWS Tallahassee SRFTAE via Iowa Environmental Mesonet archive
2025-06-01T15:55:00+00:00,2025-06-01T10:55:00-05:00,2025-06-01,10:55,Yellow,,Yellow,,Moderate,Around 1 foot.,76.0,"North winds around 5 mph, becoming",202506011555-KTAE-FZUS52-SRFTAE,https://mesonet.agron.iastate.edu/p.php?pid=202506011555-KTAE-FZUS52-SRFTAE,NWS Tallahassee SRFTAE via Iowa Environmental Mesonet archive
2025-06-02T18:28:00+00:00,2025-06-02T13:28:00-05:00,2025-06-02,13:28,Yellow,,Yellow,,Moderate,Around 1 foot.,77.0,Southwest winds around 5 mph.,202506021828-KTAE-FZUS52-SRFTAE,https://mesonet.agron.iastate.edu/p.php?pid=202506021828-KTAE-FZUS52-SRFTAE,NWS Tallahassee SRFTAE via Iowa Environmental Mesonet archive
2025-06-03T15:47:00+00:00,2025-06-03T10:47:00-05:00,2025-06-03,10:47,Yellow,,Yellow,,Moderate,Around 3 feet.,77.0,Southeast winds around 15 mph.,202506031547-KTAE-FZUS52-SRFTAE,https://mesonet.agron.iastate.edu/p.php?pid=202506031547-KTAE-FZUS52-SRFTAE,NWS Tallahassee SRFTAE via Iowa Environmental Mesonet archive
2025-06-04T15:51:00+00:00,2025-06-04T10:51:00-05:00,2025-06-04,10:51,Yellow,,Yellow,,Moderate,Around 2 feet.,79.0,East winds 10 to 15 mph.,202506041551-KTAE-FZUS52-SRFTAE,https://mesonet.agron.iastate.edu/p.php?pid=202506041551-KTAE-FZUS52-SRFTAE,NWS Tallahassee SRFTAE via Iowa Environmental Mesonet archive
2025-06-05T16:29:00+00:00,2025-06-05T11:29:00-05:00,2025-06-05,11:29,Yellow,,Single Red,,High,Around 2 feet.,80.0,South winds around 10 mph.,202506051629-KTAE-FZUS52-SRFTAE,https://mesonet.agron.iastate.edu/p.php?pid=202506051629-KTAE-FZUS52-SRFTAE,NWS Tallahassee SRFTAE via Iowa Environmental Mesonet archive
2025-06-07T16:14:00+00:00,2025-06-07T11:14:00-05:00,2025-06-07,11:14,Double Red,,Single Red,,High,Around 2 feet.,82.0,Southwest winds around 15 mph.,202506071614-KTAE-FZUS52-SRFTAE,https://mesonet.agron.iastate.edu/p.php?pid=202506071614-KTAE-FZUS52-SRFTAE,NWS Tallahassee SRFTAE via Iowa Environmental Mesonet archive
2025-06-08T15:20:00+00:00,2025-06-08T10:20:00-05:00,2025-06-08,10:20,Double Red,,Double Red,,High,Around 2 feet.,82.0,West winds around 15 mph.,202506081520-KTAE-FZUS52-SRFTAE,https://mesonet.agron.iastate.edu/p.php?pid=202506081520-KTAE-FZUS52-SRFTAE,NWS Tallahassee SRFTAE via Iowa Environmental Mesonet archive
2025-06-09T15:50:00+00:00,2025-06-09T10:50:00-05:00,2025-06-09,10:50,Single Red,,Double Red,,High,Around 3 feet.,82.0,Southwest winds around 15 mph.,202506091550-KTAE-FZUS52-SRFTAE,https://mesonet.agron.iastate.edu/p.php?pid=202506091550-KTAE-FZUS52-SRFTAE,NWS Tallahassee SRFTAE via Iowa Environmental Mesonet archive
2025-06-10T16:05:00+00:00,2025-06-10T11:05:00-05:00,2025-06-10,11:05,Yellow,,Double Red,,Moderate,Around 2 feet.,82.0,Southwest winds around 10 mph.,202506101605-KTAE-FZUS52-SRFTAE,https://mesonet.agron.iastate.edu/p.php?pid=202506101605-KTAE-FZUS52-SRFTAE,NWS Tallahassee SRFTAE via Iowa Environmental Mesonet archive
2025-06-11T15:41:00+00:00,2025-06-11T10:41:00-05:00,2025-06-11,10:41,Yellow,,Single Red,,Moderate,Around 1 foot.,82.0,South winds around 5 mph.,202506111541-KTAE-FZUS52-SRFTAE,https://mesonet.agron.iastate.edu/p.php?pid=202506111541-KTAE-FZUS52-SRFTAE,NWS Tallahassee SRFTAE via Iowa Environmental Mesonet archive
2025-06-12T15:54:00+00:00,2025-06-12T10:54:00-05:00,2025-06-12,10:54,Yellow,,Yellow,,Moderate,Around 1 foot.,83.0,Southeast winds around 10 mph.,202506121554-KTAE-FZUS52-SRFTAE,https://mesonet.agron.iastate.edu/p.php?pid=202506121554-KTAE-FZUS52-SRFTAE,NWS Tallahassee SRFTAE via Iowa Environmental Mesonet archive
2025-06-13T16:26:00+00:00,2025-06-13T11:26:00-05:00,2025-06-13,11:26,Yellow,,Yellow,,Moderate,Around 2 feet.,84.0,South winds around 15 mph.,202506131626-KTAE-FZUS52-SRFTAE,https://mesonet.agron.iastate.edu/p.php?pid=202506131626-KTAE-FZUS52-SRFTAE,NWS Tallahassee SRFTAE via Iowa Environmental Mesonet archive
2025-06-14T16:02:00+00:00,2025-06-14T11:02:00-05:00,2025-06-14,11:02,Yellow,,Yellow,,Moderate,Around 2 feet.,84.0,South winds around 10 mph.,202506141602-KTAE-FZUS52-SRFTAE,https://mesonet.agron.iastate.edu/p.php?pid=202506141602-KTAE-FZUS52-SRFTAE,NWS Tallahassee SRFTAE via Iowa Environmental Mesonet archive
2025-06-15T15:12:00+00:00,2025-06-15T10:12:00-05:00,2025-06-15,10:12,Yellow,,Yellow,,Moderate,Around 2 feet.,85.0,Southwest winds 5 to 10 mph.,202506151512-KTAE-FZUS52-SRFTAE,https://mesonet.agron.iastate.edu/p.php?pid=202506151512-KTAE-FZUS52-SRFTAE,NWS Tallahassee SRFTAE via Iowa Environmental Mesonet archive
2025-06-16T15:24:00+00:00,2025-06-16T10:24:00-05:00,2025-06-16,10:24,Yellow,,Yellow,,Moderate,Around 2 feet.,85.0,South winds around 10 mph.,202506161524-KTAE-FZUS52-SRFTAE,https://mesonet.agron.iastate.edu/p.php?pid=202506161524-KTAE-FZUS52-SRFTAE,NWS Tallahassee SRFTAE via Iowa Environmental Mesonet archive
2025-06-17T16:10:00+00:00,2025-06-17T11:10:00-05:00,2025-06-17,11:10,Single Red,,Yellow,,High,Around 2 feet.,86.0,South winds around 15 mph.,202506171610-KTAE-FZUS52-SRFTAE,https://mesonet.agron.iastate.edu/p.php?pid=202506171610-KTAE-FZUS52-SRFTAE,NWS Tallahassee SRFTAE via Iowa Environmental Mesonet archive
2025-06-18T17:00:00+00:00,2025-06-18T12:00:00-05:00,2025-06-18,12:00,Single Red,,Single Red,,High,Around 2 feet.,86.0,South winds around 15 mph.,202506181700-KTAE-FZUS52-SRFTAE,https://mesonet.agron.iastate.edu/p.php?pid=202506181700-KTAE-FZUS52-SRFTAE,NWS Tallahassee SRFTAE via Iowa Environmental Mesonet archive
2025-06-19T17:23:00+00:00,2025-06-19T12:23:00-05:00,2025-06-19,12:23,Single Red,,Single Red,,High,Around 2 feet.,86.0,West winds around 10 mph.,202506191723-KTAE-FZUS52-SRFTAE,https://mesonet.agron.iastate.edu/p.php?pid=202506191723-KTAE-FZUS52-SRFTAE,NWS Tallahassee SRFTAE via Iowa Environmental Mesonet archive
2025-06-20T15:19:00+00:00,2025-06-20T10:19:00-05:00,2025-06-20,10:19,Single Red,,Single Red,,High,Around 2 feet.,86.0,"Northwest winds around 5 mph, becoming",202506201519-KTAE-FZUS52-SRFTAE,https://mesonet.agron.iastate.edu/p.php?pid=202506201519-KTAE-FZUS52-SRFTAE,NWS Tallahassee SRFTAE via Iowa Environmental Mesonet archive
2025-06-21T16:06:00+00:00,2025-06-21T11:06:00-05:00,2025-06-21,11:06,Yellow,,Yellow,,Moderate,Around 1 foot.,87.0,Southwest winds around 5 mph.,202506211606-KTAE-FZUS52-SRFTAE,https://mesonet.agron.iastate.edu/p.php?pid=202506211606-KTAE-FZUS52-SRFTAE,NWS Tallahassee SRFTAE via Iowa Environmental Mesonet archive
2025-06-22T15:14:00+00:00,2025-06-22T10:14:00-05:00,2025-06-22,10:14,Yellow,,Yellow,,Moderate,Around 1 foot.,87.0,"East winds around 5 mph, becoming south",202506221514-KTAE-FZUS52-SRFTAE,https://mesonet.agron.iastate.edu/p.php?pid=202506221514-KTAE-FZUS52-SRFTAE,NWS Tallahassee SRFTAE via Iowa Environmental Mesonet archive
2025-06-23T16:57:00+00:00,2025-06-23T11:57:00-05:00,2025-06-23,11:57,Yellow,,Yellow,,Moderate,Around 1 foot.,87.0,Southeast winds around 10 mph.,202506231657-KTAE-FZUS52-SRFTAE,https://mesonet.agron.iastate.edu/p.php?pid=202506231657-KTAE-FZUS52-SRFTAE,NWS Tallahassee SRFTAE via Iowa Environmental Mesonet archive
2025-06-24T16:42:00+00:00,2025-06-24T11:42:00-05:00,2025-06-24,11:42,Yellow,,Yellow,,Moderate,Around 1 foot.,87.0,South winds around 5 mph.,202506241642-KTAE-FZUS52-SRFTAE,https://mesonet.agron.iastate.edu/p.php?pid=202506241642-KTAE-FZUS52-SRFTAE,NWS Tallahassee SRFTAE via Iowa Environmental Mesonet archive
2025-06-25T16:13:00+00:00,2025-06-25T11:13:00-05:00,2025-06-25,11:13,Yellow,,Yellow,,Moderate,Around 2 feet.,87.0,West winds around 5 mph.,202506251613-KTAE-FZUS52-SRFTAE,https://mesonet.agron.iastate.edu/p.php?pid=202506251613-KTAE-FZUS52-SRFTAE,NWS Tallahassee SRFTAE via Iowa Environmental Mesonet archive
2025-06-26T15:55:00+00:00,2025-06-26T10:55:00-05:00,2025-06-26,10:55,Yellow,,Yellow,,Moderate,Around 2 feet.,88.0,"Southeast winds around 10 mph, becoming",202506261555-KTAE-FZUS52-SRFTAE,https://mesonet.agron.iastate.edu/p.php?pid=202506261555-KTAE-FZUS52-SRFTAE,NWS Tallahassee SRFTAE via Iowa Environmental Mesonet archive
2025-06-27T16:15:00+00:00,2025-06-27T11:15:00-05:00,2025-06-27,11:15,Yellow,,Yellow,,Moderate,Around 1 foot.,87.0,South winds around 10 mph.,202506271615-KTAE-FZUS52-SRFTAE,https://mesonet.agron.iastate.edu/p.php?pid=202506271615-KTAE-FZUS52-SRFTAE,NWS Tallahassee SRFTAE via Iowa Environmental Mesonet archive
2025-06-28T18:38:00+00:00,2025-06-28T13:38:00-05:00,2025-06-28,13:38,Yellow,,Single Red,,High,Around 2 feet.,87.0,South winds around 10 mph.,202506281838-KTAE-FZUS52-SRFTAE,https://mesonet.agron.iastate.edu/p.php?pid=202506281838-KTAE-FZUS52-SRFTAE,NWS Tallahassee SRFTAE via Iowa Environmental Mesonet archive
2025-06-29T16:35:00+00:00,2025-06-29T11:35:00-05:00,2025-06-29,11:35,Yellow,,Single Red,,High,Around 3 feet.,87.0,Southwest winds around 10 mph.,202506291635-KTAE-FZUS52-SRFTAE,https://mesonet.agron.iastate.edu/p.php?pid=202506291635-KTAE-FZUS52-SRFTAE,NWS Tallahassee SRFTAE via Iowa Environmental Mesonet archive
2025-06-30T16:09:00+00:00,2025-06-30T11:09:00-05:00,2025-06-30,11:09,Yellow,,Single Red,,High,Around 2 feet.,86.0,West winds around 15 mph.,202506301609-KTAE-FZUS52-SRFTAE,https://mesonet.agron.iastate.edu/p.php?pid=202506301609-KTAE-FZUS52-SRFTAE,NWS Tallahassee SRFTAE via Iowa Environmental Mesonet archive
2025-07-01T15:45:00+00:00,2025-07-01T10:45:00-05:00,2025-07-01,10:45,Yellow,,Single Red,,High,Around 2 feet.,85.0,Southwest winds around 10 mph.,202507011545-KTAE-FZUS52-SRFTAE,https://mesonet.agron.iastate.edu/p.php?pid=202507011545-KTAE-FZUS52-SRFTAE,NWS Tallahassee SRFTAE via Iowa Environmental Mesonet archive
2025-07-02T15:14:00+00:00,2025-07-02T10:14:00-05:00,2025-07-02,10:14,Yellow,,Single Red,,Moderate,Around 2 feet.,84.0,West winds around 10 mph.,202507021514-KTAE-FZUS52-SRFTAE,https://mesonet.agron.iastate.edu/p.php?pid=202507021514-KTAE-FZUS52-SRFTAE,NWS Tallahassee SRFTAE via Iowa Environmental Mesonet archive
2025-07-03T15:27:00+00:00,2025-07-03T10:27:00-05:00,2025-07-03,10:27,Yellow,,Single Red,,Moderate,Around 2 feet.,84.0,Northwest winds around 10 mph.,202507031527-KTAE-FZUS52-SRFTAE,https://mesonet.agron.iastate.edu/p.php?pid=202507031527-KTAE-FZUS52-SRFTAE,NWS Tallahassee SRFTAE via Iowa Environmental Mesonet archive
2025-07-04T15:15:00+00:00,2025-07-04T10:15:00-05:00,2025-07-04,10:15,Yellow,,Yellow,,Moderate,Around 2 feet.,82.0,Northwest winds 5 to 10 mph.,202507041515-KTAE-FZUS52-SRFTAE,https://mesonet.agron.iastate.edu/p.php?pid=202507041515-KTAE-FZUS52-SRFTAE,NWS Tallahassee SRFTAE via Iowa Environmental Mesonet archive
2025-07-05T15:46:00+00:00,2025-07-05T10:46:00-05:00,2025-07-05,10:46,Yellow,,Yellow,,Moderate,Around 1 foot.,79.0,East winds 10 to 15 mph.,202507051546-KTAE-FZUS52-SRFTAE,https://mesonet.agron.iastate.edu/p.php?pid=202507051546-KTAE-FZUS52-SRFTAE,NWS Tallahassee SRFTAE via Iowa Environmental Mesonet archive
2025-07-06T15:17:00+00:00,2025-07-06T10:17:00-05:00,2025-07-06,10:17,Yellow,,Yellow,,Moderate,Around 1 foot.,81.0,"East winds around 5 mph, becoming south",202507061517-KTAE-FZUS52-SRFTAE,https://mesonet.agron.iastate.edu/p.php?pid=202507061517-KTAE-FZUS52-SRFTAE,NWS Tallahassee SRFTAE via Iowa Environmental Mesonet archive
2025-07-07T15:43:00+00:00,2025-07-07T10:43:00-05:00,2025-07-07,10:43,Yellow,,Yellow,,Moderate,Around 1 foot.,82.0,Southwest winds 5 to 10 mph.,202507071543-KTAE-FZUS52-SRFTAE,https://mesonet.agron.iastate.edu/p.php?pid=202507071543-KTAE-FZUS52-SRFTAE,NWS Tallahassee SRFTAE via Iowa Environmental Mesonet archive
2025-07-09T17:18:00+00:00,2025-07-09T12:18:00-05:00,2025-07-09,12:18,Yellow,,Yellow,,Moderate,Around 2 feet.,81.0,Southwest winds around 15 mph.,202507091718-KTAE-FZUS52-SRFTAE,https://mesonet.agron.iastate.edu/p.php?pid=202507091718-KTAE-FZUS52-SRFTAE,NWS Tallahassee SRFTAE via Iowa Environmental Mesonet archive
2025-07-10T15:16:00+00:00,2025-07-10T10:16:00-05:00,2025-07-10,10:16,Yellow,,Single Red,,Moderate,Around 2 feet.,78.0,West winds 10 to 15 mph.,202507101516-KTAE-FZUS52-SRFTAE,https://mesonet.agron.iastate.edu/p.php?pid=202507101516-KTAE-FZUS52-SRFTAE,NWS Tallahassee SRFTAE via Iowa Environmental Mesonet archive
2025-07-11T15:25:00+00:00,2025-07-11T10:25:00-05:00,2025-07-11,10:25,Yellow,,Single Red,,Moderate,Around 2 feet.,78.0,West winds around 10 mph.,202507111525-KTAE-FZUS52-SRFTAE,https://mesonet.agron.iastate.edu/p.php?pid=202507111525-KTAE-FZUS52-SRFTAE,NWS Tallahassee SRFTAE via Iowa Environmental Mesonet archive
2025-07-12T16:15:00+00:00,2025-07-12T11:15:00-05:00,2025-07-12,11:15,Yellow,,Yellow,,Moderate,Around 1 foot.,80.0,West winds around 10 mph.,202507121615-KTAE-FZUS52-SRFTAE,https://mesonet.agron.iastate.edu/p.php?pid=202507121615-KTAE-FZUS52-SRFTAE,NWS Tallahassee SRFTAE via Iowa Environmental Mesonet archive
2025-07-13T15:14:00+00:00,2025-07-13T10:14:00-05:00,2025-07-13,10:14,Yellow,,Yellow,,Moderate,Around 1 foot.,82.0,West winds 10 to 15 mph.,202507131514-KTAE-FZUS52-SRFTAE,https://mesonet.agron.iastate.edu/p.php?pid=202507131514-KTAE-FZUS52-SRFTAE,NWS Tallahassee SRFTAE via Iowa Environmental Mesonet archive
2025-07-14T15:21:00+00:00,2025-07-14T10:21:00-05:00,2025-07-14,10:21,Yellow,,Single Red,,Moderate,Around 2 feet.,82.0,Northwest winds around 15 mph.,202507141521-KTAE-FZUS52-SRFTAE,https://mesonet.agron.iastate.edu/p.php?pid=202507141521-KTAE-FZUS52-SRFTAE,NWS Tallahassee SRFTAE via Iowa Environmental Mesonet archive
2025-07-15T15:21:00+00:00,2025-07-15T10:21:00-05:00,2025-07-15,10:21,Yellow,,Yellow,,Moderate,Around 1 foot.,82.0,"North winds around 10 mph, becoming",202507151521-KTAE-FZUS52-SRFTAE,https://mesonet.agron.iastate.edu/p.php?pid=202507151521-KTAE-FZUS52-SRFTAE,NWS Tallahassee SRFTAE via Iowa Environmental Mesonet archive
2025-07-16T16:31:00+00:00,2025-07-16T11:31:00-05:00,2025-07-16,11:31,Yellow,,Yellow,,Moderate,Around 1 foot.,79.0,South winds around 15 mph.,202507161631-KTAE-FZUS52-SRFTAE,https://mesonet.agron.iastate.edu/p.php?pid=202507161631-KTAE-FZUS52-SRFTAE,NWS Tallahassee SRFTAE via Iowa Environmental Mesonet archive
2025-07-17T15:38:00+00:00,2025-07-17T10:38:00-05:00,2025-07-17,10:38,Single Red,,Single Red,,High,Around 4 feet.,83.0,South winds around 20 mph.,202507171538-KTAE-FZUS52-SRFTAE,https://mesonet.agron.iastate.edu/p.php?pid=202507171538-KTAE-FZUS52-SRFTAE,NWS Tallahassee SRFTAE via Iowa Environmental Mesonet archive
2025-07-18T15:04:00+00:00,2025-07-18T10:04:00-05:00,2025-07-18,10:04,Single Red,,Single Red,,High,Around 3 feet.,84.0,South winds around 15 mph.,202507181504-KTAE-FZUS52-SRFTAE,https://mesonet.agron.iastate.edu/p.php?pid=202507181504-KTAE-FZUS52-SRFTAE,NWS Tallahassee SRFTAE via Iowa Environmental Mesonet archive
2025-07-19T15:20:00+00:00,2025-07-19T10:20:00-05:00,2025-07-19,10:20,Yellow,,Yellow,,Moderate,Around 1 foot.,85.0,Southwest winds 5 to 10 mph.,202507191520-KTAE-FZUS52-SRFTAE,https://mesonet.agron.iastate.edu/p.php?pid=202507191520-KTAE-FZUS52-SRFTAE,NWS Tallahassee SRFTAE via Iowa Environmental Mesonet archive
2025-07-20T15:19:00+00:00,2025-07-20T10:19:00-05:00,2025-07-20,10:19,Yellow,,Single Red,,High,Around 2 feet.,85.0,West winds around 10 mph.,202507201519-KTAE-FZUS52-SRFTAE,https://mesonet.agron.iastate.edu/p.php?pid=202507201519-KTAE-FZUS52-SRFTAE,NWS Tallahassee SRFTAE via Iowa Environmental Mesonet archive
2025-07-21T15:30:00+00:00,2025-07-21T10:30:00-05:00,2025-07-21,10:30,Yellow,,Single Red,,High,Around 2 feet.,84.0,West winds around 15 mph.,202507211530-KTAE-FZUS52-SRFTAE,https://mesonet.agron.iastate.edu/p.php?pid=202507211530-KTAE-FZUS52-SRFTAE,NWS Tallahassee SRFTAE via Iowa Environmental Mesonet archive
2025-07-22T15:42:00+00:00,2025-07-22T10:42:00-05:00,2025-07-22,10:42,Yellow,,Single Red,,Moderate,Around 2 feet.,82.0,Northwest winds 10 to 15 mph.,202507221542-KTAE-FZUS52-SRFTAE,https://mesonet.agron.iastate.edu/p.php?pid=202507221542-KTAE-FZUS52-SRFTAE,NWS Tallahassee SRFTAE via Iowa Environmental Mesonet archive
2025-07-23T15:13:00+00:00,2025-07-23T10:13:00-05:00,2025-07-23,10:13,Yellow,,Yellow,,Moderate,Around 1 foot.,81.0,"Northeast winds around 10 mph, becoming",202507231513-KTAE-FZUS52-SRFTAE,https://mesonet.agron.iastate.edu/p.php?pid=202507231513-KTAE-FZUS52-SRFTAE,NWS Tallahassee SRFTAE via Iowa Environmental Mesonet archive
2025-07-24T16:42:00+00:00,2025-07-24T11:42:00-05:00,2025-07-24,11:42,Yellow,,Single Red,,High,Around 3 feet.,84.0,Southeast winds around 20 mph.,202507241642-KTAE-FZUS52-SRFTAE,https://mesonet.agron.iastate.edu/p.php?pid=202507241642-KTAE-FZUS52-SRFTAE,NWS Tallahassee SRFTAE via Iowa Environmental Mesonet archive
2025-07-25T16:17:00+00:00,2025-07-25T11:17:00-05:00,2025-07-25,11:17,Yellow,,Single Red,,High,Around 2 feet.,85.0,South winds around 15 mph.,202507251617-KTAE-FZUS52-SRFTAE,https://mesonet.agron.iastate.edu/p.php?pid=202507251617-KTAE-FZUS52-SRFTAE,NWS Tallahassee SRFTAE via Iowa Environmental Mesonet archive
2025-07-26T17:03:00+00:00,2025-07-26T12:03:00-05:00,2025-07-26,12:03,Yellow,,Yellow,,Moderate,Around 2 feet.,86.0,South winds around 10 mph.,202507261703-KTAE-FZUS52-SRFTAE,https://mesonet.agron.iastate.edu/p.php?pid=202507261703-KTAE-FZUS52-SRFTAE,NWS Tallahassee SRFTAE via Iowa Environmental Mesonet archive
2025-07-27T20:17:00+00:00,2025-07-27T15:17:00-05:00,2025-07-27,15:17,Yellow,,Yellow,,Moderate,Around 2 feet.,88.0,West winds around 15 mph.,202507272017-KTAE-FZUS52-SRFTAE,https://mesonet.agron.iastate.edu/p.php?pid=202507272017-KTAE-FZUS52-SRFTAE,NWS Tallahassee SRFTAE via Iowa Environmental Mesonet archive
2025-07-29T16:35:00+00:00,2025-07-29T11:35:00-05:00,2025-07-29,11:35,Yellow,,Yellow,,Moderate,Around 1 foot.,84.0,West winds around 10 mph.,202507291635-KTAE-FZUS52-SRFTAE,https://mesonet.agron.iastate.edu/p.php?pid=202507291635-KTAE-FZUS52-SRFTAE,NWS Tallahassee SRFTAE via Iowa Environmental Mesonet archive
2025-07-30T15:09:00+00:00,2025-07-30T10:09:00-05:00,2025-07-30,10:09,Yellow,,Yellow,,Moderate,Around 2 feet.,83.0,Southwest winds 10 to 15 mph.,202507301509-KTAE-FZUS52-SRFTAE,https://mesonet.agron.iastate.edu/p.php?pid=202507301509-KTAE-FZUS52-SRFTAE,NWS Tallahassee SRFTAE via Iowa Environmental Mesonet archive
2025-07-31T15:25:00+00:00,2025-07-31T10:25:00-05:00,2025-07-31,10:25,Yellow,,Yellow,,Moderate,Around 2 feet.,85.0,Southwest winds around 15 mph.,202507311525-KTAE-FZUS52-SRFTAE,https://mesonet.agron.iastate.edu/p.php?pid=202507311525-KTAE-FZUS52-SRFTAE,NWS Tallahassee SRFTAE via Iowa Environmental Mesonet archive
2025-08-01T17:58:00+00:00,2025-08-01T12:58:00-05:00,2025-08-01,12:58,Yellow,,Yellow,,Moderate,Around 2 feet.,84.0,Southwest winds around 10 mph.,202508011758-KTAE-FZUS52-SRFTAE,https://mesonet.agron.iastate.edu/p.php?pid=202508011758-KTAE-FZUS52-SRFTAE,NWS Tallahassee SRFTAE via Iowa Environmental Mesonet archive
2025-08-02T15:21:00+00:00,2025-08-02T10:21:00-05:00,2025-08-02,10:21,Yellow,,Single Red,,Moderate,Around 2 feet.,86.0,Southwest winds 10 to 15 mph.,202508021521-KTAE-FZUS52-SRFTAE,https://mesonet.agron.iastate.edu/p.php?pid=202508021521-KTAE-FZUS52-SRFTAE,NWS Tallahassee SRFTAE via Iowa Environmental Mesonet archive
2025-08-03T17:22:00+00:00,2025-08-03T12:22:00-05:00,2025-08-03,12:22,Yellow,,Single Red,,Moderate,Around 2 feet.,86.0,South winds around 10 mph.,202508031722-KTAE-FZUS52-SRFTAE,https://mesonet.agron.iastate.edu/p.php?pid=202508031722-KTAE-FZUS52-SRFTAE,NWS Tallahassee SRFTAE via Iowa Environmental Mesonet archive
2025-08-04T15:20:00+00:00,2025-08-04T10:20:00-05:00,2025-08-04,10:20,Yellow,,Single Red,,High,Around 3 feet.,84.0,Southwest winds around 15 mph.,202508041520-KTAE-FZUS52-SRFTAE,https://mesonet.agron.iastate.edu/p.php?pid=202508041520-KTAE-FZUS52-SRFTAE,NWS Tallahassee SRFTAE via Iowa Environmental Mesonet archive
2025-08-05T15:44:00+00:00,2025-08-05T10:44:00-05:00,2025-08-05,10:44,Yellow,,Single Red,,High,Around 2 feet.,85.0,Southwest winds 5 to 10 mph.,202508051544-KTAE-FZUS52-SRFTAE,https://mesonet.agron.iastate.edu/p.php?pid=202508051544-KTAE-FZUS52-SRFTAE,NWS Tallahassee SRFTAE via Iowa Environmental Mesonet archive
2025-08-06T17:48:00+00:00,2025-08-06T12:48:00-05:00,2025-08-06,12:48,Yellow,,Yellow,,Moderate,Around 1 foot.,85.0,West winds around 5 mph.,202508061748-KTAE-FZUS52-SRFTAE,https://mesonet.agron.iastate.edu/p.php?pid=202508061748-KTAE-FZUS52-SRFTAE,NWS Tallahassee SRFTAE via Iowa Environmental Mesonet archive
2025-08-07T18:20:00+00:00,2025-08-07T13:20:00-05:00,2025-08-07,13:20,Yellow,,Yellow,,Moderate,Around 1 foot.,86.0,East winds around 10 mph.,202508071820-KTAE-FZUS52-SRFTAE,https://mesonet.agron.iastate.edu/p.php?pid=202508071820-KTAE-FZUS52-SRFTAE,NWS Tallahassee SRFTAE via Iowa Environmental Mesonet archive
2025-08-08T15:19:00+00:00,2025-08-08T10:19:00-05:00,2025-08-08,10:19,Yellow,,Yellow,,Moderate,Around 1 foot.,86.0,East winds 10 to 15 mph.,202508081519-KTAE-FZUS52-SRFTAE,https://mesonet.agron.iastate.edu/p.php?pid=202508081519-KTAE-FZUS52-SRFTAE,NWS Tallahassee SRFTAE via Iowa Environmental Mesonet archive
2025-08-09T15:32:00+00:00,2025-08-09T10:32:00-05:00,2025-08-09,10:32,Yellow,,Yellow,,Moderate,Around 1 foot.,85.0,Northeast winds around 15 mph.,202508091532-KTAE-FZUS52-SRFTAE,https://mesonet.agron.iastate.edu/p.php?pid=202508091532-KTAE-FZUS52-SRFTAE,NWS Tallahassee SRFTAE via Iowa Environmental Mesonet archive
2025-08-10T15:39:00+00:00,2025-08-10T10:39:00-05:00,2025-08-10,10:39,Yellow,,Yellow,,Moderate,Around 1 foot.,85.0,East winds 10 to 15 mph.,202508101539-KTAE-FZUS52-SRFTAE,https://mesonet.agron.iastate.edu/p.php?pid=202508101539-KTAE-FZUS52-SRFTAE,NWS Tallahassee SRFTAE via Iowa Environmental Mesonet archive
2025-08-11T15:37:00+00:00,2025-08-11T10:37:00-05:00,2025-08-11,10:37,Yellow,,Yellow,,Moderate,Around 1 foot.,85.0,East winds 10 to 15 mph.,202508111537-KTAE-FZUS52-SRFTAE,https://mesonet.agron.iastate.edu/p.php?pid=202508111537-KTAE-FZUS52-SRFTAE,NWS Tallahassee SRFTAE via Iowa Environmental Mesonet archive
2025-08-12T18:31:00+00:00,2025-08-12T13:31:00-05:00,2025-08-12,13:31,Single Red,,Single Red,,High,Around 4 feet.,85.0,South winds around 20 mph.,202508121831-KTAE-FZUS52-SRFTAE,https://mesonet.agron.iastate.edu/p.php?pid=202508121831-KTAE-FZUS52-SRFTAE,NWS Tallahassee SRFTAE via Iowa Environmental Mesonet archive
2025-08-13T15:19:00+00:00,2025-08-13T10:19:00-05:00,2025-08-13,10:19,Single Red,,Single Red,,High,Around 3 feet.,84.0,Southwest winds around 15 mph.,202508131519-KTAE-FZUS52-SRFTAE,https://mesonet.agron.iastate.edu/p.php?pid=202508131519-KTAE-FZUS52-SRFTAE,NWS Tallahassee SRFTAE via Iowa Environmental Mesonet archive
2025-08-14T15:31:00+00:00,2025-08-14T10:31:00-05:00,2025-08-14,10:31,Single Red,,Single Red,,High,Around 2 feet.,85.0,West winds around 10 mph.,202508141531-KTAE-FZUS52-SRFTAE,https://mesonet.agron.iastate.edu/p.php?pid=202508141531-KTAE-FZUS52-SRFTAE,NWS Tallahassee SRFTAE via Iowa Environmental Mesonet archive
2025-08-15T16:53:00+00:00,2025-08-15T11:53:00-05:00,2025-08-15,11:53,Yellow,,Yellow,,Moderate,Around 1 foot.,86.0,West winds around 10 mph.,202508151653-KTAE-FZUS52-SRFTAE,https://mesonet.agron.iastate.edu/p.php?pid=202508151653-KTAE-FZUS52-SRFTAE,NWS Tallahassee SRFTAE via Iowa Environmental Mesonet archive
2025-08-16T15:13:00+00:00,2025-08-16T10:13:00-05:00,2025-08-16,10:13,Yellow,,Yellow,,Moderate,Around 1 foot.,85.0,"North winds around 5 mph, becoming west",202508161513-KTAE-FZUS52-SRFTAE,https://mesonet.agron.iastate.edu/p.php?pid=202508161513-KTAE-FZUS52-SRFTAE,NWS Tallahassee SRFTAE via Iowa Environmental Mesonet archive
2025-08-17T15:13:00+00:00,2025-08-17T10:13:00-05:00,2025-08-17,10:13,Yellow,,Yellow,,Moderate,Around 1 foot.,86.0,"Northeast winds around 10 mph, becoming",202508171513-KTAE-FZUS52-SRFTAE,https://mesonet.agron.iastate.edu/p.php?pid=202508171513-KTAE-FZUS52-SRFTAE,NWS Tallahassee SRFTAE via Iowa Environmental Mesonet archive
2025-08-18T14:57:00+00:00,2025-08-18T09:57:00-05:00,2025-08-18,09:57,Yellow,,Yellow,,Moderate,Around 1 foot.,87.0,"Northeast winds around 10 mph, becoming",202508181457-KTAE-FZUS52-SRFTAE,https://mesonet.agron.iastate.edu/p.php?pid=202508181457-KTAE-FZUS52-SRFTAE,NWS Tallahassee SRFTAE via Iowa Environmental Mesonet archive
2025-08-19T15:43:00+00:00,2025-08-19T10:43:00-05:00,2025-08-19,10:43,Yellow,,Yellow,,Moderate,Around 1 foot.,87.0,East winds around 10 mph.,202508191543-KTAE-FZUS52-SRFTAE,https://mesonet.agron.iastate.edu/p.php?pid=202508191543-KTAE-FZUS52-SRFTAE,NWS Tallahassee SRFTAE via Iowa Environmental Mesonet archive
2025-08-20T13:36:00+00:00,2025-08-20T08:36:00-05:00,2025-08-20,08:36,Yellow,,Yellow,,Moderate,Around 1 foot.,86.0,"Northeast winds around 10 mph, becoming",202508201336-KTAE-FZUS52-SRFTAE,https://mesonet.agron.iastate.edu/p.php?pid=202508201336-KTAE-FZUS52-SRFTAE,NWS Tallahassee SRFTAE via Iowa Environmental Mesonet archive
2025-08-21T15:31:00+00:00,2025-08-21T10:31:00-05:00,2025-08-21,10:31,Yellow,,Yellow,,Moderate,Around 1 foot.,87.0,Southwest winds 5 to 10 mph.,202508211531-KTAE-FZUS52-SRFTAE,https://mesonet.agron.iastate.edu/p.php?pid=202508211531-KTAE-FZUS52-SRFTAE,NWS Tallahassee SRFTAE via Iowa Environmental Mesonet archive
2025-08-22T15:28:00+00:00,2025-08-22T10:28:00-05:00,2025-08-22,10:28,Yellow,,Yellow,,Moderate,Around 1 foot.,87.0,South winds 5 to 10 mph.,202508221528-KTAE-FZUS52-SRFTAE,https://mesonet.agron.iastate.edu/p.php?pid=202508221528-KTAE-FZUS52-SRFTAE,NWS Tallahassee SRFTAE via Iowa Environmental Mesonet archive
2025-08-23T15:29:00+00:00,2025-08-23T10:29:00-05:00,2025-08-23,10:29,Single Red,,Yellow,,Moderate,Around 1 foot.,87.0,West winds around 5 mph.,202508231529-KTAE-FZUS52-SRFTAE,https://mesonet.agron.iastate.edu/p.php?pid=202508231529-KTAE-FZUS52-SRFTAE,NWS Tallahassee SRFTAE via Iowa Environmental Mesonet archive
2025-08-24T15:35:00+00:00,2025-08-24T10:35:00-05:00,2025-08-24,10:35,Yellow,,Yellow,,Moderate,Around 1 foot.,87.0,"Northeast winds around 5 mph, becoming",202508241535-KTAE-FZUS52-SRFTAE,https://mesonet.agron.iastate.edu/p.php?pid=202508241535-KTAE-FZUS52-SRFTAE,NWS Tallahassee SRFTAE via Iowa Environmental Mesonet archive
2025-08-25T16:05:00+00:00,2025-08-25T11:05:00-05:00,2025-08-25,11:05,Yellow,,Yellow,,Moderate,Around 2 feet.,87.0,West winds around 5 mph.,202508251605-KTAE-FZUS52-SRFTAE,https://mesonet.agron.iastate.edu/p.php?pid=202508251605-KTAE-FZUS52-SRFTAE,NWS Tallahassee SRFTAE via Iowa Environmental Mesonet archive
2025-08-26T15:26:00+00:00,2025-08-26T10:26:00-05:00,2025-08-26,10:26,Yellow,,Yellow,,Moderate,Around 1 foot.,86.0,North winds 10 to 15 mph.,202508261526-KTAE-FZUS52-SRFTAE,https://mesonet.agron.iastate.edu/p.php?pid=202508261526-KTAE-FZUS52-SRFTAE,NWS Tallahassee SRFTAE via Iowa Environmental Mesonet archive
2025-08-27T15:27:00+00:00,2025-08-27T10:27:00-05:00,2025-08-27,10:27,Yellow,,Yellow,,Moderate,Around 1 foot.,87.0,North winds 10 to 15 mph.,202508271527-KTAE-FZUS52-SRFTAE,https://mesonet.agron.iastate.edu/p.php?pid=202508271527-KTAE-FZUS52-SRFTAE,NWS Tallahassee SRFTAE via Iowa Environmental Mesonet archive
2025-08-29T15:57:00+00:00,2025-08-29T10:57:00-05:00,2025-08-29,10:57,Yellow,,Yellow,,Moderate,Around 1 foot.,86.0,North winds around 10 mph.,202508291557-KTAE-FZUS52-SRFTAE,https://mesonet.agron.iastate.edu/p.php?pid=202508291557-KTAE-FZUS52-SRFTAE,NWS Tallahassee SRFTAE via Iowa Environmental Mesonet archive
2025-08-30T15:19:00+00:00,2025-08-30T10:19:00-05:00,2025-08-30,10:19,Yellow,,Yellow,,Moderate,Around 1 foot.,83.0,"Northeast winds around 5 mph, becoming",202508301519-KTAE-FZUS52-SRFTAE,https://mesonet.agron.iastate.edu/p.php?pid=202508301519-KTAE-FZUS52-SRFTAE,NWS Tallahassee SRFTAE via Iowa Environmental Mesonet archive
2025-08-31T15:16:00+00:00,2025-08-31T10:16:00-05:00,2025-08-31,10:16,Yellow,,Yellow,,Moderate,Around 1 foot.,83.0,Northeast winds around 15 mph.,202508311516-KTAE-FZUS52-SRFTAE,https://mesonet.agron.iastate.edu/p.php?pid=202508311516-KTAE-FZUS52-SRFTAE,NWS Tallahassee SRFTAE via Iowa Environmental Mesonet archive
2025-09-01T15:20:00+00:00,2025-09-01T10:20:00-05:00,2025-09-01,10:20,Yellow,,Yellow,,Moderate,Around 1 foot.,83.0,Northeast winds 15 to 20 mph.,202509011520-KTAE-FZUS52-SRFTAE,https://mesonet.agron.iastate.edu/p.php?pid=202509011520-KTAE-FZUS52-SRFTAE,NWS Tallahassee SRFTAE via Iowa Environmental Mesonet archive
2025-09-02T15:29:00+00:00,2025-09-02T10:29:00-05:00,2025-09-02,10:29,Yellow,,Yellow,,Moderate,Around 1 foot.,82.0,Northeast winds 10 to 15 mph.,202509021529-KTAE-FZUS52-SRFTAE,https://mesonet.agron.iastate.edu/p.php?pid=202509021529-KTAE-FZUS52-SRFTAE,NWS Tallahassee SRFTAE via Iowa Environmental Mesonet archive
2025-09-03T15:13:00+00:00,2025-09-03T10:13:00-05:00,2025-09-03,10:13,Yellow,,Yellow,,Moderate,Around 1 foot.,83.0,Southeast winds around 10 mph.,202509031513-KTAE-FZUS52-SRFTAE,https://mesonet.agron.iastate.edu/p.php?pid=202509031513-KTAE-FZUS52-SRFTAE,NWS Tallahassee SRFTAE via Iowa Environmental Mesonet archive
2025-09-04T15:29:00+00:00,2025-09-04T10:29:00-05:00,2025-09-04,10:29,Yellow,,Yellow,,Moderate,Around 1 foot.,83.0,"Northeast winds around 10 mph, becoming",202509041529-KTAE-FZUS52-SRFTAE,https://mesonet.agron.iastate.edu/p.php?pid=202509041529-KTAE-FZUS52-SRFTAE,NWS Tallahassee SRFTAE via Iowa Environmental Mesonet archive
2025-09-05T16:52:00+00:00,2025-09-05T11:52:00-05:00,2025-09-05,11:52,Yellow,,Yellow,,Moderate,Around 1 foot.,84.0,South winds around 10 mph.,202509051652-KTAE-FZUS52-SRFTAE,https://mesonet.agron.iastate.edu/p.php?pid=202509051652-KTAE-FZUS52-SRFTAE,NWS Tallahassee SRFTAE via Iowa Environmental Mesonet archive
2025-09-06T15:19:00+00:00,2025-09-06T10:19:00-05:00,2025-09-06,10:19,Yellow,,Yellow,,Moderate,Around 1 foot.,84.0,"East winds around 10 mph, becoming",202509061519-KTAE-FZUS52-SRFTAE,https://mesonet.agron.iastate.edu/p.php?pid=202509061519-KTAE-FZUS52-SRFTAE,NWS Tallahassee SRFTAE via Iowa Environmental Mesonet archive
2025-09-07T15:26:00+00:00,2025-09-07T10:26:00-05:00,2025-09-07,10:26,Yellow,,Yellow,,Moderate,Around 1 foot.,84.0,North winds 10 to 15 mph.,202509071526-KTAE-FZUS52-SRFTAE,https://mesonet.agron.iastate.edu/p.php?pid=202509071526-KTAE-FZUS52-SRFTAE,NWS Tallahassee SRFTAE via Iowa Environmental Mesonet archive
2025-09-08T15:19:00+00:00,2025-09-08T10:19:00-05:00,2025-09-08,10:19,Yellow,,Yellow,,Moderate,Around 1 foot.,84.0,Northeast winds 10 to 15 mph.,202509081519-KTAE-FZUS52-SRFTAE,https://mesonet.agron.iastate.edu/p.php?pid=202509081519-KTAE-FZUS52-SRFTAE,NWS Tallahassee SRFTAE via Iowa Environmental Mesonet archive
2025-09-09T15:37:00+00:00,2025-09-09T10:37:00-05:00,2025-09-09,10:37,Yellow,,Yellow,,Moderate,Around 2 feet.,82.0,East winds around 20 mph.,202509091537-KTAE-FZUS52-SRFTAE,https://mesonet.agron.iastate.edu/p.php?pid=202509091537-KTAE-FZUS52-SRFTAE,NWS Tallahassee SRFTAE via Iowa Environmental Mesonet archive
2025-09-10T15:11:00+00:00,2025-09-10T10:11:00-05:00,2025-09-10,10:11,Yellow,,Yellow,,Moderate,Around 2 feet.,82.0,Northeast winds 15 to 20 mph.,202509101511-KTAE-FZUS52-SRFTAE,https://mesonet.agron.iastate.edu/p.php?pid=202509101511-KTAE-FZUS52-SRFTAE,NWS Tallahassee SRFTAE via Iowa Environmental Mesonet archive
2025-09-11T15:17:00+00:00,2025-09-11T10:17:00-05:00,2025-09-11,10:17,Yellow,,Yellow,,Moderate,Around 1 foot.,82.0,Northeast winds around 10 mph.,202509111517-KTAE-FZUS52-SRFTAE,https://mesonet.agron.iastate.edu/p.php?pid=202509111517-KTAE-FZUS52-SRFTAE,NWS Tallahassee SRFTAE via Iowa Environmental Mesonet archive
2025-09-12T15:46:00+00:00,2025-09-12T10:46:00-05:00,2025-09-12,10:46,Yellow,,Yellow,,Moderate,Around 1 foot.,82.0,Northeast winds around 10 mph.,202509121546-KTAE-FZUS52-SRFTAE,https://mesonet.agron.iastate.edu/p.php?pid=202509121546-KTAE-FZUS52-SRFTAE,NWS Tallahassee SRFTAE via Iowa Environmental Mesonet archive
2025-09-13T15:53:00+00:00,2025-09-13T10:53:00-05:00,2025-09-13,10:53,Yellow,,Yellow,,Moderate,1 foot or less.,82.0,Northeast winds around 10 mph.,202509131553-KTAE-FZUS52-SRFTAE,https://mesonet.agron.iastate.edu/p.php?pid=202509131553-KTAE-FZUS52-SRFTAE,NWS Tallahassee SRFTAE via Iowa Environmental Mesonet archive
2025-09-14T15:58:00+00:00,2025-09-14T10:58:00-05:00,2025-09-14,10:58,Yellow,,Yellow,,Moderate,Around 1 foot.,83.0,Northeast winds around 10 mph.,202509141558-KTAE-FZUS52-SRFTAE,https://mesonet.agron.iastate.edu/p.php?pid=202509141558-KTAE-FZUS52-SRFTAE,NWS Tallahassee SRFTAE via Iowa Environmental Mesonet archive
2025-09-15T15:35:00+00:00,2025-09-15T10:35:00-05:00,2025-09-15,10:35,Yellow,,Yellow,,Moderate,Around 1 foot.,84.0,"East winds around 10 mph, becoming",202509151535-KTAE-FZUS52-SRFTAE,https://mesonet.agron.iastate.edu/p.php?pid=202509151535-KTAE-FZUS52-SRFTAE,NWS Tallahassee SRFTAE via Iowa Environmental Mesonet archive
2025-09-16T15:13:00+00:00,2025-09-16T10:13:00-05:00,2025-09-16,10:13,Yellow,,Yellow,,Moderate,Around 1 foot.,83.0,"East winds around 10 mph, becoming",202509161513-KTAE-FZUS52-SRFTAE,https://mesonet.agron.iastate.edu/p.php?pid=202509161513-KTAE-FZUS52-SRFTAE,NWS Tallahassee SRFTAE via Iowa Environmental Mesonet archive
2025-09-17T15:57:00+00:00,2025-09-17T10:57:00-05:00,2025-09-17,10:57,Yellow,,Yellow,,Moderate,Around 1 foot.,82.0,"East winds around 10 mph, becoming",202509171557-KTAE-FZUS52-SRFTAE,https://mesonet.agron.iastate.edu/p.php?pid=202509171557-KTAE-FZUS52-SRFTAE,NWS Tallahassee SRFTAE via Iowa Environmental Mesonet archive
2025-09-18T18:49:00+00:00,2025-09-18T13:49:00-05:00,2025-09-18,13:49,Yellow,,Yellow,,Moderate,Around 1 foot.,83.0,Southwest winds around 5 mph.,202509181849-KTAE-FZUS52-SRFTAE,https://mesonet.agron.iastate.edu/p.php?pid=202509181849-KTAE-FZUS52-SRFTAE,NWS Tallahassee SRFTAE via Iowa Environmental Mesonet archive
2025-09-19T16:19:00+00:00,2025-09-19T11:19:00-05:00,2025-09-19,11:19,Yellow,,Yellow,,Moderate,Around 1 foot.,84.0,West winds around 10 mph.,202509191619-KTAE-FZUS52-SRFTAE,https://mesonet.agron.iastate.edu/p.php?pid=202509191619-KTAE-FZUS52-SRFTAE,NWS Tallahassee SRFTAE via Iowa Environmental Mesonet archive
2025-09-20T15:15:00+00:00,2025-09-20T10:15:00-05:00,2025-09-20,10:15,Yellow,,Yellow,,Moderate,Around 1 foot.,84.0,"Northwest winds around 5 mph, becoming",202509201515-KTAE-FZUS52-SRFTAE,https://mesonet.agron.iastate.edu/p.php?pid=202509201515-KTAE-FZUS52-SRFTAE,NWS Tallahassee SRFTAE via Iowa Environmental Mesonet archive
2025-09-21T15:12:00+00:00,2025-09-21T10:12:00-05:00,2025-09-21,10:12,Yellow,,Yellow,,Moderate,Around 1 foot.,84.0,Southeast winds around 10 mph.,202509211512-KTAE-FZUS52-SRFTAE,https://mesonet.agron.iastate.edu/p.php?pid=202509211512-KTAE-FZUS52-SRFTAE,NWS Tallahassee SRFTAE via Iowa Environmental Mesonet archive
2025-09-22T14:57:00+00:00,2025-09-22T09:57:00-05:00,2025-09-22,09:57,Yellow,,Yellow,,Moderate,Around 1 foot.,83.0,"East winds around 10 mph, becoming",202509221457-KTAE-FZUS52-SRFTAE,https://mesonet.agron.iastate.edu/p.php?pid=202509221457-KTAE-FZUS52-SRFTAE,NWS Tallahassee SRFTAE via Iowa Environmental Mesonet archive
2025-09-23T14:57:00+00:00,2025-09-23T09:57:00-05:00,2025-09-23,09:57,Yellow,,Yellow,,Moderate,Around 1 foot.,84.0,"East winds around 5 mph, becoming south",202509231457-KTAE-FZUS52-SRFTAE,https://mesonet.agron.iastate.edu/p.php?pid=202509231457-KTAE-FZUS52-SRFTAE,NWS Tallahassee SRFTAE via Iowa Environmental Mesonet archive
2025-09-24T15:16:00+00:00,2025-09-24T10:16:00-05:00,2025-09-24,10:16,Yellow,,Yellow,,Moderate,Around 1 foot.,84.0,"Southeast winds around 5 mph, becoming",202509241516-KTAE-FZUS52-SRFTAE,https://mesonet.agron.iastate.edu/p.php?pid=202509241516-KTAE-FZUS52-SRFTAE,NWS Tallahassee SRFTAE via Iowa Environmental Mesonet archive
2025-09-25T15:28:00+00:00,2025-09-25T10:28:00-05:00,2025-09-25,10:28,Yellow,,Yellow,,Moderate,Around 2 feet.,85.0,Southwest winds around 15 mph.,202509251528-KTAE-FZUS52-SRFTAE,https://mesonet.agron.iastate.edu/p.php?pid=202509251528-KTAE-FZUS52-SRFTAE,NWS Tallahassee SRFTAE via Iowa Environmental Mesonet archive
2025-09-26T16:54:00+00:00,2025-09-26T11:54:00-05:00,2025-09-26,11:54,Yellow,,Yellow,,Moderate,Around 2 feet.,84.0,South winds around 10 mph.,202509261654-KTAE-FZUS52-SRFTAE,https://mesonet.agron.iastate.edu/p.php?pid=202509261654-KTAE-FZUS52-SRFTAE,NWS Tallahassee SRFTAE via Iowa Environmental Mesonet archive
2025-09-27T15:57:00+00:00,2025-09-27T10:57:00-05:00,2025-09-27,10:57,Yellow,,Yellow,,Moderate,Around 1 foot.,83.0,"Northeast winds around 5 mph, becoming",202509271557-KTAE-FZUS52-SRFTAE,https://mesonet.agron.iastate.edu/p.php?pid=202509271557-KTAE-FZUS52-SRFTAE,NWS Tallahassee SRFTAE via Iowa Environmental Mesonet archive
2025-09-28T15:09:00+00:00,2025-09-28T10:09:00-05:00,2025-09-28,10:09,Yellow,,Yellow,,Moderate,Around 1 foot.,85.0,Northeast winds 10 to 15 mph.,202509281509-KTAE-FZUS52-SRFTAE,https://mesonet.agron.iastate.edu/p.php?pid=202509281509-KTAE-FZUS52-SRFTAE,NWS Tallahassee SRFTAE via Iowa Environmental Mesonet archive
2025-09-29T15:06:00+00:00,2025-09-29T10:06:00-05:00,2025-09-29,10:06,Yellow,,Yellow,,Moderate,Around 1 foot.,83.0,Northeast winds around 15 mph.,202509291506-KTAE-FZUS52-SRFTAE,https://mesonet.agron.iastate.edu/p.php?pid=202509291506-KTAE-FZUS52-SRFTAE,NWS Tallahassee SRFTAE via Iowa Environmental Mesonet archive
2025-09-30T15:27:00+00:00,2025-09-30T10:27:00-05:00,2025-09-30,10:27,Yellow,,Yellow,,Moderate,Around 1 foot.,82.0,North winds around 15 mph.,202509301527-KTAE-FZUS52-SRFTAE,https://mesonet.agron.iastate.edu/p.php?pid=202509301527-KTAE-FZUS52-SRFTAE,NWS Tallahassee SRFTAE via Iowa Environmental Mesonet archive
2025-10-01T15:37:00+00:00,2025-10-01T10:37:00-05:00,2025-10-01,10:37,Yellow,,Yellow,,Moderate,1 foot or less.,82.0,Northeast winds 10 to 15 mph.,202510011537-KTAE-FZUS52-SRFTAE,https://mesonet.agron.iastate.edu/p.php?pid=202510011537-KTAE-FZUS52-SRFTAE,NWS Tallahassee SRFTAE via Iowa Environmental Mesonet archive
2025-10-02T15:17:00+00:00,2025-10-02T10:17:00-05:00,2025-10-02,10:17,Yellow,,Yellow,,Moderate,Around 2 feet.,82.0,East winds around 20 mph.,202510021517-KTAE-FZUS52-SRFTAE,https://mesonet.agron.iastate.edu/p.php?pid=202510021517-KTAE-FZUS52-SRFTAE,NWS Tallahassee SRFTAE via Iowa Environmental Mesonet archive
2025-10-03T15:06:00+00:00,2025-10-03T10:06:00-05:00,2025-10-03,10:06,Yellow,,Yellow,,Moderate,Around 2 feet.,80.0,Breezy. Northeast winds 20 to 25 mph.,202510031506-KTAE-FZUS52-SRFTAE,https://mesonet.agron.iastate.edu/p.php?pid=202510031506-KTAE-FZUS52-SRFTAE,NWS Tallahassee SRFTAE via Iowa Environmental Mesonet archive
2025-10-04T16:16:00+00:00,2025-10-04T11:16:00-05:00,2025-10-04,11:16,Yellow,,Yellow,,Moderate,Around 2 feet.,80.0,East winds around 20 mph.,202510041616-KTAE-FZUS52-SRFTAE,https://mesonet.agron.iastate.edu/p.php?pid=202510041616-KTAE-FZUS52-SRFTAE,NWS Tallahassee SRFTAE via Iowa Environmental Mesonet archive
2025-10-05T15:19:00+00:00,2025-10-05T10:19:00-05:00,2025-10-05,10:19,Yellow,,Yellow,,High,Around 3 feet.,79.0,Breezy. East winds 20 to 25 mph.,202510051519-KTAE-FZUS52-SRFTAE,https://mesonet.agron.iastate.edu/p.php?pid=202510051519-KTAE-FZUS52-SRFTAE,NWS Tallahassee SRFTAE via Iowa Environmental Mesonet archive
2025-10-06T15:06:00+00:00,2025-10-06T10:06:00-05:00,2025-10-06,10:06,Yellow,,Yellow,,Moderate,Around 3 feet.,81.0,East winds 15 to 20 mph.,202510061506-KTAE-FZUS52-SRFTAE,https://mesonet.agron.iastate.edu/p.php?pid=202510061506-KTAE-FZUS52-SRFTAE,NWS Tallahassee SRFTAE via Iowa Environmental Mesonet archive
2025-10-08T15:15:00+00:00,2025-10-08T10:15:00-05:00,2025-10-08,10:15,Yellow,,Single Red,,Moderate,Around 1 foot.,82.0,East winds 5 to 10 mph.,202510081515-KTAE-FZUS52-SRFTAE,https://mesonet.agron.iastate.edu/p.php?pid=202510081515-KTAE-FZUS52-SRFTAE,NWS Tallahassee SRFTAE via Iowa Environmental Mesonet archive
2025-10-09T15:50:00+00:00,2025-10-09T10:50:00-05:00,2025-10-09,10:50,Yellow,,Yellow,,Low,Around 2 feet.,82.0,Northeast winds around 15 mph.,202510091550-KTAE-FZUS52-SRFTAE,https://mesonet.agron.iastate.edu/p.php?pid=202510091550-KTAE-FZUS52-SRFTAE,NWS Tallahassee SRFTAE via Iowa Environmental Mesonet archive
2025-10-10T15:15:00+00:00,2025-10-10T10:15:00-05:00,2025-10-10,10:15,Yellow,,Yellow,,Moderate,Around 1 foot.,80.0,Breezy. Northeast winds around 25 mph.,202510101515-KTAE-FZUS52-SRFTAE,https://mesonet.agron.iastate.edu/p.php?pid=202510101515-KTAE-FZUS52-SRFTAE,NWS Tallahassee SRFTAE via Iowa Environmental Mesonet archive
2025-10-11T15:06:00+00:00,2025-10-11T10:06:00-05:00,2025-10-11,10:06,Yellow,,Yellow,,Moderate,Around 1 foot.,80.0,Northeast winds around 20 mph.,202510111506-KTAE-FZUS52-SRFTAE,https://mesonet.agron.iastate.edu/p.php?pid=202510111506-KTAE-FZUS52-SRFTAE,NWS Tallahassee SRFTAE via Iowa Environmental Mesonet archive
2025-10-12T15:03:00+00:00,2025-10-12T10:03:00-05:00,2025-10-12,10:03,Yellow,,Yellow,,Moderate,1 foot or less.,79.0,North winds around 10 mph.,202510121503-KTAE-FZUS52-SRFTAE,https://mesonet.agron.iastate.edu/p.php?pid=202510121503-KTAE-FZUS52-SRFTAE,NWS Tallahassee SRFTAE via Iowa Environmental Mesonet archive
2025-10-13T15:14:00+00:00,2025-10-13T10:14:00-05:00,2025-10-13,10:14,Yellow,,Yellow,,Moderate,1 foot or less.,78.0,"North winds around 10 mph, becoming",202510131514-KTAE-FZUS52-SRFTAE,https://mesonet.agron.iastate.edu/p.php?pid=202510131514-KTAE-FZUS52-SRFTAE,NWS Tallahassee SRFTAE via Iowa Environmental Mesonet archive
2025-10-14T15:18:00+00:00,2025-10-14T10:18:00-05:00,2025-10-14,10:18,Yellow,,Yellow,,Moderate,1 foot or less.,79.0,"Northeast winds around 10 mph, becoming",202510141518-KTAE-FZUS52-SRFTAE,https://mesonet.agron.iastate.edu/p.php?pid=202510141518-KTAE-FZUS52-SRFTAE,NWS Tallahassee SRFTAE via Iowa Environmental Mesonet archive
2025-10-15T15:00:00+00:00,2025-10-15T10:00:00-05:00,2025-10-15,10:00,Yellow,,Yellow,,Moderate,1 foot or less.,78.0,East winds 10 to 15 mph.,202510151500-KTAE-FZUS52-SRFTAE,https://mesonet.agron.iastate.edu/p.php?pid=202510151500-KTAE-FZUS52-SRFTAE,NWS Tallahassee SRFTAE via Iowa Environmental Mesonet archive
2025-10-16T15:57:00+00:00,2025-10-16T10:57:00-05:00,2025-10-16,10:57,Yellow,,Yellow,,Moderate,Around 1 foot.,79.0,"East winds around 5 mph, becoming south",202510161557-KTAE-FZUS52-SRFTAE,https://mesonet.agron.iastate.edu/p.php?pid=202510161557-KTAE-FZUS52-SRFTAE,NWS Tallahassee SRFTAE via Iowa Environmental Mesonet archive
2025-10-17T15:28:00+00:00,2025-10-17T10:28:00-05:00,2025-10-17,10:28,Yellow,,Yellow,,Moderate,Around 2 feet.,79.0,Southeast winds around 15 mph.,202510171528-KTAE-FZUS52-SRFTAE,https://mesonet.agron.iastate.edu/p.php?pid=202510171528-KTAE-FZUS52-SRFTAE,NWS Tallahassee SRFTAE via Iowa Environmental Mesonet archive
2025-10-18T15:23:00+00:00,2025-10-18T10:23:00-05:00,2025-10-18,10:23,Single Red,,Yellow,,High,Around 2 feet.,79.0,Southeast winds 15 to 20 mph.,202510181523-KTAE-FZUS52-SRFTAE,https://mesonet.agron.iastate.edu/p.php?pid=202510181523-KTAE-FZUS52-SRFTAE,NWS Tallahassee SRFTAE via Iowa Environmental Mesonet archive
2025-10-19T15:18:00+00:00,2025-10-19T10:18:00-05:00,2025-10-19,10:18,Single Red,,Double Red,,High,Around 4 feet.,78.0,Southwest winds around 20 mph.,202510191518-KTAE-FZUS52-SRFTAE,https://mesonet.agron.iastate.edu/p.php?pid=202510191518-KTAE-FZUS52-SRFTAE,NWS Tallahassee SRFTAE via Iowa Environmental Mesonet archive
2025-10-20T15:50:00+00:00,2025-10-20T10:50:00-05:00,2025-10-20,10:50,Yellow,,Double Red,,Moderate,Around 2 feet.,77.0,"Northeast winds around 20 mph,",202510201550-KTAE-FZUS52-SRFTAE,https://mesonet.agron.iastate.edu/p.php?pid=202510201550-KTAE-FZUS52-SRFTAE,NWS Tallahassee SRFTAE via Iowa Environmental Mesonet archive
2025-10-21T16:54:00+00:00,2025-10-21T11:54:00-05:00,2025-10-21,11:54,Yellow,,Yellow,,Moderate,Around 1 foot.,77.0,South winds around 5 mph.,202510211654-KTAE-FZUS52-SRFTAE,https://mesonet.agron.iastate.edu/p.php?pid=202510211654-KTAE-FZUS52-SRFTAE,NWS Tallahassee SRFTAE via Iowa Environmental Mesonet archive
2025-10-22T15:31:00+00:00,2025-10-22T10:31:00-05:00,2025-10-22,10:31,Yellow,,Yellow,,Moderate,Around 1 foot.,77.0,North winds around 15 mph.,202510221531-KTAE-FZUS52-SRFTAE,https://mesonet.agron.iastate.edu/p.php?pid=202510221531-KTAE-FZUS52-SRFTAE,NWS Tallahassee SRFTAE via Iowa Environmental Mesonet archive
2025-10-24T16:11:00+00:00,2025-10-24T11:11:00-05:00,2025-10-24,11:11,Yellow,,Yellow,,Moderate,Around 1 foot.,77.0,East winds around 15 mph.,202510241611-KTAE-FZUS52-SRFTAE,https://mesonet.agron.iastate.edu/p.php?pid=202510241611-KTAE-FZUS52-SRFTAE,NWS Tallahassee SRFTAE via Iowa Environmental Mesonet archive
2025-10-25T15:13:00+00:00,2025-10-25T10:13:00-05:00,2025-10-25,10:13,Yellow,,Yellow,,High,Around 2 feet.,76.0,East winds 15 to 20 mph.,202510251513-KTAE-FZUS52-SRFTAE,https://mesonet.agron.iastate.edu/p.php?pid=202510251513-KTAE-FZUS52-SRFTAE,NWS Tallahassee SRFTAE via Iowa Environmental Mesonet archive
2025-10-26T15:07:00+00:00,2025-10-26T10:07:00-05:00,2025-10-26,10:07,Single Red,,Single Red,,High,Around 3 feet.,75.0,East winds around 20 mph.,202510261507-KTAE-FZUS52-SRFTAE,https://mesonet.agron.iastate.edu/p.php?pid=202510261507-KTAE-FZUS52-SRFTAE,NWS Tallahassee SRFTAE via Iowa Environmental Mesonet archive
2025-10-27T15:11:00+00:00,2025-10-27T10:11:00-05:00,2025-10-27,10:11,Single Red,,Single Red,,High,Around 2 feet.,75.0,Southwest winds around 10 mph.,202510271511-KTAE-FZUS52-SRFTAE,https://mesonet.agron.iastate.edu/p.php?pid=202510271511-KTAE-FZUS52-SRFTAE,NWS Tallahassee SRFTAE via Iowa Environmental Mesonet archive
2025-10-28T15:03:00+00:00,2025-10-28T10:03:00-05:00,2025-10-28,10:03,Yellow,,Single Red,,Moderate,Around 2 feet.,75.0,North winds around 15 mph.,202510281503-KTAE-FZUS52-SRFTAE,https://mesonet.agron.iastate.edu/p.php?pid=202510281503-KTAE-FZUS52-SRFTAE,NWS Tallahassee SRFTAE via Iowa Environmental Mesonet archive
2025-10-29T15:15:00+00:00,2025-10-29T10:15:00-05:00,2025-10-29,10:15,Single Red,,Single Red,,High,Around 5 feet.,74.0,"Windy. South winds around 25 mph,",202510291515-KTAE-FZUS52-SRFTAE,https://mesonet.agron.iastate.edu/p.php?pid=202510291515-KTAE-FZUS52-SRFTAE,NWS Tallahassee SRFTAE via Iowa Environmental Mesonet archive
2025-10-31T15:22:00+00:00,2025-10-31T10:22:00-05:00,2025-10-31,10:22,Single Red,,Single Red,,High,Around 1 foot.,72.0,North winds around 10 mph.,202510311522-KTAE-FZUS52-SRFTAE,https://mesonet.agron.iastate.edu/p.php?pid=202510311522-KTAE-FZUS52-SRFTAE,NWS Tallahassee SRFTAE via Iowa Environmental Mesonet archive
2025-11-01T15:46:00+00:00,2025-11-01T10:46:00-05:00,2025-11-01,10:46,Yellow,,Yellow,,Moderate,Around 1 foot.,73.0,East winds 5 to 10 mph.,202511011546-KTAE-FZUS52-SRFTAE,https://mesonet.agron.iastate.edu/p.php?pid=202511011546-KTAE-FZUS52-SRFTAE,NWS Tallahassee SRFTAE via Iowa Environmental Mesonet archive
2025-11-02T16:34:00+00:00,2025-11-02T10:34:00-06:00,2025-11-02,10:34,Yellow,,Yellow,,Moderate,Around 1 foot.,72.0,"Northeast winds around 5 mph, becoming",202511021634-KTAE-FZUS52-SRFTAE,https://mesonet.agron.iastate.edu/p.php?pid=202511021634-KTAE-FZUS52-SRFTAE,NWS Tallahassee SRFTAE via Iowa Environmental Mesonet archive
2025-11-03T16:28:00+00:00,2025-11-03T10:28:00-06:00,2025-11-03,10:28,Yellow,,Single Red,,Moderate,Around 1 foot.,71.0,North winds around 15 mph.,202511031628-KTAE-FZUS52-SRFTAE,https://mesonet.agron.iastate.edu/p.php?pid=202511031628-KTAE-FZUS52-SRFTAE,NWS Tallahassee SRFTAE via Iowa Environmental Mesonet archive
2025-11-04T16:44:00+00:00,2025-11-04T10:44:00-06:00,2025-11-04,10:44,Yellow,,Yellow,,Low,Around 1 foot.,71.0,East winds around 10 mph.,202511041644-KTAE-FZUS52-SRFTAE,https://mesonet.agron.iastate.edu/p.php?pid=202511041644-KTAE-FZUS52-SRFTAE,NWS Tallahassee SRFTAE via Iowa Environmental Mesonet archive
2025-11-05T16:04:00+00:00,2025-11-05T10:04:00-06:00,2025-11-05,10:04,Yellow,,Yellow,,Moderate,Around 1 foot.,71.0,Southeast winds around 10 mph.,202511051604-KTAE-FZUS52-SRFTAE,https://mesonet.agron.iastate.edu/p.php?pid=202511051604-KTAE-FZUS52-SRFTAE,NWS Tallahassee SRFTAE via Iowa Environmental Mesonet archive
2025-11-06T16:34:00+00:00,2025-11-06T10:34:00-06:00,2025-11-06,10:34,Yellow,,Yellow,,Moderate,Around 1 foot.,72.0,East winds around 10 mph.,202511061634-KTAE-FZUS52-SRFTAE,https://mesonet.agron.iastate.edu/p.php?pid=202511061634-KTAE-FZUS52-SRFTAE,NWS Tallahassee SRFTAE via Iowa Environmental Mesonet archive
2025-11-07T16:14:00+00:00,2025-11-07T10:14:00-06:00,2025-11-07,10:14,Yellow,,Yellow,,Moderate,Around 1 foot.,72.0,Southeast winds 10 to 15 mph.,202511071614-KTAE-FZUS52-SRFTAE,https://mesonet.agron.iastate.edu/p.php?pid=202511071614-KTAE-FZUS52-SRFTAE,NWS Tallahassee SRFTAE via Iowa Environmental Mesonet archive
2025-11-08T16:40:00+00:00,2025-11-08T10:40:00-06:00,2025-11-08,10:40,Yellow,,Single Red,,Moderate,Around 2 feet.,74.0,West winds around 10 mph.,202511081640-KTAE-FZUS52-SRFTAE,https://mesonet.agron.iastate.edu/p.php?pid=202511081640-KTAE-FZUS52-SRFTAE,NWS Tallahassee SRFTAE via Iowa Environmental Mesonet archive
2025-11-09T16:25:00+00:00,2025-11-09T10:25:00-06:00,2025-11-09,10:25,Yellow,,Single Red,,Moderate,Around 2 feet.,74.0,West winds 15 to 20 mph.,202511091625-KTAE-FZUS52-SRFTAE,https://mesonet.agron.iastate.edu/p.php?pid=202511091625-KTAE-FZUS52-SRFTAE,NWS Tallahassee SRFTAE via Iowa Environmental Mesonet archive
2025-11-10T16:57:00+00:00,2025-11-10T10:57:00-06:00,2025-11-10,10:57,Yellow,,Double Red,,High,Around 2 feet.,69.0,Breezy. Northwest winds 20 to 25 mph.,202511101657-KTAE-FZUS52-SRFTAE,https://mesonet.agron.iastate.edu/p.php?pid=202511101657-KTAE-FZUS52-SRFTAE,NWS Tallahassee SRFTAE via Iowa Environmental Mesonet archive
2025-11-11T17:59:00+00:00,2025-11-11T11:59:00-06:00,2025-11-11,11:59,Yellow,,Yellow,,Moderate,Around 1 foot.,69.0,North winds around 10 mph.,202511111759-KTAE-FZUS52-SRFTAE,https://mesonet.agron.iastate.edu/p.php?pid=202511111759-KTAE-FZUS52-SRFTAE,NWS Tallahassee SRFTAE via Iowa Environmental Mesonet archive
2025-11-12T16:14:00+00:00,2025-11-12T10:14:00-06:00,2025-11-12,10:14,Yellow,,Single Red,,Moderate,Around 1 foot.,69.0,"Northeast winds around 5 mph, becoming",202511121614-KTAE-FZUS52-SRFTAE,https://mesonet.agron.iastate.edu/p.php?pid=202511121614-KTAE-FZUS52-SRFTAE,NWS Tallahassee SRFTAE via Iowa Environmental Mesonet archive
2025-11-13T16:31:00+00:00,2025-11-13T10:31:00-06:00,2025-11-13,10:31,Yellow,,Yellow,,Moderate,Around 1 foot.,70.0,"North winds around 5 mph, becoming west",202511131631-KTAE-FZUS52-SRFTAE,https://mesonet.agron.iastate.edu/p.php?pid=202511131631-KTAE-FZUS52-SRFTAE,NWS Tallahassee SRFTAE via Iowa Environmental Mesonet archive
2025-11-14T19:04:00+00:00,2025-11-14T13:04:00-06:00,2025-11-14,13:04,Yellow,,Yellow,,Moderate,Around 2 feet.,70.0,West winds around 5 mph.,202511141904-KTAE-FZUS52-SRFTAE,https://mesonet.agron.iastate.edu/p.php?pid=202511141904-KTAE-FZUS52-SRFTAE,NWS Tallahassee SRFTAE via Iowa Environmental Mesonet archive
2025-11-15T17:09:00+00:00,2025-11-15T11:09:00-06:00,2025-11-15,11:09,Yellow,,Yellow,,Moderate,Around 1 foot.,69.0,South winds around 5 mph.,202511151709-KTAE-FZUS52-SRFTAE,https://mesonet.agron.iastate.edu/p.php?pid=202511151709-KTAE-FZUS52-SRFTAE,NWS Tallahassee SRFTAE via Iowa Environmental Mesonet archive
2025-11-16T16:21:00+00:00,2025-11-16T10:21:00-06:00,2025-11-16,10:21,Single Red,,Single Red,,High,Around 2 feet.,70.0,West winds around 15 mph.,202511161621-KTAE-FZUS52-SRFTAE,https://mesonet.agron.iastate.edu/p.php?pid=202511161621-KTAE-FZUS52-SRFTAE,NWS Tallahassee SRFTAE via Iowa Environmental Mesonet archive
2025-11-17T16:38:00+00:00,2025-11-17T10:38:00-06:00,2025-11-17,10:38,Yellow,,Yellow,,Moderate,Around 1 foot.,71.0,"Northeast winds around 10 mph, becoming",202511171638-KTAE-FZUS52-SRFTAE,https://mesonet.agron.iastate.edu/p.php?pid=202511171638-KTAE-FZUS52-SRFTAE,NWS Tallahassee SRFTAE via Iowa Environmental Mesonet archive
2025-11-18T16:09:00+00:00,2025-11-18T10:09:00-06:00,2025-11-18,10:09,Yellow,,Yellow,,Moderate,Around 1 foot.,70.0,Southeast winds around 10 mph.,202511181609-KTAE-FZUS52-SRFTAE,https://mesonet.agron.iastate.edu/p.php?pid=202511181609-KTAE-FZUS52-SRFTAE,NWS Tallahassee SRFTAE via Iowa Environmental Mesonet archive
2025-11-19T16:19:00+00:00,2025-11-19T10:19:00-06:00,2025-11-19,10:19,Yellow,,Yellow,,Moderate,Around 1 foot.,70.0,"East winds around 5 mph, becoming south",202511191619-KTAE-FZUS52-SRFTAE,https://mesonet.agron.iastate.edu/p.php?pid=202511191619-KTAE-FZUS52-SRFTAE,NWS Tallahassee SRFTAE via Iowa Environmental Mesonet archive
2025-11-20T16:37:00+00:00,2025-11-20T10:37:00-06:00,2025-11-20,10:37,Yellow,,Yellow,,Moderate,Around 1 foot.,71.0,"East winds around 5 mph, becoming south",202511201637-KTAE-FZUS52-SRFTAE,https://mesonet.agron.iastate.edu/p.php?pid=202511201637-KTAE-FZUS52-SRFTAE,NWS Tallahassee SRFTAE via Iowa Environmental Mesonet archive
2025-11-21T17:22:00+00:00,2025-11-21T11:22:00-06:00,2025-11-21,11:22,Yellow,,Yellow,,Moderate,Around 1 foot.,72.0,South winds around 10 mph.,202511211722-KTAE-FZUS52-SRFTAE,https://mesonet.agron.iastate.edu/p.php?pid=202511211722-KTAE-FZUS52-SRFTAE,NWS Tallahassee SRFTAE via Iowa Environmental Mesonet archive
2025-11-22T17:25:00+00:00,2025-11-22T11:25:00-06:00,2025-11-22,11:25,Yellow,,Single Red,,High,Around 2 feet.,72.0,Southwest winds around 15 mph.,202511221725-KTAE-FZUS52-SRFTAE,https://mesonet.agron.iastate.edu/p.php?pid=202511221725-KTAE-FZUS52-SRFTAE,NWS Tallahassee SRFTAE via Iowa Environmental Mesonet archive
2025-11-23T17:26:00+00:00,2025-11-23T11:26:00-06:00,2025-11-23,11:26,Yellow,,Single Red,,Moderate,Around 1 foot.,72.0,West winds around 10 mph.,202511231726-KTAE-FZUS52-SRFTAE,https://mesonet.agron.iastate.edu/p.php?pid=202511231726-KTAE-FZUS52-SRFTAE,NWS Tallahassee SRFTAE via Iowa Environmental Mesonet archive
2025-11-24T16:14:00+00:00,2025-11-24T10:14:00-06:00,2025-11-24,10:14,Yellow,,Yellow,,Moderate,Around 1 foot.,72.0,Southeast winds around 10 mph.,202511241614-KTAE-FZUS52-SRFTAE,https://mesonet.agron.iastate.edu/p.php?pid=202511241614-KTAE-FZUS52-SRFTAE,NWS Tallahassee SRFTAE via Iowa Environmental Mesonet archive
2025-11-25T16:27:00+00:00,2025-11-25T10:27:00-06:00,2025-11-25,10:27,Yellow,,Single Red,,High,Around 3 feet.,72.0,South winds around 15 mph.,202511251627-KTAE-FZUS52-SRFTAE,https://mesonet.agron.iastate.edu/p.php?pid=202511251627-KTAE-FZUS52-SRFTAE,NWS Tallahassee SRFTAE via Iowa Environmental Mesonet archive
2025-11-26T16:24:00+00:00,2025-11-26T10:24:00-06:00,2025-11-26,10:24,Yellow,,Single Red,,High,Around 3 feet.,73.0,North winds around 15 mph.,202511261624-KTAE-FZUS52-SRFTAE,https://mesonet.agron.iastate.edu/p.php?pid=202511261624-KTAE-FZUS52-SRFTAE,NWS Tallahassee SRFTAE via Iowa Environmental Mesonet archive
2025-11-27T16:16:00+00:00,2025-11-27T10:16:00-06:00,2025-11-27,10:16,Yellow,,Single Red,,Moderate,Around 1 foot.,69.0,North winds around 20 mph.,202511271616-KTAE-FZUS52-SRFTAE,https://mesonet.agron.iastate.edu/p.php?pid=202511271616-KTAE-FZUS52-SRFTAE,NWS Tallahassee SRFTAE via Iowa Environmental Mesonet archive
2025-11-28T17:10:00+00:00,2025-11-28T11:10:00-06:00,2025-11-28,11:10,Yellow,,Single Red,,Moderate,Around 1 foot.,69.0,Northeast winds around 20 mph.,202511281710-KTAE-FZUS52-SRFTAE,https://mesonet.agron.iastate.edu/p.php?pid=202511281710-KTAE-FZUS52-SRFTAE,NWS Tallahassee SRFTAE via Iowa Environmental Mesonet archive
2025-11-29T17:26:00+00:00,2025-11-29T11:26:00-06:00,2025-11-29,11:26,Yellow,,Yellow,,Moderate,Around 2 feet.,68.0,East winds around 15 mph.,202511291726-KTAE-FZUS52-SRFTAE,https://mesonet.agron.iastate.edu/p.php?pid=202511291726-KTAE-FZUS52-SRFTAE,NWS Tallahassee SRFTAE via Iowa Environmental Mesonet archive
2025-11-30T16:22:00+00:00,2025-11-30T10:22:00-06:00,2025-11-30,10:22,Yellow,,Yellow,,Moderate,Around 1 foot.,68.0,East winds 10 to 15 mph.,202511301622-KTAE-FZUS52-SRFTAE,https://mesonet.agron.iastate.edu/p.php?pid=202511301622-KTAE-FZUS52-SRFTAE,NWS Tallahassee SRFTAE via Iowa Environmental Mesonet archive
2025-12-01T16:33:00+00:00,2025-12-01T10:33:00-06:00,2025-12-01,10:33,Yellow,,Yellow,,Moderate,Around 1 foot.,68.0,East winds around 15 mph.,202512011633-KTAE-FZUS52-SRFTAE,https://mesonet.agron.iastate.edu/p.php?pid=202512011633-KTAE-FZUS52-SRFTAE,NWS Tallahassee SRFTAE via Iowa Environmental Mesonet archive
2025-12-02T17:47:00+00:00,2025-12-02T11:47:00-06:00,2025-12-02,11:47,Yellow,,Double Red,,High,Around 4 feet.,68.0,Northwest winds around 20 mph.,202512021747-KTAE-FZUS52-SRFTAE,https://mesonet.agron.iastate.edu/p.php?pid=202512021747-KTAE-FZUS52-SRFTAE,NWS Tallahassee SRFTAE via Iowa Environmental Mesonet archive
2025-12-03T16:20:00+00:00,2025-12-03T10:20:00-06:00,2025-12-03,10:20,Yellow,,Double Red,,Moderate,Around 1 foot.,65.0,North winds around 10 mph.,202512031620-KTAE-FZUS52-SRFTAE,https://mesonet.agron.iastate.edu/p.php?pid=202512031620-KTAE-FZUS52-SRFTAE,NWS Tallahassee SRFTAE via Iowa Environmental Mesonet archive
2025-12-04T17:25:00+00:00,2025-12-04T11:25:00-06:00,2025-12-04,11:25,Yellow,,Yellow,,Moderate,Around 1 foot.,65.0,Northeast winds around 20 mph.,202512041725-KTAE-FZUS52-SRFTAE,https://mesonet.agron.iastate.edu/p.php?pid=202512041725-KTAE-FZUS52-SRFTAE,NWS Tallahassee SRFTAE via Iowa Environmental Mesonet archive
2025-12-05T18:11:00+00:00,2025-12-05T12:11:00-06:00,2025-12-05,12:11,Single Red,,Single Red,,High,Around 3 feet.,65.0,North winds around 15 mph.,202512051811-KTAE-FZUS52-SRFTAE,https://mesonet.agron.iastate.edu/p.php?pid=202512051811-KTAE-FZUS52-SRFTAE,NWS Tallahassee SRFTAE via Iowa Environmental Mesonet archive
2025-12-06T16:20:00+00:00,2025-12-06T10:20:00-06:00,2025-12-06,10:20,Yellow,,Yellow,,Moderate,Around 2 feet.,65.0,Northeast winds 10 to 15 mph.,202512061620-KTAE-FZUS52-SRFTAE,https://mesonet.agron.iastate.edu/p.php?pid=202512061620-KTAE-FZUS52-SRFTAE,NWS Tallahassee SRFTAE via Iowa Environmental Mesonet archive
2025-12-07T16:14:00+00:00,2025-12-07T10:14:00-06:00,2025-12-07,10:14,Yellow,,Yellow,,Moderate,Around 2 feet.,65.0,East winds around 15 mph.,202512071614-KTAE-FZUS52-SRFTAE,https://mesonet.agron.iastate.edu/p.php?pid=202512071614-KTAE-FZUS52-SRFTAE,NWS Tallahassee SRFTAE via Iowa Environmental Mesonet archive
2025-12-08T17:05:00+00:00,2025-12-08T11:05:00-06:00,2025-12-08,11:05,Yellow,,Single Red,,Moderate,Around 2 feet.,65.0,North winds around 20 mph.,202512081705-KTAE-FZUS52-SRFTAE,https://mesonet.agron.iastate.edu/p.php?pid=202512081705-KTAE-FZUS52-SRFTAE,NWS Tallahassee SRFTAE via Iowa Environmental Mesonet archive
2025-12-09T16:53:00+00:00,2025-12-09T10:53:00-06:00,2025-12-09,10:53,Yellow,,Yellow,,Moderate,Around 1 foot.,63.0,Northeast winds around 10 mph.,202512091653-KTAE-FZUS52-SRFTAE,https://mesonet.agron.iastate.edu/p.php?pid=202512091653-KTAE-FZUS52-SRFTAE,NWS Tallahassee SRFTAE via Iowa Environmental Mesonet archive
2025-12-10T16:29:00+00:00,2025-12-10T10:29:00-06:00,2025-12-10,10:29,Yellow,,Single Red,,High,Around 2 feet.,63.0,Southwest winds 10 to 15 mph.,202512101629-KTAE-FZUS52-SRFTAE,https://mesonet.agron.iastate.edu/p.php?pid=202512101629-KTAE-FZUS52-SRFTAE,NWS Tallahassee SRFTAE via Iowa Environmental Mesonet archive
2025-12-11T16:29:00+00:00,2025-12-11T10:29:00-06:00,2025-12-11,10:29,Yellow,,Single Red,,Moderate,Around 1 foot.,62.0,North winds 10 to 15 mph.,202512111629-KTAE-FZUS52-SRFTAE,https://mesonet.agron.iastate.edu/p.php?pid=202512111629-KTAE-FZUS52-SRFTAE,NWS Tallahassee SRFTAE via Iowa Environmental Mesonet archive
2025-12-12T17:16:00+00:00,2025-12-12T11:16:00-06:00,2025-12-12,11:16,Yellow,,Yellow,,Moderate,Around 1 foot.,63.0,Southeast winds 5 to 10 mph.,202512121716-KTAE-FZUS52-SRFTAE,https://mesonet.agron.iastate.edu/p.php?pid=202512121716-KTAE-FZUS52-SRFTAE,NWS Tallahassee SRFTAE via Iowa Environmental Mesonet archive
2025-12-13T16:19:00+00:00,2025-12-13T10:19:00-06:00,2025-12-13,10:19,Yellow,,Yellow,,Moderate,Around 1 foot.,63.0,Southeast winds around 10 mph.,202512131619-KTAE-FZUS52-SRFTAE,https://mesonet.agron.iastate.edu/p.php?pid=202512131619-KTAE-FZUS52-SRFTAE,NWS Tallahassee SRFTAE via Iowa Environmental Mesonet archive
2025-12-14T16:37:00+00:00,2025-12-14T10:37:00-06:00,2025-12-14,10:37,Yellow,,Single Red,,Moderate,Around 1 foot.,64.0,Breezy. North winds 20 to 25 mph.,202512141637-KTAE-FZUS52-SRFTAE,https://mesonet.agron.iastate.edu/p.php?pid=202512141637-KTAE-FZUS52-SRFTAE,NWS Tallahassee SRFTAE via Iowa Environmental Mesonet archive
2025-12-15T16:14:00+00:00,2025-12-15T10:14:00-06:00,2025-12-15,10:14,Yellow,,Single Red,,Moderate,Around 1 foot.,60.0,Northeast winds 15 to 20 mph.,202512151614-KTAE-FZUS52-SRFTAE,https://mesonet.agron.iastate.edu/p.php?pid=202512151614-KTAE-FZUS52-SRFTAE,NWS Tallahassee SRFTAE via Iowa Environmental Mesonet archive
2025-12-16T16:48:00+00:00,2025-12-16T10:48:00-06:00,2025-12-16,10:48,Yellow,,Yellow,,Moderate,Around 1 foot.,60.0,Northeast winds around 10 mph.,202512161648-KTAE-FZUS52-SRFTAE,https://mesonet.agron.iastate.edu/p.php?pid=202512161648-KTAE-FZUS52-SRFTAE,NWS Tallahassee SRFTAE via Iowa Environmental Mesonet archive
2025-12-17T16:26:00+00:00,2025-12-17T10:26:00-06:00,2025-12-17,10:26,Yellow,,Yellow,,Moderate,Around 1 foot.,61.0,Northeast winds around 10 mph.,202512171626-KTAE-FZUS52-SRFTAE,https://mesonet.agron.iastate.edu/p.php?pid=202512171626-KTAE-FZUS52-SRFTAE,NWS Tallahassee SRFTAE via Iowa Environmental Mesonet archive
2025-12-18T17:07:00+00:00,2025-12-18T11:07:00-06:00,2025-12-18,11:07,Single Red,,Single Red,,High,Around 4 feet.,62.0,Southeast winds around 20 mph.,202512181707-KTAE-FZUS52-SRFTAE,https://mesonet.agron.iastate.edu/p.php?pid=202512181707-KTAE-FZUS52-SRFTAE,NWS Tallahassee SRFTAE via Iowa Environmental Mesonet archive
2025-12-19T16:44:00+00:00,2025-12-19T10:44:00-06:00,2025-12-19,10:44,Single Red,,Single Red,,High,Around 4 feet.,62.0,North winds around 15 mph.,202512191644-KTAE-FZUS52-SRFTAE,https://mesonet.agron.iastate.edu/p.php?pid=202512191644-KTAE-FZUS52-SRFTAE,NWS Tallahassee SRFTAE via Iowa Environmental Mesonet archive
2025-12-20T17:01:00+00:00,2025-12-20T11:01:00-06:00,2025-12-20,11:01,Yellow,,Yellow,,High,Around 2 feet.,62.0,Southeast winds around 10 mph.,202512201701-KTAE-FZUS52-SRFTAE,https://mesonet.agron.iastate.edu/p.php?pid=202512201701-KTAE-FZUS52-SRFTAE,NWS Tallahassee SRFTAE via Iowa Environmental Mesonet archive
2025-12-21T17:02:00+00:00,2025-12-21T11:02:00-06:00,2025-12-21,11:02,Yellow,,,,Moderate,Around 1 foot.,62.0,Southeast winds around 5 mph.,202512211702-KTAE-FZUS52-SRFTAE,https://mesonet.agron.iastate.edu/p.php?pid=202512211702-KTAE-FZUS52-SRFTAE,NWS Tallahassee SRFTAE via Iowa Environmental Mesonet archive
2025-12-22T16:44:00+00:00,2025-12-22T10:44:00-06:00,2025-12-22,10:44,Yellow,,Yellow,,Moderate,Around 2 feet.,63.0,East winds around 15 mph.,202512221644-KTAE-FZUS52-SRFTAE,https://mesonet.agron.iastate.edu/p.php?pid=202512221644-KTAE-FZUS52-SRFTAE,NWS Tallahassee SRFTAE via Iowa Environmental Mesonet archive
2025-12-23T16:19:00+00:00,2025-12-23T10:19:00-06:00,2025-12-23,10:19,Yellow,,Yellow,,Moderate,Around 1 foot.,63.0,Southeast winds 5 to 10 mph.,202512231619-KTAE-FZUS52-SRFTAE,https://mesonet.agron.iastate.edu/p.php?pid=202512231619-KTAE-FZUS52-SRFTAE,NWS Tallahassee SRFTAE via Iowa Environmental Mesonet archive
2025-12-24T15:45:00+00:00,2025-12-24T09:45:00-06:00,2025-12-24,09:45,Yellow,,Yellow,,Moderate,Around 1 foot.,62.0,"North winds around 5 mph, becoming",202512241545-KTAE-FZUS52-SRFTAE,https://mesonet.agron.iastate.edu/p.php?pid=202512241545-KTAE-FZUS52-SRFTAE,NWS Tallahassee SRFTAE via Iowa Environmental Mesonet archive
2025-12-25T17:04:00+00:00,2025-12-25T11:04:00-06:00,2025-12-25,11:04,Yellow,,Yellow,,Moderate,Around 1 foot.,63.0,West winds around 5 mph.,202512251704-KTAE-FZUS52-SRFTAE,https://mesonet.agron.iastate.edu/p.php?pid=202512251704-KTAE-FZUS52-SRFTAE,NWS Tallahassee SRFTAE via Iowa Environmental Mesonet archive
2025-12-27T16:38:00+00:00,2025-12-27T10:38:00-06:00,2025-12-27,10:38,Yellow,,Yellow,,Moderate,Around 1 foot.,64.0,West winds around 10 mph.,202512271638-KTAE-FZUS52-SRFTAE,https://mesonet.agron.iastate.edu/p.php?pid=202512271638-KTAE-FZUS52-SRFTAE,NWS Tallahassee SRFTAE via Iowa Environmental Mesonet archive
2025-12-28T16:29:00+00:00,2025-12-28T10:29:00-06:00,2025-12-28,10:29,Yellow,,Yellow,,Moderate,Around 1 foot.,65.0,Southeast winds 5 to 10 mph.,202512281629-KTAE-FZUS52-SRFTAE,https://mesonet.agron.iastate.edu/p.php?pid=202512281629-KTAE-FZUS52-SRFTAE,NWS Tallahassee SRFTAE via Iowa Environmental Mesonet archive
2025-12-29T17:13:00+00:00,2025-12-29T11:13:00-06:00,2025-12-29,11:13,Yellow,,,,Moderate,Around 2 feet.,65.0,Breezy. North winds around 25 mph.,202512291713-KTAE-FZUS52-SRFTAE,https://mesonet.agron.iastate.edu/p.php?pid=202512291713-KTAE-FZUS52-SRFTAE,NWS Tallahassee SRFTAE via Iowa Environmental Mesonet archive
2025-12-30T16:13:00+00:00,2025-12-30T10:13:00-06:00,2025-12-30,10:13,Yellow,,Single Red,,Moderate,Around 2 feet.,59.0,North winds around 20 mph.,202512301613-KTAE-FZUS52-SRFTAE,https://mesonet.agron.iastate.edu/p.php?pid=202512301613-KTAE-FZUS52-SRFTAE,NWS Tallahassee SRFTAE via Iowa Environmental Mesonet archive
2025-12-31T16:34:00+00:00,2025-12-31T10:34:00-06:00,2025-12-31,10:34,Yellow,,Single Red,,Moderate,Around 1 foot.,60.0,Northwest winds 10 to 15 mph.,202512311634-KTAE-FZUS52-SRFTAE,https://mesonet.agron.iastate.edu/p.php?pid=202512311634-KTAE-FZUS52-SRFTAE,NWS Tallahassee SRFTAE via Iowa Environmental Mesonet archive
2026-01-01T16:30:00+00:00,2026-01-01T10:30:00-06:00,2026-01-01,10:30,Yellow,,Yellow,,Moderate,Around 1 foot.,59.0,West winds 10 to 15 mph.,202601011630-KTAE-FZUS52-SRFTAE,https://mesonet.agron.iastate.edu/p.php?pid=202601011630-KTAE-FZUS52-SRFTAE,NWS Tallahassee SRFTAE via Iowa Environmental Mesonet archive
2026-01-02T16:12:00+00:00,2026-01-02T10:12:00-06:00,2026-01-02,10:12,Yellow,,Single Red,,Moderate,Around 1 foot.,60.0,Southwest winds around 10 mph.,202601021612-KTAE-FZUS52-SRFTAE,https://mesonet.agron.iastate.edu/p.php?pid=202601021612-KTAE-FZUS52-SRFTAE,NWS Tallahassee SRFTAE via Iowa Environmental Mesonet archive
2026-01-03T17:26:00+00:00,2026-01-03T11:26:00-06:00,2026-01-03,11:26,Single Red,,Single Red,,High,Around 5 feet.,63.0,Breezy. Southwest winds 20 to 25 mph.,202601031726-KTAE-FZUS52-SRFTAE,https://mesonet.agron.iastate.edu/p.php?pid=202601031726-KTAE-FZUS52-SRFTAE,NWS Tallahassee SRFTAE via Iowa Environmental Mesonet archive
2026-01-04T17:07:00+00:00,2026-01-04T11:07:00-06:00,2026-01-04,11:07,Single Red,,Single Red,,High,Around 3 feet.,62.0,Northeast winds around 10 mph.,202601041707-KTAE-FZUS52-SRFTAE,https://mesonet.agron.iastate.edu/p.php?pid=202601041707-KTAE-FZUS52-SRFTAE,NWS Tallahassee SRFTAE via Iowa Environmental Mesonet archive
2026-01-05T16:17:00+00:00,2026-01-05T10:17:00-06:00,2026-01-05,10:17,Yellow,,Yellow,,Moderate,Around 2 feet.,62.0,East winds around 10 mph.,202601051617-KTAE-FZUS52-SRFTAE,https://mesonet.agron.iastate.edu/p.php?pid=202601051617-KTAE-FZUS52-SRFTAE,NWS Tallahassee SRFTAE via Iowa Environmental Mesonet archive
2026-01-06T16:30:00+00:00,2026-01-06T10:30:00-06:00,2026-01-06,10:30,Yellow,,Yellow,,Moderate,Around 1 foot.,63.0,South winds around 10 mph.,202601061630-KTAE-FZUS52-SRFTAE,https://mesonet.agron.iastate.edu/p.php?pid=202601061630-KTAE-FZUS52-SRFTAE,NWS Tallahassee SRFTAE via Iowa Environmental Mesonet archive
2026-01-07T16:29:00+00:00,2026-01-07T10:29:00-06:00,2026-01-07,10:29,Yellow,,,,Moderate,Around 1 foot.,63.0,West winds around 10 mph.,202601071629-KTAE-FZUS52-SRFTAE,https://mesonet.agron.iastate.edu/p.php?pid=202601071629-KTAE-FZUS52-SRFTAE,NWS Tallahassee SRFTAE via Iowa Environmental Mesonet archive
2026-01-08T18:35:00+00:00,2026-01-08T12:35:00-06:00,2026-01-08,12:35,Yellow,,,,Moderate,Around 2 feet.,64.0,Southeast winds around 15 mph.,202601081835-KTAE-FZUS52-SRFTAE,https://mesonet.agron.iastate.edu/p.php?pid=202601081835-KTAE-FZUS52-SRFTAE,NWS Tallahassee SRFTAE via Iowa Environmental Mesonet archive
2026-01-09T17:01:00+00:00,2026-01-09T11:01:00-06:00,2026-01-09,11:01,Yellow,,Single Red,,High,Around 3 feet.,64.0,Southeast winds around 15 mph.,202601091701-KTAE-FZUS52-SRFTAE,https://mesonet.agron.iastate.edu/p.php?pid=202601091701-KTAE-FZUS52-SRFTAE,NWS Tallahassee SRFTAE via Iowa Environmental Mesonet archive
2026-01-10T16:14:00+00:00,2026-01-10T10:14:00-06:00,2026-01-10,10:14,Single Red,,Single Red,,High,Around 3 feet.,64.0,South winds around 15 mph.,202601101614-KTAE-FZUS52-SRFTAE,https://mesonet.agron.iastate.edu/p.php?pid=202601101614-KTAE-FZUS52-SRFTAE,NWS Tallahassee SRFTAE via Iowa Environmental Mesonet archive
2026-01-11T16:33:00+00:00,2026-01-11T10:33:00-06:00,2026-01-11,10:33,Yellow,,Single Red,,High,Around 2 feet.,63.0,Breezy. North winds 20 to 25 mph.,202601111633-KTAE-FZUS52-SRFTAE,https://mesonet.agron.iastate.edu/p.php?pid=202601111633-KTAE-FZUS52-SRFTAE,NWS Tallahassee SRFTAE via Iowa Environmental Mesonet archive
2026-01-12T16:22:00+00:00,2026-01-12T10:22:00-06:00,2026-01-12,10:22,Yellow,,Yellow,,Moderate,Around 1 foot.,60.0,Northeast winds around 15 mph.,202601121622-KTAE-FZUS52-SRFTAE,https://mesonet.agron.iastate.edu/p.php?pid=202601121622-KTAE-FZUS52-SRFTAE,NWS Tallahassee SRFTAE via Iowa Environmental Mesonet archive
2026-01-13T16:18:00+00:00,2026-01-13T10:18:00-06:00,2026-01-13,10:18,Yellow,,Yellow,,Moderate,Around 1 foot.,60.0,"Northeast winds around 5 mph, becoming",202601131618-KTAE-FZUS52-SRFTAE,https://mesonet.agron.iastate.edu/p.php?pid=202601131618-KTAE-FZUS52-SRFTAE,NWS Tallahassee SRFTAE via Iowa Environmental Mesonet archive
2026-01-14T16:15:00+00:00,2026-01-14T10:15:00-06:00,2026-01-14,10:15,Yellow,,Single Red,,High,Around 2 feet.,60.0,West winds 10 to 15 mph.,202601141615-KTAE-FZUS52-SRFTAE,https://mesonet.agron.iastate.edu/p.php?pid=202601141615-KTAE-FZUS52-SRFTAE,NWS Tallahassee SRFTAE via Iowa Environmental Mesonet archive
2026-01-15T17:00:00+00:00,2026-01-15T11:00:00-06:00,2026-01-15,11:00,Yellow,,Single Red,,High,Around 2 feet.,58.0,Breezy. Northwest winds 20 to 25 mph.,202601151700-KTAE-FZUS52-SRFTAE,https://mesonet.agron.iastate.edu/p.php?pid=202601151700-KTAE-FZUS52-SRFTAE,NWS Tallahassee SRFTAE via Iowa Environmental Mesonet archive
2026-01-17T16:31:00+00:00,2026-01-17T10:31:00-06:00,2026-01-17,10:31,Yellow,,Single Red,,High,Around 2 feet.,60.0,East winds around 10 mph.,202601171631-KTAE-FZUS52-SRFTAE,https://mesonet.agron.iastate.edu/p.php?pid=202601171631-KTAE-FZUS52-SRFTAE,NWS Tallahassee SRFTAE via Iowa Environmental Mesonet archive
2026-01-18T17:20:00+00:00,2026-01-18T11:20:00-06:00,2026-01-18,11:20,Yellow,,Double Red,,High,Around 2 feet.,58.0,Northwest winds around 20 mph.,202601181720-KTAE-FZUS52-SRFTAE,https://mesonet.agron.iastate.edu/p.php?pid=202601181720-KTAE-FZUS52-SRFTAE,NWS Tallahassee SRFTAE via Iowa Environmental Mesonet archive
2026-01-19T16:18:00+00:00,2026-01-19T10:18:00-06:00,2026-01-19,10:18,Yellow,,Single Red,,Moderate,Around 1 foot.,56.0,North winds 10 to 15 mph.,202601191618-KTAE-FZUS52-SRFTAE,https://mesonet.agron.iastate.edu/p.php?pid=202601191618-KTAE-FZUS52-SRFTAE,NWS Tallahassee SRFTAE via Iowa Environmental Mesonet archive
2026-01-20T16:24:00+00:00,2026-01-20T10:24:00-06:00,2026-01-20,10:24,Yellow,,Yellow,,Moderate,Around 1 foot.,58.0,Northeast winds around 15 mph.,202601201624-KTAE-FZUS52-SRFTAE,https://mesonet.agron.iastate.edu/p.php?pid=202601201624-KTAE-FZUS52-SRFTAE,NWS Tallahassee SRFTAE via Iowa Environmental Mesonet archive
2026-01-21T16:30:00+00:00,2026-01-21T10:30:00-06:00,2026-01-21,10:30,Yellow,,Yellow,,Moderate,Around 1 foot.,57.0,Southeast winds 10 to 15 mph.,202601211630-KTAE-FZUS52-SRFTAE,https://mesonet.agron.iastate.edu/p.php?pid=202601211630-KTAE-FZUS52-SRFTAE,NWS Tallahassee SRFTAE via Iowa Environmental Mesonet archive
2026-01-22T18:39:00+00:00,2026-01-22T12:39:00-06:00,2026-01-22,12:39,Yellow,,Yellow,,Moderate,Around 1 foot.,59.0,Southeast winds around 10 mph.,202601221839-KTAE-FZUS52-SRFTAE,https://mesonet.agron.iastate.edu/p.php?pid=202601221839-KTAE-FZUS52-SRFTAE,NWS Tallahassee SRFTAE via Iowa Environmental Mesonet archive
2026-01-23T16:49:00+00:00,2026-01-23T10:49:00-06:00,2026-01-23,10:49,Yellow,,Yellow,,Moderate,Around 1 foot.,61.0,East winds around 5 mph.,202601231649-KTAE-FZUS52-SRFTAE,https://mesonet.agron.iastate.edu/p.php?pid=202601231649-KTAE-FZUS52-SRFTAE,NWS Tallahassee SRFTAE via Iowa Environmental Mesonet archive
2026-01-24T16:18:00+00:00,2026-01-24T10:18:00-06:00,2026-01-24,10:18,Yellow,,Yellow,,Moderate,Around 1 foot.,61.0,East winds around 15 mph.,202601241618-KTAE-FZUS52-SRFTAE,https://mesonet.agron.iastate.edu/p.php?pid=202601241618-KTAE-FZUS52-SRFTAE,NWS Tallahassee SRFTAE via Iowa Environmental Mesonet archive
2026-01-25T16:11:00+00:00,2026-01-25T10:11:00-06:00,2026-01-25,10:11,Double Red,,Single Red,,High,Around 5 feet.,62.0,Breezy. South winds around 25 mph.,202601251611-KTAE-FZUS52-SRFTAE,https://mesonet.agron.iastate.edu/p.php?pid=202601251611-KTAE-FZUS52-SRFTAE,NWS Tallahassee SRFTAE via Iowa Environmental Mesonet archive
2026-01-26T17:10:00+00:00,2026-01-26T11:10:00-06:00,2026-01-26,11:10,Double Red,,Single Red,,High,Around 3 feet.,59.0,Breezy. North winds around 25 mph.,202601261710-KTAE-FZUS52-SRFTAE,https://mesonet.agron.iastate.edu/p.php?pid=202601261710-KTAE-FZUS52-SRFTAE,NWS Tallahassee SRFTAE via Iowa Environmental Mesonet archive
2026-01-28T16:56:00+00:00,2026-01-28T10:56:00-06:00,2026-01-28,10:56,Yellow,,Single Red,,Low,1 foot or less.,58.0,Northwest winds 10 to 15 mph.,202601281656-KTAE-FZUS52-SRFTAE,https://mesonet.agron.iastate.edu/p.php?pid=202601281656-KTAE-FZUS52-SRFTAE,NWS Tallahassee SRFTAE via Iowa Environmental Mesonet archive
2026-01-29T16:39:00+00:00,2026-01-29T10:39:00-06:00,2026-01-29,10:39,Yellow,,Yellow,,Moderate,Around 1 foot.,59.0,East winds 5 to 10 mph.,202601291639-KTAE-FZUS52-SRFTAE,https://mesonet.agron.iastate.edu/p.php?pid=202601291639-KTAE-FZUS52-SRFTAE,NWS Tallahassee SRFTAE via Iowa Environmental Mesonet archive
2026-01-30T17:05:00+00:00,2026-01-30T11:05:00-06:00,2026-01-30,11:05,Yellow,,Yellow,,Moderate,Around 1 foot.,59.0,Northwest winds around 10 mph.,202601301705-KTAE-FZUS52-SRFTAE,https://mesonet.agron.iastate.edu/p.php?pid=202601301705-KTAE-FZUS52-SRFTAE,NWS Tallahassee SRFTAE via Iowa Environmental Mesonet archive
2026-02-01T17:19:00+00:00,2026-02-01T11:19:00-06:00,2026-02-01,11:19,Single Red,,,,Moderate,Around 2 feet.,53.0,Northwest winds around 15 mph.,202602011719-KTAE-FZUS52-SRFTAE,https://mesonet.agron.iastate.edu/p.php?pid=202602011719-KTAE-FZUS52-SRFTAE,NWS Tallahassee SRFTAE via Iowa Environmental Mesonet archive
2026-02-02T16:24:00+00:00,2026-02-02T10:24:00-06:00,2026-02-02,10:24,Yellow,,Yellow,,Moderate,Around 1 foot.,56.0,"North winds around 5 mph, becoming west",202602021624-KTAE-FZUS52-SRFTAE,https://mesonet.agron.iastate.edu/p.php?pid=202602021624-KTAE-FZUS52-SRFTAE,NWS Tallahassee SRFTAE via Iowa Environmental Mesonet archive
2026-02-03T16:48:00+00:00,2026-02-03T10:48:00-06:00,2026-02-03,10:48,Yellow,,Yellow,,Moderate,Around 2 feet.,56.0,Southeast winds 10 to 15 mph.,202602031648-KTAE-FZUS52-SRFTAE,https://mesonet.agron.iastate.edu/p.php?pid=202602031648-KTAE-FZUS52-SRFTAE,NWS Tallahassee SRFTAE via Iowa Environmental Mesonet archive
2026-02-04T17:07:00+00:00,2026-02-04T11:07:00-06:00,2026-02-04,11:07,Single Red,,,,High,Around 3 feet.,59.0,Southwest winds around 15 mph.,202602041707-KTAE-FZUS52-SRFTAE,https://mesonet.agron.iastate.edu/p.php?pid=202602041707-KTAE-FZUS52-SRFTAE,NWS Tallahassee SRFTAE via Iowa Environmental Mesonet archive
2026-02-05T17:55:00+00:00,2026-02-05T11:55:00-06:00,2026-02-05,11:55,Yellow,,Single Red,,Moderate,Around 2 feet.,56.0,Northwest winds around 20 mph.,202602051755-KTAE-FZUS52-SRFTAE,https://mesonet.agron.iastate.edu/p.php?pid=202602051755-KTAE-FZUS52-SRFTAE,NWS Tallahassee SRFTAE via Iowa Environmental Mesonet archive
2026-02-07T16:33:00+00:00,2026-02-07T10:33:00-06:00,2026-02-07,10:33,Single Red,,Single Red,,High,Around 3 feet.,56.0,North winds around 15 mph.,202602071633-KTAE-FZUS52-SRFTAE,https://mesonet.agron.iastate.edu/p.php?pid=202602071633-KTAE-FZUS52-SRFTAE,NWS Tallahassee SRFTAE via Iowa Environmental Mesonet archive
2026-02-08T16:49:00+00:00,2026-02-08T10:49:00-06:00,2026-02-08,10:49,Yellow,,Yellow,,Moderate,Around 1 foot.,56.0,"East winds around 10 mph, becoming",202602081649-KTAE-FZUS52-SRFTAE,https://mesonet.agron.iastate.edu/p.php?pid=202602081649-KTAE-FZUS52-SRFTAE,NWS Tallahassee SRFTAE via Iowa Environmental Mesonet archive
2026-02-09T16:21:00+00:00,2026-02-09T10:21:00-06:00,2026-02-09,10:21,Yellow,,Yellow,,Moderate,Around 1 foot.,57.0,Southeast winds around 10 mph.,202602091621-KTAE-FZUS52-SRFTAE,https://mesonet.agron.iastate.edu/p.php?pid=202602091621-KTAE-FZUS52-SRFTAE,NWS Tallahassee SRFTAE via Iowa Environmental Mesonet archive
2026-02-10T17:07:00+00:00,2026-02-10T11:07:00-06:00,2026-02-10,11:07,Yellow,,Yellow,,Moderate,Around 1 foot.,59.0,South winds around 10 mph.,202602101707-KTAE-FZUS52-SRFTAE,https://mesonet.agron.iastate.edu/p.php?pid=202602101707-KTAE-FZUS52-SRFTAE,NWS Tallahassee SRFTAE via Iowa Environmental Mesonet archive
2026-02-11T16:25:00+00:00,2026-02-11T10:25:00-06:00,2026-02-11,10:25,Yellow,,Yellow,,Moderate,Around 1 foot.,59.0,Southwest winds around 10 mph.,202602111625-KTAE-FZUS52-SRFTAE,https://mesonet.agron.iastate.edu/p.php?pid=202602111625-KTAE-FZUS52-SRFTAE,NWS Tallahassee SRFTAE via Iowa Environmental Mesonet archive
2026-02-12T16:19:00+00:00,2026-02-12T10:19:00-06:00,2026-02-12,10:19,Yellow,,Yellow,,Moderate,Around 1 foot.,59.0,"Northeast winds around 10 mph, becoming",202602121619-KTAE-FZUS52-SRFTAE,https://mesonet.agron.iastate.edu/p.php?pid=202602121619-KTAE-FZUS52-SRFTAE,NWS Tallahassee SRFTAE via Iowa Environmental Mesonet archive
2026-02-13T16:39:00+00:00,2026-02-13T10:39:00-06:00,2026-02-13,10:39,Yellow,,Yellow,,Moderate,Around 2 feet.,59.0,"Northeast winds around 5 mph, becoming",202602131639-KTAE-FZUS52-SRFTAE,https://mesonet.agron.iastate.edu/p.php?pid=202602131639-KTAE-FZUS52-SRFTAE,NWS Tallahassee SRFTAE via Iowa Environmental Mesonet archive
2026-02-14T16:24:00+00:00,2026-02-14T10:24:00-06:00,2026-02-14,10:24,Yellow,,Yellow,,High,Around 2 feet.,59.0,Southeast winds around 15 mph.,202602141624-KTAE-FZUS52-SRFTAE,https://mesonet.agron.iastate.edu/p.php?pid=202602141624-KTAE-FZUS52-SRFTAE,NWS Tallahassee SRFTAE via Iowa Environmental Mesonet archive
2026-02-16T16:39:00+00:00,2026-02-16T10:39:00-06:00,2026-02-16,10:39,Single Red,,Single Red,,High,Around 4 feet.,60.0,North winds around 10 mph.,202602161639-KTAE-FZUS52-SRFTAE,https://mesonet.agron.iastate.edu/p.php?pid=202602161639-KTAE-FZUS52-SRFTAE,NWS Tallahassee SRFTAE via Iowa Environmental Mesonet archive
2026-02-17T16:53:00+00:00,2026-02-17T10:53:00-06:00,2026-02-17,10:53,Yellow,,Single Red,,Moderate,Around 2 feet.,60.0,Southeast winds around 10 mph.,202602171653-KTAE-FZUS52-SRFTAE,https://mesonet.agron.iastate.edu/p.php?pid=202602171653-KTAE-FZUS52-SRFTAE,NWS Tallahassee SRFTAE via Iowa Environmental Mesonet archive
2026-02-19T16:15:00+00:00,2026-02-19T10:15:00-06:00,2026-02-19,10:15,Yellow,,Yellow,,Moderate,Around 2 feet.,62.0,South winds around 15 mph.,202602191615-KTAE-FZUS52-SRFTAE,https://mesonet.agron.iastate.edu/p.php?pid=202602191615-KTAE-FZUS52-SRFTAE,NWS Tallahassee SRFTAE via Iowa Environmental Mesonet archive
2026-02-20T16:26:00+00:00,2026-02-20T10:26:00-06:00,2026-02-20,10:26,Single Red,,Single Red,,High,Around 3 feet.,64.0,South winds around 15 mph.,202602201626-KTAE-FZUS52-SRFTAE,https://mesonet.agron.iastate.edu/p.php?pid=202602201626-KTAE-FZUS52-SRFTAE,NWS Tallahassee SRFTAE via Iowa Environmental Mesonet archive
2026-02-21T16:14:00+00:00,2026-02-21T10:14:00-06:00,2026-02-21,10:14,Single Red,,Single Red,,High,Around 3 feet.,64.0,South winds around 15 mph.,202602211614-KTAE-FZUS52-SRFTAE,https://mesonet.agron.iastate.edu/p.php?pid=202602211614-KTAE-FZUS52-SRFTAE,NWS Tallahassee SRFTAE via Iowa Environmental Mesonet archive
2026-02-22T17:51:00+00:00,2026-02-22T11:51:00-06:00,2026-02-22,11:51,Single Red,,Single Red,,High,Around 3 feet.,63.0,Breezy. Northwest winds around 25 mph.,202602221751-KTAE-FZUS52-SRFTAE,https://mesonet.agron.iastate.edu/p.php?pid=202602221751-KTAE-FZUS52-SRFTAE,NWS Tallahassee SRFTAE via Iowa Environmental Mesonet archive
2026-02-23T16:16:00+00:00,2026-02-23T10:16:00-06:00,2026-02-23,10:16,Single Red,,Double Red,,High,Around 3 feet.,58.0,Breezy. Northwest winds 20 to 25 mph.,202602231616-KTAE-FZUS52-SRFTAE,https://mesonet.agron.iastate.edu/p.php?pid=202602231616-KTAE-FZUS52-SRFTAE,NWS Tallahassee SRFTAE via Iowa Environmental Mesonet archive
2026-02-24T16:48:00+00:00,2026-02-24T10:48:00-06:00,2026-02-24,10:48,Single Red,,Double Red,,High,Around 2 feet.,58.0,"Northeast winds around 5 mph, becoming",202602241648-KTAE-FZUS52-SRFTAE,https://mesonet.agron.iastate.edu/p.php?pid=202602241648-KTAE-FZUS52-SRFTAE,NWS Tallahassee SRFTAE via Iowa Environmental Mesonet archive
2026-02-25T17:02:00+00:00,2026-02-25T11:02:00-06:00,2026-02-25,11:02,Single Red,,Double Red,,High,Around 2 feet.,60.0,South winds around 15 mph.,202602251702-KTAE-FZUS52-SRFTAE,https://mesonet.agron.iastate.edu/p.php?pid=202602251702-KTAE-FZUS52-SRFTAE,NWS Tallahassee SRFTAE via Iowa Environmental Mesonet archive
2026-02-26T16:38:00+00:00,2026-02-26T10:38:00-06:00,2026-02-26,10:38,Single Red,,Single Red,,High,Around 4 feet.,61.0,South winds around 15 mph.,202602261638-KTAE-FZUS52-SRFTAE,https://mesonet.agron.iastate.edu/p.php?pid=202602261638-KTAE-FZUS52-SRFTAE,NWS Tallahassee SRFTAE via Iowa Environmental Mesonet archive
2026-02-27T17:00:00+00:00,2026-02-27T11:00:00-06:00,2026-02-27,11:00,Double Red,,Double Red,,High,Around 3 feet.,62.0,"Southwest winds around 10 mph, becoming",202602271700-KTAE-FZUS52-SRFTAE,https://mesonet.agron.iastate.edu/p.php?pid=202602271700-KTAE-FZUS52-SRFTAE,NWS Tallahassee SRFTAE via Iowa Environmental Mesonet archive
2026-02-28T16:35:00+00:00,2026-02-28T10:35:00-06:00,2026-02-28,10:35,Single Red,,Single Red,,High,Around 2 feet.,62.0,Northeast winds 5 to 10 mph.,202602281635-KTAE-FZUS52-SRFTAE,https://mesonet.agron.iastate.edu/p.php?pid=202602281635-KTAE-FZUS52-SRFTAE,NWS Tallahassee SRFTAE via Iowa Environmental Mesonet archive
2026-03-01T16:24:00+00:00,2026-03-01T10:24:00-06:00,2026-03-01,10:24,Yellow,,Yellow,,Moderate,Around 2 feet.,62.0,"Northeast winds around 5 mph, becoming",202603011624-KTAE-FZUS52-SRFTAE,https://mesonet.agron.iastate.edu/p.php?pid=202603011624-KTAE-FZUS52-SRFTAE,NWS Tallahassee SRFTAE via Iowa Environmental Mesonet archive
2026-03-02T16:27:00+00:00,2026-03-02T10:27:00-06:00,2026-03-02,10:27,Yellow,,Yellow,,Moderate,Around 2 feet.,62.0,Southeast winds around 10 mph.,202603021627-KTAE-FZUS52-SRFTAE,https://mesonet.agron.iastate.edu/p.php?pid=202603021627-KTAE-FZUS52-SRFTAE,NWS Tallahassee SRFTAE via Iowa Environmental Mesonet archive
2026-03-03T17:00:00+00:00,2026-03-03T11:00:00-06:00,2026-03-03,11:00,Yellow,,Yellow,,Moderate,Around 2 feet.,64.0,Southeast winds 10 to 15 mph.,202603031700-KTAE-FZUS52-SRFTAE,https://mesonet.agron.iastate.edu/p.php?pid=202603031700-KTAE-FZUS52-SRFTAE,NWS Tallahassee SRFTAE via Iowa Environmental Mesonet archive
2026-03-04T16:24:00+00:00,2026-03-04T10:24:00-06:00,2026-03-04,10:24,Yellow,,Yellow,,Moderate,Around 2 feet.,64.0,Southeast winds around 10 mph.,202603041624-KTAE-FZUS52-SRFTAE,https://mesonet.agron.iastate.edu/p.php?pid=202603041624-KTAE-FZUS52-SRFTAE,NWS Tallahassee SRFTAE via Iowa Environmental Mesonet archive
2026-03-06T16:42:00+00:00,2026-03-06T10:42:00-06:00,2026-03-06,10:42,Yellow,,Single Red,,High,Around 3 feet.,66.0,Southeast winds around 15 mph.,202603061642-KTAE-FZUS52-SRFTAE,https://mesonet.agron.iastate.edu/p.php?pid=202603061642-KTAE-FZUS52-SRFTAE,NWS Tallahassee SRFTAE via Iowa Environmental Mesonet archive
2026-03-07T16:14:00+00:00,2026-03-07T10:14:00-06:00,2026-03-07,10:14,Yellow,,Yellow,,High,Around 3 feet.,67.0,Southeast winds 10 to 15 mph.,202603071614-KTAE-FZUS52-SRFTAE,https://mesonet.agron.iastate.edu/p.php?pid=202603071614-KTAE-FZUS52-SRFTAE,NWS Tallahassee SRFTAE via Iowa Environmental Mesonet archive
2026-03-08T15:58:00+00:00,2026-03-08T10:58:00-05:00,2026-03-08,10:58,Yellow,,Single Red,,High,Around 2 feet.,68.0,South winds around 10 mph.,202603081558-KTAE-FZUS52-SRFTAE,https://mesonet.agron.iastate.edu/p.php?pid=202603081558-KTAE-FZUS52-SRFTAE,NWS Tallahassee SRFTAE via Iowa Environmental Mesonet archive
2026-03-09T16:05:00+00:00,2026-03-09T11:05:00-05:00,2026-03-09,11:05,Yellow,,Single Red,,High,Around 2 feet.,67.0,South winds around 5 mph.,202603091605-KTAE-FZUS52-SRFTAE,https://mesonet.agron.iastate.edu/p.php?pid=202603091605-KTAE-FZUS52-SRFTAE,NWS Tallahassee SRFTAE via Iowa Environmental Mesonet archive
2026-03-10T16:02:00+00:00,2026-03-10T11:02:00-05:00,2026-03-10,11:02,Yellow,,Yellow,,Moderate,Around 2 feet.,70.0,South winds around 10 mph.,202603101602-KTAE-FZUS52-SRFTAE,https://mesonet.agron.iastate.edu/p.php?pid=202603101602-KTAE-FZUS52-SRFTAE,NWS Tallahassee SRFTAE via Iowa Environmental Mesonet archive
2026-03-11T15:17:00+00:00,2026-03-11T10:17:00-05:00,2026-03-11,10:17,Yellow,,Yellow,,Moderate,Around 2 feet.,71.0,Southeast winds around 10 mph.,202603111517-KTAE-FZUS52-SRFTAE,https://mesonet.agron.iastate.edu/p.php?pid=202603111517-KTAE-FZUS52-SRFTAE,NWS Tallahassee SRFTAE via Iowa Environmental Mesonet archive
2026-03-12T15:16:00+00:00,2026-03-12T10:16:00-05:00,2026-03-12,10:16,Single Red,,Single Red,,High,Around 5 feet.,68.0,Breezy. North winds around 25 mph.,202603121516-KTAE-FZUS52-SRFTAE,https://mesonet.agron.iastate.edu/p.php?pid=202603121516-KTAE-FZUS52-SRFTAE,NWS Tallahassee SRFTAE via Iowa Environmental Mesonet archive
2026-03-14T15:37:00+00:00,2026-03-14T10:37:00-05:00,2026-03-14,10:37,Yellow,,Yellow,,Moderate,Around 1 foot.,64.0,"Northeast winds around 10 mph, becoming",202603141537-KTAE-FZUS52-SRFTAE,https://mesonet.agron.iastate.edu/p.php?pid=202603141537-KTAE-FZUS52-SRFTAE,NWS Tallahassee SRFTAE via Iowa Environmental Mesonet archive
2026-03-15T16:24:00+00:00,2026-03-15T11:24:00-05:00,2026-03-15,11:24,Yellow,,Yellow,,Moderate,Around 2 feet.,65.0,South winds around 15 mph.,202603151624-KTAE-FZUS52-SRFTAE,https://mesonet.agron.iastate.edu/p.php?pid=202603151624-KTAE-FZUS52-SRFTAE,NWS Tallahassee SRFTAE via Iowa Environmental Mesonet archive
2026-03-16T15:40:00+00:00,2026-03-16T10:40:00-05:00,2026-03-16,10:40,Single Red,,Double Red,,High,Around 4 feet.,67.0,Windy. Northwest winds 25 to 30 mph.,202603161540-KTAE-FZUS52-SRFTAE,https://mesonet.agron.iastate.edu/p.php?pid=202603161540-KTAE-FZUS52-SRFTAE,NWS Tallahassee SRFTAE via Iowa Environmental Mesonet archive
2026-03-17T15:17:00+00:00,2026-03-17T10:17:00-05:00,2026-03-17,10:17,Yellow,,Double Red,,Moderate,Around 2 feet.,62.0,North winds around 15 mph.,202603171517-KTAE-FZUS52-SRFTAE,https://mesonet.agron.iastate.edu/p.php?pid=202603171517-KTAE-FZUS52-SRFTAE,NWS Tallahassee SRFTAE via Iowa Environmental Mesonet archive
2026-03-18T15:13:00+00:00,2026-03-18T10:13:00-05:00,2026-03-18,10:13,Yellow,,Yellow,,Moderate,Around 1 foot.,61.0,Northeast winds 10 to 15 mph.,202603181513-KTAE-FZUS52-SRFTAE,https://mesonet.agron.iastate.edu/p.php?pid=202603181513-KTAE-FZUS52-SRFTAE,NWS Tallahassee SRFTAE via Iowa Environmental Mesonet archive
2026-03-19T15:15:00+00:00,2026-03-19T10:15:00-05:00,2026-03-19,10:15,Yellow,,Yellow,,Moderate,Around 1 foot.,62.0,North winds around 10 mph.,202603191515-KTAE-FZUS52-SRFTAE,https://mesonet.agron.iastate.edu/p.php?pid=202603191515-KTAE-FZUS52-SRFTAE,NWS Tallahassee SRFTAE via Iowa Environmental Mesonet archive
2026-03-20T16:25:00+00:00,2026-03-20T11:25:00-05:00,2026-03-20,11:25,Yellow,,Yellow,,Moderate,Around 1 foot.,64.0,Southwest winds around 5 mph.,202603201625-KTAE-FZUS52-SRFTAE,https://mesonet.agron.iastate.edu/p.php?pid=202603201625-KTAE-FZUS52-SRFTAE,NWS Tallahassee SRFTAE via Iowa Environmental Mesonet archive
2026-03-21T16:08:00+00:00,2026-03-21T11:08:00-05:00,2026-03-21,11:08,Yellow,,Yellow,,Moderate,Around 1 foot.,65.0,West winds around 10 mph.,202603211608-KTAE-FZUS52-SRFTAE,https://mesonet.agron.iastate.edu/p.php?pid=202603211608-KTAE-FZUS52-SRFTAE,NWS Tallahassee SRFTAE via Iowa Environmental Mesonet archive
2026-03-22T16:09:00+00:00,2026-03-22T11:09:00-05:00,2026-03-22,11:09,Yellow,,Yellow,,Moderate,Around 1 foot.,66.0,Southwest winds around 10 mph.,202603221609-KTAE-FZUS52-SRFTAE,https://mesonet.agron.iastate.edu/p.php?pid=202603221609-KTAE-FZUS52-SRFTAE,NWS Tallahassee SRFTAE via Iowa Environmental Mesonet archive
2026-03-23T15:15:00+00:00,2026-03-23T10:15:00-05:00,2026-03-23,10:15,Yellow,,Single Red,,Moderate,Around 2 feet.,67.0,West winds around 15 mph.,202603231515-KTAE-FZUS52-SRFTAE,https://mesonet.agron.iastate.edu/p.php?pid=202603231515-KTAE-FZUS52-SRFTAE,NWS Tallahassee SRFTAE via Iowa Environmental Mesonet archive
2026-03-24T15:11:00+00:00,2026-03-24T10:11:00-05:00,2026-03-24,10:11,Yellow,,Yellow,,Moderate,Around 1 foot.,66.0,East winds around 15 mph.,202603241511-KTAE-FZUS52-SRFTAE,https://mesonet.agron.iastate.edu/p.php?pid=202603241511-KTAE-FZUS52-SRFTAE,NWS Tallahassee SRFTAE via Iowa Environmental Mesonet archive
2026-03-25T15:14:00+00:00,2026-03-25T10:14:00-05:00,2026-03-25,10:14,Yellow,,Yellow,,Moderate,Around 2 feet.,67.0,East winds 5 to 10 mph.,202603251514-KTAE-FZUS52-SRFTAE,https://mesonet.agron.iastate.edu/p.php?pid=202603251514-KTAE-FZUS52-SRFTAE,NWS Tallahassee SRFTAE via Iowa Environmental Mesonet archive
2026-03-26T15:14:00+00:00,2026-03-26T10:14:00-05:00,2026-03-26,10:14,Yellow,,Yellow,,Moderate,Around 1 foot.,67.0,"East winds around 5 mph, becoming south",202603261514-KTAE-FZUS52-SRFTAE,https://mesonet.agron.iastate.edu/p.php?pid=202603261514-KTAE-FZUS52-SRFTAE,NWS Tallahassee SRFTAE via Iowa Environmental Mesonet archive
2026-03-27T15:19:00+00:00,2026-03-27T10:19:00-05:00,2026-03-27,10:19,Yellow,,Yellow,,Moderate,Around 1 foot.,68.0,"North winds around 5 mph, becoming west",202603271519-KTAE-FZUS52-SRFTAE,https://mesonet.agron.iastate.edu/p.php?pid=202603271519-KTAE-FZUS52-SRFTAE,NWS Tallahassee SRFTAE via Iowa Environmental Mesonet archive
2026-03-28T15:16:00+00:00,2026-03-28T10:16:00-05:00,2026-03-28,10:16,Yellow,,Single Red,,Moderate,Around 2 feet.,68.0,Breezy. Northeast winds 20 to 25 mph.,202603281516-KTAE-FZUS52-SRFTAE,https://mesonet.agron.iastate.edu/p.php?pid=202603281516-KTAE-FZUS52-SRFTAE,NWS Tallahassee SRFTAE via Iowa Environmental Mesonet archive
2026-03-29T15:20:00+00:00,2026-03-29T10:20:00-05:00,2026-03-29,10:20,Yellow,,Yellow,,Moderate,Around 2 feet.,66.0,East winds 15 to 20 mph.,202603291520-KTAE-FZUS52-SRFTAE,https://mesonet.agron.iastate.edu/p.php?pid=202603291520-KTAE-FZUS52-SRFTAE,NWS Tallahassee SRFTAE via Iowa Environmental Mesonet archive
2026-03-30T16:04:00+00:00,2026-03-30T11:04:00-05:00,2026-03-30,11:04,Yellow,,Yellow,,Moderate,Around 2 feet.,67.0,Southeast winds around 15 mph.,202603301604-KTAE-FZUS52-SRFTAE,https://mesonet.agron.iastate.edu/p.php?pid=202603301604-KTAE-FZUS52-SRFTAE,NWS Tallahassee SRFTAE via Iowa Environmental Mesonet archive
2026-03-31T15:21:00+00:00,2026-03-31T10:21:00-05:00,2026-03-31,10:21,Yellow,,Yellow,,Moderate,Around 1 foot.,69.0,Southeast winds around 15 mph.,202603311521-KTAE-FZUS52-SRFTAE,https://mesonet.agron.iastate.edu/p.php?pid=202603311521-KTAE-FZUS52-SRFTAE,NWS Tallahassee SRFTAE via Iowa Environmental Mesonet archive
2026-04-01T15:55:00+00:00,2026-04-01T10:55:00-05:00,2026-04-01,10:55,Yellow,,Yellow,,High,Around 2 feet.,70.0,Southeast winds 10 to 15 mph.,202604011555-KTAE-FZUS52-SRFTAE,https://mesonet.agron.iastate.edu/p.php?pid=202604011555-KTAE-FZUS52-SRFTAE,NWS Tallahassee SRFTAE via Iowa Environmental Mesonet archive
2026-04-02T15:29:00+00:00,2026-04-02T10:29:00-05:00,2026-04-02,10:29,Yellow,,Yellow,,High,Around 3 feet.,71.0,Southeast winds around 15 mph.,202604021529-KTAE-FZUS52-SRFTAE,https://mesonet.agron.iastate.edu/p.php?pid=202604021529-KTAE-FZUS52-SRFTAE,NWS Tallahassee SRFTAE via Iowa Environmental Mesonet archive
2026-04-03T16:00:00+00:00,2026-04-03T11:00:00-05:00,2026-04-03,11:00,Single Red,,Single Red,,High,Around 3 feet.,71.0,Southeast winds around 15 mph.,202604031600-KTAE-FZUS52-SRFTAE,https://mesonet.agron.iastate.edu/p.php?pid=202604031600-KTAE-FZUS52-SRFTAE,NWS Tallahassee SRFTAE via Iowa Environmental Mesonet archive
2026-04-04T15:21:00+00:00,2026-04-04T10:21:00-05:00,2026-04-04,10:21,Single Red,,Single Red,,High,Around 3 feet.,72.0,Southeast winds around 15 mph.,202604041521-KTAE-FZUS52-SRFTAE,https://mesonet.agron.iastate.edu/p.php?pid=202604041521-KTAE-FZUS52-SRFTAE,NWS Tallahassee SRFTAE via Iowa Environmental Mesonet archive
2026-04-05T15:18:00+00:00,2026-04-05T10:18:00-05:00,2026-04-05,10:18,Single Red,,Yellow,,High,Around 2 feet.,72.0,South winds 5 to 10 mph.,202604051518-KTAE-FZUS52-SRFTAE,https://mesonet.agron.iastate.edu/p.php?pid=202604051518-KTAE-FZUS52-SRFTAE,NWS Tallahassee SRFTAE via Iowa Environmental Mesonet archive
2026-04-06T15:23:00+00:00,2026-04-06T10:23:00-05:00,2026-04-06,10:23,Yellow,,Yellow,,Moderate,Around 2 feet.,70.0,Northeast winds around 15 mph.,202604061523-KTAE-FZUS52-SRFTAE,https://mesonet.agron.iastate.edu/p.php?pid=202604061523-KTAE-FZUS52-SRFTAE,NWS Tallahassee SRFTAE via Iowa Environmental Mesonet archive
2026-04-07T16:29:00+00:00,2026-04-07T11:29:00-05:00,2026-04-07,11:29,Yellow,,Yellow,,Moderate,Around 1 foot.,68.0,Northeast winds around 20 mph.,202604071629-KTAE-FZUS52-SRFTAE,https://mesonet.agron.iastate.edu/p.php?pid=202604071629-KTAE-FZUS52-SRFTAE,NWS Tallahassee SRFTAE via Iowa Environmental Mesonet archive
2026-04-08T15:54:00+00:00,2026-04-08T10:54:00-05:00,2026-04-08,10:54,Yellow,,Yellow,,Moderate,Around 2 feet.,67.0,East winds around 20 mph.,202604081554-KTAE-FZUS52-SRFTAE,https://mesonet.agron.iastate.edu/p.php?pid=202604081554-KTAE-FZUS52-SRFTAE,NWS Tallahassee SRFTAE via Iowa Environmental Mesonet archive
2026-04-09T15:28:00+00:00,2026-04-09T10:28:00-05:00,2026-04-09,10:28,Yellow,,Single Red,,High,Around 2 feet.,67.0,East winds 15 to 20 mph.,202604091528-KTAE-FZUS52-SRFTAE,https://mesonet.agron.iastate.edu/p.php?pid=202604091528-KTAE-FZUS52-SRFTAE,NWS Tallahassee SRFTAE via Iowa Environmental Mesonet archive
2026-04-10T16:44:00+00:00,2026-04-10T11:44:00-05:00,2026-04-10,11:44,Yellow,,Yellow,,Moderate,Around 1 foot.,68.0,Southeast winds around 10 mph.,202604101644-KTAE-FZUS52-SRFTAE,https://mesonet.agron.iastate.edu/p.php?pid=202604101644-KTAE-FZUS52-SRFTAE,NWS Tallahassee SRFTAE via Iowa Environmental Mesonet archive
2026-04-11T15:52:00+00:00,2026-04-11T10:52:00-05:00,2026-04-11,10:52,Yellow,,Yellow,,Moderate,Around 1 foot.,69.0,"East winds around 10 mph, becoming",202604111552-KTAE-FZUS52-SRFTAE,https://mesonet.agron.iastate.edu/p.php?pid=202604111552-KTAE-FZUS52-SRFTAE,NWS Tallahassee SRFTAE via Iowa Environmental Mesonet archive
2026-04-12T15:05:00+00:00,2026-04-12T10:05:00-05:00,2026-04-12,10:05,Yellow,,Yellow,,Moderate,Around 2 feet.,70.0,Southeast winds 10 to 15 mph.,202604121505-KTAE-FZUS52-SRFTAE,https://mesonet.agron.iastate.edu/p.php?pid=202604121505-KTAE-FZUS52-SRFTAE,NWS Tallahassee SRFTAE via Iowa Environmental Mesonet archive
2026-04-13T15:20:00+00:00,2026-04-13T10:20:00-05:00,2026-04-13,10:20,Yellow,,Yellow,,High,Around 2 feet.,71.0,Southeast winds around 15 mph.,202604131520-KTAE-FZUS52-SRFTAE,https://mesonet.agron.iastate.edu/p.php?pid=202604131520-KTAE-FZUS52-SRFTAE,NWS Tallahassee SRFTAE via Iowa Environmental Mesonet archive
2026-04-14T16:30:00+00:00,2026-04-14T11:30:00-05:00,2026-04-14,11:30,Yellow,,Yellow,,Moderate,Around 2 feet.,71.0,South winds around 10 mph.,202604141630-KTAE-FZUS52-SRFTAE,https://mesonet.agron.iastate.edu/p.php?pid=202604141630-KTAE-FZUS52-SRFTAE,NWS Tallahassee SRFTAE via Iowa Environmental Mesonet archive
2026-04-15T15:17:00+00:00,2026-04-15T10:17:00-05:00,2026-04-15,10:17,Yellow,,Yellow,,Moderate,Around 2 feet.,73.0,Southeast winds 5 to 10 mph.,202604151517-KTAE-FZUS52-SRFTAE,https://mesonet.agron.iastate.edu/p.php?pid=202604151517-KTAE-FZUS52-SRFTAE,NWS Tallahassee SRFTAE via Iowa Environmental Mesonet archive
2026-04-16T15:11:00+00:00,2026-04-16T10:11:00-05:00,2026-04-16,10:11,Yellow,,Yellow,,Moderate,Around 1 foot.,74.0,"Southeast winds around 5 mph, becoming",202604161511-KTAE-FZUS52-SRFTAE,https://mesonet.agron.iastate.edu/p.php?pid=202604161511-KTAE-FZUS52-SRFTAE,NWS Tallahassee SRFTAE via Iowa Environmental Mesonet archive
2026-04-17T16:06:00+00:00,2026-04-17T11:06:00-05:00,2026-04-17,11:06,Yellow,,Yellow,,Moderate,Around 1 foot.,73.0,South winds around 10 mph.,202604171606-KTAE-FZUS52-SRFTAE,https://mesonet.agron.iastate.edu/p.php?pid=202604171606-KTAE-FZUS52-SRFTAE,NWS Tallahassee SRFTAE via Iowa Environmental Mesonet archive
2026-04-18T16:03:00+00:00,2026-04-18T11:03:00-05:00,2026-04-18,11:03,Yellow,,Yellow,,Moderate,Around 1 foot.,74.0,Southwest winds around 10 mph.,202604181603-KTAE-FZUS52-SRFTAE,https://mesonet.agron.iastate.edu/p.php?pid=202604181603-KTAE-FZUS52-SRFTAE,NWS Tallahassee SRFTAE via Iowa Environmental Mesonet archive
2026-04-19T15:18:00+00:00,2026-04-19T10:18:00-05:00,2026-04-19,10:18,Yellow,,Single Red,,Moderate,Around 1 foot.,74.0,Breezy. North winds 20 to 25 mph.,202604191518-KTAE-FZUS52-SRFTAE,https://mesonet.agron.iastate.edu/p.php?pid=202604191518-KTAE-FZUS52-SRFTAE,NWS Tallahassee SRFTAE via Iowa Environmental Mesonet archive
2026-04-20T16:06:00+00:00,2026-04-20T11:06:00-05:00,2026-04-20,11:06,Yellow,,Yellow,,Moderate,1 foot or less.,69.0,Northeast winds 15 to 20 mph.,202604201606-KTAE-FZUS52-SRFTAE,https://mesonet.agron.iastate.edu/p.php?pid=202604201606-KTAE-FZUS52-SRFTAE,NWS Tallahassee SRFTAE via Iowa Environmental Mesonet archive
2026-04-21T15:32:00+00:00,2026-04-21T10:32:00-05:00,2026-04-21,10:32,Yellow,,Yellow,,Moderate,Around 1 foot.,70.0,Southeast winds around 10 mph.,202604211532-KTAE-FZUS52-SRFTAE,https://mesonet.agron.iastate.edu/p.php?pid=202604211532-KTAE-FZUS52-SRFTAE,NWS Tallahassee SRFTAE via Iowa Environmental Mesonet archive
2026-04-22T15:58:00+00:00,2026-04-22T10:58:00-05:00,2026-04-22,10:58,Yellow,,Yellow,,Moderate,Around 2 feet.,71.0,Southeast winds around 15 mph.,202604221558-KTAE-FZUS52-SRFTAE,https://mesonet.agron.iastate.edu/p.php?pid=202604221558-KTAE-FZUS52-SRFTAE,NWS Tallahassee SRFTAE via Iowa Environmental Mesonet archive
2026-04-23T16:12:00+00:00,2026-04-23T11:12:00-05:00,2026-04-23,11:12,Single Red,,Yellow,,Moderate,Around 1 foot.,71.0,Southeast winds around 15 mph.,202604231612-KTAE-FZUS52-SRFTAE,https://mesonet.agron.iastate.edu/p.php?pid=202604231612-KTAE-FZUS52-SRFTAE,NWS Tallahassee SRFTAE via Iowa Environmental Mesonet archive
2026-04-24T15:19:00+00:00,2026-04-24T10:19:00-05:00,2026-04-24,10:19,Single Red,,Yellow,,High,Around 2 feet.,72.0,Southeast winds around 10 mph.,202604241519-KTAE-FZUS52-SRFTAE,https://mesonet.agron.iastate.edu/p.php?pid=202604241519-KTAE-FZUS52-SRFTAE,NWS Tallahassee SRFTAE via Iowa Environmental Mesonet archive
2026-04-25T16:45:00+00:00,2026-04-25T11:45:00-05:00,2026-04-25,11:45,Single Red,,Yellow,,High,Around 2 feet.,73.0,South winds around 10 mph.,202604251645-KTAE-FZUS52-SRFTAE,https://mesonet.agron.iastate.edu/p.php?pid=202604251645-KTAE-FZUS52-SRFTAE,NWS Tallahassee SRFTAE via Iowa Environmental Mesonet archive
2026-04-26T15:13:00+00:00,2026-04-26T10:13:00-05:00,2026-04-26,10:13,Yellow,,Yellow,,Moderate,Around 1 foot.,73.0,West winds 5 to 10 mph.,202604261513-KTAE-FZUS52-SRFTAE,https://mesonet.agron.iastate.edu/p.php?pid=202604261513-KTAE-FZUS52-SRFTAE,NWS Tallahassee SRFTAE via Iowa Environmental Mesonet archive
2026-04-27T15:15:00+00:00,2026-04-27T10:15:00-05:00,2026-04-27,10:15,Yellow,,Yellow,,Moderate,Around 2 feet.,72.0,Southeast winds 10 to 15 mph.,202604271515-KTAE-FZUS52-SRFTAE,https://mesonet.agron.iastate.edu/p.php?pid=202604271515-KTAE-FZUS52-SRFTAE,NWS Tallahassee SRFTAE via Iowa Environmental Mesonet archive
2026-04-28T15:14:00+00:00,2026-04-28T10:14:00-05:00,2026-04-28,10:14,Yellow,,Yellow,,Moderate,Around 2 feet.,74.0,Southeast winds around 15 mph.,202604281514-KTAE-FZUS52-SRFTAE,https://mesonet.agron.iastate.edu/p.php?pid=202604281514-KTAE-FZUS52-SRFTAE,NWS Tallahassee SRFTAE via Iowa Environmental Mesonet archive
2026-04-29T15:12:00+00:00,2026-04-29T10:12:00-05:00,2026-04-29,10:12,Yellow,,Yellow,,Moderate,Around 2 feet.,74.0,South winds around 10 mph.,202604291512-KTAE-FZUS52-SRFTAE,https://mesonet.agron.iastate.edu/p.php?pid=202604291512-KTAE-FZUS52-SRFTAE,NWS Tallahassee SRFTAE via Iowa Environmental Mesonet archive
2026-04-30T15:12:00+00:00,2026-04-30T10:12:00-05:00,2026-04-30,10:12,Yellow,,Yellow,,Moderate,Around 2 feet.,75.0,West winds around 10 mph.,202604301512-KTAE-FZUS52-SRFTAE,https://mesonet.agron.iastate.edu/p.php?pid=202604301512-KTAE-FZUS52-SRFTAE,NWS Tallahassee SRFTAE via Iowa Environmental Mesonet archive
2026-05-01T15:57:00+00:00,2026-05-01T10:57:00-05:00,2026-05-01,10:57,Yellow,,,,Moderate,Around 1 foot.,74.0,"East winds around 10 mph, becoming",202605011557-KTAE-FZUS52-SRFTAE,https://mesonet.agron.iastate.edu/p.php?pid=202605011557-KTAE-FZUS52-SRFTAE,NWS Tallahassee SRFTAE via Iowa Environmental Mesonet archive
2026-05-02T16:00:00+00:00,2026-05-02T11:00:00-05:00,2026-05-02,11:00,Yellow,,Single Red,,Moderate,Around 2 feet.,72.0,North winds around 20 mph.,202605021600-KTAE-FZUS52-SRFTAE,https://mesonet.agron.iastate.edu/p.php?pid=202605021600-KTAE-FZUS52-SRFTAE,NWS Tallahassee SRFTAE via Iowa Environmental Mesonet archive
2026-05-03T15:16:00+00:00,2026-05-03T10:16:00-05:00,2026-05-03,10:16,Yellow,,Single Red,,Moderate,Around 2 feet.,71.0,North winds 10 to 15 mph.,202605031516-KTAE-FZUS52-SRFTAE,https://mesonet.agron.iastate.edu/p.php?pid=202605031516-KTAE-FZUS52-SRFTAE,NWS Tallahassee SRFTAE via Iowa Environmental Mesonet archive
2026-05-04T15:16:00+00:00,2026-05-04T10:16:00-05:00,2026-05-04,10:16,Yellow,,Yellow,,Moderate,Around 1 foot.,72.0,"East winds around 10 mph, becoming",202605041516-KTAE-FZUS52-SRFTAE,https://mesonet.agron.iastate.edu/p.php?pid=202605041516-KTAE-FZUS52-SRFTAE,NWS Tallahassee SRFTAE via Iowa Environmental Mesonet archive
2026-05-05T16:15:00+00:00,2026-05-05T11:15:00-05:00,2026-05-05,11:15,Yellow,,Yellow,,Moderate,Around 1 foot.,73.0,Southeast winds around 10 mph.,202605051615-KTAE-FZUS52-SRFTAE,https://mesonet.agron.iastate.edu/p.php?pid=202605051615-KTAE-FZUS52-SRFTAE,NWS Tallahassee SRFTAE via Iowa Environmental Mesonet archive
2026-05-06T15:19:00+00:00,2026-05-06T10:19:00-05:00,2026-05-06,10:19,Yellow,,Yellow,,Moderate,Around 2 feet.,74.0,South winds around 10 mph.,202605061519-KTAE-FZUS52-SRFTAE,https://mesonet.agron.iastate.edu/p.php?pid=202605061519-KTAE-FZUS52-SRFTAE,NWS Tallahassee SRFTAE via Iowa Environmental Mesonet archive
2026-05-07T15:47:00+00:00,2026-05-07T10:47:00-05:00,2026-05-07,10:47,Single Red,,Single Red,,High,Around 3 feet.,76.0,Southwest winds around 15 mph.,202605071547-KTAE-FZUS52-SRFTAE,https://mesonet.agron.iastate.edu/p.php?pid=202605071547-KTAE-FZUS52-SRFTAE,NWS Tallahassee SRFTAE via Iowa Environmental Mesonet archive
2026-05-08T15:32:00+00:00,2026-05-08T10:32:00-05:00,2026-05-08,10:32,Single Red,,Single Red,,High,Around 2 feet.,74.0,East winds 5 to 10 mph.,202605081532-KTAE-FZUS52-SRFTAE,https://mesonet.agron.iastate.edu/p.php?pid=202605081532-KTAE-FZUS52-SRFTAE,NWS Tallahassee SRFTAE via Iowa Environmental Mesonet archive
2026-05-09T15:16:00+00:00,2026-05-09T10:16:00-05:00,2026-05-09,10:16,Single Red,,Single Red,,High,Around 2 feet.,74.0,Southwest winds around 10 mph.,202605091516-KTAE-FZUS52-SRFTAE,https://mesonet.agron.iastate.edu/p.php?pid=202605091516-KTAE-FZUS52-SRFTAE,NWS Tallahassee SRFTAE via Iowa Environmental Mesonet archive
2026-05-10T15:14:00+00:00,2026-05-10T10:14:00-05:00,2026-05-10,10:14,Yellow,,Yellow,,Moderate,Around 1 foot.,74.0,"East winds around 5 mph, becoming south",202605101514-KTAE-FZUS52-SRFTAE,https://mesonet.agron.iastate.edu/p.php?pid=202605101514-KTAE-FZUS52-SRFTAE,NWS Tallahassee SRFTAE via Iowa Environmental Mesonet archive
2026-05-11T15:13:00+00:00,2026-05-11T10:13:00-05:00,2026-05-11,10:13,Yellow,,Yellow,,Moderate,Around 2 feet.,75.0,"Northwest winds around 5 mph, becoming",202605111513-KTAE-FZUS52-SRFTAE,https://mesonet.agron.iastate.edu/p.php?pid=202605111513-KTAE-FZUS52-SRFTAE,NWS Tallahassee SRFTAE via Iowa Environmental Mesonet archive
2026-05-12T15:11:00+00:00,2026-05-12T10:11:00-05:00,2026-05-12,10:11,Yellow,,Yellow,,Moderate,Around 2 feet.,75.0,Northeast winds 15 to 20 mph.,202605121511-KTAE-FZUS52-SRFTAE,https://mesonet.agron.iastate.edu/p.php?pid=202605121511-KTAE-FZUS52-SRFTAE,NWS Tallahassee SRFTAE via Iowa Environmental Mesonet archive
2026-05-13T15:52:00+00:00,2026-05-13T10:52:00-05:00,2026-05-13,10:52,Yellow,,Yellow,,Moderate,Around 1 foot.,73.0,North winds around 15 mph.,202605131552-KTAE-FZUS52-SRFTAE,https://mesonet.agron.iastate.edu/p.php?pid=202605131552-KTAE-FZUS52-SRFTAE,NWS Tallahassee SRFTAE via Iowa Environmental Mesonet archive
2026-05-14T15:47:00+00:00,2026-05-14T10:47:00-05:00,2026-05-14,10:47,Yellow,,Yellow,,Moderate,Around 1 foot.,74.0,Northwest winds around 10 mph.,202605141547-KTAE-FZUS52-SRFTAE,https://mesonet.agron.iastate.edu/p.php?pid=202605141547-KTAE-FZUS52-SRFTAE,NWS Tallahassee SRFTAE via Iowa Environmental Mesonet archive
2026-05-15T15:13:00+00:00,2026-05-15T10:13:00-05:00,2026-05-15,10:13,Yellow,,Yellow,,Moderate,Around 1 foot.,74.0,"East winds around 10 mph, becoming",202605151513-KTAE-FZUS52-SRFTAE,https://mesonet.agron.iastate.edu/p.php?pid=202605151513-KTAE-FZUS52-SRFTAE,NWS Tallahassee SRFTAE via Iowa Environmental Mesonet archive
2026-05-16T15:12:00+00:00,2026-05-16T10:12:00-05:00,2026-05-16,10:12,Yellow,,Yellow,,Moderate,Around 1 foot.,74.0,Southeast winds around 10 mph.,202605161512-KTAE-FZUS52-SRFTAE,https://mesonet.agron.iastate.edu/p.php?pid=202605161512-KTAE-FZUS52-SRFTAE,NWS Tallahassee SRFTAE via Iowa Environmental Mesonet archive
2026-05-17T15:16:00+00:00,2026-05-17T10:16:00-05:00,2026-05-17,10:16,Yellow,,Yellow,,Moderate,Around 1 foot.,75.0,South winds around 10 mph.,202605171516-KTAE-FZUS52-SRFTAE,https://mesonet.agron.iastate.edu/p.php?pid=202605171516-KTAE-FZUS52-SRFTAE,NWS Tallahassee SRFTAE via Iowa Environmental Mesonet archive
2026-05-18T15:25:00+00:00,2026-05-18T10:25:00-05:00,2026-05-18,10:25,Single Red,,Single Red,,High,Around 3 feet.,78.0,Southeast winds around 15 mph.,202605181525-KTAE-FZUS52-SRFTAE,https://mesonet.agron.iastate.edu/p.php?pid=202605181525-KTAE-FZUS52-SRFTAE,NWS Tallahassee SRFTAE via Iowa Environmental Mesonet archive
2026-05-19T15:17:00+00:00,2026-05-19T10:17:00-05:00,2026-05-19,10:17,Single Red,,Single Red,,High,Around 2 feet.,78.0,Southeast winds around 15 mph.,202605191517-KTAE-FZUS52-SRFTAE,https://mesonet.agron.iastate.edu/p.php?pid=202605191517-KTAE-FZUS52-SRFTAE,NWS Tallahassee SRFTAE via Iowa Environmental Mesonet archive
2026-05-20T15:24:00+00:00,2026-05-20T10:24:00-05:00,2026-05-20,10:24,Yellow,,Single Red,,High,Around 2 feet.,79.0,Southeast winds 5 to 10 mph.,202605201524-KTAE-FZUS52-SRFTAE,https://mesonet.agron.iastate.edu/p.php?pid=202605201524-KTAE-FZUS52-SRFTAE,NWS Tallahassee SRFTAE via Iowa Environmental Mesonet archive
2026-05-21T16:00:00+00:00,2026-05-21T11:00:00-05:00,2026-05-21,11:00,Yellow,,Single Red,,High,Around 2 feet.,80.0,Southeast winds 5 to 10 mph.,202605211600-KTAE-FZUS52-SRFTAE,https://mesonet.agron.iastate.edu/p.php?pid=202605211600-KTAE-FZUS52-SRFTAE,NWS Tallahassee SRFTAE via Iowa Environmental Mesonet archive
2026-05-22T15:49:00+00:00,2026-05-22T10:49:00-05:00,2026-05-22,10:49,Single Red,,Single Red,,High,Around 2 feet.,81.0,South winds around 15 mph.,202605221549-KTAE-FZUS52-SRFTAE,https://mesonet.agron.iastate.edu/p.php?pid=202605221549-KTAE-FZUS52-SRFTAE,NWS Tallahassee SRFTAE via Iowa Environmental Mesonet archive
2026-05-23T16:36:00+00:00,2026-05-23T11:36:00-05:00,2026-05-23,11:36,Single Red,,Yellow,,Moderate,Around 2 feet.,80.0,South winds around 10 mph.,202605231636-KTAE-FZUS52-SRFTAE,https://mesonet.agron.iastate.edu/p.php?pid=202605231636-KTAE-FZUS52-SRFTAE,NWS Tallahassee SRFTAE via Iowa Environmental Mesonet archive
2026-05-24T17:20:00+00:00,2026-05-24T12:20:00-05:00,2026-05-24,12:20,Single Red,,Single Red,,High,Around 2 feet.,82.0,South winds around 15 mph.,202605241720-KTAE-FZUS52-SRFTAE,https://mesonet.agron.iastate.edu/p.php?pid=202605241720-KTAE-FZUS52-SRFTAE,NWS Tallahassee SRFTAE via Iowa Environmental Mesonet archive
2026-05-25T16:00:00+00:00,2026-05-25T11:00:00-05:00,2026-05-25,11:00,Single Red,,Single Red,,High,Around 3 feet.,80.0,Southeast winds around 15 mph.,202605251600-KTAE-FZUS52-SRFTAE,https://mesonet.agron.iastate.edu/p.php?pid=202605251600-KTAE-FZUS52-SRFTAE,NWS Tallahassee SRFTAE via Iowa Environmental Mesonet archive
2026-05-26T15:15:00+00:00,2026-05-26T10:15:00-05:00,2026-05-26,10:15,Single Red,,Single Red,,High,Around 3 feet.,81.0,South winds 15 to 20 mph.,202605261515-KTAE-FZUS52-SRFTAE,https://mesonet.agron.iastate.edu/p.php?pid=202605261515-KTAE-FZUS52-SRFTAE,NWS Tallahassee SRFTAE via Iowa Environmental Mesonet archive
2026-05-27T16:22:00+00:00,2026-05-27T11:22:00-05:00,2026-05-27,11:22,Single Red,,Double Red,,High,Around 3 feet.,81.0,South winds around 15 mph.,202605271622-KTAE-FZUS52-SRFTAE,https://mesonet.agron.iastate.edu/p.php?pid=202605271622-KTAE-FZUS52-SRFTAE,NWS Tallahassee SRFTAE via Iowa Environmental Mesonet archive
2026-05-28T16:17:00+00:00,2026-05-28T11:17:00-05:00,2026-05-28,11:17,Single Red,,Double Red,,High,Around 3 feet.,82.0,West winds around 10 mph.,202605281617-KTAE-FZUS52-SRFTAE,https://mesonet.agron.iastate.edu/p.php?pid=202605281617-KTAE-FZUS52-SRFTAE,NWS Tallahassee SRFTAE via Iowa Environmental Mesonet archive
2026-05-29T16:19:00+00:00,2026-05-29T11:19:00-05:00,2026-05-29,11:19,Single Red,,Single Red,,High,Around 2 feet.,83.0,Southwest winds around 10 mph.,202605291619-KTAE-FZUS52-SRFTAE,https://mesonet.agron.iastate.edu/p.php?pid=202605291619-KTAE-FZUS52-SRFTAE,NWS Tallahassee SRFTAE via Iowa Environmental Mesonet archive
2026-05-30T15:50:00+00:00,2026-05-30T10:50:00-05:00,2026-05-30,10:50,Double Red,,Single Red,,High,Around 3 feet.,82.0,West winds around 15 mph.,202605301550-KTAE-FZUS52-SRFTAE,https://mesonet.agron.iastate.edu/p.php?pid=202605301550-KTAE-FZUS52-SRFTAE,NWS Tallahassee SRFTAE via Iowa Environmental Mesonet archive
2026-05-31T15:19:00+00:00,2026-05-31T10:19:00-05:00,2026-05-31,10:19,Single Red,,Single Red,,High,Around 2 feet.,82.0,West winds around 10 mph.,202605311519-KTAE-FZUS52-SRFTAE,https://mesonet.agron.iastate.edu/p.php?pid=202605311519-KTAE-FZUS52-SRFTAE,NWS Tallahassee SRFTAE via Iowa Environmental Mesonet archive
2026-06-01T15:27:00+00:00,2026-06-01T10:27:00-05:00,2026-06-01,10:27,Single Red,,Single Red,,High,Around 2 feet.,81.0,West winds around 15 mph.,202606011527-KTAE-FZUS52-SRFTAE,https://mesonet.agron.iastate.edu/p.php?pid=202606011527-KTAE-FZUS52-SRFTAE,NWS Tallahassee SRFTAE via Iowa Environmental Mesonet archive
2026-06-02T15:47:00+00:00,2026-06-02T10:47:00-05:00,2026-06-02,10:47,Single Red,,Single Red,,High,Around 2 feet.,80.0,"Northwest winds around 10 mph, becoming",202606021547-KTAE-FZUS52-SRFTAE,https://mesonet.agron.iastate.edu/p.php?pid=202606021547-KTAE-FZUS52-SRFTAE,NWS Tallahassee SRFTAE via Iowa Environmental Mesonet archive
2026-06-03T15:19:00+00:00,2026-06-03T10:19:00-05:00,2026-06-03,10:19,Single Red,,Yellow,,Moderate,Around 2 feet.,80.0,Breezy. East winds 20 to 25 mph.,202606031519-KTAE-FZUS52-SRFTAE,https://mesonet.agron.iastate.edu/p.php?pid=202606031519-KTAE-FZUS52-SRFTAE,NWS Tallahassee SRFTAE via Iowa Environmental Mesonet archive
2026-06-04T15:22:00+00:00,2026-06-04T10:22:00-05:00,2026-06-04,10:22,Single Red,,Yellow,,High,Around 2 feet.,78.0,East winds around 20 mph.,202606041522-KTAE-FZUS52-SRFTAE,https://mesonet.agron.iastate.edu/p.php?pid=202606041522-KTAE-FZUS52-SRFTAE,NWS Tallahassee SRFTAE via Iowa Environmental Mesonet archive
2026-06-05T15:19:00+00:00,2026-06-05T10:19:00-05:00,2026-06-05,10:19,Single Red,,Single Red,,High,Around 4 feet.,78.0,Southeast winds 15 to 20 mph.,202606051519-KTAE-FZUS52-SRFTAE,https://mesonet.agron.iastate.edu/p.php?pid=202606051519-KTAE-FZUS52-SRFTAE,NWS Tallahassee SRFTAE via Iowa Environmental Mesonet archive
2026-06-06T16:34:00+00:00,2026-06-06T11:34:00-05:00,2026-06-06,11:34,Single Red,,Single Red,,High,Around 3 feet.,80.0,Southeast winds around 20 mph.,202606061634-KTAE-FZUS52-SRFTAE,https://mesonet.agron.iastate.edu/p.php?pid=202606061634-KTAE-FZUS52-SRFTAE,NWS Tallahassee SRFTAE via Iowa Environmental Mesonet archive
2026-06-07T15:12:00+00:00,2026-06-07T10:12:00-05:00,2026-06-07,10:12,Single Red,,Single Red,,High,Around 2 feet.,80.0,Southeast winds 10 to 15 mph.,202606071512-KTAE-FZUS52-SRFTAE,https://mesonet.agron.iastate.edu/p.php?pid=202606071512-KTAE-FZUS52-SRFTAE,NWS Tallahassee SRFTAE via Iowa Environmental Mesonet archive
2026-06-08T15:42:00+00:00,2026-06-08T10:42:00-05:00,2026-06-08,10:42,Yellow,,Yellow,,Moderate,Around 2 feet.,81.0,Southeast winds 5 to 10 mph.,202606081542-KTAE-FZUS52-SRFTAE,https://mesonet.agron.iastate.edu/p.php?pid=202606081542-KTAE-FZUS52-SRFTAE,NWS Tallahassee SRFTAE via Iowa Environmental Mesonet archive
2026-06-09T15:17:00+00:00,2026-06-09T10:17:00-05:00,2026-06-09,10:17,Yellow,,Yellow,,Moderate,Around 1 foot.,82.0,"East winds around 5 mph, becoming south",202606091517-KTAE-FZUS52-SRFTAE,https://mesonet.agron.iastate.edu/p.php?pid=202606091517-KTAE-FZUS52-SRFTAE,NWS Tallahassee SRFTAE via Iowa Environmental Mesonet archive
2026-06-10T15:29:00+00:00,2026-06-10T10:29:00-05:00,2026-06-10,10:29,Yellow,,Yellow,,Moderate,Around 2 feet.,82.0,"East winds around 5 mph, becoming south",202606101529-KTAE-FZUS52-SRFTAE,https://mesonet.agron.iastate.edu/p.php?pid=202606101529-KTAE-FZUS52-SRFTAE,NWS Tallahassee SRFTAE via Iowa Environmental Mesonet archive
2026-06-11T15:18:00+00:00,2026-06-11T10:18:00-05:00,2026-06-11,10:18,Yellow,,Yellow,,Moderate,Around 2 feet.,84.0,South winds 5 to 10 mph.,202606111518-KTAE-FZUS52-SRFTAE,https://mesonet.agron.iastate.edu/p.php?pid=202606111518-KTAE-FZUS52-SRFTAE,NWS Tallahassee SRFTAE via Iowa Environmental Mesonet archive
2026-06-12T15:56:00+00:00,2026-06-12T10:56:00-05:00,2026-06-12,10:56,Single Red,,Yellow,,Moderate,Around 2 feet.,83.0,West winds 5 to 10 mph.,202606121556-KTAE-FZUS52-SRFTAE,https://mesonet.agron.iastate.edu/p.php?pid=202606121556-KTAE-FZUS52-SRFTAE,NWS Tallahassee SRFTAE via Iowa Environmental Mesonet archive
2026-06-13T15:48:00+00:00,2026-06-13T10:48:00-05:00,2026-06-13,10:48,Single Red,,Single Red,,High,Around 3 feet.,84.0,West winds 10 to 15 mph.,202606131548-KTAE-FZUS52-SRFTAE,https://mesonet.agron.iastate.edu/p.php?pid=202606131548-KTAE-FZUS52-SRFTAE,NWS Tallahassee SRFTAE via Iowa Environmental Mesonet archive
2026-06-14T15:14:00+00:00,2026-06-14T10:14:00-05:00,2026-06-14,10:14,Single Red,,Double Red,,High,Around 2 feet.,83.0,West winds around 15 mph.,202606141514-KTAE-FZUS52-SRFTAE,https://mesonet.agron.iastate.edu/p.php?pid=202606141514-KTAE-FZUS52-SRFTAE,NWS Tallahassee SRFTAE via Iowa Environmental Mesonet archive
2026-06-16T15:46:00+00:00,2026-06-16T10:46:00-05:00,2026-06-16,10:46,Single Red,,Single Red,,Moderate,Around 2 feet.,81.0,Southwest winds around 15 mph.,202606161546-KTAE-FZUS52-SRFTAE,https://mesonet.agron.iastate.edu/p.php?pid=202606161546-KTAE-FZUS52-SRFTAE,NWS Tallahassee SRFTAE via Iowa Environmental Mesonet archive
2026-06-17T15:25:00+00:00,2026-06-17T10:25:00-05:00,2026-06-17,10:25,Double Red,,Double Red,,High,Around 4 feet.,81.0,Southwest winds around 20 mph.,202606171525-KTAE-FZUS52-SRFTAE,https://mesonet.agron.iastate.edu/p.php?pid=202606171525-KTAE-FZUS52-SRFTAE,NWS Tallahassee SRFTAE via Iowa Environmental Mesonet archive
2026-06-18T15:34:00+00:00,2026-06-18T10:34:00-05:00,2026-06-18,10:34,Double Red,,Double Red,,High,Around 5 feet.,82.0,Breezy. South winds around 25 mph.,202606181534-KTAE-FZUS52-SRFTAE,https://mesonet.agron.iastate.edu/p.php?pid=202606181534-KTAE-FZUS52-SRFTAE,NWS Tallahassee SRFTAE via Iowa Environmental Mesonet archive
2026-06-19T15:25:00+00:00,2026-06-19T10:25:00-05:00,2026-06-19,10:25,Double Red,,Double Red,,High,Around 5 feet.,82.0,Southwest winds around 15 mph.,202606191525-KTAE-FZUS52-SRFTAE,https://mesonet.agron.iastate.edu/p.php?pid=202606191525-KTAE-FZUS52-SRFTAE,NWS Tallahassee SRFTAE via Iowa Environmental Mesonet archive
2026-06-20T15:24:00+00:00,2026-06-20T10:24:00-05:00,2026-06-20,10:24,Double Red,,Single Red,,High,Around 3 feet.,83.0,West winds around 15 mph.,202606201524-KTAE-FZUS52-SRFTAE,https://mesonet.agron.iastate.edu/p.php?pid=202606201524-KTAE-FZUS52-SRFTAE,NWS Tallahassee SRFTAE via Iowa Environmental Mesonet archive
2026-06-20T16:15:00+00:00,2026-06-20T11:15:00-05:00,2026-06-20,11:15,Single Red,,Single Red,,High,Around 3 feet.,83.0,West winds around 15 mph.,202606201615-KTAE-FZUS52-SRFTAE,https://mesonet.agron.iastate.edu/p.php?pid=202606201615-KTAE-FZUS52-SRFTAE,NWS Tallahassee SRFTAE via Iowa Environmental Mesonet archive
2026-06-21T16:04:00+00:00,2026-06-21T11:04:00-05:00,2026-06-21,11:04,Single Red,,Single Red,,High,Around 2 feet.,82.0,Southwest winds around 10 mph.,202606211604-KTAE-FZUS52-SRFTAE,https://mesonet.agron.iastate.edu/p.php?pid=202606211604-KTAE-FZUS52-SRFTAE,NWS Tallahassee SRFTAE via Iowa Environmental Mesonet archive
2026-06-22T15:32:00+00:00,2026-06-22T10:32:00-05:00,2026-06-22,10:32,Single Red,,Single Red,,High,Around 2 feet.,83.0,Southwest winds around 15 mph.,202606221532-KTAE-FZUS52-SRFTAE,https://mesonet.agron.iastate.edu/p.php?pid=202606221532-KTAE-FZUS52-SRFTAE,NWS Tallahassee SRFTAE via Iowa Environmental Mesonet archive
2026-06-23T16:33:00+00:00,2026-06-23T11:33:00-05:00,2026-06-23,11:33,Single Red,,Single Red,,High,Around 2 feet.,84.0,West winds around 20 mph.,202606231633-KTAE-FZUS52-SRFTAE,https://mesonet.agron.iastate.edu/p.php?pid=202606231633-KTAE-FZUS52-SRFTAE,NWS Tallahassee SRFTAE via Iowa Environmental Mesonet archive
2026-06-24T16:11:00+00:00,2026-06-24T11:11:00-05:00,2026-06-24,11:11,Yellow,,Single Red,,High,Around 2 feet.,82.0,West winds around 10 mph.,202606241611-KTAE-FZUS52-SRFTAE,https://mesonet.agron.iastate.edu/p.php?pid=202606241611-KTAE-FZUS52-SRFTAE,NWS Tallahassee SRFTAE via Iowa Environmental Mesonet archive
2026-06-25T16:07:00+00:00,2026-06-25T11:07:00-05:00,2026-06-25,11:07,Yellow,,Yellow,,Moderate,Around 1 foot.,82.0,West winds around 10 mph.,202606251607-KTAE-FZUS52-SRFTAE,https://mesonet.agron.iastate.edu/p.php?pid=202606251607-KTAE-FZUS52-SRFTAE,NWS Tallahassee SRFTAE via Iowa Environmental Mesonet archive
2026-06-26T17:06:00+00:00,2026-06-26T12:06:00-05:00,2026-06-26,12:06,Yellow,,Yellow,,Moderate,Around 2 feet.,82.0,Southwest winds around 10 mph.,202606261706-KTAE-FZUS52-SRFTAE,https://mesonet.agron.iastate.edu/p.php?pid=202606261706-KTAE-FZUS52-SRFTAE,NWS Tallahassee SRFTAE via Iowa Environmental Mesonet archive
2026-06-27T15:14:00+00:00,2026-06-27T10:14:00-05:00,2026-06-27,10:14,Yellow,,Yellow,,Moderate,Around 1 foot.,83.0,Southwest winds around 10 mph.,202606271514-KTAE-FZUS52-SRFTAE,https://mesonet.agron.iastate.edu/p.php?pid=202606271514-KTAE-FZUS52-SRFTAE,NWS Tallahassee SRFTAE via Iowa Environmental Mesonet archive
2026-06-28T15:26:00+00:00,2026-06-28T10:26:00-05:00,2026-06-28,10:26,Yellow,,Yellow,,Moderate,Around 2 feet.,83.0,West winds around 10 mph.,202606281526-KTAE-FZUS52-SRFTAE,https://mesonet.agron.iastate.edu/p.php?pid=202606281526-KTAE-FZUS52-SRFTAE,NWS Tallahassee SRFTAE via Iowa Environmental Mesonet archive
2026-06-29T15:45:00+00:00,2026-06-29T10:45:00-05:00,2026-06-29,10:45,Yellow,,Yellow,,High,Around 2 feet.,83.0,West winds around 10 mph.,202606291545-KTAE-FZUS52-SRFTAE,https://mesonet.agron.iastate.edu/p.php?pid=202606291545-KTAE-FZUS52-SRFTAE,NWS Tallahassee SRFTAE via Iowa Environmental Mesonet archive
2026-06-30T16:10:00+00:00,2026-06-30T11:10:00-05:00,2026-06-30,11:10,Yellow,,Yellow,,Moderate,Around 1 foot.,82.0,West winds around 10 mph.,202606301610-KTAE-FZUS52-SRFTAE,https://mesonet.agron.iastate.edu/p.php?pid=202606301610-KTAE-FZUS52-SRFTAE,NWS Tallahassee SRFTAE via Iowa Environmental Mesonet archive
2026-07-01T15:19:00+00:00,2026-07-01T10:19:00-05:00,2026-07-01,10:19,Yellow,,Yellow,,Moderate,Around 1 foot.,81.0,Southeast winds 10 to 15 mph.,202607011519-KTAE-FZUS52-SRFTAE,https://mesonet.agron.iastate.edu/p.php?pid=202607011519-KTAE-FZUS52-SRFTAE,NWS Tallahassee SRFTAE via Iowa Environmental Mesonet archive
2026-07-02T15:51:00+00:00,2026-07-02T10:51:00-05:00,2026-07-02,10:51,Yellow,,Yellow,,Moderate,Around 2 feet.,84.0,"East winds around 10 mph, becoming",202607021551-KTAE-FZUS52-SRFTAE,https://mesonet.agron.iastate.edu/p.php?pid=202607021551-KTAE-FZUS52-SRFTAE,NWS Tallahassee SRFTAE via Iowa Environmental Mesonet archive
2026-07-03T15:30:00+00:00,2026-07-03T10:30:00-05:00,2026-07-03,10:30,Yellow,,Yellow,,Moderate,Around 1 foot.,84.0,"Northeast winds around 5 mph, becoming",202607031530-KTAE-FZUS52-SRFTAE,https://mesonet.agron.iastate.edu/p.php?pid=202607031530-KTAE-FZUS52-SRFTAE,NWS Tallahassee SRFTAE via Iowa Environmental Mesonet archive
2026-07-04T15:16:00+00:00,2026-07-04T10:16:00-05:00,2026-07-04,10:16,Yellow,,Yellow,,Moderate,Around 1 foot.,86.0,"Northwest winds around 5 mph, becoming",202607041516-KTAE-FZUS52-SRFTAE,https://mesonet.agron.iastate.edu/p.php?pid=202607041516-KTAE-FZUS52-SRFTAE,NWS Tallahassee SRFTAE via Iowa Environmental Mesonet archive
2026-07-05T15:23:00+00:00,2026-07-05T10:23:00-05:00,2026-07-05,10:23,Yellow,,Yellow,,Moderate,Around 2 feet.,86.0,Southwest winds 5 to 10 mph.,202607051523-KTAE-FZUS52-SRFTAE,https://mesonet.agron.iastate.edu/p.php?pid=202607051523-KTAE-FZUS52-SRFTAE,NWS Tallahassee SRFTAE via Iowa Environmental Mesonet archive
2026-07-07T15:17:00+00:00,2026-07-07T10:17:00-05:00,2026-07-07,10:17,Yellow,,Single Red,,Moderate,Around 2 feet.,86.0,West winds 10 to 15 mph.,202607071517-KTAE-FZUS52-SRFTAE,https://mesonet.agron.iastate.edu/p.php?pid=202607071517-KTAE-FZUS52-SRFTAE,NWS Tallahassee SRFTAE via Iowa Environmental Mesonet archive
2026-07-08T15:58:00+00:00,2026-07-08T10:58:00-05:00,2026-07-08,10:58,Yellow,,Single Red,,Moderate,Around 2 feet.,86.0,Southwest winds around 10 mph.,202607081558-KTAE-FZUS52-SRFTAE,https://mesonet.agron.iastate.edu/p.php?pid=202607081558-KTAE-FZUS52-SRFTAE,NWS Tallahassee SRFTAE via Iowa Environmental Mesonet archive
2026-07-09T15:38:00+00:00,2026-07-09T10:38:00-05:00,2026-07-09,10:38,Yellow,,Yellow,,Moderate,Around 2 feet.,86.0,Southwest winds 5 to 10 mph.,202607091538-KTAE-FZUS52-SRFTAE,https://mesonet.agron.iastate.edu/p.php?pid=202607091538-KTAE-FZUS52-SRFTAE,NWS Tallahassee SRFTAE via Iowa Environmental Mesonet archive
2026-07-10T15:18:00+00:00,2026-07-10T10:18:00-05:00,2026-07-10,10:18,Yellow,,Yellow,,Moderate,Around 2 feet.,86.0,Southwest winds around 10 mph.,202607101518-KTAE-FZUS52-SRFTAE,https://mesonet.agron.iastate.edu/p.php?pid=202607101518-KTAE-FZUS52-SRFTAE,NWS Tallahassee SRFTAE via Iowa Environmental Mesonet archive
2026-07-11T16:02:00+00:00,2026-07-11T11:02:00-05:00,2026-07-11,11:02,Yellow,,Yellow,,Moderate,Around 2 feet.,88.0,Southwest winds around 10 mph.,202607111602-KTAE-FZUS52-SRFTAE,https://mesonet.agron.iastate.edu/p.php?pid=202607111602-KTAE-FZUS52-SRFTAE,NWS Tallahassee SRFTAE via Iowa Environmental Mesonet archive
2026-07-12T15:13:00+00:00,2026-07-12T10:13:00-05:00,2026-07-12,10:13,Yellow,,Yellow,,Moderate,Around 2 feet.,88.0,West winds 10 to 15 mph.,202607121513-KTAE-FZUS52-SRFTAE,https://mesonet.agron.iastate.edu/p.php?pid=202607121513-KTAE-FZUS52-SRFTAE,NWS Tallahassee SRFTAE via Iowa Environmental Mesonet archive
2026-07-13T15:19:00+00:00,2026-07-13T10:19:00-05:00,2026-07-13,10:19,Single Red,,Double Red,,High,Around 4 feet.,85.0,West winds around 20 mph.,202607131519-KTAE-FZUS52-SRFTAE,https://mesonet.agron.iastate.edu/p.php?pid=202607131519-KTAE-FZUS52-SRFTAE,NWS Tallahassee SRFTAE via Iowa Environmental Mesonet archive
2026-07-14T15:12:00+00:00,2026-07-14T10:12:00-05:00,2026-07-14,10:12,Single Red,,Double Red,,High,Around 2 feet.,84.0,West winds around 15 mph.,202607141512-KTAE-FZUS52-SRFTAE,https://mesonet.agron.iastate.edu/p.php?pid=202607141512-KTAE-FZUS52-SRFTAE,NWS Tallahassee SRFTAE via Iowa Environmental Mesonet archive
2026-07-15T15:20:00+00:00,2026-07-15T10:20:00-05:00,2026-07-15,10:20,Single Red,,Single Red,,High,Around 2 feet.,84.0,West winds 10 to 15 mph.,202607151520-KTAE-FZUS52-SRFTAE,https://mesonet.agron.iastate.edu/p.php?pid=202607151520-KTAE-FZUS52-SRFTAE,NWS Tallahassee SRFTAE via Iowa Environmental Mesonet archive
2026-07-16T16:09:00+00:00,2026-07-16T11:09:00-05:00,2026-07-16,11:09,Yellow,,Yellow,,Moderate,Around 2 feet.,82.0,West winds around 15 mph.,202607161609-KTAE-FZUS52-SRFTAE,https://mesonet.agron.iastate.edu/p.php?pid=202607161609-KTAE-FZUS52-SRFTAE,NWS Tallahassee SRFTAE via Iowa Environmental Mesonet archive
2026-07-17T16:12:00+00:00,2026-07-17T11:12:00-05:00,2026-07-17,11:12,Yellow,,Single Red,,Moderate,Around 2 feet.,82.0,West winds around 15 mph.,202607171612-KTAE-FZUS52-SRFTAE,https://mesonet.agron.iastate.edu/p.php?pid=202607171612-KTAE-FZUS52-SRFTAE,NWS Tallahassee SRFTAE via Iowa Environmental Mesonet archive
2026-07-18T16:02:00+00:00,2026-07-18T11:02:00-05:00,2026-07-18,11:02,Yellow,,Yellow,,Moderate,Around 1 foot.,81.0,"North winds around 10 mph, becoming",202607181602-KTAE-FZUS52-SRFTAE,https://mesonet.agron.iastate.edu/p.php?pid=202607181602-KTAE-FZUS52-SRFTAE,NWS Tallahassee SRFTAE via Iowa Environmental Mesonet archive
2026-07-19T16:10:00+00:00,2026-07-19T11:10:00-05:00,2026-07-19,11:10,Yellow,,Yellow,,Moderate,Around 2 feet.,82.0,East winds around 15 mph.,202607191610-KTAE-FZUS52-SRFTAE,https://mesonet.agron.iastate.edu/p.php?pid=202607191610-KTAE-FZUS52-SRFTAE,NWS Tallahassee SRFTAE via Iowa Environmental Mesonet archive
2026-07-20T15:22:00+00:00,2026-07-20T10:22:00-05:00,2026-07-20,10:22,Yellow,,Single Red,,High,Around 3 feet.,84.0,Breezy. Northeast winds 20 to 25 mph.,202607201522-KTAE-FZUS52-SRFTAE,https://mesonet.agron.iastate.edu/p.php?pid=202607201522-KTAE-FZUS52-SRFTAE,NWS Tallahassee SRFTAE via Iowa Environmental Mesonet archive
2026-07-21T15:22:00+00:00,2026-07-21T10:22:00-05:00,2026-07-21,10:22,Double Red,,Double Red,,High,Around 9 feet.,83.0,Windy. Southeast winds 30 to 35 mph.,202607211522-KTAE-FZUS52-SRFTAE,https://mesonet.agron.iastate.edu/p.php?pid=202607211522-KTAE-FZUS52-SRFTAE,NWS Tallahassee SRFTAE via Iowa Environmental Mesonet archive
2026-07-22T16:15:00+00:00,2026-07-22T11:15:00-05:00,2026-07-22,11:15,Double Red,,Double Red,,High,Around 6 feet.,83.0,Windy. South winds around 30 mph.,202607221615-KTAE-FZUS52-SRFTAE,https://mesonet.agron.iastate.edu/p.php?pid=202607221615-KTAE-FZUS52-SRFTAE,NWS Tallahassee SRFTAE via Iowa Environmental Mesonet archive
2026-07-23T15:13:00+00:00,2026-07-23T10:13:00-05:00,2026-07-23,10:13,Double Red,,Double Red,,High,Around 5 feet.,83.0,South winds 10 to 15 mph.,202607231513-KTAE-FZUS52-SRFTAE,https://mesonet.agron.iastate.edu/p.php?pid=202607231513-KTAE-FZUS52-SRFTAE,NWS Tallahassee SRFTAE via Iowa Environmental Mesonet archive
2026-07-24T15:17:00+00:00,2026-07-24T10:17:00-05:00,2026-07-24,10:17,Single Red,,Single Red,,High,Around 2 feet.,85.0,"North winds around 5 mph, becoming west",202607241517-KTAE-FZUS52-SRFTAE,https://mesonet.agron.iastate.edu/p.php?pid=202607241517-KTAE-FZUS52-SRFTAE,NWS Tallahassee SRFTAE via Iowa Environmental Mesonet archive
2026-07-25T15:19:00+00:00,2026-07-25T10:19:00-05:00,2026-07-25,10:19,Single Red,,Single Red,,High,Around 2 feet.,84.0,Northwest winds 5 to 10 mph.,202607251519-KTAE-FZUS52-SRFTAE,https://mesonet.agron.iastate.edu/p.php?pid=202607251519-KTAE-FZUS52-SRFTAE,NWS Tallahassee SRFTAE via Iowa Environmental Mesonet archive
2026-07-26T16:04:00+00:00,2026-07-26T11:04:00-05:00,2026-07-26,11:04,Single Red,,Single Red,,High,Around 2 feet.,84.0,West winds around 15 mph.,202607261604-KTAE-FZUS52-SRFTAE,https://mesonet.agron.iastate.edu/p.php?pid=202607261604-KTAE-FZUS52-SRFTAE,NWS Tallahassee SRFTAE via Iowa Environmental Mesonet archive
2026-07-27T17:04:00+00:00,2026-07-27T12:04:00-05:00,2026-07-27,12:04,Yellow,,Single Red,,High,Around 2 feet.,84.0,West winds around 15 mph.,202607271704-KTAE-FZUS52-SRFTAE,https://mesonet.agron.iastate.edu/p.php?pid=202607271704-KTAE-FZUS52-SRFTAE,NWS Tallahassee SRFTAE via Iowa Environmental Mesonet archive
2026-07-28T15:19:00+00:00,2026-07-28T10:19:00-05:00,2026-07-28,10:19,Single Red,,Single Red,,High,Around 2 feet.,84.0,West winds 5 to 10 mph.,202607281519-KTAE-FZUS52-SRFTAE,https://mesonet.agron.iastate.edu/p.php?pid=202607281519-KTAE-FZUS52-SRFTAE,NWS Tallahassee SRFTAE via Iowa Environmental Mesonet archive
2026-07-29T15:37:00+00:00,2026-07-29T10:37:00-05:00,2026-07-29,10:37,Single Red,,Single Red,,High,Around 2 feet.,84.0,West winds 10 to 15 mph.,202607291537-KTAE-FZUS52-SRFTAE,https://mesonet.agron.iastate.edu/p.php?pid=202607291537-KTAE-FZUS52-SRFTAE,NWS Tallahassee SRFTAE via Iowa Environmental Mesonet archive
2026-07-30T15:52:00+00:00,2026-07-30T10:52:00-05:00,2026-07-30,10:52,Yellow,,Single Red,,Moderate,Around 2 feet.,84.0,West winds around 15 mph.,202607301552-KTAE-FZUS52-SRFTAE,https://mesonet.agron.iastate.edu/p.php?pid=202607301552-KTAE-FZUS52-SRFTAE,NWS Tallahassee SRFTAE via Iowa Environmental Mesonet archive
2026-07-31T15:47:00+00:00,2026-07-31T10:47:00-05:00,2026-07-31,10:47,Yellow,,Single Red,,Moderate,Around 2 feet.,84.0,West winds around 15 mph.,202607311547-KTAE-FZUS52-SRFTAE,https://mesonet.agron.iastate.edu/p.php?pid=202607311547-KTAE-FZUS52-SRFTAE,NWS Tallahassee SRFTAE via Iowa Environmental Mesonet archive
2026-08-02T15:49:00+00:00,2026-08-02T10:49:00-05:00,2026-08-02,10:49,Double Red,,Double Red,,High,Around 4 feet.,84.0,Breezy. Southwest winds 20 to 25 mph.,202608021549-KTAE-FZUS52-SRFTAE,https://mesonet.agron.iastate.edu/p.php?pid=202608021549-KTAE-FZUS52-SRFTAE,NWS Tallahassee SRFTAE via Iowa Environmental Mesonet archive
2026-08-03T17:09:00+00:00,2026-08-03T12:09:00-05:00,2026-08-03,12:09,Single Red,,Double Red,,High,Around 2 feet.,84.0,West winds around 15 mph.,202608031709-KTAE-FZUS52-SRFTAE,https://mesonet.agron.iastate.edu/p.php?pid=202608031709-KTAE-FZUS52-SRFTAE,NWS Tallahassee SRFTAE via Iowa Environmental Mesonet archive
2026-08-04T15:59:00+00:00,2026-08-04T10:59:00-05:00,2026-08-04,10:59,Yellow,False,Single Red,False,Moderate,Around 2 feet.,84.0,West winds 5 to 10 mph.,202608041559-KTAE-FZUS52-SRFTAE,https://mesonet.agron.iastate.edu/p.php?pid=202608041559-KTAE-FZUS52-SRFTAE,NWS Tallahassee SRFTAE via Iowa Environmental Mesonet archive
2026-08-05T15:16:00+00:00,2026-08-05T10:16:00-05:00,2026-08-05,10:16,Yellow,False,Yellow,False,Moderate,Around 1 foot.,84.0,Southwest winds 5 to 10 mph.,202608051516-KTAE-FZUS52-SRFTAE,https://mesonet.agron.iastate.edu/p.php?pid=202608051516-KTAE-FZUS52-SRFTAE,NWS Tallahassee SRFTAE via Iowa Environmental Mesonet archive
2026-08-06T15:36:00+00:00,2026-08-06T10:36:00-05:00,2026-08-06,10:36,Yellow,False,Yellow,False,Moderate,Around 1 foot.,86.0,Southeast winds 5 to 10 mph.,202608061536-KTAE-FZUS52-SRFTAE,https://mesonet.agron.iastate.edu/p.php?pid=202608061536-KTAE-FZUS52-SRFTAE,NWS Tallahassee SRFTAE via Iowa Environmental Mesonet archive
2026-08-07T15:17:00+00:00,2026-08-07T10:17:00-05:00,2026-08-07,10:17,Yellow,False,Yellow,False,Moderate,Around 1 foot.,86.0,East winds around 10 mph.,202608071517-KTAE-FZUS52-SRFTAE,https://mesonet.agron.iastate.edu/p.php?pid=202608071517-KTAE-FZUS52-SRFTAE,NWS Tallahassee SRFTAE via Iowa Environmental Mesonet archive
