date,nearest_storm_id,nearest_storm_name,nearest_storm_status,nearest_storm_category,tc_min_distance_mi,tc_max_wind_kt_within_500mi,tc_active_storms_within_500mi,tc_within_50mi,tc_within_100mi,tc_within_200mi,tc_within_300mi,tc_within_500mi
1851-08-21,AL041851,UNNAMED,HU,Category 1,357.73,80.0,1,False,False,False,False,True
1851-08-22,AL041851,UNNAMED,HU,Category 3,193.97,100.0,1,False,False,True,True,True
1851-08-23,AL041851,UNNAMED,HU,Category 3,2.49,100.0,1,True,True,True,True,True
1851-08-24,AL041851,UNNAMED,HU,Category 1,140.47,70.0,1,False,False,True,True,True
1851-10-15,AL061851,UNNAMED,TS,Tropical Storm,475.45,40.0,1,False,False,False,False,True
1851-10-16,AL061851,UNNAMED,TS,Tropical Storm,481.48,50.0,1,False,False,False,False,True
1852-08-22,AL011852,UNNAMED,HU,Category 2,408.02,90.0,1,False,False,False,False,True
1852-08-23,AL011852,UNNAMED,HU,Category 3,237.21,100.0,1,False,False,False,True,True
1852-08-24,AL011852,UNNAMED,HU,Category 3,163.21,100.0,1,False,False,True,True,True
1852-08-25,AL011852,UNNAMED,HU,Category 3,164.4,100.0,1,False,False,True,True,True
1852-08-26,AL011852,UNNAMED,TS,Tropical Storm,152.26,100.0,1,False,False,True,True,True
1852-08-27,AL011852,UNNAMED,TS,Tropical Storm,154.01,40.0,1,False,False,True,True,True
1852-09-08,AL031852,UNNAMED,HU,Category 1,383.34,70.0,1,False,False,False,False,True
1852-09-09,AL031852,UNNAMED,HU,Category 1,251.12,70.0,1,False,False,False,True,True
1852-09-10,AL031852,UNNAMED,HU,Category 1,185.34,70.0,1,False,False,True,True,True
1852-09-11,AL031852,UNNAMED,HU,Category 1,180.95,70.0,1,False,False,True,True,True
1852-09-12,AL031852,UNNAMED,TS,Tropical Storm,254.89,60.0,1,False,False,False,True,True
1852-10-08,AL051852,UNNAMED,HU,Category 2,315.31,90.0,1,False,False,False,False,True
1852-10-09,AL051852,UNNAMED,HU,Category 2,81.04,90.0,1,False,True,True,True,True
1852-10-10,AL051852,UNNAMED,TS,Tropical Storm,208.62,60.0,1,False,False,False,True,True
1853-10-18,AL081853,UNNAMED,HU,Category 1,473.66,70.0,1,False,False,False,False,True
1853-10-19,AL081853,UNNAMED,HU,Category 1,354.42,80.0,1,False,False,False,False,True
1853-10-20,AL081853,UNNAMED,HU,Category 2,289.79,90.0,1,False,False,False,True,True
1853-10-21,AL081853,UNNAMED,HU,Category 2,292.43,90.0,1,False,False,False,True,True
1853-10-22,AL081853,UNNAMED,HU,Category 1,457.11,80.0,1,False,False,False,False,True
1854-09-07,AL031854,UNNAMED,HU,Category 3,327.35,110.0,1,False,False,False,False,True
1854-09-08,AL031854,UNNAMED,HU,Category 1,292.41,110.0,1,False,False,False,True,True
1854-09-09,AL031854,UNNAMED,HU,Category 1,298.75,70.0,1,False,False,False,True,True
1854-09-17,AL041854,UNNAMED,HU,Category 2,492.99,90.0,1,False,False,False,False,True
1855-09-14,AL051855,UNNAMED,HU,Category 1,312.92,70.0,1,False,False,False,False,True
1855-09-15,AL051855,UNNAMED,HU,Category 3,235.18,110.0,1,False,False,False,True,True
1855-09-16,AL051855,UNNAMED,HU,Category 1,209.4,110.0,1,False,False,False,True,True
1855-09-17,AL051855,UNNAMED,TS,Tropical Storm,249.68,40.0,1,False,False,False,True,True
1856-08-08,AL011856,UNNAMED,HU,Category 1,371.4,70.0,1,False,False,False,False,True
1856-08-09,AL011856,UNNAMED,HU,Category 3,249.78,110.0,1,False,False,False,True,True
1856-08-10,AL011856,UNNAMED,HU,Category 4,279.24,130.0,1,False,False,False,True,True
1856-08-11,AL011856,UNNAMED,TS,Tropical Storm,353.45,80.0,1,False,False,False,False,True
1856-08-12,AL011856,UNNAMED,TS,Tropical Storm,323.37,40.0,1,False,False,False,False,True
1856-08-28,AL051856,UNNAMED,HU,Category 2,431.85,90.0,1,False,False,False,False,True
1856-08-29,AL051856,UNNAMED,HU,Category 3,350.45,100.0,1,False,False,False,False,True
1856-08-30,AL051856,UNNAMED,HU,Category 2,99.5,100.0,1,False,True,True,True,True
1856-08-31,AL051856,UNNAMED,HU,Category 2,11.4,90.0,1,True,True,True,True,True
1856-09-01,AL051856,UNNAMED,TS,Tropical Storm,447.64,50.0,1,False,False,False,False,True
1857-09-11,AL021857,UNNAMED,HU,Category 2,465.74,90.0,1,False,False,False,False,True
1857-09-12,AL021857,UNNAMED,HU,Category 2,468.14,90.0,1,False,False,False,False,True
1858-09-13,AL031858,UNNAMED,TS,Tropical Storm,347.23,60.0,1,False,False,False,False,True
1858-09-14,AL031858,UNNAMED,TS,Tropical Storm,253.06,60.0,1,False,False,False,True,True
1858-09-15,AL031858,UNNAMED,TS,Tropical Storm,366.63,80.0,1,False,False,False,False,True
1859-09-14,AL051859,UNNAMED,HU,Category 1,246.06,70.0,1,False,False,False,True,True
1859-09-15,AL051859,UNNAMED,HU,Category 1,142.02,70.0,1,False,False,True,True,True
1859-09-16,AL051859,UNNAMED,TS,Tropical Storm,124.96,50.0,1,False,False,True,True,True
1859-10-17,AL071859,UNNAMED,TS,Tropical Storm,353.75,60.0,1,False,False,False,False,True
1859-10-18,AL071859,UNNAMED,TS,Tropical Storm,312.39,40.0,1,False,False,False,False,True
1859-10-27,AL081859,UNNAMED,HU,Category 1,410.46,80.0,1,False,False,False,False,True
1859-10-28,AL081859,UNNAMED,HU,Category 1,240.76,80.0,1,False,False,False,True,True
1860-08-07,AL011860,UNNAMED,TS,Tropical Storm,182.57,40.0,1,False,False,True,True,True
1860-08-08,AL011860,UNNAMED,TS,Tropical Storm,169.56,60.0,1,False,False,True,True,True
1860-08-09,AL011860,UNNAMED,TS,Tropical Storm,184.62,80.0,1,False,False,True,True,True
1860-08-10,AL011860,UNNAMED,HU,Category 1,252.16,100.0,1,False,False,False,True,True
1860-08-11,AL011860,UNNAMED,HU,Category 3,245.5,110.0,1,False,False,False,True,True
1860-08-12,AL011860,UNNAMED,TS,Tropical Storm,88.43,100.0,1,False,True,True,True,True
1860-08-13,AL011860,UNNAMED,TS,Tropical Storm,116.28,40.0,1,False,False,True,True,True
1860-08-14,AL011860,UNNAMED,TS,Tropical Storm,330.06,50.0,1,False,False,False,False,True
1860-09-10,AL041860,UNNAMED,HU,Category 2,366.73,90.0,1,False,False,False,False,True
1860-09-11,AL041860,UNNAMED,HU,Category 2,341.83,90.0,1,False,False,False,False,True
1860-09-12,AL041860,UNNAMED,HU,Category 2,323.64,90.0,1,False,False,False,False,True
1860-09-13,AL041860,UNNAMED,HU,Category 2,321.0,90.0,1,False,False,False,False,True
1860-09-14,AL041860,UNNAMED,HU,Category 2,239.11,90.0,1,False,False,False,True,True
1860-09-15,AL041860,UNNAMED,TS,Tropical Storm,205.67,90.0,1,False,False,False,True,True
1860-09-16,AL041860,UNNAMED,TS,Tropical Storm,239.4,40.0,1,False,False,False,True,True
1860-10-01,AL061860,UNNAMED,HU,Category 1,444.65,80.0,1,False,False,False,False,True
1860-10-02,AL061860,UNNAMED,TS,Tropical Storm,316.08,90.0,1,False,False,False,False,True
1860-10-03,AL061860,UNNAMED,TS,Tropical Storm,319.38,50.0,1,False,False,False,False,True
1861-08-15,AL021861,UNNAMED,HU,Category 1,469.13,80.0,1,False,False,False,False,True
1861-08-16,AL021861,UNNAMED,TS,Tropical Storm,316.92,80.0,1,False,False,False,False,True
1861-08-17,AL021861,UNNAMED,TS,Tropical Storm,216.06,60.0,1,False,False,False,True,True
1861-09-27,AL051861,UNNAMED,HU,Category 1,470.85,70.0,1,False,False,False,False,True
1861-11-01,AL081861,UNNAMED,TS,Tropical Storm,343.97,70.0,1,False,False,False,False,True
1863-09-16,AL061863,UNNAMED,TS,Tropical Storm,440.54,60.0,1,False,False,False,False,True
1863-09-17,AL061863,UNNAMED,TS,Tropical Storm,408.16,60.0,1,False,False,False,False,True
1863-09-18,AL061863,UNNAMED,TS,Tropical Storm,493.88,60.0,1,False,False,False,False,True
1863-09-29,AL091863,UNNAMED,TS,Tropical Storm,477.51,50.0,1,False,False,False,False,True
1863-09-30,AL091863,UNNAMED,EX,Tropical Storm,332.76,50.0,1,False,False,False,False,True
1863-10-01,AL091863,UNNAMED,EX,Tropical Storm,227.13,40.0,1,False,False,False,True,True
1864-07-25,AL021864,UNNAMED,TS,Tropical Storm,468.51,60.0,1,False,False,False,False,True
1865-08-19,AL031865,UNNAMED,TS,Tropical Storm,443.72,50.0,1,False,False,False,False,True
1865-08-20,AL031865,UNNAMED,TS,Tropical Storm,455.97,50.0,1,False,False,False,False,True
1865-09-06,AL051865,UNNAMED,TS,Tropical Storm,376.6,60.0,1,False,False,False,False,True
1865-09-12,AL041865,UNNAMED,HU,Category 2,454.21,90.0,1,False,False,False,False,True
1865-09-13,AL041865,UNNAMED,HU,Category 2,454.76,90.0,1,False,False,False,False,True
1865-09-14,AL041865,UNNAMED,TS,Tropical Storm,471.86,50.0,1,False,False,False,False,True
1865-10-23,AL071865,UNNAMED,HU,Category 1,419.28,90.0,1,False,False,False,False,True
1866-07-11,AL011866,UNNAMED,HU,Category 2,174.77,90.0,1,False,False,True,True,True
1866-07-12,AL011866,UNNAMED,HU,Category 2,236.48,90.0,1,False,False,False,True,True
1866-07-13,AL011866,UNNAMED,HU,Category 2,353.01,90.0,1,False,False,False,False,True
1866-07-14,AL011866,UNNAMED,HU,Category 2,487.18,90.0,1,False,False,False,False,True
1867-06-21,AL011867,UNNAMED,TS,Tropical Storm,336.34,60.0,1,False,False,False,False,True
1867-06-22,AL011867,UNNAMED,HU,Category 1,364.23,70.0,1,False,False,False,False,True
1867-06-23,AL011867,UNNAMED,TS,Tropical Storm,486.39,40.0,1,False,False,False,False,True
1867-10-03,AL071867,UNNAMED,HU,Category 2,479.22,90.0,1,False,False,False,False,True
1867-10-04,AL071867,UNNAMED,HU,Category 2,240.97,90.0,1,False,False,False,True,True
1867-10-05,AL071867,UNNAMED,HU,Category 1,50.27,90.0,1,False,True,True,True,True
1867-10-06,AL071867,UNNAMED,HU,Category 1,74.97,80.0,1,False,True,True,True,True
1867-10-07,AL071867,UNNAMED,TS,Tropical Storm,234.89,50.0,1,False,False,False,True,True
1868-10-02,AL021868,UNNAMED,TS,Tropical Storm,417.16,60.0,1,False,False,False,False,True
1868-10-03,AL021868,UNNAMED,TS,Tropical Storm,236.33,60.0,1,False,False,False,True,True
1868-10-04,AL021868,UNNAMED,TS,Tropical Storm,25.13,60.0,1,True,True,True,True,True
1868-10-05,AL021868,UNNAMED,TS,Tropical Storm,389.67,40.0,1,False,False,False,False,True
1869-08-15,AL021869,UNNAMED,HU,Category 2,416.45,90.0,1,False,False,False,False,True
1869-08-16,AL021869,UNNAMED,HU,Category 2,462.82,90.0,1,False,False,False,False,True
1869-09-03,AL051869,UNNAMED,HU,Category 1,316.19,70.0,1,False,False,False,False,True
1869-09-04,AL051869,UNNAMED,HU,Category 1,259.41,70.0,1,False,False,False,True,True
1869-09-05,AL051869,UNNAMED,HU,Category 1,252.86,70.0,1,False,False,False,True,True
1870-07-30,AL011870,UNNAMED,HU,Category 1,137.85,70.0,1,False,False,True,True,True
1870-10-08,AL061870,UNNAMED,HU,Category 2,493.36,90.0,1,False,False,False,False,True
1870-10-09,AL061870,UNNAMED,HU,Category 2,485.01,90.0,1,False,False,False,False,True
1870-10-10,AL061870,UNNAMED,HU,Category 2,486.93,90.0,1,False,False,False,False,True
1870-10-11,AL061870,UNNAMED,HU,Category 2,496.88,90.0,1,False,False,False,False,True
1870-10-20,AL091870,UNNAMED,HU,Category 1,367.58,80.0,1,False,False,False,False,True
1870-10-21,AL091870,UNNAMED,TS,Tropical Storm,395.38,70.0,1,False,False,False,False,True
1870-11-03,AL111870,UNNAMED,HU,Category 1,422.95,70.0,1,False,False,False,False,True
1871-06-01,AL011871,UNNAMED,TS,Tropical Storm,340.88,50.0,1,False,False,False,False,True
1871-06-02,AL011871,UNNAMED,TS,Tropical Storm,294.09,50.0,1,False,False,False,True,True
1871-06-03,AL011871,UNNAMED,TS,Tropical Storm,390.83,50.0,1,False,False,False,False,True
1871-08-15,AL031871,UNNAMED,HU,Category 3,495.46,100.0,1,False,False,False,False,True
1871-08-16,AL031871,UNNAMED,HU,Category 3,395.13,100.0,1,False,False,False,False,True
1871-08-17,AL031871,UNNAMED,HU,Category 1,231.58,90.0,1,False,False,False,True,True
1871-08-18,AL031871,UNNAMED,TS,Tropical Storm,195.65,60.0,1,False,False,True,True,True
1871-08-19,AL031871,UNNAMED,TS,Tropical Storm,314.14,60.0,1,False,False,False,False,True
1871-08-21,AL031871,UNNAMED,TS,Tropical Storm,464.47,60.0,1,False,False,False,False,True
1871-08-22,AL031871,UNNAMED,TS,Tropical Storm,267.83,60.0,1,False,False,False,True,True
1871-08-23,AL031871,UNNAMED,TD,Tropical Depression,114.42,50.0,1,False,False,True,True,True
1871-08-24,AL041871,UNNAMED,HU,Category 2,389.99,90.0,1,False,False,False,False,True
1871-08-25,AL041871,UNNAMED,TS,Tropical Storm,165.5,90.0,1,False,False,True,True,True
1871-08-26,AL041871,UNNAMED,TS,Tropical Storm,89.14,40.0,1,False,True,True,True,True
1871-08-27,AL041871,UNNAMED,TD,Tropical Depression,134.38,30.0,1,False,False,True,True,True
1871-08-28,AL041871,UNNAMED,TD,Tropical Depression,238.77,40.0,1,False,False,False,True,True
1871-08-29,AL041871,UNNAMED,TS,Tropical Storm,456.39,40.0,1,False,False,False,False,True
1871-09-04,AL061871,UNNAMED,HU,Category 1,390.07,70.0,1,False,False,False,False,True
1871-09-05,AL061871,UNNAMED,HU,Category 1,148.61,70.0,1,False,False,True,True,True
1871-09-06,AL061871,UNNAMED,HU,Category 1,144.0,70.0,1,False,False,True,True,True
1871-09-07,AL061871,UNNAMED,TS,Tropical Storm,278.71,60.0,1,False,False,False,True,True
1871-10-02,AL071871,UNNAMED,HU,Category 1,470.99,70.0,1,False,False,False,False,True
1871-10-03,AL071871,UNNAMED,HU,Category 1,289.09,70.0,1,False,False,False,True,True
1871-10-04,AL071871,UNNAMED,TS,Tropical Storm,84.59,70.0,1,False,True,True,True,True
1871-10-05,AL071871,UNNAMED,TS,Tropical Storm,56.34,60.0,1,False,True,True,True,True
1871-10-06,AL071871,UNNAMED,TS,Tropical Storm,202.87,40.0,1,False,False,False,True,True
1872-07-09,AL011872,UNNAMED,TS,Tropical Storm,434.97,50.0,1,False,False,False,False,True
1872-07-10,AL011872,UNNAMED,TS,Tropical Storm,214.45,50.0,1,False,False,False,True,True
1872-07-11,AL011872,UNNAMED,TS,Tropical Storm,195.41,50.0,1,False,False,True,True,True
1872-07-12,AL011872,UNNAMED,TS,Tropical Storm,216.01,40.0,1,False,False,False,True,True
1872-07-13,AL011872,UNNAMED,TD,Tropical Depression,293.46,30.0,1,False,False,False,True,True
1872-10-22,AL051872,UNNAMED,TS,Tropical Storm,243.3,50.0,1,False,False,False,True,True
1872-10-23,AL051872,UNNAMED,TS,Tropical Storm,228.15,50.0,1,False,False,False,True,True
1872-10-24,AL051872,UNNAMED,TS,Tropical Storm,437.0,70.0,1,False,False,False,False,True
1873-06-01,AL011873,UNNAMED,TS,Tropical Storm,442.0,40.0,1,False,False,False,False,True
1873-06-02,AL011873,UNNAMED,TD,Tropical Depression,157.89,40.0,1,False,False,True,True,True
1873-09-18,AL031873,UNNAMED,HU,Category 1,261.88,70.0,1,False,False,False,True,True
1873-09-19,AL031873,UNNAMED,HU,Category 1,80.3,70.0,1,False,True,True,True,True
1873-09-22,AL041873,UNNAMED,TS,Tropical Storm,301.83,50.0,1,False,False,False,False,True
1873-09-23,AL041873,UNNAMED,TS,Tropical Storm,235.09,50.0,1,False,False,False,True,True
1873-10-06,AL051873,UNNAMED,HU,Category 3,329.86,100.0,1,False,False,False,False,True
1873-10-07,AL051873,UNNAMED,HU,Category 1,356.34,80.0,1,False,False,False,False,True
1874-07-01,AL011874,UNNAMED,TS,Tropical Storm,301.29,40.0,1,False,False,False,False,True
1874-07-02,AL011874,UNNAMED,TS,Tropical Storm,232.25,50.0,1,False,False,False,True,True
1874-07-03,AL011874,UNNAMED,TS,Tropical Storm,263.82,50.0,1,False,False,False,True,True
1874-09-26,AL061874,UNNAMED,TS,Tropical Storm,498.54,50.0,1,False,False,False,False,True
1874-09-27,AL061874,UNNAMED,HU,Category 1,184.15,70.0,1,False,False,True,True,True
1874-09-28,AL061874,UNNAMED,TS,Tropical Storm,206.53,80.0,1,False,False,False,True,True
1875-09-14,AL031875,UNNAMED,HU,Category 1,310.29,80.0,1,False,False,False,False,True
1875-09-15,AL031875,UNNAMED,HU,Category 1,334.53,90.0,1,False,False,False,False,True
1875-09-18,AL031875,UNNAMED,TD,Tropical Depression,270.58,40.0,1,False,False,False,True,True
1875-09-25,AL041875,UNNAMED,TS,Tropical Storm,350.18,50.0,1,False,False,False,False,True
1875-09-26,AL041875,UNNAMED,TS,Tropical Storm,110.11,50.0,1,False,False,True,True,True
1875-09-27,AL041875,UNNAMED,TS,Tropical Storm,2.49,50.0,1,True,True,True,True,True
1876-09-16,AL021876,UNNAMED,HU,Category 1,438.5,70.0,1,False,False,False,False,True
1876-09-17,AL021876,UNNAMED,HU,Category 1,449.74,70.0,1,False,False,False,False,True
1876-10-19,AL051876,UNNAMED,HU,Category 2,398.82,90.0,1,False,False,False,False,True
1876-10-20,AL051876,UNNAMED,HU,Category 1,364.82,90.0,1,False,False,False,False,True
1876-10-21,AL051876,UNNAMED,HU,Category 1,469.65,80.0,1,False,False,False,False,True
1877-09-17,AL021877,UNNAMED,HU,Category 1,464.41,70.0,1,False,False,False,False,True
1877-09-18,AL021877,UNNAMED,HU,Category 1,247.77,70.0,1,False,False,False,True,True
1877-09-19,AL021877,UNNAMED,TS,Tropical Storm,34.35,70.0,1,True,True,True,True,True
1877-09-20,AL021877,UNNAMED,TS,Tropical Storm,81.88,50.0,1,False,True,True,True,True
1877-09-21,AL021877,UNNAMED,TS,Tropical Storm,349.88,40.0,1,False,False,False,False,True
1877-09-27,AL051877,UNNAMED,TS,Tropical Storm,438.03,50.0,1,False,False,False,False,True
1877-09-28,AL051877,UNNAMED,TS,Tropical Storm,461.39,50.0,1,False,False,False,False,True
1877-09-30,AL041877,UNNAMED,HU,Category 1,382.62,80.0,1,False,False,False,False,True
1877-10-01,AL041877,UNNAMED,HU,Category 2,234.96,90.0,1,False,False,False,True,True
1877-10-02,AL041877,UNNAMED,HU,Category 3,16.24,100.0,1,True,True,True,True,True
1877-10-03,AL041877,UNNAMED,HU,Category 2,25.76,90.0,1,True,True,True,True,True
1877-10-04,AL041877,UNNAMED,TS,Tropical Storm,389.07,40.0,1,False,False,False,False,True
1877-10-24,AL071877,UNNAMED,TS,Tropical Storm,498.36,40.0,1,False,False,False,False,True
1877-10-25,AL071877,UNNAMED,TS,Tropical Storm,289.09,40.0,1,False,False,False,True,True
1877-10-26,AL071877,UNNAMED,TS,Tropical Storm,92.36,40.0,1,False,True,True,True,True
1877-10-27,AL071877,UNNAMED,TS,Tropical Storm,402.19,50.0,1,False,False,False,False,True
1878-06-30,AL011878,UNNAMED,TS,Tropical Storm,340.27,40.0,1,False,False,False,False,True
1878-07-01,AL011878,UNNAMED,TS,Tropical Storm,315.81,40.0,1,False,False,False,False,True
1878-07-02,AL011878,UNNAMED,TS,Tropical Storm,328.33,40.0,1,False,False,False,False,True
1878-07-03,AL011878,UNNAMED,TS,Tropical Storm,472.02,40.0,1,False,False,False,False,True
1878-09-07,AL051878,UNNAMED,TS,Tropical Storm,446.63,60.0,1,False,False,False,False,True
1878-09-08,AL051878,UNNAMED,TS,Tropical Storm,285.63,50.0,1,False,False,False,True,True
1878-09-09,AL051878,UNNAMED,HU,Category 1,203.36,80.0,1,False,False,False,True,True
1878-09-10,AL051878,UNNAMED,HU,Category 2,207.36,90.0,1,False,False,False,True,True
1878-09-11,AL051878,UNNAMED,HU,Category 1,276.72,80.0,1,False,False,False,True,True
1878-09-12,AL051878,UNNAMED,HU,Category 1,330.73,80.0,1,False,False,False,False,True
1878-10-09,AL081878,UNNAMED,TS,Tropical Storm,328.64,50.0,1,False,False,False,False,True
1878-10-10,AL081878,UNNAMED,TS,Tropical Storm,25.13,50.0,1,True,True,True,True,True
1878-10-11,AL081878,UNNAMED,TS,Tropical Storm,307.55,50.0,1,False,False,False,False,True
1878-10-21,AL111878,UNNAMED,HU,Category 1,464.68,70.0,1,False,False,False,False,True
1878-10-22,AL111878,UNNAMED,HU,Category 1,428.48,80.0,1,False,False,False,False,True
1879-08-17,AL021879,UNNAMED,HU,Category 3,441.84,100.0,1,False,False,False,False,True
1879-08-18,AL021879,UNNAMED,HU,Category 3,496.93,100.0,1,False,False,False,False,True
1879-08-23,AL031879,UNNAMED,TS,Tropical Storm,498.14,50.0,1,False,False,False,False,True
1879-08-24,AL031879,UNNAMED,TD,Tropical Depression,489.22,30.0,1,False,False,False,False,True
1879-08-28,AL041879,UNNAMED,TS,Tropical Storm,488.52,50.0,1,False,False,False,False,True
1879-08-29,AL041879,UNNAMED,HU,Category 1,461.38,70.0,1,False,False,False,False,True
1879-08-30,AL041879,UNNAMED,HU,Category 2,438.89,90.0,1,False,False,False,False,True
1879-08-31,AL041879,UNNAMED,HU,Category 3,394.96,110.0,1,False,False,False,False,True
1879-09-01,AL041879,UNNAMED,TS,Tropical Storm,293.04,110.0,1,False,False,False,True,True
1879-09-02,AL041879,UNNAMED,TS,Tropical Storm,284.27,50.0,1,False,False,False,True,True
1879-10-05,AL051879,UNNAMED,TS,Tropical Storm,402.02,50.0,1,False,False,False,False,True
1879-10-06,AL051879,UNNAMED,TS,Tropical Storm,222.54,50.0,1,False,False,False,True,True
1879-10-07,AL051879,UNNAMED,TS,Tropical Storm,221.68,50.0,1,False,False,False,True,True
1879-10-14,AL061879,UNNAMED,TS,Tropical Storm,371.48,50.0,1,False,False,False,False,True
1879-10-15,AL061879,UNNAMED,TS,Tropical Storm,98.77,50.0,1,False,True,True,True,True
1879-10-16,AL061879,UNNAMED,TS,Tropical Storm,42.99,50.0,1,True,True,True,True,True
1879-10-25,AL071879,UNNAMED,TS,Tropical Storm,498.91,50.0,1,False,False,False,False,True
1879-10-26,AL071879,UNNAMED,TS,Tropical Storm,365.56,60.0,1,False,False,False,False,True
1879-10-27,AL071879,UNNAMED,TS,Tropical Storm,165.41,60.0,1,False,False,True,True,True
1879-10-28,AL071879,UNNAMED,TS,Tropical Storm,433.54,50.0,1,False,False,False,False,True
1880-06-20,AL011880,UNNAMED,TS,Tropical Storm,241.22,40.0,1,False,False,False,True,True
1880-06-21,AL011880,UNNAMED,TS,Tropical Storm,248.73,40.0,1,False,False,False,True,True
1880-06-22,AL011880,UNNAMED,TS,Tropical Storm,309.14,40.0,1,False,False,False,False,True
1880-06-23,AL011880,UNNAMED,TS,Tropical Storm,451.42,40.0,1,False,False,False,False,True
1880-08-28,AL041880,UNNAMED,HU,Category 2,409.44,90.0,1,False,False,False,False,True
1880-08-29,AL041880,UNNAMED,TS,Tropical Storm,275.97,90.0,1,False,False,False,True,True
1880-08-30,AL041880,UNNAMED,HU,Category 1,62.96,70.0,1,False,True,True,True,True
1880-08-31,AL041880,UNNAMED,TS,Tropical Storm,16.94,70.0,1,True,True,True,True,True
1880-09-01,AL041880,UNNAMED,TS,Tropical Storm,213.23,40.0,1,False,False,False,True,True
1880-09-05,AL061880,UNNAMED,TS,Tropical Storm,464.92,40.0,1,False,False,False,False,True
1880-09-06,AL061880,UNNAMED,TS,Tropical Storm,353.57,40.0,1,False,False,False,False,True
1880-09-07,AL061880,UNNAMED,TS,Tropical Storm,209.65,50.0,1,False,False,False,True,True
1880-09-08,AL061880,UNNAMED,TS,Tropical Storm,119.66,60.0,1,False,False,True,True,True
1880-10-06,AL091880,UNNAMED,TS,Tropical Storm,469.31,60.0,1,False,False,False,False,True
1880-10-07,AL091880,UNNAMED,HU,Category 1,265.58,70.0,1,False,False,False,True,True
1880-10-08,AL091880,UNNAMED,HU,Category 1,188.55,70.0,1,False,False,True,True,True
1880-10-09,AL091880,UNNAMED,HU,Category 1,413.69,70.0,1,False,False,False,False,True
1881-07-31,AL011881,UNNAMED,TS,Tropical Storm,492.5,40.0,1,False,False,False,False,True
1881-08-01,AL011881,UNNAMED,TS,Tropical Storm,344.42,40.0,1,False,False,False,False,True
1881-08-02,AL011881,UNNAMED,TS,Tropical Storm,167.8,50.0,1,False,False,True,True,True
1881-08-03,AL011881,UNNAMED,TS,Tropical Storm,153.22,50.0,1,False,False,True,True,True
1881-08-04,AL011881,UNNAMED,TD,Tropical Depression,223.14,30.0,1,False,False,False,True,True
1881-08-11,AL021881,UNNAMED,TS,Tropical Storm,361.43,40.0,1,False,False,False,False,True
1881-08-12,AL021881,UNNAMED,TS,Tropical Storm,466.31,40.0,1,False,False,False,False,True
1881-08-16,AL041881,UNNAMED,TS,Tropical Storm,485.57,40.0,1,False,False,False,False,True
1881-08-17,AL041881,UNNAMED,TS,Tropical Storm,487.3,40.0,1,False,False,False,False,True
1881-08-26,AL051881,UNNAMED,HU,Category 2,407.8,90.0,1,False,False,False,False,True
1881-08-27,AL051881,UNNAMED,HU,Category 2,295.21,90.0,1,False,False,False,True,True
1881-08-28,AL051881,UNNAMED,TS,Tropical Storm,151.59,70.0,1,False,False,True,True,True
1881-08-29,AL051881,UNNAMED,TS,Tropical Storm,239.22,40.0,1,False,False,False,True,True
1882-09-07,AL021882,UNNAMED,HU,Category 2,399.82,90.0,1,False,False,False,False,True
1882-09-08,AL021882,UNNAMED,HU,Category 2,295.86,90.0,1,False,False,False,True,True
1882-09-09,AL021882,UNNAMED,HU,Category 3,66.62,110.0,1,False,True,True,True,True
1882-09-10,AL021882,UNNAMED,HU,Category 1,70.87,80.0,1,False,True,True,True,True
1882-09-11,AL021882,UNNAMED,TS,Tropical Storm,369.13,40.0,1,False,False,False,False,True
1882-09-13,AL031882,UNNAMED,TD,Tropical Depression,431.07,30.0,1,False,False,False,False,True
1882-09-14,AL031882,UNNAMED,TS,Tropical Storm,411.36,50.0,1,False,False,False,False,True
1882-09-15,AL031882,UNNAMED,TS,Tropical Storm,482.97,50.0,1,False,False,False,False,True
1882-09-21,AL041882,UNNAMED,TS,Tropical Storm,486.32,40.0,1,False,False,False,False,True
1882-10-09,AL061882,UNNAMED,HU,Category 1,341.32,90.0,1,False,False,False,False,True
1882-10-10,AL061882,UNNAMED,HU,Category 1,146.23,70.0,1,False,False,True,True,True
1882-10-11,AL061882,UNNAMED,TS,Tropical Storm,159.02,60.0,1,False,False,True,True,True
1882-10-12,AL061882,UNNAMED,TS,Tropical Storm,443.08,60.0,1,False,False,False,False,True
1883-09-09,AL031883,UNNAMED,HU,Category 2,463.69,90.0,1,False,False,False,False,True
1883-09-10,AL031883,UNNAMED,HU,Category 2,435.99,90.0,1,False,False,False,False,True
1883-09-11,AL031883,UNNAMED,HU,Category 2,464.24,90.0,1,False,False,False,False,True
1883-10-22,AL041883,UNNAMED,TS,Tropical Storm,474.19,40.0,1,False,False,False,False,True
1883-10-23,AL041883,UNNAMED,TS,Tropical Storm,487.34,40.0,1,False,False,False,False,True
1884-09-09,AL031884,UNNAMED,TS,Tropical Storm,410.94,40.0,1,False,False,False,False,True
1884-09-10,AL031884,UNNAMED,TS,Tropical Storm,287.32,40.0,1,False,False,False,True,True
1884-09-11,AL031884,UNNAMED,TS,Tropical Storm,278.87,40.0,1,False,False,False,True,True
1884-09-12,AL031884,UNNAMED,TD,Tropical Depression,378.58,50.0,1,False,False,False,False,True
1884-09-13,AL031884,UNNAMED,TS,Tropical Storm,431.95,50.0,1,False,False,False,False,True
1885-08-23,AL021885,UNNAMED,HU,Category 1,470.48,70.0,1,False,False,False,False,True
1885-08-24,AL021885,UNNAMED,HU,Category 2,294.8,90.0,1,False,False,False,True,True
1885-08-25,AL021885,UNNAMED,HU,Category 2,311.33,90.0,1,False,False,False,False,True
1885-08-29,AL031885,UNNAMED,TS,Tropical Storm,380.9,50.0,1,False,False,False,False,True
1885-08-30,AL031885,UNNAMED,TS,Tropical Storm,2.49,50.0,1,True,True,True,True,True
1885-08-31,AL031885,UNNAMED,TS,Tropical Storm,146.39,40.0,1,False,False,True,True,True
1885-09-20,AL041885,UNNAMED,TS,Tropical Storm,233.84,50.0,1,False,False,False,True,True
1885-09-21,AL041885,UNNAMED,TS,Tropical Storm,11.62,50.0,1,True,True,True,True,True
1885-09-23,AL061885,UNNAMED,TS,Tropical Storm,286.53,40.0,1,False,False,False,True,True
1885-09-24,AL061885,UNNAMED,TS,Tropical Storm,223.46,50.0,1,False,False,False,True,True
1885-09-25,AL061885,UNNAMED,TS,Tropical Storm,198.58,60.0,1,False,False,True,True,True
1885-09-26,AL061885,UNNAMED,TS,Tropical Storm,189.65,60.0,1,False,False,True,True,True
1885-09-27,AL061885,UNNAMED,TS,Tropical Storm,145.05,50.0,1,False,False,True,True,True
1885-09-28,AL061885,UNNAMED,TD,Tropical Depression,56.43,40.0,1,False,True,True,True,True
1885-09-29,AL061885,UNNAMED,TD,Tropical Depression,32.54,30.0,1,True,True,True,True,True
1885-09-30,AL061885,UNNAMED,TD,Tropical Depression,145.25,40.0,1,False,False,True,True,True
1885-10-01,AL061885,UNNAMED,TS,Tropical Storm,367.37,60.0,1,False,False,False,False,True
1885-10-10,AL081885,UNNAMED,TS,Tropical Storm,332.22,50.0,1,False,False,False,False,True
1885-10-11,AL081885,UNNAMED,TS,Tropical Storm,159.8,60.0,1,False,False,True,True,True
1885-10-12,AL081885,UNNAMED,TS,Tropical Storm,216.43,50.0,1,False,False,False,True,True
1886-06-14,AL011886,UNNAMED,TS,Tropical Storm,434.58,85.0,1,False,False,False,False,True
1886-06-15,AL011886,UNNAMED,TD,Tropical Depression,208.04,45.0,1,False,False,False,True,True
1886-06-19,AL021886,UNNAMED,HU,Category 2,405.68,85.0,1,False,False,False,False,True
1886-06-20,AL021886,UNNAMED,HU,Category 2,191.4,85.0,1,False,False,True,True,True
1886-06-21,AL021886,UNNAMED,HU,Category 2,103.41,85.0,1,False,False,True,True,True
1886-06-22,AL021886,UNNAMED,TS,Tropical Storm,327.5,40.0,1,False,False,False,False,True
1886-06-29,AL031886,UNNAMED,HU,Category 2,315.31,85.0,1,False,False,False,False,True
1886-06-30,AL031886,UNNAMED,HU,Category 2,43.24,85.0,1,True,True,True,True,True
1886-07-01,AL031886,UNNAMED,TS,Tropical Storm,213.58,55.0,1,False,False,False,True,True
1886-07-17,AL041886,UNNAMED,HU,Category 1,451.41,70.0,1,False,False,False,False,True
1886-07-18,AL041886,UNNAMED,HU,Category 1,201.96,70.0,1,False,False,False,True,True
1886-07-19,AL041886,UNNAMED,TS,Tropical Storm,221.85,60.0,1,False,False,False,True,True
1886-08-18,AL051886,UNNAMED,HU,Category 1,334.14,80.0,1,False,False,False,False,True
1886-08-19,AL051886,UNNAMED,HU,Category 2,379.22,100.0,1,False,False,False,False,True
1886-08-23,AL061886,UNNAMED,HU,Category 2,495.02,85.0,1,False,False,False,False,True
1886-10-09,AL101886,UNNAMED,HU,Category 1,430.59,65.0,1,False,False,False,False,True
1886-10-10,AL101886,UNNAMED,HU,Category 2,280.39,85.0,1,False,False,False,True,True
1886-10-11,AL101886,UNNAMED,HU,Category 2,247.95,105.0,1,False,False,False,True,True
1886-10-12,AL101886,UNNAMED,HU,Category 3,383.91,105.0,1,False,False,False,False,True
1886-10-13,AL101886,UNNAMED,TS,Tropical Storm,472.0,65.0,1,False,False,False,False,True
1887-06-12,AL031887,UNNAMED,TS,Tropical Storm,360.24,35.0,1,False,False,False,False,True
1887-06-13,AL031887,UNNAMED,TS,Tropical Storm,183.72,35.0,1,False,False,True,True,True
1887-06-14,AL031887,UNNAMED,TS,Tropical Storm,177.49,35.0,1,False,False,True,True,True
1887-07-26,AL041887,UNNAMED,HU,Category 1,213.79,75.0,1,False,False,False,True,True
1887-07-27,AL041887,UNNAMED,HU,Category 1,55.29,75.0,1,False,True,True,True,True
1887-07-28,AL041887,UNNAMED,TS,Tropical Storm,151.54,40.0,1,False,False,True,True,True
1887-08-18,AL061887,UNNAMED,HU,Category 2,475.47,90.0,1,False,False,False,False,True
1887-08-19,AL061887,UNNAMED,HU,Category 3,405.7,100.0,1,False,False,False,False,True
1887-08-22,AL071887,UNNAMED,HU,Category 3,436.16,110.0,1,False,False,False,False,True
1887-08-23,AL071887,UNNAMED,HU,Category 3,431.57,110.0,1,False,False,False,False,True
1887-08-24,AL071887,UNNAMED,HU,Category 3,472.26,110.0,1,False,False,False,False,True
1887-10-15,AL131887,UNNAMED,HU,Category 1,469.24,75.0,1,False,False,False,False,True
1887-10-16,AL131887,UNNAMED,HU,Category 1,455.42,75.0,1,False,False,False,False,True
1887-10-17,AL131887,UNNAMED,HU,Category 1,410.91,75.0,1,False,False,False,False,True
1887-10-18,AL131887,UNNAMED,HU,Category 1,289.3,75.0,1,False,False,False,True,True
1887-10-19,AL131887,UNNAMED,TS,Tropical Storm,97.51,65.0,1,False,True,True,True,True
1887-10-20,AL131887,UNNAMED,TD,Tropical Depression,172.74,30.0,1,False,False,True,True,True
1887-10-29,AL161887,UNNAMED,TS,Tropical Storm,215.41,40.0,1,False,False,False,True,True
1887-10-30,AL161887,UNNAMED,TS,Tropical Storm,268.03,45.0,1,False,False,False,True,True
1888-06-15,AL011888,UNNAMED,TS,Tropical Storm,487.11,35.0,1,False,False,False,False,True
1888-08-16,AL031888,UNNAMED,HU,Category 2,400.04,110.0,1,False,False,False,False,True
1888-08-17,AL031888,UNNAMED,HU,Category 2,210.94,95.0,1,False,False,False,True,True
1888-08-18,AL031888,UNNAMED,HU,Category 2,231.71,95.0,1,False,False,False,True,True
1888-08-19,AL031888,UNNAMED,HU,Category 2,306.8,95.0,1,False,False,False,False,True
1888-08-20,AL031888,UNNAMED,HU,Category 1,316.49,70.0,1,False,False,False,False,True
1888-08-21,AL031888,UNNAMED,TS,Tropical Storm,456.36,50.0,1,False,False,False,False,True
1888-09-07,AL051888,UNNAMED,TS,Tropical Storm,415.9,45.0,1,False,False,False,False,True
1888-09-08,AL051888,UNNAMED,TS,Tropical Storm,215.92,45.0,1,False,False,False,True,True
1888-09-09,AL051888,UNNAMED,TS,Tropical Storm,169.15,50.0,1,False,False,True,True,True
1888-09-10,AL051888,UNNAMED,TS,Tropical Storm,397.84,35.0,1,False,False,False,False,True
1888-09-23,AL061888,UNNAMED,TS,Tropical Storm,440.02,40.0,1,False,False,False,False,True
1888-09-24,AL061888,UNNAMED,TS,Tropical Storm,434.49,45.0,1,False,False,False,False,True
1888-09-25,AL061888,UNNAMED,TS,Tropical Storm,491.89,50.0,1,False,False,False,False,True
1888-10-09,AL071888,UNNAMED,HU,Category 1,347.12,80.0,1,False,False,False,False,True
1888-10-10,AL071888,UNNAMED,HU,Category 2,165.43,95.0,1,False,False,True,True,True
1888-10-11,AL071888,UNNAMED,HU,Category 1,265.49,70.0,1,False,False,False,True,True
1889-06-16,AL021889,UNNAMED,TS,Tropical Storm,246.55,60.0,1,False,False,False,True,True
1889-06-17,AL021889,UNNAMED,TS,Tropical Storm,170.68,45.0,1,False,False,True,True,True
1889-06-18,AL021889,UNNAMED,TS,Tropical Storm,384.94,40.0,1,False,False,False,False,True
1889-09-22,AL061889,UNNAMED,HU,Category 1,254.51,85.0,1,False,False,False,True,True
1889-09-23,AL061889,UNNAMED,TS,Tropical Storm,85.85,65.0,1,False,True,True,True,True
1889-09-24,AL061889,UNNAMED,TS,Tropical Storm,376.08,45.0,1,False,False,False,False,True
1889-10-05,AL091889,UNNAMED,TS,Tropical Storm,450.61,40.0,1,False,False,False,False,True
1889-10-06,AL091889,UNNAMED,TS,Tropical Storm,395.13,45.0,1,False,False,False,False,True
1890-05-28,AL011890,UNNAMED,TS,Tropical Storm,432.23,45.0,1,False,False,False,False,True
1890-05-29,AL011890,UNNAMED,TS,Tropical Storm,345.01,50.0,1,False,False,False,False,True
1890-08-26,AL021890,UNNAMED,TS,Tropical Storm,430.04,50.0,1,False,False,False,False,True
1890-08-27,AL021890,UNNAMED,TS,Tropical Storm,298.54,50.0,1,False,False,False,True,True
1890-08-28,AL021890,UNNAMED,TD,Tropical Depression,366.25,30.0,1,False,False,False,False,True
1891-07-07,AL011891,UNNAMED,TD,Tropical Depression,386.29,40.0,1,False,False,False,False,True
1891-07-08,AL011891,UNNAMED,TD,Tropical Depression,363.97,25.0,1,False,False,False,False,True
1891-08-24,AL031891,UNNAMED,TS,Tropical Storm,394.81,70.0,1,False,False,False,False,True
1891-08-25,AL031891,UNNAMED,TS,Tropical Storm,277.04,45.0,1,False,False,False,True,True
1891-10-06,AL071891,UNNAMED,TS,Tropical Storm,499.78,40.0,1,False,False,False,False,True
1891-10-07,AL071891,UNNAMED,TS,Tropical Storm,389.99,45.0,1,False,False,False,False,True
1891-10-08,AL071891,UNNAMED,TS,Tropical Storm,455.36,40.0,1,False,False,False,False,True
1891-10-09,AL081891,UNNAMED,EX,Tropical Depression,335.37,40.0,1,False,False,False,False,True
1891-10-10,AL081891,UNNAMED,EX,Tropical Depression,325.73,30.0,1,False,False,False,False,True
1892-06-10,AL011892,UNNAMED,TS,Tropical Storm,402.99,40.0,1,False,False,False,False,True
1892-06-11,AL011892,UNNAMED,TS,Tropical Storm,438.19,35.0,1,False,False,False,False,True
1892-09-10,AL041892,UNNAMED,TS,Tropical Storm,482.37,50.0,1,False,False,False,False,True
1892-09-11,AL041892,UNNAMED,TS,Tropical Storm,353.1,50.0,1,False,False,False,False,True
1892-09-12,AL041892,UNNAMED,TS,Tropical Storm,196.14,50.0,1,False,False,True,True,True
1892-09-13,AL041892,UNNAMED,TS,Tropical Storm,319.27,40.0,1,False,False,False,False,True
1892-10-22,AL091892,UNNAMED,TS,Tropical Storm,367.46,45.0,1,False,False,False,False,True
1892-10-23,AL091892,UNNAMED,TS,Tropical Storm,223.26,45.0,1,False,False,False,True,True
1892-10-24,AL091892,UNNAMED,TS,Tropical Storm,216.48,45.0,1,False,False,False,True,True
1892-10-25,AL091892,UNNAMED,TS,Tropical Storm,413.41,35.0,1,False,False,False,False,True
1893-06-14,AL011893,UNNAMED,TS,Tropical Storm,286.11,60.0,1,False,False,False,True,True
1893-06-15,AL011893,UNNAMED,TS,Tropical Storm,108.5,60.0,1,False,False,True,True,True
1893-06-16,AL011893,UNNAMED,TS,Tropical Storm,273.32,50.0,1,False,False,False,True,True
1893-08-26,AL061893,UNNAMED,HU,Category 3,467.21,105.0,1,False,False,False,False,True
1893-08-27,AL061893,UNNAMED,HU,Category 3,295.21,105.0,1,False,False,False,True,True
1893-08-28,AL061893,UNNAMED,HU,Category 2,300.67,90.0,1,False,False,False,False,True
1893-09-06,AL081893,UNNAMED,HU,Category 2,425.62,85.0,1,False,False,False,False,True
1893-09-07,AL081893,UNNAMED,TS,Tropical Storm,257.5,85.0,1,False,False,False,True,True
1893-09-08,AL081893,UNNAMED,TS,Tropical Storm,243.23,45.0,1,False,False,False,True,True
1893-09-09,AL081893,UNNAMED,TD,Tropical Depression,319.22,30.0,1,False,False,False,False,True
1893-09-30,AL101893,UNNAMED,HU,Category 2,434.97,85.0,1,False,False,False,False,True
1893-10-01,AL101893,UNNAMED,HU,Category 4,311.2,115.0,1,False,False,False,False,True
1893-10-02,AL101893,UNNAMED,HU,Category 1,147.34,115.0,1,False,False,True,True,True
1893-10-03,AL101893,UNNAMED,TS,Tropical Storm,141.7,55.0,1,False,False,True,True,True
1893-10-04,AL101893,UNNAMED,TS,Tropical Storm,468.27,40.0,1,False,False,False,False,True
1893-10-12,AL091893,UNNAMED,HU,Category 3,313.05,105.0,1,False,False,False,False,True
1893-10-13,AL091893,UNNAMED,HU,Category 3,297.26,105.0,1,False,False,False,True,True
1893-10-22,AL111893,UNNAMED,TS,Tropical Storm,485.52,50.0,1,False,False,False,False,True
1894-08-05,AL021894,UNNAMED,TS,Tropical Storm,214.25,45.0,1,False,False,False,True,True
1894-08-06,AL021894,UNNAMED,TS,Tropical Storm,111.99,50.0,1,False,False,True,True,True
1894-08-07,AL021894,UNNAMED,TS,Tropical Storm,104.24,50.0,1,False,False,True,True,True
1894-08-08,AL021894,UNNAMED,TS,Tropical Storm,156.47,40.0,1,False,False,True,True,True
1894-08-09,AL021894,UNNAMED,TD,Tropical Depression,260.65,25.0,1,False,False,False,True,True
1894-09-25,AL041894,UNNAMED,HU,Category 1,299.8,90.0,1,False,False,False,True,True
1894-09-26,AL041894,UNNAMED,HU,Category 1,274.96,75.0,1,False,False,False,True,True
1894-09-27,AL041894,UNNAMED,HU,Category 1,324.62,80.0,1,False,False,False,False,True
1894-10-06,AL051894,UNNAMED,HU,Category 3,393.8,105.0,1,False,False,False,False,True
1894-10-07,AL051894,UNNAMED,HU,Category 3,292.67,105.0,1,False,False,False,True,True
1894-10-08,AL051894,UNNAMED,HU,Category 3,14.68,105.0,1,True,True,True,True,True
1894-10-09,AL051894,UNNAMED,HU,Category 2,73.11,85.0,1,False,True,True,True,True
1895-08-14,AL011895,UNNAMED,TS,Tropical Storm,314.04,45.0,1,False,False,False,False,True
1895-08-15,AL011895,UNNAMED,TS,Tropical Storm,222.87,50.0,1,False,False,False,True,True
1895-08-16,AL011895,UNNAMED,TS,Tropical Storm,175.56,45.0,1,False,False,True,True,True
1895-08-17,AL011895,UNNAMED,TD,Tropical Depression,199.91,30.0,1,False,False,True,True,True
1895-09-30,AL031895,UNNAMED,TS,Tropical Storm,437.04,50.0,1,False,False,False,False,True
1895-10-01,AL031895,UNNAMED,TS,Tropical Storm,443.52,50.0,1,False,False,False,False,True
1895-10-02,AL031895,UNNAMED,TS,Tropical Storm,496.24,50.0,1,False,False,False,False,True
1895-10-07,AL041895,UNNAMED,TD,Tropical Depression,435.02,25.0,1,False,False,False,False,True
1895-10-15,AL061895,UNNAMED,TS,Tropical Storm,374.38,35.0,1,False,False,False,False,True
1895-10-16,AL061895,UNNAMED,TS,Tropical Storm,373.81,35.0,1,False,False,False,False,True
1896-07-05,AL011896,UNNAMED,HU,Category 1,314.32,75.0,1,False,False,False,False,True
1896-07-06,AL011896,UNNAMED,HU,Category 2,127.9,85.0,1,False,False,True,True,True
1896-07-07,AL011896,UNNAMED,HU,Category 2,47.63,85.0,1,True,True,True,True,True
1896-07-08,AL011896,UNNAMED,TS,Tropical Storm,178.43,45.0,1,False,False,True,True,True
1896-09-28,AL041896,UNNAMED,HU,Category 3,335.59,110.0,1,False,False,False,False,True
1896-09-29,AL041896,UNNAMED,HU,Category 3,170.34,110.0,1,False,False,True,True,True
1896-10-07,AL051896,UNNAMED,TS,Tropical Storm,440.81,50.0,1,False,False,False,False,True
1896-10-08,AL051896,UNNAMED,TS,Tropical Storm,335.0,50.0,1,False,False,False,False,True
1896-10-09,AL051896,UNNAMED,TS,Tropical Storm,354.28,50.0,1,False,False,False,False,True
1896-10-10,AL051896,UNNAMED,TS,Tropical Storm,497.54,55.0,1,False,False,False,False,True
1897-09-10,AL021897,UNNAMED,HU,Category 1,406.73,65.0,1,False,False,False,False,True
1897-09-11,AL021897,UNNAMED,HU,Category 1,212.25,75.0,1,False,False,False,True,True
1897-09-12,AL021897,UNNAMED,HU,Category 1,207.39,75.0,1,False,False,False,True,True
1897-09-20,AL031897,UNNAMED,TS,Tropical Storm,315.31,60.0,1,False,False,False,False,True
1897-09-21,AL031897,UNNAMED,TS,Tropical Storm,289.94,50.0,1,False,False,False,True,True
1897-09-22,AL031897,UNNAMED,TS,Tropical Storm,409.09,55.0,1,False,False,False,False,True
1897-09-27,AL041897,UNNAMED,TS,Tropical Storm,374.84,40.0,1,False,False,False,False,True
1897-09-28,AL041897,UNNAMED,TS,Tropical Storm,245.68,40.0,1,False,False,False,True,True
1897-09-29,AL041897,UNNAMED,TS,Tropical Storm,228.45,40.0,1,False,False,False,True,True
1898-08-01,AL011898,UNNAMED,TS,Tropical Storm,400.28,35.0,1,False,False,False,False,True
1898-08-02,AL011898,UNNAMED,HU,Category 1,54.52,70.0,1,False,True,True,True,True
1898-08-03,AL011898,UNNAMED,TS,Tropical Storm,39.54,50.0,1,True,True,True,True,True
1898-08-30,AL021898,UNNAMED,HU,Category 1,341.58,75.0,1,False,False,False,False,True
1898-08-31,AL021898,UNNAMED,TS,Tropical Storm,230.89,75.0,1,False,False,False,True,True
1898-09-01,AL021898,UNNAMED,TS,Tropical Storm,186.55,40.0,1,False,False,True,True,True
1898-09-19,AL051898,UNNAMED,TS,Tropical Storm,471.49,50.0,1,False,False,False,False,True
1898-09-20,AL051898,UNNAMED,TS,Tropical Storm,398.56,50.0,1,False,False,False,False,True
1898-09-21,AL051898,UNNAMED,TS,Tropical Storm,392.98,35.0,1,False,False,False,False,True
1898-10-01,AL071898,UNNAMED,HU,Category 4,422.72,115.0,1,False,False,False,False,True
1898-10-02,AL071898,UNNAMED,HU,Category 1,198.22,115.0,1,False,False,True,True,True
1898-10-03,AL071898,UNNAMED,TS,Tropical Storm,199.48,45.0,1,False,False,True,True,True
1898-10-04,AL071898,UNNAMED,TD,Tropical Depression,445.43,30.0,1,False,False,False,False,True
1898-10-11,AL091898,UNNAMED,TS,Tropical Storm,489.47,60.0,1,False,False,False,False,True
1899-06-26,AL011899,UNNAMED,TS,Tropical Storm,475.9,35.0,1,False,False,False,False,True
1899-07-30,AL021899,UNNAMED,TS,Tropical Storm,336.79,45.0,1,False,False,False,False,True
1899-07-31,AL021899,UNNAMED,HU,Category 2,159.88,85.0,1,False,False,True,True,True
1899-08-01,AL021899,UNNAMED,TS,Tropical Storm,36.9,85.0,1,True,True,True,True,True
1899-08-02,AL021899,UNNAMED,TS,Tropical Storm,60.95,45.0,1,False,True,True,True,True
1899-08-13,AL031899,UNNAMED,HU,Category 3,424.91,105.0,1,False,False,False,False,True
1899-08-14,AL031899,UNNAMED,HU,Category 3,404.06,105.0,1,False,False,False,False,True
1899-08-15,AL031899,UNNAMED,HU,Category 3,442.83,105.0,1,False,False,False,False,True
1899-10-03,AL061899,UNNAMED,TS,Tropical Storm,330.33,50.0,1,False,False,False,False,True
1899-10-04,AL061899,UNNAMED,TS,Tropical Storm,161.47,50.0,1,False,False,True,True,True
1899-10-05,AL061899,UNNAMED,TS,Tropical Storm,209.7,50.0,1,False,False,False,True,True
1899-10-06,AL061899,UNNAMED,EX,Tropical Storm,465.99,40.0,1,False,False,False,False,True
1899-10-30,AL091899,UNNAMED,HU,Category 2,428.4,95.0,1,False,False,False,False,True
1899-10-31,AL091899,UNNAMED,HU,Category 2,440.17,95.0,1,False,False,False,False,True
1900-09-05,AL011900,UNNAMED,TS,Tropical Storm,466.6,60.0,1,False,False,False,False,True
1900-09-06,AL011900,UNNAMED,HU,Category 2,252.09,95.0,1,False,False,False,True,True
1900-09-07,AL011900,UNNAMED,HU,Category 3,251.12,125.0,1,False,False,False,True,True
1900-09-08,AL011900,UNNAMED,HU,Category 4,390.23,125.0,1,False,False,False,False,True
1900-09-11,AL041900,UNNAMED,TS,Tropical Storm,462.69,45.0,1,False,False,False,False,True
1900-09-12,AL041900,UNNAMED,TS,Tropical Storm,282.7,45.0,1,False,False,False,True,True
1900-09-13,AL041900,UNNAMED,TD,Tropical Depression,164.41,40.0,1,False,False,True,True,True
1900-09-14,AL041900,UNNAMED,TD,Tropical Depression,155.28,30.0,1,False,False,True,True,True
1900-09-15,AL041900,UNNAMED,TD,Tropical Depression,219.79,25.0,1,False,False,False,True,True
1900-10-10,AL061900,UNNAMED,TS,Tropical Storm,458.65,35.0,1,False,False,False,False,True
1900-10-11,AL061900,UNNAMED,TS,Tropical Storm,111.9,40.0,1,False,False,True,True,True
1900-10-12,AL061900,UNNAMED,TS,Tropical Storm,199.31,35.0,1,False,False,True,True,True
1901-06-12,AL011901,UNNAMED,TS,Tropical Storm,279.97,35.0,1,False,False,False,True,True
1901-06-13,AL011901,UNNAMED,TD,Tropical Depression,66.68,35.0,1,False,True,True,True,True
1901-06-14,AL011901,UNNAMED,TD,Tropical Depression,109.87,30.0,1,False,False,True,True,True
1901-06-15,AL011901,UNNAMED,TD,Tropical Depression,405.73,25.0,1,False,False,False,False,True
1901-07-08,AL021901,UNNAMED,TS,Tropical Storm,454.54,60.0,1,False,False,False,False,True
1901-07-09,AL021901,UNNAMED,TS,Tropical Storm,437.7,60.0,1,False,False,False,False,True
1901-07-13,AL031901,UNNAMED,TD,Tropical Depression,456.2,35.0,1,False,False,False,False,True
1901-08-10,AL041901,UNNAMED,TS,Tropical Storm,413.97,40.0,1,False,False,False,False,True
1901-08-11,AL041901,UNNAMED,TS,Tropical Storm,253.69,50.0,1,False,False,False,True,True
1901-08-12,AL041901,UNNAMED,HU,Category 1,182.47,75.0,1,False,False,True,True,True
1901-08-13,AL041901,UNNAMED,HU,Category 1,182.11,80.0,1,False,False,True,True,True
1901-08-14,AL041901,UNNAMED,HU,Category 1,231.59,80.0,1,False,False,False,True,True
1901-08-15,AL041901,UNNAMED,TS,Tropical Storm,164.41,75.0,1,False,False,True,True,True
1901-08-16,AL041901,UNNAMED,TS,Tropical Storm,169.71,45.0,1,False,False,True,True,True
1901-08-17,AL041901,UNNAMED,EX,Tropical Depression,418.56,30.0,1,False,False,False,False,True
1901-09-16,AL081901,UNNAMED,TS,Tropical Storm,301.83,55.0,1,False,False,False,False,True
1901-09-17,AL081901,UNNAMED,TS,Tropical Storm,55.29,50.0,1,False,True,True,True,True
1901-09-18,AL081901,UNNAMED,TS,Tropical Storm,214.1,35.0,1,False,False,False,True,True
1901-09-26,AL101901,UNNAMED,TS,Tropical Storm,484.45,40.0,1,False,False,False,False,True
1901-09-27,AL101901,UNNAMED,TS,Tropical Storm,69.37,40.0,1,False,True,True,True,True
1901-09-28,AL101901,UNNAMED,TS,Tropical Storm,80.34,35.0,1,False,True,True,True,True
1902-06-13,AL011902,UNNAMED,TS,Tropical Storm,322.03,50.0,1,False,False,False,False,True
1902-06-14,AL011902,UNNAMED,TS,Tropical Storm,123.57,50.0,1,False,False,True,True,True
1902-06-15,AL011902,UNNAMED,TS,Tropical Storm,162.2,40.0,1,False,False,True,True,True
1902-10-09,AL041902,UNNAMED,HU,Category 1,340.07,80.0,1,False,False,False,False,True
1902-10-10,AL041902,UNNAMED,TS,Tropical Storm,92.2,60.0,1,False,True,True,True,True
1902-10-11,AL041902,UNNAMED,EX,Tropical Storm,164.4,35.0,1,False,False,True,True,True
1903-09-11,AL031903,UNNAMED,HU,Category 1,427.61,75.0,1,False,False,False,False,True
1903-09-12,AL031903,UNNAMED,TS,Tropical Storm,190.01,60.0,1,False,False,True,True,True
1903-09-13,AL031903,UNNAMED,HU,Category 1,7.96,80.0,1,True,True,True,True,True
1903-09-14,AL031903,UNNAMED,TS,Tropical Storm,61.3,60.0,1,False,True,True,True,True
1903-09-15,AL031903,UNNAMED,TS,Tropical Storm,178.08,35.0,1,False,False,True,True,True
1903-09-16,AL031903,UNNAMED,TD,Tropical Depression,280.4,30.0,1,False,False,False,True,True
1904-09-13,AL021904,UNNAMED,HU,Category 1,461.61,70.0,1,False,False,False,False,True
1904-09-14,AL021904,UNNAMED,HU,Category 1,434.78,70.0,1,False,False,False,False,True
1904-10-17,AL041904,UNNAMED,TS,Tropical Storm,391.18,70.0,1,False,False,False,False,True
1904-10-18,AL041904,UNNAMED,TS,Tropical Storm,307.42,40.0,1,False,False,False,False,True
1904-10-19,AL041904,UNNAMED,TS,Tropical Storm,309.05,35.0,1,False,False,False,False,True
1904-10-20,AL041904,UNNAMED,TS,Tropical Storm,412.64,35.0,1,False,False,False,False,True
1904-11-02,AL061904,UNNAMED,TS,Tropical Storm,250.04,40.0,1,False,False,False,True,True
1904-11-03,AL061904,UNNAMED,TS,Tropical Storm,59.17,35.0,1,False,True,True,True,True
1904-11-04,AL061904,UNNAMED,TD,Tropical Depression,367.79,30.0,1,False,False,False,False,True
1905-09-27,AL031905,UNNAMED,TS,Tropical Storm,476.65,45.0,1,False,False,False,False,True
1905-09-28,AL031905,UNNAMED,TS,Tropical Storm,430.83,45.0,1,False,False,False,False,True
1905-09-29,AL031905,UNNAMED,TS,Tropical Storm,325.17,45.0,1,False,False,False,False,True
1905-09-30,AL031905,UNNAMED,TS,Tropical Storm,378.28,35.0,1,False,False,False,False,True
1905-10-08,AL051905,UNNAMED,TS,Tropical Storm,443.29,45.0,1,False,False,False,False,True
1905-10-09,AL051905,UNNAMED,TS,Tropical Storm,286.97,45.0,1,False,False,False,True,True
1905-10-10,AL051905,UNNAMED,EX,Tropical Depression,273.48,30.0,1,False,False,False,True,True
1905-10-11,AL051905,UNNAMED,EX,Tropical Depression,474.24,25.0,1,False,False,False,False,True
1906-06-09,AL011906,UNNAMED,TS,Tropical Storm,440.28,45.0,1,False,False,False,False,True
1906-06-10,AL011906,UNNAMED,TS,Tropical Storm,306.68,45.0,1,False,False,False,False,True
1906-06-11,AL011906,UNNAMED,TS,Tropical Storm,182.47,45.0,1,False,False,True,True,True
1906-06-12,AL011906,UNNAMED,TS,Tropical Storm,7.96,45.0,1,True,True,True,True,True
1906-06-13,AL011906,UNNAMED,TS,Tropical Storm,115.75,35.0,1,False,False,True,True,True
1906-06-16,AL021906,UNNAMED,HU,Category 1,470.13,70.0,1,False,False,False,False,True
1906-06-17,AL021906,UNNAMED,HU,Category 1,450.85,75.0,1,False,False,False,False,True
1906-09-17,AL051906,UNNAMED,TS,Tropical Storm,418.92,80.0,1,False,False,False,False,True
1906-09-18,AL051906,UNNAMED,TD,Tropical Depression,372.41,40.0,1,False,False,False,False,True
1906-09-25,AL061906,UNNAMED,HU,Category 3,378.61,105.0,1,False,False,False,False,True
1906-09-26,AL061906,UNNAMED,HU,Category 3,176.95,105.0,1,False,False,True,True,True
1906-09-27,AL061906,UNNAMED,HU,Category 2,167.79,95.0,1,False,False,True,True,True
1906-09-28,AL061906,UNNAMED,TS,Tropical Storm,330.43,40.0,1,False,False,False,False,True
1906-10-16,AL091906,UNNAMED,TS,Tropical Storm,462.65,40.0,1,False,False,False,False,True
1906-10-17,AL091906,UNNAMED,TD,Tropical Depression,321.87,35.0,1,False,False,False,False,True
1906-10-18,AL081906,UNNAMED,HU,Category 2,450.2,105.0,1,False,False,False,False,True
1906-10-19,AL081906,UNNAMED,HU,Category 1,461.71,85.0,1,False,False,False,False,True
1906-10-20,AL081906,UNNAMED,TS,Tropical Storm,334.12,75.0,1,False,False,False,False,True
1906-10-21,AL081906,UNNAMED,TS,Tropical Storm,257.22,50.0,1,False,False,False,True,True
1906-10-22,AL081906,UNNAMED,TD,Tropical Depression,312.58,30.0,1,False,False,False,False,True
1906-10-23,AL081906,UNNAMED,TD,Tropical Depression,488.76,25.0,1,False,False,False,False,True
1907-06-27,AL011907,UNNAMED,TS,Tropical Storm,318.97,45.0,1,False,False,False,False,True
1907-06-28,AL011907,UNNAMED,TS,Tropical Storm,12.79,50.0,1,True,True,True,True,True
1907-06-29,AL011907,UNNAMED,TS,Tropical Storm,140.76,55.0,1,False,False,True,True,True
1907-09-18,AL021907,UNNAMED,TD,Tropical Depression,385.52,30.0,1,False,False,False,False,True
1907-09-19,AL021907,UNNAMED,TS,Tropical Storm,181.42,40.0,1,False,False,True,True,True
1907-09-20,AL021907,UNNAMED,TS,Tropical Storm,147.53,40.0,1,False,False,True,True,True
1907-09-21,AL021907,UNNAMED,TS,Tropical Storm,183.21,40.0,1,False,False,True,True,True
1907-09-22,AL021907,UNNAMED,TS,Tropical Storm,175.66,35.0,1,False,False,True,True,True
1907-09-23,AL021907,UNNAMED,EX,Tropical Storm,353.9,35.0,1,False,False,False,False,True
1907-09-27,AL031907,UNNAMED,TS,Tropical Storm,457.17,35.0,1,False,False,False,False,True
1907-09-28,AL031907,UNNAMED,TS,Tropical Storm,2.49,45.0,1,True,True,True,True,True
1907-09-29,AL031907,UNNAMED,TS,Tropical Storm,254.7,35.0,1,False,False,False,True,True
1908-05-26,AL021908,UNNAMED,TS,Tropical Storm,490.81,40.0,1,False,False,False,False,True
1908-05-27,AL021908,UNNAMED,TS,Tropical Storm,372.32,60.0,1,False,False,False,False,True
1908-05-28,AL021908,UNNAMED,HU,Category 1,418.44,65.0,1,False,False,False,False,True
1908-07-26,AL031908,UNNAMED,TS,Tropical Storm,475.45,35.0,1,False,False,False,False,True
1908-07-27,AL031908,UNNAMED,TS,Tropical Storm,465.37,35.0,1,False,False,False,False,True
1908-07-28,AL041908,UNNAMED,TD,Tropical Depression,496.75,30.0,1,False,False,False,False,True
1908-07-29,AL041908,UNNAMED,TS,Tropical Storm,396.21,65.0,2,False,False,False,False,True
1908-07-30,AL041908,UNNAMED,TS,Tropical Storm,358.74,70.0,2,False,False,False,False,True
1908-07-31,AL041908,UNNAMED,TS,Tropical Storm,355.33,50.0,1,False,False,False,False,True
1908-08-01,AL041908,UNNAMED,TS,Tropical Storm,416.53,35.0,1,False,False,False,False,True
1908-08-02,AL041908,UNNAMED,TD,Tropical Depression,366.42,30.0,1,False,False,False,False,True
1908-08-03,AL041908,UNNAMED,TD,Tropical Depression,362.2,25.0,1,False,False,False,False,True
1908-09-16,AL071908,UNNAMED,TS,Tropical Storm,475.36,45.0,1,False,False,False,False,True
1908-09-17,AL071908,UNNAMED,TS,Tropical Storm,481.58,55.0,1,False,False,False,False,True
1908-09-18,AL071908,UNNAMED,TD,Tropical Depression,471.92,25.0,1,False,False,False,False,True
1908-10-23,AL101908,UNNAMED,EX,Tropical Depression,394.63,35.0,1,False,False,False,False,True
1909-06-25,AL021909,UNNAMED,TS,Tropical Storm,292.26,35.0,1,False,False,False,True,True
1909-06-26,AL021909,UNNAMED,TS,Tropical Storm,248.91,45.0,1,False,False,False,True,True
1909-06-27,AL021909,UNNAMED,TS,Tropical Storm,326.19,50.0,1,False,False,False,False,True
1909-06-28,AL031909,UNNAMED,TS,Tropical Storm,404.8,50.0,2,False,False,False,False,True
1909-06-29,AL031909,UNNAMED,TS,Tropical Storm,186.99,35.0,1,False,False,True,True,True
1909-06-30,AL031909,UNNAMED,TD,Tropical Depression,75.82,35.0,1,False,True,True,True,True
1909-07-01,AL031909,UNNAMED,TD,Tropical Depression,74.94,30.0,1,False,True,True,True,True
1909-07-02,AL031909,UNNAMED,TD,Tropical Depression,167.63,25.0,1,False,False,True,True,True
1909-07-03,AL031909,UNNAMED,TD,Tropical Depression,336.04,30.0,1,False,False,False,False,True
1909-07-18,AL041909,UNNAMED,HU,Category 1,492.4,70.0,1,False,False,False,False,True
1909-07-19,AL041909,UNNAMED,HU,Category 1,338.57,70.0,1,False,False,False,False,True
1909-07-20,AL041909,UNNAMED,HU,Category 1,342.84,80.0,1,False,False,False,False,True
1909-07-21,AL041909,UNNAMED,HU,Category 2,487.18,90.0,1,False,False,False,False,True
1909-08-21,AL071909,UNNAMED,TD,Tropical Depression,492.29,25.0,1,False,False,False,False,True
1909-08-22,AL071909,UNNAMED,TS,Tropical Storm,395.29,35.0,1,False,False,False,False,True
1909-08-23,AL071909,UNNAMED,TS,Tropical Storm,393.88,45.0,1,False,False,False,False,True
1909-08-29,AL081909,UNNAMED,TD,Tropical Depression,358.39,45.0,1,False,False,False,False,True
1909-08-30,AL081909,UNNAMED,TD,Tropical Depression,289.52,35.0,1,False,False,False,True,True
1909-08-31,AL081909,UNNAMED,TS,Tropical Storm,360.32,35.0,1,False,False,False,False,True
1909-09-18,AL091909,UNNAMED,HU,Category 2,461.63,95.0,1,False,False,False,False,True
1909-09-19,AL091909,UNNAMED,HU,Category 3,382.76,105.0,1,False,False,False,False,True
1909-09-20,AL091909,UNNAMED,HU,Category 3,336.66,105.0,1,False,False,False,False,True
1909-09-21,AL091909,UNNAMED,HU,Category 1,365.18,75.0,1,False,False,False,False,True
1909-09-24,AL101909,UNNAMED,TD,Tropical Depression,448.82,30.0,1,False,False,False,False,True
1909-09-25,AL101909,UNNAMED,TD,Tropical Depression,368.32,30.0,1,False,False,False,False,True
1909-09-26,AL101909,UNNAMED,TD,Tropical Depression,392.81,40.0,1,False,False,False,False,True
1909-09-27,AL101909,UNNAMED,TS,Tropical Storm,482.77,45.0,1,False,False,False,False,True
1909-10-11,AL111909,UNNAMED,HU,Category 3,473.86,105.0,1,False,False,False,False,True
1910-08-26,AL011910,UNNAMED,EX,Tropical Storm,404.83,35.0,2,False,False,False,False,True
1910-08-27,AL011910,UNNAMED,EX,Tropical Storm,402.92,40.0,2,False,False,False,False,True
1910-09-11,AL031910,UNNAMED,HU,Category 2,477.8,90.0,1,False,False,False,False,True
1910-09-12,AL031910,UNNAMED,HU,Category 2,456.78,95.0,1,False,False,False,False,True
1910-09-13,AL031910,UNNAMED,HU,Category 2,480.28,95.0,1,False,False,False,False,True
1910-10-14,AL051910,UNNAMED,HU,Category 2,458.21,90.0,1,False,False,False,False,True
1910-10-15,AL051910,UNNAMED,HU,Category 2,446.19,100.0,1,False,False,False,False,True
1910-10-16,AL051910,UNNAMED,HU,Category 3,478.9,120.0,1,False,False,False,False,True
1910-10-17,AL051910,UNNAMED,HU,Category 3,385.49,120.0,1,False,False,False,False,True
1910-10-18,AL051910,UNNAMED,TS,Tropical Storm,238.65,95.0,1,False,False,False,True,True
1910-10-19,AL051910,UNNAMED,TS,Tropical Storm,228.91,60.0,1,False,False,False,True,True
1910-10-20,AL051910,UNNAMED,TS,Tropical Storm,487.31,60.0,1,False,False,False,False,True
1911-08-04,AL011911,UNNAMED,TD,Tropical Depression,62.55,20.0,1,False,True,True,True,True
1911-08-05,AL011911,UNNAMED,TD,Tropical Depression,202.87,25.0,1,False,False,False,True,True
1911-08-06,AL011911,UNNAMED,TD,Tropical Depression,445.25,25.0,1,False,False,False,False,True
1911-08-08,AL021911,UNNAMED,TD,Tropical Depression,369.28,30.0,1,False,False,False,False,True
1911-08-09,AL021911,UNNAMED,TS,Tropical Storm,281.97,40.0,1,False,False,False,True,True
1911-08-10,AL021911,UNNAMED,TS,Tropical Storm,107.22,60.0,1,False,False,True,True,True
1911-08-11,AL021911,UNNAMED,HU,Category 1,63.21,70.0,1,False,True,True,True,True
1911-08-12,AL021911,UNNAMED,TS,Tropical Storm,156.69,55.0,1,False,False,True,True,True
1911-08-13,AL021911,UNNAMED,TD,Tropical Depression,354.38,30.0,1,False,False,False,False,True
1911-08-27,AL031911,UNNAMED,HU,Category 2,385.17,85.0,1,False,False,False,False,True
1911-08-28,AL031911,UNNAMED,TS,Tropical Storm,270.59,85.0,1,False,False,False,True,True
1911-08-29,AL031911,UNNAMED,TD,Tropical Depression,186.96,35.0,1,False,False,True,True,True
1911-08-30,AL031911,UNNAMED,TD,Tropical Depression,225.97,30.0,1,False,False,False,True,True
1911-08-31,AL031911,UNNAMED,EX,Tropical Depression,478.31,25.0,1,False,False,False,False,True
1911-10-30,AL061911,UNNAMED,TS,Tropical Storm,389.31,45.0,1,False,False,False,False,True
1911-10-31,AL061911,UNNAMED,EX,Tropical Storm,186.68,45.0,1,False,False,True,True,True
1912-06-07,AL011912,UNNAMED,TS,Tropical Storm,200.87,40.0,1,False,False,False,True,True
1912-06-08,AL011912,UNNAMED,TS,Tropical Storm,218.49,50.0,1,False,False,False,True,True
1912-06-09,AL011912,UNNAMED,TS,Tropical Storm,292.67,60.0,1,False,False,False,True,True
1912-06-10,AL011912,UNNAMED,TS,Tropical Storm,402.2,60.0,1,False,False,False,False,True
1912-06-11,AL011912,UNNAMED,TS,Tropical Storm,429.16,60.0,1,False,False,False,False,True
1912-06-12,AL011912,UNNAMED,TS,Tropical Storm,353.55,60.0,1,False,False,False,False,True
1912-06-13,AL011912,UNNAMED,TS,Tropical Storm,194.53,55.0,1,False,False,True,True,True
1912-06-14,AL011912,UNNAMED,EX,Tropical Storm,244.11,35.0,1,False,False,False,True,True
1912-07-14,AL021912,UNNAMED,TS,Tropical Storm,413.94,40.0,1,False,False,False,False,True
1912-07-15,AL021912,UNNAMED,TS,Tropical Storm,176.06,45.0,1,False,False,True,True,True
1912-07-16,AL021912,UNNAMED,TD,Tropical Depression,82.33,35.0,1,False,True,True,True,True
1912-07-17,AL021912,UNNAMED,TD,Tropical Depression,188.31,20.0,1,False,False,True,True,True
1912-09-05,AL031912,UNNAMED,TD,Tropical Depression,411.74,30.0,1,False,False,False,False,True
1912-09-06,AL031912,UNNAMED,TD,Tropical Depression,109.22,30.0,1,False,False,True,True,True
1912-09-10,AL041912,UNNAMED,TS,Tropical Storm,107.27,40.0,1,False,False,True,True,True
1912-09-11,AL041912,UNNAMED,TS,Tropical Storm,89.26,60.0,1,False,True,True,True,True
1912-09-12,AL041912,UNNAMED,HU,Category 1,105.38,80.0,1,False,False,True,True,True
1912-09-13,AL041912,UNNAMED,HU,Category 1,123.18,80.0,1,False,False,True,True,True
1912-09-14,AL041912,UNNAMED,HU,Category 1,153.61,65.0,1,False,False,True,True,True
1912-09-15,AL041912,UNNAMED,TD,Tropical Depression,373.41,30.0,1,False,False,False,False,True
1912-10-03,AL051912,UNNAMED,EX,Tropical Depression,98.55,30.0,1,False,True,True,True,True
1912-10-04,AL051912,UNNAMED,EX,Tropical Depression,121.58,35.0,1,False,False,True,True,True
1912-10-05,AL051912,UNNAMED,EX,Tropical Storm,475.73,40.0,1,False,False,False,False,True
1913-06-26,AL011913,UNNAMED,TS,Tropical Storm,473.92,55.0,1,False,False,False,False,True
1913-09-03,AL041913,UNNAMED,TD,Tropical Depression,486.9,30.0,1,False,False,False,False,True
1913-09-04,AL041913,UNNAMED,TD,Tropical Depression,329.11,25.0,1,False,False,False,False,True
1913-10-08,AL051913,UNNAMED,TS,Tropical Storm,395.8,65.0,1,False,False,False,False,True
1913-10-09,AL051913,UNNAMED,TS,Tropical Storm,394.2,35.0,1,False,False,False,False,True
1913-10-10,AL051913,UNNAMED,TS,Tropical Storm,450.69,35.0,1,False,False,False,False,True
1914-09-16,AL011914,UNNAMED,TS,Tropical Storm,337.72,60.0,1,False,False,False,False,True
1914-09-17,AL011914,UNNAMED,TS,Tropical Storm,70.17,60.0,1,False,True,True,True,True
1914-09-18,AL011914,UNNAMED,TS,Tropical Storm,80.06,35.0,1,False,True,True,True,True
1914-09-19,AL011914,UNNAMED,TD,Tropical Depression,476.58,25.0,1,False,False,False,False,True
1915-07-31,AL011915,UNNAMED,TS,Tropical Storm,423.36,55.0,1,False,False,False,False,True
1915-08-01,AL011915,UNNAMED,TS,Tropical Storm,281.15,65.0,1,False,False,False,True,True
1915-08-02,AL011915,UNNAMED,TS,Tropical Storm,222.6,45.0,1,False,False,False,True,True
1915-08-03,AL011915,UNNAMED,TS,Tropical Storm,287.16,40.0,1,False,False,False,True,True
1915-08-15,AL021915,UNNAMED,HU,Category 4,430.97,120.0,1,False,False,False,False,True
1915-08-16,AL021915,UNNAMED,HU,Category 4,421.76,115.0,1,False,False,False,False,True
1915-09-03,AL041915,UNNAMED,HU,Category 1,209.81,80.0,1,False,False,False,True,True
1915-09-04,AL041915,UNNAMED,HU,Category 1,20.38,80.0,1,True,True,True,True,True
1915-09-05,AL041915,UNNAMED,TD,Tropical Depression,362.53,30.0,1,False,False,False,False,True
1915-09-28,AL061915,UNNAMED,HU,Category 4,349.36,125.0,1,False,False,False,False,True
1915-09-29,AL061915,UNNAMED,HU,Category 1,267.15,120.0,1,False,False,False,True,True
1915-09-30,AL061915,UNNAMED,EX,Tropical Storm,258.98,60.0,1,False,False,False,True,True
1915-10-01,AL061915,UNNAMED,EX,Tropical Storm,443.72,35.0,1,False,False,False,False,True
1916-05-14,AL011916,UNNAMED,TS,Tropical Storm,281.77,40.0,1,False,False,False,True,True
1916-05-15,AL011916,UNNAMED,TS,Tropical Storm,225.93,35.0,1,False,False,False,True,True
1916-05-16,AL011916,UNNAMED,TS,Tropical Storm,335.43,35.0,1,False,False,False,False,True
1916-07-04,AL021916,UNNAMED,HU,Category 2,281.03,90.0,1,False,False,False,True,True
1916-07-05,AL021916,UNNAMED,HU,Category 3,136.7,105.0,1,False,False,True,True,True
1916-07-06,AL021916,UNNAMED,TS,Tropical Storm,243.23,55.0,1,False,False,False,True,True
1916-07-07,AL021916,UNNAMED,TS,Tropical Storm,295.61,40.0,1,False,False,False,True,True
1916-07-08,AL021916,UNNAMED,TS,Tropical Storm,218.53,40.0,1,False,False,False,True,True
1916-07-09,AL021916,UNNAMED,TD,Tropical Depression,248.54,30.0,1,False,False,False,True,True
1916-07-10,AL021916,UNNAMED,TD,Tropical Depression,323.02,20.0,1,False,False,False,False,True
1916-07-13,AL041916,UNNAMED,HU,Category 3,407.53,100.0,1,False,False,False,False,True
1916-07-14,AL041916,UNNAMED,TS,Tropical Storm,398.75,95.0,1,False,False,False,False,True
1916-07-15,AL041916,UNNAMED,TS,Tropical Storm,380.19,45.0,1,False,False,False,False,True
1916-08-25,AL071916,UNNAMED,TD,Tropical Depression,335.17,40.0,1,False,False,False,False,True
1916-08-26,AL071916,UNNAMED,TD,Tropical Depression,306.28,30.0,1,False,False,False,False,True
1916-09-05,AL091916,UNNAMED,TS,Tropical Storm,431.95,45.0,1,False,False,False,False,True
1916-10-04,AL121916,UNNAMED,TD,Tropical Depression,184.47,50.0,1,False,False,True,True,True
1916-10-17,AL141916,UNNAMED,HU,Category 2,319.8,90.0,1,False,False,False,False,True
1916-10-18,AL141916,UNNAMED,HU,Category 2,101.46,95.0,1,False,False,True,True,True
1916-10-19,AL141916,UNNAMED,TD,Tropical Depression,443.34,30.0,1,False,False,False,False,True
1916-11-15,AL151916,UNNAMED,EX,Tropical Storm,437.88,55.0,1,False,False,False,False,True
1917-09-26,AL041917,UNNAMED,HU,Category 4,382.83,120.0,1,False,False,False,False,True
1917-09-27,AL041917,UNNAMED,HU,Category 3,305.31,115.0,1,False,False,False,False,True
1917-09-28,AL041917,UNNAMED,HU,Category 3,55.29,105.0,1,False,True,True,True,True
1917-09-29,AL041917,UNNAMED,HU,Category 1,55.91,75.0,1,False,True,True,True,True
1917-09-30,AL041917,UNNAMED,EX,Tropical Depression,230.91,30.0,1,False,False,False,True,True
1918-08-05,AL011918,UNNAMED,HU,Category 2,412.84,90.0,1,False,False,False,False,True
1918-08-06,AL011918,UNNAMED,HU,Category 3,402.35,105.0,1,False,False,False,False,True
1919-07-02,AL011919,UNNAMED,TS,Tropical Storm,285.35,40.0,1,False,False,False,True,True
1919-07-03,AL011919,UNNAMED,TS,Tropical Storm,95.64,55.0,1,False,True,True,True,True
1919-07-04,AL011919,UNNAMED,TS,Tropical Storm,71.71,55.0,1,False,True,True,True,True
1919-07-05,AL011919,UNNAMED,TD,Tropical Depression,192.38,25.0,1,False,False,True,True,True
1919-09-09,AL021919,UNNAMED,HU,Category 4,460.06,130.0,1,False,False,False,False,True
1919-09-10,AL021919,UNNAMED,HU,Category 4,362.02,130.0,1,False,False,False,False,True
1919-09-11,AL021919,UNNAMED,HU,Category 4,318.21,130.0,1,False,False,False,False,True
1919-09-12,AL021919,UNNAMED,HU,Category 3,304.38,115.0,1,False,False,False,False,True
1919-09-13,AL021919,UNNAMED,HU,Category 4,406.71,125.0,1,False,False,False,False,True
1919-09-29,AL041919,UNNAMED,TS,Tropical Storm,489.19,35.0,1,False,False,False,False,True
1919-09-30,AL041919,UNNAMED,TS,Tropical Storm,273.54,40.0,1,False,False,False,True,True
1919-10-01,AL041919,UNNAMED,TD,Tropical Depression,96.34,35.0,1,False,True,True,True,True
1920-09-20,AL021920,UNNAMED,TS,Tropical Storm,488.86,55.0,1,False,False,False,False,True
1920-09-21,AL021920,UNNAMED,HU,Category 2,310.56,85.0,1,False,False,False,False,True
1920-09-22,AL021920,UNNAMED,TS,Tropical Storm,351.05,60.0,1,False,False,False,False,True
1920-09-25,AL051920,UNNAMED,TD,Tropical Depression,334.95,25.0,1,False,False,False,False,True
1920-09-26,AL051920,UNNAMED,TD,Tropical Depression,323.0,30.0,1,False,False,False,False,True
1920-09-27,AL051920,UNNAMED,TD,Tropical Depression,354.46,40.0,1,False,False,False,False,True
1920-09-28,AL051920,UNNAMED,TS,Tropical Storm,397.7,55.0,1,False,False,False,False,True
1920-09-29,AL051920,UNNAMED,HU,Category 1,212.25,75.0,1,False,False,False,True,True
1920-09-30,AL051920,UNNAMED,TS,Tropical Storm,155.33,55.0,1,False,False,True,True,True
1921-10-15,AL051921,UNNAMED,TD,Tropical Depression,321.66,30.0,1,False,False,False,False,True
1921-10-16,AL051921,UNNAMED,TS,Tropical Storm,345.82,45.0,1,False,False,False,False,True
1921-10-24,AL061921,UNNAMED,HU,Category 4,317.76,120.0,1,False,False,False,False,True
1921-10-25,AL061921,UNNAMED,HU,Category 3,225.5,115.0,1,False,False,False,True,True
1921-10-26,AL061921,UNNAMED,HU,Category 1,294.67,75.0,1,False,False,False,True,True
1921-11-25,AL071921,UNNAMED,TD,Tropical Depression,425.84,25.0,1,False,False,False,False,True
1922-09-17,AL031922,UNNAMED,TD,Tropical Depression,391.59,30.0,1,False,False,False,False,True
1922-09-18,AL031922,UNNAMED,TD,Tropical Depression,401.59,40.0,1,False,False,False,False,True
1922-09-19,AL031922,UNNAMED,TS,Tropical Storm,455.36,55.0,1,False,False,False,False,True
1922-10-14,AL051922,UNNAMED,TS,Tropical Storm,349.75,45.0,1,False,False,False,False,True
1922-10-15,AL051922,UNNAMED,TS,Tropical Storm,198.22,45.0,1,False,False,True,True,True
1922-10-16,AL051922,UNNAMED,TD,Tropical Depression,131.24,40.0,1,False,False,True,True,True
1922-10-17,AL051922,UNNAMED,TD,Tropical Depression,124.08,25.0,1,False,False,True,True,True
1923-06-25,AL011923,UNNAMED,TS,Tropical Storm,366.92,40.0,1,False,False,False,False,True
1923-06-26,AL011923,UNNAMED,TD,Tropical Depression,109.99,40.0,1,False,False,True,True,True
1923-06-27,AL011923,UNNAMED,TD,Tropical Depression,255.94,40.0,1,False,False,False,True,True
1923-10-15,AL061923,UNNAMED,HU,Category 1,377.98,70.0,1,False,False,False,False,True
1923-10-16,AL061923,UNNAMED,HU,Category 1,322.76,70.0,1,False,False,False,False,True
1923-10-17,AL081923,UNNAMED,TS,Tropical Storm,195.61,50.0,1,False,False,True,True,True
1923-10-18,AL081923,UNNAMED,TS,Tropical Storm,275.95,40.0,1,False,False,False,True,True
1924-07-28,AL021924,UNNAMED,TD,Tropical Depression,449.73,35.0,1,False,False,False,False,True
1924-08-24,AL031924,UNNAMED,HU,Category 2,472.21,95.0,1,False,False,False,False,True
1924-08-25,AL031924,UNNAMED,HU,Category 2,479.63,85.0,1,False,False,False,False,True
1924-09-12,AL051924,UNNAMED,TS,Tropical Storm,429.9,35.0,1,False,False,False,False,True
1924-09-13,AL051924,UNNAMED,TS,Tropical Storm,252.88,50.0,1,False,False,False,True,True
1924-09-14,AL051924,UNNAMED,HU,Category 1,108.94,65.0,1,False,False,True,True,True
1924-09-15,AL051924,UNNAMED,HU,Category 1,38.8,75.0,1,True,True,True,True,True
1924-09-16,AL051924,UNNAMED,TS,Tropical Storm,129.66,45.0,1,False,False,True,True,True
1924-09-28,AL081924,UNNAMED,TS,Tropical Storm,493.14,40.0,1,False,False,False,False,True
1924-09-29,AL081924,UNNAMED,TS,Tropical Storm,89.26,55.0,1,False,True,True,True,True
1924-09-30,AL081924,UNNAMED,EX,Tropical Storm,356.51,55.0,1,False,False,False,False,True
1924-10-11,AL091924,UNNAMED,TS,Tropical Storm,307.1,40.0,1,False,False,False,False,True
1924-10-12,AL091924,UNNAMED,TS,Tropical Storm,299.58,50.0,1,False,False,False,True,True
1924-10-19,AL101924,UNNAMED,HU,Category 4,476.73,130.0,1,False,False,False,False,True
1924-10-20,AL101924,UNNAMED,HU,Category 2,375.55,115.0,1,False,False,False,False,True
1924-10-21,AL101924,UNNAMED,HU,Category 1,410.35,70.0,1,False,False,False,False,True
1925-08-25,AL021925,UNNAMED,TD,Tropical Depression,462.24,30.0,1,False,False,False,False,True
1925-11-30,AL041925,UNNAMED,TS,Tropical Storm,352.39,55.0,1,False,False,False,False,True
1925-12-01,AL041925,UNNAMED,EX,Tropical Storm,341.73,80.0,1,False,False,False,False,True
1925-12-02,AL041925,UNNAMED,EX,Category 1,469.68,75.0,1,False,False,False,False,True
1926-07-27,AL011926,UNNAMED,HU,Category 2,384.86,95.0,1,False,False,False,False,True
1926-07-28,AL011926,UNNAMED,TS,Tropical Storm,188.48,90.0,1,False,False,True,True,True
1926-07-29,AL011926,UNNAMED,TS,Tropical Storm,148.6,40.0,1,False,False,True,True,True
1926-07-30,AL011926,UNNAMED,TD,Tropical Depression,227.21,25.0,1,False,False,False,True,True
1926-07-31,AL011926,UNNAMED,TD,Tropical Depression,377.91,25.0,1,False,False,False,False,True
1926-08-23,AL031926,UNNAMED,HU,Category 1,455.02,80.0,1,False,False,False,False,True
1926-08-24,AL031926,UNNAMED,HU,Category 3,384.13,100.0,1,False,False,False,False,True
1926-08-25,AL031926,UNNAMED,HU,Category 2,315.41,100.0,1,False,False,False,False,True
1926-08-26,AL031926,UNNAMED,HU,Category 1,315.65,70.0,1,False,False,False,False,True
1926-08-27,AL031926,UNNAMED,TD,Tropical Depression,495.6,30.0,1,False,False,False,False,True
1926-09-18,AL071926,UNNAMED,HU,Category 3,302.07,125.0,1,False,False,False,False,True
1926-09-19,AL071926,UNNAMED,HU,Category 3,78.95,110.0,1,False,True,True,True,True
1926-09-20,AL071926,UNNAMED,HU,Category 3,45.92,110.0,1,True,True,True,True,True
1926-09-21,AL071926,UNNAMED,HU,Category 1,142.02,65.0,1,False,False,True,True,True
1926-09-22,AL071926,UNNAMED,TD,Tropical Depression,357.38,30.0,1,False,False,False,False,True
1926-10-20,AL101926,UNNAMED,HU,Category 3,485.01,110.0,1,False,False,False,False,True
1926-10-21,AL101926,UNNAMED,HU,Category 3,482.97,110.0,1,False,False,False,False,True
1927-10-02,AL051927,UNNAMED,TS,Tropical Storm,407.92,50.0,1,False,False,False,False,True
1927-10-03,AL051927,UNNAMED,TS,Tropical Storm,354.78,50.0,1,False,False,False,False,True
1928-08-07,AL011928,UNNAMED,HU,Category 2,423.3,90.0,1,False,False,False,False,True
1928-08-08,AL011928,UNNAMED,TS,Tropical Storm,291.13,85.0,1,False,False,False,True,True
1928-08-09,AL011928,UNNAMED,TS,Tropical Storm,85.95,40.0,1,False,True,True,True,True
1928-08-10,AL011928,UNNAMED,TS,Tropical Storm,79.62,35.0,1,False,True,True,True,True
1928-08-11,AL011928,UNNAMED,EX,Tropical Depression,338.18,30.0,1,False,False,False,False,True
1928-08-12,AL021928,UNNAMED,TS,Tropical Storm,459.27,60.0,1,False,False,False,False,True
1928-08-13,AL021928,UNNAMED,TS,Tropical Storm,213.63,60.0,1,False,False,False,True,True
1928-08-14,AL021928,UNNAMED,TS,Tropical Storm,50.67,50.0,1,False,True,True,True,True
1928-08-15,AL021928,UNNAMED,TS,Tropical Storm,136.68,35.0,1,False,False,True,True,True
1928-08-16,AL021928,UNNAMED,TD,Tropical Depression,386.26,30.0,1,False,False,False,False,True
1928-09-16,AL041928,UNNAMED,HU,Category 4,420.91,125.0,1,False,False,False,False,True
1928-09-17,AL041928,UNNAMED,HU,Category 1,229.25,100.0,1,False,False,False,True,True
1928-09-18,AL041928,UNNAMED,HU,Category 1,240.86,75.0,1,False,False,False,True,True
1929-09-28,AL021929,UNNAMED,HU,Category 2,408.93,100.0,1,False,False,False,False,True
1929-09-29,AL021929,UNNAMED,HU,Category 2,176.39,90.0,1,False,False,True,True,True
1929-09-30,AL021929,UNNAMED,HU,Category 1,5.48,85.0,1,True,True,True,True,True
1929-10-01,AL021929,UNNAMED,TS,Tropical Storm,27.37,60.0,1,True,True,True,True,True
1930-09-06,AL021930,UNNAMED,TS,Tropical Storm,468.97,35.0,1,False,False,False,False,True
1930-09-07,AL021930,UNNAMED,TS,Tropical Storm,332.48,35.0,1,False,False,False,False,True
1930-09-08,AL021930,UNNAMED,TS,Tropical Storm,260.72,40.0,1,False,False,False,True,True
1930-09-09,AL021930,UNNAMED,TS,Tropical Storm,255.84,40.0,1,False,False,False,True,True
1930-09-10,AL021930,UNNAMED,TD,Tropical Depression,279.36,40.0,1,False,False,False,True,True
1930-09-11,AL021930,UNNAMED,TS,Tropical Storm,354.39,60.0,1,False,False,False,False,True
1930-09-12,AL021930,UNNAMED,HU,Category 1,477.06,70.0,1,False,False,False,False,True
1931-07-14,AL021931,UNNAMED,TS,Tropical Storm,367.79,60.0,1,False,False,False,False,True
1931-07-15,AL021931,UNNAMED,TS,Tropical Storm,322.76,55.0,1,False,False,False,False,True
1931-07-16,AL021931,UNNAMED,TD,Tropical Depression,402.7,30.0,1,False,False,False,False,True
1932-08-12,AL021932,UNNAMED,TS,Tropical Storm,498.71,55.0,1,False,False,False,False,True
1932-08-13,AL021932,UNNAMED,HU,Category 2,480.16,90.0,1,False,False,False,False,True
1932-08-29,AL031932,UNNAMED,TS,Tropical Storm,470.45,55.0,1,False,False,False,False,True
1932-08-30,AL031932,UNNAMED,HU,Category 1,250.15,65.0,1,False,False,False,True,True
1932-08-31,AL031932,UNNAMED,HU,Category 1,109.03,75.0,1,False,False,True,True,True
1932-09-01,AL031932,UNNAMED,HU,Category 1,141.67,75.0,1,False,False,True,True,True
1932-09-02,AL031932,UNNAMED,TS,Tropical Storm,324.52,35.0,1,False,False,False,False,True
1932-09-12,AL061932,UNNAMED,TS,Tropical Storm,489.75,45.0,1,False,False,False,False,True
1932-09-13,AL061932,UNNAMED,TS,Tropical Storm,360.2,50.0,1,False,False,False,False,True
1932-09-14,AL061932,UNNAMED,TS,Tropical Storm,57.03,50.0,1,False,True,True,True,True
1932-09-15,AL061932,UNNAMED,TS,Tropical Storm,145.25,45.0,1,False,False,True,True,True
1932-09-19,AL081932,UNNAMED,TS,Tropical Storm,348.52,55.0,1,False,False,False,False,True
1932-09-20,AL081932,UNNAMED,TS,Tropical Storm,346.57,35.0,1,False,False,False,False,True
1932-10-15,AL111932,UNNAMED,EX,Tropical Storm,280.42,50.0,1,False,False,False,True,True
1932-10-16,AL111932,UNNAMED,EX,Tropical Storm,186.56,45.0,1,False,False,True,True,True
1932-10-17,AL111932,UNNAMED,EX,Tropical Storm,256.11,35.0,1,False,False,False,True,True
1932-10-18,AL111932,UNNAMED,EX,Tropical Storm,474.24,35.0,1,False,False,False,False,True
1933-07-03,AL021933,UNNAMED,HU,Category 2,430.13,85.0,1,False,False,False,False,True
1933-07-04,AL021933,UNNAMED,HU,Category 2,369.58,90.0,1,False,False,False,False,True
1933-07-05,AL021933,UNNAMED,HU,Category 2,424.3,95.0,1,False,False,False,False,True
1933-07-25,AL031933,UNNAMED,EX,Tropical Depression,415.39,25.0,1,False,False,False,False,True
1933-07-26,AL031933,UNNAMED,EX,Tropical Depression,372.54,30.0,1,False,False,False,False,True
1933-07-27,AL031933,UNNAMED,EX,Tropical Depression,408.51,30.0,1,False,False,False,False,True
1933-07-30,AL051933,UNNAMED,TS,Tropical Storm,369.75,70.0,1,False,False,False,False,True
1933-07-31,AL051933,UNNAMED,TS,Tropical Storm,264.92,45.0,1,False,False,False,True,True
1933-08-01,AL051933,UNNAMED,TS,Tropical Storm,220.41,40.0,1,False,False,False,True,True
1933-08-02,AL051933,UNNAMED,TS,Tropical Storm,255.49,50.0,1,False,False,False,True,True
1933-08-03,AL051933,UNNAMED,TS,Tropical Storm,429.62,55.0,1,False,False,False,False,True
1933-08-18,AL071933,UNNAMED,TS,Tropical Storm,429.9,40.0,1,False,False,False,False,True
1933-08-19,AL071933,UNNAMED,TD,Tropical Depression,298.04,30.0,1,False,False,False,True,True
1933-08-20,AL071933,UNNAMED,TD,Tropical Depression,227.53,25.0,1,False,False,False,True,True
1933-08-21,AL071933,UNNAMED,TD,Tropical Depression,230.71,25.0,1,False,False,False,True,True
1933-09-01,AL081933,UNNAMED,HU,Category 3,485.57,100.0,1,False,False,False,False,True
1933-09-02,AL081933,UNNAMED,HU,Category 4,372.07,120.0,1,False,False,False,False,True
1933-09-03,AL081933,UNNAMED,HU,Category 4,389.08,120.0,2,False,False,False,False,True
1933-09-04,AL111933,UNNAMED,TS,Tropical Storm,181.53,110.0,1,False,False,True,True,True
1933-09-05,AL111933,UNNAMED,TS,Tropical Storm,135.51,55.0,1,False,False,True,True,True
1933-09-06,AL111933,UNNAMED,TS,Tropical Storm,186.68,50.0,1,False,False,True,True,True
1933-09-07,AL111933,UNNAMED,TD,Tropical Depression,260.6,30.0,1,False,False,False,True,True
1933-10-04,AL171933,UNNAMED,HU,Category 2,499.78,90.0,1,False,False,False,False,True
1934-06-15,AL011934,UNNAMED,HU,Category 2,425.05,85.0,1,False,False,False,False,True
1934-06-16,AL011934,UNNAMED,TS,Tropical Storm,335.81,85.0,1,False,False,False,False,True
1934-06-17,AL011934,UNNAMED,TS,Tropical Storm,334.84,45.0,1,False,False,False,False,True
1934-06-18,AL011934,UNNAMED,TD,Tropical Depression,406.83,30.0,1,False,False,False,False,True
1934-07-11,AL021934,UNNAMED,TD,Tropical Depression,379.22,25.0,1,False,False,False,False,True
1934-07-12,AL021934,UNNAMED,TD,Tropical Depression,397.54,30.0,1,False,False,False,False,True
1934-07-22,AL031934,UNNAMED,TD,Tropical Depression,271.01,30.0,1,False,False,False,True,True
1934-07-23,AL031934,UNNAMED,TS,Tropical Storm,170.34,40.0,1,False,False,True,True,True
1934-07-24,AL031934,UNNAMED,TS,Tropical Storm,283.07,65.0,1,False,False,False,True,True
1934-08-26,AL051934,UNNAMED,TS,Tropical Storm,291.27,50.0,1,False,False,False,True,True
1934-08-27,AL051934,UNNAMED,TS,Tropical Storm,448.41,70.0,1,False,False,False,False,True
1934-10-03,AL111934,UNNAMED,TS,Tropical Storm,428.38,40.0,1,False,False,False,False,True
1934-10-04,AL111934,UNNAMED,TS,Tropical Storm,292.07,45.0,1,False,False,False,True,True
1934-10-05,AL111934,UNNAMED,TS,Tropical Storm,100.44,50.0,1,False,False,True,True,True
1934-10-06,AL111934,UNNAMED,EX,Tropical Depression,88.68,35.0,1,False,True,True,True,True
1935-09-02,AL031935,UNNAMED,HU,Category 5,476.01,160.0,1,False,False,False,False,True
1935-09-03,AL031935,UNNAMED,HU,Category 4,274.32,160.0,1,False,False,False,True,True
1935-09-04,AL031935,UNNAMED,HU,Category 1,140.26,105.0,1,False,False,True,True,True
1935-09-05,AL031935,UNNAMED,HU,Category 1,165.45,65.0,1,False,False,True,True,True
1935-09-29,AL051935,UNNAMED,HU,Category 4,499.42,120.0,1,False,False,False,False,True
1935-11-04,AL071935,UNNAMED,HU,Category 1,408.11,85.0,1,False,False,False,False,True
1935-11-05,AL071935,UNNAMED,TS,Tropical Storm,299.94,65.0,1,False,False,False,True,True
1935-11-06,AL071935,UNNAMED,TS,Tropical Storm,222.75,55.0,1,False,False,False,True,True
1935-11-07,AL071935,UNNAMED,TD,Tropical Depression,179.11,35.0,1,False,False,True,True,True
1935-11-08,AL071935,UNNAMED,TD,Tropical Depression,174.47,25.0,1,False,False,True,True,True
1936-06-13,AL011936,UNNAMED,TS,Tropical Storm,404.57,40.0,1,False,False,False,False,True
1936-06-14,AL011936,UNNAMED,TS,Tropical Storm,316.92,40.0,1,False,False,False,False,True
1936-06-15,AL011936,UNNAMED,TS,Tropical Storm,353.45,40.0,1,False,False,False,False,True
1936-07-26,AL041936,UNNAMED,TS,Tropical Storm,347.77,35.0,1,False,False,False,False,True
1936-07-27,AL041936,UNNAMED,TS,Tropical Storm,267.42,40.0,1,False,False,False,True,True
1936-07-28,AL041936,UNNAMED,TD,Tropical Depression,256.93,55.0,2,False,False,False,True,True
1936-07-29,AL051936,UNNAMED,TS,Tropical Storm,263.64,60.0,1,False,False,False,True,True
1936-07-30,AL051936,UNNAMED,HU,Category 1,85.25,80.0,1,False,True,True,True,True
1936-07-31,AL051936,UNNAMED,HU,Category 2,46.05,90.0,1,True,True,True,True,True
1936-08-01,AL051936,UNNAMED,TS,Tropical Storm,164.36,40.0,1,False,False,True,True,True
1936-08-07,AL071936,UNNAMED,TD,Tropical Depression,265.23,30.0,1,False,False,False,True,True
1936-08-08,AL071936,UNNAMED,TD,Tropical Depression,269.93,30.0,1,False,False,False,True,True
1936-08-09,AL071936,UNNAMED,TD,Tropical Depression,330.99,35.0,1,False,False,False,False,True
1936-08-10,AL071936,UNNAMED,TS,Tropical Storm,454.76,35.0,1,False,False,False,False,True
1936-08-15,AL081936,UNNAMED,TS,Tropical Storm,497.47,50.0,1,False,False,False,False,True
1936-08-16,AL081936,UNNAMED,TS,Tropical Storm,492.63,55.0,1,False,False,False,False,True
1936-08-21,AL091936,UNNAMED,TS,Tropical Storm,261.86,50.0,1,False,False,False,True,True
1936-08-22,AL091936,UNNAMED,TD,Tropical Depression,51.01,35.0,1,False,True,True,True,True
1936-08-23,AL091936,UNNAMED,TD,Tropical Depression,255.23,25.0,1,False,False,False,True,True
1937-07-28,AL011937,UNNAMED,TD,Tropical Depression,250.47,25.0,1,False,False,False,True,True
1937-07-29,AL011937,UNNAMED,TS,Tropical Storm,217.67,55.0,1,False,False,False,True,True
1937-07-30,AL011937,UNNAMED,TS,Tropical Storm,273.52,40.0,1,False,False,False,True,True
1937-08-29,AL031937,UNNAMED,TS,Tropical Storm,418.19,50.0,1,False,False,False,False,True
1937-08-30,AL031937,UNNAMED,TS,Tropical Storm,173.4,60.0,1,False,False,True,True,True
1937-08-31,AL031937,UNNAMED,TS,Tropical Storm,40.87,40.0,1,True,True,True,True,True
1937-09-01,AL031937,UNNAMED,TD,Tropical Depression,177.62,30.0,1,False,False,True,True,True
1937-09-02,AL031937,UNNAMED,TD,Tropical Depression,430.46,20.0,1,False,False,False,False,True
1937-09-17,AL071937,UNNAMED,TS,Tropical Storm,494.08,45.0,1,False,False,False,False,True
1937-09-18,AL071937,UNNAMED,TS,Tropical Storm,339.73,50.0,1,False,False,False,False,True
1937-09-19,AL071937,UNNAMED,TS,Tropical Storm,164.42,45.0,1,False,False,True,True,True
1937-09-20,AL071937,UNNAMED,TS,Tropical Storm,35.4,40.0,1,True,True,True,True,True
1937-09-21,AL071937,UNNAMED,TD,Tropical Depression,139.6,25.0,1,False,False,True,True,True
1937-10-01,AL101937,UNNAMED,TS,Tropical Storm,407.01,35.0,1,False,False,False,False,True
1937-10-02,AL101937,UNNAMED,TS,Tropical Storm,368.54,40.0,1,False,False,False,False,True
1937-10-03,AL101937,UNNAMED,TD,Tropical Depression,374.84,35.0,1,False,False,False,False,True
1937-10-04,AL101937,UNNAMED,TD,Tropical Depression,420.36,25.0,1,False,False,False,False,True
1938-08-13,AL031938,UNNAMED,HU,Category 1,457.16,80.0,1,False,False,False,False,True
1938-08-14,AL031938,UNNAMED,HU,Category 1,452.49,70.0,1,False,False,False,False,True
1938-08-15,AL031938,UNNAMED,TS,Tropical Storm,472.01,35.0,1,False,False,False,False,True
1938-10-12,AL071938,UNNAMED,TS,Tropical Storm,451.44,35.0,1,False,False,False,False,True
1938-10-13,AL071938,UNNAMED,TS,Tropical Storm,354.5,45.0,1,False,False,False,False,True
1938-10-14,AL071938,UNNAMED,TS,Tropical Storm,320.17,50.0,1,False,False,False,False,True
1938-10-15,AL071938,UNNAMED,TS,Tropical Storm,279.01,50.0,1,False,False,False,True,True
1938-10-16,AL071938,UNNAMED,TS,Tropical Storm,294.13,40.0,1,False,False,False,True,True
1938-10-17,AL071938,UNNAMED,TS,Tropical Storm,477.32,40.0,1,False,False,False,False,True
1938-10-20,AL081938,UNNAMED,TS,Tropical Storm,451.63,35.0,1,False,False,False,False,True
1939-06-13,AL011939,UNNAMED,TS,Tropical Storm,340.69,55.0,1,False,False,False,False,True
1939-06-14,AL011939,UNNAMED,TS,Tropical Storm,182.44,50.0,1,False,False,True,True,True
1939-06-15,AL011939,UNNAMED,TS,Tropical Storm,148.34,50.0,1,False,False,True,True,True
1939-06-16,AL011939,UNNAMED,TS,Tropical Storm,111.83,50.0,1,False,False,True,True,True
1939-06-17,AL011939,UNNAMED,TD,Tropical Depression,291.62,25.0,1,False,False,False,True,True
1939-08-11,AL021939,UNNAMED,HU,Category 1,377.31,65.0,1,False,False,False,False,True
1939-08-12,AL021939,UNNAMED,HU,Category 1,23.77,65.0,1,True,True,True,True,True
1939-08-13,AL021939,UNNAMED,HU,Category 1,44.27,65.0,1,True,True,True,True,True
1939-08-14,AL021939,UNNAMED,TD,Tropical Depression,177.42,30.0,1,False,False,True,True,True
1939-08-15,AL021939,UNNAMED,TD,Tropical Depression,221.44,30.0,1,False,False,False,True,True
1939-08-16,AL021939,UNNAMED,TD,Tropical Depression,218.71,30.0,1,False,False,False,True,True
1939-08-17,AL021939,UNNAMED,TD,Tropical Depression,218.71,30.0,1,False,False,False,True,True
1939-08-18,AL021939,UNNAMED,TD,Tropical Depression,408.36,25.0,1,False,False,False,False,True
1939-09-25,AL041939,UNNAMED,TS,Tropical Storm,349.37,45.0,1,False,False,False,False,True
1939-09-26,AL041939,UNNAMED,TD,Tropical Depression,177.42,45.0,1,False,False,True,True,True
1939-09-27,AL041939,UNNAMED,TD,Tropical Depression,193.46,25.0,1,False,False,True,True,True
1940-08-03,AL021940,UNNAMED,TS,Tropical Storm,165.85,35.0,1,False,False,True,True,True
1940-08-04,AL021940,UNNAMED,TS,Tropical Storm,160.97,50.0,1,False,False,True,True,True
1940-08-05,AL021940,UNNAMED,TS,Tropical Storm,188.97,70.0,1,False,False,True,True,True
1940-08-06,AL021940,UNNAMED,HU,Category 1,267.31,80.0,1,False,False,False,True,True
1940-08-07,AL021940,UNNAMED,HU,Category 2,417.32,85.0,1,False,False,False,False,True
1940-08-10,AL031940,UNNAMED,HU,Category 2,468.15,85.0,1,False,False,False,False,True
1940-08-11,AL031940,UNNAMED,HU,Category 1,298.55,85.0,1,False,False,False,True,True
1940-08-12,AL031940,UNNAMED,TS,Tropical Storm,215.75,50.0,1,False,False,False,True,True
1940-08-13,AL031940,UNNAMED,TD,Tropical Depression,293.54,30.0,1,False,False,False,True,True
1940-08-14,AL031940,UNNAMED,TD,Tropical Depression,446.24,25.0,1,False,False,False,False,True
1940-09-24,AL061940,UNNAMED,TD,Tropical Depression,296.56,40.0,1,False,False,False,True,True
1940-09-25,AL061940,UNNAMED,TD,Tropical Depression,208.94,15.0,1,False,False,False,True,True
1941-09-10,AL011941,UNNAMED,TD,Tropical Depression,217.13,25.0,1,False,False,False,True,True
1941-09-11,AL011941,UNNAMED,TS,Tropical Storm,205.03,40.0,1,False,False,False,True,True
1941-09-12,AL011941,UNNAMED,TS,Tropical Storm,223.98,50.0,1,False,False,False,True,True
1941-09-13,AL011941,UNNAMED,TS,Tropical Storm,291.48,45.0,1,False,False,False,True,True
1941-09-14,AL011941,UNNAMED,TS,Tropical Storm,419.12,40.0,1,False,False,False,False,True
1941-09-17,AL021941,UNNAMED,TD,Tropical Depression,388.72,30.0,2,False,False,False,False,True
1941-09-18,AL021941,UNNAMED,TS,Tropical Storm,347.77,45.0,2,False,False,False,False,True
1941-09-19,AL021941,UNNAMED,TS,Tropical Storm,352.66,55.0,2,False,False,False,False,True
1941-09-20,AL021941,UNNAMED,TS,Tropical Storm,417.14,60.0,1,False,False,False,False,True
1941-09-21,AL021941,UNNAMED,HU,Category 1,428.02,75.0,1,False,False,False,False,True
1941-09-22,AL021941,UNNAMED,HU,Category 1,454.29,85.0,1,False,False,False,False,True
1941-09-24,AL021941,UNNAMED,TS,Tropical Storm,496.53,35.0,1,False,False,False,False,True
1941-10-06,AL051941,UNNAMED,HU,Category 1,191.27,85.0,1,False,False,True,True,True
1941-10-07,AL051941,UNNAMED,HU,Category 1,68.54,80.0,1,False,True,True,True,True
1941-10-08,AL051941,UNNAMED,TS,Tropical Storm,297.64,40.0,1,False,False,False,True,True
1941-10-17,AL061941,UNNAMED,TD,Tropical Depression,452.27,25.0,1,False,False,False,False,True
1941-10-18,AL061941,UNNAMED,TS,Tropical Storm,261.39,35.0,1,False,False,False,True,True
1941-10-19,AL061941,UNNAMED,TS,Tropical Storm,176.77,45.0,1,False,False,True,True,True
1941-10-20,AL061941,UNNAMED,TS,Tropical Storm,171.23,40.0,1,False,False,True,True,True
1941-10-21,AL061941,UNNAMED,TS,Tropical Storm,182.73,35.0,1,False,False,True,True,True
1941-10-22,AL061941,UNNAMED,TD,Tropical Depression,254.45,20.0,1,False,False,False,True,True
1942-08-18,AL021942,UNNAMED,TS,Tropical Storm,295.22,55.0,1,False,False,False,True,True
1942-08-19,AL021942,UNNAMED,TS,Tropical Storm,286.68,70.0,1,False,False,False,True,True
1942-08-20,AL021942,UNNAMED,HU,Category 1,386.51,70.0,1,False,False,False,False,True
1942-08-21,AL021942,UNNAMED,HU,Category 1,497.01,70.0,1,False,False,False,False,True
1942-08-23,AL021942,UNNAMED,EX,Tropical Depression,485.8,20.0,1,False,False,False,False,True
1943-07-25,AL011943,UNNAMED,TS,Tropical Storm,188.97,45.0,1,False,False,True,True,True
1943-07-26,AL011943,UNNAMED,TS,Tropical Storm,298.56,80.0,1,False,False,False,True,True
1943-07-27,AL011943,UNNAMED,HU,Category 2,468.79,90.0,1,False,False,False,False,True
1943-09-18,AL061943,UNNAMED,TS,Tropical Storm,493.88,60.0,1,False,False,False,False,True
1943-09-19,AL061943,UNNAMED,TS,Tropical Storm,379.34,60.0,1,False,False,False,False,True
1943-09-20,AL061943,UNNAMED,TD,Tropical Depression,378.31,25.0,1,False,False,False,False,True
1944-08-01,AL031944,UNNAMED,HU,Category 1,475.36,70.0,1,False,False,False,False,True
1944-09-10,AL061944,UNNAMED,TS,Tropical Storm,146.7,55.0,1,False,False,True,True,True
1944-09-11,AL061944,UNNAMED,TD,Tropical Depression,115.95,30.0,1,False,False,True,True,True
1944-10-18,AL131944,UNNAMED,HU,Category 3,381.38,105.0,1,False,False,False,False,True
1944-10-19,AL131944,UNNAMED,TS,Tropical Storm,242.26,90.0,1,False,False,False,True,True
1944-10-20,AL131944,UNNAMED,TS,Tropical Storm,320.49,50.0,1,False,False,False,False,True
1945-06-21,AL011945,UNNAMED,TS,Tropical Storm,494.02,40.0,1,False,False,False,False,True
1945-06-22,AL011945,UNNAMED,TS,Tropical Storm,296.7,50.0,1,False,False,False,True,True
1945-06-23,AL011945,UNNAMED,HU,Category 1,153.3,85.0,1,False,False,True,True,True
1945-06-24,AL011945,UNNAMED,HU,Category 1,175.08,70.0,1,False,False,True,True,True
1945-06-25,AL011945,UNNAMED,HU,Category 1,396.32,65.0,1,False,False,False,False,True
1945-07-19,AL021945,UNNAMED,TD,Tropical Depression,401.71,35.0,1,False,False,False,False,True
1945-07-20,AL021945,UNNAMED,TS,Tropical Storm,486.88,35.0,1,False,False,False,False,True
1945-09-04,AL071945,UNNAMED,TS,Tropical Storm,333.85,35.0,1,False,False,False,False,True
1945-09-05,AL071945,UNNAMED,TD,Tropical Depression,113.45,35.0,1,False,False,True,True,True
1945-09-06,AL071945,UNNAMED,TD,Tropical Depression,245.73,25.0,1,False,False,False,True,True
1945-09-15,AL091945,UNNAMED,HU,Category 3,414.65,115.0,1,False,False,False,False,True
1945-09-16,AL091945,UNNAMED,HU,Category 1,256.03,85.0,1,False,False,False,True,True
1945-09-17,AL091945,UNNAMED,TS,Tropical Storm,276.19,60.0,1,False,False,False,True,True
1946-06-13,AL011946,UNNAMED,TD,Tropical Depression,165.68,30.0,1,False,False,True,True,True
1946-06-14,AL011946,UNNAMED,TS,Tropical Storm,164.04,35.0,1,False,False,True,True,True
1946-06-15,AL011946,UNNAMED,TS,Tropical Storm,289.74,35.0,1,False,False,False,True,True
1946-06-16,AL011946,UNNAMED,TD,Tropical Depression,444.8,30.0,1,False,False,False,False,True
1946-07-05,AL021946,UNNAMED,EX,Tropical Depression,391.72,40.0,1,False,False,False,False,True
1946-10-07,AL061946,UNNAMED,HU,Category 1,262.27,85.0,1,False,False,False,True,True
1946-10-08,AL061946,UNNAMED,TS,Tropical Storm,221.15,65.0,1,False,False,False,True,True
1946-10-09,AL061946,UNNAMED,EX,Tropical Storm,372.7,35.0,1,False,False,False,False,True
1946-11-01,AL071946,UNNAMED,TS,Tropical Storm,401.86,40.0,1,False,False,False,False,True
1946-11-02,AL071946,UNNAMED,TD,Tropical Depression,234.97,30.0,1,False,False,False,True,True
1946-11-03,AL071946,UNNAMED,TD,Tropical Depression,304.13,20.0,1,False,False,False,False,True
1947-08-19,AL031947,UNNAMED,TS,Tropical Storm,416.78,45.0,1,False,False,False,False,True
1947-08-20,AL031947,UNNAMED,TS,Tropical Storm,357.09,45.0,1,False,False,False,False,True
1947-08-21,AL031947,UNNAMED,TS,Tropical Storm,232.69,40.0,1,False,False,False,True,True
1947-08-22,AL031947,UNNAMED,TS,Tropical Storm,266.75,40.0,1,False,False,False,True,True
1947-08-23,AL031947,UNNAMED,TS,Tropical Storm,379.01,60.0,1,False,False,False,False,True
1947-09-06,AL051947,UNNAMED,TD,Tropical Depression,167.74,25.0,1,False,False,True,True,True
1947-09-07,AL051947,UNNAMED,TS,Tropical Storm,136.64,40.0,1,False,False,True,True,True
1947-09-08,AL051947,UNNAMED,TS,Tropical Storm,125.75,50.0,1,False,False,True,True,True
1947-09-17,AL041947,UNNAMED,HU,Category 2,382.49,115.0,1,False,False,False,False,True
1947-09-18,AL041947,UNNAMED,HU,Category 2,167.56,95.0,1,False,False,True,True,True
1947-09-19,AL041947,UNNAMED,HU,Category 2,152.18,95.0,1,False,False,True,True,True
1947-09-20,AL041947,UNNAMED,TS,Tropical Storm,483.44,40.0,1,False,False,False,False,True
1947-09-22,AL061947,UNNAMED,TS,Tropical Storm,337.19,50.0,1,False,False,False,False,True
1947-09-23,AL061947,UNNAMED,EX,Tropical Storm,194.3,55.0,1,False,False,True,True,True
1947-09-24,AL061947,UNNAMED,EX,Tropical Storm,219.91,45.0,1,False,False,False,True,True
1947-10-06,AL071947,UNNAMED,TS,Tropical Storm,256.18,50.0,1,False,False,False,True,True
1947-10-07,AL071947,UNNAMED,TD,Tropical Depression,20.15,45.0,1,True,True,True,True,True
1947-10-08,AL071947,UNNAMED,TD,Tropical Depression,115.73,25.0,1,False,False,True,True,True
1947-10-09,AL071947,UNNAMED,TD,Tropical Depression,324.41,20.0,1,False,False,False,False,True
1947-10-11,AL091947,UNNAMED,HU,Category 1,416.61,80.0,1,False,False,False,False,True
1947-10-12,AL091947,UNNAMED,HU,Category 1,437.11,70.0,1,False,False,False,False,True
1947-10-14,AL091947,UNNAMED,HU,Category 2,447.83,85.0,1,False,False,False,False,True
1947-10-15,AL091947,UNNAMED,TS,Tropical Storm,135.67,90.0,1,False,False,True,True,True
1947-10-16,AL091947,UNNAMED,TD,Tropical Depression,99.44,30.0,1,False,True,True,True,True
1948-07-07,AL021948,UNNAMED,TD,Tropical Depression,282.37,30.0,1,False,False,False,True,True
1948-07-08,AL021948,UNNAMED,TS,Tropical Storm,161.48,35.0,1,False,False,True,True,True
1948-07-09,AL021948,UNNAMED,TS,Tropical Storm,83.85,35.0,1,False,True,True,True,True
1948-07-10,AL021948,UNNAMED,TD,Tropical Depression,157.01,30.0,1,False,False,True,True,True
1948-07-11,AL021948,UNNAMED,TD,Tropical Depression,313.33,20.0,1,False,False,False,False,True
1948-09-03,AL051948,UNNAMED,HU,Category 1,369.94,65.0,1,False,False,False,False,True
1948-09-04,AL051948,UNNAMED,TS,Tropical Storm,228.38,70.0,1,False,False,False,True,True
1948-09-05,AL051948,UNNAMED,TD,Tropical Depression,305.78,30.0,1,False,False,False,False,True
1948-09-21,AL081948,UNNAMED,HU,Category 4,420.22,115.0,1,False,False,False,False,True
1948-09-22,AL081948,UNNAMED,HU,Category 2,390.63,115.0,1,False,False,False,False,True
1948-10-05,AL091948,UNNAMED,HU,Category 1,450.64,90.0,1,False,False,False,False,True
1948-10-06,AL091948,UNNAMED,HU,Category 2,458.24,85.0,1,False,False,False,False,True
1949-08-26,AL021949,UNNAMED,HU,Category 4,420.0,115.0,1,False,False,False,False,True
1949-08-27,AL021949,UNNAMED,HU,Category 1,169.4,85.0,1,False,False,True,True,True
1949-08-28,AL021949,UNNAMED,HU,Category 1,203.72,65.0,1,False,False,False,True,True
1949-09-03,AL051949,UNNAMED,TS,Tropical Storm,362.22,50.0,1,False,False,False,False,True
1949-09-04,AL051949,UNNAMED,TS,Tropical Storm,297.73,50.0,1,False,False,False,True,True
1949-09-05,AL051949,UNNAMED,TD,Tropical Depression,298.73,30.0,1,False,False,False,True,True
1949-09-13,AL071949,UNNAMED,TD,Tropical Depression,490.97,25.0,1,False,False,False,False,True
1949-09-20,AL091949,UNNAMED,TS,Tropical Storm,466.97,40.0,1,False,False,False,False,True
1950-08-28,AL021950,BAKER,HU,Category 1,473.56,65.0,1,False,False,False,False,True
1950-08-29,AL021950,BAKER,HU,Category 2,414.06,90.0,1,False,False,False,False,True
1950-08-30,AL021950,BAKER,HU,Category 1,135.27,90.0,1,False,False,True,True,True
1950-08-31,AL021950,BAKER,TS,Tropical Storm,145.56,60.0,1,False,False,True,True,True
1950-09-01,AL021950,BAKER,TD,Tropical Depression,491.79,20.0,1,False,False,False,False,True
1950-09-03,AL051950,EASY,HU,Category 1,324.61,80.0,1,False,False,False,False,True
1950-09-04,AL051950,EASY,HU,Category 2,185.98,95.0,1,False,False,True,True,True
1950-09-05,AL051950,EASY,HU,Category 3,184.49,105.0,1,False,False,True,True,True
1950-09-06,AL051950,EASY,HU,Category 1,223.14,75.0,1,False,False,False,True,True
1950-09-07,AL051950,EASY,TD,Tropical Depression,140.76,35.0,1,False,False,True,True,True
1950-09-08,AL051950,EASY,TD,Tropical Depression,271.22,20.0,1,False,False,False,True,True
1950-09-09,AL051950,EASY,TD,Tropical Depression,411.76,20.0,1,False,False,False,False,True
1950-10-01,AL081950,HOW,TS,Tropical Storm,334.4,35.0,1,False,False,False,False,True
1950-10-02,AL081950,HOW,TS,Tropical Storm,349.99,40.0,1,False,False,False,False,True
1950-10-17,AL131950,LOVE,TS,Tropical Storm,393.88,115.0,2,False,False,False,False,True
1950-10-18,AL111950,KING,HU,Category 1,199.31,115.0,2,False,False,True,True,True
1950-10-19,AL111950,KING,TS,Tropical Storm,130.99,70.0,2,False,False,True,True,True
1950-10-20,AL111950,KING,TD,Tropical Depression,197.02,70.0,2,False,False,True,True,True
1950-10-21,AL131950,LOVE,TS,Tropical Storm,142.6,60.0,1,False,False,True,True,True
1950-10-22,AL131950,LOVE,TD,Tropical Depression,266.21,30.0,1,False,False,False,True,True
1951-05-16,AL021951,ABLE,TS,Tropical Storm,496.05,45.0,1,False,False,False,False,True
1951-05-17,AL021951,ABLE,HU,Category 1,438.67,75.0,1,False,False,False,False,True
1951-09-29,AL091951,HOW,TD,Tropical Depression,481.39,25.0,1,False,False,False,False,True
1951-09-30,AL091951,HOW,TS,Tropical Storm,341.46,35.0,1,False,False,False,False,True
1951-10-01,AL091951,HOW,TS,Tropical Storm,263.52,45.0,1,False,False,False,True,True
1951-10-02,AL091951,HOW,TS,Tropical Storm,284.84,60.0,1,False,False,False,True,True
1951-10-17,AL101951,ITEM,TD,Tropical Depression,483.34,25.0,1,False,False,False,False,True
1952-02-02,AL011952,UNNAMED,LO,Tropical Storm,479.16,40.0,1,False,False,False,False,True
1952-02-03,AL011952,UNNAMED,TS,Tropical Storm,413.65,55.0,1,False,False,False,False,True
1952-08-27,AL031952,UNNAMED,TS,Tropical Storm,480.45,45.0,1,False,False,False,False,True
1952-08-28,AL031952,UNNAMED,TS,Tropical Storm,468.58,40.0,1,False,False,False,False,True
1952-08-29,AL021952,ABLE,HU,Category 1,496.52,65.0,1,False,False,False,False,True
1952-08-30,AL021952,ABLE,HU,Category 2,334.12,85.0,1,False,False,False,False,True
1952-08-31,AL021952,ABLE,HU,Category 1,347.91,65.0,1,False,False,False,False,True
1953-06-01,AL011953,ALICE,TS,Tropical Storm,409.88,50.0,1,False,False,False,False,True
1953-06-02,AL011953,ALICE,TS,Tropical Storm,460.59,50.0,1,False,False,False,False,True
1953-06-03,AL011953,ALICE,TS,Tropical Storm,485.6,40.0,1,False,False,False,False,True
1953-06-04,AL011953,ALICE,TS,Tropical Storm,295.29,55.0,1,False,False,False,True,True
1953-06-05,AL011953,ALICE,TS,Tropical Storm,98.55,60.0,1,False,True,True,True,True
1953-06-06,AL011953,ALICE,TS,Tropical Storm,15.79,50.0,1,True,True,True,True,True
1953-06-07,AL011953,ALICE,TD,Tropical Depression,68.74,20.0,1,False,True,True,True,True
1953-07-11,AL021953,UNNAMED,TD,Tropical Depression,381.44,30.0,1,False,False,False,False,True
1953-07-12,AL021953,UNNAMED,TD,Tropical Depression,375.93,35.0,1,False,False,False,False,True
1953-08-29,AL051953,UNNAMED,TD,Tropical Depression,395.29,30.0,1,False,False,False,False,True
1953-08-30,AL051953,UNNAMED,TD,Tropical Depression,488.04,35.0,1,False,False,False,False,True
1953-08-31,AL051953,UNNAMED,TS,Tropical Storm,343.69,35.0,1,False,False,False,False,True
1953-09-01,AL051953,UNNAMED,TD,Tropical Depression,238.39,30.0,1,False,False,False,True,True
1953-09-15,AL081953,UNNAMED,TS,Tropical Storm,473.92,35.0,1,False,False,False,False,True
1953-09-16,AL081953,UNNAMED,TS,Tropical Storm,261.18,45.0,1,False,False,False,True,True
1953-09-17,AL081953,UNNAMED,TS,Tropical Storm,278.35,40.0,1,False,False,False,True,True
1953-09-18,AL081953,UNNAMED,TD,Tropical Depression,203.84,35.0,1,False,False,False,True,True
1953-09-19,AL081953,UNNAMED,TD,Tropical Depression,99.08,30.0,1,False,True,True,True,True
1953-09-20,AL081953,UNNAMED,TS,Tropical Storm,111.49,35.0,1,False,False,True,True,True
1953-09-25,AL091953,FLORENCE,HU,Category 2,208.26,100.0,1,False,False,False,True,True
1953-09-26,AL091953,FLORENCE,HU,Category 1,30.56,90.0,1,True,True,True,True,True
1953-09-27,AL091953,FLORENCE,EX,Tropical Storm,96.25,40.0,1,False,True,True,True,True
1953-10-04,AL111953,UNNAMED,TS,Tropical Storm,497.0,35.0,1,False,False,False,False,True
1953-10-05,AL111953,UNNAMED,TS,Tropical Storm,476.9,35.0,1,False,False,False,False,True
1953-10-08,AL121953,HAZEL,TS,Tropical Storm,417.56,55.0,1,False,False,False,False,True
1953-10-09,AL121953,HAZEL,HU,Category 1,308.93,75.0,1,False,False,False,False,True
1954-05-28,AL011954,UNNAMED,TD,Tropical Depression,343.69,40.0,1,False,False,False,False,True
1954-06-17,AL021954,UNNAMED,TD,Tropical Depression,423.94,25.0,1,False,False,False,False,True
1954-06-18,AL021954,UNNAMED,TD,Tropical Depression,423.94,30.0,1,False,False,False,False,True
1954-06-19,AL021954,UNNAMED,TD,Tropical Depression,384.89,30.0,1,False,False,False,False,True
1954-06-20,AL021954,UNNAMED,TD,Tropical Depression,382.67,50.0,1,False,False,False,False,True
1954-07-10,AL041954,UNNAMED,TS,Tropical Storm,303.16,40.0,1,False,False,False,False,True
1954-07-11,AL041954,UNNAMED,TS,Tropical Storm,425.03,45.0,1,False,False,False,False,True
1954-07-27,AL051954,BARBARA,TD,Tropical Depression,309.14,30.0,1,False,False,False,False,True
1954-07-28,AL051954,BARBARA,TS,Tropical Storm,325.12,50.0,1,False,False,False,False,True
1954-07-29,AL051954,BARBARA,TS,Tropical Storm,411.39,50.0,1,False,False,False,False,True
1954-08-28,AL061954,CAROL,HU,Category 2,491.41,85.0,1,False,False,False,False,True
1954-08-29,AL061954,CAROL,HU,Category 1,474.47,80.0,1,False,False,False,False,True
1954-08-30,AL061954,CAROL,HU,Category 2,486.91,85.0,1,False,False,False,False,True
1954-09-15,AL111954,UNNAMED,TD,Tropical Depression,376.84,35.0,1,False,False,False,False,True
1954-09-16,AL111954,UNNAMED,TS,Tropical Storm,471.35,35.0,1,False,False,False,False,True
1954-10-15,AL141954,HAZEL,HU,Category 4,450.97,115.0,1,False,False,False,False,True
1955-07-31,AL011955,BRENDA,TS,Tropical Storm,208.89,60.0,1,False,False,False,True,True
1955-08-01,AL011955,BRENDA,TS,Tropical Storm,202.4,60.0,1,False,False,False,True,True
1955-08-02,AL011955,BRENDA,TD,Tropical Depression,355.45,30.0,1,False,False,False,False,True
1955-08-25,AL051955,UNNAMED,TS,Tropical Storm,348.19,35.0,1,False,False,False,False,True
1955-08-26,AL051955,UNNAMED,TS,Tropical Storm,113.99,45.0,1,False,False,True,True,True
1955-08-27,AL051955,UNNAMED,TS,Tropical Storm,237.28,45.0,1,False,False,False,True,True
1956-06-13,AL011956,UNNAMED,TS,Tropical Storm,295.95,50.0,1,False,False,False,True,True
1956-06-14,AL011956,UNNAMED,TD,Tropical Depression,348.63,30.0,1,False,False,False,False,True
1956-09-23,AL071956,FLOSSY,HU,Category 1,344.98,75.0,1,False,False,False,False,True
1956-09-24,AL071956,FLOSSY,HU,Category 1,44.27,80.0,1,True,True,True,True,True
1956-09-25,AL071956,FLOSSY,TS,Tropical Storm,50.61,50.0,1,False,True,True,True,True
1956-09-26,AL071956,FLOSSY,EX,Tropical Storm,390.99,45.0,1,False,False,False,False,True
1956-10-15,AL111956,UNNAMED,TS,Tropical Storm,442.53,55.0,1,False,False,False,False,True
1956-10-16,AL111956,UNNAMED,TS,Tropical Storm,314.53,55.0,1,False,False,False,False,True
1956-10-17,AL111956,UNNAMED,TS,Tropical Storm,358.95,50.0,1,False,False,False,False,True
1957-06-08,AL011957,UNNAMED,TS,Tropical Storm,85.95,45.0,1,False,True,True,True,True
1957-06-09,AL011957,UNNAMED,TS,Tropical Storm,227.52,45.0,1,False,False,False,True,True
1957-06-27,AL021957,AUDREY,TS,Tropical Storm,437.93,110.0,1,False,False,False,False,True
1957-06-28,AL021957,AUDREY,TS,Tropical Storm,369.13,40.0,1,False,False,False,False,True
1957-08-07,AL031957,BERTHA,TD,Tropical Depression,238.51,25.0,1,False,False,False,True,True
1957-08-08,AL031957,BERTHA,TD,Tropical Depression,256.1,55.0,1,False,False,False,True,True
1957-08-09,AL031957,BERTHA,TS,Tropical Storm,335.33,55.0,1,False,False,False,False,True
1957-08-10,AL031957,BERTHA,TS,Tropical Storm,490.07,55.0,1,False,False,False,False,True
1957-09-07,AL051957,DEBBIE,TS,Tropical Storm,236.92,35.0,1,False,False,False,True,True
1957-09-08,AL051957,DEBBIE,TS,Tropical Storm,24.91,35.0,1,True,True,True,True,True
1957-09-09,AL051957,DEBBIE,TD,Tropical Depression,219.94,25.0,1,False,False,False,True,True
1957-09-17,AL061957,ESTHER,TS,Tropical Storm,475.35,45.0,1,False,False,False,False,True
1957-09-18,AL061957,ESTHER,TS,Tropical Storm,297.18,55.0,1,False,False,False,True,True
1957-09-19,AL061957,ESTHER,TD,Tropical Depression,346.44,25.0,1,False,False,False,False,True
1958-05-24,AL111958,UNNAMED,TD,Tropical Depression,477.36,25.0,1,False,False,False,False,True
1958-05-25,AL111958,UNNAMED,TS,Tropical Storm,432.26,35.0,1,False,False,False,False,True
1958-05-26,AL111958,UNNAMED,TS,Tropical Storm,456.5,35.0,1,False,False,False,False,True
1958-09-04,AL051958,ELLA,TS,Tropical Storm,460.69,60.0,1,False,False,False,False,True
1958-09-05,AL051958,ELLA,TS,Tropical Storm,470.99,55.0,1,False,False,False,False,True
1958-09-21,AL071958,GERDA,TD,Tropical Depression,439.33,25.0,1,False,False,False,False,True
1958-09-26,AL081958,HELENE,HU,Category 4,452.2,115.0,1,False,False,False,False,True
1958-09-27,AL081958,HELENE,HU,Category 4,447.21,130.0,1,False,False,False,False,True
1959-05-28,AL011959,ARLENE,TS,Tropical Storm,353.38,35.0,1,False,False,False,False,True
1959-05-29,AL011959,ARLENE,TS,Tropical Storm,319.8,45.0,1,False,False,False,False,True
1959-05-30,AL011959,ARLENE,TS,Tropical Storm,352.05,55.0,1,False,False,False,False,True
1959-05-31,AL011959,ARLENE,TD,Tropical Depression,313.39,40.0,1,False,False,False,False,True
1959-06-01,AL011959,ARLENE,TD,Tropical Depression,204.11,25.0,1,False,False,False,True,True
1959-06-02,AL011959,ARLENE,TD,Tropical Depression,196.49,20.0,1,False,False,True,True,True
1959-06-17,AL031959,UNNAMED,TS,Tropical Storm,266.55,35.0,1,False,False,False,True,True
1959-06-18,AL031959,UNNAMED,TS,Tropical Storm,207.71,45.0,1,False,False,False,True,True
1959-07-04,AL041959,CINDY,TD,Tropical Depression,404.87,25.0,1,False,False,False,False,True
1959-07-05,AL041959,CINDY,TD,Tropical Depression,420.41,25.0,1,False,False,False,False,True
1959-07-06,AL041959,CINDY,TD,Tropical Depression,461.61,35.0,1,False,False,False,False,True
1959-07-08,AL041959,CINDY,HU,Category 1,411.83,65.0,1,False,False,False,False,True
1959-07-09,AL041959,CINDY,TS,Tropical Storm,408.25,50.0,1,False,False,False,False,True
1959-07-22,AL051959,DEBRA,TD,Tropical Depression,377.49,25.0,1,False,False,False,False,True
1959-07-23,AL051959,DEBRA,TD,Tropical Depression,425.62,30.0,1,False,False,False,False,True
1959-09-28,AL081959,GRACIE,HU,Category 3,456.26,110.0,1,False,False,False,False,True
1959-09-29,AL081959,GRACIE,HU,Category 4,344.36,115.0,1,False,False,False,False,True
1959-09-30,AL081959,GRACIE,TS,Tropical Storm,413.45,45.0,1,False,False,False,False,True
1959-10-07,AL101959,IRENE,TS,Tropical Storm,190.7,35.0,1,False,False,True,True,True
1959-10-08,AL101959,IRENE,TS,Tropical Storm,112.31,40.0,1,False,False,True,True,True
1959-10-09,AL101959,IRENE,TD,Tropical Depression,248.29,20.0,1,False,False,False,True,True
1959-10-17,AL111959,JUDITH,TS,Tropical Storm,369.6,55.0,1,False,False,False,False,True
1959-10-18,AL111959,JUDITH,TS,Tropical Storm,307.42,55.0,1,False,False,False,False,True
1960-07-27,AL031960,BRENDA,TD,Tropical Depression,171.83,30.0,1,False,False,True,True,True
1960-07-28,AL031960,BRENDA,TS,Tropical Storm,120.58,35.0,1,False,False,True,True,True
1960-07-29,AL031960,BRENDA,TS,Tropical Storm,136.74,60.0,1,False,False,True,True,True
1960-09-10,AL051960,DONNA,HU,Category 2,303.21,125.0,1,False,False,False,False,True
1960-09-11,AL051960,DONNA,HU,Category 1,273.77,90.0,1,False,False,False,True,True
1960-09-14,AL061960,ETHEL,HU,Category 3,296.58,100.0,1,False,False,False,True,True
1960-09-15,AL061960,ETHEL,HU,Category 1,183.49,80.0,1,False,False,True,True,True
1960-09-16,AL061960,ETHEL,TS,Tropical Storm,208.04,40.0,1,False,False,False,True,True
1960-09-17,AL061960,ETHEL,TD,Tropical Depression,355.41,20.0,1,False,False,False,False,True
1960-09-23,AL071960,FLORENCE,TS,Tropical Storm,396.16,35.0,1,False,False,False,False,True
1960-09-24,AL071960,FLORENCE,TD,Tropical Depression,290.77,50.0,1,False,False,False,True,True
1960-09-25,AL071960,FLORENCE,TD,Tropical Depression,85.0,25.0,1,False,True,True,True,True
1960-09-26,AL071960,FLORENCE,TD,Tropical Depression,58.98,20.0,1,False,True,True,True,True
1961-09-09,AL031961,CARLA,HU,Category 3,496.2,105.0,1,False,False,False,False,True
1961-09-13,AL061961,UNNAMED,TS,Tropical Storm,452.57,40.0,1,False,False,False,False,True
1961-09-14,AL061961,UNNAMED,TS,Tropical Storm,490.98,40.0,1,False,False,False,False,True
1962-06-28,AL061962,UNNAMED,EX,Tropical Storm,495.78,40.0,1,False,False,False,False,True
1962-08-26,AL011962,ALMA,TD,Tropical Depression,362.27,30.0,1,False,False,False,False,True
1962-08-27,AL011962,ALMA,TS,Tropical Storm,338.07,45.0,1,False,False,False,False,True
1963-10-23,AL081963,GINNY,HU,Category 1,438.5,70.0,1,False,False,False,False,True
1963-10-24,AL081963,GINNY,HU,Category 1,360.32,75.0,1,False,False,False,False,True
1963-10-25,AL081963,GINNY,HU,Category 1,364.79,80.0,1,False,False,False,False,True
1964-06-05,AL011964,UNNAMED,TD,Tropical Depression,277.04,30.0,1,False,False,False,True,True
1964-06-06,AL011964,UNNAMED,TD,Tropical Depression,171.34,30.0,1,False,False,True,True,True
1964-06-07,AL011964,UNNAMED,TS,Tropical Storm,357.9,50.0,1,False,False,False,False,True
1964-07-22,AL131964,UNNAMED,TD,Tropical Depression,375.87,20.0,1,False,False,False,False,True
1964-07-23,AL131964,UNNAMED,TD,Tropical Depression,441.9,20.0,1,False,False,False,False,True
1964-08-05,AL031964,ABBY,TD,Tropical Depression,228.79,25.0,1,False,False,False,True,True
1964-08-06,AL031964,ABBY,TD,Tropical Depression,273.95,25.0,1,False,False,False,True,True
1964-08-07,AL031964,ABBY,TD,Tropical Depression,479.5,30.0,1,False,False,False,False,True
1964-08-27,AL051964,CLEO,TS,Tropical Storm,340.54,95.0,1,False,False,False,False,True
1964-08-28,AL051964,CLEO,TS,Tropical Storm,264.68,55.0,1,False,False,False,True,True
1964-08-29,AL051964,CLEO,TS,Tropical Storm,277.35,50.0,1,False,False,False,True,True
1964-08-30,AL051964,CLEO,TS,Tropical Storm,310.88,35.0,1,False,False,False,False,True
1964-08-31,AL051964,CLEO,TD,Tropical Depression,492.16,25.0,1,False,False,False,False,True
1964-09-09,AL061964,DORA,HU,Category 2,307.87,90.0,1,False,False,False,False,True
1964-09-10,AL061964,DORA,TS,Tropical Storm,133.29,95.0,1,False,False,True,True,True
1964-09-11,AL061964,DORA,TS,Tropical Storm,73.11,45.0,1,False,True,True,True,True
1964-09-12,AL061964,DORA,TS,Tropical Storm,105.34,60.0,1,False,False,True,True,True
1964-09-13,AL061964,DORA,TS,Tropical Storm,330.77,60.0,1,False,False,False,False,True
1964-09-30,AL101964,HILDA,HU,Category 2,476.4,85.0,1,False,False,False,False,True
1964-10-01,AL101964,HILDA,HU,Category 3,483.7,120.0,1,False,False,False,False,True
1964-10-02,AL101964,HILDA,HU,Category 3,388.27,110.0,1,False,False,False,False,True
1964-10-03,AL101964,HILDA,HU,Category 2,346.77,100.0,1,False,False,False,False,True
1964-10-04,AL101964,HILDA,EX,Tropical Storm,114.51,70.0,1,False,False,True,True,True
1964-10-05,AL101964,HILDA,EX,Tropical Storm,36.55,50.0,1,True,True,True,True,True
1964-10-06,AL101964,HILDA,EX,Tropical Storm,403.45,45.0,1,False,False,False,False,True
1964-10-14,AL111964,ISBELL,HU,Category 2,398.82,100.0,1,False,False,False,False,True
1964-10-15,AL111964,ISBELL,HU,Category 1,426.39,80.0,1,False,False,False,False,True
1965-06-14,AL011965,UNNAMED,TS,Tropical Storm,270.89,45.0,1,False,False,False,True,True
1965-06-15,AL011965,UNNAMED,TS,Tropical Storm,60.69,50.0,1,False,True,True,True,True
1965-09-08,AL031965,BETSY,HU,Category 3,345.03,100.0,1,False,False,False,False,True
1965-09-09,AL031965,BETSY,HU,Category 3,236.74,115.0,1,False,False,False,True,True
1965-09-10,AL031965,BETSY,HU,Category 2,294.03,95.0,1,False,False,False,True,True
1965-09-11,AL031965,BETSY,TD,Tropical Depression,430.94,30.0,1,False,False,False,False,True
1965-09-27,AL051965,DEBBIE,TS,Tropical Storm,458.65,40.0,1,False,False,False,False,True
1965-09-28,AL051965,DEBBIE,TS,Tropical Storm,264.86,50.0,1,False,False,False,True,True
1965-09-29,AL051965,DEBBIE,TS,Tropical Storm,256.58,45.0,1,False,False,False,True,True
1965-10-18,AL091965,UNNAMED,TD,Tropical Depression,217.9,55.0,1,False,False,False,True,True
1965-10-19,AL091965,UNNAMED,TD,Tropical Depression,207.58,25.0,1,False,False,False,True,True
1966-06-08,AL011966,ALMA,HU,Category 2,336.33,100.0,1,False,False,False,False,True
1966-06-09,AL011966,ALMA,HU,Category 1,82.14,90.0,1,False,True,True,True,True
1966-06-10,AL011966,ALMA,TS,Tropical Storm,175.75,50.0,1,False,False,True,True,True
1966-06-11,AL011966,ALMA,TS,Tropical Storm,493.59,55.0,1,False,False,False,False,True
1966-06-29,AL121966,UNNAMED,TS,Tropical Storm,473.76,40.0,1,False,False,False,False,True
1966-06-30,AL121966,UNNAMED,TS,Tropical Storm,322.26,40.0,1,False,False,False,False,True
1966-07-01,AL121966,UNNAMED,TS,Tropical Storm,159.02,40.0,1,False,False,True,True,True
1966-07-02,AL121966,UNNAMED,TD,Tropical Depression,176.76,30.0,1,False,False,True,True,True
1966-07-25,AL131966,UNNAMED,TD,Tropical Depression,165.65,20.0,1,False,False,True,True,True
1966-07-26,AL131966,UNNAMED,TD,Tropical Depression,272.68,25.0,1,False,False,False,True,True
1966-07-27,AL131966,UNNAMED,TD,Tropical Depression,380.52,25.0,1,False,False,False,False,True
1966-10-04,AL091966,INEZ,HU,Category 2,451.44,85.0,1,False,False,False,False,True
1966-10-05,AL091966,INEZ,HU,Category 2,421.33,85.0,1,False,False,False,False,True
1966-10-06,AL091966,INEZ,HU,Category 2,446.19,85.0,1,False,False,False,False,True
1967-06-16,AL031967,UNNAMED,TS,Tropical Storm,491.41,35.0,1,False,False,False,False,True
1967-06-17,AL031967,UNNAMED,TS,Tropical Storm,447.21,35.0,1,False,False,False,False,True
1967-06-19,AL271967,UNNAMED,TD,Tropical Depression,462.24,25.0,1,False,False,False,False,True
1967-06-20,AL271967,UNNAMED,TD,Tropical Depression,492.11,25.0,1,False,False,False,False,True
1967-09-04,AL141967,DORIA,EX,Tropical Storm,463.75,35.0,1,False,False,False,False,True
1967-09-05,AL141967,DORIA,EX,Tropical Storm,469.65,35.0,1,False,False,False,False,True
1967-09-08,AL141967,DORIA,TD,Tropical Depression,437.37,30.0,1,False,False,False,False,True
1967-09-09,AL141967,DORIA,TS,Tropical Storm,428.92,50.0,1,False,False,False,False,True
1968-06-03,AL011968,ABBY,TS,Tropical Storm,381.75,50.0,1,False,False,False,False,True
1968-06-04,AL011968,ABBY,TS,Tropical Storm,303.45,55.0,1,False,False,False,False,True
1968-06-05,AL011968,ABBY,TS,Tropical Storm,325.79,65.0,1,False,False,False,False,True
1968-06-06,AL011968,ABBY,TS,Tropical Storm,254.29,65.0,1,False,False,False,True,True
1968-06-07,AL011968,ABBY,TS,Tropical Storm,249.39,40.0,1,False,False,False,True,True
1968-06-08,AL011968,ABBY,TD,Tropical Depression,311.94,30.0,1,False,False,False,False,True
1968-06-09,AL011968,ABBY,TD,Tropical Depression,483.24,25.0,1,False,False,False,False,True
1968-06-10,AL011968,ABBY,LO,Tropical Depression,473.9,25.0,1,False,False,False,False,True
1968-06-11,AL011968,ABBY,LO,Tropical Depression,464.67,25.0,1,False,False,False,False,True
1968-06-17,AL021968,BRENDA,TD,Tropical Depression,446.01,25.0,1,False,False,False,False,True
1968-06-18,AL021968,BRENDA,TD,Tropical Depression,363.06,25.0,1,False,False,False,False,True
1968-06-19,AL021968,BRENDA,TS,Tropical Storm,286.81,35.0,1,False,False,False,True,True
1968-06-20,AL021968,BRENDA,TS,Tropical Storm,300.55,35.0,1,False,False,False,False,True
1968-08-10,AL051968,DOLLY,TS,Tropical Storm,322.4,35.0,1,False,False,False,False,True
1968-08-11,AL051968,DOLLY,TS,Tropical Storm,351.1,40.0,1,False,False,False,False,True
1968-08-26,AL061968,UNNAMED,TD,Tropical Depression,216.26,25.0,1,False,False,False,True,True
1968-08-27,AL061968,UNNAMED,TD,Tropical Depression,140.11,25.0,1,False,False,True,True,True
1968-08-28,AL061968,UNNAMED,TD,Tropical Depression,166.45,25.0,1,False,False,True,True,True
1968-08-29,AL061968,UNNAMED,TD,Tropical Depression,191.54,25.0,1,False,False,True,True,True
1968-08-30,AL061968,UNNAMED,TD,Tropical Depression,256.59,25.0,1,False,False,False,True,True
1968-08-31,AL061968,UNNAMED,TD,Tropical Depression,254.35,25.0,1,False,False,False,True,True
1968-09-09,AL161968,UNNAMED,TD,Tropical Depression,475.36,25.0,1,False,False,False,False,True
1968-09-26,AL131968,UNNAMED,TD,Tropical Depression,433.11,30.0,1,False,False,False,False,True
1968-09-27,AL131968,UNNAMED,TD,Tropical Depression,417.41,30.0,1,False,False,False,False,True
1968-10-16,AL141968,GLADYS,TS,Tropical Storm,429.23,60.0,1,False,False,False,False,True
1968-10-17,AL141968,GLADYS,HU,Category 1,254.25,70.0,1,False,False,False,True,True
1968-10-18,AL141968,GLADYS,HU,Category 1,202.14,85.0,1,False,False,False,True,True
1968-10-19,AL141968,GLADYS,HU,Category 1,214.78,80.0,1,False,False,False,True,True
1969-06-09,AL031969,UNNAMED,TD,Tropical Depression,484.86,25.0,1,False,False,False,False,True
1969-08-16,AL091969,CAMILLE,HU,Category 5,351.96,150.0,1,False,False,False,False,True
1969-08-17,AL091969,CAMILLE,HU,Category 5,202.42,150.0,1,False,False,False,True,True
1969-08-18,AL091969,CAMILLE,HU,Category 4,233.98,115.0,1,False,False,False,True,True
1969-08-19,AL091969,CAMILLE,TD,Tropical Depression,455.43,30.0,1,False,False,False,False,True
1969-08-24,AL121969,EVE,TD,Tropical Depression,394.8,30.0,1,False,False,False,False,True
1969-08-25,AL121969,EVE,TD,Tropical Depression,490.09,30.0,1,False,False,False,False,True
1969-09-06,AL161969,GERDA,TD,Tropical Depression,418.41,25.0,1,False,False,False,False,True
1969-09-07,AL161969,GERDA,TD,Tropical Depression,347.95,35.0,1,False,False,False,False,True
1969-09-08,AL161969,GERDA,TS,Tropical Storm,369.97,60.0,1,False,False,False,False,True
1969-09-19,AL191969,UNNAMED,TD,Tropical Depression,354.13,30.0,1,False,False,False,False,True
1969-09-20,AL191969,UNNAMED,TD,Tropical Depression,137.38,30.0,1,False,False,True,True,True
1969-09-21,AL191969,UNNAMED,TD,Tropical Depression,22.18,30.0,1,True,True,True,True,True
1969-09-22,AL191969,UNNAMED,TD,Tropical Depression,62.55,25.0,1,False,True,True,True,True
1969-09-23,AL191969,UNNAMED,TD,Tropical Depression,69.25,20.0,1,False,True,True,True,True
1969-09-29,AL231969,UNNAMED,SS,Tropical Storm,389.0,40.0,1,False,False,False,False,True
1969-09-30,AL231969,UNNAMED,SS,Tropical Storm,229.0,50.0,1,False,False,False,True,True
1969-10-01,AL231969,UNNAMED,SS,Tropical Storm,66.62,50.0,1,False,True,True,True,True
1969-10-02,AL241969,JENNY,TS,Tropical Storm,349.75,40.0,2,False,False,False,False,True
1969-10-03,AL241969,JENNY,TD,Tropical Depression,298.62,30.0,1,False,False,False,True,True
1969-10-04,AL241969,JENNY,TD,Tropical Depression,235.22,25.0,1,False,False,False,True,True
1969-10-20,AL261969,LAURIE,HU,Category 1,443.73,80.0,1,False,False,False,False,True
1969-10-21,AL261969,LAURIE,HU,Category 1,304.05,80.0,1,False,False,False,False,True
1969-10-22,AL261969,LAURIE,HU,Category 1,309.17,70.0,1,False,False,False,False,True
1969-10-23,AL261969,LAURIE,TS,Tropical Storm,396.21,50.0,1,False,False,False,False,True
1969-10-24,AL261969,LAURIE,TS,Tropical Storm,476.86,40.0,1,False,False,False,False,True
1970-05-24,AL011970,ALMA,TD,Tropical Depression,203.36,30.0,1,False,False,False,True,True
1970-05-25,AL011970,ALMA,TD,Tropical Depression,175.06,40.0,1,False,False,True,True,True
1970-05-26,AL011970,ALMA,TS,Tropical Storm,376.2,40.0,1,False,False,False,False,True
1970-07-20,AL021970,BECKY,TS,Tropical Storm,359.05,50.0,1,False,False,False,False,True
1970-07-21,AL021970,BECKY,TS,Tropical Storm,126.51,55.0,1,False,False,True,True,True
1970-07-22,AL021970,BECKY,TS,Tropical Storm,32.85,45.0,1,True,True,True,True,True
1970-07-23,AL021970,BECKY,TD,Tropical Depression,365.1,20.0,1,False,False,False,False,True
1970-08-01,AL041970,CELIA,HU,Category 1,419.22,80.0,1,False,False,False,False,True
1970-08-02,AL041970,CELIA,HU,Category 1,406.59,80.0,1,False,False,False,False,True
1970-08-15,AL081970,UNNAMED,TD,Tropical Depression,483.02,30.0,1,False,False,False,False,True
1970-08-16,AL081970,UNNAMED,TS,Tropical Storm,420.41,40.0,1,False,False,False,False,True
1970-09-13,AL131970,FELICE,TD,Tropical Depression,457.02,30.0,1,False,False,False,False,True
1970-09-14,AL131970,FELICE,TS,Tropical Storm,262.76,45.0,1,False,False,False,True,True
1970-09-15,AL131970,FELICE,TS,Tropical Storm,258.91,60.0,1,False,False,False,True,True
1970-09-18,AL131970,FELICE,EX,Tropical Depression,492.28,20.0,1,False,False,False,False,True
1970-09-19,AL131970,FELICE,EX,Tropical Depression,457.5,15.0,1,False,False,False,False,True
1970-09-27,AL161970,GRETA,TD,Tropical Depression,415.63,35.0,1,False,False,False,False,True
1970-09-28,AL161970,GRETA,TD,Tropical Depression,371.4,30.0,1,False,False,False,False,True
1970-09-29,AL161970,GRETA,TD,Tropical Depression,389.12,30.0,1,False,False,False,False,True
1970-09-30,AL161970,GRETA,TD,Tropical Depression,423.2,30.0,1,False,False,False,False,True
1971-07-07,AL021971,UNNAMED,TD,Tropical Depression,384.7,25.0,1,False,False,False,False,True
1971-08-06,AL051971,UNNAMED,TD,Tropical Depression,273.11,25.0,1,False,False,False,True,True
1971-08-07,AL051971,UNNAMED,TD,Tropical Depression,196.99,25.0,1,False,False,True,True,True
1971-08-08,AL051971,UNNAMED,TD,Tropical Depression,193.01,25.0,1,False,False,True,True,True
1971-08-09,AL051971,UNNAMED,TD,Tropical Depression,244.65,25.0,1,False,False,False,True,True
1971-08-10,AL061971,BETH,TD,Tropical Depression,425.95,20.0,1,False,False,False,False,True
1971-08-11,AL061971,BETH,TD,Tropical Depression,467.95,30.0,1,False,False,False,False,True
1971-08-12,AL071971,UNNAMED,TD,Tropical Depression,310.93,25.0,1,False,False,False,False,True
1971-08-13,AL071971,UNNAMED,TD,Tropical Depression,303.96,25.0,1,False,False,False,False,True
1971-08-14,AL071971,UNNAMED,TD,Tropical Depression,251.08,20.0,1,False,False,False,True,True
1971-08-15,AL071971,UNNAMED,TD,Tropical Depression,148.35,25.0,1,False,False,True,True,True
1971-08-16,AL071971,UNNAMED,TD,Tropical Depression,103.81,25.0,1,False,False,True,True,True
1971-08-29,AL101971,UNNAMED,TD,Tropical Depression,487.59,25.0,1,False,False,False,False,True
1971-08-30,AL101971,UNNAMED,TD,Tropical Depression,254.37,25.0,1,False,False,False,True,True
1971-08-31,AL101971,UNNAMED,TD,Tropical Depression,234.45,25.0,1,False,False,False,True,True
1971-09-01,AL101971,UNNAMED,TD,Tropical Depression,275.86,25.0,1,False,False,False,True,True
1971-09-03,AL111971,FERN,TD,Tropical Depression,200.87,25.0,1,False,False,False,True,True
1971-09-04,AL111971,FERN,TD,Tropical Depression,218.33,25.0,1,False,False,False,True,True
1971-09-05,AL111971,FERN,TD,Tropical Depression,231.3,25.0,1,False,False,False,True,True
1971-09-06,AL111971,FERN,TD,Tropical Depression,273.84,25.0,1,False,False,False,True,True
1971-09-07,AL111971,FERN,TD,Tropical Depression,380.9,40.0,1,False,False,False,False,True
1971-09-08,AL111971,FERN,TS,Tropical Storm,493.89,45.0,1,False,False,False,False,True
1971-09-10,AL151971,UNNAMED,TD,Tropical Depression,410.96,25.0,1,False,False,False,False,True
1971-09-11,AL151971,UNNAMED,TD,Tropical Depression,323.81,20.0,1,False,False,False,False,True
1971-09-16,AL131971,EDITH,TS,Tropical Storm,272.8,85.0,1,False,False,False,True,True
1971-09-17,AL131971,EDITH,TD,Tropical Depression,227.21,30.0,1,False,False,False,True,True
1971-09-18,AL131971,EDITH,TD,Tropical Depression,274.44,25.0,1,False,False,False,True,True
1971-10-10,AL201971,UNNAMED,TD,Tropical Depression,450.76,25.0,1,False,False,False,False,True
1971-10-11,AL201971,UNNAMED,TD,Tropical Depression,362.02,25.0,1,False,False,False,False,True
1971-10-12,AL201971,UNNAMED,TD,Tropical Depression,269.36,25.0,1,False,False,False,True,True
1971-10-13,AL201971,UNNAMED,TD,Tropical Depression,116.35,25.0,1,False,False,True,True,True
1971-10-14,AL201971,UNNAMED,TD,Tropical Depression,44.5,25.0,1,True,True,True,True,True
1972-05-23,AL011972,ALPHA,SD,Tropical Depression,453.56,25.0,1,False,False,False,False,True
1972-05-27,AL011972,ALPHA,SD,Tropical Depression,247.25,55.0,1,False,False,False,True,True
1972-05-28,AL011972,ALPHA,SD,Tropical Depression,88.93,30.0,1,False,True,True,True,True
1972-05-29,AL011972,ALPHA,SD,Tropical Depression,123.39,25.0,1,False,False,True,True,True
1972-06-18,AL021972,AGNES,HU,Category 1,285.02,75.0,1,False,False,False,True,True
1972-06-19,AL021972,AGNES,HU,Category 1,37.1,75.0,1,True,True,True,True,True
1972-06-20,AL021972,AGNES,TD,Tropical Depression,107.24,30.0,1,False,False,True,True,True
1972-06-21,AL021972,AGNES,TD,Tropical Depression,411.65,30.0,1,False,False,False,False,True
1972-07-10,AL041972,UNNAMED,TD,Tropical Depression,438.68,25.0,1,False,False,False,False,True
1972-07-11,AL041972,UNNAMED,TD,Tropical Depression,431.79,25.0,1,False,False,False,False,True
1972-07-12,AL041972,UNNAMED,TD,Tropical Depression,493.79,25.0,1,False,False,False,False,True
1972-08-29,AL111972,CARRIE,TD,Tropical Depression,441.33,30.0,1,False,False,False,False,True
1972-09-05,AL131972,DAWN,TD,Tropical Depression,446.7,30.0,1,False,False,False,False,True
1972-09-06,AL131972,DAWN,TD,Tropical Depression,468.78,30.0,1,False,False,False,False,True
1972-09-12,AL131972,DAWN,TD,Tropical Depression,362.09,35.0,1,False,False,False,False,True
1972-09-13,AL131972,DAWN,TD,Tropical Depression,289.19,30.0,1,False,False,False,True,True
1972-09-14,AL131972,DAWN,TD,Tropical Depression,373.07,30.0,1,False,False,False,False,True
1973-06-24,AL031973,UNNAMED,TD,Tropical Depression,372.6,25.0,1,False,False,False,False,True
1973-06-25,AL031973,UNNAMED,TD,Tropical Depression,423.35,25.0,1,False,False,False,False,True
1973-06-26,AL031973,UNNAMED,TD,Tropical Depression,497.96,20.0,1,False,False,False,False,True
1973-09-02,AL101973,DELIA,TS,Tropical Storm,445.61,40.0,1,False,False,False,False,True
1973-09-03,AL101973,DELIA,TS,Tropical Storm,387.12,60.0,1,False,False,False,False,True
1973-09-04,AL101973,DELIA,TS,Tropical Storm,481.5,60.0,1,False,False,False,False,True
1973-09-08,AL111973,UNNAMED,TD,Tropical Depression,383.22,30.0,1,False,False,False,False,True
1973-09-09,AL111973,UNNAMED,TD,Tropical Depression,323.29,30.0,1,False,False,False,False,True
1973-09-10,AL111973,UNNAMED,TD,Tropical Depression,383.64,30.0,1,False,False,False,False,True
1973-09-24,AL131973,UNNAMED,TD,Tropical Depression,468.39,25.0,1,False,False,False,False,True
1973-09-25,AL131973,UNNAMED,TD,Tropical Depression,302.65,25.0,1,False,False,False,False,True
1973-09-26,AL131973,UNNAMED,TD,Tropical Depression,169.26,25.0,1,False,False,True,True,True
1974-06-24,AL021974,UNNAMED,SS,Tropical Storm,327.73,40.0,1,False,False,False,False,True
1974-06-25,AL021974,UNNAMED,SS,Tropical Storm,237.37,55.0,2,False,False,False,True,True
1974-06-26,AL011974,UNNAMED,TD,Tropical Depression,470.55,20.0,1,False,False,False,False,True
1974-07-13,AL041974,UNNAMED,TD,Tropical Depression,135.87,25.0,1,False,False,True,True,True
1974-07-14,AL041974,UNNAMED,TD,Tropical Depression,220.49,25.0,1,False,False,False,True,True
1974-07-15,AL041974,UNNAMED,TD,Tropical Depression,364.95,30.0,1,False,False,False,False,True
1974-08-24,AL081974,UNNAMED,TD,Tropical Depression,385.03,25.0,1,False,False,False,False,True
1974-08-25,AL081974,UNNAMED,TD,Tropical Depression,397.48,30.0,1,False,False,False,False,True
1974-09-06,AL101974,CARMEN,HU,Category 3,473.55,100.0,1,False,False,False,False,True
1974-09-07,AL101974,CARMEN,HU,Category 4,320.61,130.0,1,False,False,False,False,True
1974-09-08,AL101974,CARMEN,HU,Category 3,337.78,105.0,1,False,False,False,False,True
1974-09-25,AL161974,UNNAMED,TD,Tropical Depression,392.61,30.0,1,False,False,False,False,True
1974-09-26,AL161974,UNNAMED,TD,Tropical Depression,162.73,30.0,1,False,False,True,True,True
1974-09-27,AL161974,UNNAMED,TD,Tropical Depression,154.46,25.0,1,False,False,True,True,True
1974-10-06,AL181974,UNNAMED,SS,Tropical Storm,427.12,45.0,1,False,False,False,False,True
1974-10-07,AL181974,UNNAMED,SS,Tropical Storm,366.27,40.0,1,False,False,False,False,True
1975-06-26,AL021975,AMY,TD,Tropical Depression,445.87,25.0,1,False,False,False,False,True
1975-06-27,AL021975,AMY,TD,Tropical Depression,402.2,25.0,1,False,False,False,False,True
1975-06-28,AL021975,AMY,TD,Tropical Depression,443.84,25.0,1,False,False,False,False,True
1975-07-28,AL061975,UNNAMED,TD,Tropical Depression,79.41,30.0,1,False,True,True,True,True
1975-07-29,AL061975,UNNAMED,TD,Tropical Depression,164.42,30.0,1,False,False,True,True,True
1975-07-30,AL061975,UNNAMED,TD,Tropical Depression,286.24,25.0,1,False,False,False,True,True
1975-09-21,AL131975,ELOISE,TS,Tropical Storm,491.28,60.0,1,False,False,False,False,True
1975-09-22,AL131975,ELOISE,HU,Category 2,257.41,95.0,1,False,False,False,True,True
1975-09-23,AL131975,ELOISE,HU,Category 3,34.44,110.0,1,True,True,True,True,True
1975-09-24,AL131975,ELOISE,EX,Tropical Depression,458.86,20.0,1,False,False,False,False,True
1975-10-16,AL181975,UNNAMED,TD,Tropical Depression,365.25,30.0,1,False,False,False,False,True
1975-10-17,AL181975,UNNAMED,TD,Tropical Depression,255.47,25.0,1,False,False,False,True,True
1975-10-24,AL191975,HALLIE,SD,Tropical Depression,392.62,30.0,1,False,False,False,False,True
1975-10-25,AL191975,HALLIE,SD,Tropical Depression,348.67,30.0,1,False,False,False,False,True
1975-10-26,AL191975,HALLIE,TD,Tropical Depression,339.34,35.0,1,False,False,False,False,True
1975-11-10,AL211975,UNNAMED,TD,Tropical Depression,495.27,30.0,1,False,False,False,False,True
1975-11-11,AL211975,UNNAMED,TD,Tropical Depression,497.67,30.0,1,False,False,False,False,True
1976-05-21,AL011976,UNNAMED,SD,Tropical Depression,417.92,25.0,1,False,False,False,False,True
1976-05-22,AL011976,UNNAMED,SS,Tropical Storm,330.84,35.0,1,False,False,False,False,True
1976-05-23,AL011976,UNNAMED,SS,Tropical Storm,105.96,40.0,1,False,False,True,True,True
1976-05-24,AL011976,UNNAMED,SS,Tropical Storm,358.62,45.0,1,False,False,False,False,True
1976-06-07,AL021976,UNNAMED,TD,Tropical Depression,460.56,30.0,1,False,False,False,False,True
1976-06-11,AL031976,UNNAMED,TD,Tropical Depression,381.38,25.0,1,False,False,False,False,True
1976-08-17,AL081976,DOTTIE,TD,Tropical Depression,303.89,20.0,1,False,False,False,False,True
1976-08-18,AL081976,DOTTIE,TD,Tropical Depression,364.98,25.0,1,False,False,False,False,True
1976-08-19,AL081976,DOTTIE,TS,Tropical Storm,370.36,40.0,1,False,False,False,False,True
1976-08-20,AL081976,DOTTIE,TS,Tropical Storm,343.14,45.0,1,False,False,False,False,True
1976-08-21,AL081976,DOTTIE,TD,Tropical Depression,401.83,25.0,1,False,False,False,False,True
1976-09-05,AL131976,UNNAMED,TD,Tropical Depression,195.23,25.0,1,False,False,True,True,True
1976-09-06,AL131976,UNNAMED,TD,Tropical Depression,154.01,25.0,1,False,False,True,True,True
1976-09-07,AL131976,UNNAMED,TD,Tropical Depression,218.07,20.0,1,False,False,False,True,True
1976-09-13,AL141976,UNNAMED,SD,Tropical Depression,257.22,20.0,1,False,False,False,True,True
1976-09-14,AL141976,UNNAMED,SD,Tropical Depression,252.73,40.0,1,False,False,False,True,True
1976-09-15,AL141976,UNNAMED,SS,Tropical Storm,371.29,35.0,1,False,False,False,False,True
1976-09-22,AL161976,UNNAMED,TD,Tropical Depression,406.35,25.0,1,False,False,False,False,True
1976-09-23,AL161976,UNNAMED,TD,Tropical Depression,275.91,25.0,1,False,False,False,True,True
1976-09-24,AL161976,UNNAMED,TD,Tropical Depression,175.53,25.0,1,False,False,True,True,True
1977-07-18,AL021977,UNNAMED,TD,Tropical Depression,114.56,30.0,1,False,False,True,True,True
1977-07-19,AL021977,UNNAMED,TD,Tropical Depression,129.58,25.0,1,False,False,True,True,True
1977-07-25,AL031977,UNNAMED,TD,Tropical Depression,331.38,25.0,1,False,False,False,False,True
1977-07-26,AL031977,UNNAMED,TD,Tropical Depression,348.38,25.0,1,False,False,False,False,True
1977-08-29,AL051977,ANITA,TD,Tropical Depression,275.53,30.0,1,False,False,False,True,True
1977-08-30,AL051977,ANITA,TS,Tropical Storm,337.43,70.0,1,False,False,False,False,True
1977-08-31,AL051977,ANITA,HU,Category 1,434.65,80.0,1,False,False,False,False,True
1977-09-03,AL061977,BABE,SD,Tropical Depression,210.92,35.0,1,False,False,False,True,True
1977-09-04,AL061977,BABE,SS,Tropical Storm,378.64,60.0,1,False,False,False,False,True
1977-09-05,AL061977,BABE,HU,Category 1,330.72,65.0,2,False,False,False,False,True
1977-09-06,AL061977,BABE,TD,Tropical Depression,239.94,30.0,1,False,False,False,True,True
1977-09-07,AL061977,BABE,TD,Tropical Depression,250.9,25.0,1,False,False,False,True,True
1977-09-08,AL061977,BABE,TD,Tropical Depression,327.1,25.0,1,False,False,False,False,True
1977-10-24,AL151977,UNNAMED,TD,Tropical Depression,464.73,30.0,1,False,False,False,False,True
1977-10-25,AL151977,UNNAMED,TD,Tropical Depression,173.13,30.0,1,False,False,True,True,True
1978-06-21,AL021978,UNNAMED,TD,Tropical Depression,288.46,25.0,1,False,False,False,True,True
1978-06-22,AL021978,UNNAMED,TD,Tropical Depression,278.06,25.0,1,False,False,False,True,True
1978-08-05,AL051978,BESS,TD,Tropical Depression,438.91,20.0,1,False,False,False,False,True
1978-08-09,AL081978,UNNAMED,TD,Tropical Depression,306.73,25.0,1,False,False,False,False,True
1978-08-10,AL081978,UNNAMED,TD,Tropical Depression,214.06,25.0,1,False,False,False,True,True
1978-08-26,AL091978,DEBRA,TD,Tropical Depression,470.33,25.0,1,False,False,False,False,True
1978-08-28,AL091978,DEBRA,TS,Tropical Storm,472.86,50.0,1,False,False,False,False,True
1978-08-29,AL091978,DEBRA,TD,Tropical Depression,449.25,30.0,1,False,False,False,False,True
1978-08-30,AL111978,UNNAMED,TD,Tropical Depression,279.81,30.0,1,False,False,False,True,True
1978-08-31,AL111978,UNNAMED,TD,Tropical Depression,168.53,30.0,1,False,False,True,True,True
1978-09-01,AL111978,UNNAMED,TD,Tropical Depression,147.73,20.0,1,False,False,True,True,True
1978-09-11,AL151978,HOPE,SD,Tropical Depression,343.69,25.0,1,False,False,False,False,True
1978-09-12,AL151978,HOPE,SD,Tropical Depression,384.06,25.0,1,False,False,False,False,True
1979-06-15,AL011979,UNNAMED,TD,Tropical Depression,353.21,30.0,1,False,False,False,False,True
1979-06-16,AL011979,UNNAMED,TD,Tropical Depression,344.39,30.0,1,False,False,False,False,True
1979-07-10,AL051979,UNNAMED,TD,Tropical Depression,354.67,65.0,2,False,False,False,False,True
1979-07-11,AL041979,BOB,TS,Tropical Storm,272.7,65.0,1,False,False,False,True,True
1979-07-12,AL041979,BOB,TD,Tropical Depression,354.5,25.0,1,False,False,False,False,True
1979-07-21,AL061979,CLAUDETTE,TD,Tropical Depression,460.2,30.0,1,False,False,False,False,True
1979-07-22,AL061979,CLAUDETTE,TD,Tropical Depression,422.66,30.0,1,False,False,False,False,True
1979-07-23,AL061979,CLAUDETTE,TD,Tropical Depression,452.46,35.0,1,False,False,False,False,True
1979-07-24,AL061979,CLAUDETTE,TS,Tropical Storm,485.13,45.0,1,False,False,False,False,True
1979-08-29,AL121979,ELENA,TD,Tropical Depression,380.11,25.0,1,False,False,False,False,True
1979-08-30,AL121979,ELENA,TD,Tropical Depression,381.86,35.0,1,False,False,False,False,True
1979-09-03,AL091979,DAVID,HU,Category 2,348.26,85.0,1,False,False,False,False,True
1979-09-04,AL091979,DAVID,HU,Category 1,285.08,85.0,1,False,False,False,True,True
1979-09-05,AL091979,DAVID,TS,Tropical Storm,367.07,55.0,1,False,False,False,False,True
1979-09-10,AL111979,FREDERIC,HU,Category 1,483.48,75.0,1,False,False,False,False,True
1979-09-11,AL111979,FREDERIC,HU,Category 3,305.77,100.0,1,False,False,False,False,True
1979-09-12,AL111979,FREDERIC,HU,Category 4,139.08,115.0,1,False,False,True,True,True
1979-09-13,AL111979,FREDERIC,HU,Category 2,171.43,95.0,1,False,False,True,True,True
1979-09-14,AL111979,FREDERIC,TS,Tropical Storm,480.25,35.0,1,False,False,False,False,True
1979-09-22,AL151979,HENRI,TD,Tropical Depression,497.74,20.0,1,False,False,False,False,True
1979-09-23,AL151979,HENRI,TD,Tropical Depression,341.99,20.0,1,False,False,False,False,True
1979-09-24,AL151979,HENRI,EX,Tropical Depression,264.05,20.0,1,False,False,False,True,True
1980-07-17,AL011980,UNNAMED,TD,Tropical Depression,331.75,25.0,2,False,False,False,False,True
1980-07-18,AL011980,UNNAMED,TD,Tropical Depression,115.22,30.0,2,False,False,True,True,True
1980-07-19,AL011980,UNNAMED,TD,Tropical Depression,36.52,30.0,2,True,True,True,True,True
1980-07-20,AL011980,UNNAMED,TD,Tropical Depression,124.82,25.0,1,False,False,True,True,True
1980-07-23,AL031980,UNNAMED,TD,Tropical Depression,479.17,30.0,1,False,False,False,False,True
1980-09-04,AL111980,DANIELLE,TD,Tropical Depression,319.57,25.0,1,False,False,False,False,True
1980-09-05,AL111980,DANIELLE,TD,Tropical Depression,384.74,50.0,1,False,False,False,False,True
1980-11-10,AL161980,JEANNE,TS,Tropical Storm,444.51,55.0,1,False,False,False,False,True
1980-11-11,AL161980,JEANNE,TS,Tropical Storm,418.97,85.0,1,False,False,False,False,True
1980-11-12,AL161980,JEANNE,HU,Category 1,458.23,70.0,1,False,False,False,False,True
1980-11-16,AL171980,UNNAMED,TD,Tropical Depression,429.58,30.0,1,False,False,False,False,True
1980-11-17,AL171980,UNNAMED,TD,Tropical Depression,220.76,30.0,1,False,False,False,True,True
1980-11-18,AL171980,UNNAMED,TD,Tropical Depression,237.25,20.0,1,False,False,False,True,True
1981-07-02,AL071981,UNNAMED,TD,Tropical Depression,348.26,25.0,1,False,False,False,False,True
1981-07-03,AL071981,UNNAMED,TD,Tropical Depression,287.8,30.0,1,False,False,False,True,True
1981-08-16,AL101981,DENNIS,TS,Tropical Storm,451.58,35.0,1,False,False,False,False,True
1981-08-17,AL101981,DENNIS,TS,Tropical Storm,372.3,35.0,1,False,False,False,False,True
1981-08-18,AL101981,DENNIS,TS,Tropical Storm,312.6,35.0,1,False,False,False,False,True
1981-08-19,AL101981,DENNIS,TS,Tropical Storm,296.69,50.0,1,False,False,False,True,True
1982-06-03,AL011982,ALBERTO,HU,Category 1,394.65,75.0,1,False,False,False,False,True
1982-06-04,AL011982,ALBERTO,TD,Tropical Depression,361.24,55.0,1,False,False,False,False,True
1982-06-05,AL011982,ALBERTO,TD,Tropical Depression,351.46,25.0,1,False,False,False,False,True
1982-06-06,AL011982,ALBERTO,TD,Tropical Depression,360.45,25.0,1,False,False,False,False,True
1982-06-17,AL021982,UNNAMED,SD,Tropical Depression,301.61,25.0,1,False,False,False,False,True
1982-06-18,AL021982,UNNAMED,SS,Tropical Storm,201.96,60.0,1,False,False,False,True,True
1982-09-08,AL051982,CHRIS,SD,Tropical Depression,420.12,25.0,1,False,False,False,False,True
1982-09-09,AL051982,CHRIS,SD,Tropical Depression,449.27,25.0,1,False,False,False,False,True
1982-09-11,AL051982,CHRIS,TD,Tropical Depression,457.35,55.0,1,False,False,False,False,True
1982-09-12,AL051982,CHRIS,TD,Tropical Depression,455.69,30.0,1,False,False,False,False,True
1983-08-15,AL031983,ALICIA,TD,Tropical Depression,348.72,45.0,1,False,False,False,False,True
1983-08-16,AL031983,ALICIA,TS,Tropical Storm,437.37,65.0,1,False,False,False,False,True
1983-08-24,AL041983,BARRY,TS,Tropical Storm,435.29,45.0,1,False,False,False,False,True
1983-08-25,AL041983,BARRY,TD,Tropical Depression,245.62,40.0,1,False,False,False,True,True
1983-08-26,AL041983,BARRY,TD,Tropical Depression,267.99,30.0,1,False,False,False,True,True
1983-08-27,AL041983,BARRY,TD,Tropical Depression,436.5,35.0,1,False,False,False,False,True
1984-06-12,AL011984,UNNAMED,TD,Tropical Depression,403.1,30.0,1,False,False,False,False,True
1984-06-13,AL011984,UNNAMED,TD,Tropical Depression,234.82,30.0,1,False,False,False,True,True
1984-09-08,AL101984,DIANA,TS,Tropical Storm,409.05,45.0,1,False,False,False,False,True
1984-09-09,AL101984,DIANA,TS,Tropical Storm,320.53,60.0,1,False,False,False,False,True
1984-09-10,AL101984,DIANA,TS,Tropical Storm,324.52,80.0,1,False,False,False,False,True
1984-09-11,AL101984,DIANA,HU,Category 2,432.2,100.0,1,False,False,False,False,True
1984-09-27,AL151984,ISIDORE,TS,Tropical Storm,301.95,50.0,1,False,False,False,False,True
1984-09-28,AL151984,ISIDORE,TS,Tropical Storm,221.85,45.0,1,False,False,False,True,True
1984-09-29,AL151984,ISIDORE,TS,Tropical Storm,321.07,45.0,1,False,False,False,False,True
1984-10-26,AL171984,UNNAMED,TD,Tropical Depression,230.29,30.0,1,False,False,False,True,True
1984-10-27,AL171984,UNNAMED,TD,Tropical Depression,121.48,30.0,1,False,False,True,True,True
1984-11-23,AL191984,UNNAMED,TD,Tropical Depression,454.11,20.0,1,False,False,False,False,True
1985-07-21,AL021985,BOB,TD,Tropical Depression,288.46,25.0,1,False,False,False,True,True
1985-07-22,AL021985,BOB,TS,Tropical Storm,287.76,35.0,1,False,False,False,True,True
1985-07-23,AL021985,BOB,TS,Tropical Storm,298.17,40.0,1,False,False,False,True,True
1985-07-24,AL021985,BOB,HU,Category 1,313.0,65.0,1,False,False,False,False,True
1985-07-25,AL021985,BOB,TS,Tropical Storm,352.84,55.0,1,False,False,False,False,True
1985-08-09,AL031985,CLAUDETTE,SD,Tropical Depression,324.53,25.0,1,False,False,False,False,True
1985-08-13,AL041985,DANNY,TS,Tropical Storm,461.85,35.0,1,False,False,False,False,True
1985-08-14,AL041985,DANNY,HU,Category 1,418.96,70.0,1,False,False,False,False,True
1985-08-15,AL041985,DANNY,TS,Tropical Storm,401.34,80.0,1,False,False,False,False,True
1985-08-16,AL041985,DANNY,TD,Tropical Depression,352.59,40.0,1,False,False,False,False,True
1985-08-17,AL041985,DANNY,TD,Tropical Depression,338.35,30.0,1,False,False,False,False,True
1985-08-18,AL041985,DANNY,TD,Tropical Depression,447.67,25.0,1,False,False,False,False,True
1985-08-29,AL051985,ELENA,HU,Category 1,249.23,75.0,1,False,False,False,True,True
1985-08-30,AL051985,ELENA,HU,Category 2,120.29,90.0,1,False,False,True,True,True
1985-08-31,AL051985,ELENA,HU,Category 2,108.5,95.0,1,False,False,True,True,True
1985-09-01,AL051985,ELENA,HU,Category 3,51.12,110.0,1,False,True,True,True,True
1985-09-02,AL051985,ELENA,HU,Category 3,98.5,105.0,1,False,True,True,True,True
1985-09-03,AL051985,ELENA,TD,Tropical Depression,446.05,30.0,1,False,False,False,False,True
1985-10-09,AL111985,ISABEL,TS,Tropical Storm,482.77,55.0,1,False,False,False,False,True
1985-10-10,AL111985,ISABEL,TD,Tropical Depression,244.48,45.0,1,False,False,False,True,True
1985-10-11,AL111985,ISABEL,TD,Tropical Depression,247.15,30.0,1,False,False,False,True,True
1985-10-12,AL111985,ISABEL,TD,Tropical Depression,337.75,25.0,1,False,False,False,False,True
1985-10-13,AL111985,ISABEL,TD,Tropical Depression,430.03,25.0,1,False,False,False,False,True
1985-10-25,AL121985,JUAN,TD,Tropical Depression,486.48,30.0,1,False,False,False,False,True
1985-10-27,AL121985,JUAN,HU,Category 1,367.56,65.0,1,False,False,False,False,True
1985-10-28,AL121985,JUAN,HU,Category 1,363.03,75.0,1,False,False,False,False,True
1985-10-29,AL121985,JUAN,HU,Category 1,335.68,70.0,1,False,False,False,False,True
1985-10-30,AL121985,JUAN,TS,Tropical Storm,341.96,55.0,1,False,False,False,False,True
1985-10-31,AL121985,JUAN,TS,Tropical Storm,118.24,60.0,1,False,False,True,True,True
1985-11-01,AL121985,JUAN,TS,Tropical Storm,240.04,35.0,1,False,False,False,True,True
1985-11-19,AL131985,KATE,HU,Category 2,451.44,85.0,1,False,False,False,False,True
1985-11-20,AL131985,KATE,HU,Category 3,234.45,105.0,1,False,False,False,True,True
1985-11-21,AL131985,KATE,HU,Category 2,21.54,100.0,1,True,True,True,True,True
1985-11-22,AL131985,KATE,HU,Category 1,162.89,65.0,1,False,False,True,True,True
1986-06-05,AL011986,ANDREW,TS,Tropical Storm,493.66,35.0,1,False,False,False,False,True
1986-06-06,AL011986,ANDREW,TS,Tropical Storm,462.22,45.0,1,False,False,False,False,True
1986-06-23,AL021986,BONNIE,TD,Tropical Depression,325.27,25.0,1,False,False,False,False,True
1986-06-24,AL021986,BONNIE,TD,Tropical Depression,321.61,45.0,1,False,False,False,False,True
1986-06-25,AL021986,BONNIE,TS,Tropical Storm,393.93,70.0,1,False,False,False,False,True
1986-06-26,AL021986,BONNIE,HU,Category 1,485.14,75.0,1,False,False,False,False,True
1986-08-13,AL051986,CHARLEY,SD,Tropical Depression,103.41,10.0,1,False,False,True,True,True
1986-08-14,AL051986,CHARLEY,SD,Tropical Depression,202.5,15.0,1,False,False,False,True,True
1986-08-15,AL051986,CHARLEY,SD,Tropical Depression,370.38,40.0,1,False,False,False,False,True
1986-08-16,AL051986,CHARLEY,TS,Tropical Storm,488.28,40.0,1,False,False,False,False,True
1987-05-31,AL011987,UNNAMED,TD,Tropical Depression,466.51,25.0,1,False,False,False,False,True
1987-08-10,AL031987,UNNAMED,TD,Tropical Depression,474.56,25.0,1,False,False,False,False,True
1987-08-11,AL031987,UNNAMED,TD,Tropical Depression,318.72,25.0,1,False,False,False,False,True
1987-08-12,AL031987,UNNAMED,TD,Tropical Depression,219.28,25.0,1,False,False,False,True,True
1987-08-13,AL031987,UNNAMED,TD,Tropical Depression,128.18,20.0,1,False,False,True,True,True
1987-08-14,AL031987,UNNAMED,TD,Tropical Depression,36.12,15.0,1,True,True,True,True,True
1987-08-15,AL031987,UNNAMED,TD,Tropical Depression,18.31,15.0,1,True,True,True,True,True
1987-08-16,AL031987,UNNAMED,TD,Tropical Depression,103.48,15.0,1,False,False,True,True,True
1987-08-17,AL031987,UNNAMED,TD,Tropical Depression,233.84,10.0,1,False,False,False,True,True
1987-09-06,AL091987,UNNAMED,TD,Tropical Depression,477.15,25.0,1,False,False,False,False,True
1987-09-07,AL091987,UNNAMED,TD,Tropical Depression,422.52,30.0,1,False,False,False,False,True
1987-10-12,AL131987,FLOYD,HU,Category 1,455.76,65.0,1,False,False,False,False,True
1987-11-03,AL141987,UNNAMED,TD,Tropical Depression,325.5,25.0,1,False,False,False,False,True
1987-11-04,AL141987,UNNAMED,TD,Tropical Depression,245.36,25.0,1,False,False,False,True,True
1988-06-02,AL131988,UNNAMED,TD,Tropical Depression,498.4,20.0,1,False,False,False,False,True
1988-08-07,AL021988,BERYL,TD,Tropical Depression,273.37,25.0,1,False,False,False,True,True
1988-08-08,AL021988,BERYL,TS,Tropical Storm,210.1,45.0,1,False,False,False,True,True
1988-08-09,AL021988,BERYL,TS,Tropical Storm,228.78,45.0,1,False,False,False,True,True
1988-08-10,AL021988,BERYL,TD,Tropical Depression,387.51,30.0,1,False,False,False,False,True
1988-08-13,AL141988,UNNAMED,TD,Tropical Depression,372.46,30.0,1,False,False,False,False,True
1988-08-14,AL141988,UNNAMED,TD,Tropical Depression,223.98,30.0,1,False,False,False,True,True
1988-08-27,AL031988,CHRIS,TD,Tropical Depression,432.25,30.0,1,False,False,False,False,True
1988-08-28,AL031988,CHRIS,TS,Tropical Storm,297.26,45.0,1,False,False,False,True,True
1988-08-29,AL031988,CHRIS,EX,Tropical Depression,491.94,20.0,1,False,False,False,False,True
1988-09-03,AL171988,UNNAMED,TD,Tropical Depression,491.56,30.0,1,False,False,False,False,True
1988-09-04,AL171988,UNNAMED,TD,Tropical Depression,434.33,25.0,1,False,False,False,False,True
1988-09-08,AL071988,FLORENCE,TS,Tropical Storm,461.54,50.0,1,False,False,False,False,True
1988-09-09,AL071988,FLORENCE,HU,Category 1,225.82,70.0,1,False,False,False,True,True
1988-09-10,AL071988,FLORENCE,TS,Tropical Storm,239.55,60.0,1,False,False,False,True,True
1988-09-11,AL071988,FLORENCE,TD,Tropical Depression,480.37,15.0,1,False,False,False,False,True
1988-11-21,AL121988,KEITH,TS,Tropical Storm,491.67,60.0,1,False,False,False,False,True
1988-11-22,AL121988,KEITH,TS,Tropical Storm,267.19,55.0,1,False,False,False,True,True
1988-11-23,AL121988,KEITH,TS,Tropical Storm,263.84,55.0,1,False,False,False,True,True
1989-06-28,AL021989,ALLISON,EX,Tropical Depression,477.9,30.0,1,False,False,False,False,True
1989-07-30,AL041989,CHANTAL,TD,Tropical Depression,492.1,30.0,1,False,False,False,False,True
1989-07-31,AL041989,CHANTAL,TS,Tropical Storm,444.51,65.0,1,False,False,False,False,True
1989-08-01,AL041989,CHANTAL,HU,Category 1,477.8,70.0,1,False,False,False,False,True
1989-09-21,AL111989,HUGO,HU,Category 4,395.25,120.0,1,False,False,False,False,True
1989-09-22,AL111989,HUGO,HU,Category 2,394.89,85.0,1,False,False,False,False,True
1990-05-25,AL011990,UNNAMED,TD,Tropical Depression,475.59,25.0,1,False,False,False,False,True
1990-05-26,AL011990,UNNAMED,TD,Tropical Depression,475.59,25.0,1,False,False,False,False,True
1990-10-10,AL151990,MARCO,TS,Tropical Storm,342.96,50.0,1,False,False,False,False,True
1990-10-11,AL151990,MARCO,TD,Tropical Depression,173.12,55.0,1,False,False,True,True,True
1990-10-12,AL151990,MARCO,TD,Tropical Depression,167.45,20.0,1,False,False,True,True,True
1990-10-13,AL151990,MARCO,EX,Tropical Depression,354.83,15.0,1,False,False,False,False,True
1991-06-29,AL011991,ANA,LO,Tropical Depression,455.26,20.0,1,False,False,False,False,True
1991-06-30,AL011991,ANA,LO,Tropical Depression,267.95,20.0,1,False,False,False,True,True
1991-07-01,AL011991,ANA,LO,Tropical Depression,217.9,20.0,1,False,False,False,True,True
1991-07-02,AL011991,ANA,LO,Tropical Depression,282.89,25.0,1,False,False,False,True,True
1991-10-16,AL091991,FABIAN,TS,Tropical Storm,497.3,40.0,1,False,False,False,False,True
1992-06-25,AL021992,UNNAMED,TD,Tropical Depression,228.45,30.0,1,False,False,False,True,True
1992-06-26,AL021992,UNNAMED,TD,Tropical Depression,203.45,30.0,1,False,False,False,True,True
1992-08-24,AL041992,ANDREW,HU,Category 4,274.81,145.0,1,False,False,False,True,True
1992-08-25,AL041992,ANDREW,HU,Category 4,250.59,125.0,1,False,False,False,True,True
1992-08-26,AL041992,ANDREW,TS,Tropical Storm,332.48,120.0,1,False,False,False,False,True
1992-08-27,AL041992,ANDREW,TD,Tropical Depression,286.67,30.0,1,False,False,False,True,True
1992-08-28,AL041992,ANDREW,TD,Tropical Depression,378.05,20.0,1,False,False,False,False,True
1992-09-28,AL091992,EARL,TD,Tropical Depression,385.33,30.0,1,False,False,False,False,True
1992-09-29,AL091992,EARL,TD,Tropical Depression,376.96,40.0,1,False,False,False,False,True
1992-09-30,AL091992,EARL,TS,Tropical Storm,456.26,40.0,1,False,False,False,False,True
1994-07-01,AL011994,ALBERTO,TS,Tropical Storm,451.86,35.0,1,False,False,False,False,True
1994-07-02,AL011994,ALBERTO,TS,Tropical Storm,179.61,45.0,1,False,False,True,True,True
1994-07-03,AL011994,ALBERTO,TS,Tropical Storm,49.73,55.0,1,True,True,True,True,True
1994-07-04,AL011994,ALBERTO,TD,Tropical Depression,109.29,20.0,1,False,False,True,True,True
1994-07-05,AL011994,ALBERTO,TD,Tropical Depression,217.99,20.0,1,False,False,False,True,True
1994-07-06,AL011994,ALBERTO,TD,Tropical Depression,181.06,15.0,1,False,False,True,True,True
1994-07-07,AL011994,ALBERTO,TD,Tropical Depression,185.16,10.0,1,False,False,True,True,True
1994-07-20,AL021994,UNNAMED,TD,Tropical Depression,424.86,30.0,1,False,False,False,False,True
1994-07-21,AL021994,UNNAMED,TD,Tropical Depression,445.57,15.0,1,False,False,False,False,True
1994-08-14,AL031994,BERYL,TD,Tropical Depression,55.07,25.0,1,False,True,True,True,True
1994-08-15,AL031994,BERYL,TS,Tropical Storm,11.62,50.0,1,True,True,True,True,True
1994-08-16,AL031994,BERYL,TS,Tropical Storm,31.93,50.0,1,True,True,True,True,True
1994-08-17,AL031994,BERYL,TD,Tropical Depression,316.53,15.0,1,False,False,False,False,True
1994-09-30,AL101994,UNNAMED,TD,Tropical Depression,423.52,30.0,1,False,False,False,False,True
1994-11-15,AL121994,GORDON,TS,Tropical Storm,381.49,45.0,1,False,False,False,False,True
1994-11-16,AL121994,GORDON,TS,Tropical Storm,335.6,55.0,1,False,False,False,False,True
1994-11-17,AL121994,GORDON,TS,Tropical Storm,441.33,55.0,1,False,False,False,False,True
1994-11-20,AL121994,GORDON,TD,Tropical Depression,328.79,25.0,1,False,False,False,False,True
1994-11-21,AL121994,GORDON,TD,Tropical Depression,247.15,20.0,1,False,False,False,True,True
1995-06-04,AL011995,ALLISON,HU,Category 1,175.89,65.0,1,False,False,True,True,True
1995-06-05,AL011995,ALLISON,TS,Tropical Storm,71.59,60.0,1,False,True,True,True,True
1995-06-06,AL011995,ALLISON,EX,Tropical Storm,306.33,35.0,1,False,False,False,False,True
1995-07-28,AL041995,DEAN,TD,Tropical Depression,276.32,30.0,1,False,False,False,True,True
1995-07-29,AL041995,DEAN,TD,Tropical Depression,301.67,30.0,1,False,False,False,False,True
1995-07-30,AL041995,DEAN,TD,Tropical Depression,401.09,30.0,1,False,False,False,False,True
1995-08-01,AL051995,ERIN,HU,Category 1,465.27,75.0,1,False,False,False,False,True
1995-08-02,AL051995,ERIN,HU,Category 1,110.55,75.0,1,False,False,True,True,True
1995-08-03,AL051995,ERIN,HU,Category 1,56.71,85.0,1,False,True,True,True,True
1995-08-04,AL051995,ERIN,TS,Tropical Storm,249.45,35.0,1,False,False,False,True,True
1995-08-05,AL051995,ERIN,TD,Tropical Depression,444.07,20.0,1,False,False,False,False,True
1995-08-23,AL111995,JERRY,TS,Tropical Storm,372.14,35.0,1,False,False,False,False,True
1995-08-24,AL111995,JERRY,TD,Tropical Depression,186.99,35.0,1,False,False,True,True,True
1995-08-25,AL111995,JERRY,TD,Tropical Depression,144.41,30.0,1,False,False,True,True,True
1995-08-26,AL111995,JERRY,TD,Tropical Depression,145.36,20.0,1,False,False,True,True,True
1995-08-27,AL111995,JERRY,TD,Tropical Depression,256.74,20.0,1,False,False,False,True,True
1995-10-03,AL171995,OPAL,HU,Category 3,472.13,100.0,1,False,False,False,False,True
1995-10-04,AL171995,OPAL,HU,Category 3,82.69,130.0,1,False,True,True,True,True
1995-10-05,AL171995,OPAL,TS,Tropical Storm,214.25,50.0,1,False,False,False,True,True
1996-06-17,AL011996,ARTHUR,TD,Tropical Depression,479.47,25.0,1,False,False,False,False,True
1996-06-18,AL011996,ARTHUR,TD,Tropical Depression,416.01,35.0,1,False,False,False,False,True
1996-06-19,AL011996,ARTHUR,TS,Tropical Storm,447.21,40.0,1,False,False,False,False,True
1996-07-11,AL021996,BERTHA,HU,Category 1,444.42,75.0,1,False,False,False,False,True
1996-07-12,AL021996,BERTHA,HU,Category 1,430.14,85.0,1,False,False,False,False,True
1996-09-05,AL061996,FRAN,HU,Category 3,491.96,100.0,1,False,False,False,False,True
1996-10-06,AL101996,JOSEPHINE,TS,Tropical Storm,428.34,40.0,1,False,False,False,False,True
1996-10-07,AL101996,JOSEPHINE,TS,Tropical Storm,93.26,60.0,1,False,True,True,True,True
1996-10-08,AL101996,JOSEPHINE,EX,Tropical Storm,211.07,45.0,1,False,False,False,True,True
1997-07-16,AL051997,DANNY,TD,Tropical Depression,431.14,30.0,1,False,False,False,False,True
1997-07-17,AL051997,DANNY,TS,Tropical Storm,281.76,55.0,1,False,False,False,True,True
1997-07-18,AL051997,DANNY,HU,Category 1,161.39,70.0,1,False,False,True,True,True
1997-07-19,AL051997,DANNY,TS,Tropical Storm,112.31,70.0,1,False,False,True,True,True
1997-07-20,AL051997,DANNY,TS,Tropical Storm,104.83,45.0,1,False,False,True,True,True
1997-07-21,AL051997,DANNY,TD,Tropical Depression,137.58,20.0,1,False,False,True,True,True
1997-07-22,AL051997,DANNY,TD,Tropical Depression,221.58,20.0,1,False,False,False,True,True
1997-07-23,AL051997,DANNY,TD,Tropical Depression,276.39,20.0,1,False,False,False,True,True
1997-07-24,AL051997,DANNY,TD,Tropical Depression,426.22,20.0,1,False,False,False,False,True
1998-09-01,AL051998,EARL,TS,Tropical Storm,418.96,50.0,1,False,False,False,False,True
1998-09-02,AL051998,EARL,HU,Category 1,81.41,85.0,1,False,True,True,True,True
1998-09-03,AL051998,EARL,HU,Category 1,2.49,70.0,1,True,True,True,True,True
1998-09-04,AL051998,EARL,EX,Tropical Storm,495.58,50.0,1,False,False,False,False,True
1998-09-17,AL081998,HERMINE,TD,Tropical Depression,355.79,30.0,1,False,False,False,False,True
1998-09-18,AL081998,HERMINE,TD,Tropical Depression,485.34,30.0,1,False,False,False,False,True
1998-09-19,AL081998,HERMINE,TS,Tropical Storm,320.25,40.0,1,False,False,False,False,True
1998-09-20,AL081998,HERMINE,TD,Tropical Depression,261.12,35.0,1,False,False,False,True,True
1998-09-25,AL071998,GEORGES,HU,Category 2,396.9,90.0,1,False,False,False,False,True
1998-09-26,AL071998,GEORGES,HU,Category 2,220.91,95.0,1,False,False,False,True,True
1998-09-27,AL071998,GEORGES,HU,Category 2,175.72,95.0,1,False,False,True,True,True
1998-09-28,AL071998,GEORGES,HU,Category 2,179.19,90.0,1,False,False,True,True,True
1998-09-29,AL071998,GEORGES,TD,Tropical Depression,83.85,40.0,1,False,True,True,True,True
1998-09-30,AL071998,GEORGES,TD,Tropical Depression,44.33,30.0,1,True,True,True,True,True
1998-10-01,AL071998,GEORGES,TD,Tropical Depression,235.83,20.0,1,False,False,False,True,True
1998-11-04,AL131998,MITCH,TS,Tropical Storm,372.31,45.0,1,False,False,False,False,True
1998-11-05,AL131998,MITCH,TS,Tropical Storm,351.47,55.0,1,False,False,False,False,True
1999-08-29,AL051999,DENNIS,HU,Category 2,438.75,90.0,1,False,False,False,False,True
1999-09-15,AL081999,FLOYD,HU,Category 2,396.56,110.0,1,False,False,False,False,True
1999-09-19,AL101999,HARVEY,TS,Tropical Storm,283.15,40.0,1,False,False,False,True,True
1999-09-20,AL101999,HARVEY,TS,Tropical Storm,216.37,50.0,1,False,False,False,True,True
1999-09-21,AL101999,HARVEY,TS,Tropical Storm,274.07,50.0,1,False,False,False,True,True
1999-10-15,AL131999,IRENE,HU,Category 1,418.32,70.0,1,False,False,False,False,True
1999-10-16,AL131999,IRENE,HU,Category 1,359.14,65.0,1,False,False,False,False,True
1999-10-17,AL131999,IRENE,HU,Category 1,354.25,70.0,1,False,False,False,False,True
2000-08-09,AL042000,UNNAMED,TD,Tropical Depression,454.84,30.0,1,False,False,False,False,True
2000-08-10,AL042000,UNNAMED,TD,Tropical Depression,407.68,30.0,1,False,False,False,False,True
2000-09-08,AL092000,UNNAMED,TD,Tropical Depression,481.28,30.0,1,False,False,False,False,True
2000-09-09,AL092000,UNNAMED,TD,Tropical Depression,487.51,25.0,1,False,False,False,False,True
2000-09-16,AL112000,GORDON,HU,Category 1,340.88,65.0,1,False,False,False,False,True
2000-09-17,AL112000,GORDON,TS,Tropical Storm,162.17,70.0,1,False,False,True,True,True
2000-09-18,AL112000,GORDON,TS,Tropical Storm,164.95,40.0,1,False,False,True,True,True
2000-09-20,AL122000,HELENE,TD,Tropical Depression,430.71,25.0,1,False,False,False,False,True
2000-09-21,AL122000,HELENE,TS,Tropical Storm,148.51,60.0,1,False,False,True,True,True
2000-09-22,AL122000,HELENE,TS,Tropical Storm,58.0,50.0,1,False,True,True,True,True
2000-09-23,AL122000,HELENE,TD,Tropical Depression,336.94,25.0,1,False,False,False,False,True
2000-10-04,AL162000,LESLIE,SD,Tropical Depression,271.57,30.0,1,False,False,False,True,True
2000-10-05,AL162000,LESLIE,SD,Tropical Depression,427.32,30.0,1,False,False,False,False,True
2001-06-10,AL012001,ALLISON,SD,Tropical Depression,353.55,30.0,1,False,False,False,False,True
2001-06-11,AL012001,ALLISON,SD,Tropical Depression,128.18,40.0,1,False,False,True,True,True
2001-06-12,AL012001,ALLISON,SD,Tropical Depression,117.79,20.0,1,False,False,True,True,True
2001-06-13,AL012001,ALLISON,SD,Tropical Depression,331.7,25.0,1,False,False,False,False,True
2001-08-02,AL032001,BARRY,TS,Tropical Storm,257.49,45.0,1,False,False,False,True,True
2001-08-03,AL032001,BARRY,TS,Tropical Storm,235.78,35.0,1,False,False,False,True,True
2001-08-04,AL032001,BARRY,TS,Tropical Storm,217.13,35.0,1,False,False,False,True,True
2001-08-05,AL032001,BARRY,TS,Tropical Storm,55.07,60.0,1,False,True,True,True,True
2001-08-06,AL032001,BARRY,TS,Tropical Storm,38.96,60.0,1,True,True,True,True,True
2001-08-07,AL032001,BARRY,LO,Tropical Depression,332.55,15.0,1,False,False,False,False,True
2001-09-11,AL082001,GABRIELLE,TD,Tropical Depression,313.42,25.0,1,False,False,False,False,True
2001-09-12,AL082001,GABRIELLE,TD,Tropical Depression,308.97,30.0,1,False,False,False,False,True
2001-09-13,AL082001,GABRIELLE,TS,Tropical Storm,335.01,45.0,1,False,False,False,False,True
2001-09-14,AL082001,GABRIELLE,TS,Tropical Storm,279.06,60.0,1,False,False,False,True,True
2001-09-15,AL082001,GABRIELLE,TS,Tropical Storm,309.31,50.0,1,False,False,False,False,True
2002-08-04,AL022002,BERTHA,TD,Tropical Depression,183.72,35.0,1,False,False,True,True,True
2002-08-05,AL022002,BERTHA,TS,Tropical Storm,240.62,35.0,1,False,False,False,True,True
2002-08-06,AL022002,BERTHA,TD,Tropical Depression,340.85,20.0,1,False,False,False,False,True
2002-08-07,AL022002,BERTHA,TD,Tropical Depression,388.54,25.0,1,False,False,False,False,True
2002-09-01,AL052002,EDOUARD,TD,Tropical Depression,398.09,30.0,1,False,False,False,False,True
2002-09-02,AL052002,EDOUARD,TS,Tropical Storm,360.37,35.0,1,False,False,False,False,True
2002-09-03,AL052002,EDOUARD,TS,Tropical Storm,396.92,55.0,1,False,False,False,False,True
2002-09-04,AL052002,EDOUARD,TS,Tropical Storm,282.16,35.0,1,False,False,False,True,True
2002-09-05,AL052002,EDOUARD,TD,Tropical Depression,162.39,25.0,1,False,False,True,True,True
2002-09-06,AL052002,EDOUARD,TD,Tropical Depression,113.45,20.0,1,False,False,True,True,True
2002-09-11,AL092002,HANNA,TD,Tropical Depression,269.53,30.0,1,False,False,False,True,True
2002-09-12,AL092002,HANNA,TS,Tropical Storm,223.79,35.0,1,False,False,False,True,True
2002-09-13,AL092002,HANNA,TS,Tropical Storm,255.86,50.0,1,False,False,False,True,True
2002-09-14,AL092002,HANNA,TD,Tropical Depression,121.26,50.0,1,False,False,True,True,True
2002-09-15,AL092002,HANNA,TD,Tropical Depression,130.53,20.0,1,False,False,True,True,True
2002-09-25,AL102002,ISIDORE,TS,Tropical Storm,330.76,55.0,1,False,False,False,False,True
2002-09-26,AL102002,ISIDORE,TS,Tropical Storm,249.5,55.0,1,False,False,False,True,True
2002-09-27,AL102002,ISIDORE,TD,Tropical Depression,339.8,20.0,1,False,False,False,False,True
2002-10-01,AL132002,LILI,HU,Category 2,492.29,90.0,1,False,False,False,False,True
2002-10-02,AL132002,LILI,HU,Category 4,364.8,125.0,1,False,False,False,False,True
2002-10-03,AL132002,LILI,HU,Category 3,369.7,105.0,1,False,False,False,False,True
2002-10-04,AL132002,LILI,TD,Tropical Depression,406.34,30.0,1,False,False,False,False,True
2002-10-10,AL122002,KYLE,TD,Tropical Depression,331.75,30.0,1,False,False,False,False,True
2002-10-11,AL122002,KYLE,TS,Tropical Storm,296.41,35.0,1,False,False,False,True,True
2003-06-29,AL032003,BILL,TS,Tropical Storm,447.82,45.0,1,False,False,False,False,True
2003-06-30,AL032003,BILL,TS,Tropical Storm,273.37,50.0,1,False,False,False,True,True
2003-07-01,AL032003,BILL,TD,Tropical Depression,234.97,30.0,1,False,False,False,True,True
2003-07-02,AL032003,BILL,TD,Tropical Depression,344.35,20.0,1,False,False,False,False,True
2003-07-12,AL042003,CLAUDETTE,TS,Tropical Storm,496.2,45.0,1,False,False,False,False,True
2003-07-14,AL042003,CLAUDETTE,TS,Tropical Storm,479.75,60.0,1,False,False,False,False,True
2003-07-25,AL072003,UNNAMED,TD,Tropical Depression,296.41,30.0,1,False,False,False,True,True
2003-07-26,AL072003,UNNAMED,TD,Tropical Depression,255.5,25.0,1,False,False,False,True,True
2003-08-14,AL082003,ERIKA,TS,Tropical Storm,243.56,40.0,1,False,False,False,True,True
2003-08-15,AL082003,ERIKA,TS,Tropical Storm,301.14,45.0,1,False,False,False,False,True
2003-09-03,AL122003,HENRI,TD,Tropical Depression,214.76,25.0,1,False,False,False,True,True
2003-09-04,AL122003,HENRI,TD,Tropical Depression,164.3,30.0,1,False,False,True,True,True
2003-09-05,AL122003,HENRI,TS,Tropical Storm,156.24,50.0,1,False,False,True,True,True
2003-09-06,AL122003,HENRI,TD,Tropical Depression,215.08,30.0,1,False,False,False,True,True
2003-09-07,AL122003,HENRI,TD,Tropical Depression,390.3,30.0,1,False,False,False,False,True
2004-07-31,AL012004,ALEX,TD,Tropical Depression,416.63,25.0,1,False,False,False,False,True
2004-08-01,AL012004,ALEX,TS,Tropical Storm,393.14,35.0,1,False,False,False,False,True
2004-08-02,AL012004,ALEX,TS,Tropical Storm,385.94,60.0,1,False,False,False,False,True
2004-08-10,AL022004,BONNIE,TS,Tropical Storm,479.16,45.0,1,False,False,False,False,True
2004-08-11,AL022004,BONNIE,TS,Tropical Storm,285.15,55.0,1,False,False,False,True,True
2004-08-12,AL022004,BONNIE,TS,Tropical Storm,52.35,45.0,1,False,True,True,True,True
2004-08-13,AL032004,CHARLEY,HU,Category 1,285.85,130.0,2,False,False,False,True,True
2004-08-14,AL032004,CHARLEY,HU,Category 1,294.64,75.0,1,False,False,False,True,True
2004-08-27,AL072004,GASTON,TD,Tropical Depression,466.52,30.0,1,False,False,False,False,True
2004-08-28,AL072004,GASTON,TS,Tropical Storm,404.66,55.0,1,False,False,False,False,True
2004-08-29,AL072004,GASTON,TS,Tropical Storm,398.45,65.0,1,False,False,False,False,True
2004-09-04,AL062004,FRANCES,HU,Category 2,391.38,95.0,1,False,False,False,False,True
2004-09-05,AL062004,FRANCES,TS,Tropical Storm,249.87,90.0,1,False,False,False,True,True
2004-09-06,AL062004,FRANCES,TS,Tropical Storm,90.41,55.0,1,False,True,True,True,True
2004-09-07,AL062004,FRANCES,TD,Tropical Depression,104.41,30.0,1,False,False,True,True,True
2004-09-08,AL062004,FRANCES,TD,Tropical Depression,300.32,25.0,1,False,False,False,False,True
2004-09-14,AL092004,IVAN,HU,Category 4,382.83,125.0,1,False,False,False,False,True
2004-09-15,AL092004,IVAN,HU,Category 3,170.93,120.0,1,False,False,True,True,True
2004-09-16,AL092004,IVAN,HU,Category 3,129.73,105.0,1,False,False,True,True,True
2004-09-17,AL092004,IVAN,TD,Tropical Depression,316.11,25.0,1,False,False,False,False,True
2004-09-19,AL092004,IVAN,EX,Tropical Storm,493.24,35.0,1,False,False,False,False,True
2004-09-20,AL092004,IVAN,EX,Tropical Storm,441.33,35.0,1,False,False,False,False,True
2004-09-21,AL092004,IVAN,LO,Tropical Depression,381.23,25.0,1,False,False,False,False,True
2004-09-22,AL092004,IVAN,LO,Tropical Depression,300.64,35.0,1,False,False,False,False,True
2004-09-23,AL092004,IVAN,TS,Tropical Storm,353.54,50.0,1,False,False,False,False,True
2004-09-25,AL112004,JEANNE,HU,Category 3,391.38,105.0,1,False,False,False,False,True
2004-09-26,AL112004,JEANNE,TS,Tropical Storm,190.55,95.0,1,False,False,True,True,True
2004-09-27,AL112004,JEANNE,TS,Tropical Storm,127.98,40.0,1,False,False,True,True,True
2004-09-28,AL112004,JEANNE,TD,Tropical Depression,336.71,20.0,1,False,False,False,False,True
2004-10-09,AL142004,MATTHEW,TS,Tropical Storm,395.08,40.0,1,False,False,False,False,True
2004-10-10,AL142004,MATTHEW,TD,Tropical Depression,309.09,40.0,1,False,False,False,False,True
2004-10-11,AL142004,MATTHEW,EX,Tropical Depression,434.3,20.0,1,False,False,False,False,True
2005-06-10,AL012005,ARLENE,TS,Tropical Storm,250.59,60.0,1,False,False,False,True,True
2005-06-11,AL012005,ARLENE,TS,Tropical Storm,105.8,60.0,1,False,False,True,True,True
2005-06-12,AL012005,ARLENE,TD,Tropical Depression,212.47,25.0,1,False,False,False,True,True
2005-07-04,AL032005,CINDY,TD,Tropical Depression,494.57,30.0,1,False,False,False,False,True
2005-07-05,AL032005,CINDY,HU,Category 1,270.02,65.0,1,False,False,False,True,True
2005-07-06,AL032005,CINDY,TD,Tropical Depression,173.61,50.0,1,False,False,True,True,True
2005-07-07,AL032005,CINDY,TD,Tropical Depression,214.25,20.0,1,False,False,False,True,True
2005-07-09,AL042005,DENNIS,HU,Category 3,281.63,110.0,1,False,False,False,True,True
2005-07-10,AL042005,DENNIS,HU,Category 3,71.71,125.0,1,False,True,True,True,True
2005-07-11,AL042005,DENNIS,TD,Tropical Depression,236.52,30.0,1,False,False,False,True,True
2005-08-25,AL122005,KATRINA,HU,Category 1,441.38,70.0,1,False,False,False,False,True
2005-08-26,AL122005,KATRINA,HU,Category 2,408.74,90.0,1,False,False,False,False,True
2005-08-27,AL122005,KATRINA,HU,Category 3,368.07,100.0,1,False,False,False,False,True
2005-08-28,AL122005,KATRINA,HU,Category 5,291.68,150.0,1,False,False,False,True,True
2005-08-29,AL122005,KATRINA,HU,Category 3,231.23,125.0,1,False,False,False,True,True
2005-08-30,AL122005,KATRINA,TS,Tropical Storm,321.89,40.0,1,False,False,False,False,True
2005-09-06,AL162005,OPHELIA,TD,Tropical Depression,476.54,30.0,1,False,False,False,False,True
2005-09-07,AL162005,OPHELIA,TS,Tropical Storm,397.44,45.0,1,False,False,False,False,True
2005-09-08,AL162005,OPHELIA,TS,Tropical Storm,381.8,65.0,1,False,False,False,False,True
2005-09-09,AL162005,OPHELIA,TS,Tropical Storm,395.72,65.0,1,False,False,False,False,True
2005-09-12,AL162005,OPHELIA,TS,Tropical Storm,489.5,60.0,1,False,False,False,False,True
2005-09-13,AL162005,OPHELIA,TS,Tropical Storm,475.12,65.0,1,False,False,False,False,True
2005-09-14,AL162005,OPHELIA,HU,Category 1,493.88,70.0,1,False,False,False,False,True
2005-09-20,AL182005,RITA,HU,Category 2,456.03,95.0,1,False,False,False,False,True
2005-09-21,AL182005,RITA,HU,Category 5,386.99,155.0,1,False,False,False,False,True
2005-09-22,AL182005,RITA,HU,Category 4,374.27,155.0,1,False,False,False,False,True
2005-09-23,AL182005,RITA,HU,Category 4,392.5,115.0,1,False,False,False,False,True
2005-09-24,AL182005,RITA,HU,Category 3,474.59,100.0,1,False,False,False,False,True
2005-10-05,AL222005,TAMMY,TS,Tropical Storm,247.69,45.0,1,False,False,False,True,True
2005-10-06,AL222005,TAMMY,LO,Tropical Depression,14.37,35.0,1,True,True,True,True,True
2005-10-23,AL252005,WILMA,HU,Category 2,432.23,95.0,1,False,False,False,False,True
2005-10-24,AL252005,WILMA,HU,Category 3,381.56,110.0,1,False,False,False,False,True
2006-06-11,AL012006,ALBERTO,TS,Tropical Storm,376.09,40.0,1,False,False,False,False,True
2006-06-12,AL012006,ALBERTO,TS,Tropical Storm,153.3,60.0,1,False,False,True,True,True
2006-06-13,AL012006,ALBERTO,TS,Tropical Storm,106.83,55.0,1,False,False,True,True,True
2006-06-14,AL012006,ALBERTO,TD,Tropical Depression,291.7,35.0,1,False,False,False,True,True
2006-08-29,AL062006,ERNESTO,TS,Tropical Storm,478.56,40.0,1,False,False,False,False,True
2006-08-30,AL062006,ERNESTO,TS,Tropical Storm,334.27,40.0,1,False,False,False,False,True
2006-08-31,AL062006,ERNESTO,TS,Tropical Storm,323.56,60.0,1,False,False,False,False,True
2007-05-08,AL012007,ANDREA,EX,Tropical Storm,444.09,50.0,1,False,False,False,False,True
2007-05-09,AL012007,ANDREA,SS,Tropical Storm,355.53,50.0,1,False,False,False,False,True
2007-05-10,AL012007,ANDREA,SD,Tropical Depression,348.42,35.0,1,False,False,False,False,True
2007-05-11,AL012007,ANDREA,LO,Tropical Depression,363.13,30.0,1,False,False,False,False,True
2007-05-12,AL012007,ANDREA,LO,Tropical Depression,426.75,25.0,1,False,False,False,False,True
2007-06-01,AL022007,BARRY,TS,Tropical Storm,403.78,50.0,1,False,False,False,False,True
2007-06-02,AL022007,BARRY,TD,Tropical Depression,219.36,45.0,1,False,False,False,True,True
2007-06-03,AL022007,BARRY,EX,Tropical Storm,311.26,40.0,1,False,False,False,False,True
2007-09-13,AL092007,HUMBERTO,TD,Tropical Depression,404.3,65.0,1,False,False,False,False,True
2007-09-14,AL092007,HUMBERTO,LO,Tropical Depression,317.95,20.0,1,False,False,False,False,True
2007-09-21,AL102007,TEN,TD,Tropical Depression,36.79,30.0,1,True,True,True,True,True
2007-09-22,AL102007,TEN,LO,Tropical Depression,123.92,20.0,1,False,False,True,True,True
2007-12-15,AL172007,OLGA,LO,Tropical Depression,365.36,30.0,1,False,False,False,False,True
2007-12-16,AL172007,OLGA,LO,Tropical Depression,266.24,25.0,1,False,False,False,True,True
2008-07-18,AL032008,CRISTOBAL,TD,Tropical Depression,367.92,25.0,1,False,False,False,False,True
2008-07-19,AL032008,CRISTOBAL,TD,Tropical Depression,400.69,45.0,1,False,False,False,False,True
2008-08-03,AL052008,EDOUARD,TD,Tropical Depression,172.44,45.0,1,False,False,True,True,True
2008-08-04,AL052008,EDOUARD,TS,Tropical Storm,272.28,50.0,1,False,False,False,True,True
2008-08-05,AL052008,EDOUARD,TS,Tropical Storm,437.78,55.0,1,False,False,False,False,True
2008-08-18,AL062008,FAY,TS,Tropical Storm,424.68,50.0,1,False,False,False,False,True
2008-08-19,AL062008,FAY,TS,Tropical Storm,344.03,60.0,1,False,False,False,False,True
2008-08-20,AL062008,FAY,TS,Tropical Storm,324.04,50.0,1,False,False,False,False,True
2008-08-21,AL062008,FAY,TS,Tropical Storm,277.73,55.0,1,False,False,False,True,True
2008-08-22,AL062008,FAY,TS,Tropical Storm,119.26,50.0,1,False,False,True,True,True
2008-08-23,AL062008,FAY,TS,Tropical Storm,27.82,45.0,1,True,True,True,True,True
2008-08-24,AL062008,FAY,TD,Tropical Depression,135.13,30.0,1,False,False,True,True,True
2008-08-25,AL062008,FAY,TD,Tropical Depression,245.53,30.0,1,False,False,False,True,True
2008-08-26,AL062008,FAY,TD,Tropical Depression,253.74,20.0,1,False,False,False,True,True
2008-08-27,AL062008,FAY,EX,Tropical Depression,373.17,15.0,1,False,False,False,False,True
2008-08-31,AL072008,GUSTAV,HU,Category 2,252.88,105.0,1,False,False,False,True,True
2008-09-01,AL072008,GUSTAV,HU,Category 2,250.32,95.0,1,False,False,False,True,True
2008-09-02,AL072008,GUSTAV,TS,Tropical Storm,446.25,40.0,1,False,False,False,False,True
2008-09-05,AL082008,HANNA,TS,Tropical Storm,393.14,60.0,1,False,False,False,False,True
2008-09-06,AL082008,HANNA,TS,Tropical Storm,465.6,60.0,1,False,False,False,False,True
2008-09-09,AL092008,IKE,HU,Category 1,496.98,65.0,1,False,False,False,False,True
2008-09-10,AL092008,IKE,HU,Category 2,377.07,85.0,1,False,False,False,False,True
2008-09-11,AL092008,IKE,HU,Category 2,348.34,85.0,1,False,False,False,False,True
2008-09-12,AL092008,IKE,HU,Category 2,415.87,95.0,1,False,False,False,False,True
2008-11-13,AL172008,PALOMA,LO,Tropical Depression,229.97,20.0,1,False,False,False,True,True
2008-11-14,AL172008,PALOMA,LO,Tropical Depression,85.0,20.0,1,False,True,True,True,True
2009-08-16,AL042009,CLAUDETTE,TS,Tropical Storm,22.84,50.0,1,True,True,True,True,True
2009-08-17,AL042009,CLAUDETTE,TS,Tropical Storm,49.73,40.0,1,True,True,True,True,True
2009-11-08,AL112009,IDA,HU,Category 2,494.58,90.0,1,False,False,False,False,True
2009-11-09,AL112009,IDA,TS,Tropical Storm,197.61,80.0,1,False,False,True,True,True
2009-11-10,AL112009,IDA,EX,Tropical Depression,47.24,50.0,1,True,True,True,True,True
2009-11-11,AL112009,IDA,EX,Tropical Depression,48.61,25.0,1,True,True,True,True,True
2010-07-23,AL032010,BONNIE,TD,Tropical Depression,325.78,35.0,1,False,False,False,False,True
2010-07-24,AL032010,BONNIE,TD,Tropical Depression,162.52,30.0,1,False,False,True,True,True
2010-07-25,AL032010,BONNIE,LO,Tropical Depression,235.18,25.0,1,False,False,False,True,True
2010-08-10,AL052010,FIVE,TD,Tropical Depression,295.3,30.0,1,False,False,False,True,True
2010-08-11,AL052010,FIVE,LO,Tropical Depression,178.29,30.0,1,False,False,True,True,True
2010-08-12,AL052010,FIVE,LO,Tropical Depression,189.75,25.0,1,False,False,True,True,True
2010-08-13,AL052010,FIVE,LO,Tropical Depression,159.42,25.0,1,False,False,True,True,True
2010-08-14,AL052010,FIVE,LO,Tropical Depression,170.27,15.0,1,False,False,True,True,True
2010-08-15,AL052010,FIVE,LO,Tropical Depression,53.21,20.0,1,False,True,True,True,True
2010-08-16,AL052010,FIVE,LO,Tropical Depression,11.62,25.0,1,True,True,True,True,True
2010-08-17,AL052010,FIVE,LO,Tropical Depression,171.84,25.0,1,False,False,True,True,True
2010-09-30,AL162010,NICOLE,EX,Tropical Storm,476.54,40.0,1,False,False,False,False,True
2011-07-16,AL022011,BRET,LO,Tropical Depression,361.45,20.0,1,False,False,False,False,True
2011-07-17,AL022011,BRET,LO,Tropical Depression,444.39,35.0,1,False,False,False,False,True
2011-08-26,AL092011,IRENE,HU,Category 1,493.88,85.0,1,False,False,False,False,True
2011-09-01,AL132011,LEE,TD,Tropical Depression,421.98,30.0,1,False,False,False,False,True
2011-09-02,AL132011,LEE,TS,Tropical Storm,378.07,40.0,1,False,False,False,False,True
2011-09-03,AL132011,LEE,TS,Tropical Storm,382.48,50.0,1,False,False,False,False,True
2011-09-04,AL132011,LEE,SS,Tropical Storm,350.78,40.0,1,False,False,False,False,True
2011-09-05,AL132011,LEE,EX,Tropical Depression,176.94,40.0,1,False,False,True,True,True
2011-09-06,AL132011,LEE,EX,Tropical Depression,227.69,20.0,1,False,False,False,True,True
2012-05-19,AL012012,ALBERTO,TS,Tropical Storm,471.4,50.0,1,False,False,False,False,True
2012-05-20,AL012012,ALBERTO,TS,Tropical Storm,337.78,45.0,1,False,False,False,False,True
2012-05-21,AL012012,ALBERTO,TS,Tropical Storm,354.36,35.0,1,False,False,False,False,True
2012-05-27,AL022012,BERYL,TS,Tropical Storm,258.7,60.0,1,False,False,False,True,True
2012-05-28,AL022012,BERYL,TD,Tropical Depression,154.36,50.0,1,False,False,True,True,True
2012-05-29,AL022012,BERYL,TD,Tropical Depression,146.39,25.0,1,False,False,True,True,True
2012-05-30,AL022012,BERYL,TS,Tropical Storm,347.56,40.0,1,False,False,False,False,True
2012-06-23,AL042012,DEBBY,TS,Tropical Storm,270.27,45.0,1,False,False,False,True,True
2012-06-24,AL042012,DEBBY,TS,Tropical Storm,127.14,55.0,1,False,False,True,True,True
2012-06-25,AL042012,DEBBY,TS,Tropical Storm,81.91,45.0,1,False,True,True,True,True
2012-06-26,AL042012,DEBBY,TS,Tropical Storm,104.88,40.0,1,False,False,True,True,True
2012-06-27,AL042012,DEBBY,TD,Tropical Depression,257.22,30.0,1,False,False,False,True,True
2012-08-26,AL092012,ISAAC,TS,Tropical Storm,452.27,50.0,1,False,False,False,False,True
2012-08-27,AL092012,ISAAC,TS,Tropical Storm,237.17,60.0,1,False,False,False,True,True
2012-08-28,AL092012,ISAAC,HU,Category 1,212.77,70.0,1,False,False,False,True,True
2012-08-29,AL092012,ISAAC,HU,Category 1,266.07,70.0,1,False,False,False,True,True
2012-08-30,AL092012,ISAAC,TS,Tropical Storm,345.51,55.0,1,False,False,False,False,True
2013-06-05,AL012013,ANDREA,TS,Tropical Storm,316.16,40.0,1,False,False,False,False,True
2013-06-06,AL012013,ANDREA,TS,Tropical Storm,138.82,55.0,1,False,False,True,True,True
2013-06-07,AL012013,ANDREA,TS,Tropical Storm,276.27,40.0,1,False,False,False,True,True
2013-08-02,AL042013,DORIAN,TD,Tropical Depression,405.42,30.0,1,False,False,False,False,True
2013-08-03,AL042013,DORIAN,TD,Tropical Depression,400.75,30.0,1,False,False,False,False,True
2013-10-03,AL122013,KAREN,TS,Tropical Storm,474.8,50.0,1,False,False,False,False,True
2013-10-04,AL122013,KAREN,TS,Tropical Storm,402.2,45.0,1,False,False,False,False,True
2013-10-05,AL122013,KAREN,TS,Tropical Storm,395.65,40.0,1,False,False,False,False,True
2013-10-06,AL122013,KAREN,TD,Tropical Depression,397.79,25.0,1,False,False,False,False,True
2014-06-28,AL012014,ARTHUR,LO,Tropical Depression,463.99,20.0,1,False,False,False,False,True
2014-06-29,AL012014,ARTHUR,LO,Tropical Depression,495.16,25.0,1,False,False,False,False,True
2014-06-30,AL012014,ARTHUR,TD,Tropical Depression,445.67,30.0,1,False,False,False,False,True
2014-07-01,AL012014,ARTHUR,TS,Tropical Storm,423.36,45.0,1,False,False,False,False,True
2014-07-02,AL012014,ARTHUR,HU,Category 1,390.24,65.0,1,False,False,False,False,True
2014-07-03,AL012014,ARTHUR,HU,Category 1,398.21,80.0,1,False,False,False,False,True
2015-05-06,AL012015,ANA,LO,Tropical Depression,455.95,30.0,1,False,False,False,False,True
2015-05-07,AL012015,ANA,LO,Tropical Storm,474.09,40.0,1,False,False,False,False,True
2015-05-08,AL012015,ANA,SS,Tropical Storm,491.58,40.0,1,False,False,False,False,True
2015-05-09,AL012015,ANA,TS,Tropical Storm,482.93,50.0,1,False,False,False,False,True
2015-05-10,AL012015,ANA,TS,Tropical Storm,478.87,40.0,1,False,False,False,False,True
2016-05-28,AL022016,BONNIE,TS,Tropical Storm,381.37,40.0,1,False,False,False,False,True
2016-05-29,AL022016,BONNIE,TD,Tropical Depression,366.22,35.0,1,False,False,False,False,True
2016-05-30,AL022016,BONNIE,TD,Tropical Depression,394.77,25.0,1,False,False,False,False,True
2016-05-31,AL022016,BONNIE,LO,Tropical Depression,456.5,25.0,1,False,False,False,False,True
2016-06-05,AL032016,COLIN,TS,Tropical Storm,495.21,35.0,1,False,False,False,False,True
2016-06-06,AL032016,COLIN,TS,Tropical Storm,99.33,45.0,1,False,True,True,True,True
2016-06-07,AL032016,COLIN,TS,Tropical Storm,219.91,45.0,1,False,False,False,True,True
2016-08-29,AL092016,HERMINE,TD,Tropical Depression,437.49,30.0,1,False,False,False,False,True
2016-08-30,AL092016,HERMINE,TD,Tropical Depression,434.06,30.0,1,False,False,False,False,True
2016-08-31,AL092016,HERMINE,TS,Tropical Storm,331.93,50.0,1,False,False,False,False,True
2016-09-01,AL092016,HERMINE,HU,Category 1,95.74,70.0,1,False,True,True,True,True
2016-09-02,AL092016,HERMINE,HU,Category 1,97.44,70.0,1,False,True,True,True,True
2016-09-13,AL112016,JULIA,TS,Tropical Storm,254.18,45.0,1,False,False,False,True,True
2016-09-14,AL112016,JULIA,TS,Tropical Storm,241.76,40.0,1,False,False,False,True,True
2016-09-15,AL112016,JULIA,TS,Tropical Storm,388.7,40.0,1,False,False,False,False,True
2016-09-18,AL112016,JULIA,LO,Tropical Depression,461.96,30.0,1,False,False,False,False,True
2016-09-19,AL112016,JULIA,LO,Tropical Depression,471.55,30.0,1,False,False,False,False,True
2016-10-06,AL142016,MATTHEW,HU,Category 4,472.37,115.0,1,False,False,False,False,True
2016-10-07,AL142016,MATTHEW,HU,Category 3,302.65,110.0,1,False,False,False,False,True
2016-10-08,AL142016,MATTHEW,HU,Category 2,320.83,85.0,1,False,False,False,False,True
2017-06-19,AL032017,CINDY,DB,Tropical Storm,473.92,35.0,1,False,False,False,False,True
2017-06-20,AL032017,CINDY,TS,Tropical Storm,415.49,50.0,1,False,False,False,False,True
2017-06-21,AL032017,CINDY,TS,Tropical Storm,418.96,50.0,1,False,False,False,False,True
2017-06-22,AL032017,CINDY,TS,Tropical Storm,474.59,45.0,1,False,False,False,False,True
2017-06-23,AL032017,CINDY,TD,Tropical Depression,473.75,30.0,1,False,False,False,False,True
2017-07-30,AL062017,EMILY,TD,Tropical Depression,120.83,35.0,1,False,False,True,True,True
2017-07-31,AL062017,EMILY,TS,Tropical Storm,200.8,50.0,1,False,False,False,True,True
2017-08-01,AL062017,EMILY,TD,Tropical Depression,359.97,30.0,1,False,False,False,False,True
2017-08-29,AL092017,HARVEY,TS,Tropical Storm,492.45,45.0,1,False,False,False,False,True
2017-08-30,AL092017,HARVEY,TD,Tropical Depression,416.01,40.0,1,False,False,False,False,True
2017-08-31,AL092017,HARVEY,TD,Tropical Depression,355.91,30.0,1,False,False,False,False,True
2017-09-01,AL092017,HARVEY,EX,Tropical Depression,359.9,30.0,1,False,False,False,False,True
2017-09-10,AL112017,IRMA,HU,Category 1,335.65,115.0,1,False,False,False,False,True
2017-09-11,AL112017,IRMA,TS,Tropical Storm,143.13,65.0,1,False,False,True,True,True
2017-09-12,AL112017,IRMA,LO,Tropical Depression,191.89,25.0,1,False,False,True,True,True
2017-09-13,AL112017,IRMA,LO,Tropical Depression,472.89,15.0,1,False,False,False,False,True
2017-10-07,AL162017,NATE,HU,Category 1,220.13,80.0,1,False,False,False,True,True
2017-10-08,AL162017,NATE,TS,Tropical Storm,190.84,65.0,1,False,False,True,True,True
2018-05-26,AL012018,ALBERTO,SS,Tropical Storm,454.46,35.0,1,False,False,False,False,True
2018-05-27,AL012018,ALBERTO,TS,Tropical Storm,133.07,55.0,1,False,False,True,True,True
2018-05-28,AL012018,ALBERTO,TS,Tropical Storm,20.15,55.0,1,True,True,True,True,True
2018-05-29,AL012018,ALBERTO,TD,Tropical Depression,133.02,30.0,1,False,False,True,True,True
2018-05-30,AL012018,ALBERTO,TD,Tropical Depression,471.17,30.0,1,False,False,False,False,True
2018-09-03,AL072018,GORDON,TS,Tropical Storm,284.84,55.0,1,False,False,False,True,True
2018-09-04,AL072018,GORDON,TS,Tropical Storm,122.38,60.0,1,False,False,True,True,True
2018-09-05,AL072018,GORDON,TS,Tropical Storm,196.14,45.0,1,False,False,True,True,True
2018-09-06,AL072018,GORDON,TD,Tropical Depression,406.34,20.0,1,False,False,False,False,True
2018-09-07,AL072018,GORDON,LO,Tropical Depression,483.34,15.0,1,False,False,False,False,True
2018-09-14,AL062018,FLORENCE,TS,Tropical Storm,482.37,60.0,1,False,False,False,False,True
2018-09-15,AL062018,FLORENCE,TS,Tropical Storm,403.56,55.0,1,False,False,False,False,True
2018-09-16,AL062018,FLORENCE,TS,Tropical Storm,345.28,40.0,1,False,False,False,False,True
2018-09-17,AL062018,FLORENCE,TD,Tropical Depression,469.68,25.0,1,False,False,False,False,True
2018-10-09,AL142018,MICHAEL,HU,Category 3,248.01,110.0,1,False,False,False,True,True
2018-10-10,AL142018,MICHAEL,HU,Category 5,16.24,140.0,1,True,True,True,True,True
2018-10-11,AL142018,MICHAEL,TS,Tropical Storm,237.45,50.0,1,False,False,False,True,True
2019-07-10,AL022019,BARRY,DB,Tropical Depression,121.48,30.0,1,False,False,True,True,True
2019-07-11,AL022019,BARRY,TS,Tropical Storm,216.6,45.0,1,False,False,False,True,True
2019-07-12,AL022019,BARRY,TS,Tropical Storm,284.88,60.0,1,False,False,False,True,True
2019-07-13,AL022019,BARRY,TS,Tropical Storm,357.07,65.0,1,False,False,False,False,True
2019-07-14,AL022019,BARRY,TS,Tropical Storm,448.43,40.0,1,False,False,False,False,True
2019-07-22,AL032019,THREE,TD,Tropical Depression,497.42,25.0,1,False,False,False,False,True
2019-07-23,AL032019,THREE,TD,Tropical Depression,360.72,30.0,1,False,False,False,False,True
2019-09-02,AL052019,DORIAN,HU,Category 4,492.12,115.0,1,False,False,False,False,True
2019-09-03,AL052019,DORIAN,HU,Category 2,441.01,105.0,1,False,False,False,False,True
2019-09-04,AL052019,DORIAN,HU,Category 2,360.37,100.0,1,False,False,False,False,True
2019-09-05,AL052019,DORIAN,HU,Category 3,374.4,100.0,1,False,False,False,False,True
2019-09-15,AL092019,HUMBERTO,TS,Tropical Storm,463.67,65.0,1,False,False,False,False,True
2019-10-18,AL162019,NESTOR,TS,Tropical Storm,203.62,50.0,1,False,False,False,True,True
2019-10-19,AL162019,NESTOR,EX,Tropical Storm,20.38,50.0,1,True,True,True,True,True
2019-10-20,AL162019,NESTOR,EX,Tropical Storm,313.77,40.0,1,False,False,False,False,True
2019-10-25,AL172019,OLGA,EX,Tropical Storm,463.98,45.0,1,False,False,False,False,True
2019-10-26,AL172019,OLGA,EX,Tropical Storm,275.49,45.0,1,False,False,False,True,True
2020-05-16,AL012020,ARTHUR,TD,Tropical Depression,449.14,35.0,1,False,False,False,False,True
2020-05-17,AL012020,ARTHUR,TS,Tropical Storm,488.39,35.0,1,False,False,False,False,True
2020-05-27,AL022020,BERTHA,TS,Tropical Storm,403.53,45.0,1,False,False,False,False,True
2020-06-06,AL032020,CRISTOBAL,TS,Tropical Storm,400.44,45.0,1,False,False,False,False,True
2020-06-07,AL032020,CRISTOBAL,TS,Tropical Storm,250.61,45.0,1,False,False,False,True,True
2020-06-08,AL032020,CRISTOBAL,TS,Tropical Storm,292.16,35.0,1,False,False,False,True,True
2020-07-05,AL062020,FAY,LO,Tropical Depression,89.23,30.0,1,False,True,True,True,True
2020-07-06,AL062020,FAY,LO,Tropical Depression,25.13,30.0,1,True,True,True,True,True
2020-07-07,AL062020,FAY,LO,Tropical Depression,220.15,20.0,1,False,False,False,True,True
2020-07-08,AL062020,FAY,LO,Tropical Depression,377.56,20.0,1,False,False,False,False,True
2020-07-22,AL082020,HANNA,TD,Tropical Depression,343.62,25.0,1,False,False,False,False,True
2020-07-23,AL082020,HANNA,TD,Tropical Depression,359.28,35.0,1,False,False,False,False,True
2020-07-24,AL082020,HANNA,TS,Tropical Storm,452.24,45.0,1,False,False,False,False,True
2020-08-02,AL092020,ISAIAS,TS,Tropical Storm,387.3,60.0,1,False,False,False,False,True
2020-08-03,AL092020,ISAIAS,TS,Tropical Storm,342.44,80.0,1,False,False,False,False,True
2020-08-23,AL142020,MARCO,TS,Tropical Storm,281.39,65.0,1,False,False,False,True,True
2020-08-24,AL142020,MARCO,TS,Tropical Storm,198.82,50.0,1,False,False,True,True,True
2020-08-25,AL142020,MARCO,LO,Tropical Depression,303.48,75.0,2,False,False,False,False,True
2020-08-26,AL132020,LAURA,HU,Category 2,415.0,130.0,1,False,False,False,False,True
2020-08-27,AL132020,LAURA,HU,Category 4,453.61,130.0,1,False,False,False,False,True
2020-08-30,AL152020,OMAR,LO,Tropical Depression,300.5,25.0,1,False,False,False,False,True
2020-08-31,AL152020,OMAR,TD,Tropical Depression,450.03,30.0,1,False,False,False,False,True
2020-09-11,AL192020,SALLY,TD,Tropical Depression,497.07,30.0,1,False,False,False,False,True
2020-09-12,AL192020,SALLY,TS,Tropical Storm,346.38,35.0,1,False,False,False,False,True
2020-09-13,AL192020,SALLY,TS,Tropical Storm,154.6,50.0,1,False,False,True,True,True
2020-09-14,AL192020,SALLY,HU,Category 1,138.49,75.0,1,False,False,True,True,True
2020-09-15,AL192020,SALLY,HU,Category 1,140.77,75.0,1,False,False,True,True,True
2020-09-16,AL192020,SALLY,TS,Tropical Storm,110.36,95.0,1,False,False,True,True,True
2020-09-17,AL192020,SALLY,TD,Tropical Depression,138.2,30.0,1,False,False,True,True,True
2020-09-18,AL192020,SALLY,EX,Tropical Depression,398.23,30.0,1,False,False,False,False,True
2020-09-19,AL222020,BETA,TS,Tropical Storm,449.86,50.0,1,False,False,False,False,True
2020-09-20,AL222020,BETA,TS,Tropical Storm,467.4,50.0,1,False,False,False,False,True
2020-09-23,AL222020,BETA,EX,Tropical Depression,399.9,25.0,1,False,False,False,False,True
2020-09-24,AL222020,BETA,EX,Tropical Depression,263.97,25.0,1,False,False,False,True,True
2020-09-25,AL222020,BETA,EX,Tropical Depression,278.32,15.0,1,False,False,False,True,True
2020-10-09,AL262020,DELTA,HU,Category 1,428.47,90.0,1,False,False,False,False,True
2020-10-10,AL262020,DELTA,EX,Tropical Depression,345.53,50.0,1,False,False,False,False,True
2020-10-11,AL262020,DELTA,EX,Tropical Depression,339.07,25.0,1,False,False,False,False,True
2020-10-28,AL282020,ZETA,HU,Category 2,249.15,100.0,1,False,False,False,True,True
2020-10-29,AL282020,ZETA,TS,Tropical Storm,212.22,60.0,1,False,False,False,True,True
2020-11-08,AL292020,ETA,TS,Tropical Storm,474.56,55.0,1,False,False,False,False,True
2020-11-09,AL292020,ETA,TS,Tropical Storm,400.46,55.0,1,False,False,False,False,True
2020-11-10,AL292020,ETA,TS,Tropical Storm,463.01,55.0,1,False,False,False,False,True
2020-11-11,AL292020,ETA,TS,Tropical Storm,204.41,65.0,1,False,False,False,True,True
2020-11-12,AL292020,ETA,TS,Tropical Storm,181.32,50.0,1,False,False,True,True,True
2020-11-13,AL292020,ETA,TS,Tropical Storm,489.14,40.0,1,False,False,False,False,True
2021-06-13,AL022021,BILL,LO,Tropical Depression,468.05,20.0,1,False,False,False,False,True
2021-06-18,AL032021,CLAUDETTE,TS,Tropical Storm,322.76,40.0,1,False,False,False,False,True
2021-06-19,AL032021,CLAUDETTE,TD,Tropical Depression,199.12,40.0,1,False,False,True,True,True
2021-06-20,AL032021,CLAUDETTE,TD,Tropical Depression,210.48,30.0,1,False,False,False,True,True
2021-06-28,AL042021,DANNY,TD,Tropical Depression,336.04,40.0,1,False,False,False,False,True
2021-07-06,AL052021,ELSA,HU,Category 1,288.04,65.0,1,False,False,False,True,True
2021-07-07,AL052021,ELSA,TS,Tropical Storm,135.36,55.0,1,False,False,True,True,True
2021-07-08,AL052021,ELSA,TS,Tropical Storm,296.28,40.0,1,False,False,False,True,True
2021-08-14,AL062021,FRED,DB,Tropical Storm,428.17,35.0,1,False,False,False,False,True
2021-08-15,AL062021,FRED,TS,Tropical Storm,215.96,50.0,1,False,False,False,True,True
2021-08-16,AL062021,FRED,TS,Tropical Storm,35.4,55.0,1,True,True,True,True,True
2021-08-17,AL062021,FRED,TS,Tropical Storm,110.57,35.0,1,False,False,True,True,True
2021-08-28,AL092021,IDA,HU,Category 2,262.5,90.0,1,False,False,False,True,True
2021-08-29,AL092021,IDA,HU,Category 4,250.45,130.0,1,False,False,False,True,True
2021-08-30,AL092021,IDA,HU,Category 1,304.01,65.0,1,False,False,False,False,True
2021-08-31,AL092021,IDA,TD,Tropical Depression,332.74,25.0,1,False,False,False,False,True
2021-09-01,AL092021,IDA,TD,Tropical Depression,470.56,20.0,1,False,False,False,False,True
2021-09-08,AL132021,MINDY,TS,Tropical Storm,47.5,50.0,1,True,True,True,True,True
2021-09-09,AL132021,MINDY,TS,Tropical Storm,112.19,35.0,1,False,False,True,True,True
2021-09-15,AL142021,NICHOLAS,LO,Tropical Depression,363.45,30.0,1,False,False,False,False,True
2021-09-16,AL142021,NICHOLAS,LO,Tropical Depression,356.79,20.0,1,False,False,False,False,True
2021-09-17,AL142021,NICHOLAS,LO,Tropical Depression,435.4,15.0,1,False,False,False,False,True
2022-06-03,AL012022,ALEX,DB,Tropical Storm,431.85,35.0,1,False,False,False,False,True
2022-06-04,AL012022,ALEX,DB,Tropical Storm,353.73,40.0,1,False,False,False,False,True
2022-07-01,AL032022,COLIN,TD,Tropical Depression,330.73,35.0,1,False,False,False,False,True
2022-07-02,AL032022,COLIN,TS,Tropical Storm,396.46,35.0,1,False,False,False,False,True
2022-09-27,AL092022,IAN,HU,Category 3,419.33,110.0,1,False,False,False,False,True
2022-09-28,AL092022,IAN,HU,Category 4,316.67,140.0,1,False,False,False,False,True
2022-09-29,AL092022,IAN,HU,Category 1,326.28,70.0,1,False,False,False,False,True
2022-09-30,AL092022,IAN,HU,Category 1,395.99,75.0,1,False,False,False,False,True
2022-11-10,AL172022,NICOLE,TS,Tropical Storm,103.41,65.0,1,False,False,True,True,True
2022-11-11,AL172022,NICOLE,TD,Tropical Depression,100.13,30.0,1,False,False,True,True,True
2023-05-31,AL022023,ARLENE,LO,Tropical Depression,236.65,20.0,1,False,False,False,True,True
2023-06-01,AL022023,ARLENE,TD,Tropical Depression,154.01,30.0,1,False,False,True,True,True
2023-06-02,AL022023,ARLENE,TS,Tropical Storm,199.37,35.0,1,False,False,True,True,True
2023-06-03,AL022023,ARLENE,TD,Tropical Depression,354.19,30.0,1,False,False,False,False,True
2023-08-21,AL092023,HAROLD,DB,Tropical Depression,430.97,30.0,1,False,False,False,False,True
2023-08-29,AL102023,IDALIA,HU,Category 2,231.43,90.0,1,False,False,False,True,True
2023-08-30,AL102023,IDALIA,HU,Category 4,120.84,115.0,1,False,False,True,True,True
2023-08-31,AL102023,IDALIA,TS,Tropical Storm,463.72,50.0,1,False,False,False,False,True
2024-08-03,AL042024,DEBBY,TS,Tropical Storm,457.39,35.0,1,False,False,False,False,True
2024-08-04,AL042024,DEBBY,HU,Category 1,159.88,70.0,1,False,False,True,True,True
2024-08-05,AL042024,DEBBY,HU,Category 1,130.76,70.0,1,False,False,True,True,True
2024-08-06,AL042024,DEBBY,TS,Tropical Storm,247.15,45.0,1,False,False,False,True,True
2024-08-07,AL042024,DEBBY,SS,Tropical Storm,375.48,50.0,1,False,False,False,False,True
2024-08-08,AL042024,DEBBY,SS,Tropical Storm,411.83,40.0,1,False,False,False,False,True
2024-09-11,AL062024,FRANCINE,HU,Category 1,311.87,90.0,1,False,False,False,False,True
2024-09-12,AL062024,FRANCINE,TS,Tropical Storm,273.8,45.0,1,False,False,False,True,True
2024-09-13,AL062024,FRANCINE,EX,Tropical Depression,472.13,20.0,1,False,False,False,False,True
2024-09-26,AL092024,HELENE,HU,Category 4,121.7,120.0,1,False,False,True,True,True
2024-09-27,AL092024,HELENE,HU,Category 2,140.76,95.0,1,False,False,True,True,True
2024-09-28,AL092024,HELENE,LO,Tropical Depression,460.18,25.0,1,False,False,False,False,True
2024-10-08,AL142024,MILTON,HU,Category 4,474.6,140.0,1,False,False,False,False,True
2024-10-09,AL142024,MILTON,HU,Category 3,267.16,140.0,1,False,False,False,True,True
2024-10-10,AL142024,MILTON,HU,Category 1,301.77,70.0,1,False,False,False,False,True
2024-11-07,AL182024,RAFAEL,HU,Category 2,381.75,90.0,1,False,False,False,False,True
2024-11-08,AL182024,RAFAEL,HU,Category 3,411.87,105.0,1,False,False,False,False,True
2024-11-09,AL182024,RAFAEL,TS,Tropical Storm,469.86,55.0,1,False,False,False,False,True
2024-11-10,AL182024,RAFAEL,LO,Tropical Storm,467.53,35.0,1,False,False,False,False,True
2025-07-04,AL032025,CHANTAL,LO,Tropical Depression,366.63,30.0,1,False,False,False,False,True
2025-07-05,AL032025,CHANTAL,TS,Tropical Storm,409.37,45.0,1,False,False,False,False,True
2025-07-06,AL032025,CHANTAL,TS,Tropical Storm,457.32,50.0,1,False,False,False,False,True
