storm_id,storm_name,season,first_track_utc,last_track_utc,closest_approach_utc,closest_approach_local,closest_distance_mi,status_at_closest,wind_at_closest_kt,category_at_closest,max_wind_within_500mi_kt,n_track_points_within_500mi
AL041851,UNNAMED,1851,1851-08-16T00:00:00+00:00,1851-08-27T18:00:00+00:00,1851-08-23T21:00:00+00:00,1851-08-23T15:09:24-05:50:36,2.49,HU,100,Category 3,100.0,16
AL061851,UNNAMED,1851,1851-10-16T00:00:00+00:00,1851-10-19T18:00:00+00:00,1851-10-16T00:00:00+00:00,1851-10-15T18:09:24-05:50:36,475.45,TS,40,Tropical Storm,50.0,3
AL011852,UNNAMED,1852,1852-08-19T00:00:00+00:00,1852-08-30T00:00:00+00:00,1852-08-27T00:00:00+00:00,1852-08-26T18:09:24-05:50:36,152.26,TS,50,Tropical Storm,100.0,22
AL031852,UNNAMED,1852,1852-09-09T00:00:00+00:00,1852-09-13T18:00:00+00:00,1852-09-11T06:00:00+00:00,1852-09-11T00:09:24-05:50:36,180.95,HU,70,Category 1,70.0,17
AL051852,UNNAMED,1852,1852-10-06T00:00:00+00:00,1852-10-11T18:00:00+00:00,1852-10-09T18:00:00+00:00,1852-10-09T12:09:24-05:50:36,81.04,HU,90,Category 2,90.0,10
AL081853,UNNAMED,1853,1853-10-19T00:00:00+00:00,1853-10-22T06:00:00+00:00,1853-10-21T00:00:00+00:00,1853-10-20T18:09:24-05:50:36,289.79,HU,90,Category 2,90.0,14
AL031854,UNNAMED,1854,1854-09-07T00:00:00+00:00,1854-09-12T18:00:00+00:00,1854-09-09T00:00:00+00:00,1854-09-08T18:09:24-05:50:36,292.41,HU,80,Category 1,110.0,11
AL041854,UNNAMED,1854,1854-09-18T00:00:00+00:00,1854-09-20T06:00:00+00:00,1854-09-18T00:00:00+00:00,1854-09-17T18:09:24-05:50:36,492.99,HU,90,Category 2,90.0,1
AL051855,UNNAMED,1855,1855-09-15T00:00:00+00:00,1855-09-17T06:00:00+00:00,1855-09-16T18:00:00+00:00,1855-09-16T12:09:24-05:50:36,209.4,HU,70,Category 1,110.0,11
AL011856,UNNAMED,1856,1856-08-09T00:00:00+00:00,1856-08-12T06:00:00+00:00,1856-08-09T18:00:00+00:00,1856-08-09T12:09:24-05:50:36,249.78,HU,100,Category 3,130.0,14
AL051856,UNNAMED,1856,1856-08-25T00:00:00+00:00,1856-09-03T18:00:00+00:00,1856-08-31T06:00:00+00:00,1856-08-31T00:09:24-05:50:36,11.4,HU,90,Category 2,100.0,16
AL021857,UNNAMED,1857,1857-09-06T18:00:00+00:00,1857-09-18T06:00:00+00:00,1857-09-11T18:00:00+00:00,1857-09-11T12:09:24-05:50:36,465.74,HU,90,Category 2,90.0,7
AL031858,UNNAMED,1858,1858-09-14T00:00:00+00:00,1858-09-17T06:00:00+00:00,1858-09-14T15:00:00+00:00,1858-09-14T09:09:24-05:50:36,253.06,TS,60,Tropical Storm,80.0,8
AL051859,UNNAMED,1859,1859-09-15T00:00:00+00:00,1859-09-18T18:00:00+00:00,1859-09-16T06:00:00+00:00,1859-09-16T00:09:24-05:50:36,124.96,TS,50,Tropical Storm,70.0,9
AL071859,UNNAMED,1859,1859-10-16T00:00:00+00:00,1859-10-18T06:00:00+00:00,1859-10-18T06:00:00+00:00,1859-10-18T00:09:24-05:50:36,312.39,TS,40,Tropical Storm,60.0,5
AL081859,UNNAMED,1859,1859-10-24T00:00:00+00:00,1859-10-29T18:00:00+00:00,1859-10-28T12:00:00+00:00,1859-10-28T06:09:24-05:50:36,240.76,HU,80,Category 1,80.0,5
AL011860,UNNAMED,1860,1860-08-08T00:00:00+00:00,1860-08-16T06:00:00+00:00,1860-08-13T00:00:00+00:00,1860-08-12T18:09:24-05:50:36,88.43,TS,40,Tropical Storm,110.0,30
AL041860,UNNAMED,1860,1860-09-11T00:00:00+00:00,1860-09-16T06:00:00+00:00,1860-09-16T00:00:00+00:00,1860-09-15T18:09:24-05:50:36,205.67,TS,50,Tropical Storm,90.0,23
AL061860,UNNAMED,1860,1860-09-30T00:00:00+00:00,1860-10-03T18:00:00+00:00,1860-10-03T00:00:00+00:00,1860-10-02T18:09:24-05:50:36,316.08,TS,60,Tropical Storm,90.0,10
AL021861,UNNAMED,1861,1861-08-13T12:00:00+00:00,1861-08-17T18:00:00+00:00,1861-08-17T18:00:00+00:00,1861-08-17T12:09:24-05:50:36,216.06,TS,50,Tropical Storm,80.0,8
AL051861,UNNAMED,1861,1861-09-27T06:00:00+00:00,1861-09-28T12:00:00+00:00,1861-09-27T12:00:00+00:00,1861-09-27T06:09:24-05:50:36,470.85,HU,70,Category 1,70.0,1
AL081861,UNNAMED,1861,1861-11-01T06:00:00+00:00,1861-11-03T18:00:00+00:00,1861-11-01T18:00:00+00:00,1861-11-01T12:09:24-05:50:36,343.97,TS,60,Tropical Storm,70.0,5
AL061863,UNNAMED,1863,1863-09-16T00:00:00+00:00,1863-09-19T06:00:00+00:00,1863-09-17T18:00:00+00:00,1863-09-17T12:09:24-05:50:36,408.16,TS,60,Tropical Storm,60.0,9
AL091863,UNNAMED,1863,1863-09-29T00:00:00+00:00,1863-10-01T18:00:00+00:00,1863-10-01T18:00:00+00:00,1863-10-01T12:09:24-05:50:36,227.13,EX,40,Tropical Storm,50.0,8
AL021864,UNNAMED,1864,1864-07-25T12:00:00+00:00,1864-07-25T12:00:00+00:00,1864-07-25T12:00:00+00:00,1864-07-25T06:09:24-05:50:36,468.51,TS,60,Tropical Storm,60.0,1
AL031865,UNNAMED,1865,1865-08-20T00:00:00+00:00,1865-08-24T18:00:00+00:00,1865-08-20T00:00:00+00:00,1865-08-19T18:09:24-05:50:36,443.72,TS,50,Tropical Storm,50.0,4
AL051865,UNNAMED,1865,1865-09-07T00:00:00+00:00,1865-09-07T00:00:00+00:00,1865-09-07T00:00:00+00:00,1865-09-06T18:09:24-05:50:36,376.6,TS,60,Tropical Storm,60.0,1
AL041865,UNNAMED,1865,1865-09-06T00:00:00+00:00,1865-09-14T18:00:00+00:00,1865-09-13T00:00:00+00:00,1865-09-12T18:09:24-05:50:36,454.21,HU,90,Category 2,90.0,11
AL071865,UNNAMED,1865,1865-10-18T00:00:00+00:00,1865-10-25T18:00:00+00:00,1865-10-23T18:00:00+00:00,1865-10-23T12:09:24-05:50:36,419.28,HU,80,Category 1,90.0,6
AL011866,UNNAMED,1866,1866-07-11T12:00:00+00:00,1866-07-16T00:00:00+00:00,1866-07-11T12:00:00+00:00,1866-07-11T06:09:24-05:50:36,174.77,HU,90,Category 2,90.0,12
AL011867,UNNAMED,1867,1867-06-21T12:00:00+00:00,1867-06-23T18:00:00+00:00,1867-06-21T18:00:00+00:00,1867-06-21T12:09:24-05:50:36,336.34,TS,60,Tropical Storm,70.0,9
AL071867,UNNAMED,1867,1867-10-02T00:00:00+00:00,1867-10-09T18:00:00+00:00,1867-10-06T00:00:00+00:00,1867-10-05T18:09:24-05:50:36,50.27,HU,80,Category 1,90.0,19
AL021868,UNNAMED,1868,1868-10-01T00:00:00+00:00,1868-10-07T18:00:00+00:00,1868-10-04T16:00:00+00:00,1868-10-04T10:09:24-05:50:36,25.13,TS,60,Tropical Storm,60.0,13
AL021869,UNNAMED,1869,1869-08-16T00:00:00+00:00,1869-08-17T18:00:00+00:00,1869-08-16T00:00:00+00:00,1869-08-15T18:09:24-05:50:36,416.45,HU,90,Category 2,90.0,2
AL051869,UNNAMED,1869,1869-09-04T00:00:00+00:00,1869-09-06T00:00:00+00:00,1869-09-05T06:00:00+00:00,1869-09-05T00:09:24-05:50:36,252.86,HU,70,Category 1,70.0,9
AL011870,UNNAMED,1870,1870-07-30T18:00:00+00:00,1870-07-30T18:00:00+00:00,1870-07-30T18:00:00+00:00,1870-07-30T12:09:24-05:50:36,137.85,HU,70,Category 1,70.0,1
AL061870,UNNAMED,1870,1870-10-05T00:00:00+00:00,1870-10-14T18:00:00+00:00,1870-10-10T00:00:00+00:00,1870-10-09T18:09:24-05:50:36,485.01,HU,90,Category 2,90.0,11
AL091870,UNNAMED,1870,1870-10-19T00:00:00+00:00,1870-10-22T18:00:00+00:00,1870-10-21T00:00:00+00:00,1870-10-20T18:09:24-05:50:36,367.58,HU,70,Category 1,80.0,7
AL111870,UNNAMED,1870,1870-10-30T00:00:00+00:00,1870-11-03T18:00:00+00:00,1870-11-03T18:00:00+00:00,1870-11-03T12:09:24-05:50:36,422.95,HU,70,Category 1,70.0,3
AL011871,UNNAMED,1871,1871-06-01T00:00:00+00:00,1871-06-05T18:00:00+00:00,1871-06-02T12:00:00+00:00,1871-06-02T06:09:24-05:50:36,294.09,TS,50,Tropical Storm,50.0,11
AL031871,UNNAMED,1871,1871-08-14T00:00:00+00:00,1871-08-23T18:00:00+00:00,1871-08-23T18:00:00+00:00,1871-08-23T12:09:24-05:50:36,114.42,TD,30,Tropical Depression,100.0,26
AL041871,UNNAMED,1871,1871-08-17T00:00:00+00:00,1871-08-30T18:00:00+00:00,1871-08-26T12:00:00+00:00,1871-08-26T06:09:24-05:50:36,89.14,TS,40,Tropical Storm,90.0,19
AL061871,UNNAMED,1871,1871-09-05T00:00:00+00:00,1871-09-08T18:00:00+00:00,1871-09-06T06:00:00+00:00,1871-09-06T00:09:24-05:50:36,144.0,HU,70,Category 1,70.0,14
AL071871,UNNAMED,1871,1871-09-30T00:00:00+00:00,1871-10-07T18:00:00+00:00,1871-10-05T06:00:00+00:00,1871-10-05T00:09:24-05:50:36,56.34,TS,60,Tropical Storm,70.0,18
AL011872,UNNAMED,1872,1872-07-09T00:00:00+00:00,1872-07-13T18:00:00+00:00,1872-07-11T08:00:00+00:00,1872-07-11T02:09:24-05:50:36,195.41,TS,50,Tropical Storm,50.0,19
AL051872,UNNAMED,1872,1872-10-22T00:00:00+00:00,1872-10-28T06:00:00+00:00,1872-10-23T06:00:00+00:00,1872-10-23T00:09:24-05:50:36,228.15,TS,50,Tropical Storm,70.0,11
AL011873,UNNAMED,1873,1873-06-01T06:00:00+00:00,1873-06-02T18:00:00+00:00,1873-06-02T18:00:00+00:00,1873-06-02T12:09:24-05:50:36,157.89,TD,30,Tropical Depression,40.0,6
AL031873,UNNAMED,1873,1873-09-18T00:00:00+00:00,1873-09-20T18:00:00+00:00,1873-09-19T12:00:00+00:00,1873-09-19T06:09:24-05:50:36,80.3,HU,70,Category 1,70.0,8
AL041873,UNNAMED,1873,1873-09-22T00:00:00+00:00,1873-09-24T18:00:00+00:00,1873-09-23T12:00:00+00:00,1873-09-23T06:09:24-05:50:36,235.09,TS,50,Tropical Storm,50.0,9
AL051873,UNNAMED,1873,1873-09-26T00:00:00+00:00,1873-10-10T06:00:00+00:00,1873-10-07T01:00:00+00:00,1873-10-06T19:09:24-05:50:36,329.86,HU,100,Category 3,100.0,7
AL011874,UNNAMED,1874,1874-07-02T00:00:00+00:00,1874-07-05T06:00:00+00:00,1874-07-02T18:00:00+00:00,1874-07-02T12:09:24-05:50:36,232.25,TS,40,Tropical Storm,50.0,9
AL061874,UNNAMED,1874,1874-09-25T00:00:00+00:00,1874-10-01T06:00:00+00:00,1874-09-28T03:00:00+00:00,1874-09-27T21:09:24-05:50:36,184.15,HU,70,Category 1,80.0,10
AL031875,UNNAMED,1875,1875-09-08T00:00:00+00:00,1875-09-18T18:00:00+00:00,1875-09-18T18:00:00+00:00,1875-09-18T12:09:24-05:50:36,270.58,TD,30,Tropical Depression,90.0,9
AL041875,UNNAMED,1875,1875-09-24T00:00:00+00:00,1875-09-28T00:00:00+00:00,1875-09-27T13:00:00+00:00,1875-09-27T07:09:24-05:50:36,2.49,TS,50,Tropical Storm,50.0,12
AL021876,UNNAMED,1876,1876-09-12T00:00:00+00:00,1876-09-19T18:00:00+00:00,1876-09-17T00:00:00+00:00,1876-09-16T18:09:24-05:50:36,438.5,HU,70,Category 1,70.0,3
AL051876,UNNAMED,1876,1876-10-12T00:00:00+00:00,1876-10-23T18:00:00+00:00,1876-10-20T12:00:00+00:00,1876-10-20T06:09:24-05:50:36,364.82,HU,80,Category 1,90.0,8
AL021877,UNNAMED,1877,1877-09-14T00:00:00+00:00,1877-09-21T18:00:00+00:00,1877-09-20T00:00:00+00:00,1877-09-19T18:09:24-05:50:36,34.35,TS,60,Tropical Storm,70.0,18
AL051877,UNNAMED,1877,1877-09-24T00:00:00+00:00,1877-09-29T18:00:00+00:00,1877-09-28T00:00:00+00:00,1877-09-27T18:09:24-05:50:36,438.03,TS,50,Tropical Storm,50.0,5
AL041877,UNNAMED,1877,1877-09-21T00:00:00+00:00,1877-10-05T18:00:00+00:00,1877-10-03T05:00:00+00:00,1877-10-02T23:09:24-05:50:36,16.24,HU,100,Category 3,100.0,18
AL071877,UNNAMED,1877,1877-10-24T00:00:00+00:00,1877-10-28T06:00:00+00:00,1877-10-26T18:00:00+00:00,1877-10-26T12:09:24-05:50:36,92.36,TS,40,Tropical Storm,50.0,11
AL011878,UNNAMED,1878,1878-07-01T00:00:00+00:00,1878-07-03T18:00:00+00:00,1878-07-01T18:00:00+00:00,1878-07-01T12:09:24-05:50:36,315.81,TS,40,Tropical Storm,40.0,11
AL051878,UNNAMED,1878,1878-09-01T00:00:00+00:00,1878-09-13T18:00:00+00:00,1878-09-10T00:00:00+00:00,1878-09-09T18:09:24-05:50:36,203.36,HU,80,Category 1,90.0,24
AL081878,UNNAMED,1878,1878-10-09T00:00:00+00:00,1878-10-15T18:00:00+00:00,1878-10-10T21:00:00+00:00,1878-10-10T15:09:24-05:50:36,25.13,TS,50,Tropical Storm,50.0,10
AL111878,UNNAMED,1878,1878-10-18T00:00:00+00:00,1878-10-25T18:00:00+00:00,1878-10-22T12:00:00+00:00,1878-10-22T06:09:24-05:50:36,428.48,HU,80,Category 1,80.0,5
AL021879,UNNAMED,1879,1879-08-13T00:00:00+00:00,1879-08-20T18:00:00+00:00,1879-08-18T00:00:00+00:00,1879-08-17T18:09:24-05:50:36,441.84,HU,100,Category 3,100.0,3
AL031879,UNNAMED,1879,1879-08-19T00:00:00+00:00,1879-08-24T18:00:00+00:00,1879-08-24T06:00:00+00:00,1879-08-24T00:09:24-05:50:36,489.22,TD,30,Tropical Depression,50.0,5
AL041879,UNNAMED,1879,1879-08-29T00:00:00+00:00,1879-09-02T18:00:00+00:00,1879-09-02T12:00:00+00:00,1879-09-02T06:09:24-05:50:36,284.27,TS,40,Tropical Storm,110.0,21
AL051879,UNNAMED,1879,1879-10-03T00:00:00+00:00,1879-10-07T18:00:00+00:00,1879-10-07T06:00:00+00:00,1879-10-07T00:09:24-05:50:36,221.68,TS,50,Tropical Storm,50.0,11
AL061879,UNNAMED,1879,1879-10-09T00:00:00+00:00,1879-10-16T18:00:00+00:00,1879-10-16T06:00:00+00:00,1879-10-16T00:09:24-05:50:36,42.99,TS,50,Tropical Storm,50.0,11
AL071879,UNNAMED,1879,1879-10-24T00:00:00+00:00,1879-10-29T18:00:00+00:00,1879-10-27T18:00:00+00:00,1879-10-27T12:09:24-05:50:36,165.41,TS,60,Tropical Storm,60.0,11
AL011880,UNNAMED,1880,1880-06-21T00:00:00+00:00,1880-06-25T06:00:00+00:00,1880-06-21T00:00:00+00:00,1880-06-20T18:09:24-05:50:36,241.22,TS,40,Tropical Storm,40.0,11
AL041880,UNNAMED,1880,1880-08-24T00:00:00+00:00,1880-09-01T18:00:00+00:00,1880-08-31T12:00:00+00:00,1880-08-31T06:09:24-05:50:36,16.94,TS,60,Tropical Storm,90.0,18
AL061880,UNNAMED,1880,1880-09-06T00:00:00+00:00,1880-09-11T18:00:00+00:00,1880-09-08T12:00:00+00:00,1880-09-08T06:09:24-05:50:36,119.66,TS,50,Tropical Storm,60.0,14
AL091880,UNNAMED,1880,1880-10-05T00:00:00+00:00,1880-10-10T18:00:00+00:00,1880-10-08T12:00:00+00:00,1880-10-08T06:09:24-05:50:36,188.55,HU,70,Category 1,70.0,11
AL011881,UNNAMED,1881,1881-08-01T00:00:00+00:00,1881-08-04T06:00:00+00:00,1881-08-03T06:00:00+00:00,1881-08-03T00:09:24-05:50:36,153.22,TS,50,Tropical Storm,50.0,15
AL021881,UNNAMED,1881,1881-08-11T12:00:00+00:00,1881-08-14T18:00:00+00:00,1881-08-11T12:00:00+00:00,1881-08-11T06:09:24-05:50:36,361.43,TS,40,Tropical Storm,40.0,4
AL041881,UNNAMED,1881,1881-08-16T00:00:00+00:00,1881-08-21T18:00:00+00:00,1881-08-17T00:00:00+00:00,1881-08-16T18:09:24-05:50:36,485.57,TS,40,Tropical Storm,40.0,2
AL051881,UNNAMED,1881,1881-08-21T00:00:00+00:00,1881-08-29T18:00:00+00:00,1881-08-28T18:00:00+00:00,1881-08-28T12:09:24-05:50:36,151.59,TS,50,Tropical Storm,90.0,15
AL021882,UNNAMED,1882,1882-09-02T00:00:00+00:00,1882-09-13T06:00:00+00:00,1882-09-10T02:00:00+00:00,1882-09-09T20:09:24-05:50:36,66.62,HU,110,Category 3,110.0,19
AL031882,UNNAMED,1882,1882-09-14T00:00:00+00:00,1882-09-16T00:00:00+00:00,1882-09-14T18:00:00+00:00,1882-09-14T12:09:24-05:50:36,411.36,TS,45,Tropical Storm,50.0,7
AL041882,UNNAMED,1882,1882-09-21T00:00:00+00:00,1882-09-24T06:00:00+00:00,1882-09-21T18:00:00+00:00,1882-09-21T12:09:24-05:50:36,486.32,TS,40,Tropical Storm,40.0,3
AL061882,UNNAMED,1882,1882-10-05T00:00:00+00:00,1882-10-15T18:00:00+00:00,1882-10-11T00:00:00+00:00,1882-10-10T18:09:24-05:50:36,146.23,HU,70,Category 1,90.0,13
AL031883,UNNAMED,1883,1883-09-04T00:00:00+00:00,1883-09-13T06:00:00+00:00,1883-09-10T18:00:00+00:00,1883-09-10T12:09:24-05:50:36,435.99,HU,90,Category 2,90.0,9
AL041883,UNNAMED,1883,1883-10-22T00:00:00+00:00,1883-10-28T18:00:00+00:00,1883-10-23T00:00:00+00:00,1883-10-22T18:09:24-05:50:36,474.19,TS,40,Tropical Storm,40.0,3
AL031884,UNNAMED,1884,1884-09-10T00:00:00+00:00,1884-09-20T18:00:00+00:00,1884-09-11T06:00:00+00:00,1884-09-11T00:00:00-06:00,278.87,TS,40,Tropical Storm,50.0,15
AL021885,UNNAMED,1885,1885-08-21T00:00:00+00:00,1885-08-28T18:00:00+00:00,1885-08-25T00:00:00+00:00,1885-08-24T18:00:00-06:00,294.8,HU,90,Category 2,90.0,8
AL031885,UNNAMED,1885,1885-08-29T00:00:00+00:00,1885-08-31T18:00:00+00:00,1885-08-30T23:00:00+00:00,1885-08-30T17:00:00-06:00,2.49,TS,50,Tropical Storm,50.0,10
AL041885,UNNAMED,1885,1885-09-17T00:00:00+00:00,1885-09-23T18:00:00+00:00,1885-09-21T12:00:00+00:00,1885-09-21T06:00:00-06:00,11.62,TS,50,Tropical Storm,50.0,7
AL061885,UNNAMED,1885,1885-09-24T00:00:00+00:00,1885-10-02T18:00:00+00:00,1885-09-29T12:00:00+00:00,1885-09-29T06:00:00-06:00,32.54,TD,30,Tropical Depression,60.0,33
AL081885,UNNAMED,1885,1885-10-10T12:00:00+00:00,1885-10-14T06:00:00+00:00,1885-10-11T22:00:00+00:00,1885-10-11T16:00:00-06:00,159.8,TS,60,Tropical Storm,60.0,12
AL011886,UNNAMED,1886,1886-06-13T06:00:00+00:00,1886-06-15T18:00:00+00:00,1886-06-15T18:00:00+00:00,1886-06-15T12:00:00-06:00,208.04,TD,30,Tropical Depression,85.0,5
AL021886,UNNAMED,1886,1886-06-17T00:00:00+00:00,1886-06-24T18:00:00+00:00,1886-06-21T11:00:00+00:00,1886-06-21T05:00:00-06:00,103.41,HU,85,Category 2,85.0,15
AL031886,UNNAMED,1886,1886-06-27T12:00:00+00:00,1886-07-02T18:00:00+00:00,1886-06-30T21:00:00+00:00,1886-06-30T15:00:00-06:00,43.24,HU,85,Category 2,85.0,11
AL041886,UNNAMED,1886,1886-07-14T06:00:00+00:00,1886-07-24T18:00:00+00:00,1886-07-19T00:00:00+00:00,1886-07-18T18:00:00-06:00,201.96,HU,70,Category 1,70.0,9
AL051886,UNNAMED,1886,1886-08-12T06:00:00+00:00,1886-08-21T18:00:00+00:00,1886-08-18T18:00:00+00:00,1886-08-18T12:00:00-06:00,334.14,HU,75,Category 1,100.0,6
AL061886,UNNAMED,1886,1886-08-15T00:00:00+00:00,1886-08-27T18:00:00+00:00,1886-08-23T12:00:00+00:00,1886-08-23T06:00:00-06:00,495.02,HU,85,Category 2,85.0,1
AL101886,UNNAMED,1886,1886-10-08T00:00:00+00:00,1886-10-13T18:00:00+00:00,1886-10-11T12:00:00+00:00,1886-10-11T06:00:00-06:00,247.95,HU,95,Category 2,105.0,18
AL031887,UNNAMED,1887,1887-06-11T12:00:00+00:00,1887-06-14T18:00:00+00:00,1887-06-14T07:00:00+00:00,1887-06-14T01:00:00-06:00,177.49,TS,35,Tropical Storm,35.0,11
AL041887,UNNAMED,1887,1887-07-20T00:00:00+00:00,1887-07-28T18:00:00+00:00,1887-07-27T15:00:00+00:00,1887-07-27T09:00:00-06:00,55.29,HU,75,Category 1,75.0,12
AL061887,UNNAMED,1887,1887-08-14T12:00:00+00:00,1887-08-23T18:00:00+00:00,1887-08-19T12:00:00+00:00,1887-08-19T06:00:00-06:00,405.7,HU,100,Category 3,100.0,5
AL071887,UNNAMED,1887,1887-08-18T06:00:00+00:00,1887-08-27T18:00:00+00:00,1887-08-23T06:00:00+00:00,1887-08-23T00:00:00-06:00,431.57,HU,110,Category 3,110.0,9
AL131887,UNNAMED,1887,1887-10-09T06:00:00+00:00,1887-10-22T00:00:00+00:00,1887-10-20T00:00:00+00:00,1887-10-19T18:00:00-06:00,97.51,TS,35,Tropical Storm,75.0,24
AL161887,UNNAMED,1887,1887-10-29T12:00:00+00:00,1887-11-06T18:00:00+00:00,1887-10-29T18:00:00+00:00,1887-10-29T12:00:00-06:00,215.41,TS,40,Tropical Storm,45.0,7
AL011888,UNNAMED,1888,1888-06-16T00:00:00+00:00,1888-06-18T18:00:00+00:00,1888-06-16T00:00:00+00:00,1888-06-15T18:00:00-06:00,487.11,TS,35,Tropical Storm,35.0,1
AL031888,UNNAMED,1888,1888-08-14T12:00:00+00:00,1888-08-24T18:00:00+00:00,1888-08-18T00:00:00+00:00,1888-08-17T18:00:00-06:00,210.94,HU,95,Category 2,110.0,21
AL051888,UNNAMED,1888,1888-09-06T06:00:00+00:00,1888-09-13T00:00:00+00:00,1888-09-09T12:00:00+00:00,1888-09-09T06:00:00-06:00,169.15,TS,45,Tropical Storm,50.0,12
AL061888,UNNAMED,1888,1888-09-23T12:00:00+00:00,1888-09-27T12:00:00+00:00,1888-09-24T06:00:00+00:00,1888-09-24T00:00:00-06:00,434.49,TS,40,Tropical Storm,50.0,8
AL071888,UNNAMED,1888,1888-10-08T12:00:00+00:00,1888-10-12T18:00:00+00:00,1888-10-11T00:00:00+00:00,1888-10-10T18:00:00-06:00,165.43,HU,95,Category 2,95.0,10
AL021889,UNNAMED,1889,1889-06-15T00:00:00+00:00,1889-06-20T18:00:00+00:00,1889-06-17T12:00:00+00:00,1889-06-17T06:00:00-06:00,170.68,TS,45,Tropical Storm,60.0,11
AL061889,UNNAMED,1889,1889-09-12T00:00:00+00:00,1889-09-26T12:00:00+00:00,1889-09-23T18:00:00+00:00,1889-09-23T12:00:00-06:00,85.85,TS,50,Tropical Storm,85.0,11
AL091889,UNNAMED,1889,1889-10-05T06:00:00+00:00,1889-10-11T06:00:00+00:00,1889-10-06T06:00:00+00:00,1889-10-06T00:00:00-06:00,395.13,TS,40,Tropical Storm,45.0,5
AL011890,UNNAMED,1890,1890-05-27T12:00:00+00:00,1890-05-29T18:00:00+00:00,1890-05-29T18:00:00+00:00,1890-05-29T12:00:00-06:00,345.01,TS,50,Tropical Storm,50.0,5
AL021890,UNNAMED,1890,1890-08-18T12:00:00+00:00,1890-08-28T06:00:00+00:00,1890-08-28T00:00:00+00:00,1890-08-27T18:00:00-06:00,298.54,TS,35,Tropical Storm,50.0,9
AL011891,UNNAMED,1891,1891-07-03T06:00:00+00:00,1891-07-08T06:00:00+00:00,1891-07-08T06:00:00+00:00,1891-07-08T00:00:00-06:00,363.97,TD,25,Tropical Depression,40.0,5
AL031891,UNNAMED,1891,1891-08-18T12:00:00+00:00,1891-08-25T18:00:00+00:00,1891-08-25T18:00:00+00:00,1891-08-25T12:00:00-06:00,277.04,TS,35,Tropical Storm,70.0,7
AL071891,UNNAMED,1891,1891-10-04T12:00:00+00:00,1891-10-10T06:00:00+00:00,1891-10-07T18:00:00+00:00,1891-10-07T12:00:00-06:00,389.99,TS,40,Tropical Storm,45.0,7
AL081891,UNNAMED,1891,1891-10-07T12:00:00+00:00,1891-10-16T00:00:00+00:00,1891-10-10T06:00:00+00:00,1891-10-10T00:00:00-06:00,325.73,EX,30,Tropical Depression,40.0,6
AL011892,UNNAMED,1892,1892-06-09T00:00:00+00:00,1892-06-16T18:00:00+00:00,1892-06-10T18:00:00+00:00,1892-06-10T12:00:00-06:00,402.99,TS,40,Tropical Storm,40.0,7
AL041892,UNNAMED,1892,1892-09-08T18:00:00+00:00,1892-09-17T12:00:00+00:00,1892-09-12T18:00:00+00:00,1892-09-12T12:00:00-06:00,196.14,TS,40,Tropical Storm,50.0,12
AL091892,UNNAMED,1892,1892-10-21T00:00:00+00:00,1892-10-29T06:00:00+00:00,1892-10-24T06:00:00+00:00,1892-10-24T00:00:00-06:00,216.48,TS,45,Tropical Storm,45.0,14
AL011893,UNNAMED,1893,1893-06-12T06:00:00+00:00,1893-06-20T18:00:00+00:00,1893-06-15T18:00:00+00:00,1893-06-15T12:00:00-06:00,108.5,TS,60,Tropical Storm,60.0,11
AL061893,UNNAMED,1893,1893-08-15T12:00:00+00:00,1893-09-02T18:00:00+00:00,1893-08-28T05:00:00+00:00,1893-08-27T23:00:00-06:00,295.21,HU,100,Category 3,105.0,9
AL081893,UNNAMED,1893,1893-09-04T06:00:00+00:00,1893-09-09T18:00:00+00:00,1893-09-08T06:00:00+00:00,1893-09-08T00:00:00-06:00,243.23,TS,45,Tropical Storm,85.0,14
AL101893,UNNAMED,1893,1893-09-27T12:00:00+00:00,1893-10-05T12:00:00+00:00,1893-10-03T06:00:00+00:00,1893-10-03T00:00:00-06:00,141.7,TS,55,Tropical Storm,115.0,18
AL091893,UNNAMED,1893,1893-09-25T06:00:00+00:00,1893-10-15T18:00:00+00:00,1893-10-13T06:00:00+00:00,1893-10-13T00:00:00-06:00,297.26,HU,105,Category 3,105.0,6
AL111893,UNNAMED,1893,1893-10-20T12:00:00+00:00,1893-10-23T18:00:00+00:00,1893-10-22T12:00:00+00:00,1893-10-22T06:00:00-06:00,485.52,TS,50,Tropical Storm,50.0,2
AL021894,UNNAMED,1894,1894-08-05T06:00:00+00:00,1894-08-09T18:00:00+00:00,1894-08-07T06:00:00+00:00,1894-08-07T00:00:00-06:00,104.24,TS,50,Tropical Storm,50.0,19
AL041894,UNNAMED,1894,1894-09-18T00:00:00+00:00,1894-10-01T06:00:00+00:00,1894-09-26T12:00:00+00:00,1894-09-26T06:00:00-06:00,274.96,HU,65,Category 1,90.0,14
AL051894,UNNAMED,1894,1894-10-01T00:00:00+00:00,1894-10-12T12:00:00+00:00,1894-10-09T03:00:00+00:00,1894-10-08T21:00:00-06:00,14.68,HU,105,Category 3,105.0,16
AL011895,UNNAMED,1895,1895-08-14T06:00:00+00:00,1895-08-17T18:00:00+00:00,1895-08-16T18:00:00+00:00,1895-08-16T12:00:00-06:00,175.56,TS,40,Tropical Storm,50.0,17
AL031895,UNNAMED,1895,1895-09-28T00:00:00+00:00,1895-10-07T12:00:00+00:00,1895-10-01T00:00:00+00:00,1895-09-30T18:00:00-06:00,437.04,TS,50,Tropical Storm,50.0,8
AL041895,UNNAMED,1895,1895-10-02T00:00:00+00:00,1895-10-07T12:00:00+00:00,1895-10-07T12:00:00+00:00,1895-10-07T06:00:00-06:00,435.02,TD,25,Tropical Depression,25.0,1
AL061895,UNNAMED,1895,1895-10-13T06:00:00+00:00,1895-10-17T00:00:00+00:00,1895-10-16T06:00:00+00:00,1895-10-16T00:00:00-06:00,373.81,TS,35,Tropical Storm,35.0,9
AL011896,UNNAMED,1896,1896-07-04T12:00:00+00:00,1896-07-12T12:00:00+00:00,1896-07-07T18:00:00+00:00,1896-07-07T12:00:00-06:00,47.63,HU,85,Category 2,85.0,17
AL041896,UNNAMED,1896,1896-09-22T06:00:00+00:00,1896-09-30T12:00:00+00:00,1896-09-29T11:00:00+00:00,1896-09-29T05:00:00-06:00,170.34,HU,110,Category 3,110.0,6
AL051896,UNNAMED,1896,1896-10-07T00:00:00+00:00,1896-10-16T12:00:00+00:00,1896-10-09T00:00:00+00:00,1896-10-08T18:00:00-06:00,335.0,TS,50,Tropical Storm,55.0,12
AL021897,UNNAMED,1897,1897-09-10T06:00:00+00:00,1897-09-13T18:00:00+00:00,1897-09-12T06:00:00+00:00,1897-09-12T00:00:00-06:00,207.39,HU,75,Category 1,75.0,11
AL031897,UNNAMED,1897,1897-09-20T12:00:00+00:00,1897-09-25T12:00:00+00:00,1897-09-21T12:00:00+00:00,1897-09-21T06:00:00-06:00,289.94,TS,45,Tropical Storm,60.0,10
AL041897,UNNAMED,1897,1897-09-25T00:00:00+00:00,1897-09-29T18:00:00+00:00,1897-09-29T12:00:00+00:00,1897-09-29T06:00:00-06:00,228.45,TS,40,Tropical Storm,40.0,10
AL011898,UNNAMED,1898,1898-08-02T00:00:00+00:00,1898-08-03T18:00:00+00:00,1898-08-03T06:00:00+00:00,1898-08-03T00:00:00-06:00,39.54,TS,50,Tropical Storm,70.0,10
AL021898,UNNAMED,1898,1898-08-30T06:00:00+00:00,1898-09-01T18:00:00+00:00,1898-09-01T12:00:00+00:00,1898-09-01T06:00:00-06:00,186.55,TS,35,Tropical Storm,75.0,12
AL051898,UNNAMED,1898,1898-09-12T06:00:00+00:00,1898-09-22T12:00:00+00:00,1898-09-21T06:00:00+00:00,1898-09-21T00:00:00-06:00,392.98,TS,35,Tropical Storm,50.0,11
AL071898,UNNAMED,1898,1898-09-25T00:00:00+00:00,1898-10-06T18:00:00+00:00,1898-10-03T00:00:00+00:00,1898-10-02T18:00:00-06:00,198.22,HU,65,Category 1,115.0,12
AL091898,UNNAMED,1898,1898-10-02T06:00:00+00:00,1898-10-14T18:00:00+00:00,1898-10-11T18:00:00+00:00,1898-10-11T12:00:00-06:00,489.47,TS,60,Tropical Storm,60.0,2
AL011899,UNNAMED,1899,1899-06-26T12:00:00+00:00,1899-06-27T18:00:00+00:00,1899-06-26T12:00:00+00:00,1899-06-26T06:00:00-06:00,475.9,TS,35,Tropical Storm,35.0,1
AL021899,UNNAMED,1899,1899-07-28T12:00:00+00:00,1899-08-02T18:00:00+00:00,1899-08-02T00:00:00+00:00,1899-08-01T18:00:00-06:00,36.9,TS,60,Tropical Storm,85.0,16
AL031899,UNNAMED,1899,1899-08-03T00:00:00+00:00,1899-09-04T18:00:00+00:00,1899-08-14T12:00:00+00:00,1899-08-14T06:00:00-06:00,404.06,HU,105,Category 3,105.0,9
AL061899,UNNAMED,1899,1899-10-02T06:00:00+00:00,1899-10-08T06:00:00+00:00,1899-10-04T18:00:00+00:00,1899-10-04T12:00:00-06:00,161.47,TS,50,Tropical Storm,50.0,13
AL091899,UNNAMED,1899,1899-10-26T00:00:00+00:00,1899-11-04T18:00:00+00:00,1899-10-31T00:00:00+00:00,1899-10-30T18:00:00-06:00,428.4,HU,95,Category 2,95.0,6
AL011900,UNNAMED,1900,1900-08-27T00:00:00+00:00,1900-09-15T18:00:00+00:00,1900-09-07T06:00:00+00:00,1900-09-07T00:00:00-06:00,251.12,HU,105,Category 3,125.0,12
AL041900,UNNAMED,1900,1900-09-11T00:00:00+00:00,1900-09-15T18:00:00+00:00,1900-09-14T06:00:00+00:00,1900-09-14T00:00:00-06:00,155.28,TD,30,Tropical Depression,45.0,17
AL061900,UNNAMED,1900,1900-10-10T06:00:00+00:00,1900-10-15T18:00:00+00:00,1900-10-12T00:00:00+00:00,1900-10-11T18:00:00-06:00,111.9,TS,40,Tropical Storm,40.0,9
AL011901,UNNAMED,1901,1901-06-11T00:00:00+00:00,1901-06-15T18:00:00+00:00,1901-06-14T00:00:00+00:00,1901-06-13T18:00:00-06:00,66.68,TD,30,Tropical Depression,35.0,14
AL021901,UNNAMED,1901,1901-07-01T12:00:00+00:00,1901-07-10T18:00:00+00:00,1901-07-09T06:00:00+00:00,1901-07-09T00:00:00-06:00,437.7,TS,60,Tropical Storm,60.0,6
AL031901,UNNAMED,1901,1901-07-04T00:00:00+00:00,1901-07-13T18:00:00+00:00,1901-07-13T18:00:00+00:00,1901-07-13T12:00:00-06:00,456.2,TD,30,Tropical Depression,35.0,3
AL041901,UNNAMED,1901,1901-08-02T00:00:00+00:00,1901-08-18T18:00:00+00:00,1901-08-16T00:00:00+00:00,1901-08-15T18:00:00-06:00,164.41,TS,60,Tropical Storm,80.0,31
AL081901,UNNAMED,1901,1901-09-09T06:00:00+00:00,1901-09-19T18:00:00+00:00,1901-09-17T20:00:00+00:00,1901-09-17T14:00:00-06:00,55.29,TS,50,Tropical Storm,55.0,11
AL101901,UNNAMED,1901,1901-09-21T00:00:00+00:00,1901-10-02T12:00:00+00:00,1901-09-28T03:00:00+00:00,1901-09-27T21:00:00-06:00,69.37,TS,40,Tropical Storm,40.0,9
AL011902,UNNAMED,1902,1902-06-12T12:00:00+00:00,1902-06-17T18:00:00+00:00,1902-06-14T23:00:00+00:00,1902-06-14T17:00:00-06:00,123.57,TS,50,Tropical Storm,50.0,12
AL041902,UNNAMED,1902,1902-10-03T00:00:00+00:00,1902-10-13T12:00:00+00:00,1902-10-11T00:00:00+00:00,1902-10-10T18:00:00-06:00,92.2,TS,40,Tropical Storm,80.0,11
AL031903,UNNAMED,1903,1903-09-09T06:00:00+00:00,1903-09-16T18:00:00+00:00,1903-09-13T23:00:00+00:00,1903-09-13T17:00:00-06:00,7.96,HU,80,Category 1,80.0,23
AL021904,UNNAMED,1904,1904-09-08T00:00:00+00:00,1904-09-15T18:00:00+00:00,1904-09-14T12:00:00+00:00,1904-09-14T06:00:00-06:00,434.78,HU,70,Category 1,70.0,6
AL041904,UNNAMED,1904,1904-10-12T06:00:00+00:00,1904-10-21T18:00:00+00:00,1904-10-19T00:00:00+00:00,1904-10-18T18:00:00-06:00,307.42,TS,35,Tropical Storm,70.0,18
AL061904,UNNAMED,1904,1904-10-31T12:00:00+00:00,1904-11-06T18:00:00+00:00,1904-11-03T12:00:00+00:00,1904-11-03T06:00:00-06:00,59.17,TS,35,Tropical Storm,40.0,8
AL031905,UNNAMED,1905,1905-09-24T06:00:00+00:00,1905-09-30T18:00:00+00:00,1905-09-30T00:00:00+00:00,1905-09-29T18:00:00-06:00,325.17,TS,35,Tropical Storm,45.0,13
AL051905,UNNAMED,1905,1905-10-05T06:00:00+00:00,1905-10-11T18:00:00+00:00,1905-10-10T06:00:00+00:00,1905-10-10T00:00:00-06:00,273.48,EX,30,Tropical Depression,45.0,13
AL011906,UNNAMED,1906,1906-06-08T12:00:00+00:00,1906-06-14T18:00:00+00:00,1906-06-12T20:00:00+00:00,1906-06-12T14:00:00-06:00,7.96,TS,45,Tropical Storm,45.0,19
AL021906,UNNAMED,1906,1906-06-14T06:00:00+00:00,1906-06-23T18:00:00+00:00,1906-06-17T12:00:00+00:00,1906-06-17T06:00:00-06:00,450.85,HU,75,Category 1,75.0,7
AL051906,UNNAMED,1906,1906-09-03T12:00:00+00:00,1906-09-18T18:00:00+00:00,1906-09-18T12:00:00+00:00,1906-09-18T06:00:00-06:00,372.41,TD,30,Tropical Depression,80.0,6
AL061906,UNNAMED,1906,1906-09-19T12:00:00+00:00,1906-09-30T06:00:00+00:00,1906-09-27T06:00:00+00:00,1906-09-27T00:00:00-06:00,167.79,HU,95,Category 2,105.0,15
AL091906,UNNAMED,1906,1906-10-14T06:00:00+00:00,1906-10-17T18:00:00+00:00,1906-10-17T18:00:00+00:00,1906-10-17T12:00:00-06:00,321.87,TD,25,Tropical Depression,40.0,4
AL081906,UNNAMED,1906,1906-10-08T06:00:00+00:00,1906-10-23T18:00:00+00:00,1906-10-21T12:00:00+00:00,1906-10-21T06:00:00-06:00,257.22,TS,40,Tropical Storm,105.0,23
AL011907,UNNAMED,1907,1907-06-24T12:00:00+00:00,1907-06-30T18:00:00+00:00,1907-06-29T00:00:00+00:00,1907-06-28T18:00:00-06:00,12.79,TS,50,Tropical Storm,55.0,11
AL021907,UNNAMED,1907,1907-09-18T12:00:00+00:00,1907-09-23T18:00:00+00:00,1907-09-20T12:00:00+00:00,1907-09-20T06:00:00-06:00,147.53,TS,40,Tropical Storm,40.0,21
AL031907,UNNAMED,1907,1907-09-27T06:00:00+00:00,1907-09-30T00:00:00+00:00,1907-09-28T20:00:00+00:00,1907-09-28T14:00:00-06:00,2.49,TS,45,Tropical Storm,45.0,8
AL021908,UNNAMED,1908,1908-05-24T12:00:00+00:00,1908-05-31T18:00:00+00:00,1908-05-27T18:00:00+00:00,1908-05-27T12:00:00-06:00,372.32,TS,55,Tropical Storm,65.0,8
AL031908,UNNAMED,1908,1908-07-24T12:00:00+00:00,1908-08-03T18:00:00+00:00,1908-07-30T00:00:00+00:00,1908-07-29T18:00:00-06:00,443.73,HU,65,Category 1,70.0,11
AL041908,UNNAMED,1908,1908-07-29T00:00:00+00:00,1908-08-03T18:00:00+00:00,1908-07-31T12:00:00+00:00,1908-07-31T06:00:00-06:00,355.33,TS,50,Tropical Storm,50.0,25
AL071908,UNNAMED,1908,1908-09-16T12:00:00+00:00,1908-09-18T18:00:00+00:00,1908-09-18T18:00:00+00:00,1908-09-18T12:00:00-06:00,471.92,TD,25,Tropical Depression,55.0,7
AL101908,UNNAMED,1908,1908-10-19T12:00:00+00:00,1908-10-23T18:00:00+00:00,1908-10-23T18:00:00+00:00,1908-10-23T12:00:00-06:00,394.63,EX,30,Tropical Depression,35.0,3
AL021909,UNNAMED,1909,1909-06-25T12:00:00+00:00,1909-06-30T12:00:00+00:00,1909-06-26T12:00:00+00:00,1909-06-26T06:00:00-06:00,248.91,TS,40,Tropical Storm,50.0,12
AL031909,UNNAMED,1909,1909-06-26T12:00:00+00:00,1909-07-04T18:00:00+00:00,1909-07-01T06:00:00+00:00,1909-07-01T00:00:00-06:00,74.94,TD,30,Tropical Depression,45.0,23
AL041909,UNNAMED,1909,1909-07-13T12:00:00+00:00,1909-07-22T12:00:00+00:00,1909-07-20T00:00:00+00:00,1909-07-19T18:00:00-06:00,338.57,HU,70,Category 1,90.0,10
AL071909,UNNAMED,1909,1909-08-22T00:00:00+00:00,1909-08-25T06:00:00+00:00,1909-08-23T06:00:00+00:00,1909-08-23T00:00:00-06:00,393.88,TS,40,Tropical Storm,45.0,9
AL081909,UNNAMED,1909,1909-08-28T00:00:00+00:00,1909-08-31T18:00:00+00:00,1909-08-30T18:00:00+00:00,1909-08-30T12:00:00-06:00,289.52,TD,30,Tropical Depression,45.0,12
AL091909,UNNAMED,1909,1909-09-13T12:00:00+00:00,1909-09-22T00:00:00+00:00,1909-09-21T00:00:00+00:00,1909-09-20T18:00:00-06:00,336.66,HU,100,Category 3,105.0,14
AL101909,UNNAMED,1909,1909-09-24T00:00:00+00:00,1909-09-29T00:00:00+00:00,1909-09-25T18:00:00+00:00,1909-09-25T12:00:00-06:00,368.32,TD,30,Tropical Depression,45.0,11
AL111909,UNNAMED,1909,1909-10-06T12:00:00+00:00,1909-10-13T18:00:00+00:00,1909-10-11T18:00:00+00:00,1909-10-11T12:00:00-06:00,473.86,HU,100,Category 3,105.0,2
AL021910,UNNAMED,1910,1910-08-26T12:00:00+00:00,1910-08-31T18:00:00+00:00,1910-08-26T12:00:00+00:00,1910-08-26T06:00:00-06:00,433.04,TD,30,Tropical Depression,30.0,4
AL011910,UNNAMED,1910,1910-08-23T06:00:00+00:00,1910-08-29T18:00:00+00:00,1910-08-27T06:00:00+00:00,1910-08-27T00:00:00-06:00,402.92,EX,35,Tropical Storm,40.0,7
AL031910,UNNAMED,1910,1910-09-05T06:00:00+00:00,1910-09-15T18:00:00+00:00,1910-09-12T18:00:00+00:00,1910-09-12T12:00:00-06:00,456.78,HU,95,Category 2,95.0,7
AL051910,UNNAMED,1910,1910-10-09T06:00:00+00:00,1910-10-23T18:00:00+00:00,1910-10-19T06:00:00+00:00,1910-10-19T00:00:00-06:00,228.91,TS,50,Tropical Storm,120.0,20
AL011911,UNNAMED,1911,1911-08-04T12:00:00+00:00,1911-08-12T00:00:00+00:00,1911-08-04T12:00:00+00:00,1911-08-04T06:00:00-06:00,62.55,TD,20,Tropical Depression,25.0,8
AL021911,UNNAMED,1911,1911-08-08T12:00:00+00:00,1911-08-14T12:00:00+00:00,1911-08-11T12:00:00+00:00,1911-08-11T06:00:00-06:00,63.21,HU,70,Category 1,70.0,24
AL031911,UNNAMED,1911,1911-08-23T06:00:00+00:00,1911-08-31T12:00:00+00:00,1911-08-30T00:00:00+00:00,1911-08-29T18:00:00-06:00,186.96,TD,30,Tropical Depression,85.0,18
AL061911,UNNAMED,1911,1911-10-26T00:00:00+00:00,1911-11-01T00:00:00+00:00,1911-10-31T18:00:00+00:00,1911-10-31T12:00:00-06:00,186.68,EX,35,Tropical Storm,45.0,6
AL011912,UNNAMED,1912,1912-06-07T12:00:00+00:00,1912-06-17T12:00:00+00:00,1912-06-14T00:00:00+00:00,1912-06-13T18:00:00-06:00,194.53,TS,40,Tropical Storm,60.0,30
AL021912,UNNAMED,1912,1912-07-12T12:00:00+00:00,1912-07-17T12:00:00+00:00,1912-07-16T12:00:00+00:00,1912-07-16T06:00:00-06:00,82.33,TD,30,Tropical Depression,45.0,14
AL031912,UNNAMED,1912,1912-09-02T00:00:00+00:00,1912-09-06T18:00:00+00:00,1912-09-06T18:00:00+00:00,1912-09-06T12:00:00-06:00,109.22,TD,20,Tropical Depression,30.0,5
AL041912,UNNAMED,1912,1912-09-10T12:00:00+00:00,1912-09-15T06:00:00+00:00,1912-09-11T12:00:00+00:00,1912-09-11T06:00:00-06:00,89.26,TS,50,Tropical Storm,80.0,21
AL051912,UNNAMED,1912,1912-10-03T12:00:00+00:00,1912-10-10T18:00:00+00:00,1912-10-04T00:00:00+00:00,1912-10-03T18:00:00-06:00,98.55,EX,30,Tropical Depression,40.0,8
AL011913,UNNAMED,1913,1913-06-21T06:00:00+00:00,1913-06-29T00:00:00+00:00,1913-06-26T12:00:00+00:00,1913-06-26T06:00:00-06:00,473.92,TS,50,Tropical Storm,55.0,2
AL041913,UNNAMED,1913,1913-08-30T12:00:00+00:00,1913-09-04T12:00:00+00:00,1913-09-04T12:00:00+00:00,1913-09-04T06:00:00-06:00,329.11,TD,20,Tropical Depression,30.0,3
AL051913,UNNAMED,1913,1913-10-02T12:00:00+00:00,1913-10-11T00:00:00+00:00,1913-10-09T06:00:00+00:00,1913-10-09T00:00:00-06:00,394.2,TS,35,Tropical Storm,65.0,12
AL011914,UNNAMED,1914,1914-09-15T00:00:00+00:00,1914-09-19T06:00:00+00:00,1914-09-18T00:00:00+00:00,1914-09-17T18:00:00-06:00,70.17,TS,35,Tropical Storm,60.0,14
AL011915,UNNAMED,1915,1915-07-31T06:00:00+00:00,1915-08-05T12:00:00+00:00,1915-08-02T18:00:00+00:00,1915-08-02T12:00:00-06:00,222.6,TS,40,Tropical Storm,65.0,13
AL021915,UNNAMED,1915,1915-08-05T12:00:00+00:00,1915-08-23T18:00:00+00:00,1915-08-16T06:00:00+00:00,1915-08-16T00:00:00-06:00,421.76,HU,115,Category 4,120.0,6
AL041915,UNNAMED,1915,1915-08-31T12:00:00+00:00,1915-09-06T18:00:00+00:00,1915-09-04T12:00:00+00:00,1915-09-04T06:00:00-06:00,20.38,HU,70,Category 1,80.0,10
AL061915,UNNAMED,1915,1915-09-21T12:00:00+00:00,1915-10-01T18:00:00+00:00,1915-09-30T12:00:00+00:00,1915-09-30T06:00:00-06:00,258.98,EX,50,Tropical Storm,125.0,13
AL011916,UNNAMED,1916,1916-05-13T12:00:00+00:00,1916-05-18T00:00:00+00:00,1916-05-15T12:00:00+00:00,1916-05-15T06:00:00-06:00,225.93,TS,35,Tropical Storm,40.0,10
AL021916,UNNAMED,1916,1916-06-28T12:00:00+00:00,1916-07-10T18:00:00+00:00,1916-07-05T18:00:00+00:00,1916-07-05T12:00:00-06:00,136.7,HU,105,Category 3,105.0,27
AL041916,UNNAMED,1916,1916-07-11T06:00:00+00:00,1916-07-15T18:00:00+00:00,1916-07-15T12:00:00+00:00,1916-07-15T06:00:00-06:00,380.19,TS,35,Tropical Storm,100.0,12
AL071916,UNNAMED,1916,1916-08-21T06:00:00+00:00,1916-08-26T06:00:00+00:00,1916-08-26T06:00:00+00:00,1916-08-26T00:00:00-06:00,306.28,TD,30,Tropical Depression,40.0,6
AL091916,UNNAMED,1916,1916-09-04T12:00:00+00:00,1916-09-07T00:00:00+00:00,1916-09-05T12:00:00+00:00,1916-09-05T06:00:00-06:00,431.95,TS,45,Tropical Storm,45.0,4
AL121916,UNNAMED,1916,1916-10-02T06:00:00+00:00,1916-10-05T00:00:00+00:00,1916-10-05T00:00:00+00:00,1916-10-04T18:00:00-06:00,184.47,TD,30,Tropical Depression,50.0,5
AL141916,UNNAMED,1916,1916-10-09T06:00:00+00:00,1916-10-19T12:00:00+00:00,1916-10-18T14:00:00+00:00,1916-10-18T08:00:00-06:00,101.46,HU,95,Category 2,95.0,8
AL151916,UNNAMED,1916,1916-11-11T00:00:00+00:00,1916-11-16T06:00:00+00:00,1916-11-15T18:00:00+00:00,1916-11-15T12:00:00-06:00,437.88,EX,55,Tropical Storm,55.0,3
AL041917,UNNAMED,1917,1917-09-20T00:00:00+00:00,1917-09-30T06:00:00+00:00,1917-09-29T02:00:00+00:00,1917-09-28T20:00:00-06:00,55.29,HU,100,Category 3,120.0,18
AL011918,UNNAMED,1918,1918-08-01T00:00:00+00:00,1918-08-07T18:00:00+00:00,1918-08-06T06:00:00+00:00,1918-08-06T01:00:00-05:00,402.35,HU,100,Category 3,105.0,7
AL011919,UNNAMED,1919,1919-07-02T06:00:00+00:00,1919-07-05T18:00:00+00:00,1919-07-04T06:00:00+00:00,1919-07-04T01:00:00-05:00,71.71,TS,55,Tropical Storm,55.0,16
AL021919,UNNAMED,1919,1919-09-02T12:00:00+00:00,1919-09-16T12:00:00+00:00,1919-09-12T12:00:00+00:00,1919-09-12T07:00:00-05:00,304.38,HU,110,Category 3,130.0,18
AL041919,UNNAMED,1919,1919-09-29T00:00:00+00:00,1919-10-02T00:00:00+00:00,1919-10-02T00:00:00+00:00,1919-10-01T19:00:00-05:00,96.34,TD,20,Tropical Depression,40.0,10
AL021920,UNNAMED,1920,1920-09-16T06:00:00+00:00,1920-09-23T06:00:00+00:00,1920-09-22T00:00:00+00:00,1920-09-21T19:00:00-05:00,310.56,HU,85,Category 2,85.0,8
AL051920,UNNAMED,1920,1920-09-25T06:00:00+00:00,1920-09-30T18:00:00+00:00,1920-09-30T06:00:00+00:00,1920-09-30T01:00:00-05:00,155.33,TS,55,Tropical Storm,75.0,24
AL051921,UNNAMED,1921,1921-10-15T12:00:00+00:00,1921-10-24T06:00:00+00:00,1921-10-16T00:00:00+00:00,1921-10-15T19:00:00-05:00,321.66,TD,30,Tropical Depression,45.0,5
AL061921,UNNAMED,1921,1921-10-20T00:00:00+00:00,1921-10-30T06:00:00+00:00,1921-10-25T20:00:00+00:00,1921-10-25T15:00:00-05:00,225.5,HU,100,Category 3,120.0,11
AL071921,UNNAMED,1921,1921-11-19T00:00:00+00:00,1921-11-25T18:00:00+00:00,1921-11-25T18:00:00+00:00,1921-11-25T12:00:00-06:00,425.84,TD,25,Tropical Depression,25.0,3
AL031922,UNNAMED,1922,1922-09-18T00:00:00+00:00,1922-09-25T00:00:00+00:00,1922-09-18T00:00:00+00:00,1922-09-17T19:00:00-05:00,391.59,TD,30,Tropical Depression,55.0,9
AL051922,UNNAMED,1922,1922-10-12T00:00:00+00:00,1922-10-17T18:00:00+00:00,1922-10-17T06:00:00+00:00,1922-10-17T00:00:00-06:00,124.08,TD,25,Tropical Depression,45.0,13
AL011923,UNNAMED,1923,1923-06-22T12:00:00+00:00,1923-06-29T00:00:00+00:00,1923-06-26T18:00:00+00:00,1923-06-26T13:00:00-05:00,109.99,TD,30,Tropical Depression,40.0,10
AL061923,UNNAMED,1923,1923-10-12T06:00:00+00:00,1923-10-17T12:00:00+00:00,1923-10-16T06:00:00+00:00,1923-10-16T00:00:00-06:00,322.76,HU,70,Category 1,70.0,5
AL081923,UNNAMED,1923,1923-10-16T12:00:00+00:00,1923-10-21T18:00:00+00:00,1923-10-18T01:00:00+00:00,1923-10-17T19:00:00-06:00,195.61,TS,50,Tropical Storm,50.0,6
AL021924,UNNAMED,1924,1924-07-28T06:00:00+00:00,1924-07-30T18:00:00+00:00,1924-07-28T06:00:00+00:00,1924-07-28T01:00:00-05:00,449.73,TD,30,Tropical Depression,35.0,2
AL031924,UNNAMED,1924,1924-08-16T06:00:00+00:00,1924-08-28T12:00:00+00:00,1924-08-25T00:00:00+00:00,1924-08-24T19:00:00-05:00,472.21,HU,90,Category 2,95.0,3
AL051924,UNNAMED,1924,1924-09-13T00:00:00+00:00,1924-09-19T18:00:00+00:00,1924-09-15T12:00:00+00:00,1924-09-15T07:00:00-05:00,38.8,HU,75,Category 1,75.0,18
AL081924,UNNAMED,1924,1924-09-27T00:00:00+00:00,1924-10-01T00:00:00+00:00,1924-09-29T18:00:00+00:00,1924-09-29T12:00:00-06:00,89.26,TS,55,Tropical Storm,55.0,7
AL091924,UNNAMED,1924,1924-10-11T12:00:00+00:00,1924-10-15T06:00:00+00:00,1924-10-12T06:00:00+00:00,1924-10-12T00:00:00-06:00,299.58,TS,45,Tropical Storm,50.0,7
AL101924,UNNAMED,1924,1924-10-14T00:00:00+00:00,1924-10-23T12:00:00+00:00,1924-10-20T18:00:00+00:00,1924-10-20T12:00:00-06:00,375.55,HU,90,Category 2,130.0,9
AL021925,UNNAMED,1925,1925-08-25T12:00:00+00:00,1925-08-28T00:00:00+00:00,1925-08-25T12:00:00+00:00,1925-08-25T07:00:00-05:00,462.24,TD,25,Tropical Depression,30.0,2
AL041925,UNNAMED,1925,1925-11-27T00:00:00+00:00,1925-12-05T12:00:00+00:00,1925-12-01T06:00:00+00:00,1925-12-01T00:00:00-06:00,341.73,EX,50,Tropical Storm,80.0,8
AL011926,UNNAMED,1926,1926-07-22T06:00:00+00:00,1926-08-02T12:00:00+00:00,1926-07-29T12:00:00+00:00,1926-07-29T07:00:00-05:00,148.6,TS,35,Tropical Storm,95.0,19
AL031926,UNNAMED,1926,1926-08-20T12:00:00+00:00,1926-08-27T18:00:00+00:00,1926-08-26T00:00:00+00:00,1926-08-25T19:00:00-05:00,315.41,HU,95,Category 2,100.0,17
AL071926,UNNAMED,1926,1926-09-11T12:00:00+00:00,1926-09-22T12:00:00+00:00,1926-09-20T06:00:00+00:00,1926-09-20T01:00:00-05:00,45.92,HU,110,Category 3,125.0,18
AL101926,UNNAMED,1926,1926-10-14T06:00:00+00:00,1926-10-28T06:00:00+00:00,1926-10-21T06:00:00+00:00,1926-10-21T00:00:00-06:00,482.97,HU,110,Category 3,110.0,2
AL051927,UNNAMED,1927,1927-09-30T12:00:00+00:00,1927-10-04T06:00:00+00:00,1927-10-03T09:00:00+00:00,1927-10-03T03:00:00-06:00,354.78,TS,50,Tropical Storm,50.0,6
AL011928,UNNAMED,1928,1928-08-03T00:00:00+00:00,1928-08-13T18:00:00+00:00,1928-08-10T06:00:00+00:00,1928-08-10T01:00:00-05:00,79.62,TS,35,Tropical Storm,90.0,19
AL021928,UNNAMED,1928,1928-08-07T12:00:00+00:00,1928-08-17T06:00:00+00:00,1928-08-14T18:00:00+00:00,1928-08-14T13:00:00-05:00,50.67,TS,40,Tropical Storm,60.0,17
AL041928,UNNAMED,1928,1928-09-06T00:00:00+00:00,1928-09-21T00:00:00+00:00,1928-09-18T00:00:00+00:00,1928-09-17T19:00:00-05:00,229.25,HU,70,Category 1,125.0,10
AL021929,UNNAMED,1929,1929-09-19T00:00:00+00:00,1929-10-05T00:00:00+00:00,1929-10-01T04:00:00+00:00,1929-09-30T22:00:00-06:00,5.48,HU,70,Category 1,100.0,17
AL021930,UNNAMED,1930,1930-08-29T00:00:00+00:00,1930-09-17T18:00:00+00:00,1930-09-09T06:00:00+00:00,1930-09-09T01:00:00-05:00,255.84,TS,40,Tropical Storm,70.0,23
AL021931,UNNAMED,1931,1931-07-11T06:00:00+00:00,1931-07-17T06:00:00+00:00,1931-07-15T10:00:00+00:00,1931-07-15T05:00:00-05:00,322.76,TS,50,Tropical Storm,60.0,10
AL021932,UNNAMED,1932,1932-08-12T00:00:00+00:00,1932-08-15T18:00:00+00:00,1932-08-13T12:00:00+00:00,1932-08-13T07:00:00-05:00,480.16,HU,90,Category 2,90.0,3
AL031932,UNNAMED,1932,1932-08-26T18:00:00+00:00,1932-09-04T18:00:00+00:00,1932-09-01T00:00:00+00:00,1932-08-31T19:00:00-05:00,109.03,HU,75,Category 1,75.0,18
AL061932,UNNAMED,1932,1932-09-09T06:00:00+00:00,1932-09-18T06:00:00+00:00,1932-09-15T00:00:00+00:00,1932-09-14T19:00:00-05:00,57.03,TS,50,Tropical Storm,50.0,13
AL081932,UNNAMED,1932,1932-09-18T00:00:00+00:00,1932-09-21T18:00:00+00:00,1932-09-20T06:00:00+00:00,1932-09-20T01:00:00-05:00,346.57,TS,35,Tropical Storm,55.0,7
AL111932,UNNAMED,1932,1932-10-07T00:00:00+00:00,1932-10-18T12:00:00+00:00,1932-10-16T12:00:00+00:00,1932-10-16T06:00:00-06:00,186.56,EX,40,Tropical Storm,50.0,12
AL021933,UNNAMED,1933,1933-06-24T12:00:00+00:00,1933-07-07T12:00:00+00:00,1933-07-04T18:00:00+00:00,1933-07-04T13:00:00-05:00,369.58,HU,85,Category 2,95.0,8
AL031933,UNNAMED,1933,1933-07-14T00:00:00+00:00,1933-07-27T06:00:00+00:00,1933-07-26T18:00:00+00:00,1933-07-26T13:00:00-05:00,372.54,EX,30,Tropical Depression,30.0,9
AL051933,UNNAMED,1933,1933-07-24T12:00:00+00:00,1933-08-05T18:00:00+00:00,1933-08-01T12:00:00+00:00,1933-08-01T07:00:00-05:00,220.41,TS,40,Tropical Storm,70.0,19
AL071933,UNNAMED,1933,1933-08-14T00:00:00+00:00,1933-08-21T12:00:00+00:00,1933-08-21T00:00:00+00:00,1933-08-20T19:00:00-05:00,227.53,TD,25,Tropical Depression,40.0,13
AL081933,UNNAMED,1933,1933-08-22T06:00:00+00:00,1933-09-05T18:00:00+00:00,1933-09-03T00:00:00+00:00,1933-09-02T19:00:00-05:00,372.07,HU,120,Category 4,120.0,8
AL111933,UNNAMED,1933,1933-08-31T06:00:00+00:00,1933-09-07T18:00:00+00:00,1933-09-05T18:00:00+00:00,1933-09-05T13:00:00-05:00,135.51,TS,50,Tropical Storm,110.0,18
AL171933,UNNAMED,1933,1933-10-01T06:00:00+00:00,1933-10-09T06:00:00+00:00,1933-10-05T00:00:00+00:00,1933-10-04T18:00:00-06:00,499.78,HU,90,Category 2,90.0,1
AL011934,UNNAMED,1934,1934-06-04T12:00:00+00:00,1934-06-21T18:00:00+00:00,1934-06-17T06:00:00+00:00,1934-06-17T01:00:00-05:00,334.84,TS,45,Tropical Storm,85.0,14
AL021934,UNNAMED,1934,1934-07-12T00:00:00+00:00,1934-07-17T00:00:00+00:00,1934-07-12T00:00:00+00:00,1934-07-11T19:00:00-05:00,379.22,TD,25,Tropical Depression,30.0,4
AL031934,UNNAMED,1934,1934-07-22T06:00:00+00:00,1934-07-26T18:00:00+00:00,1934-07-23T12:00:00+00:00,1934-07-23T07:00:00-05:00,170.34,TS,35,Tropical Storm,65.0,12
AL051934,UNNAMED,1934,1934-08-26T06:00:00+00:00,1934-09-01T18:00:00+00:00,1934-08-26T06:00:00+00:00,1934-08-26T01:00:00-05:00,291.27,TS,35,Tropical Storm,70.0,6
AL111934,UNNAMED,1934,1934-10-01T12:00:00+00:00,1934-10-06T18:00:00+00:00,1934-10-06T12:00:00+00:00,1934-10-06T06:00:00-06:00,88.68,EX,30,Tropical Depression,50.0,16
AL031935,UNNAMED,1935,1935-08-29T06:00:00+00:00,1935-09-10T12:00:00+00:00,1935-09-05T00:00:00+00:00,1935-09-04T19:00:00-05:00,140.26,HU,75,Category 1,160.0,15
AL051935,UNNAMED,1935,1935-09-23T06:00:00+00:00,1935-10-02T18:00:00+00:00,1935-09-29T06:00:00+00:00,1935-09-29T01:00:00-05:00,499.42,HU,120,Category 4,120.0,1
AL071935,UNNAMED,1935,1935-10-30T06:00:00+00:00,1935-11-08T18:00:00+00:00,1935-11-08T06:00:00+00:00,1935-11-08T00:00:00-06:00,174.47,TD,25,Tropical Depression,85.0,18
AL011936,UNNAMED,1936,1936-06-12T00:00:00+00:00,1936-06-17T06:00:00+00:00,1936-06-15T00:00:00+00:00,1936-06-14T19:00:00-05:00,316.92,TS,40,Tropical Storm,40.0,10
AL041936,UNNAMED,1936,1936-07-26T06:00:00+00:00,1936-07-28T06:00:00+00:00,1936-07-28T06:00:00+00:00,1936-07-28T01:00:00-05:00,256.93,TD,25,Tropical Depression,40.0,10
AL051936,UNNAMED,1936,1936-07-27T06:00:00+00:00,1936-08-01T12:00:00+00:00,1936-07-31T12:00:00+00:00,1936-07-31T07:00:00-05:00,46.05,HU,90,Category 2,90.0,17
AL071936,UNNAMED,1936,1936-08-07T18:00:00+00:00,1936-08-12T18:00:00+00:00,1936-08-08T00:00:00+00:00,1936-08-07T19:00:00-05:00,265.23,TD,30,Tropical Depression,35.0,12
AL081936,UNNAMED,1936,1936-08-15T06:00:00+00:00,1936-08-20T00:00:00+00:00,1936-08-16T06:00:00+00:00,1936-08-16T01:00:00-05:00,492.63,TS,55,Tropical Storm,55.0,2
AL091936,UNNAMED,1936,1936-08-20T06:00:00+00:00,1936-08-23T06:00:00+00:00,1936-08-22T12:00:00+00:00,1936-08-22T07:00:00-05:00,51.01,TD,30,Tropical Depression,50.0,9
AL011937,UNNAMED,1937,1937-07-29T00:00:00+00:00,1937-08-02T18:00:00+00:00,1937-07-29T18:00:00+00:00,1937-07-29T13:00:00-05:00,217.67,TS,55,Tropical Storm,55.0,10
AL031937,UNNAMED,1937,1937-08-24T12:00:00+00:00,1937-09-02T18:00:00+00:00,1937-08-31T12:00:00+00:00,1937-08-31T07:00:00-05:00,40.87,TS,35,Tropical Storm,60.0,18
AL071937,UNNAMED,1937,1937-09-16T12:00:00+00:00,1937-09-21T18:00:00+00:00,1937-09-20T16:00:00+00:00,1937-09-20T11:00:00-05:00,35.4,TS,35,Tropical Storm,50.0,17
AL101937,UNNAMED,1937,1937-10-02T00:00:00+00:00,1937-10-04T06:00:00+00:00,1937-10-02T12:00:00+00:00,1937-10-02T06:00:00-06:00,368.54,TS,40,Tropical Storm,40.0,11
AL031938,UNNAMED,1938,1938-08-10T00:00:00+00:00,1938-08-15T12:00:00+00:00,1938-08-14T18:00:00+00:00,1938-08-14T13:00:00-05:00,452.49,HU,65,Category 1,80.0,9
AL071938,UNNAMED,1938,1938-10-10T18:00:00+00:00,1938-10-17T18:00:00+00:00,1938-10-16T00:00:00+00:00,1938-10-15T18:00:00-06:00,279.01,TS,40,Tropical Storm,50.0,18
AL081938,UNNAMED,1938,1938-10-16T12:00:00+00:00,1938-10-21T00:00:00+00:00,1938-10-20T12:00:00+00:00,1938-10-20T06:00:00-06:00,451.63,TS,35,Tropical Storm,35.0,4
AL011939,UNNAMED,1939,1939-06-12T06:00:00+00:00,1939-06-18T18:00:00+00:00,1939-06-16T12:00:00+00:00,1939-06-16T07:00:00-05:00,111.83,TS,50,Tropical Storm,55.0,20
AL021939,UNNAMED,1939,1939-08-07T18:00:00+00:00,1939-08-19T18:00:00+00:00,1939-08-13T00:00:00+00:00,1939-08-12T19:00:00-05:00,23.77,HU,65,Category 1,65.0,29
AL041939,UNNAMED,1939,1939-09-23T00:00:00+00:00,1939-09-27T06:00:00+00:00,1939-09-27T00:00:00+00:00,1939-09-26T18:00:00-06:00,177.42,TD,30,Tropical Depression,45.0,9
AL021940,UNNAMED,1940,1940-08-03T12:00:00+00:00,1940-08-10T18:00:00+00:00,1940-08-04T12:00:00+00:00,1940-08-04T07:00:00-05:00,160.97,TS,40,Tropical Storm,85.0,18
AL031940,UNNAMED,1940,1940-08-05T18:00:00+00:00,1940-08-14T18:00:00+00:00,1940-08-12T12:00:00+00:00,1940-08-12T07:00:00-05:00,215.75,TS,35,Tropical Storm,85.0,17
AL061940,UNNAMED,1940,1940-09-18T12:00:00+00:00,1940-09-25T06:00:00+00:00,1940-09-25T06:00:00+00:00,1940-09-25T01:00:00-05:00,208.94,TD,15,Tropical Depression,40.0,6
AL011941,UNNAMED,1941,1941-09-11T00:00:00+00:00,1941-09-16T06:00:00+00:00,1941-09-11T18:00:00+00:00,1941-09-11T13:00:00-05:00,205.03,TS,35,Tropical Storm,50.0,17
AL031941,UNNAMED,1941,1941-09-18T00:00:00+00:00,1941-09-25T18:00:00+00:00,1941-09-18T18:00:00+00:00,1941-09-18T13:00:00-05:00,447.24,TD,30,Tropical Depression,35.0,6
AL021941,UNNAMED,1941,1941-09-17T12:00:00+00:00,1941-09-27T00:00:00+00:00,1941-09-19T00:00:00+00:00,1941-09-18T19:00:00-05:00,347.77,TS,45,Tropical Storm,85.0,22
AL051941,UNNAMED,1941,1941-10-03T18:00:00+00:00,1941-10-13T18:00:00+00:00,1941-10-07T12:00:00+00:00,1941-10-07T06:00:00-06:00,68.54,HU,70,Category 1,85.0,13
AL061941,UNNAMED,1941,1941-10-15T06:00:00+00:00,1941-10-22T06:00:00+00:00,1941-10-20T18:00:00+00:00,1941-10-20T12:00:00-06:00,171.23,TS,35,Tropical Storm,45.0,19
AL021942,UNNAMED,1942,1942-08-17T12:00:00+00:00,1942-08-23T12:00:00+00:00,1942-08-19T06:00:00+00:00,1942-08-19T01:00:00-05:00,286.68,TS,60,Tropical Storm,70.0,13
AL011943,UNNAMED,1943,1943-07-25T18:00:00+00:00,1943-07-30T00:00:00+00:00,1943-07-25T18:00:00+00:00,1943-07-25T13:00:00-05:00,188.97,TS,35,Tropical Storm,90.0,7
AL061943,UNNAMED,1943,1943-09-15T18:00:00+00:00,1943-09-20T12:00:00+00:00,1943-09-20T06:00:00+00:00,1943-09-20T01:00:00-05:00,378.31,TD,25,Tropical Depression,60.0,7
AL031944,UNNAMED,1944,1944-07-30T12:00:00+00:00,1944-08-04T06:00:00+00:00,1944-08-01T18:00:00+00:00,1944-08-01T13:00:00-05:00,475.36,HU,70,Category 1,70.0,2
AL061944,UNNAMED,1944,1944-09-09T00:00:00+00:00,1944-09-11T12:00:00+00:00,1944-09-11T06:00:00+00:00,1944-09-11T01:00:00-05:00,115.95,TD,30,Tropical Depression,55.0,8
AL131944,UNNAMED,1944,1944-10-12T12:00:00+00:00,1944-10-24T12:00:00+00:00,1944-10-19T18:00:00+00:00,1944-10-19T13:00:00-05:00,242.26,TS,60,Tropical Storm,105.0,10
AL011945,UNNAMED,1945,1945-06-20T12:00:00+00:00,1945-07-04T12:00:00+00:00,1945-06-24T00:00:00+00:00,1945-06-23T19:00:00-05:00,153.3,HU,80,Category 1,85.0,16
AL021945,UNNAMED,1945,1945-07-19T06:00:00+00:00,1945-07-22T06:00:00+00:00,1945-07-19T06:00:00+00:00,1945-07-19T01:00:00-05:00,401.71,TD,30,Tropical Depression,35.0,5
AL071945,UNNAMED,1945,1945-09-03T18:00:00+00:00,1945-09-06T18:00:00+00:00,1945-09-05T12:00:00+00:00,1945-09-05T07:00:00-05:00,113.45,TD,30,Tropical Depression,35.0,10
AL091945,UNNAMED,1945,1945-09-12T00:00:00+00:00,1945-09-20T18:00:00+00:00,1945-09-17T00:00:00+00:00,1945-09-16T19:00:00-05:00,256.03,HU,65,Category 1,115.0,13
AL011946,UNNAMED,1946,1946-06-13T12:00:00+00:00,1946-06-16T18:00:00+00:00,1946-06-14T06:00:00+00:00,1946-06-14T01:00:00-05:00,164.04,TS,35,Tropical Storm,35.0,13
AL021946,UNNAMED,1946,1946-07-05T06:00:00+00:00,1946-07-10T18:00:00+00:00,1946-07-05T06:00:00+00:00,1946-07-05T01:00:00-05:00,391.72,EX,30,Tropical Depression,40.0,4
AL061946,UNNAMED,1946,1946-10-05T18:00:00+00:00,1946-10-14T18:00:00+00:00,1946-10-08T12:00:00+00:00,1946-10-08T06:00:00-06:00,221.15,TS,55,Tropical Storm,85.0,10
AL071946,UNNAMED,1946,1946-10-31T18:00:00+00:00,1946-11-03T06:00:00+00:00,1946-11-02T18:00:00+00:00,1946-11-02T12:00:00-06:00,234.97,TD,25,Tropical Depression,40.0,8
AL031947,UNNAMED,1947,1947-08-18T18:00:00+00:00,1947-08-27T18:00:00+00:00,1947-08-21T18:00:00+00:00,1947-08-21T13:00:00-05:00,232.69,TS,40,Tropical Storm,60.0,20
AL051947,UNNAMED,1947,1947-09-07T00:00:00+00:00,1947-09-09T00:00:00+00:00,1947-09-08T06:00:00+00:00,1947-09-08T01:00:00-05:00,125.75,TS,50,Tropical Storm,50.0,10
AL041947,UNNAMED,1947,1947-09-04T06:00:00+00:00,1947-09-21T12:00:00+00:00,1947-09-19T06:00:00+00:00,1947-09-19T01:00:00-05:00,152.18,HU,95,Category 2,115.0,14
AL061947,UNNAMED,1947,1947-09-20T06:00:00+00:00,1947-09-26T00:00:00+00:00,1947-09-24T00:00:00+00:00,1947-09-23T19:00:00-05:00,194.3,EX,50,Tropical Storm,55.0,11
AL071947,UNNAMED,1947,1947-10-05T18:00:00+00:00,1947-10-09T06:00:00+00:00,1947-10-07T18:00:00+00:00,1947-10-07T12:00:00-06:00,20.15,TD,30,Tropical Depression,50.0,13
AL091947,UNNAMED,1947,1947-10-08T18:00:00+00:00,1947-10-16T18:00:00+00:00,1947-10-16T06:00:00+00:00,1947-10-16T00:00:00-06:00,99.44,TD,30,Tropical Depression,90.0,17
AL021948,UNNAMED,1948,1948-07-07T18:00:00+00:00,1948-07-11T18:00:00+00:00,1948-07-09T12:00:00+00:00,1948-07-09T07:00:00-05:00,83.85,TS,35,Tropical Storm,35.0,18
AL051948,UNNAMED,1948,1948-09-01T18:00:00+00:00,1948-09-06T18:00:00+00:00,1948-09-04T18:00:00+00:00,1948-09-04T13:00:00-05:00,228.38,TS,45,Tropical Storm,70.0,11
AL081948,UNNAMED,1948,1948-09-18T06:00:00+00:00,1948-09-26T00:00:00+00:00,1948-09-22T12:00:00+00:00,1948-09-22T07:00:00-05:00,390.63,HU,85,Category 2,115.0,9
AL091948,UNNAMED,1948,1948-10-03T12:00:00+00:00,1948-10-16T12:00:00+00:00,1948-10-06T00:00:00+00:00,1948-10-05T18:00:00-06:00,450.64,HU,80,Category 1,90.0,4
AL021949,UNNAMED,1949,1949-08-23T06:00:00+00:00,1949-09-01T18:00:00+00:00,1949-08-28T00:00:00+00:00,1949-08-27T19:00:00-05:00,169.4,HU,65,Category 1,115.0,9
AL051949,UNNAMED,1949,1949-09-03T06:00:00+00:00,1949-09-05T18:00:00+00:00,1949-09-04T12:00:00+00:00,1949-09-04T07:00:00-05:00,297.73,TS,50,Tropical Storm,50.0,11
AL071949,UNNAMED,1949,1949-09-11T18:00:00+00:00,1949-09-14T18:00:00+00:00,1949-09-13T18:00:00+00:00,1949-09-13T13:00:00-05:00,490.97,TD,25,Tropical Depression,25.0,1
AL091949,UNNAMED,1949,1949-09-20T12:00:00+00:00,1949-09-26T18:00:00+00:00,1949-09-20T12:00:00+00:00,1949-09-20T07:00:00-05:00,466.97,TS,35,Tropical Storm,40.0,3
AL021950,BAKER,1950,1950-08-18T12:00:00+00:00,1950-09-01T18:00:00+00:00,1950-08-31T04:00:00+00:00,1950-08-30T23:00:00-05:00,135.27,HU,75,Category 1,90.0,18
AL051950,EASY,1950,1950-09-01T06:00:00+00:00,1950-09-09T18:00:00+00:00,1950-09-07T18:00:00+00:00,1950-09-07T13:00:00-05:00,140.76,TD,25,Tropical Depression,105.0,28
AL081950,HOW,1950,1950-10-01T06:00:00+00:00,1950-10-04T18:00:00+00:00,1950-10-01T18:00:00+00:00,1950-10-01T12:00:00-06:00,334.4,TS,35,Tropical Storm,40.0,8
AL111950,KING,1950,1950-10-13T06:00:00+00:00,1950-10-20T06:00:00+00:00,1950-10-19T12:00:00+00:00,1950-10-19T06:00:00-06:00,130.99,TS,35,Tropical Storm,115.0,10
AL131950,LOVE,1950,1950-10-18T00:00:00+00:00,1950-10-22T18:00:00+00:00,1950-10-21T11:00:00+00:00,1950-10-21T05:00:00-06:00,142.6,TS,50,Tropical Storm,70.0,21
AL021951,ABLE,1951,1951-05-16T00:00:00+00:00,1951-05-24T18:00:00+00:00,1951-05-17T12:00:00+00:00,1951-05-17T07:00:00-05:00,438.67,HU,65,Category 1,75.0,5
AL091951,HOW,1951,1951-09-29T00:00:00+00:00,1951-10-11T18:00:00+00:00,1951-10-02T00:00:00+00:00,1951-10-01T18:00:00-06:00,263.52,TS,45,Tropical Storm,60.0,14
AL101951,ITEM,1951,1951-10-12T06:00:00+00:00,1951-10-17T18:00:00+00:00,1951-10-17T18:00:00+00:00,1951-10-17T12:00:00-06:00,483.34,TD,25,Tropical Depression,25.0,1
AL011952,UNNAMED,1952,1952-02-02T06:00:00+00:00,1952-02-05T06:00:00+00:00,1952-02-03T06:00:00+00:00,1952-02-03T00:00:00-06:00,413.65,TS,55,Tropical Storm,55.0,3
AL031952,UNNAMED,1952,1952-08-27T18:00:00+00:00,1952-08-28T18:00:00+00:00,1952-08-28T06:00:00+00:00,1952-08-28T01:00:00-05:00,468.58,TS,40,Tropical Storm,45.0,4
AL021952,ABLE,1952,1952-08-18T06:00:00+00:00,1952-09-03T06:00:00+00:00,1952-08-31T00:00:00+00:00,1952-08-30T19:00:00-05:00,334.12,HU,85,Category 2,85.0,9
AL011953,ALICE,1953,1953-05-25T18:00:00+00:00,1953-06-07T06:00:00+00:00,1953-06-06T17:00:00+00:00,1953-06-06T12:00:00-05:00,15.79,TS,40,Tropical Storm,60.0,24
AL021953,UNNAMED,1953,1953-07-11T18:00:00+00:00,1953-07-16T00:00:00+00:00,1953-07-12T06:00:00+00:00,1953-07-12T01:00:00-05:00,375.93,TD,30,Tropical Depression,35.0,6
AL051953,UNNAMED,1953,1953-08-29T18:00:00+00:00,1953-09-01T18:00:00+00:00,1953-09-01T18:00:00+00:00,1953-09-01T13:00:00-05:00,238.39,TD,25,Tropical Depression,35.0,11
AL081953,UNNAMED,1953,1953-09-15T18:00:00+00:00,1953-09-21T00:00:00+00:00,1953-09-20T00:00:00+00:00,1953-09-19T19:00:00-05:00,99.08,TD,30,Tropical Depression,45.0,22
AL091953,FLORENCE,1953,1953-09-23T12:00:00+00:00,1953-09-27T18:00:00+00:00,1953-09-26T15:00:00+00:00,1953-09-26T10:00:00-05:00,30.56,HU,80,Category 1,100.0,12
AL111953,UNNAMED,1953,1953-10-03T18:00:00+00:00,1953-10-08T06:00:00+00:00,1953-10-05T12:00:00+00:00,1953-10-05T06:00:00-06:00,476.9,TS,35,Tropical Storm,35.0,4
AL121953,HAZEL,1953,1953-10-07T06:00:00+00:00,1953-10-16T12:00:00+00:00,1953-10-09T12:00:00+00:00,1953-10-09T06:00:00-06:00,308.93,HU,75,Category 1,75.0,8
AL011954,UNNAMED,1954,1954-05-28T12:00:00+00:00,1954-05-31T18:00:00+00:00,1954-05-28T12:00:00+00:00,1954-05-28T07:00:00-05:00,343.69,TD,30,Tropical Depression,40.0,3
AL021954,UNNAMED,1954,1954-06-18T00:00:00+00:00,1954-06-25T00:00:00+00:00,1954-06-20T06:00:00+00:00,1954-06-20T01:00:00-05:00,382.67,TD,30,Tropical Depression,50.0,13
AL041954,UNNAMED,1954,1954-07-10T12:00:00+00:00,1954-07-14T00:00:00+00:00,1954-07-10T12:00:00+00:00,1954-07-10T07:00:00-05:00,303.16,TS,35,Tropical Storm,45.0,5
AL051954,BARBARA,1954,1954-07-27T12:00:00+00:00,1954-07-30T12:00:00+00:00,1954-07-27T12:00:00+00:00,1954-07-27T07:00:00-05:00,309.14,TD,25,Tropical Depression,50.0,11
AL061954,CAROL,1954,1954-08-25T12:00:00+00:00,1954-09-01T06:00:00+00:00,1954-08-29T18:00:00+00:00,1954-08-29T13:00:00-05:00,474.47,HU,80,Category 1,85.0,7
AL111954,UNNAMED,1954,1954-09-15T12:00:00+00:00,1954-09-18T00:00:00+00:00,1954-09-15T12:00:00+00:00,1954-09-15T07:00:00-05:00,376.84,TD,30,Tropical Depression,35.0,4
AL141954,HAZEL,1954,1954-10-05T06:00:00+00:00,1954-10-18T06:00:00+00:00,1954-10-15T12:00:00+00:00,1954-10-15T06:00:00-06:00,450.97,HU,115,Category 4,115.0,3
AL011955,BRENDA,1955,1955-07-31T06:00:00+00:00,1955-08-03T06:00:00+00:00,1955-08-01T06:00:00+00:00,1955-08-01T01:00:00-05:00,202.4,TS,60,Tropical Storm,60.0,12
AL051955,UNNAMED,1955,1955-08-25T18:00:00+00:00,1955-08-28T18:00:00+00:00,1955-08-26T18:00:00+00:00,1955-08-26T13:00:00-05:00,113.99,TS,40,Tropical Storm,45.0,11
AL011956,UNNAMED,1956,1956-06-12T00:00:00+00:00,1956-06-15T06:00:00+00:00,1956-06-14T00:00:00+00:00,1956-06-13T19:00:00-05:00,295.95,TS,35,Tropical Storm,50.0,7
AL071956,FLOSSY,1956,1956-09-20T18:00:00+00:00,1956-10-03T06:00:00+00:00,1956-09-25T00:00:00+00:00,1956-09-24T19:00:00-05:00,44.27,HU,80,Category 1,80.0,15
AL111956,UNNAMED,1956,1956-10-14T12:00:00+00:00,1956-10-19T00:00:00+00:00,1956-10-16T18:00:00+00:00,1956-10-16T13:00:00-05:00,314.53,TS,50,Tropical Storm,55.0,9
AL011957,UNNAMED,1957,1957-06-08T06:00:00+00:00,1957-06-15T18:00:00+00:00,1957-06-09T00:00:00+00:00,1957-06-08T19:00:00-05:00,85.95,TS,45,Tropical Storm,45.0,8
AL021957,AUDREY,1957,1957-06-24T12:00:00+00:00,1957-06-29T00:00:00+00:00,1957-06-28T12:00:00+00:00,1957-06-28T07:00:00-05:00,369.13,TS,35,Tropical Storm,110.0,7
AL031957,BERTHA,1957,1957-08-08T00:00:00+00:00,1957-08-11T06:00:00+00:00,1957-08-08T00:00:00+00:00,1957-08-07T19:00:00-05:00,238.51,TD,25,Tropical Depression,55.0,10
AL051957,DEBBIE,1957,1957-09-07T06:00:00+00:00,1957-09-09T06:00:00+00:00,1957-09-08T18:00:00+00:00,1957-09-08T13:00:00-05:00,24.91,TS,35,Tropical Storm,35.0,10
AL061957,ESTHER,1957,1957-09-16T00:00:00+00:00,1957-09-19T12:00:00+00:00,1957-09-18T18:00:00+00:00,1957-09-18T13:00:00-05:00,297.18,TS,50,Tropical Storm,55.0,7
AL111958,UNNAMED,1958,1958-05-25T00:00:00+00:00,1958-05-29T06:00:00+00:00,1958-05-26T00:00:00+00:00,1958-05-25T19:00:00-05:00,432.26,TS,35,Tropical Storm,35.0,7
AL051958,ELLA,1958,1958-08-30T06:00:00+00:00,1958-09-07T00:00:00+00:00,1958-09-05T00:00:00+00:00,1958-09-04T19:00:00-05:00,460.69,TS,55,Tropical Storm,60.0,4
AL071958,GERDA,1958,1958-09-14T06:00:00+00:00,1958-09-22T00:00:00+00:00,1958-09-22T00:00:00+00:00,1958-09-21T19:00:00-05:00,439.33,TD,25,Tropical Depression,25.0,1
AL081958,HELENE,1958,1958-09-21T06:00:00+00:00,1958-10-04T06:00:00+00:00,1958-09-27T06:00:00+00:00,1958-09-27T01:00:00-05:00,447.21,HU,125,Category 4,130.0,4
AL011959,ARLENE,1959,1959-05-28T06:00:00+00:00,1959-06-02T18:00:00+00:00,1959-06-02T06:00:00+00:00,1959-06-02T01:00:00-05:00,196.49,TD,20,Tropical Depression,55.0,24
AL031959,UNNAMED,1959,1959-06-18T00:00:00+00:00,1959-06-22T12:00:00+00:00,1959-06-18T06:00:00+00:00,1959-06-18T01:00:00-05:00,207.71,TS,40,Tropical Storm,45.0,5
AL041959,CINDY,1959,1959-07-04T12:00:00+00:00,1959-07-12T18:00:00+00:00,1959-07-04T18:00:00+00:00,1959-07-04T13:00:00-05:00,404.87,TD,25,Tropical Depression,65.0,18
AL051959,DEBRA,1959,1959-07-22T18:00:00+00:00,1959-07-27T18:00:00+00:00,1959-07-22T18:00:00+00:00,1959-07-22T13:00:00-05:00,377.49,TD,25,Tropical Depression,30.0,5
AL081959,GRACIE,1959,1959-09-20T12:00:00+00:00,1959-10-02T12:00:00+00:00,1959-09-29T18:00:00+00:00,1959-09-29T13:00:00-05:00,344.36,HU,115,Category 4,115.0,8
AL101959,IRENE,1959,1959-10-06T18:00:00+00:00,1959-10-09T12:00:00+00:00,1959-10-08T10:00:00+00:00,1959-10-08T05:00:00-05:00,112.31,TS,40,Tropical Storm,40.0,11
AL111959,JUDITH,1959,1959-10-14T06:00:00+00:00,1959-10-22T06:00:00+00:00,1959-10-18T12:00:00+00:00,1959-10-18T07:00:00-05:00,307.42,TS,55,Tropical Storm,55.0,6
AL031960,BRENDA,1960,1960-07-27T18:00:00+00:00,1960-08-07T18:00:00+00:00,1960-07-29T00:00:00+00:00,1960-07-28T19:00:00-05:00,120.58,TS,35,Tropical Storm,60.0,9
AL051960,DONNA,1960,1960-08-29T18:00:00+00:00,1960-09-14T12:00:00+00:00,1960-09-11T06:00:00+00:00,1960-09-11T01:00:00-05:00,273.77,HU,65,Category 1,125.0,10
AL061960,ETHEL,1960,1960-09-12T18:00:00+00:00,1960-09-17T18:00:00+00:00,1960-09-15T18:00:00+00:00,1960-09-15T13:00:00-05:00,183.49,HU,70,Category 1,100.0,14
AL071960,FLORENCE,1960,1960-09-17T06:00:00+00:00,1960-09-26T18:00:00+00:00,1960-09-26T06:00:00+00:00,1960-09-26T01:00:00-05:00,58.98,TD,20,Tropical Depression,50.0,15
AL031961,CARLA,1961,1961-09-03T12:00:00+00:00,1961-09-18T00:00:00+00:00,1961-09-09T12:00:00+00:00,1961-09-09T07:00:00-05:00,496.2,HU,105,Category 3,105.0,1
AL061961,UNNAMED,1961,1961-09-12T12:00:00+00:00,1961-09-15T12:00:00+00:00,1961-09-13T18:00:00+00:00,1961-09-13T13:00:00-05:00,452.57,TS,35,Tropical Storm,40.0,4
AL061962,UNNAMED,1962,1962-06-29T00:00:00+00:00,1962-07-06T06:00:00+00:00,1962-06-29T00:00:00+00:00,1962-06-28T19:00:00-05:00,495.78,EX,40,Tropical Storm,40.0,1
AL011962,ALMA,1962,1962-08-26T12:00:00+00:00,1962-09-02T06:00:00+00:00,1962-08-27T06:00:00+00:00,1962-08-27T01:00:00-05:00,338.07,TS,35,Tropical Storm,45.0,6
AL081963,GINNY,1963,1963-10-17T18:00:00+00:00,1963-10-30T06:00:00+00:00,1963-10-25T00:00:00+00:00,1963-10-24T19:00:00-05:00,360.32,HU,75,Category 1,80.0,11
AL011964,UNNAMED,1964,1964-06-03T12:00:00+00:00,1964-06-11T18:00:00+00:00,1964-06-06T12:00:00+00:00,1964-06-06T07:00:00-05:00,171.34,TD,25,Tropical Depression,50.0,10
AL131964,UNNAMED,1964,1964-07-23T00:00:00+00:00,1964-07-27T18:00:00+00:00,1964-07-23T00:00:00+00:00,1964-07-22T19:00:00-05:00,375.87,TD,20,Tropical Depression,20.0,2
AL031964,ABBY,1964,1964-08-05T18:00:00+00:00,1964-08-08T18:00:00+00:00,1964-08-05T18:00:00+00:00,1964-08-05T13:00:00-05:00,228.79,TD,25,Tropical Depression,30.0,7
AL051964,CLEO,1964,1964-08-20T18:00:00+00:00,1964-09-11T00:00:00+00:00,1964-08-28T18:00:00+00:00,1964-08-28T13:00:00-05:00,264.68,TS,55,Tropical Storm,95.0,19
AL061964,DORA,1964,1964-08-28T12:00:00+00:00,1964-09-16T00:00:00+00:00,1964-09-11T18:00:00+00:00,1964-09-11T13:00:00-05:00,73.11,TS,40,Tropical Storm,95.0,18
AL101964,HILDA,1964,1964-09-28T12:00:00+00:00,1964-10-07T12:00:00+00:00,1964-10-05T06:00:00+00:00,1964-10-05T01:00:00-05:00,36.55,EX,50,Tropical Storm,120.0,27
AL111964,ISBELL,1964,1964-10-09T06:00:00+00:00,1964-10-16T18:00:00+00:00,1964-10-14T21:00:00+00:00,1964-10-14T16:00:00-05:00,398.82,HU,90,Category 2,100.0,7
AL011965,UNNAMED,1965,1965-06-13T18:00:00+00:00,1965-06-20T18:00:00+00:00,1965-06-15T12:00:00+00:00,1965-06-15T07:00:00-05:00,60.69,TS,50,Tropical Storm,50.0,9
AL031965,BETSY,1965,1965-08-27T00:00:00+00:00,1965-09-13T00:00:00+00:00,1965-09-09T18:00:00+00:00,1965-09-09T13:00:00-05:00,236.74,HU,100,Category 3,115.0,17
AL051965,DEBBIE,1965,1965-09-24T12:00:00+00:00,1965-09-30T00:00:00+00:00,1965-09-29T06:00:00+00:00,1965-09-29T01:00:00-05:00,256.58,TS,45,Tropical Storm,50.0,10
AL091965,UNNAMED,1965,1965-10-16T06:00:00+00:00,1965-10-19T12:00:00+00:00,1965-10-19T06:00:00+00:00,1965-10-19T01:00:00-05:00,207.58,TD,25,Tropical Depression,55.0,7
AL011966,ALMA,1966,1966-06-05T00:00:00+00:00,1966-06-14T12:00:00+00:00,1966-06-09T18:00:00+00:00,1966-06-09T13:00:00-05:00,82.14,HU,75,Category 1,100.0,12
AL121966,UNNAMED,1966,1966-06-28T12:00:00+00:00,1966-07-02T18:00:00+00:00,1966-07-02T00:00:00+00:00,1966-07-01T19:00:00-05:00,159.02,TS,35,Tropical Storm,40.0,13
AL131966,UNNAMED,1966,1966-07-25T12:00:00+00:00,1966-07-27T12:00:00+00:00,1966-07-25T12:00:00+00:00,1966-07-25T07:00:00-05:00,165.65,TD,20,Tropical Depression,25.0,9
AL091966,INEZ,1966,1966-09-21T12:00:00+00:00,1966-10-11T12:00:00+00:00,1966-10-05T18:00:00+00:00,1966-10-05T13:00:00-05:00,421.33,HU,85,Category 2,85.0,10
AL031967,UNNAMED,1967,1967-06-15T18:00:00+00:00,1967-06-22T00:00:00+00:00,1967-06-17T12:00:00+00:00,1967-06-17T07:00:00-05:00,447.21,TS,35,Tropical Storm,35.0,5
AL271967,UNNAMED,1967,1967-06-20T00:00:00+00:00,1967-06-23T12:00:00+00:00,1967-06-20T00:00:00+00:00,1967-06-19T19:00:00-05:00,462.24,TD,25,Tropical Depression,25.0,2
AL141967,DORIA,1967,1967-09-04T18:00:00+00:00,1967-09-21T12:00:00+00:00,1967-09-09T06:00:00+00:00,1967-09-09T01:00:00-05:00,428.92,TS,35,Tropical Storm,50.0,12
AL011968,ABBY,1968,1968-06-01T06:00:00+00:00,1968-06-13T12:00:00+00:00,1968-06-07T06:00:00+00:00,1968-06-07T01:00:00-05:00,249.39,TS,40,Tropical Storm,65.0,30
AL021968,BRENDA,1968,1968-06-18T00:00:00+00:00,1968-06-26T12:00:00+00:00,1968-06-20T00:00:00+00:00,1968-06-19T19:00:00-05:00,286.81,TS,35,Tropical Storm,35.0,13
AL051968,DOLLY,1968,1968-08-10T06:00:00+00:00,1968-08-17T00:00:00+00:00,1968-08-11T00:00:00+00:00,1968-08-10T19:00:00-05:00,322.4,TS,35,Tropical Storm,40.0,6
AL061968,UNNAMED,1968,1968-08-26T12:00:00+00:00,1968-08-31T18:00:00+00:00,1968-08-27T18:00:00+00:00,1968-08-27T13:00:00-05:00,140.11,TD,25,Tropical Depression,25.0,22
AL161968,UNNAMED,1968,1968-09-10T00:00:00+00:00,1968-09-17T06:00:00+00:00,1968-09-10T00:00:00+00:00,1968-09-09T19:00:00-05:00,475.36,TD,25,Tropical Depression,25.0,1
AL131968,UNNAMED,1968,1968-09-25T18:00:00+00:00,1968-09-28T06:00:00+00:00,1968-09-27T06:00:00+00:00,1968-09-27T01:00:00-05:00,417.41,TD,30,Tropical Depression,30.0,6
AL141968,GLADYS,1968,1968-10-13T12:00:00+00:00,1968-10-21T18:00:00+00:00,1968-10-18T18:00:00+00:00,1968-10-18T13:00:00-05:00,202.14,HU,80,Category 1,85.0,14
AL031969,UNNAMED,1969,1969-06-08T00:00:00+00:00,1969-06-09T06:00:00+00:00,1969-06-09T06:00:00+00:00,1969-06-09T01:00:00-05:00,484.86,TD,25,Tropical Depression,25.0,1
AL091969,CAMILLE,1969,1969-08-14T00:00:00+00:00,1969-08-22T12:00:00+00:00,1969-08-18T00:00:00+00:00,1969-08-17T19:00:00-05:00,202.42,HU,140,Category 5,150.0,15
AL121969,EVE,1969,1969-08-24T18:00:00+00:00,1969-08-27T06:00:00+00:00,1969-08-24T18:00:00+00:00,1969-08-24T13:00:00-05:00,394.8,TD,25,Tropical Depression,30.0,3
AL161969,GERDA,1969,1969-09-07T00:00:00+00:00,1969-09-12T06:00:00+00:00,1969-09-07T18:00:00+00:00,1969-09-07T13:00:00-05:00,347.95,TD,30,Tropical Depression,60.0,8
AL191969,UNNAMED,1969,1969-09-19T12:00:00+00:00,1969-09-23T12:00:00+00:00,1969-09-21T12:00:00+00:00,1969-09-21T07:00:00-05:00,22.18,TD,30,Tropical Depression,30.0,17
AL231969,UNNAMED,1969,1969-09-29T12:00:00+00:00,1969-10-03T00:00:00+00:00,1969-10-01T16:00:00+00:00,1969-10-01T11:00:00-05:00,66.62,SS,40,Tropical Storm,50.0,13
AL241969,JENNY,1969,1969-10-01T12:00:00+00:00,1969-10-05T00:00:00+00:00,1969-10-05T00:00:00+00:00,1969-10-04T19:00:00-05:00,235.22,TD,25,Tropical Depression,40.0,12
AL261969,LAURIE,1969,1969-10-17T00:00:00+00:00,1969-10-27T06:00:00+00:00,1969-10-22T00:00:00+00:00,1969-10-21T19:00:00-05:00,304.05,HU,75,Category 1,80.0,16
AL011970,ALMA,1970,1970-05-17T18:00:00+00:00,1970-05-27T00:00:00+00:00,1970-05-25T06:00:00+00:00,1970-05-25T01:00:00-05:00,175.06,TD,30,Tropical Depression,40.0,10
AL021970,BECKY,1970,1970-07-19T00:00:00+00:00,1970-07-23T12:00:00+00:00,1970-07-22T12:00:00+00:00,1970-07-22T07:00:00-05:00,32.85,TS,35,Tropical Storm,55.0,13
AL041970,CELIA,1970,1970-07-31T00:00:00+00:00,1970-08-05T18:00:00+00:00,1970-08-02T06:00:00+00:00,1970-08-02T01:00:00-05:00,406.59,HU,80,Category 1,80.0,7
AL081970,UNNAMED,1970,1970-08-07T12:00:00+00:00,1970-08-24T18:00:00+00:00,1970-08-16T12:00:00+00:00,1970-08-16T07:00:00-05:00,420.41,TS,35,Tropical Storm,40.0,5
AL131970,FELICE,1970,1970-09-12T00:00:00+00:00,1970-09-19T18:00:00+00:00,1970-09-15T06:00:00+00:00,1970-09-15T01:00:00-05:00,258.91,TS,50,Tropical Storm,60.0,15
AL161970,GRETA,1970,1970-09-26T12:00:00+00:00,1970-10-04T18:00:00+00:00,1970-09-28T12:00:00+00:00,1970-09-28T07:00:00-05:00,371.4,TD,30,Tropical Depression,35.0,14
AL021971,UNNAMED,1971,1971-07-07T12:00:00+00:00,1971-07-08T12:00:00+00:00,1971-07-07T12:00:00+00:00,1971-07-07T07:00:00-05:00,384.7,TD,20,Tropical Depression,25.0,3
AL051971,UNNAMED,1971,1971-08-06T12:00:00+00:00,1971-08-09T12:00:00+00:00,1971-08-08T06:00:00+00:00,1971-08-08T01:00:00-05:00,193.01,TD,25,Tropical Depression,25.0,13
AL061971,BETH,1971,1971-08-10T12:00:00+00:00,1971-08-17T12:00:00+00:00,1971-08-10T12:00:00+00:00,1971-08-10T07:00:00-05:00,425.95,TD,20,Tropical Depression,30.0,6
AL071971,UNNAMED,1971,1971-08-12T12:00:00+00:00,1971-08-16T12:00:00+00:00,1971-08-16T12:00:00+00:00,1971-08-16T07:00:00-05:00,103.81,TD,-99,Tropical Depression,25.0,17
AL101971,UNNAMED,1971,1971-08-28T12:00:00+00:00,1971-09-01T12:00:00+00:00,1971-08-31T06:00:00+00:00,1971-08-31T01:00:00-05:00,234.45,TD,25,Tropical Depression,25.0,11
AL111971,FERN,1971,1971-09-03T12:00:00+00:00,1971-09-13T00:00:00+00:00,1971-09-04T00:00:00+00:00,1971-09-03T19:00:00-05:00,200.87,TD,25,Tropical Depression,45.0,20
AL151971,UNNAMED,1971,1971-09-08T12:00:00+00:00,1971-09-11T12:00:00+00:00,1971-09-11T12:00:00+00:00,1971-09-11T07:00:00-05:00,323.81,TD,-99,Tropical Depression,25.0,5
AL131971,EDITH,1971,1971-09-05T18:00:00+00:00,1971-09-18T06:00:00+00:00,1971-09-17T12:00:00+00:00,1971-09-17T07:00:00-05:00,227.21,TD,25,Tropical Depression,85.0,8
AL201971,UNNAMED,1971,1971-10-06T12:00:00+00:00,1971-10-14T12:00:00+00:00,1971-10-14T12:00:00+00:00,1971-10-14T07:00:00-05:00,44.5,TD,-99,Tropical Depression,25.0,16
AL011972,ALPHA,1972,1972-05-23T18:00:00+00:00,1972-05-29T12:00:00+00:00,1972-05-28T18:00:00+00:00,1972-05-28T13:00:00-05:00,88.93,SD,30,Tropical Depression,55.0,10
AL021972,AGNES,1972,1972-06-14T12:00:00+00:00,1972-06-23T00:00:00+00:00,1972-06-19T18:00:00+00:00,1972-06-19T13:00:00-05:00,37.1,HU,65,Category 1,75.0,14
AL041972,UNNAMED,1972,1972-07-10T12:00:00+00:00,1972-07-12T18:00:00+00:00,1972-07-11T06:00:00+00:00,1972-07-11T01:00:00-05:00,431.79,TD,25,Tropical Depression,25.0,8
AL111972,CARRIE,1972,1972-08-29T12:00:00+00:00,1972-09-05T12:00:00+00:00,1972-08-29T12:00:00+00:00,1972-08-29T07:00:00-05:00,441.33,TD,30,Tropical Depression,30.0,1
AL131972,DAWN,1972,1972-09-05T00:00:00+00:00,1972-09-14T12:00:00+00:00,1972-09-13T12:00:00+00:00,1972-09-13T07:00:00-05:00,289.19,TD,30,Tropical Depression,35.0,13
AL031973,UNNAMED,1973,1973-06-24T12:00:00+00:00,1973-06-26T12:00:00+00:00,1973-06-24T12:00:00+00:00,1973-06-24T07:00:00-05:00,372.6,TD,20,Tropical Depression,25.0,8
AL101973,DELIA,1973,1973-09-01T18:00:00+00:00,1973-09-07T06:00:00+00:00,1973-09-03T12:00:00+00:00,1973-09-03T07:00:00-05:00,387.12,TS,60,Tropical Storm,60.0,8
AL111973,UNNAMED,1973,1973-09-06T12:00:00+00:00,1973-09-12T12:00:00+00:00,1973-09-09T12:00:00+00:00,1973-09-09T07:00:00-05:00,323.29,TD,-99,Tropical Depression,30.0,11
AL131973,UNNAMED,1973,1973-09-24T12:00:00+00:00,1973-09-26T12:00:00+00:00,1973-09-26T12:00:00+00:00,1973-09-26T07:00:00-05:00,169.26,TD,-99,Tropical Depression,25.0,8
AL021974,UNNAMED,1974,1974-06-24T18:00:00+00:00,1974-06-26T00:00:00+00:00,1974-06-25T06:00:00+00:00,1974-06-25T01:00:00-05:00,237.37,SS,45,Tropical Storm,55.0,5
AL011974,UNNAMED,1974,1974-06-22T12:00:00+00:00,1974-06-26T12:00:00+00:00,1974-06-26T12:00:00+00:00,1974-06-26T07:00:00-05:00,470.55,TD,20,Tropical Depression,20.0,3
AL041974,UNNAMED,1974,1974-07-13T12:00:00+00:00,1974-07-17T18:00:00+00:00,1974-07-13T12:00:00+00:00,1974-07-13T07:00:00-05:00,135.87,TD,20,Tropical Depression,30.0,11
AL081974,UNNAMED,1974,1974-08-24T12:00:00+00:00,1974-08-26T12:00:00+00:00,1974-08-25T00:00:00+00:00,1974-08-24T19:00:00-05:00,385.03,TD,25,Tropical Depression,30.0,7
AL101974,CARMEN,1974,1974-08-29T06:00:00+00:00,1974-09-10T06:00:00+00:00,1974-09-08T00:00:00+00:00,1974-09-07T19:00:00-05:00,320.61,HU,130,Category 4,130.0,9
AL161974,UNNAMED,1974,1974-09-23T12:00:00+00:00,1974-09-27T12:00:00+00:00,1974-09-27T06:00:00+00:00,1974-09-27T01:00:00-05:00,154.46,TD,25,Tropical Depression,30.0,8
AL181974,UNNAMED,1974,1974-10-04T00:00:00+00:00,1974-10-09T00:00:00+00:00,1974-10-07T12:00:00+00:00,1974-10-07T07:00:00-05:00,366.27,SS,40,Tropical Storm,45.0,5
AL021975,AMY,1975,1975-06-27T00:00:00+00:00,1975-07-04T12:00:00+00:00,1975-06-27T18:00:00+00:00,1975-06-27T13:00:00-05:00,402.2,TD,25,Tropical Depression,25.0,6
AL061975,UNNAMED,1975,1975-07-28T12:00:00+00:00,1975-07-30T12:00:00+00:00,1975-07-28T12:00:00+00:00,1975-07-28T07:00:00-05:00,79.41,TD,20,Tropical Depression,30.0,9
AL131975,ELOISE,1975,1975-09-13T06:00:00+00:00,1975-09-24T18:00:00+00:00,1975-09-23T12:00:00+00:00,1975-09-23T07:00:00-05:00,34.44,HU,110,Category 3,110.0,10
AL181975,UNNAMED,1975,1975-10-14T12:00:00+00:00,1975-10-17T12:00:00+00:00,1975-10-17T12:00:00+00:00,1975-10-17T07:00:00-05:00,255.47,TD,-99,Tropical Depression,30.0,5
AL191975,HALLIE,1975,1975-10-24T18:00:00+00:00,1975-10-28T00:00:00+00:00,1975-10-26T06:00:00+00:00,1975-10-26T01:00:00-05:00,339.34,TD,30,Tropical Depression,35.0,9
AL211975,UNNAMED,1975,1975-11-08T12:00:00+00:00,1975-11-12T18:00:00+00:00,1975-11-11T00:00:00+00:00,1975-11-10T18:00:00-06:00,495.27,TD,30,Tropical Depression,30.0,4
AL011976,UNNAMED,1976,1976-05-21T12:00:00+00:00,1976-05-25T18:00:00+00:00,1976-05-23T18:00:00+00:00,1976-05-23T13:00:00-05:00,105.96,SS,40,Tropical Storm,45.0,13
AL021976,UNNAMED,1976,1976-06-07T06:00:00+00:00,1976-06-09T12:00:00+00:00,1976-06-07T12:00:00+00:00,1976-06-07T07:00:00-05:00,460.56,TD,25,Tropical Depression,30.0,4
AL031976,UNNAMED,1976,1976-06-11T12:00:00+00:00,1976-06-12T18:00:00+00:00,1976-06-11T12:00:00+00:00,1976-06-11T07:00:00-05:00,381.38,TD,20,Tropical Depression,25.0,2
AL081976,DOTTIE,1976,1976-08-18T00:00:00+00:00,1976-08-21T12:00:00+00:00,1976-08-18T00:00:00+00:00,1976-08-17T19:00:00-05:00,303.89,TD,20,Tropical Depression,45.0,15
AL131976,UNNAMED,1976,1976-09-05T12:00:00+00:00,1976-09-07T12:00:00+00:00,1976-09-06T12:00:00+00:00,1976-09-06T07:00:00-05:00,154.01,TD,25,Tropical Depression,25.0,9
AL141976,UNNAMED,1976,1976-09-13T12:00:00+00:00,1976-09-17T00:00:00+00:00,1976-09-14T06:00:00+00:00,1976-09-14T01:00:00-05:00,252.73,SD,25,Tropical Depression,40.0,10
AL161976,UNNAMED,1976,1976-09-22T12:00:00+00:00,1976-09-24T18:00:00+00:00,1976-09-24T18:00:00+00:00,1976-09-24T13:00:00-05:00,175.53,TD,-99,Tropical Depression,25.0,10
AL021977,UNNAMED,1977,1977-07-18T06:00:00+00:00,1977-07-19T12:00:00+00:00,1977-07-19T00:00:00+00:00,1977-07-18T19:00:00-05:00,114.56,TD,30,Tropical Depression,30.0,6
AL031977,UNNAMED,1977,1977-07-25T12:00:00+00:00,1977-07-26T12:00:00+00:00,1977-07-25T18:00:00+00:00,1977-07-25T13:00:00-05:00,331.38,TD,25,Tropical Depression,25.0,5
AL051977,ANITA,1977,1977-08-29T12:00:00+00:00,1977-09-03T06:00:00+00:00,1977-08-29T12:00:00+00:00,1977-08-29T07:00:00-05:00,275.53,TD,20,Tropical Depression,80.0,10
AL061977,BABE,1977,1977-09-03T06:00:00+00:00,1977-09-09T00:00:00+00:00,1977-09-03T12:00:00+00:00,1977-09-03T07:00:00-05:00,210.92,SD,30,Tropical Depression,65.0,24
AL071977,CLARA,1977,1977-09-05T12:00:00+00:00,1977-09-12T00:00:00+00:00,1977-09-05T12:00:00+00:00,1977-09-05T07:00:00-05:00,384.88,TD,20,Tropical Depression,20.0,2
AL151977,UNNAMED,1977,1977-10-24T12:00:00+00:00,1977-10-25T18:00:00+00:00,1977-10-25T18:00:00+00:00,1977-10-25T13:00:00-05:00,173.13,TD,-99,Tropical Depression,30.0,4
AL021978,UNNAMED,1978,1978-06-21T12:00:00+00:00,1978-06-22T18:00:00+00:00,1978-06-22T12:00:00+00:00,1978-06-22T07:00:00-05:00,278.06,TD,20,Tropical Depression,25.0,6
AL051978,BESS,1978,1978-08-05T12:00:00+00:00,1978-08-08T12:00:00+00:00,1978-08-05T12:00:00+00:00,1978-08-05T07:00:00-05:00,438.91,TD,20,Tropical Depression,20.0,2
AL081978,UNNAMED,1978,1978-08-09T12:00:00+00:00,1978-08-10T18:00:00+00:00,1978-08-10T18:00:00+00:00,1978-08-10T13:00:00-05:00,214.06,TD,-99,Tropical Depression,25.0,6
AL091978,DEBRA,1978,1978-08-26T12:00:00+00:00,1978-08-29T18:00:00+00:00,1978-08-29T12:00:00+00:00,1978-08-29T07:00:00-05:00,449.25,TD,30,Tropical Depression,50.0,7
AL111978,UNNAMED,1978,1978-08-30T12:00:00+00:00,1978-09-01T12:00:00+00:00,1978-09-01T12:00:00+00:00,1978-09-01T07:00:00-05:00,147.73,TD,20,Tropical Depression,30.0,9
AL151978,HOPE,1978,1978-09-12T00:00:00+00:00,1978-09-21T12:00:00+00:00,1978-09-12T00:00:00+00:00,1978-09-11T19:00:00-05:00,343.69,SD,25,Tropical Depression,25.0,4
AL011979,UNNAMED,1979,1979-06-11T12:00:00+00:00,1979-06-16T18:00:00+00:00,1979-06-16T06:00:00+00:00,1979-06-16T01:00:00-05:00,344.39,TD,30,Tropical Depression,30.0,7
AL051979,UNNAMED,1979,1979-07-10T12:00:00+00:00,1979-07-13T18:00:00+00:00,1979-07-10T12:00:00+00:00,1979-07-10T07:00:00-05:00,354.67,TD,20,Tropical Depression,20.0,2
AL041979,BOB,1979,1979-07-09T12:00:00+00:00,1979-07-16T12:00:00+00:00,1979-07-11T18:00:00+00:00,1979-07-11T13:00:00-05:00,272.7,TS,40,Tropical Storm,65.0,7
AL061979,CLAUDETTE,1979,1979-07-15T12:00:00+00:00,1979-07-29T12:00:00+00:00,1979-07-22T18:00:00+00:00,1979-07-22T13:00:00-05:00,422.66,TD,30,Tropical Depression,45.0,13
AL121979,ELENA,1979,1979-08-30T00:00:00+00:00,1979-09-02T00:00:00+00:00,1979-08-30T00:00:00+00:00,1979-08-29T19:00:00-05:00,380.11,TD,25,Tropical Depression,35.0,4
AL091979,DAVID,1979,1979-08-25T12:00:00+00:00,1979-09-08T00:00:00+00:00,1979-09-04T18:00:00+00:00,1979-09-04T13:00:00-05:00,285.08,HU,80,Category 1,85.0,9
AL111979,FREDERIC,1979,1979-08-29T06:00:00+00:00,1979-09-15T00:00:00+00:00,1979-09-13T00:00:00+00:00,1979-09-12T19:00:00-05:00,139.08,HU,115,Category 4,115.0,14
AL151979,HENRI,1979,1979-09-15T00:00:00+00:00,1979-09-24T12:00:00+00:00,1979-09-24T12:00:00+00:00,1979-09-24T07:00:00-05:00,264.05,EX,20,Tropical Depression,20.0,7
AL021980,UNNAMED,1980,1980-07-17T12:00:00+00:00,1980-07-21T12:00:00+00:00,1980-07-17T12:00:00+00:00,1980-07-17T07:00:00-05:00,440.12,TD,20,Tropical Depression,30.0,8
AL011980,UNNAMED,1980,1980-07-17T00:00:00+00:00,1980-07-21T00:00:00+00:00,1980-07-19T12:00:00+00:00,1980-07-19T07:00:00-05:00,36.52,TD,25,Tropical Depression,25.0,15
AL031980,UNNAMED,1980,1980-07-22T00:00:00+00:00,1980-07-26T00:00:00+00:00,1980-07-23T12:00:00+00:00,1980-07-23T07:00:00-05:00,479.17,TD,30,Tropical Depression,30.0,2
AL111980,DANIELLE,1980,1980-09-04T18:00:00+00:00,1980-09-07T12:00:00+00:00,1980-09-04T18:00:00+00:00,1980-09-04T13:00:00-05:00,319.57,TD,25,Tropical Depression,50.0,5
AL161980,JEANNE,1980,1980-11-07T18:00:00+00:00,1980-11-16T06:00:00+00:00,1980-11-11T06:00:00+00:00,1980-11-11T00:00:00-06:00,418.97,TS,60,Tropical Storm,85.0,8
AL171980,UNNAMED,1980,1980-11-12T12:00:00+00:00,1980-11-18T12:00:00+00:00,1980-11-18T00:00:00+00:00,1980-11-17T18:00:00-06:00,220.76,TD,25,Tropical Depression,30.0,8
AL071981,UNNAMED,1981,1981-07-02T06:00:00+00:00,1981-07-04T00:00:00+00:00,1981-07-03T12:00:00+00:00,1981-07-03T07:00:00-05:00,287.8,TD,30,Tropical Depression,30.0,7
AL101981,DENNIS,1981,1981-08-07T06:00:00+00:00,1981-08-22T00:00:00+00:00,1981-08-19T06:00:00+00:00,1981-08-19T01:00:00-05:00,296.69,TS,40,Tropical Storm,50.0,14
AL011982,ALBERTO,1982,1982-06-02T12:00:00+00:00,1982-06-06T12:00:00+00:00,1982-06-05T18:00:00+00:00,1982-06-05T13:00:00-05:00,351.46,TD,25,Tropical Depression,75.0,13
AL021982,UNNAMED,1982,1982-06-18T00:00:00+00:00,1982-06-20T18:00:00+00:00,1982-06-18T12:00:00+00:00,1982-06-18T07:00:00-05:00,201.96,SS,40,Tropical Storm,60.0,5
AL051982,CHRIS,1982,1982-09-09T00:00:00+00:00,1982-09-12T18:00:00+00:00,1982-09-09T00:00:00+00:00,1982-09-08T19:00:00-05:00,420.12,SD,25,Tropical Depression,55.0,9
AL031983,ALICIA,1983,1983-08-15T12:00:00+00:00,1983-08-21T06:00:00+00:00,1983-08-15T12:00:00+00:00,1983-08-15T07:00:00-05:00,348.72,TD,30,Tropical Depression,65.0,7
AL041983,BARRY,1983,1983-08-23T18:00:00+00:00,1983-08-29T12:00:00+00:00,1983-08-26T00:00:00+00:00,1983-08-25T19:00:00-05:00,245.62,TD,20,Tropical Depression,45.0,12
AL011984,UNNAMED,1984,1984-06-11T12:00:00+00:00,1984-06-14T00:00:00+00:00,1984-06-14T00:00:00+00:00,1984-06-13T19:00:00-05:00,234.82,TD,-99,Tropical Depression,30.0,7
AL101984,DIANA,1984,1984-09-08T12:00:00+00:00,1984-09-16T06:00:00+00:00,1984-09-10T00:00:00+00:00,1984-09-09T19:00:00-05:00,320.53,TS,60,Tropical Storm,100.0,12
AL151984,ISIDORE,1984,1984-09-25T12:00:00+00:00,1984-10-01T12:00:00+00:00,1984-09-28T12:00:00+00:00,1984-09-28T07:00:00-05:00,221.85,TS,45,Tropical Storm,50.0,9
AL171984,UNNAMED,1984,1984-10-25T06:00:00+00:00,1984-10-28T00:00:00+00:00,1984-10-27T12:00:00+00:00,1984-10-27T07:00:00-05:00,121.48,TD,30,Tropical Depression,30.0,7
AL191984,UNNAMED,1984,1984-11-23T12:00:00+00:00,1984-11-28T06:00:00+00:00,1984-11-23T12:00:00+00:00,1984-11-23T06:00:00-06:00,454.11,TD,20,Tropical Depression,20.0,2
AL021985,BOB,1985,1985-07-21T06:00:00+00:00,1985-07-26T00:00:00+00:00,1985-07-23T00:00:00+00:00,1985-07-22T19:00:00-05:00,287.76,TS,35,Tropical Storm,65.0,19
AL031985,CLAUDETTE,1985,1985-08-09T18:00:00+00:00,1985-08-17T00:00:00+00:00,1985-08-09T18:00:00+00:00,1985-08-09T13:00:00-05:00,324.53,SD,25,Tropical Depression,25.0,2
AL041985,DANNY,1985,1985-08-12T00:00:00+00:00,1985-08-20T18:00:00+00:00,1985-08-17T06:00:00+00:00,1985-08-17T01:00:00-05:00,338.35,TD,30,Tropical Depression,80.0,20
AL051985,ELENA,1985,1985-08-28T00:00:00+00:00,1985-09-04T18:00:00+00:00,1985-09-02T00:00:00+00:00,1985-09-01T19:00:00-05:00,51.12,HU,110,Category 3,110.0,22
AL111985,ISABEL,1985,1985-10-07T00:00:00+00:00,1985-10-15T12:00:00+00:00,1985-10-11T00:00:00+00:00,1985-10-10T19:00:00-05:00,244.48,TD,30,Tropical Depression,55.0,17
AL121985,JUAN,1985,1985-10-26T00:00:00+00:00,1985-11-01T18:00:00+00:00,1985-10-31T18:00:00+00:00,1985-10-31T12:00:00-06:00,118.24,TS,55,Tropical Storm,75.0,24
AL131985,KATE,1985,1985-11-15T18:00:00+00:00,1985-11-23T18:00:00+00:00,1985-11-21T22:30:00+00:00,1985-11-21T16:30:00-06:00,21.54,HU,85,Category 2,105.0,13
AL011986,ANDREW,1986,1986-06-05T00:00:00+00:00,1986-06-08T18:00:00+00:00,1986-06-06T12:00:00+00:00,1986-06-06T07:00:00-05:00,462.22,TS,45,Tropical Storm,45.0,5
AL021986,BONNIE,1986,1986-06-23T18:00:00+00:00,1986-06-28T12:00:00+00:00,1986-06-24T12:00:00+00:00,1986-06-24T07:00:00-05:00,321.61,TD,30,Tropical Depression,75.0,11
AL051986,CHARLEY,1986,1986-08-13T12:00:00+00:00,1986-08-30T00:00:00+00:00,1986-08-13T12:00:00+00:00,1986-08-13T07:00:00-05:00,103.41,SD,10,Tropical Depression,40.0,12
AL011987,UNNAMED,1987,1987-05-24T12:00:00+00:00,1987-06-01T00:00:00+00:00,1987-06-01T00:00:00+00:00,1987-05-31T19:00:00-05:00,466.51,TD,15,Tropical Depression,25.0,3
AL031987,UNNAMED,1987,1987-08-09T12:00:00+00:00,1987-08-17T06:00:00+00:00,1987-08-15T06:00:00+00:00,1987-08-15T01:00:00-05:00,18.31,TD,15,Tropical Depression,25.0,26
AL091987,UNNAMED,1987,1987-09-07T00:00:00+00:00,1987-09-08T12:00:00+00:00,1987-09-07T12:00:00+00:00,1987-09-07T07:00:00-05:00,422.52,TD,30,Tropical Depression,30.0,5
AL131987,FLOYD,1987,1987-10-09T06:00:00+00:00,1987-10-14T00:00:00+00:00,1987-10-12T18:00:00+00:00,1987-10-12T13:00:00-05:00,455.76,HU,65,Category 1,65.0,4
AL141987,UNNAMED,1987,1987-10-31T18:00:00+00:00,1987-11-04T18:00:00+00:00,1987-11-04T12:00:00+00:00,1987-11-04T06:00:00-06:00,245.36,TD,20,Tropical Depression,25.0,6
AL131988,UNNAMED,1988,1988-05-31T12:00:00+00:00,1988-06-02T12:00:00+00:00,1988-06-02T12:00:00+00:00,1988-06-02T07:00:00-05:00,498.4,TD,20,Tropical Depression,20.0,1
AL021988,BERYL,1988,1988-08-08T00:00:00+00:00,1988-08-10T18:00:00+00:00,1988-08-09T00:00:00+00:00,1988-08-08T19:00:00-05:00,210.1,TS,45,Tropical Storm,45.0,12
AL141988,UNNAMED,1988,1988-08-13T00:00:00+00:00,1988-08-14T12:00:00+00:00,1988-08-14T12:00:00+00:00,1988-08-14T07:00:00-05:00,223.98,TD,30,Tropical Depression,30.0,4
AL031988,CHRIS,1988,1988-08-21T12:00:00+00:00,1988-08-30T18:00:00+00:00,1988-08-28T12:00:00+00:00,1988-08-28T07:00:00-05:00,297.26,TS,45,Tropical Storm,45.0,7
AL171988,UNNAMED,1988,1988-09-04T00:00:00+00:00,1988-09-04T06:00:00+00:00,1988-09-04T06:00:00+00:00,1988-09-04T01:00:00-05:00,434.33,TD,25,Tropical Depression,30.0,2
AL071988,FLORENCE,1988,1988-09-07T06:00:00+00:00,1988-09-11T12:00:00+00:00,1988-09-10T02:00:00+00:00,1988-09-09T21:00:00-05:00,225.82,HU,70,Category 1,70.0,12
AL121988,KEITH,1988,1988-11-17T18:00:00+00:00,1988-11-26T18:00:00+00:00,1988-11-23T06:00:00+00:00,1988-11-23T00:00:00-06:00,263.84,TS,55,Tropical Storm,60.0,10
AL021989,ALLISON,1989,1989-06-24T18:00:00+00:00,1989-07-01T12:00:00+00:00,1989-06-28T12:00:00+00:00,1989-06-28T07:00:00-05:00,477.9,EX,30,Tropical Depression,30.0,3
AL041989,CHANTAL,1989,1989-07-30T12:00:00+00:00,1989-08-03T00:00:00+00:00,1989-07-31T18:00:00+00:00,1989-07-31T13:00:00-05:00,444.51,TS,55,Tropical Storm,70.0,6
AL111989,HUGO,1989,1989-09-10T12:00:00+00:00,1989-09-25T12:00:00+00:00,1989-09-22T06:00:00+00:00,1989-09-22T01:00:00-05:00,394.89,HU,85,Category 2,120.0,5
AL011990,UNNAMED,1990,1990-05-24T18:00:00+00:00,1990-05-26T06:00:00+00:00,1990-05-26T00:00:00+00:00,1990-05-25T19:00:00-05:00,475.59,TD,25,Tropical Depression,25.0,2
AL151990,MARCO,1990,1990-10-09T12:00:00+00:00,1990-10-13T12:00:00+00:00,1990-10-12T06:00:00+00:00,1990-10-12T01:00:00-05:00,167.45,TD,20,Tropical Depression,55.0,14
AL011991,ANA,1991,1991-06-29T12:00:00+00:00,1991-07-05T12:00:00+00:00,1991-07-01T12:00:00+00:00,1991-07-01T07:00:00-05:00,217.9,LO,20,Tropical Depression,25.0,13
AL091991,FABIAN,1991,1991-10-15T00:00:00+00:00,1991-10-17T00:00:00+00:00,1991-10-16T12:00:00+00:00,1991-10-16T07:00:00-05:00,497.3,TS,40,Tropical Storm,40.0,1
AL021992,UNNAMED,1992,1992-06-25T12:00:00+00:00,1992-06-26T12:00:00+00:00,1992-06-26T06:00:00+00:00,1992-06-26T01:00:00-05:00,203.45,TD,30,Tropical Depression,30.0,5
AL041992,ANDREW,1992,1992-08-16T18:00:00+00:00,1992-08-28T06:00:00+00:00,1992-08-25T06:00:00+00:00,1992-08-25T01:00:00-05:00,250.59,HU,115,Category 4,145.0,19
AL091992,EARL,1992,1992-09-26T18:00:00+00:00,1992-10-03T18:00:00+00:00,1992-09-29T06:00:00+00:00,1992-09-29T01:00:00-05:00,376.96,TD,30,Tropical Depression,40.0,8
AL011994,ALBERTO,1994,1994-06-30T06:00:00+00:00,1994-07-07T18:00:00+00:00,1994-07-03T15:00:00+00:00,1994-07-03T10:00:00-05:00,49.73,TS,55,Tropical Storm,55.0,26
AL021994,UNNAMED,1994,1994-07-20T06:00:00+00:00,1994-07-21T06:00:00+00:00,1994-07-21T00:00:00+00:00,1994-07-20T19:00:00-05:00,424.86,TD,20,Tropical Depression,30.0,6
AL031994,BERYL,1994,1994-08-14T12:00:00+00:00,1994-08-19T00:00:00+00:00,1994-08-16T00:00:00+00:00,1994-08-15T19:00:00-05:00,11.62,TS,50,Tropical Storm,50.0,14
AL101994,UNNAMED,1994,1994-09-29T06:00:00+00:00,1994-09-30T18:00:00+00:00,1994-09-30T18:00:00+00:00,1994-09-30T13:00:00-05:00,423.52,TD,25,Tropical Depression,30.0,2
AL121994,GORDON,1994,1994-11-08T12:00:00+00:00,1994-11-21T18:00:00+00:00,1994-11-21T12:00:00+00:00,1994-11-21T06:00:00-06:00,247.15,TD,20,Tropical Depression,55.0,16
AL011995,ALLISON,1995,1995-06-03T00:00:00+00:00,1995-06-11T00:00:00+00:00,1995-06-05T12:00:00+00:00,1995-06-05T07:00:00-05:00,71.59,TS,60,Tropical Storm,65.0,12
AL041995,DEAN,1995,1995-07-28T18:00:00+00:00,1995-08-02T18:00:00+00:00,1995-07-28T18:00:00+00:00,1995-07-28T13:00:00-05:00,276.32,TD,25,Tropical Depression,30.0,8
AL051995,ERIN,1995,1995-07-31T00:00:00+00:00,1995-08-06T12:00:00+00:00,1995-08-03T12:00:00+00:00,1995-08-03T07:00:00-05:00,56.71,HU,80,Category 1,85.0,18
AL111995,JERRY,1995,1995-08-22T18:00:00+00:00,1995-08-28T00:00:00+00:00,1995-08-26T00:00:00+00:00,1995-08-25T19:00:00-05:00,144.41,TD,25,Tropical Depression,35.0,19
AL171995,OPAL,1995,1995-09-27T18:00:00+00:00,1995-10-06T18:00:00+00:00,1995-10-04T22:00:00+00:00,1995-10-04T17:00:00-05:00,82.69,HU,100,Category 3,130.0,9
AL011996,ARTHUR,1996,1996-06-17T18:00:00+00:00,1996-06-23T00:00:00+00:00,1996-06-18T12:00:00+00:00,1996-06-18T07:00:00-05:00,416.01,TD,25,Tropical Depression,40.0,7
AL021996,BERTHA,1996,1996-07-05T00:00:00+00:00,1996-07-17T06:00:00+00:00,1996-07-12T06:00:00+00:00,1996-07-12T01:00:00-05:00,430.14,HU,70,Category 1,85.0,5
AL061996,FRAN,1996,1996-08-23T12:00:00+00:00,1996-09-10T00:00:00+00:00,1996-09-05T18:00:00+00:00,1996-09-05T13:00:00-05:00,491.96,HU,100,Category 3,100.0,1
AL101996,JOSEPHINE,1996,1996-10-04T18:00:00+00:00,1996-10-16T00:00:00+00:00,1996-10-08T00:00:00+00:00,1996-10-07T19:00:00-05:00,93.26,TS,60,Tropical Storm,60.0,8
AL051997,DANNY,1997,1997-07-16T12:00:00+00:00,1997-07-27T12:00:00+00:00,1997-07-20T12:00:00+00:00,1997-07-20T07:00:00-05:00,104.83,TS,35,Tropical Storm,70.0,34
AL051998,EARL,1998,1998-08-31T12:00:00+00:00,1998-09-08T12:00:00+00:00,1998-09-03T06:00:00+00:00,1998-09-03T01:00:00-05:00,2.49,HU,70,Category 1,85.0,10
AL081998,HERMINE,1998,1998-09-17T12:00:00+00:00,1998-09-20T18:00:00+00:00,1998-09-20T18:00:00+00:00,1998-09-20T13:00:00-05:00,261.12,TD,20,Tropical Depression,40.0,13
AL071998,GEORGES,1998,1998-09-15T12:00:00+00:00,1998-10-01T06:00:00+00:00,1998-09-30T12:00:00+00:00,1998-09-30T07:00:00-05:00,44.33,TD,25,Tropical Depression,95.0,25
AL131998,MITCH,1998,1998-10-22T00:00:00+00:00,1998-11-09T18:00:00+00:00,1998-11-05T06:00:00+00:00,1998-11-05T00:00:00-06:00,351.47,TS,50,Tropical Storm,55.0,6
AL051999,DENNIS,1999,1999-08-24T00:00:00+00:00,1999-09-08T18:00:00+00:00,1999-08-29T12:00:00+00:00,1999-08-29T07:00:00-05:00,438.75,HU,90,Category 2,90.0,4
AL081999,FLOYD,1999,1999-09-07T18:00:00+00:00,1999-09-19T12:00:00+00:00,1999-09-15T18:00:00+00:00,1999-09-15T13:00:00-05:00,396.56,HU,95,Category 2,110.0,4
AL101999,HARVEY,1999,1999-09-19T06:00:00+00:00,1999-09-22T00:00:00+00:00,1999-09-20T18:00:00+00:00,1999-09-20T13:00:00-05:00,216.37,TS,50,Tropical Storm,50.0,14
AL131999,IRENE,1999,1999-10-12T12:00:00+00:00,1999-10-19T18:00:00+00:00,1999-10-17T06:00:00+00:00,1999-10-17T01:00:00-05:00,354.25,HU,65,Category 1,70.0,13
AL042000,UNNAMED,2000,2000-08-08T12:00:00+00:00,2000-08-11T12:00:00+00:00,2000-08-10T06:00:00+00:00,2000-08-10T01:00:00-05:00,407.68,TD,30,Tropical Depression,30.0,6
AL092000,UNNAMED,2000,2000-09-08T18:00:00+00:00,2000-09-09T12:00:00+00:00,2000-09-09T00:00:00+00:00,2000-09-08T19:00:00-05:00,481.28,TD,30,Tropical Depression,30.0,5
AL112000,GORDON,2000,2000-09-14T12:00:00+00:00,2000-09-21T06:00:00+00:00,2000-09-18T03:00:00+00:00,2000-09-17T22:00:00-05:00,162.17,TS,55,Tropical Storm,70.0,12
AL122000,HELENE,2000,2000-09-15T12:00:00+00:00,2000-09-25T18:00:00+00:00,2000-09-22T12:00:00+00:00,2000-09-22T07:00:00-05:00,58.0,TS,35,Tropical Storm,60.0,12
AL162000,LESLIE,2000,2000-10-04T12:00:00+00:00,2000-10-10T18:00:00+00:00,2000-10-04T12:00:00+00:00,2000-10-04T07:00:00-05:00,271.57,SD,30,Tropical Depression,30.0,4
AL012001,ALLISON,2001,2001-06-05T12:00:00+00:00,2001-06-19T00:00:00+00:00,2001-06-12T06:00:00+00:00,2001-06-12T01:00:00-05:00,117.79,SD,20,Tropical Depression,40.0,14
AL032001,BARRY,2001,2001-08-02T12:00:00+00:00,2001-08-08T06:00:00+00:00,2001-08-06T05:00:00+00:00,2001-08-06T00:00:00-05:00,38.96,TS,60,Tropical Storm,60.0,23
AL082001,GABRIELLE,2001,2001-09-11T18:00:00+00:00,2001-09-21T18:00:00+00:00,2001-09-14T18:00:00+00:00,2001-09-14T13:00:00-05:00,279.06,TS,45,Tropical Storm,60.0,18
AL022002,BERTHA,2002,2002-08-04T18:00:00+00:00,2002-08-09T12:00:00+00:00,2002-08-04T18:00:00+00:00,2002-08-04T13:00:00-05:00,183.72,TD,25,Tropical Depression,35.0,16
AL052002,EDOUARD,2002,2002-09-01T18:00:00+00:00,2002-09-06T12:00:00+00:00,2002-09-06T12:00:00+00:00,2002-09-06T07:00:00-05:00,113.45,TD,20,Tropical Depression,55.0,21
AL092002,HANNA,2002,2002-09-12T00:00:00+00:00,2002-09-15T12:00:00+00:00,2002-09-15T00:00:00+00:00,2002-09-14T19:00:00-05:00,121.26,TD,20,Tropical Depression,50.0,17
AL102002,ISIDORE,2002,2002-09-14T18:00:00+00:00,2002-09-27T18:00:00+00:00,2002-09-26T12:00:00+00:00,2002-09-26T07:00:00-05:00,249.5,TS,55,Tropical Storm,55.0,9
AL132002,LILI,2002,2002-09-21T18:00:00+00:00,2002-10-04T12:00:00+00:00,2002-10-03T00:00:00+00:00,2002-10-02T19:00:00-05:00,364.8,HU,125,Category 4,125.0,13
AL122002,KYLE,2002,2002-09-20T18:00:00+00:00,2002-10-12T12:00:00+00:00,2002-10-11T06:00:00+00:00,2002-10-11T01:00:00-05:00,296.41,TS,35,Tropical Storm,35.0,7
AL032003,BILL,2003,2003-06-28T06:00:00+00:00,2003-07-03T00:00:00+00:00,2003-07-01T06:00:00+00:00,2003-07-01T01:00:00-05:00,234.97,TD,30,Tropical Depression,50.0,13
AL042003,CLAUDETTE,2003,2003-07-07T00:00:00+00:00,2003-07-17T12:00:00+00:00,2003-07-14T12:00:00+00:00,2003-07-14T07:00:00-05:00,479.75,TS,55,Tropical Storm,60.0,4
AL072003,UNNAMED,2003,2003-07-25T12:00:00+00:00,2003-07-27T00:00:00+00:00,2003-07-27T00:00:00+00:00,2003-07-26T19:00:00-05:00,255.5,TD,15,Tropical Depression,30.0,7
AL082003,ERIKA,2003,2003-08-14T18:00:00+00:00,2003-08-17T00:00:00+00:00,2003-08-15T00:00:00+00:00,2003-08-14T19:00:00-05:00,243.56,TS,40,Tropical Storm,45.0,4
AL122003,HENRI,2003,2003-09-03T18:00:00+00:00,2003-09-08T18:00:00+00:00,2003-09-05T18:00:00+00:00,2003-09-05T13:00:00-05:00,156.24,TS,50,Tropical Storm,50.0,18
AL012004,ALEX,2004,2004-07-31T18:00:00+00:00,2004-08-06T18:00:00+00:00,2004-08-02T06:00:00+00:00,2004-08-02T01:00:00-05:00,385.94,TS,40,Tropical Storm,60.0,10
AL022004,BONNIE,2004,2004-08-03T12:00:00+00:00,2004-08-14T00:00:00+00:00,2004-08-12T14:00:00+00:00,2004-08-12T09:00:00-05:00,52.35,TS,40,Tropical Storm,55.0,12
AL032004,CHARLEY,2004,2004-08-09T12:00:00+00:00,2004-08-15T12:00:00+00:00,2004-08-14T00:00:00+00:00,2004-08-13T19:00:00-05:00,285.85,HU,75,Category 1,130.0,9
AL072004,GASTON,2004,2004-08-27T12:00:00+00:00,2004-09-03T00:00:00+00:00,2004-08-29T06:00:00+00:00,2004-08-29T01:00:00-05:00,398.45,TS,60,Tropical Storm,65.0,12
AL062004,FRANCES,2004,2004-08-25T00:00:00+00:00,2004-09-10T18:00:00+00:00,2004-09-07T00:00:00+00:00,2004-09-06T19:00:00-05:00,90.41,TS,35,Tropical Storm,95.0,18
AL092004,IVAN,2004,2004-09-02T18:00:00+00:00,2004-09-24T06:00:00+00:00,2004-09-16T06:50:00+00:00,2004-09-16T01:50:00-05:00,129.73,HU,105,Category 3,125.0,33
AL112004,JEANNE,2004,2004-09-13T18:00:00+00:00,2004-09-29T12:00:00+00:00,2004-09-27T12:00:00+00:00,2004-09-27T07:00:00-05:00,127.98,TS,35,Tropical Storm,105.0,12
AL142004,MATTHEW,2004,2004-10-08T12:00:00+00:00,2004-10-11T06:00:00+00:00,2004-10-10T18:00:00+00:00,2004-10-10T13:00:00-05:00,309.09,TD,25,Tropical Depression,40.0,8
AL012005,ARLENE,2005,2005-06-08T18:00:00+00:00,2005-06-14T06:00:00+00:00,2005-06-11T18:00:00+00:00,2005-06-11T13:00:00-05:00,105.8,TS,50,Tropical Storm,60.0,12
AL032005,CINDY,2005,2005-07-03T18:00:00+00:00,2005-07-11T06:00:00+00:00,2005-07-06T18:00:00+00:00,2005-07-06T13:00:00-05:00,173.61,TD,30,Tropical Depression,65.0,14
AL042005,DENNIS,2005,2005-07-04T18:00:00+00:00,2005-07-18T06:00:00+00:00,2005-07-10T18:00:00+00:00,2005-07-10T13:00:00-05:00,71.71,HU,110,Category 3,125.0,12
AL122005,KATRINA,2005,2005-08-23T18:00:00+00:00,2005-08-31T06:00:00+00:00,2005-08-29T14:45:00+00:00,2005-08-29T09:45:00-05:00,231.23,HU,105,Category 3,150.0,25
AL162005,OPHELIA,2005,2005-09-06T06:00:00+00:00,2005-09-23T00:00:00+00:00,2005-09-08T06:00:00+00:00,2005-09-08T01:00:00-05:00,381.8,TS,50,Tropical Storm,70.0,19
AL182005,RITA,2005,2005-09-18T00:00:00+00:00,2005-09-26T06:00:00+00:00,2005-09-22T18:00:00+00:00,2005-09-22T13:00:00-05:00,374.27,HU,125,Category 4,155.0,18
AL222005,TAMMY,2005,2005-10-05T06:00:00+00:00,2005-10-07T00:00:00+00:00,2005-10-07T00:00:00+00:00,2005-10-06T19:00:00-05:00,14.37,LO,10,Tropical Depression,45.0,9
AL252005,WILMA,2005,2005-10-15T18:00:00+00:00,2005-10-26T18:00:00+00:00,2005-10-24T10:30:00+00:00,2005-10-24T05:30:00-05:00,381.56,HU,105,Category 3,110.0,6
AL012006,ALBERTO,2006,2006-06-10T06:00:00+00:00,2006-06-19T06:00:00+00:00,2006-06-13T12:00:00+00:00,2006-06-13T07:00:00-05:00,106.83,TS,45,Tropical Storm,60.0,15
AL062006,ERNESTO,2006,2006-08-24T18:00:00+00:00,2006-09-04T06:00:00+00:00,2006-08-31T06:00:00+00:00,2006-08-31T01:00:00-05:00,323.56,TS,45,Tropical Storm,60.0,11
AL012007,ANDREA,2007,2007-05-06T12:00:00+00:00,2007-05-14T00:00:00+00:00,2007-05-10T12:00:00+00:00,2007-05-10T07:00:00-05:00,348.42,SD,30,Tropical Depression,50.0,17
AL022007,BARRY,2007,2007-05-31T00:00:00+00:00,2007-06-05T12:00:00+00:00,2007-06-02T18:00:00+00:00,2007-06-02T13:00:00-05:00,219.36,TD,30,Tropical Depression,50.0,10
AL092007,HUMBERTO,2007,2007-09-12T06:00:00+00:00,2007-09-14T12:00:00+00:00,2007-09-14T12:00:00+00:00,2007-09-14T07:00:00-05:00,317.95,LO,20,Tropical Depression,65.0,5
AL102007,TEN,2007,2007-09-21T12:00:00+00:00,2007-09-22T06:00:00+00:00,2007-09-21T18:00:00+00:00,2007-09-21T13:00:00-05:00,36.79,TD,30,Tropical Depression,30.0,4
AL172007,OLGA,2007,2007-12-10T12:00:00+00:00,2007-12-16T06:00:00+00:00,2007-12-16T06:00:00+00:00,2007-12-16T00:00:00-06:00,266.24,LO,25,Tropical Depression,30.0,3
AL032008,CRISTOBAL,2008,2008-07-19T00:00:00+00:00,2008-07-23T06:00:00+00:00,2008-07-19T00:00:00+00:00,2008-07-18T19:00:00-05:00,367.92,TD,25,Tropical Depression,45.0,4
AL052008,EDOUARD,2008,2008-08-03T12:00:00+00:00,2008-08-06T18:00:00+00:00,2008-08-03T12:00:00+00:00,2008-08-03T07:00:00-05:00,172.44,TD,25,Tropical Depression,55.0,8
AL062008,FAY,2008,2008-08-15T12:00:00+00:00,2008-08-28T06:00:00+00:00,2008-08-23T18:00:00+00:00,2008-08-23T13:00:00-05:00,27.82,TS,40,Tropical Storm,60.0,41
AL072008,GUSTAV,2008,2008-08-25T00:00:00+00:00,2008-09-05T12:00:00+00:00,2008-09-01T06:00:00+00:00,2008-09-01T01:00:00-05:00,250.32,HU,95,Category 2,105.0,11
AL082008,HANNA,2008,2008-08-28T00:00:00+00:00,2008-09-08T12:00:00+00:00,2008-09-06T00:00:00+00:00,2008-09-05T19:00:00-05:00,393.14,TS,60,Tropical Storm,60.0,5
AL092008,IKE,2008,2008-09-01T06:00:00+00:00,2008-09-15T12:00:00+00:00,2008-09-11T12:00:00+00:00,2008-09-11T07:00:00-05:00,348.34,HU,85,Category 2,95.0,12
AL172008,PALOMA,2008,2008-11-05T18:00:00+00:00,2008-11-14T06:00:00+00:00,2008-11-14T06:00:00+00:00,2008-11-14T00:00:00-06:00,85.0,LO,20,Tropical Depression,20.0,4
AL042009,CLAUDETTE,2009,2009-08-16T06:00:00+00:00,2009-08-17T18:00:00+00:00,2009-08-17T00:00:00+00:00,2009-08-16T19:00:00-05:00,22.84,TS,45,Tropical Storm,50.0,8
AL112009,IDA,2009,2009-11-04T06:00:00+00:00,2009-11-11T06:00:00+00:00,2009-11-11T00:00:00+00:00,2009-11-10T18:00:00-06:00,47.24,EX,25,Tropical Depression,90.0,12
AL032010,BONNIE,2010,2010-07-22T06:00:00+00:00,2010-07-25T18:00:00+00:00,2010-07-24T18:00:00+00:00,2010-07-24T13:00:00-05:00,162.52,TD,25,Tropical Depression,35.0,10
AL052010,FIVE,2010,2010-08-10T06:00:00+00:00,2010-08-18T00:00:00+00:00,2010-08-16T06:00:00+00:00,2010-08-16T01:00:00-05:00,11.62,LO,20,Tropical Depression,30.0,32
AL162010,NICOLE,2010,2010-09-28T00:00:00+00:00,2010-09-30T12:00:00+00:00,2010-09-30T12:00:00+00:00,2010-09-30T07:00:00-05:00,476.54,EX,40,Tropical Storm,40.0,2
AL022011,BRET,2011,2011-07-16T06:00:00+00:00,2011-07-23T06:00:00+00:00,2011-07-16T06:00:00+00:00,2011-07-16T01:00:00-05:00,361.45,LO,20,Tropical Depression,35.0,8
AL092011,IRENE,2011,2011-08-21T00:00:00+00:00,2011-08-30T00:00:00+00:00,2011-08-26T18:00:00+00:00,2011-08-26T13:00:00-05:00,493.88,HU,80,Category 1,85.0,2
AL132011,LEE,2011,2011-09-02T00:00:00+00:00,2011-09-06T18:00:00+00:00,2011-09-06T00:00:00+00:00,2011-09-05T19:00:00-05:00,176.94,EX,30,Tropical Depression,50.0,22
AL012012,ALBERTO,2012,2012-05-19T00:00:00+00:00,2012-05-23T18:00:00+00:00,2012-05-21T00:00:00+00:00,2012-05-20T19:00:00-05:00,337.78,TS,35,Tropical Storm,50.0,8
AL022012,BERYL,2012,2012-05-25T12:00:00+00:00,2012-06-02T00:00:00+00:00,2012-05-29T06:00:00+00:00,2012-05-29T01:00:00-05:00,146.39,TD,25,Tropical Depression,60.0,16
AL042012,DEBBY,2012,2012-06-23T12:00:00+00:00,2012-06-27T12:00:00+00:00,2012-06-25T18:00:00+00:00,2012-06-25T13:00:00-05:00,81.91,TS,40,Tropical Storm,55.0,18
AL092012,ISAAC,2012,2012-08-20T12:00:00+00:00,2012-09-01T06:00:00+00:00,2012-08-28T18:00:00+00:00,2012-08-28T13:00:00-05:00,212.77,HU,70,Category 1,70.0,19
AL012013,ANDREA,2013,2013-06-05T18:00:00+00:00,2013-06-08T18:00:00+00:00,2013-06-06T18:00:00+00:00,2013-06-06T13:00:00-05:00,138.82,TS,55,Tropical Storm,55.0,9
AL042013,DORIAN,2013,2013-07-22T18:00:00+00:00,2013-08-04T06:00:00+00:00,2013-08-03T06:00:00+00:00,2013-08-03T01:00:00-05:00,400.75,TD,30,Tropical Depression,30.0,7
AL122013,KAREN,2013,2013-10-03T06:00:00+00:00,2013-10-06T06:00:00+00:00,2013-10-05T12:00:00+00:00,2013-10-05T07:00:00-05:00,395.65,TS,40,Tropical Storm,50.0,10
AL012014,ARTHUR,2014,2014-06-28T18:00:00+00:00,2014-07-09T18:00:00+00:00,2014-07-03T00:00:00+00:00,2014-07-02T19:00:00-05:00,390.24,HU,65,Category 1,80.0,19
AL012015,ANA,2015,2015-05-06T06:00:00+00:00,2015-05-12T18:00:00+00:00,2015-05-06T12:00:00+00:00,2015-05-06T07:00:00-05:00,455.95,LO,25,Tropical Depression,50.0,16
AL022016,BONNIE,2016,2016-05-27T06:00:00+00:00,2016-06-09T18:00:00+00:00,2016-05-30T00:00:00+00:00,2016-05-29T19:00:00-05:00,366.22,TD,25,Tropical Depression,40.0,14
AL032016,COLIN,2016,2016-06-05T12:00:00+00:00,2016-06-08T18:00:00+00:00,2016-06-07T00:00:00+00:00,2016-06-06T19:00:00-05:00,99.33,TS,45,Tropical Storm,45.0,8
AL092016,HERMINE,2016,2016-08-28T18:00:00+00:00,2016-09-08T18:00:00+00:00,2016-09-02T00:00:00+00:00,2016-09-01T19:00:00-05:00,95.74,HU,70,Category 1,70.0,22
AL112016,JULIA,2016,2016-09-13T06:00:00+00:00,2016-09-21T06:00:00+00:00,2016-09-14T06:00:00+00:00,2016-09-14T01:00:00-05:00,241.76,TS,40,Tropical Storm,45.0,14
AL142016,MATTHEW,2016,2016-09-28T12:00:00+00:00,2016-10-10T00:00:00+00:00,2016-10-07T18:00:00+00:00,2016-10-07T13:00:00-05:00,302.65,HU,100,Category 3,115.0,10
AL032017,CINDY,2017,2017-06-19T18:00:00+00:00,2017-06-24T06:00:00+00:00,2017-06-21T00:00:00+00:00,2017-06-20T19:00:00-05:00,415.49,TS,50,Tropical Storm,50.0,17
AL062017,EMILY,2017,2017-07-30T18:00:00+00:00,2017-08-02T00:00:00+00:00,2017-07-30T18:00:00+00:00,2017-07-30T13:00:00-05:00,120.83,TD,30,Tropical Depression,50.0,11
AL092017,HARVEY,2017,2017-08-16T06:00:00+00:00,2017-09-02T12:00:00+00:00,2017-09-01T00:00:00+00:00,2017-08-31T19:00:00-05:00,355.91,TD,30,Tropical Depression,45.0,14
AL112017,IRMA,2017,2017-08-30T00:00:00+00:00,2017-09-13T12:00:00+00:00,2017-09-11T18:00:00+00:00,2017-09-11T13:00:00-05:00,143.13,TS,45,Tropical Storm,115.0,14
AL162017,NATE,2017,2017-10-03T12:00:00+00:00,2017-10-11T00:00:00+00:00,2017-10-08T06:00:00+00:00,2017-10-08T01:00:00-05:00,190.84,TS,60,Tropical Storm,80.0,9
AL012018,ALBERTO,2018,2018-05-25T12:00:00+00:00,2018-05-31T12:00:00+00:00,2018-05-28T21:00:00+00:00,2018-05-28T16:00:00-05:00,20.15,TS,40,Tropical Storm,55.0,15
AL072018,GORDON,2018,2018-09-02T18:00:00+00:00,2018-09-07T18:00:00+00:00,2018-09-04T18:00:00+00:00,2018-09-04T13:00:00-05:00,122.38,TS,60,Tropical Storm,60.0,19
AL062018,FLORENCE,2018,2018-08-30T06:00:00+00:00,2018-09-18T12:00:00+00:00,2018-09-16T12:00:00+00:00,2018-09-16T07:00:00-05:00,345.28,TS,35,Tropical Storm,60.0,10
AL142018,MICHAEL,2018,2018-10-06T18:00:00+00:00,2018-10-15T18:00:00+00:00,2018-10-10T17:30:00+00:00,2018-10-10T12:30:00-05:00,16.24,HU,140,Category 5,140.0,11
AL022019,BARRY,2019,2019-07-10T12:00:00+00:00,2019-07-16T06:00:00+00:00,2019-07-10T12:00:00+00:00,2019-07-10T07:00:00-05:00,121.48,DB,25,Tropical Depression,65.0,19
AL032019,THREE,2019,2019-07-22T12:00:00+00:00,2019-07-23T12:00:00+00:00,2019-07-23T12:00:00+00:00,2019-07-23T07:00:00-05:00,360.72,TD,30,Tropical Depression,30.0,3
AL052019,DORIAN,2019,2019-08-24T06:00:00+00:00,2019-09-09T00:00:00+00:00,2019-09-04T18:00:00+00:00,2019-09-04T13:00:00-05:00,360.37,HU,95,Category 2,115.0,12
AL092019,HUMBERTO,2019,2019-09-12T12:00:00+00:00,2019-09-20T12:00:00+00:00,2019-09-15T18:00:00+00:00,2019-09-15T13:00:00-05:00,463.67,TS,60,Tropical Storm,65.0,3
AL162019,NESTOR,2019,2019-10-17T12:00:00+00:00,2019-10-21T00:00:00+00:00,2019-10-19T18:00:00+00:00,2019-10-19T13:00:00-05:00,20.38,EX,40,Tropical Storm,50.0,8
AL172019,OLGA,2019,2019-10-25T12:00:00+00:00,2019-10-27T18:00:00+00:00,2019-10-26T12:00:00+00:00,2019-10-26T07:00:00-05:00,275.49,EX,45,Tropical Storm,45.0,4
AL012020,ARTHUR,2020,2020-05-16T18:00:00+00:00,2020-05-21T00:00:00+00:00,2020-05-16T18:00:00+00:00,2020-05-16T13:00:00-05:00,449.14,TD,30,Tropical Depression,35.0,4
AL022020,BERTHA,2020,2020-05-27T06:00:00+00:00,2020-05-28T12:00:00+00:00,2020-05-27T13:30:00+00:00,2020-05-27T08:30:00-05:00,403.53,TS,45,Tropical Storm,45.0,5
AL032020,CRISTOBAL,2020,2020-06-01T18:00:00+00:00,2020-06-12T06:00:00+00:00,2020-06-08T00:00:00+00:00,2020-06-07T19:00:00-05:00,250.61,TS,45,Tropical Storm,45.0,11
AL062020,FAY,2020,2020-07-05T12:00:00+00:00,2020-07-11T18:00:00+00:00,2020-07-06T06:00:00+00:00,2020-07-06T01:00:00-05:00,25.13,LO,30,Tropical Depression,30.0,13
AL082020,HANNA,2020,2020-07-23T00:00:00+00:00,2020-07-26T18:00:00+00:00,2020-07-23T00:00:00+00:00,2020-07-22T19:00:00-05:00,343.62,TD,25,Tropical Depression,45.0,7
AL092020,ISAIAS,2020,2020-07-28T12:00:00+00:00,2020-08-05T06:00:00+00:00,2020-08-03T12:00:00+00:00,2020-08-03T07:00:00-05:00,342.44,TS,60,Tropical Storm,80.0,9
AL142020,MARCO,2020,2020-08-20T18:00:00+00:00,2020-08-25T18:00:00+00:00,2020-08-24T18:00:00+00:00,2020-08-24T13:00:00-05:00,198.82,TS,40,Tropical Storm,65.0,11
AL132020,LAURA,2020,2020-08-20T00:00:00+00:00,2020-08-29T06:00:00+00:00,2020-08-26T00:00:00+00:00,2020-08-25T19:00:00-05:00,409.9,HU,75,Category 1,130.0,11
AL152020,OMAR,2020,2020-08-30T18:00:00+00:00,2020-09-06T06:00:00+00:00,2020-08-30T18:00:00+00:00,2020-08-30T13:00:00-05:00,300.5,LO,25,Tropical Depression,30.0,3
AL192020,SALLY,2020,2020-09-11T18:00:00+00:00,2020-09-18T06:00:00+00:00,2020-09-16T18:00:00+00:00,2020-09-16T13:00:00-05:00,110.36,TS,60,Tropical Storm,95.0,27
AL222020,BETA,2020,2020-09-17T06:00:00+00:00,2020-09-25T06:00:00+00:00,2020-09-25T00:00:00+00:00,2020-09-24T19:00:00-05:00,263.97,EX,20,Tropical Depression,50.0,13
AL262020,DELTA,2020,2020-10-04T18:00:00+00:00,2020-10-11T18:00:00+00:00,2020-10-11T12:00:00+00:00,2020-10-11T07:00:00-05:00,339.07,EX,20,Tropical Depression,90.0,10
AL282020,ZETA,2020,2020-10-24T12:00:00+00:00,2020-10-30T00:00:00+00:00,2020-10-29T06:00:00+00:00,2020-10-29T01:00:00-05:00,212.22,TS,60,Tropical Storm,100.0,6
AL292020,ETA,2020,2020-10-31T18:00:00+00:00,2020-11-14T00:00:00+00:00,2020-11-12T06:00:00+00:00,2020-11-12T00:00:00-06:00,181.32,TS,50,Tropical Storm,65.0,17
AL022021,BILL,2021,2021-06-13T18:00:00+00:00,2021-06-16T00:00:00+00:00,2021-06-13T18:00:00+00:00,2021-06-13T13:00:00-05:00,468.05,LO,20,Tropical Depression,20.0,1
AL032021,CLAUDETTE,2021,2021-06-17T18:00:00+00:00,2021-06-23T00:00:00+00:00,2021-06-20T00:00:00+00:00,2021-06-19T19:00:00-05:00,199.12,TD,25,Tropical Depression,40.0,12
AL042021,DANNY,2021,2021-06-27T18:00:00+00:00,2021-06-29T00:00:00+00:00,2021-06-29T00:00:00+00:00,2021-06-28T19:00:00-05:00,336.04,TD,30,Tropical Depression,40.0,4
AL052021,ELSA,2021,2021-06-30T18:00:00+00:00,2021-07-10T06:00:00+00:00,2021-07-07T14:30:00+00:00,2021-07-07T09:30:00-05:00,135.36,TS,55,Tropical Storm,65.0,11
AL062021,FRED,2021,2021-08-09T18:00:00+00:00,2021-08-20T06:00:00+00:00,2021-08-16T19:00:00+00:00,2021-08-16T14:00:00-05:00,35.4,TS,55,Tropical Storm,55.0,15
AL092021,IDA,2021,2021-08-26T12:00:00+00:00,2021-09-04T18:00:00+00:00,2021-08-29T06:00:00+00:00,2021-08-29T01:00:00-05:00,250.45,HU,115,Category 4,130.0,18
AL132021,MINDY,2021,2021-09-08T18:00:00+00:00,2021-09-10T18:00:00+00:00,2021-09-09T00:00:00+00:00,2021-09-08T19:00:00-05:00,47.5,TS,45,Tropical Storm,50.0,6
AL142021,NICHOLAS,2021,2021-09-12T12:00:00+00:00,2021-09-17T06:00:00+00:00,2021-09-16T06:00:00+00:00,2021-09-16T01:00:00-05:00,356.79,LO,20,Tropical Depression,30.0,9
AL012022,ALEX,2022,2022-06-02T18:00:00+00:00,2022-06-06T18:00:00+00:00,2022-06-04T12:00:00+00:00,2022-06-04T07:00:00-05:00,353.73,DB,35,Tropical Storm,40.0,5
AL032022,COLIN,2022,2022-07-01T18:00:00+00:00,2022-07-02T18:00:00+00:00,2022-07-01T18:00:00+00:00,2022-07-01T13:00:00-05:00,330.73,TD,30,Tropical Depression,35.0,6
AL092022,IAN,2022,2022-09-22T18:00:00+00:00,2022-10-01T06:00:00+00:00,2022-09-28T18:00:00+00:00,2022-09-28T13:00:00-05:00,316.67,HU,135,Category 4,140.0,18
AL172022,NICOLE,2022,2022-11-06T12:00:00+00:00,2022-11-11T18:00:00+00:00,2022-11-11T06:00:00+00:00,2022-11-11T00:00:00-06:00,100.13,TD,30,Tropical Depression,65.0,9
AL022023,ARLENE,2023,2023-05-31T18:00:00+00:00,2023-06-04T06:00:00+00:00,2023-06-01T18:00:00+00:00,2023-06-01T13:00:00-05:00,154.01,TD,30,Tropical Depression,35.0,14
AL092023,HAROLD,2023,2023-08-21T12:00:00+00:00,2023-08-23T12:00:00+00:00,2023-08-21T12:00:00+00:00,2023-08-21T07:00:00-05:00,430.97,DB,25,Tropical Depression,30.0,2
AL102023,IDALIA,2023,2023-08-26T12:00:00+00:00,2023-09-08T06:00:00+00:00,2023-08-30T09:00:00+00:00,2023-08-30T04:00:00-05:00,120.84,HU,115,Category 4,115.0,10
AL042024,DEBBY,2024,2024-08-02T12:00:00+00:00,2024-08-10T18:00:00+00:00,2024-08-05T06:00:00+00:00,2024-08-05T01:00:00-05:00,130.76,HU,70,Category 1,70.0,22
AL062024,FRANCINE,2024,2024-09-08T18:00:00+00:00,2024-09-14T00:00:00+00:00,2024-09-12T06:00:00+00:00,2024-09-12T01:00:00-05:00,273.8,TS,45,Tropical Storm,90.0,10
AL092024,HELENE,2024,2024-09-23T12:00:00+00:00,2024-09-28T18:00:00+00:00,2024-09-27T03:10:00+00:00,2024-09-26T22:10:00-05:00,121.7,HU,120,Category 4,120.0,12
AL142024,MILTON,2024,2024-10-04T18:00:00+00:00,2024-10-11T18:00:00+00:00,2024-10-10T00:30:00+00:00,2024-10-09T19:30:00-05:00,267.16,HU,100,Category 3,140.0,11
AL182024,RAFAEL,2024,2024-11-03T18:00:00+00:00,2024-11-10T12:00:00+00:00,2024-11-07T18:00:00+00:00,2024-11-07T12:00:00-06:00,381.75,HU,90,Category 2,105.0,14
AL032025,CHANTAL,2025,2025-07-04T06:00:00+00:00,2025-07-07T18:00:00+00:00,2025-07-04T06:00:00+00:00,2025-07-04T01:00:00-05:00,366.63,LO,25,Tropical Depression,50.0,12
