storm_id,storm_name,timestamp_utc,timestamp_local,date,record_identifier,status,lat,lon,max_wind_kt,min_pressure_mb,category,distance_to_pcb_mi
AL041851,UNNAMED,1851-08-21T12:00:00+00:00,1851-08-21T06:09:24-05:50:36,1851-08-21,,HU,23.9,-83.6,70,,Category 1,449.61
AL041851,UNNAMED,1851-08-21T18:00:00+00:00,1851-08-21T12:09:24-05:50:36,1851-08-21,,HU,24.4,-84.3,70,,Category 1,405.18
AL041851,UNNAMED,1851-08-22T00:00:00+00:00,1851-08-21T18:09:24-05:50:36,1851-08-21,,HU,25.0,-84.9,80,,Category 1,357.73
AL041851,UNNAMED,1851-08-22T06:00:00+00:00,1851-08-22T00:09:24-05:50:36,1851-08-22,,HU,25.6,-85.5,80,,Category 1,312.96
AL041851,UNNAMED,1851-08-22T12:00:00+00:00,1851-08-22T06:09:24-05:50:36,1851-08-22,,HU,26.2,-86.0,90,,Category 2,271.69
AL041851,UNNAMED,1851-08-22T18:00:00+00:00,1851-08-22T12:09:24-05:50:36,1851-08-22,,HU,26.8,-86.3,90,,Category 2,232.33
AL041851,UNNAMED,1851-08-23T00:00:00+00:00,1851-08-22T18:09:24-05:50:36,1851-08-22,,HU,27.4,-86.5,100,,Category 3,193.97
AL041851,UNNAMED,1851-08-23T06:00:00+00:00,1851-08-23T00:09:24-05:50:36,1851-08-23,,HU,28.0,-86.6,100,,Category 3,155.94
AL041851,UNNAMED,1851-08-23T12:00:00+00:00,1851-08-23T06:09:24-05:50:36,1851-08-23,,HU,28.5,-86.6,100,,Category 3,123.91
AL041851,UNNAMED,1851-08-23T18:00:00+00:00,1851-08-23T12:09:24-05:50:36,1851-08-23,,HU,29.6,-86.1,100,,Category 3,42.51
AL041851,UNNAMED,1851-08-23T21:00:00+00:00,1851-08-23T15:09:24-05:50:36,1851-08-23,L,HU,30.1,-85.7,100,,Category 3,2.49
AL041851,UNNAMED,1851-08-24T00:00:00+00:00,1851-08-23T18:09:24-05:50:36,1851-08-23,,HU,30.7,-85.1,90,,Category 2,54.66
AL041851,UNNAMED,1851-08-24T06:00:00+00:00,1851-08-24T00:09:24-05:50:36,1851-08-24,,HU,31.6,-84.1,70,,Category 1,140.47
AL041851,UNNAMED,1851-08-24T12:00:00+00:00,1851-08-24T06:09:24-05:50:36,1851-08-24,,TS,32.5,-83.0,60,,Tropical Storm,229.97
AL041851,UNNAMED,1851-08-24T18:00:00+00:00,1851-08-24T12:09:24-05:50:36,1851-08-24,,TS,33.4,-81.4,50,,Tropical Storm,340.38
AL041851,UNNAMED,1851-08-25T00:00:00+00:00,1851-08-24T18:09:24-05:50:36,1851-08-24,,TS,34.0,-80.0,40,,Tropical Storm,429.11
AL061851,UNNAMED,1851-10-16T00:00:00+00:00,1851-10-15T18:09:24-05:50:36,1851-10-15,,TS,28.7,-78.0,40,,Tropical Storm,475.45
AL061851,UNNAMED,1851-10-16T06:00:00+00:00,1851-10-16T00:09:24-05:50:36,1851-10-16,,TS,29.1,-77.8,40,,Tropical Storm,481.48
AL061851,UNNAMED,1851-10-16T12:00:00+00:00,1851-10-16T06:09:24-05:50:36,1851-10-16,,TS,29.5,-77.5,50,,Tropical Storm,495.16
AL011852,UNNAMED,1852-08-22T18:00:00+00:00,1852-08-22T12:09:24-05:50:36,1852-08-22,,HU,24.2,-82.1,90,,Category 2,466.16
AL011852,UNNAMED,1852-08-23T00:00:00+00:00,1852-08-22T18:09:24-05:50:36,1852-08-22,,HU,24.7,-83.1,90,,Category 2,408.02
AL011852,UNNAMED,1852-08-23T06:00:00+00:00,1852-08-23T00:09:24-05:50:36,1852-08-23,,HU,25.2,-83.9,90,,Category 2,358.22
AL011852,UNNAMED,1852-08-23T12:00:00+00:00,1852-08-23T06:09:24-05:50:36,1852-08-23,,HU,25.7,-84.6,90,,Category 2,313.42
AL011852,UNNAMED,1852-08-23T18:00:00+00:00,1852-08-23T12:09:24-05:50:36,1852-08-23,,HU,26.2,-85.3,90,,Category 2,272.45
AL011852,UNNAMED,1852-08-24T00:00:00+00:00,1852-08-23T18:09:24-05:50:36,1852-08-23,,HU,26.7,-86.0,100,,Category 3,237.21
AL011852,UNNAMED,1852-08-24T06:00:00+00:00,1852-08-24T00:09:24-05:50:36,1852-08-24,,HU,27.2,-86.6,100,,Category 3,208.87
AL011852,UNNAMED,1852-08-24T12:00:00+00:00,1852-08-24T06:09:24-05:50:36,1852-08-24,,HU,27.7,-87.1,100,,Category 3,186.91
AL011852,UNNAMED,1852-08-24T18:00:00+00:00,1852-08-24T12:09:24-05:50:36,1852-08-24,,HU,28.2,-87.5,100,,Category 3,170.57
AL011852,UNNAMED,1852-08-25T00:00:00+00:00,1852-08-24T18:09:24-05:50:36,1852-08-24,,HU,28.6,-87.8,100,,Category 3,163.21
AL011852,UNNAMED,1852-08-25T06:00:00+00:00,1852-08-25T00:09:24-05:50:36,1852-08-25,,HU,28.8,-88.0,100,,Category 3,164.4
AL011852,UNNAMED,1852-08-25T12:00:00+00:00,1852-08-25T06:09:24-05:50:36,1852-08-25,,HU,29.1,-88.2,100,,Category 3,164.4
AL011852,UNNAMED,1852-08-25T18:00:00+00:00,1852-08-25T12:09:24-05:50:36,1852-08-25,,HU,29.4,-88.4,100,,Category 3,167.79
AL011852,UNNAMED,1852-08-26T00:00:00+00:00,1852-08-25T18:09:24-05:50:36,1852-08-25,,HU,29.8,-88.6,100,,Category 3,173.25
AL011852,UNNAMED,1852-08-26T06:00:00+00:00,1852-08-26T00:09:24-05:50:36,1852-08-26,L,HU,30.2,-88.6,100,961.0,Category 3,171.52
AL011852,UNNAMED,1852-08-26T12:00:00+00:00,1852-08-26T06:09:24-05:50:36,1852-08-26,,HU,30.6,-88.5,90,,Category 2,168.36
AL011852,UNNAMED,1852-08-26T18:00:00+00:00,1852-08-26T12:09:24-05:50:36,1852-08-26,,HU,31.2,-88.1,70,,Category 1,159.23
AL011852,UNNAMED,1852-08-27T00:00:00+00:00,1852-08-26T18:09:24-05:50:36,1852-08-26,,TS,31.8,-87.4,50,,Tropical Storm,152.26
AL011852,UNNAMED,1852-08-27T06:00:00+00:00,1852-08-27T00:09:24-05:50:36,1852-08-27,,TS,32.3,-86.3,40,,Tropical Storm,154.01
AL011852,UNNAMED,1852-08-27T12:00:00+00:00,1852-08-27T06:09:24-05:50:36,1852-08-27,,TS,32.8,-84.8,40,,Tropical Storm,192.78
AL011852,UNNAMED,1852-08-27T18:00:00+00:00,1852-08-27T12:09:24-05:50:36,1852-08-27,,TS,33.2,-82.8,40,,Tropical Storm,273.52
AL011852,UNNAMED,1852-08-28T00:00:00+00:00,1852-08-27T18:09:24-05:50:36,1852-08-27,,TS,33.5,-80.5,40,,Tropical Storm,385.48
AL031852,UNNAMED,1852-09-09T00:00:00+00:00,1852-09-08T18:09:24-05:50:36,1852-09-08,,HU,26.4,-90.4,70,,Category 1,383.34
AL031852,UNNAMED,1852-09-09T06:00:00+00:00,1852-09-09T00:09:24-05:50:36,1852-09-09,,HU,26.5,-89.6,70,,Category 1,343.67
AL031852,UNNAMED,1852-09-09T12:00:00+00:00,1852-09-09T06:09:24-05:50:36,1852-09-09,,HU,26.6,-88.8,70,,Category 1,306.82
AL031852,UNNAMED,1852-09-09T18:00:00+00:00,1852-09-09T12:09:24-05:50:36,1852-09-09,,HU,26.6,-88.1,70,,Category 1,282.96
AL031852,UNNAMED,1852-09-10T00:00:00+00:00,1852-09-09T18:09:24-05:50:36,1852-09-09,,HU,26.8,-87.4,70,,Category 1,251.12
AL031852,UNNAMED,1852-09-10T06:00:00+00:00,1852-09-10T00:09:24-05:50:36,1852-09-10,,HU,26.9,-86.6,70,,Category 1,229.0
AL031852,UNNAMED,1852-09-10T12:00:00+00:00,1852-09-10T06:09:24-05:50:36,1852-09-10,,HU,27.1,-86.1,70,,Category 1,210.21
AL031852,UNNAMED,1852-09-10T18:00:00+00:00,1852-09-10T12:09:24-05:50:36,1852-09-10,,HU,27.3,-85.6,70,,Category 1,195.35
AL031852,UNNAMED,1852-09-11T00:00:00+00:00,1852-09-10T18:09:24-05:50:36,1852-09-10,,HU,27.5,-85.1,70,,Category 1,185.34
AL031852,UNNAMED,1852-09-11T06:00:00+00:00,1852-09-11T00:09:24-05:50:36,1852-09-11,,HU,27.7,-84.6,70,,Category 1,180.95
AL031852,UNNAMED,1852-09-11T12:00:00+00:00,1852-09-11T06:09:24-05:50:36,1852-09-11,,HU,27.8,-84.0,70,,Category 1,191.68
AL031852,UNNAMED,1852-09-11T18:00:00+00:00,1852-09-11T12:09:24-05:50:36,1852-09-11,,HU,27.9,-83.4,70,,Category 1,208.44
AL031852,UNNAMED,1852-09-12T00:00:00+00:00,1852-09-11T18:09:24-05:50:36,1852-09-11,L,HU,28.0,-82.8,70,,Category 1,229.92
AL031852,UNNAMED,1852-09-12T06:00:00+00:00,1852-09-12T00:09:24-05:50:36,1852-09-12,,TS,28.1,-82.2,60,,Tropical Storm,254.89
AL031852,UNNAMED,1852-09-12T12:00:00+00:00,1852-09-12T06:09:24-05:50:36,1852-09-12,,TS,28.2,-81.5,50,,Tropical Storm,287.76
AL031852,UNNAMED,1852-09-12T18:00:00+00:00,1852-09-12T12:09:24-05:50:36,1852-09-12,,TS,28.5,-80.5,50,,Tropical Storm,334.45
AL031852,UNNAMED,1852-09-13T00:00:00+00:00,1852-09-12T18:09:24-05:50:36,1852-09-12,,TS,29.2,-79.0,60,,Tropical Storm,409.02
AL051852,UNNAMED,1852-10-08T18:00:00+00:00,1852-10-08T12:09:24-05:50:36,1852-10-08,,HU,24.0,-86.8,90,,Category 2,428.28
AL051852,UNNAMED,1852-10-09T00:00:00+00:00,1852-10-08T18:09:24-05:50:36,1852-10-08,,HU,25.6,-86.4,90,,Category 2,315.31
AL051852,UNNAMED,1852-10-09T06:00:00+00:00,1852-10-09T00:09:24-05:50:36,1852-10-09,,HU,26.9,-85.9,90,,Category 2,223.07
AL051852,UNNAMED,1852-10-09T12:00:00+00:00,1852-10-09T06:09:24-05:50:36,1852-10-09,,HU,28.0,-85.5,90,,Category 2,147.48
AL051852,UNNAMED,1852-10-09T18:00:00+00:00,1852-10-09T12:09:24-05:50:36,1852-10-09,,HU,29.2,-84.9,90,,Category 2,81.04
AL051852,UNNAMED,1852-10-09T21:00:00+00:00,1852-10-09T15:09:24-05:50:36,1852-10-09,L,HU,29.9,-84.4,90,,Category 2,81.08
AL051852,UNNAMED,1852-10-10T00:00:00+00:00,1852-10-09T18:09:24-05:50:36,1852-10-09,,HU,30.5,-83.9,80,,Category 1,112.19
AL051852,UNNAMED,1852-10-10T06:00:00+00:00,1852-10-10T00:09:24-05:50:36,1852-10-10,,TS,31.8,-82.8,60,,Tropical Storm,208.62
AL051852,UNNAMED,1852-10-10T12:00:00+00:00,1852-10-10T06:09:24-05:50:36,1852-10-10,,TS,33.0,-81.1,50,,Tropical Storm,337.22
AL051852,UNNAMED,1852-10-10T18:00:00+00:00,1852-10-10T12:09:24-05:50:36,1852-10-10,,TS,34.0,-79.5,50,,Tropical Storm,452.34
AL081853,UNNAMED,1853-10-19T00:00:00+00:00,1853-10-18T18:09:24-05:50:36,1853-10-18,,HU,27.5,-78.5,70,,Category 1,473.66
AL081853,UNNAMED,1853-10-19T06:00:00+00:00,1853-10-19T00:09:24-05:50:36,1853-10-19,,HU,28.0,-78.9,70,,Category 1,437.74
AL081853,UNNAMED,1853-10-19T12:00:00+00:00,1853-10-19T06:09:24-05:50:36,1853-10-19,,HU,28.5,-79.3,80,,Category 1,403.26
AL081853,UNNAMED,1853-10-19T18:00:00+00:00,1853-10-19T12:09:24-05:50:36,1853-10-19,,HU,28.9,-79.6,80,,Category 1,378.13
AL081853,UNNAMED,1853-10-20T00:00:00+00:00,1853-10-19T18:09:24-05:50:36,1853-10-19,,HU,29.3,-79.9,80,,Category 1,354.42
AL081853,UNNAMED,1853-10-20T06:00:00+00:00,1853-10-20T00:09:24-05:50:36,1853-10-20,,HU,29.7,-80.2,80,,Category 1,332.45
AL081853,UNNAMED,1853-10-20T12:00:00+00:00,1853-10-20T06:09:24-05:50:36,1853-10-20,,HU,30.0,-80.5,90,,Category 2,312.84
AL081853,UNNAMED,1853-10-20T18:00:00+00:00,1853-10-20T12:09:24-05:50:36,1853-10-20,,HU,30.3,-80.7,90,,Category 2,300.55
AL081853,UNNAMED,1853-10-21T00:00:00+00:00,1853-10-20T18:09:24-05:50:36,1853-10-20,,HU,30.6,-80.9,90,,Category 2,289.79
AL081853,UNNAMED,1853-10-21T06:00:00+00:00,1853-10-21T00:09:24-05:50:36,1853-10-21,,HU,30.9,-80.9,90,,Category 2,292.43
AL081853,UNNAMED,1853-10-21T12:00:00+00:00,1853-10-21T06:09:24-05:50:36,1853-10-21,,HU,31.3,-80.6,80,,Category 1,315.33
AL081853,UNNAMED,1853-10-21T18:00:00+00:00,1853-10-21T12:09:24-05:50:36,1853-10-21,,HU,31.7,-80.1,80,,Category 1,350.98
AL081853,UNNAMED,1853-10-22T00:00:00+00:00,1853-10-21T18:09:24-05:50:36,1853-10-21,,HU,32.1,-79.4,80,,Category 1,398.45
AL081853,UNNAMED,1853-10-22T06:00:00+00:00,1853-10-22T00:09:24-05:50:36,1853-10-22,,HU,32.5,-78.5,80,,Category 1,457.11
AL031854,UNNAMED,1854-09-07T12:00:00+00:00,1854-09-07T06:09:24-05:50:36,1854-09-07,,HU,28.0,-78.6,110,938.0,Category 3,454.84
AL031854,UNNAMED,1854-09-07T18:00:00+00:00,1854-09-07T12:09:24-05:50:36,1854-09-07,,HU,28.8,-79.6,110,,Category 3,379.91
AL031854,UNNAMED,1854-09-08T00:00:00+00:00,1854-09-07T18:09:24-05:50:36,1854-09-07,,HU,29.6,-80.3,110,,Category 3,327.35
AL031854,UNNAMED,1854-09-08T06:00:00+00:00,1854-09-08T00:09:24-05:50:36,1854-09-08,,HU,30.4,-80.6,110,,Category 3,306.71
AL031854,UNNAMED,1854-09-08T12:00:00+00:00,1854-09-08T06:09:24-05:50:36,1854-09-08,,HU,31.1,-80.9,100,,Category 3,294.98
AL031854,UNNAMED,1854-09-08T18:00:00+00:00,1854-09-08T12:09:24-05:50:36,1854-09-08,,HU,31.6,-81.1,100,950.0,Category 3,292.87
AL031854,UNNAMED,1854-09-08T20:00:00+00:00,1854-09-08T14:09:24-05:50:36,1854-09-08,L,HU,31.7,-81.1,100,950.0,Category 3,295.21
AL031854,UNNAMED,1854-09-09T00:00:00+00:00,1854-09-08T18:09:24-05:50:36,1854-09-08,,HU,32.0,-81.3,80,,Category 1,292.41
AL031854,UNNAMED,1854-09-09T06:00:00+00:00,1854-09-09T00:09:24-05:50:36,1854-09-09,,HU,32.5,-81.5,70,,Category 1,298.75
AL031854,UNNAMED,1854-09-09T12:00:00+00:00,1854-09-09T06:09:24-05:50:36,1854-09-09,,TS,33.2,-81.5,60,,Tropical Storm,327.08
AL031854,UNNAMED,1854-09-09T18:00:00+00:00,1854-09-09T12:09:24-05:50:36,1854-09-09,,TS,34.3,-80.5,50,,Tropical Storm,420.21
AL041854,UNNAMED,1854-09-18T00:00:00+00:00,1854-09-17T18:09:24-05:50:36,1854-09-17,,HU,28.2,-93.6,90,,Category 2,492.99
AL051855,UNNAMED,1855-09-15T00:00:00+00:00,1855-09-14T18:09:24-05:50:36,1855-09-14,,HU,26.7,-89.1,70,,Category 1,312.92
AL051855,UNNAMED,1855-09-15T06:00:00+00:00,1855-09-15T00:09:24-05:50:36,1855-09-15,,HU,27.1,-89.1,80,,Category 1,292.31
AL051855,UNNAMED,1855-09-15T12:00:00+00:00,1855-09-15T06:09:24-05:50:36,1855-09-15,,HU,27.5,-89.3,90,,Category 2,282.11
AL051855,UNNAMED,1855-09-15T18:00:00+00:00,1855-09-15T12:09:24-05:50:36,1855-09-15,,HU,28.1,-89.4,100,,Category 3,261.99
AL051855,UNNAMED,1855-09-16T00:00:00+00:00,1855-09-15T18:09:24-05:50:36,1855-09-15,,HU,28.8,-89.5,110,,Category 3,244.56
AL051855,UNNAMED,1855-09-16T03:00:00+00:00,1855-09-15T21:09:24-05:50:36,1855-09-15,L,HU,29.2,-89.5,110,,Category 3,235.18
AL051855,UNNAMED,1855-09-16T06:00:00+00:00,1855-09-16T00:09:24-05:50:36,1855-09-16,,HU,29.6,-89.5,110,,Category 3,228.78
AL051855,UNNAMED,1855-09-16T12:00:00+00:00,1855-09-16T06:09:24-05:50:36,1855-09-16,,HU,30.2,-89.4,100,,Category 3,219.29
AL051855,UNNAMED,1855-09-16T18:00:00+00:00,1855-09-16T12:09:24-05:50:36,1855-09-16,,HU,31.0,-89.1,70,,Category 1,209.4
AL051855,UNNAMED,1855-09-17T00:00:00+00:00,1855-09-16T18:09:24-05:50:36,1855-09-16,,TS,32.0,-88.8,50,,Tropical Storm,223.14
AL051855,UNNAMED,1855-09-17T06:00:00+00:00,1855-09-17T00:09:24-05:50:36,1855-09-17,,TS,33.0,-88.3,40,,Tropical Storm,249.68
AL011856,UNNAMED,1856-08-09T00:00:00+00:00,1856-08-08T18:09:24-05:50:36,1856-08-08,,HU,25.0,-83.9,70,,Category 1,371.4
AL011856,UNNAMED,1856-08-09T06:00:00+00:00,1856-08-09T00:09:24-05:50:36,1856-08-09,,HU,25.7,-85.1,80,,Category 1,308.15
AL011856,UNNAMED,1856-08-09T12:00:00+00:00,1856-08-09T06:09:24-05:50:36,1856-08-09,,HU,26.3,-86.5,90,,Category 2,268.41
AL011856,UNNAMED,1856-08-09T18:00:00+00:00,1856-08-09T12:09:24-05:50:36,1856-08-09,,HU,27.0,-87.8,100,,Category 3,249.78
AL011856,UNNAMED,1856-08-10T00:00:00+00:00,1856-08-09T18:09:24-05:50:36,1856-08-09,,HU,27.7,-89.1,110,,Category 3,263.82
AL011856,UNNAMED,1856-08-10T06:00:00+00:00,1856-08-10T00:09:24-05:50:36,1856-08-10,,HU,28.2,-89.8,120,,Category 4,279.24
AL011856,UNNAMED,1856-08-10T12:00:00+00:00,1856-08-10T06:09:24-05:50:36,1856-08-10,,HU,28.7,-90.5,130,,Category 4,303.48
AL011856,UNNAMED,1856-08-10T18:00:00+00:00,1856-08-10T12:09:24-05:50:36,1856-08-10,L,HU,29.2,-91.1,130,934.0,Category 4,328.65
AL011856,UNNAMED,1856-08-11T00:00:00+00:00,1856-08-10T18:09:24-05:50:36,1856-08-10,,HU,29.7,-91.6,110,,Category 3,352.73
AL011856,UNNAMED,1856-08-11T06:00:00+00:00,1856-08-11T00:09:24-05:50:36,1856-08-11,,HU,30.0,-91.8,80,,Category 1,363.04
AL011856,UNNAMED,1856-08-11T12:00:00+00:00,1856-08-11T06:09:24-05:50:36,1856-08-11,,TS,30.3,-91.9,60,,Tropical Storm,368.55
AL011856,UNNAMED,1856-08-11T18:00:00+00:00,1856-08-11T12:09:24-05:50:36,1856-08-11,,TS,30.6,-91.8,50,,Tropical Storm,363.31
AL011856,UNNAMED,1856-08-12T00:00:00+00:00,1856-08-11T18:09:24-05:50:36,1856-08-11,,TS,30.9,-91.6,40,,Tropical Storm,353.45
AL011856,UNNAMED,1856-08-12T06:00:00+00:00,1856-08-12T00:09:24-05:50:36,1856-08-12,,TS,31.3,-91.0,40,,Tropical Storm,323.37
AL051856,UNNAMED,1856-08-28T12:00:00+00:00,1856-08-28T06:09:24-05:50:36,1856-08-28,,HU,23.2,-84.0,90,,Category 2,490.23
AL051856,UNNAMED,1856-08-28T18:00:00+00:00,1856-08-28T12:09:24-05:50:36,1856-08-28,,HU,23.6,-84.6,90,,Category 2,456.17
AL051856,UNNAMED,1856-08-29T00:00:00+00:00,1856-08-28T18:09:24-05:50:36,1856-08-28,,HU,23.9,-85.1,90,,Category 2,431.85
AL051856,UNNAMED,1856-08-29T06:00:00+00:00,1856-08-29T00:09:24-05:50:36,1856-08-29,,HU,24.2,-85.6,90,,Category 2,409.46
AL051856,UNNAMED,1856-08-29T12:00:00+00:00,1856-08-29T06:09:24-05:50:36,1856-08-29,,HU,24.7,-86.4,90,,Category 2,377.07
AL051856,UNNAMED,1856-08-29T18:00:00+00:00,1856-08-29T12:09:24-05:50:36,1856-08-29,,HU,24.9,-86.8,90,,Category 2,366.91
AL051856,UNNAMED,1856-08-30T00:00:00+00:00,1856-08-29T18:09:24-05:50:36,1856-08-29,,HU,25.2,-87.1,100,,Category 3,350.45
AL051856,UNNAMED,1856-08-30T06:00:00+00:00,1856-08-30T00:09:24-05:50:36,1856-08-30,,HU,25.6,-87.3,100,,Category 3,327.01
AL051856,UNNAMED,1856-08-30T12:00:00+00:00,1856-08-30T06:09:24-05:50:36,1856-08-30,,HU,26.2,-87.4,100,,Category 3,289.63
AL051856,UNNAMED,1856-08-30T18:00:00+00:00,1856-08-30T12:09:24-05:50:36,1856-08-30,,HU,27.5,-87.3,100,,Category 3,204.76
AL051856,UNNAMED,1856-08-31T00:00:00+00:00,1856-08-30T18:09:24-05:50:36,1856-08-30,,HU,28.9,-86.6,90,,Category 2,99.5
AL051856,UNNAMED,1856-08-31T06:00:00+00:00,1856-08-31T00:09:24-05:50:36,1856-08-31,L,HU,30.2,-85.9,90,,Category 2,11.4
AL051856,UNNAMED,1856-08-31T12:00:00+00:00,1856-08-31T06:09:24-05:50:36,1856-08-31,,HU,31.1,-84.8,70,,Category 1,87.16
AL051856,UNNAMED,1856-08-31T18:00:00+00:00,1856-08-31T12:09:24-05:50:36,1856-08-31,,TS,32.2,-83.3,60,,Tropical Storm,202.95
AL051856,UNNAMED,1856-09-01T00:00:00+00:00,1856-08-31T18:09:24-05:50:36,1856-08-31,,TS,33.0,-81.6,50,,Tropical Storm,313.92
AL051856,UNNAMED,1856-09-01T06:00:00+00:00,1856-09-01T00:09:24-05:50:36,1856-09-01,,TS,34.0,-79.6,50,,Tropical Storm,447.64
AL021857,UNNAMED,1857-09-11T06:00:00+00:00,1857-09-11T00:09:24-05:50:36,1857-09-11,,HU,31.5,-77.7,90,,Category 2,485.76
AL021857,UNNAMED,1857-09-11T12:00:00+00:00,1857-09-11T06:09:24-05:50:36,1857-09-11,,HU,31.7,-78.0,90,,Category 2,470.85
AL021857,UNNAMED,1857-09-11T18:00:00+00:00,1857-09-11T12:09:24-05:50:36,1857-09-11,,HU,32.1,-78.2,90,,Category 2,465.74
AL021857,UNNAMED,1857-09-12T00:00:00+00:00,1857-09-11T18:09:24-05:50:36,1857-09-11,,HU,32.3,-78.2,90,,Category 2,469.52
AL021857,UNNAMED,1857-09-12T06:00:00+00:00,1857-09-12T00:09:24-05:50:36,1857-09-12,,HU,32.5,-78.3,90,,Category 2,468.14
AL021857,UNNAMED,1857-09-12T12:00:00+00:00,1857-09-12T06:09:24-05:50:36,1857-09-12,,HU,32.8,-78.3,90,,Category 2,475.14
AL021857,UNNAMED,1857-09-12T18:00:00+00:00,1857-09-12T12:09:24-05:50:36,1857-09-12,,HU,33.3,-78.3,90,961.0,Category 2,488.54
AL031858,UNNAMED,1858-09-14T00:00:00+00:00,1858-09-13T18:09:24-05:50:36,1858-09-13,,TS,25.2,-84.6,60,,Tropical Storm,347.23
AL031858,UNNAMED,1858-09-14T06:00:00+00:00,1858-09-14T00:09:24-05:50:36,1858-09-14,,TS,26.0,-83.9,60,,Tropical Storm,306.06
AL031858,UNNAMED,1858-09-14T12:00:00+00:00,1858-09-14T06:09:24-05:50:36,1858-09-14,,TS,26.9,-83.1,60,,Tropical Storm,274.11
AL031858,UNNAMED,1858-09-14T15:00:00+00:00,1858-09-14T09:09:24-05:50:36,1858-09-14,L,TS,27.6,-82.7,60,,Tropical Storm,253.06
AL031858,UNNAMED,1858-09-14T18:00:00+00:00,1858-09-14T12:09:24-05:50:36,1858-09-14,,TS,27.9,-82.0,50,,Tropical Storm,272.79
AL031858,UNNAMED,1858-09-15T00:00:00+00:00,1858-09-14T18:09:24-05:50:36,1858-09-14,,TS,28.9,-80.8,50,,Tropical Storm,308.25
AL031858,UNNAMED,1858-09-15T06:00:00+00:00,1858-09-15T00:09:24-05:50:36,1858-09-15,,TS,30.0,-79.6,60,,Tropical Storm,366.63
AL031858,UNNAMED,1858-09-15T12:00:00+00:00,1858-09-15T06:09:24-05:50:36,1858-09-15,,HU,31.2,-78.5,80,,Category 1,435.99
AL051859,UNNAMED,1859-09-15T00:00:00+00:00,1859-09-14T18:09:24-05:50:36,1859-09-14,,HU,28.0,-89.0,70,,Category 1,246.06
AL051859,UNNAMED,1859-09-15T06:00:00+00:00,1859-09-15T00:09:24-05:50:36,1859-09-15,,HU,28.5,-89.0,70,,Category 1,226.74
AL051859,UNNAMED,1859-09-15T12:00:00+00:00,1859-09-15T06:09:24-05:50:36,1859-09-15,,HU,29.0,-88.9,70,,Category 1,205.75
AL051859,UNNAMED,1859-09-15T18:00:00+00:00,1859-09-15T12:09:24-05:50:36,1859-09-15,,HU,29.6,-88.6,70,,Category 1,175.75
AL051859,UNNAMED,1859-09-16T00:00:00+00:00,1859-09-15T18:09:24-05:50:36,1859-09-15,L,HU,30.3,-88.1,70,,Category 1,142.02
AL051859,UNNAMED,1859-09-16T06:00:00+00:00,1859-09-16T00:09:24-05:50:36,1859-09-16,,TS,31.1,-87.5,50,,Tropical Storm,124.96
AL051859,UNNAMED,1859-09-16T12:00:00+00:00,1859-09-16T06:09:24-05:50:36,1859-09-16,,TS,32.0,-86.8,40,,Tropical Storm,144.2
AL051859,UNNAMED,1859-09-16T18:00:00+00:00,1859-09-16T12:09:24-05:50:36,1859-09-16,,TS,33.1,-84.8,40,,Tropical Storm,212.71
AL051859,UNNAMED,1859-09-17T00:00:00+00:00,1859-09-16T18:09:24-05:50:36,1859-09-16,,TS,34.3,-82.5,40,,Tropical Storm,344.71
AL071859,UNNAMED,1859-10-17T12:00:00+00:00,1859-10-17T06:09:24-05:50:36,1859-10-17,,TS,26.2,-79.5,60,,Tropical Storm,466.29
AL071859,UNNAMED,1859-10-17T16:00:00+00:00,1859-10-17T10:09:24-05:50:36,1859-10-17,L,TS,26.4,-80.1,60,,Tropical Storm,428.41
AL071859,UNNAMED,1859-10-17T18:00:00+00:00,1859-10-17T12:09:24-05:50:36,1859-10-17,,TS,26.5,-80.5,50,,Tropical Storm,404.8
AL071859,UNNAMED,1859-10-18T00:00:00+00:00,1859-10-17T18:09:24-05:50:36,1859-10-17,,TS,26.8,-81.3,40,,Tropical Storm,353.75
AL071859,UNNAMED,1859-10-18T06:00:00+00:00,1859-10-18T00:09:24-05:50:36,1859-10-18,,TS,27.2,-81.8,40,,Tropical Storm,312.39
AL081859,UNNAMED,1859-10-28T00:00:00+00:00,1859-10-27T18:09:24-05:50:36,1859-10-27,,HU,24.8,-88.7,80,,Category 1,410.46
AL081859,UNNAMED,1859-10-28T06:00:00+00:00,1859-10-28T00:09:24-05:50:36,1859-10-28,,HU,25.7,-87.1,80,,Category 1,316.96
AL081859,UNNAMED,1859-10-28T12:00:00+00:00,1859-10-28T06:09:24-05:50:36,1859-10-28,,HU,26.7,-85.0,80,,Category 1,240.76
AL081859,UNNAMED,1859-10-28T18:00:00+00:00,1859-10-28T12:09:24-05:50:36,1859-10-28,L,HU,27.7,-82.8,80,,Category 1,243.86
AL081859,UNNAMED,1859-10-29T00:00:00+00:00,1859-10-28T18:09:24-05:50:36,1859-10-28,,HU,29.2,-79.2,70,989.0,Category 1,397.17
AL011860,UNNAMED,1860-08-08T00:00:00+00:00,1860-08-07T18:09:24-05:50:36,1860-08-07,,TS,27.9,-84.1,40,,Tropical Storm,182.57
AL011860,UNNAMED,1860-08-08T06:00:00+00:00,1860-08-08T00:09:24-05:50:36,1860-08-08,,TS,27.8,-84.5,40,,Tropical Storm,177.01
AL011860,UNNAMED,1860-08-08T12:00:00+00:00,1860-08-08T06:09:24-05:50:36,1860-08-08,,TS,27.8,-84.8,50,,Tropical Storm,170.19
AL011860,UNNAMED,1860-08-08T18:00:00+00:00,1860-08-08T12:09:24-05:50:36,1860-08-08,,TS,27.7,-85.3,50,,Tropical Storm,169.56
AL011860,UNNAMED,1860-08-09T00:00:00+00:00,1860-08-08T18:09:24-05:50:36,1860-08-08,,TS,27.6,-85.9,60,,Tropical Storm,174.76
AL011860,UNNAMED,1860-08-09T06:00:00+00:00,1860-08-09T00:09:24-05:50:36,1860-08-09,,TS,27.5,-86.3,60,,Tropical Storm,184.62
AL011860,UNNAMED,1860-08-09T12:00:00+00:00,1860-08-09T06:09:24-05:50:36,1860-08-09,,HU,27.5,-86.8,70,,Category 1,192.59
AL011860,UNNAMED,1860-08-09T18:00:00+00:00,1860-08-09T12:09:24-05:50:36,1860-08-09,,HU,27.4,-87.5,70,,Category 1,216.65
AL011860,UNNAMED,1860-08-10T00:00:00+00:00,1860-08-09T18:09:24-05:50:36,1860-08-09,,HU,27.4,-88.0,80,,Category 1,233.12
AL011860,UNNAMED,1860-08-10T06:00:00+00:00,1860-08-10T00:09:24-05:50:36,1860-08-10,,HU,27.4,-88.5,80,,Category 1,252.16
AL011860,UNNAMED,1860-08-10T12:00:00+00:00,1860-08-10T06:09:24-05:50:36,1860-08-10,,HU,27.5,-89.0,90,,Category 2,268.46
AL011860,UNNAMED,1860-08-10T18:00:00+00:00,1860-08-10T12:09:24-05:50:36,1860-08-10,,HU,27.5,-89.5,90,,Category 2,291.49
AL011860,UNNAMED,1860-08-11T00:00:00+00:00,1860-08-10T18:09:24-05:50:36,1860-08-10,,HU,27.6,-89.9,100,,Category 3,306.73
AL011860,UNNAMED,1860-08-11T06:00:00+00:00,1860-08-11T00:09:24-05:50:36,1860-08-11,,HU,27.9,-90.1,100,,Category 3,305.5
AL011860,UNNAMED,1860-08-11T12:00:00+00:00,1860-08-11T06:09:24-05:50:36,1860-08-11,,HU,28.4,-90.3,110,,Category 3,300.11
AL011860,UNNAMED,1860-08-11T18:00:00+00:00,1860-08-11T12:09:24-05:50:36,1860-08-11,,HU,29.0,-90.1,110,,Category 3,273.87
AL011860,UNNAMED,1860-08-11T20:00:00+00:00,1860-08-11T14:09:24-05:50:36,1860-08-11,L,HU,29.2,-90.0,110,,Category 3,264.19
AL011860,UNNAMED,1860-08-12T00:00:00+00:00,1860-08-11T18:09:24-05:50:36,1860-08-11,,HU,29.7,-89.8,100,,Category 3,245.5
AL011860,UNNAMED,1860-08-12T06:00:00+00:00,1860-08-12T00:09:24-05:50:36,1860-08-12,,HU,30.5,-88.9,100,,Category 3,190.84
AL011860,UNNAMED,1860-08-12T12:00:00+00:00,1860-08-12T06:09:24-05:50:36,1860-08-12,,HU,31.0,-88.0,70,,Category 1,147.96
AL011860,UNNAMED,1860-08-12T18:00:00+00:00,1860-08-12T12:09:24-05:50:36,1860-08-12,,TS,31.3,-86.8,50,,Tropical Storm,103.1
AL011860,UNNAMED,1860-08-13T00:00:00+00:00,1860-08-12T18:09:24-05:50:36,1860-08-12,,TS,31.4,-85.6,40,,Tropical Storm,88.43
AL011860,UNNAMED,1860-08-13T06:00:00+00:00,1860-08-13T00:09:24-05:50:36,1860-08-13,,TS,31.5,-84.6,40,,Tropical Storm,116.28
AL011860,UNNAMED,1860-08-13T12:00:00+00:00,1860-08-13T06:09:24-05:50:36,1860-08-13,,TS,31.7,-83.6,40,,Tropical Storm,166.68
AL011860,UNNAMED,1860-08-13T18:00:00+00:00,1860-08-13T12:09:24-05:50:36,1860-08-13,,TS,31.8,-82.6,40,,Tropical Storm,218.58
AL011860,UNNAMED,1860-08-14T00:00:00+00:00,1860-08-13T18:09:24-05:50:36,1860-08-13,,TS,31.9,-81.6,40,,Tropical Storm,273.56
AL011860,UNNAMED,1860-08-14T06:00:00+00:00,1860-08-14T00:09:24-05:50:36,1860-08-14,,TS,32.0,-80.6,40,,Tropical Storm,330.06
AL011860,UNNAMED,1860-08-14T12:00:00+00:00,1860-08-14T06:09:24-05:50:36,1860-08-14,,TS,32.0,-79.6,50,,Tropical Storm,385.17
AL011860,UNNAMED,1860-08-14T18:00:00+00:00,1860-08-14T12:09:24-05:50:36,1860-08-14,,TS,32.0,-78.6,50,,Tropical Storm,441.33
AL011860,UNNAMED,1860-08-15T00:00:00+00:00,1860-08-14T18:09:24-05:50:36,1860-08-14,,TS,32.0,-77.6,50,,Tropical Storm,498.17
AL041860,UNNAMED,1860-09-11T00:00:00+00:00,1860-09-10T18:09:24-05:50:36,1860-09-10,,HU,25.1,-83.8,90,,Category 2,366.73
AL041860,UNNAMED,1860-09-11T06:00:00+00:00,1860-09-11T00:09:24-05:50:36,1860-09-11,,HU,25.2,-84.1,90,,Category 2,354.59
AL041860,UNNAMED,1860-09-11T12:00:00+00:00,1860-09-11T06:09:24-05:50:36,1860-09-11,,HU,25.2,-84.5,90,,Category 2,348.5
AL041860,UNNAMED,1860-09-11T18:00:00+00:00,1860-09-11T12:09:24-05:50:36,1860-09-11,,HU,25.2,-84.8,90,,Category 2,345.01
AL041860,UNNAMED,1860-09-12T00:00:00+00:00,1860-09-11T18:09:24-05:50:36,1860-09-11,,HU,25.2,-85.2,90,,Category 2,341.83
AL041860,UNNAMED,1860-09-12T06:00:00+00:00,1860-09-12T00:09:24-05:50:36,1860-09-12,,HU,25.3,-85.6,90,,Category 2,333.47
AL041860,UNNAMED,1860-09-12T12:00:00+00:00,1860-09-12T06:09:24-05:50:36,1860-09-12,,HU,25.4,-86.0,90,,Category 2,326.88
AL041860,UNNAMED,1860-09-12T18:00:00+00:00,1860-09-12T12:09:24-05:50:36,1860-09-12,,HU,25.5,-86.6,90,,Category 2,323.95
AL041860,UNNAMED,1860-09-13T00:00:00+00:00,1860-09-12T18:09:24-05:50:36,1860-09-12,,HU,25.6,-87.1,90,,Category 2,323.64
AL041860,UNNAMED,1860-09-13T06:00:00+00:00,1860-09-13T00:09:24-05:50:36,1860-09-13,,HU,25.7,-87.6,90,,Category 2,326.34
AL041860,UNNAMED,1860-09-13T12:00:00+00:00,1860-09-13T06:09:24-05:50:36,1860-09-13,,HU,25.9,-88.1,90,,Category 2,325.73
AL041860,UNNAMED,1860-09-13T18:00:00+00:00,1860-09-13T12:09:24-05:50:36,1860-09-13,,HU,26.2,-88.6,90,,Category 2,322.62
AL041860,UNNAMED,1860-09-14T00:00:00+00:00,1860-09-13T18:09:24-05:50:36,1860-09-13,,HU,26.7,-89.3,90,,Category 2,321.0
AL041860,UNNAMED,1860-09-14T06:00:00+00:00,1860-09-14T00:09:24-05:50:36,1860-09-14,,HU,27.2,-89.6,90,,Category 2,309.62
AL041860,UNNAMED,1860-09-14T12:00:00+00:00,1860-09-14T06:09:24-05:50:36,1860-09-14,,HU,27.7,-89.8,90,,Category 2,297.73
AL041860,UNNAMED,1860-09-14T18:00:00+00:00,1860-09-14T12:09:24-05:50:36,1860-09-14,,HU,28.3,-89.8,90,,Category 2,275.91
AL041860,UNNAMED,1860-09-15T00:00:00+00:00,1860-09-14T18:09:24-05:50:36,1860-09-14,,HU,28.9,-89.7,90,,Category 2,253.25
AL041860,UNNAMED,1860-09-15T04:00:00+00:00,1860-09-14T22:09:24-05:50:36,1860-09-14,L,HU,29.3,-89.6,90,,Category 2,239.11
AL041860,UNNAMED,1860-09-15T06:00:00+00:00,1860-09-15T00:09:24-05:50:36,1860-09-15,,HU,29.5,-89.6,90,,Category 2,235.98
AL041860,UNNAMED,1860-09-15T12:00:00+00:00,1860-09-15T06:09:24-05:50:36,1860-09-15,,HU,30.1,-89.4,90,,Category 2,219.35
AL041860,UNNAMED,1860-09-15T18:00:00+00:00,1860-09-15T12:09:24-05:50:36,1860-09-15,,HU,30.8,-89.1,70,,Category 1,206.04
AL041860,UNNAMED,1860-09-16T00:00:00+00:00,1860-09-15T18:09:24-05:50:36,1860-09-15,,TS,31.8,-88.6,50,,Tropical Storm,205.67
AL041860,UNNAMED,1860-09-16T06:00:00+00:00,1860-09-16T00:09:24-05:50:36,1860-09-16,,TS,33.0,-88.0,40,,Tropical Storm,239.4
AL061860,UNNAMED,1860-10-01T18:00:00+00:00,1860-10-01T12:09:24-05:50:36,1860-10-01,,HU,26.0,-92.1,80,,Category 1,481.58
AL061860,UNNAMED,1860-10-02T00:00:00+00:00,1860-10-01T18:09:24-05:50:36,1860-10-01,,HU,26.8,-92.0,80,,Category 1,444.65
AL061860,UNNAMED,1860-10-02T06:00:00+00:00,1860-10-02T00:09:24-05:50:36,1860-10-02,,HU,27.6,-91.9,90,,Category 2,412.01
AL061860,UNNAMED,1860-10-02T12:00:00+00:00,1860-10-02T06:09:24-05:50:36,1860-10-02,,HU,28.5,-91.6,90,,Category 2,370.99
AL061860,UNNAMED,1860-10-02T17:00:00+00:00,1860-10-02T11:09:24-05:50:36,1860-10-02,L,HU,29.5,-91.4,90,,Category 2,342.61
AL061860,UNNAMED,1860-10-02T18:00:00+00:00,1860-10-02T12:09:24-05:50:36,1860-10-02,,HU,29.7,-91.4,90,,Category 2,340.8
AL061860,UNNAMED,1860-10-03T00:00:00+00:00,1860-10-02T18:09:24-05:50:36,1860-10-02,,TS,31.2,-90.9,60,,Tropical Storm,316.08
AL061860,UNNAMED,1860-10-03T06:00:00+00:00,1860-10-03T00:09:24-05:50:36,1860-10-03,,TS,32.3,-90.5,50,,Tropical Storm,319.38
AL061860,UNNAMED,1860-10-03T12:00:00+00:00,1860-10-03T06:09:24-05:50:36,1860-10-03,,TS,33.5,-90.0,40,,Tropical Storm,342.32
AL061860,UNNAMED,1860-10-03T18:00:00+00:00,1860-10-03T12:09:24-05:50:36,1860-10-03,,TS,34.7,-89.1,40,,Tropical Storm,372.17
AL021861,UNNAMED,1861-08-16T00:00:00+00:00,1861-08-15T18:09:24-05:50:36,1861-08-15,,HU,24.2,-82.0,80,,Category 1,469.13
AL021861,UNNAMED,1861-08-16T06:00:00+00:00,1861-08-16T00:09:24-05:50:36,1861-08-16,,HU,24.6,-82.5,80,,Category 1,430.06
AL021861,UNNAMED,1861-08-16T12:00:00+00:00,1861-08-16T06:09:24-05:50:36,1861-08-16,,HU,25.0,-83.0,70,,Category 1,391.56
AL021861,UNNAMED,1861-08-16T18:00:00+00:00,1861-08-16T12:09:24-05:50:36,1861-08-16,,HU,25.4,-83.5,70,,Category 1,353.76
AL021861,UNNAMED,1861-08-17T00:00:00+00:00,1861-08-16T18:09:24-05:50:36,1861-08-16,,TS,25.8,-84.0,60,,Tropical Storm,316.92
AL021861,UNNAMED,1861-08-17T06:00:00+00:00,1861-08-17T00:09:24-05:50:36,1861-08-17,,TS,26.2,-84.5,60,,Tropical Storm,281.34
AL021861,UNNAMED,1861-08-17T12:00:00+00:00,1861-08-17T06:09:24-05:50:36,1861-08-17,,TS,26.6,-85.0,50,,Tropical Storm,247.56
AL021861,UNNAMED,1861-08-17T18:00:00+00:00,1861-08-17T12:09:24-05:50:36,1861-08-17,,TS,27.0,-85.6,50,,Tropical Storm,216.06
AL051861,UNNAMED,1861-09-27T12:00:00+00:00,1861-09-27T06:09:24-05:50:36,1861-09-27,,HU,31.7,-78.0,70,,Category 1,470.85
AL081861,UNNAMED,1861-11-01T06:00:00+00:00,1861-11-01T00:09:24-05:50:36,1861-11-01,,TS,25.5,-82.1,60,,Tropical Storm,388.94
AL081861,UNNAMED,1861-11-01T08:00:00+00:00,1861-11-01T02:09:24-05:50:36,1861-11-01,L,TS,26.0,-81.8,60,,Tropical Storm,372.28
AL081861,UNNAMED,1861-11-01T12:00:00+00:00,1861-11-01T06:09:24-05:50:36,1861-11-01,,TS,27.2,-81.1,50,,Tropical Storm,345.82
AL081861,UNNAMED,1861-11-01T18:00:00+00:00,1861-11-01T12:09:24-05:50:36,1861-11-01,,TS,29.2,-80.1,60,,Tropical Storm,343.97
AL081861,UNNAMED,1861-11-02T00:00:00+00:00,1861-11-01T18:09:24-05:50:36,1861-11-01,,HU,31.2,-78.6,70,,Category 1,430.14
AL061863,UNNAMED,1863-09-16T06:00:00+00:00,1863-09-16T00:09:24-05:50:36,1863-09-16,,TS,25.2,-79.9,40,,Tropical Storm,492.86
AL061863,UNNAMED,1863-09-16T12:00:00+00:00,1863-09-16T06:09:24-05:50:36,1863-09-16,,TS,25.7,-79.8,50,,Tropical Storm,473.73
AL061863,UNNAMED,1863-09-16T18:00:00+00:00,1863-09-16T12:09:24-05:50:36,1863-09-16,,TS,26.3,-79.6,50,,Tropical Storm,457.18
AL061863,UNNAMED,1863-09-17T00:00:00+00:00,1863-09-16T18:09:24-05:50:36,1863-09-16,,TS,27.0,-79.4,60,,Tropical Storm,440.54
AL061863,UNNAMED,1863-09-17T06:00:00+00:00,1863-09-17T00:09:24-05:50:36,1863-09-17,,TS,27.8,-79.3,60,,Tropical Storm,420.5
AL061863,UNNAMED,1863-09-17T12:00:00+00:00,1863-09-17T06:09:24-05:50:36,1863-09-17,,TS,28.8,-79.1,60,,Tropical Storm,409.15
AL061863,UNNAMED,1863-09-17T18:00:00+00:00,1863-09-17T12:09:24-05:50:36,1863-09-17,,TS,30.1,-78.9,60,,Tropical Storm,408.16
AL061863,UNNAMED,1863-09-18T00:00:00+00:00,1863-09-17T18:09:24-05:50:36,1863-09-17,,TS,31.5,-78.6,60,,Tropical Storm,433.54
AL061863,UNNAMED,1863-09-18T06:00:00+00:00,1863-09-18T00:09:24-05:50:36,1863-09-18,,TS,32.9,-78.0,60,,Tropical Storm,493.88
AL091863,UNNAMED,1863-09-30T00:00:00+00:00,1863-09-29T18:09:24-05:50:36,1863-09-29,,TS,29.8,-93.7,50,,Tropical Storm,477.51
AL091863,UNNAMED,1863-09-30T06:00:00+00:00,1863-09-30T00:09:24-05:50:36,1863-09-30,,TS,30.0,-93.1,50,,Tropical Storm,440.73
AL091863,UNNAMED,1863-09-30T12:00:00+00:00,1863-09-30T06:09:24-05:50:36,1863-09-30,,EX,30.1,-92.5,40,,Tropical Storm,404.58
AL091863,UNNAMED,1863-09-30T18:00:00+00:00,1863-09-30T12:09:24-05:50:36,1863-09-30,,EX,30.2,-91.9,40,,Tropical Storm,368.58
AL091863,UNNAMED,1863-10-01T00:00:00+00:00,1863-09-30T18:09:24-05:50:36,1863-09-30,,EX,30.3,-91.3,40,,Tropical Storm,332.76
AL091863,UNNAMED,1863-10-01T06:00:00+00:00,1863-10-01T00:09:24-05:50:36,1863-10-01,,EX,30.4,-90.7,40,,Tropical Storm,297.18
AL091863,UNNAMED,1863-10-01T12:00:00+00:00,1863-10-01T06:09:24-05:50:36,1863-10-01,,EX,30.5,-90.1,40,,Tropical Storm,261.93
AL091863,UNNAMED,1863-10-01T18:00:00+00:00,1863-10-01T12:09:24-05:50:36,1863-10-01,,EX,30.6,-89.5,40,,Tropical Storm,227.13
AL021864,UNNAMED,1864-07-25T12:00:00+00:00,1864-07-25T06:09:24-05:50:36,1864-07-25,,TS,24.0,-89.0,60,,Tropical Storm,468.51
AL031865,UNNAMED,1865-08-20T00:00:00+00:00,1865-08-19T18:09:24-05:50:36,1865-08-19,,TS,30.3,-78.3,50,,Tropical Storm,443.72
AL031865,UNNAMED,1865-08-20T06:00:00+00:00,1865-08-20T00:09:24-05:50:36,1865-08-20,,TS,30.6,-78.1,50,,Tropical Storm,455.97
AL031865,UNNAMED,1865-08-20T12:00:00+00:00,1865-08-20T06:09:24-05:50:36,1865-08-20,,TS,31.0,-77.9,50,,Tropical Storm,469.65
AL031865,UNNAMED,1865-08-20T18:00:00+00:00,1865-08-20T12:09:24-05:50:36,1865-08-20,,TS,31.4,-77.5,50,,Tropical Storm,496.38
AL051865,UNNAMED,1865-09-07T00:00:00+00:00,1865-09-06T18:09:24-05:50:36,1865-09-06,L,TS,29.7,-92.0,60,,Tropical Storm,376.6
AL041865,UNNAMED,1865-09-12T06:00:00+00:00,1865-09-12T00:09:24-05:50:36,1865-09-12,,HU,23.7,-89.4,90,,Category 2,498.09
AL041865,UNNAMED,1865-09-12T12:00:00+00:00,1865-09-12T06:09:24-05:50:36,1865-09-12,,HU,24.6,-90.4,90,,Category 2,477.2
AL041865,UNNAMED,1865-09-12T18:00:00+00:00,1865-09-12T12:09:24-05:50:36,1865-09-12,,HU,25.4,-91.1,90,,Category 2,462.87
AL041865,UNNAMED,1865-09-13T00:00:00+00:00,1865-09-12T18:09:24-05:50:36,1865-09-12,,HU,26.3,-91.8,90,,Category 2,454.21
AL041865,UNNAMED,1865-09-13T06:00:00+00:00,1865-09-13T00:09:24-05:50:36,1865-09-13,,HU,27.1,-92.4,90,,Category 2,455.25
AL041865,UNNAMED,1865-09-13T12:00:00+00:00,1865-09-13T06:09:24-05:50:36,1865-09-13,,HU,28.1,-92.9,90,,Category 2,454.76
AL041865,UNNAMED,1865-09-13T18:00:00+00:00,1865-09-13T12:09:24-05:50:36,1865-09-13,,HU,29.2,-93.3,90,,Category 2,458.88
AL041865,UNNAMED,1865-09-13T21:00:00+00:00,1865-09-13T15:09:24-05:50:36,1865-09-13,L,HU,29.8,-93.4,90,,Category 2,459.58
AL041865,UNNAMED,1865-09-14T00:00:00+00:00,1865-09-13T18:09:24-05:50:36,1865-09-13,,HU,30.4,-93.5,70,,Category 1,463.99
AL041865,UNNAMED,1865-09-14T06:00:00+00:00,1865-09-14T00:09:24-05:50:36,1865-09-14,,TS,31.6,-93.5,50,,Tropical Storm,471.86
AL041865,UNNAMED,1865-09-14T12:00:00+00:00,1865-09-14T06:09:24-05:50:36,1865-09-14,,TS,32.8,-93.3,40,,Tropical Storm,482.75
AL071865,UNNAMED,1865-10-23T06:00:00+00:00,1865-10-23T00:09:24-05:50:36,1865-10-23,,HU,23.8,-82.1,90,,Category 2,490.78
AL071865,UNNAMED,1865-10-23T10:00:00+00:00,1865-10-23T04:09:24-05:50:36,1865-10-23,L,HU,24.6,-81.7,90,,Category 2,454.74
AL071865,UNNAMED,1865-10-23T12:00:00+00:00,1865-10-23T06:09:24-05:50:36,1865-10-23,,HU,25.0,-81.4,90,,Category 2,442.31
AL071865,UNNAMED,1865-10-23T14:00:00+00:00,1865-10-23T08:09:24-05:50:36,1865-10-23,L,HU,25.4,-81.1,90,,Category 2,432.0
AL071865,UNNAMED,1865-10-23T18:00:00+00:00,1865-10-23T12:09:24-05:50:36,1865-10-23,,HU,26.5,-80.2,80,,Category 1,419.28
AL071865,UNNAMED,1865-10-24T00:00:00+00:00,1865-10-23T18:09:24-05:50:36,1865-10-23,,HU,28.2,-78.8,80,,Category 1,438.67
AL011866,UNNAMED,1866-07-11T12:00:00+00:00,1866-07-11T06:09:24-05:50:36,1866-07-11,,HU,28.0,-87.3,90,,Category 2,174.77
AL011866,UNNAMED,1866-07-11T18:00:00+00:00,1866-07-11T12:09:24-05:50:36,1866-07-11,,HU,28.0,-87.8,90,,Category 2,192.83
AL011866,UNNAMED,1866-07-12T00:00:00+00:00,1866-07-11T18:09:24-05:50:36,1866-07-11,,HU,28.0,-88.3,90,,Category 2,213.64
AL011866,UNNAMED,1866-07-12T06:00:00+00:00,1866-07-12T00:09:24-05:50:36,1866-07-12,,HU,28.0,-88.8,90,,Category 2,236.48
AL011866,UNNAMED,1866-07-12T12:00:00+00:00,1866-07-12T06:09:24-05:50:36,1866-07-12,,HU,28.1,-89.3,90,,Category 2,256.91
AL011866,UNNAMED,1866-07-12T18:00:00+00:00,1866-07-12T12:09:24-05:50:36,1866-07-12,,HU,28.1,-89.9,90,,Category 2,287.96
AL011866,UNNAMED,1866-07-13T00:00:00+00:00,1866-07-12T18:09:24-05:50:36,1866-07-12,,HU,28.1,-90.5,90,,Category 2,320.09
AL011866,UNNAMED,1866-07-13T06:00:00+00:00,1866-07-13T00:09:24-05:50:36,1866-07-13,,HU,28.1,-91.1,90,,Category 2,353.01
AL011866,UNNAMED,1866-07-13T12:00:00+00:00,1866-07-13T06:09:24-05:50:36,1866-07-13,,HU,28.2,-91.7,90,,Category 2,383.91
AL011866,UNNAMED,1866-07-13T18:00:00+00:00,1866-07-13T12:09:24-05:50:36,1866-07-13,,HU,28.2,-92.3,90,,Category 2,418.04
AL011866,UNNAMED,1866-07-14T00:00:00+00:00,1866-07-13T18:09:24-05:50:36,1866-07-13,,HU,28.2,-92.9,90,,Category 2,452.49
AL011866,UNNAMED,1866-07-14T06:00:00+00:00,1866-07-14T00:09:24-05:50:36,1866-07-14,,HU,28.2,-93.5,90,,Category 2,487.18
AL011867,UNNAMED,1867-06-21T12:00:00+00:00,1867-06-21T06:09:24-05:50:36,1867-06-21,,TS,29.5,-80.0,50,,Tropical Storm,346.18
AL011867,UNNAMED,1867-06-21T18:00:00+00:00,1867-06-21T12:09:24-05:50:36,1867-06-21,,TS,30.3,-80.1,60,,Tropical Storm,336.34
AL011867,UNNAMED,1867-06-22T00:00:00+00:00,1867-06-21T18:09:24-05:50:36,1867-06-21,,TS,31.1,-80.0,60,,Tropical Storm,347.28
AL011867,UNNAMED,1867-06-22T06:00:00+00:00,1867-06-22T00:09:24-05:50:36,1867-06-22,,HU,31.8,-79.9,70,,Category 1,364.23
AL011867,UNNAMED,1867-06-22T12:00:00+00:00,1867-06-22T06:09:24-05:50:36,1867-06-22,,HU,32.5,-79.8,70,,Category 1,386.51
AL011867,UNNAMED,1867-06-22T14:00:00+00:00,1867-06-22T08:09:24-05:50:36,1867-06-22,L,HU,32.9,-79.7,70,,Category 1,403.53
AL011867,UNNAMED,1867-06-22T18:00:00+00:00,1867-06-22T12:09:24-05:50:36,1867-06-22,,TS,33.2,-79.6,60,,Tropical Storm,418.33
AL011867,UNNAMED,1867-06-23T00:00:00+00:00,1867-06-22T18:09:24-05:50:36,1867-06-22,,TS,33.9,-79.4,50,,Tropical Storm,453.23
AL011867,UNNAMED,1867-06-23T06:00:00+00:00,1867-06-23T00:09:24-05:50:36,1867-06-23,,TS,34.5,-79.2,40,,Tropical Storm,486.39
AL071867,UNNAMED,1867-10-04T00:00:00+00:00,1867-10-03T18:09:24-05:50:36,1867-10-03,,HU,29.0,-93.6,90,,Category 2,479.22
AL071867,UNNAMED,1867-10-04T06:00:00+00:00,1867-10-04T00:09:24-05:50:36,1867-10-04,,HU,29.1,-92.5,90,,Category 2,412.72
AL071867,UNNAMED,1867-10-04T12:00:00+00:00,1867-10-04T06:09:24-05:50:36,1867-10-04,,HU,29.1,-91.5,90,,Category 2,353.72
AL071867,UNNAMED,1867-10-04T15:00:00+00:00,1867-10-04T09:09:24-05:50:36,1867-10-04,L,HU,29.2,-91.0,90,,Category 2,322.76
AL071867,UNNAMED,1867-10-04T18:00:00+00:00,1867-10-04T12:09:24-05:50:36,1867-10-04,,HU,29.2,-90.6,90,,Category 2,299.27
AL071867,UNNAMED,1867-10-05T00:00:00+00:00,1867-10-04T18:09:24-05:50:36,1867-10-04,,HU,29.2,-89.6,90,,Category 2,240.97
AL071867,UNNAMED,1867-10-05T06:00:00+00:00,1867-10-05T00:09:24-05:50:36,1867-10-05,,HU,29.2,-88.8,90,,Category 2,195.08
AL071867,UNNAMED,1867-10-05T12:00:00+00:00,1867-10-05T06:09:24-05:50:36,1867-10-05,,HU,29.3,-87.8,80,,Category 1,136.67
AL071867,UNNAMED,1867-10-05T18:00:00+00:00,1867-10-05T12:09:24-05:50:36,1867-10-05,,HU,29.3,-86.8,80,,Category 1,85.86
AL071867,UNNAMED,1867-10-06T00:00:00+00:00,1867-10-05T18:09:24-05:50:36,1867-10-05,,HU,29.4,-85.8,80,,Category 1,50.27
AL071867,UNNAMED,1867-10-06T06:00:00+00:00,1867-10-06T00:09:24-05:50:36,1867-10-06,,HU,29.4,-84.8,80,,Category 1,74.97
AL071867,UNNAMED,1867-10-06T12:00:00+00:00,1867-10-06T06:09:24-05:50:36,1867-10-06,,HU,29.5,-84.0,70,,Category 1,112.34
AL071867,UNNAMED,1867-10-06T15:00:00+00:00,1867-10-06T09:09:24-05:50:36,1867-10-06,L,HU,29.6,-83.4,70,,Category 1,144.24
AL071867,UNNAMED,1867-10-06T18:00:00+00:00,1867-10-06T12:09:24-05:50:36,1867-10-06,,TS,29.6,-83.1,60,,Tropical Storm,161.7
AL071867,UNNAMED,1867-10-07T00:00:00+00:00,1867-10-06T18:09:24-05:50:36,1867-10-06,,TS,29.8,-82.5,50,,Tropical Storm,194.64
AL071867,UNNAMED,1867-10-07T06:00:00+00:00,1867-10-07T00:09:24-05:50:36,1867-10-07,,TS,30.1,-81.8,40,,Tropical Storm,234.89
AL071867,UNNAMED,1867-10-07T12:00:00+00:00,1867-10-07T06:09:24-05:50:36,1867-10-07,,TS,30.5,-81.0,40,,Tropical Storm,283.3
AL071867,UNNAMED,1867-10-07T18:00:00+00:00,1867-10-07T12:09:24-05:50:36,1867-10-07,,TS,31.0,-80.0,40,,Tropical Storm,346.18
AL071867,UNNAMED,1867-10-08T00:00:00+00:00,1867-10-07T18:09:24-05:50:36,1867-10-07,,TS,31.6,-78.9,50,,Tropical Storm,417.63
AL021868,UNNAMED,1868-10-02T12:00:00+00:00,1868-10-02T06:09:24-05:50:36,1868-10-02,,TS,27.1,-93.0,60,,Tropical Storm,487.84
AL021868,UNNAMED,1868-10-02T18:00:00+00:00,1868-10-02T12:09:24-05:50:36,1868-10-02,,TS,27.5,-92.6,60,,Tropical Storm,453.62
AL021868,UNNAMED,1868-10-03T00:00:00+00:00,1868-10-02T18:09:24-05:50:36,1868-10-02,,TS,27.8,-92.1,60,,Tropical Storm,417.16
AL021868,UNNAMED,1868-10-03T06:00:00+00:00,1868-10-03T00:09:24-05:50:36,1868-10-03,,TS,28.0,-91.6,60,,Tropical Storm,383.64
AL021868,UNNAMED,1868-10-03T12:00:00+00:00,1868-10-03T06:09:24-05:50:36,1868-10-03,,TS,28.2,-91.0,60,,Tropical Storm,344.61
AL021868,UNNAMED,1868-10-03T18:00:00+00:00,1868-10-03T12:09:24-05:50:36,1868-10-03,,TS,28.6,-90.4,60,,Tropical Storm,300.27
AL021868,UNNAMED,1868-10-04T00:00:00+00:00,1868-10-03T18:09:24-05:50:36,1868-10-03,,TS,28.9,-89.4,60,,Tropical Storm,236.33
AL021868,UNNAMED,1868-10-04T06:00:00+00:00,1868-10-04T00:09:24-05:50:36,1868-10-04,,TS,29.2,-88.3,60,,Tropical Storm,167.01
AL021868,UNNAMED,1868-10-04T12:00:00+00:00,1868-10-04T06:09:24-05:50:36,1868-10-04,,TS,29.5,-87.0,60,,Tropical Storm,87.53
AL021868,UNNAMED,1868-10-04T16:00:00+00:00,1868-10-04T10:09:24-05:50:36,1868-10-04,L,TS,29.9,-85.4,60,,Tropical Storm,25.13
AL021868,UNNAMED,1868-10-04T18:00:00+00:00,1868-10-04T12:09:24-05:50:36,1868-10-04,,TS,30.2,-84.6,50,,Tropical Storm,67.7
AL021868,UNNAMED,1868-10-05T00:00:00+00:00,1868-10-04T18:09:24-05:50:36,1868-10-04,,TS,31.0,-82.3,40,,Tropical Storm,212.82
AL021868,UNNAMED,1868-10-05T06:00:00+00:00,1868-10-05T00:09:24-05:50:36,1868-10-05,,TS,32.2,-79.6,40,,Tropical Storm,389.67
AL021869,UNNAMED,1869-08-16T00:00:00+00:00,1869-08-15T18:09:24-05:50:36,1869-08-15,,HU,27.0,-91.6,90,,Category 2,416.45
AL021869,UNNAMED,1869-08-16T06:00:00+00:00,1869-08-16T00:09:24-05:50:36,1869-08-16,,HU,27.2,-92.6,90,,Category 2,462.82
AL051869,UNNAMED,1869-09-04T00:00:00+00:00,1869-09-03T18:09:24-05:50:36,1869-09-03,,HU,26.2,-88.4,70,,Category 1,316.19
AL051869,UNNAMED,1869-09-04T06:00:00+00:00,1869-09-04T00:09:24-05:50:36,1869-09-04,,HU,26.7,-88.6,70,,Category 1,293.94
AL051869,UNNAMED,1869-09-04T12:00:00+00:00,1869-09-04T06:09:24-05:50:36,1869-09-04,,HU,27.2,-88.8,70,,Category 1,274.72
AL051869,UNNAMED,1869-09-04T18:00:00+00:00,1869-09-04T12:09:24-05:50:36,1869-09-04,,HU,27.8,-89.1,70,,Category 1,259.41
AL051869,UNNAMED,1869-09-05T00:00:00+00:00,1869-09-04T18:09:24-05:50:36,1869-09-04,,HU,28.3,-89.5,70,,Category 1,259.95
AL051869,UNNAMED,1869-09-05T06:00:00+00:00,1869-09-05T00:09:24-05:50:36,1869-09-05,,HU,28.7,-89.6,70,,Category 1,252.86
AL051869,UNNAMED,1869-09-05T12:00:00+00:00,1869-09-05T06:09:24-05:50:36,1869-09-05,L,HU,29.2,-90.0,70,,Category 1,264.19
AL051869,UNNAMED,1869-09-05T18:00:00+00:00,1869-09-05T12:09:24-05:50:36,1869-09-05,,TS,29.7,-90.3,50,,Tropical Storm,275.25
AL051869,UNNAMED,1869-09-06T00:00:00+00:00,1869-09-05T18:09:24-05:50:36,1869-09-05,,TS,30.2,-90.6,40,,Tropical Storm,290.95
AL011870,UNNAMED,1870-07-30T18:00:00+00:00,1870-07-30T12:09:24-05:50:36,1870-07-30,L,HU,30.5,-88.0,70,,Category 1,137.85
AL061870,UNNAMED,1870-10-09T00:00:00+00:00,1870-10-08T18:09:24-05:50:36,1870-10-08,,HU,23.9,-81.8,90,,Category 2,493.36
AL061870,UNNAMED,1870-10-09T06:00:00+00:00,1870-10-09T00:09:24-05:50:36,1870-10-09,,HU,24.1,-81.6,90,,Category 2,487.54
AL061870,UNNAMED,1870-10-09T12:00:00+00:00,1870-10-09T06:09:24-05:50:36,1870-10-09,,HU,24.2,-81.4,90,,Category 2,488.18
AL061870,UNNAMED,1870-10-09T18:00:00+00:00,1870-10-09T12:09:24-05:50:36,1870-10-09,,HU,24.4,-81.1,90,,Category 2,487.03
AL061870,UNNAMED,1870-10-10T00:00:00+00:00,1870-10-09T18:09:24-05:50:36,1870-10-09,,HU,24.5,-81.0,90,,Category 2,485.01
AL061870,UNNAMED,1870-10-10T06:00:00+00:00,1870-10-10T00:09:24-05:50:36,1870-10-10,,HU,24.6,-80.8,90,,Category 2,486.93
AL061870,UNNAMED,1870-10-10T12:00:00+00:00,1870-10-10T06:09:24-05:50:36,1870-10-10,,HU,24.7,-80.6,90,,Category 2,489.24
AL061870,UNNAMED,1870-10-10T18:00:00+00:00,1870-10-10T12:09:24-05:50:36,1870-10-10,,HU,24.9,-80.3,90,,Category 2,490.81
AL061870,UNNAMED,1870-10-11T00:00:00+00:00,1870-10-10T18:09:24-05:50:36,1870-10-10,,HU,25.1,-80.0,90,,Category 2,493.4
AL061870,UNNAMED,1870-10-11T06:00:00+00:00,1870-10-11T00:09:24-05:50:36,1870-10-11,,HU,25.2,-79.8,90,,Category 2,497.3
AL061870,UNNAMED,1870-10-11T12:00:00+00:00,1870-10-11T06:09:24-05:50:36,1870-10-11,,HU,25.5,-79.5,90,,Category 2,496.88
AL091870,UNNAMED,1870-10-20T12:00:00+00:00,1870-10-20T06:09:24-05:50:36,1870-10-20,,HU,24.3,-83.1,80,,Category 1,433.65
AL091870,UNNAMED,1870-10-20T14:00:00+00:00,1870-10-20T08:09:24-05:50:36,1870-10-20,L,HU,24.7,-82.8,80,,Category 1,415.63
AL091870,UNNAMED,1870-10-20T18:00:00+00:00,1870-10-20T12:09:24-05:50:36,1870-10-20,,HU,25.5,-82.3,80,,Category 1,382.11
AL091870,UNNAMED,1870-10-20T20:00:00+00:00,1870-10-20T14:09:24-05:50:36,1870-10-20,L,HU,26.0,-81.8,80,,Category 1,372.28
AL091870,UNNAMED,1870-10-21T00:00:00+00:00,1870-10-20T18:09:24-05:50:36,1870-10-20,,HU,26.7,-81.1,70,,Category 1,367.58
AL091870,UNNAMED,1870-10-21T06:00:00+00:00,1870-10-21T00:09:24-05:50:36,1870-10-21,,TS,27.9,-79.7,60,,Tropical Storm,395.38
AL091870,UNNAMED,1870-10-21T12:00:00+00:00,1870-10-21T06:09:24-05:50:36,1870-10-21,,HU,29.1,-78.1,70,,Category 1,463.67
AL111870,UNNAMED,1870-11-03T06:00:00+00:00,1870-11-03T00:09:24-05:50:36,1870-11-03,,TS,23.0,-85.6,60,,Tropical Storm,492.36
AL111870,UNNAMED,1870-11-03T12:00:00+00:00,1870-11-03T06:09:24-05:50:36,1870-11-03,,HU,23.7,-85.0,70,,Category 1,446.19
AL111870,UNNAMED,1870-11-03T18:00:00+00:00,1870-11-03T12:09:24-05:50:36,1870-11-03,,HU,24.2,-84.0,70,,Category 1,422.95
AL011871,UNNAMED,1871-06-01T06:00:00+00:00,1871-06-01T00:09:24-05:50:36,1871-06-01,,TS,24.1,-82.1,40,,Tropical Storm,472.28
AL011871,UNNAMED,1871-06-01T12:00:00+00:00,1871-06-01T06:09:24-05:50:36,1871-06-01,,TS,24.2,-83.6,40,,Tropical Storm,429.78
AL011871,UNNAMED,1871-06-01T18:00:00+00:00,1871-06-01T12:09:24-05:50:36,1871-06-01,,TS,24.7,-84.6,40,,Tropical Storm,381.18
AL011871,UNNAMED,1871-06-02T00:00:00+00:00,1871-06-01T18:09:24-05:50:36,1871-06-01,,TS,25.2,-85.4,50,,Tropical Storm,340.88
AL011871,UNNAMED,1871-06-02T06:00:00+00:00,1871-06-02T00:09:24-05:50:36,1871-06-02,,TS,25.8,-86.1,50,,Tropical Storm,299.68
AL011871,UNNAMED,1871-06-02T12:00:00+00:00,1871-06-02T06:09:24-05:50:36,1871-06-02,,TS,26.1,-87.3,50,,Tropical Storm,294.09
AL011871,UNNAMED,1871-06-02T18:00:00+00:00,1871-06-02T12:09:24-05:50:36,1871-06-02,,TS,26.5,-88.6,50,,Tropical Storm,305.27
AL011871,UNNAMED,1871-06-03T00:00:00+00:00,1871-06-02T18:09:24-05:50:36,1871-06-02,,TS,26.8,-89.8,50,,Tropical Storm,337.43
AL011871,UNNAMED,1871-06-03T06:00:00+00:00,1871-06-03T00:09:24-05:50:36,1871-06-03,,TS,27.0,-91.1,50,,Tropical Storm,390.83
AL011871,UNNAMED,1871-06-03T12:00:00+00:00,1871-06-03T06:09:24-05:50:36,1871-06-03,,TS,27.3,-92.4,50,,Tropical Storm,448.73
AL011871,UNNAMED,1871-06-03T18:00:00+00:00,1871-06-03T12:09:24-05:50:36,1871-06-03,,TS,27.7,-93.3,50,,Tropical Storm,487.41
AL031871,UNNAMED,1871-08-16T00:00:00+00:00,1871-08-15T18:09:24-05:50:36,1871-08-15,,HU,26.8,-78.5,100,952.0,Category 3,495.46
AL031871,UNNAMED,1871-08-16T06:00:00+00:00,1871-08-16T00:09:24-05:50:36,1871-08-16,,HU,26.8,-79.1,100,955.0,Category 3,463.5
AL031871,UNNAMED,1871-08-16T12:00:00+00:00,1871-08-16T06:09:24-05:50:36,1871-08-16,,HU,26.8,-79.5,100,,Category 3,442.58
AL031871,UNNAMED,1871-08-16T18:00:00+00:00,1871-08-16T12:09:24-05:50:36,1871-08-16,,HU,26.9,-79.8,100,,Category 3,423.3
AL031871,UNNAMED,1871-08-17T00:00:00+00:00,1871-08-16T18:09:24-05:50:36,1871-08-16,,HU,27.0,-80.1,100,,Category 3,404.07
AL031871,UNNAMED,1871-08-17T02:00:00+00:00,1871-08-16T20:09:24-05:50:36,1871-08-16,L,HU,27.1,-80.2,100,,Category 3,395.13
AL031871,UNNAMED,1871-08-17T06:00:00+00:00,1871-08-17T00:09:24-05:50:36,1871-08-17,,HU,27.2,-80.5,90,,Category 2,375.93
AL031871,UNNAMED,1871-08-17T12:00:00+00:00,1871-08-17T06:09:24-05:50:36,1871-08-17,,HU,27.6,-81.1,80,,Category 1,329.99
AL031871,UNNAMED,1871-08-17T18:00:00+00:00,1871-08-17T12:09:24-05:50:36,1871-08-17,,HU,28.3,-81.7,70,,Category 1,273.77
AL031871,UNNAMED,1871-08-18T00:00:00+00:00,1871-08-17T18:09:24-05:50:36,1871-08-17,,HU,29.0,-82.1,70,,Category 1,231.58
AL031871,UNNAMED,1871-08-18T06:00:00+00:00,1871-08-18T00:09:24-05:50:36,1871-08-18,,TS,29.7,-82.5,60,,Tropical Storm,195.65
AL031871,UNNAMED,1871-08-18T12:00:00+00:00,1871-08-18T06:09:24-05:50:36,1871-08-18,,TS,30.4,-82.3,60,,Tropical Storm,205.57
AL031871,UNNAMED,1871-08-18T18:00:00+00:00,1871-08-18T12:09:24-05:50:36,1871-08-18,,TS,30.8,-81.9,50,,Tropical Storm,232.8
AL031871,UNNAMED,1871-08-19T00:00:00+00:00,1871-08-18T18:09:24-05:50:36,1871-08-18,,TS,31.3,-81.4,50,,Tropical Storm,269.7
AL031871,UNNAMED,1871-08-19T06:00:00+00:00,1871-08-19T00:09:24-05:50:36,1871-08-19,,TS,31.8,-80.8,60,,Tropical Storm,314.14
AL031871,UNNAMED,1871-08-19T12:00:00+00:00,1871-08-19T06:09:24-05:50:36,1871-08-19,,TS,32.1,-80.2,60,,Tropical Storm,354.38
AL031871,UNNAMED,1871-08-19T18:00:00+00:00,1871-08-19T12:09:24-05:50:36,1871-08-19,,TS,32.3,-79.6,60,,Tropical Storm,392.09
AL031871,UNNAMED,1871-08-20T00:00:00+00:00,1871-08-19T18:09:24-05:50:36,1871-08-19,,TS,32.5,-78.8,60,,Tropical Storm,440.64
AL031871,UNNAMED,1871-08-22T00:00:00+00:00,1871-08-21T18:09:24-05:50:36,1871-08-21,,TS,31.1,-78.0,60,,Tropical Storm,464.47
AL031871,UNNAMED,1871-08-22T06:00:00+00:00,1871-08-22T00:09:24-05:50:36,1871-08-22,,TS,31.0,-78.6,60,,Tropical Storm,428.4
AL031871,UNNAMED,1871-08-22T12:00:00+00:00,1871-08-22T06:09:24-05:50:36,1871-08-22,,TS,31.0,-79.5,60,,Tropical Storm,375.5
AL031871,UNNAMED,1871-08-22T18:00:00+00:00,1871-08-22T12:09:24-05:50:36,1871-08-22,,TS,31.1,-80.4,60,,Tropical Storm,323.99
AL031871,UNNAMED,1871-08-23T00:00:00+00:00,1871-08-22T18:09:24-05:50:36,1871-08-22,L,TS,31.2,-81.4,60,,Tropical Storm,267.83
AL031871,UNNAMED,1871-08-23T06:00:00+00:00,1871-08-23T00:09:24-05:50:36,1871-08-23,,TS,31.3,-82.4,50,,Tropical Storm,213.81
AL031871,UNNAMED,1871-08-23T12:00:00+00:00,1871-08-23T06:09:24-05:50:36,1871-08-23,,TS,31.4,-83.5,40,,Tropical Storm,159.02
AL031871,UNNAMED,1871-08-23T18:00:00+00:00,1871-08-23T12:09:24-05:50:36,1871-08-23,,TD,31.4,-84.5,30,,Tropical Depression,114.42
AL041871,UNNAMED,1871-08-25T00:00:00+00:00,1871-08-24T18:09:24-05:50:36,1871-08-24,,HU,27.0,-79.5,90,,Category 2,435.26
AL041871,UNNAMED,1871-08-25T05:00:00+00:00,1871-08-24T23:09:24-05:50:36,1871-08-24,L,HU,27.1,-80.3,90,,Category 2,389.99
AL041871,UNNAMED,1871-08-25T06:00:00+00:00,1871-08-25T00:09:24-05:50:36,1871-08-25,,HU,27.7,-80.5,90,,Category 2,357.89
AL041871,UNNAMED,1871-08-25T12:00:00+00:00,1871-08-25T06:09:24-05:50:36,1871-08-25,,HU,28.3,-81.3,70,,Category 1,295.38
AL041871,UNNAMED,1871-08-25T18:00:00+00:00,1871-08-25T12:09:24-05:50:36,1871-08-25,,TS,28.9,-82.2,50,,Tropical Storm,228.49
AL041871,UNNAMED,1871-08-26T00:00:00+00:00,1871-08-25T18:09:24-05:50:36,1871-08-25,,TS,29.4,-83.1,40,,Tropical Storm,165.5
AL041871,UNNAMED,1871-08-26T06:00:00+00:00,1871-08-26T00:09:24-05:50:36,1871-08-26,,TS,29.9,-83.8,40,,Tropical Storm,116.51
AL041871,UNNAMED,1871-08-26T12:00:00+00:00,1871-08-26T06:09:24-05:50:36,1871-08-26,,TS,30.5,-84.3,40,,Tropical Storm,89.14
AL041871,UNNAMED,1871-08-26T18:00:00+00:00,1871-08-26T12:09:24-05:50:36,1871-08-26,,TS,30.9,-84.5,40,,Tropical Storm,90.71
AL041871,UNNAMED,1871-08-27T00:00:00+00:00,1871-08-26T18:09:24-05:50:36,1871-08-26,,TD,31.3,-84.5,30,,Tropical Depression,109.22
AL041871,UNNAMED,1871-08-27T06:00:00+00:00,1871-08-27T00:09:24-05:50:36,1871-08-27,,TD,31.7,-84.4,30,,Tropical Depression,134.38
AL041871,UNNAMED,1871-08-27T12:00:00+00:00,1871-08-27T06:09:24-05:50:36,1871-08-27,,TD,32.0,-84.0,30,,Tropical Depression,165.12
AL041871,UNNAMED,1871-08-27T18:00:00+00:00,1871-08-27T12:09:24-05:50:36,1871-08-27,,TD,32.1,-83.5,30,,Tropical Depression,189.79
AL041871,UNNAMED,1871-08-28T00:00:00+00:00,1871-08-27T18:09:24-05:50:36,1871-08-27,,TD,32.2,-83.0,30,,Tropical Depression,215.87
AL041871,UNNAMED,1871-08-28T06:00:00+00:00,1871-08-28T00:09:24-05:50:36,1871-08-28,,TD,32.2,-82.5,30,,Tropical Depression,238.77
AL041871,UNNAMED,1871-08-28T12:00:00+00:00,1871-08-28T06:09:24-05:50:36,1871-08-28,,TD,32.3,-82.1,30,,Tropical Depression,261.88
AL041871,UNNAMED,1871-08-28T18:00:00+00:00,1871-08-28T12:09:24-05:50:36,1871-08-28,,TD,32.4,-81.0,30,,Tropical Depression,320.49
AL041871,UNNAMED,1871-08-29T00:00:00+00:00,1871-08-28T18:09:24-05:50:36,1871-08-28,,TS,32.5,-79.9,40,,Tropical Storm,381.18
AL041871,UNNAMED,1871-08-29T06:00:00+00:00,1871-08-29T00:09:24-05:50:36,1871-08-29,,TS,32.7,-78.6,40,,Tropical Storm,456.39
AL061871,UNNAMED,1871-09-05T00:00:00+00:00,1871-09-04T18:09:24-05:50:36,1871-09-04,,HU,26.0,-90.1,70,,Category 1,390.07
AL061871,UNNAMED,1871-09-05T06:00:00+00:00,1871-09-05T00:09:24-05:50:36,1871-09-05,,HU,26.5,-89.0,70,,Category 1,319.8
AL061871,UNNAMED,1871-09-05T12:00:00+00:00,1871-09-05T06:09:24-05:50:36,1871-09-05,,HU,27.0,-87.6,70,,Category 1,243.91
AL061871,UNNAMED,1871-09-05T18:00:00+00:00,1871-09-05T12:09:24-05:50:36,1871-09-05,,HU,27.5,-86.1,70,,Category 1,182.75
AL061871,UNNAMED,1871-09-06T00:00:00+00:00,1871-09-05T18:09:24-05:50:36,1871-09-05,,HU,28.1,-84.9,70,,Category 1,148.61
AL061871,UNNAMED,1871-09-06T06:00:00+00:00,1871-09-06T00:09:24-05:50:36,1871-09-06,,HU,28.6,-84.1,70,,Category 1,144.0
AL061871,UNNAMED,1871-09-06T12:00:00+00:00,1871-09-06T06:09:24-05:50:36,1871-09-06,,HU,29.0,-83.3,70,,Category 1,165.43
AL061871,UNNAMED,1871-09-06T14:00:00+00:00,1871-09-06T08:09:24-05:50:36,1871-09-06,L,HU,29.2,-83.0,70,,Category 1,175.92
AL061871,UNNAMED,1871-09-06T18:00:00+00:00,1871-09-06T12:09:24-05:50:36,1871-09-06,,TS,29.6,-82.5,50,,Tropical Storm,196.9
AL061871,UNNAMED,1871-09-07T00:00:00+00:00,1871-09-06T18:09:24-05:50:36,1871-09-06,,TS,30.2,-81.8,50,,Tropical Storm,234.82
AL061871,UNNAMED,1871-09-07T06:00:00+00:00,1871-09-07T00:09:24-05:50:36,1871-09-07,,TS,30.7,-81.1,50,,Tropical Storm,278.71
AL061871,UNNAMED,1871-09-07T12:00:00+00:00,1871-09-07T06:09:24-05:50:36,1871-09-07,,TS,31.3,-80.3,60,,Tropical Storm,332.57
AL061871,UNNAMED,1871-09-07T18:00:00+00:00,1871-09-07T12:09:24-05:50:36,1871-09-07,,TS,31.7,-79.3,60,,Tropical Storm,396.32
AL061871,UNNAMED,1871-09-08T00:00:00+00:00,1871-09-07T18:09:24-05:50:36,1871-09-07,,TS,31.9,-78.3,60,,Tropical Storm,456.64
AL071871,UNNAMED,1871-10-03T00:00:00+00:00,1871-10-02T18:09:24-05:50:36,1871-10-02,,HU,27.9,-93.1,70,,Category 1,470.99
AL071871,UNNAMED,1871-10-03T06:00:00+00:00,1871-10-03T00:09:24-05:50:36,1871-10-03,,HU,28.0,-92.3,70,,Category 1,422.99
AL071871,UNNAMED,1871-10-03T12:00:00+00:00,1871-10-03T06:09:24-05:50:36,1871-10-03,,HU,28.1,-91.6,70,,Category 1,380.9
AL071871,UNNAMED,1871-10-03T18:00:00+00:00,1871-10-03T12:09:24-05:50:36,1871-10-03,,HU,28.3,-90.8,70,,Category 1,330.69
AL071871,UNNAMED,1871-10-04T00:00:00+00:00,1871-10-03T18:09:24-05:50:36,1871-10-03,,HU,28.4,-90.1,70,,Category 1,289.09
AL071871,UNNAMED,1871-10-04T06:00:00+00:00,1871-10-04T00:09:24-05:50:36,1871-10-04,,HU,28.5,-89.3,70,,Category 1,242.6
AL071871,UNNAMED,1871-10-04T12:00:00+00:00,1871-10-04T06:09:24-05:50:36,1871-10-04,,HU,28.7,-88.6,70,,Category 1,198.82
AL071871,UNNAMED,1871-10-04T18:00:00+00:00,1871-10-04T12:09:24-05:50:36,1871-10-04,,HU,28.9,-87.5,70,,Category 1,135.98
AL071871,UNNAMED,1871-10-05T00:00:00+00:00,1871-10-04T18:09:24-05:50:36,1871-10-04,,TS,29.1,-86.5,60,,Tropical Storm,84.59
AL071871,UNNAMED,1871-10-05T06:00:00+00:00,1871-10-05T00:09:24-05:50:36,1871-10-05,,TS,29.4,-85.3,60,,Tropical Storm,56.34
AL071871,UNNAMED,1871-10-05T12:00:00+00:00,1871-10-05T06:09:24-05:50:36,1871-10-05,,TS,29.8,-84.4,60,,Tropical Storm,82.72
AL071871,UNNAMED,1871-10-05T16:00:00+00:00,1871-10-05T10:09:24-05:50:36,1871-10-05,L,TS,30.0,-83.9,60,,Tropical Storm,109.77
AL071871,UNNAMED,1871-10-05T18:00:00+00:00,1871-10-05T12:09:24-05:50:36,1871-10-05,,TS,30.2,-83.6,50,,Tropical Storm,127.35
AL071871,UNNAMED,1871-10-06T00:00:00+00:00,1871-10-05T18:09:24-05:50:36,1871-10-05,,TS,30.8,-83.1,40,,Tropical Storm,163.42
AL071871,UNNAMED,1871-10-06T06:00:00+00:00,1871-10-06T00:09:24-05:50:36,1871-10-06,,TS,31.3,-82.6,40,,Tropical Storm,202.87
AL071871,UNNAMED,1871-10-06T12:00:00+00:00,1871-10-06T06:09:24-05:50:36,1871-10-06,,TS,31.8,-82.1,40,,Tropical Storm,244.21
AL071871,UNNAMED,1871-10-06T18:00:00+00:00,1871-10-06T12:09:24-05:50:36,1871-10-06,,TS,32.2,-80.8,40,,Tropical Storm,324.78
AL071871,UNNAMED,1871-10-07T00:00:00+00:00,1871-10-06T18:09:24-05:50:36,1871-10-06,,TS,32.9,-79.3,40,,Tropical Storm,424.4
AL011872,UNNAMED,1872-07-09T18:00:00+00:00,1872-07-09T12:09:24-05:50:36,1872-07-09,,TS,25.1,-91.2,40,,Tropical Storm,482.23
AL011872,UNNAMED,1872-07-10T00:00:00+00:00,1872-07-09T18:09:24-05:50:36,1872-07-09,,TS,25.7,-90.8,50,,Tropical Storm,434.97
AL011872,UNNAMED,1872-07-10T06:00:00+00:00,1872-07-10T00:09:24-05:50:36,1872-07-10,,TS,26.3,-90.4,50,,Tropical Storm,388.1
AL011872,UNNAMED,1872-07-10T12:00:00+00:00,1872-07-10T06:09:24-05:50:36,1872-07-10,,TS,27.0,-90.0,50,,Tropical Storm,337.23
AL011872,UNNAMED,1872-07-10T18:00:00+00:00,1872-07-10T12:09:24-05:50:36,1872-07-10,,TS,27.7,-89.6,50,,Tropical Storm,287.82
AL011872,UNNAMED,1872-07-11T00:00:00+00:00,1872-07-10T18:09:24-05:50:36,1872-07-10,,TS,28.4,-89.3,50,,Tropical Storm,245.97
AL011872,UNNAMED,1872-07-11T05:00:00+00:00,1872-07-10T23:09:24-05:50:36,1872-07-10,L,TS,29.1,-89.1,50,,Tropical Storm,214.45
AL011872,UNNAMED,1872-07-11T06:00:00+00:00,1872-07-11T00:09:24-05:50:36,1872-07-11,,TS,29.2,-89.1,50,,Tropical Storm,212.17
AL011872,UNNAMED,1872-07-11T08:00:00+00:00,1872-07-11T02:09:24-05:50:36,1872-07-11,L,TS,30.2,-89.0,50,,Tropical Storm,195.41
AL011872,UNNAMED,1872-07-11T12:00:00+00:00,1872-07-11T06:09:24-05:50:36,1872-07-11,,TS,30.0,-89.0,50,,Tropical Storm,195.73
AL011872,UNNAMED,1872-07-11T18:00:00+00:00,1872-07-11T12:09:24-05:50:36,1872-07-11,,TS,30.5,-89.0,50,,Tropical Storm,196.75
AL011872,UNNAMED,1872-07-12T00:00:00+00:00,1872-07-11T18:09:24-05:50:36,1872-07-11,,TS,30.9,-89.0,40,,Tropical Storm,201.87
AL011872,UNNAMED,1872-07-12T06:00:00+00:00,1872-07-12T00:09:24-05:50:36,1872-07-12,,TS,31.3,-89.1,40,,Tropical Storm,216.01
AL011872,UNNAMED,1872-07-12T12:00:00+00:00,1872-07-12T06:09:24-05:50:36,1872-07-12,,TS,31.6,-89.3,40,,Tropical Storm,234.97
AL011872,UNNAMED,1872-07-12T18:00:00+00:00,1872-07-12T12:09:24-05:50:36,1872-07-12,,TS,32.0,-89.5,40,,Tropical Storm,257.99
AL011872,UNNAMED,1872-07-13T00:00:00+00:00,1872-07-12T18:09:24-05:50:36,1872-07-12,,TD,32.5,-89.5,30,,Tropical Depression,276.46
AL011872,UNNAMED,1872-07-13T06:00:00+00:00,1872-07-13T00:09:24-05:50:36,1872-07-13,,TD,33.0,-89.4,30,,Tropical Depression,293.46
AL011872,UNNAMED,1872-07-13T12:00:00+00:00,1872-07-13T06:09:24-05:50:36,1872-07-13,,TD,33.5,-89.0,30,,Tropical Depression,302.02
AL011872,UNNAMED,1872-07-13T18:00:00+00:00,1872-07-13T12:09:24-05:50:36,1872-07-13,,TD,34.2,-88.5,30,,Tropical Depression,324.8
AL051872,UNNAMED,1872-10-22T06:00:00+00:00,1872-10-22T00:09:24-05:50:36,1872-10-22,,TS,24.0,-88.3,40,,Tropical Storm,451.73
AL051872,UNNAMED,1872-10-22T12:00:00+00:00,1872-10-22T06:09:24-05:50:36,1872-10-22,,TS,24.7,-87.3,40,,Tropical Storm,386.99
AL051872,UNNAMED,1872-10-22T18:00:00+00:00,1872-10-22T12:09:24-05:50:36,1872-10-22,,TS,25.7,-86.2,40,,Tropical Storm,307.08
AL051872,UNNAMED,1872-10-23T00:00:00+00:00,1872-10-22T18:09:24-05:50:36,1872-10-22,,TS,26.7,-84.8,50,,Tropical Storm,243.3
AL051872,UNNAMED,1872-10-23T06:00:00+00:00,1872-10-23T00:09:24-05:50:36,1872-10-23,,TS,27.6,-83.3,50,,Tropical Storm,228.15
AL051872,UNNAMED,1872-10-23T08:00:00+00:00,1872-10-23T02:09:24-05:50:36,1872-10-23,L,TS,27.9,-82.7,50,,Tropical Storm,239.05
AL051872,UNNAMED,1872-10-23T12:00:00+00:00,1872-10-23T06:09:24-05:50:36,1872-10-23,,TS,28.4,-81.8,40,,Tropical Storm,265.15
AL051872,UNNAMED,1872-10-23T18:00:00+00:00,1872-10-23T12:09:24-05:50:36,1872-10-23,,TS,29.0,-80.3,40,,Tropical Storm,335.43
AL051872,UNNAMED,1872-10-24T00:00:00+00:00,1872-10-23T18:09:24-05:50:36,1872-10-23,,TS,30.0,-79.0,50,,Tropical Storm,402.48
AL051872,UNNAMED,1872-10-24T06:00:00+00:00,1872-10-24T00:09:24-05:50:36,1872-10-24,,TS,31.3,-78.5,60,,Tropical Storm,437.0
AL051872,UNNAMED,1872-10-24T12:00:00+00:00,1872-10-24T06:09:24-05:50:36,1872-10-24,,HU,32.6,-78.2,70,,Category 1,475.88
AL011873,UNNAMED,1873-06-01T18:00:00+00:00,1873-06-01T12:09:24-05:50:36,1873-06-01,,TS,26.9,-78.5,40,,Tropical Storm,492.12
AL011873,UNNAMED,1873-06-02T00:00:00+00:00,1873-06-01T18:09:24-05:50:36,1873-06-01,,TS,28.6,-78.6,40,,Tropical Storm,442.0
AL011873,UNNAMED,1873-06-02T06:00:00+00:00,1873-06-02T00:09:24-05:50:36,1873-06-02,,TS,30.1,-79.9,40,,Tropical Storm,348.42
AL011873,UNNAMED,1873-06-02T11:00:00+00:00,1873-06-02T05:09:24-05:50:36,1873-06-02,L,TS,30.8,-81.4,40,,Tropical Storm,262.04
AL011873,UNNAMED,1873-06-02T12:00:00+00:00,1873-06-02T06:09:24-05:50:36,1873-06-02,,TS,31.0,-81.8,40,,Tropical Storm,241.49
AL011873,UNNAMED,1873-06-02T18:00:00+00:00,1873-06-02T12:09:24-05:50:36,1873-06-02,,TD,31.7,-83.8,30,,Tropical Depression,157.89
AL031873,UNNAMED,1873-09-18T12:00:00+00:00,1873-09-18T06:09:24-05:50:36,1873-09-18,,HU,24.5,-89.6,70,,Category 1,455.42
AL031873,UNNAMED,1873-09-18T18:00:00+00:00,1873-09-18T12:09:24-05:50:36,1873-09-18,,HU,25.7,-88.9,70,,Category 1,361.8
AL031873,UNNAMED,1873-09-19T00:00:00+00:00,1873-09-18T18:09:24-05:50:36,1873-09-18,,HU,26.8,-87.8,70,,Category 1,261.88
AL031873,UNNAMED,1873-09-19T06:00:00+00:00,1873-09-19T00:09:24-05:50:36,1873-09-19,,HU,27.9,-86.6,70,,Category 1,162.47
AL031873,UNNAMED,1873-09-19T12:00:00+00:00,1873-09-19T06:09:24-05:50:36,1873-09-19,,HU,29.1,-85.1,70,,Category 1,80.3
AL031873,UNNAMED,1873-09-19T15:00:00+00:00,1873-09-19T09:09:24-05:50:36,1873-09-19,L,HU,29.9,-84.4,70,,Category 1,81.08
AL031873,UNNAMED,1873-09-19T18:00:00+00:00,1873-09-19T12:09:24-05:50:36,1873-09-19,,TS,30.7,-83.4,60,,Tropical Storm,144.41
AL031873,UNNAMED,1873-09-20T00:00:00+00:00,1873-09-19T18:09:24-05:50:36,1873-09-19,,TS,32.5,-80.6,50,,Tropical Storm,344.36
AL041873,UNNAMED,1873-09-22T06:00:00+00:00,1873-09-22T00:09:24-05:50:36,1873-09-22,,TS,23.2,-86.0,40,,Tropical Storm,478.76
AL041873,UNNAMED,1873-09-22T12:00:00+00:00,1873-09-22T06:09:24-05:50:36,1873-09-22,,TS,24.2,-85.5,40,,Tropical Storm,409.62
AL041873,UNNAMED,1873-09-22T18:00:00+00:00,1873-09-22T12:09:24-05:50:36,1873-09-22,,TS,25.0,-85.0,40,,Tropical Storm,356.91
AL041873,UNNAMED,1873-09-23T00:00:00+00:00,1873-09-22T18:09:24-05:50:36,1873-09-22,,TS,26.0,-84.1,50,,Tropical Storm,301.83
AL041873,UNNAMED,1873-09-23T06:00:00+00:00,1873-09-23T00:09:24-05:50:36,1873-09-23,,TS,27.0,-83.4,50,,Tropical Storm,258.07
AL041873,UNNAMED,1873-09-23T10:00:00+00:00,1873-09-23T04:09:24-05:50:36,1873-09-23,L,TS,27.8,-82.8,50,,Tropical Storm,239.1
AL041873,UNNAMED,1873-09-23T12:00:00+00:00,1873-09-23T06:09:24-05:50:36,1873-09-23,,TS,28.1,-82.6,50,,Tropical Storm,235.09
AL041873,UNNAMED,1873-09-23T18:00:00+00:00,1873-09-23T12:09:24-05:50:36,1873-09-23,,TS,29.3,-81.3,40,,Tropical Storm,271.86
AL041873,UNNAMED,1873-09-24T00:00:00+00:00,1873-09-23T18:09:24-05:50:36,1873-09-23,,TS,31.1,-79.0,40,,Tropical Storm,405.75
AL051873,UNNAMED,1873-10-06T06:00:00+00:00,1873-10-06T00:09:24-05:50:36,1873-10-06,,HU,23.0,-85.9,90,,Category 2,492.4
AL051873,UNNAMED,1873-10-06T12:00:00+00:00,1873-10-06T06:09:24-05:50:36,1873-10-06,,HU,23.7,-85.5,100,,Category 3,444.15
AL051873,UNNAMED,1873-10-06T18:00:00+00:00,1873-10-06T12:09:24-05:50:36,1873-10-06,,HU,24.7,-84.1,100,,Category 3,387.92
AL051873,UNNAMED,1873-10-07T00:00:00+00:00,1873-10-06T18:09:24-05:50:36,1873-10-06,,HU,26.2,-82.5,100,959.0,Category 3,335.0
AL051873,UNNAMED,1873-10-07T01:00:00+00:00,1873-10-06T19:09:24-05:50:36,1873-10-06,L,HU,26.5,-82.2,100,959.0,Category 3,329.86
AL051873,UNNAMED,1873-10-07T06:00:00+00:00,1873-10-07T00:09:24-05:50:36,1873-10-07,,HU,28.1,-80.3,80,,Category 1,356.34
AL051873,UNNAMED,1873-10-07T12:00:00+00:00,1873-10-07T06:09:24-05:50:36,1873-10-07,,HU,29.7,-78.6,80,,Category 1,427.95
AL011874,UNNAMED,1874-07-02T00:00:00+00:00,1874-07-01T18:09:24-05:50:36,1874-07-01,,TS,25.8,-85.1,40,,Tropical Storm,301.29
AL011874,UNNAMED,1874-07-02T06:00:00+00:00,1874-07-02T00:09:24-05:50:36,1874-07-02,,TS,26.2,-85.9,40,,Tropical Storm,271.39
AL011874,UNNAMED,1874-07-02T12:00:00+00:00,1874-07-02T06:09:24-05:50:36,1874-07-02,,TS,26.7,-86.6,40,,Tropical Storm,242.48
AL011874,UNNAMED,1874-07-02T18:00:00+00:00,1874-07-02T12:09:24-05:50:36,1874-07-02,,TS,27.1,-87.4,40,,Tropical Storm,232.25
AL011874,UNNAMED,1874-07-03T00:00:00+00:00,1874-07-02T18:09:24-05:50:36,1874-07-02,,TS,27.4,-88.3,50,,Tropical Storm,244.27
AL011874,UNNAMED,1874-07-03T06:00:00+00:00,1874-07-03T00:09:24-05:50:36,1874-07-03,,TS,27.7,-89.1,50,,Tropical Storm,263.82
AL011874,UNNAMED,1874-07-03T12:00:00+00:00,1874-07-03T06:09:24-05:50:36,1874-07-03,,TS,27.8,-90.1,50,,Tropical Storm,309.14
AL011874,UNNAMED,1874-07-03T18:00:00+00:00,1874-07-03T12:09:24-05:50:36,1874-07-03,,TS,27.9,-91.3,50,,Tropical Storm,369.94
AL011874,UNNAMED,1874-07-04T00:00:00+00:00,1874-07-03T18:09:24-05:50:36,1874-07-03,,TS,27.9,-92.5,50,,Tropical Storm,436.9
AL061874,UNNAMED,1874-09-27T00:00:00+00:00,1874-09-26T18:09:24-05:50:36,1874-09-26,,TS,23.2,-88.0,50,,Tropical Storm,498.54
AL061874,UNNAMED,1874-09-27T06:00:00+00:00,1874-09-27T00:09:24-05:50:36,1874-09-27,,TS,24.2,-87.5,50,,Tropical Storm,423.57
AL061874,UNNAMED,1874-09-27T12:00:00+00:00,1874-09-27T06:09:24-05:50:36,1874-09-27,,TS,25.2,-86.5,60,,Tropical Storm,343.53
AL061874,UNNAMED,1874-09-27T18:00:00+00:00,1874-09-27T12:09:24-05:50:36,1874-09-27,,TS,26.8,-85.1,60,,Tropical Storm,232.9
AL061874,UNNAMED,1874-09-28T00:00:00+00:00,1874-09-27T18:09:24-05:50:36,1874-09-27,,HU,28.2,-83.6,70,,Category 1,184.94
AL061874,UNNAMED,1874-09-28T03:00:00+00:00,1874-09-27T21:09:24-05:50:36,1874-09-27,L,HU,29.1,-82.9,70,,Category 1,184.15
AL061874,UNNAMED,1874-09-28T06:00:00+00:00,1874-09-28T00:09:24-05:50:36,1874-09-28,,TS,29.8,-82.3,60,,Tropical Storm,206.53
AL061874,UNNAMED,1874-09-28T12:00:00+00:00,1874-09-28T06:09:24-05:50:36,1874-09-28,,HU,31.4,-81.0,70,,Category 1,294.29
AL061874,UNNAMED,1874-09-28T18:00:00+00:00,1874-09-28T12:09:24-05:50:36,1874-09-28,L,HU,32.8,-80.0,80,981.0,Category 1,384.88
AL061874,UNNAMED,1874-09-29T00:00:00+00:00,1874-09-28T18:09:24-05:50:36,1874-09-28,,HU,34.0,-79.0,70,,Category 1,476.23
AL031875,UNNAMED,1875-09-14T12:00:00+00:00,1875-09-14T06:09:24-05:50:36,1875-09-14,,HU,24.0,-83.9,70,,Category 1,437.9
AL031875,UNNAMED,1875-09-14T18:00:00+00:00,1875-09-14T12:09:24-05:50:36,1875-09-14,,HU,24.7,-85.4,80,,Category 1,375.38
AL031875,UNNAMED,1875-09-15T00:00:00+00:00,1875-09-14T18:09:24-05:50:36,1875-09-14,,HU,25.8,-87.1,80,,Category 1,310.29
AL031875,UNNAMED,1875-09-15T06:00:00+00:00,1875-09-15T00:09:24-05:50:36,1875-09-15,,HU,26.3,-89.1,80,,Category 1,334.53
AL031875,UNNAMED,1875-09-15T12:00:00+00:00,1875-09-15T06:09:24-05:50:36,1875-09-15,,HU,26.6,-90.5,90,,Category 2,378.64
AL031875,UNNAMED,1875-09-15T18:00:00+00:00,1875-09-15T12:09:24-05:50:36,1875-09-15,,HU,26.8,-92.0,90,,Category 2,444.65
AL031875,UNNAMED,1875-09-18T06:00:00+00:00,1875-09-18T00:09:24-05:50:36,1875-09-18,,TS,30.6,-93.5,40,,Tropical Storm,464.29
AL031875,UNNAMED,1875-09-18T12:00:00+00:00,1875-09-18T06:09:24-05:50:36,1875-09-18,,TD,31.0,-91.8,30,,Tropical Depression,366.11
AL031875,UNNAMED,1875-09-18T18:00:00+00:00,1875-09-18T12:09:24-05:50:36,1875-09-18,,TD,31.5,-90.0,30,,Tropical Depression,270.58
AL041875,UNNAMED,1875-09-25T12:00:00+00:00,1875-09-25T06:09:24-05:50:36,1875-09-25,,TS,27.7,-93.3,50,,Tropical Storm,487.41
AL041875,UNNAMED,1875-09-25T18:00:00+00:00,1875-09-25T12:09:24-05:50:36,1875-09-25,,TS,28.0,-92.1,50,,Tropical Storm,411.69
AL041875,UNNAMED,1875-09-26T00:00:00+00:00,1875-09-25T18:09:24-05:50:36,1875-09-25,,TS,28.2,-91.1,50,,Tropical Storm,350.18
AL041875,UNNAMED,1875-09-26T06:00:00+00:00,1875-09-26T00:09:24-05:50:36,1875-09-26,,TS,28.5,-90.1,50,,Tropical Storm,286.19
AL041875,UNNAMED,1875-09-26T12:00:00+00:00,1875-09-26T06:09:24-05:50:36,1875-09-26,,TS,28.8,-89.0,50,,Tropical Storm,216.96
AL041875,UNNAMED,1875-09-26T18:00:00+00:00,1875-09-26T12:09:24-05:50:36,1875-09-26,,TS,29.0,-88.1,50,,Tropical Storm,162.26
AL041875,UNNAMED,1875-09-27T00:00:00+00:00,1875-09-26T18:09:24-05:50:36,1875-09-26,,TS,29.3,-87.3,50,,Tropical Storm,110.11
AL041875,UNNAMED,1875-09-27T06:00:00+00:00,1875-09-27T00:09:24-05:50:36,1875-09-27,,TS,29.7,-86.6,50,,Tropical Storm,59.81
AL041875,UNNAMED,1875-09-27T12:00:00+00:00,1875-09-27T06:09:24-05:50:36,1875-09-27,,TS,30.0,-85.9,50,,Tropical Storm,13.34
AL041875,UNNAMED,1875-09-27T13:00:00+00:00,1875-09-27T07:09:24-05:50:36,1875-09-27,L,TS,30.1,-85.7,50,,Tropical Storm,2.49
AL041875,UNNAMED,1875-09-27T18:00:00+00:00,1875-09-27T12:09:24-05:50:36,1875-09-27,,TS,30.5,-85.0,40,,Tropical Storm,50.67
AL041875,UNNAMED,1875-09-28T00:00:00+00:00,1875-09-27T18:09:24-05:50:36,1875-09-27,,TD,31.0,-84.0,30,,Tropical Depression,119.37
AL021876,UNNAMED,1876-09-16T18:00:00+00:00,1876-09-16T12:09:24-05:50:36,1876-09-16,,TS,26.6,-79.4,60,,Tropical Storm,455.32
AL021876,UNNAMED,1876-09-17T00:00:00+00:00,1876-09-16T18:09:24-05:50:36,1876-09-16,,HU,28.8,-78.6,70,,Category 1,438.5
AL021876,UNNAMED,1876-09-17T06:00:00+00:00,1876-09-17T00:09:24-05:50:36,1876-09-17,,HU,31.4,-78.3,70,,Category 1,449.74
AL051876,UNNAMED,1876-10-19T18:00:00+00:00,1876-10-19T12:09:24-05:50:36,1876-10-19,,HU,23.6,-82.3,90,,Category 2,497.86
AL051876,UNNAMED,1876-10-20T00:00:00+00:00,1876-10-19T18:09:24-05:50:36,1876-10-19,,HU,24.7,-81.9,90,973.0,Category 2,442.27
AL051876,UNNAMED,1876-10-20T05:00:00+00:00,1876-10-19T23:09:24-05:50:36,1876-10-19,L,HU,25.8,-81.4,90,973.0,Category 2,398.82
AL051876,UNNAMED,1876-10-20T06:00:00+00:00,1876-10-20T00:09:24-05:50:36,1876-10-20,,HU,26.0,-81.3,90,,Category 2,392.58
AL051876,UNNAMED,1876-10-20T12:00:00+00:00,1876-10-20T06:09:24-05:50:36,1876-10-20,,HU,27.5,-80.5,80,,Category 1,364.82
AL051876,UNNAMED,1876-10-20T18:00:00+00:00,1876-10-20T12:09:24-05:50:36,1876-10-20,,HU,28.8,-79.6,80,976.0,Category 1,379.91
AL051876,UNNAMED,1876-10-21T00:00:00+00:00,1876-10-20T18:09:24-05:50:36,1876-10-20,,HU,30.0,-78.8,80,,Category 1,414.43
AL051876,UNNAMED,1876-10-21T06:00:00+00:00,1876-10-21T00:09:24-05:50:36,1876-10-21,,HU,31.0,-77.9,80,,Category 1,469.65
AL021877,UNNAMED,1877-09-17T18:00:00+00:00,1877-09-17T12:09:24-05:50:36,1877-09-17,,HU,28.7,-93.8,70,,Category 1,495.47
AL021877,UNNAMED,1877-09-18T00:00:00+00:00,1877-09-17T18:09:24-05:50:36,1877-09-17,,HU,28.8,-93.3,70,,Category 1,464.41
AL021877,UNNAMED,1877-09-18T06:00:00+00:00,1877-09-18T00:09:24-05:50:36,1877-09-18,,HU,28.9,-92.5,70,,Category 1,415.7
AL021877,UNNAMED,1877-09-18T12:00:00+00:00,1877-09-18T06:09:24-05:50:36,1877-09-18,,HU,29.0,-91.6,70,,Category 1,361.19
AL021877,UNNAMED,1877-09-18T16:00:00+00:00,1877-09-18T10:09:24-05:50:36,1877-09-18,L,HU,29.2,-91.0,70,,Category 1,322.76
AL021877,UNNAMED,1877-09-18T18:00:00+00:00,1877-09-18T12:09:24-05:50:36,1877-09-18,,HU,29.3,-90.6,70,,Category 1,297.73
AL021877,UNNAMED,1877-09-19T00:00:00+00:00,1877-09-18T18:09:24-05:50:36,1877-09-18,,HU,29.5,-89.8,70,,Category 1,247.77
AL021877,UNNAMED,1877-09-19T06:00:00+00:00,1877-09-19T00:09:24-05:50:36,1877-09-19,,HU,29.7,-89.0,70,,Category 1,198.02
AL021877,UNNAMED,1877-09-19T12:00:00+00:00,1877-09-19T06:09:24-05:50:36,1877-09-19,,HU,30.0,-88.0,70,,Category 1,136.02
AL021877,UNNAMED,1877-09-19T18:00:00+00:00,1877-09-19T12:09:24-05:50:36,1877-09-19,,HU,30.3,-86.9,70,,Category 1,70.9
AL021877,UNNAMED,1877-09-19T20:00:00+00:00,1877-09-19T14:09:24-05:50:36,1877-09-19,L,HU,30.4,-86.6,70,,Category 1,55.29
AL021877,UNNAMED,1877-09-20T00:00:00+00:00,1877-09-19T18:09:24-05:50:36,1877-09-19,,TS,30.6,-85.9,60,,Tropical Storm,34.35
AL021877,UNNAMED,1877-09-20T06:00:00+00:00,1877-09-20T00:09:24-05:50:36,1877-09-20,,TS,30.8,-84.6,50,,Tropical Storm,81.88
AL021877,UNNAMED,1877-09-20T12:00:00+00:00,1877-09-20T06:09:24-05:50:36,1877-09-20,,TS,31.0,-83.6,40,,Tropical Storm,140.4
AL021877,UNNAMED,1877-09-20T18:00:00+00:00,1877-09-20T12:09:24-05:50:36,1877-09-20,,TS,31.1,-82.4,40,,Tropical Storm,209.15
AL021877,UNNAMED,1877-09-21T00:00:00+00:00,1877-09-20T18:09:24-05:50:36,1877-09-20,,TS,31.2,-81.1,40,,Tropical Storm,285.0
AL021877,UNNAMED,1877-09-21T06:00:00+00:00,1877-09-21T00:09:24-05:50:36,1877-09-21,,TS,31.3,-80.0,40,,Tropical Storm,349.88
AL021877,UNNAMED,1877-09-21T12:00:00+00:00,1877-09-21T06:09:24-05:50:36,1877-09-21,,TS,31.3,-78.6,40,,Tropical Storm,431.16
AL051877,UNNAMED,1877-09-27T06:00:00+00:00,1877-09-27T00:09:24-05:50:36,1877-09-27,,TS,27.3,-78.3,40,,Tropical Storm,490.58
AL051877,UNNAMED,1877-09-27T12:00:00+00:00,1877-09-27T06:09:24-05:50:36,1877-09-27,,TS,28.0,-78.4,40,,Tropical Storm,466.29
AL051877,UNNAMED,1877-09-27T18:00:00+00:00,1877-09-27T12:09:24-05:50:36,1877-09-27,,TS,29.2,-78.5,40,,Tropical Storm,438.68
AL051877,UNNAMED,1877-09-28T00:00:00+00:00,1877-09-27T18:09:24-05:50:36,1877-09-27,,TS,30.1,-78.4,50,,Tropical Storm,438.03
AL051877,UNNAMED,1877-09-28T06:00:00+00:00,1877-09-28T00:09:24-05:50:36,1877-09-28,,TS,31.4,-78.1,50,,Tropical Storm,461.39
AL041877,UNNAMED,1877-09-30T06:00:00+00:00,1877-09-30T00:09:24-05:50:36,1877-09-30,,HU,23.4,-87.3,70,,Category 1,474.62
AL041877,UNNAMED,1877-09-30T12:00:00+00:00,1877-09-30T06:09:24-05:50:36,1877-09-30,,HU,23.9,-87.5,70,,Category 1,443.67
AL041877,UNNAMED,1877-09-30T18:00:00+00:00,1877-09-30T12:09:24-05:50:36,1877-09-30,,HU,24.4,-87.7,70,,Category 1,413.62
AL041877,UNNAMED,1877-10-01T00:00:00+00:00,1877-09-30T18:09:24-05:50:36,1877-09-30,,HU,24.9,-87.8,80,,Category 1,382.62
AL041877,UNNAMED,1877-10-01T06:00:00+00:00,1877-10-01T00:09:24-05:50:36,1877-10-01,,HU,25.4,-87.8,80,,Category 1,350.12
AL041877,UNNAMED,1877-10-01T12:00:00+00:00,1877-10-01T06:09:24-05:50:36,1877-10-01,,HU,26.0,-87.7,80,,Category 1,309.27
AL041877,UNNAMED,1877-10-01T18:00:00+00:00,1877-10-01T12:09:24-05:50:36,1877-10-01,,HU,26.5,-87.6,80,,Category 1,275.07
AL041877,UNNAMED,1877-10-02T00:00:00+00:00,1877-10-01T18:09:24-05:50:36,1877-10-01,,HU,27.1,-87.5,90,,Category 2,234.96
AL041877,UNNAMED,1877-10-02T06:00:00+00:00,1877-10-02T00:09:24-05:50:36,1877-10-02,,HU,27.5,-87.3,90,,Category 2,204.76
AL041877,UNNAMED,1877-10-02T12:00:00+00:00,1877-10-02T06:09:24-05:50:36,1877-10-02,,HU,28.0,-87.0,90,,Category 2,165.65
AL041877,UNNAMED,1877-10-02T18:00:00+00:00,1877-10-02T12:09:24-05:50:36,1877-10-02,,HU,28.8,-86.4,90,,Category 2,100.03
AL041877,UNNAMED,1877-10-03T00:00:00+00:00,1877-10-02T18:09:24-05:50:36,1877-10-02,,HU,29.5,-85.9,100,,Category 3,44.37
AL041877,UNNAMED,1877-10-03T05:00:00+00:00,1877-10-02T23:09:24-05:50:36,1877-10-02,L,HU,30.0,-85.5,100,,Category 3,16.24
AL041877,UNNAMED,1877-10-03T06:00:00+00:00,1877-10-03T00:09:24-05:50:36,1877-10-03,,HU,30.1,-85.3,90,,Category 2,25.76
AL041877,UNNAMED,1877-10-03T12:00:00+00:00,1877-10-03T06:09:24-05:50:36,1877-10-03,,HU,30.7,-84.5,70,,Category 1,83.37
AL041877,UNNAMED,1877-10-03T18:00:00+00:00,1877-10-03T12:09:24-05:50:36,1877-10-03,,TS,31.7,-83.3,50,,Tropical Storm,180.52
AL041877,UNNAMED,1877-10-04T00:00:00+00:00,1877-10-03T18:09:24-05:50:36,1877-10-03,,TS,32.8,-82.1,40,,Tropical Storm,282.68
AL041877,UNNAMED,1877-10-04T06:00:00+00:00,1877-10-04T00:09:24-05:50:36,1877-10-04,,TS,33.9,-80.8,40,,Tropical Storm,389.07
AL071877,UNNAMED,1877-10-25T00:00:00+00:00,1877-10-24T18:09:24-05:50:36,1877-10-24,,TS,27.5,-93.4,40,,Tropical Storm,498.36
AL071877,UNNAMED,1877-10-25T06:00:00+00:00,1877-10-25T00:09:24-05:50:36,1877-10-25,,TS,27.8,-92.8,40,,Tropical Storm,456.48
AL071877,UNNAMED,1877-10-25T12:00:00+00:00,1877-10-25T06:09:24-05:50:36,1877-10-25,,TS,28.0,-92.3,40,,Tropical Storm,422.99
AL071877,UNNAMED,1877-10-25T18:00:00+00:00,1877-10-25T12:09:24-05:50:36,1877-10-25,,TS,28.3,-91.1,40,,Tropical Storm,347.47
AL071877,UNNAMED,1877-10-26T00:00:00+00:00,1877-10-25T18:09:24-05:50:36,1877-10-25,,TS,28.4,-90.1,40,,Tropical Storm,289.09
AL071877,UNNAMED,1877-10-26T06:00:00+00:00,1877-10-26T00:09:24-05:50:36,1877-10-26,,TS,28.5,-88.9,40,,Tropical Storm,221.53
AL071877,UNNAMED,1877-10-26T12:00:00+00:00,1877-10-26T06:09:24-05:50:36,1877-10-26,,TS,28.7,-87.5,40,,Tropical Storm,145.06
AL071877,UNNAMED,1877-10-26T18:00:00+00:00,1877-10-26T12:09:24-05:50:36,1877-10-26,,TS,29.0,-84.9,40,,Tropical Storm,92.36
AL071877,UNNAMED,1877-10-26T21:00:00+00:00,1877-10-26T15:09:24-05:50:36,1877-10-26,L,TS,29.3,-83.2,40,,Tropical Storm,162.17
AL071877,UNNAMED,1877-10-27T00:00:00+00:00,1877-10-26T18:09:24-05:50:36,1877-10-26,,TS,29.6,-81.9,40,,Tropical Storm,232.33
AL071877,UNNAMED,1877-10-27T06:00:00+00:00,1877-10-27T00:09:24-05:50:36,1877-10-27,,TS,30.1,-79.0,50,,Tropical Storm,402.19
AL011878,UNNAMED,1878-07-01T00:00:00+00:00,1878-06-30T18:09:24-05:50:36,1878-06-30,,TS,25.4,-87.3,40,,Tropical Storm,340.27
AL011878,UNNAMED,1878-07-01T06:00:00+00:00,1878-07-01T00:09:24-05:50:36,1878-07-01,,TS,25.4,-86.6,40,,Tropical Storm,330.77
AL011878,UNNAMED,1878-07-01T12:00:00+00:00,1878-07-01T06:09:24-05:50:36,1878-07-01,,TS,25.5,-86.0,40,,Tropical Storm,319.98
AL011878,UNNAMED,1878-07-01T18:00:00+00:00,1878-07-01T12:09:24-05:50:36,1878-07-01,,TS,25.6,-85.0,40,,Tropical Storm,315.81
AL011878,UNNAMED,1878-07-02T00:00:00+00:00,1878-07-01T18:09:24-05:50:36,1878-07-01,,TS,25.7,-84.3,40,,Tropical Storm,317.95
AL011878,UNNAMED,1878-07-02T06:00:00+00:00,1878-07-02T00:09:24-05:50:36,1878-07-02,,TS,25.8,-83.5,40,,Tropical Storm,328.33
AL011878,UNNAMED,1878-07-02T12:00:00+00:00,1878-07-02T06:09:24-05:50:36,1878-07-02,,TS,25.9,-82.4,40,,Tropical Storm,355.58
AL011878,UNNAMED,1878-07-02T15:00:00+00:00,1878-07-02T09:09:24-05:50:36,1878-07-02,L,TS,26.0,-81.8,40,,Tropical Storm,372.28
AL011878,UNNAMED,1878-07-02T18:00:00+00:00,1878-07-02T12:09:24-05:50:36,1878-07-02,,TD,26.3,-81.0,30,,Tropical Depression,390.79
AL011878,UNNAMED,1878-07-03T00:00:00+00:00,1878-07-02T18:09:24-05:50:36,1878-07-02,,TS,27.3,-79.6,40,,Tropical Storm,419.52
AL011878,UNNAMED,1878-07-03T06:00:00+00:00,1878-07-03T00:09:24-05:50:36,1878-07-03,,TS,28.0,-78.3,40,,Tropical Storm,472.02
AL051878,UNNAMED,1878-09-07T18:00:00+00:00,1878-09-07T12:09:24-05:50:36,1878-09-07,,TS,24.3,-80.9,50,,Tropical Storm,499.92
AL051878,UNNAMED,1878-09-07T21:00:00+00:00,1878-09-07T15:09:24-05:50:36,1878-09-07,L,TS,24.7,-80.9,60,,Tropical Storm,477.63
AL051878,UNNAMED,1878-09-08T00:00:00+00:00,1878-09-07T18:09:24-05:50:36,1878-09-07,,TS,25.0,-81.0,60,,Tropical Storm,457.4
AL051878,UNNAMED,1878-09-08T02:00:00+00:00,1878-09-07T20:09:24-05:50:36,1878-09-07,L,TS,25.2,-81.0,60,,Tropical Storm,446.63
AL051878,UNNAMED,1878-09-08T06:00:00+00:00,1878-09-08T00:09:24-05:50:36,1878-09-08,,TS,25.8,-81.2,50,,Tropical Storm,407.0
AL051878,UNNAMED,1878-09-08T12:00:00+00:00,1878-09-08T06:09:24-05:50:36,1878-09-08,,TS,26.5,-81.5,40,,Tropical Storm,359.01
AL051878,UNNAMED,1878-09-08T18:00:00+00:00,1878-09-08T12:09:24-05:50:36,1878-09-08,,TS,26.9,-81.9,40,,Tropical Storm,322.01
AL051878,UNNAMED,1878-09-09T00:00:00+00:00,1878-09-08T18:09:24-05:50:36,1878-09-08,,TS,27.2,-82.4,40,,Tropical Storm,285.63
AL051878,UNNAMED,1878-09-09T06:00:00+00:00,1878-09-09T00:09:24-05:50:36,1878-09-09,,TS,27.4,-82.9,50,,Tropical Storm,254.59
AL051878,UNNAMED,1878-09-09T12:00:00+00:00,1878-09-09T06:09:24-05:50:36,1878-09-09,,TS,27.6,-83.3,60,,Tropical Storm,228.15
AL051878,UNNAMED,1878-09-09T18:00:00+00:00,1878-09-09T12:09:24-05:50:36,1878-09-09,,HU,27.8,-83.5,70,,Category 1,209.7
AL051878,UNNAMED,1878-09-10T00:00:00+00:00,1878-09-09T18:09:24-05:50:36,1878-09-09,,HU,28.0,-83.4,80,,Category 1,203.36
AL051878,UNNAMED,1878-09-10T06:00:00+00:00,1878-09-10T00:09:24-05:50:36,1878-09-10,,HU,28.3,-83.0,90,,Category 2,207.36
AL051878,UNNAMED,1878-09-10T11:00:00+00:00,1878-09-10T05:09:24-05:50:36,1878-09-10,L,HU,28.6,-82.6,90,,Category 2,215.92
AL051878,UNNAMED,1878-09-10T12:00:00+00:00,1878-09-10T06:09:24-05:50:36,1878-09-10,,HU,28.7,-82.5,80,970.0,Category 1,217.9
AL051878,UNNAMED,1878-09-10T18:00:00+00:00,1878-09-10T12:09:24-05:50:36,1878-09-10,,HU,29.2,-82.0,70,,Category 1,232.87
AL051878,UNNAMED,1878-09-11T00:00:00+00:00,1878-09-10T18:09:24-05:50:36,1878-09-10,,TS,29.7,-81.5,60,985.0,Tropical Storm,255.01
AL051878,UNNAMED,1878-09-11T06:00:00+00:00,1878-09-11T00:09:24-05:50:36,1878-09-11,,HU,30.1,-81.1,70,,Category 1,276.72
AL051878,UNNAMED,1878-09-11T12:00:00+00:00,1878-09-11T06:09:24-05:50:36,1878-09-11,,HU,30.5,-80.9,80,,Category 1,289.24
AL051878,UNNAMED,1878-09-11T18:00:00+00:00,1878-09-11T12:09:24-05:50:36,1878-09-11,,HU,30.9,-80.7,80,,Category 1,304.13
AL051878,UNNAMED,1878-09-12T00:00:00+00:00,1878-09-11T18:09:24-05:50:36,1878-09-11,,HU,31.3,-80.6,80,,Category 1,315.33
AL051878,UNNAMED,1878-09-12T06:00:00+00:00,1878-09-12T00:09:24-05:50:36,1878-09-12,,HU,31.8,-80.5,80,,Category 1,330.73
AL051878,UNNAMED,1878-09-12T12:00:00+00:00,1878-09-12T06:09:24-05:50:36,1878-09-12,L,HU,32.5,-80.4,80,,Category 1,354.78
AL051878,UNNAMED,1878-09-12T18:00:00+00:00,1878-09-12T12:09:24-05:50:36,1878-09-12,,TS,34.0,-80.1,60,,Tropical Storm,424.55
AL081878,UNNAMED,1878-10-09T12:00:00+00:00,1878-10-09T06:09:24-05:50:36,1878-10-09,,TS,25.6,-90.6,40,,Tropical Storm,431.45
AL081878,UNNAMED,1878-10-09T18:00:00+00:00,1878-10-09T12:09:24-05:50:36,1878-10-09,,TS,26.3,-90.1,40,,Tropical Storm,374.94
AL081878,UNNAMED,1878-10-10T00:00:00+00:00,1878-10-09T18:09:24-05:50:36,1878-10-09,,TS,26.8,-89.6,50,,Tropical Storm,328.64
AL081878,UNNAMED,1878-10-10T06:00:00+00:00,1878-10-10T00:09:24-05:50:36,1878-10-10,,TS,27.3,-89.1,50,,Tropical Storm,282.46
AL081878,UNNAMED,1878-10-10T12:00:00+00:00,1878-10-10T06:09:24-05:50:36,1878-10-10,,TS,28.1,-88.1,50,,Tropical Storm,200.1
AL081878,UNNAMED,1878-10-10T18:00:00+00:00,1878-10-10T12:09:24-05:50:36,1878-10-10,,TS,29.2,-86.6,50,,Tropical Storm,82.54
AL081878,UNNAMED,1878-10-10T21:00:00+00:00,1878-10-10T15:09:24-05:50:36,1878-10-10,L,TS,29.9,-85.4,50,,Tropical Storm,25.13
AL081878,UNNAMED,1878-10-11T00:00:00+00:00,1878-10-10T18:09:24-05:50:36,1878-10-10,,TS,30.6,-83.8,40,,Tropical Storm,119.65
AL081878,UNNAMED,1878-10-11T06:00:00+00:00,1878-10-11T00:09:24-05:50:36,1878-10-11,,TS,31.5,-80.8,40,,Tropical Storm,307.55
AL081878,UNNAMED,1878-10-11T12:00:00+00:00,1878-10-11T06:09:24-05:50:36,1878-10-11,,TS,32.7,-78.1,50,,Tropical Storm,483.66
AL111878,UNNAMED,1878-10-21T18:00:00+00:00,1878-10-21T12:09:24-05:50:36,1878-10-21,,HU,24.4,-81.0,70,,Category 1,490.64
AL111878,UNNAMED,1878-10-22T00:00:00+00:00,1878-10-21T18:09:24-05:50:36,1878-10-21,,HU,25.9,-79.8,70,,Category 1,464.68
AL111878,UNNAMED,1878-10-22T06:00:00+00:00,1878-10-22T00:09:24-05:50:36,1878-10-22,,HU,27.3,-79.3,70,,Category 1,435.69
AL111878,UNNAMED,1878-10-22T12:00:00+00:00,1878-10-22T06:09:24-05:50:36,1878-10-22,,HU,28.7,-78.8,80,,Category 1,428.48
AL111878,UNNAMED,1878-10-22T18:00:00+00:00,1878-10-22T12:09:24-05:50:36,1878-10-22,,HU,30.7,-78.0,80,,Category 1,462.22
AL021879,UNNAMED,1879-08-17T18:00:00+00:00,1879-08-17T12:09:24-05:50:36,1879-08-17,,HU,29.3,-78.4,90,,Category 2,443.47
AL021879,UNNAMED,1879-08-18T00:00:00+00:00,1879-08-17T18:09:24-05:50:36,1879-08-17,,HU,31.2,-78.4,100,,Category 3,441.84
AL021879,UNNAMED,1879-08-18T06:00:00+00:00,1879-08-18T00:09:24-05:50:36,1879-08-18,,HU,32.8,-77.9,100,,Category 3,496.93
AL031879,UNNAMED,1879-08-23T12:00:00+00:00,1879-08-23T06:09:24-05:50:36,1879-08-23,,TS,32.3,-93.8,50,988.0,Tropical Storm,499.83
AL031879,UNNAMED,1879-08-24T00:00:00+00:00,1879-08-23T18:09:24-05:50:36,1879-08-23,,TS,34.4,-92.6,40,,Tropical Storm,498.14
AL031879,UNNAMED,1879-08-24T06:00:00+00:00,1879-08-24T00:09:24-05:50:36,1879-08-24,,TD,35.2,-91.6,30,,Tropical Depression,489.22
AL031879,UNNAMED,1879-08-24T12:00:00+00:00,1879-08-24T06:09:24-05:50:36,1879-08-24,,TD,36.0,-90.5,30,,Tropical Depression,490.82
AL031879,UNNAMED,1879-08-24T18:00:00+00:00,1879-08-24T12:09:24-05:50:36,1879-08-24,,TD,36.8,-88.6,30,,Tropical Depression,489.9
AL041879,UNNAMED,1879-08-29T00:00:00+00:00,1879-08-28T18:09:24-05:50:36,1879-08-28,,TS,23.5,-88.5,50,,Tropical Storm,488.52
AL041879,UNNAMED,1879-08-29T06:00:00+00:00,1879-08-29T00:09:24-05:50:36,1879-08-29,,TS,23.7,-88.8,50,,Tropical Storm,482.47
AL041879,UNNAMED,1879-08-29T12:00:00+00:00,1879-08-29T06:09:24-05:50:36,1879-08-29,,TS,24.0,-89.1,50,,Tropical Storm,471.18
AL041879,UNNAMED,1879-08-29T18:00:00+00:00,1879-08-29T12:09:24-05:50:36,1879-08-29,,TS,24.2,-89.3,50,,Tropical Storm,464.41
AL041879,UNNAMED,1879-08-30T00:00:00+00:00,1879-08-29T18:09:24-05:50:36,1879-08-29,,HU,24.4,-89.6,70,,Category 1,461.38
AL041879,UNNAMED,1879-08-30T06:00:00+00:00,1879-08-30T00:09:24-05:50:36,1879-08-30,,HU,24.7,-90.0,70,,Category 1,457.16
AL041879,UNNAMED,1879-08-30T12:00:00+00:00,1879-08-30T06:09:24-05:50:36,1879-08-30,,HU,25.0,-90.3,80,,Category 1,451.27
AL041879,UNNAMED,1879-08-30T18:00:00+00:00,1879-08-30T12:09:24-05:50:36,1879-08-30,,HU,25.4,-90.6,80,,Category 1,441.74
AL041879,UNNAMED,1879-08-31T00:00:00+00:00,1879-08-30T18:09:24-05:50:36,1879-08-30,,HU,25.8,-91.0,90,,Category 2,438.89
AL041879,UNNAMED,1879-08-31T06:00:00+00:00,1879-08-31T00:09:24-05:50:36,1879-08-31,,HU,26.2,-91.3,90,,Category 2,434.23
AL041879,UNNAMED,1879-08-31T12:00:00+00:00,1879-08-31T06:09:24-05:50:36,1879-08-31,,HU,26.8,-91.5,100,,Category 3,418.96
AL041879,UNNAMED,1879-08-31T18:00:00+00:00,1879-08-31T12:09:24-05:50:36,1879-08-31,,HU,27.3,-91.6,100,,Category 3,405.65
AL041879,UNNAMED,1879-09-01T00:00:00+00:00,1879-08-31T18:09:24-05:50:36,1879-08-31,,HU,27.8,-91.7,110,,Category 3,394.96
AL041879,UNNAMED,1879-09-01T06:00:00+00:00,1879-09-01T00:09:24-05:50:36,1879-09-01,,HU,28.3,-91.6,110,,Category 3,375.72
AL041879,UNNAMED,1879-09-01T12:00:00+00:00,1879-09-01T06:09:24-05:50:36,1879-09-01,,HU,28.8,-91.5,110,,Category 3,358.93
AL041879,UNNAMED,1879-09-01T16:00:00+00:00,1879-09-01T10:09:24-05:50:36,1879-09-01,L,HU,29.5,-91.4,110,,Category 3,342.61
AL041879,UNNAMED,1879-09-01T18:00:00+00:00,1879-09-01T12:09:24-05:50:36,1879-09-01,,HU,29.9,-91.1,90,,Category 2,321.63
AL041879,UNNAMED,1879-09-02T00:00:00+00:00,1879-09-01T18:09:24-05:50:36,1879-09-01,,TS,31.2,-90.5,60,,Tropical Storm,293.04
AL041879,UNNAMED,1879-09-02T06:00:00+00:00,1879-09-02T00:09:24-05:50:36,1879-09-02,,TS,32.4,-89.9,50,,Tropical Storm,292.13
AL041879,UNNAMED,1879-09-02T12:00:00+00:00,1879-09-02T06:09:24-05:50:36,1879-09-02,,TS,33.5,-88.5,40,,Tropical Storm,284.27
AL041879,UNNAMED,1879-09-02T18:00:00+00:00,1879-09-02T12:09:24-05:50:36,1879-09-02,,TD,34.8,-87.1,30,,Tropical Depression,332.73
AL051879,UNNAMED,1879-10-05T12:00:00+00:00,1879-10-05T06:09:24-05:50:36,1879-10-05,,TS,23.1,-85.9,40,,Tropical Storm,485.49
AL051879,UNNAMED,1879-10-05T18:00:00+00:00,1879-10-05T12:09:24-05:50:36,1879-10-05,,TS,23.7,-86.4,40,,Tropical Storm,445.84
AL051879,UNNAMED,1879-10-06T00:00:00+00:00,1879-10-05T18:09:24-05:50:36,1879-10-05,,TS,24.4,-86.9,50,,Tropical Storm,402.02
AL051879,UNNAMED,1879-10-06T06:00:00+00:00,1879-10-06T00:09:24-05:50:36,1879-10-06,,TS,25.0,-87.4,50,,Tropical Storm,368.56
AL051879,UNNAMED,1879-10-06T12:00:00+00:00,1879-10-06T06:09:24-05:50:36,1879-10-06,,TS,25.8,-87.9,50,,Tropical Storm,326.83
AL051879,UNNAMED,1879-10-06T18:00:00+00:00,1879-10-06T12:09:24-05:50:36,1879-10-06,,TS,26.7,-88.4,50,,Tropical Storm,286.9
AL051879,UNNAMED,1879-10-07T00:00:00+00:00,1879-10-06T18:09:24-05:50:36,1879-10-06,,TS,28.0,-88.9,50,,Tropical Storm,241.25
AL051879,UNNAMED,1879-10-07T05:00:00+00:00,1879-10-06T23:09:24-05:50:36,1879-10-06,L,TS,29.0,-89.2,50,,Tropical Storm,222.54
AL051879,UNNAMED,1879-10-07T06:00:00+00:00,1879-10-07T00:09:24-05:50:36,1879-10-07,,TS,29.3,-89.3,50,,Tropical Storm,221.68
AL051879,UNNAMED,1879-10-07T12:00:00+00:00,1879-10-07T06:09:24-05:50:36,1879-10-07,,TS,31.2,-90.0,40,,Tropical Storm,264.4
AL051879,UNNAMED,1879-10-07T18:00:00+00:00,1879-10-07T12:09:24-05:50:36,1879-10-07,,TD,33.0,-90.5,30,,Tropical Depression,343.91
AL061879,UNNAMED,1879-10-14T12:00:00+00:00,1879-10-14T06:09:24-05:50:36,1879-10-14,,TS,23.2,-83.9,50,,Tropical Storm,491.61
AL061879,UNNAMED,1879-10-14T18:00:00+00:00,1879-10-14T12:09:24-05:50:36,1879-10-14,,TS,24.1,-84.1,50,,Tropical Storm,428.17
AL061879,UNNAMED,1879-10-15T00:00:00+00:00,1879-10-14T18:09:24-05:50:36,1879-10-14,,TS,24.9,-84.3,50,,Tropical Storm,371.48
AL061879,UNNAMED,1879-10-15T06:00:00+00:00,1879-10-15T00:09:24-05:50:36,1879-10-15,,TS,25.9,-84.5,50,,Tropical Storm,301.4
AL061879,UNNAMED,1879-10-15T12:00:00+00:00,1879-10-15T06:09:24-05:50:36,1879-10-15,,TS,26.8,-84.8,50,,Tropical Storm,236.58
AL061879,UNNAMED,1879-10-15T18:00:00+00:00,1879-10-15T12:09:24-05:50:36,1879-10-15,,TS,27.7,-85.1,50,,Tropical Storm,171.83
AL061879,UNNAMED,1879-10-16T00:00:00+00:00,1879-10-15T18:09:24-05:50:36,1879-10-15,,TS,28.7,-85.6,50,,Tropical Storm,98.77
AL061879,UNNAMED,1879-10-16T06:00:00+00:00,1879-10-16T00:09:24-05:50:36,1879-10-16,,TS,29.9,-86.4,50,,Tropical Storm,42.99
AL061879,UNNAMED,1879-10-16T08:00:00+00:00,1879-10-16T02:09:24-05:50:36,1879-10-16,L,TS,30.4,-86.6,50,,Tropical Storm,55.29
AL061879,UNNAMED,1879-10-16T12:00:00+00:00,1879-10-16T06:09:24-05:50:36,1879-10-16,,TS,31.3,-87.1,40,,Tropical Storm,114.95
AL061879,UNNAMED,1879-10-16T18:00:00+00:00,1879-10-16T12:09:24-05:50:36,1879-10-16,,TD,33.0,-88.0,30,,Tropical Depression,239.4
AL071879,UNNAMED,1879-10-26T00:00:00+00:00,1879-10-25T18:09:24-05:50:36,1879-10-25,,TS,23.1,-87.6,50,,Tropical Storm,498.91
AL071879,UNNAMED,1879-10-26T06:00:00+00:00,1879-10-26T00:09:24-05:50:36,1879-10-26,,TS,23.5,-87.9,50,,Tropical Storm,476.86
AL071879,UNNAMED,1879-10-26T12:00:00+00:00,1879-10-26T06:09:24-05:50:36,1879-10-26,,TS,24.0,-88.0,60,,Tropical Storm,445.61
AL071879,UNNAMED,1879-10-26T18:00:00+00:00,1879-10-26T12:09:24-05:50:36,1879-10-26,,TS,24.5,-88.0,60,,Tropical Storm,412.84
AL071879,UNNAMED,1879-10-27T00:00:00+00:00,1879-10-26T18:09:24-05:50:36,1879-10-26,,TS,25.1,-87.6,60,,Tropical Storm,365.56
AL071879,UNNAMED,1879-10-27T06:00:00+00:00,1879-10-27T00:09:24-05:50:36,1879-10-27,,TS,26.0,-87.1,60,,Tropical Storm,296.99
AL071879,UNNAMED,1879-10-27T12:00:00+00:00,1879-10-27T06:09:24-05:50:36,1879-10-27,,TS,27.0,-86.1,60,,Tropical Storm,217.08
AL071879,UNNAMED,1879-10-27T18:00:00+00:00,1879-10-27T12:09:24-05:50:36,1879-10-27,,TS,28.2,-84.1,60,,Tropical Storm,165.41
AL071879,UNNAMED,1879-10-27T21:00:00+00:00,1879-10-27T15:09:24-05:50:36,1879-10-27,L,TS,29.0,-82.7,60,,Tropical Storm,197.99
AL071879,UNNAMED,1879-10-28T00:00:00+00:00,1879-10-27T18:09:24-05:50:36,1879-10-27,,TS,29.6,-81.6,50,,Tropical Storm,250.1
AL071879,UNNAMED,1879-10-28T06:00:00+00:00,1879-10-28T00:09:24-05:50:36,1879-10-28,,TS,31.5,-78.6,50,,Tropical Storm,433.54
AL011880,UNNAMED,1880-06-21T00:00:00+00:00,1880-06-20T18:09:24-05:50:36,1880-06-20,,TS,26.7,-86.5,40,,Tropical Storm,241.22
AL011880,UNNAMED,1880-06-21T06:00:00+00:00,1880-06-21T00:09:24-05:50:36,1880-06-21,,TS,26.8,-87.3,40,,Tropical Storm,248.73
AL011880,UNNAMED,1880-06-21T12:00:00+00:00,1880-06-21T06:09:24-05:50:36,1880-06-21,,TS,27.0,-88.0,40,,Tropical Storm,256.1
AL011880,UNNAMED,1880-06-21T18:00:00+00:00,1880-06-21T12:09:24-05:50:36,1880-06-21,,TS,27.2,-88.6,40,,Tropical Storm,266.66
AL011880,UNNAMED,1880-06-22T00:00:00+00:00,1880-06-21T18:09:24-05:50:36,1880-06-21,,TS,27.5,-89.4,40,,Tropical Storm,286.77
AL011880,UNNAMED,1880-06-22T06:00:00+00:00,1880-06-22T00:09:24-05:50:36,1880-06-22,,TS,27.8,-90.1,40,,Tropical Storm,309.14
AL011880,UNNAMED,1880-06-22T12:00:00+00:00,1880-06-22T06:09:24-05:50:36,1880-06-22,,TS,28.0,-91.0,40,,Tropical Storm,350.45
AL011880,UNNAMED,1880-06-22T18:00:00+00:00,1880-06-22T12:09:24-05:50:36,1880-06-22,,TS,28.0,-91.6,40,,Tropical Storm,383.64
AL011880,UNNAMED,1880-06-23T00:00:00+00:00,1880-06-22T18:09:24-05:50:36,1880-06-22,,TS,28.0,-92.3,40,,Tropical Storm,422.99
AL011880,UNNAMED,1880-06-23T06:00:00+00:00,1880-06-23T00:09:24-05:50:36,1880-06-23,,TS,28.0,-92.8,40,,Tropical Storm,451.42
AL011880,UNNAMED,1880-06-23T12:00:00+00:00,1880-06-23T06:09:24-05:50:36,1880-06-23,,TS,28.1,-93.4,40,,Tropical Storm,483.55
AL041880,UNNAMED,1880-08-28T18:00:00+00:00,1880-08-28T12:09:24-05:50:36,1880-08-28,,HU,27.9,-78.5,90,,Category 2,463.01
AL041880,UNNAMED,1880-08-29T00:00:00+00:00,1880-08-28T18:09:24-05:50:36,1880-08-28,,HU,28.0,-79.4,90,972.0,Category 2,409.44
AL041880,UNNAMED,1880-08-29T06:00:00+00:00,1880-08-29T00:09:24-05:50:36,1880-08-29,,HU,28.1,-80.1,90,,Category 2,367.46
AL041880,UNNAMED,1880-08-29T12:00:00+00:00,1880-08-29T06:09:24-05:50:36,1880-08-29,L,HU,28.2,-80.6,90,,Category 2,336.84
AL041880,UNNAMED,1880-08-29T18:00:00+00:00,1880-08-29T12:09:24-05:50:36,1880-08-29,,HU,28.3,-81.1,70,,Category 1,306.33
AL041880,UNNAMED,1880-08-30T00:00:00+00:00,1880-08-29T18:09:24-05:50:36,1880-08-29,,TS,28.4,-81.6,60,,Tropical Storm,275.97
AL041880,UNNAMED,1880-08-30T06:00:00+00:00,1880-08-30T00:09:24-05:50:36,1880-08-30,,TS,28.5,-82.1,60,,Tropical Storm,245.81
AL041880,UNNAMED,1880-08-30T12:00:00+00:00,1880-08-30T06:09:24-05:50:36,1880-08-30,,TS,28.7,-82.6,60,,Tropical Storm,212.55
AL041880,UNNAMED,1880-08-30T18:00:00+00:00,1880-08-30T12:09:24-05:50:36,1880-08-30,,HU,29.0,-83.3,70,,Category 1,165.43
AL041880,UNNAMED,1880-08-31T00:00:00+00:00,1880-08-30T18:09:24-05:50:36,1880-08-30,,HU,29.4,-84.1,70,,Category 1,109.85
AL041880,UNNAMED,1880-08-31T04:00:00+00:00,1880-08-30T22:09:24-05:50:36,1880-08-30,L,HU,29.7,-84.8,70,,Category 1,62.96
AL041880,UNNAMED,1880-08-31T06:00:00+00:00,1880-08-31T00:09:24-05:50:36,1880-08-31,,HU,29.8,-85.0,70,,Category 1,49.13
AL041880,UNNAMED,1880-08-31T12:00:00+00:00,1880-08-31T06:09:24-05:50:36,1880-08-31,,TS,30.2,-86.0,60,,Tropical Storm,16.94
AL041880,UNNAMED,1880-08-31T18:00:00+00:00,1880-08-31T12:09:24-05:50:36,1880-08-31,,TS,30.7,-87.0,60,,Tropical Storm,85.47
AL041880,UNNAMED,1880-09-01T00:00:00+00:00,1880-08-31T18:09:24-05:50:36,1880-08-31,,TS,31.4,-87.8,50,,Tropical Storm,151.21
AL041880,UNNAMED,1880-09-01T06:00:00+00:00,1880-09-01T00:09:24-05:50:36,1880-09-01,,TS,32.2,-88.4,40,,Tropical Storm,213.23
AL041880,UNNAMED,1880-09-01T12:00:00+00:00,1880-09-01T06:09:24-05:50:36,1880-09-01,,TD,33.0,-89.0,30,,Tropical Depression,276.59
AL041880,UNNAMED,1880-09-01T18:00:00+00:00,1880-09-01T12:09:24-05:50:36,1880-09-01,,TD,33.5,-89.1,30,,Tropical Depression,305.78
AL061880,UNNAMED,1880-09-06T00:00:00+00:00,1880-09-05T18:09:24-05:50:36,1880-09-05,,TS,23.9,-88.6,40,,Tropical Storm,464.92
AL061880,UNNAMED,1880-09-06T06:00:00+00:00,1880-09-06T00:09:24-05:50:36,1880-09-06,,TS,24.2,-88.4,40,,Tropical Storm,441.01
AL061880,UNNAMED,1880-09-06T12:00:00+00:00,1880-09-06T06:09:24-05:50:36,1880-09-06,,TS,24.6,-88.0,40,,Tropical Storm,406.33
AL061880,UNNAMED,1880-09-06T18:00:00+00:00,1880-09-06T12:09:24-05:50:36,1880-09-06,,TS,24.9,-87.6,40,,Tropical Storm,378.74
AL061880,UNNAMED,1880-09-07T00:00:00+00:00,1880-09-06T18:09:24-05:50:36,1880-09-06,,TS,25.2,-87.3,40,,Tropical Storm,353.57
AL061880,UNNAMED,1880-09-07T06:00:00+00:00,1880-09-07T00:09:24-05:50:36,1880-09-07,,TS,25.6,-87.0,40,,Tropical Storm,322.12
AL061880,UNNAMED,1880-09-07T12:00:00+00:00,1880-09-07T06:09:24-05:50:36,1880-09-07,,TS,26.0,-86.6,40,,Tropical Storm,289.9
AL061880,UNNAMED,1880-09-07T18:00:00+00:00,1880-09-07T12:09:24-05:50:36,1880-09-07,,TS,26.6,-86.3,40,,Tropical Storm,246.01
AL061880,UNNAMED,1880-09-08T00:00:00+00:00,1880-09-07T18:09:24-05:50:36,1880-09-07,,TS,27.1,-86.0,50,,Tropical Storm,209.65
AL061880,UNNAMED,1880-09-08T06:00:00+00:00,1880-09-08T00:09:24-05:50:36,1880-09-08,,TS,27.7,-85.6,50,,Tropical Storm,167.74
AL061880,UNNAMED,1880-09-08T12:00:00+00:00,1880-09-08T06:09:24-05:50:36,1880-09-08,,TS,28.7,-84.6,50,,Tropical Storm,119.66
AL061880,UNNAMED,1880-09-08T16:00:00+00:00,1880-09-08T10:09:24-05:50:36,1880-09-08,L,TS,29.8,-83.6,50,,Tropical Storm,129.46
AL061880,UNNAMED,1880-09-08T18:00:00+00:00,1880-09-08T12:09:24-05:50:36,1880-09-08,,TS,30.1,-83.1,40,,Tropical Storm,157.2
AL061880,UNNAMED,1880-09-09T00:00:00+00:00,1880-09-08T18:09:24-05:50:36,1880-09-08,,TS,31.7,-80.4,60,,Tropical Storm,334.12
AL091880,UNNAMED,1880-10-07T00:00:00+00:00,1880-10-06T18:09:24-05:50:36,1880-10-06,,TS,23.4,-86.8,60,,Tropical Storm,469.31
AL091880,UNNAMED,1880-10-07T06:00:00+00:00,1880-10-07T00:09:24-05:50:36,1880-10-07,,TS,24.1,-86.4,60,,Tropical Storm,418.32
AL091880,UNNAMED,1880-10-07T12:00:00+00:00,1880-10-07T06:09:24-05:50:36,1880-10-07,,TS,24.7,-86.0,60,,Tropical Storm,375.2
AL091880,UNNAMED,1880-10-07T18:00:00+00:00,1880-10-07T12:09:24-05:50:36,1880-10-07,,TS,25.4,-85.6,60,,Tropical Storm,326.56
AL091880,UNNAMED,1880-10-08T00:00:00+00:00,1880-10-07T18:09:24-05:50:36,1880-10-07,,HU,26.3,-85.3,70,,Category 1,265.58
AL091880,UNNAMED,1880-10-08T06:00:00+00:00,1880-10-08T00:09:24-05:50:36,1880-10-08,,HU,26.9,-85.0,70,,Category 1,227.19
AL091880,UNNAMED,1880-10-08T12:00:00+00:00,1880-10-08T06:09:24-05:50:36,1880-10-08,,HU,27.7,-84.3,70,,Category 1,188.55
AL091880,UNNAMED,1880-10-08T18:00:00+00:00,1880-10-08T12:09:24-05:50:36,1880-10-08,,HU,28.9,-82.7,70,,Category 1,200.88
AL091880,UNNAMED,1880-10-08T19:00:00+00:00,1880-10-08T13:09:24-05:50:36,1880-10-08,L,HU,28.7,-83.0,70,,Category 1,191.54
AL091880,UNNAMED,1880-10-09T00:00:00+00:00,1880-10-08T18:09:24-05:50:36,1880-10-08,,TS,30.1,-81.0,60,,Tropical Storm,282.69
AL091880,UNNAMED,1880-10-09T06:00:00+00:00,1880-10-09T00:09:24-05:50:36,1880-10-09,,HU,31.3,-78.9,70,,Category 1,413.69
AL011881,UNNAMED,1881-08-01T00:00:00+00:00,1881-07-31T18:09:24-05:50:36,1881-07-31,,TS,23.0,-85.5,40,,Tropical Storm,492.5
AL011881,UNNAMED,1881-08-01T06:00:00+00:00,1881-08-01T00:09:24-05:50:36,1881-08-01,,TS,23.5,-85.8,40,,Tropical Storm,457.76
AL011881,UNNAMED,1881-08-01T12:00:00+00:00,1881-08-01T06:09:24-05:50:36,1881-08-01,,TS,24.0,-86.0,40,,Tropical Storm,423.52
AL011881,UNNAMED,1881-08-01T18:00:00+00:00,1881-08-01T12:09:24-05:50:36,1881-08-01,,TS,24.6,-86.3,40,,Tropical Storm,383.34
AL011881,UNNAMED,1881-08-02T00:00:00+00:00,1881-08-01T18:09:24-05:50:36,1881-08-01,,TS,25.2,-86.6,40,,Tropical Storm,344.42
AL011881,UNNAMED,1881-08-02T06:00:00+00:00,1881-08-02T00:09:24-05:50:36,1881-08-02,,TS,26.1,-86.8,40,,Tropical Storm,285.64
AL011881,UNNAMED,1881-08-02T12:00:00+00:00,1881-08-02T06:09:24-05:50:36,1881-08-02,,TS,27.0,-87.0,40,,Tropical Storm,229.25
AL011881,UNNAMED,1881-08-02T18:00:00+00:00,1881-08-02T12:09:24-05:50:36,1881-08-02,,TS,27.7,-87.4,40,,Tropical Storm,195.63
AL011881,UNNAMED,1881-08-03T00:00:00+00:00,1881-08-02T18:09:24-05:50:36,1881-08-02,,TS,28.5,-87.8,50,,Tropical Storm,167.8
AL011881,UNNAMED,1881-08-03T06:00:00+00:00,1881-08-03T00:09:24-05:50:36,1881-08-03,,TS,29.3,-88.1,50,,Tropical Storm,153.22
AL011881,UNNAMED,1881-08-03T12:00:00+00:00,1881-08-03T06:09:24-05:50:36,1881-08-03,,TS,30.1,-88.3,50,,Tropical Storm,153.61
AL011881,UNNAMED,1881-08-03T13:00:00+00:00,1881-08-03T07:09:24-05:50:36,1881-08-03,L,TS,30.2,-88.3,50,,Tropical Storm,153.61
AL011881,UNNAMED,1881-08-03T18:00:00+00:00,1881-08-03T12:09:24-05:50:36,1881-08-03,,TS,30.9,-88.4,40,,Tropical Storm,167.7
AL011881,UNNAMED,1881-08-04T00:00:00+00:00,1881-08-03T18:09:24-05:50:36,1881-08-03,,TD,31.5,-88.6,30,,Tropical Depression,195.0
AL011881,UNNAMED,1881-08-04T06:00:00+00:00,1881-08-04T00:09:24-05:50:36,1881-08-04,,TD,32.0,-88.8,30,,Tropical Depression,223.14
AL021881,UNNAMED,1881-08-11T12:00:00+00:00,1881-08-11T06:09:24-05:50:36,1881-08-11,,TS,25.6,-88.7,40,,Tropical Storm,361.43
AL021881,UNNAMED,1881-08-11T18:00:00+00:00,1881-08-11T12:09:24-05:50:36,1881-08-11,,TS,25.6,-89.6,40,,Tropical Storm,391.88
AL021881,UNNAMED,1881-08-12T00:00:00+00:00,1881-08-11T18:09:24-05:50:36,1881-08-11,,TS,25.6,-90.5,40,,Tropical Storm,427.26
AL021881,UNNAMED,1881-08-12T06:00:00+00:00,1881-08-12T00:09:24-05:50:36,1881-08-12,,TS,25.7,-91.5,40,,Tropical Storm,466.31
AL041881,UNNAMED,1881-08-17T00:00:00+00:00,1881-08-16T18:09:24-05:50:36,1881-08-16,,TS,23.5,-83.1,40,,Tropical Storm,485.57
AL041881,UNNAMED,1881-08-17T06:00:00+00:00,1881-08-17T00:09:24-05:50:36,1881-08-17,,TS,24.0,-81.8,40,,Tropical Storm,487.3
AL051881,UNNAMED,1881-08-26T12:00:00+00:00,1881-08-26T06:09:24-05:50:36,1881-08-26,,HU,28.2,-78.1,80,,Category 1,479.07
AL051881,UNNAMED,1881-08-26T18:00:00+00:00,1881-08-26T12:09:24-05:50:36,1881-08-26,,HU,28.6,-78.6,90,,Category 2,442.0
AL051881,UNNAMED,1881-08-27T00:00:00+00:00,1881-08-26T18:09:24-05:50:36,1881-08-26,,HU,29.3,-79.0,90,,Category 2,407.8
AL051881,UNNAMED,1881-08-27T06:00:00+00:00,1881-08-27T00:09:24-05:50:36,1881-08-27,,HU,29.9,-79.3,90,,Category 2,384.96
AL051881,UNNAMED,1881-08-27T12:00:00+00:00,1881-08-27T06:09:24-05:50:36,1881-08-27,,HU,30.7,-79.6,90,,Category 2,367.37
AL051881,UNNAMED,1881-08-27T18:00:00+00:00,1881-08-27T12:09:24-05:50:36,1881-08-27,,HU,31.3,-80.1,90,,Category 2,344.1
AL051881,UNNAMED,1881-08-28T00:00:00+00:00,1881-08-27T18:09:24-05:50:36,1881-08-27,,HU,31.6,-80.9,90,970.0,Category 2,304.02
AL051881,UNNAMED,1881-08-28T02:00:00+00:00,1881-08-27T20:09:24-05:50:36,1881-08-27,L,HU,31.7,-81.1,90,970.0,Category 2,295.21
AL051881,UNNAMED,1881-08-28T06:00:00+00:00,1881-08-28T00:09:24-05:50:36,1881-08-28,,HU,31.9,-81.9,70,,Category 1,257.81
AL051881,UNNAMED,1881-08-28T12:00:00+00:00,1881-08-28T06:09:24-05:50:36,1881-08-28,,TS,32.0,-83.0,50,,Tropical Storm,207.09
AL051881,UNNAMED,1881-08-28T18:00:00+00:00,1881-08-28T12:09:24-05:50:36,1881-08-28,,TS,32.0,-84.4,50,,Tropical Storm,151.59
AL051881,UNNAMED,1881-08-29T00:00:00+00:00,1881-08-28T18:09:24-05:50:36,1881-08-28,,TS,32.5,-86.3,40,,Tropical Storm,167.51
AL051881,UNNAMED,1881-08-29T06:00:00+00:00,1881-08-29T00:09:24-05:50:36,1881-08-29,,TS,33.2,-87.6,40,,Tropical Storm,239.22
AL051881,UNNAMED,1881-08-29T12:00:00+00:00,1881-08-29T06:09:24-05:50:36,1881-08-29,,TS,34.0,-89.0,40,1002.0,Tropical Storm,329.11
AL051881,UNNAMED,1881-08-29T18:00:00+00:00,1881-08-29T12:09:24-05:50:36,1881-08-29,,TD,34.7,-90.4,30,,Tropical Depression,417.16
AL021882,UNNAMED,1882-09-07T06:00:00+00:00,1882-09-07T00:09:24-05:50:36,1882-09-07,,HU,23.1,-86.6,80,,Category 1,488.34
AL021882,UNNAMED,1882-09-07T12:00:00+00:00,1882-09-07T06:09:24-05:50:36,1882-09-07,,HU,23.7,-87.3,80,,Category 1,454.32
AL021882,UNNAMED,1882-09-07T18:00:00+00:00,1882-09-07T12:09:24-05:50:36,1882-09-07,,HU,24.2,-87.6,80,,Category 1,425.19
AL021882,UNNAMED,1882-09-08T00:00:00+00:00,1882-09-07T18:09:24-05:50:36,1882-09-07,,HU,24.7,-88.0,90,,Category 2,399.82
AL021882,UNNAMED,1882-09-08T06:00:00+00:00,1882-09-08T00:09:24-05:50:36,1882-09-08,,HU,25.4,-88.3,90,,Category 2,362.28
AL021882,UNNAMED,1882-09-08T12:00:00+00:00,1882-09-08T06:09:24-05:50:36,1882-09-08,,HU,26.0,-88.6,90,,Category 2,334.4
AL021882,UNNAMED,1882-09-08T18:00:00+00:00,1882-09-08T12:09:24-05:50:36,1882-09-08,,HU,26.4,-88.7,90,,Category 2,314.46
AL021882,UNNAMED,1882-09-09T00:00:00+00:00,1882-09-08T18:09:24-05:50:36,1882-09-08,,HU,26.8,-88.8,90,,Category 2,295.86
AL021882,UNNAMED,1882-09-09T06:00:00+00:00,1882-09-09T00:09:24-05:50:36,1882-09-09,,HU,27.2,-88.7,90,,Category 2,270.65
AL021882,UNNAMED,1882-09-09T12:00:00+00:00,1882-09-09T06:09:24-05:50:36,1882-09-09,,HU,27.7,-88.4,90,,Category 2,232.69
AL021882,UNNAMED,1882-09-09T18:00:00+00:00,1882-09-09T12:09:24-05:50:36,1882-09-09,,HU,28.8,-88.0,100,961.0,Category 3,164.4
AL021882,UNNAMED,1882-09-10T00:00:00+00:00,1882-09-09T18:09:24-05:50:36,1882-09-09,,HU,30.0,-87.1,110,949.0,Category 3,82.38
AL021882,UNNAMED,1882-09-10T02:00:00+00:00,1882-09-09T20:09:24-05:50:36,1882-09-09,L,HU,30.4,-86.8,110,949.0,Category 3,66.62
AL021882,UNNAMED,1882-09-10T06:00:00+00:00,1882-09-10T00:09:24-05:50:36,1882-09-10,,HU,31.1,-86.1,80,,Category 1,70.87
AL021882,UNNAMED,1882-09-10T12:00:00+00:00,1882-09-10T06:09:24-05:50:36,1882-09-10,,TS,31.9,-85.1,60,,Tropical Storm,128.19
AL021882,UNNAMED,1882-09-10T18:00:00+00:00,1882-09-10T12:09:24-05:50:36,1882-09-10,,TS,33.0,-84.1,40,,Tropical Storm,220.6
AL021882,UNNAMED,1882-09-11T00:00:00+00:00,1882-09-10T18:09:24-05:50:36,1882-09-10,,TS,33.7,-83.3,40,,Tropical Storm,285.15
AL021882,UNNAMED,1882-09-11T06:00:00+00:00,1882-09-11T00:09:24-05:50:36,1882-09-11,,TS,34.5,-82.1,40,,Tropical Storm,369.13
AL021882,UNNAMED,1882-09-11T12:00:00+00:00,1882-09-11T06:09:24-05:50:36,1882-09-11,,TS,35.3,-80.8,40,,Tropical Storm,458.09
AL031882,UNNAMED,1882-09-14T00:00:00+00:00,1882-09-13T18:09:24-05:50:36,1882-09-13,,TD,26.5,-91.5,30,,Tropical Depression,431.07
AL031882,UNNAMED,1882-09-14T06:00:00+00:00,1882-09-14T00:09:24-05:50:36,1882-09-14,,TS,27.0,-91.7,35,,Tropical Storm,421.64
AL031882,UNNAMED,1882-09-14T12:00:00+00:00,1882-09-14T06:09:24-05:50:36,1882-09-14,,TS,27.7,-92.0,40,,Tropical Storm,414.5
AL031882,UNNAMED,1882-09-14T18:00:00+00:00,1882-09-14T12:09:24-05:50:36,1882-09-14,,TS,28.5,-92.3,45,,Tropical Storm,411.36
AL031882,UNNAMED,1882-09-15T00:00:00+00:00,1882-09-14T18:09:24-05:50:36,1882-09-14,,TS,29.4,-93.0,50,,Tropical Storm,438.84
AL031882,UNNAMED,1882-09-15T05:00:00+00:00,1882-09-14T23:09:24-05:50:36,1882-09-14,L,TS,29.8,-93.7,50,,Tropical Storm,477.51
AL031882,UNNAMED,1882-09-15T06:00:00+00:00,1882-09-15T00:09:24-05:50:36,1882-09-15,,TS,29.9,-93.8,50,,Tropical Storm,482.97
AL041882,UNNAMED,1882-09-21T12:00:00+00:00,1882-09-21T06:09:24-05:50:36,1882-09-21,,TS,30.0,-77.5,40,,Tropical Storm,492.11
AL041882,UNNAMED,1882-09-21T18:00:00+00:00,1882-09-21T12:09:24-05:50:36,1882-09-21,,TS,30.8,-77.6,40,,Tropical Storm,486.32
AL041882,UNNAMED,1882-09-22T00:00:00+00:00,1882-09-21T18:09:24-05:50:36,1882-09-21,,TS,31.5,-77.6,40,,Tropical Storm,491.58
AL061882,UNNAMED,1882-10-09T12:00:00+00:00,1882-10-09T06:09:24-05:50:36,1882-10-09,,HU,23.5,-84.0,90,,Category 2,469.99
AL061882,UNNAMED,1882-10-09T18:00:00+00:00,1882-10-09T12:09:24-05:50:36,1882-10-09,,HU,24.4,-84.1,80,,Category 1,408.01
AL061882,UNNAMED,1882-10-10T00:00:00+00:00,1882-10-09T18:09:24-05:50:36,1882-10-09,,HU,25.4,-84.1,70,,Category 1,341.32
AL061882,UNNAMED,1882-10-10T06:00:00+00:00,1882-10-10T00:09:24-05:50:36,1882-10-10,,HU,26.5,-84.1,70,,Category 1,269.36
AL061882,UNNAMED,1882-10-10T12:00:00+00:00,1882-10-10T06:09:24-05:50:36,1882-10-10,,HU,27.5,-84.0,70,,Category 1,209.43
AL061882,UNNAMED,1882-10-10T18:00:00+00:00,1882-10-10T12:09:24-05:50:36,1882-10-10,,HU,28.3,-83.8,70,,Category 1,171.59
AL061882,UNNAMED,1882-10-11T00:00:00+00:00,1882-10-10T18:09:24-05:50:36,1882-10-10,,HU,29.1,-83.6,70,,Category 1,146.23
AL061882,UNNAMED,1882-10-11T04:00:00+00:00,1882-10-10T22:09:24-05:50:36,1882-10-10,L,HU,29.5,-83.3,70,,Category 1,151.94
AL061882,UNNAMED,1882-10-11T06:00:00+00:00,1882-10-11T00:09:24-05:50:36,1882-10-11,,TS,29.8,-83.1,60,,Tropical Storm,159.02
AL061882,UNNAMED,1882-10-11T12:00:00+00:00,1882-10-11T06:09:24-05:50:36,1882-10-11,,TS,30.5,-82.6,50,,Tropical Storm,188.48
AL061882,UNNAMED,1882-10-11T18:00:00+00:00,1882-10-11T12:09:24-05:50:36,1882-10-11,,TS,31.2,-81.5,50,,Tropical Storm,262.12
AL061882,UNNAMED,1882-10-12T00:00:00+00:00,1882-10-11T18:09:24-05:50:36,1882-10-11,,TS,32.0,-80.4,60,,Tropical Storm,340.97
AL061882,UNNAMED,1882-10-12T06:00:00+00:00,1882-10-12T00:09:24-05:50:36,1882-10-12,,TS,33.0,-79.0,60,,Tropical Storm,443.08
AL031883,UNNAMED,1883-09-09T18:00:00+00:00,1883-09-09T12:09:24-05:50:36,1883-09-09,,HU,28.0,-78.1,90,,Category 2,483.51
AL031883,UNNAMED,1883-09-10T00:00:00+00:00,1883-09-09T18:09:24-05:50:36,1883-09-09,,HU,28.7,-78.2,90,,Category 2,463.69
AL031883,UNNAMED,1883-09-10T06:00:00+00:00,1883-09-10T00:09:24-05:50:36,1883-09-10,,HU,29.5,-78.3,90,,Category 2,447.43
AL031883,UNNAMED,1883-09-10T12:00:00+00:00,1883-09-10T06:09:24-05:50:36,1883-09-10,,HU,30.2,-78.4,90,,Category 2,437.84
AL031883,UNNAMED,1883-09-10T18:00:00+00:00,1883-09-10T12:09:24-05:50:36,1883-09-10,,HU,31.2,-78.5,90,,Category 2,435.99
AL031883,UNNAMED,1883-09-11T00:00:00+00:00,1883-09-10T18:09:24-05:50:36,1883-09-10,,HU,32.2,-78.6,90,,Category 2,445.15
AL031883,UNNAMED,1883-09-11T06:00:00+00:00,1883-09-11T00:09:24-05:50:36,1883-09-11,,HU,33.0,-78.6,90,,Category 2,464.24
AL031883,UNNAMED,1883-09-11T12:00:00+00:00,1883-09-11T06:09:24-05:50:36,1883-09-11,,HU,33.8,-78.5,90,,Category 2,493.85
AL031883,UNNAMED,1883-09-11T13:00:00+00:00,1883-09-11T07:09:24-05:50:36,1883-09-11,L,HU,33.9,-78.5,90,,Category 2,497.24
AL041883,UNNAMED,1883-10-22T18:00:00+00:00,1883-10-22T12:09:24-05:50:36,1883-10-22,,TS,29.0,-77.8,40,,Tropical Storm,482.77
AL041883,UNNAMED,1883-10-23T00:00:00+00:00,1883-10-22T18:09:24-05:50:36,1883-10-22,,TS,30.0,-77.8,40,,Tropical Storm,474.19
AL041883,UNNAMED,1883-10-23T06:00:00+00:00,1883-10-23T00:09:24-05:50:36,1883-10-23,,TS,31.0,-77.6,40,,Tropical Storm,487.34
AL031884,UNNAMED,1884-09-10T00:00:00+00:00,1884-09-09T18:00:00-06:00,1884-09-09,,TS,28.7,-79.1,40,,Tropical Storm,410.94
AL031884,UNNAMED,1884-09-10T06:00:00+00:00,1884-09-10T00:00:00-06:00,1884-09-10,,TS,29.7,-80.1,40,,Tropical Storm,338.42
AL031884,UNNAMED,1884-09-10T12:00:00+00:00,1884-09-10T06:00:00-06:00,1884-09-10,,TS,30.6,-80.6,40,,Tropical Storm,307.56
AL031884,UNNAMED,1884-09-10T18:00:00+00:00,1884-09-10T12:00:00-06:00,1884-09-10,,TS,31.0,-80.9,40,,Tropical Storm,293.62
AL031884,UNNAMED,1884-09-11T00:00:00+00:00,1884-09-10T18:00:00-06:00,1884-09-10,,TS,31.5,-81.1,40,,Tropical Storm,290.68
AL031884,UNNAMED,1884-09-11T01:00:00+00:00,1884-09-10T19:00:00-06:00,1884-09-10,L,TS,31.6,-81.2,40,,Tropical Storm,287.32
AL031884,UNNAMED,1884-09-11T06:00:00+00:00,1884-09-11T00:00:00-06:00,1884-09-11,,TS,31.9,-81.5,40,,Tropical Storm,278.87
AL031884,UNNAMED,1884-09-11T12:00:00+00:00,1884-09-11T06:00:00-06:00,1884-09-11,,TD,32.5,-81.6,30,,Tropical Depression,293.83
AL031884,UNNAMED,1884-09-11T18:00:00+00:00,1884-09-11T12:00:00-06:00,1884-09-11,,TD,33.0,-81.3,30,,Tropical Depression,327.78
AL031884,UNNAMED,1884-09-12T00:00:00+00:00,1884-09-11T18:00:00-06:00,1884-09-11,,TD,33.2,-81.0,30,,Tropical Depression,349.95
AL031884,UNNAMED,1884-09-12T06:00:00+00:00,1884-09-12T00:00:00-06:00,1884-09-12,,TD,33.2,-80.4,30,,Tropical Depression,378.58
AL031884,UNNAMED,1884-09-12T12:00:00+00:00,1884-09-12T06:00:00-06:00,1884-09-12,,TD,33.0,-79.9,30,,Tropical Depression,396.46
AL031884,UNNAMED,1884-09-12T18:00:00+00:00,1884-09-12T12:00:00-06:00,1884-09-12,,TS,32.2,-79.6,40,,Tropical Storm,389.67
AL031884,UNNAMED,1884-09-13T00:00:00+00:00,1884-09-12T18:00:00-06:00,1884-09-12,,TS,31.4,-79.1,50,,Tropical Storm,403.3
AL031884,UNNAMED,1884-09-13T06:00:00+00:00,1884-09-13T00:00:00-06:00,1884-09-13,,TS,30.5,-78.5,50,,Tropical Storm,431.95
AL021885,UNNAMED,1885-08-24T00:00:00+00:00,1885-08-23T18:00:00-06:00,1885-08-23,,HU,26.1,-79.5,70,,Category 1,470.48
AL021885,UNNAMED,1885-08-24T06:00:00+00:00,1885-08-24T00:00:00-06:00,1885-08-24,,HU,27.0,-79.9,70,,Category 1,414.37
AL021885,UNNAMED,1885-08-24T12:00:00+00:00,1885-08-24T06:00:00-06:00,1885-08-24,,HU,28.3,-80.3,80,,Category 1,350.85
AL021885,UNNAMED,1885-08-24T18:00:00+00:00,1885-08-24T12:00:00-06:00,1885-08-24,,HU,29.4,-80.6,90,,Category 2,311.72
AL021885,UNNAMED,1885-08-25T00:00:00+00:00,1885-08-24T18:00:00-06:00,1885-08-24,,HU,30.4,-80.8,90,,Category 2,294.8
AL021885,UNNAMED,1885-08-25T06:00:00+00:00,1885-08-25T00:00:00-06:00,1885-08-25,,HU,31.4,-80.7,90,,Category 2,311.33
AL021885,UNNAMED,1885-08-25T12:00:00+00:00,1885-08-25T06:00:00-06:00,1885-08-25,L,HU,32.6,-80.1,90,970.0,Category 2,373.51
AL021885,UNNAMED,1885-08-25T18:00:00+00:00,1885-08-25T12:00:00-06:00,1885-08-25,,HU,33.8,-78.9,80,,Category 1,473.91
AL031885,UNNAMED,1885-08-29T18:00:00+00:00,1885-08-29T12:00:00-06:00,1885-08-29,,TS,27.5,-92.6,40,,Tropical Storm,453.62
AL031885,UNNAMED,1885-08-30T00:00:00+00:00,1885-08-29T18:00:00-06:00,1885-08-29,,TS,28.1,-91.6,50,,Tropical Storm,380.9
AL031885,UNNAMED,1885-08-30T06:00:00+00:00,1885-08-30T00:00:00-06:00,1885-08-30,,TS,28.7,-90.3,50,,Tropical Storm,292.12
AL031885,UNNAMED,1885-08-30T12:00:00+00:00,1885-08-30T06:00:00-06:00,1885-08-30,,TS,29.2,-89.0,50,,Tropical Storm,206.46
AL031885,UNNAMED,1885-08-30T18:00:00+00:00,1885-08-30T12:00:00-06:00,1885-08-30,,TS,29.7,-87.1,50,,Tropical Storm,87.14
AL031885,UNNAMED,1885-08-30T23:00:00+00:00,1885-08-30T17:00:00-06:00,1885-08-30,L,TS,30.1,-85.7,50,,Tropical Storm,2.49
AL031885,UNNAMED,1885-08-31T00:00:00+00:00,1885-08-30T18:00:00-06:00,1885-08-30,,TS,30.2,-85.4,50,,Tropical Storm,20.38
AL031885,UNNAMED,1885-08-31T06:00:00+00:00,1885-08-31T00:00:00-06:00,1885-08-31,,TS,30.8,-83.4,40,,Tropical Storm,146.39
AL031885,UNNAMED,1885-08-31T12:00:00+00:00,1885-08-31T06:00:00-06:00,1885-08-31,,TS,31.3,-81.5,40,,Tropical Storm,264.04
AL031885,UNNAMED,1885-08-31T18:00:00+00:00,1885-08-31T12:00:00-06:00,1885-08-31,,TS,32.0,-79.1,40,,Tropical Storm,413.14
AL041885,UNNAMED,1885-09-20T18:00:00+00:00,1885-09-20T12:00:00-06:00,1885-09-20,,TS,28.3,-93.0,50,,Tropical Storm,456.09
AL041885,UNNAMED,1885-09-21T00:00:00+00:00,1885-09-20T18:00:00-06:00,1885-09-20,,TS,28.7,-91.0,50,,Tropical Storm,332.08
AL041885,UNNAMED,1885-09-21T03:00:00+00:00,1885-09-20T21:00:00-06:00,1885-09-20,L,TS,29.0,-89.4,50,,Tropical Storm,233.84
AL041885,UNNAMED,1885-09-21T06:00:00+00:00,1885-09-21T00:00:00-06:00,1885-09-21,,TS,29.3,-88.0,50,,Tropical Storm,147.66
AL041885,UNNAMED,1885-09-21T12:00:00+00:00,1885-09-21T06:00:00-06:00,1885-09-21,L,TS,30.0,-85.6,50,,Tropical Storm,11.62
AL041885,UNNAMED,1885-09-21T18:00:00+00:00,1885-09-21T12:00:00-06:00,1885-09-21,,TS,30.6,-82.8,40,,Tropical Storm,177.73
AL041885,UNNAMED,1885-09-22T00:00:00+00:00,1885-09-21T18:00:00-06:00,1885-09-21,,TS,31.6,-79.6,50,,Tropical Storm,377.52
AL061885,UNNAMED,1885-09-24T00:00:00+00:00,1885-09-23T18:00:00-06:00,1885-09-23,,TS,26.4,-87.8,40,,Tropical Storm,286.53
AL061885,UNNAMED,1885-09-24T06:00:00+00:00,1885-09-24T00:00:00-06:00,1885-09-24,,TS,26.7,-87.9,40,,Tropical Storm,270.89
AL061885,UNNAMED,1885-09-24T12:00:00+00:00,1885-09-24T06:00:00-06:00,1885-09-24,,TS,27.0,-88.0,40,,Tropical Storm,256.1
AL061885,UNNAMED,1885-09-24T18:00:00+00:00,1885-09-24T12:00:00-06:00,1885-09-24,,TS,27.4,-88.1,40,,Tropical Storm,236.74
AL061885,UNNAMED,1885-09-25T00:00:00+00:00,1885-09-24T18:00:00-06:00,1885-09-24,,TS,27.8,-88.3,50,,Tropical Storm,223.46
AL061885,UNNAMED,1885-09-25T06:00:00+00:00,1885-09-25T00:00:00-06:00,1885-09-25,,TS,28.2,-88.4,50,,Tropical Storm,208.89
AL061885,UNNAMED,1885-09-25T12:00:00+00:00,1885-09-25T06:00:00-06:00,1885-09-25,,TS,28.7,-88.6,50,,Tropical Storm,198.82
AL061885,UNNAMED,1885-09-25T18:00:00+00:00,1885-09-25T12:00:00-06:00,1885-09-25,,TS,29.0,-88.8,50,,Tropical Storm,200.2
AL061885,UNNAMED,1885-09-26T00:00:00+00:00,1885-09-25T18:00:00-06:00,1885-09-25,,TS,29.3,-88.9,60,,Tropical Storm,198.58
AL061885,UNNAMED,1885-09-26T04:00:00+00:00,1885-09-25T22:00:00-06:00,1885-09-25,L,TS,29.6,-89.0,60,,Tropical Storm,199.26
AL061885,UNNAMED,1885-09-26T06:00:00+00:00,1885-09-26T00:00:00-06:00,1885-09-26,,TS,29.7,-89.0,60,,Tropical Storm,198.02
AL061885,UNNAMED,1885-09-26T12:00:00+00:00,1885-09-26T06:00:00-06:00,1885-09-26,,TS,30.0,-89.1,60,,Tropical Storm,201.7
AL061885,UNNAMED,1885-09-26T18:00:00+00:00,1885-09-26T12:00:00-06:00,1885-09-26,,TS,30.2,-89.0,60,,Tropical Storm,195.41
AL061885,UNNAMED,1885-09-27T00:00:00+00:00,1885-09-26T18:00:00-06:00,1885-09-26,,TS,30.3,-88.9,60,,Tropical Storm,189.65
AL061885,UNNAMED,1885-09-27T06:00:00+00:00,1885-09-27T00:00:00-06:00,1885-09-27,,TS,30.4,-88.8,50,,Tropical Storm,184.19
AL061885,UNNAMED,1885-09-27T12:00:00+00:00,1885-09-27T06:00:00-06:00,1885-09-27,,TS,30.5,-88.6,50,,Tropical Storm,173.13
AL061885,UNNAMED,1885-09-27T18:00:00+00:00,1885-09-27T12:00:00-06:00,1885-09-27,,TS,30.6,-88.4,40,,Tropical Storm,162.52
AL061885,UNNAMED,1885-09-28T00:00:00+00:00,1885-09-27T18:00:00-06:00,1885-09-27,,TS,30.6,-88.1,40,,Tropical Storm,145.05
AL061885,UNNAMED,1885-09-28T06:00:00+00:00,1885-09-28T00:00:00-06:00,1885-09-28,,TS,30.6,-87.8,40,,Tropical Storm,127.69
AL061885,UNNAMED,1885-09-28T12:00:00+00:00,1885-09-28T06:00:00-06:00,1885-09-28,,TS,30.6,-87.4,40,,Tropical Storm,104.83
AL061885,UNNAMED,1885-09-28T18:00:00+00:00,1885-09-28T12:00:00-06:00,1885-09-28,,TS,30.6,-87.0,40,,Tropical Storm,82.52
AL061885,UNNAMED,1885-09-29T00:00:00+00:00,1885-09-28T18:00:00-06:00,1885-09-28,,TD,30.6,-86.5,30,,Tropical Depression,56.43
AL061885,UNNAMED,1885-09-29T06:00:00+00:00,1885-09-29T00:00:00-06:00,1885-09-29,,TD,30.6,-86.0,30,,Tropical Depression,36.55
AL061885,UNNAMED,1885-09-29T12:00:00+00:00,1885-09-29T06:00:00-06:00,1885-09-29,,TD,30.5,-85.4,30,,Tropical Depression,32.54
AL061885,UNNAMED,1885-09-29T18:00:00+00:00,1885-09-29T12:00:00-06:00,1885-09-29,,TD,30.4,-84.8,30,,Tropical Depression,58.66
AL061885,UNNAMED,1885-09-30T00:00:00+00:00,1885-09-29T18:00:00-06:00,1885-09-29,,TD,30.3,-84.0,30,,Tropical Depression,104.0
AL061885,UNNAMED,1885-09-30T06:00:00+00:00,1885-09-30T00:00:00-06:00,1885-09-30,,TD,30.2,-83.3,30,,Tropical Depression,145.25
AL061885,UNNAMED,1885-09-30T12:00:00+00:00,1885-09-30T06:00:00-06:00,1885-09-30,,TD,30.2,-82.8,30,,Tropical Depression,175.11
AL061885,UNNAMED,1885-09-30T18:00:00+00:00,1885-09-30T12:00:00-06:00,1885-09-30,,TD,30.2,-81.8,30,,Tropical Depression,234.82
AL061885,UNNAMED,1885-10-01T00:00:00+00:00,1885-09-30T18:00:00-06:00,1885-09-30,,TS,30.4,-80.8,40,,Tropical Storm,294.8
AL061885,UNNAMED,1885-10-01T06:00:00+00:00,1885-10-01T00:00:00-06:00,1885-10-01,,TS,30.7,-79.6,40,,Tropical Storm,367.37
AL061885,UNNAMED,1885-10-01T12:00:00+00:00,1885-10-01T06:00:00-06:00,1885-10-01,,TS,31.2,-78.8,50,,Tropical Storm,418.44
AL061885,UNNAMED,1885-10-01T18:00:00+00:00,1885-10-01T12:00:00-06:00,1885-10-01,,TS,32.0,-77.8,60,,Tropical Storm,486.76
AL081885,UNNAMED,1885-10-10T12:00:00+00:00,1885-10-10T06:00:00-06:00,1885-10-10,,TS,23.9,-83.0,40,,Tropical Storm,461.72
AL081885,UNNAMED,1885-10-10T18:00:00+00:00,1885-10-10T12:00:00-06:00,1885-10-10,,TS,24.7,-83.3,40,,Tropical Storm,403.34
AL081885,UNNAMED,1885-10-11T00:00:00+00:00,1885-10-10T18:00:00-06:00,1885-10-10,,TS,25.7,-83.6,50,,Tropical Storm,332.22
AL081885,UNNAMED,1885-10-11T06:00:00+00:00,1885-10-11T00:00:00-06:00,1885-10-11,,TS,26.5,-83.9,50,,Tropical Storm,274.07
AL081885,UNNAMED,1885-10-11T12:00:00+00:00,1885-10-11T06:00:00-06:00,1885-10-11,,TS,27.3,-84.0,60,,Tropical Storm,221.55
AL081885,UNNAMED,1885-10-11T18:00:00+00:00,1885-10-11T12:00:00-06:00,1885-10-11,,TS,28.6,-83.6,60,,Tropical Storm,165.99
AL081885,UNNAMED,1885-10-11T22:00:00+00:00,1885-10-11T16:00:00-06:00,1885-10-11,L,TS,29.4,-83.2,60,,Tropical Storm,159.8
AL081885,UNNAMED,1885-10-12T00:00:00+00:00,1885-10-11T18:00:00-06:00,1885-10-11,,TS,30.0,-83.0,50,,Tropical Storm,163.48
AL081885,UNNAMED,1885-10-12T06:00:00+00:00,1885-10-12T00:00:00-06:00,1885-10-12,,TS,31.4,-82.4,50,,Tropical Storm,216.43
AL081885,UNNAMED,1885-10-12T12:00:00+00:00,1885-10-12T06:00:00-06:00,1885-10-12,,TS,33.0,-81.5,40,,Tropical Storm,318.5
AL081885,UNNAMED,1885-10-12T18:00:00+00:00,1885-10-12T12:00:00-06:00,1885-10-12,,TS,34.0,-80.8,40,,Tropical Storm,393.61
AL081885,UNNAMED,1885-10-13T00:00:00+00:00,1885-10-12T18:00:00-06:00,1885-10-12,,TS,34.9,-80.0,40,,Tropical Storm,469.19
AL011886,UNNAMED,1886-06-14T18:00:00+00:00,1886-06-14T12:00:00-06:00,1886-06-14,,HU,29.9,-94.0,85,,Category 2,494.92
AL011886,UNNAMED,1886-06-15T00:00:00+00:00,1886-06-14T18:00:00-06:00,1886-06-14,,TS,30.6,-93.0,60,,Tropical Storm,434.58
AL011886,UNNAMED,1886-06-15T06:00:00+00:00,1886-06-15T00:00:00-06:00,1886-06-15,,TS,31.0,-91.8,45,,Tropical Storm,366.11
AL011886,UNNAMED,1886-06-15T12:00:00+00:00,1886-06-15T06:00:00-06:00,1886-06-15,,TS,31.2,-90.4,35,,Tropical Storm,287.29
AL011886,UNNAMED,1886-06-15T18:00:00+00:00,1886-06-15T12:00:00-06:00,1886-06-15,,TD,31.2,-89.0,30,,Tropical Depression,208.04
AL021886,UNNAMED,1886-06-19T06:00:00+00:00,1886-06-19T00:00:00-06:00,1886-06-19,,HU,22.9,-85.6,75,,Category 1,499.26
AL021886,UNNAMED,1886-06-19T12:00:00+00:00,1886-06-19T06:00:00-06:00,1886-06-19,,HU,23.3,-85.3,80,,Category 1,472.31
AL021886,UNNAMED,1886-06-19T18:00:00+00:00,1886-06-19T12:00:00-06:00,1886-06-19,,HU,23.8,-85.1,80,,Category 1,438.73
AL021886,UNNAMED,1886-06-20T00:00:00+00:00,1886-06-19T18:00:00-06:00,1886-06-19,,HU,24.3,-84.9,85,,Category 2,405.68
AL021886,UNNAMED,1886-06-20T06:00:00+00:00,1886-06-20T00:00:00-06:00,1886-06-20,,HU,24.7,-84.7,85,,Category 2,380.11
AL021886,UNNAMED,1886-06-20T12:00:00+00:00,1886-06-20T06:00:00-06:00,1886-06-20,,HU,25.3,-84.5,85,,Category 2,341.75
AL021886,UNNAMED,1886-06-20T18:00:00+00:00,1886-06-20T12:00:00-06:00,1886-06-20,,HU,26.3,-84.4,85,,Category 2,276.4
AL021886,UNNAMED,1886-06-21T00:00:00+00:00,1886-06-20T18:00:00-06:00,1886-06-20,,HU,27.7,-84.2,85,,Category 2,191.4
AL021886,UNNAMED,1886-06-21T06:00:00+00:00,1886-06-21T00:00:00-06:00,1886-06-21,,HU,28.9,-84.1,85,,Category 2,129.49
AL021886,UNNAMED,1886-06-21T11:00:00+00:00,1886-06-21T05:00:00-06:00,1886-06-21,L,HU,30.1,-84.0,85,,Category 2,103.41
AL021886,UNNAMED,1886-06-21T12:00:00+00:00,1886-06-21T06:00:00-06:00,1886-06-21,,HU,30.3,-84.0,80,,Category 1,104.0
AL021886,UNNAMED,1886-06-21T18:00:00+00:00,1886-06-21T12:00:00-06:00,1886-06-21,,HU,31.3,-83.8,65,,Category 1,140.48
AL021886,UNNAMED,1886-06-22T00:00:00+00:00,1886-06-21T18:00:00-06:00,1886-06-21,,TS,32.3,-83.2,45,,Tropical Storm,211.96
AL021886,UNNAMED,1886-06-22T06:00:00+00:00,1886-06-22T00:00:00-06:00,1886-06-22,,TS,33.8,-82.2,40,,Tropical Storm,327.5
AL021886,UNNAMED,1886-06-22T12:00:00+00:00,1886-06-22T06:00:00-06:00,1886-06-22,,TS,35.2,-81.0,35,,Tropical Storm,445.57
AL031886,UNNAMED,1886-06-29T12:00:00+00:00,1886-06-29T06:00:00-06:00,1886-06-29,,HU,23.7,-85.3,75,,Category 1,444.71
AL031886,UNNAMED,1886-06-29T18:00:00+00:00,1886-06-29T12:00:00-06:00,1886-06-29,,HU,24.6,-86.0,80,,Category 1,382.1
AL031886,UNNAMED,1886-06-30T00:00:00+00:00,1886-06-29T18:00:00-06:00,1886-06-29,,HU,25.6,-86.4,85,,Category 2,315.31
AL031886,UNNAMED,1886-06-30T06:00:00+00:00,1886-06-30T00:00:00-06:00,1886-06-30,,HU,26.4,-86.7,85,,Category 2,264.05
AL031886,UNNAMED,1886-06-30T12:00:00+00:00,1886-06-30T06:00:00-06:00,1886-06-30,,HU,27.3,-86.7,85,,Category 2,203.84
AL031886,UNNAMED,1886-06-30T18:00:00+00:00,1886-06-30T12:00:00-06:00,1886-06-30,,HU,28.8,-86.0,85,,Category 2,92.98
AL031886,UNNAMED,1886-06-30T21:00:00+00:00,1886-06-30T15:00:00-06:00,1886-06-30,L,HU,29.7,-85.2,85,,Category 2,43.24
AL031886,UNNAMED,1886-07-01T00:00:00+00:00,1886-06-30T18:00:00-06:00,1886-06-30,,HU,30.4,-84.4,70,,Category 1,81.61
AL031886,UNNAMED,1886-07-01T06:00:00+00:00,1886-07-01T00:00:00-06:00,1886-07-01,,TS,31.8,-82.7,55,,Tropical Storm,213.58
AL031886,UNNAMED,1886-07-01T12:00:00+00:00,1886-07-01T06:00:00-06:00,1886-07-01,,TS,33.0,-81.3,50,,Tropical Storm,327.78
AL031886,UNNAMED,1886-07-01T18:00:00+00:00,1886-07-01T12:00:00-06:00,1886-07-01,,TS,33.8,-80.3,45,,Tropical Storm,407.05
AL041886,UNNAMED,1886-07-18T00:00:00+00:00,1886-07-17T18:00:00-06:00,1886-07-17,,HU,23.7,-84.4,70,,Category 1,451.41
AL041886,UNNAMED,1886-07-18T06:00:00+00:00,1886-07-18T00:00:00-06:00,1886-07-18,,HU,25.1,-83.9,70,,Category 1,364.8
AL041886,UNNAMED,1886-07-18T12:00:00+00:00,1886-07-18T06:00:00-06:00,1886-07-18,,HU,26.5,-83.5,70,,Category 1,284.82
AL041886,UNNAMED,1886-07-18T18:00:00+00:00,1886-07-18T12:00:00-06:00,1886-07-18,,HU,27.6,-83.3,70,,Category 1,228.15
AL041886,UNNAMED,1886-07-19T00:00:00+00:00,1886-07-18T18:00:00-06:00,1886-07-18,,HU,28.7,-82.8,70,,Category 1,201.96
AL041886,UNNAMED,1886-07-19T01:00:00+00:00,1886-07-18T19:00:00-06:00,1886-07-18,L,HU,28.8,-82.7,70,,Category 1,203.97
AL041886,UNNAMED,1886-07-19T06:00:00+00:00,1886-07-19T00:00:00-06:00,1886-07-19,,TS,29.5,-82.1,55,,Tropical Storm,221.85
AL041886,UNNAMED,1886-07-19T12:00:00+00:00,1886-07-19T06:00:00-06:00,1886-07-19,,TS,30.3,-81.0,50,,Tropical Storm,282.66
AL041886,UNNAMED,1886-07-19T18:00:00+00:00,1886-07-19T12:00:00-06:00,1886-07-19,,TS,31.4,-78.6,60,,Tropical Storm,432.3
AL051886,UNNAMED,1886-08-18T06:00:00+00:00,1886-08-18T00:00:00-06:00,1886-08-18,,HU,24.3,-83.0,70,,Category 1,435.98
AL051886,UNNAMED,1886-08-18T12:00:00+00:00,1886-08-18T06:00:00-06:00,1886-08-18,,HU,24.7,-84.3,75,,Category 1,384.94
AL051886,UNNAMED,1886-08-18T18:00:00+00:00,1886-08-18T12:00:00-06:00,1886-08-18,,HU,25.3,-86.1,75,,Category 1,334.14
AL051886,UNNAMED,1886-08-19T00:00:00+00:00,1886-08-18T18:00:00-06:00,1886-08-18,,HU,25.6,-87.9,80,,Category 1,339.56
AL051886,UNNAMED,1886-08-19T06:00:00+00:00,1886-08-19T00:00:00-06:00,1886-08-19,,HU,25.9,-89.7,90,,Category 2,379.22
AL051886,UNNAMED,1886-08-19T12:00:00+00:00,1886-08-19T06:00:00-06:00,1886-08-19,,HU,26.3,-91.9,100,,Category 3,459.17
AL061886,UNNAMED,1886-08-23T12:00:00+00:00,1886-08-23T06:00:00-06:00,1886-08-23,,HU,28.0,-77.9,85,,Category 2,495.02
AL101886,UNNAMED,1886-10-09T18:00:00+00:00,1886-10-09T12:00:00-06:00,1886-10-09,,HU,23.3,-85.1,65,,Category 1,473.16
AL101886,UNNAMED,1886-10-10T00:00:00+00:00,1886-10-09T18:00:00-06:00,1886-10-09,,HU,23.9,-85.4,65,,Category 1,430.59
AL101886,UNNAMED,1886-10-10T06:00:00+00:00,1886-10-10T00:00:00-06:00,1886-10-10,,HU,24.6,-85.7,70,,Category 1,381.75
AL101886,UNNAMED,1886-10-10T12:00:00+00:00,1886-10-10T06:00:00-06:00,1886-10-10,,HU,25.2,-86.0,75,,Category 1,340.69
AL101886,UNNAMED,1886-10-10T18:00:00+00:00,1886-10-10T12:00:00-06:00,1886-10-10,,HU,25.7,-86.4,80,,Category 1,308.46
AL101886,UNNAMED,1886-10-11T00:00:00+00:00,1886-10-10T18:00:00-06:00,1886-10-10,,HU,26.2,-86.9,85,,Category 2,280.39
AL101886,UNNAMED,1886-10-11T06:00:00+00:00,1886-10-11T00:00:00-06:00,1886-10-11,,HU,26.7,-87.5,90,,Category 2,259.93
AL101886,UNNAMED,1886-10-11T12:00:00+00:00,1886-10-11T06:00:00-06:00,1886-10-11,,HU,27.2,-88.1,95,,Category 2,247.95
AL101886,UNNAMED,1886-10-11T18:00:00+00:00,1886-10-11T12:00:00-06:00,1886-10-11,,HU,27.6,-89.0,100,,Category 3,263.77
AL101886,UNNAMED,1886-10-12T00:00:00+00:00,1886-10-11T18:00:00-06:00,1886-10-11,,HU,27.9,-90.3,105,,Category 3,316.0
AL101886,UNNAMED,1886-10-12T06:00:00+00:00,1886-10-12T00:00:00-06:00,1886-10-12,,HU,28.2,-91.7,105,,Category 3,383.91
AL101886,UNNAMED,1886-10-12T12:00:00+00:00,1886-10-12T06:00:00-06:00,1886-10-12,,HU,28.6,-92.7,105,,Category 3,432.65
AL101886,UNNAMED,1886-10-12T18:00:00+00:00,1886-10-12T12:00:00-06:00,1886-10-12,,HU,29.2,-93.3,105,,Category 3,458.88
AL101886,UNNAMED,1886-10-12T22:00:00+00:00,1886-10-12T16:00:00-06:00,1886-10-12,L,HU,29.8,-93.5,105,,Category 3,465.56
AL101886,UNNAMED,1886-10-13T00:00:00+00:00,1886-10-12T18:00:00-06:00,1886-10-12,,HU,30.1,-93.6,75,,Category 1,470.29
AL101886,UNNAMED,1886-10-13T06:00:00+00:00,1886-10-13T00:00:00-06:00,1886-10-13,,HU,31.1,-93.7,65,,Category 1,478.58
AL101886,UNNAMED,1886-10-13T12:00:00+00:00,1886-10-13T06:00:00-06:00,1886-10-13,,TS,32.3,-93.5,50,,Tropical Storm,482.97
AL101886,UNNAMED,1886-10-13T18:00:00+00:00,1886-10-13T12:00:00-06:00,1886-10-13,,TS,33.2,-92.9,35,,Tropical Storm,472.0
AL031887,UNNAMED,1887-06-12T12:00:00+00:00,1887-06-12T06:00:00-06:00,1887-06-12,,TS,23.5,-86.5,35,,Tropical Storm,460.2
AL031887,UNNAMED,1887-06-12T18:00:00+00:00,1887-06-12T12:00:00-06:00,1887-06-12,,TS,24.3,-86.9,35,,Tropical Storm,408.83
AL031887,UNNAMED,1887-06-13T00:00:00+00:00,1887-06-12T18:00:00-06:00,1887-06-12,,TS,25.1,-87.3,35,,Tropical Storm,360.24
AL031887,UNNAMED,1887-06-13T06:00:00+00:00,1887-06-13T00:00:00-06:00,1887-06-13,,TS,26.0,-87.7,35,,Tropical Storm,309.27
AL031887,UNNAMED,1887-06-13T12:00:00+00:00,1887-06-13T06:00:00-06:00,1887-06-13,,TS,27.0,-88.0,35,,Tropical Storm,256.1
AL031887,UNNAMED,1887-06-13T18:00:00+00:00,1887-06-13T12:00:00-06:00,1887-06-13,,TS,28.0,-88.3,35,,Tropical Storm,213.64
AL031887,UNNAMED,1887-06-14T00:00:00+00:00,1887-06-13T18:00:00-06:00,1887-06-13,,TS,29.0,-88.5,35,,Tropical Storm,183.72
AL031887,UNNAMED,1887-06-14T06:00:00+00:00,1887-06-14T00:00:00-06:00,1887-06-14,,TS,30.0,-88.7,35,,Tropical Storm,177.81
AL031887,UNNAMED,1887-06-14T07:00:00+00:00,1887-06-14T01:00:00-06:00,1887-06-14,L,TS,30.2,-88.7,35,,Tropical Storm,177.49
AL031887,UNNAMED,1887-06-14T12:00:00+00:00,1887-06-14T06:00:00-06:00,1887-06-14,,TD,31.0,-88.8,30,,Tropical Depression,192.39
AL031887,UNNAMED,1887-06-14T18:00:00+00:00,1887-06-14T12:00:00-06:00,1887-06-14,,TD,32.0,-88.8,30,,Tropical Depression,223.14
AL041887,UNNAMED,1887-07-26T06:00:00+00:00,1887-07-26T00:00:00-06:00,1887-07-26,,HU,23.9,-87.5,75,,Category 1,443.67
AL041887,UNNAMED,1887-07-26T12:00:00+00:00,1887-07-26T06:00:00-06:00,1887-07-26,,HU,25.1,-87.6,75,,Category 1,365.56
AL041887,UNNAMED,1887-07-26T18:00:00+00:00,1887-07-26T12:00:00-06:00,1887-07-26,,HU,26.3,-87.7,75,,Category 1,290.21
AL041887,UNNAMED,1887-07-27T00:00:00+00:00,1887-07-26T18:00:00-06:00,1887-07-26,,HU,27.5,-87.6,75,,Category 1,213.79
AL041887,UNNAMED,1887-07-27T06:00:00+00:00,1887-07-27T00:00:00-06:00,1887-07-27,,HU,28.7,-87.2,75,,Category 1,132.37
AL041887,UNNAMED,1887-07-27T12:00:00+00:00,1887-07-27T06:00:00-06:00,1887-07-27,,HU,29.9,-86.8,75,,Category 1,65.88
AL041887,UNNAMED,1887-07-27T15:00:00+00:00,1887-07-27T09:00:00-06:00,1887-07-27,L,HU,30.4,-86.6,75,,Category 1,55.29
AL041887,UNNAMED,1887-07-27T18:00:00+00:00,1887-07-27T12:00:00-06:00,1887-07-27,,HU,30.9,-86.3,65,,Category 1,63.39
AL041887,UNNAMED,1887-07-28T00:00:00+00:00,1887-07-27T18:00:00-06:00,1887-07-27,,TS,31.7,-85.8,50,,Tropical Storm,108.9
AL041887,UNNAMED,1887-07-28T06:00:00+00:00,1887-07-28T00:00:00-06:00,1887-07-28,,TS,32.3,-85.4,40,,Tropical Storm,151.54
AL041887,UNNAMED,1887-07-28T12:00:00+00:00,1887-07-28T06:00:00-06:00,1887-07-28,,TS,32.8,-85.0,35,,Tropical Storm,189.76
AL041887,UNNAMED,1887-07-28T18:00:00+00:00,1887-07-28T12:00:00-06:00,1887-07-28,,TD,33.6,-84.4,30,,Tropical Depression,252.46
AL061887,UNNAMED,1887-08-19T00:00:00+00:00,1887-08-18T18:00:00-06:00,1887-08-18,,HU,28.1,-78.2,90,,Category 2,475.47
AL061887,UNNAMED,1887-08-19T06:00:00+00:00,1887-08-19T00:00:00-06:00,1887-08-19,,HU,28.6,-78.8,95,,Category 2,430.32
AL061887,UNNAMED,1887-08-19T12:00:00+00:00,1887-08-19T06:00:00-06:00,1887-08-19,,HU,29.5,-79.0,100,,Category 3,405.7
AL061887,UNNAMED,1887-08-19T18:00:00+00:00,1887-08-19T12:00:00-06:00,1887-08-19,,HU,30.9,-78.8,100,,Category 3,415.9
AL061887,UNNAMED,1887-08-20T00:00:00+00:00,1887-08-19T18:00:00-06:00,1887-08-19,,HU,32.4,-78.0,100,,Category 3,482.7
AL071887,UNNAMED,1887-08-22T12:00:00+00:00,1887-08-22T06:00:00-06:00,1887-08-22,,HU,27.0,-78.3,110,,Category 3,499.76
AL071887,UNNAMED,1887-08-22T18:00:00+00:00,1887-08-22T12:00:00-06:00,1887-08-22,,HU,27.8,-78.6,110,,Category 3,459.87
AL071887,UNNAMED,1887-08-23T00:00:00+00:00,1887-08-22T18:00:00-06:00,1887-08-22,,HU,28.6,-78.7,110,,Category 3,436.16
AL071887,UNNAMED,1887-08-23T06:00:00+00:00,1887-08-23T00:00:00-06:00,1887-08-23,,HU,29.3,-78.6,110,,Category 3,431.57
AL071887,UNNAMED,1887-08-23T12:00:00+00:00,1887-08-23T06:00:00-06:00,1887-08-23,,HU,30.0,-78.5,110,,Category 3,432.36
AL071887,UNNAMED,1887-08-23T18:00:00+00:00,1887-08-23T12:00:00-06:00,1887-08-23,,HU,30.7,-78.4,110,,Category 3,438.49
AL071887,UNNAMED,1887-08-24T00:00:00+00:00,1887-08-23T18:00:00-06:00,1887-08-23,,HU,31.4,-78.2,110,,Category 3,455.56
AL071887,UNNAMED,1887-08-24T06:00:00+00:00,1887-08-24T00:00:00-06:00,1887-08-24,,HU,31.8,-78.0,110,,Category 3,472.26
AL071887,UNNAMED,1887-08-24T12:00:00+00:00,1887-08-24T06:00:00-06:00,1887-08-24,,HU,32.3,-77.7,110,,Category 3,497.58
AL131887,UNNAMED,1887-10-15T06:00:00+00:00,1887-10-15T00:00:00-06:00,1887-10-15,,HU,23.1,-87.0,75,,Category 1,491.67
AL131887,UNNAMED,1887-10-15T12:00:00+00:00,1887-10-15T06:00:00-06:00,1887-10-15,,HU,23.3,-87.5,75,,Category 1,484.03
AL131887,UNNAMED,1887-10-15T18:00:00+00:00,1887-10-15T12:00:00-06:00,1887-10-15,,HU,23.5,-87.8,75,,Category 1,475.17
AL131887,UNNAMED,1887-10-16T00:00:00+00:00,1887-10-15T18:00:00-06:00,1887-10-15,,HU,23.7,-88.2,75,,Category 1,469.24
AL131887,UNNAMED,1887-10-16T06:00:00+00:00,1887-10-16T00:00:00-06:00,1887-10-16,,HU,23.9,-88.5,75,,Category 1,462.62
AL131887,UNNAMED,1887-10-16T12:00:00+00:00,1887-10-16T06:00:00-06:00,1887-10-16,,HU,24.1,-88.8,75,,Category 1,457.04
AL131887,UNNAMED,1887-10-16T18:00:00+00:00,1887-10-16T12:00:00-06:00,1887-10-16,,HU,24.3,-89.3,75,,Category 1,458.28
AL131887,UNNAMED,1887-10-17T00:00:00+00:00,1887-10-16T18:00:00-06:00,1887-10-16,,HU,24.5,-89.6,75,,Category 1,455.42
AL131887,UNNAMED,1887-10-17T06:00:00+00:00,1887-10-17T00:00:00-06:00,1887-10-17,,HU,24.8,-89.9,75,,Category 1,447.92
AL131887,UNNAMED,1887-10-17T12:00:00+00:00,1887-10-17T06:00:00-06:00,1887-10-17,,HU,25.1,-90.2,75,,Category 1,441.98
AL131887,UNNAMED,1887-10-17T18:00:00+00:00,1887-10-17T12:00:00-06:00,1887-10-17,,HU,25.6,-90.5,75,,Category 1,427.26
AL131887,UNNAMED,1887-10-18T00:00:00+00:00,1887-10-17T18:00:00-06:00,1887-10-17,,HU,26.3,-90.9,75,,Category 1,410.91
AL131887,UNNAMED,1887-10-18T06:00:00+00:00,1887-10-18T00:00:00-06:00,1887-10-18,,HU,27.1,-91.2,75,,Category 1,392.04
AL131887,UNNAMED,1887-10-18T12:00:00+00:00,1887-10-18T06:00:00-06:00,1887-10-18,,HU,27.7,-91.3,75,,Category 1,376.18
AL131887,UNNAMED,1887-10-18T18:00:00+00:00,1887-10-18T12:00:00-06:00,1887-10-18,,HU,28.3,-91.1,75,,Category 1,347.47
AL131887,UNNAMED,1887-10-19T00:00:00+00:00,1887-10-18T18:00:00-06:00,1887-10-18,,HU,28.9,-90.7,75,,Category 1,310.56
AL131887,UNNAMED,1887-10-19T02:00:00+00:00,1887-10-18T20:00:00-06:00,1887-10-18,L,HU,29.1,-90.4,75,,Category 1,289.3
AL131887,UNNAMED,1887-10-19T06:00:00+00:00,1887-10-19T00:00:00-06:00,1887-10-19,,HU,29.5,-90.0,65,,Category 1,259.58
AL131887,UNNAMED,1887-10-19T12:00:00+00:00,1887-10-19T06:00:00-06:00,1887-10-19,,TS,30.2,-89.1,55,,Tropical Storm,201.38
AL131887,UNNAMED,1887-10-19T18:00:00+00:00,1887-10-19T12:00:00-06:00,1887-10-19,,TS,30.9,-88.0,45,,Tropical Storm,145.34
AL131887,UNNAMED,1887-10-20T00:00:00+00:00,1887-10-19T18:00:00-06:00,1887-10-19,,TS,31.5,-86.1,35,,Tropical Storm,97.51
AL131887,UNNAMED,1887-10-20T06:00:00+00:00,1887-10-20T00:00:00-06:00,1887-10-20,,TD,32.2,-84.1,30,,Tropical Depression,172.74
AL131887,UNNAMED,1887-10-20T12:00:00+00:00,1887-10-20T06:00:00-06:00,1887-10-20,,TD,33.0,-82.5,30,,Tropical Depression,274.96
AL131887,UNNAMED,1887-10-20T18:00:00+00:00,1887-10-20T12:00:00-06:00,1887-10-20,,TD,34.4,-79.9,30,,Tropical Depression,450.69
AL161887,UNNAMED,1887-10-29T12:00:00+00:00,1887-10-29T06:00:00-06:00,1887-10-29,,TS,26.5,-86.0,35,,Tropical Storm,251.0
AL161887,UNNAMED,1887-10-29T18:00:00+00:00,1887-10-29T12:00:00-06:00,1887-10-29,,TS,27.2,-84.5,40,,Tropical Storm,215.41
AL161887,UNNAMED,1887-10-30T00:00:00+00:00,1887-10-29T18:00:00-06:00,1887-10-29,,TS,28.0,-83.0,40,,Tropical Storm,220.76
AL161887,UNNAMED,1887-10-30T01:00:00+00:00,1887-10-29T19:00:00-06:00,1887-10-29,L,TS,28.1,-82.8,40,,Tropical Storm,225.5
AL161887,UNNAMED,1887-10-30T06:00:00+00:00,1887-10-30T00:00:00-06:00,1887-10-30,,TS,28.9,-81.5,35,,Tropical Storm,268.03
AL161887,UNNAMED,1887-10-30T12:00:00+00:00,1887-10-30T06:00:00-06:00,1887-10-30,,TS,30.0,-80.0,40,,Tropical Storm,342.72
AL161887,UNNAMED,1887-10-30T18:00:00+00:00,1887-10-30T12:00:00-06:00,1887-10-30,,TS,31.3,-78.7,45,,Tropical Storm,425.34
AL011888,UNNAMED,1888-06-16T00:00:00+00:00,1888-06-15T18:00:00-06:00,1888-06-15,,TS,27.5,-93.2,35,,Tropical Storm,487.11
AL031888,UNNAMED,1888-08-16T18:00:00+00:00,1888-08-16T12:00:00-06:00,1888-08-16,,HU,25.7,-79.9,110,,Category 3,469.08
AL031888,UNNAMED,1888-08-16T19:00:00+00:00,1888-08-16T13:00:00-06:00,1888-08-16,L,HU,25.8,-80.1,110,,Category 3,455.22
AL031888,UNNAMED,1888-08-17T00:00:00+00:00,1888-08-16T18:00:00-06:00,1888-08-16,,HU,26.2,-80.9,85,,Category 2,400.04
AL031888,UNNAMED,1888-08-17T06:00:00+00:00,1888-08-17T00:00:00-06:00,1888-08-17,,HU,26.6,-82.0,70,,Category 1,332.74
AL031888,UNNAMED,1888-08-17T12:00:00+00:00,1888-08-17T06:00:00-06:00,1888-08-17,,HU,26.9,-83.3,80,,Category 1,267.22
AL031888,UNNAMED,1888-08-17T18:00:00+00:00,1888-08-17T12:00:00-06:00,1888-08-17,,HU,27.1,-84.7,90,,Category 2,218.14
AL031888,UNNAMED,1888-08-18T00:00:00+00:00,1888-08-17T18:00:00-06:00,1888-08-17,,HU,27.1,-86.2,95,,Category 2,210.94
AL031888,UNNAMED,1888-08-18T06:00:00+00:00,1888-08-18T00:00:00-06:00,1888-08-18,,HU,27.2,-87.6,95,,Category 2,231.71
AL031888,UNNAMED,1888-08-18T12:00:00+00:00,1888-08-18T06:00:00-06:00,1888-08-18,,HU,27.3,-88.6,95,,Category 2,261.4
AL031888,UNNAMED,1888-08-18T18:00:00+00:00,1888-08-18T12:00:00-06:00,1888-08-18,,HU,27.6,-89.4,95,,Category 2,282.37
AL031888,UNNAMED,1888-08-19T00:00:00+00:00,1888-08-18T18:00:00-06:00,1888-08-18,,HU,27.9,-90.0,95,,Category 2,300.3
AL031888,UNNAMED,1888-08-19T06:00:00+00:00,1888-08-19T00:00:00-06:00,1888-08-19,,HU,28.3,-90.4,95,,Category 2,308.53
AL031888,UNNAMED,1888-08-19T12:00:00+00:00,1888-08-19T06:00:00-06:00,1888-08-19,,HU,28.8,-90.6,95,,Category 2,306.91
AL031888,UNNAMED,1888-08-19T16:00:00+00:00,1888-08-19T10:00:00-06:00,1888-08-19,L,HU,29.1,-90.7,95,,Category 2,306.8
AL031888,UNNAMED,1888-08-19T18:00:00+00:00,1888-08-19T12:00:00-06:00,1888-08-19,,HU,29.3,-90.8,85,,Category 2,309.51
AL031888,UNNAMED,1888-08-20T00:00:00+00:00,1888-08-19T18:00:00-06:00,1888-08-19,,HU,29.9,-90.9,75,,Category 1,309.68
AL031888,UNNAMED,1888-08-20T06:00:00+00:00,1888-08-20T00:00:00-06:00,1888-08-20,,HU,30.7,-91.0,70,,Category 1,316.49
AL031888,UNNAMED,1888-08-20T12:00:00+00:00,1888-08-20T06:00:00-06:00,1888-08-20,,HU,31.8,-91.0,65,,Category 1,332.95
AL031888,UNNAMED,1888-08-20T18:00:00+00:00,1888-08-20T12:00:00-06:00,1888-08-20,,TS,33.2,-90.8,60,,Tropical Storm,366.03
AL031888,UNNAMED,1888-08-21T00:00:00+00:00,1888-08-20T18:00:00-06:00,1888-08-20,,TS,34.8,-90.1,55,,Tropical Storm,411.28
AL031888,UNNAMED,1888-08-21T06:00:00+00:00,1888-08-21T00:00:00-06:00,1888-08-21,,TS,36.5,-87.8,50,,Tropical Storm,456.36
AL051888,UNNAMED,1888-09-07T18:00:00+00:00,1888-09-07T12:00:00-06:00,1888-09-07,,TS,26.2,-79.2,45,,Tropical Storm,481.26
AL051888,UNNAMED,1888-09-08T00:00:00+00:00,1888-09-07T18:00:00-06:00,1888-09-07,L,TS,26.7,-80.1,45,,Tropical Storm,415.9
AL051888,UNNAMED,1888-09-08T06:00:00+00:00,1888-09-08T00:00:00-06:00,1888-09-08,,TS,27.2,-81.1,35,,Tropical Storm,345.82
AL051888,UNNAMED,1888-09-08T12:00:00+00:00,1888-09-08T06:00:00-06:00,1888-09-08,,TS,27.7,-81.8,35,1002.0,Tropical Storm,290.77
AL051888,UNNAMED,1888-09-08T18:00:00+00:00,1888-09-08T12:00:00-06:00,1888-09-08,,TS,28.3,-82.4,40,,Tropical Storm,237.1
AL051888,UNNAMED,1888-09-09T00:00:00+00:00,1888-09-08T18:00:00-06:00,1888-09-08,,TS,28.6,-82.6,45,,Tropical Storm,215.92
AL051888,UNNAMED,1888-09-09T06:00:00+00:00,1888-09-09T00:00:00-06:00,1888-09-09,,TS,29.2,-82.9,50,999.0,Tropical Storm,181.53
AL051888,UNNAMED,1888-09-09T12:00:00+00:00,1888-09-09T06:00:00-06:00,1888-09-09,,TS,30.1,-82.9,45,,Tropical Storm,169.15
AL051888,UNNAMED,1888-09-09T18:00:00+00:00,1888-09-09T12:00:00-06:00,1888-09-09,,TS,31.2,-82.3,40,,Tropical Storm,216.95
AL051888,UNNAMED,1888-09-10T00:00:00+00:00,1888-09-09T18:00:00-06:00,1888-09-09,,TS,32.5,-81.5,35,,Tropical Storm,298.75
AL051888,UNNAMED,1888-09-10T06:00:00+00:00,1888-09-10T00:00:00-06:00,1888-09-10,,TS,33.9,-80.6,35,,Tropical Storm,397.84
AL051888,UNNAMED,1888-09-10T12:00:00+00:00,1888-09-10T06:00:00-06:00,1888-09-10,,TS,35.0,-79.7,35,,Tropical Storm,486.37
AL061888,UNNAMED,1888-09-23T12:00:00+00:00,1888-09-23T06:00:00-06:00,1888-09-23,,TS,24.3,-81.0,35,,Tropical Storm,496.3
AL061888,UNNAMED,1888-09-23T18:00:00+00:00,1888-09-23T12:00:00-06:00,1888-09-23,,TS,25.5,-80.2,35,,Tropical Storm,464.96
AL061888,UNNAMED,1888-09-24T00:00:00+00:00,1888-09-23T18:00:00-06:00,1888-09-23,,TS,26.6,-79.7,40,,Tropical Storm,440.02
AL061888,UNNAMED,1888-09-24T06:00:00+00:00,1888-09-24T00:00:00-06:00,1888-09-24,,TS,27.7,-79.1,40,,Tropical Storm,434.49
AL061888,UNNAMED,1888-09-24T12:00:00+00:00,1888-09-24T06:00:00-06:00,1888-09-24,,TS,28.7,-78.6,45,,Tropical Storm,440.2
AL061888,UNNAMED,1888-09-24T18:00:00+00:00,1888-09-24T12:00:00-06:00,1888-09-24,,TS,29.5,-78.2,45,,Tropical Storm,453.4
AL061888,UNNAMED,1888-09-25T00:00:00+00:00,1888-09-24T18:00:00-06:00,1888-09-24,,TS,30.1,-77.8,45,,Tropical Storm,473.87
AL061888,UNNAMED,1888-09-25T06:00:00+00:00,1888-09-25T00:00:00-06:00,1888-09-25,,TS,30.7,-77.5,50,,Tropical Storm,491.89
AL071888,UNNAMED,1888-10-09T12:00:00+00:00,1888-10-09T06:00:00-06:00,1888-10-09,,HU,24.2,-90.0,65,,Category 1,486.19
AL071888,UNNAMED,1888-10-09T18:00:00+00:00,1888-10-09T12:00:00-06:00,1888-10-09,,HU,24.9,-89.1,75,,Category 1,415.84
AL071888,UNNAMED,1888-10-10T00:00:00+00:00,1888-10-09T18:00:00-06:00,1888-10-09,,HU,25.6,-88.2,80,,Category 1,347.12
AL071888,UNNAMED,1888-10-10T06:00:00+00:00,1888-10-10T00:00:00-06:00,1888-10-10,,HU,26.3,-87.2,85,,Category 2,279.02
AL071888,UNNAMED,1888-10-10T12:00:00+00:00,1888-10-10T06:00:00-06:00,1888-10-10,,HU,27.0,-86.0,90,,Category 2,216.54
AL071888,UNNAMED,1888-10-10T18:00:00+00:00,1888-10-10T12:00:00-06:00,1888-10-10,,HU,27.7,-84.6,95,,Category 2,180.95
AL071888,UNNAMED,1888-10-11T00:00:00+00:00,1888-10-10T18:00:00-06:00,1888-10-10,,HU,29.0,-83.3,95,970.0,Category 2,165.43
AL071888,UNNAMED,1888-10-11T01:00:00+00:00,1888-10-10T19:00:00-06:00,1888-10-10,L,HU,29.2,-83.1,95,970.0,Category 2,170.34
AL071888,UNNAMED,1888-10-11T06:00:00+00:00,1888-10-11T00:00:00-06:00,1888-10-11,,HU,30.5,-81.3,70,,Category 1,265.49
AL071888,UNNAMED,1888-10-11T12:00:00+00:00,1888-10-11T06:00:00-06:00,1888-10-11,,TS,32.3,-79.5,60,,Tropical Storm,397.55
AL021889,UNNAMED,1889-06-16T06:00:00+00:00,1889-06-16T00:00:00-06:00,1889-06-16,,TS,23.7,-85.4,60,,Tropical Storm,444.39
AL021889,UNNAMED,1889-06-16T12:00:00+00:00,1889-06-16T06:00:00-06:00,1889-06-16,,TS,24.6,-85.5,55,,Tropical Storm,382.0
AL021889,UNNAMED,1889-06-16T18:00:00+00:00,1889-06-16T12:00:00-06:00,1889-06-16,,TS,25.6,-85.4,50,,Tropical Storm,313.3
AL021889,UNNAMED,1889-06-17T00:00:00+00:00,1889-06-16T18:00:00-06:00,1889-06-16,,TS,26.6,-85.1,45,,Tropical Storm,246.55
AL021889,UNNAMED,1889-06-17T06:00:00+00:00,1889-06-17T00:00:00-06:00,1889-06-17,,TS,27.6,-84.5,45,,Tropical Storm,189.67
AL021889,UNNAMED,1889-06-17T12:00:00+00:00,1889-06-17T06:00:00-06:00,1889-06-17,,TS,28.6,-83.5,45,,Tropical Storm,170.68
AL021889,UNNAMED,1889-06-17T15:00:00+00:00,1889-06-17T09:00:00-06:00,1889-06-17,L,TS,29.1,-82.9,45,,Tropical Storm,184.15
AL021889,UNNAMED,1889-06-17T18:00:00+00:00,1889-06-17T12:00:00-06:00,1889-06-17,,TS,29.6,-82.2,40,,Tropical Storm,214.59
AL021889,UNNAMED,1889-06-18T00:00:00+00:00,1889-06-17T18:00:00-06:00,1889-06-17,,TS,30.7,-80.9,35,,Tropical Storm,290.51
AL021889,UNNAMED,1889-06-18T06:00:00+00:00,1889-06-18T00:00:00-06:00,1889-06-18,,TS,31.7,-79.5,40,,Tropical Storm,384.94
AL021889,UNNAMED,1889-06-18T12:00:00+00:00,1889-06-18T06:00:00-06:00,1889-06-18,,TS,32.7,-78.2,40,,Tropical Storm,478.18
AL061889,UNNAMED,1889-09-22T06:00:00+00:00,1889-09-22T00:00:00-06:00,1889-09-22,,HU,26.1,-92.4,85,,Category 2,492.34
AL061889,UNNAMED,1889-09-22T12:00:00+00:00,1889-09-22T06:00:00-06:00,1889-09-22,,HU,27.0,-92.0,80,,Category 1,437.37
AL061889,UNNAMED,1889-09-22T18:00:00+00:00,1889-09-22T12:00:00-06:00,1889-09-22,,HU,27.9,-91.4,75,,Category 1,375.44
AL061889,UNNAMED,1889-09-23T00:00:00+00:00,1889-09-22T18:00:00-06:00,1889-09-22,,HU,28.6,-90.6,70,,Category 1,311.58
AL061889,UNNAMED,1889-09-23T04:00:00+00:00,1889-09-22T22:00:00-06:00,1889-09-22,L,HU,29.1,-89.8,70,,Category 1,254.51
AL061889,UNNAMED,1889-09-23T06:00:00+00:00,1889-09-23T00:00:00-06:00,1889-09-23,,HU,29.3,-89.4,65,,Category 1,227.48
AL061889,UNNAMED,1889-09-23T12:00:00+00:00,1889-09-23T06:00:00-06:00,1889-09-23,,TS,30.1,-88.0,60,,Tropical Storm,135.68
AL061889,UNNAMED,1889-09-23T13:00:00+00:00,1889-09-23T07:00:00-06:00,1889-09-23,L,TS,30.3,-87.7,60,,Tropical Storm,118.24
AL061889,UNNAMED,1889-09-23T18:00:00+00:00,1889-09-23T12:00:00-06:00,1889-09-23,,TS,31.3,-86.2,50,,Tropical Storm,85.85
AL061889,UNNAMED,1889-09-24T00:00:00+00:00,1889-09-23T18:00:00-06:00,1889-09-23,,TS,32.8,-83.9,45,,Tropical Storm,213.98
AL061889,UNNAMED,1889-09-24T06:00:00+00:00,1889-09-24T00:00:00-06:00,1889-09-24,,TS,34.3,-81.6,45,,Tropical Storm,376.08
AL091889,UNNAMED,1889-10-05T23:00:00+00:00,1889-10-05T17:00:00-06:00,1889-10-05,L,TS,24.7,-81.1,35,,Tropical Storm,470.13
AL091889,UNNAMED,1889-10-06T00:00:00+00:00,1889-10-05T18:00:00-06:00,1889-10-05,,TS,25.0,-81.0,40,,Tropical Storm,457.4
AL091889,UNNAMED,1889-10-06T01:00:00+00:00,1889-10-05T19:00:00-06:00,1889-10-05,L,TS,25.2,-80.9,40,,Tropical Storm,450.61
AL091889,UNNAMED,1889-10-06T06:00:00+00:00,1889-10-06T00:00:00-06:00,1889-10-06,,TS,27.1,-80.2,40,,Tropical Storm,395.13
AL091889,UNNAMED,1889-10-06T12:00:00+00:00,1889-10-06T06:00:00-06:00,1889-10-06,,TS,30.0,-78.8,45,,Tropical Storm,414.43
AL011890,UNNAMED,1890-05-28T18:00:00+00:00,1890-05-28T12:00:00-06:00,1890-05-28,,TS,23.5,-84.2,40,,Tropical Storm,467.35
AL011890,UNNAMED,1890-05-29T00:00:00+00:00,1890-05-28T18:00:00-06:00,1890-05-28,,TS,24.0,-84.3,45,,Tropical Storm,432.23
AL011890,UNNAMED,1890-05-29T06:00:00+00:00,1890-05-29T00:00:00-06:00,1890-05-29,,TS,24.4,-84.4,50,,Tropical Storm,403.89
AL011890,UNNAMED,1890-05-29T12:00:00+00:00,1890-05-29T06:00:00-06:00,1890-05-29,,TS,24.8,-84.6,50,,Tropical Storm,374.38
AL011890,UNNAMED,1890-05-29T18:00:00+00:00,1890-05-29T12:00:00-06:00,1890-05-29,,TS,25.2,-84.8,50,,Tropical Storm,345.01
AL021890,UNNAMED,1890-08-26T12:00:00+00:00,1890-08-26T06:00:00-06:00,1890-08-26,,TS,24.0,-90.0,50,,Tropical Storm,497.99
AL021890,UNNAMED,1890-08-26T18:00:00+00:00,1890-08-26T12:00:00-06:00,1890-08-26,,TS,24.8,-90.5,50,,Tropical Storm,469.86
AL021890,UNNAMED,1890-08-27T00:00:00+00:00,1890-08-26T18:00:00-06:00,1890-08-26,,TS,25.8,-90.8,50,,Tropical Storm,430.04
AL021890,UNNAMED,1890-08-27T06:00:00+00:00,1890-08-27T00:00:00-06:00,1890-08-27,,TS,26.8,-90.9,50,,Tropical Storm,389.01
AL021890,UNNAMED,1890-08-27T12:00:00+00:00,1890-08-27T06:00:00-06:00,1890-08-27,,TS,28.0,-91.0,50,,Tropical Storm,350.45
AL021890,UNNAMED,1890-08-27T16:00:00+00:00,1890-08-27T10:00:00-06:00,1890-08-27,L,TS,29.1,-90.9,50,,Tropical Storm,318.5
AL021890,UNNAMED,1890-08-27T18:00:00+00:00,1890-08-27T12:00:00-06:00,1890-08-27,,TS,29.5,-90.8,40,,Tropical Storm,306.97
AL021890,UNNAMED,1890-08-28T00:00:00+00:00,1890-08-27T18:00:00-06:00,1890-08-27,,TS,31.5,-90.5,35,,Tropical Storm,298.54
AL021890,UNNAMED,1890-08-28T06:00:00+00:00,1890-08-28T00:00:00-06:00,1890-08-28,,TD,34.0,-90.0,30,,Tropical Depression,366.25
AL011891,UNNAMED,1891-07-07T06:00:00+00:00,1891-07-07T00:00:00-06:00,1891-07-07,,TS,33.1,-93.1,40,,Tropical Storm,479.74
AL011891,UNNAMED,1891-07-07T12:00:00+00:00,1891-07-07T06:00:00-06:00,1891-07-07,,TS,33.7,-92.3,35,,Tropical Storm,457.54
AL011891,UNNAMED,1891-07-07T18:00:00+00:00,1891-07-07T12:00:00-06:00,1891-07-07,,TD,34.2,-91.1,30,,Tropical Depression,421.68
AL011891,UNNAMED,1891-07-08T00:00:00+00:00,1891-07-07T18:00:00-06:00,1891-07-07,,TD,34.6,-89.7,25,,Tropical Depression,386.29
AL011891,UNNAMED,1891-07-08T06:00:00+00:00,1891-07-08T00:00:00-06:00,1891-07-08,,TD,35.0,-88.1,25,,Tropical Depression,363.97
AL031891,UNNAMED,1891-08-24T12:00:00+00:00,1891-08-24T06:00:00-06:00,1891-08-24,,HU,25.3,-79.7,70,,Category 1,497.0
AL031891,UNNAMED,1891-08-24T15:00:00+00:00,1891-08-24T09:00:00-06:00,1891-08-24,L,HU,25.4,-80.2,70,,Category 1,469.85
AL031891,UNNAMED,1891-08-24T18:00:00+00:00,1891-08-24T12:00:00-06:00,1891-08-24,,TS,25.5,-80.6,55,,Tropical Storm,447.54
AL031891,UNNAMED,1891-08-25T00:00:00+00:00,1891-08-24T18:00:00-06:00,1891-08-24,,TS,25.8,-81.5,50,,Tropical Storm,394.81
AL031891,UNNAMED,1891-08-25T06:00:00+00:00,1891-08-25T00:00:00-06:00,1891-08-25,,TS,26.0,-82.6,45,,Tropical Storm,342.96
AL031891,UNNAMED,1891-08-25T12:00:00+00:00,1891-08-25T06:00:00-06:00,1891-08-25,,TS,26.2,-83.7,40,,Tropical Storm,298.03
AL031891,UNNAMED,1891-08-25T18:00:00+00:00,1891-08-25T12:00:00-06:00,1891-08-25,,TS,26.2,-84.8,35,,Tropical Storm,277.04
AL071891,UNNAMED,1891-10-07T00:00:00+00:00,1891-10-06T18:00:00-06:00,1891-10-06,,TS,23.7,-82.0,40,,Tropical Storm,499.78
AL071891,UNNAMED,1891-10-07T06:00:00+00:00,1891-10-07T00:00:00-06:00,1891-10-07,,TS,24.8,-81.5,45,,Tropical Storm,450.03
AL071891,UNNAMED,1891-10-07T08:00:00+00:00,1891-10-07T02:00:00-06:00,1891-10-07,L,TS,25.2,-81.3,45,,Tropical Storm,434.97
AL071891,UNNAMED,1891-10-07T12:00:00+00:00,1891-10-07T06:00:00-06:00,1891-10-07,,TS,26.0,-81.0,40,,Tropical Storm,405.37
AL071891,UNNAMED,1891-10-07T18:00:00+00:00,1891-10-07T12:00:00-06:00,1891-10-07,,TS,27.1,-80.3,40,1004.0,Tropical Storm,389.99
AL071891,UNNAMED,1891-10-08T00:00:00+00:00,1891-10-07T18:00:00-06:00,1891-10-07,,TS,28.2,-79.3,40,,Tropical Storm,410.04
AL071891,UNNAMED,1891-10-08T06:00:00+00:00,1891-10-08T00:00:00-06:00,1891-10-08,,TS,29.3,-78.2,40,,Tropical Storm,455.36
AL081891,UNNAMED,1891-10-09T12:00:00+00:00,1891-10-09T06:00:00-06:00,1891-10-09,,TS,24.0,-83.5,40,,Tropical Storm,444.85
AL081891,UNNAMED,1891-10-09T18:00:00+00:00,1891-10-09T12:00:00-06:00,1891-10-09,,EX,25.5,-82.8,35,,Tropical Storm,366.26
AL081891,UNNAMED,1891-10-10T00:00:00+00:00,1891-10-09T18:00:00-06:00,1891-10-09,,EX,27.0,-81.5,30,,Tropical Depression,335.37
AL081891,UNNAMED,1891-10-10T06:00:00+00:00,1891-10-10T00:00:00-06:00,1891-10-10,,EX,28.4,-80.7,30,,Tropical Depression,325.73
AL081891,UNNAMED,1891-10-10T12:00:00+00:00,1891-10-10T06:00:00-06:00,1891-10-10,,EX,29.8,-80.0,30,,Tropical Depression,343.69
AL081891,UNNAMED,1891-10-10T18:00:00+00:00,1891-10-10T12:00:00-06:00,1891-10-10,,EX,31.0,-78.8,30,,Tropical Depression,416.63
AL011892,UNNAMED,1892-06-10T06:00:00+00:00,1892-06-10T00:00:00-06:00,1892-06-10,,TS,23.8,-83.8,35,,Tropical Storm,452.86
AL011892,UNNAMED,1892-06-10T12:00:00+00:00,1892-06-10T06:00:00-06:00,1892-06-10,,TS,24.7,-83.3,40,,Tropical Storm,403.34
AL011892,UNNAMED,1892-06-10T18:00:00+00:00,1892-06-10T12:00:00-06:00,1892-06-10,,TS,25.2,-82.2,40,,Tropical Storm,402.99
AL011892,UNNAMED,1892-06-10T23:00:00+00:00,1892-06-10T17:00:00-06:00,1892-06-10,L,TS,25.7,-81.3,40,,Tropical Storm,408.11
AL011892,UNNAMED,1892-06-11T00:00:00+00:00,1892-06-10T18:00:00-06:00,1892-06-10,,TS,25.8,-81.0,35,,Tropical Storm,415.38
AL011892,UNNAMED,1892-06-11T06:00:00+00:00,1892-06-11T00:00:00-06:00,1892-06-11,,TS,26.4,-79.9,35,,Tropical Storm,438.19
AL011892,UNNAMED,1892-06-11T12:00:00+00:00,1892-06-11T06:00:00-06:00,1892-06-11,,TS,27.0,-78.7,35,,Tropical Storm,478.0
AL041892,UNNAMED,1892-09-11T00:00:00+00:00,1892-09-10T18:00:00-06:00,1892-09-10,,TS,27.1,-92.9,50,,Tropical Storm,482.37
AL041892,UNNAMED,1892-09-11T06:00:00+00:00,1892-09-11T00:00:00-06:00,1892-09-11,,TS,27.4,-92.4,50,,Tropical Storm,445.6
AL041892,UNNAMED,1892-09-11T12:00:00+00:00,1892-09-11T06:00:00-06:00,1892-09-11,,TS,27.6,-92.0,50,,Tropical Storm,417.5
AL041892,UNNAMED,1892-09-11T18:00:00+00:00,1892-09-11T12:00:00-06:00,1892-09-11,,TS,27.9,-91.6,50,,Tropical Storm,386.49
AL041892,UNNAMED,1892-09-12T00:00:00+00:00,1892-09-11T18:00:00-06:00,1892-09-11,,TS,28.3,-91.2,50,,Tropical Storm,353.1
AL041892,UNNAMED,1892-09-12T06:00:00+00:00,1892-09-12T00:00:00-06:00,1892-09-12,,TS,28.9,-90.7,50,,Tropical Storm,310.56
AL041892,UNNAMED,1892-09-12T07:00:00+00:00,1892-09-12T01:00:00-06:00,1892-09-12,L,TS,29.0,-90.6,50,,Tropical Storm,302.8
AL041892,UNNAMED,1892-09-12T12:00:00+00:00,1892-09-12T06:00:00-06:00,1892-09-12,,TS,29.7,-90.1,45,,Tropical Storm,263.34
AL041892,UNNAMED,1892-09-12T18:00:00+00:00,1892-09-12T12:00:00-06:00,1892-09-12,,TS,30.9,-88.9,40,,Tropical Storm,196.14
AL041892,UNNAMED,1892-09-13T00:00:00+00:00,1892-09-12T18:00:00-06:00,1892-09-12,,TS,32.7,-87.7,35,,Tropical Storm,212.47
AL041892,UNNAMED,1892-09-13T06:00:00+00:00,1892-09-13T00:00:00-06:00,1892-09-13,,TS,34.7,-86.5,35,,Tropical Storm,319.27
AL041892,UNNAMED,1892-09-13T12:00:00+00:00,1892-09-13T06:00:00-06:00,1892-09-13,,EX,36.8,-85.4,40,,Tropical Storm,461.59
AL091892,UNNAMED,1892-10-22T12:00:00+00:00,1892-10-22T06:00:00-06:00,1892-10-22,,TS,24.6,-90.0,45,,Tropical Storm,462.9
AL091892,UNNAMED,1892-10-22T18:00:00+00:00,1892-10-22T12:00:00-06:00,1892-10-22,,TS,25.1,-89.4,45,,Tropical Storm,413.48
AL091892,UNNAMED,1892-10-23T00:00:00+00:00,1892-10-22T18:00:00-06:00,1892-10-22,,TS,25.5,-88.7,45,,Tropical Storm,367.46
AL091892,UNNAMED,1892-10-23T06:00:00+00:00,1892-10-23T00:00:00-06:00,1892-10-23,,TS,25.9,-87.9,45,,Tropical Storm,320.5
AL091892,UNNAMED,1892-10-23T12:00:00+00:00,1892-10-23T06:00:00-06:00,1892-10-23,,TS,26.2,-87.2,45,,Tropical Storm,285.58
AL091892,UNNAMED,1892-10-23T18:00:00+00:00,1892-10-23T12:00:00-06:00,1892-10-23,,TS,26.6,-86.3,45,,Tropical Storm,246.01
AL091892,UNNAMED,1892-10-24T00:00:00+00:00,1892-10-23T18:00:00-06:00,1892-10-23,,TS,26.9,-85.5,45,,Tropical Storm,223.26
AL091892,UNNAMED,1892-10-24T06:00:00+00:00,1892-10-24T00:00:00-06:00,1892-10-24,,TS,27.1,-84.8,45,,Tropical Storm,216.48
AL091892,UNNAMED,1892-10-24T12:00:00+00:00,1892-10-24T06:00:00-06:00,1892-10-24,,TS,27.3,-84.0,45,,Tropical Storm,221.55
AL091892,UNNAMED,1892-10-24T18:00:00+00:00,1892-10-24T12:00:00-06:00,1892-10-24,,TS,27.6,-82.7,45,,Tropical Storm,253.06
AL091892,UNNAMED,1892-10-24T19:00:00+00:00,1892-10-24T13:00:00-06:00,1892-10-24,L,TS,27.6,-82.8,45,,Tropical Storm,248.72
AL091892,UNNAMED,1892-10-25T00:00:00+00:00,1892-10-24T18:00:00-06:00,1892-10-24,,TS,28.0,-81.0,40,,Tropical Storm,321.14
AL091892,UNNAMED,1892-10-25T06:00:00+00:00,1892-10-25T00:00:00-06:00,1892-10-25,,TS,28.3,-79.2,35,,Tropical Storm,413.41
AL091892,UNNAMED,1892-10-25T12:00:00+00:00,1892-10-25T06:00:00-06:00,1892-10-25,,TS,28.5,-77.7,35,,Tropical Storm,496.52
AL011893,UNNAMED,1893-06-14T06:00:00+00:00,1893-06-14T00:00:00-06:00,1893-06-14,,TS,25.2,-90.4,60,,Tropical Storm,444.26
AL011893,UNNAMED,1893-06-14T12:00:00+00:00,1893-06-14T06:00:00-06:00,1893-06-14,,TS,25.8,-89.7,60,,Tropical Storm,384.63
AL011893,UNNAMED,1893-06-14T18:00:00+00:00,1893-06-14T12:00:00-06:00,1893-06-14,,TS,26.2,-88.9,60,,Tropical Storm,332.87
AL011893,UNNAMED,1893-06-15T00:00:00+00:00,1893-06-14T18:00:00-06:00,1893-06-14,,TS,26.6,-88.2,60,,Tropical Storm,286.11
AL011893,UNNAMED,1893-06-15T06:00:00+00:00,1893-06-15T00:00:00-06:00,1893-06-15,,TS,27.0,-87.4,60,,Tropical Storm,238.51
AL011893,UNNAMED,1893-06-15T12:00:00+00:00,1893-06-15T06:00:00-06:00,1893-06-15,,TS,27.7,-86.5,60,,Tropical Storm,173.9
AL011893,UNNAMED,1893-06-15T18:00:00+00:00,1893-06-15T12:00:00-06:00,1893-06-15,,TS,28.6,-85.3,60,,Tropical Storm,108.5
AL011893,UNNAMED,1893-06-15T23:00:00+00:00,1893-06-15T17:00:00-06:00,1893-06-15,L,TS,29.9,-83.7,60,,Tropical Storm,122.44
AL011893,UNNAMED,1893-06-16T00:00:00+00:00,1893-06-15T18:00:00-06:00,1893-06-15,,TS,30.1,-83.4,50,,Tropical Storm,139.27
AL011893,UNNAMED,1893-06-16T06:00:00+00:00,1893-06-16T00:00:00-06:00,1893-06-16,,TS,31.7,-81.5,45,,Tropical Storm,273.32
AL011893,UNNAMED,1893-06-16T12:00:00+00:00,1893-06-16T06:00:00-06:00,1893-06-16,,TS,33.1,-79.8,50,,Tropical Storm,404.86
AL061893,UNNAMED,1893-08-27T00:00:00+00:00,1893-08-26T18:00:00-06:00,1893-08-26,,HU,27.0,-78.9,105,,Category 3,467.21
AL061893,UNNAMED,1893-08-27T06:00:00+00:00,1893-08-27T00:00:00-06:00,1893-08-27,,HU,28.0,-79.8,105,,Category 3,386.99
AL061893,UNNAMED,1893-08-27T12:00:00+00:00,1893-08-27T06:00:00-06:00,1893-08-27,,HU,29.0,-80.3,105,,Category 3,335.43
AL061893,UNNAMED,1893-08-27T18:00:00+00:00,1893-08-27T12:00:00-06:00,1893-08-27,,HU,29.7,-80.6,100,,Category 3,308.61
AL061893,UNNAMED,1893-08-28T00:00:00+00:00,1893-08-27T18:00:00-06:00,1893-08-27,,HU,30.6,-80.7,100,954.0,Category 3,301.64
AL061893,UNNAMED,1893-08-28T05:00:00+00:00,1893-08-27T23:00:00-06:00,1893-08-27,L,HU,31.7,-81.1,100,954.0,Category 3,295.21
AL061893,UNNAMED,1893-08-28T06:00:00+00:00,1893-08-28T00:00:00-06:00,1893-08-28,,HU,32.1,-81.2,90,958.0,Category 2,300.67
AL061893,UNNAMED,1893-08-28T12:00:00+00:00,1893-08-28T06:00:00-06:00,1893-08-28,,HU,33.9,-81.1,75,,Category 1,376.22
AL061893,UNNAMED,1893-08-28T18:00:00+00:00,1893-08-28T12:00:00-06:00,1893-08-28,,HU,35.4,-80.5,65,,Category 1,474.35
AL081893,UNNAMED,1893-09-06T18:00:00+00:00,1893-09-06T12:00:00-06:00,1893-09-06,,HU,27.4,-92.8,85,,Category 2,467.66
AL081893,UNNAMED,1893-09-07T00:00:00+00:00,1893-09-06T18:00:00-06:00,1893-09-06,,HU,27.9,-92.3,85,,Category 2,425.62
AL081893,UNNAMED,1893-09-07T06:00:00+00:00,1893-09-07T00:00:00-06:00,1893-09-07,,HU,28.3,-91.9,85,,Category 2,392.8
AL081893,UNNAMED,1893-09-07T12:00:00+00:00,1893-09-07T06:00:00-06:00,1893-09-07,,HU,29.0,-91.3,85,,Category 2,343.61
AL081893,UNNAMED,1893-09-07T14:00:00+00:00,1893-09-07T08:00:00-06:00,1893-09-07,L,HU,29.2,-91.1,85,,Category 2,328.65
AL081893,UNNAMED,1893-09-07T18:00:00+00:00,1893-09-07T12:00:00-06:00,1893-09-07,,HU,29.8,-90.5,70,,Category 1,286.39
AL081893,UNNAMED,1893-09-08T00:00:00+00:00,1893-09-07T18:00:00-06:00,1893-09-07,,TS,30.7,-90.0,55,,Tropical Storm,257.5
AL081893,UNNAMED,1893-09-08T06:00:00+00:00,1893-09-08T00:00:00-06:00,1893-09-08,,TS,31.7,-89.4,45,,Tropical Storm,243.23
AL081893,UNNAMED,1893-09-08T12:00:00+00:00,1893-09-08T06:00:00-06:00,1893-09-08,,TS,32.5,-89.0,40,,Tropical Storm,253.32
AL081893,UNNAMED,1893-09-08T18:00:00+00:00,1893-09-08T12:00:00-06:00,1893-09-08,,TS,33.0,-88.9,35,,Tropical Storm,272.53
AL081893,UNNAMED,1893-09-09T00:00:00+00:00,1893-09-08T18:00:00-06:00,1893-09-08,,TS,33.3,-88.8,35,,Tropical Storm,284.02
AL081893,UNNAMED,1893-09-09T06:00:00+00:00,1893-09-09T00:00:00-06:00,1893-09-09,,TD,34.0,-88.7,30,,Tropical Depression,319.22
AL081893,UNNAMED,1893-09-09T12:00:00+00:00,1893-09-09T06:00:00-06:00,1893-09-09,,TD,34.8,-88.5,30,,Tropical Depression,361.08
AL081893,UNNAMED,1893-09-09T18:00:00+00:00,1893-09-09T12:00:00-06:00,1893-09-09,,TD,35.1,-88.5,30,,Tropical Depression,379.62
AL101893,UNNAMED,1893-09-30T12:00:00+00:00,1893-09-30T06:00:00-06:00,1893-09-30,,HU,24.5,-90.2,85,,Category 2,475.64
AL101893,UNNAMED,1893-09-30T18:00:00+00:00,1893-09-30T12:00:00-06:00,1893-09-30,,HU,25.1,-90.6,85,,Category 2,457.52
AL101893,UNNAMED,1893-10-01T00:00:00+00:00,1893-09-30T18:00:00-06:00,1893-09-30,,HU,25.7,-90.8,85,,Category 2,434.97
AL101893,UNNAMED,1893-10-01T06:00:00+00:00,1893-10-01T00:00:00-06:00,1893-10-01,,HU,26.2,-91.0,85,,Category 2,420.12
AL101893,UNNAMED,1893-10-01T12:00:00+00:00,1893-10-01T06:00:00-06:00,1893-10-01,,HU,26.9,-91.0,95,,Category 2,389.82
AL101893,UNNAMED,1893-10-01T18:00:00+00:00,1893-10-01T12:00:00-06:00,1893-10-01,,HU,27.6,-90.9,105,,Category 3,358.13
AL101893,UNNAMED,1893-10-02T00:00:00+00:00,1893-10-01T18:00:00-06:00,1893-10-01,,HU,28.4,-90.5,115,,Category 4,311.2
AL101893,UNNAMED,1893-10-02T06:00:00+00:00,1893-10-02T00:00:00-06:00,1893-10-02,,HU,29.1,-90.0,115,948.0,Category 4,266.07
AL101893,UNNAMED,1893-10-02T08:00:00+00:00,1893-10-02T02:00:00-06:00,1893-10-02,L,HU,29.3,-89.8,115,948.0,Category 4,250.78
AL101893,UNNAMED,1893-10-02T12:00:00+00:00,1893-10-02T06:00:00-06:00,1893-10-02,,HU,29.9,-89.3,95,,Category 2,214.15
AL101893,UNNAMED,1893-10-02T16:00:00+00:00,1893-10-02T10:00:00-06:00,1893-10-02,L,HU,30.3,-88.9,95,,Category 2,189.65
AL101893,UNNAMED,1893-10-02T18:00:00+00:00,1893-10-02T12:00:00-06:00,1893-10-02,,HU,30.5,-88.7,85,,Category 2,179.03
AL101893,UNNAMED,1893-10-03T00:00:00+00:00,1893-10-02T18:00:00-06:00,1893-10-02,,HU,31.3,-87.8,65,,Category 1,147.34
AL101893,UNNAMED,1893-10-03T06:00:00+00:00,1893-10-03T00:00:00-06:00,1893-10-03,,TS,32.0,-86.7,55,,Tropical Storm,141.7
AL101893,UNNAMED,1893-10-03T12:00:00+00:00,1893-10-03T06:00:00-06:00,1893-10-03,,TS,32.7,-85.5,50,,Tropical Storm,178.43
AL101893,UNNAMED,1893-10-03T18:00:00+00:00,1893-10-03T12:00:00-06:00,1893-10-03,,TS,33.4,-83.9,45,,Tropical Storm,250.51
AL101893,UNNAMED,1893-10-04T00:00:00+00:00,1893-10-03T18:00:00-06:00,1893-10-03,,TS,34.0,-81.8,40,,Tropical Storm,352.97
AL101893,UNNAMED,1893-10-04T06:00:00+00:00,1893-10-04T00:00:00-06:00,1893-10-04,,TS,34.6,-79.7,40,,Tropical Storm,468.27
AL091893,UNNAMED,1893-10-12T12:00:00+00:00,1893-10-12T06:00:00-06:00,1893-10-12,,HU,27.6,-79.0,105,,Category 3,442.93
AL091893,UNNAMED,1893-10-12T18:00:00+00:00,1893-10-12T12:00:00-06:00,1893-10-12,,HU,28.2,-79.7,105,,Category 3,387.3
AL091893,UNNAMED,1893-10-13T00:00:00+00:00,1893-10-12T18:00:00-06:00,1893-10-12,,HU,29.3,-80.6,105,,Category 3,313.05
AL091893,UNNAMED,1893-10-13T06:00:00+00:00,1893-10-13T00:00:00-06:00,1893-10-13,,HU,30.8,-80.8,105,,Category 3,297.26
AL091893,UNNAMED,1893-10-13T12:00:00+00:00,1893-10-13T06:00:00-06:00,1893-10-13,,HU,32.6,-79.7,105,955.0,Category 3,394.63
AL091893,UNNAMED,1893-10-13T13:00:00+00:00,1893-10-13T07:00:00-06:00,1893-10-13,L,HU,33.0,-79.5,105,955.0,Category 3,417.0
AL111893,UNNAMED,1893-10-22T06:00:00+00:00,1893-10-22T00:00:00-06:00,1893-10-22,,TS,28.8,-77.8,50,,Tropical Storm,485.65
AL111893,UNNAMED,1893-10-22T12:00:00+00:00,1893-10-22T06:00:00-06:00,1893-10-22,,TS,30.5,-77.6,50,,Tropical Storm,485.52
AL021894,UNNAMED,1894-08-05T06:00:00+00:00,1894-08-05T00:00:00-06:00,1894-08-05,,TS,26.4,-89.3,35,,Tropical Storm,336.76
AL021894,UNNAMED,1894-08-05T12:00:00+00:00,1894-08-05T06:00:00-06:00,1894-08-05,,TS,27.0,-89.0,40,,Tropical Storm,293.22
AL021894,UNNAMED,1894-08-05T18:00:00+00:00,1894-08-05T12:00:00-06:00,1894-08-05,,TS,27.5,-88.6,40,,Tropical Storm,251.14
AL021894,UNNAMED,1894-08-06T00:00:00+00:00,1894-08-05T18:00:00-06:00,1894-08-05,,TS,27.9,-88.2,45,,Tropical Storm,214.25
AL021894,UNNAMED,1894-08-06T06:00:00+00:00,1894-08-06T00:00:00-06:00,1894-08-06,,TS,28.3,-87.9,50,,Tropical Storm,181.72
AL021894,UNNAMED,1894-08-06T12:00:00+00:00,1894-08-06T06:00:00-06:00,1894-08-06,,TS,28.7,-87.6,50,,Tropical Storm,149.53
AL021894,UNNAMED,1894-08-06T18:00:00+00:00,1894-08-06T12:00:00-06:00,1894-08-06,,TS,29.0,-87.5,50,,Tropical Storm,131.74
AL021894,UNNAMED,1894-08-07T00:00:00+00:00,1894-08-06T18:00:00-06:00,1894-08-06,,TS,29.4,-87.4,50,,Tropical Storm,111.99
AL021894,UNNAMED,1894-08-07T06:00:00+00:00,1894-08-07T00:00:00-06:00,1894-08-07,,TS,29.7,-87.4,50,,Tropical Storm,104.24
AL021894,UNNAMED,1894-08-07T12:00:00+00:00,1894-08-07T06:00:00-06:00,1894-08-07,,TS,30.0,-87.5,50,,Tropical Storm,106.19
AL021894,UNNAMED,1894-08-07T18:00:00+00:00,1894-08-07T12:00:00-06:00,1894-08-07,L,TS,30.3,-87.6,50,,Tropical Storm,112.31
AL021894,UNNAMED,1894-08-08T00:00:00+00:00,1894-08-07T18:00:00-06:00,1894-08-07,,TS,30.6,-87.7,45,,Tropical Storm,121.94
AL021894,UNNAMED,1894-08-08T06:00:00+00:00,1894-08-08T00:00:00-06:00,1894-08-08,,TS,30.9,-88.2,40,,Tropical Storm,156.47
AL021894,UNNAMED,1894-08-08T12:00:00+00:00,1894-08-08T06:00:00-06:00,1894-08-08,,TS,31.0,-88.7,35,,Tropical Storm,186.75
AL021894,UNNAMED,1894-08-08T18:00:00+00:00,1894-08-08T12:00:00-06:00,1894-08-08,,TD,31.1,-89.1,30,,Tropical Depression,211.4
AL021894,UNNAMED,1894-08-09T00:00:00+00:00,1894-08-08T18:00:00-06:00,1894-08-08,,TD,31.2,-89.5,30,,Tropical Depression,236.04
AL021894,UNNAMED,1894-08-09T06:00:00+00:00,1894-08-09T00:00:00-06:00,1894-08-09,,TD,31.3,-89.9,25,,Tropical Depression,260.65
AL021894,UNNAMED,1894-08-09T12:00:00+00:00,1894-08-09T06:00:00-06:00,1894-08-09,,TD,31.5,-90.5,25,,Tropical Depression,298.54
AL021894,UNNAMED,1894-08-09T18:00:00+00:00,1894-08-09T12:00:00-06:00,1894-08-09,,TD,31.7,-91.5,25,,Tropical Depression,358.88
AL041894,UNNAMED,1894-09-25T06:00:00+00:00,1894-09-25T00:00:00-06:00,1894-09-25,,HU,24.0,-82.0,70,,Category 1,481.32
AL041894,UNNAMED,1894-09-25T11:00:00+00:00,1894-09-25T05:00:00-06:00,1894-09-25,L,HU,24.7,-82.0,70,,Category 1,439.05
AL041894,UNNAMED,1894-09-25T12:00:00+00:00,1894-09-25T06:00:00-06:00,1894-09-25,,HU,25.0,-82.0,80,985.0,Category 1,421.33
AL041894,UNNAMED,1894-09-25T18:00:00+00:00,1894-09-25T12:00:00-06:00,1894-09-25,,HU,26.3,-82.0,90,,Category 2,348.4
AL041894,UNNAMED,1894-09-25T19:00:00+00:00,1894-09-25T13:00:00-06:00,1894-09-25,L,HU,26.5,-82.0,90,,Category 2,337.9
AL041894,UNNAMED,1894-09-26T00:00:00+00:00,1894-09-25T18:00:00-06:00,1894-09-25,,HU,27.6,-81.7,75,,Category 1,299.8
AL041894,UNNAMED,1894-09-26T06:00:00+00:00,1894-09-26T00:00:00-06:00,1894-09-26,,TS,28.6,-81.5,60,,Tropical Storm,275.63
AL041894,UNNAMED,1894-09-26T12:00:00+00:00,1894-09-26T06:00:00-06:00,1894-09-26,,HU,29.5,-81.2,65,,Category 1,274.96
AL041894,UNNAMED,1894-09-26T18:00:00+00:00,1894-09-26T12:00:00-06:00,1894-09-26,,HU,30.4,-81.0,70,,Category 1,282.89
AL041894,UNNAMED,1894-09-27T00:00:00+00:00,1894-09-26T18:00:00-06:00,1894-09-26,,HU,31.2,-80.9,75,,Category 1,296.49
AL041894,UNNAMED,1894-09-27T06:00:00+00:00,1894-09-27T00:00:00-06:00,1894-09-27,,HU,32.0,-80.7,80,,Category 1,324.62
AL041894,UNNAMED,1894-09-27T07:00:00+00:00,1894-09-27T01:00:00-06:00,1894-09-27,L,HU,32.3,-80.7,80,,Category 1,333.01
AL041894,UNNAMED,1894-09-27T12:00:00+00:00,1894-09-27T06:00:00-06:00,1894-09-27,,HU,33.0,-80.3,70,,Category 1,376.28
AL041894,UNNAMED,1894-09-27T18:00:00+00:00,1894-09-27T12:00:00-06:00,1894-09-27,,HU,33.7,-79.4,65,,Category 1,445.77
AL051894,UNNAMED,1894-10-06T06:00:00+00:00,1894-10-06T00:00:00-06:00,1894-10-06,,HU,23.0,-86.5,100,,Category 3,494.58
AL051894,UNNAMED,1894-10-06T12:00:00+00:00,1894-10-06T06:00:00-06:00,1894-10-06,,HU,23.7,-87.0,105,,Category 3,450.76
AL051894,UNNAMED,1894-10-06T18:00:00+00:00,1894-10-06T12:00:00-06:00,1894-10-06,,HU,24.3,-87.5,105,,Category 3,416.88
AL051894,UNNAMED,1894-10-07T00:00:00+00:00,1894-10-06T18:00:00-06:00,1894-10-06,,HU,24.7,-87.7,105,,Category 3,393.8
AL051894,UNNAMED,1894-10-07T06:00:00+00:00,1894-10-07T00:00:00-06:00,1894-10-07,,HU,25.2,-88.1,105,,Category 3,369.87
AL051894,UNNAMED,1894-10-07T12:00:00+00:00,1894-10-07T06:00:00-06:00,1894-10-07,,HU,25.7,-88.3,105,,Category 3,343.62
AL051894,UNNAMED,1894-10-07T18:00:00+00:00,1894-10-07T12:00:00-06:00,1894-10-07,,HU,26.1,-88.4,105,,Category 3,322.17
AL051894,UNNAMED,1894-10-08T00:00:00+00:00,1894-10-07T18:00:00-06:00,1894-10-07,,HU,26.6,-88.4,105,,Category 3,292.67
AL051894,UNNAMED,1894-10-08T06:00:00+00:00,1894-10-08T00:00:00-06:00,1894-10-08,,HU,27.1,-88.4,105,,Category 3,264.39
AL051894,UNNAMED,1894-10-08T12:00:00+00:00,1894-10-08T06:00:00-06:00,1894-10-08,,HU,27.7,-88.3,105,,Category 3,228.53
AL051894,UNNAMED,1894-10-08T18:00:00+00:00,1894-10-08T12:00:00-06:00,1894-10-08,,HU,28.7,-87.7,105,,Category 3,154.11
AL051894,UNNAMED,1894-10-09T00:00:00+00:00,1894-10-08T18:00:00-06:00,1894-10-08,,HU,29.7,-86.3,105,,Category 3,45.03
AL051894,UNNAMED,1894-10-09T03:00:00+00:00,1894-10-08T21:00:00-06:00,1894-10-08,L,HU,30.2,-85.5,105,,Category 3,14.68
AL051894,UNNAMED,1894-10-09T06:00:00+00:00,1894-10-09T00:00:00-06:00,1894-10-09,,HU,30.7,-84.7,85,,Category 2,73.11
AL051894,UNNAMED,1894-10-09T12:00:00+00:00,1894-10-09T06:00:00-06:00,1894-10-09,,HU,31.7,-83.0,70,,Category 1,195.0
AL051894,UNNAMED,1894-10-09T18:00:00+00:00,1894-10-09T12:00:00-06:00,1894-10-09,,TS,33.0,-80.3,60,,Tropical Storm,376.28
AL011895,UNNAMED,1895-08-14T06:00:00+00:00,1895-08-14T00:00:00-06:00,1895-08-14,,TS,27.2,-91.3,35,,Tropical Storm,393.46
AL011895,UNNAMED,1895-08-14T12:00:00+00:00,1895-08-14T06:00:00-06:00,1895-08-14,,TS,27.6,-91.0,40,,Tropical Storm,363.43
AL011895,UNNAMED,1895-08-14T18:00:00+00:00,1895-08-14T12:00:00-06:00,1895-08-14,,TS,27.9,-90.8,45,,Tropical Storm,342.7
AL011895,UNNAMED,1895-08-15T00:00:00+00:00,1895-08-14T18:00:00-06:00,1895-08-14,,TS,28.3,-90.5,45,,Tropical Storm,314.04
AL011895,UNNAMED,1895-08-15T06:00:00+00:00,1895-08-15T00:00:00-06:00,1895-08-15,,TS,28.6,-90.3,50,,Tropical Storm,294.64
AL011895,UNNAMED,1895-08-15T12:00:00+00:00,1895-08-15T06:00:00-06:00,1895-08-15,,TS,28.9,-90.0,50,,Tropical Storm,270.32
AL011895,UNNAMED,1895-08-15T18:00:00+00:00,1895-08-15T12:00:00-06:00,1895-08-15,,TS,29.2,-89.7,50,,Tropical Storm,246.76
AL011895,UNNAMED,1895-08-15T19:00:00+00:00,1895-08-15T13:00:00-06:00,1895-08-15,L,TS,29.3,-89.6,50,,Tropical Storm,239.11
AL011895,UNNAMED,1895-08-16T00:00:00+00:00,1895-08-15T18:00:00-06:00,1895-08-15,,TS,29.6,-89.4,50,,Tropical Storm,222.87
AL011895,UNNAMED,1895-08-16T06:00:00+00:00,1895-08-16T00:00:00-06:00,1895-08-16,,TS,29.9,-89.1,45,,Tropical Storm,202.22
AL011895,UNNAMED,1895-08-16T12:00:00+00:00,1895-08-16T06:00:00-06:00,1895-08-16,,TS,30.2,-88.8,45,,Tropical Storm,183.46
AL011895,UNNAMED,1895-08-16T13:00:00+00:00,1895-08-16T07:00:00-06:00,1895-08-16,L,TS,30.2,-88.8,45,,Tropical Storm,183.46
AL011895,UNNAMED,1895-08-16T18:00:00+00:00,1895-08-16T12:00:00-06:00,1895-08-16,,TS,30.7,-88.6,40,,Tropical Storm,175.56
AL011895,UNNAMED,1895-08-17T00:00:00+00:00,1895-08-16T18:00:00-06:00,1895-08-16,,TS,31.3,-88.4,35,,Tropical Storm,178.17
AL011895,UNNAMED,1895-08-17T06:00:00+00:00,1895-08-17T00:00:00-06:00,1895-08-17,,TD,32.1,-88.2,30,,Tropical Depression,199.91
AL011895,UNNAMED,1895-08-17T12:00:00+00:00,1895-08-17T06:00:00-06:00,1895-08-17,,TD,33.0,-88.1,25,,Tropical Depression,242.73
AL011895,UNNAMED,1895-08-17T18:00:00+00:00,1895-08-17T12:00:00-06:00,1895-08-17,,TD,33.8,-87.9,25,,Tropical Depression,283.98
AL031895,UNNAMED,1895-09-30T12:00:00+00:00,1895-09-30T06:00:00-06:00,1895-09-30,,TS,23.7,-88.5,50,,Tropical Storm,475.54
AL031895,UNNAMED,1895-09-30T18:00:00+00:00,1895-09-30T12:00:00-06:00,1895-09-30,,TS,23.8,-87.1,50,,Tropical Storm,445.07
AL031895,UNNAMED,1895-10-01T00:00:00+00:00,1895-09-30T18:00:00-06:00,1895-09-30,,TS,23.8,-85.8,50,,Tropical Storm,437.04
AL031895,UNNAMED,1895-10-01T06:00:00+00:00,1895-10-01T00:00:00-06:00,1895-10-01,,TS,23.8,-84.5,50,,Tropical Storm,443.52
AL031895,UNNAMED,1895-10-01T12:00:00+00:00,1895-10-01T06:00:00-06:00,1895-10-01,,TS,23.9,-83.4,50,,Tropical Storm,453.35
AL031895,UNNAMED,1895-10-01T18:00:00+00:00,1895-10-01T12:00:00-06:00,1895-10-01,,TS,24.0,-82.5,50,,Tropical Storm,467.46
AL031895,UNNAMED,1895-10-02T00:00:00+00:00,1895-10-01T18:00:00-06:00,1895-10-01,,TS,24.2,-81.5,50,,Tropical Storm,484.86
AL031895,UNNAMED,1895-10-02T06:00:00+00:00,1895-10-02T00:00:00-06:00,1895-10-02,,TS,24.5,-80.7,50,,Tropical Storm,496.24
AL041895,UNNAMED,1895-10-07T12:00:00+00:00,1895-10-07T06:00:00-06:00,1895-10-07,,TD,32.4,-92.6,25,,Tropical Depression,435.02
AL061895,UNNAMED,1895-10-15T06:00:00+00:00,1895-10-15T00:00:00-06:00,1895-10-15,,TS,23.5,-88.0,35,,Tropical Storm,478.63
AL061895,UNNAMED,1895-10-15T12:00:00+00:00,1895-10-15T06:00:00-06:00,1895-10-15,,TS,23.9,-87.0,35,,Tropical Storm,437.14
AL061895,UNNAMED,1895-10-15T18:00:00+00:00,1895-10-15T12:00:00-06:00,1895-10-15,,TS,24.3,-85.9,35,,Tropical Storm,402.6
AL061895,UNNAMED,1895-10-16T00:00:00+00:00,1895-10-15T18:00:00-06:00,1895-10-15,,TS,24.8,-84.6,35,,Tropical Storm,374.38
AL061895,UNNAMED,1895-10-16T06:00:00+00:00,1895-10-16T00:00:00-06:00,1895-10-16,,TS,25.2,-83.2,35,,Tropical Storm,373.81
AL061895,UNNAMED,1895-10-16T12:00:00+00:00,1895-10-16T06:00:00-06:00,1895-10-16,,TS,25.6,-81.6,35,,Tropical Storm,401.65
AL061895,UNNAMED,1895-10-16T13:00:00+00:00,1895-10-16T07:00:00-06:00,1895-10-16,L,TS,25.7,-81.3,35,,Tropical Storm,408.11
AL061895,UNNAMED,1895-10-16T18:00:00+00:00,1895-10-16T12:00:00-06:00,1895-10-16,,TD,26.4,-80.2,30,,Tropical Depression,423.56
AL061895,UNNAMED,1895-10-17T00:00:00+00:00,1895-10-16T18:00:00-06:00,1895-10-16,,TD,27.6,-78.6,25,,Tropical Depression,465.26
AL011896,UNNAMED,1896-07-05T06:00:00+00:00,1896-07-05T00:00:00-06:00,1896-07-05,,TS,23.4,-83.6,45,,Tropical Storm,482.84
AL011896,UNNAMED,1896-07-05T12:00:00+00:00,1896-07-05T06:00:00-06:00,1896-07-05,,TS,24.2,-84.2,55,,Tropical Storm,420.03
AL011896,UNNAMED,1896-07-05T18:00:00+00:00,1896-07-05T12:00:00-06:00,1896-07-05,,HU,24.9,-84.7,65,,Category 1,366.48
AL011896,UNNAMED,1896-07-06T00:00:00+00:00,1896-07-05T18:00:00-06:00,1896-07-05,,HU,25.6,-85.2,75,,Category 1,314.32
AL011896,UNNAMED,1896-07-06T06:00:00+00:00,1896-07-06T00:00:00-06:00,1896-07-06,,HU,26.3,-85.6,85,,Category 2,264.4
AL011896,UNNAMED,1896-07-06T12:00:00+00:00,1896-07-06T06:00:00-06:00,1896-07-06,,HU,27.0,-86.0,85,,Category 2,216.54
AL011896,UNNAMED,1896-07-06T18:00:00+00:00,1896-07-06T12:00:00-06:00,1896-07-06,,HU,27.7,-86.2,85,,Category 2,169.95
AL011896,UNNAMED,1896-07-07T00:00:00+00:00,1896-07-06T18:00:00-06:00,1896-07-06,,HU,28.4,-86.5,85,,Category 2,127.9
AL011896,UNNAMED,1896-07-07T06:00:00+00:00,1896-07-07T00:00:00-06:00,1896-07-07,,HU,29.0,-86.6,85,,Category 2,93.68
AL011896,UNNAMED,1896-07-07T12:00:00+00:00,1896-07-07T06:00:00-06:00,1896-07-07,,HU,29.7,-86.7,85,,Category 2,65.09
AL011896,UNNAMED,1896-07-07T17:00:00+00:00,1896-07-07T11:00:00-06:00,1896-07-07,L,HU,30.4,-86.5,85,,Category 2,49.73
AL011896,UNNAMED,1896-07-07T18:00:00+00:00,1896-07-07T12:00:00-06:00,1896-07-07,,HU,30.5,-86.4,85,,Category 2,47.63
AL011896,UNNAMED,1896-07-08T00:00:00+00:00,1896-07-07T18:00:00-06:00,1896-07-07,,TS,31.6,-85.3,60,,Tropical Storm,105.06
AL011896,UNNAMED,1896-07-08T06:00:00+00:00,1896-07-08T00:00:00-06:00,1896-07-08,,TS,32.4,-84.3,45,,Tropical Storm,178.43
AL011896,UNNAMED,1896-07-08T12:00:00+00:00,1896-07-08T06:00:00-06:00,1896-07-08,,TS,33.3,-83.5,35,,Tropical Storm,255.53
AL011896,UNNAMED,1896-07-08T18:00:00+00:00,1896-07-08T12:00:00-06:00,1896-07-08,,TD,34.5,-82.9,30,,Tropical Depression,344.46
AL011896,UNNAMED,1896-07-09T00:00:00+00:00,1896-07-08T18:00:00-06:00,1896-07-08,,TD,36.4,-83.2,30,,Tropical Depression,457.48
AL041896,UNNAMED,1896-09-28T18:00:00+00:00,1896-09-28T12:00:00-06:00,1896-09-28,,HU,23.8,-85.3,110,,Category 3,437.82
AL041896,UNNAMED,1896-09-29T00:00:00+00:00,1896-09-28T18:00:00-06:00,1896-09-28,,HU,25.3,-85.1,110,,Category 3,335.59
AL041896,UNNAMED,1896-09-29T06:00:00+00:00,1896-09-29T00:00:00-06:00,1896-09-29,,HU,27.0,-84.2,110,960.0,Category 3,235.02
AL041896,UNNAMED,1896-09-29T11:00:00+00:00,1896-09-29T05:00:00-06:00,1896-09-29,L,HU,29.2,-83.1,110,960.0,Category 3,170.34
AL041896,UNNAMED,1896-09-29T12:00:00+00:00,1896-09-29T06:00:00-06:00,1896-09-29,,HU,29.6,-82.9,100,963.0,Category 3,173.4
AL041896,UNNAMED,1896-09-29T18:00:00+00:00,1896-09-29T12:00:00-06:00,1896-09-29,,HU,32.2,-81.2,85,973.0,Category 2,303.74
AL051896,UNNAMED,1896-10-07T18:00:00+00:00,1896-10-07T12:00:00-06:00,1896-10-07,,TS,23.6,-88.2,50,,Tropical Storm,475.8
AL051896,UNNAMED,1896-10-08T00:00:00+00:00,1896-10-07T18:00:00-06:00,1896-10-07,,TS,23.9,-87.3,50,,Tropical Storm,440.81
AL051896,UNNAMED,1896-10-08T06:00:00+00:00,1896-10-08T00:00:00-06:00,1896-10-08,,TS,24.2,-86.3,50,,Tropical Storm,410.87
AL051896,UNNAMED,1896-10-08T12:00:00+00:00,1896-10-08T06:00:00-06:00,1896-10-08,,TS,24.8,-85.2,50,,Tropical Storm,369.35
AL051896,UNNAMED,1896-10-08T18:00:00+00:00,1896-10-08T12:00:00-06:00,1896-10-08,,TS,25.5,-83.9,50,,Tropical Storm,338.54
AL051896,UNNAMED,1896-10-09T00:00:00+00:00,1896-10-08T18:00:00-06:00,1896-10-08,,TS,26.2,-82.5,50,,Tropical Storm,335.0
AL051896,UNNAMED,1896-10-09T02:00:00+00:00,1896-10-08T20:00:00-06:00,1896-10-08,L,TS,26.4,-82.0,50,,Tropical Storm,343.12
AL051896,UNNAMED,1896-10-09T06:00:00+00:00,1896-10-09T00:00:00-06:00,1896-10-09,,TS,27.0,-81.1,40,,Tropical Storm,354.28
AL051896,UNNAMED,1896-10-09T12:00:00+00:00,1896-10-09T06:00:00-06:00,1896-10-09,,TS,27.8,-80.0,35,,Tropical Storm,381.76
AL051896,UNNAMED,1896-10-09T18:00:00+00:00,1896-10-09T12:00:00-06:00,1896-10-09,,TS,28.6,-79.1,45,,Tropical Storm,412.84
AL051896,UNNAMED,1896-10-10T00:00:00+00:00,1896-10-09T18:00:00-06:00,1896-10-09,,TS,29.4,-78.2,50,,Tropical Storm,454.33
AL051896,UNNAMED,1896-10-10T06:00:00+00:00,1896-10-10T00:00:00-06:00,1896-10-10,,TS,30.2,-77.4,55,,Tropical Storm,497.54
AL021897,UNNAMED,1897-09-10T18:00:00+00:00,1897-09-10T12:00:00-06:00,1897-09-10,L,TS,24.4,-81.9,60,,Tropical Storm,460.12
AL021897,UNNAMED,1897-09-11T00:00:00+00:00,1897-09-10T18:00:00-06:00,1897-09-10,,HU,24.8,-82.9,65,,Category 1,406.73
AL021897,UNNAMED,1897-09-11T06:00:00+00:00,1897-09-11T00:00:00-06:00,1897-09-11,,HU,25.4,-83.6,75,,Category 1,351.46
AL021897,UNNAMED,1897-09-11T12:00:00+00:00,1897-09-11T06:00:00-06:00,1897-09-11,,HU,26.0,-84.6,75,,Category 1,293.21
AL021897,UNNAMED,1897-09-11T18:00:00+00:00,1897-09-11T12:00:00-06:00,1897-09-11,,HU,26.6,-85.6,75,,Category 1,243.68
AL021897,UNNAMED,1897-09-12T00:00:00+00:00,1897-09-11T18:00:00-06:00,1897-09-11,,HU,27.2,-86.8,75,,Category 1,212.25
AL021897,UNNAMED,1897-09-12T06:00:00+00:00,1897-09-12T00:00:00-06:00,1897-09-12,,HU,27.8,-87.9,75,,Category 1,207.39
AL021897,UNNAMED,1897-09-12T12:00:00+00:00,1897-09-12T06:00:00-06:00,1897-09-12,,HU,28.3,-89.2,75,,Category 1,244.29
AL021897,UNNAMED,1897-09-12T18:00:00+00:00,1897-09-12T12:00:00-06:00,1897-09-12,,HU,28.8,-90.5,75,,Category 1,301.17
AL021897,UNNAMED,1897-09-13T00:00:00+00:00,1897-09-12T18:00:00-06:00,1897-09-12,,HU,29.3,-92.2,75,,Category 1,392.37
AL021897,UNNAMED,1897-09-13T05:00:00+00:00,1897-09-12T23:00:00-06:00,1897-09-12,L,HU,29.7,-93.8,75,,Category 1,484.1
AL031897,UNNAMED,1897-09-20T12:00:00+00:00,1897-09-20T06:00:00-06:00,1897-09-20,,TS,24.3,-83.8,40,,Tropical Storm,419.55
AL031897,UNNAMED,1897-09-20T18:00:00+00:00,1897-09-20T12:00:00-06:00,1897-09-20,,TS,25.3,-83.1,50,,Tropical Storm,370.12
AL031897,UNNAMED,1897-09-21T00:00:00+00:00,1897-09-20T18:00:00-06:00,1897-09-20,,TS,26.3,-82.5,60,,Tropical Storm,329.38
AL031897,UNNAMED,1897-09-21T02:00:00+00:00,1897-09-20T20:00:00-06:00,1897-09-20,L,TS,26.7,-82.3,60,,Tropical Storm,315.31
AL031897,UNNAMED,1897-09-21T06:00:00+00:00,1897-09-21T00:00:00-06:00,1897-09-21,,TS,27.3,-81.9,50,,Tropical Storm,303.21
AL031897,UNNAMED,1897-09-21T12:00:00+00:00,1897-09-21T06:00:00-06:00,1897-09-21,,TS,28.3,-81.4,45,,Tropical Storm,289.94
AL031897,UNNAMED,1897-09-21T18:00:00+00:00,1897-09-21T12:00:00-06:00,1897-09-21,,TS,29.3,-80.7,40,,Tropical Storm,307.15
AL031897,UNNAMED,1897-09-22T00:00:00+00:00,1897-09-21T18:00:00-06:00,1897-09-21,,TS,30.3,-79.9,45,,Tropical Storm,348.27
AL031897,UNNAMED,1897-09-22T06:00:00+00:00,1897-09-22T00:00:00-06:00,1897-09-22,,TS,31.4,-79.0,50,,Tropical Storm,409.09
AL031897,UNNAMED,1897-09-22T12:00:00+00:00,1897-09-22T06:00:00-06:00,1897-09-22,,TS,32.4,-78.3,55,,Tropical Storm,465.99
AL041897,UNNAMED,1897-09-27T12:00:00+00:00,1897-09-27T06:00:00-06:00,1897-09-27,,TS,23.0,-85.5,40,,Tropical Storm,492.5
AL041897,UNNAMED,1897-09-27T18:00:00+00:00,1897-09-27T12:00:00-06:00,1897-09-27,,TS,23.8,-85.6,40,,Tropical Storm,437.09
AL041897,UNNAMED,1897-09-28T00:00:00+00:00,1897-09-27T18:00:00-06:00,1897-09-27,,TS,24.7,-85.7,40,,Tropical Storm,374.84
AL041897,UNNAMED,1897-09-28T06:00:00+00:00,1897-09-28T00:00:00-06:00,1897-09-28,,TS,25.4,-85.6,40,,Tropical Storm,326.56
AL041897,UNNAMED,1897-09-28T12:00:00+00:00,1897-09-28T06:00:00-06:00,1897-09-28,,TS,25.9,-85.5,40,,Tropical Storm,292.26
AL041897,UNNAMED,1897-09-28T18:00:00+00:00,1897-09-28T12:00:00-06:00,1897-09-28,,TS,26.3,-85.4,40,,Tropical Storm,265.04
AL041897,UNNAMED,1897-09-29T00:00:00+00:00,1897-09-28T18:00:00-06:00,1897-09-28,,TS,26.6,-85.2,40,,Tropical Storm,245.68
AL041897,UNNAMED,1897-09-29T06:00:00+00:00,1897-09-29T00:00:00-06:00,1897-09-29,,TS,26.8,-84.9,40,,Tropical Storm,235.2
AL041897,UNNAMED,1897-09-29T12:00:00+00:00,1897-09-29T06:00:00-06:00,1897-09-29,,TS,27.0,-84.5,40,,Tropical Storm,228.45
AL041897,UNNAMED,1897-09-29T18:00:00+00:00,1897-09-29T12:00:00-06:00,1897-09-29,,TS,27.2,-83.8,35,,Tropical Storm,233.51
AL011898,UNNAMED,1898-08-02T00:00:00+00:00,1898-08-01T18:00:00-06:00,1898-08-01,,TS,26.8,-79.2,35,,Tropical Storm,458.24
AL011898,UNNAMED,1898-08-02T03:00:00+00:00,1898-08-01T21:00:00-06:00,1898-08-01,L,TS,27.1,-80.1,35,,Tropical Storm,400.28
AL011898,UNNAMED,1898-08-02T06:00:00+00:00,1898-08-02T00:00:00-06:00,1898-08-02,,TD,27.4,-81.0,30,,Tropical Depression,342.76
AL011898,UNNAMED,1898-08-02T12:00:00+00:00,1898-08-02T06:00:00-06:00,1898-08-02,,TS,28.0,-82.6,35,,Tropical Storm,239.33
AL011898,UNNAMED,1898-08-02T18:00:00+00:00,1898-08-02T12:00:00-06:00,1898-08-02,,TS,28.9,-83.8,55,,Tropical Storm,143.63
AL011898,UNNAMED,1898-08-02T23:00:00+00:00,1898-08-02T17:00:00-06:00,1898-08-02,L,HU,29.7,-84.8,70,,Category 1,62.96
AL011898,UNNAMED,1898-08-03T00:00:00+00:00,1898-08-02T18:00:00-06:00,1898-08-02,,HU,29.8,-84.9,70,,Category 1,54.52
AL011898,UNNAMED,1898-08-03T06:00:00+00:00,1898-08-03T00:00:00-06:00,1898-08-03,,TS,30.6,-86.1,50,,Tropical Storm,39.54
AL011898,UNNAMED,1898-08-03T12:00:00+00:00,1898-08-03T06:00:00-06:00,1898-08-03,,TS,31.5,-87.2,35,,Tropical Storm,128.97
AL011898,UNNAMED,1898-08-03T18:00:00+00:00,1898-08-03T12:00:00-06:00,1898-08-03,,TD,32.0,-88.2,25,,Tropical Depression,195.32
AL021898,UNNAMED,1898-08-30T06:00:00+00:00,1898-08-30T00:00:00-06:00,1898-08-30,,TS,29.3,-79.1,35,,Tropical Storm,401.86
AL021898,UNNAMED,1898-08-30T12:00:00+00:00,1898-08-30T06:00:00-06:00,1898-08-30,,HU,30.1,-79.4,65,,Category 1,378.29
AL021898,UNNAMED,1898-08-30T18:00:00+00:00,1898-08-30T12:00:00-06:00,1898-08-30,,HU,30.9,-79.8,75,,Category 1,356.98
AL021898,UNNAMED,1898-08-31T00:00:00+00:00,1898-08-30T18:00:00-06:00,1898-08-30,,HU,31.5,-80.2,75,,Category 1,341.58
AL021898,UNNAMED,1898-08-31T06:00:00+00:00,1898-08-31T00:00:00-06:00,1898-08-31,,HU,32.0,-80.7,75,,Category 1,324.62
AL021898,UNNAMED,1898-08-31T07:00:00+00:00,1898-08-31T01:00:00-06:00,1898-08-31,L,HU,32.1,-80.8,75,,Category 1,321.93
AL021898,UNNAMED,1898-08-31T12:00:00+00:00,1898-08-31T06:00:00-06:00,1898-08-31,,TS,32.4,-81.4,60,,Tropical Storm,300.14
AL021898,UNNAMED,1898-08-31T18:00:00+00:00,1898-08-31T12:00:00-06:00,1898-08-31,,TS,32.6,-82.2,50,,Tropical Storm,269.44
AL021898,UNNAMED,1898-09-01T00:00:00+00:00,1898-08-31T18:00:00-06:00,1898-08-31,,TS,32.6,-83.1,45,,Tropical Storm,230.89
AL021898,UNNAMED,1898-09-01T06:00:00+00:00,1898-09-01T00:00:00-06:00,1898-09-01,,TS,32.7,-84.1,40,,Tropical Storm,202.21
AL021898,UNNAMED,1898-09-01T12:00:00+00:00,1898-09-01T06:00:00-06:00,1898-09-01,,TS,32.8,-85.3,35,,Tropical Storm,186.55
AL021898,UNNAMED,1898-09-01T18:00:00+00:00,1898-09-01T12:00:00-06:00,1898-09-01,,TD,33.1,-86.6,30,,Tropical Depression,211.83
AL051898,UNNAMED,1898-09-19T18:00:00+00:00,1898-09-19T12:00:00-06:00,1898-09-19,,TS,27.7,-93.5,50,,Tropical Storm,498.77
AL051898,UNNAMED,1898-09-20T00:00:00+00:00,1898-09-19T18:00:00-06:00,1898-09-19,,TS,28.4,-93.3,50,,Tropical Storm,471.49
AL051898,UNNAMED,1898-09-20T06:00:00+00:00,1898-09-20T00:00:00-06:00,1898-09-20,,TS,29.1,-93.0,50,,Tropical Storm,442.32
AL051898,UNNAMED,1898-09-20T11:00:00+00:00,1898-09-20T05:00:00-06:00,1898-09-20,L,TS,29.6,-92.8,50,,Tropical Storm,425.11
AL051898,UNNAMED,1898-09-20T12:00:00+00:00,1898-09-20T06:00:00-06:00,1898-09-20,,TS,29.8,-92.8,45,,Tropical Storm,423.73
AL051898,UNNAMED,1898-09-20T18:00:00+00:00,1898-09-20T12:00:00-06:00,1898-09-20,,TS,30.5,-92.5,40,,Tropical Storm,404.58
AL051898,UNNAMED,1898-09-21T00:00:00+00:00,1898-09-20T18:00:00-06:00,1898-09-20,,TS,31.3,-92.3,35,,Tropical Storm,398.56
AL051898,UNNAMED,1898-09-21T06:00:00+00:00,1898-09-21T00:00:00-06:00,1898-09-21,,TS,32.0,-92.0,35,,Tropical Storm,392.98
AL051898,UNNAMED,1898-09-21T12:00:00+00:00,1898-09-21T06:00:00-06:00,1898-09-21,,TD,32.7,-91.7,30,,Tropical Depression,394.34
AL051898,UNNAMED,1898-09-21T18:00:00+00:00,1898-09-21T12:00:00-06:00,1898-09-21,,TD,33.9,-91.3,30,,Tropical Depression,417.63
AL051898,UNNAMED,1898-09-22T00:00:00+00:00,1898-09-21T18:00:00-06:00,1898-09-21,,TD,35.8,-91.0,30,,Tropical Depression,496.88
AL071898,UNNAMED,1898-10-01T18:00:00+00:00,1898-10-01T12:00:00-06:00,1898-10-01,,HU,29.3,-78.0,110,,Category 3,467.27
AL071898,UNNAMED,1898-10-02T00:00:00+00:00,1898-10-01T18:00:00-06:00,1898-10-01,,HU,29.6,-78.7,115,,Category 4,422.72
AL071898,UNNAMED,1898-10-02T06:00:00+00:00,1898-10-02T00:00:00-06:00,1898-10-02,,HU,29.9,-79.6,115,,Category 4,367.04
AL071898,UNNAMED,1898-10-02T12:00:00+00:00,1898-10-02T06:00:00-06:00,1898-10-02,,HU,30.4,-80.6,115,938.0,Category 4,306.71
AL071898,UNNAMED,1898-10-02T16:00:00+00:00,1898-10-02T10:00:00-06:00,1898-10-02,L,HU,30.9,-81.4,115,938.0,Category 4,263.23
AL071898,UNNAMED,1898-10-02T18:00:00+00:00,1898-10-02T12:00:00-06:00,1898-10-02,,HU,31.1,-81.8,90,,Category 2,243.19
AL071898,UNNAMED,1898-10-03T00:00:00+00:00,1898-10-02T18:00:00-06:00,1898-10-02,,HU,31.9,-83.1,65,,Category 1,198.22
AL071898,UNNAMED,1898-10-03T06:00:00+00:00,1898-10-03T00:00:00-06:00,1898-10-03,,TS,32.7,-84.2,45,,Tropical Storm,199.48
AL071898,UNNAMED,1898-10-03T12:00:00+00:00,1898-10-03T06:00:00-06:00,1898-10-03,,TS,33.5,-85.2,35,,Tropical Storm,235.26
AL071898,UNNAMED,1898-10-03T18:00:00+00:00,1898-10-03T12:00:00-06:00,1898-10-03,,TD,34.3,-86.1,30,,Tropical Depression,289.27
AL071898,UNNAMED,1898-10-04T00:00:00+00:00,1898-10-03T18:00:00-06:00,1898-10-03,,TD,35.2,-86.9,30,,Tropical Depression,357.18
AL071898,UNNAMED,1898-10-04T06:00:00+00:00,1898-10-04T00:00:00-06:00,1898-10-04,,TD,36.4,-87.5,30,,Tropical Depression,445.43
AL091898,UNNAMED,1898-10-11T18:00:00+00:00,1898-10-11T12:00:00-06:00,1898-10-11,,TS,26.0,-79.2,60,,Tropical Storm,489.47
AL091898,UNNAMED,1898-10-12T00:00:00+00:00,1898-10-11T18:00:00-06:00,1898-10-11,,TS,27.9,-78.0,60,,Tropical Storm,491.59
AL011899,UNNAMED,1899-06-26T12:00:00+00:00,1899-06-26T06:00:00-06:00,1899-06-26,,TS,27.5,-93.0,35,,Tropical Storm,475.9
AL021899,UNNAMED,1899-07-30T10:00:00+00:00,1899-07-30T04:00:00-06:00,1899-07-30,L,TS,24.9,-80.6,40,,Tropical Storm,478.56
AL021899,UNNAMED,1899-07-30T12:00:00+00:00,1899-07-30T06:00:00-06:00,1899-07-30,,TS,25.1,-80.8,35,,Tropical Storm,459.92
AL021899,UNNAMED,1899-07-30T18:00:00+00:00,1899-07-30T12:00:00-06:00,1899-07-30,,TS,25.8,-81.7,35,,Tropical Storm,386.94
AL021899,UNNAMED,1899-07-31T00:00:00+00:00,1899-07-30T18:00:00-06:00,1899-07-30,,TS,26.3,-82.3,45,,Tropical Storm,336.79
AL021899,UNNAMED,1899-07-31T06:00:00+00:00,1899-07-31T00:00:00-06:00,1899-07-31,,TS,26.9,-83.0,55,,Tropical Storm,277.68
AL021899,UNNAMED,1899-07-31T12:00:00+00:00,1899-07-31T06:00:00-06:00,1899-07-31,,HU,27.5,-83.5,65,,Category 1,226.09
AL021899,UNNAMED,1899-07-31T18:00:00+00:00,1899-07-31T12:00:00-06:00,1899-07-31,,HU,27.9,-83.8,75,,Category 1,192.95
AL021899,UNNAMED,1899-08-01T00:00:00+00:00,1899-07-31T18:00:00-06:00,1899-07-31,,HU,28.3,-84.1,85,,Category 2,159.88
AL021899,UNNAMED,1899-08-01T06:00:00+00:00,1899-08-01T00:00:00-06:00,1899-08-01,,HU,28.8,-84.3,85,,Category 2,125.62
AL021899,UNNAMED,1899-08-01T12:00:00+00:00,1899-08-01T06:00:00-06:00,1899-08-01,,HU,29.3,-84.5,85,,Category 2,93.26
AL021899,UNNAMED,1899-08-01T17:00:00+00:00,1899-08-01T11:00:00-06:00,1899-08-01,L,HU,29.7,-84.7,85,,Category 2,68.32
AL021899,UNNAMED,1899-08-01T18:00:00+00:00,1899-08-01T12:00:00-06:00,1899-08-01,,HU,29.8,-84.8,85,979.0,Category 2,60.03
AL021899,UNNAMED,1899-08-02T00:00:00+00:00,1899-08-01T18:00:00-06:00,1899-08-01,,TS,30.4,-85.2,60,,Tropical Storm,36.9
AL021899,UNNAMED,1899-08-02T06:00:00+00:00,1899-08-02T00:00:00-06:00,1899-08-02,,TS,31.0,-85.6,45,,Tropical Storm,60.95
AL021899,UNNAMED,1899-08-02T12:00:00+00:00,1899-08-02T06:00:00-06:00,1899-08-02,,TS,31.5,-86.0,35,,Tropical Storm,96.34
AL021899,UNNAMED,1899-08-02T18:00:00+00:00,1899-08-02T12:00:00-06:00,1899-08-02,,TD,32.3,-86.5,30,,Tropical Depression,157.01
AL031899,UNNAMED,1899-08-13T12:00:00+00:00,1899-08-13T06:00:00-06:00,1899-08-13,,HU,27.0,-78.6,105,,Category 3,483.41
AL031899,UNNAMED,1899-08-13T18:00:00+00:00,1899-08-13T12:00:00-06:00,1899-08-13,,HU,27.6,-78.8,105,,Category 3,454.07
AL031899,UNNAMED,1899-08-14T00:00:00+00:00,1899-08-13T18:00:00-06:00,1899-08-13,,HU,28.3,-79.0,105,,Category 3,424.91
AL031899,UNNAMED,1899-08-14T06:00:00+00:00,1899-08-14T00:00:00-06:00,1899-08-14,,HU,29.0,-79.1,105,,Category 3,405.9
AL031899,UNNAMED,1899-08-14T12:00:00+00:00,1899-08-14T06:00:00-06:00,1899-08-14,,HU,29.7,-79.0,105,,Category 3,404.06
AL031899,UNNAMED,1899-08-14T18:00:00+00:00,1899-08-14T12:00:00-06:00,1899-08-14,,HU,30.3,-78.9,105,,Category 3,407.92
AL031899,UNNAMED,1899-08-15T00:00:00+00:00,1899-08-14T18:00:00-06:00,1899-08-14,,HU,30.9,-78.7,105,,Category 3,421.8
AL031899,UNNAMED,1899-08-15T06:00:00+00:00,1899-08-15T00:00:00-06:00,1899-08-15,,HU,31.3,-78.4,105,,Category 3,442.83
AL031899,UNNAMED,1899-08-15T12:00:00+00:00,1899-08-15T06:00:00-06:00,1899-08-15,,HU,31.7,-78.0,105,,Category 3,470.85
AL061899,UNNAMED,1899-10-03T12:00:00+00:00,1899-10-03T06:00:00-06:00,1899-10-03,,TS,23.7,-86.5,45,,Tropical Storm,446.45
AL061899,UNNAMED,1899-10-03T18:00:00+00:00,1899-10-03T12:00:00-06:00,1899-10-03,,TS,24.5,-86.8,50,,Tropical Storm,394.15
AL061899,UNNAMED,1899-10-04T00:00:00+00:00,1899-10-03T18:00:00-06:00,1899-10-03,,TS,25.5,-87.1,50,,Tropical Storm,330.33
AL061899,UNNAMED,1899-10-04T06:00:00+00:00,1899-10-04T00:00:00-06:00,1899-10-04,,TS,26.5,-87.2,50,,Tropical Storm,265.94
AL061899,UNNAMED,1899-10-04T12:00:00+00:00,1899-10-04T06:00:00-06:00,1899-10-04,,TS,27.3,-87.0,50,,Tropical Storm,209.81
AL061899,UNNAMED,1899-10-04T18:00:00+00:00,1899-10-04T12:00:00-06:00,1899-10-04,,TS,27.8,-86.0,50,,Tropical Storm,161.47
AL061899,UNNAMED,1899-10-05T00:00:00+00:00,1899-10-04T18:00:00-06:00,1899-10-04,,TS,27.8,-84.8,50,,Tropical Storm,170.19
AL061899,UNNAMED,1899-10-05T06:00:00+00:00,1899-10-05T00:00:00-06:00,1899-10-05,,TS,27.8,-83.5,50,,Tropical Storm,209.7
AL061899,UNNAMED,1899-10-05T10:00:00+00:00,1899-10-05T04:00:00-06:00,1899-10-05,L,TS,27.9,-82.8,50,,Tropical Storm,234.45
AL061899,UNNAMED,1899-10-05T12:00:00+00:00,1899-10-05T06:00:00-06:00,1899-10-05,,TS,28.0,-82.5,40,,Tropical Storm,244.13
AL061899,UNNAMED,1899-10-05T18:00:00+00:00,1899-10-05T12:00:00-06:00,1899-10-05,,TS,29.3,-81.1,40,,Tropical Storm,283.61
AL061899,UNNAMED,1899-10-06T00:00:00+00:00,1899-10-05T18:00:00-06:00,1899-10-05,,TS,30.9,-79.6,40,,Tropical Storm,368.75
AL061899,UNNAMED,1899-10-06T06:00:00+00:00,1899-10-06T00:00:00-06:00,1899-10-06,,EX,32.4,-78.3,40,,Tropical Storm,465.99
AL091899,UNNAMED,1899-10-30T12:00:00+00:00,1899-10-30T06:00:00-06:00,1899-10-30,,HU,28.0,-78.0,95,,Category 2,489.26
AL091899,UNNAMED,1899-10-30T18:00:00+00:00,1899-10-30T12:00:00-06:00,1899-10-30,,HU,29.3,-78.3,95,,Category 2,449.41
AL091899,UNNAMED,1899-10-31T00:00:00+00:00,1899-10-30T18:00:00-06:00,1899-10-30,,HU,31.0,-78.6,95,,Category 2,428.4
AL091899,UNNAMED,1899-10-31T06:00:00+00:00,1899-10-31T00:00:00-06:00,1899-10-31,,HU,32.7,-78.9,95,,Category 2,440.17
AL091899,UNNAMED,1899-10-31T09:00:00+00:00,1899-10-31T03:00:00-06:00,1899-10-31,L,HU,33.6,-79.0,95,,Category 2,462.02
AL091899,UNNAMED,1899-10-31T12:00:00+00:00,1899-10-31T06:00:00-06:00,1899-10-31,,HU,34.5,-79.0,75,,Category 1,495.58
AL011900,UNNAMED,1900-09-06T00:00:00+00:00,1900-09-05T18:00:00-06:00,1900-09-05,,TS,24.1,-82.3,60,,Tropical Storm,466.6
AL011900,UNNAMED,1900-09-06T06:00:00+00:00,1900-09-06T00:00:00-06:00,1900-09-06,,HU,24.8,-83.2,65,,Category 1,399.24
AL011900,UNNAMED,1900-09-06T12:00:00+00:00,1900-09-06T06:00:00-06:00,1900-09-06,,HU,25.5,-84.1,75,,Category 1,334.71
AL011900,UNNAMED,1900-09-06T18:00:00+00:00,1900-09-06T12:00:00-06:00,1900-09-06,,HU,26.1,-85.2,85,974.0,Category 2,279.97
AL011900,UNNAMED,1900-09-07T00:00:00+00:00,1900-09-06T18:00:00-06:00,1900-09-06,,HU,26.5,-86.2,95,,Category 2,252.09
AL011900,UNNAMED,1900-09-07T06:00:00+00:00,1900-09-07T00:00:00-06:00,1900-09-07,,HU,26.8,-87.4,105,,Category 3,251.12
AL011900,UNNAMED,1900-09-07T12:00:00+00:00,1900-09-07T06:00:00-06:00,1900-09-07,,HU,27.0,-88.7,115,,Category 4,281.22
AL011900,UNNAMED,1900-09-07T18:00:00+00:00,1900-09-07T12:00:00-06:00,1900-09-07,,HU,27.2,-89.7,125,,Category 4,314.24
AL011900,UNNAMED,1900-09-08T00:00:00+00:00,1900-09-07T18:00:00-06:00,1900-09-07,,HU,27.4,-90.6,125,,Category 4,349.88
AL011900,UNNAMED,1900-09-08T06:00:00+00:00,1900-09-08T00:00:00-06:00,1900-09-08,,HU,27.6,-91.5,125,,Category 4,390.23
AL011900,UNNAMED,1900-09-08T12:00:00+00:00,1900-09-08T06:00:00-06:00,1900-09-08,,HU,27.8,-92.4,120,,Category 4,433.94
AL011900,UNNAMED,1900-09-08T18:00:00+00:00,1900-09-08T12:00:00-06:00,1900-09-08,,HU,28.2,-93.5,120,,Category 4,487.18
AL041900,UNNAMED,1900-09-12T00:00:00+00:00,1900-09-11T18:00:00-06:00,1900-09-11,,TS,23.8,-88.2,45,,Tropical Storm,462.69
AL041900,UNNAMED,1900-09-12T06:00:00+00:00,1900-09-12T00:00:00-06:00,1900-09-12,,TS,24.8,-88.7,45,,Tropical Storm,410.46
AL041900,UNNAMED,1900-09-12T12:00:00+00:00,1900-09-12T06:00:00-06:00,1900-09-12,,TS,26.0,-89.3,45,,Tropical Storm,358.56
AL041900,UNNAMED,1900-09-12T18:00:00+00:00,1900-09-12T12:00:00-06:00,1900-09-12,,TS,27.0,-89.7,45,,Tropical Storm,323.46
AL041900,UNNAMED,1900-09-13T00:00:00+00:00,1900-09-12T18:00:00-06:00,1900-09-12,,TS,28.1,-89.8,45,,Tropical Storm,282.7
AL041900,UNNAMED,1900-09-13T06:00:00+00:00,1900-09-13T00:00:00-06:00,1900-09-13,L,TS,29.1,-89.5,40,,Tropical Storm,237.26
AL041900,UNNAMED,1900-09-13T12:00:00+00:00,1900-09-13T06:00:00-06:00,1900-09-13,,TS,30.0,-89.0,35,,Tropical Storm,195.73
AL041900,UNNAMED,1900-09-13T15:00:00+00:00,1900-09-13T09:00:00-06:00,1900-09-13,L,TS,30.3,-88.8,35,,Tropical Storm,183.7
AL041900,UNNAMED,1900-09-13T18:00:00+00:00,1900-09-13T12:00:00-06:00,1900-09-13,,TS,30.5,-88.6,35,,Tropical Storm,173.13
AL041900,UNNAMED,1900-09-14T00:00:00+00:00,1900-09-13T18:00:00-06:00,1900-09-13,,TD,31.0,-88.3,30,,Tropical Depression,164.41
AL041900,UNNAMED,1900-09-14T06:00:00+00:00,1900-09-14T00:00:00-06:00,1900-09-14,,TD,31.5,-87.8,30,,Tropical Depression,155.28
AL041900,UNNAMED,1900-09-14T12:00:00+00:00,1900-09-14T06:00:00-06:00,1900-09-14,,TD,32.0,-87.4,30,,Tropical Depression,162.94
AL041900,UNNAMED,1900-09-14T18:00:00+00:00,1900-09-14T12:00:00-06:00,1900-09-14,,TD,32.4,-86.9,30,,Tropical Depression,171.7
AL041900,UNNAMED,1900-09-15T00:00:00+00:00,1900-09-14T18:00:00-06:00,1900-09-14,,TD,32.8,-86.3,25,,Tropical Depression,187.85
AL041900,UNNAMED,1900-09-15T06:00:00+00:00,1900-09-15T00:00:00-06:00,1900-09-15,,TD,33.3,-85.5,25,,Tropical Depression,219.79
AL041900,UNNAMED,1900-09-15T12:00:00+00:00,1900-09-15T06:00:00-06:00,1900-09-15,,TD,33.7,-84.7,25,,Tropical Depression,254.28
AL041900,UNNAMED,1900-09-15T18:00:00+00:00,1900-09-15T12:00:00-06:00,1900-09-15,,TD,34.0,-83.3,25,,Tropical Depression,303.17
AL061900,UNNAMED,1900-10-11T00:00:00+00:00,1900-10-10T18:00:00-06:00,1900-10-10,,TS,24.8,-90.2,35,,Tropical Storm,458.65
AL061900,UNNAMED,1900-10-11T06:00:00+00:00,1900-10-11T00:00:00-06:00,1900-10-11,,TS,26.1,-89.4,40,,Tropical Storm,356.82
AL061900,UNNAMED,1900-10-11T12:00:00+00:00,1900-10-11T06:00:00-06:00,1900-10-11,,TS,27.3,-88.5,40,,Tropical Storm,257.41
AL061900,UNNAMED,1900-10-11T18:00:00+00:00,1900-10-11T12:00:00-06:00,1900-10-11,,TS,28.5,-86.6,40,,Tropical Storm,123.91
AL061900,UNNAMED,1900-10-12T00:00:00+00:00,1900-10-11T18:00:00-06:00,1900-10-11,,TS,29.2,-84.2,40,,Tropical Storm,111.9
AL061900,UNNAMED,1900-10-12T03:00:00+00:00,1900-10-11T21:00:00-06:00,1900-10-11,L,TS,29.5,-83.3,40,,Tropical Storm,151.94
AL061900,UNNAMED,1900-10-12T06:00:00+00:00,1900-10-12T00:00:00-06:00,1900-10-12,,TS,30.0,-82.4,35,,Tropical Storm,199.31
AL061900,UNNAMED,1900-10-12T12:00:00+00:00,1900-10-12T06:00:00-06:00,1900-10-12,,EX,31.1,-80.8,35,,Tropical Storm,300.77
AL061900,UNNAMED,1900-10-12T18:00:00+00:00,1900-10-12T12:00:00-06:00,1900-10-12,,EX,32.2,-79.3,35,,Tropical Storm,406.21
AL011901,UNNAMED,1901-06-12T12:00:00+00:00,1901-06-12T06:00:00-06:00,1901-06-12,,TS,24.0,-85.0,35,,Tropical Storm,425.57
AL011901,UNNAMED,1901-06-12T18:00:00+00:00,1901-06-12T12:00:00-06:00,1901-06-12,,TS,25.1,-85.2,35,,Tropical Storm,348.71
AL011901,UNNAMED,1901-06-13T00:00:00+00:00,1901-06-12T18:00:00-06:00,1901-06-12,,TS,26.1,-85.2,35,,Tropical Storm,279.97
AL011901,UNNAMED,1901-06-13T06:00:00+00:00,1901-06-13T00:00:00-06:00,1901-06-13,,TS,27.4,-85.0,35,,Tropical Storm,193.4
AL011901,UNNAMED,1901-06-13T12:00:00+00:00,1901-06-13T06:00:00-06:00,1901-06-13,,TS,28.5,-84.7,35,,Tropical Storm,128.28
AL011901,UNNAMED,1901-06-13T18:00:00+00:00,1901-06-13T12:00:00-06:00,1901-06-13,,TS,29.5,-84.6,35,,Tropical Storm,80.34
AL011901,UNNAMED,1901-06-13T21:00:00+00:00,1901-06-13T15:00:00-06:00,1901-06-13,L,TS,29.9,-84.6,35,,Tropical Storm,69.37
AL011901,UNNAMED,1901-06-14T00:00:00+00:00,1901-06-13T18:00:00-06:00,1901-06-13,,TD,30.5,-84.7,30,,Tropical Depression,66.68
AL011901,UNNAMED,1901-06-14T06:00:00+00:00,1901-06-14T00:00:00-06:00,1901-06-14,,TD,31.5,-84.8,30,,Tropical Depression,109.87
AL011901,UNNAMED,1901-06-14T12:00:00+00:00,1901-06-14T06:00:00-06:00,1901-06-14,,TD,32.5,-85.0,25,,Tropical Depression,169.66
AL011901,UNNAMED,1901-06-14T18:00:00+00:00,1901-06-14T12:00:00-06:00,1901-06-14,,TD,33.8,-85.4,25,,Tropical Depression,254.65
AL011901,UNNAMED,1901-06-15T00:00:00+00:00,1901-06-14T18:00:00-06:00,1901-06-14,,TD,34.9,-86.2,25,,Tropical Depression,331.05
AL011901,UNNAMED,1901-06-15T06:00:00+00:00,1901-06-15T00:00:00-06:00,1901-06-15,,TD,35.9,-87.0,25,,Tropical Depression,405.73
AL011901,UNNAMED,1901-06-15T12:00:00+00:00,1901-06-15T06:00:00-06:00,1901-06-15,,TD,37.0,-88.0,25,,Tropical Depression,492.62
AL021901,UNNAMED,1901-07-08T12:00:00+00:00,1901-07-08T06:00:00-06:00,1901-07-08,,TS,23.0,-87.0,60,,Tropical Storm,498.49
AL021901,UNNAMED,1901-07-08T18:00:00+00:00,1901-07-08T12:00:00-06:00,1901-07-08,,TS,23.5,-87.9,60,,Tropical Storm,476.86
AL021901,UNNAMED,1901-07-09T00:00:00+00:00,1901-07-08T18:00:00-06:00,1901-07-08,,TS,24.1,-88.7,60,,Tropical Storm,454.54
AL021901,UNNAMED,1901-07-09T06:00:00+00:00,1901-07-09T00:00:00-06:00,1901-07-09,,TS,24.8,-89.6,60,,Tropical Storm,437.7
AL021901,UNNAMED,1901-07-09T12:00:00+00:00,1901-07-09T06:00:00-06:00,1901-07-09,,TS,25.3,-90.5,60,,Tropical Storm,442.91
AL021901,UNNAMED,1901-07-09T18:00:00+00:00,1901-07-09T12:00:00-06:00,1901-07-09,,TS,26.0,-91.9,60,,Tropical Storm,471.81
AL031901,UNNAMED,1901-07-13T06:00:00+00:00,1901-07-13T00:00:00-06:00,1901-07-13,,TS,34.2,-78.8,35,,Tropical Storm,493.32
AL031901,UNNAMED,1901-07-13T12:00:00+00:00,1901-07-13T06:00:00-06:00,1901-07-13,,TS,34.5,-79.5,35,,Tropical Storm,472.8
AL031901,UNNAMED,1901-07-13T18:00:00+00:00,1901-07-13T12:00:00-06:00,1901-07-13,,TD,34.8,-80.2,30,,Tropical Depression,456.2
AL041901,UNNAMED,1901-08-10T18:00:00+00:00,1901-08-10T12:00:00-06:00,1901-08-10,,TS,26.1,-79.6,40,,Tropical Storm,465.58
AL041901,UNNAMED,1901-08-10T22:00:00+00:00,1901-08-10T16:00:00-06:00,1901-08-10,L,TS,26.3,-80.1,40,,Tropical Storm,432.72
AL041901,UNNAMED,1901-08-11T00:00:00+00:00,1901-08-10T18:00:00-06:00,1901-08-10,,TS,26.4,-80.4,35,,Tropical Storm,413.97
AL041901,UNNAMED,1901-08-11T06:00:00+00:00,1901-08-11T00:00:00-06:00,1901-08-11,,TS,26.7,-81.3,35,,Tropical Storm,358.37
AL041901,UNNAMED,1901-08-11T12:00:00+00:00,1901-08-11T06:00:00-06:00,1901-08-11,,TS,26.9,-82.1,40,,Tropical Storm,313.36
AL041901,UNNAMED,1901-08-11T18:00:00+00:00,1901-08-11T12:00:00-06:00,1901-08-11,,TS,27.0,-82.7,45,,Tropical Storm,283.57
AL041901,UNNAMED,1901-08-12T00:00:00+00:00,1901-08-11T18:00:00-06:00,1901-08-11,,TS,27.2,-83.2,50,,Tropical Storm,253.69
AL041901,UNNAMED,1901-08-12T06:00:00+00:00,1901-08-12T00:00:00-06:00,1901-08-12,,TS,27.3,-83.7,55,,Tropical Storm,230.71
AL041901,UNNAMED,1901-08-12T12:00:00+00:00,1901-08-12T06:00:00-06:00,1901-08-12,,HU,27.4,-84.2,65,,Category 1,209.84
AL041901,UNNAMED,1901-08-12T18:00:00+00:00,1901-08-12T12:00:00-06:00,1901-08-12,,HU,27.4,-84.8,70,,Category 1,196.52
AL041901,UNNAMED,1901-08-13T00:00:00+00:00,1901-08-12T18:00:00-06:00,1901-08-12,,HU,27.5,-85.4,75,,Category 1,182.47
AL041901,UNNAMED,1901-08-13T06:00:00+00:00,1901-08-13T00:00:00-06:00,1901-08-13,,HU,27.5,-86.0,80,,Category 1,182.11
AL041901,UNNAMED,1901-08-13T12:00:00+00:00,1901-08-13T06:00:00-06:00,1901-08-13,,HU,27.5,-86.7,80,,Category 1,190.64
AL041901,UNNAMED,1901-08-13T18:00:00+00:00,1901-08-13T12:00:00-06:00,1901-08-13,,HU,27.6,-87.6,80,,Category 1,207.93
AL041901,UNNAMED,1901-08-14T00:00:00+00:00,1901-08-13T18:00:00-06:00,1901-08-13,,HU,27.9,-88.7,80,,Category 1,236.28
AL041901,UNNAMED,1901-08-14T06:00:00+00:00,1901-08-14T00:00:00-06:00,1901-08-14,,HU,28.3,-89.3,80,,Category 1,249.48
AL041901,UNNAMED,1901-08-14T12:00:00+00:00,1901-08-14T06:00:00-06:00,1901-08-14,,HU,28.7,-89.7,75,,Category 1,258.41
AL041901,UNNAMED,1901-08-14T18:00:00+00:00,1901-08-14T12:00:00-06:00,1901-08-14,,HU,29.1,-89.8,75,,Category 1,254.51
AL041901,UNNAMED,1901-08-14T21:00:00+00:00,1901-08-14T15:00:00-06:00,1901-08-14,L,HU,29.3,-89.6,75,,Category 1,239.11
AL041901,UNNAMED,1901-08-15T00:00:00+00:00,1901-08-14T18:00:00-06:00,1901-08-14,,HU,29.4,-89.5,75,,Category 1,231.59
AL041901,UNNAMED,1901-08-15T06:00:00+00:00,1901-08-15T00:00:00-06:00,1901-08-15,,HU,29.7,-89.2,75,,Category 1,209.87
AL041901,UNNAMED,1901-08-15T12:00:00+00:00,1901-08-15T06:00:00-06:00,1901-08-15,,HU,30.0,-89.0,75,,Category 1,195.73
AL041901,UNNAMED,1901-08-15T17:00:00+00:00,1901-08-15T11:00:00-06:00,1901-08-15,L,HU,30.4,-88.8,75,,Category 1,184.19
AL041901,UNNAMED,1901-08-15T18:00:00+00:00,1901-08-15T12:00:00-06:00,1901-08-15,,HU,30.5,-88.7,70,973.0,Category 1,179.03
AL041901,UNNAMED,1901-08-16T00:00:00+00:00,1901-08-15T18:00:00-06:00,1901-08-15,,TS,31.0,-88.3,60,,Tropical Storm,164.41
AL041901,UNNAMED,1901-08-16T06:00:00+00:00,1901-08-16T00:00:00-06:00,1901-08-16,,TS,31.5,-88.1,45,,Tropical Storm,169.71
AL041901,UNNAMED,1901-08-16T12:00:00+00:00,1901-08-16T06:00:00-06:00,1901-08-16,,TS,32.0,-88.0,40,,Tropical Storm,186.63
AL041901,UNNAMED,1901-08-16T18:00:00+00:00,1901-08-16T12:00:00-06:00,1901-08-16,,TS,33.0,-88.7,35,,Tropical Storm,264.61
AL041901,UNNAMED,1901-08-17T00:00:00+00:00,1901-08-16T18:00:00-06:00,1901-08-16,,EX,34.0,-89.5,30,,Tropical Depression,346.94
AL041901,UNNAMED,1901-08-17T06:00:00+00:00,1901-08-17T00:00:00-06:00,1901-08-17,,EX,35.0,-90.0,30,,Tropical Depression,418.56
AL041901,UNNAMED,1901-08-17T12:00:00+00:00,1901-08-17T06:00:00-06:00,1901-08-17,,EX,36.3,-89.9,25,,Tropical Depression,489.9
AL081901,UNNAMED,1901-09-16T06:00:00+00:00,1901-09-16T00:00:00-06:00,1901-09-16,,TS,23.3,-87.3,55,,Tropical Storm,481.39
AL081901,UNNAMED,1901-09-16T12:00:00+00:00,1901-09-16T06:00:00-06:00,1901-09-16,,TS,24.3,-88.0,50,,Tropical Storm,425.92
AL081901,UNNAMED,1901-09-16T18:00:00+00:00,1901-09-16T12:00:00-06:00,1901-09-16,,TS,25.3,-88.5,50,,Tropical Storm,373.92
AL081901,UNNAMED,1901-09-17T00:00:00+00:00,1901-09-16T18:00:00-06:00,1901-09-16,,TS,26.5,-88.5,50,,Tropical Storm,301.83
AL081901,UNNAMED,1901-09-17T06:00:00+00:00,1901-09-17T00:00:00-06:00,1901-09-17,,TS,27.7,-88.1,50,,Tropical Storm,220.49
AL081901,UNNAMED,1901-09-17T12:00:00+00:00,1901-09-17T06:00:00-06:00,1901-09-17,,TS,29.0,-87.5,50,,Tropical Storm,131.74
AL081901,UNNAMED,1901-09-17T18:00:00+00:00,1901-09-17T12:00:00-06:00,1901-09-17,,TS,30.3,-86.7,50,,Tropical Storm,59.17
AL081901,UNNAMED,1901-09-17T20:00:00+00:00,1901-09-17T14:00:00-06:00,1901-09-17,L,TS,30.4,-86.6,50,,Tropical Storm,55.29
AL081901,UNNAMED,1901-09-18T00:00:00+00:00,1901-09-17T18:00:00-06:00,1901-09-17,,TS,31.6,-85.3,40,,Tropical Storm,105.06
AL081901,UNNAMED,1901-09-18T06:00:00+00:00,1901-09-18T00:00:00-06:00,1901-09-18,,TS,32.5,-83.4,35,,Tropical Storm,214.1
AL081901,UNNAMED,1901-09-18T12:00:00+00:00,1901-09-18T06:00:00-06:00,1901-09-18,,TS,33.0,-81.2,35,,Tropical Storm,332.48
AL101901,UNNAMED,1901-09-27T00:00:00+00:00,1901-09-26T18:00:00-06:00,1901-09-26,,TS,23.2,-84.5,40,,Tropical Storm,484.45
AL101901,UNNAMED,1901-09-27T06:00:00+00:00,1901-09-27T00:00:00-06:00,1901-09-27,,TS,24.3,-84.8,40,,Tropical Storm,406.5
AL101901,UNNAMED,1901-09-27T12:00:00+00:00,1901-09-27T06:00:00-06:00,1901-09-27,,TS,25.5,-85.0,40,,Tropical Storm,322.65
AL101901,UNNAMED,1901-09-27T18:00:00+00:00,1901-09-27T12:00:00-06:00,1901-09-27,,TS,27.0,-84.9,40,,Tropical Storm,221.71
AL101901,UNNAMED,1901-09-28T00:00:00+00:00,1901-09-27T18:00:00-06:00,1901-09-27,,TS,28.8,-84.7,40,,Tropical Storm,110.55
AL101901,UNNAMED,1901-09-28T03:00:00+00:00,1901-09-27T21:00:00-06:00,1901-09-27,L,TS,29.9,-84.6,40,,Tropical Storm,69.37
AL101901,UNNAMED,1901-09-28T06:00:00+00:00,1901-09-28T00:00:00-06:00,1901-09-28,,TS,30.6,-84.5,35,,Tropical Storm,80.34
AL101901,UNNAMED,1901-09-28T12:00:00+00:00,1901-09-28T06:00:00-06:00,1901-09-28,,EX,32.5,-84.0,35,,Tropical Storm,193.27
AL101901,UNNAMED,1901-09-28T18:00:00+00:00,1901-09-28T12:00:00-06:00,1901-09-28,,EX,35.1,-82.7,35,,Tropical Storm,386.28
AL011902,UNNAMED,1902-06-13T12:00:00+00:00,1902-06-13T06:00:00-06:00,1902-06-13,,TS,23.8,-83.0,45,,Tropical Storm,468.18
AL011902,UNNAMED,1902-06-13T18:00:00+00:00,1902-06-13T12:00:00-06:00,1902-06-13,,TS,24.9,-83.2,50,,Tropical Storm,392.86
AL011902,UNNAMED,1902-06-14T00:00:00+00:00,1902-06-13T18:00:00-06:00,1902-06-13,,TS,25.9,-83.5,50,,Tropical Storm,322.03
AL011902,UNNAMED,1902-06-14T06:00:00+00:00,1902-06-14T00:00:00-06:00,1902-06-14,,TS,26.9,-83.8,50,,Tropical Storm,251.74
AL011902,UNNAMED,1902-06-14T12:00:00+00:00,1902-06-14T06:00:00-06:00,1902-06-14,,TS,28.0,-84.0,50,,Tropical Storm,180.2
AL011902,UNNAMED,1902-06-14T18:00:00+00:00,1902-06-14T12:00:00-06:00,1902-06-14,,TS,29.0,-83.9,50,,Tropical Storm,134.67
AL011902,UNNAMED,1902-06-14T23:00:00+00:00,1902-06-14T17:00:00-06:00,1902-06-14,L,TS,29.8,-83.7,50,,Tropical Storm,123.57
AL011902,UNNAMED,1902-06-15T00:00:00+00:00,1902-06-14T18:00:00-06:00,1902-06-14,,TS,30.0,-83.6,45,,Tropical Storm,127.66
AL011902,UNNAMED,1902-06-15T06:00:00+00:00,1902-06-15T00:00:00-06:00,1902-06-15,,TS,31.0,-83.2,40,,Tropical Storm,162.2
AL011902,UNNAMED,1902-06-15T12:00:00+00:00,1902-06-15T06:00:00-06:00,1902-06-15,,TS,32.0,-82.5,35,,Tropical Storm,230.91
AL011902,UNNAMED,1902-06-15T18:00:00+00:00,1902-06-15T12:00:00-06:00,1902-06-15,,TS,33.0,-81.7,35,,Tropical Storm,309.38
AL011902,UNNAMED,1902-06-16T00:00:00+00:00,1902-06-15T18:00:00-06:00,1902-06-15,,TS,34.0,-80.7,35,,Tropical Storm,397.92
AL041902,UNNAMED,1902-10-09T12:00:00+00:00,1902-10-09T06:00:00-06:00,1902-10-09,,HU,24.5,-89.7,80,,Category 1,458.65
AL041902,UNNAMED,1902-10-09T18:00:00+00:00,1902-10-09T12:00:00-06:00,1902-10-09,,HU,25.3,-89.5,70,,Category 1,405.28
AL041902,UNNAMED,1902-10-10T00:00:00+00:00,1902-10-09T18:00:00-06:00,1902-10-09,,HU,26.2,-89.1,65,,Category 1,340.07
AL041902,UNNAMED,1902-10-10T06:00:00+00:00,1902-10-10T00:00:00-06:00,1902-10-10,,TS,27.1,-88.8,60,,Tropical Storm,279.9
AL041902,UNNAMED,1902-10-10T12:00:00+00:00,1902-10-10T06:00:00-06:00,1902-10-10,,TS,28.0,-88.5,55,,Tropical Storm,222.57
AL041902,UNNAMED,1902-10-10T18:00:00+00:00,1902-10-10T12:00:00-06:00,1902-10-10,,TS,29.4,-87.8,50,,Tropical Storm,133.88
AL041902,UNNAMED,1902-10-10T21:00:00+00:00,1902-10-10T15:00:00-06:00,1902-10-10,L,TS,30.3,-87.3,50,,Tropical Storm,94.52
AL041902,UNNAMED,1902-10-11T00:00:00+00:00,1902-10-10T18:00:00-06:00,1902-10-10,,TS,31.0,-86.9,40,,Tropical Storm,92.2
AL041902,UNNAMED,1902-10-11T06:00:00+00:00,1902-10-11T00:00:00-06:00,1902-10-11,,EX,32.5,-85.9,35,,Tropical Storm,164.4
AL041902,UNNAMED,1902-10-11T12:00:00+00:00,1902-10-11T06:00:00-06:00,1902-10-11,,EX,33.7,-84.8,35,,Tropical Storm,252.96
AL041902,UNNAMED,1902-10-11T18:00:00+00:00,1902-10-11T12:00:00-06:00,1902-10-11,,EX,34.9,-82.8,35,,Tropical Storm,371.42
AL031903,UNNAMED,1903-09-11T18:00:00+00:00,1903-09-11T12:00:00-06:00,1903-09-11,,HU,25.9,-79.6,75,976.0,Category 1,474.22
AL031903,UNNAMED,1903-09-11T23:00:00+00:00,1903-09-11T17:00:00-06:00,1903-09-11,L,HU,26.1,-80.1,75,976.0,Category 1,441.53
AL031903,UNNAMED,1903-09-12T00:00:00+00:00,1903-09-11T18:00:00-06:00,1903-09-11,,HU,26.2,-80.3,70,,Category 1,427.61
AL031903,UNNAMED,1903-09-12T06:00:00+00:00,1903-09-12T00:00:00-06:00,1903-09-12,,TS,26.7,-81.2,60,,Tropical Storm,362.95
AL031903,UNNAMED,1903-09-12T12:00:00+00:00,1903-09-12T06:00:00-06:00,1903-09-12,,TS,27.3,-82.1,55,988.0,Tropical Storm,294.05
AL031903,UNNAMED,1903-09-12T18:00:00+00:00,1903-09-12T12:00:00-06:00,1903-09-12,,TS,27.7,-82.9,50,,Tropical Storm,239.5
AL031903,UNNAMED,1903-09-13T00:00:00+00:00,1903-09-12T18:00:00-06:00,1903-09-12,,TS,28.1,-83.6,60,,Tropical Storm,190.01
AL031903,UNNAMED,1903-09-13T06:00:00+00:00,1903-09-13T00:00:00-06:00,1903-09-13,,HU,28.5,-84.2,70,,Category 1,145.26
AL031903,UNNAMED,1903-09-13T12:00:00+00:00,1903-09-13T06:00:00-06:00,1903-09-13,,HU,28.9,-84.8,80,,Category 1,101.44
AL031903,UNNAMED,1903-09-13T18:00:00+00:00,1903-09-13T12:00:00-06:00,1903-09-13,,HU,29.5,-85.3,80,,Category 1,50.29
AL031903,UNNAMED,1903-09-13T23:00:00+00:00,1903-09-13T17:00:00-06:00,1903-09-13,L,HU,30.1,-85.6,80,,Category 1,7.96
AL031903,UNNAMED,1903-09-14T00:00:00+00:00,1903-09-13T18:00:00-06:00,1903-09-13,,HU,30.3,-85.7,80,,Category 1,12.22
AL031903,UNNAMED,1903-09-14T06:00:00+00:00,1903-09-14T00:00:00-06:00,1903-09-14,,TS,31.0,-85.9,60,,Tropical Storm,61.3
AL031903,UNNAMED,1903-09-14T12:00:00+00:00,1903-09-14T06:00:00-06:00,1903-09-14,,TS,31.6,-86.0,45,,Tropical Storm,103.16
AL031903,UNNAMED,1903-09-14T18:00:00+00:00,1903-09-14T12:00:00-06:00,1903-09-14,,TS,32.0,-86.0,35,,Tropical Storm,130.53
AL031903,UNNAMED,1903-09-15T00:00:00+00:00,1903-09-14T18:00:00-06:00,1903-09-14,,TS,32.4,-85.9,35,,Tropical Storm,157.51
AL031903,UNNAMED,1903-09-15T06:00:00+00:00,1903-09-15T00:00:00-06:00,1903-09-15,,TS,32.7,-85.6,35,,Tropical Storm,178.08
AL031903,UNNAMED,1903-09-15T12:00:00+00:00,1903-09-15T06:00:00-06:00,1903-09-15,,TS,33.0,-85.3,35,,Tropical Storm,200.25
AL031903,UNNAMED,1903-09-15T18:00:00+00:00,1903-09-15T12:00:00-06:00,1903-09-15,,TS,33.3,-84.9,35,,Tropical Storm,224.73
AL031903,UNNAMED,1903-09-16T00:00:00+00:00,1903-09-15T18:00:00-06:00,1903-09-15,,TD,33.6,-84.3,30,,Tropical Depression,254.33
AL031903,UNNAMED,1903-09-16T06:00:00+00:00,1903-09-16T00:00:00-06:00,1903-09-16,,TD,33.8,-83.7,30,,Tropical Depression,280.4
AL031903,UNNAMED,1903-09-16T12:00:00+00:00,1903-09-16T06:00:00-06:00,1903-09-16,,TD,34.0,-83.0,30,,Tropical Depression,311.79
AL031903,UNNAMED,1903-09-16T18:00:00+00:00,1903-09-16T12:00:00-06:00,1903-09-16,,TD,33.9,-82.3,30,,Tropical Depression,329.21
AL021904,UNNAMED,1904-09-13T18:00:00+00:00,1904-09-13T12:00:00-06:00,1904-09-13,,HU,29.7,-77.4,70,,Category 1,499.63
AL021904,UNNAMED,1904-09-14T00:00:00+00:00,1904-09-13T18:00:00-06:00,1904-09-13,,HU,30.4,-78.0,70,,Category 1,461.61
AL021904,UNNAMED,1904-09-14T06:00:00+00:00,1904-09-14T00:00:00-06:00,1904-09-14,,HU,31.5,-78.5,70,,Category 1,439.33
AL021904,UNNAMED,1904-09-14T12:00:00+00:00,1904-09-14T06:00:00-06:00,1904-09-14,,HU,32.7,-79.0,70,,Category 1,434.78
AL021904,UNNAMED,1904-09-14T13:00:00+00:00,1904-09-14T07:00:00-06:00,1904-09-14,L,HU,33.1,-79.2,70,,Category 1,435.63
AL021904,UNNAMED,1904-09-14T18:00:00+00:00,1904-09-14T12:00:00-06:00,1904-09-14,,TS,34.6,-79.5,60,,Tropical Storm,477.09
AL041904,UNNAMED,1904-10-17T06:00:00+00:00,1904-10-17T00:00:00-06:00,1904-10-17,,HU,25.1,-80.1,70,,Category 1,489.08
AL041904,UNNAMED,1904-10-17T08:00:00+00:00,1904-10-17T02:00:00-06:00,1904-10-17,L,HU,25.3,-80.3,70,,Category 1,470.45
AL041904,UNNAMED,1904-10-17T12:00:00+00:00,1904-10-17T06:00:00-06:00,1904-10-17,,TS,25.7,-80.7,60,,Tropical Storm,433.23
AL041904,UNNAMED,1904-10-17T18:00:00+00:00,1904-10-17T12:00:00-06:00,1904-10-17,,TS,25.9,-80.9,50,,Tropical Storm,414.65
AL041904,UNNAMED,1904-10-18T00:00:00+00:00,1904-10-17T18:00:00-06:00,1904-10-17,,TS,26.2,-81.1,45,,Tropical Storm,391.18
AL041904,UNNAMED,1904-10-18T06:00:00+00:00,1904-10-18T00:00:00-06:00,1904-10-18,,TS,26.5,-81.4,40,,Tropical Storm,363.39
AL041904,UNNAMED,1904-10-18T12:00:00+00:00,1904-10-18T06:00:00-06:00,1904-10-18,,TS,26.7,-81.7,40,,Tropical Storm,340.5
AL041904,UNNAMED,1904-10-18T18:00:00+00:00,1904-10-18T12:00:00-06:00,1904-10-18,,TS,26.8,-82.3,35,,Tropical Storm,310.1
AL041904,UNNAMED,1904-10-19T00:00:00+00:00,1904-10-18T18:00:00-06:00,1904-10-18,,TS,26.7,-82.5,35,,Tropical Storm,307.42
AL041904,UNNAMED,1904-10-19T06:00:00+00:00,1904-10-19T00:00:00-06:00,1904-10-19,,TS,26.6,-82.6,35,,Tropical Storm,309.05
AL041904,UNNAMED,1904-10-19T12:00:00+00:00,1904-10-19T06:00:00-06:00,1904-10-19,,TS,26.3,-82.7,35,,Tropical Storm,322.26
AL041904,UNNAMED,1904-10-19T18:00:00+00:00,1904-10-19T12:00:00-06:00,1904-10-19,,TS,25.9,-82.6,35,,Tropical Storm,348.77
AL041904,UNNAMED,1904-10-20T00:00:00+00:00,1904-10-19T18:00:00-06:00,1904-10-19,,TS,25.6,-82.2,35,,Tropical Storm,379.73
AL041904,UNNAMED,1904-10-20T06:00:00+00:00,1904-10-20T00:00:00-06:00,1904-10-20,,TS,25.4,-81.6,35,,Tropical Storm,412.64
AL041904,UNNAMED,1904-10-20T10:00:00+00:00,1904-10-20T04:00:00-06:00,1904-10-20,L,TS,25.5,-81.2,35,,Tropical Storm,422.69
AL041904,UNNAMED,1904-10-20T12:00:00+00:00,1904-10-20T06:00:00-06:00,1904-10-20,,TS,25.5,-81.0,35,,Tropical Storm,430.79
AL041904,UNNAMED,1904-10-20T18:00:00+00:00,1904-10-20T12:00:00-06:00,1904-10-20,,TD,25.8,-80.0,30,,Tropical Depression,459.84
AL041904,UNNAMED,1904-10-21T00:00:00+00:00,1904-10-20T18:00:00-06:00,1904-10-20,,TD,26.1,-79.0,25,,Tropical Depression,495.36
AL061904,UNNAMED,1904-11-02T12:00:00+00:00,1904-11-02T06:00:00-06:00,1904-11-02,,TS,25.3,-90.7,40,,Tropical Storm,451.05
AL061904,UNNAMED,1904-11-02T18:00:00+00:00,1904-11-02T12:00:00-06:00,1904-11-02,,TS,26.5,-89.8,35,,Tropical Storm,352.11
AL061904,UNNAMED,1904-11-03T00:00:00+00:00,1904-11-02T18:00:00-06:00,1904-11-02,,TS,27.8,-88.9,35,,Tropical Storm,250.04
AL061904,UNNAMED,1904-11-03T06:00:00+00:00,1904-11-03T00:00:00-06:00,1904-11-03,,TS,29.1,-88.1,35,,Tropical Storm,159.0
AL061904,UNNAMED,1904-11-03T12:00:00+00:00,1904-11-03T06:00:00-06:00,1904-11-03,L,TS,30.3,-86.7,35,,Tropical Storm,59.17
AL061904,UNNAMED,1904-11-03T18:00:00+00:00,1904-11-03T12:00:00-06:00,1904-11-03,,TD,31.3,-84.8,30,,Tropical Depression,98.2
AL061904,UNNAMED,1904-11-04T00:00:00+00:00,1904-11-03T18:00:00-06:00,1904-11-03,,TD,32.1,-82.7,30,,Tropical Depression,225.25
AL061904,UNNAMED,1904-11-04T06:00:00+00:00,1904-11-04T00:00:00-06:00,1904-11-04,,TD,32.9,-80.4,30,,Tropical Depression,367.79
AL031905,UNNAMED,1905-09-27T18:00:00+00:00,1905-09-27T12:00:00-06:00,1905-09-27,,TS,25.9,-92.2,45,,Tropical Storm,490.72
AL031905,UNNAMED,1905-09-28T00:00:00+00:00,1905-09-27T18:00:00-06:00,1905-09-27,,TS,26.5,-92.4,45,,Tropical Storm,476.65
AL031905,UNNAMED,1905-09-28T06:00:00+00:00,1905-09-28T00:00:00-06:00,1905-09-28,,TS,27.2,-92.6,45,,Tropical Storm,462.82
AL031905,UNNAMED,1905-09-28T12:00:00+00:00,1905-09-28T06:00:00-06:00,1905-09-28,,TS,27.7,-92.7,45,,Tropical Storm,453.52
AL031905,UNNAMED,1905-09-28T18:00:00+00:00,1905-09-28T12:00:00-06:00,1905-09-28,,TS,28.3,-92.8,45,,Tropical Storm,444.52
AL031905,UNNAMED,1905-09-29T00:00:00+00:00,1905-09-28T18:00:00-06:00,1905-09-28,,TS,28.7,-92.7,45,,Tropical Storm,430.83
AL031905,UNNAMED,1905-09-29T06:00:00+00:00,1905-09-29T00:00:00-06:00,1905-09-29,,TS,29.2,-92.6,45,,Tropical Storm,417.32
AL031905,UNNAMED,1905-09-29T10:00:00+00:00,1905-09-29T04:00:00-06:00,1905-09-29,L,TS,29.6,-92.6,45,,Tropical Storm,413.18
AL031905,UNNAMED,1905-09-29T12:00:00+00:00,1905-09-29T06:00:00-06:00,1905-09-29,,TS,29.8,-92.5,40,,Tropical Storm,405.81
AL031905,UNNAMED,1905-09-29T18:00:00+00:00,1905-09-29T12:00:00-06:00,1905-09-29,,TS,30.6,-91.8,35,,Tropical Storm,363.31
AL031905,UNNAMED,1905-09-30T00:00:00+00:00,1905-09-29T18:00:00-06:00,1905-09-29,,TS,31.7,-90.9,35,,Tropical Storm,325.17
AL031905,UNNAMED,1905-09-30T06:00:00+00:00,1905-09-30T00:00:00-06:00,1905-09-30,,TS,33.0,-91.2,35,,Tropical Storm,378.28
AL031905,UNNAMED,1905-09-30T12:00:00+00:00,1905-09-30T06:00:00-06:00,1905-09-30,,TS,34.1,-92.0,35,,Tropical Storm,458.17
AL051905,UNNAMED,1905-10-08T12:00:00+00:00,1905-10-08T06:00:00-06:00,1905-10-08,,TS,26.3,-92.5,45,,Tropical Storm,489.48
AL051905,UNNAMED,1905-10-08T18:00:00+00:00,1905-10-08T12:00:00-06:00,1905-10-08,,TS,26.7,-92.4,45,,Tropical Storm,469.22
AL051905,UNNAMED,1905-10-09T00:00:00+00:00,1905-10-08T18:00:00-06:00,1905-10-08,,TS,27.3,-92.3,45,,Tropical Storm,443.29
AL051905,UNNAMED,1905-10-09T06:00:00+00:00,1905-10-09T00:00:00-06:00,1905-10-09,,TS,28.0,-92.2,45,,Tropical Storm,417.34
AL051905,UNNAMED,1905-10-09T12:00:00+00:00,1905-10-09T06:00:00-06:00,1905-10-09,,TS,28.7,-92.0,45,,Tropical Storm,389.95
AL051905,UNNAMED,1905-10-09T17:00:00+00:00,1905-10-09T11:00:00-06:00,1905-10-09,L,TS,29.5,-91.4,45,,Tropical Storm,342.61
AL051905,UNNAMED,1905-10-09T18:00:00+00:00,1905-10-09T12:00:00-06:00,1905-10-09,,TS,29.6,-91.3,40,,Tropical Storm,335.68
AL051905,UNNAMED,1905-10-10T00:00:00+00:00,1905-10-09T18:00:00-06:00,1905-10-09,,TS,30.7,-90.5,35,,Tropical Storm,286.97
AL051905,UNNAMED,1905-10-10T06:00:00+00:00,1905-10-10T00:00:00-06:00,1905-10-10,,EX,32.0,-89.8,30,,Tropical Depression,273.48
AL051905,UNNAMED,1905-10-10T12:00:00+00:00,1905-10-10T06:00:00-06:00,1905-10-10,,EX,33.5,-88.7,25,,Tropical Depression,291.15
AL051905,UNNAMED,1905-10-10T18:00:00+00:00,1905-10-10T12:00:00-06:00,1905-10-10,,EX,34.7,-86.5,25,,Tropical Depression,319.27
AL051905,UNNAMED,1905-10-11T00:00:00+00:00,1905-10-10T18:00:00-06:00,1905-10-10,,EX,35.6,-84.3,25,,Tropical Depression,387.27
AL051905,UNNAMED,1905-10-11T06:00:00+00:00,1905-10-11T00:00:00-06:00,1905-10-11,,EX,36.4,-82.4,25,,Tropical Depression,474.24
AL011906,UNNAMED,1906-06-09T18:00:00+00:00,1906-06-09T12:00:00-06:00,1906-06-09,,TS,23.5,-84.1,45,,Tropical Storm,468.63
AL011906,UNNAMED,1906-06-10T00:00:00+00:00,1906-06-09T18:00:00-06:00,1906-06-09,,TS,23.9,-84.2,45,,Tropical Storm,440.28
AL011906,UNNAMED,1906-06-10T06:00:00+00:00,1906-06-10T00:00:00-06:00,1906-06-10,,TS,24.4,-84.2,45,,Tropical Storm,406.55
AL011906,UNNAMED,1906-06-10T12:00:00+00:00,1906-06-10T06:00:00-06:00,1906-06-10,,TS,25.0,-84.3,45,,Tropical Storm,364.76
AL011906,UNNAMED,1906-06-10T18:00:00+00:00,1906-06-10T12:00:00-06:00,1906-06-10,,TS,25.4,-84.4,45,,Tropical Storm,336.43
AL011906,UNNAMED,1906-06-11T00:00:00+00:00,1906-06-10T18:00:00-06:00,1906-06-10,,TS,25.8,-84.6,45,,Tropical Storm,306.68
AL011906,UNNAMED,1906-06-11T06:00:00+00:00,1906-06-11T00:00:00-06:00,1906-06-11,,TS,26.1,-84.8,45,,Tropical Storm,283.81
AL011906,UNNAMED,1906-06-11T12:00:00+00:00,1906-06-11T06:00:00-06:00,1906-06-11,,TS,26.5,-85.0,45,,Tropical Storm,254.37
AL011906,UNNAMED,1906-06-11T18:00:00+00:00,1906-06-11T12:00:00-06:00,1906-06-11,,TS,27.0,-85.2,45,,Tropical Storm,218.3
AL011906,UNNAMED,1906-06-12T00:00:00+00:00,1906-06-11T18:00:00-06:00,1906-06-11,,TS,27.5,-85.4,45,,Tropical Storm,182.47
AL011906,UNNAMED,1906-06-12T06:00:00+00:00,1906-06-12T00:00:00-06:00,1906-06-12,,TS,28.0,-85.5,45,,Tropical Storm,147.48
AL011906,UNNAMED,1906-06-12T12:00:00+00:00,1906-06-12T06:00:00-06:00,1906-06-12,,TS,28.7,-85.5,45,,Tropical Storm,99.43
AL011906,UNNAMED,1906-06-12T18:00:00+00:00,1906-06-12T12:00:00-06:00,1906-06-12,,TS,29.6,-85.6,45,,Tropical Storm,37.1
AL011906,UNNAMED,1906-06-12T20:00:00+00:00,1906-06-12T14:00:00-06:00,1906-06-12,L,TS,30.1,-85.6,45,,Tropical Storm,7.96
AL011906,UNNAMED,1906-06-13T00:00:00+00:00,1906-06-12T18:00:00-06:00,1906-06-12,,TS,30.7,-85.6,40,,Tropical Storm,40.48
AL011906,UNNAMED,1906-06-13T06:00:00+00:00,1906-06-13T00:00:00-06:00,1906-06-13,,TS,31.8,-85.7,35,,Tropical Storm,115.75
AL011906,UNNAMED,1906-06-13T12:00:00+00:00,1906-06-13T06:00:00-06:00,1906-06-13,,TS,33.0,-85.7,35,,Tropical Storm,198.65
AL011906,UNNAMED,1906-06-13T18:00:00+00:00,1906-06-13T12:00:00-06:00,1906-06-13,,TD,34.6,-86.5,30,,Tropical Depression,312.44
AL011906,UNNAMED,1906-06-14T00:00:00+00:00,1906-06-13T18:00:00-06:00,1906-06-13,,EX,36.2,-87.7,30,,Tropical Depression,434.9
AL021906,UNNAMED,1906-06-16T18:00:00+00:00,1906-06-16T12:00:00-06:00,1906-06-16,,HU,24.0,-81.5,65,,Category 1,496.7
AL021906,UNNAMED,1906-06-17T00:00:00+00:00,1906-06-16T18:00:00-06:00,1906-06-16,,HU,24.5,-81.3,70,,Category 1,474.23
AL021906,UNNAMED,1906-06-17T03:00:00+00:00,1906-06-16T21:00:00-06:00,1906-06-16,L,HU,24.7,-81.1,70,,Category 1,470.13
AL021906,UNNAMED,1906-06-17T06:00:00+00:00,1906-06-17T00:00:00-06:00,1906-06-17,,HU,25.0,-80.9,75,979.0,Category 1,461.3
AL021906,UNNAMED,1906-06-17T08:00:00+00:00,1906-06-17T02:00:00-06:00,1906-06-17,L,HU,25.2,-80.7,75,979.0,Category 1,458.72
AL021906,UNNAMED,1906-06-17T12:00:00+00:00,1906-06-17T06:00:00-06:00,1906-06-17,,HU,25.7,-80.3,75,,Category 1,450.85
AL021906,UNNAMED,1906-06-17T18:00:00+00:00,1906-06-17T12:00:00-06:00,1906-06-17,,HU,26.7,-79.0,75,,Category 1,472.37
AL051906,UNNAMED,1906-09-17T18:00:00+00:00,1906-09-17T12:00:00-06:00,1906-09-17,,HU,32.9,-78.2,80,977.0,Category 1,483.05
AL051906,UNNAMED,1906-09-17T22:00:00+00:00,1906-09-17T16:00:00-06:00,1906-09-17,L,HU,33.3,-79.2,80,977.0,Category 1,441.94
AL051906,UNNAMED,1906-09-18T00:00:00+00:00,1906-09-17T18:00:00-06:00,1906-09-17,,TS,33.5,-79.8,60,,Tropical Storm,418.92
AL051906,UNNAMED,1906-09-18T06:00:00+00:00,1906-09-18T00:00:00-06:00,1906-09-18,,TS,34.3,-81.5,40,,Tropical Storm,379.86
AL051906,UNNAMED,1906-09-18T12:00:00+00:00,1906-09-18T06:00:00-06:00,1906-09-18,,TD,35.0,-83.0,30,,Tropical Depression,372.41
AL051906,UNNAMED,1906-09-18T18:00:00+00:00,1906-09-18T12:00:00-06:00,1906-09-18,,TD,35.5,-84.5,30,,Tropical Depression,378.17
AL061906,UNNAMED,1906-09-25T12:00:00+00:00,1906-09-25T06:00:00-06:00,1906-09-25,,HU,23.3,-86.0,95,,Category 2,471.86
AL061906,UNNAMED,1906-09-25T18:00:00+00:00,1906-09-25T12:00:00-06:00,1906-09-25,,HU,24.0,-86.3,100,,Category 3,424.65
AL061906,UNNAMED,1906-09-26T00:00:00+00:00,1906-09-25T18:00:00-06:00,1906-09-25,,HU,24.7,-86.6,105,,Category 3,378.61
AL061906,UNNAMED,1906-09-26T06:00:00+00:00,1906-09-26T00:00:00-06:00,1906-09-26,,HU,25.5,-86.8,105,,Category 3,326.17
AL061906,UNNAMED,1906-09-26T12:00:00+00:00,1906-09-26T06:00:00-06:00,1906-09-26,,HU,26.3,-87.0,105,953.0,Category 3,275.35
AL061906,UNNAMED,1906-09-26T18:00:00+00:00,1906-09-26T12:00:00-06:00,1906-09-26,,HU,27.3,-87.4,100,,Category 3,219.85
AL061906,UNNAMED,1906-09-27T00:00:00+00:00,1906-09-26T18:00:00-06:00,1906-09-26,,HU,28.4,-87.9,100,,Category 3,176.95
AL061906,UNNAMED,1906-09-27T06:00:00+00:00,1906-09-27T00:00:00-06:00,1906-09-27,,HU,29.4,-88.4,95,,Category 2,167.79
AL061906,UNNAMED,1906-09-27T11:00:00+00:00,1906-09-27T05:00:00-06:00,1906-09-27,L,HU,30.2,-88.6,95,,Category 2,171.52
AL061906,UNNAMED,1906-09-27T12:00:00+00:00,1906-09-27T06:00:00-06:00,1906-09-27,,HU,30.4,-88.7,95,958.0,Category 2,178.25
AL061906,UNNAMED,1906-09-27T18:00:00+00:00,1906-09-27T12:00:00-06:00,1906-09-27,,HU,31.4,-89.0,65,,Category 1,213.18
AL061906,UNNAMED,1906-09-28T00:00:00+00:00,1906-09-27T18:00:00-06:00,1906-09-27,,TS,32.4,-89.3,50,,Tropical Storm,262.96
AL061906,UNNAMED,1906-09-28T06:00:00+00:00,1906-09-28T00:00:00-06:00,1906-09-28,,TS,33.6,-89.6,40,,Tropical Storm,330.43
AL061906,UNNAMED,1906-09-28T12:00:00+00:00,1906-09-28T06:00:00-06:00,1906-09-28,,TS,34.7,-89.9,40,,Tropical Storm,398.76
AL061906,UNNAMED,1906-09-28T18:00:00+00:00,1906-09-28T12:00:00-06:00,1906-09-28,,TS,35.6,-90.2,35,,Tropical Storm,458.56
AL091906,UNNAMED,1906-10-17T00:00:00+00:00,1906-10-16T18:00:00-06:00,1906-10-16,,TS,29.9,-78.0,40,,Tropical Storm,462.65
AL091906,UNNAMED,1906-10-17T06:00:00+00:00,1906-10-17T00:00:00-06:00,1906-10-17,,TS,29.6,-78.7,35,,Tropical Storm,422.72
AL091906,UNNAMED,1906-10-17T12:00:00+00:00,1906-10-17T06:00:00-06:00,1906-10-17,,TD,29.3,-79.5,30,,Tropical Depression,378.13
AL091906,UNNAMED,1906-10-17T18:00:00+00:00,1906-10-17T12:00:00-06:00,1906-10-17,,TD,28.8,-80.6,25,,Tropical Depression,321.87
AL081906,UNNAMED,1906-10-18T06:00:00+00:00,1906-10-18T00:00:00-06:00,1906-10-18,,HU,23.9,-81.6,105,,Category 3,499.5
AL081906,UNNAMED,1906-10-18T10:00:00+00:00,1906-10-18T04:00:00-06:00,1906-10-18,L,HU,24.7,-81.1,105,,Category 3,470.13
AL081906,UNNAMED,1906-10-18T12:00:00+00:00,1906-10-18T06:00:00-06:00,1906-10-18,L,HU,25.3,-80.7,105,953.0,Category 3,453.53
AL081906,UNNAMED,1906-10-18T18:00:00+00:00,1906-10-18T12:00:00-06:00,1906-10-18,,HU,26.6,-79.5,95,,Category 2,450.2
AL081906,UNNAMED,1906-10-19T00:00:00+00:00,1906-10-18T18:00:00-06:00,1906-10-18,,HU,27.9,-78.6,90,,Category 2,457.31
AL081906,UNNAMED,1906-10-19T06:00:00+00:00,1906-10-19T00:00:00-06:00,1906-10-19,,HU,29.0,-78.1,85,,Category 2,465.0
AL081906,UNNAMED,1906-10-19T12:00:00+00:00,1906-10-19T06:00:00-06:00,1906-10-19,,HU,30.0,-78.0,80,,Category 1,462.24
AL081906,UNNAMED,1906-10-19T18:00:00+00:00,1906-10-19T12:00:00-06:00,1906-10-19,,HU,30.5,-78.0,80,,Category 1,461.71
AL081906,UNNAMED,1906-10-20T00:00:00+00:00,1906-10-19T18:00:00-06:00,1906-10-19,,HU,30.9,-78.0,75,,Category 1,463.14
AL081906,UNNAMED,1906-10-20T06:00:00+00:00,1906-10-20T00:00:00-06:00,1906-10-20,,HU,31.4,-78.1,75,,Category 1,461.39
AL081906,UNNAMED,1906-10-20T12:00:00+00:00,1906-10-20T06:00:00-06:00,1906-10-20,,HU,31.7,-78.3,70,,Category 1,453.58
AL081906,UNNAMED,1906-10-20T18:00:00+00:00,1906-10-20T12:00:00-06:00,1906-10-20,,HU,32.1,-79.3,70,,Category 1,404.01
AL081906,UNNAMED,1906-10-21T00:00:00+00:00,1906-10-20T18:00:00-06:00,1906-10-20,,TS,31.7,-80.4,60,,Tropical Storm,334.12
AL081906,UNNAMED,1906-10-21T06:00:00+00:00,1906-10-21T00:00:00-06:00,1906-10-21,,TS,30.7,-81.2,50,,Tropical Storm,272.81
AL081906,UNNAMED,1906-10-21T09:00:00+00:00,1906-10-21T03:00:00-06:00,1906-10-21,L,TS,30.0,-81.4,50,,Tropical Storm,259.06
AL081906,UNNAMED,1906-10-21T12:00:00+00:00,1906-10-21T06:00:00-06:00,1906-10-21,,TS,29.5,-81.5,40,,Tropical Storm,257.22
AL081906,UNNAMED,1906-10-21T18:00:00+00:00,1906-10-21T12:00:00-06:00,1906-10-21,,TS,29.0,-81.5,35,,Tropical Storm,265.81
AL081906,UNNAMED,1906-10-22T00:00:00+00:00,1906-10-21T18:00:00-06:00,1906-10-21,,TD,28.3,-81.6,30,,Tropical Depression,279.13
AL081906,UNNAMED,1906-10-22T06:00:00+00:00,1906-10-22T00:00:00-06:00,1906-10-22,,TD,27.3,-81.7,30,,Tropical Depression,312.58
AL081906,UNNAMED,1906-10-22T12:00:00+00:00,1906-10-22T06:00:00-06:00,1906-10-22,,TD,26.0,-82.0,25,,Tropical Depression,364.56
AL081906,UNNAMED,1906-10-22T18:00:00+00:00,1906-10-22T12:00:00-06:00,1906-10-22,,TD,24.9,-82.8,25,,Tropical Depression,403.15
AL081906,UNNAMED,1906-10-23T00:00:00+00:00,1906-10-22T18:00:00-06:00,1906-10-22,,TD,24.0,-83.8,25,,Tropical Depression,439.51
AL081906,UNNAMED,1906-10-23T06:00:00+00:00,1906-10-23T00:00:00-06:00,1906-10-23,,TD,23.1,-84.8,25,,Tropical Depression,488.76
AL011907,UNNAMED,1907-06-27T06:00:00+00:00,1907-06-27T00:00:00-06:00,1907-06-27,,TS,24.0,-88.0,45,,Tropical Storm,445.61
AL011907,UNNAMED,1907-06-27T12:00:00+00:00,1907-06-27T06:00:00-06:00,1907-06-27,,TS,25.2,-88.9,45,,Tropical Storm,391.64
AL011907,UNNAMED,1907-06-27T18:00:00+00:00,1907-06-27T12:00:00-06:00,1907-06-27,,TS,26.2,-89.4,45,,Tropical Storm,351.4
AL011907,UNNAMED,1907-06-28T00:00:00+00:00,1907-06-27T18:00:00-06:00,1907-06-27,,TS,27.0,-89.6,45,,Tropical Storm,318.97
AL011907,UNNAMED,1907-06-28T06:00:00+00:00,1907-06-28T00:00:00-06:00,1907-06-28,,TS,27.6,-89.4,45,,Tropical Storm,282.37
AL011907,UNNAMED,1907-06-28T12:00:00+00:00,1907-06-28T06:00:00-06:00,1907-06-28,,TS,28.3,-89.0,50,,Tropical Storm,234.05
AL011907,UNNAMED,1907-06-28T18:00:00+00:00,1907-06-28T12:00:00-06:00,1907-06-28,,TS,29.3,-87.8,50,,Tropical Storm,136.67
AL011907,UNNAMED,1907-06-28T23:00:00+00:00,1907-06-28T17:00:00-06:00,1907-06-28,L,TS,30.3,-85.9,50,,Tropical Storm,15.79
AL011907,UNNAMED,1907-06-29T00:00:00+00:00,1907-06-28T18:00:00-06:00,1907-06-28,,TS,30.3,-85.8,50,,Tropical Storm,12.79
AL011907,UNNAMED,1907-06-29T06:00:00+00:00,1907-06-29T00:00:00-06:00,1907-06-29,,TS,30.8,-83.5,45,,Tropical Storm,140.76
AL011907,UNNAMED,1907-06-29T12:00:00+00:00,1907-06-29T06:00:00-06:00,1907-06-29,,TS,31.8,-80.8,55,,Tropical Storm,314.14
AL021907,UNNAMED,1907-09-18T18:00:00+00:00,1907-09-18T12:00:00-06:00,1907-09-18,,TD,25.5,-80.3,30,,Tropical Depression,460.55
AL021907,UNNAMED,1907-09-19T00:00:00+00:00,1907-09-18T18:00:00-06:00,1907-09-18,,TD,25.9,-81.6,30,,Tropical Depression,385.52
AL021907,UNNAMED,1907-09-19T06:00:00+00:00,1907-09-19T00:00:00-06:00,1907-09-19,,TS,26.3,-82.8,35,,Tropical Storm,318.82
AL021907,UNNAMED,1907-09-19T12:00:00+00:00,1907-09-19T06:00:00-06:00,1907-09-19,,TS,26.7,-84.0,35,,Tropical Storm,258.94
AL021907,UNNAMED,1907-09-19T18:00:00+00:00,1907-09-19T12:00:00-06:00,1907-09-19,,TS,27.1,-85.0,35,,Tropical Storm,213.64
AL021907,UNNAMED,1907-09-20T00:00:00+00:00,1907-09-19T18:00:00-06:00,1907-09-19,,TS,27.5,-85.8,40,,Tropical Storm,181.42
AL021907,UNNAMED,1907-09-20T06:00:00+00:00,1907-09-20T00:00:00-06:00,1907-09-20,,TS,27.9,-86.4,40,,Tropical Storm,158.97
AL021907,UNNAMED,1907-09-20T12:00:00+00:00,1907-09-20T06:00:00-06:00,1907-09-20,,TS,28.3,-87.0,40,,Tropical Storm,147.53
AL021907,UNNAMED,1907-09-20T18:00:00+00:00,1907-09-20T12:00:00-06:00,1907-09-20,,TS,28.7,-87.6,40,,Tropical Storm,149.53
AL021907,UNNAMED,1907-09-21T00:00:00+00:00,1907-09-20T18:00:00-06:00,1907-09-20,,TS,29.1,-88.2,40,,Tropical Storm,164.4
AL021907,UNNAMED,1907-09-21T06:00:00+00:00,1907-09-21T00:00:00-06:00,1907-09-21,,TS,29.5,-88.7,40,,Tropical Storm,183.21
AL021907,UNNAMED,1907-09-21T12:00:00+00:00,1907-09-21T06:00:00-06:00,1907-09-21,,TS,30.0,-89.0,40,,Tropical Storm,195.73
AL021907,UNNAMED,1907-09-21T17:00:00+00:00,1907-09-21T11:00:00-06:00,1907-09-21,L,TS,30.4,-88.9,40,,Tropical Storm,190.12
AL021907,UNNAMED,1907-09-21T18:00:00+00:00,1907-09-21T12:00:00-06:00,1907-09-21,,TS,30.5,-88.9,35,,Tropical Storm,190.84
AL021907,UNNAMED,1907-09-22T00:00:00+00:00,1907-09-21T18:00:00-06:00,1907-09-21,,TS,31.0,-88.8,35,,Tropical Storm,192.39
AL021907,UNNAMED,1907-09-22T06:00:00+00:00,1907-09-22T00:00:00-06:00,1907-09-22,,TS,31.5,-88.4,35,,Tropical Storm,184.73
AL021907,UNNAMED,1907-09-22T12:00:00+00:00,1907-09-22T06:00:00-06:00,1907-09-22,,TS,32.1,-87.6,35,,Tropical Storm,175.66
AL021907,UNNAMED,1907-09-22T18:00:00+00:00,1907-09-22T12:00:00-06:00,1907-09-22,,EX,32.9,-86.3,35,,Tropical Storm,194.65
AL021907,UNNAMED,1907-09-23T00:00:00+00:00,1907-09-22T18:00:00-06:00,1907-09-22,,EX,33.8,-84.7,35,,Tropical Storm,260.99
AL021907,UNNAMED,1907-09-23T06:00:00+00:00,1907-09-23T00:00:00-06:00,1907-09-23,,EX,34.7,-83.0,35,,Tropical Storm,353.9
AL021907,UNNAMED,1907-09-23T12:00:00+00:00,1907-09-23T06:00:00-06:00,1907-09-23,,EX,35.7,-81.3,35,,Tropical Storm,462.9
AL031907,UNNAMED,1907-09-28T00:00:00+00:00,1907-09-27T18:00:00-06:00,1907-09-27,,TS,25.7,-91.3,35,,Tropical Storm,457.17
AL031907,UNNAMED,1907-09-28T06:00:00+00:00,1907-09-28T00:00:00-06:00,1907-09-28,,TS,27.0,-90.0,35,,Tropical Storm,337.23
AL031907,UNNAMED,1907-09-28T12:00:00+00:00,1907-09-28T06:00:00-06:00,1907-09-28,,TS,28.3,-88.5,40,,Tropical Storm,209.28
AL031907,UNNAMED,1907-09-28T18:00:00+00:00,1907-09-28T12:00:00-06:00,1907-09-28,,TS,29.6,-86.6,45,,Tropical Storm,63.51
AL031907,UNNAMED,1907-09-28T20:00:00+00:00,1907-09-28T14:00:00-06:00,1907-09-28,L,TS,30.1,-85.7,45,,Tropical Storm,2.49
AL031907,UNNAMED,1907-09-29T00:00:00+00:00,1907-09-28T18:00:00-06:00,1907-09-28,,TS,30.9,-84.3,40,,Tropical Storm,100.56
AL031907,UNNAMED,1907-09-29T06:00:00+00:00,1907-09-29T00:00:00-06:00,1907-09-29,,TS,31.8,-81.9,35,,Tropical Storm,254.7
AL031907,UNNAMED,1907-09-29T12:00:00+00:00,1907-09-29T06:00:00-06:00,1907-09-29,,TS,32.7,-79.0,35,,Tropical Storm,434.78
AL021908,UNNAMED,1908-05-27T00:00:00+00:00,1908-05-26T18:00:00-06:00,1908-05-26,,TS,27.7,-78.1,40,,Tropical Storm,490.81
AL021908,UNNAMED,1908-05-27T06:00:00+00:00,1908-05-27T00:00:00-06:00,1908-05-27,,TS,28.5,-79.1,45,,Tropical Storm,414.84
AL021908,UNNAMED,1908-05-27T12:00:00+00:00,1908-05-27T06:00:00-06:00,1908-05-27,,TS,29.5,-79.5,50,,Tropical Storm,375.92
AL021908,UNNAMED,1908-05-27T18:00:00+00:00,1908-05-27T12:00:00-06:00,1908-05-27,,TS,30.1,-79.5,55,,Tropical Storm,372.32
AL021908,UNNAMED,1908-05-28T00:00:00+00:00,1908-05-27T18:00:00-06:00,1908-05-27,,TS,30.6,-79.2,60,,Tropical Storm,390.62
AL021908,UNNAMED,1908-05-28T06:00:00+00:00,1908-05-28T00:00:00-06:00,1908-05-28,,HU,31.2,-78.8,65,,Category 1,418.44
AL021908,UNNAMED,1908-05-28T12:00:00+00:00,1908-05-28T06:00:00-06:00,1908-05-28,,HU,31.7,-78.3,65,,Category 1,453.58
AL021908,UNNAMED,1908-05-28T18:00:00+00:00,1908-05-28T12:00:00-06:00,1908-05-28,,HU,32.3,-77.9,65,,Category 1,486.34
AL031908,UNNAMED,1908-07-26T18:00:00+00:00,1908-07-26T12:00:00-06:00,1908-07-26,,TS,28.9,-77.8,35,,Tropical Storm,484.16
AL031908,UNNAMED,1908-07-27T00:00:00+00:00,1908-07-26T18:00:00-06:00,1908-07-26,,TS,28.7,-78.0,35,,Tropical Storm,475.45
AL031908,UNNAMED,1908-07-27T06:00:00+00:00,1908-07-27T00:00:00-06:00,1908-07-27,,TS,28.3,-78.3,35,,Tropical Storm,465.37
AL031908,UNNAMED,1908-07-27T12:00:00+00:00,1908-07-27T06:00:00-06:00,1908-07-27,,TS,27.7,-78.5,35,,Tropical Storm,468.16
AL031908,UNNAMED,1908-07-27T18:00:00+00:00,1908-07-27T12:00:00-06:00,1908-07-27,,TS,27.3,-78.3,35,,Tropical Storm,490.58
AL041908,UNNAMED,1908-07-29T00:00:00+00:00,1908-07-28T18:00:00-06:00,1908-07-28,,TD,29.6,-94.0,30,,Tropical Depression,496.75
AL031908,UNNAMED,1908-07-29T06:00:00+00:00,1908-07-29T00:00:00-06:00,1908-07-29,,TS,28.2,-77.9,60,,Tropical Storm,490.67
AL041908,UNNAMED,1908-07-29T06:00:00+00:00,1908-07-29T00:00:00-06:00,1908-07-29,,TD,29.3,-93.5,30,,Tropical Depression,469.65
AL031908,UNNAMED,1908-07-29T12:00:00+00:00,1908-07-29T06:00:00-06:00,1908-07-29,,TS,28.5,-78.0,60,,Tropical Storm,478.94
AL041908,UNNAMED,1908-07-29T12:00:00+00:00,1908-07-29T06:00:00-06:00,1908-07-29,,TS,29.0,-93.0,35,,Tropical Storm,443.69
AL031908,UNNAMED,1908-07-29T18:00:00+00:00,1908-07-29T12:00:00-06:00,1908-07-29,,TS,29.4,-78.3,60,,Tropical Storm,448.37
AL041908,UNNAMED,1908-07-29T18:00:00+00:00,1908-07-29T12:00:00-06:00,1908-07-29,,TS,28.7,-92.5,40,,Tropical Storm,419.12
AL031908,UNNAMED,1908-07-30T00:00:00+00:00,1908-07-29T18:00:00-06:00,1908-07-29,,HU,30.4,-78.3,65,,Category 1,443.73
AL041908,UNNAMED,1908-07-30T00:00:00+00:00,1908-07-29T18:00:00-06:00,1908-07-29,,TS,28.4,-92.0,45,,Tropical Storm,396.21
AL031908,UNNAMED,1908-07-30T06:00:00+00:00,1908-07-30T00:00:00-06:00,1908-07-30,,HU,31.4,-78.2,70,,Category 1,455.56
AL041908,UNNAMED,1908-07-30T06:00:00+00:00,1908-07-30T00:00:00-06:00,1908-07-30,,TS,28.1,-91.7,50,,Tropical Storm,386.51
AL031908,UNNAMED,1908-07-30T12:00:00+00:00,1908-07-30T06:00:00-06:00,1908-07-30,,HU,32.5,-78.0,70,,Category 1,484.76
AL041908,UNNAMED,1908-07-30T12:00:00+00:00,1908-07-30T06:00:00-06:00,1908-07-30,,TS,28.0,-91.5,50,,Tropical Storm,378.07
AL041908,UNNAMED,1908-07-30T18:00:00+00:00,1908-07-30T12:00:00-06:00,1908-07-30,,TS,28.1,-91.4,50,,Tropical Storm,369.7
AL041908,UNNAMED,1908-07-31T00:00:00+00:00,1908-07-30T18:00:00-06:00,1908-07-30,,TS,28.3,-91.3,50,,Tropical Storm,358.74
AL041908,UNNAMED,1908-07-31T06:00:00+00:00,1908-07-31T00:00:00-06:00,1908-07-31,,TS,28.6,-91.4,50,,Tropical Storm,357.27
AL041908,UNNAMED,1908-07-31T12:00:00+00:00,1908-07-31T06:00:00-06:00,1908-07-31,,TS,29.0,-91.5,50,,Tropical Storm,355.33
AL041908,UNNAMED,1908-07-31T18:00:00+00:00,1908-07-31T12:00:00-06:00,1908-07-31,,TS,29.3,-91.7,50,,Tropical Storm,362.72
AL041908,UNNAMED,1908-07-31T22:00:00+00:00,1908-07-31T16:00:00-06:00,1908-07-31,L,TS,29.5,-91.9,50,,Tropical Storm,372.35
AL041908,UNNAMED,1908-08-01T00:00:00+00:00,1908-07-31T18:00:00-06:00,1908-07-31,,TS,29.7,-92.1,40,,Tropical Storm,382.57
AL041908,UNNAMED,1908-08-01T06:00:00+00:00,1908-08-01T00:00:00-06:00,1908-08-01,,TS,30.1,-92.7,35,,Tropical Storm,416.53
AL041908,UNNAMED,1908-08-01T12:00:00+00:00,1908-08-01T06:00:00-06:00,1908-08-01,,TS,30.5,-93.0,35,,Tropical Storm,434.33
AL041908,UNNAMED,1908-08-01T18:00:00+00:00,1908-08-01T12:00:00-06:00,1908-08-01,,TS,30.9,-93.1,35,,Tropical Storm,441.87
AL041908,UNNAMED,1908-08-02T00:00:00+00:00,1908-08-01T18:00:00-06:00,1908-08-01,,TD,31.2,-92.9,30,,Tropical Depression,432.48
AL041908,UNNAMED,1908-08-02T06:00:00+00:00,1908-08-02T00:00:00-06:00,1908-08-02,,TD,31.6,-92.5,30,,Tropical Depression,414.18
AL041908,UNNAMED,1908-08-02T12:00:00+00:00,1908-08-02T06:00:00-06:00,1908-08-02,,TD,32.0,-92.0,30,,Tropical Depression,392.98
AL041908,UNNAMED,1908-08-02T18:00:00+00:00,1908-08-02T12:00:00-06:00,1908-08-02,,TD,32.4,-91.5,30,,Tropical Depression,375.21
AL041908,UNNAMED,1908-08-03T00:00:00+00:00,1908-08-02T18:00:00-06:00,1908-08-02,,TD,32.8,-91.1,25,,Tropical Depression,366.42
AL041908,UNNAMED,1908-08-03T06:00:00+00:00,1908-08-03T00:00:00-06:00,1908-08-03,,TD,33.1,-90.8,25,,Tropical Depression,362.2
AL041908,UNNAMED,1908-08-03T12:00:00+00:00,1908-08-03T06:00:00-06:00,1908-08-03,,TD,33.5,-90.5,25,,Tropical Depression,364.35
AL041908,UNNAMED,1908-08-03T18:00:00+00:00,1908-08-03T12:00:00-06:00,1908-08-03,,TD,34.0,-90.2,25,,Tropical Depression,374.33
AL071908,UNNAMED,1908-09-16T12:00:00+00:00,1908-09-16T06:00:00-06:00,1908-09-16,,TS,24.7,-90.5,40,,Tropical Storm,475.36
AL071908,UNNAMED,1908-09-16T18:00:00+00:00,1908-09-16T12:00:00-06:00,1908-09-16,,TS,25.1,-91.1,40,,Tropical Storm,478.01
AL071908,UNNAMED,1908-09-17T00:00:00+00:00,1908-09-16T18:00:00-06:00,1908-09-16,,TS,25.6,-91.7,45,,Tropical Storm,480.19
AL071908,UNNAMED,1908-09-17T06:00:00+00:00,1908-09-17T00:00:00-06:00,1908-09-17,,TS,26.0,-92.1,45,,Tropical Storm,481.58
AL071908,UNNAMED,1908-09-17T12:00:00+00:00,1908-09-17T06:00:00-06:00,1908-09-17,,TS,26.5,-92.6,50,,Tropical Storm,487.04
AL071908,UNNAMED,1908-09-17T18:00:00+00:00,1908-09-17T12:00:00-06:00,1908-09-17,,TS,27.0,-93.1,55,,Tropical Storm,496.48
AL071908,UNNAMED,1908-09-18T18:00:00+00:00,1908-09-18T12:00:00-06:00,1908-09-18,,TD,28.7,-93.4,25,,Tropical Depression,471.92
AL101908,UNNAMED,1908-10-23T06:00:00+00:00,1908-10-23T00:00:00-06:00,1908-10-23,,EX,32.4,-78.2,35,,Tropical Storm,471.55
AL101908,UNNAMED,1908-10-23T12:00:00+00:00,1908-10-23T06:00:00-06:00,1908-10-23,,EX,33.4,-79.7,35,,Tropical Storm,420.22
AL101908,UNNAMED,1908-10-23T18:00:00+00:00,1908-10-23T12:00:00-06:00,1908-10-23,,EX,34.2,-81.0,30,,Tropical Depression,394.63
AL021909,UNNAMED,1909-06-25T12:00:00+00:00,1909-06-25T06:00:00-06:00,1909-06-25,,TS,25.0,-84.0,35,,Tropical Storm,369.6
AL021909,UNNAMED,1909-06-25T18:00:00+00:00,1909-06-25T12:00:00-06:00,1909-06-25,,TS,25.5,-84.7,35,,Tropical Storm,325.69
AL021909,UNNAMED,1909-06-26T00:00:00+00:00,1909-06-25T18:00:00-06:00,1909-06-25,,TS,25.9,-85.5,35,,Tropical Storm,292.26
AL021909,UNNAMED,1909-06-26T06:00:00+00:00,1909-06-26T00:00:00-06:00,1909-06-26,,TS,26.3,-86.2,35,,Tropical Storm,265.83
AL021909,UNNAMED,1909-06-26T12:00:00+00:00,1909-06-26T06:00:00-06:00,1909-06-26,,TS,26.7,-87.0,40,,Tropical Storm,248.91
AL021909,UNNAMED,1909-06-26T18:00:00+00:00,1909-06-26T12:00:00-06:00,1909-06-26,,TS,26.7,-87.7,40,,Tropical Storm,265.19
AL021909,UNNAMED,1909-06-27T00:00:00+00:00,1909-06-26T18:00:00-06:00,1909-06-26,,TS,26.6,-88.5,45,,Tropical Storm,296.08
AL021909,UNNAMED,1909-06-27T06:00:00+00:00,1909-06-27T00:00:00-06:00,1909-06-27,,TS,26.6,-89.3,45,,Tropical Storm,326.19
AL021909,UNNAMED,1909-06-27T12:00:00+00:00,1909-06-27T06:00:00-06:00,1909-06-27,,TS,26.5,-90.1,50,,Tropical Storm,365.16
AL021909,UNNAMED,1909-06-27T18:00:00+00:00,1909-06-27T12:00:00-06:00,1909-06-27,,TS,26.5,-90.9,50,,Tropical Storm,401.94
AL021909,UNNAMED,1909-06-28T00:00:00+00:00,1909-06-27T18:00:00-06:00,1909-06-27,,TS,26.4,-91.7,50,,Tropical Storm,445.11
AL021909,UNNAMED,1909-06-28T06:00:00+00:00,1909-06-28T00:00:00-06:00,1909-06-28,,TS,26.4,-92.5,50,,Tropical Storm,485.62
AL031909,UNNAMED,1909-06-28T18:00:00+00:00,1909-06-28T12:00:00-06:00,1909-06-28,,TS,25.8,-79.9,45,,Tropical Storm,464.49
AL031909,UNNAMED,1909-06-28T20:00:00+00:00,1909-06-28T14:00:00-06:00,1909-06-28,L,TS,26.0,-80.1,45,,Tropical Storm,446.03
AL031909,UNNAMED,1909-06-29T00:00:00+00:00,1909-06-28T18:00:00-06:00,1909-06-28,,TS,26.5,-80.5,40,,Tropical Storm,404.8
AL031909,UNNAMED,1909-06-29T06:00:00+00:00,1909-06-29T00:00:00-06:00,1909-06-29,,TS,27.3,-81.1,35,,Tropical Storm,341.73
AL031909,UNNAMED,1909-06-29T12:00:00+00:00,1909-06-29T06:00:00-06:00,1909-06-29,,TS,28.0,-81.7,35,,Tropical Storm,284.21
AL031909,UNNAMED,1909-06-29T18:00:00+00:00,1909-06-29T12:00:00-06:00,1909-06-29,,TS,28.4,-82.2,35,,Tropical Storm,243.86
AL031909,UNNAMED,1909-06-30T00:00:00+00:00,1909-06-29T18:00:00-06:00,1909-06-29,,TS,29.0,-82.9,35,,Tropical Storm,186.99
AL031909,UNNAMED,1909-06-30T06:00:00+00:00,1909-06-30T00:00:00-06:00,1909-06-30,,TS,29.5,-83.4,35,,Tropical Storm,146.2
AL031909,UNNAMED,1909-06-30T12:00:00+00:00,1909-06-30T06:00:00-06:00,1909-06-30,,TS,30.0,-84.0,35,,Tropical Storm,103.81
AL031909,UNNAMED,1909-06-30T14:00:00+00:00,1909-06-30T08:00:00-06:00,1909-06-30,L,TS,30.1,-84.1,35,,Tropical Storm,97.44
AL031909,UNNAMED,1909-06-30T18:00:00+00:00,1909-06-30T12:00:00-06:00,1909-06-30,,TD,30.2,-84.3,30,,Tropical Depression,85.58
AL031909,UNNAMED,1909-07-01T00:00:00+00:00,1909-06-30T18:00:00-06:00,1909-06-30,,TD,30.4,-84.5,30,,Tropical Depression,75.82
AL031909,UNNAMED,1909-07-01T06:00:00+00:00,1909-07-01T00:00:00-06:00,1909-07-01,,TD,30.6,-84.6,30,,Tropical Depression,74.94
AL031909,UNNAMED,1909-07-01T12:00:00+00:00,1909-07-01T06:00:00-06:00,1909-07-01,,TD,31.0,-84.7,30,,Tropical Depression,86.08
AL031909,UNNAMED,1909-07-01T18:00:00+00:00,1909-07-01T12:00:00-06:00,1909-07-01,,TD,31.3,-84.6,25,,Tropical Depression,105.34
AL031909,UNNAMED,1909-07-02T00:00:00+00:00,1909-07-01T18:00:00-06:00,1909-07-01,,TD,31.6,-84.3,25,,Tropical Depression,132.58
AL031909,UNNAMED,1909-07-02T06:00:00+00:00,1909-07-02T00:00:00-06:00,1909-07-02,,TD,31.9,-83.8,25,,Tropical Depression,167.63
AL031909,UNNAMED,1909-07-02T12:00:00+00:00,1909-07-02T06:00:00-06:00,1909-07-02,,TD,32.0,-83.5,25,,Tropical Depression,184.93
AL031909,UNNAMED,1909-07-02T18:00:00+00:00,1909-07-02T12:00:00-06:00,1909-07-02,,TD,32.2,-82.8,25,,Tropical Depression,224.84
AL031909,UNNAMED,1909-07-03T00:00:00+00:00,1909-07-02T18:00:00-06:00,1909-07-02,,TD,32.4,-81.7,25,,Tropical Depression,285.2
AL031909,UNNAMED,1909-07-03T06:00:00+00:00,1909-07-03T00:00:00-06:00,1909-07-03,,TD,32.4,-80.7,30,,Tropical Depression,336.04
AL031909,UNNAMED,1909-07-03T12:00:00+00:00,1909-07-03T06:00:00-06:00,1909-07-03,,TD,32.3,-79.7,30,,Tropical Depression,386.64
AL031909,UNNAMED,1909-07-03T18:00:00+00:00,1909-07-03T12:00:00-06:00,1909-07-03,,TD,32.0,-78.3,30,,Tropical Depression,458.32
AL041909,UNNAMED,1909-07-19T00:00:00+00:00,1909-07-18T18:00:00-06:00,1909-07-18,,HU,23.0,-85.9,70,,Category 1,492.4
AL041909,UNNAMED,1909-07-19T06:00:00+00:00,1909-07-19T00:00:00-06:00,1909-07-19,,HU,24.0,-86.7,70,,Category 1,427.38
AL041909,UNNAMED,1909-07-19T12:00:00+00:00,1909-07-19T06:00:00-06:00,1909-07-19,,HU,25.0,-87.5,70,,Category 1,370.31
AL041909,UNNAMED,1909-07-19T18:00:00+00:00,1909-07-19T12:00:00-06:00,1909-07-19,,HU,25.6,-88.3,70,,Category 1,349.81
AL041909,UNNAMED,1909-07-20T00:00:00+00:00,1909-07-19T18:00:00-06:00,1909-07-19,,HU,26.1,-88.9,70,,Category 1,338.57
AL041909,UNNAMED,1909-07-20T06:00:00+00:00,1909-07-20T00:00:00-06:00,1909-07-20,,HU,26.6,-89.7,70,,Category 1,342.84
AL041909,UNNAMED,1909-07-20T12:00:00+00:00,1909-07-20T06:00:00-06:00,1909-07-20,,HU,27.0,-90.6,70,,Category 1,365.93
AL041909,UNNAMED,1909-07-20T18:00:00+00:00,1909-07-20T12:00:00-06:00,1909-07-20,,HU,27.4,-91.5,70,985.0,Category 1,396.89
AL041909,UNNAMED,1909-07-21T00:00:00+00:00,1909-07-20T18:00:00-06:00,1909-07-20,,HU,27.8,-92.5,80,,Category 1,439.56
AL041909,UNNAMED,1909-07-21T06:00:00+00:00,1909-07-21T00:00:00-06:00,1909-07-21,,HU,28.2,-93.5,90,,Category 2,487.18
AL071909,UNNAMED,1909-08-22T00:00:00+00:00,1909-08-21T18:00:00-06:00,1909-08-21,,TD,23.0,-85.7,25,,Tropical Depression,492.29
AL071909,UNNAMED,1909-08-22T06:00:00+00:00,1909-08-22T00:00:00-06:00,1909-08-22,,TD,23.5,-86.3,25,,Tropical Depression,459.09
AL071909,UNNAMED,1909-08-22T12:00:00+00:00,1909-08-22T06:00:00-06:00,1909-08-22,,TD,24.0,-87.0,25,,Tropical Depression,430.34
AL071909,UNNAMED,1909-08-22T18:00:00+00:00,1909-08-22T12:00:00-06:00,1909-08-22,,TD,24.5,-87.8,30,,Tropical Depression,408.87
AL071909,UNNAMED,1909-08-23T00:00:00+00:00,1909-08-22T18:00:00-06:00,1909-08-22,,TS,25.0,-88.6,35,,Tropical Storm,395.29
AL071909,UNNAMED,1909-08-23T06:00:00+00:00,1909-08-23T00:00:00-06:00,1909-08-23,,TS,25.5,-89.5,40,,Tropical Storm,393.88
AL071909,UNNAMED,1909-08-23T12:00:00+00:00,1909-08-23T06:00:00-06:00,1909-08-23,,TS,26.0,-90.5,45,,Tropical Storm,407.1
AL071909,UNNAMED,1909-08-23T18:00:00+00:00,1909-08-23T12:00:00-06:00,1909-08-23,,TS,26.2,-91.5,45,,Tropical Storm,443.81
AL071909,UNNAMED,1909-08-24T00:00:00+00:00,1909-08-23T18:00:00-06:00,1909-08-23,,TS,26.3,-92.6,40,,Tropical Storm,494.61
AL081909,UNNAMED,1909-08-29T06:00:00+00:00,1909-08-29T00:00:00-06:00,1909-08-29,,TS,26.4,-79.6,45,,Tropical Storm,453.09
AL081909,UNNAMED,1909-08-29T09:00:00+00:00,1909-08-29T03:00:00-06:00,1909-08-29,L,TS,26.4,-80.1,45,,Tropical Storm,428.41
AL081909,UNNAMED,1909-08-29T12:00:00+00:00,1909-08-29T06:00:00-06:00,1909-08-29,,TS,26.5,-80.5,40,,Tropical Storm,404.8
AL081909,UNNAMED,1909-08-29T18:00:00+00:00,1909-08-29T12:00:00-06:00,1909-08-29,,TS,26.6,-80.9,35,,Tropical Storm,381.44
AL081909,UNNAMED,1909-08-30T00:00:00+00:00,1909-08-29T18:00:00-06:00,1909-08-29,,TD,26.8,-81.2,30,,Tropical Depression,358.39
AL081909,UNNAMED,1909-08-30T06:00:00+00:00,1909-08-30T00:00:00-06:00,1909-08-30,,TD,27.1,-81.5,30,,Tropical Depression,330.87
AL081909,UNNAMED,1909-08-30T12:00:00+00:00,1909-08-30T06:00:00-06:00,1909-08-30,,TD,27.7,-81.7,30,,Tropical Depression,295.74
AL081909,UNNAMED,1909-08-30T18:00:00+00:00,1909-08-30T12:00:00-06:00,1909-08-30,,TD,28.5,-81.3,30,,Tropical Depression,289.52
AL081909,UNNAMED,1909-08-31T00:00:00+00:00,1909-08-30T18:00:00-06:00,1909-08-30,,TS,29.5,-80.5,35,,Tropical Storm,316.47
AL081909,UNNAMED,1909-08-31T06:00:00+00:00,1909-08-31T00:00:00-06:00,1909-08-31,,TS,30.4,-79.7,35,,Tropical Storm,360.32
AL081909,UNNAMED,1909-08-31T12:00:00+00:00,1909-08-31T06:00:00-06:00,1909-08-31,,TS,31.0,-79.0,35,,Tropical Storm,404.87
AL081909,UNNAMED,1909-08-31T18:00:00+00:00,1909-08-31T12:00:00-06:00,1909-08-31,,TD,31.5,-78.4,30,,Tropical Depression,445.12
AL091909,UNNAMED,1909-09-18T12:00:00+00:00,1909-09-18T06:00:00-06:00,1909-09-18,,HU,22.9,-85.4,80,,Category 1,499.62
AL091909,UNNAMED,1909-09-18T18:00:00+00:00,1909-09-18T12:00:00-06:00,1909-09-18,,HU,23.2,-85.9,85,,Category 2,478.59
AL091909,UNNAMED,1909-09-19T00:00:00+00:00,1909-09-18T18:00:00-06:00,1909-09-18,,HU,23.5,-86.7,95,,Category 2,461.63
AL091909,UNNAMED,1909-09-19T06:00:00+00:00,1909-09-19T00:00:00-06:00,1909-09-19,,HU,23.9,-87.4,105,,Category 3,442.2
AL091909,UNNAMED,1909-09-19T12:00:00+00:00,1909-09-19T06:00:00-06:00,1909-09-19,,HU,24.3,-88.0,105,,Category 3,425.92
AL091909,UNNAMED,1909-09-19T18:00:00+00:00,1909-09-19T12:00:00-06:00,1909-09-19,,HU,24.8,-88.5,105,,Category 3,405.18
AL091909,UNNAMED,1909-09-20T00:00:00+00:00,1909-09-19T18:00:00-06:00,1909-09-19,,HU,25.4,-89.0,105,,Category 3,382.76
AL091909,UNNAMED,1909-09-20T06:00:00+00:00,1909-09-20T00:00:00-06:00,1909-09-20,,HU,26.1,-89.5,105,,Category 3,360.67
AL091909,UNNAMED,1909-09-20T12:00:00+00:00,1909-09-20T06:00:00-06:00,1909-09-20,,HU,26.9,-90.1,105,,Category 3,346.41
AL091909,UNNAMED,1909-09-20T18:00:00+00:00,1909-09-20T12:00:00-06:00,1909-09-20,,HU,27.7,-90.7,100,,Category 3,344.08
AL091909,UNNAMED,1909-09-21T00:00:00+00:00,1909-09-20T18:00:00-06:00,1909-09-20,L,HU,29.5,-91.3,100,952.0,Category 3,336.66
AL091909,UNNAMED,1909-09-21T06:00:00+00:00,1909-09-21T00:00:00-06:00,1909-09-21,,HU,31.4,-91.7,75,,Category 1,365.18
AL091909,UNNAMED,1909-09-21T12:00:00+00:00,1909-09-21T06:00:00-06:00,1909-09-21,,TS,33.2,-91.5,55,,Tropical Storm,400.25
AL091909,UNNAMED,1909-09-21T18:00:00+00:00,1909-09-21T12:00:00-06:00,1909-09-21,,TS,35.0,-91.3,40,,Tropical Storm,467.43
AL101909,UNNAMED,1909-09-24T18:00:00+00:00,1909-09-24T12:00:00-06:00,1909-09-24,,TD,23.5,-83.0,30,,Tropical Depression,487.66
AL101909,UNNAMED,1909-09-25T00:00:00+00:00,1909-09-24T18:00:00-06:00,1909-09-24,,TD,24.1,-83.0,30,,Tropical Depression,448.82
AL101909,UNNAMED,1909-09-25T06:00:00+00:00,1909-09-25T00:00:00-06:00,1909-09-25,,TD,24.7,-83.0,30,,Tropical Depression,410.48
AL101909,UNNAMED,1909-09-25T12:00:00+00:00,1909-09-25T06:00:00-06:00,1909-09-25,,TD,25.3,-82.8,30,,Tropical Depression,378.45
AL101909,UNNAMED,1909-09-25T18:00:00+00:00,1909-09-25T12:00:00-06:00,1909-09-25,,TD,25.8,-82.2,30,,Tropical Depression,368.32
AL101909,UNNAMED,1909-09-26T00:00:00+00:00,1909-09-25T18:00:00-06:00,1909-09-25,,TD,26.3,-81.3,30,,Tropical Depression,377.54
AL101909,UNNAMED,1909-09-26T06:00:00+00:00,1909-09-26T00:00:00-06:00,1909-09-26,,TD,26.9,-80.4,30,,Tropical Depression,392.81
AL101909,UNNAMED,1909-09-26T12:00:00+00:00,1909-09-26T06:00:00-06:00,1909-09-26,,TS,27.5,-79.5,35,,Tropical Storm,418.41
AL101909,UNNAMED,1909-09-26T18:00:00+00:00,1909-09-26T12:00:00-06:00,1909-09-26,,TS,28.0,-78.9,35,,Tropical Storm,437.74
AL101909,UNNAMED,1909-09-27T00:00:00+00:00,1909-09-26T18:00:00-06:00,1909-09-26,,TS,28.4,-78.4,40,,Tropical Storm,457.52
AL101909,UNNAMED,1909-09-27T06:00:00+00:00,1909-09-27T00:00:00-06:00,1909-09-27,,TS,29.0,-77.8,45,,Tropical Storm,482.77
AL111909,UNNAMED,1909-10-11T12:00:00+00:00,1909-10-11T06:00:00-06:00,1909-10-11,,HU,23.7,-83.0,105,,Category 3,474.66
AL111909,UNNAMED,1909-10-11T18:00:00+00:00,1909-10-11T12:00:00-06:00,1909-10-11,L,HU,24.7,-81.0,100,957.0,Category 3,473.86
AL011910,UNNAMED,1910-08-26T12:00:00+00:00,1910-08-26T06:00:00-06:00,1910-08-26,,TD,27.5,-79.0,30,,Tropical Depression,445.87
AL021910,UNNAMED,1910-08-26T12:00:00+00:00,1910-08-26T06:00:00-06:00,1910-08-26,,TD,26.7,-91.7,30,,Tropical Depression,433.04
AL011910,UNNAMED,1910-08-26T18:00:00+00:00,1910-08-26T12:00:00-06:00,1910-08-26,,TD,28.4,-79.0,30,,Tropical Depression,422.72
AL021910,UNNAMED,1910-08-26T18:00:00+00:00,1910-08-26T12:00:00-06:00,1910-08-26,,TD,26.7,-92.0,30,,Tropical Depression,448.41
AL011910,UNNAMED,1910-08-27T00:00:00+00:00,1910-08-26T18:00:00-06:00,1910-08-26,,EX,29.6,-79.0,35,,Tropical Storm,404.83
AL021910,UNNAMED,1910-08-27T00:00:00+00:00,1910-08-26T18:00:00-06:00,1910-08-26,,TD,26.7,-92.3,30,,Tropical Depression,463.99
AL011910,UNNAMED,1910-08-27T06:00:00+00:00,1910-08-27T00:00:00-06:00,1910-08-27,,EX,30.7,-79.0,35,,Tropical Storm,402.92
AL021910,UNNAMED,1910-08-27T06:00:00+00:00,1910-08-27T00:00:00-06:00,1910-08-27,,TD,26.7,-92.7,30,,Tropical Depression,485.04
AL011910,UNNAMED,1910-08-27T12:00:00+00:00,1910-08-27T06:00:00-06:00,1910-08-27,,EX,31.7,-78.7,35,,Tropical Storm,430.61
AL011910,UNNAMED,1910-08-27T18:00:00+00:00,1910-08-27T12:00:00-06:00,1910-08-27,,EX,32.3,-78.4,35,,Tropical Storm,458.35
AL011910,UNNAMED,1910-08-28T00:00:00+00:00,1910-08-27T18:00:00-06:00,1910-08-27,,EX,32.9,-78.0,40,,Tropical Storm,493.88
AL031910,UNNAMED,1910-09-11T18:00:00+00:00,1910-09-11T12:00:00-06:00,1910-09-11,,HU,23.2,-87.6,85,,Category 2,492.18
AL031910,UNNAMED,1910-09-12T00:00:00+00:00,1910-09-11T18:00:00-06:00,1910-09-11,,HU,23.6,-88.3,90,,Category 2,477.8
AL031910,UNNAMED,1910-09-12T06:00:00+00:00,1910-09-12T00:00:00-06:00,1910-09-12,,HU,24.0,-88.9,90,,Category 2,465.91
AL031910,UNNAMED,1910-09-12T12:00:00+00:00,1910-09-12T06:00:00-06:00,1910-09-12,,HU,24.4,-89.5,95,,Category 2,458.25
AL031910,UNNAMED,1910-09-12T18:00:00+00:00,1910-09-12T12:00:00-06:00,1910-09-12,,HU,24.9,-90.3,95,,Category 2,456.78
AL031910,UNNAMED,1910-09-13T00:00:00+00:00,1910-09-12T18:00:00-06:00,1910-09-12,,HU,25.3,-91.2,95,,Category 2,472.18
AL031910,UNNAMED,1910-09-13T06:00:00+00:00,1910-09-13T00:00:00-06:00,1910-09-13,,HU,25.7,-91.8,95,,Category 2,480.28
AL051910,UNNAMED,1910-10-14T18:00:00+00:00,1910-10-14T12:00:00-06:00,1910-10-14,,HU,23.3,-84.2,85,,Category 2,480.91
AL051910,UNNAMED,1910-10-15T00:00:00+00:00,1910-10-14T18:00:00-06:00,1910-10-14,,HU,23.6,-84.4,90,,Category 2,458.21
AL051910,UNNAMED,1910-10-15T06:00:00+00:00,1910-10-15T00:00:00-06:00,1910-10-15,,HU,23.7,-84.7,90,,Category 2,448.43
AL051910,UNNAMED,1910-10-15T12:00:00+00:00,1910-10-15T06:00:00-06:00,1910-10-15,,HU,23.7,-85.0,90,,Category 2,446.19
AL051910,UNNAMED,1910-10-15T18:00:00+00:00,1910-10-15T12:00:00-06:00,1910-10-15,,HU,23.6,-85.2,90,,Category 2,452.01
AL051910,UNNAMED,1910-10-16T00:00:00+00:00,1910-10-15T18:00:00-06:00,1910-10-15,,HU,23.4,-85.3,100,,Category 3,465.41
AL051910,UNNAMED,1910-10-16T06:00:00+00:00,1910-10-16T00:00:00-06:00,1910-10-16,,HU,23.2,-85.4,110,,Category 3,478.9
AL051910,UNNAMED,1910-10-16T12:00:00+00:00,1910-10-16T06:00:00-06:00,1910-10-16,,HU,22.9,-85.5,120,,Category 4,499.4
AL051910,UNNAMED,1910-10-17T12:00:00+00:00,1910-10-17T06:00:00-06:00,1910-10-17,,HU,23.4,-83.5,120,,Category 4,484.55
AL051910,UNNAMED,1910-10-17T18:00:00+00:00,1910-10-17T12:00:00-06:00,1910-10-17,,HU,24.4,-82.8,115,941.0,Category 4,434.51
AL051910,UNNAMED,1910-10-18T00:00:00+00:00,1910-10-17T18:00:00-06:00,1910-10-17,,HU,25.5,-82.2,105,,Category 3,385.49
AL051910,UNNAMED,1910-10-18T06:00:00+00:00,1910-10-18T00:00:00-06:00,1910-10-18,L,HU,26.5,-82.0,95,955.0,Category 2,337.9
AL051910,UNNAMED,1910-10-18T12:00:00+00:00,1910-10-18T06:00:00-06:00,1910-10-18,,HU,27.5,-81.9,70,,Category 1,294.34
AL051910,UNNAMED,1910-10-18T18:00:00+00:00,1910-10-18T12:00:00-06:00,1910-10-18,,TS,28.3,-81.9,60,,Tropical Storm,263.12
AL051910,UNNAMED,1910-10-19T00:00:00+00:00,1910-10-18T18:00:00-06:00,1910-10-18,,TS,29.2,-81.9,50,,Tropical Storm,238.65
AL051910,UNNAMED,1910-10-19T06:00:00+00:00,1910-10-19T00:00:00-06:00,1910-10-19,,TS,30.1,-81.9,50,,Tropical Storm,228.91
AL051910,UNNAMED,1910-10-19T12:00:00+00:00,1910-10-19T06:00:00-06:00,1910-10-19,,TS,31.0,-81.6,50,,Tropical Storm,253.02
AL051910,UNNAMED,1910-10-19T18:00:00+00:00,1910-10-19T12:00:00-06:00,1910-10-19,,TS,32.0,-80.6,60,,Tropical Storm,330.06
AL051910,UNNAMED,1910-10-20T00:00:00+00:00,1910-10-19T18:00:00-06:00,1910-10-19,,TS,32.7,-79.8,60,,Tropical Storm,392.24
AL051910,UNNAMED,1910-10-20T06:00:00+00:00,1910-10-20T00:00:00-06:00,1910-10-20,,TS,33.6,-78.5,60,,Tropical Storm,487.31
AL011911,UNNAMED,1911-08-04T12:00:00+00:00,1911-08-04T06:00:00-06:00,1911-08-04,,TD,31.0,-86.0,20,,Tropical Depression,62.55
AL011911,UNNAMED,1911-08-04T18:00:00+00:00,1911-08-04T12:00:00-06:00,1911-08-04,,TD,31.1,-84.8,20,,Tropical Depression,87.16
AL011911,UNNAMED,1911-08-05T00:00:00+00:00,1911-08-04T18:00:00-06:00,1911-08-04,,TD,31.2,-83.7,20,,Tropical Depression,141.68
AL011911,UNNAMED,1911-08-05T06:00:00+00:00,1911-08-05T00:00:00-06:00,1911-08-05,,TD,31.3,-82.6,20,,Tropical Depression,202.87
AL011911,UNNAMED,1911-08-05T12:00:00+00:00,1911-08-05T06:00:00-06:00,1911-08-05,,TD,31.5,-81.5,25,,Tropical Depression,268.36
AL011911,UNNAMED,1911-08-05T18:00:00+00:00,1911-08-05T12:00:00-06:00,1911-08-05,,TD,31.7,-80.5,25,,Tropical Depression,328.53
AL011911,UNNAMED,1911-08-06T00:00:00+00:00,1911-08-05T18:00:00-06:00,1911-08-05,,TD,31.8,-79.5,25,,Tropical Depression,386.76
AL011911,UNNAMED,1911-08-06T06:00:00+00:00,1911-08-06T00:00:00-06:00,1911-08-06,,TD,31.9,-78.5,25,,Tropical Depression,445.25
AL021911,UNNAMED,1911-08-08T12:00:00+00:00,1911-08-08T06:00:00-06:00,1911-08-08,,TD,25.5,-82.5,30,,Tropical Depression,375.55
AL021911,UNNAMED,1911-08-08T18:00:00+00:00,1911-08-08T12:00:00-06:00,1911-08-08,,TD,25.5,-82.6,30,,Tropical Depression,372.38
AL021911,UNNAMED,1911-08-09T00:00:00+00:00,1911-08-08T18:00:00-06:00,1911-08-08,,TD,25.5,-82.7,30,,Tropical Depression,369.28
AL021911,UNNAMED,1911-08-09T06:00:00+00:00,1911-08-09T00:00:00-06:00,1911-08-09,,TS,25.5,-82.8,35,,Tropical Storm,366.26
AL021911,UNNAMED,1911-08-09T12:00:00+00:00,1911-08-09T06:00:00-06:00,1911-08-09,,TS,25.7,-83.0,35,,Tropical Storm,348.18
AL021911,UNNAMED,1911-08-09T18:00:00+00:00,1911-08-09T12:00:00-06:00,1911-08-09,,TS,26.0,-83.3,35,,Tropical Storm,321.19
AL021911,UNNAMED,1911-08-10T00:00:00+00:00,1911-08-09T18:00:00-06:00,1911-08-09,,TS,26.5,-83.6,40,,Tropical Storm,281.97
AL021911,UNNAMED,1911-08-10T06:00:00+00:00,1911-08-10T00:00:00-06:00,1911-08-10,,TS,27.1,-83.9,45,,Tropical Storm,236.64
AL021911,UNNAMED,1911-08-10T12:00:00+00:00,1911-08-10T06:00:00-06:00,1911-08-10,,TS,27.6,-84.3,50,,Tropical Storm,194.73
AL021911,UNNAMED,1911-08-10T18:00:00+00:00,1911-08-10T12:00:00-06:00,1911-08-10,,TS,28.1,-84.8,55,,Tropical Storm,150.75
AL021911,UNNAMED,1911-08-11T00:00:00+00:00,1911-08-10T18:00:00-06:00,1911-08-10,,TS,28.6,-85.4,60,,Tropical Storm,107.22
AL021911,UNNAMED,1911-08-11T06:00:00+00:00,1911-08-11T00:00:00-06:00,1911-08-11,,HU,29.0,-85.9,65,,Category 1,78.4
AL021911,UNNAMED,1911-08-11T12:00:00+00:00,1911-08-11T06:00:00-06:00,1911-08-11,,HU,29.5,-86.5,70,,Category 1,63.21
AL021911,UNNAMED,1911-08-11T18:00:00+00:00,1911-08-11T12:00:00-06:00,1911-08-11,,HU,30.0,-87.1,70,,Category 1,82.38
AL021911,UNNAMED,1911-08-11T22:00:00+00:00,1911-08-11T16:00:00-06:00,1911-08-11,L,HU,30.3,-87.5,70,,Category 1,106.37
AL021911,UNNAMED,1911-08-12T00:00:00+00:00,1911-08-11T18:00:00-06:00,1911-08-11,,HU,30.4,-87.7,65,,Category 1,119.09
AL021911,UNNAMED,1911-08-12T06:00:00+00:00,1911-08-12T00:00:00-06:00,1911-08-12,,TS,30.6,-88.3,55,,Tropical Storm,156.69
AL021911,UNNAMED,1911-08-12T12:00:00+00:00,1911-08-12T06:00:00-06:00,1911-08-12,,TS,30.8,-89.0,45,,Tropical Storm,200.25
AL021911,UNNAMED,1911-08-12T18:00:00+00:00,1911-08-12T12:00:00-06:00,1911-08-12,,TS,30.9,-89.8,40,,Tropical Storm,248.1
AL021911,UNNAMED,1911-08-13T00:00:00+00:00,1911-08-12T18:00:00-06:00,1911-08-12,,TS,31.0,-90.7,35,,Tropical Storm,301.78
AL021911,UNNAMED,1911-08-13T06:00:00+00:00,1911-08-13T00:00:00-06:00,1911-08-13,,TD,31.0,-91.6,30,,Tropical Depression,354.38
AL021911,UNNAMED,1911-08-13T12:00:00+00:00,1911-08-13T06:00:00-06:00,1911-08-13,,TD,31.0,-92.5,30,,Tropical Depression,407.22
AL021911,UNNAMED,1911-08-13T18:00:00+00:00,1911-08-13T12:00:00-06:00,1911-08-13,,TD,31.4,-93.0,30,,Tropical Depression,440.44
AL021911,UNNAMED,1911-08-14T00:00:00+00:00,1911-08-13T18:00:00-06:00,1911-08-13,,TD,32.2,-93.3,25,,Tropical Depression,469.83
AL031911,UNNAMED,1911-08-27T06:00:00+00:00,1911-08-27T00:00:00-06:00,1911-08-27,,HU,31.1,-77.8,80,,Category 1,476.23
AL031911,UNNAMED,1911-08-27T12:00:00+00:00,1911-08-27T06:00:00-06:00,1911-08-27,,HU,31.5,-78.7,85,,Category 2,427.76
AL031911,UNNAMED,1911-08-27T18:00:00+00:00,1911-08-27T12:00:00-06:00,1911-08-27,,HU,31.8,-79.2,85,,Category 2,403.75
AL031911,UNNAMED,1911-08-28T00:00:00+00:00,1911-08-27T18:00:00-06:00,1911-08-27,,HU,32.0,-79.6,85,,Category 2,385.17
AL031911,UNNAMED,1911-08-28T06:00:00+00:00,1911-08-28T00:00:00-06:00,1911-08-28,,HU,32.1,-80.3,85,972.0,Category 2,348.93
AL031911,UNNAMED,1911-08-28T10:00:00+00:00,1911-08-28T04:00:00-06:00,1911-08-28,L,HU,32.2,-80.7,85,972.0,Category 2,330.09
AL031911,UNNAMED,1911-08-28T12:00:00+00:00,1911-08-28T06:00:00-06:00,1911-08-28,,HU,32.2,-81.0,65,,Category 1,314.22
AL031911,UNNAMED,1911-08-28T18:00:00+00:00,1911-08-28T12:00:00-06:00,1911-08-28,,TS,32.3,-81.5,50,,Tropical Storm,291.62
AL031911,UNNAMED,1911-08-29T00:00:00+00:00,1911-08-28T18:00:00-06:00,1911-08-28,,TS,32.4,-82.0,45,,Tropical Storm,270.59
AL031911,UNNAMED,1911-08-29T06:00:00+00:00,1911-08-29T00:00:00-06:00,1911-08-29,,TS,32.3,-82.5,35,,Tropical Storm,242.9
AL031911,UNNAMED,1911-08-29T12:00:00+00:00,1911-08-29T06:00:00-06:00,1911-08-29,,TS,32.1,-83.0,35,,Tropical Storm,211.41
AL031911,UNNAMED,1911-08-29T18:00:00+00:00,1911-08-29T12:00:00-06:00,1911-08-29,,TD,32.0,-83.4,30,,Tropical Depression,189.2
AL031911,UNNAMED,1911-08-30T00:00:00+00:00,1911-08-29T18:00:00-06:00,1911-08-29,,TD,32.2,-83.7,30,,Tropical Depression,186.96
AL031911,UNNAMED,1911-08-30T06:00:00+00:00,1911-08-30T00:00:00-06:00,1911-08-30,,TD,33.0,-83.9,30,,Tropical Depression,225.97
AL031911,UNNAMED,1911-08-30T12:00:00+00:00,1911-08-30T06:00:00-06:00,1911-08-30,,EX,34.0,-84.0,30,,Tropical Depression,286.24
AL031911,UNNAMED,1911-08-30T18:00:00+00:00,1911-08-30T12:00:00-06:00,1911-08-30,,EX,34.8,-83.5,30,,Tropical Depression,348.16
AL031911,UNNAMED,1911-08-31T00:00:00+00:00,1911-08-30T18:00:00-06:00,1911-08-30,,EX,35.4,-82.5,25,,Tropical Depression,409.88
AL031911,UNNAMED,1911-08-31T06:00:00+00:00,1911-08-31T00:00:00-06:00,1911-08-31,,EX,35.8,-81.0,25,,Tropical Depression,478.31
AL061911,UNNAMED,1911-10-30T18:00:00+00:00,1911-10-30T12:00:00-06:00,1911-10-30,,TS,23.5,-86.0,40,,Tropical Storm,458.05
AL061911,UNNAMED,1911-10-31T00:00:00+00:00,1911-10-30T18:00:00-06:00,1911-10-30,,TS,24.5,-86.1,45,,Tropical Storm,389.31
AL061911,UNNAMED,1911-10-31T06:00:00+00:00,1911-10-31T00:00:00-06:00,1911-10-31,,TS,25.5,-86.1,45,,Tropical Storm,320.36
AL061911,UNNAMED,1911-10-31T12:00:00+00:00,1911-10-31T06:00:00-06:00,1911-10-31,,TS,26.5,-86.0,45,,Tropical Storm,251.0
AL061911,UNNAMED,1911-10-31T18:00:00+00:00,1911-10-31T12:00:00-06:00,1911-10-31,,EX,27.5,-85.0,35,,Tropical Storm,186.68
AL061911,UNNAMED,1911-11-01T00:00:00+00:00,1911-10-31T18:00:00-06:00,1911-10-31,,EX,29.0,-82.5,25,,Tropical Depression,209.09
AL011912,UNNAMED,1912-06-07T12:00:00+00:00,1912-06-07T06:00:00-06:00,1912-06-07,,TS,28.0,-88.0,35,,Tropical Storm,200.87
AL011912,UNNAMED,1912-06-07T18:00:00+00:00,1912-06-07T12:00:00-06:00,1912-06-07,,TS,27.7,-87.7,35,,Tropical Storm,205.59
AL011912,UNNAMED,1912-06-08T00:00:00+00:00,1912-06-07T18:00:00-06:00,1912-06-07,,TS,27.4,-87.4,40,,Tropical Storm,213.72
AL011912,UNNAMED,1912-06-08T06:00:00+00:00,1912-06-08T00:00:00-06:00,1912-06-08,,TS,27.2,-87.1,45,,Tropical Storm,218.49
AL011912,UNNAMED,1912-06-08T12:00:00+00:00,1912-06-08T06:00:00-06:00,1912-06-08,,TS,27.0,-87.0,50,,Tropical Storm,229.25
AL011912,UNNAMED,1912-06-08T18:00:00+00:00,1912-06-08T12:00:00-06:00,1912-06-08,,TS,26.8,-87.3,50,,Tropical Storm,248.73
AL011912,UNNAMED,1912-06-09T00:00:00+00:00,1912-06-08T18:00:00-06:00,1912-06-08,,TS,26.7,-87.8,50,,Tropical Storm,267.99
AL011912,UNNAMED,1912-06-09T06:00:00+00:00,1912-06-09T00:00:00-06:00,1912-06-09,,TS,26.6,-88.4,55,,Tropical Storm,292.67
AL011912,UNNAMED,1912-06-09T12:00:00+00:00,1912-06-09T06:00:00-06:00,1912-06-09,,TS,26.5,-89.0,60,,Tropical Storm,319.8
AL011912,UNNAMED,1912-06-09T18:00:00+00:00,1912-06-09T12:00:00-06:00,1912-06-09,,TS,26.4,-89.5,60,,Tropical Storm,344.73
AL011912,UNNAMED,1912-06-10T00:00:00+00:00,1912-06-09T18:00:00-06:00,1912-06-09,,TS,26.2,-90.0,60,,Tropical Storm,375.69
AL011912,UNNAMED,1912-06-10T06:00:00+00:00,1912-06-10T00:00:00-06:00,1912-06-10,,TS,26.1,-90.5,60,,Tropical Storm,402.2
AL011912,UNNAMED,1912-06-10T12:00:00+00:00,1912-06-10T06:00:00-06:00,1912-06-10,,TS,26.0,-91.0,60,,Tropical Storm,429.39
AL011912,UNNAMED,1912-06-10T18:00:00+00:00,1912-06-10T12:00:00-06:00,1912-06-10,,TS,26.1,-91.2,60,,Tropical Storm,434.01
AL011912,UNNAMED,1912-06-11T00:00:00+00:00,1912-06-10T18:00:00-06:00,1912-06-10,,TS,26.2,-91.3,60,,Tropical Storm,434.23
AL011912,UNNAMED,1912-06-11T06:00:00+00:00,1912-06-11T00:00:00-06:00,1912-06-11,,TS,26.3,-91.4,60,,Tropical Storm,434.65
AL011912,UNNAMED,1912-06-11T12:00:00+00:00,1912-06-11T06:00:00-06:00,1912-06-11,,TS,26.5,-91.5,60,,Tropical Storm,431.07
AL011912,UNNAMED,1912-06-11T18:00:00+00:00,1912-06-11T12:00:00-06:00,1912-06-11,,TS,26.8,-91.7,60,,Tropical Storm,429.16
AL011912,UNNAMED,1912-06-12T00:00:00+00:00,1912-06-11T18:00:00-06:00,1912-06-11,,TS,27.2,-92.0,60,,Tropical Storm,430.41
AL011912,UNNAMED,1912-06-12T06:00:00+00:00,1912-06-12T00:00:00-06:00,1912-06-12,,TS,27.6,-92.3,60,,Tropical Storm,434.05
AL011912,UNNAMED,1912-06-12T12:00:00+00:00,1912-06-12T06:00:00-06:00,1912-06-12,,TS,28.0,-92.5,60,,Tropical Storm,434.33
AL011912,UNNAMED,1912-06-12T18:00:00+00:00,1912-06-12T12:00:00-06:00,1912-06-12,,TS,28.5,-92.4,60,,Tropical Storm,417.16
AL011912,UNNAMED,1912-06-13T00:00:00+00:00,1912-06-12T18:00:00-06:00,1912-06-12,,TS,29.1,-92.0,60,,Tropical Storm,383.18
AL011912,UNNAMED,1912-06-13T05:00:00+00:00,1912-06-12T23:00:00-06:00,1912-06-12,L,TS,29.6,-91.6,60,,Tropical Storm,353.55
AL011912,UNNAMED,1912-06-13T06:00:00+00:00,1912-06-13T00:00:00-06:00,1912-06-13,,TS,29.8,-91.5,55,,Tropical Storm,346.08
AL011912,UNNAMED,1912-06-13T12:00:00+00:00,1912-06-13T06:00:00-06:00,1912-06-13,,TS,30.5,-90.8,50,,Tropical Storm,303.49
AL011912,UNNAMED,1912-06-13T18:00:00+00:00,1912-06-13T12:00:00-06:00,1912-06-13,,TS,31.5,-89.5,45,,Tropical Storm,243.03
AL011912,UNNAMED,1912-06-14T00:00:00+00:00,1912-06-13T18:00:00-06:00,1912-06-13,,TS,32.5,-87.5,40,,Tropical Storm,194.53
AL011912,UNNAMED,1912-06-14T06:00:00+00:00,1912-06-14T00:00:00-06:00,1912-06-14,,EX,33.5,-84.5,35,,Tropical Storm,244.11
AL011912,UNNAMED,1912-06-14T12:00:00+00:00,1912-06-14T06:00:00-06:00,1912-06-14,,EX,34.5,-81.0,35,,Tropical Storm,409.35
AL021912,UNNAMED,1912-07-14T12:00:00+00:00,1912-07-14T06:00:00-06:00,1912-07-14,,TS,29.7,-77.5,35,,Tropical Storm,493.66
AL021912,UNNAMED,1912-07-14T18:00:00+00:00,1912-07-14T12:00:00-06:00,1912-07-14,,TS,30.0,-78.1,40,,Tropical Storm,456.26
AL021912,UNNAMED,1912-07-15T00:00:00+00:00,1912-07-14T18:00:00-06:00,1912-07-14,,TS,30.4,-78.8,40,,Tropical Storm,413.94
AL021912,UNNAMED,1912-07-15T06:00:00+00:00,1912-07-15T00:00:00-06:00,1912-07-15,,TS,30.9,-79.7,40,,Tropical Storm,362.86
AL021912,UNNAMED,1912-07-15T12:00:00+00:00,1912-07-15T06:00:00-06:00,1912-07-15,,TS,31.3,-80.7,45,,Tropical Storm,309.59
AL021912,UNNAMED,1912-07-15T15:00:00+00:00,1912-07-15T09:00:00-06:00,1912-07-15,L,TS,31.3,-81.3,45,,Tropical Storm,275.37
AL021912,UNNAMED,1912-07-15T18:00:00+00:00,1912-07-15T12:00:00-06:00,1912-07-15,,TS,31.3,-81.9,40,,Tropical Storm,241.54
AL021912,UNNAMED,1912-07-16T00:00:00+00:00,1912-07-15T18:00:00-06:00,1912-07-15,,TS,31.3,-83.1,40,,Tropical Storm,176.06
AL021912,UNNAMED,1912-07-16T06:00:00+00:00,1912-07-16T00:00:00-06:00,1912-07-16,,TS,31.3,-84.3,35,,Tropical Storm,117.5
AL021912,UNNAMED,1912-07-16T12:00:00+00:00,1912-07-16T06:00:00-06:00,1912-07-16,,TD,31.3,-85.5,30,,Tropical Depression,82.33
AL021912,UNNAMED,1912-07-16T18:00:00+00:00,1912-07-16T12:00:00-06:00,1912-07-16,,TD,31.4,-86.5,25,,Tropical Depression,99.25
AL021912,UNNAMED,1912-07-17T00:00:00+00:00,1912-07-16T18:00:00-06:00,1912-07-16,,TD,31.5,-87.5,25,,Tropical Depression,141.62
AL021912,UNNAMED,1912-07-17T06:00:00+00:00,1912-07-17T00:00:00-06:00,1912-07-17,,TD,31.6,-88.4,20,,Tropical Depression,188.31
AL021912,UNNAMED,1912-07-17T12:00:00+00:00,1912-07-17T06:00:00-06:00,1912-07-17,,TD,31.7,-89.3,20,,Tropical Depression,237.95
AL031912,UNNAMED,1912-09-05T18:00:00+00:00,1912-09-05T12:00:00-06:00,1912-09-05,,TD,32.6,-78.0,30,,Tropical Depression,486.91
AL031912,UNNAMED,1912-09-06T00:00:00+00:00,1912-09-05T18:00:00-06:00,1912-09-05,,TD,32.2,-79.2,30,,Tropical Depression,411.74
AL031912,UNNAMED,1912-09-06T06:00:00+00:00,1912-09-06T00:00:00-06:00,1912-09-06,,TD,31.8,-80.7,30,,Tropical Depression,319.66
AL031912,UNNAMED,1912-09-06T12:00:00+00:00,1912-09-06T06:00:00-06:00,1912-09-06,,TD,31.5,-82.5,25,,Tropical Depression,213.91
AL031912,UNNAMED,1912-09-06T18:00:00+00:00,1912-09-06T12:00:00-06:00,1912-09-06,,TD,31.3,-84.5,20,,Tropical Depression,109.22
AL041912,UNNAMED,1912-09-10T12:00:00+00:00,1912-09-10T06:00:00-06:00,1912-09-10,,TD,29.0,-84.0,30,,Tropical Depression,129.81
AL041912,UNNAMED,1912-09-10T18:00:00+00:00,1912-09-10T12:00:00-06:00,1912-09-10,,TS,29.0,-84.3,35,,Tropical Storm,115.88
AL041912,UNNAMED,1912-09-11T00:00:00+00:00,1912-09-10T18:00:00-06:00,1912-09-10,,TS,29.0,-84.5,40,,Tropical Storm,107.27
AL041912,UNNAMED,1912-09-11T06:00:00+00:00,1912-09-11T00:00:00-06:00,1912-09-11,,TS,29.0,-84.8,45,,Tropical Storm,95.74
AL041912,UNNAMED,1912-09-11T12:00:00+00:00,1912-09-11T06:00:00-06:00,1912-09-11,,TS,29.0,-85.0,50,,Tropical Storm,89.26
AL041912,UNNAMED,1912-09-11T18:00:00+00:00,1912-09-11T12:00:00-06:00,1912-09-11,,TS,28.9,-85.2,55,,Tropical Storm,90.44
AL041912,UNNAMED,1912-09-12T00:00:00+00:00,1912-09-11T18:00:00-06:00,1912-09-11,,TS,28.7,-85.4,60,,Tropical Storm,100.44
AL041912,UNNAMED,1912-09-12T06:00:00+00:00,1912-09-12T00:00:00-06:00,1912-09-12,,HU,28.6,-85.7,65,,Category 1,105.38
AL041912,UNNAMED,1912-09-12T12:00:00+00:00,1912-09-12T06:00:00-06:00,1912-09-12,,HU,28.5,-86.0,70,,Category 1,113.45
AL041912,UNNAMED,1912-09-12T18:00:00+00:00,1912-09-12T12:00:00-06:00,1912-09-12,,HU,28.5,-86.3,75,,Category 1,117.41
AL041912,UNNAMED,1912-09-13T00:00:00+00:00,1912-09-12T18:00:00-06:00,1912-09-12,,HU,28.6,-86.7,80,,Category 1,120.47
AL041912,UNNAMED,1912-09-13T06:00:00+00:00,1912-09-13T00:00:00-06:00,1912-09-13,,HU,28.8,-87.1,80,,Category 1,123.18
AL041912,UNNAMED,1912-09-13T12:00:00+00:00,1912-09-13T06:00:00-06:00,1912-09-13,,HU,29.0,-87.5,80,,Category 1,131.74
AL041912,UNNAMED,1912-09-13T18:00:00+00:00,1912-09-13T12:00:00-06:00,1912-09-13,,HU,29.3,-87.8,75,,Category 1,136.67
AL041912,UNNAMED,1912-09-14T00:00:00+00:00,1912-09-13T18:00:00-06:00,1912-09-13,,HU,29.7,-88.1,70,,Category 1,144.94
AL041912,UNNAMED,1912-09-14T06:00:00+00:00,1912-09-14T00:00:00-06:00,1912-09-14,,HU,30.1,-88.3,65,,Category 1,153.61
AL041912,UNNAMED,1912-09-14T08:00:00+00:00,1912-09-14T02:00:00-06:00,1912-09-14,L,HU,30.3,-88.4,65,,Category 1,159.87
AL041912,UNNAMED,1912-09-14T12:00:00+00:00,1912-09-14T06:00:00-06:00,1912-09-14,,TS,30.8,-88.5,50,,Tropical Storm,171.43
AL041912,UNNAMED,1912-09-14T18:00:00+00:00,1912-09-14T12:00:00-06:00,1912-09-14,,TS,31.8,-88.5,40,,Tropical Storm,200.81
AL041912,UNNAMED,1912-09-15T00:00:00+00:00,1912-09-14T18:00:00-06:00,1912-09-14,,TS,33.0,-88.5,35,,Tropical Storm,256.98
AL041912,UNNAMED,1912-09-15T06:00:00+00:00,1912-09-15T00:00:00-06:00,1912-09-15,,TD,35.0,-88.5,30,,Tropical Depression,373.41
AL051912,UNNAMED,1912-10-03T12:00:00+00:00,1912-10-03T06:00:00-06:00,1912-10-03,,EX,28.5,-88.5,30,,Tropical Depression,201.13
AL051912,UNNAMED,1912-10-03T18:00:00+00:00,1912-10-03T12:00:00-06:00,1912-10-03,,EX,28.6,-87.2,30,,Tropical Depression,137.61
AL051912,UNNAMED,1912-10-04T00:00:00+00:00,1912-10-03T18:00:00-06:00,1912-10-03,,EX,28.7,-85.8,30,,Tropical Depression,98.55
AL051912,UNNAMED,1912-10-04T06:00:00+00:00,1912-10-04T00:00:00-06:00,1912-10-04,,EX,28.8,-84.4,30,,Tropical Depression,121.58
AL051912,UNNAMED,1912-10-04T12:00:00+00:00,1912-10-04T06:00:00-06:00,1912-10-04,,EX,29.0,-83.0,30,,Tropical Depression,181.54
AL051912,UNNAMED,1912-10-04T18:00:00+00:00,1912-10-04T12:00:00-06:00,1912-10-04,,EX,29.2,-81.4,30,,Tropical Depression,267.69
AL051912,UNNAMED,1912-10-05T00:00:00+00:00,1912-10-04T18:00:00-06:00,1912-10-04,,EX,29.4,-79.6,35,,Tropical Storm,371.02
AL051912,UNNAMED,1912-10-05T06:00:00+00:00,1912-10-05T00:00:00-06:00,1912-10-05,,EX,29.7,-77.8,40,,Tropical Storm,475.73
AL011913,UNNAMED,1913-06-26T12:00:00+00:00,1913-06-26T06:00:00-06:00,1913-06-26,,TS,24.0,-89.2,50,,Tropical Storm,473.92
AL011913,UNNAMED,1913-06-26T18:00:00+00:00,1913-06-26T12:00:00-06:00,1913-06-26,,TS,24.5,-90.2,55,,Tropical Storm,475.64
AL041913,UNNAMED,1913-09-04T00:00:00+00:00,1913-09-03T18:00:00-06:00,1913-09-03,,TD,35.1,-79.8,30,,Tropical Depression,486.9
AL041913,UNNAMED,1913-09-04T06:00:00+00:00,1913-09-04T00:00:00-06:00,1913-09-04,,TD,35.0,-81.5,25,,Tropical Depression,417.18
AL041913,UNNAMED,1913-09-04T12:00:00+00:00,1913-09-04T06:00:00-06:00,1913-09-04,,TD,34.5,-83.5,20,,Tropical Depression,329.11
AL051913,UNNAMED,1913-10-08T06:00:00+00:00,1913-10-08T00:00:00-06:00,1913-10-08,,HU,32.8,-78.2,65,,Category 1,480.57
AL051913,UNNAMED,1913-10-08T12:00:00+00:00,1913-10-08T06:00:00-06:00,1913-10-08,,HU,33.0,-79.1,65,,Category 1,437.83
AL051913,UNNAMED,1913-10-08T14:00:00+00:00,1913-10-08T08:00:00-06:00,1913-10-08,L,HU,33.1,-79.4,65,,Category 1,425.29
AL051913,UNNAMED,1913-10-08T18:00:00+00:00,1913-10-08T12:00:00-06:00,1913-10-08,,TS,33.2,-79.8,45,,Tropical Storm,408.25
AL051913,UNNAMED,1913-10-09T00:00:00+00:00,1913-10-08T18:00:00-06:00,1913-10-08,,TS,33.4,-80.2,40,,Tropical Storm,395.8
AL051913,UNNAMED,1913-10-09T06:00:00+00:00,1913-10-09T00:00:00-06:00,1913-10-09,,TS,33.6,-80.4,35,,Tropical Storm,394.2
AL051913,UNNAMED,1913-10-09T12:00:00+00:00,1913-10-09T06:00:00-06:00,1913-10-09,,TS,33.8,-80.4,35,,Tropical Storm,402.49
AL051913,UNNAMED,1913-10-09T18:00:00+00:00,1913-10-09T12:00:00-06:00,1913-10-09,,TS,34.0,-80.3,35,,Tropical Storm,415.54
AL051913,UNNAMED,1913-10-10T00:00:00+00:00,1913-10-09T18:00:00-06:00,1913-10-09,,TS,34.3,-80.1,35,,Tropical Storm,437.5
AL051913,UNNAMED,1913-10-10T06:00:00+00:00,1913-10-10T00:00:00-06:00,1913-10-10,,TS,34.4,-79.9,35,,Tropical Storm,450.69
AL051913,UNNAMED,1913-10-10T12:00:00+00:00,1913-10-10T06:00:00-06:00,1913-10-10,,TD,34.5,-79.6,30,,Tropical Depression,468.33
AL051913,UNNAMED,1913-10-10T18:00:00+00:00,1913-10-10T12:00:00-06:00,1913-10-10,,TD,34.5,-79.2,30,,Tropical Depression,486.39
AL011914,UNNAMED,1914-09-16T06:00:00+00:00,1914-09-16T00:00:00-06:00,1914-09-16,,TS,28.0,-78.1,45,,Tropical Storm,483.51
AL011914,UNNAMED,1914-09-16T12:00:00+00:00,1914-09-16T06:00:00-06:00,1914-09-16,,TS,28.5,-78.5,50,,Tropical Storm,449.73
AL011914,UNNAMED,1914-09-16T18:00:00+00:00,1914-09-16T12:00:00-06:00,1914-09-16,,TS,29.1,-79.2,55,,Tropical Storm,398.53
AL011914,UNNAMED,1914-09-17T00:00:00+00:00,1914-09-16T18:00:00-06:00,1914-09-16,,TS,29.8,-80.1,60,,Tropical Storm,337.72
AL011914,UNNAMED,1914-09-17T06:00:00+00:00,1914-09-17T00:00:00-06:00,1914-09-17,,TS,30.5,-81.2,60,,Tropical Storm,271.42
AL011914,UNNAMED,1914-09-17T07:00:00+00:00,1914-09-17T01:00:00-06:00,1914-09-17,L,TS,30.6,-81.4,60,,Tropical Storm,260.2
AL011914,UNNAMED,1914-09-17T12:00:00+00:00,1914-09-17T06:00:00-06:00,1914-09-17,,TS,31.0,-82.5,40,,Tropical Storm,201.44
AL011914,UNNAMED,1914-09-17T18:00:00+00:00,1914-09-17T12:00:00-06:00,1914-09-17,,TS,31.2,-83.9,35,,Tropical Storm,131.7
AL011914,UNNAMED,1914-09-18T00:00:00+00:00,1914-09-17T18:00:00-06:00,1914-09-17,,TS,31.1,-85.4,35,,Tropical Storm,70.17
AL011914,UNNAMED,1914-09-18T06:00:00+00:00,1914-09-18T00:00:00-06:00,1914-09-18,,TS,30.5,-87.0,35,,Tropical Storm,80.06
AL011914,UNNAMED,1914-09-18T12:00:00+00:00,1914-09-18T06:00:00-06:00,1914-09-18,,TS,30.2,-88.8,35,,Tropical Storm,183.46
AL011914,UNNAMED,1914-09-18T18:00:00+00:00,1914-09-18T12:00:00-06:00,1914-09-18,,TD,30.1,-90.6,30,,Tropical Depression,291.06
AL011914,UNNAMED,1914-09-19T00:00:00+00:00,1914-09-18T18:00:00-06:00,1914-09-18,,TD,30.0,-92.2,30,,Tropical Depression,386.94
AL011914,UNNAMED,1914-09-19T06:00:00+00:00,1914-09-19T00:00:00-06:00,1914-09-19,,TD,30.0,-93.7,25,,Tropical Depression,476.58
AL011915,UNNAMED,1915-07-31T18:00:00+00:00,1915-07-31T12:00:00-06:00,1915-07-31,,TS,27.7,-78.4,50,,Tropical Storm,473.81
AL011915,UNNAMED,1915-08-01T00:00:00+00:00,1915-07-31T18:00:00-06:00,1915-07-31,,TS,27.9,-79.2,55,,Tropical Storm,423.36
AL011915,UNNAMED,1915-08-01T06:00:00+00:00,1915-08-01T00:00:00-06:00,1915-08-01,,TS,28.1,-79.8,60,,Tropical Storm,384.27
AL011915,UNNAMED,1915-08-01T12:00:00+00:00,1915-08-01T06:00:00-06:00,1915-08-01,,HU,28.4,-80.3,65,,Category 1,348.28
AL011915,UNNAMED,1915-08-01T18:00:00+00:00,1915-08-01T12:00:00-06:00,1915-08-01,L,HU,28.7,-80.8,65,990.0,Category 1,312.6
AL011915,UNNAMED,1915-08-02T00:00:00+00:00,1915-08-01T18:00:00-06:00,1915-08-01,,TS,29.1,-81.2,50,,Tropical Storm,281.15
AL011915,UNNAMED,1915-08-02T06:00:00+00:00,1915-08-02T00:00:00-06:00,1915-08-02,,TS,29.6,-81.5,45,,Tropical Storm,256.03
AL011915,UNNAMED,1915-08-02T12:00:00+00:00,1915-08-02T06:00:00-06:00,1915-08-02,,TS,30.2,-81.8,40,1003.0,Tropical Storm,234.82
AL011915,UNNAMED,1915-08-02T18:00:00+00:00,1915-08-02T12:00:00-06:00,1915-08-02,,TS,30.9,-82.1,40,,Tropical Storm,222.6
AL011915,UNNAMED,1915-08-03T00:00:00+00:00,1915-08-02T18:00:00-06:00,1915-08-02,,TS,31.8,-82.3,40,,Tropical Storm,233.84
AL011915,UNNAMED,1915-08-03T06:00:00+00:00,1915-08-03T00:00:00-06:00,1915-08-03,,TS,32.9,-82.1,40,,Tropical Storm,287.16
AL011915,UNNAMED,1915-08-03T12:00:00+00:00,1915-08-03T06:00:00-06:00,1915-08-03,,TS,34.0,-81.6,35,,Tropical Storm,360.71
AL011915,UNNAMED,1915-08-03T18:00:00+00:00,1915-08-03T12:00:00-06:00,1915-08-03,,TS,35.4,-81.0,35,,Tropical Storm,456.32
AL021915,UNNAMED,1915-08-15T12:00:00+00:00,1915-08-15T06:00:00-06:00,1915-08-15,,HU,23.5,-87.5,120,,Category 4,470.55
AL021915,UNNAMED,1915-08-15T18:00:00+00:00,1915-08-15T12:00:00-06:00,1915-08-15,,HU,24.1,-88.4,120,,Category 4,447.45
AL021915,UNNAMED,1915-08-16T00:00:00+00:00,1915-08-15T18:00:00-06:00,1915-08-15,,HU,24.7,-89.2,115,,Category 4,430.97
AL021915,UNNAMED,1915-08-16T06:00:00+00:00,1915-08-16T00:00:00-06:00,1915-08-16,,HU,25.4,-90.1,115,,Category 4,421.76
AL021915,UNNAMED,1915-08-16T12:00:00+00:00,1915-08-16T06:00:00-06:00,1915-08-16,,HU,26.2,-91.1,115,,Category 4,424.79
AL021915,UNNAMED,1915-08-16T18:00:00+00:00,1915-08-16T12:00:00-06:00,1915-08-16,,HU,27.1,-92.4,115,,Category 4,455.25
AL041915,UNNAMED,1915-09-03T12:00:00+00:00,1915-09-03T06:00:00-06:00,1915-09-03,,HU,24.0,-84.0,80,,Category 1,436.36
AL041915,UNNAMED,1915-09-03T18:00:00+00:00,1915-09-03T12:00:00-06:00,1915-09-03,,HU,25.6,-84.4,80,,Category 1,323.02
AL041915,UNNAMED,1915-09-04T00:00:00+00:00,1915-09-03T18:00:00-06:00,1915-09-03,,HU,27.2,-84.8,80,,Category 1,209.81
AL041915,UNNAMED,1915-09-04T06:00:00+00:00,1915-09-04T00:00:00-06:00,1915-09-04,,HU,28.7,-85.2,80,,Category 1,103.5
AL041915,UNNAMED,1915-09-04T11:00:00+00:00,1915-09-04T05:00:00-06:00,1915-09-04,L,HU,30.0,-85.4,80,,Category 1,21.54
AL041915,UNNAMED,1915-09-04T12:00:00+00:00,1915-09-04T06:00:00-06:00,1915-09-04,,HU,30.2,-85.4,70,982.0,Category 1,20.38
AL041915,UNNAMED,1915-09-04T18:00:00+00:00,1915-09-04T12:00:00-06:00,1915-09-04,,TS,31.8,-85.3,50,1003.0,Tropical Storm,118.5
AL041915,UNNAMED,1915-09-05T00:00:00+00:00,1915-09-04T18:00:00-06:00,1915-09-04,,TS,33.5,-85.0,35,,Tropical Storm,237.09
AL041915,UNNAMED,1915-09-05T06:00:00+00:00,1915-09-05T00:00:00-06:00,1915-09-05,,TD,35.3,-84.7,30,,Tropical Depression,362.53
AL041915,UNNAMED,1915-09-05T12:00:00+00:00,1915-09-05T06:00:00-06:00,1915-09-05,,TD,36.9,-84.6,30,,Tropical Depression,472.6
AL061915,UNNAMED,1915-09-28T06:00:00+00:00,1915-09-28T00:00:00-06:00,1915-09-28,,HU,23.1,-86.6,125,,Category 4,488.34
AL061915,UNNAMED,1915-09-28T12:00:00+00:00,1915-09-28T06:00:00-06:00,1915-09-28,,HU,23.8,-87.2,125,,Category 4,446.28
AL061915,UNNAMED,1915-09-28T18:00:00+00:00,1915-09-28T12:00:00-06:00,1915-09-28,,HU,24.7,-87.8,125,,Category 4,395.72
AL061915,UNNAMED,1915-09-29T00:00:00+00:00,1915-09-28T18:00:00-06:00,1915-09-28,,HU,25.7,-88.5,120,,Category 4,349.36
AL061915,UNNAMED,1915-09-29T06:00:00+00:00,1915-09-29T00:00:00-06:00,1915-09-29,,HU,26.8,-89.2,120,935.0,Category 4,311.73
AL061915,UNNAMED,1915-09-29T12:00:00+00:00,1915-09-29T06:00:00-06:00,1915-09-29,,HU,27.9,-89.8,115,,Category 4,289.98
AL061915,UNNAMED,1915-09-29T18:00:00+00:00,1915-09-29T12:00:00-06:00,1915-09-29,L,HU,29.0,-90.3,110,944.0,Category 3,285.41
AL061915,UNNAMED,1915-09-30T00:00:00+00:00,1915-09-29T18:00:00-06:00,1915-09-29,,HU,30.1,-90.2,70,949.0,Category 1,267.15
AL061915,UNNAMED,1915-09-30T06:00:00+00:00,1915-09-30T00:00:00-06:00,1915-09-30,,TS,31.2,-90.0,60,,Tropical Storm,264.4
AL061915,UNNAMED,1915-09-30T12:00:00+00:00,1915-09-30T06:00:00-06:00,1915-09-30,,EX,32.3,-89.3,50,,Tropical Storm,258.98
AL061915,UNNAMED,1915-09-30T18:00:00+00:00,1915-09-30T12:00:00-06:00,1915-09-30,,EX,33.6,-88.4,40,,Tropical Storm,286.67
AL061915,UNNAMED,1915-10-01T00:00:00+00:00,1915-09-30T18:00:00-06:00,1915-09-30,,EX,35.0,-86.8,35,,Tropical Storm,342.54
AL061915,UNNAMED,1915-10-01T06:00:00+00:00,1915-10-01T00:00:00-06:00,1915-10-01,,EX,36.5,-84.8,35,,Tropical Storm,443.72
AL011916,UNNAMED,1916-05-14T06:00:00+00:00,1916-05-14T00:00:00-06:00,1916-05-14,L,TS,25.1,-81.0,35,1006.0,Tropical Storm,451.99
AL011916,UNNAMED,1916-05-14T12:00:00+00:00,1916-05-14T06:00:00-06:00,1916-05-14,,TS,26.2,-81.3,40,,Tropical Storm,382.49
AL011916,UNNAMED,1916-05-14T18:00:00+00:00,1916-05-14T12:00:00-06:00,1916-05-14,,TS,27.2,-81.6,40,1004.0,Tropical Storm,321.72
AL011916,UNNAMED,1916-05-15T00:00:00+00:00,1916-05-14T18:00:00-06:00,1916-05-14,,TS,27.8,-81.9,40,,Tropical Storm,281.77
AL011916,UNNAMED,1916-05-15T06:00:00+00:00,1916-05-15T00:00:00-06:00,1916-05-15,,TS,28.3,-82.1,35,,Tropical Storm,252.61
AL011916,UNNAMED,1916-05-15T12:00:00+00:00,1916-05-15T06:00:00-06:00,1916-05-15,,TS,29.0,-82.2,35,,Tropical Storm,225.93
AL011916,UNNAMED,1916-05-15T18:00:00+00:00,1916-05-15T12:00:00-06:00,1916-05-15,,TS,29.9,-81.9,35,,Tropical Storm,229.66
AL011916,UNNAMED,1916-05-16T00:00:00+00:00,1916-05-15T18:00:00-06:00,1916-05-15,,TS,31.0,-81.4,35,,Tropical Storm,264.59
AL011916,UNNAMED,1916-05-16T06:00:00+00:00,1916-05-16T00:00:00-06:00,1916-05-16,,TS,32.2,-80.6,35,,Tropical Storm,335.43
AL011916,UNNAMED,1916-05-16T12:00:00+00:00,1916-05-16T06:00:00-06:00,1916-05-16,,TS,33.5,-79.5,35,,Tropical Storm,433.66
AL021916,UNNAMED,1916-07-04T12:00:00+00:00,1916-07-04T06:00:00-06:00,1916-07-04,,HU,23.5,-87.0,80,,Category 1,464.38
AL021916,UNNAMED,1916-07-04T18:00:00+00:00,1916-07-04T12:00:00-06:00,1916-07-04,,HU,24.8,-87.2,85,,Category 2,378.79
AL021916,UNNAMED,1916-07-05T00:00:00+00:00,1916-07-04T18:00:00-06:00,1916-07-04,,HU,26.3,-87.3,90,,Category 2,281.03
AL021916,UNNAMED,1916-07-05T06:00:00+00:00,1916-07-05T00:00:00-06:00,1916-07-05,,HU,27.6,-87.5,95,,Category 2,204.7
AL021916,UNNAMED,1916-07-05T12:00:00+00:00,1916-07-05T06:00:00-06:00,1916-07-05,,HU,28.8,-87.7,100,,Category 3,149.75
AL021916,UNNAMED,1916-07-05T18:00:00+00:00,1916-07-05T12:00:00-06:00,1916-07-05,,HU,29.9,-88.0,105,950.0,Category 3,136.7
AL021916,UNNAMED,1916-07-05T21:00:00+00:00,1916-07-05T15:00:00-06:00,1916-07-05,L,HU,30.4,-88.4,105,950.0,Category 3,160.46
AL021916,UNNAMED,1916-07-06T00:00:00+00:00,1916-07-05T18:00:00-06:00,1916-07-05,,HU,30.8,-88.6,80,,Category 1,177.17
AL021916,UNNAMED,1916-07-06T06:00:00+00:00,1916-07-06T00:00:00-06:00,1916-07-06,,TS,31.7,-89.4,55,,Tropical Storm,243.23
AL021916,UNNAMED,1916-07-06T12:00:00+00:00,1916-07-06T06:00:00-06:00,1916-07-06,,TS,32.4,-90.0,45,994.0,Tropical Storm,297.12
AL021916,UNNAMED,1916-07-06T18:00:00+00:00,1916-07-06T12:00:00-06:00,1916-07-06,,TS,32.8,-90.1,40,,Tropical Storm,316.95
AL021916,UNNAMED,1916-07-07T00:00:00+00:00,1916-07-06T18:00:00-06:00,1916-07-06,,TS,33.1,-90.2,40,,Tropical Storm,333.75
AL021916,UNNAMED,1916-07-07T06:00:00+00:00,1916-07-07T00:00:00-06:00,1916-07-07,,TS,33.4,-90.2,40,,Tropical Storm,346.57
AL021916,UNNAMED,1916-07-07T12:00:00+00:00,1916-07-07T06:00:00-06:00,1916-07-07,,TS,33.7,-90.1,40,,Tropical Storm,355.88
AL021916,UNNAMED,1916-07-07T18:00:00+00:00,1916-07-07T12:00:00-06:00,1916-07-07,,TS,33.8,-89.4,40,,Tropical Storm,332.74
AL021916,UNNAMED,1916-07-08T00:00:00+00:00,1916-07-07T18:00:00-06:00,1916-07-07,,TS,33.7,-88.5,40,,Tropical Storm,295.61
AL021916,UNNAMED,1916-07-08T06:00:00+00:00,1916-07-08T00:00:00-06:00,1916-07-08,,TS,33.5,-87.6,40,,Tropical Storm,257.73
AL021916,UNNAMED,1916-07-08T12:00:00+00:00,1916-07-08T06:00:00-06:00,1916-07-08,,TS,33.2,-86.9,35,,Tropical Storm,223.32
AL021916,UNNAMED,1916-07-08T18:00:00+00:00,1916-07-08T12:00:00-06:00,1916-07-08,,TS,33.2,-86.6,35,,Tropical Storm,218.53
AL021916,UNNAMED,1916-07-09T00:00:00+00:00,1916-07-08T18:00:00-06:00,1916-07-08,,TD,33.4,-86.4,30,,Tropical Depression,229.68
AL021916,UNNAMED,1916-07-09T06:00:00+00:00,1916-07-09T00:00:00-06:00,1916-07-09,,TD,33.7,-86.2,30,,Tropical Depression,248.54
AL021916,UNNAMED,1916-07-09T12:00:00+00:00,1916-07-09T06:00:00-06:00,1916-07-09,,TD,34.0,-86.0,25,,Tropical Depression,268.2
AL021916,UNNAMED,1916-07-09T18:00:00+00:00,1916-07-09T12:00:00-06:00,1916-07-09,,TD,34.3,-85.9,25,,Tropical Depression,288.64
AL021916,UNNAMED,1916-07-10T00:00:00+00:00,1916-07-09T18:00:00-06:00,1916-07-09,,TD,34.6,-85.8,20,,Tropical Depression,309.22
AL021916,UNNAMED,1916-07-10T06:00:00+00:00,1916-07-10T00:00:00-06:00,1916-07-10,,TD,34.8,-85.7,20,,Tropical Depression,323.02
AL021916,UNNAMED,1916-07-10T12:00:00+00:00,1916-07-10T06:00:00-06:00,1916-07-10,,TD,35.0,-85.6,20,,Tropical Depression,336.92
AL021916,UNNAMED,1916-07-10T18:00:00+00:00,1916-07-10T12:00:00-06:00,1916-07-10,,TD,35.2,-85.5,20,,Tropical Depression,350.9
AL041916,UNNAMED,1916-07-13T06:00:00+00:00,1916-07-13T00:00:00-06:00,1916-07-13,,HU,30.2,-77.7,80,,Category 1,479.63
AL041916,UNNAMED,1916-07-13T12:00:00+00:00,1916-07-13T06:00:00-06:00,1916-07-13,,HU,30.7,-78.4,90,,Category 2,438.49
AL041916,UNNAMED,1916-07-13T18:00:00+00:00,1916-07-13T12:00:00-06:00,1916-07-13,,HU,31.3,-78.9,100,,Category 3,413.69
AL041916,UNNAMED,1916-07-14T00:00:00+00:00,1916-07-13T18:00:00-06:00,1916-07-13,,HU,32.0,-79.2,100,,Category 3,407.53
AL041916,UNNAMED,1916-07-14T06:00:00+00:00,1916-07-14T00:00:00-06:00,1916-07-14,,HU,32.6,-79.4,95,960.0,Category 2,410.65
AL041916,UNNAMED,1916-07-14T08:00:00+00:00,1916-07-14T02:00:00-06:00,1916-07-14,L,HU,32.9,-79.5,95,960.0,Category 2,413.93
AL041916,UNNAMED,1916-07-14T12:00:00+00:00,1916-07-14T06:00:00-06:00,1916-07-14,,HU,33.2,-79.7,70,,Category 1,413.28
AL041916,UNNAMED,1916-07-14T18:00:00+00:00,1916-07-14T12:00:00-06:00,1916-07-14,,TS,33.7,-80.2,55,,Tropical Storm,407.57
AL041916,UNNAMED,1916-07-15T00:00:00+00:00,1916-07-14T18:00:00-06:00,1916-07-14,,TS,34.2,-80.9,50,,Tropical Storm,398.75
AL041916,UNNAMED,1916-07-15T06:00:00+00:00,1916-07-15T00:00:00-06:00,1916-07-15,,TS,34.6,-81.8,45,,Tropical Storm,384.89
AL041916,UNNAMED,1916-07-15T12:00:00+00:00,1916-07-15T06:00:00-06:00,1916-07-15,,TS,35.0,-82.7,35,,Tropical Storm,380.19
AL041916,UNNAMED,1916-07-15T18:00:00+00:00,1916-07-15T12:00:00-06:00,1916-07-15,,TD,35.4,-83.6,30,,Tropical Depression,384.87
AL071916,UNNAMED,1916-08-25T06:00:00+00:00,1916-08-25T00:00:00-06:00,1916-08-25,,TS,25.2,-80.1,40,,Tropical Storm,484.09
AL071916,UNNAMED,1916-08-25T08:00:00+00:00,1916-08-25T02:00:00-06:00,1916-08-25,L,TS,25.6,-80.3,40,,Tropical Storm,455.67
AL071916,UNNAMED,1916-08-25T12:00:00+00:00,1916-08-25T06:00:00-06:00,1916-08-25,,TS,26.0,-80.5,40,,Tropical Storm,427.57
AL071916,UNNAMED,1916-08-25T18:00:00+00:00,1916-08-25T12:00:00-06:00,1916-08-25,,TS,26.9,-80.7,35,,Tropical Storm,377.96
AL071916,UNNAMED,1916-08-26T00:00:00+00:00,1916-08-25T18:00:00-06:00,1916-08-25,,TD,27.9,-80.8,30,,Tropical Depression,335.17
AL071916,UNNAMED,1916-08-26T06:00:00+00:00,1916-08-26T00:00:00-06:00,1916-08-26,,TD,29.0,-80.8,30,,Tropical Depression,306.28
AL091916,UNNAMED,1916-09-05T06:00:00+00:00,1916-09-05T00:00:00-06:00,1916-09-05,,TS,29.0,-78.1,40,,Tropical Storm,465.0
AL091916,UNNAMED,1916-09-05T12:00:00+00:00,1916-09-05T06:00:00-06:00,1916-09-05,,TS,30.5,-78.5,45,,Tropical Storm,431.95
AL091916,UNNAMED,1916-09-05T18:00:00+00:00,1916-09-05T12:00:00-06:00,1916-09-05,,TS,31.7,-78.6,45,,Tropical Storm,436.35
AL091916,UNNAMED,1916-09-06T00:00:00+00:00,1916-09-05T18:00:00-06:00,1916-09-05,,TS,32.8,-78.5,45,,Tropical Storm,464.32
AL121916,UNNAMED,1916-10-04T06:00:00+00:00,1916-10-04T00:00:00-06:00,1916-10-04,,TS,31.4,-77.7,50,,Tropical Storm,484.7
AL121916,UNNAMED,1916-10-04T12:00:00+00:00,1916-10-04T06:00:00-06:00,1916-10-04,,TS,31.7,-78.4,50,1000.0,Tropical Storm,447.83
AL121916,UNNAMED,1916-10-04T18:00:00+00:00,1916-10-04T12:00:00-06:00,1916-10-04,,TS,31.6,-80.1,50,,Tropical Storm,349.07
AL121916,UNNAMED,1916-10-04T21:00:00+00:00,1916-10-04T15:00:00-06:00,1916-10-04,L,TS,31.5,-81.4,50,,Tropical Storm,273.92
AL121916,UNNAMED,1916-10-05T00:00:00+00:00,1916-10-04T18:00:00-06:00,1916-10-04,,TD,31.4,-83.0,30,,Tropical Depression,184.47
AL141916,UNNAMED,1916-10-17T18:00:00+00:00,1916-10-17T12:00:00-06:00,1916-10-17,,HU,25.2,-89.7,85,,Category 2,418.03
AL141916,UNNAMED,1916-10-18T00:00:00+00:00,1916-10-17T18:00:00-06:00,1916-10-17,,HU,26.5,-89.0,90,,Category 2,319.8
AL141916,UNNAMED,1916-10-18T06:00:00+00:00,1916-10-18T00:00:00-06:00,1916-10-18,,HU,27.9,-88.2,95,,Category 2,214.25
AL141916,UNNAMED,1916-10-18T12:00:00+00:00,1916-10-18T06:00:00-06:00,1916-10-18,,HU,29.6,-87.5,95,970.0,Category 2,112.09
AL141916,UNNAMED,1916-10-18T14:00:00+00:00,1916-10-18T08:00:00-06:00,1916-10-18,L,HU,30.4,-87.4,95,970.0,Category 2,101.46
AL141916,UNNAMED,1916-10-18T18:00:00+00:00,1916-10-18T12:00:00-06:00,1916-10-18,,HU,31.6,-87.2,65,,Category 1,134.11
AL141916,UNNAMED,1916-10-19T00:00:00+00:00,1916-10-18T18:00:00-06:00,1916-10-18,,TS,33.9,-87.6,45,,Tropical Storm,282.89
AL141916,UNNAMED,1916-10-19T06:00:00+00:00,1916-10-19T00:00:00-06:00,1916-10-19,,TD,36.2,-88.2,30,,Tropical Depression,443.34
AL151916,UNNAMED,1916-11-15T12:00:00+00:00,1916-11-15T06:00:00-06:00,1916-11-15,,EX,23.1,-85.7,55,,Tropical Storm,485.38
AL151916,UNNAMED,1916-11-15T18:00:00+00:00,1916-11-15T12:00:00-06:00,1916-11-15,,EX,24.2,-83.2,55,1006.0,Tropical Storm,437.88
AL151916,UNNAMED,1916-11-16T00:00:00+00:00,1916-11-15T18:00:00-06:00,1916-11-15,,EX,25.5,-80.2,50,,Tropical Storm,464.96
AL041917,UNNAMED,1917-09-26T06:00:00+00:00,1917-09-26T00:00:00-06:00,1917-09-26,,HU,23.3,-84.6,120,,Category 4,476.68
AL041917,UNNAMED,1917-09-26T12:00:00+00:00,1917-09-26T06:00:00-06:00,1917-09-26,,HU,23.9,-85.2,120,,Category 4,431.34
AL041917,UNNAMED,1917-09-26T18:00:00+00:00,1917-09-26T12:00:00-06:00,1917-09-26,,HU,24.4,-86.0,120,,Category 4,395.91
AL041917,UNNAMED,1917-09-27T00:00:00+00:00,1917-09-26T18:00:00-06:00,1917-09-26,,HU,24.7,-87.0,115,,Category 4,382.83
AL041917,UNNAMED,1917-09-27T06:00:00+00:00,1917-09-27T00:00:00-06:00,1917-09-27,,HU,25.1,-88.1,115,,Category 4,376.26
AL041917,UNNAMED,1917-09-27T12:00:00+00:00,1917-09-27T06:00:00-06:00,1917-09-27,,HU,25.7,-88.9,110,,Category 3,361.8
AL041917,UNNAMED,1917-09-27T18:00:00+00:00,1917-09-27T12:00:00-06:00,1917-09-27,,HU,26.3,-89.2,110,,Category 3,338.3
AL041917,UNNAMED,1917-09-28T00:00:00+00:00,1917-09-27T18:00:00-06:00,1917-09-27,,HU,27.1,-89.4,105,,Category 3,305.31
AL041917,UNNAMED,1917-09-28T06:00:00+00:00,1917-09-28T00:00:00-06:00,1917-09-28,,HU,28.0,-89.2,105,,Category 3,255.86
AL041917,UNNAMED,1917-09-28T12:00:00+00:00,1917-09-28T06:00:00-06:00,1917-09-28,,HU,28.8,-88.8,105,,Category 3,206.12
AL041917,UNNAMED,1917-09-28T18:00:00+00:00,1917-09-28T12:00:00-06:00,1917-09-28,,HU,29.5,-87.9,100,,Category 3,137.07
AL041917,UNNAMED,1917-09-29T00:00:00+00:00,1917-09-28T18:00:00-06:00,1917-09-28,,HU,30.2,-86.9,100,949.0,Category 3,70.09
AL041917,UNNAMED,1917-09-29T02:00:00+00:00,1917-09-28T20:00:00-06:00,1917-09-28,L,HU,30.4,-86.6,100,949.0,Category 3,55.29
AL041917,UNNAMED,1917-09-29T06:00:00+00:00,1917-09-29T00:00:00-06:00,1917-09-29,,HU,30.9,-86.0,75,,Category 1,55.91
AL041917,UNNAMED,1917-09-29T12:00:00+00:00,1917-09-29T06:00:00-06:00,1917-09-29,,TS,31.5,-85.2,55,,Tropical Storm,100.07
AL041917,UNNAMED,1917-09-29T18:00:00+00:00,1917-09-29T12:00:00-06:00,1917-09-29,,TS,31.9,-84.4,40,,Tropical Storm,145.75
AL041917,UNNAMED,1917-09-30T00:00:00+00:00,1917-09-29T18:00:00-06:00,1917-09-29,,TS,32.0,-83.2,35,,Tropical Storm,197.99
AL041917,UNNAMED,1917-09-30T06:00:00+00:00,1917-09-30T00:00:00-06:00,1917-09-30,,EX,32.0,-82.5,30,,Tropical Depression,230.91
AL011918,UNNAMED,1918-08-05T12:00:00+00:00,1918-08-05T07:00:00-05:00,1918-08-05,,HU,23.5,-88.3,70,,Category 1,484.35
AL011918,UNNAMED,1918-08-05T18:00:00+00:00,1918-08-05T13:00:00-05:00,1918-08-05,,HU,24.6,-89.4,80,,Category 1,443.13
AL011918,UNNAMED,1918-08-06T00:00:00+00:00,1918-08-05T19:00:00-05:00,1918-08-05,,HU,25.8,-90.4,90,,Category 2,412.84
AL011918,UNNAMED,1918-08-06T06:00:00+00:00,1918-08-06T01:00:00-05:00,1918-08-06,,HU,27.1,-91.4,100,,Category 3,402.35
AL011918,UNNAMED,1918-08-06T12:00:00+00:00,1918-08-06T07:00:00-05:00,1918-08-06,,HU,28.5,-92.3,105,,Category 3,411.36
AL011918,UNNAMED,1918-08-06T18:00:00+00:00,1918-08-06T13:00:00-05:00,1918-08-06,L,HU,29.8,-93.2,105,955.0,Category 3,447.63
AL011918,UNNAMED,1918-08-07T00:00:00+00:00,1918-08-06T19:00:00-05:00,1918-08-06,,TS,31.0,-94.0,60,,Tropical Storm,495.6
AL011919,UNNAMED,1919-07-02T06:00:00+00:00,1919-07-02T01:00:00-05:00,1919-07-02,,TD,24.6,-84.3,25,,Tropical Depression,391.68
AL011919,UNNAMED,1919-07-02T12:00:00+00:00,1919-07-02T07:00:00-05:00,1919-07-02,,TD,25.0,-84.7,30,,Tropical Depression,359.67
AL011919,UNNAMED,1919-07-02T18:00:00+00:00,1919-07-02T13:00:00-05:00,1919-07-02,,TS,25.4,-85.1,35,,Tropical Storm,328.73
AL011919,UNNAMED,1919-07-03T00:00:00+00:00,1919-07-02T19:00:00-05:00,1919-07-02,,TS,26.0,-85.5,40,,Tropical Storm,285.35
AL011919,UNNAMED,1919-07-03T06:00:00+00:00,1919-07-03T01:00:00-05:00,1919-07-03,,TS,26.7,-85.9,45,,Tropical Storm,236.87
AL011919,UNNAMED,1919-07-03T12:00:00+00:00,1919-07-03T07:00:00-05:00,1919-07-03,,TS,27.5,-86.3,50,,Tropical Storm,184.62
AL011919,UNNAMED,1919-07-03T18:00:00+00:00,1919-07-03T13:00:00-05:00,1919-07-03,,TS,28.3,-86.6,55,,Tropical Storm,136.57
AL011919,UNNAMED,1919-07-04T00:00:00+00:00,1919-07-03T19:00:00-05:00,1919-07-03,,TS,29.1,-86.8,55,,Tropical Storm,95.64
AL011919,UNNAMED,1919-07-04T06:00:00+00:00,1919-07-04T01:00:00-05:00,1919-07-04,,TS,29.9,-86.9,55,995.0,Tropical Storm,71.71
AL011919,UNNAMED,1919-07-04T11:00:00+00:00,1919-07-04T06:00:00-05:00,1919-07-04,L,TS,30.4,-87.0,55,995.0,Tropical Storm,78.14
AL011919,UNNAMED,1919-07-04T12:00:00+00:00,1919-07-04T07:00:00-05:00,1919-07-04,,TS,30.6,-87.1,45,,Tropical Storm,88.02
AL011919,UNNAMED,1919-07-04T18:00:00+00:00,1919-07-04T13:00:00-05:00,1919-07-04,,TS,31.2,-87.3,35,,Tropical Storm,119.26
AL011919,UNNAMED,1919-07-05T00:00:00+00:00,1919-07-04T19:00:00-05:00,1919-07-04,,TD,31.7,-87.6,30,,Tropical Depression,155.33
AL011919,UNNAMED,1919-07-05T06:00:00+00:00,1919-07-05T01:00:00-05:00,1919-07-05,,TD,32.2,-87.9,25,,Tropical Depression,192.38
AL011919,UNNAMED,1919-07-05T12:00:00+00:00,1919-07-05T07:00:00-05:00,1919-07-05,,TD,32.7,-88.2,20,,Tropical Depression,229.91
AL011919,UNNAMED,1919-07-05T18:00:00+00:00,1919-07-05T13:00:00-05:00,1919-07-05,,TD,33.2,-88.5,20,,Tropical Depression,267.7
AL021919,UNNAMED,1919-09-09T18:00:00+00:00,1919-09-09T13:00:00-05:00,1919-09-09,,HU,24.1,-81.3,125,,Category 4,497.39
AL021919,UNNAMED,1919-09-10T00:00:00+00:00,1919-09-09T19:00:00-05:00,1919-09-09,,HU,24.3,-82.1,130,,Category 4,460.06
AL021919,UNNAMED,1919-09-10T06:00:00+00:00,1919-09-10T01:00:00-05:00,1919-09-10,,HU,24.6,-82.8,130,927.0,Category 4,421.91
AL021919,UNNAMED,1919-09-10T07:00:00+00:00,1919-09-10T02:00:00-05:00,1919-09-10,L,HU,24.6,-82.9,130,927.0,Category 4,419.33
AL021919,UNNAMED,1919-09-10T12:00:00+00:00,1919-09-10T07:00:00-05:00,1919-09-10,,HU,24.8,-83.4,130,,Category 4,394.65
AL021919,UNNAMED,1919-09-10T18:00:00+00:00,1919-09-10T13:00:00-05:00,1919-09-10,,HU,24.9,-84.0,130,,Category 4,376.24
AL021919,UNNAMED,1919-09-11T00:00:00+00:00,1919-09-10T19:00:00-05:00,1919-09-10,,HU,25.0,-84.5,130,,Category 4,362.02
AL021919,UNNAMED,1919-09-11T06:00:00+00:00,1919-09-11T01:00:00-05:00,1919-09-11,,HU,25.0,-85.0,130,,Category 4,356.91
AL021919,UNNAMED,1919-09-11T12:00:00+00:00,1919-09-11T07:00:00-05:00,1919-09-11,,HU,25.1,-85.5,130,,Category 4,347.48
AL021919,UNNAMED,1919-09-11T18:00:00+00:00,1919-09-11T13:00:00-05:00,1919-09-11,,HU,25.3,-86.1,125,,Category 4,334.14
AL021919,UNNAMED,1919-09-12T00:00:00+00:00,1919-09-11T19:00:00-05:00,1919-09-11,,HU,25.6,-86.7,120,,Category 4,318.21
AL021919,UNNAMED,1919-09-12T06:00:00+00:00,1919-09-12T01:00:00-05:00,1919-09-12,,HU,25.9,-87.3,115,,Category 4,307.21
AL021919,UNNAMED,1919-09-12T12:00:00+00:00,1919-09-12T07:00:00-05:00,1919-09-12,,HU,26.2,-88.0,110,944.0,Category 3,304.38
AL021919,UNNAMED,1919-09-12T18:00:00+00:00,1919-09-12T13:00:00-05:00,1919-09-12,,HU,26.4,-89.0,110,,Category 3,325.29
AL021919,UNNAMED,1919-09-13T00:00:00+00:00,1919-09-12T19:00:00-05:00,1919-09-12,,HU,26.5,-90.0,115,942.0,Category 4,360.76
AL021919,UNNAMED,1919-09-13T06:00:00+00:00,1919-09-13T01:00:00-05:00,1919-09-13,,HU,26.5,-91.0,125,931.0,Category 4,406.71
AL021919,UNNAMED,1919-09-13T12:00:00+00:00,1919-09-13T07:00:00-05:00,1919-09-13,,HU,26.5,-92.0,125,,Category 4,456.15
AL021919,UNNAMED,1919-09-13T18:00:00+00:00,1919-09-13T13:00:00-05:00,1919-09-13,,HU,26.6,-92.9,120,,Category 4,499.19
AL041919,UNNAMED,1919-09-30T00:00:00+00:00,1919-09-29T19:00:00-05:00,1919-09-29,,TS,29.5,-77.6,35,,Tropical Storm,489.19
AL041919,UNNAMED,1919-09-30T06:00:00+00:00,1919-09-30T01:00:00-05:00,1919-09-30,,TS,30.0,-78.2,40,,Tropical Storm,450.29
AL041919,UNNAMED,1919-09-30T12:00:00+00:00,1919-09-30T07:00:00-05:00,1919-09-30,,TS,30.5,-79.0,40,,Tropical Storm,402.2
AL041919,UNNAMED,1919-09-30T18:00:00+00:00,1919-09-30T13:00:00-05:00,1919-09-30,,TS,30.9,-80.0,40,,Tropical Storm,345.22
AL041919,UNNAMED,1919-10-01T00:00:00+00:00,1919-09-30T19:00:00-05:00,1919-09-30,,TS,31.2,-81.1,40,,Tropical Storm,285.0
AL041919,UNNAMED,1919-10-01T01:00:00+00:00,1919-09-30T20:00:00-05:00,1919-09-30,L,TS,31.2,-81.3,40,,Tropical Storm,273.54
AL041919,UNNAMED,1919-10-01T06:00:00+00:00,1919-10-01T01:00:00-05:00,1919-10-01,,TS,31.4,-82.3,35,,Tropical Storm,221.87
AL041919,UNNAMED,1919-10-01T12:00:00+00:00,1919-10-01T07:00:00-05:00,1919-10-01,,TD,31.5,-83.5,30,,Tropical Depression,162.89
AL041919,UNNAMED,1919-10-01T18:00:00+00:00,1919-10-01T13:00:00-05:00,1919-10-01,,TD,31.5,-84.7,25,,Tropical Depression,112.96
AL041919,UNNAMED,1919-10-02T00:00:00+00:00,1919-10-01T19:00:00-05:00,1919-10-01,,TD,31.5,-86.0,20,,Tropical Depression,96.34
AL021920,UNNAMED,1920-09-21T00:00:00+00:00,1920-09-20T19:00:00-05:00,1920-09-20,,TS,23.6,-88.8,55,999.0,Tropical Storm,488.86
AL021920,UNNAMED,1920-09-21T06:00:00+00:00,1920-09-21T01:00:00-05:00,1920-09-21,,HU,24.8,-89.1,65,,Category 1,421.89
AL021920,UNNAMED,1920-09-21T12:00:00+00:00,1920-09-21T07:00:00-05:00,1920-09-21,,HU,26.0,-89.5,70,,Category 1,366.09
AL021920,UNNAMED,1920-09-21T18:00:00+00:00,1920-09-21T13:00:00-05:00,1920-09-21,,HU,27.4,-90.1,75,,Category 1,324.77
AL021920,UNNAMED,1920-09-22T00:00:00+00:00,1920-09-21T19:00:00-05:00,1920-09-21,,HU,28.9,-90.7,85,975.0,Category 2,310.56
AL021920,UNNAMED,1920-09-22T01:00:00+00:00,1920-09-21T20:00:00-05:00,1920-09-21,L,HU,29.1,-90.8,85,975.0,Category 2,312.64
AL021920,UNNAMED,1920-09-22T06:00:00+00:00,1920-09-22T01:00:00-05:00,1920-09-22,,TS,30.5,-91.6,60,986.0,Tropical Storm,351.05
AL021920,UNNAMED,1920-09-22T12:00:00+00:00,1920-09-22T07:00:00-05:00,1920-09-22,,TS,32.2,-92.6,40,,Tropical Storm,430.63
AL051920,UNNAMED,1920-09-25T06:00:00+00:00,1920-09-25T01:00:00-05:00,1920-09-25,,TD,25.0,-83.0,25,,Tropical Depression,391.56
AL051920,UNNAMED,1920-09-25T12:00:00+00:00,1920-09-25T07:00:00-05:00,1920-09-25,,TD,25.0,-83.7,25,,Tropical Depression,375.27
AL051920,UNNAMED,1920-09-25T18:00:00+00:00,1920-09-25T13:00:00-05:00,1920-09-25,,TD,25.1,-84.4,25,,Tropical Depression,356.6
AL051920,UNNAMED,1920-09-26T00:00:00+00:00,1920-09-25T19:00:00-05:00,1920-09-25,,TD,25.3,-85.2,25,,Tropical Depression,334.95
AL051920,UNNAMED,1920-09-26T06:00:00+00:00,1920-09-26T01:00:00-05:00,1920-09-26,,TD,25.4,-85.9,25,,Tropical Depression,326.63
AL051920,UNNAMED,1920-09-26T12:00:00+00:00,1920-09-26T07:00:00-05:00,1920-09-26,,TD,25.5,-86.5,30,,Tropical Depression,323.0
AL051920,UNNAMED,1920-09-26T18:00:00+00:00,1920-09-26T13:00:00-05:00,1920-09-26,,TD,25.5,-87.0,30,,Tropical Depression,328.84
AL051920,UNNAMED,1920-09-27T00:00:00+00:00,1920-09-26T19:00:00-05:00,1920-09-26,,TD,25.4,-87.4,30,,Tropical Depression,342.04
AL051920,UNNAMED,1920-09-27T06:00:00+00:00,1920-09-27T01:00:00-05:00,1920-09-27,,TD,25.3,-87.7,30,,Tropical Depression,354.46
AL051920,UNNAMED,1920-09-27T12:00:00+00:00,1920-09-27T07:00:00-05:00,1920-09-27,,TS,25.2,-88.0,35,,Tropical Storm,367.52
AL051920,UNNAMED,1920-09-27T18:00:00+00:00,1920-09-27T13:00:00-05:00,1920-09-27,,TS,25.1,-88.3,35,,Tropical Storm,381.15
AL051920,UNNAMED,1920-09-28T00:00:00+00:00,1920-09-27T19:00:00-05:00,1920-09-27,,TS,25.0,-88.5,40,,Tropical Storm,392.61
AL051920,UNNAMED,1920-09-28T06:00:00+00:00,1920-09-28T01:00:00-05:00,1920-09-28,,TS,24.9,-88.6,40,,Tropical Storm,401.52
AL051920,UNNAMED,1920-09-28T12:00:00+00:00,1920-09-28T07:00:00-05:00,1920-09-28,,TS,24.8,-88.7,45,,Tropical Storm,410.46
AL051920,UNNAMED,1920-09-28T18:00:00+00:00,1920-09-28T13:00:00-05:00,1920-09-28,,TS,24.9,-88.8,50,,Tropical Storm,407.03
AL051920,UNNAMED,1920-09-29T00:00:00+00:00,1920-09-28T19:00:00-05:00,1920-09-28,,TS,25.1,-88.9,55,,Tropical Storm,397.7
AL051920,UNNAMED,1920-09-29T06:00:00+00:00,1920-09-29T01:00:00-05:00,1920-09-29,,TS,25.4,-89.0,60,,Tropical Storm,382.76
AL051920,UNNAMED,1920-09-29T12:00:00+00:00,1920-09-29T07:00:00-05:00,1920-09-29,,HU,25.8,-88.9,70,,Category 1,355.93
AL051920,UNNAMED,1920-09-29T18:00:00+00:00,1920-09-29T13:00:00-05:00,1920-09-29,,HU,26.4,-88.3,75,,Category 1,301.14
AL051920,UNNAMED,1920-09-30T00:00:00+00:00,1920-09-29T19:00:00-05:00,1920-09-29,,HU,27.2,-86.8,65,,Category 1,212.25
AL051920,UNNAMED,1920-09-30T06:00:00+00:00,1920-09-30T01:00:00-05:00,1920-09-30,,TS,28.2,-84.4,55,,Tropical Storm,155.33
AL051920,UNNAMED,1920-09-30T09:00:00+00:00,1920-09-30T04:00:00-05:00,1920-09-30,L,TS,28.9,-82.9,55,,Tropical Storm,190.04
AL051920,UNNAMED,1920-09-30T12:00:00+00:00,1920-09-30T07:00:00-05:00,1920-09-30,,EX,29.5,-81.5,45,,Tropical Storm,257.22
AL051920,UNNAMED,1920-09-30T18:00:00+00:00,1920-09-30T13:00:00-05:00,1920-09-30,,EX,31.1,-78.0,45,,Tropical Storm,464.47
AL051921,UNNAMED,1921-10-15T12:00:00+00:00,1921-10-15T07:00:00-05:00,1921-10-15,,TD,24.0,-84.0,30,,Tropical Depression,436.36
AL051921,UNNAMED,1921-10-15T18:00:00+00:00,1921-10-15T13:00:00-05:00,1921-10-15,,TD,25.5,-83.0,30,,Tropical Depression,360.45
AL051921,UNNAMED,1921-10-16T00:00:00+00:00,1921-10-15T19:00:00-05:00,1921-10-15,,TD,27.0,-81.8,30,,Tropical Depression,321.66
AL051921,UNNAMED,1921-10-16T06:00:00+00:00,1921-10-16T01:00:00-05:00,1921-10-16,,TS,28.5,-80.3,35,,Tropical Storm,345.82
AL051921,UNNAMED,1921-10-16T12:00:00+00:00,1921-10-16T07:00:00-05:00,1921-10-16,,TS,30.0,-78.5,45,,Tropical Storm,432.36
AL061921,UNNAMED,1921-10-24T12:00:00+00:00,1921-10-24T07:00:00-05:00,1921-10-24,,HU,23.8,-85.5,120,,Category 4,437.24
AL061921,UNNAMED,1921-10-24T18:00:00+00:00,1921-10-24T13:00:00-05:00,1921-10-24,,HU,24.7,-85.2,120,,Category 4,376.24
AL061921,UNNAMED,1921-10-25T00:00:00+00:00,1921-10-24T19:00:00-05:00,1921-10-24,,HU,25.6,-84.8,120,943.0,Category 4,317.76
AL061921,UNNAMED,1921-10-25T06:00:00+00:00,1921-10-25T01:00:00-05:00,1921-10-25,,HU,26.4,-84.4,115,,Category 4,269.79
AL061921,UNNAMED,1921-10-25T12:00:00+00:00,1921-10-25T07:00:00-05:00,1921-10-25,,HU,27.1,-83.9,105,,Category 3,236.64
AL061921,UNNAMED,1921-10-25T18:00:00+00:00,1921-10-25T13:00:00-05:00,1921-10-25,,HU,27.8,-83.1,100,958.0,Category 3,226.0
AL061921,UNNAMED,1921-10-25T20:00:00+00:00,1921-10-25T15:00:00-05:00,1921-10-25,L,HU,28.1,-82.8,100,958.0,Category 3,225.5
AL061921,UNNAMED,1921-10-26T00:00:00+00:00,1921-10-25T19:00:00-05:00,1921-10-25,,HU,28.5,-82.2,80,,Category 1,240.47
AL061921,UNNAMED,1921-10-26T06:00:00+00:00,1921-10-26T01:00:00-05:00,1921-10-26,,HU,29.0,-81.0,70,,Category 1,294.67
AL061921,UNNAMED,1921-10-26T12:00:00+00:00,1921-10-26T07:00:00-05:00,1921-10-26,,HU,29.5,-79.6,75,,Category 1,369.97
AL061921,UNNAMED,1921-10-26T18:00:00+00:00,1921-10-26T13:00:00-05:00,1921-10-26,,HU,29.5,-78.0,75,,Category 1,465.33
AL071921,UNNAMED,1921-11-25T06:00:00+00:00,1921-11-25T00:00:00-06:00,1921-11-25,,TD,23.2,-86.5,25,,Tropical Depression,480.82
AL071921,UNNAMED,1921-11-25T12:00:00+00:00,1921-11-25T06:00:00-06:00,1921-11-25,,TD,23.5,-86.5,25,,Tropical Depression,460.2
AL071921,UNNAMED,1921-11-25T18:00:00+00:00,1921-11-25T12:00:00-06:00,1921-11-25,,TD,24.0,-86.5,25,,Tropical Depression,425.84
AL031922,UNNAMED,1922-09-18T00:00:00+00:00,1922-09-17T19:00:00-05:00,1922-09-17,,TD,28.8,-79.4,30,,Tropical Depression,391.59
AL031922,UNNAMED,1922-09-18T06:00:00+00:00,1922-09-18T01:00:00-05:00,1922-09-18,,TD,28.9,-79.2,30,,Tropical Depression,401.59
AL031922,UNNAMED,1922-09-18T12:00:00+00:00,1922-09-18T07:00:00-05:00,1922-09-18,,TS,29.0,-79.0,35,,Tropical Storm,411.8
AL031922,UNNAMED,1922-09-18T18:00:00+00:00,1922-09-18T13:00:00-05:00,1922-09-18,,TS,29.1,-78.7,35,,Tropical Storm,428.11
AL031922,UNNAMED,1922-09-19T00:00:00+00:00,1922-09-18T19:00:00-05:00,1922-09-18,,TS,29.2,-78.5,40,,Tropical Storm,438.68
AL031922,UNNAMED,1922-09-19T06:00:00+00:00,1922-09-19T01:00:00-05:00,1922-09-19,,TS,29.3,-78.2,40,,Tropical Storm,455.36
AL031922,UNNAMED,1922-09-19T12:00:00+00:00,1922-09-19T07:00:00-05:00,1922-09-19,,TS,29.5,-78.0,45,,Tropical Storm,465.33
AL031922,UNNAMED,1922-09-19T18:00:00+00:00,1922-09-19T13:00:00-05:00,1922-09-19,,TS,29.7,-77.8,50,,Tropical Storm,475.73
AL031922,UNNAMED,1922-09-20T00:00:00+00:00,1922-09-19T19:00:00-05:00,1922-09-19,,TS,29.9,-77.6,55,,Tropical Storm,486.56
AL051922,UNNAMED,1922-10-14T18:00:00+00:00,1922-10-14T12:00:00-06:00,1922-10-14,,TS,24.2,-83.4,40,,Tropical Storm,433.67
AL051922,UNNAMED,1922-10-15T00:00:00+00:00,1922-10-14T18:00:00-06:00,1922-10-14,,TS,25.3,-84.0,45,,Tropical Storm,349.75
AL051922,UNNAMED,1922-10-15T06:00:00+00:00,1922-10-15T00:00:00-06:00,1922-10-15,,TS,26.1,-84.7,45,,Tropical Storm,285.09
AL051922,UNNAMED,1922-10-15T12:00:00+00:00,1922-10-15T06:00:00-06:00,1922-10-15,,TS,26.6,-85.3,45,,Tropical Storm,244.95
AL051922,UNNAMED,1922-10-15T18:00:00+00:00,1922-10-15T12:00:00-06:00,1922-10-15,,TS,27.0,-85.8,45,,Tropical Storm,215.96
AL051922,UNNAMED,1922-10-16T00:00:00+00:00,1922-10-15T18:00:00-06:00,1922-10-15,,TS,27.3,-86.3,45,,Tropical Storm,198.22
AL051922,UNNAMED,1922-10-16T06:00:00+00:00,1922-10-16T00:00:00-06:00,1922-10-16,,TS,27.6,-86.8,40,,Tropical Storm,186.08
AL051922,UNNAMED,1922-10-16T12:00:00+00:00,1922-10-16T06:00:00-06:00,1922-10-16,,TS,28.0,-87.2,35,,Tropical Storm,171.57
AL051922,UNNAMED,1922-10-16T18:00:00+00:00,1922-10-16T12:00:00-06:00,1922-10-16,,TD,28.6,-87.5,30,,Tropical Depression,149.87
AL051922,UNNAMED,1922-10-17T00:00:00+00:00,1922-10-16T18:00:00-06:00,1922-10-16,,TD,29.3,-87.7,30,,Tropical Depression,131.24
AL051922,UNNAMED,1922-10-17T06:00:00+00:00,1922-10-17T00:00:00-06:00,1922-10-17,,TD,30.0,-87.8,25,,Tropical Depression,124.08
AL051922,UNNAMED,1922-10-17T12:00:00+00:00,1922-10-17T06:00:00-06:00,1922-10-17,,EX,30.8,-87.9,25,,Tropical Depression,137.39
AL051922,UNNAMED,1922-10-17T18:00:00+00:00,1922-10-17T12:00:00-06:00,1922-10-17,,EX,31.6,-88.0,25,,Tropical Depression,168.85
AL011923,UNNAMED,1923-06-25T18:00:00+00:00,1923-06-25T13:00:00-05:00,1923-06-25,,TS,25.5,-91.9,35,,Tropical Storm,494.08
AL011923,UNNAMED,1923-06-26T00:00:00+00:00,1923-06-25T19:00:00-05:00,1923-06-25,,TS,27.5,-91.0,40,,Tropical Storm,366.92
AL011923,UNNAMED,1923-06-26T05:00:00+00:00,1923-06-26T00:00:00-05:00,1923-06-26,L,TS,29.1,-90.1,40,,Tropical Storm,271.87
AL011923,UNNAMED,1923-06-26T06:00:00+00:00,1923-06-26T01:00:00-05:00,1923-06-26,,TS,29.5,-89.8,40,,Tropical Storm,247.77
AL011923,UNNAMED,1923-06-26T12:00:00+00:00,1923-06-26T07:00:00-05:00,1923-06-26,,TS,31.0,-88.0,35,,Tropical Storm,147.96
AL011923,UNNAMED,1923-06-26T18:00:00+00:00,1923-06-26T13:00:00-05:00,1923-06-26,,TD,31.7,-86.0,30,1006.0,Tropical Depression,109.99
AL011923,UNNAMED,1923-06-27T00:00:00+00:00,1923-06-26T19:00:00-05:00,1923-06-26,,TD,31.9,-84.0,30,,Tropical Depression,159.79
AL011923,UNNAMED,1923-06-27T06:00:00+00:00,1923-06-27T01:00:00-05:00,1923-06-27,,TD,32.0,-82.0,30,,Tropical Depression,255.94
AL011923,UNNAMED,1923-06-27T12:00:00+00:00,1923-06-27T07:00:00-05:00,1923-06-27,,TS,32.0,-80.0,40,,Tropical Storm,362.97
AL011923,UNNAMED,1923-06-27T18:00:00+00:00,1923-06-27T13:00:00-05:00,1923-06-27,,TS,32.0,-78.2,40,,Tropical Storm,463.99
AL061923,UNNAMED,1923-10-15T18:00:00+00:00,1923-10-15T12:00:00-06:00,1923-10-15,,HU,25.4,-91.6,65,,Category 1,485.0
AL061923,UNNAMED,1923-10-16T00:00:00+00:00,1923-10-15T18:00:00-06:00,1923-10-15,,HU,27.2,-91.0,70,,Category 1,377.98
AL061923,UNNAMED,1923-10-16T06:00:00+00:00,1923-10-16T00:00:00-06:00,1923-10-16,L,HU,29.2,-91.0,70,983.0,Category 1,322.76
AL061923,UNNAMED,1923-10-16T12:00:00+00:00,1923-10-16T06:00:00-06:00,1923-10-16,,TS,31.5,-91.0,50,991.0,Tropical Storm,326.8
AL061923,UNNAMED,1923-10-16T18:00:00+00:00,1923-10-16T12:00:00-06:00,1923-10-16,,TS,33.7,-91.2,45,,Tropical Storm,404.78
AL081923,UNNAMED,1923-10-17T12:00:00+00:00,1923-10-17T06:00:00-06:00,1923-10-17,,TS,24.0,-90.0,45,,Tropical Storm,497.99
AL081923,UNNAMED,1923-10-17T18:00:00+00:00,1923-10-17T12:00:00-06:00,1923-10-17,,TS,26.5,-88.9,50,,Tropical Storm,316.05
AL081923,UNNAMED,1923-10-18T00:00:00+00:00,1923-10-17T18:00:00-06:00,1923-10-17,,TS,30.0,-89.0,50,992.0,Tropical Storm,195.73
AL081923,UNNAMED,1923-10-18T01:00:00+00:00,1923-10-17T19:00:00-06:00,1923-10-17,L,TS,30.3,-89.0,50,992.0,Tropical Storm,195.61
AL081923,UNNAMED,1923-10-18T06:00:00+00:00,1923-10-18T00:00:00-06:00,1923-10-18,,TS,32.9,-89.1,40,997.0,Tropical Storm,275.95
AL081923,UNNAMED,1923-10-18T12:00:00+00:00,1923-10-18T06:00:00-06:00,1923-10-18,,EX,35.5,-89.2,35,,Tropical Storm,422.44
AL021924,UNNAMED,1924-07-28T06:00:00+00:00,1924-07-28T01:00:00-05:00,1924-07-28,,TD,28.5,-78.5,30,,Tropical Depression,449.73
AL021924,UNNAMED,1924-07-28T12:00:00+00:00,1924-07-28T07:00:00-05:00,1924-07-28,,TS,30.0,-77.5,35,,Tropical Storm,492.11
AL031924,UNNAMED,1924-08-24T18:00:00+00:00,1924-08-24T13:00:00-05:00,1924-08-24,,HU,28.6,-77.7,95,,Category 2,494.77
AL031924,UNNAMED,1924-08-25T00:00:00+00:00,1924-08-24T19:00:00-05:00,1924-08-24,,HU,29.4,-77.9,90,,Category 2,472.21
AL031924,UNNAMED,1924-08-25T06:00:00+00:00,1924-08-25T01:00:00-05:00,1924-08-25,,HU,30.2,-77.7,85,,Category 2,479.63
AL051924,UNNAMED,1924-09-13T00:00:00+00:00,1924-09-12T19:00:00-05:00,1924-09-12,,TS,24.0,-84.5,35,,Tropical Storm,429.9
AL051924,UNNAMED,1924-09-13T06:00:00+00:00,1924-09-13T01:00:00-05:00,1924-09-13,,TS,24.8,-85.5,40,,Tropical Storm,368.19
AL051924,UNNAMED,1924-09-13T12:00:00+00:00,1924-09-13T07:00:00-05:00,1924-09-13,,TS,25.5,-86.5,45,,Tropical Storm,323.0
AL051924,UNNAMED,1924-09-13T18:00:00+00:00,1924-09-13T13:00:00-05:00,1924-09-13,,TS,26.2,-87.2,45,,Tropical Storm,285.58
AL051924,UNNAMED,1924-09-14T00:00:00+00:00,1924-09-13T19:00:00-05:00,1924-09-13,,TS,26.9,-87.7,50,,Tropical Storm,252.88
AL051924,UNNAMED,1924-09-14T06:00:00+00:00,1924-09-14T01:00:00-05:00,1924-09-14,,TS,27.6,-87.9,50,,Tropical Storm,218.34
AL051924,UNNAMED,1924-09-14T12:00:00+00:00,1924-09-14T07:00:00-05:00,1924-09-14,,TS,28.2,-88.0,55,,Tropical Storm,190.9
AL051924,UNNAMED,1924-09-14T18:00:00+00:00,1924-09-14T13:00:00-05:00,1924-09-14,,TS,28.6,-87.6,60,,Tropical Storm,154.21
AL051924,UNNAMED,1924-09-15T00:00:00+00:00,1924-09-14T19:00:00-05:00,1924-09-14,,HU,29.0,-87.0,65,,Category 1,108.94
AL051924,UNNAMED,1924-09-15T06:00:00+00:00,1924-09-15T01:00:00-05:00,1924-09-15,,HU,29.3,-86.2,70,,Category 1,63.6
AL051924,UNNAMED,1924-09-15T12:00:00+00:00,1924-09-15T07:00:00-05:00,1924-09-15,,HU,29.6,-85.5,75,980.0,Category 1,38.8
AL051924,UNNAMED,1924-09-15T14:00:00+00:00,1924-09-15T09:00:00-05:00,1924-09-15,L,HU,29.7,-85.3,75,980.0,Category 1,39.06
AL051924,UNNAMED,1924-09-15T18:00:00+00:00,1924-09-15T13:00:00-05:00,1924-09-15,,TS,29.9,-84.9,55,,Tropical Storm,52.03
AL051924,UNNAMED,1924-09-16T00:00:00+00:00,1924-09-15T19:00:00-05:00,1924-09-15,,TS,30.2,-84.3,50,,Tropical Storm,85.58
AL051924,UNNAMED,1924-09-16T06:00:00+00:00,1924-09-16T01:00:00-05:00,1924-09-16,,TS,30.5,-83.6,45,,Tropical Storm,129.66
AL051924,UNNAMED,1924-09-16T12:00:00+00:00,1924-09-16T07:00:00-05:00,1924-09-16,,TS,31.0,-82.8,40,,Tropical Storm,184.5
AL051924,UNNAMED,1924-09-16T18:00:00+00:00,1924-09-16T13:00:00-05:00,1924-09-16,,TS,31.8,-81.7,35,,Tropical Storm,265.31
AL051924,UNNAMED,1924-09-17T00:00:00+00:00,1924-09-16T19:00:00-05:00,1924-09-16,,TS,32.9,-80.2,35,,Tropical Storm,377.89
AL081924,UNNAMED,1924-09-29T00:00:00+00:00,1924-09-28T18:00:00-06:00,1924-09-28,,TS,23.0,-86.2,40,,Tropical Storm,493.14
AL081924,UNNAMED,1924-09-29T06:00:00+00:00,1924-09-29T00:00:00-06:00,1924-09-29,,TS,25.0,-86.5,45,,Tropical Storm,357.23
AL081924,UNNAMED,1924-09-29T12:00:00+00:00,1924-09-29T06:00:00-06:00,1924-09-29,,TS,27.0,-86.6,50,999.0,Tropical Storm,222.27
AL081924,UNNAMED,1924-09-29T18:00:00+00:00,1924-09-29T12:00:00-06:00,1924-09-29,,TS,29.0,-85.0,55,,Tropical Storm,89.26
AL081924,UNNAMED,1924-09-29T21:00:00+00:00,1924-09-29T15:00:00-06:00,1924-09-29,L,TS,30.0,-84.0,55,,Tropical Storm,103.81
AL081924,UNNAMED,1924-09-30T00:00:00+00:00,1924-09-29T18:00:00-06:00,1924-09-29,,EX,31.0,-83.0,55,,Tropical Storm,173.3
AL081924,UNNAMED,1924-09-30T06:00:00+00:00,1924-09-30T00:00:00-06:00,1924-09-30,,EX,33.0,-80.7,55,1001.0,Tropical Storm,356.51
AL091924,UNNAMED,1924-10-11T12:00:00+00:00,1924-10-11T06:00:00-06:00,1924-10-11,,TD,25.5,-88.0,30,,Tropical Depression,348.34
AL091924,UNNAMED,1924-10-11T18:00:00+00:00,1924-10-11T12:00:00-06:00,1924-10-11,,TS,25.9,-88.1,35,,Tropical Storm,325.73
AL091924,UNNAMED,1924-10-12T00:00:00+00:00,1924-10-11T18:00:00-06:00,1924-10-11,,TS,26.3,-88.3,40,,Tropical Storm,307.1
AL091924,UNNAMED,1924-10-12T06:00:00+00:00,1924-10-12T00:00:00-06:00,1924-10-12,,TS,26.6,-88.6,45,,Tropical Storm,299.58
AL091924,UNNAMED,1924-10-12T12:00:00+00:00,1924-10-12T06:00:00-06:00,1924-10-12,,TS,26.7,-89.0,50,,Tropical Storm,308.98
AL091924,UNNAMED,1924-10-12T18:00:00+00:00,1924-10-12T12:00:00-06:00,1924-10-12,,TS,26.3,-89.6,50,,Tropical Storm,354.01
AL091924,UNNAMED,1924-10-13T00:00:00+00:00,1924-10-12T18:00:00-06:00,1924-10-12,,TS,25.7,-90.5,50,,Tropical Storm,422.14
AL101924,UNNAMED,1924-10-20T00:00:00+00:00,1924-10-19T18:00:00-06:00,1924-10-19,,HU,23.4,-84.0,130,,Category 4,476.73
AL101924,UNNAMED,1924-10-20T06:00:00+00:00,1924-10-20T00:00:00-06:00,1924-10-20,,HU,24.4,-83.5,115,,Category 4,418.57
AL101924,UNNAMED,1924-10-20T12:00:00+00:00,1924-10-20T06:00:00-06:00,1924-10-20,,HU,25.2,-83.0,100,,Category 3,379.04
AL101924,UNNAMED,1924-10-20T18:00:00+00:00,1924-10-20T12:00:00-06:00,1924-10-20,,HU,25.5,-82.5,90,,Category 2,375.55
AL101924,UNNAMED,1924-10-21T00:00:00+00:00,1924-10-20T18:00:00-06:00,1924-10-20,,HU,25.8,-81.9,80,975.0,Category 1,379.31
AL101924,UNNAMED,1924-10-21T01:00:00+00:00,1924-10-20T19:00:00-06:00,1924-10-20,L,HU,25.8,-81.8,80,975.0,Category 1,383.1
AL101924,UNNAMED,1924-10-21T06:00:00+00:00,1924-10-21T00:00:00-06:00,1924-10-21,,HU,25.9,-81.0,70,,Category 1,410.35
AL101924,UNNAMED,1924-10-21T12:00:00+00:00,1924-10-21T06:00:00-06:00,1924-10-21,,TS,26.0,-80.1,60,986.0,Tropical Storm,446.03
AL101924,UNNAMED,1924-10-21T18:00:00+00:00,1924-10-21T12:00:00-06:00,1924-10-21,,TS,26.3,-78.9,60,,Tropical Storm,492.55
AL021925,UNNAMED,1925-08-25T12:00:00+00:00,1925-08-25T07:00:00-05:00,1925-08-25,,TD,30.0,-78.0,25,,Tropical Depression,462.24
AL021925,UNNAMED,1925-08-25T18:00:00+00:00,1925-08-25T13:00:00-05:00,1925-08-25,,TD,30.6,-77.7,30,,Tropical Depression,479.74
AL041925,UNNAMED,1925-11-30T18:00:00+00:00,1925-11-30T12:00:00-06:00,1925-11-30,,TS,23.6,-84.2,45,,Tropical Storm,460.57
AL041925,UNNAMED,1925-12-01T00:00:00+00:00,1925-11-30T18:00:00-06:00,1925-11-30,,TS,25.6,-82.8,55,,Tropical Storm,360.21
AL041925,UNNAMED,1925-12-01T03:00:00+00:00,1925-11-30T21:00:00-06:00,1925-11-30,L,TS,26.3,-81.9,55,,Tropical Storm,352.39
AL041925,UNNAMED,1925-12-01T06:00:00+00:00,1925-12-01T00:00:00-06:00,1925-12-01,,EX,27.3,-81.1,50,,Tropical Storm,341.73
AL041925,UNNAMED,1925-12-01T12:00:00+00:00,1925-12-01T06:00:00-06:00,1925-12-01,,EX,28.7,-80.1,60,,Tropical Storm,352.82
AL041925,UNNAMED,1925-12-01T18:00:00+00:00,1925-12-01T12:00:00-06:00,1925-12-01,,EX,30.0,-79.5,70,,Category 1,372.6
AL041925,UNNAMED,1925-12-02T00:00:00+00:00,1925-12-01T18:00:00-06:00,1925-12-01,,EX,31.0,-78.7,80,,Category 1,422.52
AL041925,UNNAMED,1925-12-02T06:00:00+00:00,1925-12-02T00:00:00-06:00,1925-12-02,,EX,32.0,-78.1,75,,Category 1,469.68
AL011926,UNNAMED,1926-07-27T12:00:00+00:00,1926-07-27T07:00:00-05:00,1926-07-27,,HU,26.3,-79.0,95,,Category 2,487.43
AL011926,UNNAMED,1926-07-27T18:00:00+00:00,1926-07-27T13:00:00-05:00,1926-07-27,,HU,26.9,-79.5,95,,Category 2,438.88
AL011926,UNNAMED,1926-07-28T00:00:00+00:00,1926-07-27T19:00:00-05:00,1926-07-27,,HU,27.7,-80.0,90,,Category 2,384.86
AL011926,UNNAMED,1926-07-28T06:00:00+00:00,1926-07-28T01:00:00-05:00,1926-07-28,,HU,28.5,-80.5,90,967.0,Category 2,334.45
AL011926,UNNAMED,1926-07-28T10:00:00+00:00,1926-07-28T05:00:00-05:00,1926-07-28,L,HU,29.0,-80.8,90,967.0,Category 2,306.28
AL011926,UNNAMED,1926-07-28T12:00:00+00:00,1926-07-28T07:00:00-05:00,1926-07-28,,HU,29.2,-81.1,75,,Category 1,285.21
AL011926,UNNAMED,1926-07-28T18:00:00+00:00,1926-07-28T13:00:00-05:00,1926-07-28,,TS,29.8,-81.8,55,,Tropical Storm,236.3
AL011926,UNNAMED,1926-07-29T00:00:00+00:00,1926-07-28T19:00:00-05:00,1926-07-28,,TS,30.5,-82.6,50,,Tropical Storm,188.48
AL011926,UNNAMED,1926-07-29T06:00:00+00:00,1926-07-29T01:00:00-05:00,1926-07-29,,TS,31.3,-83.5,40,,Tropical Storm,155.36
AL011926,UNNAMED,1926-07-29T12:00:00+00:00,1926-07-29T07:00:00-05:00,1926-07-29,,TS,32.0,-84.5,35,,Tropical Storm,148.6
AL011926,UNNAMED,1926-07-29T18:00:00+00:00,1926-07-29T13:00:00-05:00,1926-07-29,,TD,32.4,-85.5,30,,Tropical Depression,157.77
AL011926,UNNAMED,1926-07-30T00:00:00+00:00,1926-07-29T19:00:00-05:00,1926-07-29,,TD,32.7,-86.6,30,,Tropical Depression,185.16
AL011926,UNNAMED,1926-07-30T06:00:00+00:00,1926-07-30T01:00:00-05:00,1926-07-30,,TD,32.9,-87.8,25,,Tropical Depression,227.21
AL011926,UNNAMED,1926-07-30T12:00:00+00:00,1926-07-30T07:00:00-05:00,1926-07-30,,TD,33.0,-88.8,25,,Tropical Depression,268.53
AL011926,UNNAMED,1926-07-30T18:00:00+00:00,1926-07-30T13:00:00-05:00,1926-07-30,,TD,33.2,-89.6,25,,Tropical Depression,311.3
AL011926,UNNAMED,1926-07-31T00:00:00+00:00,1926-07-30T19:00:00-05:00,1926-07-30,,TD,33.5,-90.1,25,,Tropical Depression,346.64
AL011926,UNNAMED,1926-07-31T06:00:00+00:00,1926-07-31T01:00:00-05:00,1926-07-31,,TD,33.9,-90.4,25,,Tropical Depression,377.91
AL011926,UNNAMED,1926-07-31T12:00:00+00:00,1926-07-31T07:00:00-05:00,1926-07-31,,TD,34.5,-90.5,25,,Tropical Depression,410.93
AL011926,UNNAMED,1926-07-31T18:00:00+00:00,1926-07-31T13:00:00-05:00,1926-07-31,,TD,35.5,-90.0,25,,Tropical Depression,446.42
AL031926,UNNAMED,1926-08-23T12:00:00+00:00,1926-08-23T07:00:00-05:00,1926-08-23,,HU,23.5,-88.8,70,,Category 1,495.27
AL031926,UNNAMED,1926-08-23T18:00:00+00:00,1926-08-23T13:00:00-05:00,1926-08-23,,HU,24.1,-89.5,75,,Category 1,476.4
AL031926,UNNAMED,1926-08-24T00:00:00+00:00,1926-08-23T19:00:00-05:00,1926-08-23,,HU,24.8,-90.1,80,,Category 1,455.02
AL031926,UNNAMED,1926-08-24T06:00:00+00:00,1926-08-24T01:00:00-05:00,1926-08-24,,HU,25.4,-90.6,85,,Category 2,441.74
AL031926,UNNAMED,1926-08-24T12:00:00+00:00,1926-08-24T07:00:00-05:00,1926-08-24,,HU,26.0,-90.8,85,,Category 2,420.35
AL031926,UNNAMED,1926-08-24T18:00:00+00:00,1926-08-24T13:00:00-05:00,1926-08-24,,HU,26.4,-90.8,95,,Category 2,401.7
AL031926,UNNAMED,1926-08-25T00:00:00+00:00,1926-08-24T19:00:00-05:00,1926-08-24,,HU,26.8,-90.8,100,,Category 3,384.13
AL031926,UNNAMED,1926-08-25T06:00:00+00:00,1926-08-25T01:00:00-05:00,1926-08-25,,HU,27.2,-90.8,100,,Category 3,367.79
AL031926,UNNAMED,1926-08-25T12:00:00+00:00,1926-08-25T07:00:00-05:00,1926-08-25,,HU,27.7,-90.8,100,,Category 3,349.37
AL031926,UNNAMED,1926-08-25T18:00:00+00:00,1926-08-25T13:00:00-05:00,1926-08-25,,HU,28.5,-90.8,100,,Category 3,325.39
AL031926,UNNAMED,1926-08-25T23:00:00+00:00,1926-08-25T18:00:00-05:00,1926-08-25,L,HU,29.2,-90.9,100,955.0,Category 3,316.88
AL031926,UNNAMED,1926-08-26T00:00:00+00:00,1926-08-25T19:00:00-05:00,1926-08-25,,HU,29.3,-90.9,95,955.0,Category 2,315.41
AL031926,UNNAMED,1926-08-26T06:00:00+00:00,1926-08-26T01:00:00-05:00,1926-08-26,,HU,29.9,-91.0,70,986.0,Category 1,315.65
AL031926,UNNAMED,1926-08-26T12:00:00+00:00,1926-08-26T07:00:00-05:00,1926-08-26,,TS,30.4,-91.3,55,,Tropical Storm,332.91
AL031926,UNNAMED,1926-08-26T18:00:00+00:00,1926-08-26T13:00:00-05:00,1926-08-26,,TS,30.7,-91.8,45,,Tropical Storm,363.82
AL031926,UNNAMED,1926-08-27T00:00:00+00:00,1926-08-26T19:00:00-05:00,1926-08-26,,TS,30.8,-92.8,35,,Tropical Storm,423.56
AL031926,UNNAMED,1926-08-27T06:00:00+00:00,1926-08-27T01:00:00-05:00,1926-08-27,,TD,31.0,-94.0,30,,Tropical Depression,495.6
AL071926,UNNAMED,1926-09-18T12:00:00+00:00,1926-09-18T07:00:00-05:00,1926-09-18,L,HU,25.6,-80.3,125,930.0,Category 4,455.67
AL071926,UNNAMED,1926-09-18T18:00:00+00:00,1926-09-18T13:00:00-05:00,1926-09-18,,HU,26.2,-81.6,90,950.0,Category 2,369.84
AL071926,UNNAMED,1926-09-19T00:00:00+00:00,1926-09-18T19:00:00-05:00,1926-09-18,,HU,26.8,-82.5,100,,Category 3,302.07
AL071926,UNNAMED,1926-09-19T06:00:00+00:00,1926-09-19T01:00:00-05:00,1926-09-19,,HU,27.3,-83.3,105,,Category 3,244.49
AL071926,UNNAMED,1926-09-19T12:00:00+00:00,1926-09-19T07:00:00-05:00,1926-09-19,,HU,27.8,-84.1,105,,Category 3,188.45
AL071926,UNNAMED,1926-09-19T18:00:00+00:00,1926-09-19T13:00:00-05:00,1926-09-19,,HU,28.4,-84.8,105,,Category 3,131.71
AL071926,UNNAMED,1926-09-20T00:00:00+00:00,1926-09-19T19:00:00-05:00,1926-09-19,,HU,29.0,-85.5,110,,Category 3,78.95
AL071926,UNNAMED,1926-09-20T06:00:00+00:00,1926-09-20T01:00:00-05:00,1926-09-20,,HU,29.6,-86.2,110,,Category 3,45.92
AL071926,UNNAMED,1926-09-20T12:00:00+00:00,1926-09-20T07:00:00-05:00,1926-09-20,,HU,30.1,-86.8,105,,Category 3,63.98
AL071926,UNNAMED,1926-09-20T18:00:00+00:00,1926-09-20T13:00:00-05:00,1926-09-20,,HU,30.3,-87.3,100,,Category 3,94.52
AL071926,UNNAMED,1926-09-20T22:00:00+00:00,1926-09-20T17:00:00-05:00,1926-09-20,L,HU,30.3,-87.5,100,955.0,Category 3,106.37
AL071926,UNNAMED,1926-09-21T00:00:00+00:00,1926-09-20T19:00:00-05:00,1926-09-20,,HU,30.3,-87.7,80,955.0,Category 1,118.24
AL071926,UNNAMED,1926-09-21T06:00:00+00:00,1926-09-21T01:00:00-05:00,1926-09-21,,HU,30.3,-88.1,65,,Category 1,142.02
AL071926,UNNAMED,1926-09-21T12:00:00+00:00,1926-09-21T07:00:00-05:00,1926-09-21,,TS,30.3,-88.6,60,983.0,Tropical Storm,171.78
AL071926,UNNAMED,1926-09-21T18:00:00+00:00,1926-09-21T13:00:00-05:00,1926-09-21,,TS,30.4,-89.4,50,,Tropical Storm,219.83
AL071926,UNNAMED,1926-09-22T00:00:00+00:00,1926-09-21T19:00:00-05:00,1926-09-21,,TS,30.5,-90.5,40,,Tropical Storm,285.67
AL071926,UNNAMED,1926-09-22T06:00:00+00:00,1926-09-22T01:00:00-05:00,1926-09-22,,TD,30.6,-91.7,30,,Tropical Depression,357.38
AL071926,UNNAMED,1926-09-22T12:00:00+00:00,1926-09-22T07:00:00-05:00,1926-09-22,,TD,30.7,-92.9,25,,Tropical Depression,429.0
AL101926,UNNAMED,1926-10-21T00:00:00+00:00,1926-10-20T18:00:00-06:00,1926-10-20,,HU,24.5,-81.0,110,949.0,Category 3,485.01
AL101926,UNNAMED,1926-10-21T06:00:00+00:00,1926-10-21T00:00:00-06:00,1926-10-21,,HU,25.6,-79.7,110,,Category 3,482.97
AL051927,UNNAMED,1927-10-02T18:00:00+00:00,1927-10-02T12:00:00-06:00,1927-10-02,,TS,29.0,-77.8,50,,Tropical Storm,482.77
AL051927,UNNAMED,1927-10-03T00:00:00+00:00,1927-10-02T18:00:00-06:00,1927-10-02,,TS,30.3,-78.9,50,,Tropical Storm,407.92
AL051927,UNNAMED,1927-10-03T06:00:00+00:00,1927-10-03T00:00:00-06:00,1927-10-03,,TS,31.8,-80.0,50,,Tropical Storm,358.62
AL051927,UNNAMED,1927-10-03T09:00:00+00:00,1927-10-03T03:00:00-06:00,1927-10-03,L,TS,32.5,-80.4,50,,Tropical Storm,354.78
AL051927,UNNAMED,1927-10-03T12:00:00+00:00,1927-10-03T06:00:00-06:00,1927-10-03,,TS,33.4,-80.7,40,,Tropical Storm,372.09
AL051927,UNNAMED,1927-10-03T18:00:00+00:00,1927-10-03T12:00:00-06:00,1927-10-03,,TS,35.0,-80.8,35,,Tropical Storm,442.43
AL011928,UNNAMED,1928-08-07T12:00:00+00:00,1928-08-07T07:00:00-05:00,1928-08-07,,HU,26.3,-79.2,90,,Category 2,477.25
AL011928,UNNAMED,1928-08-07T18:00:00+00:00,1928-08-07T13:00:00-05:00,1928-08-07,,HU,26.6,-79.5,90,,Category 2,450.2
AL011928,UNNAMED,1928-08-08T00:00:00+00:00,1928-08-07T19:00:00-05:00,1928-08-07,,HU,26.9,-79.8,90,,Category 2,423.3
AL011928,UNNAMED,1928-08-08T06:00:00+00:00,1928-08-08T01:00:00-05:00,1928-08-08,,HU,27.2,-80.1,85,977.0,Category 2,396.58
AL011928,UNNAMED,1928-08-08T07:00:00+00:00,1928-08-08T02:00:00-05:00,1928-08-08,L,HU,27.3,-80.2,85,977.0,Category 2,387.73
AL011928,UNNAMED,1928-08-08T12:00:00+00:00,1928-08-08T07:00:00-05:00,1928-08-08,,HU,27.6,-80.5,70,,Category 1,361.31
AL011928,UNNAMED,1928-08-08T18:00:00+00:00,1928-08-08T13:00:00-05:00,1928-08-08,,TS,27.9,-80.9,50,,Tropical Storm,329.81
AL011928,UNNAMED,1928-08-09T00:00:00+00:00,1928-08-08T19:00:00-05:00,1928-08-08,,TS,28.1,-81.5,45,,Tropical Storm,291.13
AL011928,UNNAMED,1928-08-09T06:00:00+00:00,1928-08-09T01:00:00-05:00,1928-08-09,,TS,28.4,-82.1,40,,Tropical Storm,249.14
AL011928,UNNAMED,1928-08-09T12:00:00+00:00,1928-08-09T07:00:00-05:00,1928-08-09,,TS,28.7,-82.7,40,,Tropical Storm,207.24
AL011928,UNNAMED,1928-08-09T18:00:00+00:00,1928-08-09T13:00:00-05:00,1928-08-09,,TS,29.1,-83.3,40,,Tropical Storm,162.23
AL011928,UNNAMED,1928-08-10T00:00:00+00:00,1928-08-09T19:00:00-05:00,1928-08-09,,TS,29.6,-83.9,35,,Tropical Storm,115.49
AL011928,UNNAMED,1928-08-10T04:00:00+00:00,1928-08-09T23:00:00-05:00,1928-08-09,L,TS,30.0,-84.3,35,,Tropical Storm,85.95
AL011928,UNNAMED,1928-08-10T06:00:00+00:00,1928-08-10T01:00:00-05:00,1928-08-10,,TS,30.2,-84.4,35,,Tropical Storm,79.62
AL011928,UNNAMED,1928-08-10T12:00:00+00:00,1928-08-10T07:00:00-05:00,1928-08-10,,TS,31.0,-84.5,35,,Tropical Storm,94.92
AL011928,UNNAMED,1928-08-10T18:00:00+00:00,1928-08-10T13:00:00-05:00,1928-08-10,,TD,31.9,-84.0,30,,Tropical Depression,159.79
AL011928,UNNAMED,1928-08-11T00:00:00+00:00,1928-08-10T19:00:00-05:00,1928-08-10,,TD,32.9,-83.2,30,,Tropical Depression,242.82
AL011928,UNNAMED,1928-08-11T06:00:00+00:00,1928-08-11T01:00:00-05:00,1928-08-11,,EX,34.0,-82.2,30,,Tropical Depression,338.18
AL011928,UNNAMED,1928-08-11T12:00:00+00:00,1928-08-11T07:00:00-05:00,1928-08-11,,EX,35.2,-81.0,30,,Tropical Depression,445.57
AL021928,UNNAMED,1928-08-13T00:00:00+00:00,1928-08-12T19:00:00-05:00,1928-08-12,,TS,24.2,-81.1,60,,Tropical Storm,498.46
AL021928,UNNAMED,1928-08-13T03:00:00+00:00,1928-08-12T22:00:00-05:00,1928-08-12,L,TS,24.7,-81.4,60,,Tropical Storm,459.27
AL021928,UNNAMED,1928-08-13T06:00:00+00:00,1928-08-13T01:00:00-05:00,1928-08-13,,TS,25.2,-81.6,60,,Tropical Storm,423.78
AL021928,UNNAMED,1928-08-13T12:00:00+00:00,1928-08-13T07:00:00-05:00,1928-08-13,,TS,26.0,-82.2,55,,Tropical Storm,357.09
AL021928,UNNAMED,1928-08-13T18:00:00+00:00,1928-08-13T13:00:00-05:00,1928-08-13,,TS,26.9,-82.8,55,,Tropical Storm,285.09
AL021928,UNNAMED,1928-08-14T00:00:00+00:00,1928-08-13T19:00:00-05:00,1928-08-13,,TS,27.8,-83.4,50,,Tropical Storm,213.63
AL021928,UNNAMED,1928-08-14T06:00:00+00:00,1928-08-14T01:00:00-05:00,1928-08-14,,TS,28.7,-84.0,50,,Tropical Storm,143.3
AL021928,UNNAMED,1928-08-14T12:00:00+00:00,1928-08-14T07:00:00-05:00,1928-08-14,,TS,29.6,-84.6,45,,Tropical Storm,76.81
AL021928,UNNAMED,1928-08-14T14:00:00+00:00,1928-08-14T09:00:00-05:00,1928-08-14,L,TS,29.9,-84.7,45,,Tropical Storm,63.55
AL021928,UNNAMED,1928-08-14T18:00:00+00:00,1928-08-14T13:00:00-05:00,1928-08-14,,TS,30.5,-85.0,40,,Tropical Storm,50.67
AL021928,UNNAMED,1928-08-15T00:00:00+00:00,1928-08-14T19:00:00-05:00,1928-08-14,,TS,31.3,-85.4,35,,Tropical Storm,83.52
AL021928,UNNAMED,1928-08-15T06:00:00+00:00,1928-08-15T01:00:00-05:00,1928-08-15,,TS,32.1,-85.6,35,,Tropical Storm,136.68
AL021928,UNNAMED,1928-08-15T12:00:00+00:00,1928-08-15T07:00:00-05:00,1928-08-15,,TD,33.0,-85.4,30,,Tropical Depression,199.59
AL021928,UNNAMED,1928-08-15T18:00:00+00:00,1928-08-15T13:00:00-05:00,1928-08-15,,TD,33.9,-85.0,30,,Tropical Depression,264.31
AL021928,UNNAMED,1928-08-16T00:00:00+00:00,1928-08-15T19:00:00-05:00,1928-08-15,,TD,34.7,-84.5,30,,Tropical Depression,324.13
AL021928,UNNAMED,1928-08-16T06:00:00+00:00,1928-08-16T01:00:00-05:00,1928-08-16,,TD,35.5,-83.9,30,,Tropical Depression,386.26
AL021928,UNNAMED,1928-08-16T12:00:00+00:00,1928-08-16T07:00:00-05:00,1928-08-16,,TD,36.5,-83.3,25,,Tropical Depression,462.23
AL041928,UNNAMED,1928-09-17T00:00:00+00:00,1928-09-16T19:00:00-05:00,1928-09-16,L,HU,26.7,-80.0,125,929.0,Category 4,420.91
AL041928,UNNAMED,1928-09-17T06:00:00+00:00,1928-09-17T01:00:00-05:00,1928-09-17,,HU,27.2,-81.1,100,,Category 3,345.82
AL041928,UNNAMED,1928-09-17T12:00:00+00:00,1928-09-17T07:00:00-05:00,1928-09-17,,HU,27.8,-82.0,85,,Category 2,276.83
AL041928,UNNAMED,1928-09-17T18:00:00+00:00,1928-09-17T13:00:00-05:00,1928-09-17,,HU,28.6,-82.2,75,,Category 1,237.23
AL041928,UNNAMED,1928-09-18T00:00:00+00:00,1928-09-17T19:00:00-05:00,1928-09-17,,HU,29.4,-82.0,70,,Category 1,229.25
AL041928,UNNAMED,1928-09-18T06:00:00+00:00,1928-09-18T01:00:00-05:00,1928-09-18,,HU,30.1,-81.7,65,977.0,Category 1,240.86
AL041928,UNNAMED,1928-09-18T12:00:00+00:00,1928-09-18T07:00:00-05:00,1928-09-18,,HU,31.1,-81.1,75,976.0,Category 1,283.41
AL041928,UNNAMED,1928-09-18T18:00:00+00:00,1928-09-18T13:00:00-05:00,1928-09-18,,HU,32.4,-80.5,75,977.0,Category 1,346.52
AL041928,UNNAMED,1928-09-18T19:00:00+00:00,1928-09-18T14:00:00-05:00,1928-09-18,L,HU,32.5,-80.3,75,977.0,Category 1,360.02
AL041928,UNNAMED,1928-09-19T00:00:00+00:00,1928-09-18T19:00:00-05:00,1928-09-18,,TS,33.8,-79.2,60,,Tropical Storm,459.17
AL021929,UNNAMED,1929-09-28T12:00:00+00:00,1929-09-28T07:00:00-05:00,1929-09-28,,HU,24.9,-80.4,100,948.0,Category 3,486.68
AL021929,UNNAMED,1929-09-28T13:00:00+00:00,1929-09-28T08:00:00-05:00,1929-09-28,L,HU,25.0,-80.5,100,948.0,Category 3,477.36
AL021929,UNNAMED,1929-09-28T18:00:00+00:00,1929-09-28T13:00:00-05:00,1929-09-28,,HU,25.1,-81.0,95,,Category 2,451.99
AL021929,UNNAMED,1929-09-29T00:00:00+00:00,1929-09-28T19:00:00-05:00,1929-09-28,,HU,25.4,-81.7,90,,Category 2,408.93
AL021929,UNNAMED,1929-09-29T06:00:00+00:00,1929-09-29T01:00:00-05:00,1929-09-29,,HU,25.9,-82.5,90,,Category 2,352.14
AL021929,UNNAMED,1929-09-29T12:00:00+00:00,1929-09-29T06:00:00-06:00,1929-09-29,,HU,26.4,-83.5,90,,Category 2,290.94
AL021929,UNNAMED,1929-09-29T18:00:00+00:00,1929-09-29T12:00:00-06:00,1929-09-29,,HU,27.0,-84.5,90,,Category 2,228.45
AL021929,UNNAMED,1929-09-30T00:00:00+00:00,1929-09-29T18:00:00-06:00,1929-09-29,,HU,27.6,-85.3,85,,Category 2,176.39
AL021929,UNNAMED,1929-09-30T06:00:00+00:00,1929-09-30T00:00:00-06:00,1929-09-30,,HU,28.2,-85.7,85,,Category 2,133.02
AL021929,UNNAMED,1929-09-30T12:00:00+00:00,1929-09-30T06:00:00-06:00,1929-09-30,,HU,28.8,-86.0,80,,Category 1,92.98
AL021929,UNNAMED,1929-09-30T18:00:00+00:00,1929-09-30T12:00:00-06:00,1929-09-30,,HU,29.4,-86.2,75,,Category 1,57.48
AL021929,UNNAMED,1929-10-01T00:00:00+00:00,1929-09-30T18:00:00-06:00,1929-09-30,,HU,29.9,-86.0,70,,Category 1,22.42
AL021929,UNNAMED,1929-10-01T04:00:00+00:00,1929-09-30T22:00:00-06:00,1929-09-30,L,HU,30.2,-85.7,70,975.0,Category 1,5.48
AL021929,UNNAMED,1929-10-01T06:00:00+00:00,1929-10-01T00:00:00-06:00,1929-10-01,,TS,30.4,-85.4,60,975.0,Tropical Storm,27.37
AL021929,UNNAMED,1929-10-01T12:00:00+00:00,1929-10-01T06:00:00-06:00,1929-10-01,,EX,31.0,-84.2,55,986.0,Tropical Storm,109.27
AL021929,UNNAMED,1929-10-01T18:00:00+00:00,1929-10-01T12:00:00-06:00,1929-10-01,,EX,32.0,-82.7,50,,Tropical Storm,221.21
AL021929,UNNAMED,1929-10-02T00:00:00+00:00,1929-10-01T18:00:00-06:00,1929-10-01,,EX,33.5,-81.1,50,,Tropical Storm,358.08
AL021930,UNNAMED,1930-09-07T00:00:00+00:00,1930-09-06T19:00:00-05:00,1930-09-06,,TS,23.4,-84.7,35,,Tropical Storm,468.97
AL021930,UNNAMED,1930-09-07T06:00:00+00:00,1930-09-07T01:00:00-05:00,1930-09-07,,TS,24.1,-84.8,35,,Tropical Storm,420.19
AL021930,UNNAMED,1930-09-07T12:00:00+00:00,1930-09-07T07:00:00-05:00,1930-09-07,,TS,24.7,-84.9,35,,Tropical Storm,378.27
AL021930,UNNAMED,1930-09-07T18:00:00+00:00,1930-09-07T13:00:00-05:00,1930-09-07,,TS,25.1,-84.8,35,,Tropical Storm,351.83
AL021930,UNNAMED,1930-09-08T00:00:00+00:00,1930-09-07T19:00:00-05:00,1930-09-07,,TS,25.4,-84.7,35,,Tropical Storm,332.48
AL021930,UNNAMED,1930-09-08T06:00:00+00:00,1930-09-08T01:00:00-05:00,1930-09-08,,TS,25.7,-84.6,35,,Tropical Storm,313.42
AL021930,UNNAMED,1930-09-08T12:00:00+00:00,1930-09-08T07:00:00-05:00,1930-09-08,,TS,26.0,-84.5,35,,Tropical Storm,294.7
AL021930,UNNAMED,1930-09-08T18:00:00+00:00,1930-09-08T13:00:00-05:00,1930-09-08,,TS,26.4,-84.2,35,,Tropical Storm,273.69
AL021930,UNNAMED,1930-09-09T00:00:00+00:00,1930-09-08T19:00:00-05:00,1930-09-08,,TS,26.8,-83.7,40,,Tropical Storm,260.72
AL021930,UNNAMED,1930-09-09T06:00:00+00:00,1930-09-09T01:00:00-05:00,1930-09-09,,TS,27.3,-83.0,40,,Tropical Storm,255.84
AL021930,UNNAMED,1930-09-09T09:00:00+00:00,1930-09-09T04:00:00-05:00,1930-09-09,L,TS,27.5,-82.7,40,,Tropical Storm,257.94
AL021930,UNNAMED,1930-09-09T12:00:00+00:00,1930-09-09T07:00:00-05:00,1930-09-09,,TS,27.8,-82.4,35,,Tropical Storm,257.52
AL021930,UNNAMED,1930-09-09T18:00:00+00:00,1930-09-09T13:00:00-05:00,1930-09-09,,TD,28.3,-82.0,30,,Tropical Depression,257.85
AL021930,UNNAMED,1930-09-10T00:00:00+00:00,1930-09-09T19:00:00-05:00,1930-09-09,,TD,28.8,-81.6,30,,Tropical Depression,264.76
AL021930,UNNAMED,1930-09-10T06:00:00+00:00,1930-09-10T01:00:00-05:00,1930-09-10,,TD,29.2,-81.2,30,,Tropical Depression,279.36
AL021930,UNNAMED,1930-09-10T12:00:00+00:00,1930-09-10T07:00:00-05:00,1930-09-10,,TS,29.5,-80.8,35,,Tropical Storm,298.66
AL021930,UNNAMED,1930-09-10T18:00:00+00:00,1930-09-10T13:00:00-05:00,1930-09-10,,TS,29.7,-80.4,40,,Tropical Storm,320.53
AL021930,UNNAMED,1930-09-11T00:00:00+00:00,1930-09-10T19:00:00-05:00,1930-09-10,,TS,29.9,-80.1,40,,Tropical Storm,337.16
AL021930,UNNAMED,1930-09-11T06:00:00+00:00,1930-09-11T01:00:00-05:00,1930-09-11,,TS,30.1,-79.8,45,,Tropical Storm,354.39
AL021930,UNNAMED,1930-09-11T12:00:00+00:00,1930-09-11T07:00:00-05:00,1930-09-11,,TS,30.3,-79.5,45,,Tropical Storm,372.13
AL021930,UNNAMED,1930-09-11T18:00:00+00:00,1930-09-11T13:00:00-05:00,1930-09-11,,TS,30.7,-79.1,50,,Tropical Storm,396.99
AL021930,UNNAMED,1930-09-12T00:00:00+00:00,1930-09-11T19:00:00-05:00,1930-09-11,,TS,31.3,-78.6,60,,Tropical Storm,431.16
AL021930,UNNAMED,1930-09-12T06:00:00+00:00,1930-09-12T01:00:00-05:00,1930-09-12,,HU,32.1,-78.0,70,,Category 1,477.06
AL021931,UNNAMED,1931-07-14T12:00:00+00:00,1931-07-14T07:00:00-05:00,1931-07-14,,TS,24.8,-90.6,55,,Tropical Storm,473.69
AL021931,UNNAMED,1931-07-14T18:00:00+00:00,1931-07-14T13:00:00-05:00,1931-07-14,,TS,26.0,-90.7,60,,Tropical Storm,415.89
AL021931,UNNAMED,1931-07-15T00:00:00+00:00,1931-07-14T19:00:00-05:00,1931-07-14,,TS,27.2,-90.8,60,,Tropical Storm,367.79
AL021931,UNNAMED,1931-07-15T06:00:00+00:00,1931-07-15T01:00:00-05:00,1931-07-15,,TS,28.4,-90.9,55,,Tropical Storm,333.6
AL021931,UNNAMED,1931-07-15T10:00:00+00:00,1931-07-15T05:00:00-05:00,1931-07-15,L,TS,29.2,-91.0,50,,Tropical Storm,322.76
AL021931,UNNAMED,1931-07-15T12:00:00+00:00,1931-07-15T07:00:00-05:00,1931-07-15,,TS,29.6,-91.1,45,1000.0,Tropical Storm,323.77
AL021931,UNNAMED,1931-07-15T18:00:00+00:00,1931-07-15T13:00:00-05:00,1931-07-15,,TS,30.4,-91.3,40,,Tropical Storm,332.91
AL021931,UNNAMED,1931-07-16T00:00:00+00:00,1931-07-15T19:00:00-05:00,1931-07-15,,TS,31.0,-91.7,35,,Tropical Storm,360.24
AL021931,UNNAMED,1931-07-16T06:00:00+00:00,1931-07-16T01:00:00-05:00,1931-07-16,,TD,31.6,-92.3,30,,Tropical Depression,402.7
AL021931,UNNAMED,1931-07-16T12:00:00+00:00,1931-07-16T07:00:00-05:00,1931-07-16,,TD,32.2,-93.0,25,,Tropical Depression,452.99
AL021932,UNNAMED,1932-08-13T00:00:00+00:00,1932-08-12T19:00:00-05:00,1932-08-12,,TS,25.4,-91.9,55,,Tropical Storm,498.71
AL021932,UNNAMED,1932-08-13T06:00:00+00:00,1932-08-13T01:00:00-05:00,1932-08-13,,HU,26.1,-92.3,65,,Category 1,487.33
AL021932,UNNAMED,1932-08-13T12:00:00+00:00,1932-08-13T07:00:00-05:00,1932-08-13,,HU,27.0,-92.8,90,,Category 2,480.16
AL031932,UNNAMED,1932-08-30T04:00:00+00:00,1932-08-29T23:00:00-05:00,1932-08-29,L,TS,25.3,-80.3,55,,Tropical Storm,470.45
AL031932,UNNAMED,1932-08-30T06:00:00+00:00,1932-08-30T01:00:00-05:00,1932-08-30,,TS,25.5,-80.7,55,,Tropical Storm,443.28
AL031932,UNNAMED,1932-08-30T12:00:00+00:00,1932-08-30T07:00:00-05:00,1932-08-30,,TS,26.0,-81.8,50,,Tropical Storm,372.28
AL031932,UNNAMED,1932-08-30T18:00:00+00:00,1932-08-30T13:00:00-05:00,1932-08-30,,TS,26.4,-83.0,55,,Tropical Storm,306.31
AL031932,UNNAMED,1932-08-31T00:00:00+00:00,1932-08-30T19:00:00-05:00,1932-08-30,,HU,26.8,-84.1,65,,Category 1,250.15
AL031932,UNNAMED,1932-08-31T06:00:00+00:00,1932-08-31T01:00:00-05:00,1932-08-31,,HU,27.2,-85.0,70,,Category 1,206.89
AL031932,UNNAMED,1932-08-31T12:00:00+00:00,1932-08-31T07:00:00-05:00,1932-08-31,,HU,27.8,-85.8,70,,Category 1,160.7
AL031932,UNNAMED,1932-08-31T18:00:00+00:00,1932-08-31T13:00:00-05:00,1932-08-31,,HU,28.6,-86.6,70,,Category 1,117.67
AL031932,UNNAMED,1932-09-01T00:00:00+00:00,1932-08-31T19:00:00-05:00,1932-08-31,,HU,29.5,-87.4,75,,Category 1,109.03
AL031932,UNNAMED,1932-09-01T05:00:00+00:00,1932-09-01T00:00:00-05:00,1932-09-01,L,HU,30.2,-88.1,75,979.0,Category 1,141.67
AL031932,UNNAMED,1932-09-01T06:00:00+00:00,1932-09-01T01:00:00-05:00,1932-09-01,,HU,30.3,-88.2,75,979.0,Category 1,147.97
AL031932,UNNAMED,1932-09-01T12:00:00+00:00,1932-09-01T07:00:00-05:00,1932-09-01,,TS,31.1,-88.6,60,,Tropical Storm,183.47
AL031932,UNNAMED,1932-09-01T18:00:00+00:00,1932-09-01T13:00:00-05:00,1932-09-01,,TS,31.9,-89.0,50,,Tropical Storm,229.19
AL031932,UNNAMED,1932-09-02T00:00:00+00:00,1932-09-01T19:00:00-05:00,1932-09-01,,TS,32.6,-89.4,40,,Tropical Storm,275.87
AL031932,UNNAMED,1932-09-02T06:00:00+00:00,1932-09-02T01:00:00-05:00,1932-09-02,,TS,33.3,-89.8,35,,Tropical Storm,324.52
AL031932,UNNAMED,1932-09-02T12:00:00+00:00,1932-09-02T07:00:00-05:00,1932-09-02,,EX,34.1,-90.1,30,,Tropical Depression,375.19
AL031932,UNNAMED,1932-09-02T18:00:00+00:00,1932-09-02T13:00:00-05:00,1932-09-02,,EX,35.2,-90.1,30,,Tropical Depression,432.97
AL031932,UNNAMED,1932-09-03T00:00:00+00:00,1932-09-02T19:00:00-05:00,1932-09-02,,EX,36.4,-89.9,30,,Tropical Depression,495.86
AL061932,UNNAMED,1932-09-13T00:00:00+00:00,1932-09-12T19:00:00-05:00,1932-09-12,,TS,25.7,-92.0,45,,Tropical Storm,489.75
AL061932,UNNAMED,1932-09-13T06:00:00+00:00,1932-09-13T01:00:00-05:00,1932-09-13,,TS,25.8,-91.6,45,,Tropical Storm,466.36
AL061932,UNNAMED,1932-09-13T12:00:00+00:00,1932-09-13T07:00:00-05:00,1932-09-13,,TS,26.0,-91.0,50,,Tropical Storm,429.39
AL061932,UNNAMED,1932-09-13T18:00:00+00:00,1932-09-13T13:00:00-05:00,1932-09-13,,TS,26.3,-90.6,50,,Tropical Storm,397.1
AL061932,UNNAMED,1932-09-14T00:00:00+00:00,1932-09-13T19:00:00-05:00,1932-09-13,,TS,26.7,-90.2,50,,Tropical Storm,360.2
AL061932,UNNAMED,1932-09-14T06:00:00+00:00,1932-09-14T01:00:00-05:00,1932-09-14,,TS,27.2,-89.9,50,,Tropical Storm,323.61
AL061932,UNNAMED,1932-09-14T12:00:00+00:00,1932-09-14T07:00:00-05:00,1932-09-14,,TS,27.8,-89.2,50,,Tropical Storm,264.19
AL061932,UNNAMED,1932-09-14T18:00:00+00:00,1932-09-14T13:00:00-05:00,1932-09-14,,TS,28.5,-87.7,50,,Tropical Storm,163.37
AL061932,UNNAMED,1932-09-15T00:00:00+00:00,1932-09-14T19:00:00-05:00,1932-09-14,,TS,29.3,-85.7,50,,Tropical Storm,57.03
AL061932,UNNAMED,1932-09-15T04:00:00+00:00,1932-09-14T23:00:00-05:00,1932-09-14,L,TS,30.0,-83.9,50,,Tropical Storm,109.77
AL061932,UNNAMED,1932-09-15T06:00:00+00:00,1932-09-15T01:00:00-05:00,1932-09-15,,TS,30.2,-83.3,45,,Tropical Storm,145.25
AL061932,UNNAMED,1932-09-15T12:00:00+00:00,1932-09-15T07:00:00-05:00,1932-09-15,,EX,31.4,-80.8,40,,Tropical Storm,305.64
AL061932,UNNAMED,1932-09-15T18:00:00+00:00,1932-09-15T13:00:00-05:00,1932-09-15,,EX,32.7,-78.6,40,,Tropical Storm,456.39
AL081932,UNNAMED,1932-09-19T06:00:00+00:00,1932-09-19T01:00:00-05:00,1932-09-19,,TS,26.5,-92.8,55,,Tropical Storm,497.5
AL081932,UNNAMED,1932-09-19T12:00:00+00:00,1932-09-19T07:00:00-05:00,1932-09-19,,TS,28.0,-92.3,55,,Tropical Storm,422.99
AL081932,UNNAMED,1932-09-19T18:00:00+00:00,1932-09-19T13:00:00-05:00,1932-09-19,,TS,29.4,-91.9,55,,Tropical Storm,373.4
AL081932,UNNAMED,1932-09-19T19:00:00+00:00,1932-09-19T14:00:00-05:00,1932-09-19,L,TS,29.6,-91.9,55,,Tropical Storm,371.43
AL081932,UNNAMED,1932-09-20T00:00:00+00:00,1932-09-19T19:00:00-05:00,1932-09-19,,TS,31.0,-91.5,40,,Tropical Storm,348.52
AL081932,UNNAMED,1932-09-20T06:00:00+00:00,1932-09-20T01:00:00-05:00,1932-09-20,,TS,33.4,-90.2,35,,Tropical Storm,346.57
AL081932,UNNAMED,1932-09-20T12:00:00+00:00,1932-09-20T07:00:00-05:00,1932-09-20,,TD,36.0,-88.3,30,,Tropical Depression,432.29
AL111932,UNNAMED,1932-10-15T12:00:00+00:00,1932-10-15T06:00:00-06:00,1932-10-15,,TS,27.5,-92.5,50,,Tropical Storm,448.08
AL111932,UNNAMED,1932-10-15T18:00:00+00:00,1932-10-15T12:00:00-06:00,1932-10-15,,EX,28.7,-91.5,50,,Tropical Storm,360.92
AL111932,UNNAMED,1932-10-16T00:00:00+00:00,1932-10-15T18:00:00-06:00,1932-10-15,,EX,29.8,-90.4,50,,Tropical Storm,280.42
AL111932,UNNAMED,1932-10-16T06:00:00+00:00,1932-10-16T00:00:00-06:00,1932-10-16,,EX,30.8,-89.3,45,,Tropical Storm,217.66
AL111932,UNNAMED,1932-10-16T12:00:00+00:00,1932-10-16T06:00:00-06:00,1932-10-16,,EX,31.8,-88.2,40,,Tropical Storm,186.56
AL111932,UNNAMED,1932-10-16T18:00:00+00:00,1932-10-16T12:00:00-06:00,1932-10-16,,EX,32.5,-87.4,40,,Tropical Storm,191.42
AL111932,UNNAMED,1932-10-17T00:00:00+00:00,1932-10-16T18:00:00-06:00,1932-10-16,,EX,33.2,-86.8,35,,Tropical Storm,221.58
AL111932,UNNAMED,1932-10-17T06:00:00+00:00,1932-10-17T00:00:00-06:00,1932-10-17,,EX,33.8,-86.3,35,,Tropical Storm,256.11
AL111932,UNNAMED,1932-10-17T12:00:00+00:00,1932-10-17T06:00:00-06:00,1932-10-17,,EX,34.4,-85.7,35,,Tropical Storm,295.38
AL111932,UNNAMED,1932-10-17T18:00:00+00:00,1932-10-17T12:00:00-06:00,1932-10-17,,EX,35.1,-84.9,35,,Tropical Storm,347.11
AL111932,UNNAMED,1932-10-18T00:00:00+00:00,1932-10-17T18:00:00-06:00,1932-10-17,,EX,35.9,-84.0,35,,Tropical Storm,411.39
AL111932,UNNAMED,1932-10-18T06:00:00+00:00,1932-10-18T00:00:00-06:00,1932-10-18,,EX,36.6,-83.0,35,,Tropical Storm,474.24
AL021933,UNNAMED,1933-07-03T18:00:00+00:00,1933-07-03T13:00:00-05:00,1933-07-03,,HU,23.5,-85.2,80,,Category 1,458.91
AL021933,UNNAMED,1933-07-04T00:00:00+00:00,1933-07-03T19:00:00-05:00,1933-07-03,,HU,23.9,-85.8,85,,Category 2,430.13
AL021933,UNNAMED,1933-07-04T06:00:00+00:00,1933-07-04T01:00:00-05:00,1933-07-04,,HU,24.3,-86.4,85,,Category 2,404.57
AL021933,UNNAMED,1933-07-04T12:00:00+00:00,1933-07-04T07:00:00-05:00,1933-07-04,,HU,24.7,-87.0,85,,Category 2,382.83
AL021933,UNNAMED,1933-07-04T18:00:00+00:00,1933-07-04T13:00:00-05:00,1933-07-04,,HU,25.1,-87.8,85,,Category 2,369.58
AL021933,UNNAMED,1933-07-05T00:00:00+00:00,1933-07-04T19:00:00-05:00,1933-07-04,,HU,25.5,-88.9,90,,Category 2,373.64
AL021933,UNNAMED,1933-07-05T06:00:00+00:00,1933-07-05T01:00:00-05:00,1933-07-05,,HU,25.5,-90.3,95,,Category 2,424.3
AL021933,UNNAMED,1933-07-05T12:00:00+00:00,1933-07-05T07:00:00-05:00,1933-07-05,,HU,25.5,-91.5,95,,Category 2,475.72
AL031933,UNNAMED,1933-07-25T06:00:00+00:00,1933-07-25T01:00:00-05:00,1933-07-25,,EX,32.4,-93.6,25,,Tropical Depression,490.51
AL031933,UNNAMED,1933-07-25T12:00:00+00:00,1933-07-25T07:00:00-05:00,1933-07-25,,EX,32.3,-93.0,25,,Tropical Depression,455.0
AL031933,UNNAMED,1933-07-25T18:00:00+00:00,1933-07-25T13:00:00-05:00,1933-07-25,,EX,32.1,-92.7,25,,Tropical Depression,434.2
AL031933,UNNAMED,1933-07-26T00:00:00+00:00,1933-07-25T19:00:00-05:00,1933-07-25,,EX,32.0,-92.4,25,,Tropical Depression,415.39
AL031933,UNNAMED,1933-07-26T06:00:00+00:00,1933-07-26T01:00:00-05:00,1933-07-26,,EX,31.9,-92.1,30,,Tropical Depression,396.57
AL031933,UNNAMED,1933-07-26T12:00:00+00:00,1933-07-26T07:00:00-05:00,1933-07-26,,EX,31.9,-91.8,30,,Tropical Depression,379.72
AL031933,UNNAMED,1933-07-26T18:00:00+00:00,1933-07-26T13:00:00-05:00,1933-07-26,,EX,32.3,-91.5,30,,Tropical Depression,372.54
AL031933,UNNAMED,1933-07-27T00:00:00+00:00,1933-07-26T19:00:00-05:00,1933-07-26,,EX,33.1,-91.2,30,,Tropical Depression,381.8
AL031933,UNNAMED,1933-07-27T06:00:00+00:00,1933-07-27T01:00:00-05:00,1933-07-27,,EX,34.1,-90.9,30,,Tropical Depression,408.51
AL051933,UNNAMED,1933-07-30T06:00:00+00:00,1933-07-30T01:00:00-05:00,1933-07-30,,HU,26.8,-79.1,70,,Category 1,463.5
AL051933,UNNAMED,1933-07-30T12:00:00+00:00,1933-07-30T07:00:00-05:00,1933-07-30,,HU,27.0,-79.8,65,988.0,Category 1,419.56
AL051933,UNNAMED,1933-07-30T16:00:00+00:00,1933-07-30T11:00:00-05:00,1933-07-30,L,HU,27.1,-80.1,65,988.0,Category 1,400.28
AL051933,UNNAMED,1933-07-30T18:00:00+00:00,1933-07-30T13:00:00-05:00,1933-07-30,,TS,27.1,-80.3,60,,Tropical Storm,389.99
AL051933,UNNAMED,1933-07-31T00:00:00+00:00,1933-07-30T19:00:00-05:00,1933-07-30,,TS,27.1,-80.7,50,,Tropical Storm,369.75
AL051933,UNNAMED,1933-07-31T06:00:00+00:00,1933-07-31T01:00:00-05:00,1933-07-31,,TS,27.1,-81.1,45,,Tropical Storm,350.01
AL051933,UNNAMED,1933-07-31T12:00:00+00:00,1933-07-31T07:00:00-05:00,1933-07-31,,TS,27.0,-81.6,40,,Tropical Storm,330.75
AL051933,UNNAMED,1933-07-31T18:00:00+00:00,1933-07-31T13:00:00-05:00,1933-07-31,,TS,27.0,-82.4,40,,Tropical Storm,295.69
AL051933,UNNAMED,1933-08-01T00:00:00+00:00,1933-07-31T19:00:00-05:00,1933-07-31,,TS,27.0,-83.2,40,,Tropical Storm,264.92
AL051933,UNNAMED,1933-08-01T06:00:00+00:00,1933-08-01T01:00:00-05:00,1933-08-01,,TS,27.0,-84.1,40,,Tropical Storm,237.49
AL051933,UNNAMED,1933-08-01T12:00:00+00:00,1933-08-01T07:00:00-05:00,1933-08-01,,TS,27.0,-85.0,40,,Tropical Storm,220.41
AL051933,UNNAMED,1933-08-01T18:00:00+00:00,1933-08-01T13:00:00-05:00,1933-08-01,,TS,26.9,-85.7,40,,Tropical Storm,222.83
AL051933,UNNAMED,1933-08-02T00:00:00+00:00,1933-08-01T19:00:00-05:00,1933-08-01,,TS,26.8,-86.3,40,,Tropical Storm,232.33
AL051933,UNNAMED,1933-08-02T06:00:00+00:00,1933-08-02T01:00:00-05:00,1933-08-02,,TS,26.6,-87.0,40,,Tropical Storm,255.49
AL051933,UNNAMED,1933-08-02T12:00:00+00:00,1933-08-02T07:00:00-05:00,1933-08-02,,TS,26.4,-87.7,45,,Tropical Storm,283.91
AL051933,UNNAMED,1933-08-02T18:00:00+00:00,1933-08-02T13:00:00-05:00,1933-08-02,,TS,26.2,-88.7,45,,Tropical Storm,325.96
AL051933,UNNAMED,1933-08-03T00:00:00+00:00,1933-08-02T19:00:00-05:00,1933-08-02,,TS,26.0,-89.8,50,,Tropical Storm,377.83
AL051933,UNNAMED,1933-08-03T06:00:00+00:00,1933-08-03T01:00:00-05:00,1933-08-03,,TS,25.9,-90.9,50,,Tropical Storm,429.62
AL051933,UNNAMED,1933-08-03T12:00:00+00:00,1933-08-03T07:00:00-05:00,1933-08-03,,TS,25.8,-92.0,55,,Tropical Storm,485.34
AL071933,UNNAMED,1933-08-18T12:00:00+00:00,1933-08-18T07:00:00-05:00,1933-08-18,,TS,23.0,-84.5,40,,Tropical Storm,498.11
AL071933,UNNAMED,1933-08-18T18:00:00+00:00,1933-08-18T13:00:00-05:00,1933-08-18,,TS,23.5,-84.5,40,,Tropical Storm,463.97
AL071933,UNNAMED,1933-08-19T00:00:00+00:00,1933-08-18T19:00:00-05:00,1933-08-18,,TS,24.0,-84.5,35,,Tropical Storm,429.9
AL071933,UNNAMED,1933-08-19T06:00:00+00:00,1933-08-19T01:00:00-05:00,1933-08-19,,TD,24.5,-84.5,30,,Tropical Depression,395.91
AL071933,UNNAMED,1933-08-19T12:00:00+00:00,1933-08-19T07:00:00-05:00,1933-08-19,,TD,25.0,-84.5,30,,Tropical Depression,362.02
AL071933,UNNAMED,1933-08-19T18:00:00+00:00,1933-08-19T13:00:00-05:00,1933-08-19,,TD,25.5,-84.4,30,,Tropical Depression,329.72
AL071933,UNNAMED,1933-08-20T00:00:00+00:00,1933-08-19T19:00:00-05:00,1933-08-19,,TD,26.0,-84.3,25,,Tropical Depression,298.04
AL071933,UNNAMED,1933-08-20T06:00:00+00:00,1933-08-20T01:00:00-05:00,1933-08-20,,TD,26.5,-84.2,25,,Tropical Depression,267.19
AL071933,UNNAMED,1933-08-20T12:00:00+00:00,1933-08-20T07:00:00-05:00,1933-08-20,,TD,27.0,-84.0,25,,Tropical Depression,240.08
AL071933,UNNAMED,1933-08-20T18:00:00+00:00,1933-08-20T13:00:00-05:00,1933-08-20,,TD,27.2,-83.9,25,,Tropical Depression,230.54
AL071933,UNNAMED,1933-08-21T00:00:00+00:00,1933-08-20T19:00:00-05:00,1933-08-20,,TD,27.3,-83.8,25,,Tropical Depression,227.53
AL071933,UNNAMED,1933-08-21T06:00:00+00:00,1933-08-21T01:00:00-05:00,1933-08-21,,TD,27.3,-83.7,25,,Tropical Depression,230.71
AL071933,UNNAMED,1933-08-21T12:00:00+00:00,1933-08-21T07:00:00-05:00,1933-08-21,,TD,27.3,-83.5,25,,Tropical Depression,237.39
AL081933,UNNAMED,1933-09-02T00:00:00+00:00,1933-09-01T19:00:00-05:00,1933-09-01,,HU,23.5,-83.1,100,,Category 3,485.57
AL081933,UNNAMED,1933-09-02T06:00:00+00:00,1933-09-02T01:00:00-05:00,1933-09-02,,HU,23.7,-84.1,100,,Category 3,455.12
AL081933,UNNAMED,1933-09-02T12:00:00+00:00,1933-09-02T07:00:00-05:00,1933-09-02,,HU,24.2,-85.1,110,,Category 3,411.2
AL081933,UNNAMED,1933-09-02T18:00:00+00:00,1933-09-02T13:00:00-05:00,1933-09-02,,HU,24.6,-86.1,120,,Category 4,382.41
AL081933,UNNAMED,1933-09-03T00:00:00+00:00,1933-09-02T19:00:00-05:00,1933-09-02,,HU,24.9,-87.2,120,,Category 4,372.07
AL081933,UNNAMED,1933-09-03T06:00:00+00:00,1933-09-03T01:00:00-05:00,1933-09-03,,HU,25.1,-88.6,120,,Category 4,389.08
AL081933,UNNAMED,1933-09-03T12:00:00+00:00,1933-09-03T07:00:00-05:00,1933-09-03,,HU,25.3,-89.9,120,,Category 4,419.67
AL081933,UNNAMED,1933-09-03T18:00:00+00:00,1933-09-03T13:00:00-05:00,1933-09-03,,HU,25.6,-91.2,115,,Category 4,457.45
AL111933,UNNAMED,1933-09-04T00:00:00+00:00,1933-09-03T19:00:00-05:00,1933-09-03,,HU,26.3,-79.0,110,,Category 3,487.43
AL111933,UNNAMED,1933-09-04T05:00:00+00:00,1933-09-04T00:00:00-05:00,1933-09-04,L,HU,26.9,-80.1,110,948.0,Category 3,407.93
AL111933,UNNAMED,1933-09-04T06:00:00+00:00,1933-09-04T01:00:00-05:00,1933-09-04,,HU,27.0,-80.3,110,948.0,Category 3,393.87
AL111933,UNNAMED,1933-09-04T12:00:00+00:00,1933-09-04T07:00:00-05:00,1933-09-04,,HU,27.7,-81.6,65,,Category 1,300.74
AL111933,UNNAMED,1933-09-04T18:00:00+00:00,1933-09-04T13:00:00-05:00,1933-09-04,,TS,28.3,-82.3,55,,Tropical Storm,242.23
AL111933,UNNAMED,1933-09-05T00:00:00+00:00,1933-09-04T19:00:00-05:00,1933-09-04,,TS,28.8,-82.7,55,,Tropical Storm,203.97
AL111933,UNNAMED,1933-09-05T04:00:00+00:00,1933-09-04T23:00:00-05:00,1933-09-04,L,TS,29.2,-82.9,55,,Tropical Storm,181.53
AL111933,UNNAMED,1933-09-05T06:00:00+00:00,1933-09-05T01:00:00-05:00,1933-09-05,,TS,29.4,-83.1,55,,Tropical Storm,165.5
AL111933,UNNAMED,1933-09-05T12:00:00+00:00,1933-09-05T07:00:00-05:00,1933-09-05,,TS,30.0,-83.4,50,,Tropical Storm,139.6
AL111933,UNNAMED,1933-09-05T18:00:00+00:00,1933-09-05T13:00:00-05:00,1933-09-05,,TS,30.5,-83.5,50,,Tropical Storm,135.51
AL111933,UNNAMED,1933-09-06T00:00:00+00:00,1933-09-05T19:00:00-05:00,1933-09-05,,TS,30.9,-83.3,50,,Tropical Storm,154.23
AL111933,UNNAMED,1933-09-06T06:00:00+00:00,1933-09-06T01:00:00-05:00,1933-09-06,,TS,31.3,-82.9,50,,Tropical Storm,186.68
AL111933,UNNAMED,1933-09-06T12:00:00+00:00,1933-09-06T07:00:00-05:00,1933-09-06,,TS,31.7,-82.5,50,,Tropical Storm,220.22
AL111933,UNNAMED,1933-09-06T18:00:00+00:00,1933-09-06T13:00:00-05:00,1933-09-06,,TS,32.1,-82.5,40,,Tropical Storm,234.77
AL111933,UNNAMED,1933-09-07T00:00:00+00:00,1933-09-06T19:00:00-05:00,1933-09-06,,TS,32.4,-82.5,35,,Tropical Storm,247.16
AL111933,UNNAMED,1933-09-07T06:00:00+00:00,1933-09-07T01:00:00-05:00,1933-09-07,,TD,32.7,-82.5,30,,Tropical Depression,260.6
AL111933,UNNAMED,1933-09-07T12:00:00+00:00,1933-09-07T07:00:00-05:00,1933-09-07,,TD,33.0,-82.5,25,,Tropical Depression,274.96
AL111933,UNNAMED,1933-09-07T18:00:00+00:00,1933-09-07T13:00:00-05:00,1933-09-07,,TD,33.4,-82.5,20,,Tropical Depression,295.27
AL171933,UNNAMED,1933-10-05T00:00:00+00:00,1933-10-04T18:00:00-06:00,1933-10-04,,HU,23.7,-82.0,90,,Category 2,499.78
AL011934,UNNAMED,1934-06-15T12:00:00+00:00,1934-06-15T07:00:00-05:00,1934-06-15,,HU,25.2,-91.3,85,,Category 2,481.49
AL011934,UNNAMED,1934-06-15T18:00:00+00:00,1934-06-15T13:00:00-05:00,1934-06-15,,HU,25.7,-91.2,85,,Category 2,452.65
AL011934,UNNAMED,1934-06-16T00:00:00+00:00,1934-06-15T19:00:00-05:00,1934-06-15,,HU,26.3,-91.2,85,,Category 2,425.05
AL011934,UNNAMED,1934-06-16T06:00:00+00:00,1934-06-16T01:00:00-05:00,1934-06-16,,HU,27.1,-91.3,85,,Category 2,397.19
AL011934,UNNAMED,1934-06-16T12:00:00+00:00,1934-06-16T07:00:00-05:00,1934-06-16,,HU,28.3,-91.5,85,,Category 2,370.05
AL011934,UNNAMED,1934-06-16T18:00:00+00:00,1934-06-16T13:00:00-05:00,1934-06-16,,HU,29.6,-91.7,85,966.0,Category 2,359.51
AL011934,UNNAMED,1934-06-16T19:00:00+00:00,1934-06-16T14:00:00-05:00,1934-06-16,L,HU,29.7,-91.7,85,966.0,Category 2,358.7
AL011934,UNNAMED,1934-06-17T00:00:00+00:00,1934-06-16T19:00:00-05:00,1934-06-16,,TS,30.9,-91.3,60,,Tropical Storm,335.81
AL011934,UNNAMED,1934-06-17T06:00:00+00:00,1934-06-17T01:00:00-05:00,1934-06-17,,TS,32.1,-90.9,45,,Tropical Storm,334.84
AL011934,UNNAMED,1934-06-17T12:00:00+00:00,1934-06-17T07:00:00-05:00,1934-06-17,,TS,33.3,-90.3,35,,Tropical Storm,346.74
AL011934,UNNAMED,1934-06-17T18:00:00+00:00,1934-06-17T13:00:00-05:00,1934-06-17,,TS,34.2,-89.4,35,,Tropical Storm,353.99
AL011934,UNNAMED,1934-06-18T00:00:00+00:00,1934-06-17T19:00:00-05:00,1934-06-17,,TS,35.1,-88.1,35,,Tropical Storm,370.34
AL011934,UNNAMED,1934-06-18T06:00:00+00:00,1934-06-18T01:00:00-05:00,1934-06-18,,TD,36.0,-86.2,30,,Tropical Depression,406.83
AL011934,UNNAMED,1934-06-18T12:00:00+00:00,1934-06-18T07:00:00-05:00,1934-06-18,,EX,36.8,-84.2,30,,Tropical Depression,469.53
AL021934,UNNAMED,1934-07-12T00:00:00+00:00,1934-07-11T19:00:00-05:00,1934-07-11,,TD,30.7,-79.4,25,,Tropical Depression,379.22
AL021934,UNNAMED,1934-07-12T06:00:00+00:00,1934-07-12T01:00:00-05:00,1934-07-12,,TD,30.8,-79.1,25,,Tropical Depression,397.54
AL021934,UNNAMED,1934-07-12T12:00:00+00:00,1934-07-12T07:00:00-05:00,1934-07-12,,TD,31.0,-78.8,25,,Tropical Depression,416.63
AL021934,UNNAMED,1934-07-12T18:00:00+00:00,1934-07-12T13:00:00-05:00,1934-07-12,,TD,31.3,-78.1,30,,Tropical Depression,460.35
AL031934,UNNAMED,1934-07-22T06:00:00+00:00,1934-07-22T01:00:00-05:00,1934-07-22,,TD,32.1,-79.4,25,,Tropical Depression,398.45
AL031934,UNNAMED,1934-07-22T12:00:00+00:00,1934-07-22T07:00:00-05:00,1934-07-22,,TD,31.7,-79.8,25,,Tropical Depression,367.92
AL031934,UNNAMED,1934-07-22T18:00:00+00:00,1934-07-22T13:00:00-05:00,1934-07-22,,TD,31.0,-80.4,30,,Tropical Depression,322.78
AL031934,UNNAMED,1934-07-23T00:00:00+00:00,1934-07-22T19:00:00-05:00,1934-07-22,,TD,30.0,-81.2,30,,Tropical Depression,271.01
AL031934,UNNAMED,1934-07-23T06:00:00+00:00,1934-07-23T01:00:00-05:00,1934-07-23,,TD,29.0,-82.7,30,,Tropical Depression,197.99
AL031934,UNNAMED,1934-07-23T12:00:00+00:00,1934-07-23T07:00:00-05:00,1934-07-23,,TS,28.0,-84.3,35,,Tropical Storm,170.34
AL031934,UNNAMED,1934-07-23T18:00:00+00:00,1934-07-23T13:00:00-05:00,1934-07-23,,TS,27.6,-85.9,35,,Tropical Storm,174.76
AL031934,UNNAMED,1934-07-24T00:00:00+00:00,1934-07-23T19:00:00-05:00,1934-07-23,,TS,27.3,-87.5,40,,Tropical Storm,222.71
AL031934,UNNAMED,1934-07-24T06:00:00+00:00,1934-07-24T01:00:00-05:00,1934-07-24,,TS,27.2,-89.0,50,,Tropical Storm,283.07
AL031934,UNNAMED,1934-07-24T12:00:00+00:00,1934-07-24T07:00:00-05:00,1934-07-24,,TS,27.2,-90.5,55,,Tropical Storm,352.74
AL031934,UNNAMED,1934-07-24T18:00:00+00:00,1934-07-24T13:00:00-05:00,1934-07-24,,TS,27.3,-91.9,60,,Tropical Storm,421.67
AL031934,UNNAMED,1934-07-25T00:00:00+00:00,1934-07-24T19:00:00-05:00,1934-07-24,,HU,27.6,-93.2,65,,Category 1,484.38
AL051934,UNNAMED,1934-08-26T06:00:00+00:00,1934-08-26T01:00:00-05:00,1934-08-26,,TS,27.4,-89.4,35,,Tropical Storm,291.27
AL051934,UNNAMED,1934-08-26T12:00:00+00:00,1934-08-26T07:00:00-05:00,1934-08-26,,TS,27.7,-90.4,40,,Tropical Storm,328.36
AL051934,UNNAMED,1934-08-26T18:00:00+00:00,1934-08-26T13:00:00-05:00,1934-08-26,,TS,28.0,-91.4,45,,Tropical Storm,372.52
AL051934,UNNAMED,1934-08-27T00:00:00+00:00,1934-08-26T19:00:00-05:00,1934-08-26,,TS,28.3,-92.3,50,998.0,Tropical Storm,415.71
AL051934,UNNAMED,1934-08-27T06:00:00+00:00,1934-08-27T01:00:00-05:00,1934-08-27,,TS,28.7,-93.0,60,,Tropical Storm,448.41
AL051934,UNNAMED,1934-08-27T12:00:00+00:00,1934-08-27T07:00:00-05:00,1934-08-27,,HU,29.2,-93.7,70,,Category 1,482.66
AL111934,UNNAMED,1934-10-03T06:00:00+00:00,1934-10-03T00:00:00-06:00,1934-10-03,,TS,23.4,-87.8,35,,Tropical Storm,481.85
AL111934,UNNAMED,1934-10-03T12:00:00+00:00,1934-10-03T06:00:00-06:00,1934-10-03,,TS,23.8,-88.2,35,,Tropical Storm,462.69
AL111934,UNNAMED,1934-10-03T18:00:00+00:00,1934-10-03T12:00:00-06:00,1934-10-03,,TS,24.2,-88.6,40,,Tropical Storm,445.72
AL111934,UNNAMED,1934-10-04T00:00:00+00:00,1934-10-03T18:00:00-06:00,1934-10-03,,TS,24.6,-88.9,40,,Tropical Storm,428.38
AL111934,UNNAMED,1934-10-04T06:00:00+00:00,1934-10-04T00:00:00-06:00,1934-10-04,,TS,25.0,-89.1,45,,Tropical Storm,409.81
AL111934,UNNAMED,1934-10-04T12:00:00+00:00,1934-10-04T06:00:00-06:00,1934-10-04,,TS,25.5,-89.2,45,,Tropical Storm,383.45
AL111934,UNNAMED,1934-10-04T18:00:00+00:00,1934-10-04T12:00:00-06:00,1934-10-04,,TS,26.1,-89.1,45,,Tropical Storm,345.66
AL111934,UNNAMED,1934-10-05T00:00:00+00:00,1934-10-04T18:00:00-06:00,1934-10-04,,TS,26.8,-88.7,45,,Tropical Storm,292.07
AL111934,UNNAMED,1934-10-05T06:00:00+00:00,1934-10-05T00:00:00-06:00,1934-10-05,,TS,27.7,-88.3,50,,Tropical Storm,228.53
AL111934,UNNAMED,1934-10-05T12:00:00+00:00,1934-10-05T06:00:00-06:00,1934-10-05,,TS,28.6,-87.9,50,,Tropical Storm,167.85
AL111934,UNNAMED,1934-10-05T18:00:00+00:00,1934-10-05T12:00:00-06:00,1934-10-05,,TS,29.5,-87.7,50,,Tropical Storm,125.75
AL111934,UNNAMED,1934-10-06T00:00:00+00:00,1934-10-05T18:00:00-06:00,1934-10-05,,TS,30.2,-87.5,45,,Tropical Storm,105.86
AL111934,UNNAMED,1934-10-06T01:00:00+00:00,1934-10-05T19:00:00-06:00,1934-10-05,L,TS,30.3,-87.4,45,,Tropical Storm,100.44
AL111934,UNNAMED,1934-10-06T06:00:00+00:00,1934-10-06T00:00:00-06:00,1934-10-06,,TS,30.7,-87.2,35,,Tropical Storm,96.18
AL111934,UNNAMED,1934-10-06T12:00:00+00:00,1934-10-06T06:00:00-06:00,1934-10-06,,EX,31.1,-86.7,30,,Tropical Depression,88.68
AL111934,UNNAMED,1934-10-06T18:00:00+00:00,1934-10-06T12:00:00-06:00,1934-10-06,,EX,31.5,-86.0,30,,Tropical Depression,96.34
AL031935,UNNAMED,1935-09-03T00:00:00+00:00,1935-09-02T19:00:00-05:00,1935-09-02,,HU,24.6,-80.5,160,892.0,Category 5,498.56
AL031935,UNNAMED,1935-09-03T02:00:00+00:00,1935-09-02T21:00:00-05:00,1935-09-02,L,HU,24.8,-80.8,160,892.0,Category 5,476.01
AL031935,UNNAMED,1935-09-03T06:00:00+00:00,1935-09-03T01:00:00-05:00,1935-09-03,,HU,25.1,-81.1,160,,Category 5,448.1
AL031935,UNNAMED,1935-09-03T12:00:00+00:00,1935-09-03T07:00:00-05:00,1935-09-03,,HU,25.7,-81.6,145,,Category 5,396.23
AL031935,UNNAMED,1935-09-03T18:00:00+00:00,1935-09-03T13:00:00-05:00,1935-09-03,,HU,26.4,-82.2,130,,Category 4,335.2
AL031935,UNNAMED,1935-09-04T00:00:00+00:00,1935-09-03T19:00:00-05:00,1935-09-03,,HU,27.1,-82.8,115,,Category 4,274.32
AL031935,UNNAMED,1935-09-04T06:00:00+00:00,1935-09-04T01:00:00-05:00,1935-09-04,,HU,27.8,-83.2,105,,Category 3,221.79
AL031935,UNNAMED,1935-09-04T12:00:00+00:00,1935-09-04T07:00:00-05:00,1935-09-04,,HU,28.4,-83.4,95,,Category 2,184.19
AL031935,UNNAMED,1935-09-04T18:00:00+00:00,1935-09-04T13:00:00-05:00,1935-09-04,,HU,29.1,-83.4,85,,Category 2,156.85
AL031935,UNNAMED,1935-09-04T22:00:00+00:00,1935-09-04T17:00:00-05:00,1935-09-04,L,HU,29.6,-83.4,85,965.0,Category 2,144.24
AL031935,UNNAMED,1935-09-05T00:00:00+00:00,1935-09-04T19:00:00-05:00,1935-09-04,,HU,29.9,-83.4,75,,Category 1,140.26
AL031935,UNNAMED,1935-09-05T06:00:00+00:00,1935-09-05T01:00:00-05:00,1935-09-05,,HU,30.9,-83.1,65,,Category 1,165.45
AL031935,UNNAMED,1935-09-05T12:00:00+00:00,1935-09-05T07:00:00-05:00,1935-09-05,,TS,32.0,-82.5,55,,Tropical Storm,230.91
AL031935,UNNAMED,1935-09-05T18:00:00+00:00,1935-09-05T13:00:00-05:00,1935-09-05,,TS,33.2,-81.5,50,,Tropical Storm,327.08
AL031935,UNNAMED,1935-09-06T00:00:00+00:00,1935-09-05T19:00:00-05:00,1935-09-05,,TS,34.6,-80.0,45,,Tropical Storm,455.28
AL051935,UNNAMED,1935-09-29T06:00:00+00:00,1935-09-29T01:00:00-05:00,1935-09-29,,HU,26.0,-79.0,120,,Category 4,499.42
AL071935,UNNAMED,1935-11-04T12:00:00+00:00,1935-11-04T06:00:00-06:00,1935-11-04,,HU,26.2,-78.9,85,,Category 2,496.45
AL071935,UNNAMED,1935-11-04T18:00:00+00:00,1935-11-04T12:00:00-06:00,1935-11-04,L,HU,25.9,-80.1,85,973.0,Category 2,450.6
AL071935,UNNAMED,1935-11-05T00:00:00+00:00,1935-11-04T18:00:00-06:00,1935-11-04,,HU,25.7,-81.3,70,,Category 1,408.11
AL071935,UNNAMED,1935-11-05T06:00:00+00:00,1935-11-05T00:00:00-06:00,1935-11-05,,HU,25.6,-82.2,65,,Category 1,379.73
AL071935,UNNAMED,1935-11-05T12:00:00+00:00,1935-11-05T06:00:00-06:00,1935-11-05,,HU,25.5,-83.0,65,,Category 1,360.45
AL071935,UNNAMED,1935-11-05T18:00:00+00:00,1935-11-05T12:00:00-06:00,1935-11-05,,HU,25.6,-83.8,65,,Category 1,334.12
AL071935,UNNAMED,1935-11-06T00:00:00+00:00,1935-11-05T18:00:00-06:00,1935-11-05,,TS,25.9,-84.6,60,,Tropical Storm,299.94
AL071935,UNNAMED,1935-11-06T06:00:00+00:00,1935-11-06T00:00:00-06:00,1935-11-06,,TS,26.2,-85.4,55,,Tropical Storm,271.94
AL071935,UNNAMED,1935-11-06T12:00:00+00:00,1935-11-06T06:00:00-06:00,1935-11-06,,TS,26.5,-86.1,50,,Tropical Storm,251.47
AL071935,UNNAMED,1935-11-06T18:00:00+00:00,1935-11-06T12:00:00-06:00,1935-11-06,,TS,26.8,-86.7,45,,Tropical Storm,237.17
AL071935,UNNAMED,1935-11-07T00:00:00+00:00,1935-11-06T18:00:00-06:00,1935-11-06,,TS,27.1,-87.0,40,,Tropical Storm,222.75
AL071935,UNNAMED,1935-11-07T06:00:00+00:00,1935-11-07T00:00:00-06:00,1935-11-07,,TS,27.3,-87.2,35,,Tropical Storm,214.55
AL071935,UNNAMED,1935-11-07T12:00:00+00:00,1935-11-07T06:00:00-06:00,1935-11-07,,TS,27.5,-87.2,35,,Tropical Storm,202.02
AL071935,UNNAMED,1935-11-07T18:00:00+00:00,1935-11-07T12:00:00-06:00,1935-11-07,,TD,27.6,-86.9,30,,Tropical Depression,188.27
AL071935,UNNAMED,1935-11-08T00:00:00+00:00,1935-11-07T18:00:00-06:00,1935-11-07,,TD,27.6,-86.4,30,,Tropical Depression,179.11
AL071935,UNNAMED,1935-11-08T06:00:00+00:00,1935-11-08T00:00:00-06:00,1935-11-08,,TD,27.6,-85.7,25,,Tropical Depression,174.47
AL071935,UNNAMED,1935-11-08T12:00:00+00:00,1935-11-08T06:00:00-06:00,1935-11-08,,EX,27.6,-85.0,25,,Tropical Depression,179.96
AL071935,UNNAMED,1935-11-08T18:00:00+00:00,1935-11-08T12:00:00-06:00,1935-11-08,,EX,27.6,-84.3,20,,Tropical Depression,194.73
AL011936,UNNAMED,1936-06-13T12:00:00+00:00,1936-06-13T07:00:00-05:00,1936-06-13,,TS,23.2,-86.7,40,,Tropical Storm,482.2
AL011936,UNNAMED,1936-06-13T18:00:00+00:00,1936-06-13T13:00:00-05:00,1936-06-13,,TS,23.9,-86.5,40,,Tropical Storm,432.71
AL011936,UNNAMED,1936-06-14T00:00:00+00:00,1936-06-13T19:00:00-05:00,1936-06-13,,TS,24.3,-86.4,40,,Tropical Storm,404.57
AL011936,UNNAMED,1936-06-14T06:00:00+00:00,1936-06-14T01:00:00-05:00,1936-06-14,,TS,24.7,-86.2,40,,Tropical Storm,375.94
AL011936,UNNAMED,1936-06-14T12:00:00+00:00,1936-06-14T07:00:00-05:00,1936-06-14,,TS,25.0,-86.0,40,,Tropical Storm,354.49
AL011936,UNNAMED,1936-06-14T18:00:00+00:00,1936-06-14T13:00:00-05:00,1936-06-14,,TS,25.4,-85.3,40,998.0,Tropical Storm,327.52
AL011936,UNNAMED,1936-06-15T00:00:00+00:00,1936-06-14T19:00:00-05:00,1936-06-14,,TS,25.8,-84.0,40,,Tropical Storm,316.92
AL011936,UNNAMED,1936-06-15T06:00:00+00:00,1936-06-15T01:00:00-05:00,1936-06-15,,TS,26.0,-82.3,40,,Tropical Storm,353.45
AL011936,UNNAMED,1936-06-15T08:00:00+00:00,1936-06-15T03:00:00-05:00,1936-06-15,L,TS,25.9,-81.7,40,,Tropical Storm,381.56
AL011936,UNNAMED,1936-06-15T12:00:00+00:00,1936-06-15T07:00:00-05:00,1936-06-15,,TS,25.8,-80.5,40,1002.0,Tropical Storm,437.11
AL041936,UNNAMED,1936-07-26T06:00:00+00:00,1936-07-26T01:00:00-05:00,1936-07-26,,TD,23.2,-84.5,25,,Tropical Depression,484.45
AL041936,UNNAMED,1936-07-26T12:00:00+00:00,1936-07-26T07:00:00-05:00,1936-07-26,,TD,24.0,-86.0,25,,Tropical Depression,423.52
AL041936,UNNAMED,1936-07-26T18:00:00+00:00,1936-07-26T13:00:00-05:00,1936-07-26,,TD,25.0,-87.5,30,,Tropical Depression,370.31
AL041936,UNNAMED,1936-07-27T00:00:00+00:00,1936-07-26T19:00:00-05:00,1936-07-26,,TS,26.0,-89.0,35,,Tropical Storm,347.77
AL041936,UNNAMED,1936-07-27T06:00:00+00:00,1936-07-27T01:00:00-05:00,1936-07-27,,TS,27.2,-89.7,40,,Tropical Storm,314.24
AL041936,UNNAMED,1936-07-27T12:00:00+00:00,1936-07-27T07:00:00-05:00,1936-07-27,,TS,28.4,-90.1,40,,Tropical Storm,289.09
AL041936,UNNAMED,1936-07-27T16:00:00+00:00,1936-07-27T11:00:00-05:00,1936-07-27,L,TS,29.1,-90.2,40,,Tropical Storm,277.67
AL041936,UNNAMED,1936-07-27T18:00:00+00:00,1936-07-27T13:00:00-05:00,1936-07-27,,TS,29.5,-90.2,40,,Tropical Storm,271.41
AL041936,UNNAMED,1936-07-28T00:00:00+00:00,1936-07-27T19:00:00-05:00,1936-07-27,,TS,30.4,-90.2,35,,Tropical Storm,267.42
AL041936,UNNAMED,1936-07-28T06:00:00+00:00,1936-07-28T01:00:00-05:00,1936-07-28,,TD,31.1,-89.9,25,,Tropical Depression,256.93
AL051936,UNNAMED,1936-07-29T00:00:00+00:00,1936-07-28T19:00:00-05:00,1936-07-28,,TS,25.2,-80.1,55,995.0,Tropical Storm,484.09
AL051936,UNNAMED,1936-07-29T02:00:00+00:00,1936-07-28T21:00:00-05:00,1936-07-28,L,TS,25.3,-80.3,55,995.0,Tropical Storm,470.45
AL051936,UNNAMED,1936-07-29T06:00:00+00:00,1936-07-29T01:00:00-05:00,1936-07-29,,TS,25.6,-81.0,50,,Tropical Storm,425.6
AL051936,UNNAMED,1936-07-29T12:00:00+00:00,1936-07-29T07:00:00-05:00,1936-07-29,,TS,26.0,-81.9,55,,Tropical Storm,368.39
AL051936,UNNAMED,1936-07-29T18:00:00+00:00,1936-07-29T13:00:00-05:00,1936-07-29,,TS,26.4,-82.8,55,,Tropical Storm,313.07
AL051936,UNNAMED,1936-07-30T00:00:00+00:00,1936-07-29T19:00:00-05:00,1936-07-29,,TS,26.8,-83.6,60,,Tropical Storm,263.64
AL051936,UNNAMED,1936-07-30T06:00:00+00:00,1936-07-30T01:00:00-05:00,1936-07-30,,TS,27.3,-84.3,60,,Tropical Storm,213.55
AL051936,UNNAMED,1936-07-30T12:00:00+00:00,1936-07-30T07:00:00-05:00,1936-07-30,,HU,27.8,-85.0,65,,Category 1,166.59
AL051936,UNNAMED,1936-07-30T18:00:00+00:00,1936-07-30T13:00:00-05:00,1936-07-30,,HU,28.3,-85.5,70,,Category 1,126.86
AL051936,UNNAMED,1936-07-31T00:00:00+00:00,1936-07-30T19:00:00-05:00,1936-07-30,,HU,28.9,-85.9,80,,Category 1,85.25
AL051936,UNNAMED,1936-07-31T06:00:00+00:00,1936-07-31T01:00:00-05:00,1936-07-31,,HU,29.5,-86.2,85,,Category 2,51.56
AL051936,UNNAMED,1936-07-31T12:00:00+00:00,1936-07-31T07:00:00-05:00,1936-07-31,,HU,30.1,-86.5,90,964.0,Category 2,46.05
AL051936,UNNAMED,1936-07-31T14:00:00+00:00,1936-07-31T09:00:00-05:00,1936-07-31,L,HU,30.4,-86.6,90,964.0,Category 2,55.29
AL051936,UNNAMED,1936-07-31T18:00:00+00:00,1936-07-31T13:00:00-05:00,1936-07-31,,HU,30.8,-86.9,70,,Category 1,83.85
AL051936,UNNAMED,1936-08-01T00:00:00+00:00,1936-07-31T19:00:00-05:00,1936-07-31,,TS,31.4,-87.3,50,,Tropical Storm,128.25
AL051936,UNNAMED,1936-08-01T06:00:00+00:00,1936-08-01T01:00:00-05:00,1936-08-01,,TS,31.8,-87.7,40,,Tropical Storm,164.36
AL051936,UNNAMED,1936-08-01T12:00:00+00:00,1936-08-01T07:00:00-05:00,1936-08-01,,TD,32.0,-88.0,30,,Tropical Depression,186.63
AL071936,UNNAMED,1936-08-07T18:00:00+00:00,1936-08-07T13:00:00-05:00,1936-08-07,,TD,26.6,-87.7,30,,Tropical Depression,271.4
AL071936,UNNAMED,1936-08-08T00:00:00+00:00,1936-08-07T19:00:00-05:00,1936-08-07,,TD,26.9,-88.1,30,1009.0,Tropical Depression,265.23
AL071936,UNNAMED,1936-08-08T06:00:00+00:00,1936-08-08T01:00:00-05:00,1936-08-08,,TD,27.0,-88.4,25,,Tropical Depression,269.93
AL071936,UNNAMED,1936-08-08T12:00:00+00:00,1936-08-08T07:00:00-05:00,1936-08-08,,TD,27.1,-88.7,25,,Tropical Depression,275.9
AL071936,UNNAMED,1936-08-08T18:00:00+00:00,1936-08-08T13:00:00-05:00,1936-08-08,,TD,27.4,-89.2,25,,Tropical Depression,282.14
AL071936,UNNAMED,1936-08-09T00:00:00+00:00,1936-08-08T19:00:00-05:00,1936-08-08,,TD,27.8,-89.9,30,,Tropical Depression,298.88
AL071936,UNNAMED,1936-08-09T06:00:00+00:00,1936-08-09T01:00:00-05:00,1936-08-09,,TD,28.1,-90.7,30,,Tropical Depression,330.99
AL071936,UNNAMED,1936-08-09T12:00:00+00:00,1936-08-09T07:00:00-05:00,1936-08-09,,TS,28.4,-91.4,35,,Tropical Storm,361.9
AL071936,UNNAMED,1936-08-09T18:00:00+00:00,1936-08-09T13:00:00-05:00,1936-08-09,,TS,28.5,-91.9,35,,Tropical Storm,388.24
AL071936,UNNAMED,1936-08-10T00:00:00+00:00,1936-08-09T19:00:00-05:00,1936-08-09,,TS,28.3,-92.4,35,,Tropical Storm,421.46
AL071936,UNNAMED,1936-08-10T06:00:00+00:00,1936-08-10T01:00:00-05:00,1936-08-10,,TS,28.1,-92.9,35,,Tropical Storm,454.76
AL071936,UNNAMED,1936-08-10T12:00:00+00:00,1936-08-10T07:00:00-05:00,1936-08-10,,TS,27.8,-93.3,35,,Tropical Storm,484.87
AL081936,UNNAMED,1936-08-16T00:00:00+00:00,1936-08-15T19:00:00-05:00,1936-08-15,,TS,23.3,-88.3,50,999.0,Tropical Storm,497.47
AL081936,UNNAMED,1936-08-16T06:00:00+00:00,1936-08-16T01:00:00-05:00,1936-08-16,,TS,23.7,-89.2,55,,Tropical Storm,492.63
AL091936,UNNAMED,1936-08-21T12:00:00+00:00,1936-08-21T07:00:00-05:00,1936-08-21,,TS,28.0,-78.5,45,,Tropical Storm,460.56
AL091936,UNNAMED,1936-08-21T18:00:00+00:00,1936-08-21T13:00:00-05:00,1936-08-21,,TS,28.5,-79.9,50,,Tropical Storm,368.69
AL091936,UNNAMED,1936-08-21T22:00:00+00:00,1936-08-21T17:00:00-05:00,1936-08-21,L,TS,28.9,-80.8,50,,Tropical Storm,308.25
AL091936,UNNAMED,1936-08-22T00:00:00+00:00,1936-08-21T19:00:00-05:00,1936-08-21,,TS,29.2,-81.5,45,,Tropical Storm,261.86
AL091936,UNNAMED,1936-08-22T06:00:00+00:00,1936-08-22T01:00:00-05:00,1936-08-22,,TS,29.9,-83.2,35,,Tropical Storm,152.16
AL091936,UNNAMED,1936-08-22T12:00:00+00:00,1936-08-22T07:00:00-05:00,1936-08-22,,TD,30.3,-84.9,30,,Tropical Depression,51.01
AL091936,UNNAMED,1936-08-22T18:00:00+00:00,1936-08-22T13:00:00-05:00,1936-08-22,,TD,30.4,-86.6,25,,Tropical Depression,55.29
AL091936,UNNAMED,1936-08-23T00:00:00+00:00,1936-08-22T19:00:00-05:00,1936-08-22,,TD,30.4,-88.3,25,,Tropical Depression,154.54
AL091936,UNNAMED,1936-08-23T06:00:00+00:00,1936-08-23T01:00:00-05:00,1936-08-23,,TD,30.3,-90.0,25,,Tropical Depression,255.23
AL011937,UNNAMED,1937-07-29T00:00:00+00:00,1937-07-28T19:00:00-05:00,1937-07-28,,TD,26.5,-85.7,25,,Tropical Depression,250.47
AL011937,UNNAMED,1937-07-29T06:00:00+00:00,1937-07-29T01:00:00-05:00,1937-07-29,,TD,27.0,-84.7,30,,Tropical Depression,224.78
AL011937,UNNAMED,1937-07-29T12:00:00+00:00,1937-07-29T07:00:00-05:00,1937-07-29,,TS,27.4,-83.9,40,,Tropical Storm,218.47
AL011937,UNNAMED,1937-07-29T18:00:00+00:00,1937-07-29T13:00:00-05:00,1937-07-29,,TS,27.8,-83.3,55,,Tropical Storm,217.67
AL011937,UNNAMED,1937-07-29T22:00:00+00:00,1937-07-29T17:00:00-05:00,1937-07-29,L,TS,28.1,-82.8,55,,Tropical Storm,225.5
AL011937,UNNAMED,1937-07-30T00:00:00+00:00,1937-07-29T19:00:00-05:00,1937-07-29,,TS,28.3,-82.5,45,,Tropical Storm,232.02
AL011937,UNNAMED,1937-07-30T06:00:00+00:00,1937-07-30T01:00:00-05:00,1937-07-30,,TS,29.2,-81.3,40,,Tropical Storm,273.52
AL011937,UNNAMED,1937-07-30T12:00:00+00:00,1937-07-30T07:00:00-05:00,1937-07-30,,TS,30.1,-80.2,35,,Tropical Storm,330.49
AL011937,UNNAMED,1937-07-30T18:00:00+00:00,1937-07-30T13:00:00-05:00,1937-07-30,,TS,31.1,-79.2,35,,Tropical Storm,394.04
AL011937,UNNAMED,1937-07-31T00:00:00+00:00,1937-07-30T19:00:00-05:00,1937-07-30,,TS,32.1,-78.3,40,,Tropical Storm,460.09
AL031937,UNNAMED,1937-08-29T12:00:00+00:00,1937-08-29T07:00:00-05:00,1937-08-29,,TS,26.8,-78.6,45,,Tropical Storm,490.09
AL031937,UNNAMED,1937-08-29T18:00:00+00:00,1937-08-29T13:00:00-05:00,1937-08-29,,TS,27.5,-78.9,45,,Tropical Storm,451.4
AL031937,UNNAMED,1937-08-30T00:00:00+00:00,1937-08-29T19:00:00-05:00,1937-08-29,,TS,28.1,-79.2,50,,Tropical Storm,418.19
AL031937,UNNAMED,1937-08-30T06:00:00+00:00,1937-08-30T01:00:00-05:00,1937-08-30,,TS,28.6,-79.7,55,,Tropical Storm,378.03
AL031937,UNNAMED,1937-08-30T12:00:00+00:00,1937-08-30T07:00:00-05:00,1937-08-30,,TS,29.0,-80.5,60,,Tropical Storm,323.75
AL031937,UNNAMED,1937-08-30T14:00:00+00:00,1937-08-30T09:00:00-05:00,1937-08-30,L,TS,29.1,-80.9,60,,Tropical Storm,298.62
AL031937,UNNAMED,1937-08-30T18:00:00+00:00,1937-08-30T13:00:00-05:00,1937-08-30,,TS,29.3,-81.7,50,,Tropical Storm,248.45
AL031937,UNNAMED,1937-08-31T00:00:00+00:00,1937-08-30T19:00:00-05:00,1937-08-30,,TS,29.6,-82.9,45,,Tropical Storm,173.4
AL031937,UNNAMED,1937-08-31T06:00:00+00:00,1937-08-31T01:00:00-05:00,1937-08-31,,TS,30.1,-84.1,40,,Tropical Storm,97.44
AL031937,UNNAMED,1937-08-31T12:00:00+00:00,1937-08-31T07:00:00-05:00,1937-08-31,,TS,30.5,-85.2,35,,Tropical Storm,40.87
AL031937,UNNAMED,1937-08-31T18:00:00+00:00,1937-08-31T13:00:00-05:00,1937-08-31,,TS,31.0,-86.1,35,,Tropical Storm,64.34
AL031937,UNNAMED,1937-09-01T00:00:00+00:00,1937-08-31T19:00:00-05:00,1937-08-31,,TD,31.4,-86.9,30,,Tropical Depression,112.19
AL031937,UNNAMED,1937-09-01T06:00:00+00:00,1937-09-01T01:00:00-05:00,1937-09-01,,TD,31.9,-87.9,30,,Tropical Depression,177.62
AL031937,UNNAMED,1937-09-01T12:00:00+00:00,1937-09-01T07:00:00-05:00,1937-09-01,,TD,32.3,-88.8,25,,Tropical Depression,235.55
AL031937,UNNAMED,1937-09-01T18:00:00+00:00,1937-09-01T13:00:00-05:00,1937-09-01,,TD,32.9,-89.7,25,,Tropical Depression,302.35
AL031937,UNNAMED,1937-09-02T00:00:00+00:00,1937-09-01T19:00:00-05:00,1937-09-01,,TD,33.6,-90.6,20,,Tropical Depression,373.16
AL031937,UNNAMED,1937-09-02T06:00:00+00:00,1937-09-02T01:00:00-05:00,1937-09-02,,TD,34.2,-91.3,20,,Tropical Depression,430.46
AL031937,UNNAMED,1937-09-02T12:00:00+00:00,1937-09-02T07:00:00-05:00,1937-09-02,,TD,34.8,-92.0,20,,Tropical Depression,487.59
AL071937,UNNAMED,1937-09-18T00:00:00+00:00,1937-09-17T19:00:00-05:00,1937-09-17,,TS,25.5,-91.9,45,,Tropical Storm,494.08
AL071937,UNNAMED,1937-09-18T06:00:00+00:00,1937-09-18T01:00:00-05:00,1937-09-18,,TS,26.1,-91.6,45,,Tropical Storm,452.98
AL071937,UNNAMED,1937-09-18T12:00:00+00:00,1937-09-18T07:00:00-05:00,1937-09-18,,TS,26.6,-91.3,50,,Tropical Storm,417.03
AL071937,UNNAMED,1937-09-18T18:00:00+00:00,1937-09-18T13:00:00-05:00,1937-09-18,,TS,27.0,-90.9,50,,Tropical Storm,380.78
AL071937,UNNAMED,1937-09-19T00:00:00+00:00,1937-09-18T19:00:00-05:00,1937-09-18,,TS,27.4,-90.4,50,,Tropical Storm,339.73
AL071937,UNNAMED,1937-09-19T06:00:00+00:00,1937-09-19T01:00:00-05:00,1937-09-19,,TS,27.9,-90.1,45,,Tropical Storm,305.5
AL071937,UNNAMED,1937-09-19T12:00:00+00:00,1937-09-19T07:00:00-05:00,1937-09-19,,TS,28.5,-89.8,45,,Tropical Storm,269.66
AL071937,UNNAMED,1937-09-19T18:00:00+00:00,1937-09-19T13:00:00-05:00,1937-09-19,L,TS,29.1,-89.3,40,1002.0,Tropical Storm,225.82
AL071937,UNNAMED,1937-09-20T00:00:00+00:00,1937-09-19T19:00:00-05:00,1937-09-19,,TS,29.3,-88.3,40,,Tropical Storm,164.42
AL071937,UNNAMED,1937-09-20T06:00:00+00:00,1937-09-20T01:00:00-05:00,1937-09-20,,TS,29.4,-87.1,40,,Tropical Storm,96.24
AL071937,UNNAMED,1937-09-20T12:00:00+00:00,1937-09-20T07:00:00-05:00,1937-09-20,,TS,29.6,-85.9,35,,Tropical Storm,37.68
AL071937,UNNAMED,1937-09-20T16:00:00+00:00,1937-09-20T11:00:00-05:00,1937-09-20,L,TS,29.7,-85.4,35,,Tropical Storm,35.4
AL071937,UNNAMED,1937-09-20T18:00:00+00:00,1937-09-20T13:00:00-05:00,1937-09-20,,TS,29.8,-85.1,35,,Tropical Storm,43.89
AL071937,UNNAMED,1937-09-21T00:00:00+00:00,1937-09-20T19:00:00-05:00,1937-09-20,,TD,29.9,-84.3,30,,Tropical Depression,86.96
AL071937,UNNAMED,1937-09-21T06:00:00+00:00,1937-09-21T01:00:00-05:00,1937-09-21,,TD,30.0,-83.4,25,,Tropical Depression,139.6
AL071937,UNNAMED,1937-09-21T12:00:00+00:00,1937-09-21T07:00:00-05:00,1937-09-21,,TD,30.1,-82.6,20,,Tropical Depression,187.08
AL071937,UNNAMED,1937-09-21T18:00:00+00:00,1937-09-21T13:00:00-05:00,1937-09-21,,TD,30.1,-81.8,20,,Tropical Depression,234.89
AL101937,UNNAMED,1937-10-02T00:00:00+00:00,1937-10-01T18:00:00-06:00,1937-10-01,,TS,24.5,-87.7,35,,Tropical Storm,407.01
AL101937,UNNAMED,1937-10-02T06:00:00+00:00,1937-10-02T00:00:00-06:00,1937-10-02,,TS,24.9,-88.6,40,,Tropical Storm,401.52
AL101937,UNNAMED,1937-10-02T12:00:00+00:00,1937-10-02T06:00:00-06:00,1937-10-02,,TS,26.1,-89.7,40,1003.0,Tropical Storm,368.54
AL101937,UNNAMED,1937-10-02T18:00:00+00:00,1937-10-02T12:00:00-06:00,1937-10-02,,TS,27.3,-91.0,40,1002.0,Tropical Storm,374.2
AL101937,UNNAMED,1937-10-03T00:00:00+00:00,1937-10-02T18:00:00-06:00,1937-10-02,,TS,28.1,-91.9,35,,Tropical Storm,397.79
AL101937,UNNAMED,1937-10-03T06:00:00+00:00,1937-10-03T00:00:00-06:00,1937-10-03,,TS,28.8,-92.1,35,,Tropical Storm,393.93
AL101937,UNNAMED,1937-10-03T12:00:00+00:00,1937-10-03T06:00:00-06:00,1937-10-03,L,TS,29.5,-92.0,35,,Tropical Storm,378.31
AL101937,UNNAMED,1937-10-03T14:00:00+00:00,1937-10-03T08:00:00-06:00,1937-10-03,L,TS,29.8,-92.0,35,,Tropical Storm,375.94
AL101937,UNNAMED,1937-10-03T18:00:00+00:00,1937-10-03T12:00:00-06:00,1937-10-03,,TD,30.5,-92.0,30,,Tropical Depression,374.84
AL101937,UNNAMED,1937-10-04T00:00:00+00:00,1937-10-03T18:00:00-06:00,1937-10-03,,TD,31.8,-92.0,30,,Tropical Depression,389.02
AL101937,UNNAMED,1937-10-04T06:00:00+00:00,1937-10-04T00:00:00-06:00,1937-10-04,,TD,33.2,-91.9,25,,Tropical Depression,420.36
AL031938,UNNAMED,1938-08-13T18:00:00+00:00,1938-08-13T13:00:00-05:00,1938-08-13,,HU,23.6,-88.4,80,,Category 1,479.88
AL031938,UNNAMED,1938-08-14T00:00:00+00:00,1938-08-13T19:00:00-05:00,1938-08-13,,HU,24.7,-90.0,75,,Category 1,457.16
AL031938,UNNAMED,1938-08-14T06:00:00+00:00,1938-08-14T01:00:00-05:00,1938-08-14,,HU,25.8,-91.4,70,,Category 1,457.06
AL031938,UNNAMED,1938-08-14T12:00:00+00:00,1938-08-14T07:00:00-05:00,1938-08-14,,HU,26.9,-92.3,65,,Category 1,456.77
AL031938,UNNAMED,1938-08-14T18:00:00+00:00,1938-08-14T13:00:00-05:00,1938-08-14,,HU,28.2,-92.9,65,,Category 1,452.49
AL031938,UNNAMED,1938-08-15T00:00:00+00:00,1938-08-14T19:00:00-05:00,1938-08-14,,HU,29.5,-93.3,65,,Category 1,455.78
AL031938,UNNAMED,1938-08-15T01:00:00+00:00,1938-08-14T20:00:00-05:00,1938-08-14,L,HU,29.8,-93.4,65,,Category 1,459.58
AL031938,UNNAMED,1938-08-15T06:00:00+00:00,1938-08-15T01:00:00-05:00,1938-08-15,,TS,31.0,-93.6,35,,Tropical Storm,472.01
AL031938,UNNAMED,1938-08-15T12:00:00+00:00,1938-08-15T07:00:00-05:00,1938-08-15,,TD,33.0,-93.2,20,,Tropical Depression,482.39
AL071938,UNNAMED,1938-10-13T00:00:00+00:00,1938-10-12T18:00:00-06:00,1938-10-12,,TS,24.8,-90.0,35,,Tropical Storm,451.44
AL071938,UNNAMED,1938-10-13T06:00:00+00:00,1938-10-13T00:00:00-06:00,1938-10-13,,TS,25.2,-89.6,40,,Tropical Storm,414.5
AL071938,UNNAMED,1938-10-13T12:00:00+00:00,1938-10-13T06:00:00-06:00,1938-10-13,,TS,25.3,-88.7,40,,Tropical Storm,379.61
AL071938,UNNAMED,1938-10-13T18:00:00+00:00,1938-10-13T12:00:00-06:00,1938-10-13,,TS,25.2,-87.7,45,,Tropical Storm,360.99
AL071938,UNNAMED,1938-10-14T00:00:00+00:00,1938-10-13T18:00:00-06:00,1938-10-13,,TS,25.1,-86.9,45,,Tropical Storm,354.5
AL071938,UNNAMED,1938-10-14T06:00:00+00:00,1938-10-14T00:00:00-06:00,1938-10-14,,TS,25.0,-86.0,50,,Tropical Storm,354.49
AL071938,UNNAMED,1938-10-14T12:00:00+00:00,1938-10-14T06:00:00-06:00,1938-10-14,,TS,25.0,-85.1,50,,Tropical Storm,356.2
AL071938,UNNAMED,1938-10-14T18:00:00+00:00,1938-10-14T12:00:00-06:00,1938-10-14,,TS,25.3,-84.8,50,,Tropical Storm,338.19
AL071938,UNNAMED,1938-10-15T00:00:00+00:00,1938-10-14T18:00:00-06:00,1938-10-14,,TS,25.6,-84.6,50,996.0,Tropical Storm,320.17
AL071938,UNNAMED,1938-10-15T06:00:00+00:00,1938-10-15T00:00:00-06:00,1938-10-15,,TS,25.9,-84.7,50,,Tropical Storm,298.6
AL071938,UNNAMED,1938-10-15T12:00:00+00:00,1938-10-15T06:00:00-06:00,1938-10-15,,TS,26.1,-84.9,45,,Tropical Storm,282.66
AL071938,UNNAMED,1938-10-15T18:00:00+00:00,1938-10-15T12:00:00-06:00,1938-10-15,,TS,26.1,-85.3,45,,Tropical Storm,279.33
AL071938,UNNAMED,1938-10-16T00:00:00+00:00,1938-10-15T18:00:00-06:00,1938-10-15,,TS,26.1,-86.1,40,,Tropical Storm,279.01
AL071938,UNNAMED,1938-10-16T06:00:00+00:00,1938-10-16T00:00:00-06:00,1938-10-16,,TS,26.2,-87.6,40,,Tropical Storm,294.13
AL071938,UNNAMED,1938-10-16T12:00:00+00:00,1938-10-16T06:00:00-06:00,1938-10-16,,TS,26.4,-89.1,40,,Tropical Storm,329.05
AL071938,UNNAMED,1938-10-16T18:00:00+00:00,1938-10-16T12:00:00-06:00,1938-10-16,,TS,27.0,-90.7,40,,Tropical Storm,370.85
AL071938,UNNAMED,1938-10-17T00:00:00+00:00,1938-10-16T18:00:00-06:00,1938-10-16,,TS,27.7,-92.1,40,,Tropical Storm,420.03
AL071938,UNNAMED,1938-10-17T06:00:00+00:00,1938-10-17T00:00:00-06:00,1938-10-17,,TS,28.4,-93.4,40,,Tropical Storm,477.32
AL081938,UNNAMED,1938-10-20T06:00:00+00:00,1938-10-20T00:00:00-06:00,1938-10-20,,TS,27.3,-78.8,35,,Tropical Storm,462.96
AL081938,UNNAMED,1938-10-20T12:00:00+00:00,1938-10-20T06:00:00-06:00,1938-10-20,,TS,27.9,-78.7,35,1005.0,Tropical Storm,451.63
AL081938,UNNAMED,1938-10-20T18:00:00+00:00,1938-10-20T12:00:00-06:00,1938-10-20,,TD,29.0,-78.1,30,,Tropical Depression,465.0
AL081938,UNNAMED,1938-10-21T00:00:00+00:00,1938-10-20T18:00:00-06:00,1938-10-20,,TD,30.0,-77.6,30,1004.0,Tropical Depression,486.14
AL011939,UNNAMED,1939-06-13T12:00:00+00:00,1939-06-13T07:00:00-05:00,1939-06-13,,TS,23.1,-85.8,55,,Tropical Storm,485.4
AL011939,UNNAMED,1939-06-13T18:00:00+00:00,1939-06-13T13:00:00-05:00,1939-06-13,,TS,24.2,-85.9,55,,Tropical Storm,409.51
AL011939,UNNAMED,1939-06-14T00:00:00+00:00,1939-06-13T19:00:00-05:00,1939-06-13,,TS,25.2,-86.0,55,,Tropical Storm,340.69
AL011939,UNNAMED,1939-06-14T06:00:00+00:00,1939-06-14T01:00:00-05:00,1939-06-14,,TS,26.1,-86.2,50,,Tropical Storm,279.57
AL011939,UNNAMED,1939-06-14T12:00:00+00:00,1939-06-14T07:00:00-05:00,1939-06-14,,TS,26.9,-86.5,50,,Tropical Storm,227.68
AL011939,UNNAMED,1939-06-14T18:00:00+00:00,1939-06-14T13:00:00-05:00,1939-06-14,,TS,27.6,-87.1,50,,Tropical Storm,193.15
AL011939,UNNAMED,1939-06-15T00:00:00+00:00,1939-06-14T19:00:00-05:00,1939-06-14,,TS,28.2,-87.8,50,,Tropical Storm,182.44
AL011939,UNNAMED,1939-06-15T06:00:00+00:00,1939-06-15T01:00:00-05:00,1939-06-15,,TS,28.6,-88.4,50,,Tropical Storm,192.22
AL011939,UNNAMED,1939-06-15T12:00:00+00:00,1939-06-15T07:00:00-05:00,1939-06-15,,TS,28.3,-88.4,50,,Tropical Storm,204.5
AL011939,UNNAMED,1939-06-15T18:00:00+00:00,1939-06-15T13:00:00-05:00,1939-06-15,,TS,28.6,-88.1,50,,Tropical Storm,177.39
AL011939,UNNAMED,1939-06-16T00:00:00+00:00,1939-06-15T19:00:00-05:00,1939-06-15,,TS,29.1,-87.9,50,,Tropical Storm,148.34
AL011939,UNNAMED,1939-06-16T06:00:00+00:00,1939-06-16T01:00:00-05:00,1939-06-16,,TS,29.6,-87.7,50,,Tropical Storm,123.49
AL011939,UNNAMED,1939-06-16T12:00:00+00:00,1939-06-16T07:00:00-05:00,1939-06-16,,TS,30.2,-87.6,50,,Tropical Storm,111.83
AL011939,UNNAMED,1939-06-16T13:00:00+00:00,1939-06-16T08:00:00-05:00,1939-06-16,L,TS,30.3,-87.6,50,,Tropical Storm,112.31
AL011939,UNNAMED,1939-06-16T18:00:00+00:00,1939-06-16T13:00:00-05:00,1939-06-16,,TS,31.2,-88.1,35,,Tropical Storm,159.23
AL011939,UNNAMED,1939-06-17T00:00:00+00:00,1939-06-16T19:00:00-05:00,1939-06-16,,TD,32.2,-88.8,30,,Tropical Depression,231.28
AL011939,UNNAMED,1939-06-17T06:00:00+00:00,1939-06-17T01:00:00-05:00,1939-06-17,,TD,33.3,-89.0,25,,Tropical Depression,291.62
AL011939,UNNAMED,1939-06-17T12:00:00+00:00,1939-06-17T07:00:00-05:00,1939-06-17,,TD,34.5,-89.0,25,,Tropical Depression,357.48
AL011939,UNNAMED,1939-06-17T18:00:00+00:00,1939-06-17T13:00:00-05:00,1939-06-17,,TD,35.7,-88.8,25,,Tropical Depression,424.3
AL011939,UNNAMED,1939-06-18T00:00:00+00:00,1939-06-17T19:00:00-05:00,1939-06-17,,TD,36.9,-88.3,20,,Tropical Depression,490.9
AL021939,UNNAMED,1939-08-11T18:00:00+00:00,1939-08-11T13:00:00-05:00,1939-08-11,,HU,26.7,-79.3,65,,Category 1,456.69
AL021939,UNNAMED,1939-08-11T23:00:00+00:00,1939-08-11T18:00:00-05:00,1939-08-11,L,HU,27.2,-80.2,65,,Category 1,391.38
AL021939,UNNAMED,1939-08-12T00:00:00+00:00,1939-08-11T19:00:00-05:00,1939-08-11,,HU,27.3,-80.4,65,,Category 1,377.31
AL021939,UNNAMED,1939-08-12T06:00:00+00:00,1939-08-12T01:00:00-05:00,1939-08-12,,TS,27.9,-81.9,50,,Tropical Storm,277.8
AL021939,UNNAMED,1939-08-12T12:00:00+00:00,1939-08-12T07:00:00-05:00,1939-08-12,,TS,28.6,-83.4,55,,Tropical Storm,175.46
AL021939,UNNAMED,1939-08-12T18:00:00+00:00,1939-08-12T13:00:00-05:00,1939-08-12,,HU,29.2,-84.6,65,,Category 1,93.21
AL021939,UNNAMED,1939-08-13T00:00:00+00:00,1939-08-12T19:00:00-05:00,1939-08-12,,HU,29.8,-85.6,65,,Category 1,23.77
AL021939,UNNAMED,1939-08-13T06:00:00+00:00,1939-08-13T01:00:00-05:00,1939-08-13,L,HU,30.4,-86.4,65,985.0,Category 1,44.27
AL021939,UNNAMED,1939-08-13T12:00:00+00:00,1939-08-13T07:00:00-05:00,1939-08-13,,TS,31.0,-87.1,50,,Tropical Storm,101.48
AL021939,UNNAMED,1939-08-13T18:00:00+00:00,1939-08-13T13:00:00-05:00,1939-08-13,,TS,31.4,-87.5,40,,Tropical Storm,137.12
AL021939,UNNAMED,1939-08-14T00:00:00+00:00,1939-08-13T19:00:00-05:00,1939-08-13,,TS,31.6,-87.8,35,,Tropical Storm,159.55
AL021939,UNNAMED,1939-08-14T06:00:00+00:00,1939-08-14T01:00:00-05:00,1939-08-14,,TD,31.8,-88.0,30,,Tropical Depression,177.42
AL021939,UNNAMED,1939-08-14T12:00:00+00:00,1939-08-14T07:00:00-05:00,1939-08-14,,TD,32.0,-88.0,30,,Tropical Depression,186.63
AL021939,UNNAMED,1939-08-14T18:00:00+00:00,1939-08-14T13:00:00-05:00,1939-08-14,,TD,32.3,-88.0,30,,Tropical Depression,201.42
AL021939,UNNAMED,1939-08-15T00:00:00+00:00,1939-08-14T19:00:00-05:00,1939-08-14,,TD,32.6,-87.9,30,,Tropical Depression,213.61
AL021939,UNNAMED,1939-08-15T06:00:00+00:00,1939-08-15T01:00:00-05:00,1939-08-15,,TD,32.8,-87.8,30,,Tropical Depression,221.44
AL021939,UNNAMED,1939-08-15T12:00:00+00:00,1939-08-15T07:00:00-05:00,1939-08-15,,TD,33.0,-87.8,30,,Tropical Depression,233.03
AL021939,UNNAMED,1939-08-15T18:00:00+00:00,1939-08-15T13:00:00-05:00,1939-08-15,,TD,33.1,-87.7,30,,Tropical Depression,235.97
AL021939,UNNAMED,1939-08-16T00:00:00+00:00,1939-08-15T19:00:00-05:00,1939-08-15,,TD,33.1,-87.6,30,,Tropical Depression,233.14
AL021939,UNNAMED,1939-08-16T06:00:00+00:00,1939-08-16T01:00:00-05:00,1939-08-16,,TD,33.1,-87.4,30,,Tropical Depression,227.82
AL021939,UNNAMED,1939-08-16T12:00:00+00:00,1939-08-16T07:00:00-05:00,1939-08-16,,TD,33.1,-87.2,30,,Tropical Depression,223.0
AL021939,UNNAMED,1939-08-16T18:00:00+00:00,1939-08-16T13:00:00-05:00,1939-08-16,,TD,33.1,-87.1,30,,Tropical Depression,220.79
AL021939,UNNAMED,1939-08-17T00:00:00+00:00,1939-08-16T19:00:00-05:00,1939-08-16,,TD,33.1,-87.0,30,,Tropical Depression,218.71
AL021939,UNNAMED,1939-08-17T06:00:00+00:00,1939-08-17T01:00:00-05:00,1939-08-17,,TD,33.1,-87.0,30,,Tropical Depression,218.71
AL021939,UNNAMED,1939-08-17T12:00:00+00:00,1939-08-17T07:00:00-05:00,1939-08-17,,TD,33.3,-86.9,25,,Tropical Depression,229.89
AL021939,UNNAMED,1939-08-17T18:00:00+00:00,1939-08-17T13:00:00-05:00,1939-08-17,,TD,34.0,-86.8,25,,Tropical Depression,274.96
AL021939,UNNAMED,1939-08-18T00:00:00+00:00,1939-08-17T19:00:00-05:00,1939-08-17,,TD,35.0,-86.7,25,,Tropical Depression,341.53
AL021939,UNNAMED,1939-08-18T06:00:00+00:00,1939-08-18T01:00:00-05:00,1939-08-18,,TD,36.0,-86.5,25,,Tropical Depression,408.36
AL021939,UNNAMED,1939-08-18T12:00:00+00:00,1939-08-18T07:00:00-05:00,1939-08-18,,TD,37.0,-86.0,25,,Tropical Depression,475.27
AL041939,UNNAMED,1939-09-25T12:00:00+00:00,1939-09-25T06:00:00-06:00,1939-09-25,,TS,25.5,-91.5,40,,Tropical Storm,475.72
AL041939,UNNAMED,1939-09-25T18:00:00+00:00,1939-09-25T12:00:00-06:00,1939-09-25,,TS,26.6,-91.2,40,,Tropical Storm,412.12
AL041939,UNNAMED,1939-09-26T00:00:00+00:00,1939-09-25T18:00:00-06:00,1939-09-25,,TS,27.7,-90.8,45,,Tropical Storm,349.37
AL041939,UNNAMED,1939-09-26T06:00:00+00:00,1939-09-26T00:00:00-06:00,1939-09-26,,TS,28.8,-90.3,45,,Tropical Storm,289.74
AL041939,UNNAMED,1939-09-26T08:00:00+00:00,1939-09-26T02:00:00-06:00,1939-09-26,L,TS,29.1,-90.2,45,,Tropical Storm,277.67
AL041939,UNNAMED,1939-09-26T12:00:00+00:00,1939-09-26T06:00:00-06:00,1939-09-26,,TS,29.8,-89.7,45,,Tropical Storm,238.69
AL041939,UNNAMED,1939-09-26T18:00:00+00:00,1939-09-26T12:00:00-06:00,1939-09-26,,TS,30.8,-89.0,40,,Tropical Storm,200.25
AL041939,UNNAMED,1939-09-27T00:00:00+00:00,1939-09-26T18:00:00-06:00,1939-09-26,,TD,31.8,-88.0,30,,Tropical Depression,177.42
AL041939,UNNAMED,1939-09-27T06:00:00+00:00,1939-09-27T00:00:00-06:00,1939-09-27,,TD,32.8,-86.7,25,,Tropical Depression,193.46
AL021940,UNNAMED,1940-08-03T12:00:00+00:00,1940-08-03T07:00:00-05:00,1940-08-03,,TD,28.5,-83.1,25,,Tropical Depression,194.19
AL021940,UNNAMED,1940-08-03T18:00:00+00:00,1940-08-03T13:00:00-05:00,1940-08-03,,TD,28.1,-83.9,30,,Tropical Depression,178.26
AL021940,UNNAMED,1940-08-04T00:00:00+00:00,1940-08-03T19:00:00-05:00,1940-08-03,,TS,27.9,-84.7,35,,Tropical Storm,165.85
AL021940,UNNAMED,1940-08-04T06:00:00+00:00,1940-08-04T01:00:00-05:00,1940-08-04,,TS,27.8,-85.3,40,,Tropical Storm,162.73
AL021940,UNNAMED,1940-08-04T12:00:00+00:00,1940-08-04T07:00:00-05:00,1940-08-04,,TS,27.8,-85.9,40,,Tropical Storm,160.97
AL021940,UNNAMED,1940-08-04T18:00:00+00:00,1940-08-04T13:00:00-05:00,1940-08-04,,TS,27.8,-86.5,45,,Tropical Storm,167.25
AL021940,UNNAMED,1940-08-05T00:00:00+00:00,1940-08-04T19:00:00-05:00,1940-08-04,,TS,27.9,-87.2,50,,Tropical Storm,177.54
AL021940,UNNAMED,1940-08-05T06:00:00+00:00,1940-08-05T01:00:00-05:00,1940-08-05,,TS,28.0,-87.7,55,995.0,Tropical Storm,188.97
AL021940,UNNAMED,1940-08-05T12:00:00+00:00,1940-08-05T07:00:00-05:00,1940-08-05,,TS,28.1,-88.2,60,,Tropical Storm,204.45
AL021940,UNNAMED,1940-08-05T18:00:00+00:00,1940-08-05T13:00:00-05:00,1940-08-05,,HU,28.2,-88.7,65,,Category 1,223.15
AL021940,UNNAMED,1940-08-06T00:00:00+00:00,1940-08-05T19:00:00-05:00,1940-08-05,,HU,28.3,-89.2,70,,Category 1,244.29
AL021940,UNNAMED,1940-08-06T06:00:00+00:00,1940-08-06T01:00:00-05:00,1940-08-06,,HU,28.4,-89.7,70,,Category 1,267.31
AL021940,UNNAMED,1940-08-06T12:00:00+00:00,1940-08-06T07:00:00-05:00,1940-08-06,,HU,28.6,-90.4,75,,Category 1,300.27
AL021940,UNNAMED,1940-08-06T18:00:00+00:00,1940-08-06T13:00:00-05:00,1940-08-06,,HU,28.8,-91.1,80,,Category 1,335.73
AL021940,UNNAMED,1940-08-07T00:00:00+00:00,1940-08-06T19:00:00-05:00,1940-08-06,,HU,29.0,-91.9,80,,Category 1,378.81
AL021940,UNNAMED,1940-08-07T06:00:00+00:00,1940-08-07T01:00:00-05:00,1940-08-07,,HU,29.2,-92.6,85,,Category 2,417.32
AL021940,UNNAMED,1940-08-07T12:00:00+00:00,1940-08-07T07:00:00-05:00,1940-08-07,,HU,29.4,-93.2,85,,Category 2,450.75
AL021940,UNNAMED,1940-08-07T18:00:00+00:00,1940-08-07T13:00:00-05:00,1940-08-07,,HU,29.6,-93.8,85,972.0,Category 2,484.81
AL031940,UNNAMED,1940-08-10T18:00:00+00:00,1940-08-10T13:00:00-05:00,1940-08-10,,HU,30.3,-77.4,80,,Category 1,497.4
AL031940,UNNAMED,1940-08-11T00:00:00+00:00,1940-08-10T19:00:00-05:00,1940-08-10,,HU,30.7,-77.9,85,,Category 2,468.15
AL031940,UNNAMED,1940-08-11T06:00:00+00:00,1940-08-11T01:00:00-05:00,1940-08-11,,HU,31.3,-78.5,85,,Category 2,437.0
AL031940,UNNAMED,1940-08-11T12:00:00+00:00,1940-08-11T07:00:00-05:00,1940-08-11,,HU,31.8,-79.3,85,,Category 2,398.08
AL031940,UNNAMED,1940-08-11T18:00:00+00:00,1940-08-11T13:00:00-05:00,1940-08-11,,HU,32.1,-80.3,85,972.0,Category 2,348.93
AL031940,UNNAMED,1940-08-11T20:00:00+00:00,1940-08-11T15:00:00-05:00,1940-08-11,L,HU,32.1,-80.8,85,972.0,Category 2,321.93
AL031940,UNNAMED,1940-08-12T00:00:00+00:00,1940-08-11T19:00:00-05:00,1940-08-11,,HU,32.2,-81.3,65,977.0,Category 1,298.55
AL031940,UNNAMED,1940-08-12T06:00:00+00:00,1940-08-12T01:00:00-05:00,1940-08-12,,TS,32.4,-82.4,50,,Tropical Storm,251.74
AL031940,UNNAMED,1940-08-12T12:00:00+00:00,1940-08-12T07:00:00-05:00,1940-08-12,,TS,32.6,-83.5,35,996.0,Tropical Storm,215.75
AL031940,UNNAMED,1940-08-12T18:00:00+00:00,1940-08-12T13:00:00-05:00,1940-08-12,,TD,33.2,-84.2,30,1003.0,Tropical Depression,230.72
AL031940,UNNAMED,1940-08-13T00:00:00+00:00,1940-08-12T19:00:00-05:00,1940-08-12,,TD,33.7,-84.7,30,1005.0,Tropical Depression,254.28
AL031940,UNNAMED,1940-08-13T06:00:00+00:00,1940-08-13T01:00:00-05:00,1940-08-13,,TD,34.3,-84.8,30,1007.0,Tropical Depression,293.54
AL031940,UNNAMED,1940-08-13T12:00:00+00:00,1940-08-13T07:00:00-05:00,1940-08-13,,TD,34.9,-84.8,25,1008.0,Tropical Depression,334.34
AL031940,UNNAMED,1940-08-13T18:00:00+00:00,1940-08-13T13:00:00-05:00,1940-08-13,,TD,35.5,-84.8,25,,Tropical Depression,375.28
AL031940,UNNAMED,1940-08-14T00:00:00+00:00,1940-08-13T19:00:00-05:00,1940-08-13,,TD,36.0,-84.6,25,,Tropical Depression,411.15
AL031940,UNNAMED,1940-08-14T06:00:00+00:00,1940-08-14T01:00:00-05:00,1940-08-14,,TD,36.4,-83.9,25,,Tropical Depression,446.24
AL031940,UNNAMED,1940-08-14T12:00:00+00:00,1940-08-14T07:00:00-05:00,1940-08-14,,TD,36.8,-82.9,25,,Tropical Depression,489.12
AL061940,UNNAMED,1940-09-24T06:00:00+00:00,1940-09-24T01:00:00-05:00,1940-09-24,,TS,29.7,-93.8,40,,Tropical Storm,484.1
AL061940,UNNAMED,1940-09-24T09:00:00+00:00,1940-09-24T04:00:00-05:00,1940-09-24,L,TS,29.8,-93.4,40,,Tropical Storm,459.58
AL061940,UNNAMED,1940-09-24T12:00:00+00:00,1940-09-24T07:00:00-05:00,1940-09-24,,TS,30.2,-92.9,35,1004.0,Tropical Storm,428.29
AL061940,UNNAMED,1940-09-24T18:00:00+00:00,1940-09-24T13:00:00-05:00,1940-09-24,,TD,30.8,-91.8,30,,Tropical Depression,364.45
AL061940,UNNAMED,1940-09-25T00:00:00+00:00,1940-09-24T19:00:00-05:00,1940-09-24,,TD,31.4,-90.5,20,,Tropical Depression,296.56
AL061940,UNNAMED,1940-09-25T06:00:00+00:00,1940-09-25T01:00:00-05:00,1940-09-25,,TD,32.0,-88.5,15,,Tropical Depression,208.94
AL011941,UNNAMED,1941-09-11T00:00:00+00:00,1941-09-10T19:00:00-05:00,1941-09-10,,TD,27.1,-86.7,25,,Tropical Depression,217.13
AL011941,UNNAMED,1941-09-11T06:00:00+00:00,1941-09-11T01:00:00-05:00,1941-09-11,,TD,27.4,-87.2,30,,Tropical Depression,208.26
AL011941,UNNAMED,1941-09-11T12:00:00+00:00,1941-09-11T07:00:00-05:00,1941-09-11,,TS,27.7,-87.7,35,,Tropical Storm,205.59
AL011941,UNNAMED,1941-09-11T18:00:00+00:00,1941-09-11T13:00:00-05:00,1941-09-11,,TS,28.0,-88.1,35,,Tropical Storm,205.03
AL011941,UNNAMED,1941-09-12T00:00:00+00:00,1941-09-11T19:00:00-05:00,1941-09-11,,TS,28.3,-88.5,40,,Tropical Storm,209.28
AL011941,UNNAMED,1941-09-12T06:00:00+00:00,1941-09-12T01:00:00-05:00,1941-09-12,,TS,28.3,-88.8,40,1001.0,Tropical Storm,223.98
AL011941,UNNAMED,1941-09-12T12:00:00+00:00,1941-09-12T07:00:00-05:00,1941-09-12,,TS,28.1,-89.1,45,,Tropical Storm,246.88
AL011941,UNNAMED,1941-09-12T18:00:00+00:00,1941-09-12T13:00:00-05:00,1941-09-12,,TS,28.0,-89.3,50,,Tropical Storm,260.82
AL011941,UNNAMED,1941-09-13T00:00:00+00:00,1941-09-12T19:00:00-05:00,1941-09-12,,TS,27.9,-89.6,50,,Tropical Storm,279.81
AL011941,UNNAMED,1941-09-13T06:00:00+00:00,1941-09-13T01:00:00-05:00,1941-09-13,,TS,28.0,-89.9,45,,Tropical Storm,291.48
AL011941,UNNAMED,1941-09-13T12:00:00+00:00,1941-09-13T07:00:00-05:00,1941-09-13,,TS,28.1,-90.2,45,1001.0,Tropical Storm,303.91
AL011941,UNNAMED,1941-09-13T18:00:00+00:00,1941-09-13T13:00:00-05:00,1941-09-13,,TS,28.3,-90.8,40,,Tropical Storm,330.69
AL011941,UNNAMED,1941-09-14T00:00:00+00:00,1941-09-13T19:00:00-05:00,1941-09-13,,TS,28.5,-91.6,40,,Tropical Storm,370.99
AL011941,UNNAMED,1941-09-14T06:00:00+00:00,1941-09-14T01:00:00-05:00,1941-09-14,,TS,28.7,-92.5,40,1002.0,Tropical Storm,419.12
AL011941,UNNAMED,1941-09-14T12:00:00+00:00,1941-09-14T07:00:00-05:00,1941-09-14,,TS,29.1,-93.2,35,1004.0,Tropical Storm,454.18
AL011941,UNNAMED,1941-09-14T18:00:00+00:00,1941-09-14T13:00:00-05:00,1941-09-14,,TD,29.4,-93.6,30,,Tropical Depression,474.59
AL011941,UNNAMED,1941-09-15T00:00:00+00:00,1941-09-14T19:00:00-05:00,1941-09-14,,TD,29.6,-94.0,30,1006.0,Tropical Depression,496.75
AL021941,UNNAMED,1941-09-17T12:00:00+00:00,1941-09-17T07:00:00-05:00,1941-09-17,,TD,23.7,-88.0,25,,Tropical Depression,465.39
AL021941,UNNAMED,1941-09-17T18:00:00+00:00,1941-09-17T13:00:00-05:00,1941-09-17,,TD,24.6,-88.5,30,,Tropical Depression,417.82
AL021941,UNNAMED,1941-09-18T00:00:00+00:00,1941-09-17T19:00:00-05:00,1941-09-17,,TD,25.3,-89.0,30,,Tropical Depression,388.72
AL031941,UNNAMED,1941-09-18T00:00:00+00:00,1941-09-17T19:00:00-05:00,1941-09-17,,TD,26.8,-78.7,30,,Tropical Depression,484.74
AL021941,UNNAMED,1941-09-18T06:00:00+00:00,1941-09-18T01:00:00-05:00,1941-09-18,,TS,25.7,-89.5,35,,Tropical Storm,382.63
AL031941,UNNAMED,1941-09-18T06:00:00+00:00,1941-09-18T01:00:00-05:00,1941-09-18,,TD,27.8,-78.6,30,,Tropical Depression,459.87
AL021941,UNNAMED,1941-09-18T12:00:00+00:00,1941-09-18T07:00:00-05:00,1941-09-18,,TS,25.9,-89.6,35,,Tropical Storm,375.36
AL031941,UNNAMED,1941-09-18T12:00:00+00:00,1941-09-18T07:00:00-05:00,1941-09-18,,TD,28.5,-78.5,30,,Tropical Depression,449.73
AL021941,UNNAMED,1941-09-18T18:00:00+00:00,1941-09-18T13:00:00-05:00,1941-09-18,,TS,26.0,-89.3,40,,Tropical Storm,358.56
AL031941,UNNAMED,1941-09-18T18:00:00+00:00,1941-09-18T13:00:00-05:00,1941-09-18,,TD,29.0,-78.4,30,,Tropical Depression,447.24
AL021941,UNNAMED,1941-09-19T00:00:00+00:00,1941-09-18T19:00:00-05:00,1941-09-18,,TS,26.0,-89.0,45,,Tropical Storm,347.77
AL031941,UNNAMED,1941-09-19T00:00:00+00:00,1941-09-18T19:00:00-05:00,1941-09-18,,TS,29.1,-78.2,35,,Tropical Storm,457.74
AL021941,UNNAMED,1941-09-19T06:00:00+00:00,1941-09-19T01:00:00-05:00,1941-09-19,,TS,25.8,-88.8,50,,Tropical Storm,352.66
AL031941,UNNAMED,1941-09-19T06:00:00+00:00,1941-09-19T01:00:00-05:00,1941-09-19,,TS,29.2,-77.5,35,,Tropical Storm,498.12
AL021941,UNNAMED,1941-09-19T12:00:00+00:00,1941-09-19T07:00:00-05:00,1941-09-19,,TS,25.5,-88.6,55,,Tropical Storm,364.48
AL021941,UNNAMED,1941-09-19T18:00:00+00:00,1941-09-19T13:00:00-05:00,1941-09-19,,TS,25.2,-88.5,55,,Tropical Storm,380.12
AL021941,UNNAMED,1941-09-20T00:00:00+00:00,1941-09-19T19:00:00-05:00,1941-09-19,,TS,24.8,-88.4,55,,Tropical Storm,402.65
AL021941,UNNAMED,1941-09-20T06:00:00+00:00,1941-09-20T01:00:00-05:00,1941-09-20,,TS,24.5,-88.2,60,,Tropical Storm,417.14
AL021941,UNNAMED,1941-09-20T12:00:00+00:00,1941-09-20T07:00:00-05:00,1941-09-20,,TS,24.1,-88.0,60,,Tropical Storm,439.04
AL021941,UNNAMED,1941-09-20T18:00:00+00:00,1941-09-20T13:00:00-05:00,1941-09-20,,TS,23.6,-87.7,60,,Tropical Storm,466.87
AL021941,UNNAMED,1941-09-21T00:00:00+00:00,1941-09-20T19:00:00-05:00,1941-09-20,,TS,23.3,-87.9,60,,Tropical Storm,490.17
AL021941,UNNAMED,1941-09-21T06:00:00+00:00,1941-09-21T01:00:00-05:00,1941-09-21,,HU,23.8,-88.2,65,,Category 1,462.69
AL021941,UNNAMED,1941-09-21T12:00:00+00:00,1941-09-21T07:00:00-05:00,1941-09-21,,HU,24.4,-88.7,70,,Category 1,435.53
AL021941,UNNAMED,1941-09-21T18:00:00+00:00,1941-09-21T13:00:00-05:00,1941-09-21,,HU,24.8,-89.3,70,,Category 1,428.02
AL021941,UNNAMED,1941-09-22T00:00:00+00:00,1941-09-21T19:00:00-05:00,1941-09-21,,HU,25.1,-90.1,75,,Category 1,438.22
AL021941,UNNAMED,1941-09-22T06:00:00+00:00,1941-09-22T01:00:00-05:00,1941-09-22,,HU,25.4,-90.9,80,,Category 1,454.29
AL021941,UNNAMED,1941-09-22T12:00:00+00:00,1941-09-22T07:00:00-05:00,1941-09-22,,HU,25.9,-91.9,85,,Category 2,476.15
AL021941,UNNAMED,1941-09-24T18:00:00+00:00,1941-09-24T13:00:00-05:00,1941-09-24,,TS,33.5,-93.2,35,,Tropical Storm,496.53
AL051941,UNNAMED,1941-10-06T10:00:00+00:00,1941-10-06T04:00:00-06:00,1941-10-06,L,HU,25.5,-80.2,85,,Category 2,464.96
AL051941,UNNAMED,1941-10-06T11:00:00+00:00,1941-10-06T05:00:00-06:00,1941-10-06,L,HU,25.5,-80.3,85,,Category 2,460.55
AL051941,UNNAMED,1941-10-06T12:00:00+00:00,1941-10-06T06:00:00-06:00,1941-10-06,,HU,25.7,-80.8,75,,Category 1,428.93
AL051941,UNNAMED,1941-10-06T18:00:00+00:00,1941-10-06T12:00:00-06:00,1941-10-06,,TS,26.7,-82.4,60,997.0,Tropical Storm,311.33
AL051941,UNNAMED,1941-10-07T00:00:00+00:00,1941-10-06T18:00:00-06:00,1941-10-06,,HU,28.0,-83.7,70,,Category 1,191.27
AL051941,UNNAMED,1941-10-07T06:00:00+00:00,1941-10-07T00:00:00-06:00,1941-10-07,,HU,29.2,-84.6,80,982.0,Category 1,93.21
AL051941,UNNAMED,1941-10-07T09:00:00+00:00,1941-10-07T03:00:00-06:00,1941-10-07,L,HU,29.9,-84.6,80,982.0,Category 1,69.37
AL051941,UNNAMED,1941-10-07T12:00:00+00:00,1941-10-07T06:00:00-06:00,1941-10-07,,HU,30.3,-84.6,70,,Category 1,68.54
AL051941,UNNAMED,1941-10-07T18:00:00+00:00,1941-10-07T12:00:00-06:00,1941-10-07,,TS,31.4,-84.1,60,,Tropical Storm,130.86
AL051941,UNNAMED,1941-10-08T00:00:00+00:00,1941-10-07T18:00:00-06:00,1941-10-07,,TS,32.2,-83.1,45,,Tropical Storm,211.49
AL051941,UNNAMED,1941-10-08T06:00:00+00:00,1941-10-08T00:00:00-06:00,1941-10-08,,TS,32.6,-81.6,40,,Tropical Storm,297.64
AL051941,UNNAMED,1941-10-08T12:00:00+00:00,1941-10-08T06:00:00-06:00,1941-10-08,,TS,33.0,-80.1,35,1004.0,Tropical Storm,386.32
AL051941,UNNAMED,1941-10-08T18:00:00+00:00,1941-10-08T12:00:00-06:00,1941-10-08,,TS,32.9,-79.0,40,,Tropical Storm,440.23
AL061941,UNNAMED,1941-10-18T00:00:00+00:00,1941-10-17T18:00:00-06:00,1941-10-17,,TD,24.2,-82.6,25,,Tropical Depression,452.27
AL061941,UNNAMED,1941-10-18T06:00:00+00:00,1941-10-18T00:00:00-06:00,1941-10-18,,TD,24.7,-83.4,25,,Tropical Depression,401.12
AL061941,UNNAMED,1941-10-18T12:00:00+00:00,1941-10-18T06:00:00-06:00,1941-10-18,,TD,25.2,-84.0,30,,Tropical Depression,356.36
AL061941,UNNAMED,1941-10-18T18:00:00+00:00,1941-10-18T12:00:00-06:00,1941-10-18,,TD,25.8,-84.4,30,,Tropical Depression,309.65
AL061941,UNNAMED,1941-10-19T00:00:00+00:00,1941-10-18T18:00:00-06:00,1941-10-18,,TS,26.5,-84.5,35,,Tropical Storm,261.39
AL061941,UNNAMED,1941-10-19T06:00:00+00:00,1941-10-19T00:00:00-06:00,1941-10-19,,TS,27.2,-84.4,40,,Tropical Storm,217.58
AL061941,UNNAMED,1941-10-19T12:00:00+00:00,1941-10-19T06:00:00-06:00,1941-10-19,,TS,27.7,-84.3,45,,Tropical Storm,188.55
AL061941,UNNAMED,1941-10-19T18:00:00+00:00,1941-10-19T12:00:00-06:00,1941-10-19,,TS,27.9,-84.2,45,,Tropical Storm,179.38
AL061941,UNNAMED,1941-10-20T00:00:00+00:00,1941-10-19T18:00:00-06:00,1941-10-19,,TS,28.2,-83.8,45,,Tropical Storm,176.77
AL061941,UNNAMED,1941-10-20T06:00:00+00:00,1941-10-20T00:00:00-06:00,1941-10-20,,TS,28.6,-83.3,40,,Tropical Storm,180.31
AL061941,UNNAMED,1941-10-20T12:00:00+00:00,1941-10-20T06:00:00-06:00,1941-10-20,,TS,29.0,-83.0,40,1004.0,Tropical Storm,181.54
AL061941,UNNAMED,1941-10-20T14:00:00+00:00,1941-10-20T08:00:00-06:00,1941-10-20,L,TS,29.0,-83.0,40,1004.0,Tropical Storm,181.54
AL061941,UNNAMED,1941-10-20T18:00:00+00:00,1941-10-20T12:00:00-06:00,1941-10-20,,TS,29.4,-83.0,35,,Tropical Storm,171.23
AL061941,UNNAMED,1941-10-21T00:00:00+00:00,1941-10-20T18:00:00-06:00,1941-10-20,,TS,29.5,-82.9,35,,Tropical Storm,175.06
AL061941,UNNAMED,1941-10-21T06:00:00+00:00,1941-10-21T00:00:00-06:00,1941-10-21,,TS,29.4,-82.8,35,,Tropical Storm,182.73
AL061941,UNNAMED,1941-10-21T12:00:00+00:00,1941-10-21T06:00:00-06:00,1941-10-21,,TD,29.1,-82.6,30,,Tropical Depression,200.9
AL061941,UNNAMED,1941-10-21T18:00:00+00:00,1941-10-21T12:00:00-06:00,1941-10-21,,TD,29.0,-82.3,25,,Tropical Depression,220.29
AL061941,UNNAMED,1941-10-22T00:00:00+00:00,1941-10-21T18:00:00-06:00,1941-10-21,,TD,28.8,-82.1,25,,Tropical Depression,236.77
AL061941,UNNAMED,1941-10-22T06:00:00+00:00,1941-10-22T00:00:00-06:00,1941-10-22,,TD,28.4,-82.0,20,,Tropical Depression,254.45
AL021942,UNNAMED,1942-08-18T12:00:00+00:00,1942-08-18T07:00:00-05:00,1942-08-18,,TS,24.0,-87.0,45,,Tropical Storm,430.34
AL021942,UNNAMED,1942-08-18T18:00:00+00:00,1942-08-18T13:00:00-05:00,1942-08-18,,TS,25.4,-87.6,50,,Tropical Storm,345.89
AL021942,UNNAMED,1942-08-19T00:00:00+00:00,1942-08-18T19:00:00-05:00,1942-08-18,,TS,26.5,-88.3,55,,Tropical Storm,295.22
AL021942,UNNAMED,1942-08-19T06:00:00+00:00,1942-08-19T01:00:00-05:00,1942-08-19,,TS,27.4,-89.3,60,,Tropical Storm,286.68
AL021942,UNNAMED,1942-08-19T12:00:00+00:00,1942-08-19T07:00:00-05:00,1942-08-19,,HU,27.9,-90.1,65,,Category 1,305.5
AL021942,UNNAMED,1942-08-19T18:00:00+00:00,1942-08-19T13:00:00-05:00,1942-08-19,,HU,28.0,-90.8,70,,Category 1,339.53
AL021942,UNNAMED,1942-08-20T00:00:00+00:00,1942-08-19T19:00:00-05:00,1942-08-19,,HU,28.1,-91.3,70,,Category 1,364.12
AL021942,UNNAMED,1942-08-20T06:00:00+00:00,1942-08-20T01:00:00-05:00,1942-08-20,,HU,28.1,-91.7,70,,Category 1,386.51
AL021942,UNNAMED,1942-08-20T12:00:00+00:00,1942-08-20T07:00:00-05:00,1942-08-20,,HU,28.2,-92.2,70,,Category 1,412.33
AL021942,UNNAMED,1942-08-20T18:00:00+00:00,1942-08-20T13:00:00-05:00,1942-08-20,,HU,28.4,-92.7,70,,Category 1,436.62
AL021942,UNNAMED,1942-08-21T00:00:00+00:00,1942-08-20T19:00:00-05:00,1942-08-20,,HU,28.7,-93.3,70,,Category 1,466.04
AL021942,UNNAMED,1942-08-21T06:00:00+00:00,1942-08-21T01:00:00-05:00,1942-08-21,,HU,29.0,-93.9,70,,Category 1,497.01
AL021942,UNNAMED,1942-08-23T12:00:00+00:00,1942-08-23T07:00:00-05:00,1942-08-23,,EX,37.0,-87.5,20,,Tropical Depression,485.8
AL011943,UNNAMED,1943-07-25T18:00:00+00:00,1943-07-25T13:00:00-05:00,1943-07-25,,TS,28.0,-87.7,35,,Tropical Storm,188.97
AL011943,UNNAMED,1943-07-26T00:00:00+00:00,1943-07-25T19:00:00-05:00,1943-07-25,,TS,28.1,-88.9,45,,Tropical Storm,237.03
AL011943,UNNAMED,1943-07-26T06:00:00+00:00,1943-07-26T01:00:00-05:00,1943-07-26,,TS,28.1,-90.1,50,,Tropical Storm,298.56
AL011943,UNNAMED,1943-07-26T12:00:00+00:00,1943-07-26T07:00:00-05:00,1943-07-26,,TS,28.2,-91.1,60,,Tropical Storm,350.18
AL011943,UNNAMED,1943-07-26T18:00:00+00:00,1943-07-26T13:00:00-05:00,1943-07-26,,HU,28.4,-92.0,70,,Category 1,396.21
AL011943,UNNAMED,1943-07-27T00:00:00+00:00,1943-07-26T19:00:00-05:00,1943-07-26,,HU,28.6,-92.7,80,,Category 1,432.65
AL011943,UNNAMED,1943-07-27T06:00:00+00:00,1943-07-27T01:00:00-05:00,1943-07-27,,HU,28.9,-93.4,90,,Category 2,468.79
AL061943,UNNAMED,1943-09-19T00:00:00+00:00,1943-09-18T19:00:00-05:00,1943-09-18,,TS,27.9,-93.5,60,,Tropical Storm,493.88
AL061943,UNNAMED,1943-09-19T06:00:00+00:00,1943-09-19T01:00:00-05:00,1943-09-19,,TS,28.3,-93.0,60,,Tropical Storm,456.09
AL061943,UNNAMED,1943-09-19T12:00:00+00:00,1943-09-19T07:00:00-05:00,1943-09-19,,TS,28.7,-92.5,50,,Tropical Storm,419.12
AL061943,UNNAMED,1943-09-19T18:00:00+00:00,1943-09-19T13:00:00-05:00,1943-09-19,,TS,29.1,-92.1,40,,Tropical Storm,389.08
AL061943,UNNAMED,1943-09-20T00:00:00+00:00,1943-09-19T19:00:00-05:00,1943-09-19,,TS,29.4,-92.0,35,,Tropical Storm,379.34
AL061943,UNNAMED,1943-09-20T06:00:00+00:00,1943-09-20T01:00:00-05:00,1943-09-20,,TD,29.5,-92.0,25,,Tropical Depression,378.31
AL061943,UNNAMED,1943-09-20T12:00:00+00:00,1943-09-20T07:00:00-05:00,1943-09-20,,TD,29.5,-92.0,25,,Tropical Depression,378.31
AL031944,UNNAMED,1944-08-01T12:00:00+00:00,1944-08-01T07:00:00-05:00,1944-08-01,,HU,30.5,-77.7,70,,Category 1,479.57
AL031944,UNNAMED,1944-08-01T18:00:00+00:00,1944-08-01T13:00:00-05:00,1944-08-01,,HU,32.0,-78.0,70,,Category 1,475.36
AL061944,UNNAMED,1944-09-10T06:00:00+00:00,1944-09-10T01:00:00-05:00,1944-09-10,,TS,27.7,-92.6,45,,Tropical Storm,447.91
AL061944,UNNAMED,1944-09-10T12:00:00+00:00,1944-09-10T07:00:00-05:00,1944-09-10,,TS,28.4,-91.5,50,,Tropical Storm,367.59
AL061944,UNNAMED,1944-09-10T18:00:00+00:00,1944-09-10T13:00:00-05:00,1944-09-10,,TS,29.1,-89.6,55,992.0,Tropical Storm,243.0
AL061944,UNNAMED,1944-09-10T19:00:00+00:00,1944-09-10T14:00:00-05:00,1944-09-10,L,TS,29.3,-89.4,55,992.0,Tropical Storm,227.48
AL061944,UNNAMED,1944-09-10T23:00:00+00:00,1944-09-10T18:00:00-05:00,1944-09-10,L,TS,30.3,-88.3,50,,Tropical Storm,153.92
AL061944,UNNAMED,1944-09-11T00:00:00+00:00,1944-09-10T19:00:00-05:00,1944-09-10,,TS,30.7,-88.1,40,,Tropical Storm,146.7
AL061944,UNNAMED,1944-09-11T06:00:00+00:00,1944-09-11T01:00:00-05:00,1944-09-11,,TD,31.4,-87.0,30,,Tropical Depression,115.95
AL061944,UNNAMED,1944-09-11T12:00:00+00:00,1944-09-11T07:00:00-05:00,1944-09-11,,TD,32.0,-86.8,25,,Tropical Depression,144.2
AL131944,UNNAMED,1944-10-18T18:00:00+00:00,1944-10-18T13:00:00-05:00,1944-10-18,,HU,24.0,-82.9,105,949.0,Category 3,457.56
AL131944,UNNAMED,1944-10-18T21:00:00+00:00,1944-10-18T16:00:00-05:00,1944-10-18,L,HU,24.6,-82.9,105,949.0,Category 3,419.33
AL131944,UNNAMED,1944-10-19T00:00:00+00:00,1944-10-18T19:00:00-05:00,1944-10-18,,HU,25.3,-82.7,100,,Category 3,381.38
AL131944,UNNAMED,1944-10-19T06:00:00+00:00,1944-10-19T01:00:00-05:00,1944-10-19,,HU,26.9,-82.6,90,962.0,Category 2,292.82
AL131944,UNNAMED,1944-10-19T07:00:00+00:00,1944-10-19T02:00:00-05:00,1944-10-19,L,HU,27.2,-82.5,90,962.0,Category 2,281.38
AL131944,UNNAMED,1944-10-19T12:00:00+00:00,1944-10-19T07:00:00-05:00,1944-10-19,,HU,28.4,-82.1,75,968.0,Category 1,249.14
AL131944,UNNAMED,1944-10-19T18:00:00+00:00,1944-10-19T13:00:00-05:00,1944-10-19,,TS,29.8,-81.7,60,976.0,Tropical Storm,242.26
AL131944,UNNAMED,1944-10-20T00:00:00+00:00,1944-10-19T19:00:00-05:00,1944-10-19,,TS,31.2,-81.4,55,980.0,Tropical Storm,267.83
AL131944,UNNAMED,1944-10-20T06:00:00+00:00,1944-10-20T01:00:00-05:00,1944-10-20,,TS,32.4,-81.0,50,985.0,Tropical Storm,320.49
AL131944,UNNAMED,1944-10-20T12:00:00+00:00,1944-10-20T07:00:00-05:00,1944-10-20,,EX,33.7,-80.5,50,988.0,Tropical Storm,393.73
AL011945,UNNAMED,1945-06-22T00:00:00+00:00,1945-06-21T19:00:00-05:00,1945-06-21,,TS,23.0,-86.4,40,,Tropical Storm,494.02
AL011945,UNNAMED,1945-06-22T06:00:00+00:00,1945-06-22T01:00:00-05:00,1945-06-22,,TS,23.8,-86.4,45,,Tropical Storm,438.96
AL011945,UNNAMED,1945-06-22T12:00:00+00:00,1945-06-22T07:00:00-05:00,1945-06-22,,TS,24.5,-86.5,45,,Tropical Storm,391.51
AL011945,UNNAMED,1945-06-22T18:00:00+00:00,1945-06-22T13:00:00-05:00,1945-06-22,,TS,25.2,-86.6,50,,Tropical Storm,344.42
AL011945,UNNAMED,1945-06-23T00:00:00+00:00,1945-06-22T19:00:00-05:00,1945-06-22,,TS,25.9,-86.6,50,,Tropical Storm,296.7
AL011945,UNNAMED,1945-06-23T06:00:00+00:00,1945-06-23T01:00:00-05:00,1945-06-23,,TS,26.6,-86.6,55,,Tropical Storm,249.23
AL011945,UNNAMED,1945-06-23T12:00:00+00:00,1945-06-23T07:00:00-05:00,1945-06-23,,HU,27.2,-86.5,70,,Category 1,207.42
AL011945,UNNAMED,1945-06-23T18:00:00+00:00,1945-06-23T13:00:00-05:00,1945-06-23,,HU,27.6,-86.0,85,,Category 2,175.22
AL011945,UNNAMED,1945-06-24T00:00:00+00:00,1945-06-23T19:00:00-05:00,1945-06-23,,HU,28.0,-85.0,80,,Category 1,153.3
AL011945,UNNAMED,1945-06-24T06:00:00+00:00,1945-06-24T01:00:00-05:00,1945-06-24,,HU,28.5,-83.5,70,,Category 1,175.08
AL011945,UNNAMED,1945-06-24T08:00:00+00:00,1945-06-24T03:00:00-05:00,1945-06-24,L,HU,28.6,-82.7,70,,Category 1,210.68
AL011945,UNNAMED,1945-06-24T12:00:00+00:00,1945-06-24T07:00:00-05:00,1945-06-24,,TS,29.0,-82.0,50,,Tropical Storm,237.25
AL011945,UNNAMED,1945-06-24T18:00:00+00:00,1945-06-24T13:00:00-05:00,1945-06-24,,TS,29.8,-81.0,60,,Tropical Storm,284.0
AL011945,UNNAMED,1945-06-25T00:00:00+00:00,1945-06-24T19:00:00-05:00,1945-06-24,,HU,30.7,-80.1,65,,Category 1,337.78
AL011945,UNNAMED,1945-06-25T06:00:00+00:00,1945-06-25T01:00:00-05:00,1945-06-25,,HU,31.7,-79.3,65,,Category 1,396.32
AL011945,UNNAMED,1945-06-25T12:00:00+00:00,1945-06-25T07:00:00-05:00,1945-06-25,,HU,32.8,-78.5,65,,Category 1,464.32
AL021945,UNNAMED,1945-07-19T06:00:00+00:00,1945-07-19T01:00:00-05:00,1945-07-19,,TD,25.7,-90.0,30,,Tropical Depression,401.71
AL021945,UNNAMED,1945-07-19T12:00:00+00:00,1945-07-19T07:00:00-05:00,1945-07-19,,TD,26.0,-90.8,30,,Tropical Depression,420.35
AL021945,UNNAMED,1945-07-19T18:00:00+00:00,1945-07-19T13:00:00-05:00,1945-07-19,,TD,26.3,-91.5,30,,Tropical Depression,439.49
AL021945,UNNAMED,1945-07-20T00:00:00+00:00,1945-07-19T19:00:00-05:00,1945-07-19,,TS,26.6,-92.2,35,,Tropical Storm,462.53
AL021945,UNNAMED,1945-07-20T06:00:00+00:00,1945-07-20T01:00:00-05:00,1945-07-20,,TS,26.8,-92.8,35,,Tropical Storm,486.88
AL071945,UNNAMED,1945-09-04T12:00:00+00:00,1945-09-04T07:00:00-05:00,1945-09-04,,TS,24.4,-82.1,35,,Tropical Storm,453.98
AL071945,UNNAMED,1945-09-04T18:00:00+00:00,1945-09-04T13:00:00-05:00,1945-09-04,,TS,25.5,-82.0,35,,Tropical Storm,392.45
AL071945,UNNAMED,1945-09-05T00:00:00+00:00,1945-09-04T19:00:00-05:00,1945-09-04,L,TS,26.5,-82.1,35,,Tropical Storm,333.85
AL071945,UNNAMED,1945-09-05T06:00:00+00:00,1945-09-05T01:00:00-05:00,1945-09-05,,TS,27.5,-83.8,35,,Tropical Storm,215.74
AL071945,UNNAMED,1945-09-05T12:00:00+00:00,1945-09-05T07:00:00-05:00,1945-09-05,,TD,28.5,-86.0,30,,Tropical Depression,113.45
AL071945,UNNAMED,1945-09-05T18:00:00+00:00,1945-09-05T13:00:00-05:00,1945-09-05,,TD,29.3,-87.5,30,,Tropical Depression,120.54
AL071945,UNNAMED,1945-09-06T00:00:00+00:00,1945-09-05T19:00:00-05:00,1945-09-05,,TD,30.0,-88.8,30,,Tropical Depression,183.78
AL071945,UNNAMED,1945-09-06T06:00:00+00:00,1945-09-06T01:00:00-05:00,1945-09-06,,TD,30.7,-89.8,25,,Tropical Depression,245.73
AL071945,UNNAMED,1945-09-06T12:00:00+00:00,1945-09-06T07:00:00-05:00,1945-09-06,,TD,31.3,-90.8,25,,Tropical Depression,311.89
AL071945,UNNAMED,1945-09-06T18:00:00+00:00,1945-09-06T13:00:00-05:00,1945-09-06,,TD,31.9,-91.9,20,,Tropical Depression,385.33
AL091945,UNNAMED,1945-09-15T18:00:00+00:00,1945-09-15T13:00:00-05:00,1945-09-15,,HU,25.1,-80.0,115,949.0,Category 4,493.4
AL091945,UNNAMED,1945-09-15T19:30:00+00:00,1945-09-15T14:30:00-05:00,1945-09-15,L,HU,25.3,-80.3,115,949.0,Category 4,470.45
AL091945,UNNAMED,1945-09-15T20:00:00+00:00,1945-09-15T15:00:00-05:00,1945-09-15,L,HU,25.4,-80.4,115,949.0,Category 4,461.14
AL091945,UNNAMED,1945-09-16T00:00:00+00:00,1945-09-15T19:00:00-05:00,1945-09-15,,HU,25.9,-80.9,100,954.0,Category 3,414.65
AL091945,UNNAMED,1945-09-16T06:00:00+00:00,1945-09-16T01:00:00-05:00,1945-09-16,,HU,26.6,-81.5,85,963.0,Category 2,354.14
AL091945,UNNAMED,1945-09-16T12:00:00+00:00,1945-09-16T07:00:00-05:00,1945-09-16,,HU,27.5,-81.8,75,974.0,Category 1,299.13
AL091945,UNNAMED,1945-09-16T18:00:00+00:00,1945-09-16T13:00:00-05:00,1945-09-16,,HU,28.5,-81.7,70,982.0,Category 1,267.47
AL091945,UNNAMED,1945-09-17T00:00:00+00:00,1945-09-16T19:00:00-05:00,1945-09-16,,HU,29.6,-81.5,65,987.0,Category 1,256.03
AL091945,UNNAMED,1945-09-17T06:00:00+00:00,1945-09-17T01:00:00-05:00,1945-09-17,,TS,31.0,-81.2,60,990.0,Tropical Storm,276.19
AL091945,UNNAMED,1945-09-17T11:00:00+00:00,1945-09-17T06:00:00-05:00,1945-09-17,L,TS,32.1,-80.9,60,990.0,Tropical Storm,316.58
AL091945,UNNAMED,1945-09-17T12:00:00+00:00,1945-09-17T07:00:00-05:00,1945-09-17,,TS,32.3,-80.8,60,990.0,Tropical Storm,327.75
AL091945,UNNAMED,1945-09-17T18:00:00+00:00,1945-09-17T13:00:00-05:00,1945-09-17,,TS,33.4,-80.3,50,996.0,Tropical Storm,390.99
AL091945,UNNAMED,1945-09-18T00:00:00+00:00,1945-09-17T19:00:00-05:00,1945-09-17,,TS,34.4,-79.9,50,1000.0,Tropical Storm,450.69
AL011946,UNNAMED,1946-06-13T12:00:00+00:00,1946-06-13T07:00:00-05:00,1946-06-13,,TD,27.5,-86.5,25,,Tropical Depression,187.26
AL011946,UNNAMED,1946-06-13T18:00:00+00:00,1946-06-13T13:00:00-05:00,1946-06-13,,TD,27.8,-86.8,30,,Tropical Depression,173.17
AL011946,UNNAMED,1946-06-14T00:00:00+00:00,1946-06-13T19:00:00-05:00,1946-06-13,,TD,28.1,-87.2,30,,Tropical Depression,165.68
AL011946,UNNAMED,1946-06-14T06:00:00+00:00,1946-06-14T01:00:00-05:00,1946-06-14,,TS,28.4,-87.6,35,,Tropical Storm,164.04
AL011946,UNNAMED,1946-06-14T12:00:00+00:00,1946-06-14T07:00:00-05:00,1946-06-14,,TS,28.6,-88.0,35,,Tropical Storm,172.58
AL011946,UNNAMED,1946-06-14T18:00:00+00:00,1946-06-14T13:00:00-05:00,1946-06-14,,TS,28.7,-88.7,35,,Tropical Storm,204.07
AL011946,UNNAMED,1946-06-15T00:00:00+00:00,1946-06-14T19:00:00-05:00,1946-06-14,,TS,28.7,-89.5,35,,Tropical Storm,247.33
AL011946,UNNAMED,1946-06-15T06:00:00+00:00,1946-06-15T01:00:00-05:00,1946-06-15,,TS,28.8,-90.3,35,,Tropical Storm,289.74
AL011946,UNNAMED,1946-06-15T12:00:00+00:00,1946-06-15T07:00:00-05:00,1946-06-15,,TS,28.8,-91.0,35,,Tropical Storm,329.95
AL011946,UNNAMED,1946-06-15T18:00:00+00:00,1946-06-15T13:00:00-05:00,1946-06-15,,TS,28.9,-91.7,35,,Tropical Storm,368.76
AL011946,UNNAMED,1946-06-16T00:00:00+00:00,1946-06-15T19:00:00-05:00,1946-06-15,,TD,29.1,-92.4,30,,Tropical Depression,406.81
AL011946,UNNAMED,1946-06-16T06:00:00+00:00,1946-06-16T01:00:00-05:00,1946-06-16,,TD,29.4,-93.1,30,,Tropical Depression,444.8
AL011946,UNNAMED,1946-06-16T12:00:00+00:00,1946-06-16T07:00:00-05:00,1946-06-16,,TD,29.7,-93.8,25,,Tropical Depression,484.1
AL021946,UNNAMED,1946-07-05T06:00:00+00:00,1946-07-05T01:00:00-05:00,1946-07-05,,EX,31.4,-79.3,30,,Tropical Depression,391.72
AL021946,UNNAMED,1946-07-05T12:00:00+00:00,1946-07-05T07:00:00-05:00,1946-07-05,,EX,32.0,-79.2,30,,Tropical Depression,407.53
AL021946,UNNAMED,1946-07-05T18:00:00+00:00,1946-07-05T13:00:00-05:00,1946-07-05,,EX,32.6,-78.9,35,,Tropical Storm,437.62
AL021946,UNNAMED,1946-07-06T00:00:00+00:00,1946-07-05T19:00:00-05:00,1946-07-05,,TS,33.2,-78.6,40,,Tropical Storm,469.9
AL061946,UNNAMED,1946-10-07T12:00:00+00:00,1946-10-07T06:00:00-06:00,1946-10-07,,HU,23.7,-83.6,85,,Category 2,462.88
AL061946,UNNAMED,1946-10-07T18:00:00+00:00,1946-10-07T12:00:00-06:00,1946-10-07,,HU,25.4,-83.3,80,979.0,Category 1,358.65
AL061946,UNNAMED,1946-10-08T00:00:00+00:00,1946-10-07T18:00:00-06:00,1946-10-07,,HU,27.0,-82.9,75,980.0,Category 1,275.86
AL061946,UNNAMED,1946-10-08T02:00:00+00:00,1946-10-07T20:00:00-06:00,1946-10-07,L,HU,27.5,-82.6,75,980.0,Category 1,262.27
AL061946,UNNAMED,1946-10-08T06:00:00+00:00,1946-10-08T00:00:00-06:00,1946-10-08,,HU,28.6,-82.5,65,,Category 1,221.19
AL061946,UNNAMED,1946-10-08T12:00:00+00:00,1946-10-08T06:00:00-06:00,1946-10-08,,TS,30.8,-82.1,55,,Tropical Storm,221.15
AL061946,UNNAMED,1946-10-08T18:00:00+00:00,1946-10-08T12:00:00-06:00,1946-10-08,,TS,32.5,-81.7,50,,Tropical Storm,288.96
AL061946,UNNAMED,1946-10-09T00:00:00+00:00,1946-10-08T18:00:00-06:00,1946-10-08,,TS,33.5,-81.6,40,,Tropical Storm,336.36
AL061946,UNNAMED,1946-10-09T06:00:00+00:00,1946-10-09T00:00:00-06:00,1946-10-09,,EX,34.0,-81.3,35,,Tropical Storm,372.7
AL061946,UNNAMED,1946-10-09T12:00:00+00:00,1946-10-09T06:00:00-06:00,1946-10-09,,EX,34.3,-80.6,30,,Tropical Depression,415.98
AL071946,UNNAMED,1946-11-01T18:00:00+00:00,1946-11-01T12:00:00-06:00,1946-11-01,,TS,25.8,-79.3,40,1002.0,Tropical Storm,493.06
AL071946,UNNAMED,1946-11-01T22:00:00+00:00,1946-11-01T16:00:00-06:00,1946-11-01,L,TS,26.6,-80.1,40,1002.0,Tropical Storm,420.0
AL071946,UNNAMED,1946-11-02T00:00:00+00:00,1946-11-01T18:00:00-06:00,1946-11-01,,TS,26.8,-80.3,35,,Tropical Storm,401.86
AL071946,UNNAMED,1946-11-02T06:00:00+00:00,1946-11-02T00:00:00-06:00,1946-11-02,,TD,27.7,-81.2,30,,Tropical Depression,321.11
AL071946,UNNAMED,1946-11-02T12:00:00+00:00,1946-11-02T06:00:00-06:00,1946-11-02,,TD,28.5,-81.8,25,,Tropical Depression,262.02
AL071946,UNNAMED,1946-11-02T18:00:00+00:00,1946-11-02T12:00:00-06:00,1946-11-02,,TD,29.1,-82.0,25,,Tropical Depression,234.97
AL071946,UNNAMED,1946-11-03T00:00:00+00:00,1946-11-02T18:00:00-06:00,1946-11-02,,TD,29.7,-81.8,20,,Tropical Depression,237.18
AL071946,UNNAMED,1946-11-03T06:00:00+00:00,1946-11-03T00:00:00-06:00,1946-11-03,,TD,30.9,-80.7,20,,Tropical Depression,304.13
AL031947,UNNAMED,1947-08-19T12:00:00+00:00,1947-08-19T07:00:00-05:00,1947-08-19,,TS,23.4,-83.9,40,,Tropical Storm,478.14
AL031947,UNNAMED,1947-08-19T18:00:00+00:00,1947-08-19T13:00:00-05:00,1947-08-19,,TS,24.1,-84.4,45,,Tropical Storm,424.23
AL031947,UNNAMED,1947-08-20T00:00:00+00:00,1947-08-19T19:00:00-05:00,1947-08-19,,TS,24.1,-85.4,45,,Tropical Storm,416.78
AL031947,UNNAMED,1947-08-20T06:00:00+00:00,1947-08-20T01:00:00-05:00,1947-08-20,,TS,24.2,-86.3,45,,Tropical Storm,410.87
AL031947,UNNAMED,1947-08-20T12:00:00+00:00,1947-08-20T07:00:00-05:00,1947-08-20,,TS,24.4,-87.0,40,,Tropical Storm,403.17
AL031947,UNNAMED,1947-08-20T18:00:00+00:00,1947-08-20T13:00:00-05:00,1947-08-20,,TS,24.6,-87.3,40,,Tropical Storm,393.69
AL031947,UNNAMED,1947-08-21T00:00:00+00:00,1947-08-20T19:00:00-05:00,1947-08-20,,TS,25.2,-87.5,40,,Tropical Storm,357.09
AL031947,UNNAMED,1947-08-21T06:00:00+00:00,1947-08-21T01:00:00-05:00,1947-08-21,,TS,26.0,-87.7,40,,Tropical Storm,309.27
AL031947,UNNAMED,1947-08-21T12:00:00+00:00,1947-08-21T07:00:00-05:00,1947-08-21,,TS,26.8,-88.0,40,,Tropical Storm,267.92
AL031947,UNNAMED,1947-08-21T18:00:00+00:00,1947-08-21T13:00:00-05:00,1947-08-21,,TS,27.7,-88.4,40,,Tropical Storm,232.69
AL031947,UNNAMED,1947-08-22T00:00:00+00:00,1947-08-21T19:00:00-05:00,1947-08-21,,TS,28.3,-89.2,40,1004.0,Tropical Storm,244.29
AL031947,UNNAMED,1947-08-22T06:00:00+00:00,1947-08-22T01:00:00-05:00,1947-08-22,,TS,28.6,-89.8,40,,Tropical Storm,266.75
AL031947,UNNAMED,1947-08-22T12:00:00+00:00,1947-08-22T07:00:00-05:00,1947-08-22,,TS,28.9,-90.2,40,,Tropical Storm,281.76
AL031947,UNNAMED,1947-08-22T14:00:00+00:00,1947-08-22T09:00:00-05:00,1947-08-22,L,TS,29.1,-90.3,40,,Tropical Storm,283.48
AL031947,UNNAMED,1947-08-22T18:00:00+00:00,1947-08-22T13:00:00-05:00,1947-08-22,,TS,29.4,-90.8,35,,Tropical Storm,308.17
AL031947,UNNAMED,1947-08-23T00:00:00+00:00,1947-08-22T19:00:00-05:00,1947-08-22,,TS,29.0,-91.3,35,,Tropical Storm,343.61
AL031947,UNNAMED,1947-08-23T06:00:00+00:00,1947-08-23T01:00:00-05:00,1947-08-23,,TS,28.4,-91.7,40,,Tropical Storm,379.01
AL031947,UNNAMED,1947-08-23T12:00:00+00:00,1947-08-23T07:00:00-05:00,1947-08-23,,TS,27.9,-92.3,45,,Tropical Storm,425.62
AL031947,UNNAMED,1947-08-23T18:00:00+00:00,1947-08-23T13:00:00-05:00,1947-08-23,,TS,28.0,-92.9,55,,Tropical Storm,457.13
AL031947,UNNAMED,1947-08-24T00:00:00+00:00,1947-08-23T19:00:00-05:00,1947-08-23,,TS,28.3,-93.5,60,,Tropical Storm,485.13
AL051947,UNNAMED,1947-09-07T00:00:00+00:00,1947-09-06T19:00:00-05:00,1947-09-06,,TD,27.7,-85.6,25,,Tropical Depression,167.74
AL051947,UNNAMED,1947-09-07T06:00:00+00:00,1947-09-07T01:00:00-05:00,1947-09-07,,TD,27.9,-86.1,25,,Tropical Depression,155.35
AL051947,UNNAMED,1947-09-07T12:00:00+00:00,1947-09-07T07:00:00-05:00,1947-09-07,,TD,28.2,-86.7,30,,Tropical Depression,145.31
AL051947,UNNAMED,1947-09-07T18:00:00+00:00,1947-09-07T13:00:00-05:00,1947-09-07,,TS,28.5,-87.3,35,,Tropical Storm,146.8
AL051947,UNNAMED,1947-09-08T00:00:00+00:00,1947-09-07T19:00:00-05:00,1947-09-07,,TS,29.0,-87.6,40,,Tropical Storm,136.64
AL051947,UNNAMED,1947-09-08T06:00:00+00:00,1947-09-08T01:00:00-05:00,1947-09-08,,TS,29.5,-87.7,50,,Tropical Storm,125.75
AL051947,UNNAMED,1947-09-08T12:00:00+00:00,1947-09-08T07:00:00-05:00,1947-09-08,,TS,30.0,-88.0,45,,Tropical Storm,136.02
AL051947,UNNAMED,1947-09-08T14:00:00+00:00,1947-09-08T09:00:00-05:00,1947-09-08,L,TS,30.3,-88.2,45,,Tropical Storm,147.97
AL051947,UNNAMED,1947-09-08T18:00:00+00:00,1947-09-08T13:00:00-05:00,1947-09-08,,TS,30.7,-88.7,35,,Tropical Storm,181.37
AL051947,UNNAMED,1947-09-09T00:00:00+00:00,1947-09-08T19:00:00-05:00,1947-09-08,,TD,31.5,-89.5,25,,Tropical Depression,243.03
AL041947,UNNAMED,1947-09-17T12:00:00+00:00,1947-09-17T07:00:00-05:00,1947-09-17,,HU,26.3,-79.5,115,943.0,Category 4,462.16
AL041947,UNNAMED,1947-09-17T16:30:00+00:00,1947-09-17T11:30:00-05:00,1947-09-17,L,HU,26.1,-80.1,115,943.0,Category 4,441.53
AL041947,UNNAMED,1947-09-17T18:00:00+00:00,1947-09-17T13:00:00-05:00,1947-09-17,,HU,26.1,-80.4,105,951.0,Category 3,427.49
AL041947,UNNAMED,1947-09-18T00:00:00+00:00,1947-09-17T19:00:00-05:00,1947-09-17,,HU,26.2,-81.3,90,,Category 2,382.49
AL041947,UNNAMED,1947-09-18T06:00:00+00:00,1947-09-18T01:00:00-05:00,1947-09-18,,HU,26.5,-82.3,85,,Category 2,325.93
AL041947,UNNAMED,1947-09-18T12:00:00+00:00,1947-09-18T07:00:00-05:00,1947-09-18,,HU,26.8,-83.4,85,,Category 2,269.81
AL041947,UNNAMED,1947-09-18T18:00:00+00:00,1947-09-18T13:00:00-05:00,1947-09-18,,HU,27.2,-84.5,90,,Category 2,215.41
AL041947,UNNAMED,1947-09-19T00:00:00+00:00,1947-09-18T19:00:00-05:00,1947-09-18,,HU,27.7,-85.7,95,,Category 2,167.56
AL041947,UNNAMED,1947-09-19T06:00:00+00:00,1947-09-19T01:00:00-05:00,1947-09-19,,HU,28.4,-87.3,95,,Category 2,152.18
AL041947,UNNAMED,1947-09-19T12:00:00+00:00,1947-09-19T07:00:00-05:00,1947-09-19,,HU,29.4,-89.0,95,966.0,Category 2,202.42
AL041947,UNNAMED,1947-09-19T14:00:00+00:00,1947-09-19T09:00:00-05:00,1947-09-19,L,HU,29.6,-89.5,95,966.0,Category 2,228.78
AL041947,UNNAMED,1947-09-19T18:00:00+00:00,1947-09-19T13:00:00-05:00,1947-09-19,,HU,30.1,-90.7,80,970.0,Category 1,297.03
AL041947,UNNAMED,1947-09-20T00:00:00+00:00,1947-09-19T19:00:00-05:00,1947-09-19,,TS,30.8,-92.2,60,981.0,Tropical Storm,388.08
AL041947,UNNAMED,1947-09-20T06:00:00+00:00,1947-09-20T01:00:00-05:00,1947-09-20,,TS,31.6,-93.7,40,987.0,Tropical Storm,483.44
AL061947,UNNAMED,1947-09-22T12:00:00+00:00,1947-09-22T07:00:00-05:00,1947-09-22,,TS,23.8,-83.4,45,,Tropical Storm,459.93
AL061947,UNNAMED,1947-09-22T18:00:00+00:00,1947-09-22T13:00:00-05:00,1947-09-22,,TS,24.7,-83.4,50,993.0,Tropical Storm,401.12
AL061947,UNNAMED,1947-09-23T00:00:00+00:00,1947-09-22T19:00:00-05:00,1947-09-22,,TS,25.7,-83.4,50,994.0,Tropical Storm,337.19
AL061947,UNNAMED,1947-09-23T06:00:00+00:00,1947-09-23T01:00:00-05:00,1947-09-23,,TS,26.7,-83.4,50,,Tropical Storm,275.75
AL061947,UNNAMED,1947-09-23T12:00:00+00:00,1947-09-23T07:00:00-05:00,1947-09-23,,TS,27.6,-83.2,55,,Tropical Storm,232.09
AL061947,UNNAMED,1947-09-23T18:00:00+00:00,1947-09-23T13:00:00-05:00,1947-09-23,,TS,28.5,-82.9,55,,Tropical Storm,204.13
AL061947,UNNAMED,1947-09-23T22:00:00+00:00,1947-09-23T17:00:00-05:00,1947-09-23,L,TS,28.9,-82.7,55,,Tropical Storm,200.88
AL061947,UNNAMED,1947-09-24T00:00:00+00:00,1947-09-23T19:00:00-05:00,1947-09-23,,EX,29.4,-82.6,50,987.0,Tropical Storm,194.3
AL061947,UNNAMED,1947-09-24T06:00:00+00:00,1947-09-24T01:00:00-05:00,1947-09-24,,EX,30.7,-82.1,45,,Tropical Storm,219.91
AL061947,UNNAMED,1947-09-24T12:00:00+00:00,1947-09-24T07:00:00-05:00,1947-09-24,,EX,32.4,-81.2,40,,Tropical Storm,310.26
AL061947,UNNAMED,1947-09-24T18:00:00+00:00,1947-09-24T13:00:00-05:00,1947-09-24,,EX,33.6,-80.2,40,,Tropical Storm,403.56
AL071947,UNNAMED,1947-10-06T12:00:00+00:00,1947-10-06T06:00:00-06:00,1947-10-06,,EX,27.8,-78.1,35,,Tropical Storm,488.29
AL071947,UNNAMED,1947-10-06T18:00:00+00:00,1947-10-06T12:00:00-06:00,1947-10-06,,EX,28.8,-78.6,45,,Tropical Storm,438.5
AL071947,UNNAMED,1947-10-07T00:00:00+00:00,1947-10-06T18:00:00-06:00,1947-10-06,,TS,30.2,-80.0,50,,Tropical Storm,342.3
AL071947,UNNAMED,1947-10-07T04:00:00+00:00,1947-10-06T22:00:00-06:00,1947-10-06,L,TS,30.8,-81.5,50,,Tropical Storm,256.18
AL071947,UNNAMED,1947-10-07T06:00:00+00:00,1947-10-07T00:00:00-06:00,1947-10-07,,TS,30.9,-82.1,45,,Tropical Storm,222.6
AL071947,UNNAMED,1947-10-07T12:00:00+00:00,1947-10-07T06:00:00-06:00,1947-10-07,,TD,30.6,-84.9,30,,Tropical Depression,59.38
AL071947,UNNAMED,1947-10-07T18:00:00+00:00,1947-10-07T12:00:00-06:00,1947-10-07,,TD,30.3,-86.0,30,,Tropical Depression,20.15
AL071947,UNNAMED,1947-10-08T00:00:00+00:00,1947-10-07T18:00:00-06:00,1947-10-07,,TD,29.6,-84.5,25,,Tropical Depression,82.14
AL071947,UNNAMED,1947-10-08T06:00:00+00:00,1947-10-08T00:00:00-06:00,1947-10-08,,TD,30.0,-83.8,25,,Tropical Depression,115.73
AL071947,UNNAMED,1947-10-08T12:00:00+00:00,1947-10-08T06:00:00-06:00,1947-10-08,,TD,31.2,-83.4,20,,Tropical Depression,157.14
AL071947,UNNAMED,1947-10-08T18:00:00+00:00,1947-10-08T12:00:00-06:00,1947-10-08,,TD,32.5,-83.2,20,,Tropical Depression,221.86
AL071947,UNNAMED,1947-10-09T00:00:00+00:00,1947-10-08T18:00:00-06:00,1947-10-08,,TD,33.5,-83.0,20,,Tropical Depression,282.94
AL071947,UNNAMED,1947-10-09T06:00:00+00:00,1947-10-09T00:00:00-06:00,1947-10-09,,TD,34.0,-82.6,20,,Tropical Depression,324.41
AL091947,UNNAMED,1947-10-11T12:00:00+00:00,1947-10-11T06:00:00-06:00,1947-10-11,,TS,23.2,-83.4,60,,Tropical Storm,499.59
AL091947,UNNAMED,1947-10-11T18:00:00+00:00,1947-10-11T12:00:00-06:00,1947-10-11,,HU,24.3,-82.9,75,983.0,Category 1,438.37
AL091947,UNNAMED,1947-10-12T00:00:00+00:00,1947-10-11T18:00:00-06:00,1947-10-11,,HU,25.2,-81.8,80,975.0,Category 1,416.61
AL091947,UNNAMED,1947-10-12T02:00:00+00:00,1947-10-11T20:00:00-06:00,1947-10-11,L,HU,25.4,-81.2,80,975.0,Category 1,428.02
AL091947,UNNAMED,1947-10-12T06:00:00+00:00,1947-10-12T00:00:00-06:00,1947-10-12,,HU,25.8,-80.5,70,,Category 1,437.11
AL091947,UNNAMED,1947-10-12T12:00:00+00:00,1947-10-12T06:00:00-06:00,1947-10-12,,HU,26.6,-79.5,70,,Category 1,450.2
AL091947,UNNAMED,1947-10-12T18:00:00+00:00,1947-10-12T12:00:00-06:00,1947-10-12,,HU,27.3,-78.5,65,,Category 1,479.5
AL091947,UNNAMED,1947-10-14T18:00:00+00:00,1947-10-14T12:00:00-06:00,1947-10-14,,HU,31.9,-77.6,80,975.0,Category 1,496.67
AL091947,UNNAMED,1947-10-15T00:00:00+00:00,1947-10-14T18:00:00-06:00,1947-10-14,,HU,31.7,-78.4,85,966.0,Category 2,447.83
AL091947,UNNAMED,1947-10-15T06:00:00+00:00,1947-10-15T00:00:00-06:00,1947-10-15,,HU,31.6,-79.5,90,,Category 2,383.23
AL091947,UNNAMED,1947-10-15T11:00:00+00:00,1947-10-15T05:00:00-06:00,1947-10-15,L,HU,31.8,-80.9,90,,Category 2,308.64
AL091947,UNNAMED,1947-10-15T12:00:00+00:00,1947-10-15T06:00:00-06:00,1947-10-15,,HU,31.8,-81.1,90,,Category 2,297.69
AL091947,UNNAMED,1947-10-15T18:00:00+00:00,1947-10-15T12:00:00-06:00,1947-10-15,,TS,31.6,-83.1,55,,Tropical Storm,186.32
AL091947,UNNAMED,1947-10-16T00:00:00+00:00,1947-10-15T18:00:00-06:00,1947-10-15,,TS,31.3,-83.9,40,,Tropical Storm,135.67
AL091947,UNNAMED,1947-10-16T06:00:00+00:00,1947-10-16T00:00:00-06:00,1947-10-16,,TD,31.1,-84.5,30,,Tropical Depression,99.44
AL091947,UNNAMED,1947-10-16T12:00:00+00:00,1947-10-16T06:00:00-06:00,1947-10-16,,TD,31.8,-85.2,25,,Tropical Depression,119.92
AL091947,UNNAMED,1947-10-16T18:00:00+00:00,1947-10-16T12:00:00-06:00,1947-10-16,,TD,32.5,-86.3,25,,Tropical Depression,167.51
AL021948,UNNAMED,1948-07-07T18:00:00+00:00,1948-07-07T13:00:00-05:00,1948-07-07,,TD,27.5,-89.4,30,,Tropical Depression,286.77
AL021948,UNNAMED,1948-07-08T00:00:00+00:00,1948-07-07T19:00:00-05:00,1948-07-07,,TD,27.6,-89.4,30,,Tropical Depression,282.37
AL021948,UNNAMED,1948-07-08T06:00:00+00:00,1948-07-08T01:00:00-05:00,1948-07-08,,TD,27.7,-89.4,30,,Tropical Depression,278.07
AL021948,UNNAMED,1948-07-08T12:00:00+00:00,1948-07-08T07:00:00-05:00,1948-07-08,,TD,28.0,-89.2,30,,Tropical Depression,255.86
AL021948,UNNAMED,1948-07-08T18:00:00+00:00,1948-07-08T13:00:00-05:00,1948-07-08,,TD,28.5,-88.8,30,,Tropical Depression,216.35
AL021948,UNNAMED,1948-07-09T00:00:00+00:00,1948-07-08T19:00:00-05:00,1948-07-08,,TS,29.2,-88.2,35,,Tropical Storm,161.48
AL021948,UNNAMED,1948-07-09T06:00:00+00:00,1948-07-09T01:00:00-05:00,1948-07-09,,TS,30.2,-87.4,35,,Tropical Storm,99.9
AL021948,UNNAMED,1948-07-09T07:00:00+00:00,1948-07-09T02:00:00-05:00,1948-07-09,L,TS,30.3,-87.3,35,,Tropical Storm,94.52
AL021948,UNNAMED,1948-07-09T12:00:00+00:00,1948-07-09T07:00:00-05:00,1948-07-09,,TS,30.8,-86.9,35,,Tropical Storm,83.85
AL021948,UNNAMED,1948-07-09T18:00:00+00:00,1948-07-09T13:00:00-05:00,1948-07-09,,TD,31.3,-86.6,30,,Tropical Depression,96.24
AL021948,UNNAMED,1948-07-10T00:00:00+00:00,1948-07-09T19:00:00-05:00,1948-07-09,,TD,31.8,-86.6,30,,Tropical Depression,126.69
AL021948,UNNAMED,1948-07-10T06:00:00+00:00,1948-07-10T01:00:00-05:00,1948-07-10,,TD,32.3,-86.5,30,,Tropical Depression,157.01
AL021948,UNNAMED,1948-07-10T12:00:00+00:00,1948-07-10T07:00:00-05:00,1948-07-10,,TD,32.7,-86.3,25,,Tropical Depression,181.06
AL021948,UNNAMED,1948-07-10T18:00:00+00:00,1948-07-10T13:00:00-05:00,1948-07-10,,TD,33.3,-86.3,25,,Tropical Depression,221.91
AL021948,UNNAMED,1948-07-11T00:00:00+00:00,1948-07-10T19:00:00-05:00,1948-07-10,,TD,34.0,-86.5,20,,Tropical Depression,271.5
AL021948,UNNAMED,1948-07-11T06:00:00+00:00,1948-07-11T01:00:00-05:00,1948-07-11,,TD,34.6,-86.6,20,,Tropical Depression,313.33
AL021948,UNNAMED,1948-07-11T12:00:00+00:00,1948-07-11T07:00:00-05:00,1948-07-11,,TD,35.2,-86.6,15,,Tropical Depression,354.28
AL021948,UNNAMED,1948-07-11T18:00:00+00:00,1948-07-11T13:00:00-05:00,1948-07-11,,TD,35.8,-86.6,15,,Tropical Depression,395.33
AL051948,UNNAMED,1948-09-03T18:00:00+00:00,1948-09-03T13:00:00-05:00,1948-09-03,,TS,26.9,-91.9,60,990.0,Tropical Storm,435.75
AL051948,UNNAMED,1948-09-04T00:00:00+00:00,1948-09-03T19:00:00-05:00,1948-09-03,,HU,27.9,-91.3,65,,Category 1,369.94
AL051948,UNNAMED,1948-09-04T06:00:00+00:00,1948-09-04T01:00:00-05:00,1948-09-04,,HU,28.9,-90.6,70,983.0,Category 1,304.78
AL051948,UNNAMED,1948-09-04T07:00:00+00:00,1948-09-04T02:00:00-05:00,1948-09-04,L,HU,29.1,-90.5,70,983.0,Category 1,295.12
AL051948,UNNAMED,1948-09-04T12:00:00+00:00,1948-09-04T07:00:00-05:00,1948-09-04,,TS,29.9,-90.0,60,986.0,Tropical Storm,255.93
AL051948,UNNAMED,1948-09-04T18:00:00+00:00,1948-09-04T13:00:00-05:00,1948-09-04,,TS,31.1,-89.4,45,,Tropical Storm,228.38
AL051948,UNNAMED,1948-09-05T00:00:00+00:00,1948-09-04T19:00:00-05:00,1948-09-04,,TS,32.3,-89.1,35,,Tropical Storm,249.45
AL051948,UNNAMED,1948-09-05T06:00:00+00:00,1948-09-05T01:00:00-05:00,1948-09-05,,TD,33.5,-89.1,30,,Tropical Depression,305.78
AL051948,UNNAMED,1948-09-05T12:00:00+00:00,1948-09-05T07:00:00-05:00,1948-09-05,,TD,34.8,-89.2,25,,Tropical Depression,381.06
AL051948,UNNAMED,1948-09-05T18:00:00+00:00,1948-09-05T13:00:00-05:00,1948-09-05,,TD,35.8,-89.3,25,,Tropical Depression,443.28
AL051948,UNNAMED,1948-09-06T00:00:00+00:00,1948-09-05T19:00:00-05:00,1948-09-05,,TD,36.5,-89.3,25,,Tropical Depression,486.21
AL081948,UNNAMED,1948-09-21T12:00:00+00:00,1948-09-21T07:00:00-05:00,1948-09-21,,HU,24.0,-81.7,105,,Category 3,490.38
AL081948,UNNAMED,1948-09-21T17:00:00+00:00,1948-09-21T12:00:00-05:00,1948-09-21,L,HU,24.6,-81.6,105,955.0,Category 3,458.1
AL081948,UNNAMED,1948-09-21T18:00:00+00:00,1948-09-21T13:00:00-05:00,1948-09-21,,HU,24.7,-81.5,105,955.0,Category 3,455.76
AL081948,UNNAMED,1948-09-22T00:00:00+00:00,1948-09-21T19:00:00-05:00,1948-09-21,,HU,25.4,-81.4,115,,Category 4,420.22
AL081948,UNNAMED,1948-09-22T05:00:00+00:00,1948-09-22T00:00:00-05:00,1948-09-22,L,HU,25.8,-81.3,115,940.0,Category 4,402.88
AL081948,UNNAMED,1948-09-22T06:00:00+00:00,1948-09-22T01:00:00-05:00,1948-09-22,,HU,26.0,-81.2,115,940.0,Category 4,396.79
AL081948,UNNAMED,1948-09-22T12:00:00+00:00,1948-09-22T07:00:00-05:00,1948-09-22,,HU,26.5,-80.8,85,,Category 2,390.63
AL081948,UNNAMED,1948-09-22T18:00:00+00:00,1948-09-22T13:00:00-05:00,1948-09-22,,HU,27.3,-80.1,80,965.0,Category 1,392.97
AL081948,UNNAMED,1948-09-23T00:00:00+00:00,1948-09-22T19:00:00-05:00,1948-09-22,,HU,27.9,-78.9,80,,Category 1,440.29
AL091948,UNNAMED,1948-10-05T18:00:00+00:00,1948-10-05T12:00:00-06:00,1948-10-05,L,HU,24.7,-81.2,90,,Category 2,466.46
AL091948,UNNAMED,1948-10-05T20:00:00+00:00,1948-10-05T14:00:00-06:00,1948-10-05,L,HU,25.1,-80.9,90,,Category 2,455.93
AL091948,UNNAMED,1948-10-06T00:00:00+00:00,1948-10-05T18:00:00-06:00,1948-10-05,,HU,25.8,-80.2,80,979.0,Category 1,450.64
AL091948,UNNAMED,1948-10-06T06:00:00+00:00,1948-10-06T00:00:00-06:00,1948-10-06,,HU,26.8,-79.2,85,,Category 2,458.24
AL021949,UNNAMED,1949-08-26T23:00:00+00:00,1949-08-26T18:00:00-05:00,1949-08-26,L,HU,26.6,-80.0,115,954.0,Category 4,424.96
AL021949,UNNAMED,1949-08-27T00:00:00+00:00,1949-08-26T19:00:00-05:00,1949-08-26,,HU,26.6,-80.1,115,954.0,Category 4,420.0
AL021949,UNNAMED,1949-08-27T06:00:00+00:00,1949-08-27T01:00:00-05:00,1949-08-27,,HU,27.3,-81.2,85,965.0,Category 2,336.77
AL021949,UNNAMED,1949-08-27T12:00:00+00:00,1949-08-27T07:00:00-05:00,1949-08-27,,HU,28.2,-82.2,65,974.0,Category 1,251.08
AL021949,UNNAMED,1949-08-27T18:00:00+00:00,1949-08-27T13:00:00-05:00,1949-08-27,,HU,29.1,-82.8,65,980.0,Category 1,189.71
AL021949,UNNAMED,1949-08-28T00:00:00+00:00,1949-08-27T19:00:00-05:00,1949-08-27,,HU,30.3,-82.9,65,987.0,Category 1,169.4
AL021949,UNNAMED,1949-08-28T06:00:00+00:00,1949-08-28T01:00:00-05:00,1949-08-28,,HU,31.8,-82.9,65,988.0,Category 1,203.72
AL021949,UNNAMED,1949-08-28T12:00:00+00:00,1949-08-28T07:00:00-05:00,1949-08-28,,TS,33.2,-82.7,55,996.0,Tropical Storm,277.26
AL021949,UNNAMED,1949-08-28T18:00:00+00:00,1949-08-28T13:00:00-05:00,1949-08-28,,TS,34.7,-82.2,50,1000.0,Tropical Storm,377.18
AL051949,UNNAMED,1949-09-03T06:00:00+00:00,1949-09-03T01:00:00-05:00,1949-09-03,,TS,23.7,-89.0,35,,Tropical Storm,487.42
AL051949,UNNAMED,1949-09-03T12:00:00+00:00,1949-09-03T07:00:00-05:00,1949-09-03,,TS,24.2,-89.0,40,,Tropical Storm,456.0
AL051949,UNNAMED,1949-09-03T18:00:00+00:00,1949-09-03T13:00:00-05:00,1949-09-03,,TS,25.0,-89.3,45,,Tropical Storm,416.11
AL051949,UNNAMED,1949-09-04T00:00:00+00:00,1949-09-03T19:00:00-05:00,1949-09-03,,TS,26.3,-89.8,50,,Tropical Storm,362.22
AL051949,UNNAMED,1949-09-04T06:00:00+00:00,1949-09-04T01:00:00-05:00,1949-09-04,,TS,27.8,-90.2,50,,Tropical Storm,314.32
AL051949,UNNAMED,1949-09-04T12:00:00+00:00,1949-09-04T07:00:00-05:00,1949-09-04,L,TS,29.3,-90.6,50,,Tropical Storm,297.73
AL051949,UNNAMED,1949-09-04T18:00:00+00:00,1949-09-04T13:00:00-05:00,1949-09-04,,TS,30.3,-90.8,40,,Tropical Storm,302.94
AL051949,UNNAMED,1949-09-05T00:00:00+00:00,1949-09-04T19:00:00-05:00,1949-09-04,,TS,31.3,-90.6,35,,Tropical Storm,300.43
AL051949,UNNAMED,1949-09-05T06:00:00+00:00,1949-09-05T01:00:00-05:00,1949-09-05,,TD,32.3,-90.1,30,,Tropical Depression,298.73
AL051949,UNNAMED,1949-09-05T12:00:00+00:00,1949-09-05T07:00:00-05:00,1949-09-05,,TD,33.4,-89.4,25,,Tropical Depression,312.5
AL051949,UNNAMED,1949-09-05T18:00:00+00:00,1949-09-05T13:00:00-05:00,1949-09-05,,TD,34.8,-88.5,20,,Tropical Depression,361.08
AL071949,UNNAMED,1949-09-13T18:00:00+00:00,1949-09-13T13:00:00-05:00,1949-09-13,,TD,34.5,-79.1,25,,Tropical Depression,490.97
AL091949,UNNAMED,1949-09-20T12:00:00+00:00,1949-09-20T07:00:00-05:00,1949-09-20,,TS,26.0,-91.8,35,,Tropical Storm,466.97
AL091949,UNNAMED,1949-09-20T18:00:00+00:00,1949-09-20T13:00:00-05:00,1949-09-20,,TS,26.4,-92.3,35,,Tropical Storm,475.35
AL091949,UNNAMED,1949-09-21T00:00:00+00:00,1949-09-20T19:00:00-05:00,1949-09-20,,TS,26.6,-92.8,40,,Tropical Storm,493.89
AL021950,BAKER,1950-08-28T18:00:00+00:00,1950-08-28T13:00:00-05:00,1950-08-28,,TS,23.2,-87.5,55,996.0,Tropical Storm,490.77
AL021950,BAKER,1950-08-29T00:00:00+00:00,1950-08-28T19:00:00-05:00,1950-08-28,,HU,23.5,-87.7,65,,Category 1,473.56
AL021950,BAKER,1950-08-29T06:00:00+00:00,1950-08-29T01:00:00-05:00,1950-08-29,,HU,23.7,-88.0,75,,Category 1,465.39
AL021950,BAKER,1950-08-29T12:00:00+00:00,1950-08-29T07:00:00-05:00,1950-08-29,,HU,23.9,-88.3,80,,Category 1,458.23
AL021950,BAKER,1950-08-29T18:00:00+00:00,1950-08-29T13:00:00-05:00,1950-08-29,,HU,24.1,-88.4,85,,Category 2,447.45
AL021950,BAKER,1950-08-30T00:00:00+00:00,1950-08-29T19:00:00-05:00,1950-08-29,,HU,24.7,-88.6,90,,Category 2,414.06
AL021950,BAKER,1950-08-30T06:00:00+00:00,1950-08-30T01:00:00-05:00,1950-08-30,,HU,25.7,-88.8,90,,Category 2,358.57
AL021950,BAKER,1950-08-30T12:00:00+00:00,1950-08-30T07:00:00-05:00,1950-08-30,,HU,27.0,-89.0,90,,Category 2,293.22
AL021950,BAKER,1950-08-30T18:00:00+00:00,1950-08-30T13:00:00-05:00,1950-08-30,,HU,28.2,-88.7,85,,Category 2,223.15
AL021950,BAKER,1950-08-31T00:00:00+00:00,1950-08-30T19:00:00-05:00,1950-08-30,,HU,29.4,-88.2,75,979.0,Category 1,156.38
AL021950,BAKER,1950-08-31T03:00:00+00:00,1950-08-30T22:00:00-05:00,1950-08-30,L,HU,30.2,-88.0,75,979.0,Category 1,135.7
AL021950,BAKER,1950-08-31T04:00:00+00:00,1950-08-30T23:00:00-05:00,1950-08-30,L,HU,30.7,-87.9,75,,Category 1,135.27
AL021950,BAKER,1950-08-31T06:00:00+00:00,1950-08-31T01:00:00-05:00,1950-08-31,,TS,31.1,-87.9,60,,Tropical Storm,145.56
AL021950,BAKER,1950-08-31T12:00:00+00:00,1950-08-31T07:00:00-05:00,1950-08-31,,TS,33.4,-88.2,40,,Tropical Storm,268.78
AL021950,BAKER,1950-08-31T18:00:00+00:00,1950-08-31T13:00:00-05:00,1950-08-31,,TS,34.8,-88.7,35,,Tropical Storm,366.44
AL021950,BAKER,1950-09-01T00:00:00+00:00,1950-08-31T19:00:00-05:00,1950-08-31,,TD,36.0,-89.0,25,,Tropical Depression,447.83
AL021950,BAKER,1950-09-01T06:00:00+00:00,1950-09-01T01:00:00-05:00,1950-09-01,,TD,36.7,-89.0,20,,Tropical Depression,491.79
AL021950,BAKER,1950-09-01T12:00:00+00:00,1950-09-01T07:00:00-05:00,1950-09-01,,TD,36.7,-89.2,15,,Tropical Depression,496.31
AL051950,EASY,1950-09-03T12:00:00+00:00,1950-09-03T07:00:00-05:00,1950-09-03,,HU,23.8,-82.3,75,980.0,Category 1,485.3
AL051950,EASY,1950-09-03T18:00:00+00:00,1950-09-03T13:00:00-05:00,1950-09-03,,HU,24.9,-82.6,75,980.0,Category 1,408.74
AL051950,EASY,1950-09-04T00:00:00+00:00,1950-09-03T19:00:00-05:00,1950-09-03,,HU,26.2,-82.8,80,,Category 1,324.61
AL051950,EASY,1950-09-04T06:00:00+00:00,1950-09-04T01:00:00-05:00,1950-09-04,,HU,27.1,-83.3,85,,Category 2,255.73
AL051950,EASY,1950-09-04T12:00:00+00:00,1950-09-04T07:00:00-05:00,1950-09-04,,HU,27.7,-83.5,85,973.0,Category 2,215.08
AL051950,EASY,1950-09-04T18:00:00+00:00,1950-09-04T13:00:00-05:00,1950-09-04,,HU,28.0,-83.8,85,973.0,Category 2,187.46
AL051950,EASY,1950-09-05T00:00:00+00:00,1950-09-04T19:00:00-05:00,1950-09-04,,HU,28.1,-83.7,95,,Category 2,185.98
AL051950,EASY,1950-09-05T06:00:00+00:00,1950-09-05T01:00:00-05:00,1950-09-05,,HU,28.5,-83.3,105,,Category 3,184.49
AL051950,EASY,1950-09-05T12:00:00+00:00,1950-09-05T07:00:00-05:00,1950-09-05,,HU,28.8,-83.0,105,,Category 3,188.01
AL051950,EASY,1950-09-05T17:00:00+00:00,1950-09-05T12:00:00-05:00,1950-09-05,L,HU,29.1,-82.8,105,960.0,Category 3,189.71
AL051950,EASY,1950-09-05T18:00:00+00:00,1950-09-05T13:00:00-05:00,1950-09-05,,HU,29.1,-82.8,105,960.0,Category 3,189.71
AL051950,EASY,1950-09-06T00:00:00+00:00,1950-09-05T19:00:00-05:00,1950-09-05,,HU,28.7,-82.8,95,,Category 2,201.96
AL051950,EASY,1950-09-06T04:00:00+00:00,1950-09-05T23:00:00-05:00,1950-09-05,L,HU,28.5,-82.7,90,,Category 2,214.3
AL051950,EASY,1950-09-06T06:00:00+00:00,1950-09-06T01:00:00-05:00,1950-09-06,,HU,28.4,-82.6,75,,Category 1,223.14
AL051950,EASY,1950-09-06T12:00:00+00:00,1950-09-06T07:00:00-05:00,1950-09-06,,TS,28.2,-82.1,60,,Tropical Storm,256.21
AL051950,EASY,1950-09-06T18:00:00+00:00,1950-09-06T13:00:00-05:00,1950-09-06,,TS,28.6,-81.7,40,,Tropical Storm,264.54
AL051950,EASY,1950-09-07T00:00:00+00:00,1950-09-06T19:00:00-05:00,1950-09-06,,TS,29.3,-81.6,40,,Tropical Storm,254.29
AL051950,EASY,1950-09-07T06:00:00+00:00,1950-09-07T01:00:00-05:00,1950-09-07,,TS,30.2,-81.9,35,,Tropical Storm,228.85
AL051950,EASY,1950-09-07T12:00:00+00:00,1950-09-07T07:00:00-05:00,1950-09-07,,TD,31.2,-83.0,30,,Tropical Depression,178.44
AL051950,EASY,1950-09-07T18:00:00+00:00,1950-09-07T13:00:00-05:00,1950-09-07,,TD,32.0,-84.8,25,,Tropical Depression,140.76
AL051950,EASY,1950-09-08T00:00:00+00:00,1950-09-07T19:00:00-05:00,1950-09-07,,TD,33.1,-85.9,25,,Tropical Depression,205.8
AL051950,EASY,1950-09-08T06:00:00+00:00,1950-09-08T01:00:00-05:00,1950-09-08,,TD,33.9,-87.0,20,,Tropical Depression,271.22
AL051950,EASY,1950-09-08T12:00:00+00:00,1950-09-08T07:00:00-05:00,1950-09-08,,TD,35.2,-88.3,20,,Tropical Depression,381.14
AL051950,EASY,1950-09-08T18:00:00+00:00,1950-09-08T13:00:00-05:00,1950-09-08,,TD,35.2,-88.5,20,,Tropical Depression,385.84
AL051950,EASY,1950-09-09T00:00:00+00:00,1950-09-08T19:00:00-05:00,1950-09-08,,TD,35.3,-89.3,20,,Tropical Depression,413.34
AL051950,EASY,1950-09-09T06:00:00+00:00,1950-09-09T01:00:00-05:00,1950-09-09,,TD,35.0,-89.8,20,,Tropical Depression,411.76
AL051950,EASY,1950-09-09T12:00:00+00:00,1950-09-09T07:00:00-05:00,1950-09-09,,TD,35.6,-89.9,20,,Tropical Depression,448.96
AL051950,EASY,1950-09-09T18:00:00+00:00,1950-09-09T13:00:00-05:00,1950-09-09,,TD,35.9,-90.2,20,,Tropical Depression,475.55
AL081950,HOW,1950-10-01T06:00:00+00:00,1950-10-01T00:00:00-06:00,1950-10-01,,TD,25.6,-88.4,30,,Tropical Depression,352.59
AL081950,HOW,1950-10-01T12:00:00+00:00,1950-10-01T06:00:00-06:00,1950-10-01,,TD,25.8,-88.5,30,,Tropical Depression,343.29
AL081950,HOW,1950-10-01T18:00:00+00:00,1950-10-01T12:00:00-06:00,1950-10-01,,TS,26.0,-88.6,35,,Tropical Storm,334.4
AL081950,HOW,1950-10-02T00:00:00+00:00,1950-10-01T18:00:00-06:00,1950-10-01,,TS,26.1,-88.9,35,,Tropical Storm,338.57
AL081950,HOW,1950-10-02T06:00:00+00:00,1950-10-02T00:00:00-06:00,1950-10-02,,TS,26.3,-89.5,35,,Tropical Storm,349.99
AL081950,HOW,1950-10-02T12:00:00+00:00,1950-10-02T06:00:00-06:00,1950-10-02,,TS,26.4,-90.3,35,,Tropical Storm,378.85
AL081950,HOW,1950-10-02T18:00:00+00:00,1950-10-02T12:00:00-06:00,1950-10-02,,TS,26.2,-91.1,40,,Tropical Storm,424.79
AL081950,HOW,1950-10-03T00:00:00+00:00,1950-10-02T18:00:00-06:00,1950-10-02,,TS,26.0,-92.1,40,,Tropical Storm,481.58
AL131950,LOVE,1950-10-18T00:00:00+00:00,1950-10-17T18:00:00-06:00,1950-10-17,,TS,25.5,-89.5,40,,Tropical Storm,393.88
AL111950,KING,1950-10-18T05:00:00+00:00,1950-10-17T23:00:00-06:00,1950-10-17,L,HU,25.7,-80.2,115,955.0,Category 4,455.36
AL111950,KING,1950-10-18T06:00:00+00:00,1950-10-18T00:00:00-06:00,1950-10-18,,HU,25.9,-80.3,115,955.0,Category 4,441.38
AL131950,LOVE,1950-10-18T06:00:00+00:00,1950-10-18T00:00:00-06:00,1950-10-18,,TS,25.8,-90.5,50,,Tropical Storm,417.08
AL111950,KING,1950-10-18T12:00:00+00:00,1950-10-18T06:00:00-06:00,1950-10-18,,HU,27.1,-81.0,80,975.0,Category 1,354.89
AL131950,LOVE,1950-10-18T12:00:00+00:00,1950-10-18T06:00:00-06:00,1950-10-18,,TS,26.3,-90.5,60,,Tropical Storm,392.58
AL111950,KING,1950-10-18T18:00:00+00:00,1950-10-18T12:00:00-06:00,1950-10-18,,HU,28.6,-81.5,70,983.0,Category 1,275.63
AL131950,LOVE,1950-10-18T18:00:00+00:00,1950-10-18T12:00:00-06:00,1950-10-18,,TS,26.7,-91.0,60,,Tropical Storm,398.11
AL111950,KING,1950-10-19T00:00:00+00:00,1950-10-18T18:00:00-06:00,1950-10-18,,HU,30.0,-82.4,65,989.0,Category 1,199.31
AL131950,LOVE,1950-10-19T00:00:00+00:00,1950-10-18T18:00:00-06:00,1950-10-18,,TS,26.6,-91.4,60,,Tropical Storm,421.98
AL111950,KING,1950-10-19T06:00:00+00:00,1950-10-19T00:00:00-06:00,1950-10-19,,TS,31.1,-83.5,45,992.0,Tropical Storm,148.73
AL131950,LOVE,1950-10-19T06:00:00+00:00,1950-10-19T00:00:00-06:00,1950-10-19,,TS,26.4,-91.6,60,,Tropical Storm,440.16
AL111950,KING,1950-10-19T12:00:00+00:00,1950-10-19T06:00:00-06:00,1950-10-19,,TS,31.7,-84.5,35,996.0,Tropical Storm,130.99
AL131950,LOVE,1950-10-19T12:00:00+00:00,1950-10-19T06:00:00-06:00,1950-10-19,,TS,26.0,-91.6,60,990.0,Tropical Storm,457.38
AL111950,KING,1950-10-19T18:00:00+00:00,1950-10-19T12:00:00-06:00,1950-10-19,,TD,32.1,-85.3,25,999.0,Tropical Depression,138.81
AL131950,LOVE,1950-10-19T18:00:00+00:00,1950-10-19T12:00:00-06:00,1950-10-19,,HU,25.6,-91.0,65,990.0,Category 1,448.62
AL111950,KING,1950-10-20T00:00:00+00:00,1950-10-19T18:00:00-06:00,1950-10-19,,TD,32.5,-86.0,20,1000.0,Tropical Depression,164.87
AL131950,LOVE,1950-10-20T00:00:00+00:00,1950-10-19T18:00:00-06:00,1950-10-19,,HU,25.4,-89.6,70,987.0,Category 1,403.12
AL111950,KING,1950-10-20T06:00:00+00:00,1950-10-20T00:00:00-06:00,1950-10-20,,TD,32.9,-86.5,20,1002.0,Tropical Depression,197.02
AL131950,LOVE,1950-10-20T06:00:00+00:00,1950-10-20T00:00:00-06:00,1950-10-20,,HU,25.7,-88.3,70,,Category 1,343.62
AL131950,LOVE,1950-10-20T12:00:00+00:00,1950-10-20T06:00:00-06:00,1950-10-20,,HU,26.0,-87.3,70,,Category 1,300.64
AL131950,LOVE,1950-10-20T18:00:00+00:00,1950-10-20T12:00:00-06:00,1950-10-20,,HU,26.4,-86.5,70,991.0,Category 1,261.6
AL131950,LOVE,1950-10-21T00:00:00+00:00,1950-10-20T18:00:00-06:00,1950-10-20,,HU,27.1,-85.2,70,,Category 1,211.46
AL131950,LOVE,1950-10-21T06:00:00+00:00,1950-10-21T00:00:00-06:00,1950-10-21,,TS,28.5,-84.0,60,,Tropical Storm,153.19
AL131950,LOVE,1950-10-21T11:00:00+00:00,1950-10-21T05:00:00-06:00,1950-10-21,L,TS,29.7,-83.4,50,,Tropical Storm,142.6
AL131950,LOVE,1950-10-21T12:00:00+00:00,1950-10-21T06:00:00-06:00,1950-10-21,,TS,29.9,-83.3,50,,Tropical Storm,146.21
AL131950,LOVE,1950-10-21T18:00:00+00:00,1950-10-21T12:00:00-06:00,1950-10-21,,TD,30.8,-82.7,30,,Tropical Depression,186.38
AL131950,LOVE,1950-10-22T00:00:00+00:00,1950-10-21T18:00:00-06:00,1950-10-21,,TD,31.5,-82.2,30,,Tropical Depression,229.99
AL131950,LOVE,1950-10-22T06:00:00+00:00,1950-10-22T00:00:00-06:00,1950-10-22,,TD,32.0,-81.8,30,,Tropical Depression,266.21
AL131950,LOVE,1950-10-22T12:00:00+00:00,1950-10-22T06:00:00-06:00,1950-10-22,,TD,32.5,-81.4,30,,Tropical Depression,303.69
AL131950,LOVE,1950-10-22T18:00:00+00:00,1950-10-22T12:00:00-06:00,1950-10-22,,EX,33.0,-81.2,30,,Tropical Depression,332.48
AL021951,ABLE,1951-05-17T00:00:00+00:00,1951-05-16T19:00:00-05:00,1951-05-16,,TS,29.4,-77.5,45,,Tropical Storm,496.05
AL021951,ABLE,1951-05-17T06:00:00+00:00,1951-05-17T01:00:00-05:00,1951-05-17,,TS,28.8,-78.4,55,,Tropical Storm,450.27
AL021951,ABLE,1951-05-17T12:00:00+00:00,1951-05-17T07:00:00-05:00,1951-05-17,,HU,28.2,-78.8,65,,Category 1,438.67
AL021951,ABLE,1951-05-17T18:00:00+00:00,1951-05-17T13:00:00-05:00,1951-05-17,,HU,27.5,-78.9,70,983.0,Category 1,451.4
AL021951,ABLE,1951-05-18T00:00:00+00:00,1951-05-17T19:00:00-05:00,1951-05-17,,HU,27.1,-78.6,75,,Category 1,480.19
AL091951,HOW,1951-09-30T00:00:00+00:00,1951-09-29T19:00:00-05:00,1951-09-29,,TD,23.3,-87.3,25,,Tropical Depression,481.39
AL091951,HOW,1951-09-30T06:00:00+00:00,1951-09-30T01:00:00-05:00,1951-09-30,,TD,23.9,-87.4,30,,Tropical Depression,442.2
AL091951,HOW,1951-09-30T12:00:00+00:00,1951-09-30T06:00:00-06:00,1951-09-30,,TD,24.5,-87.5,30,,Tropical Depression,403.53
AL091951,HOW,1951-09-30T18:00:00+00:00,1951-09-30T12:00:00-06:00,1951-09-30,,TS,25.0,-87.6,35,,Tropical Storm,372.15
AL091951,HOW,1951-10-01T00:00:00+00:00,1951-09-30T18:00:00-06:00,1951-09-30,,TS,25.5,-87.7,35,,Tropical Storm,341.46
AL091951,HOW,1951-10-01T06:00:00+00:00,1951-10-01T00:00:00-06:00,1951-10-01,,TS,25.8,-87.6,35,,Tropical Storm,319.86
AL091951,HOW,1951-10-01T12:00:00+00:00,1951-10-01T06:00:00-06:00,1951-10-01,,TS,26.1,-86.8,40,1003.0,Tropical Storm,285.64
AL091951,HOW,1951-10-01T18:00:00+00:00,1951-10-01T12:00:00-06:00,1951-10-01,,TS,26.3,-86.0,40,,Tropical Storm,264.79
AL091951,HOW,1951-10-02T00:00:00+00:00,1951-10-01T18:00:00-06:00,1951-10-01,,TS,26.4,-84.8,45,,Tropical Storm,263.52
AL091951,HOW,1951-10-02T06:00:00+00:00,1951-10-02T00:00:00-06:00,1951-10-02,,TS,26.6,-83.3,55,,Tropical Storm,284.84
AL091951,HOW,1951-10-02T10:00:00+00:00,1951-10-02T04:00:00-06:00,1951-10-02,L,TS,26.7,-82.3,55,,Tropical Storm,315.31
AL091951,HOW,1951-10-02T12:00:00+00:00,1951-10-02T06:00:00-06:00,1951-10-02,,TS,26.8,-81.7,45,,Tropical Storm,335.65
AL091951,HOW,1951-10-02T18:00:00+00:00,1951-10-02T12:00:00-06:00,1951-10-02,,TS,27.6,-80.1,50,,Tropical Storm,382.67
AL091951,HOW,1951-10-03T00:00:00+00:00,1951-10-02T18:00:00-06:00,1951-10-02,,TS,28.8,-78.7,60,,Tropical Storm,432.63
AL101951,ITEM,1951-10-17T18:00:00+00:00,1951-10-17T12:00:00-06:00,1951-10-17,,TD,23.6,-82.9,25,,Tropical Depression,483.34
AL011952,UNNAMED,1952-02-03T00:00:00+00:00,1952-02-02T18:00:00-06:00,1952-02-02,,LO,23.7,-82.8,40,,Tropical Storm,479.16
AL011952,UNNAMED,1952-02-03T06:00:00+00:00,1952-02-03T00:00:00-06:00,1952-02-03,,TS,26.2,-80.6,55,,Tropical Storm,413.65
AL011952,UNNAMED,1952-02-03T12:00:00+00:00,1952-02-03T06:00:00-06:00,1952-02-03,,TS,28.9,-78.6,55,,Tropical Storm,436.91
AL031952,UNNAMED,1952-08-28T00:00:00+00:00,1952-08-27T19:00:00-05:00,1952-08-27,,TS,33.3,-78.2,45,1000.0,Tropical Storm,493.79
AL031952,UNNAMED,1952-08-28T03:00:00+00:00,1952-08-27T22:00:00-05:00,1952-08-27,L,TS,33.7,-78.7,45,1000.0,Tropical Storm,480.45
AL031952,UNNAMED,1952-08-28T06:00:00+00:00,1952-08-28T01:00:00-05:00,1952-08-28,,TS,34.4,-79.5,40,,Tropical Storm,468.58
AL031952,UNNAMED,1952-08-28T12:00:00+00:00,1952-08-28T07:00:00-05:00,1952-08-28,,TD,35.7,-81.0,30,,Tropical Depression,472.76
AL021952,ABLE,1952-08-30T00:00:00+00:00,1952-08-29T19:00:00-05:00,1952-08-29,,HU,28.5,-77.7,65,,Category 1,496.52
AL021952,ABLE,1952-08-30T06:00:00+00:00,1952-08-30T01:00:00-05:00,1952-08-30,,HU,29.1,-78.8,70,,Category 1,422.19
AL021952,ABLE,1952-08-30T12:00:00+00:00,1952-08-30T07:00:00-05:00,1952-08-30,,HU,29.8,-79.5,70,992.0,Category 1,373.55
AL021952,ABLE,1952-08-30T18:00:00+00:00,1952-08-30T13:00:00-05:00,1952-08-30,,HU,30.7,-79.9,80,983.0,Category 1,349.61
AL021952,ABLE,1952-08-31T00:00:00+00:00,1952-08-30T19:00:00-05:00,1952-08-30,,HU,31.7,-80.4,85,,Category 2,334.12
AL021952,ABLE,1952-08-31T03:00:00+00:00,1952-08-30T22:00:00-05:00,1952-08-30,L,HU,32.3,-80.6,85,,Category 2,338.29
AL021952,ABLE,1952-08-31T06:00:00+00:00,1952-08-31T01:00:00-05:00,1952-08-31,,HU,32.9,-80.8,65,,Category 1,347.91
AL021952,ABLE,1952-08-31T12:00:00+00:00,1952-08-31T07:00:00-05:00,1952-08-31,,TS,34.2,-80.9,45,,Tropical Storm,398.75
AL021952,ABLE,1952-08-31T18:00:00+00:00,1952-08-31T13:00:00-05:00,1952-08-31,,TS,35.4,-80.6,40,,Tropical Storm,470.66
AL011953,ALICE,1953-06-01T06:00:00+00:00,1953-06-01T01:00:00-05:00,1953-06-01,,TS,23.3,-84.8,45,,Tropical Storm,475.04
AL011953,ALICE,1953-06-01T12:00:00+00:00,1953-06-01T07:00:00-05:00,1953-06-01,,TS,23.9,-85.0,50,,Tropical Storm,432.44
AL011953,ALICE,1953-06-01T18:00:00+00:00,1953-06-01T13:00:00-05:00,1953-06-01,,TS,24.2,-85.4,50,997.0,Tropical Storm,409.88
AL011953,ALICE,1953-06-02T00:00:00+00:00,1953-06-01T19:00:00-05:00,1953-06-01,,TS,24.0,-85.2,50,996.0,Tropical Storm,424.45
AL011953,ALICE,1953-06-02T06:00:00+00:00,1953-06-02T01:00:00-05:00,1953-06-02,,TS,23.5,-84.9,50,,Tropical Storm,460.59
AL011953,ALICE,1953-06-02T12:00:00+00:00,1953-06-02T07:00:00-05:00,1953-06-02,,TS,23.2,-84.6,45,,Tropical Storm,483.52
AL011953,ALICE,1953-06-02T18:00:00+00:00,1953-06-02T13:00:00-05:00,1953-06-02,,TS,23.1,-84.3,40,999.0,Tropical Storm,493.34
AL011953,ALICE,1953-06-03T12:00:00+00:00,1953-06-03T07:00:00-05:00,1953-06-03,,TS,23.2,-83.4,40,,Tropical Storm,499.59
AL011953,ALICE,1953-06-03T18:00:00+00:00,1953-06-03T13:00:00-05:00,1953-06-03,,TS,23.4,-82.9,40,,Tropical Storm,496.31
AL011953,ALICE,1953-06-04T00:00:00+00:00,1953-06-03T19:00:00-05:00,1953-06-03,,TS,23.6,-82.8,40,,Tropical Storm,485.6
AL011953,ALICE,1953-06-04T06:00:00+00:00,1953-06-04T01:00:00-05:00,1953-06-04,,TS,24.0,-83.2,45,,Tropical Storm,450.87
AL011953,ALICE,1953-06-04T12:00:00+00:00,1953-06-04T07:00:00-05:00,1953-06-04,,TS,24.5,-83.8,50,,Tropical Storm,406.28
AL011953,ALICE,1953-06-04T18:00:00+00:00,1953-06-04T13:00:00-05:00,1953-06-04,,TS,25.2,-84.4,50,,Tropical Storm,349.87
AL011953,ALICE,1953-06-05T00:00:00+00:00,1953-06-04T19:00:00-05:00,1953-06-04,,TS,25.9,-85.0,55,,Tropical Storm,295.29
AL011953,ALICE,1953-06-05T06:00:00+00:00,1953-06-05T01:00:00-05:00,1953-06-05,,TS,26.6,-85.7,55,,Tropical Storm,243.56
AL011953,ALICE,1953-06-05T12:00:00+00:00,1953-06-05T07:00:00-05:00,1953-06-05,,TS,27.3,-85.8,60,,Tropical Storm,195.23
AL011953,ALICE,1953-06-05T18:00:00+00:00,1953-06-05T13:00:00-05:00,1953-06-05,,TS,28.0,-85.8,60,,Tropical Storm,146.88
AL011953,ALICE,1953-06-06T00:00:00+00:00,1953-06-05T19:00:00-05:00,1953-06-05,,TS,28.7,-85.8,55,994.0,Tropical Storm,98.55
AL011953,ALICE,1953-06-06T06:00:00+00:00,1953-06-06T01:00:00-05:00,1953-06-06,,TS,29.3,-85.9,50,,Tropical Storm,57.91
AL011953,ALICE,1953-06-06T12:00:00+00:00,1953-06-06T07:00:00-05:00,1953-06-06,,TS,29.8,-85.9,45,,Tropical Storm,24.65
AL011953,ALICE,1953-06-06T17:00:00+00:00,1953-06-06T12:00:00-05:00,1953-06-06,L,TS,30.3,-85.9,40,,Tropical Storm,15.79
AL011953,ALICE,1953-06-06T18:00:00+00:00,1953-06-06T13:00:00-05:00,1953-06-06,,TS,30.4,-85.9,40,,Tropical Storm,21.54
AL011953,ALICE,1953-06-07T00:00:00+00:00,1953-06-06T19:00:00-05:00,1953-06-06,,TD,30.8,-85.8,25,,Tropical Depression,46.82
AL011953,ALICE,1953-06-07T06:00:00+00:00,1953-06-07T01:00:00-05:00,1953-06-07,,TD,31.1,-85.5,20,,Tropical Depression,68.74
AL021953,UNNAMED,1953-07-11T18:00:00+00:00,1953-07-11T13:00:00-05:00,1953-07-11,,TD,26.1,-81.3,25,,Tropical Depression,387.51
AL021953,UNNAMED,1953-07-12T00:00:00+00:00,1953-07-11T19:00:00-05:00,1953-07-11,,TD,26.6,-80.9,30,,Tropical Depression,381.44
AL021953,UNNAMED,1953-07-12T06:00:00+00:00,1953-07-12T01:00:00-05:00,1953-07-12,,TD,27.2,-80.5,30,,Tropical Depression,375.93
AL021953,UNNAMED,1953-07-12T12:00:00+00:00,1953-07-12T07:00:00-05:00,1953-07-12,,TS,27.7,-80.1,35,,Tropical Storm,379.43
AL021953,UNNAMED,1953-07-12T18:00:00+00:00,1953-07-12T13:00:00-05:00,1953-07-12,,TS,28.2,-79.2,35,,Tropical Storm,415.75
AL021953,UNNAMED,1953-07-13T00:00:00+00:00,1953-07-12T19:00:00-05:00,1953-07-12,,TS,28.7,-78.3,35,,Tropical Storm,457.81
AL051953,UNNAMED,1953-08-29T18:00:00+00:00,1953-08-29T13:00:00-05:00,1953-08-29,,TD,26.3,-80.9,25,1007.0,Tropical Depression,395.29
AL051953,UNNAMED,1953-08-30T00:00:00+00:00,1953-08-29T19:00:00-05:00,1953-08-29,,TD,26.9,-79.3,30,,Tropical Depression,449.38
AL051953,UNNAMED,1953-08-30T06:00:00+00:00,1953-08-30T01:00:00-05:00,1953-08-30,,TD,27.2,-78.4,30,,Tropical Depression,488.04
AL051953,UNNAMED,1953-08-31T00:00:00+00:00,1953-08-30T19:00:00-05:00,1953-08-30,,TS,28.1,-77.8,35,,Tropical Storm,498.59
AL051953,UNNAMED,1953-08-31T06:00:00+00:00,1953-08-31T01:00:00-05:00,1953-08-31,,TS,28.6,-78.1,35,,Tropical Storm,471.28
AL051953,UNNAMED,1953-08-31T12:00:00+00:00,1953-08-31T07:00:00-05:00,1953-08-31,,TS,29.2,-78.6,35,,Tropical Storm,432.75
AL051953,UNNAMED,1953-08-31T18:00:00+00:00,1953-08-31T13:00:00-05:00,1953-08-31,,TS,30.0,-79.3,35,1008.0,Tropical Storm,384.55
AL051953,UNNAMED,1953-09-01T00:00:00+00:00,1953-08-31T19:00:00-05:00,1953-08-31,,TS,30.7,-80.0,35,,Tropical Storm,343.69
AL051953,UNNAMED,1953-09-01T06:00:00+00:00,1953-09-01T01:00:00-05:00,1953-09-01,,TD,31.4,-80.8,30,,Tropical Depression,305.64
AL051953,UNNAMED,1953-09-01T12:00:00+00:00,1953-09-01T07:00:00-05:00,1953-09-01,,TD,32.2,-81.7,30,,Tropical Depression,278.04
AL051953,UNNAMED,1953-09-01T18:00:00+00:00,1953-09-01T13:00:00-05:00,1953-09-01,,TD,32.5,-82.8,25,,Tropical Depression,238.39
AL081953,UNNAMED,1953-09-16T00:00:00+00:00,1953-09-15T19:00:00-05:00,1953-09-15,,TS,24.0,-89.2,35,,Tropical Storm,473.92
AL081953,UNNAMED,1953-09-16T06:00:00+00:00,1953-09-16T01:00:00-05:00,1953-09-16,,TS,25.0,-88.1,40,,Tropical Storm,382.67
AL081953,UNNAMED,1953-09-16T12:00:00+00:00,1953-09-16T07:00:00-05:00,1953-09-16,,TS,25.9,-86.9,45,,Tropical Storm,300.51
AL081953,UNNAMED,1953-09-16T18:00:00+00:00,1953-09-16T13:00:00-05:00,1953-09-16,,TS,26.3,-85.9,45,,Tropical Storm,264.48
AL081953,UNNAMED,1953-09-17T00:00:00+00:00,1953-09-16T19:00:00-05:00,1953-09-16,,TS,26.4,-85.0,45,1004.0,Tropical Storm,261.18
AL081953,UNNAMED,1953-09-17T06:00:00+00:00,1953-09-17T01:00:00-05:00,1953-09-17,,TS,26.2,-84.7,40,,Tropical Storm,278.35
AL081953,UNNAMED,1953-09-17T12:00:00+00:00,1953-09-17T07:00:00-05:00,1953-09-17,,TS,25.9,-85.3,40,,Tropical Storm,293.09
AL081953,UNNAMED,1953-09-17T18:00:00+00:00,1953-09-17T13:00:00-05:00,1953-09-17,,TS,25.9,-85.6,40,,Tropical Storm,292.03
AL081953,UNNAMED,1953-09-18T00:00:00+00:00,1953-09-17T19:00:00-05:00,1953-09-17,,TS,25.9,-85.9,40,,Tropical Storm,292.1
AL081953,UNNAMED,1953-09-18T06:00:00+00:00,1953-09-18T01:00:00-05:00,1953-09-18,,TS,26.0,-86.3,35,,Tropical Storm,287.12
AL081953,UNNAMED,1953-09-18T12:00:00+00:00,1953-09-18T07:00:00-05:00,1953-09-18,,TS,26.4,-87.0,35,,Tropical Storm,268.72
AL081953,UNNAMED,1953-09-18T18:00:00+00:00,1953-09-18T13:00:00-05:00,1953-09-18,,TD,26.9,-86.8,30,,Tropical Depression,232.1
AL081953,UNNAMED,1953-09-19T00:00:00+00:00,1953-09-18T19:00:00-05:00,1953-09-18,,TD,27.3,-86.7,30,,Tropical Depression,203.84
AL081953,UNNAMED,1953-09-19T06:00:00+00:00,1953-09-19T01:00:00-05:00,1953-09-19,,TD,27.7,-86.5,30,,Tropical Depression,173.9
AL081953,UNNAMED,1953-09-19T12:00:00+00:00,1953-09-19T07:00:00-05:00,1953-09-19,,TD,28.1,-86.3,30,,Tropical Depression,144.08
AL081953,UNNAMED,1953-09-19T18:00:00+00:00,1953-09-19T13:00:00-05:00,1953-09-19,,TD,28.5,-85.8,30,,Tropical Depression,112.36
AL081953,UNNAMED,1953-09-20T00:00:00+00:00,1953-09-19T19:00:00-05:00,1953-09-19,,TD,28.8,-85.1,30,,Tropical Depression,99.08
AL081953,UNNAMED,1953-09-20T06:00:00+00:00,1953-09-20T01:00:00-05:00,1953-09-20,,TS,29.0,-84.4,35,,Tropical Storm,111.49
AL081953,UNNAMED,1953-09-20T12:00:00+00:00,1953-09-20T07:00:00-05:00,1953-09-20,,TS,29.0,-83.5,35,,Tropical Storm,154.92
AL081953,UNNAMED,1953-09-20T17:00:00+00:00,1953-09-20T12:00:00-05:00,1953-09-20,L,TS,29.0,-82.8,35,,Tropical Storm,192.47
AL081953,UNNAMED,1953-09-20T18:00:00+00:00,1953-09-20T13:00:00-05:00,1953-09-20,,TS,29.0,-82.7,35,,Tropical Storm,197.99
AL081953,UNNAMED,1953-09-21T00:00:00+00:00,1953-09-20T19:00:00-05:00,1953-09-20,,TD,29.0,-81.9,25,,Tropical Depression,242.93
AL091953,FLORENCE,1953-09-25T06:00:00+00:00,1953-09-25T01:00:00-05:00,1953-09-25,,HU,23.4,-87.0,80,,Category 1,471.2
AL091953,FLORENCE,1953-09-25T12:00:00+00:00,1953-09-25T07:00:00-05:00,1953-09-25,,HU,24.6,-87.6,90,968.0,Category 2,398.59
AL091953,FLORENCE,1953-09-25T18:00:00+00:00,1953-09-25T13:00:00-05:00,1953-09-25,,HU,25.9,-87.5,100,,Category 3,311.23
AL091953,FLORENCE,1953-09-26T00:00:00+00:00,1953-09-25T19:00:00-05:00,1953-09-25,,HU,27.4,-87.2,95,,Category 2,208.26
AL091953,FLORENCE,1953-09-26T06:00:00+00:00,1953-09-26T01:00:00-05:00,1953-09-26,,HU,28.9,-86.8,90,,Category 2,106.31
AL091953,FLORENCE,1953-09-26T12:00:00+00:00,1953-09-26T07:00:00-05:00,1953-09-26,,HU,29.9,-86.4,80,,Category 1,42.99
AL091953,FLORENCE,1953-09-26T15:00:00+00:00,1953-09-26T10:00:00-05:00,1953-09-26,L,HU,30.3,-86.2,80,,Category 1,30.56
AL091953,FLORENCE,1953-09-26T18:00:00+00:00,1953-09-26T13:00:00-05:00,1953-09-26,,HU,30.7,-86.1,70,,Category 1,45.44
AL091953,FLORENCE,1953-09-27T00:00:00+00:00,1953-09-26T19:00:00-05:00,1953-09-26,,TS,31.0,-85.6,50,,Tropical Storm,60.95
AL091953,FLORENCE,1953-09-27T06:00:00+00:00,1953-09-27T01:00:00-05:00,1953-09-27,,EX,31.2,-84.7,40,,Tropical Storm,96.25
AL091953,FLORENCE,1953-09-27T12:00:00+00:00,1953-09-27T06:00:00-06:00,1953-09-27,,EX,31.6,-83.1,40,,Tropical Storm,186.32
AL091953,FLORENCE,1953-09-27T18:00:00+00:00,1953-09-27T12:00:00-06:00,1953-09-27,,EX,32.1,-81.3,40,,Tropical Storm,295.42
AL111953,UNNAMED,1953-10-05T00:00:00+00:00,1953-10-04T18:00:00-06:00,1953-10-04,,TS,25.3,-79.7,35,,Tropical Storm,497.0
AL111953,UNNAMED,1953-10-05T06:00:00+00:00,1953-10-05T00:00:00-06:00,1953-10-05,,TS,26.5,-79.0,35,,Tropical Storm,479.76
AL111953,UNNAMED,1953-10-05T12:00:00+00:00,1953-10-05T06:00:00-06:00,1953-10-05,,TS,27.8,-78.3,35,,Tropical Storm,476.9
AL111953,UNNAMED,1953-10-05T18:00:00+00:00,1953-10-05T12:00:00-06:00,1953-10-05,,TS,29.1,-77.6,35,,Tropical Storm,493.36
AL121953,HAZEL,1953-10-08T18:00:00+00:00,1953-10-08T12:00:00-06:00,1953-10-08,,TS,23.2,-85.7,45,1002.0,Tropical Storm,478.48
AL121953,HAZEL,1953-10-09T00:00:00+00:00,1953-10-08T18:00:00-06:00,1953-10-08,,TS,24.1,-85.2,55,,Tropical Storm,417.56
AL121953,HAZEL,1953-10-09T06:00:00+00:00,1953-10-09T00:00:00-06:00,1953-10-09,,HU,25.2,-84.4,65,,Category 1,349.87
AL121953,HAZEL,1953-10-09T12:00:00+00:00,1953-10-09T06:00:00-06:00,1953-10-09,,HU,26.2,-83.3,75,,Category 1,308.93
AL121953,HAZEL,1953-10-09T15:00:00+00:00,1953-10-09T09:00:00-06:00,1953-10-09,L,HU,26.7,-82.2,75,,Category 1,319.36
AL121953,HAZEL,1953-10-09T16:00:00+00:00,1953-10-09T10:00:00-06:00,1953-10-09,L,HU,26.7,-82.1,75,,Category 1,323.47
AL121953,HAZEL,1953-10-09T18:00:00+00:00,1953-10-09T12:00:00-06:00,1953-10-09,,HU,27.1,-81.4,65,,Category 1,335.6
AL121953,HAZEL,1953-10-10T00:00:00+00:00,1953-10-09T18:00:00-06:00,1953-10-09,,TS,28.5,-79.1,60,,Tropical Storm,414.84
AL011954,UNNAMED,1954-05-28T12:00:00+00:00,1954-05-28T07:00:00-05:00,1954-05-28,,TD,30.7,-80.0,30,,Tropical Depression,343.69
AL011954,UNNAMED,1954-05-28T18:00:00+00:00,1954-05-28T13:00:00-05:00,1954-05-28,,TS,31.3,-79.3,35,1005.0,Tropical Storm,390.43
AL011954,UNNAMED,1954-05-29T00:00:00+00:00,1954-05-28T19:00:00-05:00,1954-05-28,,TS,32.2,-78.2,40,,Tropical Storm,467.58
AL021954,UNNAMED,1954-06-18T00:00:00+00:00,1954-06-17T19:00:00-05:00,1954-06-17,,TD,25.8,-80.8,25,,Tropical Depression,423.94
AL021954,UNNAMED,1954-06-18T06:00:00+00:00,1954-06-18T01:00:00-05:00,1954-06-18,,TD,25.7,-80.8,25,,Tropical Depression,428.93
AL021954,UNNAMED,1954-06-18T12:00:00+00:00,1954-06-18T07:00:00-05:00,1954-06-18,,TD,25.7,-80.8,30,,Tropical Depression,428.93
AL021954,UNNAMED,1954-06-18T18:00:00+00:00,1954-06-18T13:00:00-05:00,1954-06-18,,TD,25.8,-80.8,30,,Tropical Depression,423.94
AL021954,UNNAMED,1954-06-19T00:00:00+00:00,1954-06-18T19:00:00-05:00,1954-06-18,,TD,25.8,-80.8,30,,Tropical Depression,423.94
AL021954,UNNAMED,1954-06-19T06:00:00+00:00,1954-06-19T01:00:00-05:00,1954-06-19,,TD,25.9,-80.8,30,,Tropical Depression,419.0
AL021954,UNNAMED,1954-06-19T12:00:00+00:00,1954-06-19T07:00:00-05:00,1954-06-19,,TD,26.1,-80.7,30,,Tropical Depression,413.79
AL021954,UNNAMED,1954-06-19T18:00:00+00:00,1954-06-19T13:00:00-05:00,1954-06-19,,TD,26.6,-80.6,30,,Tropical Depression,395.64
AL021954,UNNAMED,1954-06-20T00:00:00+00:00,1954-06-19T19:00:00-05:00,1954-06-19,,TD,27.1,-80.4,30,,Tropical Depression,384.89
AL021954,UNNAMED,1954-06-20T06:00:00+00:00,1954-06-20T01:00:00-05:00,1954-06-20,,TD,27.6,-80.1,30,,Tropical Depression,382.67
AL021954,UNNAMED,1954-06-20T12:00:00+00:00,1954-06-20T07:00:00-05:00,1954-06-20,,TS,28.0,-79.5,35,,Tropical Storm,403.81
AL021954,UNNAMED,1954-06-20T18:00:00+00:00,1954-06-20T13:00:00-05:00,1954-06-20,,TS,28.4,-78.8,45,,Tropical Storm,434.3
AL021954,UNNAMED,1954-06-21T00:00:00+00:00,1954-06-20T19:00:00-05:00,1954-06-20,,TS,28.8,-77.9,50,,Tropical Storm,479.74
AL041954,UNNAMED,1954-07-10T12:00:00+00:00,1954-07-10T07:00:00-05:00,1954-07-10,,TS,31.8,-81.0,35,,Tropical Storm,303.16
AL041954,UNNAMED,1954-07-10T18:00:00+00:00,1954-07-10T13:00:00-05:00,1954-07-10,,TS,32.0,-80.4,35,,Tropical Storm,340.97
AL041954,UNNAMED,1954-07-11T00:00:00+00:00,1954-07-10T19:00:00-05:00,1954-07-10,,TS,32.2,-79.8,40,,Tropical Storm,378.71
AL041954,UNNAMED,1954-07-11T06:00:00+00:00,1954-07-11T01:00:00-05:00,1954-07-11,,TS,32.3,-79.0,40,,Tropical Storm,425.03
AL041954,UNNAMED,1954-07-11T12:00:00+00:00,1954-07-11T07:00:00-05:00,1954-07-11,,TS,32.4,-78.2,45,,Tropical Storm,471.55
AL051954,BARBARA,1954-07-27T12:00:00+00:00,1954-07-27T07:00:00-05:00,1954-07-27,,TD,27.8,-90.1,25,,Tropical Depression,309.14
AL051954,BARBARA,1954-07-27T18:00:00+00:00,1954-07-27T13:00:00-05:00,1954-07-27,,TD,28.0,-90.3,30,,Tropical Depression,312.58
AL051954,BARBARA,1954-07-28T00:00:00+00:00,1954-07-27T19:00:00-05:00,1954-07-27,,TD,28.2,-90.5,30,,Tropical Depression,317.0
AL051954,BARBARA,1954-07-28T06:00:00+00:00,1954-07-28T01:00:00-05:00,1954-07-28,,TS,28.3,-90.7,35,,Tropical Storm,325.12
AL051954,BARBARA,1954-07-28T12:00:00+00:00,1954-07-28T07:00:00-05:00,1954-07-28,,TS,28.3,-91.1,40,,Tropical Storm,347.47
AL051954,BARBARA,1954-07-28T18:00:00+00:00,1954-07-28T13:00:00-05:00,1954-07-28,,TS,28.5,-91.5,50,,Tropical Storm,365.25
AL051954,BARBARA,1954-07-29T00:00:00+00:00,1954-07-28T19:00:00-05:00,1954-07-28,,TS,28.7,-92.0,50,,Tropical Storm,389.95
AL051954,BARBARA,1954-07-29T06:00:00+00:00,1954-07-29T01:00:00-05:00,1954-07-29,,TS,29.2,-92.5,50,,Tropical Storm,411.39
AL051954,BARBARA,1954-07-29T10:00:00+00:00,1954-07-29T05:00:00-05:00,1954-07-29,L,TS,29.7,-92.8,50,999.0,Tropical Storm,424.37
AL051954,BARBARA,1954-07-29T12:00:00+00:00,1954-07-29T07:00:00-05:00,1954-07-29,,TS,29.9,-93.0,50,999.0,Tropical Storm,435.16
AL051954,BARBARA,1954-07-29T18:00:00+00:00,1954-07-29T13:00:00-05:00,1954-07-29,,TS,30.4,-93.7,40,1002.0,Tropical Storm,475.91
AL061954,CAROL,1954-08-28T18:00:00+00:00,1954-08-28T13:00:00-05:00,1954-08-28,,HU,30.4,-77.4,85,,Category 2,497.37
AL061954,CAROL,1954-08-29T00:00:00+00:00,1954-08-28T19:00:00-05:00,1954-08-28,,HU,30.4,-77.5,85,,Category 2,491.41
AL061954,CAROL,1954-08-29T06:00:00+00:00,1954-08-29T01:00:00-05:00,1954-08-29,,HU,30.3,-77.6,80,,Category 1,485.47
AL061954,CAROL,1954-08-29T12:00:00+00:00,1954-08-29T07:00:00-05:00,1954-08-29,,HU,30.5,-77.7,80,,Category 1,479.57
AL061954,CAROL,1954-08-29T18:00:00+00:00,1954-08-29T13:00:00-05:00,1954-08-29,,HU,30.8,-77.8,80,,Category 1,474.47
AL061954,CAROL,1954-08-30T00:00:00+00:00,1954-08-29T19:00:00-05:00,1954-08-29,,HU,31.1,-77.8,80,,Category 1,476.23
AL061954,CAROL,1954-08-30T06:00:00+00:00,1954-08-30T01:00:00-05:00,1954-08-30,,HU,31.6,-77.7,85,,Category 2,486.91
AL111954,UNNAMED,1954-09-15T12:00:00+00:00,1954-09-15T07:00:00-05:00,1954-09-15,,TD,25.5,-89.0,30,,Tropical Depression,376.84
AL111954,UNNAMED,1954-09-15T18:00:00+00:00,1954-09-15T13:00:00-05:00,1954-09-15,,TD,25.7,-90.0,30,,Tropical Depression,401.71
AL111954,UNNAMED,1954-09-16T00:00:00+00:00,1954-09-15T19:00:00-05:00,1954-09-15,,TS,25.8,-90.9,35,,Tropical Storm,434.45
AL111954,UNNAMED,1954-09-16T06:00:00+00:00,1954-09-16T01:00:00-05:00,1954-09-16,,TS,25.9,-91.8,35,,Tropical Storm,471.35
AL141954,HAZEL,1954-10-15T06:00:00+00:00,1954-10-15T00:00:00-06:00,1954-10-15,,HU,30.7,-78.0,115,,Category 4,462.22
AL141954,HAZEL,1954-10-15T12:00:00+00:00,1954-10-15T06:00:00-06:00,1954-10-15,,HU,32.7,-78.7,115,938.0,Category 4,450.97
AL141954,HAZEL,1954-10-15T15:30:00+00:00,1954-10-15T09:30:00-06:00,1954-10-15,L,HU,33.9,-78.6,115,938.0,Category 4,492.26
AL011955,BRENDA,1955-07-31T06:00:00+00:00,1955-07-31T01:00:00-05:00,1955-07-31,,TD,27.5,-87.5,30,,Tropical Depression,210.65
AL011955,BRENDA,1955-07-31T12:00:00+00:00,1955-07-31T07:00:00-05:00,1955-07-31,,TS,27.6,-87.9,40,,Tropical Storm,218.34
AL011955,BRENDA,1955-07-31T18:00:00+00:00,1955-07-31T13:00:00-05:00,1955-07-31,,TS,27.8,-88.2,50,,Tropical Storm,219.31
AL011955,BRENDA,1955-08-01T00:00:00+00:00,1955-07-31T19:00:00-05:00,1955-07-31,,TS,28.2,-88.4,60,,Tropical Storm,208.89
AL011955,BRENDA,1955-08-01T06:00:00+00:00,1955-08-01T01:00:00-05:00,1955-08-01,,TS,28.6,-88.6,60,,Tropical Storm,202.4
AL011955,BRENDA,1955-08-01T12:00:00+00:00,1955-08-01T07:00:00-05:00,1955-08-01,,TS,29.3,-89.0,60,,Tropical Storm,204.33
AL011955,BRENDA,1955-08-01T17:00:00+00:00,1955-08-01T12:00:00-05:00,1955-08-01,L,TS,29.7,-89.4,55,,Tropical Storm,221.74
AL011955,BRENDA,1955-08-01T18:00:00+00:00,1955-08-01T13:00:00-05:00,1955-08-01,,TS,29.9,-89.5,55,,Tropical Storm,226.08
AL011955,BRENDA,1955-08-02T00:00:00+00:00,1955-08-01T19:00:00-05:00,1955-08-01,,TS,30.6,-90.4,40,,Tropical Storm,280.32
AL011955,BRENDA,1955-08-02T06:00:00+00:00,1955-08-02T01:00:00-05:00,1955-08-02,,TD,31.1,-91.6,30,,Tropical Depression,355.45
AL011955,BRENDA,1955-08-02T12:00:00+00:00,1955-08-02T07:00:00-05:00,1955-08-02,,TD,31.5,-92.8,25,,Tropical Depression,430.07
AL011955,BRENDA,1955-08-02T18:00:00+00:00,1955-08-02T13:00:00-05:00,1955-08-02,,TD,31.8,-93.8,25,,Tropical Depression,491.8
AL051955,UNNAMED,1955-08-25T18:00:00+00:00,1955-08-25T13:00:00-05:00,1955-08-25,,TD,24.6,-85.1,30,,Tropical Depression,383.69
AL051955,UNNAMED,1955-08-26T00:00:00+00:00,1955-08-25T19:00:00-05:00,1955-08-25,,TS,25.1,-85.3,35,,Tropical Storm,348.19
AL051955,UNNAMED,1955-08-26T06:00:00+00:00,1955-08-26T01:00:00-05:00,1955-08-26,,TS,26.0,-85.7,35,,Tropical Storm,285.02
AL051955,UNNAMED,1955-08-26T12:00:00+00:00,1955-08-26T07:00:00-05:00,1955-08-26,,TS,27.4,-86.1,35,,Tropical Storm,189.61
AL051955,UNNAMED,1955-08-26T18:00:00+00:00,1955-08-26T13:00:00-05:00,1955-08-26,,TS,28.9,-87.0,40,1004.0,Tropical Storm,113.99
AL051955,UNNAMED,1955-08-27T00:00:00+00:00,1955-08-26T19:00:00-05:00,1955-08-26,,TS,29.7,-88.3,45,,Tropical Storm,156.69
AL051955,UNNAMED,1955-08-27T04:00:00+00:00,1955-08-26T23:00:00-05:00,1955-08-26,L,TS,30.0,-89.2,45,,Tropical Storm,207.67
AL051955,UNNAMED,1955-08-27T06:00:00+00:00,1955-08-27T01:00:00-05:00,1955-08-27,,TS,30.1,-89.7,45,,Tropical Storm,237.28
AL051955,UNNAMED,1955-08-27T12:00:00+00:00,1955-08-27T07:00:00-05:00,1955-08-27,,TS,30.3,-91.3,40,,Tropical Storm,332.76
AL051955,UNNAMED,1955-08-27T18:00:00+00:00,1955-08-27T13:00:00-05:00,1955-08-27,,TS,30.5,-92.9,35,,Tropical Storm,428.38
AL051955,UNNAMED,1955-08-28T00:00:00+00:00,1955-08-27T19:00:00-05:00,1955-08-27,,TD,30.5,-93.7,30,,Tropical Depression,476.0
AL011956,UNNAMED,1956-06-13T06:00:00+00:00,1956-06-13T01:00:00-05:00,1956-06-13,,TS,25.1,-91.3,45,,Tropical Storm,486.5
AL011956,UNNAMED,1956-06-13T12:00:00+00:00,1956-06-13T07:00:00-05:00,1956-06-13,,TS,27.5,-90.9,50,1004.0,Tropical Storm,361.68
AL011956,UNNAMED,1956-06-13T17:00:00+00:00,1956-06-13T12:00:00-05:00,1956-06-13,L,TS,29.1,-90.7,50,,Tropical Storm,306.8
AL011956,UNNAMED,1956-06-13T18:00:00+00:00,1956-06-13T13:00:00-05:00,1956-06-13,,TS,29.4,-90.6,50,,Tropical Storm,296.34
AL011956,UNNAMED,1956-06-14T00:00:00+00:00,1956-06-13T19:00:00-05:00,1956-06-13,,TS,31.0,-90.6,35,1001.0,Tropical Storm,295.95
AL011956,UNNAMED,1956-06-14T06:00:00+00:00,1956-06-14T01:00:00-05:00,1956-06-14,,TD,32.4,-91.0,30,,Tropical Depression,348.63
AL011956,UNNAMED,1956-06-14T12:00:00+00:00,1956-06-14T07:00:00-05:00,1956-06-14,,TD,33.8,-91.7,25,1006.0,Tropical Depression,432.23
AL071956,FLOSSY,1956-09-23T06:00:00+00:00,1956-09-23T01:00:00-05:00,1956-09-23,,TS,25.0,-91.1,55,994.0,Tropical Storm,483.15
AL071956,FLOSSY,1956-09-23T12:00:00+00:00,1956-09-23T07:00:00-05:00,1956-09-23,,TS,26.2,-91.3,60,,Tropical Storm,434.23
AL071956,FLOSSY,1956-09-23T18:00:00+00:00,1956-09-23T13:00:00-05:00,1956-09-23,,HU,27.1,-91.3,70,,Category 1,397.19
AL071956,FLOSSY,1956-09-24T00:00:00+00:00,1956-09-23T19:00:00-05:00,1956-09-23,,HU,28.0,-90.9,75,984.0,Category 1,344.98
AL071956,FLOSSY,1956-09-24T06:00:00+00:00,1956-09-24T01:00:00-05:00,1956-09-24,,HU,28.7,-90.1,75,,Category 1,280.82
AL071956,FLOSSY,1956-09-24T10:00:00+00:00,1956-09-24T05:00:00-05:00,1956-09-24,L,HU,29.1,-89.4,75,980.0,Category 1,231.54
AL071956,FLOSSY,1956-09-24T12:00:00+00:00,1956-09-24T07:00:00-05:00,1956-09-24,,HU,29.4,-88.9,75,980.0,Category 1,196.61
AL071956,FLOSSY,1956-09-24T18:00:00+00:00,1956-09-24T13:00:00-05:00,1956-09-24,,HU,29.9,-87.6,80,,Category 1,112.95
AL071956,FLOSSY,1956-09-25T00:00:00+00:00,1956-09-24T19:00:00-05:00,1956-09-24,L,HU,30.4,-86.4,80,974.0,Category 1,44.27
AL071956,FLOSSY,1956-09-25T06:00:00+00:00,1956-09-25T01:00:00-05:00,1956-09-25,,TS,30.8,-85.4,50,,Tropical Storm,50.61
AL071956,FLOSSY,1956-09-25T12:00:00+00:00,1956-09-25T07:00:00-05:00,1956-09-25,,TS,31.2,-84.4,40,,Tropical Storm,108.47
AL071956,FLOSSY,1956-09-25T18:00:00+00:00,1956-09-25T13:00:00-05:00,1956-09-25,,EX,31.9,-83.2,35,998.0,Tropical Storm,193.6
AL071956,FLOSSY,1956-09-26T00:00:00+00:00,1956-09-25T19:00:00-05:00,1956-09-25,,EX,32.6,-81.8,40,999.0,Tropical Storm,288.06
AL071956,FLOSSY,1956-09-26T06:00:00+00:00,1956-09-26T01:00:00-05:00,1956-09-26,,EX,33.4,-80.3,45,999.0,Tropical Storm,390.99
AL071956,FLOSSY,1956-09-26T12:00:00+00:00,1956-09-26T07:00:00-05:00,1956-09-26,,EX,34.1,-79.1,45,1001.0,Tropical Storm,475.18
AL111956,UNNAMED,1956-10-15T18:00:00+00:00,1956-10-15T13:00:00-05:00,1956-10-15,,TS,24.8,-80.5,50,,Tropical Storm,487.88
AL111956,UNNAMED,1956-10-15T21:00:00+00:00,1956-10-15T16:00:00-05:00,1956-10-15,L,TS,25.2,-80.6,50,,Tropical Storm,462.84
AL111956,UNNAMED,1956-10-16T00:00:00+00:00,1956-10-15T19:00:00-05:00,1956-10-15,,TS,25.6,-80.6,55,,Tropical Storm,442.53
AL111956,UNNAMED,1956-10-16T06:00:00+00:00,1956-10-16T01:00:00-05:00,1956-10-16,,TS,26.9,-80.7,55,,Tropical Storm,377.96
AL111956,UNNAMED,1956-10-16T12:00:00+00:00,1956-10-16T07:00:00-05:00,1956-10-16,,TS,28.2,-80.7,50,999.0,Tropical Storm,331.31
AL111956,UNNAMED,1956-10-16T18:00:00+00:00,1956-10-16T13:00:00-05:00,1956-10-16,,TS,29.2,-80.6,50,,Tropical Storm,314.53
AL111956,UNNAMED,1956-10-17T00:00:00+00:00,1956-10-16T19:00:00-05:00,1956-10-16,,TS,30.1,-80.3,50,997.0,Tropical Storm,324.52
AL111956,UNNAMED,1956-10-17T06:00:00+00:00,1956-10-17T01:00:00-05:00,1956-10-17,,TS,31.1,-79.8,50,996.0,Tropical Storm,358.95
AL111956,UNNAMED,1956-10-17T12:00:00+00:00,1956-10-17T07:00:00-05:00,1956-10-17,,TS,32.3,-78.9,50,,Tropical Storm,430.56
AL011957,UNNAMED,1957-06-08T06:00:00+00:00,1957-06-08T01:00:00-05:00,1957-06-08,,TS,25.0,-89.2,35,,Tropical Storm,412.92
AL011957,UNNAMED,1957-06-08T12:00:00+00:00,1957-06-08T07:00:00-05:00,1957-06-08,,TS,26.5,-87.8,40,1002.0,Tropical Storm,280.31
AL011957,UNNAMED,1957-06-08T18:00:00+00:00,1957-06-08T13:00:00-05:00,1957-06-08,,TS,28.2,-86.2,45,,Tropical Storm,135.99
AL011957,UNNAMED,1957-06-09T00:00:00+00:00,1957-06-08T19:00:00-05:00,1957-06-08,,TS,30.0,-84.3,45,1000.0,Tropical Storm,85.95
AL011957,UNNAMED,1957-06-09T00:30:00+00:00,1957-06-08T19:30:00-05:00,1957-06-08,L,TS,30.1,-84.2,45,1000.0,Tropical Storm,91.46
AL011957,UNNAMED,1957-06-09T06:00:00+00:00,1957-06-09T01:00:00-05:00,1957-06-09,,TS,31.6,-82.3,35,1003.0,Tropical Storm,227.52
AL011957,UNNAMED,1957-06-09T12:00:00+00:00,1957-06-09T07:00:00-05:00,1957-06-09,,TS,32.1,-80.2,35,1000.0,Tropical Storm,354.38
AL011957,UNNAMED,1957-06-09T18:00:00+00:00,1957-06-09T13:00:00-05:00,1957-06-09,,TS,32.3,-78.2,45,,Tropical Storm,469.52
AL021957,AUDREY,1957-06-27T12:00:00+00:00,1957-06-27T07:00:00-05:00,1957-06-27,,HU,29.3,-93.8,110,946.0,Category 3,487.51
AL021957,AUDREY,1957-06-27T13:30:00+00:00,1957-06-27T08:30:00-05:00,1957-06-27,L,HU,29.8,-93.7,110,946.0,Category 3,477.51
AL021957,AUDREY,1957-06-27T18:00:00+00:00,1957-06-27T13:00:00-05:00,1957-06-27,,HU,30.6,-93.5,80,,Category 1,464.29
AL021957,AUDREY,1957-06-28T00:00:00+00:00,1957-06-27T19:00:00-05:00,1957-06-27,,TS,32.0,-92.8,55,,Tropical Storm,437.93
AL021957,AUDREY,1957-06-28T06:00:00+00:00,1957-06-28T01:00:00-05:00,1957-06-28,,TS,33.3,-91.2,40,,Tropical Storm,389.12
AL021957,AUDREY,1957-06-28T12:00:00+00:00,1957-06-28T07:00:00-05:00,1957-06-28,,TS,34.7,-89.0,35,,Tropical Storm,369.13
AL021957,AUDREY,1957-06-28T18:00:00+00:00,1957-06-28T13:00:00-05:00,1957-06-28,,TS,36.5,-86.1,35,,Tropical Storm,440.99
AL031957,BERTHA,1957-08-08T00:00:00+00:00,1957-08-07T19:00:00-05:00,1957-08-07,,TD,27.0,-87.4,25,,Tropical Depression,238.51
AL031957,BERTHA,1957-08-08T06:00:00+00:00,1957-08-08T01:00:00-05:00,1957-08-08,,TD,27.0,-88.0,30,,Tropical Depression,256.1
AL031957,BERTHA,1957-08-08T12:00:00+00:00,1957-08-08T07:00:00-05:00,1957-08-08,,TS,27.0,-88.6,35,,Tropical Storm,277.38
AL031957,BERTHA,1957-08-08T18:00:00+00:00,1957-08-08T13:00:00-05:00,1957-08-08,,TS,27.2,-89.2,45,,Tropical Storm,291.68
AL031957,BERTHA,1957-08-09T00:00:00+00:00,1957-08-08T19:00:00-05:00,1957-08-08,,TS,27.5,-89.9,55,1000.0,Tropical Storm,310.8
AL031957,BERTHA,1957-08-09T06:00:00+00:00,1957-08-09T01:00:00-05:00,1957-08-09,,TS,27.8,-90.6,50,,Tropical Storm,335.33
AL031957,BERTHA,1957-08-09T12:00:00+00:00,1957-08-09T07:00:00-05:00,1957-08-09,,TS,28.3,-91.3,45,,Tropical Storm,358.74
AL031957,BERTHA,1957-08-09T18:00:00+00:00,1957-08-09T13:00:00-05:00,1957-08-09,,TS,29.0,-92.2,50,1005.0,Tropical Storm,396.47
AL031957,BERTHA,1957-08-10T00:00:00+00:00,1957-08-09T19:00:00-05:00,1957-08-09,,TS,29.5,-93.1,55,,Tropical Storm,443.85
AL031957,BERTHA,1957-08-10T06:00:00+00:00,1957-08-10T01:00:00-05:00,1957-08-10,L,TS,29.7,-93.9,55,998.0,Tropical Storm,490.07
AL051957,DEBBIE,1957-09-07T06:00:00+00:00,1957-09-07T01:00:00-05:00,1957-09-07,,TS,23.9,-89.8,35,,Tropical Storm,497.64
AL051957,DEBBIE,1957-09-07T12:00:00+00:00,1957-09-07T07:00:00-05:00,1957-09-07,,TS,25.0,-89.5,35,,Tropical Storm,422.66
AL051957,DEBBIE,1957-09-07T18:00:00+00:00,1957-09-07T13:00:00-05:00,1957-09-07,,TS,26.3,-89.0,35,,Tropical Storm,330.84
AL051957,DEBBIE,1957-09-08T00:00:00+00:00,1957-09-07T19:00:00-05:00,1957-09-07,,TS,27.7,-88.5,35,,Tropical Storm,236.92
AL051957,DEBBIE,1957-09-08T06:00:00+00:00,1957-09-08T01:00:00-05:00,1957-09-08,,TS,28.9,-87.9,35,,Tropical Storm,155.52
AL051957,DEBBIE,1957-09-08T12:00:00+00:00,1957-09-08T07:00:00-05:00,1957-09-08,,TS,29.7,-87.0,35,1003.0,Tropical Storm,81.53
AL051957,DEBBIE,1957-09-08T17:00:00+00:00,1957-09-08T12:00:00-05:00,1957-09-08,L,TS,30.3,-86.1,35,,Tropical Storm,25.18
AL051957,DEBBIE,1957-09-08T18:00:00+00:00,1957-09-08T13:00:00-05:00,1957-09-08,,TS,30.4,-86.0,35,,Tropical Storm,24.91
AL051957,DEBBIE,1957-09-09T00:00:00+00:00,1957-09-08T19:00:00-05:00,1957-09-08,,TD,31.6,-85.1,30,,Tropical Depression,108.55
AL051957,DEBBIE,1957-09-09T06:00:00+00:00,1957-09-09T01:00:00-05:00,1957-09-09,,TD,33.1,-84.4,25,,Tropical Depression,219.94
AL061957,ESTHER,1957-09-18T00:00:00+00:00,1957-09-17T19:00:00-05:00,1957-09-17,,TS,26.4,-92.3,45,,Tropical Storm,475.35
AL061957,ESTHER,1957-09-18T06:00:00+00:00,1957-09-18T01:00:00-05:00,1957-09-18,,TS,27.9,-91.6,50,1000.0,Tropical Storm,386.49
AL061957,ESTHER,1957-09-18T12:00:00+00:00,1957-09-18T07:00:00-05:00,1957-09-18,L,TS,29.2,-90.9,55,,Tropical Storm,316.88
AL061957,ESTHER,1957-09-18T18:00:00+00:00,1957-09-18T13:00:00-05:00,1957-09-18,,TS,30.4,-90.7,50,,Tropical Storm,297.18
AL061957,ESTHER,1957-09-19T00:00:00+00:00,1957-09-18T19:00:00-05:00,1957-09-18,,TS,31.5,-90.7,35,1002.0,Tropical Storm,309.81
AL061957,ESTHER,1957-09-19T06:00:00+00:00,1957-09-19T01:00:00-05:00,1957-09-19,,TD,32.5,-90.9,25,,Tropical Depression,346.44
AL061957,ESTHER,1957-09-19T12:00:00+00:00,1957-09-19T07:00:00-05:00,1957-09-19,,TD,33.5,-91.0,25,,Tropical Depression,387.35
AL111958,UNNAMED,1958-05-25T00:00:00+00:00,1958-05-24T19:00:00-05:00,1958-05-24,,TD,25.0,-80.5,25,1003.0,Tropical Depression,477.36
AL111958,UNNAMED,1958-05-25T06:00:00+00:00,1958-05-25T01:00:00-05:00,1958-05-25,,TD,26.0,-79.3,25,1003.0,Tropical Depression,484.53
AL111958,UNNAMED,1958-05-25T12:00:00+00:00,1958-05-25T07:00:00-05:00,1958-05-25,,TD,27.0,-79.0,30,1003.0,Tropical Depression,461.84
AL111958,UNNAMED,1958-05-25T18:00:00+00:00,1958-05-25T13:00:00-05:00,1958-05-25,,TS,27.9,-78.9,35,1002.0,Tropical Storm,440.29
AL111958,UNNAMED,1958-05-26T00:00:00+00:00,1958-05-25T19:00:00-05:00,1958-05-25,,TS,28.5,-78.8,35,,Tropical Storm,432.26
AL111958,UNNAMED,1958-05-26T06:00:00+00:00,1958-05-26T01:00:00-05:00,1958-05-26,,TS,29.2,-78.2,35,,Tropical Storm,456.5
AL111958,UNNAMED,1958-05-26T12:00:00+00:00,1958-05-26T07:00:00-05:00,1958-05-26,,TS,30.2,-77.4,35,1001.0,Tropical Storm,497.54
AL051958,ELLA,1958-09-04T12:00:00+00:00,1958-09-04T07:00:00-05:00,1958-09-04,,TS,23.2,-87.7,60,,Tropical Storm,493.66
AL051958,ELLA,1958-09-04T18:00:00+00:00,1958-09-04T13:00:00-05:00,1958-09-04,,TS,23.8,-88.8,60,,Tropical Storm,476.09
AL051958,ELLA,1958-09-05T00:00:00+00:00,1958-09-04T19:00:00-05:00,1958-09-04,,TS,24.7,-90.1,55,,Tropical Storm,460.69
AL051958,ELLA,1958-09-05T06:00:00+00:00,1958-09-05T01:00:00-05:00,1958-09-05,,TS,25.6,-91.5,55,,Tropical Storm,470.99
AL071958,GERDA,1958-09-22T00:00:00+00:00,1958-09-21T19:00:00-05:00,1958-09-21,,TD,31.3,-93.0,25,,Tropical Depression,439.33
AL081958,HELENE,1958-09-27T00:00:00+00:00,1958-09-26T19:00:00-05:00,1958-09-26,,HU,31.6,-78.3,115,943.0,Category 4,452.2
AL081958,HELENE,1958-09-27T06:00:00+00:00,1958-09-27T01:00:00-05:00,1958-09-27,,HU,32.3,-78.6,125,933.0,Category 4,447.21
AL081958,HELENE,1958-09-27T09:00:00+00:00,1958-09-27T04:00:00-05:00,1958-09-27,I,HU,32.7,-78.6,130,930.0,Category 4,456.39
AL081958,HELENE,1958-09-27T12:00:00+00:00,1958-09-27T07:00:00-05:00,1958-09-27,,HU,33.1,-78.5,120,938.0,Category 4,472.31
AL011959,ARLENE,1959-05-28T06:00:00+00:00,1959-05-28T01:00:00-05:00,1959-05-28,,TD,23.3,-86.5,25,,Tropical Depression,473.95
AL011959,ARLENE,1959-05-28T12:00:00+00:00,1959-05-28T07:00:00-05:00,1959-05-28,,TD,24.0,-87.0,30,,Tropical Depression,430.34
AL011959,ARLENE,1959-05-28T18:00:00+00:00,1959-05-28T13:00:00-05:00,1959-05-28,,TD,24.7,-87.5,30,,Tropical Depression,390.22
AL011959,ARLENE,1959-05-29T00:00:00+00:00,1959-05-28T19:00:00-05:00,1959-05-28,,TS,25.5,-88.2,35,,Tropical Storm,353.38
AL011959,ARLENE,1959-05-29T06:00:00+00:00,1959-05-29T01:00:00-05:00,1959-05-29,,TS,26.5,-89.0,40,,Tropical Storm,319.8
AL011959,ARLENE,1959-05-29T12:00:00+00:00,1959-05-29T07:00:00-05:00,1959-05-29,,TS,27.4,-90.1,45,1000.0,Tropical Storm,324.77
AL011959,ARLENE,1959-05-29T18:00:00+00:00,1959-05-29T13:00:00-05:00,1959-05-29,,TS,27.7,-91.2,45,1002.0,Tropical Storm,370.77
AL011959,ARLENE,1959-05-30T00:00:00+00:00,1959-05-29T19:00:00-05:00,1959-05-29,,TS,27.8,-91.8,45,1000.0,Tropical Storm,400.49
AL011959,ARLENE,1959-05-30T06:00:00+00:00,1959-05-30T01:00:00-05:00,1959-05-30,,TS,28.0,-91.9,45,999.0,Tropical Storm,400.43
AL011959,ARLENE,1959-05-30T12:00:00+00:00,1959-05-30T07:00:00-05:00,1959-05-30,,TS,28.5,-91.9,50,996.0,Tropical Storm,388.24
AL011959,ARLENE,1959-05-30T18:00:00+00:00,1959-05-30T13:00:00-05:00,1959-05-30,,TS,29.2,-91.8,55,993.0,Tropical Storm,369.95
AL011959,ARLENE,1959-05-30T22:00:00+00:00,1959-05-30T17:00:00-05:00,1959-05-30,L,TS,29.6,-91.6,55,,Tropical Storm,353.55
AL011959,ARLENE,1959-05-31T00:00:00+00:00,1959-05-30T19:00:00-05:00,1959-05-30,,TS,29.8,-91.6,55,,Tropical Storm,352.05
AL011959,ARLENE,1959-05-31T06:00:00+00:00,1959-05-31T01:00:00-05:00,1959-05-31,,TS,30.4,-91.4,40,,Tropical Storm,338.87
AL011959,ARLENE,1959-05-31T12:00:00+00:00,1959-05-31T07:00:00-05:00,1959-05-31,,TD,30.9,-91.2,30,,Tropical Depression,329.94
AL011959,ARLENE,1959-05-31T18:00:00+00:00,1959-05-31T13:00:00-05:00,1959-05-31,,TD,31.5,-90.9,25,,Tropical Depression,321.12
AL011959,ARLENE,1959-06-01T00:00:00+00:00,1959-05-31T19:00:00-05:00,1959-05-31,,TD,32.1,-90.5,25,,Tropical Depression,313.39
AL011959,ARLENE,1959-06-01T06:00:00+00:00,1959-06-01T01:00:00-05:00,1959-06-01,,TD,32.4,-89.9,25,,Tropical Depression,292.13
AL011959,ARLENE,1959-06-01T12:00:00+00:00,1959-06-01T07:00:00-05:00,1959-06-01,,TD,32.6,-89.1,25,,Tropical Depression,262.22
AL011959,ARLENE,1959-06-01T18:00:00+00:00,1959-06-01T13:00:00-05:00,1959-06-01,,TD,32.7,-88.3,25,,Tropical Depression,233.69
AL011959,ARLENE,1959-06-02T00:00:00+00:00,1959-06-01T19:00:00-05:00,1959-06-01,,TD,32.8,-87.2,20,,Tropical Depression,204.11
AL011959,ARLENE,1959-06-02T06:00:00+00:00,1959-06-02T01:00:00-05:00,1959-06-02,,TD,32.9,-85.0,20,,Tropical Depression,196.49
AL011959,ARLENE,1959-06-02T12:00:00+00:00,1959-06-02T07:00:00-05:00,1959-06-02,,TD,33.5,-82.7,20,,Tropical Depression,293.27
AL011959,ARLENE,1959-06-02T18:00:00+00:00,1959-06-02T13:00:00-05:00,1959-06-02,,TD,34.4,-80.0,20,,Tropical Depression,446.3
AL031959,UNNAMED,1959-06-18T00:00:00+00:00,1959-06-17T19:00:00-05:00,1959-06-17,,TS,26.3,-86.3,35,,Tropical Storm,266.55
AL031959,UNNAMED,1959-06-18T06:00:00+00:00,1959-06-18T01:00:00-05:00,1959-06-18,,TS,27.7,-83.7,40,1002.0,Tropical Storm,207.71
AL031959,UNNAMED,1959-06-18T08:00:00+00:00,1959-06-18T03:00:00-05:00,1959-06-18,L,TS,28.0,-82.8,40,1002.0,Tropical Storm,229.92
AL031959,UNNAMED,1959-06-18T12:00:00+00:00,1959-06-18T07:00:00-05:00,1959-06-18,,TS,29.0,-80.5,40,,Tropical Storm,323.75
AL031959,UNNAMED,1959-06-18T18:00:00+00:00,1959-06-18T13:00:00-05:00,1959-06-18,,TS,30.4,-77.5,45,,Tropical Storm,491.41
AL041959,CINDY,1959-07-04T12:00:00+00:00,1959-07-04T07:00:00-05:00,1959-07-04,,TD,31.5,-79.0,25,,Tropical Depression,410.43
AL041959,CINDY,1959-07-04T18:00:00+00:00,1959-07-04T13:00:00-05:00,1959-07-04,,TD,31.0,-79.0,25,,Tropical Depression,404.87
AL041959,CINDY,1959-07-05T00:00:00+00:00,1959-07-04T19:00:00-05:00,1959-07-04,,TD,30.5,-78.9,25,,Tropical Depression,408.15
AL041959,CINDY,1959-07-05T06:00:00+00:00,1959-07-05T01:00:00-05:00,1959-07-05,,TD,30.0,-78.7,25,,Tropical Depression,420.41
AL041959,CINDY,1959-07-05T12:00:00+00:00,1959-07-05T07:00:00-05:00,1959-07-05,,TD,29.8,-78.5,25,,Tropical Depression,433.29
AL041959,CINDY,1959-07-05T18:00:00+00:00,1959-07-05T13:00:00-05:00,1959-07-05,,TD,29.8,-78.3,25,,Tropical Depression,445.24
AL041959,CINDY,1959-07-06T00:00:00+00:00,1959-07-05T19:00:00-05:00,1959-07-05,,TD,30.0,-78.2,25,,Tropical Depression,450.29
AL041959,CINDY,1959-07-06T06:00:00+00:00,1959-07-06T01:00:00-05:00,1959-07-06,,TD,30.3,-78.0,25,,Tropical Depression,461.61
AL041959,CINDY,1959-07-06T12:00:00+00:00,1959-07-06T07:00:00-05:00,1959-07-06,,TD,30.5,-77.9,30,,Tropical Depression,467.66
AL041959,CINDY,1959-07-06T18:00:00+00:00,1959-07-06T13:00:00-05:00,1959-07-06,,TS,30.8,-77.7,35,,Tropical Storm,480.4
AL041959,CINDY,1959-07-08T12:00:00+00:00,1959-07-08T07:00:00-05:00,1959-07-08,,HU,32.4,-78.1,65,995.0,Category 1,477.12
AL041959,CINDY,1959-07-08T18:00:00+00:00,1959-07-08T13:00:00-05:00,1959-07-08,,HU,32.4,-78.7,65,,Category 1,443.84
AL041959,CINDY,1959-07-09T00:00:00+00:00,1959-07-08T19:00:00-05:00,1959-07-08,,HU,32.6,-79.3,65,995.0,Category 1,416.01
AL041959,CINDY,1959-07-09T04:00:00+00:00,1959-07-08T23:00:00-05:00,1959-07-08,L,HU,33.0,-79.6,65,995.0,Category 1,411.83
AL041959,CINDY,1959-07-09T06:00:00+00:00,1959-07-09T01:00:00-05:00,1959-07-09,,TS,33.2,-79.8,50,,Tropical Storm,408.25
AL041959,CINDY,1959-07-09T12:00:00+00:00,1959-07-09T07:00:00-05:00,1959-07-09,,TS,33.7,-80.1,35,,Tropical Storm,412.24
AL041959,CINDY,1959-07-09T18:00:00+00:00,1959-07-09T13:00:00-05:00,1959-07-09,,TD,34.1,-80.3,30,,Tropical Depression,419.88
AL041959,CINDY,1959-07-10T00:00:00+00:00,1959-07-09T19:00:00-05:00,1959-07-09,,TD,34.5,-79.9,30,,Tropical Depression,455.1
AL051959,DEBRA,1959-07-22T18:00:00+00:00,1959-07-22T13:00:00-05:00,1959-07-22,,TD,27.5,-91.2,25,,Tropical Depression,377.49
AL051959,DEBRA,1959-07-23T00:00:00+00:00,1959-07-22T19:00:00-05:00,1959-07-22,,TD,27.6,-91.7,25,,Tropical Depression,401.09
AL051959,DEBRA,1959-07-23T06:00:00+00:00,1959-07-23T01:00:00-05:00,1959-07-23,,TD,27.9,-92.3,30,,Tropical Depression,425.62
AL051959,DEBRA,1959-07-23T12:00:00+00:00,1959-07-23T07:00:00-05:00,1959-07-23,,TD,28.2,-92.9,30,,Tropical Depression,452.49
AL051959,DEBRA,1959-07-23T18:00:00+00:00,1959-07-23T13:00:00-05:00,1959-07-23,,TD,28.5,-93.5,30,,Tropical Depression,481.28
AL081959,GRACIE,1959-09-29T00:00:00+00:00,1959-09-28T19:00:00-05:00,1959-09-28,,HU,30.0,-78.1,110,957.0,Category 3,456.26
AL081959,GRACIE,1959-09-29T06:00:00+00:00,1959-09-29T01:00:00-05:00,1959-09-29,,HU,30.6,-79.1,115,951.0,Category 4,396.56
AL081959,GRACIE,1959-09-29T12:00:00+00:00,1959-09-29T07:00:00-05:00,1959-09-29,,HU,31.6,-79.8,115,,Category 4,366.12
AL081959,GRACIE,1959-09-29T17:00:00+00:00,1959-09-29T12:00:00-05:00,1959-09-29,L,HU,32.5,-80.4,115,951.0,Category 4,354.78
AL081959,GRACIE,1959-09-29T18:00:00+00:00,1959-09-29T13:00:00-05:00,1959-09-29,,HU,32.5,-80.6,115,951.0,Category 4,344.36
AL081959,GRACIE,1959-09-30T00:00:00+00:00,1959-09-29T19:00:00-05:00,1959-09-29,,HU,33.7,-80.9,65,,Category 1,375.76
AL081959,GRACIE,1959-09-30T06:00:00+00:00,1959-09-30T01:00:00-05:00,1959-09-30,,TS,34.8,-81.3,45,,Tropical Storm,413.45
AL081959,GRACIE,1959-09-30T12:00:00+00:00,1959-09-30T07:00:00-05:00,1959-09-30,,TS,36.0,-81.6,35,,Tropical Storm,471.0
AL101959,IRENE,1959-10-07T06:00:00+00:00,1959-10-07T01:00:00-05:00,1959-10-07,,TD,25.2,-91.0,30,,Tropical Depression,468.69
AL101959,IRENE,1959-10-07T12:00:00+00:00,1959-10-07T07:00:00-05:00,1959-10-07,,TS,26.2,-90.0,35,1003.0,Tropical Storm,375.69
AL101959,IRENE,1959-10-07T18:00:00+00:00,1959-10-07T13:00:00-05:00,1959-10-07,,TS,27.3,-89.0,35,1001.0,Tropical Storm,278.11
AL101959,IRENE,1959-10-08T00:00:00+00:00,1959-10-07T19:00:00-05:00,1959-10-07,,TS,28.4,-88.2,35,1002.0,Tropical Storm,190.7
AL101959,IRENE,1959-10-08T06:00:00+00:00,1959-10-08T01:00:00-05:00,1959-10-08,,TS,29.4,-87.8,40,,Tropical Storm,133.88
AL101959,IRENE,1959-10-08T10:00:00+00:00,1959-10-08T05:00:00-05:00,1959-10-08,L,TS,30.3,-87.6,40,1000.0,Tropical Storm,112.31
AL101959,IRENE,1959-10-08T12:00:00+00:00,1959-10-08T07:00:00-05:00,1959-10-08,,TS,30.6,-87.6,40,1000.0,Tropical Storm,116.21
AL101959,IRENE,1959-10-08T18:00:00+00:00,1959-10-08T13:00:00-05:00,1959-10-08,,TD,31.7,-87.0,30,1003.0,Tropical Depression,132.32
AL101959,IRENE,1959-10-09T00:00:00+00:00,1959-10-08T19:00:00-05:00,1959-10-08,,TD,32.8,-86.3,25,,Tropical Depression,187.85
AL101959,IRENE,1959-10-09T06:00:00+00:00,1959-10-09T01:00:00-05:00,1959-10-09,,TD,33.7,-85.3,20,,Tropical Depression,248.29
AL101959,IRENE,1959-10-09T12:00:00+00:00,1959-10-09T07:00:00-05:00,1959-10-09,,TD,34.5,-83.5,20,,Tropical Depression,329.11
AL111959,JUDITH,1959-10-17T18:00:00+00:00,1959-10-17T13:00:00-05:00,1959-10-17,,TS,23.8,-84.5,40,,Tropical Storm,443.52
AL111959,JUDITH,1959-10-18T00:00:00+00:00,1959-10-17T19:00:00-05:00,1959-10-17,,TS,25.0,-84.0,55,,Tropical Storm,369.6
AL111959,JUDITH,1959-10-18T06:00:00+00:00,1959-10-18T01:00:00-05:00,1959-10-18,,TS,26.0,-83.4,55,,Tropical Storm,318.43
AL111959,JUDITH,1959-10-18T12:00:00+00:00,1959-10-18T07:00:00-05:00,1959-10-18,,TS,26.7,-82.5,55,998.0,Tropical Storm,307.42
AL111959,JUDITH,1959-10-18T14:00:00+00:00,1959-10-18T09:00:00-05:00,1959-10-18,L,TS,26.7,-82.3,55,998.0,Tropical Storm,315.31
AL111959,JUDITH,1959-10-18T18:00:00+00:00,1959-10-18T13:00:00-05:00,1959-10-18,,TS,27.0,-80.5,45,1001.0,Tropical Storm,383.78
AL031960,BRENDA,1960-07-27T18:00:00+00:00,1960-07-27T13:00:00-05:00,1960-07-27,,TD,27.7,-85.1,30,,Tropical Depression,171.83
AL031960,BRENDA,1960-07-28T00:00:00+00:00,1960-07-27T19:00:00-05:00,1960-07-27,,TD,27.4,-85.5,30,,Tropical Depression,188.79
AL031960,BRENDA,1960-07-28T06:00:00+00:00,1960-07-28T01:00:00-05:00,1960-07-28,,TD,27.4,-85.4,30,,Tropical Depression,189.34
AL031960,BRENDA,1960-07-28T12:00:00+00:00,1960-07-28T07:00:00-05:00,1960-07-28,,TS,27.6,-85.3,35,,Tropical Storm,176.39
AL031960,BRENDA,1960-07-28T18:00:00+00:00,1960-07-28T13:00:00-05:00,1960-07-28,,TS,27.8,-85.3,35,,Tropical Storm,162.73
AL031960,BRENDA,1960-07-29T00:00:00+00:00,1960-07-28T19:00:00-05:00,1960-07-28,,TS,28.5,-85.0,35,,Tropical Storm,120.58
AL031960,BRENDA,1960-07-29T06:00:00+00:00,1960-07-29T01:00:00-05:00,1960-07-29,L,TS,29.7,-83.5,35,,Tropical Storm,136.74
AL031960,BRENDA,1960-07-29T12:00:00+00:00,1960-07-29T07:00:00-05:00,1960-07-29,,TS,31.5,-81.8,55,1000.0,Tropical Storm,251.8
AL031960,BRENDA,1960-07-29T18:00:00+00:00,1960-07-29T13:00:00-05:00,1960-07-29,,TS,32.8,-79.7,60,993.0,Tropical Storm,400.47
AL051960,DONNA,1960-09-10T06:00:00+00:00,1960-09-10T01:00:00-05:00,1960-09-10,,HU,24.7,-80.8,125,930.0,Category 4,481.45
AL051960,DONNA,1960-09-10T07:00:00+00:00,1960-09-10T02:00:00-05:00,1960-09-10,L,HU,24.8,-80.9,125,930.0,Category 4,472.15
AL051960,DONNA,1960-09-10T12:00:00+00:00,1960-09-10T07:00:00-05:00,1960-09-10,,HU,25.3,-81.3,115,939.0,Category 4,429.51
AL051960,DONNA,1960-09-10T16:00:00+00:00,1960-09-10T11:00:00-05:00,1960-09-10,L,HU,25.9,-81.6,105,942.0,Category 3,385.52
AL051960,DONNA,1960-09-10T18:00:00+00:00,1960-09-10T13:00:00-05:00,1960-09-10,,HU,26.3,-81.8,105,945.0,Category 3,356.45
AL051960,DONNA,1960-09-11T00:00:00+00:00,1960-09-10T19:00:00-05:00,1960-09-10,,HU,27.3,-81.9,85,957.0,Category 2,303.21
AL051960,DONNA,1960-09-11T06:00:00+00:00,1960-09-11T01:00:00-05:00,1960-09-11,,HU,28.3,-81.7,65,964.0,Category 1,273.77
AL051960,DONNA,1960-09-11T12:00:00+00:00,1960-09-11T07:00:00-05:00,1960-09-11,,HU,29.7,-81.0,75,968.0,Category 1,284.77
AL051960,DONNA,1960-09-11T18:00:00+00:00,1960-09-11T13:00:00-05:00,1960-09-11,,HU,31.1,-79.9,80,970.0,Category 1,353.11
AL051960,DONNA,1960-09-12T00:00:00+00:00,1960-09-11T19:00:00-05:00,1960-09-11,,HU,33.0,-78.3,90,958.0,Category 2,480.25
AL061960,ETHEL,1960-09-14T18:00:00+00:00,1960-09-14T13:00:00-05:00,1960-09-14,,HU,25.6,-90.0,100,974.0,Category 3,407.07
AL061960,ETHEL,1960-09-15T00:00:00+00:00,1960-09-14T19:00:00-05:00,1960-09-14,,HU,27.1,-89.2,100,976.0,Category 3,296.58
AL061960,ETHEL,1960-09-15T06:00:00+00:00,1960-09-15T01:00:00-05:00,1960-09-15,,HU,28.4,-88.8,80,981.0,Category 1,220.09
AL061960,ETHEL,1960-09-15T12:00:00+00:00,1960-09-15T07:00:00-05:00,1960-09-15,,HU,29.4,-88.7,75,985.0,Category 1,185.04
AL061960,ETHEL,1960-09-15T18:00:00+00:00,1960-09-15T13:00:00-05:00,1960-09-15,,HU,30.1,-88.8,70,984.0,Category 1,183.49
AL061960,ETHEL,1960-09-15T21:00:00+00:00,1960-09-15T16:00:00-05:00,1960-09-15,L,HU,30.4,-89.0,70,980.0,Category 1,196.06
AL061960,ETHEL,1960-09-16T00:00:00+00:00,1960-09-15T19:00:00-05:00,1960-09-15,,TS,30.6,-89.1,55,,Tropical Storm,203.56
AL061960,ETHEL,1960-09-16T06:00:00+00:00,1960-09-16T01:00:00-05:00,1960-09-16,,TS,31.2,-89.0,40,,Tropical Storm,208.04
AL061960,ETHEL,1960-09-16T12:00:00+00:00,1960-09-16T07:00:00-05:00,1960-09-16,,TD,32.0,-88.9,30,1007.0,Tropical Depression,227.98
AL061960,ETHEL,1960-09-16T18:00:00+00:00,1960-09-16T13:00:00-05:00,1960-09-16,,TD,32.9,-88.7,25,1010.0,Tropical Depression,259.52
AL061960,ETHEL,1960-09-17T00:00:00+00:00,1960-09-16T19:00:00-05:00,1960-09-16,,TD,33.9,-88.4,25,1011.0,Tropical Depression,304.1
AL061960,ETHEL,1960-09-17T06:00:00+00:00,1960-09-17T01:00:00-05:00,1960-09-17,,TD,34.9,-88.0,20,1012.0,Tropical Depression,355.41
AL061960,ETHEL,1960-09-17T12:00:00+00:00,1960-09-17T07:00:00-05:00,1960-09-17,,TD,35.9,-87.4,20,1013.0,Tropical Depression,410.56
AL061960,ETHEL,1960-09-17T18:00:00+00:00,1960-09-17T13:00:00-05:00,1960-09-17,,TD,36.8,-86.6,20,1015.0,Tropical Depression,463.91
AL071960,FLORENCE,1960-09-23T06:00:00+00:00,1960-09-23T01:00:00-05:00,1960-09-23,,DB,24.0,-82.6,25,,Tropical Depression,464.89
AL071960,FLORENCE,1960-09-23T12:00:00+00:00,1960-09-23T07:00:00-05:00,1960-09-23,,TD,24.9,-81.8,25,1005.0,Tropical Depression,433.88
AL071960,FLORENCE,1960-09-23T18:00:00+00:00,1960-09-23T13:00:00-05:00,1960-09-23,,TD,25.9,-81.1,30,,Tropical Depression,406.08
AL071960,FLORENCE,1960-09-24T00:00:00+00:00,1960-09-23T19:00:00-05:00,1960-09-23,,TS,26.7,-80.5,35,1002.0,Tropical Storm,396.16
AL071960,FLORENCE,1960-09-24T06:00:00+00:00,1960-09-24T01:00:00-05:00,1960-09-24,,TS,27.3,-80.3,50,,Tropical Storm,382.5
AL071960,FLORENCE,1960-09-24T12:00:00+00:00,1960-09-24T07:00:00-05:00,1960-09-24,,TS,27.5,-80.5,50,,Tropical Storm,364.82
AL071960,FLORENCE,1960-09-24T18:00:00+00:00,1960-09-24T13:00:00-05:00,1960-09-24,,TS,27.6,-81.0,40,,Tropical Storm,335.14
AL071960,FLORENCE,1960-09-25T00:00:00+00:00,1960-09-24T19:00:00-05:00,1960-09-24,,TD,27.7,-81.8,30,,Tropical Depression,290.77
AL071960,FLORENCE,1960-09-25T06:00:00+00:00,1960-09-25T01:00:00-05:00,1960-09-25,,TD,27.8,-82.9,25,,Tropical Depression,234.66
AL071960,FLORENCE,1960-09-25T12:00:00+00:00,1960-09-25T07:00:00-05:00,1960-09-25,,TD,27.9,-83.9,25,,Tropical Depression,189.36
AL071960,FLORENCE,1960-09-25T18:00:00+00:00,1960-09-25T13:00:00-05:00,1960-09-25,,TD,28.3,-84.8,25,,Tropical Depression,138.0
AL071960,FLORENCE,1960-09-26T00:00:00+00:00,1960-09-25T19:00:00-05:00,1960-09-25,,TD,28.9,-85.6,25,,Tropical Depression,85.0
AL071960,FLORENCE,1960-09-26T06:00:00+00:00,1960-09-26T01:00:00-05:00,1960-09-26,,TD,29.5,-86.4,20,,Tropical Depression,58.98
AL071960,FLORENCE,1960-09-26T12:00:00+00:00,1960-09-26T07:00:00-05:00,1960-09-26,,TD,30.1,-87.1,20,,Tropical Depression,81.9
AL071960,FLORENCE,1960-09-26T18:00:00+00:00,1960-09-26T13:00:00-05:00,1960-09-26,,TD,30.8,-87.7,20,,Tropical Depression,126.25
AL031961,CARLA,1961-09-09T12:00:00+00:00,1961-09-09T07:00:00-05:00,1961-09-09,,HU,24.6,-90.9,105,954.0,Category 3,496.2
AL061961,UNNAMED,1961-09-13T12:00:00+00:00,1961-09-13T07:00:00-05:00,1961-09-13,,TD,28.2,-78.2,30,,Tropical Depression,473.28
AL061961,UNNAMED,1961-09-13T18:00:00+00:00,1961-09-13T13:00:00-05:00,1961-09-13,,TS,29.6,-78.2,35,,Tropical Storm,452.57
AL061961,UNNAMED,1961-09-14T00:00:00+00:00,1961-09-13T19:00:00-05:00,1961-09-13,,TS,31.3,-78.2,40,,Tropical Storm,454.51
AL061961,UNNAMED,1961-09-14T06:00:00+00:00,1961-09-14T01:00:00-05:00,1961-09-14,,TS,33.0,-78.1,40,,Tropical Storm,490.98
AL061962,UNNAMED,1962-06-29T00:00:00+00:00,1962-06-28T19:00:00-05:00,1962-06-28,,EX,32.2,-77.7,40,,Tropical Storm,495.78
AL011962,ALMA,1962-08-26T12:00:00+00:00,1962-08-26T07:00:00-05:00,1962-08-26,,TD,25.7,-79.7,25,,Tropical Depression,478.4
AL011962,ALMA,1962-08-26T18:00:00+00:00,1962-08-26T13:00:00-05:00,1962-08-26,,TD,26.8,-80.1,30,,Tropical Depression,411.88
AL011962,ALMA,1962-08-27T00:00:00+00:00,1962-08-26T19:00:00-05:00,1962-08-26,,TD,27.9,-80.3,30,,Tropical Depression,362.27
AL011962,ALMA,1962-08-27T06:00:00+00:00,1962-08-27T01:00:00-05:00,1962-08-27,,TS,29.2,-80.2,35,1007.0,Tropical Storm,338.07
AL011962,ALMA,1962-08-27T12:00:00+00:00,1962-08-27T07:00:00-05:00,1962-08-27,,TS,30.4,-79.7,40,,Tropical Storm,360.32
AL011962,ALMA,1962-08-27T18:00:00+00:00,1962-08-27T13:00:00-05:00,1962-08-27,,TS,31.5,-78.8,45,1002.0,Tropical Storm,421.98
AL081963,GINNY,1963-10-23T12:00:00+00:00,1963-10-23T07:00:00-05:00,1963-10-23,,HU,29.0,-77.7,65,990.0,Category 1,488.7
AL081963,GINNY,1963-10-23T18:00:00+00:00,1963-10-23T13:00:00-05:00,1963-10-23,,HU,28.8,-78.2,65,990.0,Category 1,462.05
AL081963,GINNY,1963-10-24T00:00:00+00:00,1963-10-23T19:00:00-05:00,1963-10-23,,HU,28.8,-78.6,70,988.0,Category 1,438.5
AL081963,GINNY,1963-10-24T06:00:00+00:00,1963-10-24T01:00:00-05:00,1963-10-24,,HU,29.0,-79.0,70,,Category 1,411.8
AL081963,GINNY,1963-10-24T12:00:00+00:00,1963-10-24T07:00:00-05:00,1963-10-24,,HU,29.3,-79.5,70,990.0,Category 1,378.13
AL081963,GINNY,1963-10-24T18:00:00+00:00,1963-10-24T13:00:00-05:00,1963-10-24,,HU,29.7,-79.7,70,985.0,Category 1,362.28
AL081963,GINNY,1963-10-25T00:00:00+00:00,1963-10-24T19:00:00-05:00,1963-10-24,,HU,30.4,-79.7,75,982.0,Category 1,360.32
AL081963,GINNY,1963-10-25T06:00:00+00:00,1963-10-25T01:00:00-05:00,1963-10-25,,HU,31.1,-79.7,80,,Category 1,364.79
AL081963,GINNY,1963-10-25T12:00:00+00:00,1963-10-25T07:00:00-05:00,1963-10-25,,HU,31.8,-79.6,80,976.0,Category 1,381.11
AL081963,GINNY,1963-10-25T18:00:00+00:00,1963-10-25T13:00:00-05:00,1963-10-25,,HU,32.1,-79.0,70,985.0,Category 1,420.75
AL081963,GINNY,1963-10-26T00:00:00+00:00,1963-10-25T19:00:00-05:00,1963-10-25,,HU,32.5,-78.2,70,985.0,Category 1,473.67
AL011964,UNNAMED,1964-06-05T12:00:00+00:00,1964-06-05T07:00:00-05:00,1964-06-05,,TD,23.3,-86.1,30,,Tropical Depression,472.11
AL011964,UNNAMED,1964-06-05T18:00:00+00:00,1964-06-05T13:00:00-05:00,1964-06-05,,TD,24.8,-85.4,30,,Tropical Depression,368.48
AL011964,UNNAMED,1964-06-06T00:00:00+00:00,1964-06-05T19:00:00-05:00,1964-06-05,,TD,26.2,-84.8,25,,Tropical Depression,277.04
AL011964,UNNAMED,1964-06-06T06:00:00+00:00,1964-06-06T01:00:00-05:00,1964-06-06,,TD,27.5,-84.2,25,,Tropical Depression,203.65
AL011964,UNNAMED,1964-06-06T12:00:00+00:00,1964-06-06T07:00:00-05:00,1964-06-06,,TD,28.7,-83.4,25,,Tropical Depression,171.34
AL011964,UNNAMED,1964-06-06T18:00:00+00:00,1964-06-06T13:00:00-05:00,1964-06-06,,TD,29.6,-82.3,25,,Tropical Depression,208.69
AL011964,UNNAMED,1964-06-07T00:00:00+00:00,1964-06-06T19:00:00-05:00,1964-06-06,,TD,30.3,-81.0,30,,Tropical Depression,282.66
AL011964,UNNAMED,1964-06-07T06:00:00+00:00,1964-06-07T01:00:00-05:00,1964-06-07,,TS,31.0,-79.8,40,,Tropical Storm,357.9
AL011964,UNNAMED,1964-06-07T12:00:00+00:00,1964-06-07T07:00:00-05:00,1964-06-07,,TS,31.8,-78.8,50,,Tropical Storm,426.49
AL011964,UNNAMED,1964-06-07T18:00:00+00:00,1964-06-07T13:00:00-05:00,1964-06-07,,TS,32.6,-77.8,50,,Tropical Storm,497.96
AL131964,UNNAMED,1964-07-23T00:00:00+00:00,1964-07-22T19:00:00-05:00,1964-07-22,,TD,33.8,-81.0,20,,Tropical Depression,375.87
AL131964,UNNAMED,1964-07-23T06:00:00+00:00,1964-07-23T01:00:00-05:00,1964-07-23,,TD,34.3,-80.0,20,,Tropical Depression,441.9
AL031964,ABBY,1964-08-05T18:00:00+00:00,1964-08-05T13:00:00-05:00,1964-08-05,,TD,27.3,-87.7,25,,Tropical Depression,228.79
AL031964,ABBY,1964-08-06T00:00:00+00:00,1964-08-05T19:00:00-05:00,1964-08-05,,TD,27.8,-88.7,25,,Tropical Depression,240.9
AL031964,ABBY,1964-08-06T06:00:00+00:00,1964-08-06T01:00:00-05:00,1964-08-06,,TD,28.2,-89.7,25,,Tropical Depression,273.95
AL031964,ABBY,1964-08-06T12:00:00+00:00,1964-08-06T07:00:00-05:00,1964-08-06,,TD,28.5,-90.7,25,,Tropical Depression,319.75
AL031964,ABBY,1964-08-06T18:00:00+00:00,1964-08-06T13:00:00-05:00,1964-08-06,,TD,28.5,-91.7,25,,Tropical Depression,376.73
AL031964,ABBY,1964-08-07T00:00:00+00:00,1964-08-06T19:00:00-05:00,1964-08-06,,TD,28.5,-92.6,25,,Tropical Depression,428.77
AL031964,ABBY,1964-08-07T06:00:00+00:00,1964-08-07T01:00:00-05:00,1964-08-07,,TD,28.6,-93.5,30,,Tropical Depression,479.5
AL051964,CLEO,1964-08-27T06:00:00+00:00,1964-08-27T01:00:00-05:00,1964-08-27,,HU,25.5,-80.0,95,968.0,Category 2,473.91
AL051964,CLEO,1964-08-27T08:00:00+00:00,1964-08-27T03:00:00-05:00,1964-08-27,L,HU,25.8,-80.1,95,968.0,Category 2,455.22
AL051964,CLEO,1964-08-27T12:00:00+00:00,1964-08-27T07:00:00-05:00,1964-08-27,,HU,26.3,-80.2,80,971.0,Category 1,427.91
AL051964,CLEO,1964-08-27T18:00:00+00:00,1964-08-27T13:00:00-05:00,1964-08-27,,TS,27.2,-80.5,55,,Tropical Storm,375.93
AL051964,CLEO,1964-08-28T00:00:00+00:00,1964-08-27T19:00:00-05:00,1964-08-27,,TS,27.9,-80.7,45,983.0,Tropical Storm,340.54
AL051964,CLEO,1964-08-28T06:00:00+00:00,1964-08-28T01:00:00-05:00,1964-08-28,,TS,28.6,-81.0,45,,Tropical Storm,303.66
AL051964,CLEO,1964-08-28T12:00:00+00:00,1964-08-28T07:00:00-05:00,1964-08-28,,TS,29.5,-81.3,55,,Tropical Storm,269.05
AL051964,CLEO,1964-08-28T18:00:00+00:00,1964-08-28T13:00:00-05:00,1964-08-28,,TS,30.2,-81.3,55,995.0,Tropical Storm,264.68
AL051964,CLEO,1964-08-29T00:00:00+00:00,1964-08-28T19:00:00-05:00,1964-08-28,,TS,30.8,-81.3,50,999.0,Tropical Storm,267.9
AL051964,CLEO,1964-08-29T04:00:00+00:00,1964-08-28T23:00:00-05:00,1964-08-28,L,TS,31.2,-81.3,50,999.0,Tropical Storm,273.54
AL051964,CLEO,1964-08-29T06:00:00+00:00,1964-08-29T01:00:00-05:00,1964-08-29,,TS,31.4,-81.3,50,999.0,Tropical Storm,277.35
AL051964,CLEO,1964-08-29T12:00:00+00:00,1964-08-29T07:00:00-05:00,1964-08-29,,TS,32.0,-81.4,45,1000.0,Tropical Storm,287.12
AL051964,CLEO,1964-08-29T18:00:00+00:00,1964-08-29T13:00:00-05:00,1964-08-29,,TS,32.4,-81.6,40,,Tropical Storm,290.14
AL051964,CLEO,1964-08-30T00:00:00+00:00,1964-08-29T19:00:00-05:00,1964-08-29,,TS,32.9,-81.9,40,,Tropical Storm,296.03
AL051964,CLEO,1964-08-30T06:00:00+00:00,1964-08-30T01:00:00-05:00,1964-08-30,,TS,33.4,-82.1,35,1005.0,Tropical Storm,310.88
AL051964,CLEO,1964-08-30T12:00:00+00:00,1964-08-30T07:00:00-05:00,1964-08-30,,TD,34.0,-82.0,30,,Tropical Depression,345.46
AL051964,CLEO,1964-08-30T18:00:00+00:00,1964-08-30T13:00:00-05:00,1964-08-30,,TD,34.6,-81.6,25,,Tropical Depression,391.95
AL051964,CLEO,1964-08-31T00:00:00+00:00,1964-08-30T19:00:00-05:00,1964-08-30,,TD,35.1,-81.1,25,1007.0,Tropical Depression,436.64
AL051964,CLEO,1964-08-31T06:00:00+00:00,1964-08-31T01:00:00-05:00,1964-08-31,,TD,35.6,-80.3,25,1007.0,Tropical Depression,492.16
AL061964,DORA,1964-09-09T06:00:00+00:00,1964-09-09T01:00:00-05:00,1964-09-09,,HU,29.1,-78.5,80,972.0,Category 1,439.95
AL061964,DORA,1964-09-09T12:00:00+00:00,1964-09-09T07:00:00-05:00,1964-09-09,,HU,29.4,-79.4,80,970.0,Category 1,382.91
AL061964,DORA,1964-09-09T18:00:00+00:00,1964-09-09T13:00:00-05:00,1964-09-09,,HU,29.7,-80.0,90,962.0,Category 2,344.38
AL061964,DORA,1964-09-10T00:00:00+00:00,1964-09-09T19:00:00-05:00,1964-09-09,,HU,29.8,-80.6,90,964.0,Category 2,307.87
AL061964,DORA,1964-09-10T06:00:00+00:00,1964-09-10T01:00:00-05:00,1964-09-10,L,HU,29.9,-81.3,95,966.0,Category 2,265.48
AL061964,DORA,1964-09-10T12:00:00+00:00,1964-09-10T07:00:00-05:00,1964-09-10,,HU,30.0,-82.1,65,,Category 1,217.23
AL061964,DORA,1964-09-10T18:00:00+00:00,1964-09-10T13:00:00-05:00,1964-09-10,,TS,30.0,-82.9,55,,Tropical Storm,169.45
AL061964,DORA,1964-09-11T00:00:00+00:00,1964-09-10T19:00:00-05:00,1964-09-10,,TS,30.1,-83.5,50,,Tropical Storm,133.29
AL061964,DORA,1964-09-11T06:00:00+00:00,1964-09-11T01:00:00-05:00,1964-09-11,,TS,30.2,-84.0,45,990.0,Tropical Storm,103.48
AL061964,DORA,1964-09-11T12:00:00+00:00,1964-09-11T07:00:00-05:00,1964-09-11,,TS,30.4,-84.4,45,,Tropical Storm,81.61
AL061964,DORA,1964-09-11T18:00:00+00:00,1964-09-11T13:00:00-05:00,1964-09-11,,TS,30.7,-84.7,40,,Tropical Storm,73.11
AL061964,DORA,1964-09-12T00:00:00+00:00,1964-09-11T19:00:00-05:00,1964-09-11,,TS,31.1,-84.7,40,993.0,Tropical Storm,91.05
AL061964,DORA,1964-09-12T06:00:00+00:00,1964-09-12T01:00:00-05:00,1964-09-12,,TS,31.3,-84.6,40,995.0,Tropical Storm,105.34
AL061964,DORA,1964-09-12T12:00:00+00:00,1964-09-12T07:00:00-05:00,1964-09-12,,TS,31.4,-84.2,45,996.0,Tropical Storm,126.54
AL061964,DORA,1964-09-12T18:00:00+00:00,1964-09-12T13:00:00-05:00,1964-09-12,,TS,31.6,-83.4,55,995.0,Tropical Storm,171.7
AL061964,DORA,1964-09-13T00:00:00+00:00,1964-09-12T19:00:00-05:00,1964-09-12,,TS,32.1,-82.3,60,996.0,Tropical Storm,244.5
AL061964,DORA,1964-09-13T06:00:00+00:00,1964-09-13T01:00:00-05:00,1964-09-13,,TS,32.7,-81.0,60,,Tropical Storm,330.77
AL061964,DORA,1964-09-13T12:00:00+00:00,1964-09-13T07:00:00-05:00,1964-09-13,,EX,33.6,-79.2,60,,Tropical Storm,452.05
AL101964,HILDA,1964-09-30T06:00:00+00:00,1964-09-30T01:00:00-05:00,1964-09-30,,TS,23.1,-87.2,60,994.0,Tropical Storm,493.78
AL101964,HILDA,1964-09-30T12:00:00+00:00,1964-09-30T07:00:00-05:00,1964-09-30,,HU,23.4,-88.2,70,984.0,Category 1,488.95
AL101964,HILDA,1964-09-30T18:00:00+00:00,1964-09-30T13:00:00-05:00,1964-09-30,,HU,23.8,-89.0,80,978.0,Category 1,481.1
AL101964,HILDA,1964-10-01T00:00:00+00:00,1964-09-30T19:00:00-05:00,1964-09-30,,HU,24.1,-89.5,85,977.0,Category 2,476.4
AL101964,HILDA,1964-10-01T06:00:00+00:00,1964-10-01T01:00:00-05:00,1964-10-01,,HU,24.3,-90.1,105,955.0,Category 3,483.7
AL101964,HILDA,1964-10-01T12:00:00+00:00,1964-10-01T07:00:00-05:00,1964-10-01,,HU,24.5,-90.6,110,951.0,Category 3,490.2
AL101964,HILDA,1964-10-01T18:00:00+00:00,1964-10-01T13:00:00-05:00,1964-10-01,,HU,24.8,-91.1,120,941.0,Category 4,493.55
AL101964,HILDA,1964-10-02T00:00:00+00:00,1964-10-01T19:00:00-05:00,1964-10-01,,HU,25.3,-91.5,120,942.0,Category 4,485.33
AL101964,HILDA,1964-10-02T06:00:00+00:00,1964-10-02T01:00:00-05:00,1964-10-02,,HU,25.8,-91.7,110,,Category 3,471.06
AL101964,HILDA,1964-10-02T12:00:00+00:00,1964-10-02T07:00:00-05:00,1964-10-02,,HU,26.3,-91.7,105,956.0,Category 3,449.27
AL101964,HILDA,1964-10-02T18:00:00+00:00,1964-10-02T13:00:00-05:00,1964-10-02,,HU,26.8,-91.6,100,,Category 3,424.05
AL101964,HILDA,1964-10-03T00:00:00+00:00,1964-10-02T19:00:00-05:00,1964-10-02,,HU,27.2,-91.2,100,960.0,Category 3,388.27
AL101964,HILDA,1964-10-03T06:00:00+00:00,1964-10-03T01:00:00-05:00,1964-10-03,,HU,27.7,-91.2,100,964.0,Category 3,370.77
AL101964,HILDA,1964-10-03T12:00:00+00:00,1964-10-03T07:00:00-05:00,1964-10-03,,HU,28.1,-91.3,95,962.0,Category 2,364.12
AL101964,HILDA,1964-10-03T18:00:00+00:00,1964-10-03T13:00:00-05:00,1964-10-03,,HU,28.8,-91.6,90,961.0,Category 2,364.75
AL101964,HILDA,1964-10-03T23:00:00+00:00,1964-10-03T18:00:00-05:00,1964-10-03,L,HU,29.5,-91.5,90,959.0,Category 2,348.55
AL101964,HILDA,1964-10-04T00:00:00+00:00,1964-10-03T19:00:00-05:00,1964-10-03,,HU,29.7,-91.5,90,959.0,Category 2,346.77
AL101964,HILDA,1964-10-04T06:00:00+00:00,1964-10-04T01:00:00-05:00,1964-10-04,,HU,30.2,-91.3,70,,Category 1,332.75
AL101964,HILDA,1964-10-04T12:00:00+00:00,1964-10-04T07:00:00-05:00,1964-10-04,,TS,30.6,-90.6,60,,Tropical Storm,292.16
AL101964,HILDA,1964-10-04T18:00:00+00:00,1964-10-04T13:00:00-05:00,1964-10-04,,TS,30.7,-89.3,55,,Tropical Storm,216.39
AL101964,HILDA,1964-10-05T00:00:00+00:00,1964-10-04T19:00:00-05:00,1964-10-04,,EX,30.5,-87.6,50,,Tropical Storm,114.51
AL101964,HILDA,1964-10-05T06:00:00+00:00,1964-10-05T01:00:00-05:00,1964-10-05,,EX,30.6,-86.0,50,,Tropical Storm,36.55
AL101964,HILDA,1964-10-05T12:00:00+00:00,1964-10-05T07:00:00-05:00,1964-10-05,,EX,30.8,-84.4,45,,Tropical Storm,91.92
AL101964,HILDA,1964-10-05T18:00:00+00:00,1964-10-05T13:00:00-05:00,1964-10-05,,EX,31.0,-82.5,45,,Tropical Storm,201.44
AL101964,HILDA,1964-10-06T00:00:00+00:00,1964-10-05T19:00:00-05:00,1964-10-05,,EX,31.0,-80.6,45,,Tropical Storm,311.11
AL101964,HILDA,1964-10-06T06:00:00+00:00,1964-10-06T01:00:00-05:00,1964-10-06,,EX,30.8,-79.0,45,,Tropical Storm,403.45
AL101964,HILDA,1964-10-06T12:00:00+00:00,1964-10-06T07:00:00-05:00,1964-10-06,,EX,30.6,-78.0,45,,Tropical Storm,461.91
AL111964,ISBELL,1964-10-14T06:00:00+00:00,1964-10-14T01:00:00-05:00,1964-10-14,,HU,23.2,-83.6,90,,Category 2,496.18
AL111964,ISBELL,1964-10-14T12:00:00+00:00,1964-10-14T07:00:00-05:00,1964-10-14,,HU,24.0,-82.9,100,964.0,Category 3,457.56
AL111964,ISBELL,1964-10-14T18:00:00+00:00,1964-10-14T13:00:00-05:00,1964-10-14,,HU,25.1,-82.0,95,968.0,Category 2,415.49
AL111964,ISBELL,1964-10-14T21:00:00+00:00,1964-10-14T16:00:00-05:00,1964-10-14,L,HU,25.8,-81.4,90,970.0,Category 2,398.82
AL111964,ISBELL,1964-10-15T00:00:00+00:00,1964-10-14T19:00:00-05:00,1964-10-14,,HU,26.4,-80.6,80,,Category 1,404.51
AL111964,ISBELL,1964-10-15T06:00:00+00:00,1964-10-15T01:00:00-05:00,1964-10-15,,HU,28.0,-79.1,80,,Category 1,426.39
AL111964,ISBELL,1964-10-15T12:00:00+00:00,1964-10-15T07:00:00-05:00,1964-10-15,,HU,29.3,-77.8,80,980.0,Category 1,479.17
AL011965,UNNAMED,1965-06-14T06:00:00+00:00,1965-06-14T01:00:00-05:00,1965-06-14,,TS,25.3,-90.9,40,,Tropical Storm,459.37
AL011965,UNNAMED,1965-06-14T12:00:00+00:00,1965-06-14T07:00:00-05:00,1965-06-14,,TS,26.3,-90.6,40,,Tropical Storm,397.1
AL011965,UNNAMED,1965-06-14T18:00:00+00:00,1965-06-14T13:00:00-05:00,1965-06-14,,TS,27.1,-90.2,45,,Tropical Storm,342.28
AL011965,UNNAMED,1965-06-15T00:00:00+00:00,1965-06-14T19:00:00-05:00,1965-06-14,,TS,28.0,-89.5,45,1005.0,Tropical Storm,270.89
AL011965,UNNAMED,1965-06-15T06:00:00+00:00,1965-06-15T01:00:00-05:00,1965-06-15,,TS,29.3,-88.2,50,1006.0,Tropical Storm,158.8
AL011965,UNNAMED,1965-06-15T11:00:00+00:00,1965-06-15T06:00:00-05:00,1965-06-15,L,TS,30.4,-86.9,50,1007.0,Tropical Storm,72.36
AL011965,UNNAMED,1965-06-15T12:00:00+00:00,1965-06-15T07:00:00-05:00,1965-06-15,,TS,30.7,-86.5,50,1007.0,Tropical Storm,60.69
AL011965,UNNAMED,1965-06-15T18:00:00+00:00,1965-06-15T13:00:00-05:00,1965-06-15,,TS,32.3,-84.2,40,,Tropical Storm,175.37
AL011965,UNNAMED,1965-06-16T00:00:00+00:00,1965-06-15T19:00:00-05:00,1965-06-15,,EX,33.7,-82.1,35,,Tropical Storm,326.04
AL031965,BETSY,1965-09-08T11:00:00+00:00,1965-09-08T06:00:00-05:00,1965-09-08,L,HU,25.0,-80.5,100,952.0,Category 3,477.36
AL031965,BETSY,1965-09-08T12:00:00+00:00,1965-09-08T07:00:00-05:00,1965-09-08,,HU,25.0,-80.6,100,952.0,Category 3,473.28
AL031965,BETSY,1965-09-08T18:00:00+00:00,1965-09-08T13:00:00-05:00,1965-09-08,,HU,25.2,-82.0,100,,Category 3,409.68
AL031965,BETSY,1965-09-09T00:00:00+00:00,1965-09-08T19:00:00-05:00,1965-09-08,,HU,25.5,-83.6,100,954.0,Category 3,345.03
AL031965,BETSY,1965-09-09T06:00:00+00:00,1965-09-09T01:00:00-05:00,1965-09-09,,HU,25.9,-85.3,100,950.0,Category 3,293.09
AL031965,BETSY,1965-09-09T12:00:00+00:00,1965-09-09T07:00:00-05:00,1965-09-09,,HU,26.5,-86.9,100,951.0,Category 3,260.37
AL031965,BETSY,1965-09-09T18:00:00+00:00,1965-09-09T13:00:00-05:00,1965-09-09,,HU,27.4,-88.1,100,953.0,Category 3,236.74
AL031965,BETSY,1965-09-10T00:00:00+00:00,1965-09-09T19:00:00-05:00,1965-09-09,,HU,28.4,-89.2,115,946.0,Category 4,240.71
AL031965,BETSY,1965-09-10T04:00:00+00:00,1965-09-09T23:00:00-05:00,1965-09-09,L,HU,29.2,-90.1,115,946.0,Category 4,270.02
AL031965,BETSY,1965-09-10T06:00:00+00:00,1965-09-10T01:00:00-05:00,1965-09-10,,HU,29.6,-90.6,95,948.0,Category 2,294.03
AL031965,BETSY,1965-09-10T12:00:00+00:00,1965-09-10T07:00:00-05:00,1965-09-10,,HU,30.7,-91.7,65,965.0,Category 1,357.9
AL031965,BETSY,1965-09-10T18:00:00+00:00,1965-09-10T13:00:00-05:00,1965-09-10,,TS,32.0,-92.2,50,,Tropical Storm,404.17
AL031965,BETSY,1965-09-11T00:00:00+00:00,1965-09-10T19:00:00-05:00,1965-09-10,,TS,33.1,-92.0,35,,Tropical Storm,422.21
AL031965,BETSY,1965-09-11T06:00:00+00:00,1965-09-11T01:00:00-05:00,1965-09-11,,TD,34.0,-91.5,30,997.0,Tropical Depression,430.94
AL031965,BETSY,1965-09-11T12:00:00+00:00,1965-09-11T07:00:00-05:00,1965-09-11,,TD,34.7,-90.9,30,,Tropical Depression,436.73
AL031965,BETSY,1965-09-11T18:00:00+00:00,1965-09-11T13:00:00-05:00,1965-09-11,,TD,35.5,-90.0,25,,Tropical Depression,446.42
AL031965,BETSY,1965-09-12T00:00:00+00:00,1965-09-11T19:00:00-05:00,1965-09-11,,EX,36.3,-89.0,20,,Tropical Depression,466.56
AL051965,DEBBIE,1965-09-28T00:00:00+00:00,1965-09-27T19:00:00-05:00,1965-09-27,,TS,24.8,-90.2,40,,Tropical Storm,458.65
AL051965,DEBBIE,1965-09-28T06:00:00+00:00,1965-09-28T01:00:00-05:00,1965-09-28,,TS,25.5,-89.8,50,1001.0,Tropical Storm,404.86
AL051965,DEBBIE,1965-09-28T12:00:00+00:00,1965-09-28T07:00:00-05:00,1965-09-28,,TS,26.2,-89.4,50,1001.0,Tropical Storm,351.4
AL051965,DEBBIE,1965-09-28T18:00:00+00:00,1965-09-28T13:00:00-05:00,1965-09-28,,TS,27.1,-89.2,50,1001.0,Tropical Storm,296.58
AL051965,DEBBIE,1965-09-29T00:00:00+00:00,1965-09-28T19:00:00-05:00,1965-09-28,,TS,27.9,-89.3,50,1000.0,Tropical Storm,264.86
AL051965,DEBBIE,1965-09-29T06:00:00+00:00,1965-09-29T01:00:00-05:00,1965-09-29,,TS,28.4,-89.5,45,1000.0,Tropical Storm,256.58
AL051965,DEBBIE,1965-09-29T12:00:00+00:00,1965-09-29T07:00:00-05:00,1965-09-29,,TS,28.8,-89.8,35,1000.0,Tropical Storm,261.38
AL051965,DEBBIE,1965-09-29T18:00:00+00:00,1965-09-29T13:00:00-05:00,1965-09-29,,TS,29.0,-90.1,35,1002.0,Tropical Storm,273.87
AL051965,DEBBIE,1965-09-29T20:00:00+00:00,1965-09-29T15:00:00-05:00,1965-09-29,L,TS,29.1,-90.2,35,1002.0,Tropical Storm,277.67
AL051965,DEBBIE,1965-09-30T00:00:00+00:00,1965-09-29T19:00:00-05:00,1965-09-29,,TD,29.3,-90.3,25,,Tropical Depression,280.08
AL091965,UNNAMED,1965-10-18T06:00:00+00:00,1965-10-18T01:00:00-05:00,1965-10-18,,TS,30.0,-78.0,55,,Tropical Storm,462.24
AL091965,UNNAMED,1965-10-18T12:00:00+00:00,1965-10-18T07:00:00-05:00,1965-10-18,,TS,29.6,-80.0,55,1004.0,Tropical Storm,345.21
AL091965,UNNAMED,1965-10-18T15:00:00+00:00,1965-10-18T10:00:00-05:00,1965-10-18,L,TS,29.4,-81.1,55,1004.0,Tropical Storm,282.16
AL091965,UNNAMED,1965-10-18T18:00:00+00:00,1965-10-18T13:00:00-05:00,1965-10-18,,TS,29.2,-81.8,40,,Tropical Storm,244.44
AL091965,UNNAMED,1965-10-19T00:00:00+00:00,1965-10-18T19:00:00-05:00,1965-10-18,,TD,28.7,-82.5,30,,Tropical Depression,217.9
AL091965,UNNAMED,1965-10-19T06:00:00+00:00,1965-10-19T01:00:00-05:00,1965-10-19,,TD,28.0,-83.3,25,,Tropical Depression,207.58
AL091965,UNNAMED,1965-10-19T12:00:00+00:00,1965-10-19T07:00:00-05:00,1965-10-19,,TD,27.5,-84.0,20,,Tropical Depression,209.43
AL011966,ALMA,1966-06-08T18:00:00+00:00,1966-06-08T13:00:00-05:00,1966-06-08,,HU,24.4,-82.7,100,970.0,Category 3,437.09
AL011966,ALMA,1966-06-09T00:00:00+00:00,1966-06-08T19:00:00-05:00,1966-06-08,,HU,26.0,-82.8,90,974.0,Category 2,336.33
AL011966,ALMA,1966-06-09T06:00:00+00:00,1966-06-09T01:00:00-05:00,1966-06-09,,HU,27.5,-83.4,90,,Category 2,229.75
AL011966,ALMA,1966-06-09T12:00:00+00:00,1966-06-09T07:00:00-05:00,1966-06-09,,HU,28.8,-84.3,90,970.0,Category 2,125.62
AL011966,ALMA,1966-06-09T18:00:00+00:00,1966-06-09T13:00:00-05:00,1966-06-09,,HU,29.6,-84.5,75,981.0,Category 1,82.14
AL011966,ALMA,1966-06-09T21:00:00+00:00,1966-06-09T16:00:00-05:00,1966-06-09,L,HU,30.1,-84.2,75,977.0,Category 1,91.46
AL011966,ALMA,1966-06-10T00:00:00+00:00,1966-06-09T19:00:00-05:00,1966-06-09,,TS,30.4,-84.0,60,,Tropical Storm,104.98
AL011966,ALMA,1966-06-10T06:00:00+00:00,1966-06-10T01:00:00-05:00,1966-06-10,,TS,31.1,-83.0,45,,Tropical Storm,175.75
AL011966,ALMA,1966-06-10T12:00:00+00:00,1966-06-10T07:00:00-05:00,1966-06-10,,TS,31.7,-82.0,40,995.0,Tropical Storm,246.42
AL011966,ALMA,1966-06-10T18:00:00+00:00,1966-06-10T13:00:00-05:00,1966-06-10,,TS,32.2,-80.9,40,998.0,Tropical Storm,319.49
AL011966,ALMA,1966-06-11T00:00:00+00:00,1966-06-10T19:00:00-05:00,1966-06-10,,TS,32.6,-79.6,50,997.0,Tropical Storm,399.95
AL011966,ALMA,1966-06-11T06:00:00+00:00,1966-06-11T01:00:00-05:00,1966-06-11,,TS,33.1,-78.1,55,,Tropical Storm,493.59
AL121966,UNNAMED,1966-06-30T00:00:00+00:00,1966-06-29T19:00:00-05:00,1966-06-29,,TS,23.9,-82.5,40,1004.0,Tropical Storm,473.76
AL121966,UNNAMED,1966-06-30T06:00:00+00:00,1966-06-30T01:00:00-05:00,1966-06-30,,TS,24.6,-82.5,40,1005.0,Tropical Storm,430.06
AL121966,UNNAMED,1966-06-30T12:00:00+00:00,1966-06-30T07:00:00-05:00,1966-06-30,,TS,25.2,-82.5,40,,Tropical Storm,393.47
AL121966,UNNAMED,1966-06-30T18:00:00+00:00,1966-06-30T13:00:00-05:00,1966-06-30,,TS,25.8,-82.6,40,,Tropical Storm,354.61
AL121966,UNNAMED,1966-07-01T00:00:00+00:00,1966-06-30T19:00:00-05:00,1966-06-30,,TS,26.3,-82.7,40,1004.0,Tropical Storm,322.26
AL121966,UNNAMED,1966-07-01T06:00:00+00:00,1966-07-01T01:00:00-05:00,1966-07-01,,TS,26.9,-82.8,40,,Tropical Storm,285.09
AL121966,UNNAMED,1966-07-01T12:00:00+00:00,1966-07-01T07:00:00-05:00,1966-07-01,,TS,27.6,-83.0,40,1006.0,Tropical Storm,240.24
AL121966,UNNAMED,1966-07-01T18:00:00+00:00,1966-07-01T13:00:00-05:00,1966-07-01,,TS,28.6,-83.1,40,,Tropical Storm,190.21
AL121966,UNNAMED,1966-07-01T22:00:00+00:00,1966-07-01T17:00:00-05:00,1966-07-01,L,TS,29.3,-83.1,40,,Tropical Storm,167.8
AL121966,UNNAMED,1966-07-02T00:00:00+00:00,1966-07-01T19:00:00-05:00,1966-07-01,,TS,29.8,-83.1,35,,Tropical Storm,159.02
AL121966,UNNAMED,1966-07-02T06:00:00+00:00,1966-07-02T01:00:00-05:00,1966-07-02,,TD,30.9,-82.9,30,,Tropical Depression,176.76
AL121966,UNNAMED,1966-07-02T12:00:00+00:00,1966-07-02T07:00:00-05:00,1966-07-02,,TD,31.5,-82.7,25,,Tropical Depression,203.35
AL121966,UNNAMED,1966-07-02T18:00:00+00:00,1966-07-02T13:00:00-05:00,1966-07-02,,TD,31.8,-82.4,20,,Tropical Depression,228.72
AL131966,UNNAMED,1966-07-25T12:00:00+00:00,1966-07-25T07:00:00-05:00,1966-07-25,,TD,28.0,-87.0,20,,Tropical Depression,165.65
AL131966,UNNAMED,1966-07-25T18:00:00+00:00,1966-07-25T13:00:00-05:00,1966-07-25,,TD,28.4,-88.0,20,,Tropical Depression,181.45
AL131966,UNNAMED,1966-07-26T00:00:00+00:00,1966-07-25T19:00:00-05:00,1966-07-25,,TD,28.6,-89.0,20,,Tropical Depression,223.31
AL131966,UNNAMED,1966-07-26T06:00:00+00:00,1966-07-26T01:00:00-05:00,1966-07-26,,TD,28.8,-90.0,25,1007.0,Tropical Depression,272.68
AL131966,UNNAMED,1966-07-26T12:00:00+00:00,1966-07-26T07:00:00-05:00,1966-07-26,,TD,29.0,-90.7,25,,Tropical Depression,308.61
AL131966,UNNAMED,1966-07-26T18:00:00+00:00,1966-07-26T13:00:00-05:00,1966-07-26,,TD,29.3,-91.2,25,,Tropical Depression,333.13
AL131966,UNNAMED,1966-07-27T00:00:00+00:00,1966-07-26T19:00:00-05:00,1966-07-26,,TD,29.7,-91.7,25,,Tropical Depression,358.7
AL131966,UNNAMED,1966-07-27T06:00:00+00:00,1966-07-27T01:00:00-05:00,1966-07-27,,TD,30.2,-92.1,25,,Tropical Depression,380.52
AL131966,UNNAMED,1966-07-27T12:00:00+00:00,1966-07-27T07:00:00-05:00,1966-07-27,,TD,30.8,-92.5,20,,Tropical Depression,405.82
AL091966,INEZ,1966-10-04T18:00:00+00:00,1966-10-04T13:00:00-05:00,1966-10-04,L,HU,25.0,-80.5,85,984.0,Category 2,477.36
AL091966,INEZ,1966-10-04T23:00:00+00:00,1966-10-04T18:00:00-05:00,1966-10-04,L,HU,24.7,-81.3,85,988.0,Category 2,462.84
AL091966,INEZ,1966-10-05T00:00:00+00:00,1966-10-04T19:00:00-05:00,1966-10-04,,HU,24.6,-81.4,85,988.0,Category 2,464.99
AL091966,INEZ,1966-10-05T02:00:00+00:00,1966-10-04T21:00:00-05:00,1966-10-04,L,HU,24.6,-81.8,85,988.0,Category 2,451.44
AL091966,INEZ,1966-10-05T06:00:00+00:00,1966-10-05T01:00:00-05:00,1966-10-05,,HU,24.5,-82.3,85,985.0,Category 2,441.95
AL091966,INEZ,1966-10-05T12:00:00+00:00,1966-10-05T07:00:00-05:00,1966-10-05,,HU,24.5,-83.0,85,,Category 2,423.2
AL091966,INEZ,1966-10-05T18:00:00+00:00,1966-10-05T13:00:00-05:00,1966-10-05,,HU,24.3,-83.7,85,980.0,Category 2,421.33
AL091966,INEZ,1966-10-06T00:00:00+00:00,1966-10-05T19:00:00-05:00,1966-10-05,,HU,24.0,-84.3,85,977.0,Category 2,432.23
AL091966,INEZ,1966-10-06T06:00:00+00:00,1966-10-06T01:00:00-05:00,1966-10-06,,HU,23.7,-85.0,85,974.0,Category 2,446.19
AL091966,INEZ,1966-10-06T12:00:00+00:00,1966-10-06T07:00:00-05:00,1966-10-06,,HU,23.3,-85.7,85,974.0,Category 2,471.57
AL031967,UNNAMED,1967-06-17T00:00:00+00:00,1967-06-16T19:00:00-05:00,1967-06-16,,TS,30.4,-77.5,35,1006.0,Tropical Storm,491.41
AL031967,UNNAMED,1967-06-17T06:00:00+00:00,1967-06-17T01:00:00-05:00,1967-06-17,,TS,31.3,-78.2,35,1006.0,Tropical Storm,454.51
AL031967,UNNAMED,1967-06-17T12:00:00+00:00,1967-06-17T07:00:00-05:00,1967-06-17,,TS,32.3,-78.6,35,1006.0,Tropical Storm,447.21
AL031967,UNNAMED,1967-06-17T18:00:00+00:00,1967-06-17T13:00:00-05:00,1967-06-17,,TS,33.1,-78.5,35,1009.0,Tropical Storm,472.31
AL031967,UNNAMED,1967-06-18T00:00:00+00:00,1967-06-17T19:00:00-05:00,1967-06-17,,TS,33.7,-78.4,35,,Tropical Storm,495.61
AL271967,UNNAMED,1967-06-20T00:00:00+00:00,1967-06-19T19:00:00-05:00,1967-06-19,,TD,30.0,-78.0,25,,Tropical Depression,462.24
AL271967,UNNAMED,1967-06-20T06:00:00+00:00,1967-06-20T01:00:00-05:00,1967-06-20,,TD,30.0,-77.5,25,,Tropical Depression,492.11
AL141967,DORIA,1967-09-04T18:00:00+00:00,1967-09-04T13:00:00-05:00,1967-09-04,,EX,31.0,-78.0,35,,Tropical Storm,463.75
AL141967,DORIA,1967-09-05T00:00:00+00:00,1967-09-04T19:00:00-05:00,1967-09-04,,EX,31.0,-78.0,35,,Tropical Storm,463.75
AL141967,DORIA,1967-09-05T06:00:00+00:00,1967-09-05T01:00:00-05:00,1967-09-05,,EX,31.0,-77.9,35,,Tropical Storm,469.65
AL141967,DORIA,1967-09-05T12:00:00+00:00,1967-09-05T07:00:00-05:00,1967-09-05,,EX,31.0,-77.6,35,,Tropical Storm,487.34
AL141967,DORIA,1967-09-08T06:00:00+00:00,1967-09-08T01:00:00-05:00,1967-09-08,,TD,27.9,-78.0,30,,Tropical Depression,491.59
AL141967,DORIA,1967-09-08T12:00:00+00:00,1967-09-08T07:00:00-05:00,1967-09-08,,TD,27.8,-78.5,30,1007.0,Tropical Depression,465.54
AL141967,DORIA,1967-09-08T18:00:00+00:00,1967-09-08T13:00:00-05:00,1967-09-08,,TD,27.7,-78.9,30,,Tropical Depression,445.67
AL141967,DORIA,1967-09-09T00:00:00+00:00,1967-09-08T19:00:00-05:00,1967-09-08,,TD,27.6,-79.1,30,1007.0,Tropical Depression,437.37
AL141967,DORIA,1967-09-09T06:00:00+00:00,1967-09-09T01:00:00-05:00,1967-09-09,,TS,27.7,-79.2,35,,Tropical Storm,428.92
AL141967,DORIA,1967-09-09T12:00:00+00:00,1967-09-09T07:00:00-05:00,1967-09-09,,TS,27.9,-79.1,35,1004.0,Tropical Storm,429.0
AL141967,DORIA,1967-09-09T18:00:00+00:00,1967-09-09T13:00:00-05:00,1967-09-09,,TS,28.2,-78.7,40,,Tropical Storm,444.42
AL141967,DORIA,1967-09-10T00:00:00+00:00,1967-09-09T19:00:00-05:00,1967-09-09,,TS,29.0,-78.1,50,997.0,Tropical Storm,465.0
AL011968,ABBY,1968-06-03T12:00:00+00:00,1968-06-03T07:00:00-05:00,1968-06-03,,TS,24.0,-83.7,45,999.0,Tropical Storm,441.21
AL011968,ABBY,1968-06-03T18:00:00+00:00,1968-06-03T13:00:00-05:00,1968-06-03,,TS,24.5,-83.6,45,997.0,Tropical Storm,410.03
AL011968,ABBY,1968-06-04T00:00:00+00:00,1968-06-03T19:00:00-05:00,1968-06-03,,TS,25.0,-83.4,50,994.0,Tropical Storm,381.75
AL011968,ABBY,1968-06-04T06:00:00+00:00,1968-06-04T01:00:00-05:00,1968-06-04,,TS,25.8,-82.9,55,993.0,Tropical Storm,345.11
AL011968,ABBY,1968-06-04T12:00:00+00:00,1968-06-04T07:00:00-05:00,1968-06-04,L,TS,26.7,-82.3,55,992.0,Tropical Storm,315.31
AL011968,ABBY,1968-06-04T18:00:00+00:00,1968-06-04T13:00:00-05:00,1968-06-04,,TS,27.4,-81.8,45,,Tropical Storm,303.45
AL011968,ABBY,1968-06-05T00:00:00+00:00,1968-06-04T19:00:00-05:00,1968-06-04,,TS,28.0,-81.1,45,,Tropical Storm,315.78
AL011968,ABBY,1968-06-05T06:00:00+00:00,1968-06-05T01:00:00-05:00,1968-06-05,,TS,28.2,-80.8,45,,Tropical Storm,325.79
AL011968,ABBY,1968-06-05T12:00:00+00:00,1968-06-05T07:00:00-05:00,1968-06-05,,TS,28.2,-80.5,55,,Tropical Storm,342.39
AL011968,ABBY,1968-06-05T18:00:00+00:00,1968-06-05T13:00:00-05:00,1968-06-05,,HU,28.2,-80.2,65,994.0,Category 1,359.13
AL011968,ABBY,1968-06-06T00:00:00+00:00,1968-06-05T19:00:00-05:00,1968-06-05,,HU,28.3,-80.1,65,,Category 1,362.12
AL011968,ABBY,1968-06-06T06:00:00+00:00,1968-06-06T01:00:00-05:00,1968-06-06,,HU,28.6,-80.4,65,,Category 1,337.77
AL011968,ABBY,1968-06-06T12:00:00+00:00,1968-06-06T07:00:00-05:00,1968-06-06,,TS,29.2,-80.8,60,992.0,Tropical Storm,302.79
AL011968,ABBY,1968-06-06T18:00:00+00:00,1968-06-06T13:00:00-05:00,1968-06-06,,TS,29.9,-81.2,55,,Tropical Storm,271.45
AL011968,ABBY,1968-06-06T22:00:00+00:00,1968-06-06T17:00:00-05:00,1968-06-06,L,TS,30.4,-81.4,55,,Tropical Storm,259.09
AL011968,ABBY,1968-06-07T00:00:00+00:00,1968-06-06T19:00:00-05:00,1968-06-06,,TS,30.6,-81.5,50,997.0,Tropical Storm,254.29
AL011968,ABBY,1968-06-07T06:00:00+00:00,1968-06-07T01:00:00-05:00,1968-06-07,,TS,31.4,-81.8,40,999.0,Tropical Storm,249.39
AL011968,ABBY,1968-06-07T12:00:00+00:00,1968-06-07T07:00:00-05:00,1968-06-07,,TS,32.0,-82.0,35,1002.0,Tropical Storm,255.94
AL011968,ABBY,1968-06-07T18:00:00+00:00,1968-06-07T13:00:00-05:00,1968-06-07,,TD,32.6,-82.1,30,1003.0,Tropical Depression,274.03
AL011968,ABBY,1968-06-08T00:00:00+00:00,1968-06-07T19:00:00-05:00,1968-06-07,,TD,33.0,-82.2,30,,Tropical Depression,287.45
AL011968,ABBY,1968-06-08T06:00:00+00:00,1968-06-08T01:00:00-05:00,1968-06-08,,TD,33.5,-82.2,30,,Tropical Depression,311.94
AL011968,ABBY,1968-06-08T12:00:00+00:00,1968-06-08T07:00:00-05:00,1968-06-08,,TD,34.1,-82.3,25,,Tropical Depression,340.13
AL011968,ABBY,1968-06-08T18:00:00+00:00,1968-06-08T13:00:00-05:00,1968-06-08,,TD,34.8,-82.3,25,,Tropical Depression,379.83
AL011968,ABBY,1968-06-09T00:00:00+00:00,1968-06-08T19:00:00-05:00,1968-06-08,,TD,35.6,-82.1,25,,Tropical Depression,432.9
AL011968,ABBY,1968-06-09T06:00:00+00:00,1968-06-09T01:00:00-05:00,1968-06-09,,TD,36.3,-81.8,25,,Tropical Depression,483.24
AL011968,ABBY,1968-06-10T18:00:00+00:00,1968-06-10T13:00:00-05:00,1968-06-10,,LO,34.2,-78.7,25,,Tropical Depression,498.13
AL011968,ABBY,1968-06-11T00:00:00+00:00,1968-06-10T19:00:00-05:00,1968-06-10,,LO,33.5,-78.7,25,,Tropical Depression,473.9
AL011968,ABBY,1968-06-11T06:00:00+00:00,1968-06-11T01:00:00-05:00,1968-06-11,,LO,33.2,-78.7,25,,Tropical Depression,464.67
AL011968,ABBY,1968-06-11T12:00:00+00:00,1968-06-11T07:00:00-05:00,1968-06-11,,TD,33.3,-78.7,25,,Tropical Depression,467.66
AL011968,ABBY,1968-06-11T18:00:00+00:00,1968-06-11T13:00:00-05:00,1968-06-11,,TD,33.4,-78.5,25,,Tropical Depression,481.07
AL021968,BRENDA,1968-06-18T00:00:00+00:00,1968-06-17T19:00:00-05:00,1968-06-17,,TD,25.0,-81.3,25,,Tropical Depression,446.01
AL021968,BRENDA,1968-06-18T06:00:00+00:00,1968-06-18T01:00:00-05:00,1968-06-18,,TD,25.3,-81.3,25,,Tropical Depression,429.51
AL021968,BRENDA,1968-06-18T12:00:00+00:00,1968-06-18T07:00:00-05:00,1968-06-18,,TD,25.7,-81.3,25,,Tropical Depression,408.11
AL021968,BRENDA,1968-06-18T18:00:00+00:00,1968-06-18T13:00:00-05:00,1968-06-18,,TD,26.2,-81.3,25,,Tropical Depression,382.49
AL021968,BRENDA,1968-06-19T00:00:00+00:00,1968-06-18T19:00:00-05:00,1968-06-18,,TD,26.6,-81.3,25,,Tropical Depression,363.06
AL021968,BRENDA,1968-06-19T06:00:00+00:00,1968-06-19T01:00:00-05:00,1968-06-19,,TD,27.1,-81.3,25,,Tropical Depression,340.36
AL021968,BRENDA,1968-06-19T12:00:00+00:00,1968-06-19T07:00:00-05:00,1968-06-19,,TD,27.7,-81.2,30,,Tropical Depression,321.11
AL021968,BRENDA,1968-06-19T18:00:00+00:00,1968-06-19T13:00:00-05:00,1968-06-19,,TS,28.5,-81.1,35,1012.0,Tropical Storm,300.66
AL021968,BRENDA,1968-06-20T00:00:00+00:00,1968-06-19T19:00:00-05:00,1968-06-19,,TS,29.5,-81.0,35,,Tropical Storm,286.81
AL021968,BRENDA,1968-06-20T06:00:00+00:00,1968-06-20T01:00:00-05:00,1968-06-20,,TS,30.3,-80.7,35,,Tropical Storm,300.55
AL021968,BRENDA,1968-06-20T12:00:00+00:00,1968-06-20T07:00:00-05:00,1968-06-20,,TS,30.8,-79.8,35,,Tropical Storm,356.19
AL021968,BRENDA,1968-06-20T18:00:00+00:00,1968-06-20T13:00:00-05:00,1968-06-20,,TS,30.9,-78.7,35,1008.0,Tropical Storm,421.8
AL021968,BRENDA,1968-06-21T00:00:00+00:00,1968-06-20T19:00:00-05:00,1968-06-20,,TS,31.0,-77.7,35,,Tropical Storm,481.44
AL051968,DOLLY,1968-08-10T06:00:00+00:00,1968-08-10T01:00:00-05:00,1968-08-10,,TD,25.9,-80.0,30,,Tropical Depression,455.26
AL051968,DOLLY,1968-08-10T12:00:00+00:00,1968-08-10T07:00:00-05:00,1968-08-10,,TD,27.0,-80.4,30,1012.0,Tropical Depression,388.81
AL051968,DOLLY,1968-08-10T18:00:00+00:00,1968-08-10T13:00:00-05:00,1968-08-10,,TS,28.2,-80.6,35,,Tropical Storm,336.84
AL051968,DOLLY,1968-08-11T00:00:00+00:00,1968-08-10T19:00:00-05:00,1968-08-10,,TS,29.5,-80.4,35,1011.0,Tropical Storm,322.4
AL051968,DOLLY,1968-08-11T06:00:00+00:00,1968-08-11T01:00:00-05:00,1968-08-11,,TS,30.9,-79.9,35,,Tropical Storm,351.1
AL051968,DOLLY,1968-08-11T12:00:00+00:00,1968-08-11T07:00:00-05:00,1968-08-11,,TS,31.9,-78.8,40,1004.0,Tropical Storm,428.21
AL061968,UNNAMED,1968-08-26T12:00:00+00:00,1968-08-26T07:00:00-05:00,1968-08-26,,TD,26.6,-87.0,25,,Tropical Depression,255.49
AL061968,UNNAMED,1968-08-26T18:00:00+00:00,1968-08-26T13:00:00-05:00,1968-08-26,,TD,26.9,-87.0,25,,Tropical Depression,235.78
AL061968,UNNAMED,1968-08-27T00:00:00+00:00,1968-08-26T19:00:00-05:00,1968-08-26,,TD,27.2,-87.0,25,,Tropical Depression,216.26
AL061968,UNNAMED,1968-08-27T06:00:00+00:00,1968-08-27T01:00:00-05:00,1968-08-27,,TD,27.5,-86.6,25,,Tropical Depression,188.86
AL061968,UNNAMED,1968-08-27T12:00:00+00:00,1968-08-27T07:00:00-05:00,1968-08-27,,TD,27.8,-86.0,25,,Tropical Depression,161.47
AL061968,UNNAMED,1968-08-27T18:00:00+00:00,1968-08-27T13:00:00-05:00,1968-08-27,,TD,28.2,-85.0,25,,Tropical Depression,140.11
AL061968,UNNAMED,1968-08-28T00:00:00+00:00,1968-08-27T19:00:00-05:00,1968-08-27,,TD,28.5,-84.2,25,,Tropical Depression,145.26
AL061968,UNNAMED,1968-08-28T06:00:00+00:00,1968-08-28T01:00:00-05:00,1968-08-28,,TD,28.7,-83.5,25,,Tropical Depression,166.45
AL061968,UNNAMED,1968-08-28T12:00:00+00:00,1968-08-28T07:00:00-05:00,1968-08-28,,TD,28.8,-83.1,25,,Tropical Depression,182.78
AL061968,UNNAMED,1968-08-28T18:00:00+00:00,1968-08-28T13:00:00-05:00,1968-08-28,,TD,28.8,-82.9,25,,Tropical Depression,193.29
AL061968,UNNAMED,1968-08-29T00:00:00+00:00,1968-08-28T19:00:00-05:00,1968-08-28,,TD,28.8,-82.9,25,,Tropical Depression,193.29
AL061968,UNNAMED,1968-08-29T06:00:00+00:00,1968-08-29T01:00:00-05:00,1968-08-29,,TD,28.7,-83.0,25,,Tropical Depression,191.54
AL061968,UNNAMED,1968-08-29T12:00:00+00:00,1968-08-29T07:00:00-05:00,1968-08-29,,TD,28.5,-82.9,25,,Tropical Depression,204.13
AL061968,UNNAMED,1968-08-29T18:00:00+00:00,1968-08-29T13:00:00-05:00,1968-08-29,,TD,28.2,-82.6,25,,Tropical Depression,230.97
AL061968,UNNAMED,1968-08-30T00:00:00+00:00,1968-08-29T19:00:00-05:00,1968-08-29,,TD,27.9,-82.2,25,,Tropical Depression,262.89
AL061968,UNNAMED,1968-08-30T06:00:00+00:00,1968-08-30T01:00:00-05:00,1968-08-30,,TD,27.8,-82.0,25,,Tropical Depression,276.83
AL061968,UNNAMED,1968-08-30T12:00:00+00:00,1968-08-30T07:00:00-05:00,1968-08-30,,TD,27.9,-82.0,25,,Tropical Depression,272.79
AL061968,UNNAMED,1968-08-30T18:00:00+00:00,1968-08-30T13:00:00-05:00,1968-08-30,,TD,28.2,-82.0,25,,Tropical Depression,261.39
AL061968,UNNAMED,1968-08-31T00:00:00+00:00,1968-08-30T19:00:00-05:00,1968-08-30,,TD,28.5,-81.9,25,,Tropical Depression,256.59
AL061968,UNNAMED,1968-08-31T06:00:00+00:00,1968-08-31T01:00:00-05:00,1968-08-31,,TD,29.0,-81.7,25,,Tropical Depression,254.35
AL061968,UNNAMED,1968-08-31T12:00:00+00:00,1968-08-31T07:00:00-05:00,1968-08-31,,TD,29.4,-81.5,25,,Tropical Depression,258.59
AL061968,UNNAMED,1968-08-31T18:00:00+00:00,1968-08-31T13:00:00-05:00,1968-08-31,,TD,29.7,-81.3,25,,Tropical Depression,266.91
AL161968,UNNAMED,1968-09-10T00:00:00+00:00,1968-09-09T19:00:00-05:00,1968-09-09,,TD,32.0,-78.0,25,,Tropical Depression,475.36
AL131968,UNNAMED,1968-09-26T18:00:00+00:00,1968-09-26T13:00:00-05:00,1968-09-26,,TD,23.8,-82.8,30,,Tropical Depression,472.74
AL131968,UNNAMED,1968-09-27T00:00:00+00:00,1968-09-26T19:00:00-05:00,1968-09-26,,TD,24.8,-82.0,30,1004.0,Tropical Depression,433.11
AL131968,UNNAMED,1968-09-27T06:00:00+00:00,1968-09-27T01:00:00-05:00,1968-09-27,,TD,25.6,-81.2,30,,Tropical Depression,417.41
AL131968,UNNAMED,1968-09-27T12:00:00+00:00,1968-09-27T07:00:00-05:00,1968-09-27,,TD,26.1,-80.2,30,,Tropical Depression,436.82
AL131968,UNNAMED,1968-09-27T18:00:00+00:00,1968-09-27T13:00:00-05:00,1968-09-27,,TD,26.5,-79.3,25,,Tropical Depression,464.3
AL131968,UNNAMED,1968-09-28T00:00:00+00:00,1968-09-27T19:00:00-05:00,1968-09-27,,TD,26.8,-78.5,25,,Tropical Depression,495.46
AL141968,GLADYS,1968-10-17T00:00:00+00:00,1968-10-16T19:00:00-05:00,1968-10-16,,TS,24.3,-83.3,60,990.0,Tropical Storm,429.23
AL141968,GLADYS,1968-10-17T06:00:00+00:00,1968-10-17T01:00:00-05:00,1968-10-17,,HU,25.1,-83.7,65,,Category 1,368.74
AL141968,GLADYS,1968-10-17T12:00:00+00:00,1968-10-17T07:00:00-05:00,1968-10-17,,HU,25.8,-84.0,70,986.0,Category 1,316.92
AL141968,GLADYS,1968-10-17T18:00:00+00:00,1968-10-17T13:00:00-05:00,1968-10-17,,HU,26.3,-84.1,70,986.0,Category 1,282.29
AL141968,GLADYS,1968-10-18T00:00:00+00:00,1968-10-17T19:00:00-05:00,1968-10-17,,HU,26.7,-84.2,70,985.0,Category 1,254.25
AL141968,GLADYS,1968-10-18T06:00:00+00:00,1968-10-18T01:00:00-05:00,1968-10-18,,HU,27.0,-84.2,75,,Category 1,235.02
AL141968,GLADYS,1968-10-18T12:00:00+00:00,1968-10-18T07:00:00-05:00,1968-10-18,,HU,27.4,-84.1,80,980.0,Category 1,212.59
AL141968,GLADYS,1968-10-18T18:00:00+00:00,1968-10-18T13:00:00-05:00,1968-10-18,,HU,27.8,-83.7,80,,Category 1,202.14
AL141968,GLADYS,1968-10-19T00:00:00+00:00,1968-10-18T19:00:00-05:00,1968-10-18,,HU,28.3,-83.1,85,977.0,Category 2,202.61
AL141968,GLADYS,1968-10-19T04:00:00+00:00,1968-10-18T23:00:00-05:00,1968-10-18,L,HU,28.7,-82.7,85,978.0,Category 2,207.24
AL141968,GLADYS,1968-10-19T06:00:00+00:00,1968-10-19T01:00:00-05:00,1968-10-19,,HU,28.8,-82.5,80,,Category 1,214.78
AL141968,GLADYS,1968-10-19T12:00:00+00:00,1968-10-19T07:00:00-05:00,1968-10-19,,HU,30.0,-81.0,70,987.0,Category 1,282.96
AL141968,GLADYS,1968-10-19T18:00:00+00:00,1968-10-19T13:00:00-05:00,1968-10-19,,HU,31.3,-79.7,75,981.0,Category 1,367.23
AL141968,GLADYS,1968-10-20T00:00:00+00:00,1968-10-19T19:00:00-05:00,1968-10-19,,HU,32.9,-78.2,75,,Category 1,483.05
AL031969,UNNAMED,1969-06-09T06:00:00+00:00,1969-06-09T01:00:00-05:00,1969-06-09,,TD,24.2,-81.5,25,,Tropical Depression,484.86
AL091969,CAMILLE,1969-08-16T06:00:00+00:00,1969-08-16T01:00:00-05:00,1969-08-16,,HU,23.1,-85.2,105,,Category 3,486.48
AL091969,CAMILLE,1969-08-16T12:00:00+00:00,1969-08-16T07:00:00-05:00,1969-08-16,,HU,23.8,-86.0,130,,Category 4,437.33
AL091969,CAMILLE,1969-08-16T18:00:00+00:00,1969-08-16T13:00:00-05:00,1969-08-16,,HU,24.3,-86.6,150,908.0,Category 5,406.0
AL091969,CAMILLE,1969-08-17T00:00:00+00:00,1969-08-16T19:00:00-05:00,1969-08-16,,HU,25.2,-87.2,150,905.0,Category 5,351.96
AL091969,CAMILLE,1969-08-17T06:00:00+00:00,1969-08-17T01:00:00-05:00,1969-08-17,,HU,26.0,-87.7,145,,Category 5,309.27
AL091969,CAMILLE,1969-08-17T12:00:00+00:00,1969-08-17T07:00:00-05:00,1969-08-17,,HU,27.0,-88.3,140,,Category 5,266.33
AL091969,CAMILLE,1969-08-17T18:00:00+00:00,1969-08-17T13:00:00-05:00,1969-08-17,,HU,28.2,-88.7,135,919.0,Category 4,223.15
AL091969,CAMILLE,1969-08-18T00:00:00+00:00,1969-08-17T19:00:00-05:00,1969-08-17,,HU,29.4,-89.0,140,,Category 5,202.42
AL091969,CAMILLE,1969-08-18T04:00:00+00:00,1969-08-17T23:00:00-05:00,1969-08-17,L,HU,30.3,-89.4,150,900.0,Category 5,219.45
AL091969,CAMILLE,1969-08-18T06:00:00+00:00,1969-08-18T01:00:00-05:00,1969-08-18,,HU,30.7,-89.6,115,,Category 4,233.98
AL091969,CAMILLE,1969-08-18T12:00:00+00:00,1969-08-18T07:00:00-05:00,1969-08-18,,HU,32.0,-89.9,75,,Category 1,278.71
AL091969,CAMILLE,1969-08-18T18:00:00+00:00,1969-08-18T13:00:00-05:00,1969-08-18,,TS,33.4,-90.1,50,,Tropical Storm,342.14
AL091969,CAMILLE,1969-08-19T00:00:00+00:00,1969-08-18T19:00:00-05:00,1969-08-18,,TS,34.7,-90.0,35,,Tropical Storm,402.34
AL091969,CAMILLE,1969-08-19T06:00:00+00:00,1969-08-19T01:00:00-05:00,1969-08-19,,TD,36.0,-89.3,30,,Tropical Depression,455.43
AL091969,CAMILLE,1969-08-19T12:00:00+00:00,1969-08-19T07:00:00-05:00,1969-08-19,,TD,37.0,-88.0,30,,Tropical Depression,492.62
AL121969,EVE,1969-08-24T18:00:00+00:00,1969-08-24T13:00:00-05:00,1969-08-24,,TD,29.4,-79.2,25,,Tropical Depression,394.8
AL121969,EVE,1969-08-25T00:00:00+00:00,1969-08-24T19:00:00-05:00,1969-08-24,,TD,29.4,-78.5,30,,Tropical Depression,436.46
AL121969,EVE,1969-08-25T06:00:00+00:00,1969-08-25T01:00:00-05:00,1969-08-25,,TD,29.4,-77.6,30,,Tropical Depression,490.09
AL161969,GERDA,1969-09-07T00:00:00+00:00,1969-09-06T19:00:00-05:00,1969-09-06,,TD,26.3,-80.4,25,1011.0,Tropical Depression,418.41
AL161969,GERDA,1969-09-07T06:00:00+00:00,1969-09-07T01:00:00-05:00,1969-09-07,,TD,27.0,-80.6,25,,Tropical Depression,378.78
AL161969,GERDA,1969-09-07T12:00:00+00:00,1969-09-07T07:00:00-05:00,1969-09-07,,TD,27.6,-80.7,25,1010.0,Tropical Depression,350.76
AL161969,GERDA,1969-09-07T18:00:00+00:00,1969-09-07T13:00:00-05:00,1969-09-07,,TD,28.2,-80.4,30,,Tropical Depression,347.95
AL161969,GERDA,1969-09-08T00:00:00+00:00,1969-09-07T19:00:00-05:00,1969-09-07,,TS,28.8,-80.0,35,,Tropical Storm,356.61
AL161969,GERDA,1969-09-08T06:00:00+00:00,1969-09-08T01:00:00-05:00,1969-09-08,,TS,29.5,-79.6,40,,Tropical Storm,369.97
AL161969,GERDA,1969-09-08T12:00:00+00:00,1969-09-08T07:00:00-05:00,1969-09-08,,TS,30.4,-79.0,50,1000.0,Tropical Storm,402.02
AL161969,GERDA,1969-09-08T18:00:00+00:00,1969-09-08T13:00:00-05:00,1969-09-08,,TS,31.7,-78.0,60,993.0,Tropical Storm,470.85
AL191969,UNNAMED,1969-09-19T12:00:00+00:00,1969-09-19T07:00:00-05:00,1969-09-19,,TD,24.0,-85.4,30,,Tropical Depression,423.68
AL191969,UNNAMED,1969-09-19T18:00:00+00:00,1969-09-19T13:00:00-05:00,1969-09-19,,TD,24.5,-85.6,30,1007.0,Tropical Depression,388.73
AL191969,UNNAMED,1969-09-20T00:00:00+00:00,1969-09-19T19:00:00-05:00,1969-09-19,,TD,25.0,-85.8,30,,Tropical Depression,354.13
AL191969,UNNAMED,1969-09-20T06:00:00+00:00,1969-09-20T01:00:00-05:00,1969-09-20,,TD,25.6,-86.0,30,,Tropical Depression,313.08
AL191969,UNNAMED,1969-09-20T12:00:00+00:00,1969-09-20T07:00:00-05:00,1969-09-20,,TD,26.4,-86.2,30,,Tropical Depression,258.96
AL191969,UNNAMED,1969-09-20T18:00:00+00:00,1969-09-20T13:00:00-05:00,1969-09-20,,TD,27.2,-86.3,30,,Tropical Depression,205.03
AL191969,UNNAMED,1969-09-21T00:00:00+00:00,1969-09-20T19:00:00-05:00,1969-09-20,,TD,28.2,-86.3,30,,Tropical Depression,137.38
AL191969,UNNAMED,1969-09-21T06:00:00+00:00,1969-09-21T01:00:00-05:00,1969-09-21,,TD,29.2,-86.2,30,,Tropical Depression,69.86
AL191969,UNNAMED,1969-09-21T12:00:00+00:00,1969-09-21T07:00:00-05:00,1969-09-21,,TD,30.1,-86.1,30,,Tropical Depression,22.18
AL191969,UNNAMED,1969-09-21T18:00:00+00:00,1969-09-21T13:00:00-05:00,1969-09-21,,TD,30.7,-86.0,30,,Tropical Depression,42.86
AL191969,UNNAMED,1969-09-22T00:00:00+00:00,1969-09-21T19:00:00-05:00,1969-09-21,,TD,30.9,-86.0,25,,Tropical Depression,55.91
AL191969,UNNAMED,1969-09-22T06:00:00+00:00,1969-09-22T01:00:00-05:00,1969-09-22,,TD,31.0,-86.0,25,,Tropical Depression,62.55
AL191969,UNNAMED,1969-09-22T12:00:00+00:00,1969-09-22T07:00:00-05:00,1969-09-22,,TD,31.1,-86.0,20,,Tropical Depression,69.25
AL191969,UNNAMED,1969-09-22T18:00:00+00:00,1969-09-22T13:00:00-05:00,1969-09-22,,TD,31.1,-86.0,20,,Tropical Depression,69.25
AL191969,UNNAMED,1969-09-23T00:00:00+00:00,1969-09-22T19:00:00-05:00,1969-09-22,,TD,31.1,-86.0,20,,Tropical Depression,69.25
AL191969,UNNAMED,1969-09-23T06:00:00+00:00,1969-09-23T01:00:00-05:00,1969-09-23,,TD,31.1,-86.0,20,,Tropical Depression,69.25
AL191969,UNNAMED,1969-09-23T12:00:00+00:00,1969-09-23T07:00:00-05:00,1969-09-23,,TD,31.1,-86.0,20,,Tropical Depression,69.25
AL231969,UNNAMED,1969-09-29T12:00:00+00:00,1969-09-29T07:00:00-05:00,1969-09-29,,SD,23.5,-85.5,30,1004.0,Tropical Depression,457.96
AL231969,UNNAMED,1969-09-29T18:00:00+00:00,1969-09-29T13:00:00-05:00,1969-09-29,,SS,24.0,-85.7,35,1002.0,Tropical Storm,423.2
AL231969,UNNAMED,1969-09-30T00:00:00+00:00,1969-09-29T19:00:00-05:00,1969-09-29,,SS,24.5,-86.0,40,1002.0,Tropical Storm,389.0
AL231969,UNNAMED,1969-09-30T06:00:00+00:00,1969-09-30T01:00:00-05:00,1969-09-30,,SS,25.0,-86.2,40,1002.0,Tropical Storm,355.27
AL231969,UNNAMED,1969-09-30T12:00:00+00:00,1969-09-30T07:00:00-05:00,1969-09-30,,SS,25.5,-86.4,45,1000.0,Tropical Storm,322.17
AL231969,UNNAMED,1969-09-30T18:00:00+00:00,1969-09-30T13:00:00-05:00,1969-09-30,,SS,26.2,-86.5,50,,Tropical Storm,275.21
AL231969,UNNAMED,1969-10-01T00:00:00+00:00,1969-09-30T19:00:00-05:00,1969-09-30,,SS,26.9,-86.6,50,996.0,Tropical Storm,229.0
AL231969,UNNAMED,1969-10-01T06:00:00+00:00,1969-10-01T01:00:00-05:00,1969-10-01,,SS,27.9,-86.6,50,995.0,Tropical Storm,162.47
AL231969,UNNAMED,1969-10-01T12:00:00+00:00,1969-10-01T07:00:00-05:00,1969-10-01,,SS,29.2,-86.7,45,995.0,Tropical Storm,86.46
AL231969,UNNAMED,1969-10-01T16:00:00+00:00,1969-10-01T11:00:00-05:00,1969-10-01,L,SS,30.4,-86.8,40,999.0,Tropical Storm,66.62
AL231969,UNNAMED,1969-10-01T18:00:00+00:00,1969-10-01T13:00:00-05:00,1969-10-01,,SS,30.8,-86.8,35,999.0,Tropical Storm,78.97
AL231969,UNNAMED,1969-10-02T00:00:00+00:00,1969-10-01T19:00:00-05:00,1969-10-01,,SD,33.0,-86.9,25,1001.0,Tropical Depression,210.24
AL231969,UNNAMED,1969-10-02T06:00:00+00:00,1969-10-02T01:00:00-05:00,1969-10-02,,SD,35.3,-86.8,20,1003.0,Tropical Depression,362.92
AL241969,JENNY,1969-10-02T12:00:00+00:00,1969-10-02T07:00:00-05:00,1969-10-02,,TS,24.2,-82.3,40,1000.0,Tropical Storm,460.41
AL241969,JENNY,1969-10-02T18:00:00+00:00,1969-10-02T13:00:00-05:00,1969-10-02,,TS,25.6,-82.0,40,1001.0,Tropical Storm,386.79
AL241969,JENNY,1969-10-02T21:00:00+00:00,1969-10-02T16:00:00-05:00,1969-10-02,L,TS,26.1,-81.8,40,1001.0,Tropical Storm,366.95
AL241969,JENNY,1969-10-03T00:00:00+00:00,1969-10-02T19:00:00-05:00,1969-10-02,,TS,26.6,-81.6,35,1001.0,Tropical Storm,349.75
AL241969,JENNY,1969-10-03T06:00:00+00:00,1969-10-03T01:00:00-05:00,1969-10-03,,TD,27.6,-81.2,30,,Tropical Depression,324.87
AL241969,JENNY,1969-10-03T12:00:00+00:00,1969-10-03T07:00:00-05:00,1969-10-03,,TD,28.5,-80.7,30,,Tropical Depression,323.13
AL241969,JENNY,1969-10-03T18:00:00+00:00,1969-10-03T13:00:00-05:00,1969-10-03,,TD,28.9,-80.6,30,1004.0,Tropical Depression,319.83
AL241969,JENNY,1969-10-04T00:00:00+00:00,1969-10-03T19:00:00-05:00,1969-10-03,,TD,29.1,-80.9,25,1005.0,Tropical Depression,298.62
AL241969,JENNY,1969-10-04T06:00:00+00:00,1969-10-04T01:00:00-05:00,1969-10-04,,TD,29.1,-81.2,25,1008.0,Tropical Depression,281.15
AL241969,JENNY,1969-10-04T12:00:00+00:00,1969-10-04T07:00:00-05:00,1969-10-04,,TD,29.0,-81.5,25,1009.0,Tropical Depression,265.81
AL241969,JENNY,1969-10-04T18:00:00+00:00,1969-10-04T13:00:00-05:00,1969-10-04,,TD,28.4,-82.2,25,1008.0,Tropical Depression,243.86
AL241969,JENNY,1969-10-05T00:00:00+00:00,1969-10-04T19:00:00-05:00,1969-10-04,,TD,27.7,-83.0,25,,Tropical Depression,235.22
AL261969,LAURIE,1969-10-20T18:00:00+00:00,1969-10-20T13:00:00-05:00,1969-10-20,,HU,25.0,-91.1,65,987.0,Category 1,483.15
AL261969,LAURIE,1969-10-21T00:00:00+00:00,1969-10-20T19:00:00-05:00,1969-10-20,,HU,25.7,-91.0,80,973.0,Category 1,443.73
AL261969,LAURIE,1969-10-21T06:00:00+00:00,1969-10-21T01:00:00-05:00,1969-10-21,,HU,26.3,-90.5,80,974.0,Category 1,392.58
AL261969,LAURIE,1969-10-21T12:00:00+00:00,1969-10-21T07:00:00-05:00,1969-10-21,,HU,26.5,-89.8,80,973.0,Category 1,352.11
AL261969,LAURIE,1969-10-21T18:00:00+00:00,1969-10-21T13:00:00-05:00,1969-10-21,,HU,26.5,-89.0,75,977.0,Category 1,319.8
AL261969,LAURIE,1969-10-22T00:00:00+00:00,1969-10-21T19:00:00-05:00,1969-10-21,,HU,26.3,-88.2,75,980.0,Category 1,304.05
AL261969,LAURIE,1969-10-22T06:00:00+00:00,1969-10-22T01:00:00-05:00,1969-10-22,,HU,25.9,-87.4,70,983.0,Category 1,309.17
AL261969,LAURIE,1969-10-22T12:00:00+00:00,1969-10-22T07:00:00-05:00,1969-10-22,,HU,25.5,-86.9,65,987.0,Category 1,327.45
AL261969,LAURIE,1969-10-22T18:00:00+00:00,1969-10-22T13:00:00-05:00,1969-10-22,,HU,25.1,-86.5,65,987.0,Category 1,350.38
AL261969,LAURIE,1969-10-23T00:00:00+00:00,1969-10-22T19:00:00-05:00,1969-10-22,,TS,24.7,-86.2,55,992.0,Tropical Storm,375.94
AL261969,LAURIE,1969-10-23T06:00:00+00:00,1969-10-23T01:00:00-05:00,1969-10-23,,TS,24.4,-86.1,50,996.0,Tropical Storm,396.21
AL261969,LAURIE,1969-10-23T12:00:00+00:00,1969-10-23T07:00:00-05:00,1969-10-23,,TS,24.1,-86.2,50,998.0,Tropical Storm,417.29
AL261969,LAURIE,1969-10-23T18:00:00+00:00,1969-10-23T13:00:00-05:00,1969-10-23,,TS,23.8,-86.7,45,1000.0,Tropical Storm,441.07
AL261969,LAURIE,1969-10-24T00:00:00+00:00,1969-10-23T19:00:00-05:00,1969-10-23,,TS,23.6,-87.3,45,,Tropical Storm,461.08
AL261969,LAURIE,1969-10-24T06:00:00+00:00,1969-10-24T01:00:00-05:00,1969-10-24,,TS,23.5,-87.9,40,,Tropical Storm,476.86
AL261969,LAURIE,1969-10-24T12:00:00+00:00,1969-10-24T07:00:00-05:00,1969-10-24,,TS,23.4,-88.6,40,1001.0,Tropical Storm,497.18
AL011970,ALMA,1970-05-24T06:00:00+00:00,1970-05-24T01:00:00-05:00,1970-05-24,,TD,23.9,-84.3,30,1008.0,Tropical Depression,439.01
AL011970,ALMA,1970-05-24T12:00:00+00:00,1970-05-24T07:00:00-05:00,1970-05-24,,TD,24.9,-84.1,30,1008.0,Tropical Depression,374.56
AL011970,ALMA,1970-05-24T18:00:00+00:00,1970-05-24T13:00:00-05:00,1970-05-24,,TD,26.3,-83.9,30,,Tropical Depression,286.79
AL011970,ALMA,1970-05-25T00:00:00+00:00,1970-05-24T19:00:00-05:00,1970-05-24,,TD,28.0,-83.4,30,,Tropical Depression,203.36
AL011970,ALMA,1970-05-25T06:00:00+00:00,1970-05-25T01:00:00-05:00,1970-05-25,,TD,29.5,-82.9,30,,Tropical Depression,175.06
AL011970,ALMA,1970-05-25T12:00:00+00:00,1970-05-25T07:00:00-05:00,1970-05-25,,TD,30.8,-82.2,30,,Tropical Depression,215.33
AL011970,ALMA,1970-05-25T18:00:00+00:00,1970-05-25T13:00:00-05:00,1970-05-25,,TS,31.8,-81.6,35,1003.0,Tropical Storm,270.65
AL011970,ALMA,1970-05-26T00:00:00+00:00,1970-05-25T19:00:00-05:00,1970-05-25,,TS,32.6,-81.2,40,,Tropical Storm,317.24
AL011970,ALMA,1970-05-26T06:00:00+00:00,1970-05-26T01:00:00-05:00,1970-05-26,,TS,33.5,-80.7,40,,Tropical Storm,376.2
AL011970,ALMA,1970-05-26T12:00:00+00:00,1970-05-26T07:00:00-05:00,1970-05-26,,TS,34.6,-79.9,40,,Tropical Storm,459.58
AL021970,BECKY,1970-07-20T12:00:00+00:00,1970-07-20T07:00:00-05:00,1970-07-20,,TS,23.2,-86.4,40,,Tropical Storm,480.25
AL021970,BECKY,1970-07-20T18:00:00+00:00,1970-07-20T13:00:00-05:00,1970-07-20,,TS,24.1,-86.6,45,1008.0,Tropical Storm,419.71
AL021970,BECKY,1970-07-21T00:00:00+00:00,1970-07-20T19:00:00-05:00,1970-07-20,,TS,25.0,-86.7,50,1003.0,Tropical Storm,359.05
AL021970,BECKY,1970-07-21T06:00:00+00:00,1970-07-21T01:00:00-05:00,1970-07-21,,TS,25.8,-86.8,55,1004.0,Tropical Storm,305.87
AL021970,BECKY,1970-07-21T12:00:00+00:00,1970-07-21T07:00:00-05:00,1970-07-21,,TS,26.6,-86.7,55,1006.0,Tropical Storm,250.59
AL021970,BECKY,1970-07-21T18:00:00+00:00,1970-07-21T13:00:00-05:00,1970-07-21,,TS,27.5,-86.3,55,,Tropical Storm,184.62
AL021970,BECKY,1970-07-22T00:00:00+00:00,1970-07-21T19:00:00-05:00,1970-07-21,,TS,28.3,-85.9,50,1007.0,Tropical Storm,126.51
AL021970,BECKY,1970-07-22T06:00:00+00:00,1970-07-22T01:00:00-05:00,1970-07-22,,TS,29.1,-85.5,45,1007.0,Tropical Storm,72.16
AL021970,BECKY,1970-07-22T10:00:00+00:00,1970-07-22T05:00:00-05:00,1970-07-22,L,TS,29.7,-85.3,40,1007.0,Tropical Storm,39.06
AL021970,BECKY,1970-07-22T12:00:00+00:00,1970-07-22T07:00:00-05:00,1970-07-22,,TS,30.0,-85.2,35,1007.0,Tropical Storm,32.85
AL021970,BECKY,1970-07-22T18:00:00+00:00,1970-07-22T13:00:00-05:00,1970-07-22,,TD,31.5,-85.3,25,,Tropical Depression,98.37
AL021970,BECKY,1970-07-23T00:00:00+00:00,1970-07-22T19:00:00-05:00,1970-07-22,,TD,33.4,-85.6,25,,Tropical Depression,226.41
AL021970,BECKY,1970-07-23T06:00:00+00:00,1970-07-23T01:00:00-05:00,1970-07-23,,TD,35.4,-86.1,20,,Tropical Depression,365.1
AL041970,CELIA,1970-08-01T12:00:00+00:00,1970-08-01T07:00:00-05:00,1970-08-01,,TS,23.3,-85.8,60,993.0,Tropical Storm,471.58
AL041970,CELIA,1970-08-01T18:00:00+00:00,1970-08-01T13:00:00-05:00,1970-08-01,,HU,23.9,-86.5,65,990.0,Category 1,432.71
AL041970,CELIA,1970-08-02T00:00:00+00:00,1970-08-01T19:00:00-05:00,1970-08-01,,HU,24.2,-87.2,80,,Category 1,419.22
AL041970,CELIA,1970-08-02T06:00:00+00:00,1970-08-02T01:00:00-05:00,1970-08-02,,HU,24.7,-88.3,80,,Category 1,406.59
AL041970,CELIA,1970-08-02T12:00:00+00:00,1970-08-02T07:00:00-05:00,1970-08-02,,HU,25.3,-89.6,75,986.0,Category 1,408.79
AL041970,CELIA,1970-08-02T18:00:00+00:00,1970-08-02T13:00:00-05:00,1970-08-02,,HU,25.7,-90.8,75,984.0,Category 1,434.97
AL041970,CELIA,1970-08-03T00:00:00+00:00,1970-08-02T19:00:00-05:00,1970-08-02,,HU,26.2,-92.0,75,983.0,Category 1,468.27
AL081970,UNNAMED,1970-08-16T00:00:00+00:00,1970-08-15T19:00:00-05:00,1970-08-15,,TD,28.6,-77.9,30,,Tropical Depression,483.02
AL081970,UNNAMED,1970-08-16T06:00:00+00:00,1970-08-16T01:00:00-05:00,1970-08-16,,TS,29.3,-78.5,35,,Tropical Storm,437.52
AL081970,UNNAMED,1970-08-16T12:00:00+00:00,1970-08-16T07:00:00-05:00,1970-08-16,,TS,30.0,-78.7,35,1011.0,Tropical Storm,420.41
AL081970,UNNAMED,1970-08-16T18:00:00+00:00,1970-08-16T13:00:00-05:00,1970-08-16,,TS,31.0,-78.7,35,,Tropical Storm,422.52
AL081970,UNNAMED,1970-08-17T00:00:00+00:00,1970-08-16T19:00:00-05:00,1970-08-16,,TS,32.2,-78.5,40,,Tropical Storm,450.75
AL131970,FELICE,1970-09-13T12:00:00+00:00,1970-09-13T07:00:00-05:00,1970-09-13,,TD,25.0,-80.0,25,,Tropical Depression,498.4
AL131970,FELICE,1970-09-13T18:00:00+00:00,1970-09-13T13:00:00-05:00,1970-09-13,,TD,24.8,-81.0,30,,Tropical Depression,468.34
AL131970,FELICE,1970-09-14T00:00:00+00:00,1970-09-13T19:00:00-05:00,1970-09-13,,TD,24.4,-82.0,30,1011.0,Tropical Depression,457.02
AL131970,FELICE,1970-09-14T06:00:00+00:00,1970-09-14T01:00:00-05:00,1970-09-14,,TD,24.2,-83.0,30,1010.0,Tropical Depression,442.39
AL131970,FELICE,1970-09-14T12:00:00+00:00,1970-09-14T07:00:00-05:00,1970-09-14,,TD,24.5,-84.1,30,,Tropical Depression,401.31
AL131970,FELICE,1970-09-14T18:00:00+00:00,1970-09-14T13:00:00-05:00,1970-09-14,,TS,25.4,-85.3,35,1008.0,Tropical Storm,327.52
AL131970,FELICE,1970-09-15T00:00:00+00:00,1970-09-14T19:00:00-05:00,1970-09-14,,TS,26.4,-86.6,45,1005.0,Tropical Storm,262.76
AL131970,FELICE,1970-09-15T06:00:00+00:00,1970-09-15T01:00:00-05:00,1970-09-15,,TS,27.2,-88.4,50,1000.0,Tropical Storm,258.91
AL131970,FELICE,1970-09-15T12:00:00+00:00,1970-09-15T07:00:00-05:00,1970-09-15,,TS,28.0,-90.2,55,998.0,Tropical Storm,307.26
AL131970,FELICE,1970-09-15T18:00:00+00:00,1970-09-15T13:00:00-05:00,1970-09-15,,TS,28.7,-92.2,60,990.0,Tropical Storm,401.6
AL131970,FELICE,1970-09-16T00:00:00+00:00,1970-09-15T19:00:00-05:00,1970-09-15,,TS,29.3,-94.0,60,994.0,Tropical Storm,499.43
AL131970,FELICE,1970-09-19T00:00:00+00:00,1970-09-18T19:00:00-05:00,1970-09-18,,EX,35.5,-91.3,20,,Tropical Depression,492.28
AL131970,FELICE,1970-09-19T06:00:00+00:00,1970-09-19T01:00:00-05:00,1970-09-19,,EX,35.5,-90.4,15,,Tropical Depression,459.71
AL131970,FELICE,1970-09-19T12:00:00+00:00,1970-09-19T07:00:00-05:00,1970-09-19,,EX,35.8,-89.8,15,,Tropical Depression,457.5
AL131970,FELICE,1970-09-19T18:00:00+00:00,1970-09-19T13:00:00-05:00,1970-09-19,,EX,36.2,-89.2,15,,Tropical Depression,465.16
AL161970,GRETA,1970-09-27T18:00:00+00:00,1970-09-27T13:00:00-05:00,1970-09-27,,TS,24.4,-81.3,35,1007.0,Tropical Storm,479.98
AL161970,GRETA,1970-09-28T00:00:00+00:00,1970-09-27T19:00:00-05:00,1970-09-27,,TD,24.7,-82.8,30,1006.0,Tropical Depression,415.63
AL161970,GRETA,1970-09-28T06:00:00+00:00,1970-09-28T01:00:00-05:00,1970-09-28,,TD,24.9,-83.5,30,1006.0,Tropical Depression,385.98
AL161970,GRETA,1970-09-28T12:00:00+00:00,1970-09-28T07:00:00-05:00,1970-09-28,,TD,25.0,-83.9,30,1006.0,Tropical Depression,371.4
AL161970,GRETA,1970-09-28T18:00:00+00:00,1970-09-28T13:00:00-05:00,1970-09-28,,TD,24.9,-84.2,30,1007.0,Tropical Depression,372.97
AL161970,GRETA,1970-09-29T00:00:00+00:00,1970-09-28T19:00:00-05:00,1970-09-28,,TD,24.8,-84.4,30,1006.0,Tropical Depression,376.84
AL161970,GRETA,1970-09-29T06:00:00+00:00,1970-09-29T01:00:00-05:00,1970-09-29,,TD,24.6,-84.5,30,1007.0,Tropical Depression,389.12
AL161970,GRETA,1970-09-29T12:00:00+00:00,1970-09-29T07:00:00-05:00,1970-09-29,,TD,24.4,-84.8,30,,Tropical Depression,399.66
AL161970,GRETA,1970-09-29T18:00:00+00:00,1970-09-29T13:00:00-05:00,1970-09-29,,TD,24.2,-85.1,30,,Tropical Depression,411.2
AL161970,GRETA,1970-09-30T00:00:00+00:00,1970-09-29T19:00:00-05:00,1970-09-29,,TD,24.1,-85.4,30,,Tropical Depression,416.78
AL161970,GRETA,1970-09-30T06:00:00+00:00,1970-09-30T01:00:00-05:00,1970-09-30,,TD,24.0,-85.7,30,,Tropical Depression,423.2
AL161970,GRETA,1970-09-30T12:00:00+00:00,1970-09-30T07:00:00-05:00,1970-09-30,,TD,23.8,-86.0,30,,Tropical Depression,437.33
AL161970,GRETA,1970-09-30T18:00:00+00:00,1970-09-30T13:00:00-05:00,1970-09-30,,TD,23.5,-86.3,30,1006.0,Tropical Depression,459.09
AL161970,GRETA,1970-10-01T00:00:00+00:00,1970-09-30T19:00:00-05:00,1970-09-30,,TD,23.1,-86.7,30,1004.0,Tropical Depression,489.06
AL021971,UNNAMED,1971-07-07T12:00:00+00:00,1971-07-07T07:00:00-05:00,1971-07-07,,TD,29.0,-92.0,20,,Tropical Depression,384.7
AL021971,UNNAMED,1971-07-07T18:00:00+00:00,1971-07-07T13:00:00-05:00,1971-07-07,,TD,29.4,-93.0,25,,Tropical Depression,438.84
AL021971,UNNAMED,1971-07-08T00:00:00+00:00,1971-07-07T19:00:00-05:00,1971-07-07,,TD,29.8,-94.0,25,,Tropical Depression,495.44
AL051971,UNNAMED,1971-08-06T12:00:00+00:00,1971-08-06T07:00:00-05:00,1971-08-06,,TD,25.5,-84.5,20,,Tropical Depression,328.27
AL051971,UNNAMED,1971-08-06T18:00:00+00:00,1971-08-06T13:00:00-05:00,1971-08-06,,TD,25.8,-84.8,25,,Tropical Depression,304.17
AL051971,UNNAMED,1971-08-07T00:00:00+00:00,1971-08-06T19:00:00-05:00,1971-08-06,,TD,26.2,-85.2,25,,Tropical Depression,273.11
AL051971,UNNAMED,1971-08-07T06:00:00+00:00,1971-08-07T01:00:00-05:00,1971-08-07,,TD,26.6,-85.6,25,,Tropical Depression,243.68
AL051971,UNNAMED,1971-08-07T12:00:00+00:00,1971-08-07T07:00:00-05:00,1971-08-07,,TD,27.0,-86.0,25,,Tropical Depression,216.54
AL051971,UNNAMED,1971-08-07T18:00:00+00:00,1971-08-07T13:00:00-05:00,1971-08-07,,TD,27.2,-86.5,25,,Tropical Depression,207.42
AL051971,UNNAMED,1971-08-08T00:00:00+00:00,1971-08-07T19:00:00-05:00,1971-08-07,,TD,27.5,-87.0,25,,Tropical Depression,196.99
AL051971,UNNAMED,1971-08-08T06:00:00+00:00,1971-08-08T01:00:00-05:00,1971-08-08,,TD,27.8,-87.5,25,,Tropical Depression,193.01
AL051971,UNNAMED,1971-08-08T12:00:00+00:00,1971-08-08T07:00:00-05:00,1971-08-08,,TD,28.0,-88.0,25,,Tropical Depression,200.87
AL051971,UNNAMED,1971-08-08T18:00:00+00:00,1971-08-08T13:00:00-05:00,1971-08-08,,TD,28.6,-88.6,25,,Tropical Depression,202.4
AL051971,UNNAMED,1971-08-09T00:00:00+00:00,1971-08-08T19:00:00-05:00,1971-08-08,,TD,29.2,-89.2,25,,Tropical Depression,217.91
AL051971,UNNAMED,1971-08-09T06:00:00+00:00,1971-08-09T01:00:00-05:00,1971-08-09,,TD,29.8,-89.8,25,,Tropical Depression,244.65
AL051971,UNNAMED,1971-08-09T12:00:00+00:00,1971-08-09T07:00:00-05:00,1971-08-09,,TD,30.5,-90.5,-99,,Tropical Depression,285.67
AL061971,BETH,1971-08-10T12:00:00+00:00,1971-08-10T07:00:00-05:00,1971-08-10,,TD,26.7,-79.9,20,,Tropical Depression,425.95
AL061971,BETH,1971-08-10T18:00:00+00:00,1971-08-10T13:00:00-05:00,1971-08-10,,TD,26.8,-79.3,20,1013.0,Tropical Depression,453.0
AL061971,BETH,1971-08-11T00:00:00+00:00,1971-08-10T19:00:00-05:00,1971-08-10,,TD,27.4,-78.5,20,,Tropical Depression,476.54
AL061971,BETH,1971-08-11T06:00:00+00:00,1971-08-11T01:00:00-05:00,1971-08-11,,TD,28.0,-78.3,25,,Tropical Depression,472.02
AL061971,BETH,1971-08-11T12:00:00+00:00,1971-08-11T07:00:00-05:00,1971-08-11,,TD,28.8,-78.1,25,,Tropical Depression,467.95
AL061971,BETH,1971-08-11T18:00:00+00:00,1971-08-11T13:00:00-05:00,1971-08-11,,TD,29.7,-77.7,30,1010.0,Tropical Depression,481.71
AL071971,UNNAMED,1971-08-12T12:00:00+00:00,1971-08-12T07:00:00-05:00,1971-08-12,,TD,26.0,-83.5,20,,Tropical Depression,315.76
AL071971,UNNAMED,1971-08-12T18:00:00+00:00,1971-08-12T13:00:00-05:00,1971-08-12,,TD,26.2,-83.1,25,,Tropical Depression,314.94
AL071971,UNNAMED,1971-08-13T00:00:00+00:00,1971-08-12T19:00:00-05:00,1971-08-12,,TD,26.5,-82.7,25,,Tropical Depression,310.93
AL071971,UNNAMED,1971-08-13T06:00:00+00:00,1971-08-13T01:00:00-05:00,1971-08-13,,TD,26.8,-82.3,25,,Tropical Depression,310.1
AL071971,UNNAMED,1971-08-13T12:00:00+00:00,1971-08-13T07:00:00-05:00,1971-08-13,,TD,27.0,-82.0,20,,Tropical Depression,312.77
AL071971,UNNAMED,1971-08-13T18:00:00+00:00,1971-08-13T13:00:00-05:00,1971-08-13,,TD,27.3,-81.2,20,,Tropical Depression,336.77
AL071971,UNNAMED,1971-08-14T00:00:00+00:00,1971-08-13T19:00:00-05:00,1971-08-13,,TD,27.5,-81.7,20,,Tropical Depression,303.96
AL071971,UNNAMED,1971-08-14T06:00:00+00:00,1971-08-14T01:00:00-05:00,1971-08-14,,TD,27.8,-81.6,20,,Tropical Depression,296.85
AL071971,UNNAMED,1971-08-14T12:00:00+00:00,1971-08-14T07:00:00-05:00,1971-08-14,,TD,28.0,-81.5,20,,Tropical Depression,294.62
AL071971,UNNAMED,1971-08-14T18:00:00+00:00,1971-08-14T13:00:00-05:00,1971-08-14,,TD,28.1,-81.8,20,,Tropical Depression,275.39
AL071971,UNNAMED,1971-08-15T00:00:00+00:00,1971-08-14T19:00:00-05:00,1971-08-14,,TD,28.2,-82.2,20,,Tropical Depression,251.08
AL071971,UNNAMED,1971-08-15T06:00:00+00:00,1971-08-15T01:00:00-05:00,1971-08-15,,TD,28.3,-82.6,25,,Tropical Depression,226.98
AL071971,UNNAMED,1971-08-15T12:00:00+00:00,1971-08-15T07:00:00-05:00,1971-08-15,,TD,28.5,-83.0,25,,Tropical Depression,199.13
AL071971,UNNAMED,1971-08-15T18:00:00+00:00,1971-08-15T13:00:00-05:00,1971-08-15,,TD,28.9,-83.2,25,,Tropical Depression,174.08
AL071971,UNNAMED,1971-08-16T00:00:00+00:00,1971-08-15T19:00:00-05:00,1971-08-15,,TD,29.2,-83.5,25,,Tropical Depression,148.35
AL071971,UNNAMED,1971-08-16T06:00:00+00:00,1971-08-16T01:00:00-05:00,1971-08-16,,TD,29.6,-83.8,25,,Tropical Depression,121.2
AL071971,UNNAMED,1971-08-16T12:00:00+00:00,1971-08-16T07:00:00-05:00,1971-08-16,,TD,30.0,-84.0,-99,,Tropical Depression,103.81
AL101971,UNNAMED,1971-08-30T00:00:00+00:00,1971-08-29T19:00:00-05:00,1971-08-29,,TD,25.5,-79.7,25,,Tropical Depression,487.59
AL101971,UNNAMED,1971-08-30T06:00:00+00:00,1971-08-30T01:00:00-05:00,1971-08-30,,TD,25.8,-80.9,25,,Tropical Depression,419.64
AL101971,UNNAMED,1971-08-30T12:00:00+00:00,1971-08-30T07:00:00-05:00,1971-08-30,,TD,26.0,-82.0,20,,Tropical Depression,364.56
AL101971,UNNAMED,1971-08-30T18:00:00+00:00,1971-08-30T13:00:00-05:00,1971-08-30,,TD,26.2,-83.5,20,,Tropical Depression,303.29
AL101971,UNNAMED,1971-08-31T00:00:00+00:00,1971-08-30T19:00:00-05:00,1971-08-30,,TD,26.5,-85.0,25,,Tropical Depression,254.37
AL101971,UNNAMED,1971-08-31T06:00:00+00:00,1971-08-31T01:00:00-05:00,1971-08-31,,TD,26.8,-86.5,25,,Tropical Depression,234.45
AL101971,UNNAMED,1971-08-31T12:00:00+00:00,1971-08-31T07:00:00-05:00,1971-08-31,,TD,27.0,-88.0,25,,Tropical Depression,256.1
AL101971,UNNAMED,1971-08-31T18:00:00+00:00,1971-08-31T13:00:00-05:00,1971-08-31,,TD,27.7,-88.7,25,,Tropical Depression,245.62
AL101971,UNNAMED,1971-09-01T00:00:00+00:00,1971-08-31T19:00:00-05:00,1971-08-31,,TD,28.5,-89.5,25,,Tropical Depression,253.34
AL101971,UNNAMED,1971-09-01T06:00:00+00:00,1971-09-01T01:00:00-05:00,1971-09-01,,TD,29.2,-90.2,25,,Tropical Depression,275.86
AL101971,UNNAMED,1971-09-01T12:00:00+00:00,1971-09-01T07:00:00-05:00,1971-09-01,,TD,30.0,-91.0,-99,,Tropical Depression,315.23
AL111971,FERN,1971-09-03T12:00:00+00:00,1971-09-03T07:00:00-05:00,1971-09-03,,TD,27.5,-87.5,25,,Tropical Depression,210.65
AL111971,FERN,1971-09-03T18:00:00+00:00,1971-09-03T13:00:00-05:00,1971-09-03,,TD,27.7,-87.7,25,,Tropical Depression,205.59
AL111971,FERN,1971-09-04T00:00:00+00:00,1971-09-03T19:00:00-05:00,1971-09-03,,TD,28.0,-88.0,25,,Tropical Depression,200.87
AL111971,FERN,1971-09-04T06:00:00+00:00,1971-09-04T01:00:00-05:00,1971-09-04,,TD,28.2,-88.6,25,,Tropical Depression,218.33
AL111971,FERN,1971-09-04T12:00:00+00:00,1971-09-04T07:00:00-05:00,1971-09-04,,TD,28.6,-89.0,25,,Tropical Depression,223.31
AL111971,FERN,1971-09-04T18:00:00+00:00,1971-09-04T13:00:00-05:00,1971-09-04,,TD,29.0,-89.3,25,,Tropical Depression,228.18
AL111971,FERN,1971-09-05T00:00:00+00:00,1971-09-04T19:00:00-05:00,1971-09-04,,TD,29.5,-89.5,25,,Tropical Depression,230.09
AL111971,FERN,1971-09-05T06:00:00+00:00,1971-09-05T01:00:00-05:00,1971-09-05,,TD,30.1,-89.6,25,,Tropical Depression,231.3
AL111971,FERN,1971-09-05T12:00:00+00:00,1971-09-05T07:00:00-05:00,1971-09-05,,TD,30.7,-89.8,25,,Tropical Depression,245.73
AL111971,FERN,1971-09-05T18:00:00+00:00,1971-09-05T13:00:00-05:00,1971-09-05,,TD,30.6,-89.9,25,,Tropical Depression,250.74
AL111971,FERN,1971-09-06T00:00:00+00:00,1971-09-05T19:00:00-05:00,1971-09-05,,TD,30.3,-90.0,25,,Tropical Depression,255.23
AL111971,FERN,1971-09-06T06:00:00+00:00,1971-09-06T01:00:00-05:00,1971-09-06,,TD,29.9,-90.3,25,,Tropical Depression,273.84
AL111971,FERN,1971-09-06T12:00:00+00:00,1971-09-06T07:00:00-05:00,1971-09-06,,TD,29.5,-90.5,25,,Tropical Depression,289.18
AL111971,FERN,1971-09-06T18:00:00+00:00,1971-09-06T13:00:00-05:00,1971-09-06,,TD,29.0,-91.0,25,,Tropical Depression,326.08
AL111971,FERN,1971-09-07T00:00:00+00:00,1971-09-06T19:00:00-05:00,1971-09-06,,TD,28.6,-91.3,25,,Tropical Depression,351.52
AL111971,FERN,1971-09-07T06:00:00+00:00,1971-09-07T01:00:00-05:00,1971-09-07,,TD,28.1,-91.6,25,,Tropical Depression,380.9
AL111971,FERN,1971-09-07T12:00:00+00:00,1971-09-07T07:00:00-05:00,1971-09-07,,TD,27.7,-92.0,30,,Tropical Depression,414.5
AL111971,FERN,1971-09-07T18:00:00+00:00,1971-09-07T13:00:00-05:00,1971-09-07,,TD,27.3,-92.3,30,,Tropical Depression,443.29
AL111971,FERN,1971-09-08T00:00:00+00:00,1971-09-07T19:00:00-05:00,1971-09-07,,TS,26.9,-92.6,40,1000.0,Tropical Storm,472.75
AL111971,FERN,1971-09-08T06:00:00+00:00,1971-09-08T01:00:00-05:00,1971-09-08,,TS,26.6,-92.8,45,1000.0,Tropical Storm,493.89
AL151971,UNNAMED,1971-09-10T12:00:00+00:00,1971-09-10T07:00:00-05:00,1971-09-10,,TD,33.0,-78.0,25,,Tropical Depression,496.37
AL151971,UNNAMED,1971-09-10T18:00:00+00:00,1971-09-10T13:00:00-05:00,1971-09-10,,TD,32.9,-78.7,20,,Tropical Depression,456.19
AL151971,UNNAMED,1971-09-11T00:00:00+00:00,1971-09-10T19:00:00-05:00,1971-09-10,,TD,32.8,-79.5,20,,Tropical Depression,410.96
AL151971,UNNAMED,1971-09-11T06:00:00+00:00,1971-09-11T01:00:00-05:00,1971-09-11,,TD,32.7,-80.2,20,,Tropical Depression,371.38
AL151971,UNNAMED,1971-09-11T12:00:00+00:00,1971-09-11T07:00:00-05:00,1971-09-11,,TD,32.5,-81.0,-99,,Tropical Depression,323.81
AL131971,EDITH,1971-09-16T12:00:00+00:00,1971-09-16T07:00:00-05:00,1971-09-16,,HU,29.5,-93.1,85,978.0,Category 2,443.85
AL131971,EDITH,1971-09-16T18:00:00+00:00,1971-09-16T13:00:00-05:00,1971-09-16,,TS,30.5,-91.6,60,,Tropical Storm,351.05
AL131971,EDITH,1971-09-17T00:00:00+00:00,1971-09-16T19:00:00-05:00,1971-09-16,,TS,31.8,-89.9,40,,Tropical Storm,272.8
AL131971,EDITH,1971-09-17T06:00:00+00:00,1971-09-17T01:00:00-05:00,1971-09-17,,TD,32.3,-89.0,30,,Tropical Depression,244.76
AL131971,EDITH,1971-09-17T12:00:00+00:00,1971-09-17T07:00:00-05:00,1971-09-17,,TD,32.9,-87.8,25,,Tropical Depression,227.21
AL131971,EDITH,1971-09-17T18:00:00+00:00,1971-09-17T13:00:00-05:00,1971-09-17,,TD,33.3,-87.0,25,,Tropical Depression,231.72
AL131971,EDITH,1971-09-18T00:00:00+00:00,1971-09-17T19:00:00-05:00,1971-09-17,,TD,33.7,-85.8,25,,Tropical Depression,247.04
AL131971,EDITH,1971-09-18T06:00:00+00:00,1971-09-18T01:00:00-05:00,1971-09-18,,TD,34.0,-84.7,25,,Tropical Depression,274.44
AL201971,UNNAMED,1971-10-10T18:00:00+00:00,1971-10-10T13:00:00-05:00,1971-10-10,,TD,23.3,-88.0,25,,Tropical Depression,491.89
AL201971,UNNAMED,1971-10-11T00:00:00+00:00,1971-10-10T19:00:00-05:00,1971-10-10,,TD,23.7,-87.0,25,,Tropical Depression,450.76
AL201971,UNNAMED,1971-10-11T06:00:00+00:00,1971-10-11T01:00:00-05:00,1971-10-11,,TD,24.1,-86.0,25,,Tropical Depression,416.62
AL201971,UNNAMED,1971-10-11T12:00:00+00:00,1971-10-11T07:00:00-05:00,1971-10-11,,TD,24.5,-85.0,25,,Tropical Depression,391.22
AL201971,UNNAMED,1971-10-11T18:00:00+00:00,1971-10-11T13:00:00-05:00,1971-10-11,,TD,24.7,-84.8,25,,Tropical Depression,379.14
AL201971,UNNAMED,1971-10-12T00:00:00+00:00,1971-10-11T19:00:00-05:00,1971-10-11,,TD,25.0,-84.5,25,,Tropical Depression,362.02
AL201971,UNNAMED,1971-10-12T06:00:00+00:00,1971-10-12T01:00:00-05:00,1971-10-12,,TD,25.3,-84.2,25,,Tropical Depression,346.25
AL201971,UNNAMED,1971-10-12T12:00:00+00:00,1971-10-12T07:00:00-05:00,1971-10-12,,TD,25.5,-84.0,25,,Tropical Depression,336.58
AL201971,UNNAMED,1971-10-12T18:00:00+00:00,1971-10-12T13:00:00-05:00,1971-10-12,,TD,26.0,-84.1,25,,Tropical Depression,301.83
AL201971,UNNAMED,1971-10-13T00:00:00+00:00,1971-10-12T19:00:00-05:00,1971-10-12,,TD,26.5,-84.1,25,,Tropical Depression,269.36
AL201971,UNNAMED,1971-10-13T06:00:00+00:00,1971-10-13T01:00:00-05:00,1971-10-13,,TD,27.0,-84.3,25,,Tropical Depression,232.7
AL201971,UNNAMED,1971-10-13T12:00:00+00:00,1971-10-13T07:00:00-05:00,1971-10-13,,TD,27.5,-84.5,25,,Tropical Depression,196.06
AL201971,UNNAMED,1971-10-13T18:00:00+00:00,1971-10-13T13:00:00-05:00,1971-10-13,,TD,28.1,-84.6,25,,Tropical Depression,155.65
AL201971,UNNAMED,1971-10-14T00:00:00+00:00,1971-10-13T19:00:00-05:00,1971-10-13,,TD,28.7,-84.7,25,,Tropical Depression,116.35
AL201971,UNNAMED,1971-10-14T06:00:00+00:00,1971-10-14T01:00:00-05:00,1971-10-14,,TD,29.3,-84.8,25,,Tropical Depression,79.77
AL201971,UNNAMED,1971-10-14T12:00:00+00:00,1971-10-14T07:00:00-05:00,1971-10-14,,TD,30.0,-85.0,-99,,Tropical Depression,44.5
AL011972,ALPHA,1972-05-23T18:00:00+00:00,1972-05-23T13:00:00-05:00,1972-05-23,,SD,31.2,-78.2,25,1004.0,Tropical Depression,453.56
AL011972,ALPHA,1972-05-27T12:00:00+00:00,1972-05-27T07:00:00-05:00,1972-05-27,,SS,30.6,-78.4,55,,Tropical Storm,438.14
AL011972,ALPHA,1972-05-27T18:00:00+00:00,1972-05-27T13:00:00-05:00,1972-05-27,,SS,30.8,-80.1,50,991.0,Tropical Storm,338.49
AL011972,ALPHA,1972-05-28T00:00:00+00:00,1972-05-27T19:00:00-05:00,1972-05-27,,SD,31.0,-81.7,30,,Tropical Depression,247.25
AL011972,ALPHA,1972-05-28T06:00:00+00:00,1972-05-28T01:00:00-05:00,1972-05-28,,SD,30.5,-83.0,30,1011.0,Tropical Depression,164.88
AL011972,ALPHA,1972-05-28T12:00:00+00:00,1972-05-28T07:00:00-05:00,1972-05-28,,SD,29.8,-84.0,30,1012.0,Tropical Depression,105.96
AL011972,ALPHA,1972-05-28T18:00:00+00:00,1972-05-28T13:00:00-05:00,1972-05-28,,SD,29.2,-84.7,30,1013.0,Tropical Depression,88.93
AL011972,ALPHA,1972-05-29T00:00:00+00:00,1972-05-28T19:00:00-05:00,1972-05-28,,SD,28.8,-85.0,25,,Tropical Depression,101.54
AL011972,ALPHA,1972-05-29T06:00:00+00:00,1972-05-29T01:00:00-05:00,1972-05-29,,SD,28.4,-85.2,25,,Tropical Depression,123.39
AL011972,ALPHA,1972-05-29T12:00:00+00:00,1972-05-29T07:00:00-05:00,1972-05-29,,SD,27.8,-85.5,25,1013.0,Tropical Depression,161.24
AL021972,AGNES,1972-06-18T06:00:00+00:00,1972-06-18T01:00:00-05:00,1972-06-18,,TS,23.0,-85.5,60,,Tropical Storm,492.5
AL021972,AGNES,1972-06-18T12:00:00+00:00,1972-06-18T07:00:00-05:00,1972-06-18,,HU,23.8,-85.6,65,986.0,Category 1,437.09
AL021972,AGNES,1972-06-18T18:00:00+00:00,1972-06-18T13:00:00-05:00,1972-06-18,,HU,24.8,-85.7,65,983.0,Category 1,367.93
AL021972,AGNES,1972-06-19T00:00:00+00:00,1972-06-18T19:00:00-05:00,1972-06-18,,HU,26.0,-85.7,75,982.0,Category 1,285.02
AL021972,AGNES,1972-06-19T06:00:00+00:00,1972-06-19T01:00:00-05:00,1972-06-19,,HU,27.2,-85.7,75,978.0,Category 1,202.11
AL021972,AGNES,1972-06-19T12:00:00+00:00,1972-06-19T07:00:00-05:00,1972-06-19,,HU,28.5,-85.7,75,978.0,Category 1,112.29
AL021972,AGNES,1972-06-19T18:00:00+00:00,1972-06-19T13:00:00-05:00,1972-06-19,,HU,29.6,-85.6,65,983.0,Category 1,37.1
AL021972,AGNES,1972-06-20T00:00:00+00:00,1972-06-19T19:00:00-05:00,1972-06-19,,TS,30.5,-85.2,45,,Tropical Storm,40.87
AL021972,AGNES,1972-06-20T06:00:00+00:00,1972-06-20T01:00:00-05:00,1972-06-20,,TD,31.4,-84.7,30,990.0,Tropical Depression,107.24
AL021972,AGNES,1972-06-20T12:00:00+00:00,1972-06-20T07:00:00-05:00,1972-06-20,,TD,32.2,-83.8,30,,Tropical Depression,183.23
AL021972,AGNES,1972-06-20T18:00:00+00:00,1972-06-20T13:00:00-05:00,1972-06-20,,TD,32.9,-82.8,30,992.0,Tropical Depression,257.94
AL021972,AGNES,1972-06-21T00:00:00+00:00,1972-06-20T19:00:00-05:00,1972-06-20,,TD,33.5,-81.7,30,992.0,Tropical Depression,332.15
AL021972,AGNES,1972-06-21T06:00:00+00:00,1972-06-21T01:00:00-05:00,1972-06-21,,TD,33.8,-80.2,30,,Tropical Depression,411.65
AL021972,AGNES,1972-06-21T12:00:00+00:00,1972-06-21T07:00:00-05:00,1972-06-21,,TD,34.4,-79.0,30,990.0,Tropical Depression,491.58
AL041972,UNNAMED,1972-07-10T12:00:00+00:00,1972-07-10T07:00:00-05:00,1972-07-10,,TD,27.0,-78.5,20,,Tropical Depression,488.85
AL041972,UNNAMED,1972-07-10T18:00:00+00:00,1972-07-10T13:00:00-05:00,1972-07-10,,TD,28.1,-78.5,25,,Tropical Depression,458.21
AL041972,UNNAMED,1972-07-11T00:00:00+00:00,1972-07-10T19:00:00-05:00,1972-07-10,,TD,29.2,-78.5,25,,Tropical Depression,438.68
AL041972,UNNAMED,1972-07-11T06:00:00+00:00,1972-07-11T01:00:00-05:00,1972-07-11,,TD,30.3,-78.5,25,,Tropical Depression,431.79
AL041972,UNNAMED,1972-07-11T12:00:00+00:00,1972-07-11T07:00:00-05:00,1972-07-11,,TD,31.5,-78.5,25,,Tropical Depression,439.33
AL041972,UNNAMED,1972-07-11T18:00:00+00:00,1972-07-11T13:00:00-05:00,1972-07-11,,TD,32.1,-78.4,25,,Tropical Depression,454.45
AL041972,UNNAMED,1972-07-12T00:00:00+00:00,1972-07-11T19:00:00-05:00,1972-07-11,,TD,32.7,-78.3,25,,Tropical Depression,472.72
AL041972,UNNAMED,1972-07-12T06:00:00+00:00,1972-07-12T01:00:00-05:00,1972-07-12,,TD,33.3,-78.2,25,,Tropical Depression,493.79
AL111972,CARRIE,1972-08-29T12:00:00+00:00,1972-08-29T07:00:00-05:00,1972-08-29,,TD,29.0,-78.5,30,1012.0,Tropical Depression,441.33
AL131972,DAWN,1972-09-05T12:00:00+00:00,1972-09-05T07:00:00-05:00,1972-09-05,,TD,24.9,-80.4,30,,Tropical Depression,486.68
AL131972,DAWN,1972-09-05T18:00:00+00:00,1972-09-05T13:00:00-05:00,1972-09-05,,TD,25.6,-80.5,30,1007.0,Tropical Depression,446.87
AL131972,DAWN,1972-09-06T00:00:00+00:00,1972-09-05T19:00:00-05:00,1972-09-05,,TD,26.2,-79.9,30,,Tropical Depression,446.7
AL131972,DAWN,1972-09-06T06:00:00+00:00,1972-09-06T01:00:00-05:00,1972-09-06,,TD,26.8,-79.0,30,,Tropical Depression,468.78
AL131972,DAWN,1972-09-12T12:00:00+00:00,1972-09-12T07:00:00-05:00,1972-09-12,,TS,30.7,-78.0,35,,Tropical Storm,462.22
AL131972,DAWN,1972-09-12T18:00:00+00:00,1972-09-12T13:00:00-05:00,1972-09-12,,TD,31.0,-78.8,30,,Tropical Depression,416.63
AL131972,DAWN,1972-09-13T00:00:00+00:00,1972-09-12T19:00:00-05:00,1972-09-12,,TD,30.8,-79.7,30,,Tropical Depression,362.09
AL131972,DAWN,1972-09-13T06:00:00+00:00,1972-09-13T01:00:00-05:00,1972-09-13,,TD,30.8,-80.6,30,,Tropical Depression,309.03
AL131972,DAWN,1972-09-13T12:00:00+00:00,1972-09-13T07:00:00-05:00,1972-09-13,,TD,31.1,-81.0,30,,Tropical Depression,289.19
AL131972,DAWN,1972-09-13T18:00:00+00:00,1972-09-13T13:00:00-05:00,1972-09-13,,TD,31.7,-81.0,30,,Tropical Depression,300.73
AL131972,DAWN,1972-09-14T00:00:00+00:00,1972-09-13T19:00:00-05:00,1972-09-13,,TD,31.9,-80.6,30,,Tropical Depression,327.56
AL131972,DAWN,1972-09-14T06:00:00+00:00,1972-09-14T01:00:00-05:00,1972-09-14,,TD,32.4,-80.0,30,,Tropical Depression,373.07
AL131972,DAWN,1972-09-14T12:00:00+00:00,1972-09-14T07:00:00-05:00,1972-09-14,,TD,32.8,-79.5,30,,Tropical Depression,410.96
AL031973,UNNAMED,1973-06-24T12:00:00+00:00,1973-06-24T07:00:00-05:00,1973-06-24,,TD,30.0,-79.5,20,,Tropical Depression,372.6
AL031973,UNNAMED,1973-06-24T18:00:00+00:00,1973-06-24T13:00:00-05:00,1973-06-24,,TD,30.4,-79.2,25,,Tropical Depression,390.1
AL031973,UNNAMED,1973-06-25T00:00:00+00:00,1973-06-24T19:00:00-05:00,1973-06-24,,TD,30.8,-79.0,25,,Tropical Depression,403.45
AL031973,UNNAMED,1973-06-25T06:00:00+00:00,1973-06-25T01:00:00-05:00,1973-06-25,,TD,31.1,-78.7,25,,Tropical Depression,423.35
AL031973,UNNAMED,1973-06-25T12:00:00+00:00,1973-06-25T07:00:00-05:00,1973-06-25,,TD,31.5,-78.5,25,,Tropical Depression,439.33
AL031973,UNNAMED,1973-06-25T18:00:00+00:00,1973-06-25T13:00:00-05:00,1973-06-25,,TD,31.8,-78.2,25,,Tropical Depression,460.79
AL031973,UNNAMED,1973-06-26T00:00:00+00:00,1973-06-25T19:00:00-05:00,1973-06-25,,TD,32.2,-78.0,25,,Tropical Depression,478.85
AL031973,UNNAMED,1973-06-26T06:00:00+00:00,1973-06-26T01:00:00-05:00,1973-06-26,,TD,32.6,-77.8,20,,Tropical Depression,497.96
AL101973,DELIA,1973-09-02T18:00:00+00:00,1973-09-02T13:00:00-05:00,1973-09-02,,TD,23.1,-87.4,30,,Tropical Depression,496.2
AL101973,DELIA,1973-09-03T00:00:00+00:00,1973-09-02T19:00:00-05:00,1973-09-02,,TS,24.0,-88.0,40,1000.0,Tropical Storm,445.61
AL101973,DELIA,1973-09-03T06:00:00+00:00,1973-09-03T01:00:00-05:00,1973-09-03,,TS,25.0,-88.9,50,,Tropical Storm,403.79
AL101973,DELIA,1973-09-03T12:00:00+00:00,1973-09-03T07:00:00-05:00,1973-09-03,,TS,25.9,-89.9,60,997.0,Tropical Storm,387.12
AL101973,DELIA,1973-09-03T18:00:00+00:00,1973-09-03T13:00:00-05:00,1973-09-03,,TS,26.5,-91.0,60,994.0,Tropical Storm,406.71
AL101973,DELIA,1973-09-04T00:00:00+00:00,1973-09-03T19:00:00-05:00,1973-09-03,,TS,27.0,-92.4,60,,Tropical Storm,458.62
AL101973,DELIA,1973-09-04T06:00:00+00:00,1973-09-04T01:00:00-05:00,1973-09-04,,TS,26.9,-93.0,60,,Tropical Storm,494.28
AL101973,DELIA,1973-09-04T12:00:00+00:00,1973-09-04T07:00:00-05:00,1973-09-04,,TS,27.5,-93.1,60,993.0,Tropical Storm,481.5
AL111973,UNNAMED,1973-09-08T06:00:00+00:00,1973-09-08T01:00:00-05:00,1973-09-08,,TD,23.9,-89.7,30,,Tropical Depression,494.57
AL111973,UNNAMED,1973-09-08T12:00:00+00:00,1973-09-08T07:00:00-05:00,1973-09-08,,TD,25.0,-90.5,30,,Tropical Depression,458.95
AL111973,UNNAMED,1973-09-08T18:00:00+00:00,1973-09-08T13:00:00-05:00,1973-09-08,,TD,25.7,-90.5,30,,Tropical Depression,422.14
AL111973,UNNAMED,1973-09-09T00:00:00+00:00,1973-09-08T19:00:00-05:00,1973-09-08,,TD,26.5,-90.5,30,,Tropical Depression,383.22
AL111973,UNNAMED,1973-09-09T06:00:00+00:00,1973-09-09T01:00:00-05:00,1973-09-09,,TD,27.2,-90.5,-99,,Tropical Depression,352.74
AL111973,UNNAMED,1973-09-09T12:00:00+00:00,1973-09-09T07:00:00-05:00,1973-09-09,,TD,28.0,-90.5,-99,,Tropical Depression,323.29
AL111973,UNNAMED,1973-09-09T18:00:00+00:00,1973-09-09T13:00:00-05:00,1973-09-09,,TD,28.0,-90.8,30,,Tropical Depression,339.53
AL111973,UNNAMED,1973-09-10T00:00:00+00:00,1973-09-09T19:00:00-05:00,1973-09-09,,TD,28.0,-91.2,30,,Tropical Depression,361.45
AL111973,UNNAMED,1973-09-10T06:00:00+00:00,1973-09-10T01:00:00-05:00,1973-09-10,,TD,28.0,-91.6,30,,Tropical Depression,383.64
AL111973,UNNAMED,1973-09-10T12:00:00+00:00,1973-09-10T07:00:00-05:00,1973-09-10,,TD,28.0,-92.0,30,,Tropical Depression,406.06
AL111973,UNNAMED,1973-09-10T18:00:00+00:00,1973-09-10T13:00:00-05:00,1973-09-10,,TD,28.0,-93.0,30,,Tropical Depression,462.85
AL131973,UNNAMED,1973-09-24T18:00:00+00:00,1973-09-24T13:00:00-05:00,1973-09-24,,TD,28.8,-77.8,25,,Tropical Depression,485.65
AL131973,UNNAMED,1973-09-25T00:00:00+00:00,1973-09-24T19:00:00-05:00,1973-09-24,,TD,29.2,-78.0,25,,Tropical Depression,468.39
AL131973,UNNAMED,1973-09-25T06:00:00+00:00,1973-09-25T01:00:00-05:00,1973-09-25,,TD,29.6,-78.3,25,,Tropical Depression,446.6
AL131973,UNNAMED,1973-09-25T12:00:00+00:00,1973-09-25T07:00:00-05:00,1973-09-25,,TD,30.0,-78.5,25,,Tropical Depression,432.36
AL131973,UNNAMED,1973-09-25T18:00:00+00:00,1973-09-25T13:00:00-05:00,1973-09-25,,TD,29.8,-79.6,25,,Tropical Depression,367.58
AL131973,UNNAMED,1973-09-26T00:00:00+00:00,1973-09-25T19:00:00-05:00,1973-09-25,,TD,29.7,-80.7,25,,Tropical Depression,302.65
AL131973,UNNAMED,1973-09-26T06:00:00+00:00,1973-09-26T01:00:00-05:00,1973-09-26,,TD,29.6,-81.8,25,,Tropical Depression,238.25
AL131973,UNNAMED,1973-09-26T12:00:00+00:00,1973-09-26T07:00:00-05:00,1973-09-26,,TD,29.5,-83.0,-99,,Tropical Depression,169.26
AL021974,UNNAMED,1974-06-24T18:00:00+00:00,1974-06-24T13:00:00-05:00,1974-06-24,,SD,24.0,-88.0,30,,Tropical Depression,445.61
AL021974,UNNAMED,1974-06-25T00:00:00+00:00,1974-06-24T19:00:00-05:00,1974-06-24,,SS,25.4,-86.2,40,,Tropical Storm,327.73
AL021974,UNNAMED,1974-06-25T06:00:00+00:00,1974-06-25T01:00:00-05:00,1974-06-25,,SS,27.5,-83.2,45,,Tropical Storm,237.37
AL021974,UNNAMED,1974-06-25T12:00:00+00:00,1974-06-25T07:00:00-05:00,1974-06-25,,SS,28.8,-81.5,55,1000.0,Tropical Storm,270.41
AL021974,UNNAMED,1974-06-25T18:00:00+00:00,1974-06-25T13:00:00-05:00,1974-06-25,,SS,31.0,-78.7,55,,Tropical Storm,422.52
AL011974,UNNAMED,1974-06-26T00:00:00+00:00,1974-06-25T19:00:00-05:00,1974-06-25,,TD,23.3,-88.2,20,,Tropical Depression,495.54
AL011974,UNNAMED,1974-06-26T06:00:00+00:00,1974-06-26T01:00:00-05:00,1974-06-26,,TD,23.4,-87.9,20,,Tropical Depression,483.52
AL011974,UNNAMED,1974-06-26T12:00:00+00:00,1974-06-26T07:00:00-05:00,1974-06-26,,TD,23.5,-87.5,20,,Tropical Depression,470.55
AL041974,UNNAMED,1974-07-13T12:00:00+00:00,1974-07-13T07:00:00-05:00,1974-07-13,,TD,28.5,-87.0,20,,Tropical Depression,135.87
AL041974,UNNAMED,1974-07-13T18:00:00+00:00,1974-07-13T13:00:00-05:00,1974-07-13,,TD,28.2,-87.3,20,,Tropical Depression,163.28
AL041974,UNNAMED,1974-07-14T00:00:00+00:00,1974-07-13T19:00:00-05:00,1974-07-13,,TD,28.0,-87.7,25,,Tropical Depression,188.97
AL041974,UNNAMED,1974-07-14T06:00:00+00:00,1974-07-14T01:00:00-05:00,1974-07-14,,TD,27.7,-88.1,25,,Tropical Depression,220.49
AL041974,UNNAMED,1974-07-14T12:00:00+00:00,1974-07-14T07:00:00-05:00,1974-07-14,,TD,27.5,-88.5,25,,Tropical Depression,246.99
AL041974,UNNAMED,1974-07-14T18:00:00+00:00,1974-07-14T13:00:00-05:00,1974-07-14,,TD,27.3,-89.2,25,,Tropical Depression,286.87
AL041974,UNNAMED,1974-07-15T00:00:00+00:00,1974-07-14T19:00:00-05:00,1974-07-14,,TD,27.0,-89.8,25,,Tropical Depression,328.01
AL041974,UNNAMED,1974-07-15T06:00:00+00:00,1974-07-15T01:00:00-05:00,1974-07-15,,TD,26.8,-90.4,25,,Tropical Depression,364.95
AL041974,UNNAMED,1974-07-15T12:00:00+00:00,1974-07-15T07:00:00-05:00,1974-07-15,,TD,26.5,-91.0,30,,Tropical Depression,406.71
AL041974,UNNAMED,1974-07-15T18:00:00+00:00,1974-07-15T13:00:00-05:00,1974-07-15,,TD,26.2,-91.6,30,,Tropical Depression,448.64
AL041974,UNNAMED,1974-07-16T00:00:00+00:00,1974-07-15T19:00:00-05:00,1974-07-15,,TD,26.0,-92.2,30,,Tropical Depression,486.5
AL081974,UNNAMED,1974-08-24T12:00:00+00:00,1974-08-24T07:00:00-05:00,1974-08-24,,TD,24.0,-85.5,20,,Tropical Depression,423.43
AL081974,UNNAMED,1974-08-24T18:00:00+00:00,1974-08-24T13:00:00-05:00,1974-08-24,,TD,24.5,-86.8,25,,Tropical Depression,394.15
AL081974,UNNAMED,1974-08-25T00:00:00+00:00,1974-08-24T19:00:00-05:00,1974-08-24,,TD,25.0,-88.2,25,,Tropical Depression,385.03
AL081974,UNNAMED,1974-08-25T06:00:00+00:00,1974-08-25T01:00:00-05:00,1974-08-25,,TD,25.5,-89.6,30,,Tropical Depression,397.48
AL081974,UNNAMED,1974-08-25T12:00:00+00:00,1974-08-25T07:00:00-05:00,1974-08-25,,TD,26.0,-91.0,30,,Tropical Depression,429.39
AL081974,UNNAMED,1974-08-25T18:00:00+00:00,1974-08-25T13:00:00-05:00,1974-08-25,,TD,26.9,-92.1,30,,Tropical Depression,446.22
AL081974,UNNAMED,1974-08-26T00:00:00+00:00,1974-08-25T19:00:00-05:00,1974-08-25,,TD,27.8,-93.2,30,,Tropical Depression,479.17
AL101974,CARMEN,1974-09-07T00:00:00+00:00,1974-09-06T19:00:00-05:00,1974-09-06,,HU,24.6,-90.3,100,967.0,Category 3,473.55
AL101974,CARMEN,1974-09-07T06:00:00+00:00,1974-09-07T01:00:00-05:00,1974-09-07,,HU,25.7,-90.3,105,,Category 3,413.82
AL101974,CARMEN,1974-09-07T12:00:00+00:00,1974-09-07T07:00:00-05:00,1974-09-07,,HU,26.8,-90.3,110,950.0,Category 3,360.26
AL101974,CARMEN,1974-09-07T18:00:00+00:00,1974-09-07T13:00:00-05:00,1974-09-07,,HU,27.8,-90.4,115,944.0,Category 4,324.77
AL101974,CARMEN,1974-09-08T00:00:00+00:00,1974-09-07T19:00:00-05:00,1974-09-07,,HU,28.7,-90.8,130,937.0,Category 4,320.61
AL101974,CARMEN,1974-09-08T06:00:00+00:00,1974-09-08T01:00:00-05:00,1974-09-08,,HU,29.4,-91.3,105,,Category 3,337.78
AL101974,CARMEN,1974-09-08T12:00:00+00:00,1974-09-08T07:00:00-05:00,1974-09-08,,HU,30.0,-92.1,75,,Category 1,380.97
AL101974,CARMEN,1974-09-08T18:00:00+00:00,1974-09-08T13:00:00-05:00,1974-09-08,,TS,30.5,-92.6,45,,Tropical Storm,410.53
AL101974,CARMEN,1974-09-09T00:00:00+00:00,1974-09-08T19:00:00-05:00,1974-09-08,,TD,30.8,-93.6,30,,Tropical Depression,470.92
AL161974,UNNAMED,1974-09-25T18:00:00+00:00,1974-09-25T13:00:00-05:00,1974-09-25,,TD,24.2,-89.0,30,,Tropical Depression,456.0
AL161974,UNNAMED,1974-09-26T00:00:00+00:00,1974-09-25T19:00:00-05:00,1974-09-25,,TD,25.0,-88.5,30,,Tropical Depression,392.61
AL161974,UNNAMED,1974-09-26T06:00:00+00:00,1974-09-26T01:00:00-05:00,1974-09-26,,TD,25.7,-88.0,30,,Tropical Depression,335.66
AL161974,UNNAMED,1974-09-26T12:00:00+00:00,1974-09-26T07:00:00-05:00,1974-09-26,,TD,26.5,-87.5,25,,Tropical Depression,272.61
AL161974,UNNAMED,1974-09-26T18:00:00+00:00,1974-09-26T13:00:00-05:00,1974-09-26,,TD,27.1,-86.4,25,,Tropical Depression,212.92
AL161974,UNNAMED,1974-09-27T00:00:00+00:00,1974-09-26T19:00:00-05:00,1974-09-26,,TD,27.8,-85.3,25,,Tropical Depression,162.73
AL161974,UNNAMED,1974-09-27T06:00:00+00:00,1974-09-27T01:00:00-05:00,1974-09-27,,TD,28.4,-84.1,25,,Tropical Depression,154.46
AL161974,UNNAMED,1974-09-27T12:00:00+00:00,1974-09-27T07:00:00-05:00,1974-09-27,,TD,29.0,-83.0,-99,,Tropical Depression,181.54
AL181974,UNNAMED,1974-10-06T18:00:00+00:00,1974-10-06T13:00:00-05:00,1974-10-06,,SS,25.8,-79.3,40,,Tropical Storm,493.06
AL181974,UNNAMED,1974-10-07T00:00:00+00:00,1974-10-06T19:00:00-05:00,1974-10-06,,SS,26.8,-79.8,45,,Tropical Storm,427.12
AL181974,UNNAMED,1974-10-07T06:00:00+00:00,1974-10-07T01:00:00-05:00,1974-10-07,,SS,28.0,-80.0,40,,Tropical Storm,375.85
AL181974,UNNAMED,1974-10-07T12:00:00+00:00,1974-10-07T07:00:00-05:00,1974-10-07,,SS,29.3,-79.7,40,,Tropical Storm,366.27
AL181974,UNNAMED,1974-10-07T18:00:00+00:00,1974-10-07T13:00:00-05:00,1974-10-07,,SS,30.7,-78.8,40,,Tropical Storm,414.77
AL021975,AMY,1975-06-27T00:00:00+00:00,1975-06-26T19:00:00-05:00,1975-06-26,,TD,27.5,-79.0,25,1013.0,Tropical Depression,445.87
AL021975,AMY,1975-06-27T06:00:00+00:00,1975-06-27T01:00:00-05:00,1975-06-27,,TD,28.5,-79.0,25,1013.0,Tropical Depression,420.64
AL021975,AMY,1975-06-27T12:00:00+00:00,1975-06-27T07:00:00-05:00,1975-06-27,,TD,29.5,-79.0,25,1013.0,Tropical Depression,405.7
AL021975,AMY,1975-06-27T18:00:00+00:00,1975-06-27T13:00:00-05:00,1975-06-27,,TD,30.5,-79.0,25,1013.0,Tropical Depression,402.2
AL021975,AMY,1975-06-28T00:00:00+00:00,1975-06-27T19:00:00-05:00,1975-06-27,,TD,31.5,-78.8,25,1012.0,Tropical Depression,421.98
AL021975,AMY,1975-06-28T06:00:00+00:00,1975-06-28T01:00:00-05:00,1975-06-28,,TD,32.4,-78.7,25,1012.0,Tropical Depression,443.84
AL061975,UNNAMED,1975-07-28T12:00:00+00:00,1975-07-28T07:00:00-05:00,1975-07-28,,TD,29.0,-86.0,20,,Tropical Depression,79.41
AL061975,UNNAMED,1975-07-28T18:00:00+00:00,1975-07-28T13:00:00-05:00,1975-07-28,,TD,29.1,-86.8,25,,Tropical Depression,95.64
AL061975,UNNAMED,1975-07-29T00:00:00+00:00,1975-07-28T19:00:00-05:00,1975-07-28,,TD,29.2,-87.5,30,,Tropical Depression,124.0
AL061975,UNNAMED,1975-07-29T06:00:00+00:00,1975-07-29T01:00:00-05:00,1975-07-29,,TD,29.3,-88.3,30,,Tropical Depression,164.42
AL061975,UNNAMED,1975-07-29T12:00:00+00:00,1975-07-29T07:00:00-05:00,1975-07-29,,TD,29.5,-89.0,30,,Tropical Depression,200.73
AL061975,UNNAMED,1975-07-29T18:00:00+00:00,1975-07-29T13:00:00-05:00,1975-07-29,,TD,29.8,-89.5,25,,Tropical Depression,226.77
AL061975,UNNAMED,1975-07-30T00:00:00+00:00,1975-07-29T19:00:00-05:00,1975-07-29,,TD,30.2,-90.0,25,,Tropical Depression,255.12
AL061975,UNNAMED,1975-07-30T06:00:00+00:00,1975-07-30T01:00:00-05:00,1975-07-30,,TD,30.6,-90.5,25,,Tropical Depression,286.24
AL061975,UNNAMED,1975-07-30T12:00:00+00:00,1975-07-30T07:00:00-05:00,1975-07-30,,TD,31.0,-91.0,-99,,Tropical Depression,319.28
AL131975,ELOISE,1975-09-22T00:00:00+00:00,1975-09-21T19:00:00-05:00,1975-09-21,,TS,23.6,-88.9,60,995.0,Tropical Storm,491.28
AL131975,ELOISE,1975-09-22T06:00:00+00:00,1975-09-22T01:00:00-05:00,1975-09-22,,HU,24.8,-89.4,65,993.0,Category 1,431.19
AL131975,ELOISE,1975-09-22T12:00:00+00:00,1975-09-22T07:00:00-05:00,1975-09-22,,HU,25.8,-89.5,75,986.0,Category 1,377.07
AL131975,ELOISE,1975-09-22T18:00:00+00:00,1975-09-22T13:00:00-05:00,1975-09-22,,HU,26.5,-89.4,85,980.0,Category 2,335.46
AL131975,ELOISE,1975-09-23T00:00:00+00:00,1975-09-22T19:00:00-05:00,1975-09-22,,HU,27.3,-88.5,95,968.0,Category 2,257.41
AL131975,ELOISE,1975-09-23T06:00:00+00:00,1975-09-23T01:00:00-05:00,1975-09-23,,HU,28.4,-87.3,105,958.0,Category 3,152.18
AL131975,ELOISE,1975-09-23T12:00:00+00:00,1975-09-23T07:00:00-05:00,1975-09-23,,HU,30.2,-86.3,110,955.0,Category 3,34.44
AL131975,ELOISE,1975-09-23T18:00:00+00:00,1975-09-23T13:00:00-05:00,1975-09-23,,TS,33.0,-85.7,55,982.0,Tropical Storm,198.65
AL131975,ELOISE,1975-09-24T00:00:00+00:00,1975-09-23T19:00:00-05:00,1975-09-23,,TD,35.5,-84.3,30,999.0,Tropical Depression,380.53
AL131975,ELOISE,1975-09-24T06:00:00+00:00,1975-09-24T01:00:00-05:00,1975-09-24,,EX,36.5,-83.5,20,1004.0,Tropical Depression,458.86
AL181975,UNNAMED,1975-10-16T12:00:00+00:00,1975-10-16T07:00:00-05:00,1975-10-16,,TD,27.0,-93.0,30,,Tropical Depression,491.03
AL181975,UNNAMED,1975-10-16T18:00:00+00:00,1975-10-16T13:00:00-05:00,1975-10-16,,TD,27.8,-92.4,30,,Tropical Depression,433.94
AL181975,UNNAMED,1975-10-17T00:00:00+00:00,1975-10-16T19:00:00-05:00,1975-10-16,,TD,28.5,-91.5,25,,Tropical Depression,365.25
AL181975,UNNAMED,1975-10-17T06:00:00+00:00,1975-10-17T01:00:00-05:00,1975-10-17,,TD,29.2,-90.7,25,,Tropical Depression,305.13
AL181975,UNNAMED,1975-10-17T12:00:00+00:00,1975-10-17T07:00:00-05:00,1975-10-17,,TD,30.0,-90.0,-99,,Tropical Depression,255.47
AL191975,HALLIE,1975-10-24T18:00:00+00:00,1975-10-24T13:00:00-05:00,1975-10-24,,SD,29.1,-79.3,30,1006.0,Tropical Depression,392.62
AL191975,HALLIE,1975-10-25T00:00:00+00:00,1975-10-24T19:00:00-05:00,1975-10-24,,SD,28.8,-79.0,30,1006.0,Tropical Depression,415.01
AL191975,HALLIE,1975-10-25T06:00:00+00:00,1975-10-25T01:00:00-05:00,1975-10-25,,SD,29.4,-79.4,30,1006.0,Tropical Depression,382.91
AL191975,HALLIE,1975-10-25T12:00:00+00:00,1975-10-25T07:00:00-05:00,1975-10-25,,SD,30.0,-79.7,30,1006.0,Tropical Depression,360.65
AL191975,HALLIE,1975-10-25T18:00:00+00:00,1975-10-25T13:00:00-05:00,1975-10-25,,SD,30.2,-79.8,30,1006.0,Tropical Depression,354.25
AL191975,HALLIE,1975-10-26T00:00:00+00:00,1975-10-25T19:00:00-05:00,1975-10-25,,SD,30.5,-79.9,30,1006.0,Tropical Depression,348.67
AL191975,HALLIE,1975-10-26T06:00:00+00:00,1975-10-26T01:00:00-05:00,1975-10-26,,TD,30.9,-80.1,30,1006.0,Tropical Depression,339.34
AL191975,HALLIE,1975-10-26T12:00:00+00:00,1975-10-26T06:00:00-06:00,1975-10-26,,TD,31.8,-79.6,30,1005.0,Tropical Depression,381.11
AL191975,HALLIE,1975-10-26T18:00:00+00:00,1975-10-26T12:00:00-06:00,1975-10-26,,TS,32.5,-78.7,35,1003.0,Tropical Storm,446.12
AL211975,UNNAMED,1975-11-10T12:00:00+00:00,1975-11-10T06:00:00-06:00,1975-11-10,,TD,23.0,-87.0,30,,Tropical Depression,498.49
AL211975,UNNAMED,1975-11-10T18:00:00+00:00,1975-11-10T12:00:00-06:00,1975-11-10,,TD,23.2,-87.9,30,,Tropical Depression,496.84
AL211975,UNNAMED,1975-11-11T00:00:00+00:00,1975-11-10T18:00:00-06:00,1975-11-10,,TD,23.5,-88.8,30,,Tropical Depression,495.27
AL211975,UNNAMED,1975-11-11T06:00:00+00:00,1975-11-11T00:00:00-06:00,1975-11-11,,TD,23.8,-89.6,30,,Tropical Depression,497.67
AL011976,UNNAMED,1976-05-21T12:00:00+00:00,1976-05-21T07:00:00-05:00,1976-05-21,,SD,24.0,-89.0,20,1010.0,Tropical Depression,468.51
AL011976,UNNAMED,1976-05-21T18:00:00+00:00,1976-05-21T13:00:00-05:00,1976-05-21,,SD,24.8,-89.6,20,1009.0,Tropical Depression,437.7
AL011976,UNNAMED,1976-05-22T00:00:00+00:00,1976-05-21T19:00:00-05:00,1976-05-21,,SD,25.4,-90.0,25,1006.0,Tropical Depression,417.92
AL011976,UNNAMED,1976-05-22T06:00:00+00:00,1976-05-22T01:00:00-05:00,1976-05-22,,SD,26.0,-90.5,25,1005.0,Tropical Depression,407.1
AL011976,UNNAMED,1976-05-22T12:00:00+00:00,1976-05-22T07:00:00-05:00,1976-05-22,,SD,27.0,-90.8,30,1004.0,Tropical Depression,375.8
AL011976,UNNAMED,1976-05-22T18:00:00+00:00,1976-05-22T13:00:00-05:00,1976-05-22,,SD,26.5,-90.5,30,1002.0,Tropical Depression,383.22
AL011976,UNNAMED,1976-05-23T00:00:00+00:00,1976-05-22T19:00:00-05:00,1976-05-22,,SS,26.3,-89.0,35,1001.0,Tropical Storm,330.84
AL011976,UNNAMED,1976-05-23T06:00:00+00:00,1976-05-23T01:00:00-05:00,1976-05-23,,SS,27.0,-88.0,35,999.0,Tropical Storm,256.1
AL011976,UNNAMED,1976-05-23T12:00:00+00:00,1976-05-23T07:00:00-05:00,1976-05-23,,SS,28.5,-86.0,40,998.0,Tropical Storm,113.45
AL011976,UNNAMED,1976-05-23T18:00:00+00:00,1976-05-23T13:00:00-05:00,1976-05-23,,SS,29.8,-84.0,40,998.0,Tropical Storm,105.96
AL011976,UNNAMED,1976-05-24T00:00:00+00:00,1976-05-23T19:00:00-05:00,1976-05-23,,SS,31.0,-82.0,40,998.0,Tropical Storm,229.99
AL011976,UNNAMED,1976-05-24T06:00:00+00:00,1976-05-24T01:00:00-05:00,1976-05-24,,SS,31.8,-80.0,40,998.0,Tropical Storm,358.62
AL011976,UNNAMED,1976-05-24T12:00:00+00:00,1976-05-24T07:00:00-05:00,1976-05-24,,SS,32.8,-78.0,45,996.0,Tropical Storm,491.47
AL021976,UNNAMED,1976-06-07T06:00:00+00:00,1976-06-07T01:00:00-05:00,1976-06-07,,TD,26.8,-79.0,20,,Tropical Depression,468.78
AL021976,UNNAMED,1976-06-07T12:00:00+00:00,1976-06-07T07:00:00-05:00,1976-06-07,,TD,28.0,-78.5,25,,Tropical Depression,460.56
AL021976,UNNAMED,1976-06-07T18:00:00+00:00,1976-06-07T13:00:00-05:00,1976-06-07,,TD,29.2,-78.1,30,,Tropical Depression,462.44
AL021976,UNNAMED,1976-06-08T00:00:00+00:00,1976-06-07T19:00:00-05:00,1976-06-07,,TD,30.5,-77.7,30,,Tropical Depression,479.57
AL031976,UNNAMED,1976-06-11T12:00:00+00:00,1976-06-11T07:00:00-05:00,1976-06-11,,TD,26.5,-81.0,20,,Tropical Depression,381.38
AL031976,UNNAMED,1976-06-11T18:00:00+00:00,1976-06-11T13:00:00-05:00,1976-06-11,,TD,28.2,-78.5,25,,Tropical Depression,455.95
AL081976,DOTTIE,1976-08-18T00:00:00+00:00,1976-08-17T19:00:00-05:00,1976-08-17,,TD,26.0,-84.0,20,1010.0,Tropical Depression,303.89
AL081976,DOTTIE,1976-08-18T06:00:00+00:00,1976-08-18T01:00:00-05:00,1976-08-18,,TD,25.3,-83.3,20,,Tropical Depression,364.98
AL081976,DOTTIE,1976-08-18T12:00:00+00:00,1976-08-18T07:00:00-05:00,1976-08-18,,TD,24.7,-82.7,20,1009.0,Tropical Depression,418.32
AL081976,DOTTIE,1976-08-18T18:00:00+00:00,1976-08-18T13:00:00-05:00,1976-08-18,,TD,24.5,-82.5,20,,Tropical Depression,436.25
AL081976,DOTTIE,1976-08-19T00:00:00+00:00,1976-08-18T19:00:00-05:00,1976-08-18,,TD,24.6,-82.2,25,,Tropical Depression,438.84
AL081976,DOTTIE,1976-08-19T06:00:00+00:00,1976-08-19T01:00:00-05:00,1976-08-19,,TD,24.8,-82.0,30,1003.0,Tropical Depression,433.11
AL081976,DOTTIE,1976-08-19T12:00:00+00:00,1976-08-19T07:00:00-05:00,1976-08-19,,TS,25.0,-81.7,35,,Tropical Storm,431.56
AL081976,DOTTIE,1976-08-19T18:00:00+00:00,1976-08-19T13:00:00-05:00,1976-08-19,,TS,26.6,-80.1,35,1006.0,Tropical Storm,420.0
AL081976,DOTTIE,1976-08-20T00:00:00+00:00,1976-08-19T19:00:00-05:00,1976-08-19,,TS,28.2,-80.0,40,,Tropical Storm,370.36
AL081976,DOTTIE,1976-08-20T06:00:00+00:00,1976-08-20T01:00:00-05:00,1976-08-20,,TS,29.6,-80.0,45,996.0,Tropical Storm,345.21
AL081976,DOTTIE,1976-08-20T12:00:00+00:00,1976-08-20T07:00:00-05:00,1976-08-20,,TS,30.6,-80.0,40,999.0,Tropical Storm,343.14
AL081976,DOTTIE,1976-08-20T18:00:00+00:00,1976-08-20T13:00:00-05:00,1976-08-20,,TS,32.0,-80.0,35,1005.0,Tropical Storm,362.97
AL081976,DOTTIE,1976-08-21T00:00:00+00:00,1976-08-20T19:00:00-05:00,1976-08-20,,TS,33.0,-80.0,35,1005.0,Tropical Storm,391.38
AL081976,DOTTIE,1976-08-21T06:00:00+00:00,1976-08-21T01:00:00-05:00,1976-08-21,,TD,33.3,-80.0,25,1010.0,Tropical Depression,401.83
AL081976,DOTTIE,1976-08-21T12:00:00+00:00,1976-08-21T07:00:00-05:00,1976-08-21,,TD,33.5,-80.0,20,1015.0,Tropical Depression,409.23
AL131976,UNNAMED,1976-09-05T12:00:00+00:00,1976-09-05T07:00:00-05:00,1976-09-05,,TD,26.5,-85.0,20,,Tropical Depression,254.37
AL131976,UNNAMED,1976-09-05T18:00:00+00:00,1976-09-05T13:00:00-05:00,1976-09-05,,TD,26.9,-85.4,25,,Tropical Depression,223.72
AL131976,UNNAMED,1976-09-06T00:00:00+00:00,1976-09-05T19:00:00-05:00,1976-09-05,,TD,27.3,-85.8,25,,Tropical Depression,195.23
AL131976,UNNAMED,1976-09-06T06:00:00+00:00,1976-09-06T01:00:00-05:00,1976-09-06,,TD,27.6,-86.1,25,,Tropical Depression,175.89
AL131976,UNNAMED,1976-09-06T12:00:00+00:00,1976-09-06T07:00:00-05:00,1976-09-06,,TD,28.0,-86.5,25,,Tropical Depression,154.01
AL131976,UNNAMED,1976-09-06T18:00:00+00:00,1976-09-06T13:00:00-05:00,1976-09-06,,TD,28.0,-87.2,25,,Tropical Depression,171.57
AL131976,UNNAMED,1976-09-07T00:00:00+00:00,1976-09-06T19:00:00-05:00,1976-09-06,,TD,28.0,-87.8,25,,Tropical Depression,192.83
AL131976,UNNAMED,1976-09-07T06:00:00+00:00,1976-09-07T01:00:00-05:00,1976-09-07,,TD,28.0,-88.4,20,,Tropical Depression,218.07
AL131976,UNNAMED,1976-09-07T12:00:00+00:00,1976-09-07T07:00:00-05:00,1976-09-07,,TD,28.0,-89.0,20,,Tropical Depression,246.06
AL141976,UNNAMED,1976-09-13T12:00:00+00:00,1976-09-13T07:00:00-05:00,1976-09-13,,SD,28.0,-81.5,15,1017.0,Tropical Depression,294.62
AL141976,UNNAMED,1976-09-13T18:00:00+00:00,1976-09-13T13:00:00-05:00,1976-09-13,,SD,28.7,-81.5,15,1016.0,Tropical Depression,272.94
AL141976,UNNAMED,1976-09-14T00:00:00+00:00,1976-09-13T19:00:00-05:00,1976-09-13,,SD,29.5,-81.5,20,1015.0,Tropical Depression,257.22
AL141976,UNNAMED,1976-09-14T06:00:00+00:00,1976-09-14T01:00:00-05:00,1976-09-14,,SD,30.2,-81.5,25,1014.0,Tropical Depression,252.73
AL141976,UNNAMED,1976-09-14T12:00:00+00:00,1976-09-14T07:00:00-05:00,1976-09-14,,SS,31.0,-81.2,35,1013.0,Tropical Storm,276.19
AL141976,UNNAMED,1976-09-14T18:00:00+00:00,1976-09-14T13:00:00-05:00,1976-09-14,,SS,31.6,-81.0,35,1012.0,Tropical Storm,298.44
AL141976,UNNAMED,1976-09-15T00:00:00+00:00,1976-09-14T19:00:00-05:00,1976-09-14,,SS,32.2,-80.8,40,1011.0,Tropical Storm,324.78
AL141976,UNNAMED,1976-09-15T06:00:00+00:00,1976-09-15T01:00:00-05:00,1976-09-15,,SS,33.0,-80.4,35,1011.0,Tropical Storm,371.29
AL141976,UNNAMED,1976-09-15T12:00:00+00:00,1976-09-15T07:00:00-05:00,1976-09-15,,SS,33.8,-80.0,35,1011.0,Tropical Storm,420.93
AL141976,UNNAMED,1976-09-15T18:00:00+00:00,1976-09-15T13:00:00-05:00,1976-09-15,,SD,34.6,-79.5,30,1012.0,Tropical Depression,477.09
AL161976,UNNAMED,1976-09-22T12:00:00+00:00,1976-09-22T07:00:00-05:00,1976-09-22,,TD,25.5,-91.0,20,,Tropical Depression,453.56
AL161976,UNNAMED,1976-09-22T18:00:00+00:00,1976-09-22T13:00:00-05:00,1976-09-22,,TD,25.8,-90.8,25,,Tropical Depression,430.04
AL161976,UNNAMED,1976-09-23T00:00:00+00:00,1976-09-22T19:00:00-05:00,1976-09-22,,TD,26.2,-90.7,25,,Tropical Depression,406.35
AL161976,UNNAMED,1976-09-23T06:00:00+00:00,1976-09-23T01:00:00-05:00,1976-09-23,,TD,26.6,-90.6,25,,Tropical Depression,383.31
AL161976,UNNAMED,1976-09-23T12:00:00+00:00,1976-09-23T07:00:00-05:00,1976-09-23,,TD,27.0,-90.5,25,,Tropical Depression,361.05
AL161976,UNNAMED,1976-09-23T18:00:00+00:00,1976-09-23T13:00:00-05:00,1976-09-23,,TD,27.6,-90.2,25,,Tropical Depression,321.82
AL161976,UNNAMED,1976-09-24T00:00:00+00:00,1976-09-23T19:00:00-05:00,1976-09-23,,TD,28.3,-89.8,25,,Tropical Depression,275.91
AL161976,UNNAMED,1976-09-24T06:00:00+00:00,1976-09-24T01:00:00-05:00,1976-09-24,,TD,28.9,-89.4,25,,Tropical Depression,236.33
AL161976,UNNAMED,1976-09-24T12:00:00+00:00,1976-09-24T07:00:00-05:00,1976-09-24,,TD,29.5,-89.0,20,,Tropical Depression,200.73
AL161976,UNNAMED,1976-09-24T18:00:00+00:00,1976-09-24T13:00:00-05:00,1976-09-24,,TD,31.0,-88.5,-99,,Tropical Depression,175.53
AL021977,UNNAMED,1977-07-18T06:00:00+00:00,1977-07-18T01:00:00-05:00,1977-07-18,,TD,25.8,-86.8,20,,Tropical Depression,305.87
AL021977,UNNAMED,1977-07-18T12:00:00+00:00,1977-07-18T07:00:00-05:00,1977-07-18,,TD,27.0,-87.0,25,,Tropical Depression,229.25
AL021977,UNNAMED,1977-07-18T18:00:00+00:00,1977-07-18T13:00:00-05:00,1977-07-18,,TD,28.3,-87.2,30,,Tropical Depression,154.13
AL021977,UNNAMED,1977-07-19T00:00:00+00:00,1977-07-18T19:00:00-05:00,1977-07-18,,TD,29.5,-87.5,30,,Tropical Depression,114.56
AL021977,UNNAMED,1977-07-19T06:00:00+00:00,1977-07-19T01:00:00-05:00,1977-07-19,,TD,30.7,-87.8,25,,Tropical Depression,129.58
AL021977,UNNAMED,1977-07-19T12:00:00+00:00,1977-07-19T07:00:00-05:00,1977-07-19,,TD,32.0,-88.0,-99,,Tropical Depression,186.63
AL031977,UNNAMED,1977-07-25T12:00:00+00:00,1977-07-25T07:00:00-05:00,1977-07-25,,TD,25.5,-84.0,20,,Tropical Depression,336.58
AL031977,UNNAMED,1977-07-25T18:00:00+00:00,1977-07-25T13:00:00-05:00,1977-07-25,,TD,25.4,-84.8,25,,Tropical Depression,331.38
AL031977,UNNAMED,1977-07-26T00:00:00+00:00,1977-07-25T19:00:00-05:00,1977-07-25,,TD,25.3,-85.5,25,,Tropical Depression,333.67
AL031977,UNNAMED,1977-07-26T06:00:00+00:00,1977-07-26T01:00:00-05:00,1977-07-26,,TD,25.1,-86.2,25,,Tropical Depression,348.38
AL031977,UNNAMED,1977-07-26T12:00:00+00:00,1977-07-26T07:00:00-05:00,1977-07-26,,TD,25.0,-87.0,20,,Tropical Depression,362.54
AL051977,ANITA,1977-08-29T12:00:00+00:00,1977-08-29T07:00:00-05:00,1977-08-29,,TD,26.9,-88.4,20,1012.0,Tropical Depression,275.53
AL051977,ANITA,1977-08-29T18:00:00+00:00,1977-08-29T13:00:00-05:00,1977-08-29,,TD,27.0,-88.9,25,1010.0,Tropical Depression,289.15
AL051977,ANITA,1977-08-30T00:00:00+00:00,1977-08-29T19:00:00-05:00,1977-08-29,,TD,26.9,-89.4,30,1009.0,Tropical Depression,315.07
AL051977,ANITA,1977-08-30T06:00:00+00:00,1977-08-30T01:00:00-05:00,1977-08-30,,TS,26.8,-89.8,40,1006.0,Tropical Storm,337.43
AL051977,ANITA,1977-08-30T12:00:00+00:00,1977-08-30T07:00:00-05:00,1977-08-30,,TS,26.7,-90.3,50,1003.0,Tropical Storm,364.8
AL051977,ANITA,1977-08-30T18:00:00+00:00,1977-08-30T13:00:00-05:00,1977-08-30,,HU,26.5,-90.6,65,997.0,Category 1,387.84
AL051977,ANITA,1977-08-31T00:00:00+00:00,1977-08-30T19:00:00-05:00,1977-08-30,,HU,26.4,-91.0,70,991.0,Category 1,411.11
AL051977,ANITA,1977-08-31T06:00:00+00:00,1977-08-31T01:00:00-05:00,1977-08-31,,HU,26.3,-91.4,75,988.0,Category 1,434.65
AL051977,ANITA,1977-08-31T12:00:00+00:00,1977-08-31T07:00:00-05:00,1977-08-31,,HU,26.2,-91.8,75,986.0,Category 1,458.4
AL051977,ANITA,1977-08-31T18:00:00+00:00,1977-08-31T13:00:00-05:00,1977-08-31,,HU,26.1,-92.3,80,985.0,Category 1,487.33
AL061977,BABE,1977-09-03T06:00:00+00:00,1977-09-03T01:00:00-05:00,1977-09-03,,SD,26.8,-86.3,25,1007.0,Tropical Depression,232.33
AL061977,BABE,1977-09-03T12:00:00+00:00,1977-09-03T07:00:00-05:00,1977-09-03,,SD,27.4,-87.3,30,,Tropical Depression,210.92
AL061977,BABE,1977-09-03T18:00:00+00:00,1977-09-03T13:00:00-05:00,1977-09-03,,SS,27.6,-88.5,35,1005.0,Tropical Storm,241.91
AL061977,BABE,1977-09-04T00:00:00+00:00,1977-09-03T19:00:00-05:00,1977-09-03,,SS,27.4,-89.7,35,,Tropical Storm,305.36
AL061977,BABE,1977-09-04T06:00:00+00:00,1977-09-04T01:00:00-05:00,1977-09-04,,SS,26.6,-90.5,40,,Tropical Storm,378.64
AL061977,BABE,1977-09-04T12:00:00+00:00,1977-09-04T07:00:00-05:00,1977-09-04,,SS,26.8,-91.7,45,1003.0,Tropical Storm,429.16
AL061977,BABE,1977-09-04T18:00:00+00:00,1977-09-04T13:00:00-05:00,1977-09-04,,TS,27.5,-91.7,50,1000.0,Tropical Storm,404.29
AL061977,BABE,1977-09-05T00:00:00+00:00,1977-09-04T19:00:00-05:00,1977-09-04,,TS,28.0,-91.6,60,,Tropical Storm,383.64
AL061977,BABE,1977-09-05T06:00:00+00:00,1977-09-05T01:00:00-05:00,1977-09-05,,HU,28.7,-91.4,65,995.0,Category 1,355.13
AL061977,BABE,1977-09-05T12:00:00+00:00,1977-09-05T07:00:00-05:00,1977-09-05,,HU,29.5,-91.2,65,,Category 1,330.72
AL071977,CLARA,1977-09-05T12:00:00+00:00,1977-09-05T07:00:00-05:00,1977-09-05,,TD,32.8,-80.0,20,1015.0,Tropical Depression,384.88
AL061977,BABE,1977-09-05T18:00:00+00:00,1977-09-05T13:00:00-05:00,1977-09-05,,TS,29.8,-91.6,50,1000.0,Tropical Storm,352.05
AL071977,CLARA,1977-09-05T18:00:00+00:00,1977-09-05T13:00:00-05:00,1977-09-05,,TD,33.2,-79.0,20,1014.0,Tropical Depression,449.06
AL061977,BABE,1977-09-06T00:00:00+00:00,1977-09-05T19:00:00-05:00,1977-09-05,,TD,30.2,-91.3,30,,Tropical Depression,332.75
AL061977,BABE,1977-09-06T06:00:00+00:00,1977-09-06T01:00:00-05:00,1977-09-06,,TD,30.6,-90.7,30,,Tropical Depression,298.08
AL061977,BABE,1977-09-06T12:00:00+00:00,1977-09-06T07:00:00-05:00,1977-09-06,,TD,31.1,-90.0,30,,Tropical Depression,262.67
AL061977,BABE,1977-09-06T18:00:00+00:00,1977-09-06T13:00:00-05:00,1977-09-06,,TD,31.7,-89.4,25,1004.0,Tropical Depression,243.23
AL061977,BABE,1977-09-07T00:00:00+00:00,1977-09-06T19:00:00-05:00,1977-09-06,,TD,32.4,-88.8,25,,Tropical Depression,239.94
AL061977,BABE,1977-09-07T06:00:00+00:00,1977-09-07T01:00:00-05:00,1977-09-07,,TD,33.2,-88.0,25,,Tropical Depression,250.9
AL061977,BABE,1977-09-07T12:00:00+00:00,1977-09-07T07:00:00-05:00,1977-09-07,,TD,33.8,-87.1,25,1008.0,Tropical Depression,266.31
AL061977,BABE,1977-09-07T18:00:00+00:00,1977-09-07T13:00:00-05:00,1977-09-07,,TD,34.3,-85.8,25,,Tropical Depression,288.49
AL061977,BABE,1977-09-08T00:00:00+00:00,1977-09-07T19:00:00-05:00,1977-09-07,,TD,34.5,-84.8,25,1010.0,Tropical Depression,307.12
AL061977,BABE,1977-09-08T06:00:00+00:00,1977-09-08T01:00:00-05:00,1977-09-08,,TD,34.6,-83.9,25,,Tropical Depression,327.1
AL061977,BABE,1977-09-08T12:00:00+00:00,1977-09-08T07:00:00-05:00,1977-09-08,,TD,34.7,-82.6,25,,Tropical Depression,364.98
AL061977,BABE,1977-09-08T18:00:00+00:00,1977-09-08T13:00:00-05:00,1977-09-08,,TD,34.8,-81.3,25,,Tropical Depression,413.45
AL061977,BABE,1977-09-09T00:00:00+00:00,1977-09-08T19:00:00-05:00,1977-09-08,,TD,34.8,-80.2,25,1012.0,Tropical Depression,456.2
AL151977,UNNAMED,1977-10-25T00:00:00+00:00,1977-10-24T19:00:00-05:00,1977-10-24,,TD,27.5,-92.8,30,,Tropical Depression,464.73
AL151977,UNNAMED,1977-10-25T06:00:00+00:00,1977-10-25T01:00:00-05:00,1977-10-25,,TD,28.5,-91.4,30,,Tropical Depression,359.53
AL151977,UNNAMED,1977-10-25T12:00:00+00:00,1977-10-25T07:00:00-05:00,1977-10-25,,TD,29.5,-90.0,25,,Tropical Depression,259.58
AL151977,UNNAMED,1977-10-25T18:00:00+00:00,1977-10-25T13:00:00-05:00,1977-10-25,,TD,30.5,-88.6,-99,,Tropical Depression,173.13
AL021978,UNNAMED,1978-06-21T12:00:00+00:00,1978-06-21T07:00:00-05:00,1978-06-21,,TD,25.2,-86.5,20,,Tropical Depression,343.53
AL021978,UNNAMED,1978-06-21T18:00:00+00:00,1978-06-21T13:00:00-05:00,1978-06-21,,TD,25.6,-85.8,25,,Tropical Depression,312.68
AL021978,UNNAMED,1978-06-22T00:00:00+00:00,1978-06-21T19:00:00-05:00,1978-06-21,,TD,26.0,-85.0,25,,Tropical Depression,288.46
AL021978,UNNAMED,1978-06-22T06:00:00+00:00,1978-06-22T01:00:00-05:00,1978-06-22,,TD,26.2,-84.5,25,,Tropical Depression,281.34
AL021978,UNNAMED,1978-06-22T12:00:00+00:00,1978-06-22T07:00:00-05:00,1978-06-22,,TD,26.4,-84.0,20,,Tropical Depression,278.06
AL021978,UNNAMED,1978-06-22T18:00:00+00:00,1978-06-22T13:00:00-05:00,1978-06-22,,TD,26.6,-83.5,-99,,Tropical Depression,278.73
AL051978,BESS,1978-08-05T12:00:00+00:00,1978-08-05T07:00:00-05:00,1978-08-05,,TD,25.3,-90.4,20,1012.0,Tropical Depression,438.91
AL051978,BESS,1978-08-05T18:00:00+00:00,1978-08-05T13:00:00-05:00,1978-08-05,,TD,25.1,-91.0,20,1012.0,Tropical Depression,473.82
AL081978,UNNAMED,1978-08-09T12:00:00+00:00,1978-08-09T07:00:00-05:00,1978-08-09,,TD,26.5,-90.0,20,,Tropical Depression,360.76
AL081978,UNNAMED,1978-08-09T18:00:00+00:00,1978-08-09T13:00:00-05:00,1978-08-09,,TD,27.0,-90.0,25,,Tropical Depression,337.23
AL081978,UNNAMED,1978-08-10T00:00:00+00:00,1978-08-09T19:00:00-05:00,1978-08-09,,TD,27.6,-89.9,25,,Tropical Depression,306.73
AL081978,UNNAMED,1978-08-10T06:00:00+00:00,1978-08-10T01:00:00-05:00,1978-08-10,,TD,28.2,-89.7,25,,Tropical Depression,273.95
AL081978,UNNAMED,1978-08-10T12:00:00+00:00,1978-08-10T07:00:00-05:00,1978-08-10,,TD,28.8,-89.5,25,,Tropical Depression,244.56
AL081978,UNNAMED,1978-08-10T18:00:00+00:00,1978-08-10T13:00:00-05:00,1978-08-10,,TD,29.4,-89.2,-99,,Tropical Depression,214.06
AL091978,DEBRA,1978-08-26T12:00:00+00:00,1978-08-26T07:00:00-05:00,1978-08-26,,TD,23.4,-88.4,25,1010.0,Tropical Depression,492.93
AL091978,DEBRA,1978-08-26T18:00:00+00:00,1978-08-26T13:00:00-05:00,1978-08-26,,TD,24.2,-89.5,25,,Tropical Depression,470.33
AL091978,DEBRA,1978-08-27T00:00:00+00:00,1978-08-26T19:00:00-05:00,1978-08-26,,TD,24.4,-90.4,25,,Tropical Depression,488.47
AL091978,DEBRA,1978-08-29T00:00:00+00:00,1978-08-28T19:00:00-05:00,1978-08-28,,TS,29.6,-93.6,50,1000.0,Tropical Storm,472.86
AL091978,DEBRA,1978-08-29T06:00:00+00:00,1978-08-29T01:00:00-05:00,1978-08-29,,TD,30.7,-93.3,30,,Tropical Depression,452.73
AL091978,DEBRA,1978-08-29T12:00:00+00:00,1978-08-29T07:00:00-05:00,1978-08-29,,TD,32.0,-93.0,30,1002.0,Tropical Depression,449.25
AL091978,DEBRA,1978-08-29T18:00:00+00:00,1978-08-29T13:00:00-05:00,1978-08-29,,TD,34.2,-92.7,15,1005.0,Tropical Depression,495.24
AL111978,UNNAMED,1978-08-30T12:00:00+00:00,1978-08-30T07:00:00-05:00,1978-08-30,,TD,27.8,-91.0,20,,Tropical Depression,356.73
AL111978,UNNAMED,1978-08-30T18:00:00+00:00,1978-08-30T13:00:00-05:00,1978-08-30,,TD,27.8,-90.3,25,,Tropical Depression,319.53
AL111978,UNNAMED,1978-08-31T00:00:00+00:00,1978-08-30T19:00:00-05:00,1978-08-30,,TD,27.9,-89.6,30,,Tropical Depression,279.81
AL111978,UNNAMED,1978-08-31T06:00:00+00:00,1978-08-31T01:00:00-05:00,1978-08-31,,TD,27.9,-88.9,30,,Tropical Depression,245.58
AL111978,UNNAMED,1978-08-31T12:00:00+00:00,1978-08-31T07:00:00-05:00,1978-08-31,,TD,28.0,-88.2,30,,Tropical Depression,209.29
AL111978,UNNAMED,1978-08-31T18:00:00+00:00,1978-08-31T13:00:00-05:00,1978-08-31,,TD,28.0,-87.6,25,,Tropical Depression,185.23
AL111978,UNNAMED,1978-09-01T00:00:00+00:00,1978-08-31T19:00:00-05:00,1978-08-31,,TD,28.0,-87.1,25,,Tropical Depression,168.53
AL111978,UNNAMED,1978-09-01T06:00:00+00:00,1978-09-01T01:00:00-05:00,1978-09-01,,TD,28.0,-86.6,20,,Tropical Depression,155.94
AL111978,UNNAMED,1978-09-01T12:00:00+00:00,1978-09-01T07:00:00-05:00,1978-09-01,,TD,28.0,-86.0,20,,Tropical Depression,147.73
AL151978,HOPE,1978-09-12T00:00:00+00:00,1978-09-11T19:00:00-05:00,1978-09-11,,SD,29.8,-80.0,25,1012.0,Tropical Depression,343.69
AL151978,HOPE,1978-09-12T06:00:00+00:00,1978-09-12T01:00:00-05:00,1978-09-12,,SD,30.3,-79.3,25,,Tropical Depression,384.06
AL151978,HOPE,1978-09-12T12:00:00+00:00,1978-09-12T07:00:00-05:00,1978-09-12,,SD,30.9,-78.6,25,1010.0,Tropical Depression,427.7
AL151978,HOPE,1978-09-12T18:00:00+00:00,1978-09-12T13:00:00-05:00,1978-09-12,,SD,31.2,-77.7,25,,Tropical Depression,482.88
AL011979,UNNAMED,1979-06-15T06:00:00+00:00,1979-06-15T01:00:00-05:00,1979-06-15,,TD,26.6,-79.1,30,,Tropical Depression,470.82
AL011979,UNNAMED,1979-06-15T12:00:00+00:00,1979-06-15T07:00:00-05:00,1979-06-15,,TD,27.2,-79.4,30,,Tropical Depression,433.62
AL011979,UNNAMED,1979-06-15T18:00:00+00:00,1979-06-15T13:00:00-05:00,1979-06-15,,TD,28.1,-79.7,30,,Tropical Depression,389.89
AL011979,UNNAMED,1979-06-16T00:00:00+00:00,1979-06-15T19:00:00-05:00,1979-06-15,,TD,29.4,-79.9,30,,Tropical Depression,353.21
AL011979,UNNAMED,1979-06-16T06:00:00+00:00,1979-06-16T01:00:00-05:00,1979-06-16,,TD,30.8,-80.0,30,,Tropical Depression,344.39
AL011979,UNNAMED,1979-06-16T12:00:00+00:00,1979-06-16T07:00:00-05:00,1979-06-16,,TD,32.0,-80.0,30,,Tropical Depression,362.97
AL011979,UNNAMED,1979-06-16T18:00:00+00:00,1979-06-16T13:00:00-05:00,1979-06-16,,TD,33.4,-80.2,-99,,Tropical Depression,395.8
AL051979,UNNAMED,1979-07-10T12:00:00+00:00,1979-07-10T07:00:00-05:00,1979-07-10,,TD,30.0,-79.8,20,,Tropical Depression,354.67
AL051979,UNNAMED,1979-07-10T18:00:00+00:00,1979-07-10T13:00:00-05:00,1979-07-10,,TD,30.8,-78.5,20,,Tropical Depression,433.03
AL041979,BOB,1979-07-11T00:00:00+00:00,1979-07-10T19:00:00-05:00,1979-07-10,,HU,26.2,-91.6,65,988.0,Category 1,448.64
AL041979,BOB,1979-07-11T06:00:00+00:00,1979-07-11T01:00:00-05:00,1979-07-11,,HU,27.8,-91.1,65,991.0,Category 1,362.14
AL041979,BOB,1979-07-11T12:00:00+00:00,1979-07-11T07:00:00-05:00,1979-07-11,,HU,29.1,-90.6,65,986.0,Category 1,300.96
AL041979,BOB,1979-07-11T18:00:00+00:00,1979-07-11T13:00:00-05:00,1979-07-11,,TS,31.0,-90.2,40,992.0,Tropical Storm,272.7
AL041979,BOB,1979-07-12T00:00:00+00:00,1979-07-11T19:00:00-05:00,1979-07-11,,TD,32.5,-89.9,30,998.0,Tropical Depression,295.79
AL041979,BOB,1979-07-12T06:00:00+00:00,1979-07-12T01:00:00-05:00,1979-07-12,,TD,34.0,-89.7,25,1002.0,Tropical Depression,354.5
AL041979,BOB,1979-07-12T12:00:00+00:00,1979-07-12T07:00:00-05:00,1979-07-12,,TD,35.9,-89.1,25,1004.0,Tropical Depression,444.14
AL061979,CLAUDETTE,1979-07-22T00:00:00+00:00,1979-07-21T19:00:00-05:00,1979-07-21,,TD,23.5,-86.5,30,1007.0,Tropical Depression,460.2
AL061979,CLAUDETTE,1979-07-22T06:00:00+00:00,1979-07-22T01:00:00-05:00,1979-07-22,,TD,24.0,-87.4,30,1007.0,Tropical Depression,435.47
AL061979,CLAUDETTE,1979-07-22T12:00:00+00:00,1979-07-22T07:00:00-05:00,1979-07-22,,TD,24.5,-88.5,30,1007.0,Tropical Depression,424.17
AL061979,CLAUDETTE,1979-07-22T18:00:00+00:00,1979-07-22T13:00:00-05:00,1979-07-22,,TD,25.0,-89.5,30,1006.0,Tropical Depression,422.66
AL061979,CLAUDETTE,1979-07-23T00:00:00+00:00,1979-07-22T19:00:00-05:00,1979-07-22,,TD,25.4,-90.5,30,1005.0,Tropical Depression,437.65
AL061979,CLAUDETTE,1979-07-23T06:00:00+00:00,1979-07-23T01:00:00-05:00,1979-07-23,,TD,25.9,-91.4,30,1004.0,Tropical Depression,452.46
AL061979,CLAUDETTE,1979-07-23T12:00:00+00:00,1979-07-23T07:00:00-05:00,1979-07-23,,TS,26.4,-92.4,35,1003.0,Tropical Storm,480.48
AL061979,CLAUDETTE,1979-07-23T18:00:00+00:00,1979-07-23T13:00:00-05:00,1979-07-23,,TS,26.9,-92.9,35,1003.0,Tropical Storm,488.88
AL061979,CLAUDETTE,1979-07-24T00:00:00+00:00,1979-07-23T19:00:00-05:00,1979-07-23,,TS,27.5,-93.4,35,1003.0,Tropical Storm,498.36
AL061979,CLAUDETTE,1979-07-24T06:00:00+00:00,1979-07-24T01:00:00-05:00,1979-07-24,,TS,28.3,-93.5,40,1003.0,Tropical Storm,485.13
AL061979,CLAUDETTE,1979-07-24T12:00:00+00:00,1979-07-24T07:00:00-05:00,1979-07-24,,TS,28.8,-93.7,45,1002.0,Tropical Storm,488.01
AL061979,CLAUDETTE,1979-07-24T18:00:00+00:00,1979-07-24T13:00:00-05:00,1979-07-24,,TS,29.6,-93.9,45,1000.0,Tropical Storm,490.78
AL061979,CLAUDETTE,1979-07-25T00:00:00+00:00,1979-07-24T19:00:00-05:00,1979-07-24,,TS,30.3,-93.9,40,997.0,Tropical Storm,487.86
AL121979,ELENA,1979-08-30T00:00:00+00:00,1979-08-29T19:00:00-05:00,1979-08-29,,TD,25.5,-89.1,25,1008.0,Tropical Depression,380.11
AL121979,ELENA,1979-08-30T06:00:00+00:00,1979-08-30T01:00:00-05:00,1979-08-30,,TD,26.0,-89.9,25,1008.0,Tropical Depression,381.86
AL121979,ELENA,1979-08-30T12:00:00+00:00,1979-08-30T07:00:00-05:00,1979-08-30,,TD,26.4,-90.7,30,1007.0,Tropical Depression,397.05
AL121979,ELENA,1979-08-30T18:00:00+00:00,1979-08-30T13:00:00-05:00,1979-08-30,,TS,26.8,-91.8,35,1006.0,Tropical Storm,434.3
AL091979,DAVID,1979-09-03T12:00:00+00:00,1979-09-03T07:00:00-05:00,1979-09-03,,HU,26.3,-79.6,85,973.0,Category 2,457.18
AL091979,DAVID,1979-09-03T18:00:00+00:00,1979-09-03T13:00:00-05:00,1979-09-03,,HU,27.2,-80.2,85,972.0,Category 2,391.38
AL091979,DAVID,1979-09-04T00:00:00+00:00,1979-09-03T19:00:00-05:00,1979-09-03,,HU,28.0,-80.5,85,971.0,Category 2,348.26
AL091979,DAVID,1979-09-04T06:00:00+00:00,1979-09-04T01:00:00-05:00,1979-09-04,,HU,29.1,-80.8,85,970.0,Category 2,304.46
AL091979,DAVID,1979-09-04T12:00:00+00:00,1979-09-04T07:00:00-05:00,1979-09-04,,HU,30.2,-80.9,85,970.0,Category 2,288.56
AL091979,DAVID,1979-09-04T18:00:00+00:00,1979-09-04T13:00:00-05:00,1979-09-04,,HU,31.5,-81.2,80,970.0,Category 1,285.08
AL091979,DAVID,1979-09-05T00:00:00+00:00,1979-09-04T19:00:00-05:00,1979-09-04,,HU,32.5,-81.1,65,972.0,Category 1,318.73
AL091979,DAVID,1979-09-05T06:00:00+00:00,1979-09-05T01:00:00-05:00,1979-09-05,,TS,33.5,-80.9,55,976.0,Tropical Storm,367.07
AL091979,DAVID,1979-09-05T12:00:00+00:00,1979-09-05T07:00:00-05:00,1979-09-05,,TS,34.9,-80.6,45,980.0,Tropical Storm,445.03
AL111979,FREDERIC,1979-09-11T00:00:00+00:00,1979-09-10T19:00:00-05:00,1979-09-10,,HU,23.3,-84.0,75,985.0,Category 1,483.48
AL111979,FREDERIC,1979-09-11T06:00:00+00:00,1979-09-11T01:00:00-05:00,1979-09-11,,HU,23.8,-84.4,80,983.0,Category 1,444.61
AL111979,FREDERIC,1979-09-11T12:00:00+00:00,1979-09-11T07:00:00-05:00,1979-09-11,,HU,24.4,-84.8,85,980.0,Category 2,399.66
AL111979,FREDERIC,1979-09-11T18:00:00+00:00,1979-09-11T13:00:00-05:00,1979-09-11,,HU,25.0,-85.2,95,968.0,Category 2,355.59
AL111979,FREDERIC,1979-09-12T00:00:00+00:00,1979-09-11T19:00:00-05:00,1979-09-11,,HU,25.7,-85.8,100,960.0,Category 3,305.77
AL111979,FREDERIC,1979-09-12T06:00:00+00:00,1979-09-12T01:00:00-05:00,1979-09-12,,HU,26.5,-86.4,110,952.0,Category 3,253.76
AL111979,FREDERIC,1979-09-12T12:00:00+00:00,1979-09-12T07:00:00-05:00,1979-09-12,,HU,27.4,-87.0,115,943.0,Category 4,203.38
AL111979,FREDERIC,1979-09-12T18:00:00+00:00,1979-09-12T13:00:00-05:00,1979-09-12,,HU,28.4,-87.7,115,950.0,Category 4,168.24
AL111979,FREDERIC,1979-09-13T00:00:00+00:00,1979-09-12T19:00:00-05:00,1979-09-12,,HU,29.7,-88.0,115,946.0,Category 4,139.08
AL111979,FREDERIC,1979-09-13T06:00:00+00:00,1979-09-13T01:00:00-05:00,1979-09-13,,HU,30.8,-88.5,95,955.0,Category 2,171.43
AL111979,FREDERIC,1979-09-13T12:00:00+00:00,1979-09-13T07:00:00-05:00,1979-09-13,,HU,32.2,-88.7,65,975.0,Category 1,226.67
AL111979,FREDERIC,1979-09-13T18:00:00+00:00,1979-09-13T13:00:00-05:00,1979-09-13,,TS,34.0,-88.0,45,985.0,Tropical Storm,298.89
AL111979,FREDERIC,1979-09-14T00:00:00+00:00,1979-09-13T19:00:00-05:00,1979-09-13,,TS,35.2,-87.0,40,990.0,Tropical Storm,358.33
AL111979,FREDERIC,1979-09-14T06:00:00+00:00,1979-09-14T01:00:00-05:00,1979-09-14,,TS,37.0,-84.5,35,996.0,Tropical Storm,480.25
AL151979,HENRI,1979-09-23T00:00:00+00:00,1979-09-22T19:00:00-05:00,1979-09-22,,TD,24.3,-90.5,20,1011.0,Tropical Depression,497.74
AL151979,HENRI,1979-09-23T06:00:00+00:00,1979-09-23T01:00:00-05:00,1979-09-23,,TD,24.8,-90.1,20,1011.0,Tropical Depression,455.02
AL151979,HENRI,1979-09-23T12:00:00+00:00,1979-09-23T07:00:00-05:00,1979-09-23,,TD,25.3,-89.6,20,1011.0,Tropical Depression,408.79
AL151979,HENRI,1979-09-23T18:00:00+00:00,1979-09-23T13:00:00-05:00,1979-09-23,,TD,25.4,-88.8,20,1011.0,Tropical Depression,376.53
AL151979,HENRI,1979-09-24T00:00:00+00:00,1979-09-23T19:00:00-05:00,1979-09-23,,TD,25.6,-88.0,20,1011.0,Tropical Depression,341.99
AL151979,HENRI,1979-09-24T06:00:00+00:00,1979-09-24T01:00:00-05:00,1979-09-24,,TD,26.0,-87.3,20,1011.0,Tropical Depression,300.64
AL151979,HENRI,1979-09-24T12:00:00+00:00,1979-09-24T07:00:00-05:00,1979-09-24,,EX,26.4,-86.7,20,1011.0,Tropical Depression,264.05
AL011980,UNNAMED,1980-07-17T12:00:00+00:00,1980-07-17T07:00:00-05:00,1980-07-17,,TD,30.0,-78.0,25,,Tropical Depression,462.24
AL021980,UNNAMED,1980-07-17T12:00:00+00:00,1980-07-17T07:00:00-05:00,1980-07-17,,TD,25.0,-90.0,20,,Tropical Depression,440.12
AL011980,UNNAMED,1980-07-17T18:00:00+00:00,1980-07-17T13:00:00-05:00,1980-07-17,,TD,29.9,-79.3,25,,Tropical Depression,384.96
AL021980,UNNAMED,1980-07-17T18:00:00+00:00,1980-07-17T13:00:00-05:00,1980-07-17,,TD,25.2,-90.4,25,,Tropical Depression,444.26
AL011980,UNNAMED,1980-07-18T00:00:00+00:00,1980-07-17T19:00:00-05:00,1980-07-17,,TD,29.8,-80.2,25,,Tropical Depression,331.75
AL021980,UNNAMED,1980-07-18T00:00:00+00:00,1980-07-17T19:00:00-05:00,1980-07-17,,TD,25.4,-90.9,25,,Tropical Depression,454.29
AL011980,UNNAMED,1980-07-18T06:00:00+00:00,1980-07-18T01:00:00-05:00,1980-07-18,,TD,29.5,-81.1,25,,Tropical Depression,280.88
AL021980,UNNAMED,1980-07-18T06:00:00+00:00,1980-07-18T01:00:00-05:00,1980-07-18,,TD,25.7,-91.2,30,,Tropical Depression,452.65
AL011980,UNNAMED,1980-07-18T12:00:00+00:00,1980-07-18T07:00:00-05:00,1980-07-18,,TD,29.5,-82.0,20,,Tropical Depression,227.73
AL021980,UNNAMED,1980-07-18T12:00:00+00:00,1980-07-18T07:00:00-05:00,1980-07-18,,TD,26.0,-91.8,30,,Tropical Depression,466.97
AL011980,UNNAMED,1980-07-18T18:00:00+00:00,1980-07-18T13:00:00-05:00,1980-07-18,,TD,29.4,-83.0,20,,Tropical Depression,171.23
AL021980,UNNAMED,1980-07-18T18:00:00+00:00,1980-07-18T13:00:00-05:00,1980-07-18,,TD,26.2,-92.1,30,,Tropical Depression,473.24
AL011980,UNNAMED,1980-07-19T00:00:00+00:00,1980-07-18T19:00:00-05:00,1980-07-18,,TD,29.4,-84.0,20,,Tropical Depression,115.22
AL021980,UNNAMED,1980-07-19T00:00:00+00:00,1980-07-18T19:00:00-05:00,1980-07-18,,TD,26.4,-92.7,30,,Tropical Depression,495.98
AL011980,UNNAMED,1980-07-19T06:00:00+00:00,1980-07-19T01:00:00-05:00,1980-07-19,,TD,29.5,-84.7,20,,Tropical Depression,75.35
AL021980,UNNAMED,1980-07-19T06:00:00+00:00,1980-07-19T01:00:00-05:00,1980-07-19,,TD,26.8,-93.0,30,,Tropical Depression,497.62
AL011980,UNNAMED,1980-07-19T12:00:00+00:00,1980-07-19T07:00:00-05:00,1980-07-19,,TD,29.6,-85.8,25,,Tropical Depression,36.52
AL011980,UNNAMED,1980-07-19T18:00:00+00:00,1980-07-19T13:00:00-05:00,1980-07-19,,TD,29.7,-86.4,25,,Tropical Depression,49.72
AL011980,UNNAMED,1980-07-20T00:00:00+00:00,1980-07-19T19:00:00-05:00,1980-07-19,,TD,29.8,-87.0,25,,Tropical Depression,79.27
AL011980,UNNAMED,1980-07-20T06:00:00+00:00,1980-07-20T01:00:00-05:00,1980-07-20,,TD,29.9,-87.8,25,,Tropical Depression,124.82
AL011980,UNNAMED,1980-07-20T12:00:00+00:00,1980-07-20T07:00:00-05:00,1980-07-20,,TD,30.0,-88.5,25,,Tropical Depression,165.86
AL011980,UNNAMED,1980-07-20T18:00:00+00:00,1980-07-20T13:00:00-05:00,1980-07-20,,TD,30.4,-89.2,20,,Tropical Depression,207.94
AL011980,UNNAMED,1980-07-21T00:00:00+00:00,1980-07-20T19:00:00-05:00,1980-07-20,,TD,30.8,-90.0,-99,,Tropical Depression,258.53
AL031980,UNNAMED,1980-07-23T12:00:00+00:00,1980-07-23T07:00:00-05:00,1980-07-23,,TD,29.3,-77.8,30,,Tropical Depression,479.17
AL031980,UNNAMED,1980-07-23T18:00:00+00:00,1980-07-23T13:00:00-05:00,1980-07-23,,TD,30.8,-77.7,30,,Tropical Depression,480.4
AL111980,DANIELLE,1980-09-04T18:00:00+00:00,1980-09-04T13:00:00-05:00,1980-09-04,,TD,28.3,-90.6,25,1010.0,Tropical Depression,319.57
AL111980,DANIELLE,1980-09-05T00:00:00+00:00,1980-09-04T19:00:00-05:00,1980-09-04,,TD,28.3,-91.3,25,1010.0,Tropical Depression,358.74
AL111980,DANIELLE,1980-09-05T06:00:00+00:00,1980-09-05T01:00:00-05:00,1980-09-05,,TD,28.4,-91.8,25,1009.0,Tropical Depression,384.74
AL111980,DANIELLE,1980-09-05T12:00:00+00:00,1980-09-05T07:00:00-05:00,1980-09-05,,TD,28.8,-92.4,30,1008.0,Tropical Depression,411.5
AL111980,DANIELLE,1980-09-05T18:00:00+00:00,1980-09-05T13:00:00-05:00,1980-09-05,,TS,29.4,-93.4,50,1004.0,Tropical Storm,462.67
AL161980,JEANNE,1980-11-10T18:00:00+00:00,1980-11-10T12:00:00-06:00,1980-11-10,,TS,23.2,-85.7,50,999.0,Tropical Storm,478.48
AL161980,JEANNE,1980-11-11T00:00:00+00:00,1980-11-10T18:00:00-06:00,1980-11-10,,TS,23.7,-86.1,55,998.0,Tropical Storm,444.51
AL161980,JEANNE,1980-11-11T06:00:00+00:00,1980-11-11T00:00:00-06:00,1980-11-11,,TS,24.1,-86.5,60,997.0,Tropical Storm,418.97
AL161980,JEANNE,1980-11-11T12:00:00+00:00,1980-11-11T06:00:00-06:00,1980-11-11,,HU,24.1,-87.0,65,992.0,Category 1,423.54
AL161980,JEANNE,1980-11-11T18:00:00+00:00,1980-11-11T12:00:00-06:00,1980-11-11,,HU,24.1,-87.2,75,986.0,Category 1,425.98
AL161980,JEANNE,1980-11-12T00:00:00+00:00,1980-11-11T18:00:00-06:00,1980-11-11,,HU,24.1,-87.4,85,988.0,Category 2,428.75
AL161980,JEANNE,1980-11-12T06:00:00+00:00,1980-11-12T00:00:00-06:00,1980-11-12,,HU,23.9,-88.3,70,992.0,Category 1,458.23
AL161980,JEANNE,1980-11-12T12:00:00+00:00,1980-11-12T06:00:00-06:00,1980-11-12,,HU,23.8,-89.0,65,994.0,Category 1,481.1
AL171980,UNNAMED,1980-11-16T18:00:00+00:00,1980-11-16T12:00:00-06:00,1980-11-16,,TD,23.9,-82.9,30,,Tropical Depression,463.99
AL171980,UNNAMED,1980-11-17T00:00:00+00:00,1980-11-16T18:00:00-06:00,1980-11-16,,TD,24.4,-83.0,30,,Tropical Depression,429.58
AL171980,UNNAMED,1980-11-17T06:00:00+00:00,1980-11-17T00:00:00-06:00,1980-11-17,,TD,25.2,-83.2,30,,Tropical Depression,373.81
AL171980,UNNAMED,1980-11-17T12:00:00+00:00,1980-11-17T06:00:00-06:00,1980-11-17,,TD,26.0,-83.5,30,,Tropical Depression,315.76
AL171980,UNNAMED,1980-11-17T18:00:00+00:00,1980-11-17T12:00:00-06:00,1980-11-17,,TD,27.2,-83.2,25,,Tropical Depression,253.69
AL171980,UNNAMED,1980-11-18T00:00:00+00:00,1980-11-17T18:00:00-06:00,1980-11-17,,TD,28.0,-83.0,25,,Tropical Depression,220.76
AL171980,UNNAMED,1980-11-18T06:00:00+00:00,1980-11-18T00:00:00-06:00,1980-11-18,,TD,29.0,-82.0,20,,Tropical Depression,237.25
AL171980,UNNAMED,1980-11-18T12:00:00+00:00,1980-11-18T06:00:00-06:00,1980-11-18,,TD,30.0,-81.0,20,,Tropical Depression,282.96
AL071981,UNNAMED,1981-07-02T12:00:00+00:00,1981-07-02T07:00:00-05:00,1981-07-02,,TD,25.0,-80.0,25,,Tropical Depression,498.4
AL071981,UNNAMED,1981-07-02T18:00:00+00:00,1981-07-02T13:00:00-05:00,1981-07-02,,TD,26.8,-80.3,25,,Tropical Depression,401.86
AL071981,UNNAMED,1981-07-03T00:00:00+00:00,1981-07-02T19:00:00-05:00,1981-07-02,,TD,28.0,-80.5,25,,Tropical Depression,348.26
AL071981,UNNAMED,1981-07-03T06:00:00+00:00,1981-07-03T01:00:00-05:00,1981-07-03,,TD,29.2,-80.8,30,,Tropical Depression,302.79
AL071981,UNNAMED,1981-07-03T12:00:00+00:00,1981-07-03T07:00:00-05:00,1981-07-03,,TD,31.0,-81.0,30,,Tropical Depression,287.8
AL071981,UNNAMED,1981-07-03T18:00:00+00:00,1981-07-03T13:00:00-05:00,1981-07-03,,TD,32.5,-80.5,25,,Tropical Depression,349.56
AL071981,UNNAMED,1981-07-04T00:00:00+00:00,1981-07-03T19:00:00-05:00,1981-07-03,,TD,34.0,-80.0,-99,,Tropical Depression,429.11
AL101981,DENNIS,1981-08-16T18:00:00+00:00,1981-08-16T13:00:00-05:00,1981-08-16,,TS,24.5,-81.3,35,1000.0,Tropical Storm,474.23
AL101981,DENNIS,1981-08-17T00:00:00+00:00,1981-08-16T19:00:00-05:00,1981-08-16,,TS,24.9,-81.3,35,998.0,Tropical Storm,451.58
AL101981,DENNIS,1981-08-17T06:00:00+00:00,1981-08-17T01:00:00-05:00,1981-08-17,,TS,25.2,-81.2,35,999.0,Tropical Storm,438.8
AL101981,DENNIS,1981-08-17T12:00:00+00:00,1981-08-17T07:00:00-05:00,1981-08-17,,TS,25.8,-81.2,35,999.0,Tropical Storm,407.0
AL101981,DENNIS,1981-08-17T18:00:00+00:00,1981-08-17T13:00:00-05:00,1981-08-17,,TS,26.2,-81.2,35,1001.0,Tropical Storm,386.81
AL101981,DENNIS,1981-08-18T00:00:00+00:00,1981-08-17T19:00:00-05:00,1981-08-17,,TS,26.5,-81.2,35,1003.0,Tropical Storm,372.3
AL101981,DENNIS,1981-08-18T06:00:00+00:00,1981-08-18T01:00:00-05:00,1981-08-18,,TS,26.8,-81.1,35,1004.0,Tropical Storm,363.07
AL101981,DENNIS,1981-08-18T12:00:00+00:00,1981-08-18T07:00:00-05:00,1981-08-18,,TS,27.2,-81.0,35,1005.0,Tropical Storm,350.76
AL101981,DENNIS,1981-08-18T18:00:00+00:00,1981-08-18T13:00:00-05:00,1981-08-18,,TS,27.6,-81.0,35,1005.0,Tropical Storm,335.14
AL101981,DENNIS,1981-08-19T00:00:00+00:00,1981-08-18T19:00:00-05:00,1981-08-18,,TS,28.7,-80.8,35,1004.0,Tropical Storm,312.6
AL101981,DENNIS,1981-08-19T06:00:00+00:00,1981-08-19T01:00:00-05:00,1981-08-19,,TS,29.7,-80.8,40,1003.0,Tropical Storm,296.69
AL101981,DENNIS,1981-08-19T12:00:00+00:00,1981-08-19T07:00:00-05:00,1981-08-19,,TS,31.0,-80.8,40,1002.0,Tropical Storm,299.45
AL101981,DENNIS,1981-08-19T18:00:00+00:00,1981-08-19T13:00:00-05:00,1981-08-19,,TS,32.2,-79.9,45,1001.0,Tropical Storm,373.24
AL101981,DENNIS,1981-08-20T00:00:00+00:00,1981-08-19T19:00:00-05:00,1981-08-19,,TS,33.4,-78.8,50,999.0,Tropical Storm,465.6
AL011982,ALBERTO,1982-06-03T12:00:00+00:00,1982-06-03T07:00:00-05:00,1982-06-03,,TS,23.2,-84.2,50,995.0,Tropical Storm,487.69
AL011982,ALBERTO,1982-06-03T18:00:00+00:00,1982-06-03T13:00:00-05:00,1982-06-03,,HU,24.0,-83.6,75,985.0,Category 1,442.99
AL011982,ALBERTO,1982-06-04T00:00:00+00:00,1982-06-03T19:00:00-05:00,1982-06-03,,HU,24.8,-83.4,65,992.0,Category 1,394.65
AL011982,ALBERTO,1982-06-04T06:00:00+00:00,1982-06-04T01:00:00-05:00,1982-06-04,,TS,24.9,-84.1,55,998.0,Tropical Storm,374.56
AL011982,ALBERTO,1982-06-04T12:00:00+00:00,1982-06-04T07:00:00-05:00,1982-06-04,,TS,24.9,-84.8,45,1002.0,Tropical Storm,365.48
AL011982,ALBERTO,1982-06-04T18:00:00+00:00,1982-06-04T13:00:00-05:00,1982-06-04,,TS,25.0,-84.2,40,1005.0,Tropical Storm,366.28
AL011982,ALBERTO,1982-06-05T00:00:00+00:00,1982-06-04T19:00:00-05:00,1982-06-04,,TD,25.1,-84.1,30,1007.0,Tropical Depression,361.24
AL011982,ALBERTO,1982-06-05T06:00:00+00:00,1982-06-05T01:00:00-05:00,1982-06-05,,TD,25.2,-84.0,25,1008.0,Tropical Depression,356.36
AL011982,ALBERTO,1982-06-05T12:00:00+00:00,1982-06-05T07:00:00-05:00,1982-06-05,,TD,25.3,-83.9,25,1009.0,Tropical Depression,351.65
AL011982,ALBERTO,1982-06-05T18:00:00+00:00,1982-06-05T13:00:00-05:00,1982-06-05,,TD,25.4,-83.6,25,1010.0,Tropical Depression,351.46
AL011982,ALBERTO,1982-06-06T00:00:00+00:00,1982-06-05T19:00:00-05:00,1982-06-05,,TD,25.5,-83.3,25,1010.0,Tropical Depression,352.34
AL011982,ALBERTO,1982-06-06T06:00:00+00:00,1982-06-06T01:00:00-05:00,1982-06-06,,TD,25.5,-83.0,25,1010.0,Tropical Depression,360.45
AL011982,ALBERTO,1982-06-06T12:00:00+00:00,1982-06-06T07:00:00-05:00,1982-06-06,,TD,25.5,-82.6,20,1010.0,Tropical Depression,372.38
AL021982,UNNAMED,1982-06-18T00:00:00+00:00,1982-06-17T19:00:00-05:00,1982-06-17,,SD,25.8,-86.4,25,1004.0,Tropical Depression,301.61
AL021982,UNNAMED,1982-06-18T06:00:00+00:00,1982-06-18T01:00:00-05:00,1982-06-18,,SD,27.1,-84.6,30,1003.0,Tropical Depression,219.95
AL021982,UNNAMED,1982-06-18T12:00:00+00:00,1982-06-18T07:00:00-05:00,1982-06-18,,SS,28.7,-82.8,40,999.0,Tropical Storm,201.96
AL021982,UNNAMED,1982-06-18T18:00:00+00:00,1982-06-18T13:00:00-05:00,1982-06-18,,SS,31.4,-80.3,60,992.0,Tropical Storm,334.16
AL021982,UNNAMED,1982-06-19T00:00:00+00:00,1982-06-18T19:00:00-05:00,1982-06-18,,SS,32.5,-79.2,60,992.0,Tropical Storm,418.83
AL051982,CHRIS,1982-09-09T00:00:00+00:00,1982-09-08T19:00:00-05:00,1982-09-08,,SD,26.2,-91.0,25,1010.0,Tropical Depression,420.12
AL051982,CHRIS,1982-09-09T06:00:00+00:00,1982-09-09T01:00:00-05:00,1982-09-09,,SD,26.3,-91.7,25,1010.0,Tropical Depression,449.27
AL051982,CHRIS,1982-09-09T12:00:00+00:00,1982-09-09T07:00:00-05:00,1982-09-09,,SD,26.4,-92.3,25,1009.0,Tropical Depression,475.35
AL051982,CHRIS,1982-09-11T12:00:00+00:00,1982-09-11T07:00:00-05:00,1982-09-11,,TS,29.8,-93.8,55,994.0,Tropical Storm,483.48
AL051982,CHRIS,1982-09-11T18:00:00+00:00,1982-09-11T13:00:00-05:00,1982-09-11,,TS,30.8,-93.4,40,999.0,Tropical Storm,459.08
AL051982,CHRIS,1982-09-12T00:00:00+00:00,1982-09-11T19:00:00-05:00,1982-09-11,,TD,31.8,-93.2,30,1004.0,Tropical Depression,457.35
AL051982,CHRIS,1982-09-12T06:00:00+00:00,1982-09-12T01:00:00-05:00,1982-09-12,,TD,32.8,-92.8,30,1006.0,Tropical Depression,455.69
AL051982,CHRIS,1982-09-12T12:00:00+00:00,1982-09-12T07:00:00-05:00,1982-09-12,,TD,33.8,-92.4,30,1008.0,Tropical Depression,466.03
AL051982,CHRIS,1982-09-12T18:00:00+00:00,1982-09-12T13:00:00-05:00,1982-09-12,,TD,34.8,-91.8,25,1010.0,Tropical Depression,478.92
AL031983,ALICIA,1983-08-15T12:00:00+00:00,1983-08-15T07:00:00-05:00,1983-08-15,,TD,27.3,-90.5,30,1009.0,Tropical Depression,348.72
AL031983,ALICIA,1983-08-15T18:00:00+00:00,1983-08-15T13:00:00-05:00,1983-08-15,,TS,27.2,-91.0,40,1006.0,Tropical Storm,377.98
AL031983,ALICIA,1983-08-16T00:00:00+00:00,1983-08-15T19:00:00-05:00,1983-08-15,,TS,27.1,-91.5,45,1005.0,Tropical Storm,407.55
AL031983,ALICIA,1983-08-16T06:00:00+00:00,1983-08-16T01:00:00-05:00,1983-08-16,,TS,27.0,-92.0,50,1004.0,Tropical Storm,437.37
AL031983,ALICIA,1983-08-16T12:00:00+00:00,1983-08-16T07:00:00-05:00,1983-08-16,,TS,27.1,-92.4,55,1002.0,Tropical Storm,455.25
AL031983,ALICIA,1983-08-16T18:00:00+00:00,1983-08-16T13:00:00-05:00,1983-08-16,,TS,27.3,-92.8,60,998.0,Tropical Storm,470.66
AL031983,ALICIA,1983-08-17T00:00:00+00:00,1983-08-16T19:00:00-05:00,1983-08-16,,HU,27.4,-93.3,65,991.0,Category 1,495.51
AL041983,BARRY,1983-08-25T00:00:00+00:00,1983-08-24T19:00:00-05:00,1983-08-24,,TS,28.1,-78.9,45,1011.0,Tropical Storm,435.29
AL041983,BARRY,1983-08-25T06:00:00+00:00,1983-08-25T01:00:00-05:00,1983-08-25,,TS,28.0,-79.8,40,1012.0,Tropical Storm,386.99
AL041983,BARRY,1983-08-25T11:00:00+00:00,1983-08-25T06:00:00-05:00,1983-08-25,L,TD,27.9,-80.6,30,1013.0,Tropical Depression,345.94
AL041983,BARRY,1983-08-25T12:00:00+00:00,1983-08-25T07:00:00-05:00,1983-08-25,,TD,27.9,-80.8,30,1013.0,Tropical Depression,335.17
AL041983,BARRY,1983-08-25T18:00:00+00:00,1983-08-25T13:00:00-05:00,1983-08-25,,TD,27.5,-82.0,25,1014.0,Tropical Depression,289.6
AL041983,BARRY,1983-08-26T00:00:00+00:00,1983-08-25T19:00:00-05:00,1983-08-25,,TD,27.0,-83.8,20,1013.0,Tropical Depression,245.62
AL041983,BARRY,1983-08-26T06:00:00+00:00,1983-08-26T01:00:00-05:00,1983-08-26,,TD,26.3,-85.0,25,1013.0,Tropical Depression,267.99
AL041983,BARRY,1983-08-26T12:00:00+00:00,1983-08-26T07:00:00-05:00,1983-08-26,,TD,25.7,-86.3,30,1012.0,Tropical Depression,307.71
AL041983,BARRY,1983-08-26T18:00:00+00:00,1983-08-26T13:00:00-05:00,1983-08-26,,TD,25.2,-87.6,30,1011.0,Tropical Depression,358.99
AL041983,BARRY,1983-08-27T00:00:00+00:00,1983-08-26T19:00:00-05:00,1983-08-26,,TD,25.1,-88.9,30,1010.0,Tropical Depression,397.7
AL041983,BARRY,1983-08-27T06:00:00+00:00,1983-08-27T01:00:00-05:00,1983-08-27,,TD,25.2,-90.2,30,1009.0,Tropical Depression,436.5
AL041983,BARRY,1983-08-27T12:00:00+00:00,1983-08-27T07:00:00-05:00,1983-08-27,,TS,25.8,-91.6,35,1008.0,Tropical Storm,466.36
AL011984,UNNAMED,1984-06-12T12:00:00+00:00,1984-06-12T07:00:00-05:00,1984-06-12,,TD,28.9,-77.8,30,,Tropical Depression,484.16
AL011984,UNNAMED,1984-06-12T18:00:00+00:00,1984-06-12T13:00:00-05:00,1984-06-12,,TD,29.0,-78.3,30,,Tropical Depression,453.16
AL011984,UNNAMED,1984-06-13T00:00:00+00:00,1984-06-12T19:00:00-05:00,1984-06-12,,TD,29.2,-79.1,30,,Tropical Depression,403.1
AL011984,UNNAMED,1984-06-13T06:00:00+00:00,1984-06-13T01:00:00-05:00,1984-06-13,,TD,29.6,-79.9,30,,Tropical Depression,351.17
AL011984,UNNAMED,1984-06-13T12:00:00+00:00,1984-06-13T07:00:00-05:00,1984-06-13,,TD,29.8,-80.3,25,,Tropical Depression,325.78
AL011984,UNNAMED,1984-06-13T18:00:00+00:00,1984-06-13T13:00:00-05:00,1984-06-13,,TD,29.9,-81.0,25,,Tropical Depression,283.4
AL011984,UNNAMED,1984-06-14T00:00:00+00:00,1984-06-13T19:00:00-05:00,1984-06-13,,TD,30.2,-81.8,-99,,Tropical Depression,234.82
AL101984,DIANA,1984-09-08T18:00:00+00:00,1984-09-08T13:00:00-05:00,1984-09-08,,TS,28.6,-78.3,40,1006.0,Tropical Storm,459.56
AL101984,DIANA,1984-09-09T00:00:00+00:00,1984-09-08T19:00:00-05:00,1984-09-08,,TS,28.5,-79.2,45,1004.0,Tropical Storm,409.05
AL101984,DIANA,1984-09-09T06:00:00+00:00,1984-09-09T01:00:00-05:00,1984-09-09,,TS,28.6,-79.7,50,1002.0,Tropical Storm,378.03
AL101984,DIANA,1984-09-09T12:00:00+00:00,1984-09-09T07:00:00-05:00,1984-09-09,,TS,29.0,-79.9,55,1000.0,Tropical Storm,358.85
AL101984,DIANA,1984-09-09T18:00:00+00:00,1984-09-09T13:00:00-05:00,1984-09-09,,TS,29.4,-80.1,60,995.0,Tropical Storm,341.34
AL101984,DIANA,1984-09-10T00:00:00+00:00,1984-09-09T19:00:00-05:00,1984-09-09,,TS,29.7,-80.4,60,994.0,Tropical Storm,320.53
AL101984,DIANA,1984-09-10T06:00:00+00:00,1984-09-10T01:00:00-05:00,1984-09-10,,TS,30.1,-80.3,60,995.0,Tropical Storm,324.52
AL101984,DIANA,1984-09-10T12:00:00+00:00,1984-09-10T07:00:00-05:00,1984-09-10,,HU,30.5,-80.0,65,991.0,Category 1,342.72
AL101984,DIANA,1984-09-10T18:00:00+00:00,1984-09-10T13:00:00-05:00,1984-09-10,,HU,30.8,-79.6,70,986.0,Category 1,368.0
AL101984,DIANA,1984-09-11T00:00:00+00:00,1984-09-10T19:00:00-05:00,1984-09-10,,HU,31.3,-79.1,80,980.0,Category 1,402.05
AL101984,DIANA,1984-09-11T06:00:00+00:00,1984-09-11T01:00:00-05:00,1984-09-11,,HU,31.8,-78.7,85,973.0,Category 2,432.2
AL101984,DIANA,1984-09-11T12:00:00+00:00,1984-09-11T07:00:00-05:00,1984-09-11,,HU,32.6,-78.4,100,960.0,Category 3,464.9
AL151984,ISIDORE,1984-09-27T12:00:00+00:00,1984-09-27T07:00:00-05:00,1984-09-27,,TS,26.4,-79.8,50,1000.0,Tropical Storm,443.13
AL151984,ISIDORE,1984-09-27T18:00:00+00:00,1984-09-27T13:00:00-05:00,1984-09-27,,TS,27.3,-80.5,45,1001.0,Tropical Storm,372.14
AL151984,ISIDORE,1984-09-28T00:00:00+00:00,1984-09-27T19:00:00-05:00,1984-09-27,,TS,27.8,-81.5,45,1002.0,Tropical Storm,301.95
AL151984,ISIDORE,1984-09-28T06:00:00+00:00,1984-09-28T01:00:00-05:00,1984-09-28,,TS,28.5,-82.3,45,1002.0,Tropical Storm,235.16
AL151984,ISIDORE,1984-09-28T12:00:00+00:00,1984-09-28T07:00:00-05:00,1984-09-28,,TS,29.5,-82.1,45,1002.0,Tropical Storm,221.85
AL151984,ISIDORE,1984-09-28T18:00:00+00:00,1984-09-28T13:00:00-05:00,1984-09-28,,TS,30.1,-81.9,45,1001.0,Tropical Storm,228.91
AL151984,ISIDORE,1984-09-29T00:00:00+00:00,1984-09-28T19:00:00-05:00,1984-09-28,,TS,30.7,-81.4,45,1004.0,Tropical Storm,261.03
AL151984,ISIDORE,1984-09-29T06:00:00+00:00,1984-09-29T01:00:00-05:00,1984-09-29,,TS,31.3,-80.5,45,1005.0,Tropical Storm,321.07
AL151984,ISIDORE,1984-09-29T12:00:00+00:00,1984-09-29T07:00:00-05:00,1984-09-29,,TS,32.2,-79.3,45,1004.0,Tropical Storm,406.21
AL171984,UNNAMED,1984-10-26T12:00:00+00:00,1984-10-26T07:00:00-05:00,1984-10-26,,TD,27.0,-79.2,30,,Tropical Depression,451.15
AL171984,UNNAMED,1984-10-26T18:00:00+00:00,1984-10-26T13:00:00-05:00,1984-10-26,,TD,27.2,-81.1,25,,Tropical Depression,345.82
AL171984,UNNAMED,1984-10-27T00:00:00+00:00,1984-10-26T19:00:00-05:00,1984-10-26,,TD,27.8,-83.0,25,,Tropical Depression,230.29
AL171984,UNNAMED,1984-10-27T06:00:00+00:00,1984-10-27T01:00:00-05:00,1984-10-27,,TD,28.0,-84.8,25,,Tropical Depression,157.2
AL171984,UNNAMED,1984-10-27T12:00:00+00:00,1984-10-27T07:00:00-05:00,1984-10-27,,TD,28.5,-86.5,30,,Tropical Depression,121.48
AL171984,UNNAMED,1984-10-27T18:00:00+00:00,1984-10-27T13:00:00-05:00,1984-10-27,,TD,29.5,-87.8,30,,Tropical Depression,131.39
AL171984,UNNAMED,1984-10-28T00:00:00+00:00,1984-10-27T19:00:00-05:00,1984-10-27,,TD,30.8,-89.0,-99,,Tropical Depression,200.25
AL191984,UNNAMED,1984-11-23T12:00:00+00:00,1984-11-23T06:00:00-06:00,1984-11-23,,TD,26.5,-79.5,20,,Tropical Depression,454.11
AL191984,UNNAMED,1984-11-23T18:00:00+00:00,1984-11-23T12:00:00-06:00,1984-11-23,,TD,26.8,-78.8,20,,Tropical Depression,479.4
AL021985,BOB,1985-07-21T06:00:00+00:00,1985-07-21T01:00:00-05:00,1985-07-21,,TD,26.0,-85.0,25,1012.0,Tropical Depression,288.46
AL021985,BOB,1985-07-21T12:00:00+00:00,1985-07-21T07:00:00-05:00,1985-07-21,,TD,25.8,-84.9,25,1011.0,Tropical Depression,303.09
AL021985,BOB,1985-07-21T18:00:00+00:00,1985-07-21T13:00:00-05:00,1985-07-21,,TD,25.6,-84.7,25,1011.0,Tropical Depression,318.91
AL021985,BOB,1985-07-22T00:00:00+00:00,1985-07-21T19:00:00-05:00,1985-07-21,,TD,25.6,-84.4,25,1010.0,Tropical Depression,323.02
AL021985,BOB,1985-07-22T06:00:00+00:00,1985-07-22T01:00:00-05:00,1985-07-22,,TD,25.8,-84.2,30,1009.0,Tropical Depression,313.06
AL021985,BOB,1985-07-22T12:00:00+00:00,1985-07-22T07:00:00-05:00,1985-07-22,,TD,26.0,-84.0,30,1008.0,Tropical Depression,303.89
AL021985,BOB,1985-07-22T18:00:00+00:00,1985-07-22T13:00:00-05:00,1985-07-22,,TS,26.2,-83.8,35,1007.0,Tropical Storm,295.56
AL021985,BOB,1985-07-23T00:00:00+00:00,1985-07-22T19:00:00-05:00,1985-07-22,,TS,26.5,-83.4,35,1004.0,Tropical Storm,287.76
AL021985,BOB,1985-07-23T06:00:00+00:00,1985-07-23T01:00:00-05:00,1985-07-23,,TS,26.6,-82.9,40,1004.0,Tropical Storm,298.17
AL021985,BOB,1985-07-23T12:00:00+00:00,1985-07-23T07:00:00-05:00,1985-07-23,,TS,26.4,-82.3,40,1005.0,Tropical Storm,331.33
AL021985,BOB,1985-07-23T18:00:00+00:00,1985-07-23T13:00:00-05:00,1985-07-23,,TS,26.4,-81.1,40,1006.0,Tropical Storm,381.54
AL021985,BOB,1985-07-24T00:00:00+00:00,1985-07-23T19:00:00-05:00,1985-07-23,,TS,27.2,-80.3,40,1006.0,Tropical Storm,386.21
AL021985,BOB,1985-07-24T06:00:00+00:00,1985-07-24T01:00:00-05:00,1985-07-24,,TS,28.3,-80.4,50,1005.0,Tropical Storm,345.23
AL021985,BOB,1985-07-24T12:00:00+00:00,1985-07-24T07:00:00-05:00,1985-07-24,,TS,29.4,-80.4,60,1004.0,Tropical Storm,323.56
AL021985,BOB,1985-07-24T18:00:00+00:00,1985-07-24T13:00:00-05:00,1985-07-24,,HU,30.5,-80.5,65,1003.0,Category 1,313.0
AL021985,BOB,1985-07-25T00:00:00+00:00,1985-07-24T19:00:00-05:00,1985-07-24,,HU,31.6,-80.5,65,1002.0,Category 1,326.46
AL021985,BOB,1985-07-25T03:00:00+00:00,1985-07-24T22:00:00-05:00,1985-07-24,L,HU,32.2,-80.5,65,1003.0,Category 1,340.78
AL021985,BOB,1985-07-25T06:00:00+00:00,1985-07-25T01:00:00-05:00,1985-07-25,,TS,32.9,-80.7,55,1004.0,Tropical Storm,352.84
AL021985,BOB,1985-07-25T12:00:00+00:00,1985-07-25T07:00:00-05:00,1985-07-25,,TS,34.8,-80.5,45,1006.0,Tropical Storm,444.03
AL031985,CLAUDETTE,1985-08-09T18:00:00+00:00,1985-08-09T13:00:00-05:00,1985-08-09,,SD,31.5,-80.5,25,1013.0,Tropical Depression,324.53
AL031985,CLAUDETTE,1985-08-10T00:00:00+00:00,1985-08-09T19:00:00-05:00,1985-08-09,,SD,32.0,-79.0,25,1012.0,Tropical Depression,418.76
AL041985,DANNY,1985-08-13T18:00:00+00:00,1985-08-13T13:00:00-05:00,1985-08-13,,TD,23.0,-86.7,30,1011.0,Tropical Depression,495.92
AL041985,DANNY,1985-08-14T00:00:00+00:00,1985-08-13T19:00:00-05:00,1985-08-13,,TS,23.7,-87.8,35,1010.0,Tropical Storm,461.85
AL041985,DANNY,1985-08-14T06:00:00+00:00,1985-08-14T01:00:00-05:00,1985-08-14,,TS,24.4,-88.8,45,1007.0,Tropical Storm,438.14
AL041985,DANNY,1985-08-14T12:00:00+00:00,1985-08-14T07:00:00-05:00,1985-08-14,,TS,25.1,-89.8,50,1004.0,Tropical Storm,427.27
AL041985,DANNY,1985-08-14T18:00:00+00:00,1985-08-14T13:00:00-05:00,1985-08-14,,TS,25.9,-90.7,60,1001.0,Tropical Storm,420.76
AL041985,DANNY,1985-08-15T00:00:00+00:00,1985-08-14T19:00:00-05:00,1985-08-14,,HU,26.8,-91.5,70,997.0,Category 1,418.96
AL041985,DANNY,1985-08-15T06:00:00+00:00,1985-08-15T01:00:00-05:00,1985-08-15,,HU,27.8,-92.2,75,995.0,Category 1,422.74
AL041985,DANNY,1985-08-15T12:00:00+00:00,1985-08-15T07:00:00-05:00,1985-08-15,,HU,28.9,-92.6,80,988.0,Category 1,421.59
AL041985,DANNY,1985-08-15T16:30:00+00:00,1985-08-15T11:30:00-05:00,1985-08-15,L,HU,29.6,-92.7,80,987.0,Category 1,419.14
AL041985,DANNY,1985-08-15T18:00:00+00:00,1985-08-15T13:00:00-05:00,1985-08-15,,HU,30.0,-92.7,70,988.0,Category 1,416.82
AL041985,DANNY,1985-08-16T00:00:00+00:00,1985-08-15T19:00:00-05:00,1985-08-15,,TS,31.0,-92.4,50,992.0,Tropical Storm,401.34
AL041985,DANNY,1985-08-16T06:00:00+00:00,1985-08-16T01:00:00-05:00,1985-08-16,,TS,32.0,-92.0,40,997.0,Tropical Storm,392.98
AL041985,DANNY,1985-08-16T12:00:00+00:00,1985-08-16T07:00:00-05:00,1985-08-16,,TD,32.9,-91.4,30,1000.0,Tropical Depression,385.02
AL041985,DANNY,1985-08-16T18:00:00+00:00,1985-08-16T13:00:00-05:00,1985-08-16,,TD,33.7,-90.4,30,1002.0,Tropical Depression,368.74
AL041985,DANNY,1985-08-17T00:00:00+00:00,1985-08-16T19:00:00-05:00,1985-08-16,,TD,34.3,-89.2,30,1004.0,Tropical Depression,352.59
AL041985,DANNY,1985-08-17T06:00:00+00:00,1985-08-17T01:00:00-05:00,1985-08-17,,TD,34.7,-87.8,30,1006.0,Tropical Depression,338.35
AL041985,DANNY,1985-08-17T12:00:00+00:00,1985-08-17T07:00:00-05:00,1985-08-17,,TD,35.0,-86.3,30,1008.0,Tropical Depression,338.46
AL041985,DANNY,1985-08-17T18:00:00+00:00,1985-08-17T13:00:00-05:00,1985-08-17,,TD,35.3,-84.8,30,1010.0,Tropical Depression,361.62
AL041985,DANNY,1985-08-18T00:00:00+00:00,1985-08-17T19:00:00-05:00,1985-08-17,,TD,35.6,-83.4,25,1011.0,Tropical Depression,401.69
AL041985,DANNY,1985-08-18T06:00:00+00:00,1985-08-18T01:00:00-05:00,1985-08-18,,TD,35.8,-82.0,25,1011.0,Tropical Depression,447.67
AL051985,ELENA,1985-08-29T06:00:00+00:00,1985-08-29T01:00:00-05:00,1985-08-29,,TS,24.0,-83.5,55,1000.0,Tropical Storm,444.85
AL051985,ELENA,1985-08-29T12:00:00+00:00,1985-08-29T07:00:00-05:00,1985-08-29,,HU,25.0,-85.0,65,994.0,Category 1,356.91
AL051985,ELENA,1985-08-29T18:00:00+00:00,1985-08-29T13:00:00-05:00,1985-08-29,,HU,25.9,-85.8,70,990.0,Category 1,291.95
AL051985,ELENA,1985-08-30T00:00:00+00:00,1985-08-29T19:00:00-05:00,1985-08-29,,HU,26.6,-86.6,75,986.0,Category 1,249.23
AL051985,ELENA,1985-08-30T06:00:00+00:00,1985-08-30T01:00:00-05:00,1985-08-30,,HU,27.3,-87.2,80,980.0,Category 1,214.55
AL051985,ELENA,1985-08-30T12:00:00+00:00,1985-08-30T07:00:00-05:00,1985-08-30,,HU,27.9,-87.3,90,974.0,Category 2,180.64
AL051985,ELENA,1985-08-30T18:00:00+00:00,1985-08-30T13:00:00-05:00,1985-08-30,,HU,28.3,-86.8,90,978.0,Category 2,141.64
AL051985,ELENA,1985-08-31T00:00:00+00:00,1985-08-30T19:00:00-05:00,1985-08-30,,HU,28.4,-86.0,90,977.0,Category 2,120.29
AL051985,ELENA,1985-08-31T06:00:00+00:00,1985-08-31T01:00:00-05:00,1985-08-31,,HU,28.6,-85.3,90,976.0,Category 2,108.5
AL051985,ELENA,1985-08-31T12:00:00+00:00,1985-08-31T07:00:00-05:00,1985-08-31,,HU,28.8,-84.4,90,975.0,Category 2,121.58
AL051985,ELENA,1985-08-31T18:00:00+00:00,1985-08-31T13:00:00-05:00,1985-08-31,,HU,28.8,-84.0,90,974.0,Category 2,138.6
AL051985,ELENA,1985-09-01T00:00:00+00:00,1985-08-31T19:00:00-05:00,1985-08-31,,HU,28.8,-83.8,95,971.0,Category 2,147.85
AL051985,ELENA,1985-09-01T06:00:00+00:00,1985-09-01T01:00:00-05:00,1985-09-01,,HU,28.6,-83.9,100,965.0,Category 3,152.46
AL051985,ELENA,1985-09-01T12:00:00+00:00,1985-09-01T07:00:00-05:00,1985-09-01,,HU,28.6,-84.2,105,961.0,Category 3,139.96
AL051985,ELENA,1985-09-01T18:00:00+00:00,1985-09-01T13:00:00-05:00,1985-09-01,,HU,28.9,-84.8,110,954.0,Category 3,101.44
AL051985,ELENA,1985-09-02T00:00:00+00:00,1985-09-01T19:00:00-05:00,1985-09-01,,HU,29.4,-85.9,110,953.0,Category 3,51.12
AL051985,ELENA,1985-09-02T06:00:00+00:00,1985-09-02T01:00:00-05:00,1985-09-02,,HU,29.7,-87.3,105,957.0,Category 3,98.5
AL051985,ELENA,1985-09-02T12:00:00+00:00,1985-09-02T07:00:00-05:00,1985-09-02,,HU,30.2,-88.8,100,959.0,Category 3,183.46
AL051985,ELENA,1985-09-02T13:00:00+00:00,1985-09-02T08:00:00-05:00,1985-09-02,L,HU,30.4,-89.2,100,959.0,Category 3,207.94
AL051985,ELENA,1985-09-02T18:00:00+00:00,1985-09-02T13:00:00-05:00,1985-09-02,,TS,31.0,-90.4,60,990.0,Tropical Storm,284.32
AL051985,ELENA,1985-09-03T00:00:00+00:00,1985-09-02T19:00:00-05:00,1985-09-02,,TS,31.9,-91.8,45,1000.0,Tropical Storm,379.72
AL051985,ELENA,1985-09-03T06:00:00+00:00,1985-09-03T01:00:00-05:00,1985-09-03,,TD,32.4,-92.8,30,1004.0,Tropical Depression,446.05
AL111985,ISABEL,1985-10-10T00:00:00+00:00,1985-10-09T19:00:00-05:00,1985-10-09,,TS,29.0,-77.8,55,1005.0,Tropical Storm,482.77
AL111985,ISABEL,1985-10-10T06:00:00+00:00,1985-10-10T01:00:00-05:00,1985-10-10,,TS,29.1,-79.2,45,1004.0,Tropical Storm,398.53
AL111985,ISABEL,1985-10-10T12:00:00+00:00,1985-10-10T07:00:00-05:00,1985-10-10,,TS,29.6,-80.3,40,1006.0,Tropical Storm,327.35
AL111985,ISABEL,1985-10-10T18:00:00+00:00,1985-10-10T13:00:00-05:00,1985-10-10,,TS,30.3,-81.0,35,1008.0,Tropical Storm,282.66
AL111985,ISABEL,1985-10-10T21:00:00+00:00,1985-10-10T16:00:00-05:00,1985-10-10,L,TS,30.6,-81.4,35,1008.0,Tropical Storm,260.2
AL111985,ISABEL,1985-10-11T00:00:00+00:00,1985-10-10T19:00:00-05:00,1985-10-10,,TD,30.8,-81.7,30,1009.0,Tropical Depression,244.48
AL111985,ISABEL,1985-10-11T06:00:00+00:00,1985-10-11T01:00:00-05:00,1985-10-11,,TD,31.3,-81.8,30,1011.0,Tropical Depression,247.15
AL111985,ISABEL,1985-10-11T12:00:00+00:00,1985-10-11T07:00:00-05:00,1985-10-11,,TD,31.7,-81.6,25,1012.0,Tropical Depression,267.89
AL111985,ISABEL,1985-10-11T18:00:00+00:00,1985-10-11T13:00:00-05:00,1985-10-11,,TD,31.8,-80.9,25,1013.0,Tropical Depression,308.64
AL111985,ISABEL,1985-10-12T00:00:00+00:00,1985-10-11T19:00:00-05:00,1985-10-11,,TD,31.7,-80.6,25,1013.0,Tropical Depression,322.94
AL111985,ISABEL,1985-10-12T06:00:00+00:00,1985-10-12T01:00:00-05:00,1985-10-12,,TD,31.6,-80.3,25,1013.0,Tropical Depression,337.75
AL111985,ISABEL,1985-10-12T12:00:00+00:00,1985-10-12T07:00:00-05:00,1985-10-12,,TD,31.5,-79.9,25,1014.0,Tropical Depression,358.71
AL111985,ISABEL,1985-10-12T18:00:00+00:00,1985-10-12T13:00:00-05:00,1985-10-12,,TD,31.5,-79.5,25,1013.0,Tropical Depression,381.64
AL111985,ISABEL,1985-10-13T00:00:00+00:00,1985-10-12T19:00:00-05:00,1985-10-12,,TD,31.7,-79.1,25,1013.0,Tropical Depression,407.73
AL111985,ISABEL,1985-10-13T06:00:00+00:00,1985-10-13T01:00:00-05:00,1985-10-13,,TD,32.0,-78.8,25,1013.0,Tropical Depression,430.03
AL111985,ISABEL,1985-10-13T12:00:00+00:00,1985-10-13T07:00:00-05:00,1985-10-13,,TD,32.3,-78.4,25,1013.0,Tropical Depression,458.35
AL111985,ISABEL,1985-10-13T18:00:00+00:00,1985-10-13T13:00:00-05:00,1985-10-13,,TD,32.6,-78.0,25,1012.0,Tropical Depression,486.91
AL121985,JUAN,1985-10-26T00:00:00+00:00,1985-10-25T19:00:00-05:00,1985-10-25,,TD,24.5,-90.5,30,1005.0,Tropical Depression,486.48
AL121985,JUAN,1985-10-27T12:00:00+00:00,1985-10-27T06:00:00-06:00,1985-10-27,,TS,25.7,-91.5,55,986.0,Tropical Storm,466.31
AL121985,JUAN,1985-10-27T18:00:00+00:00,1985-10-27T12:00:00-06:00,1985-10-27,,TS,26.4,-91.1,60,984.0,Tropical Storm,415.87
AL121985,JUAN,1985-10-28T00:00:00+00:00,1985-10-27T18:00:00-06:00,1985-10-27,,HU,27.8,-91.2,65,982.0,Category 1,367.56
AL121985,JUAN,1985-10-28T06:00:00+00:00,1985-10-28T00:00:00-06:00,1985-10-28,,HU,28.6,-91.5,70,975.0,Category 1,363.03
AL121985,JUAN,1985-10-28T12:00:00+00:00,1985-10-28T06:00:00-06:00,1985-10-28,,HU,29.4,-92.0,75,972.0,Category 1,379.34
AL121985,JUAN,1985-10-28T18:00:00+00:00,1985-10-28T12:00:00-06:00,1985-10-28,,HU,29.3,-93.0,75,971.0,Category 1,439.9
AL121985,JUAN,1985-10-29T00:00:00+00:00,1985-10-28T18:00:00-06:00,1985-10-28,,HU,28.9,-92.5,75,973.0,Category 1,415.7
AL121985,JUAN,1985-10-29T06:00:00+00:00,1985-10-29T00:00:00-06:00,1985-10-29,,HU,29.0,-91.9,70,975.0,Category 1,378.81
AL121985,JUAN,1985-10-29T11:00:00+00:00,1985-10-29T05:00:00-06:00,1985-10-29,L,HU,29.5,-91.4,65,974.0,Category 1,342.61
AL121985,JUAN,1985-10-29T12:00:00+00:00,1985-10-29T06:00:00-06:00,1985-10-29,,HU,29.6,-91.3,65,974.0,Category 1,335.68
AL121985,JUAN,1985-10-29T18:00:00+00:00,1985-10-29T12:00:00-06:00,1985-10-29,,TS,30.3,-91.9,60,978.0,Tropical Storm,368.55
AL121985,JUAN,1985-10-30T00:00:00+00:00,1985-10-29T18:00:00-06:00,1985-10-29,,TS,30.1,-92.3,60,980.0,Tropical Storm,392.63
AL121985,JUAN,1985-10-30T06:00:00+00:00,1985-10-30T00:00:00-06:00,1985-10-30,,TS,29.8,-92.2,55,982.0,Tropical Storm,387.89
AL121985,JUAN,1985-10-30T12:00:00+00:00,1985-10-30T06:00:00-06:00,1985-10-30,,TS,29.6,-92.1,55,982.0,Tropical Storm,383.36
AL121985,JUAN,1985-10-30T18:00:00+00:00,1985-10-30T12:00:00-06:00,1985-10-30,,TS,29.3,-91.8,55,982.0,Tropical Storm,368.64
AL121985,JUAN,1985-10-31T00:00:00+00:00,1985-10-30T18:00:00-06:00,1985-10-30,,TS,29.1,-91.3,55,982.0,Tropical Storm,341.96
AL121985,JUAN,1985-10-31T06:00:00+00:00,1985-10-31T00:00:00-06:00,1985-10-31,,TS,28.9,-90.3,55,980.0,Tropical Storm,287.5
AL121985,JUAN,1985-10-31T12:00:00+00:00,1985-10-31T06:00:00-06:00,1985-10-31,,TS,29.3,-89.1,60,978.0,Tropical Storm,210.1
AL121985,JUAN,1985-10-31T18:00:00+00:00,1985-10-31T12:00:00-06:00,1985-10-31,,TS,30.3,-87.7,55,982.0,Tropical Storm,118.24
AL121985,JUAN,1985-11-01T00:00:00+00:00,1985-10-31T18:00:00-06:00,1985-10-31,,TS,31.8,-87.0,40,984.0,Tropical Storm,138.04
AL121985,JUAN,1985-11-01T06:00:00+00:00,1985-11-01T00:00:00-06:00,1985-11-01,,TS,33.5,-86.7,35,986.0,Tropical Storm,240.04
AL121985,JUAN,1985-11-01T12:00:00+00:00,1985-11-01T06:00:00-06:00,1985-11-01,,EX,35.2,-86.6,30,989.0,Tropical Depression,354.28
AL121985,JUAN,1985-11-01T18:00:00+00:00,1985-11-01T12:00:00-06:00,1985-11-01,,EX,36.8,-87.1,25,992.0,Tropical Depression,467.89
AL131985,KATE,1985-11-20T00:00:00+00:00,1985-11-19T18:00:00-06:00,1985-11-19,,HU,23.9,-83.5,85,972.0,Category 2,451.44
AL131985,KATE,1985-11-20T06:00:00+00:00,1985-11-20T00:00:00-06:00,1985-11-20,,HU,24.6,-84.5,95,968.0,Category 2,389.12
AL131985,KATE,1985-11-20T12:00:00+00:00,1985-11-20T06:00:00-06:00,1985-11-20,,HU,25.2,-85.3,105,956.0,Category 3,341.3
AL131985,KATE,1985-11-20T18:00:00+00:00,1985-11-20T12:00:00-06:00,1985-11-20,,HU,26.0,-86.0,105,955.0,Category 3,285.48
AL131985,KATE,1985-11-21T00:00:00+00:00,1985-11-20T18:00:00-06:00,1985-11-20,,HU,26.8,-86.5,105,954.0,Category 3,234.45
AL131985,KATE,1985-11-21T06:00:00+00:00,1985-11-21T00:00:00-06:00,1985-11-21,,HU,27.5,-86.6,100,961.0,Category 3,188.86
AL131985,KATE,1985-11-21T12:00:00+00:00,1985-11-21T06:00:00-06:00,1985-11-21,,HU,28.3,-86.5,95,965.0,Category 2,134.37
AL131985,KATE,1985-11-21T18:00:00+00:00,1985-11-21T12:00:00-06:00,1985-11-21,,HU,29.2,-86.1,85,967.0,Category 2,67.66
AL131985,KATE,1985-11-21T22:30:00+00:00,1985-11-21T16:30:00-06:00,1985-11-21,L,HU,30.0,-85.4,85,967.0,Category 2,21.54
AL131985,KATE,1985-11-22T00:00:00+00:00,1985-11-21T18:00:00-06:00,1985-11-21,,HU,30.2,-85.1,80,975.0,Category 1,37.99
AL131985,KATE,1985-11-22T06:00:00+00:00,1985-11-22T00:00:00-06:00,1985-11-22,,HU,31.5,-83.5,65,983.0,Category 1,162.89
AL131985,KATE,1985-11-22T12:00:00+00:00,1985-11-22T06:00:00-06:00,1985-11-22,,TS,32.5,-81.5,50,990.0,Tropical Storm,298.75
AL131985,KATE,1985-11-22T18:00:00+00:00,1985-11-22T12:00:00-06:00,1985-11-22,,TS,33.7,-79.2,45,996.0,Tropical Storm,455.57
AL011986,ANDREW,1986-06-06T00:00:00+00:00,1986-06-05T19:00:00-05:00,1986-06-05,,TS,29.7,-77.5,35,1002.0,Tropical Storm,493.66
AL011986,ANDREW,1986-06-06T06:00:00+00:00,1986-06-06T01:00:00-05:00,1986-06-06,,TS,30.2,-77.8,40,1003.0,Tropical Storm,473.66
AL011986,ANDREW,1986-06-06T12:00:00+00:00,1986-06-06T07:00:00-05:00,1986-06-06,,TS,30.7,-78.0,45,1005.0,Tropical Storm,462.22
AL011986,ANDREW,1986-06-06T18:00:00+00:00,1986-06-06T13:00:00-05:00,1986-06-06,,TS,31.4,-77.9,45,1004.0,Tropical Storm,473.04
AL011986,ANDREW,1986-06-07T00:00:00+00:00,1986-06-06T19:00:00-05:00,1986-06-06,,TS,31.9,-77.8,45,1003.0,Tropical Storm,485.21
AL021986,BONNIE,1986-06-23T18:00:00+00:00,1986-06-23T13:00:00-05:00,1986-06-23,,TD,25.6,-87.2,25,1014.0,Tropical Depression,325.27
AL021986,BONNIE,1986-06-24T00:00:00+00:00,1986-06-23T19:00:00-05:00,1986-06-23,,TD,25.7,-87.8,25,1013.0,Tropical Depression,330.81
AL021986,BONNIE,1986-06-24T06:00:00+00:00,1986-06-24T01:00:00-05:00,1986-06-24,,TD,26.0,-88.4,25,1014.0,Tropical Depression,328.19
AL021986,BONNIE,1986-06-24T12:00:00+00:00,1986-06-24T07:00:00-05:00,1986-06-24,,TD,26.4,-88.9,30,1011.0,Tropical Depression,321.61
AL021986,BONNIE,1986-06-24T18:00:00+00:00,1986-06-24T13:00:00-05:00,1986-06-24,,TS,26.6,-89.5,40,1006.0,Tropical Storm,334.4
AL021986,BONNIE,1986-06-25T00:00:00+00:00,1986-06-24T19:00:00-05:00,1986-06-24,,TS,26.7,-90.3,45,1001.0,Tropical Storm,364.8
AL021986,BONNIE,1986-06-25T06:00:00+00:00,1986-06-25T01:00:00-05:00,1986-06-25,,TS,26.8,-91.0,50,1002.0,Tropical Storm,393.93
AL021986,BONNIE,1986-06-25T12:00:00+00:00,1986-06-25T07:00:00-05:00,1986-06-25,,TS,27.2,-91.7,55,997.0,Tropical Storm,414.44
AL021986,BONNIE,1986-06-25T18:00:00+00:00,1986-06-25T13:00:00-05:00,1986-06-25,,HU,27.7,-92.2,65,1001.0,Category 1,425.58
AL021986,BONNIE,1986-06-26T00:00:00+00:00,1986-06-25T19:00:00-05:00,1986-06-25,,HU,28.2,-92.9,70,999.0,Category 1,452.49
AL021986,BONNIE,1986-06-26T06:00:00+00:00,1986-06-26T01:00:00-05:00,1986-06-26,,HU,29.0,-93.7,75,995.0,Category 1,485.14
AL051986,CHARLEY,1986-08-13T12:00:00+00:00,1986-08-13T07:00:00-05:00,1986-08-13,,SD,30.1,-84.0,10,1009.0,Tropical Depression,103.41
AL051986,CHARLEY,1986-08-13T18:00:00+00:00,1986-08-13T13:00:00-05:00,1986-08-13,,SD,30.8,-84.0,10,1012.0,Tropical Depression,113.09
AL051986,CHARLEY,1986-08-14T00:00:00+00:00,1986-08-13T19:00:00-05:00,1986-08-13,,SD,31.4,-83.6,10,1013.0,Tropical Depression,154.11
AL051986,CHARLEY,1986-08-14T06:00:00+00:00,1986-08-14T01:00:00-05:00,1986-08-14,,SD,32.0,-83.1,10,1014.0,Tropical Depression,202.5
AL051986,CHARLEY,1986-08-14T12:00:00+00:00,1986-08-14T07:00:00-05:00,1986-08-14,,SD,32.5,-82.5,10,1015.0,Tropical Depression,251.53
AL051986,CHARLEY,1986-08-14T18:00:00+00:00,1986-08-14T13:00:00-05:00,1986-08-14,,SD,32.4,-82.0,10,1015.0,Tropical Depression,270.59
AL051986,CHARLEY,1986-08-15T00:00:00+00:00,1986-08-14T19:00:00-05:00,1986-08-14,,SD,32.3,-81.2,15,1013.0,Tropical Depression,306.94
AL051986,CHARLEY,1986-08-15T06:00:00+00:00,1986-08-15T01:00:00-05:00,1986-08-15,,SD,32.3,-80.0,15,1013.0,Tropical Depression,370.38
AL051986,CHARLEY,1986-08-15T12:00:00+00:00,1986-08-15T07:00:00-05:00,1986-08-15,,TD,32.2,-79.0,30,1009.0,Tropical Depression,422.84
AL051986,CHARLEY,1986-08-15T18:00:00+00:00,1986-08-15T13:00:00-05:00,1986-08-15,,TS,32.2,-78.5,35,1007.0,Tropical Storm,450.75
AL051986,CHARLEY,1986-08-16T00:00:00+00:00,1986-08-15T19:00:00-05:00,1986-08-15,,TS,32.3,-78.1,40,1004.0,Tropical Storm,475.12
AL051986,CHARLEY,1986-08-16T06:00:00+00:00,1986-08-16T01:00:00-05:00,1986-08-16,,TS,32.4,-77.9,40,1002.0,Tropical Storm,488.28
AL011987,UNNAMED,1987-05-31T12:00:00+00:00,1987-05-31T07:00:00-05:00,1987-05-31,,TD,24.6,-80.6,25,,Tropical Depression,494.64
AL011987,UNNAMED,1987-05-31T18:00:00+00:00,1987-05-31T13:00:00-05:00,1987-05-31,,TD,24.5,-81.0,20,,Tropical Depression,485.01
AL011987,UNNAMED,1987-06-01T00:00:00+00:00,1987-05-31T19:00:00-05:00,1987-05-31,,TD,24.4,-81.7,15,,Tropical Depression,466.51
AL031987,UNNAMED,1987-08-11T00:00:00+00:00,1987-08-10T19:00:00-05:00,1987-08-10,,TD,31.8,-93.5,25,1009.0,Tropical Depression,474.56
AL031987,UNNAMED,1987-08-11T06:00:00+00:00,1987-08-11T01:00:00-05:00,1987-08-11,,TD,32.3,-92.7,25,1009.0,Tropical Depression,438.32
AL031987,UNNAMED,1987-08-11T12:00:00+00:00,1987-08-11T07:00:00-05:00,1987-08-11,,TD,32.3,-91.8,25,1008.0,Tropical Depression,388.82
AL031987,UNNAMED,1987-08-11T18:00:00+00:00,1987-08-11T13:00:00-05:00,1987-08-11,,TD,32.2,-91.2,25,1008.0,Tropical Depression,353.7
AL031987,UNNAMED,1987-08-12T00:00:00+00:00,1987-08-11T19:00:00-05:00,1987-08-11,,TD,32.1,-90.6,25,1007.0,Tropical Depression,318.72
AL031987,UNNAMED,1987-08-12T06:00:00+00:00,1987-08-12T01:00:00-05:00,1987-08-12,,TD,32.0,-90.2,25,1007.0,Tropical Depression,294.54
AL031987,UNNAMED,1987-08-12T12:00:00+00:00,1987-08-12T07:00:00-05:00,1987-08-12,,TD,32.0,-89.7,25,1007.0,Tropical Depression,268.28
AL031987,UNNAMED,1987-08-12T18:00:00+00:00,1987-08-12T13:00:00-05:00,1987-08-12,,TD,32.0,-89.3,20,1007.0,Tropical Depression,247.82
AL031987,UNNAMED,1987-08-13T00:00:00+00:00,1987-08-12T19:00:00-05:00,1987-08-12,,TD,31.9,-88.8,20,1008.0,Tropical Depression,219.28
AL031987,UNNAMED,1987-08-13T06:00:00+00:00,1987-08-13T01:00:00-05:00,1987-08-13,,TD,31.8,-88.4,20,1008.0,Tropical Depression,195.99
AL031987,UNNAMED,1987-08-13T12:00:00+00:00,1987-08-13T07:00:00-05:00,1987-08-13,,TD,31.7,-88.0,20,1009.0,Tropical Depression,173.05
AL031987,UNNAMED,1987-08-13T18:00:00+00:00,1987-08-13T13:00:00-05:00,1987-08-13,,TD,31.5,-87.7,15,1009.0,Tropical Depression,150.63
AL031987,UNNAMED,1987-08-14T00:00:00+00:00,1987-08-13T19:00:00-05:00,1987-08-13,,TD,31.3,-87.4,15,1010.0,Tropical Depression,128.18
AL031987,UNNAMED,1987-08-14T06:00:00+00:00,1987-08-14T01:00:00-05:00,1987-08-14,,TD,31.1,-87.1,15,1010.0,Tropical Depression,105.71
AL031987,UNNAMED,1987-08-14T12:00:00+00:00,1987-08-14T07:00:00-05:00,1987-08-14,,TD,30.8,-86.8,15,1010.0,Tropical Depression,78.97
AL031987,UNNAMED,1987-08-14T18:00:00+00:00,1987-08-14T13:00:00-05:00,1987-08-14,,TD,30.6,-86.6,15,1011.0,Tropical Depression,61.38
AL031987,UNNAMED,1987-08-15T00:00:00+00:00,1987-08-14T19:00:00-05:00,1987-08-14,,TD,30.3,-86.3,15,1011.0,Tropical Depression,36.12
AL031987,UNNAMED,1987-08-15T06:00:00+00:00,1987-08-15T01:00:00-05:00,1987-08-15,,TD,30.0,-86.0,15,1011.0,Tropical Depression,18.31
AL031987,UNNAMED,1987-08-15T12:00:00+00:00,1987-08-15T07:00:00-05:00,1987-08-15,,TD,29.8,-85.6,15,1012.0,Tropical Depression,23.77
AL031987,UNNAMED,1987-08-15T18:00:00+00:00,1987-08-15T13:00:00-05:00,1987-08-15,,TD,29.7,-85.0,15,1012.0,Tropical Depression,52.67
AL031987,UNNAMED,1987-08-16T00:00:00+00:00,1987-08-15T19:00:00-05:00,1987-08-15,,TD,29.8,-84.5,15,1013.0,Tropical Depression,76.97
AL031987,UNNAMED,1987-08-16T06:00:00+00:00,1987-08-16T01:00:00-05:00,1987-08-16,,TD,30.2,-84.0,15,1014.0,Tropical Depression,103.48
AL031987,UNNAMED,1987-08-16T12:00:00+00:00,1987-08-16T07:00:00-05:00,1987-08-16,,TD,30.5,-83.7,15,1014.0,Tropical Depression,123.82
AL031987,UNNAMED,1987-08-16T18:00:00+00:00,1987-08-16T13:00:00-05:00,1987-08-16,,TD,30.9,-83.2,10,1014.0,Tropical Depression,159.83
AL031987,UNNAMED,1987-08-17T00:00:00+00:00,1987-08-16T19:00:00-05:00,1987-08-16,,TD,31.4,-82.9,10,1015.0,Tropical Depression,189.7
AL031987,UNNAMED,1987-08-17T06:00:00+00:00,1987-08-17T01:00:00-05:00,1987-08-17,,TD,31.8,-82.3,10,1015.0,Tropical Depression,233.84
AL091987,UNNAMED,1987-09-07T00:00:00+00:00,1987-09-06T19:00:00-05:00,1987-09-06,,TD,28.6,-78.0,25,,Tropical Depression,477.15
AL091987,UNNAMED,1987-09-07T06:00:00+00:00,1987-09-07T01:00:00-05:00,1987-09-07,,TD,29.8,-78.5,30,,Tropical Depression,433.29
AL091987,UNNAMED,1987-09-07T12:00:00+00:00,1987-09-07T07:00:00-05:00,1987-09-07,,TD,31.0,-78.7,30,,Tropical Depression,422.52
AL091987,UNNAMED,1987-09-07T18:00:00+00:00,1987-09-07T13:00:00-05:00,1987-09-07,,TD,32.3,-78.6,30,,Tropical Depression,447.21
AL091987,UNNAMED,1987-09-08T00:00:00+00:00,1987-09-07T19:00:00-05:00,1987-09-07,,TD,33.5,-78.5,30,,Tropical Depression,484.15
AL131987,FLOYD,1987-10-12T12:00:00+00:00,1987-10-12T07:00:00-05:00,1987-10-12,,HU,24.0,-82.9,65,993.0,Category 1,457.56
AL131987,FLOYD,1987-10-12T18:00:00+00:00,1987-10-12T13:00:00-05:00,1987-10-12,,HU,24.7,-81.5,65,993.0,Category 1,455.76
AL131987,FLOYD,1987-10-12T21:00:00+00:00,1987-10-12T16:00:00-05:00,1987-10-12,L,HU,25.1,-80.5,65,993.0,Category 1,472.16
AL131987,FLOYD,1987-10-13T00:00:00+00:00,1987-10-12T19:00:00-05:00,1987-10-12,,TS,25.3,-79.9,60,993.0,Tropical Storm,488.0
AL141987,UNNAMED,1987-11-03T12:00:00+00:00,1987-11-03T06:00:00-06:00,1987-11-03,,TD,24.0,-82.9,25,,Tropical Depression,457.56
AL141987,UNNAMED,1987-11-03T18:00:00+00:00,1987-11-03T12:00:00-06:00,1987-11-03,,TD,24.9,-83.6,25,,Tropical Depression,383.86
AL141987,UNNAMED,1987-11-04T00:00:00+00:00,1987-11-03T18:00:00-06:00,1987-11-03,,TD,25.7,-83.9,25,,Tropical Depression,325.5
AL141987,UNNAMED,1987-11-04T06:00:00+00:00,1987-11-04T00:00:00-06:00,1987-11-04,,TD,26.7,-83.5,25,,Tropical Depression,272.68
AL141987,UNNAMED,1987-11-04T12:00:00+00:00,1987-11-04T06:00:00-06:00,1987-11-04,,TD,27.5,-83.0,20,,Tropical Depression,245.36
AL141987,UNNAMED,1987-11-04T18:00:00+00:00,1987-11-04T12:00:00-06:00,1987-11-04,,TD,28.5,-82.0,20,,Tropical Depression,251.19
AL131988,UNNAMED,1988-06-02T12:00:00+00:00,1988-06-02T07:00:00-05:00,1988-06-02,,TD,25.0,-80.0,20,,Tropical Depression,498.4
AL021988,BERYL,1988-08-08T00:00:00+00:00,1988-08-07T19:00:00-05:00,1988-08-07,,TD,30.4,-90.3,25,1010.0,Tropical Depression,273.37
AL021988,BERYL,1988-08-08T06:00:00+00:00,1988-08-08T01:00:00-05:00,1988-08-08,,TD,29.7,-89.7,30,1009.0,Tropical Depression,239.55
AL021988,BERYL,1988-08-08T12:00:00+00:00,1988-08-08T07:00:00-05:00,1988-08-08,,TS,29.7,-89.4,35,1007.0,Tropical Storm,221.74
AL021988,BERYL,1988-08-08T18:00:00+00:00,1988-08-08T13:00:00-05:00,1988-08-08,,TS,29.4,-89.2,40,1005.0,Tropical Storm,214.06
AL021988,BERYL,1988-08-09T00:00:00+00:00,1988-08-08T19:00:00-05:00,1988-08-08,,TS,29.3,-89.1,45,1002.0,Tropical Storm,210.1
AL021988,BERYL,1988-08-09T06:00:00+00:00,1988-08-09T01:00:00-05:00,1988-08-09,,TS,29.6,-89.5,45,1001.0,Tropical Storm,228.78
AL021988,BERYL,1988-08-09T12:00:00+00:00,1988-08-09T07:00:00-05:00,1988-08-09,,TS,30.1,-90.4,45,1002.0,Tropical Storm,279.11
AL021988,BERYL,1988-08-09T18:00:00+00:00,1988-08-09T13:00:00-05:00,1988-08-09,,TS,30.1,-90.9,40,1005.0,Tropical Storm,308.98
AL021988,BERYL,1988-08-10T00:00:00+00:00,1988-08-09T19:00:00-05:00,1988-08-09,,TD,30.3,-91.6,30,1006.0,Tropical Depression,350.66
AL021988,BERYL,1988-08-10T06:00:00+00:00,1988-08-10T01:00:00-05:00,1988-08-10,,TD,30.7,-92.2,30,1007.0,Tropical Depression,387.51
AL021988,BERYL,1988-08-10T12:00:00+00:00,1988-08-10T07:00:00-05:00,1988-08-10,,TD,31.2,-92.6,25,1008.0,Tropical Depression,414.93
AL021988,BERYL,1988-08-10T18:00:00+00:00,1988-08-10T13:00:00-05:00,1988-08-10,,TD,31.7,-93.2,20,1011.0,Tropical Depression,455.88
AL141988,UNNAMED,1988-08-13T18:00:00+00:00,1988-08-13T13:00:00-05:00,1988-08-13,,TD,28.5,-78.0,30,,Tropical Depression,478.94
AL141988,UNNAMED,1988-08-14T00:00:00+00:00,1988-08-13T19:00:00-05:00,1988-08-13,,TD,30.5,-79.5,30,,Tropical Depression,372.46
AL141988,UNNAMED,1988-08-14T06:00:00+00:00,1988-08-14T01:00:00-05:00,1988-08-14,,TD,30.5,-81.3,30,,Tropical Depression,265.49
AL141988,UNNAMED,1988-08-14T12:00:00+00:00,1988-08-14T07:00:00-05:00,1988-08-14,,TD,30.5,-82.0,30,,Tropical Depression,223.98
AL031988,CHRIS,1988-08-28T00:00:00+00:00,1988-08-27T19:00:00-05:00,1988-08-27,,TD,26.8,-79.7,30,1008.0,Tropical Depression,432.25
AL031988,CHRIS,1988-08-28T06:00:00+00:00,1988-08-28T01:00:00-05:00,1988-08-28,,TS,28.2,-80.0,40,1008.0,Tropical Storm,370.36
AL031988,CHRIS,1988-08-28T12:00:00+00:00,1988-08-28T07:00:00-05:00,1988-08-28,,TS,30.8,-80.8,45,1005.0,Tropical Storm,297.26
AL031988,CHRIS,1988-08-28T15:00:00+00:00,1988-08-28T10:00:00-05:00,1988-08-28,L,TS,32.0,-80.9,40,1005.0,Tropical Storm,313.81
AL031988,CHRIS,1988-08-28T18:00:00+00:00,1988-08-28T13:00:00-05:00,1988-08-28,,TS,32.8,-81.1,35,1006.0,Tropical Storm,329.51
AL031988,CHRIS,1988-08-29T00:00:00+00:00,1988-08-28T19:00:00-05:00,1988-08-28,,TD,34.1,-81.1,25,1008.0,Tropical Depression,385.71
AL031988,CHRIS,1988-08-29T06:00:00+00:00,1988-08-29T01:00:00-05:00,1988-08-29,,EX,35.8,-80.6,20,1009.0,Tropical Depression,491.94
AL171988,UNNAMED,1988-09-04T00:00:00+00:00,1988-09-03T19:00:00-05:00,1988-09-03,,TD,28.0,-93.5,30,,Tropical Depression,491.56
AL171988,UNNAMED,1988-09-04T06:00:00+00:00,1988-09-04T01:00:00-05:00,1988-09-04,,TD,28.0,-92.5,25,,Tropical Depression,434.33
AL071988,FLORENCE,1988-09-09T00:00:00+00:00,1988-09-08T19:00:00-05:00,1988-09-08,,TS,24.2,-89.2,50,992.0,Tropical Storm,461.54
AL071988,FLORENCE,1988-09-09T06:00:00+00:00,1988-09-09T01:00:00-05:00,1988-09-09,,TS,25.0,-89.2,50,991.0,Tropical Storm,412.92
AL071988,FLORENCE,1988-09-09T12:00:00+00:00,1988-09-09T07:00:00-05:00,1988-09-09,,TS,26.1,-89.2,55,998.0,Tropical Storm,349.32
AL071988,FLORENCE,1988-09-09T18:00:00+00:00,1988-09-09T13:00:00-05:00,1988-09-09,,HU,27.4,-89.2,65,985.0,Category 1,282.14
AL071988,FLORENCE,1988-09-09T23:00:00+00:00,1988-09-09T18:00:00-05:00,1988-09-09,I,HU,28.5,-89.3,70,982.0,Category 1,242.6
AL071988,FLORENCE,1988-09-10T00:00:00+00:00,1988-09-09T19:00:00-05:00,1988-09-09,,HU,28.7,-89.3,70,983.0,Category 1,236.34
AL071988,FLORENCE,1988-09-10T02:00:00+00:00,1988-09-09T21:00:00-05:00,1988-09-09,L,HU,29.1,-89.3,70,984.0,Category 1,225.82
AL071988,FLORENCE,1988-09-10T06:00:00+00:00,1988-09-10T01:00:00-05:00,1988-09-10,,TS,29.7,-89.7,60,988.0,Tropical Storm,239.55
AL071988,FLORENCE,1988-09-10T12:00:00+00:00,1988-09-10T07:00:00-05:00,1988-09-10,,TD,30.7,-90.7,30,998.0,Tropical Depression,298.77
AL071988,FLORENCE,1988-09-10T18:00:00+00:00,1988-09-10T13:00:00-05:00,1988-09-10,,TD,31.8,-91.5,20,1003.0,Tropical Depression,360.86
AL071988,FLORENCE,1988-09-11T00:00:00+00:00,1988-09-10T19:00:00-05:00,1988-09-10,,TD,32.4,-92.3,15,1007.0,Tropical Depression,418.56
AL071988,FLORENCE,1988-09-11T06:00:00+00:00,1988-09-11T01:00:00-05:00,1988-09-11,,TD,32.7,-93.3,15,1009.0,Tropical Depression,480.37
AL121988,KEITH,1988-11-22T00:00:00+00:00,1988-11-21T18:00:00-06:00,1988-11-21,,TS,23.1,-87.0,60,993.0,Tropical Storm,491.67
AL121988,KEITH,1988-11-22T06:00:00+00:00,1988-11-22T00:00:00-06:00,1988-11-22,,TS,23.8,-86.8,55,995.0,Tropical Storm,441.95
AL121988,KEITH,1988-11-22T12:00:00+00:00,1988-11-22T06:00:00-06:00,1988-11-22,,TS,24.4,-86.2,55,995.0,Tropical Storm,396.61
AL121988,KEITH,1988-11-22T18:00:00+00:00,1988-11-22T12:00:00-06:00,1988-11-22,,TS,25.5,-85.1,55,993.0,Tropical Storm,321.87
AL121988,KEITH,1988-11-23T00:00:00+00:00,1988-11-22T18:00:00-06:00,1988-11-22,,TS,26.5,-84.2,55,994.0,Tropical Storm,267.19
AL121988,KEITH,1988-11-23T06:00:00+00:00,1988-11-23T00:00:00-06:00,1988-11-23,,TS,27.3,-82.8,55,995.0,Tropical Storm,263.84
AL121988,KEITH,1988-11-23T07:00:00+00:00,1988-11-23T01:00:00-06:00,1988-11-23,L,TS,27.3,-82.6,55,995.0,Tropical Storm,272.14
AL121988,KEITH,1988-11-23T12:00:00+00:00,1988-11-23T06:00:00-06:00,1988-11-23,,TS,27.9,-81.3,35,999.0,Tropical Storm,308.64
AL121988,KEITH,1988-11-23T18:00:00+00:00,1988-11-23T12:00:00-06:00,1988-11-23,,TS,28.9,-79.8,40,998.0,Tropical Storm,366.42
AL121988,KEITH,1988-11-24T00:00:00+00:00,1988-11-23T18:00:00-06:00,1988-11-23,,TS,29.7,-77.7,50,995.0,Tropical Storm,481.71
AL021989,ALLISON,1989-06-28T06:00:00+00:00,1989-06-28T01:00:00-05:00,1989-06-28,,EX,31.1,-93.9,30,1005.0,Tropical Depression,490.35
AL021989,ALLISON,1989-06-28T12:00:00+00:00,1989-06-28T07:00:00-05:00,1989-06-28,,EX,31.0,-93.7,30,1006.0,Tropical Depression,477.9
AL021989,ALLISON,1989-06-28T18:00:00+00:00,1989-06-28T13:00:00-05:00,1989-06-28,,EX,30.6,-93.8,25,1007.0,Tropical Depression,482.12
AL041989,CHANTAL,1989-07-31T00:00:00+00:00,1989-07-30T19:00:00-05:00,1989-07-30,,TD,24.4,-90.5,30,1009.0,Tropical Depression,492.1
AL041989,CHANTAL,1989-07-31T06:00:00+00:00,1989-07-31T01:00:00-05:00,1989-07-31,,TS,25.4,-91.0,35,1004.0,Tropical Storm,458.56
AL041989,CHANTAL,1989-07-31T12:00:00+00:00,1989-07-31T07:00:00-05:00,1989-07-31,,TS,26.2,-91.7,50,995.0,Tropical Storm,453.5
AL041989,CHANTAL,1989-07-31T18:00:00+00:00,1989-07-31T13:00:00-05:00,1989-07-31,,TS,27.1,-92.2,55,993.0,Tropical Storm,444.51
AL041989,CHANTAL,1989-08-01T00:00:00+00:00,1989-07-31T19:00:00-05:00,1989-07-31,,HU,27.9,-92.8,65,991.0,Category 1,453.9
AL041989,CHANTAL,1989-08-01T06:00:00+00:00,1989-08-01T01:00:00-05:00,1989-08-01,,HU,28.7,-93.5,70,987.0,Category 1,477.8
AL111989,HUGO,1989-09-21T18:00:00+00:00,1989-09-21T13:00:00-05:00,1989-09-21,,HU,30.2,-77.5,120,944.0,Category 4,491.57
AL111989,HUGO,1989-09-22T00:00:00+00:00,1989-09-21T19:00:00-05:00,1989-09-21,,HU,31.7,-78.8,120,935.0,Category 4,424.88
AL111989,HUGO,1989-09-22T04:00:00+00:00,1989-09-21T23:00:00-05:00,1989-09-21,L,HU,32.8,-79.8,120,934.0,Category 4,395.25
AL111989,HUGO,1989-09-22T06:00:00+00:00,1989-09-22T01:00:00-05:00,1989-09-22,,HU,33.5,-80.3,85,952.0,Category 2,394.89
AL111989,HUGO,1989-09-22T12:00:00+00:00,1989-09-22T07:00:00-05:00,1989-09-22,,TS,35.9,-81.7,55,975.0,Tropical Storm,462.19
AL011990,UNNAMED,1990-05-26T00:00:00+00:00,1990-05-25T19:00:00-05:00,1990-05-25,,TD,24.0,-82.2,25,,Tropical Depression,475.59
AL011990,UNNAMED,1990-05-26T06:00:00+00:00,1990-05-26T01:00:00-05:00,1990-05-26,,TD,24.0,-82.2,25,,Tropical Depression,475.59
AL151990,MARCO,1990-10-10T06:00:00+00:00,1990-10-10T01:00:00-05:00,1990-10-10,,TS,24.1,-82.0,35,996.0,Tropical Storm,475.21
AL151990,MARCO,1990-10-10T12:00:00+00:00,1990-10-10T07:00:00-05:00,1990-10-10,,TS,24.6,-82.4,40,998.0,Tropical Storm,432.92
AL151990,MARCO,1990-10-10T18:00:00+00:00,1990-10-10T13:00:00-05:00,1990-10-10,,TS,25.2,-82.5,45,994.0,Tropical Storm,393.47
AL151990,MARCO,1990-10-11T00:00:00+00:00,1990-10-10T19:00:00-05:00,1990-10-10,,TS,26.0,-82.6,50,993.0,Tropical Storm,342.96
AL151990,MARCO,1990-10-11T06:00:00+00:00,1990-10-11T01:00:00-05:00,1990-10-11,,TS,26.7,-82.6,55,989.0,Tropical Storm,303.58
AL151990,MARCO,1990-10-11T12:00:00+00:00,1990-10-11T07:00:00-05:00,1990-10-11,,TS,27.5,-82.8,50,994.0,Tropical Storm,253.67
AL151990,MARCO,1990-10-11T18:00:00+00:00,1990-10-11T13:00:00-05:00,1990-10-11,,TS,28.3,-83.0,40,998.0,Tropical Storm,207.36
AL151990,MARCO,1990-10-12T00:00:00+00:00,1990-10-11T19:00:00-05:00,1990-10-11,,TD,29.1,-83.1,30,999.0,Tropical Depression,173.12
AL151990,MARCO,1990-10-12T06:00:00+00:00,1990-10-12T01:00:00-05:00,1990-10-12,,TD,30.7,-83.0,20,1004.0,Tropical Depression,167.45
AL151990,MARCO,1990-10-12T12:00:00+00:00,1990-10-12T07:00:00-05:00,1990-10-12,,EX,32.0,-83.0,20,1005.0,Tropical Depression,207.09
AL151990,MARCO,1990-10-12T18:00:00+00:00,1990-10-12T13:00:00-05:00,1990-10-12,,EX,33.2,-82.6,15,1005.0,Tropical Depression,281.08
AL151990,MARCO,1990-10-13T00:00:00+00:00,1990-10-12T19:00:00-05:00,1990-10-12,,EX,33.7,-81.9,15,1006.0,Tropical Depression,333.81
AL151990,MARCO,1990-10-13T06:00:00+00:00,1990-10-13T01:00:00-05:00,1990-10-13,,EX,33.8,-81.5,15,1007.0,Tropical Depression,354.83
AL151990,MARCO,1990-10-13T12:00:00+00:00,1990-10-13T07:00:00-05:00,1990-10-13,,EX,34.0,-81.0,15,1007.0,Tropical Depression,385.12
AL011991,ANA,1991-06-30T00:00:00+00:00,1991-06-29T19:00:00-05:00,1991-06-29,,LO,25.9,-80.0,20,1012.0,Tropical Depression,455.26
AL011991,ANA,1991-06-30T06:00:00+00:00,1991-06-30T01:00:00-05:00,1991-06-30,,LO,26.0,-80.9,20,1012.0,Tropical Depression,409.72
AL011991,ANA,1991-06-30T12:00:00+00:00,1991-06-30T07:00:00-05:00,1991-06-30,,LO,26.2,-81.8,20,1012.0,Tropical Depression,361.67
AL011991,ANA,1991-06-30T18:00:00+00:00,1991-06-30T13:00:00-05:00,1991-06-30,,LO,26.7,-82.4,20,1012.0,Tropical Depression,311.33
AL011991,ANA,1991-07-01T00:00:00+00:00,1991-06-30T19:00:00-05:00,1991-06-30,,LO,27.3,-82.7,20,1012.0,Tropical Depression,267.95
AL011991,ANA,1991-07-01T06:00:00+00:00,1991-07-01T01:00:00-05:00,1991-07-01,,LO,28.0,-82.7,20,1012.0,Tropical Depression,234.59
AL011991,ANA,1991-07-01T12:00:00+00:00,1991-07-01T07:00:00-05:00,1991-07-01,,LO,28.7,-82.5,20,1012.0,Tropical Depression,217.9
AL011991,ANA,1991-07-01T18:00:00+00:00,1991-07-01T13:00:00-05:00,1991-07-01,,LO,29.3,-82.2,20,1012.0,Tropical Depression,219.36
AL011991,ANA,1991-07-02T00:00:00+00:00,1991-07-01T19:00:00-05:00,1991-07-01,,LO,29.9,-81.6,20,1012.0,Tropical Depression,247.57
AL011991,ANA,1991-07-02T06:00:00+00:00,1991-07-02T01:00:00-05:00,1991-07-02,,LO,30.4,-81.0,20,1012.0,Tropical Depression,282.89
AL011991,ANA,1991-07-02T12:00:00+00:00,1991-07-02T07:00:00-05:00,1991-07-02,,LO,30.9,-80.3,20,1012.0,Tropical Depression,327.59
AL011991,ANA,1991-07-02T18:00:00+00:00,1991-07-02T13:00:00-05:00,1991-07-02,,TD,31.3,-79.7,25,1012.0,Tropical Depression,367.23
AL011991,ANA,1991-07-03T00:00:00+00:00,1991-07-02T19:00:00-05:00,1991-07-02,,TD,31.5,-79.0,25,1011.0,Tropical Depression,410.43
AL091991,FABIAN,1991-10-16T12:00:00+00:00,1991-10-16T07:00:00-05:00,1991-10-16,,TS,25.2,-79.8,40,1007.0,Tropical Storm,497.3
AL021992,UNNAMED,1992-06-25T12:00:00+00:00,1992-06-25T07:00:00-05:00,1992-06-25,,TD,24.5,-85.5,25,1009.0,Tropical Depression,388.91
AL021992,UNNAMED,1992-06-25T18:00:00+00:00,1992-06-25T13:00:00-05:00,1992-06-25,,TD,25.7,-85.5,30,1007.0,Tropical Depression,306.06
AL021992,UNNAMED,1992-06-26T00:00:00+00:00,1992-06-25T19:00:00-05:00,1992-06-25,,TD,27.0,-84.5,30,1007.0,Tropical Depression,228.45
AL021992,UNNAMED,1992-06-26T06:00:00+00:00,1992-06-26T01:00:00-05:00,1992-06-26,,TD,27.6,-84.0,30,1007.0,Tropical Depression,203.45
AL021992,UNNAMED,1992-06-26T12:00:00+00:00,1992-06-26T07:00:00-05:00,1992-06-26,,TD,28.5,-82.9,30,1007.0,Tropical Depression,204.13
AL041992,ANDREW,1992-08-24T08:40:00+00:00,1992-08-24T03:40:00-05:00,1992-08-24,L,HU,25.5,-80.2,145,926.0,Category 5,464.96
AL041992,ANDREW,1992-08-24T09:05:00+00:00,1992-08-24T04:05:00-05:00,1992-08-24,L,HU,25.5,-80.3,145,922.0,Category 5,460.55
AL041992,ANDREW,1992-08-24T12:00:00+00:00,1992-08-24T07:00:00-05:00,1992-08-24,,HU,25.6,-81.2,115,951.0,Category 4,417.41
AL041992,ANDREW,1992-08-24T18:00:00+00:00,1992-08-24T13:00:00-05:00,1992-08-24,,HU,25.8,-83.1,115,947.0,Category 4,339.17
AL041992,ANDREW,1992-08-25T00:00:00+00:00,1992-08-24T19:00:00-05:00,1992-08-24,,HU,26.2,-85.0,115,943.0,Category 4,274.81
AL041992,ANDREW,1992-08-25T06:00:00+00:00,1992-08-25T01:00:00-05:00,1992-08-25,,HU,26.6,-86.7,115,948.0,Category 4,250.59
AL041992,ANDREW,1992-08-25T12:00:00+00:00,1992-08-25T07:00:00-05:00,1992-08-25,,HU,27.2,-88.2,120,946.0,Category 4,251.51
AL041992,ANDREW,1992-08-25T18:00:00+00:00,1992-08-25T13:00:00-05:00,1992-08-25,,HU,27.8,-89.6,125,941.0,Category 4,283.76
AL041992,ANDREW,1992-08-26T00:00:00+00:00,1992-08-25T19:00:00-05:00,1992-08-25,,HU,28.5,-90.5,125,937.0,Category 4,308.5
AL041992,ANDREW,1992-08-26T06:00:00+00:00,1992-08-26T01:00:00-05:00,1992-08-26,,HU,29.2,-91.3,120,955.0,Category 4,340.43
AL041992,ANDREW,1992-08-26T08:30:00+00:00,1992-08-26T03:30:00-05:00,1992-08-26,L,HU,29.6,-91.5,100,956.0,Category 3,347.59
AL041992,ANDREW,1992-08-26T12:00:00+00:00,1992-08-26T07:00:00-05:00,1992-08-26,,HU,30.1,-91.7,80,973.0,Category 1,356.78
AL041992,ANDREW,1992-08-26T18:00:00+00:00,1992-08-26T13:00:00-05:00,1992-08-26,,TS,30.9,-91.6,50,991.0,Tropical Storm,353.45
AL041992,ANDREW,1992-08-27T00:00:00+00:00,1992-08-26T19:00:00-05:00,1992-08-26,,TS,31.5,-91.1,35,995.0,Tropical Storm,332.48
AL041992,ANDREW,1992-08-27T06:00:00+00:00,1992-08-27T01:00:00-05:00,1992-08-27,,TD,32.1,-90.5,30,997.0,Tropical Depression,313.39
AL041992,ANDREW,1992-08-27T12:00:00+00:00,1992-08-27T07:00:00-05:00,1992-08-27,,TD,32.8,-89.6,30,998.0,Tropical Depression,293.52
AL041992,ANDREW,1992-08-27T18:00:00+00:00,1992-08-27T13:00:00-05:00,1992-08-27,,TD,33.6,-88.4,25,999.0,Tropical Depression,286.67
AL041992,ANDREW,1992-08-28T00:00:00+00:00,1992-08-27T19:00:00-05:00,1992-08-27,,TD,34.4,-86.7,20,1000.0,Tropical Depression,300.76
AL041992,ANDREW,1992-08-28T06:00:00+00:00,1992-08-28T01:00:00-05:00,1992-08-28,,TD,35.4,-84.0,20,1000.0,Tropical Depression,378.05
AL091992,EARL,1992-09-28T12:00:00+00:00,1992-09-28T07:00:00-05:00,1992-09-28,,TD,28.6,-78.6,30,1004.0,Tropical Depression,442.0
AL091992,EARL,1992-09-28T18:00:00+00:00,1992-09-28T13:00:00-05:00,1992-09-28,,TD,28.9,-79.2,30,1004.0,Tropical Depression,401.59
AL091992,EARL,1992-09-29T00:00:00+00:00,1992-09-28T19:00:00-05:00,1992-09-28,,TD,29.2,-79.4,30,1004.0,Tropical Depression,385.33
AL091992,EARL,1992-09-29T06:00:00+00:00,1992-09-29T01:00:00-05:00,1992-09-29,,TD,29.4,-79.5,30,1003.0,Tropical Depression,376.96
AL091992,EARL,1992-09-29T12:00:00+00:00,1992-09-29T07:00:00-05:00,1992-09-29,,TS,29.7,-79.3,35,1003.0,Tropical Storm,386.15
AL091992,EARL,1992-09-29T18:00:00+00:00,1992-09-29T13:00:00-05:00,1992-09-29,,TS,29.8,-79.1,40,1003.0,Tropical Storm,397.45
AL091992,EARL,1992-09-30T00:00:00+00:00,1992-09-29T19:00:00-05:00,1992-09-29,,TS,29.9,-78.8,40,1002.0,Tropical Storm,414.84
AL091992,EARL,1992-09-30T06:00:00+00:00,1992-09-30T01:00:00-05:00,1992-09-30,,TS,30.0,-78.1,40,1000.0,Tropical Storm,456.26
AL011994,ALBERTO,1994-07-01T18:00:00+00:00,1994-07-01T13:00:00-05:00,1994-07-01,,TD,23.0,-86.7,30,1007.0,Tropical Depression,495.92
AL011994,ALBERTO,1994-07-02T00:00:00+00:00,1994-07-01T19:00:00-05:00,1994-07-01,,TS,23.7,-87.1,35,1006.0,Tropical Storm,451.86
AL011994,ALBERTO,1994-07-02T06:00:00+00:00,1994-07-02T01:00:00-05:00,1994-07-02,,TS,24.4,-87.5,35,1005.0,Tropical Storm,410.2
AL011994,ALBERTO,1994-07-02T12:00:00+00:00,1994-07-02T07:00:00-05:00,1994-07-02,,TS,25.5,-87.5,40,1003.0,Tropical Storm,337.35
AL011994,ALBERTO,1994-07-02T18:00:00+00:00,1994-07-02T13:00:00-05:00,1994-07-02,,TS,26.5,-86.9,45,1000.0,Tropical Storm,260.37
AL011994,ALBERTO,1994-07-03T00:00:00+00:00,1994-07-02T19:00:00-05:00,1994-07-02,,TS,27.7,-86.8,45,998.0,Tropical Storm,179.61
AL011994,ALBERTO,1994-07-03T06:00:00+00:00,1994-07-03T01:00:00-05:00,1994-07-03,,TS,28.8,-86.8,50,997.0,Tropical Storm,111.91
AL011994,ALBERTO,1994-07-03T12:00:00+00:00,1994-07-03T07:00:00-05:00,1994-07-03,,TS,29.9,-86.7,55,993.0,Tropical Storm,60.08
AL011994,ALBERTO,1994-07-03T15:00:00+00:00,1994-07-03T10:00:00-05:00,1994-07-03,L,TS,30.4,-86.5,55,993.0,Tropical Storm,49.73
AL011994,ALBERTO,1994-07-03T18:00:00+00:00,1994-07-03T13:00:00-05:00,1994-07-03,,TS,30.7,-86.3,45,1000.0,Tropical Storm,52.27
AL011994,ALBERTO,1994-07-04T00:00:00+00:00,1994-07-03T19:00:00-05:00,1994-07-03,,TD,31.2,-86.1,25,1004.0,Tropical Depression,77.46
AL011994,ALBERTO,1994-07-04T06:00:00+00:00,1994-07-04T01:00:00-05:00,1994-07-04,,TD,31.7,-85.9,20,1009.0,Tropical Depression,109.29
AL011994,ALBERTO,1994-07-04T12:00:00+00:00,1994-07-04T07:00:00-05:00,1994-07-04,,TD,32.3,-85.5,20,1011.0,Tropical Depression,150.89
AL011994,ALBERTO,1994-07-04T18:00:00+00:00,1994-07-04T13:00:00-05:00,1994-07-04,,TD,32.7,-85.2,20,1014.0,Tropical Depression,180.64
AL011994,ALBERTO,1994-07-05T00:00:00+00:00,1994-07-04T19:00:00-05:00,1994-07-04,,TD,33.0,-85.0,20,1014.0,Tropical Depression,203.24
AL011994,ALBERTO,1994-07-05T06:00:00+00:00,1994-07-05T01:00:00-05:00,1994-07-05,,TD,33.2,-84.9,20,1013.0,Tropical Depression,217.99
AL011994,ALBERTO,1994-07-05T12:00:00+00:00,1994-07-05T07:00:00-05:00,1994-07-05,,TD,33.3,-84.8,20,1013.0,Tropical Depression,226.08
AL011994,ALBERTO,1994-07-05T18:00:00+00:00,1994-07-05T13:00:00-05:00,1994-07-05,,TD,33.5,-84.6,20,1012.0,Tropical Depression,242.44
AL011994,ALBERTO,1994-07-06T00:00:00+00:00,1994-07-05T19:00:00-05:00,1994-07-05,,TD,33.4,-84.4,15,1013.0,Tropical Depression,239.38
AL011994,ALBERTO,1994-07-06T06:00:00+00:00,1994-07-06T01:00:00-05:00,1994-07-06,,TD,33.3,-84.5,15,1013.0,Tropical Depression,230.97
AL011994,ALBERTO,1994-07-06T12:00:00+00:00,1994-07-06T07:00:00-05:00,1994-07-06,,TD,33.1,-84.8,15,1013.0,Tropical Depression,212.71
AL011994,ALBERTO,1994-07-06T18:00:00+00:00,1994-07-06T13:00:00-05:00,1994-07-06,,TD,32.8,-85.4,15,1013.0,Tropical Depression,185.84
AL011994,ALBERTO,1994-07-07T00:00:00+00:00,1994-07-06T19:00:00-05:00,1994-07-06,,TD,32.7,-86.3,10,1012.0,Tropical Depression,181.06
AL011994,ALBERTO,1994-07-07T06:00:00+00:00,1994-07-07T01:00:00-05:00,1994-07-07,,TD,32.7,-86.6,10,1012.0,Tropical Depression,185.16
AL011994,ALBERTO,1994-07-07T12:00:00+00:00,1994-07-07T07:00:00-05:00,1994-07-07,,TD,32.8,-86.8,10,1012.0,Tropical Depression,195.28
AL011994,ALBERTO,1994-07-07T18:00:00+00:00,1994-07-07T13:00:00-05:00,1994-07-07,,TD,33.0,-87.0,10,1013.0,Tropical Depression,212.24
AL021994,UNNAMED,1994-07-20T06:00:00+00:00,1994-07-20T01:00:00-05:00,1994-07-20,,TD,32.2,-78.9,25,1017.0,Tropical Depression,428.4
AL021994,UNNAMED,1994-07-20T12:00:00+00:00,1994-07-20T07:00:00-05:00,1994-07-20,,TD,33.0,-79.1,30,1015.0,Tropical Depression,437.83
AL021994,UNNAMED,1994-07-20T14:00:00+00:00,1994-07-20T09:00:00-05:00,1994-07-20,L,TD,33.2,-79.2,30,1015.0,Tropical Depression,438.74
AL021994,UNNAMED,1994-07-20T18:00:00+00:00,1994-07-20T13:00:00-05:00,1994-07-20,,TD,33.7,-79.7,25,1016.0,Tropical Depression,431.24
AL021994,UNNAMED,1994-07-21T00:00:00+00:00,1994-07-20T19:00:00-05:00,1994-07-20,,TD,34.4,-80.5,20,1016.0,Tropical Depression,424.86
AL021994,UNNAMED,1994-07-21T06:00:00+00:00,1994-07-21T01:00:00-05:00,1994-07-21,,TD,35.2,-81.0,15,1016.0,Tropical Depression,445.57
AL031994,BERYL,1994-08-14T12:00:00+00:00,1994-08-14T07:00:00-05:00,1994-08-14,,TD,28.7,-87.2,20,1013.0,Tropical Depression,132.37
AL031994,BERYL,1994-08-14T18:00:00+00:00,1994-08-14T13:00:00-05:00,1994-08-14,,TD,29.4,-87.3,25,1012.0,Tropical Depression,106.66
AL031994,BERYL,1994-08-15T00:00:00+00:00,1994-08-14T19:00:00-05:00,1994-08-14,,TD,29.5,-86.3,25,1009.0,Tropical Depression,55.07
AL031994,BERYL,1994-08-15T06:00:00+00:00,1994-08-15T01:00:00-05:00,1994-08-15,,TD,29.6,-85.9,30,1008.0,Tropical Depression,37.68
AL031994,BERYL,1994-08-15T12:00:00+00:00,1994-08-15T07:00:00-05:00,1994-08-15,,TS,29.7,-85.6,35,1007.0,Tropical Storm,30.38
AL031994,BERYL,1994-08-15T18:00:00+00:00,1994-08-15T13:00:00-05:00,1994-08-15,,TS,29.9,-85.7,45,1004.0,Tropical Storm,15.65
AL031994,BERYL,1994-08-16T00:00:00+00:00,1994-08-15T19:00:00-05:00,1994-08-15,L,TS,30.0,-85.6,50,1000.0,Tropical Storm,11.62
AL031994,BERYL,1994-08-16T03:00:00+00:00,1994-08-15T22:00:00-05:00,1994-08-15,I,TS,30.2,-85.4,50,999.0,Tropical Storm,20.38
AL031994,BERYL,1994-08-16T06:00:00+00:00,1994-08-16T01:00:00-05:00,1994-08-16,,TS,30.4,-85.3,50,1003.0,Tropical Storm,31.93
AL031994,BERYL,1994-08-16T12:00:00+00:00,1994-08-16T07:00:00-05:00,1994-08-16,,TD,31.3,-85.0,30,1004.0,Tropical Depression,92.04
AL031994,BERYL,1994-08-16T18:00:00+00:00,1994-08-16T13:00:00-05:00,1994-08-16,,TD,32.3,-84.5,25,1005.0,Tropical Depression,166.93
AL031994,BERYL,1994-08-17T00:00:00+00:00,1994-08-16T19:00:00-05:00,1994-08-16,,TD,33.3,-83.9,20,1005.0,Tropical Depression,244.31
AL031994,BERYL,1994-08-17T06:00:00+00:00,1994-08-17T01:00:00-05:00,1994-08-17,,TD,34.3,-83.5,15,1006.0,Tropical Depression,316.53
AL031994,BERYL,1994-08-17T12:00:00+00:00,1994-08-17T07:00:00-05:00,1994-08-17,,TD,35.5,-82.6,15,1009.0,Tropical Depression,413.4
AL101994,UNNAMED,1994-09-30T12:00:00+00:00,1994-09-30T07:00:00-05:00,1994-09-30,,TD,23.0,-85.5,30,1005.0,Tropical Depression,492.5
AL101994,UNNAMED,1994-09-30T18:00:00+00:00,1994-09-30T13:00:00-05:00,1994-09-30,,TD,24.0,-86.0,25,1006.0,Tropical Depression,423.52
AL121994,GORDON,1994-11-15T12:00:00+00:00,1994-11-15T06:00:00-06:00,1994-11-15,,TS,24.5,-81.6,45,999.0,Tropical Storm,463.93
AL121994,GORDON,1994-11-15T13:00:00+00:00,1994-11-15T07:00:00-06:00,1994-11-15,L,TS,24.6,-81.7,45,999.0,Tropical Storm,454.74
AL121994,GORDON,1994-11-15T18:00:00+00:00,1994-11-15T12:00:00-06:00,1994-11-15,,TS,24.9,-82.1,45,998.0,Tropical Storm,423.97
AL121994,GORDON,1994-11-16T00:00:00+00:00,1994-11-15T18:00:00-06:00,1994-11-15,,TS,25.4,-82.5,45,998.0,Tropical Storm,381.49
AL121994,GORDON,1994-11-16T06:00:00+00:00,1994-11-16T00:00:00-06:00,1994-11-16,,TS,25.7,-82.4,45,997.0,Tropical Storm,367.11
AL121994,GORDON,1994-11-16T12:00:00+00:00,1994-11-16T06:00:00-06:00,1994-11-16,,TS,26.4,-82.0,45,995.0,Tropical Storm,343.12
AL121994,GORDON,1994-11-16T13:00:00+00:00,1994-11-16T07:00:00-06:00,1994-11-16,L,TS,26.5,-81.9,45,996.0,Tropical Storm,342.01
AL121994,GORDON,1994-11-16T18:00:00+00:00,1994-11-16T12:00:00-06:00,1994-11-16,,TS,27.1,-81.4,45,995.0,Tropical Storm,335.6
AL121994,GORDON,1994-11-17T00:00:00+00:00,1994-11-16T18:00:00-06:00,1994-11-16,,TS,28.0,-80.0,55,993.0,Tropical Storm,375.85
AL121994,GORDON,1994-11-17T06:00:00+00:00,1994-11-17T00:00:00-06:00,1994-11-17,,TS,29.0,-78.5,55,989.0,Tropical Storm,441.33
AL121994,GORDON,1994-11-20T18:00:00+00:00,1994-11-20T12:00:00-06:00,1994-11-20,,TD,28.2,-78.6,25,1009.0,Tropical Depression,450.18
AL121994,GORDON,1994-11-21T00:00:00+00:00,1994-11-20T18:00:00-06:00,1994-11-20,,TD,28.2,-79.8,25,1010.0,Tropical Depression,381.64
AL121994,GORDON,1994-11-21T03:00:00+00:00,1994-11-20T21:00:00-06:00,1994-11-20,L,TD,28.5,-80.6,25,1011.0,Tropical Depression,328.79
AL121994,GORDON,1994-11-21T06:00:00+00:00,1994-11-21T00:00:00-06:00,1994-11-21,,TD,29.2,-81.5,20,1012.0,Tropical Depression,261.86
AL121994,GORDON,1994-11-21T12:00:00+00:00,1994-11-21T06:00:00-06:00,1994-11-21,,TD,31.3,-81.8,20,1013.0,Tropical Depression,247.15
AL121994,GORDON,1994-11-21T18:00:00+00:00,1994-11-21T12:00:00-06:00,1994-11-21,,TD,34.1,-79.8,20,1013.0,Tropical Depression,442.41
AL011995,ALLISON,1995-06-04T06:00:00+00:00,1995-06-04T01:00:00-05:00,1995-06-04,,TS,23.3,-86.3,60,995.0,Tropical Storm,472.87
AL011995,ALLISON,1995-06-04T12:00:00+00:00,1995-06-04T07:00:00-05:00,1995-06-04,,HU,24.7,-86.2,65,987.0,Category 1,375.94
AL011995,ALLISON,1995-06-04T18:00:00+00:00,1995-06-04T13:00:00-05:00,1995-06-04,,HU,26.2,-86.2,65,988.0,Category 1,272.7
AL011995,ALLISON,1995-06-05T00:00:00+00:00,1995-06-04T19:00:00-05:00,1995-06-04,,HU,27.6,-86.1,65,988.0,Category 1,175.89
AL011995,ALLISON,1995-06-05T06:00:00+00:00,1995-06-05T01:00:00-05:00,1995-06-05,,TS,28.5,-85.6,60,990.0,Tropical Storm,112.55
AL011995,ALLISON,1995-06-05T12:00:00+00:00,1995-06-05T07:00:00-05:00,1995-06-05,,TS,29.6,-84.7,60,990.0,Tropical Storm,71.59
AL011995,ALLISON,1995-06-05T14:00:00+00:00,1995-06-05T09:00:00-05:00,1995-06-05,L,TS,29.9,-84.4,60,991.0,Tropical Storm,81.08
AL011995,ALLISON,1995-06-05T15:00:00+00:00,1995-06-05T10:00:00-05:00,1995-06-05,L,TS,30.1,-84.2,55,991.0,Tropical Storm,91.46
AL011995,ALLISON,1995-06-05T18:00:00+00:00,1995-06-05T13:00:00-05:00,1995-06-05,,TS,30.7,-83.8,45,993.0,Tropical Storm,121.67
AL011995,ALLISON,1995-06-06T00:00:00+00:00,1995-06-05T19:00:00-05:00,1995-06-05,,TD,31.8,-82.8,30,993.0,Tropical Depression,208.62
AL011995,ALLISON,1995-06-06T06:00:00+00:00,1995-06-06T01:00:00-05:00,1995-06-06,,EX,32.7,-81.5,35,994.0,Tropical Storm,306.33
AL011995,ALLISON,1995-06-06T12:00:00+00:00,1995-06-06T07:00:00-05:00,1995-06-06,,EX,33.6,-80.0,35,995.0,Tropical Storm,413.05
AL041995,DEAN,1995-07-28T18:00:00+00:00,1995-07-28T13:00:00-05:00,1995-07-28,,TD,26.2,-86.6,25,1009.0,Tropical Depression,276.32
AL041995,DEAN,1995-07-29T00:00:00+00:00,1995-07-28T19:00:00-05:00,1995-07-28,,TD,26.1,-87.3,30,1008.0,Tropical Depression,294.09
AL041995,DEAN,1995-07-29T06:00:00+00:00,1995-07-29T01:00:00-05:00,1995-07-29,,TD,26.2,-87.9,30,1008.0,Tropical Depression,301.67
AL041995,DEAN,1995-07-29T12:00:00+00:00,1995-07-29T07:00:00-05:00,1995-07-29,,TD,26.3,-88.3,30,1008.0,Tropical Depression,307.1
AL041995,DEAN,1995-07-29T18:00:00+00:00,1995-07-29T13:00:00-05:00,1995-07-29,,TD,26.5,-89.4,30,1007.0,Tropical Depression,335.46
AL041995,DEAN,1995-07-30T00:00:00+00:00,1995-07-29T19:00:00-05:00,1995-07-29,,TD,26.9,-90.6,30,1007.0,Tropical Depression,370.16
AL041995,DEAN,1995-07-30T06:00:00+00:00,1995-07-30T01:00:00-05:00,1995-07-30,,TD,27.6,-91.7,30,1006.0,Tropical Depression,401.09
AL041995,DEAN,1995-07-30T12:00:00+00:00,1995-07-30T07:00:00-05:00,1995-07-30,,TD,28.1,-93.0,30,1005.0,Tropical Depression,460.51
AL051995,ERIN,1995-08-02T00:00:00+00:00,1995-08-01T19:00:00-05:00,1995-08-01,,HU,26.9,-79.0,75,982.0,Category 1,465.27
AL051995,ERIN,1995-08-02T06:00:00+00:00,1995-08-02T01:00:00-05:00,1995-08-02,,HU,27.7,-80.4,75,985.0,Category 1,363.24
AL051995,ERIN,1995-08-02T06:15:00+00:00,1995-08-02T01:15:00-05:00,1995-08-02,L,HU,27.7,-80.3,75,984.0,Category 1,368.62
AL051995,ERIN,1995-08-02T12:00:00+00:00,1995-08-02T07:00:00-05:00,1995-08-02,,TS,28.2,-81.9,50,990.0,Tropical Storm,266.6
AL051995,ERIN,1995-08-02T18:00:00+00:00,1995-08-02T13:00:00-05:00,1995-08-02,,TS,28.6,-83.4,60,988.0,Tropical Storm,175.46
AL051995,ERIN,1995-08-03T00:00:00+00:00,1995-08-02T19:00:00-05:00,1995-08-02,,HU,28.8,-84.7,65,985.0,Category 1,110.55
AL051995,ERIN,1995-08-03T06:00:00+00:00,1995-08-03T01:00:00-05:00,1995-08-03,,HU,29.3,-85.7,70,979.0,Category 1,57.03
AL051995,ERIN,1995-08-03T12:00:00+00:00,1995-08-03T07:00:00-05:00,1995-08-03,,HU,29.8,-86.6,80,974.0,Category 1,56.71
AL051995,ERIN,1995-08-03T13:30:00+00:00,1995-08-03T08:30:00-05:00,1995-08-03,I,HU,30.0,-86.8,85,973.0,Category 2,64.56
AL051995,ERIN,1995-08-03T16:00:00+00:00,1995-08-03T11:00:00-05:00,1995-08-03,L,HU,30.3,-87.2,75,973.0,Category 1,88.6
AL051995,ERIN,1995-08-03T18:00:00+00:00,1995-08-03T13:00:00-05:00,1995-08-03,,HU,30.6,-87.5,65,985.0,Category 1,110.51
AL051995,ERIN,1995-08-04T00:00:00+00:00,1995-08-03T19:00:00-05:00,1995-08-03,,TS,31.4,-88.5,45,997.0,Tropical Storm,186.56
AL051995,ERIN,1995-08-04T06:00:00+00:00,1995-08-04T01:00:00-05:00,1995-08-04,,TS,32.3,-89.1,35,1001.0,Tropical Storm,249.45
AL051995,ERIN,1995-08-04T12:00:00+00:00,1995-08-04T07:00:00-05:00,1995-08-04,,TD,33.2,-89.7,20,1003.0,Tropical Depression,315.62
AL051995,ERIN,1995-08-04T18:00:00+00:00,1995-08-04T13:00:00-05:00,1995-08-04,,TD,34.1,-90.2,20,1003.0,Tropical Depression,379.2
AL051995,ERIN,1995-08-05T00:00:00+00:00,1995-08-04T19:00:00-05:00,1995-08-04,,TD,34.8,-90.2,20,1003.0,Tropical Depression,414.91
AL051995,ERIN,1995-08-05T06:00:00+00:00,1995-08-05T01:00:00-05:00,1995-08-05,,TD,35.4,-90.1,20,1003.0,Tropical Depression,444.07
AL051995,ERIN,1995-08-05T12:00:00+00:00,1995-08-05T07:00:00-05:00,1995-08-05,,TD,36.3,-89.8,20,1003.0,Tropical Depression,487.09
AL111995,JERRY,1995-08-23T12:00:00+00:00,1995-08-23T07:00:00-05:00,1995-08-23,,TS,26.4,-79.7,35,1008.0,Tropical Storm,448.09
AL111995,JERRY,1995-08-23T18:00:00+00:00,1995-08-23T13:00:00-05:00,1995-08-23,L,TS,27.0,-80.2,35,1006.0,Tropical Storm,398.95
AL111995,JERRY,1995-08-24T00:00:00+00:00,1995-08-23T19:00:00-05:00,1995-08-23,,TS,27.3,-80.5,35,1005.0,Tropical Storm,372.14
AL111995,JERRY,1995-08-24T06:00:00+00:00,1995-08-24T01:00:00-05:00,1995-08-24,,TS,27.7,-81.1,35,1005.0,Tropical Storm,326.28
AL111995,JERRY,1995-08-24T12:00:00+00:00,1995-08-24T07:00:00-05:00,1995-08-24,,TS,28.4,-81.8,35,1004.0,Tropical Storm,265.15
AL111995,JERRY,1995-08-24T18:00:00+00:00,1995-08-24T13:00:00-05:00,1995-08-24,,TD,28.8,-82.6,30,1002.0,Tropical Depression,209.36
AL111995,JERRY,1995-08-25T00:00:00+00:00,1995-08-24T19:00:00-05:00,1995-08-24,,TD,29.0,-82.9,30,1002.0,Tropical Depression,186.99
AL111995,JERRY,1995-08-25T06:00:00+00:00,1995-08-25T01:00:00-05:00,1995-08-25,,TD,29.2,-83.3,30,1002.0,Tropical Depression,159.27
AL111995,JERRY,1995-08-25T12:00:00+00:00,1995-08-25T07:00:00-05:00,1995-08-25,,TD,29.8,-83.3,25,1004.0,Tropical Depression,147.18
AL111995,JERRY,1995-08-25T18:00:00+00:00,1995-08-25T13:00:00-05:00,1995-08-25,,TD,30.4,-83.2,25,1005.0,Tropical Depression,152.17
AL111995,JERRY,1995-08-26T00:00:00+00:00,1995-08-25T19:00:00-05:00,1995-08-25,,TD,30.7,-83.4,25,1005.0,Tropical Depression,144.41
AL111995,JERRY,1995-08-26T06:00:00+00:00,1995-08-26T01:00:00-05:00,1995-08-26,,TD,31.3,-83.7,20,1005.0,Tropical Depression,145.36
AL111995,JERRY,1995-08-26T12:00:00+00:00,1995-08-26T07:00:00-05:00,1995-08-26,,TD,31.8,-83.9,20,1005.0,Tropical Depression,158.58
AL111995,JERRY,1995-08-26T18:00:00+00:00,1995-08-26T13:00:00-05:00,1995-08-26,,TD,32.4,-84.0,20,1006.0,Tropical Depression,187.47
AL111995,JERRY,1995-08-27T00:00:00+00:00,1995-08-26T19:00:00-05:00,1995-08-26,,TD,33.0,-84.0,20,1006.0,Tropical Depression,223.22
AL111995,JERRY,1995-08-27T06:00:00+00:00,1995-08-27T01:00:00-05:00,1995-08-27,,TD,33.5,-83.9,20,1006.0,Tropical Depression,256.74
AL111995,JERRY,1995-08-27T12:00:00+00:00,1995-08-27T07:00:00-05:00,1995-08-27,,TD,33.8,-83.6,20,1006.0,Tropical Depression,282.93
AL111995,JERRY,1995-08-27T18:00:00+00:00,1995-08-27T13:00:00-05:00,1995-08-27,,TD,33.9,-83.0,20,1006.0,Tropical Depression,305.93
AL111995,JERRY,1995-08-28T00:00:00+00:00,1995-08-27T19:00:00-05:00,1995-08-27,,TD,33.8,-82.4,20,1006.0,Tropical Depression,320.23
AL171995,OPAL,1995-10-04T00:00:00+00:00,1995-10-03T19:00:00-05:00,1995-10-03,,HU,24.5,-90.1,100,953.0,Category 3,472.13
AL171995,OPAL,1995-10-04T06:00:00+00:00,1995-10-04T01:00:00-05:00,1995-10-04,,HU,25.9,-89.4,110,935.0,Category 3,367.81
AL171995,OPAL,1995-10-04T10:00:00+00:00,1995-10-04T05:00:00-05:00,1995-10-04,I,HU,26.6,-88.8,130,916.0,Category 4,306.82
AL171995,OPAL,1995-10-04T12:00:00+00:00,1995-10-04T07:00:00-05:00,1995-10-04,,HU,27.3,-88.5,130,919.0,Category 4,257.41
AL171995,OPAL,1995-10-04T18:00:00+00:00,1995-10-04T13:00:00-05:00,1995-10-04,,HU,29.0,-87.7,110,938.0,Category 3,141.63
AL171995,OPAL,1995-10-04T22:00:00+00:00,1995-10-04T17:00:00-05:00,1995-10-04,L,HU,30.3,-87.1,100,942.0,Category 3,82.69
AL171995,OPAL,1995-10-05T00:00:00+00:00,1995-10-04T19:00:00-05:00,1995-10-04,,HU,31.0,-86.8,80,950.0,Category 1,87.79
AL171995,OPAL,1995-10-05T06:00:00+00:00,1995-10-05T01:00:00-05:00,1995-10-05,,TS,33.2,-86.2,50,974.0,Tropical Storm,214.25
AL171995,OPAL,1995-10-05T12:00:00+00:00,1995-10-05T07:00:00-05:00,1995-10-05,,TD,35.4,-85.7,30,982.0,Tropical Depression,364.47
AL011996,ARTHUR,1996-06-18T00:00:00+00:00,1996-06-17T19:00:00-05:00,1996-06-17,,TD,27.7,-78.3,25,1010.0,Tropical Depression,479.47
AL011996,ARTHUR,1996-06-18T06:00:00+00:00,1996-06-18T01:00:00-05:00,1996-06-18,,TD,28.6,-78.8,25,1009.0,Tropical Depression,430.32
AL011996,ARTHUR,1996-06-18T12:00:00+00:00,1996-06-18T07:00:00-05:00,1996-06-18,,TD,29.7,-78.8,25,1008.0,Tropical Depression,416.01
AL011996,ARTHUR,1996-06-18T18:00:00+00:00,1996-06-18T13:00:00-05:00,1996-06-18,,TD,30.6,-78.7,30,1008.0,Tropical Depression,420.32
AL011996,ARTHUR,1996-06-19T00:00:00+00:00,1996-06-18T19:00:00-05:00,1996-06-18,,TS,31.5,-78.7,35,1004.0,Tropical Storm,427.76
AL011996,ARTHUR,1996-06-19T06:00:00+00:00,1996-06-19T01:00:00-05:00,1996-06-19,,TS,32.3,-78.6,35,1006.0,Tropical Storm,447.21
AL011996,ARTHUR,1996-06-19T12:00:00+00:00,1996-06-19T07:00:00-05:00,1996-06-19,,TS,33.2,-78.1,40,1005.0,Tropical Storm,496.29
AL021996,BERTHA,1996-07-11T12:00:00+00:00,1996-07-11T07:00:00-05:00,1996-07-11,,HU,29.2,-77.5,75,977.0,Category 1,498.12
AL021996,BERTHA,1996-07-11T18:00:00+00:00,1996-07-11T13:00:00-05:00,1996-07-11,,HU,30.0,-78.0,70,980.0,Category 1,462.24
AL021996,BERTHA,1996-07-12T00:00:00+00:00,1996-07-11T19:00:00-05:00,1996-07-11,,HU,30.7,-78.3,70,982.0,Category 1,444.42
AL021996,BERTHA,1996-07-12T06:00:00+00:00,1996-07-12T01:00:00-05:00,1996-07-12,,HU,31.2,-78.6,70,984.0,Category 1,430.14
AL021996,BERTHA,1996-07-12T12:00:00+00:00,1996-07-12T07:00:00-05:00,1996-07-12,,HU,32.2,-78.4,85,975.0,Category 2,456.35
AL061996,FRAN,1996-09-05T18:00:00+00:00,1996-09-05T13:00:00-05:00,1996-09-05,,HU,32.3,-77.8,100,952.0,Category 3,491.96
AL101996,JOSEPHINE,1996-10-07T00:00:00+00:00,1996-10-06T19:00:00-05:00,1996-10-06,,TS,25.5,-90.4,40,996.0,Tropical Storm,428.34
AL101996,JOSEPHINE,1996-10-07T06:00:00+00:00,1996-10-07T01:00:00-05:00,1996-10-07,,TS,25.9,-88.9,50,992.0,Tropical Storm,350.11
AL101996,JOSEPHINE,1996-10-07T12:00:00+00:00,1996-10-07T07:00:00-05:00,1996-10-07,,TS,26.9,-87.3,60,981.0,Tropical Storm,242.35
AL101996,JOSEPHINE,1996-10-07T18:00:00+00:00,1996-10-07T13:00:00-05:00,1996-10-07,,TS,28.2,-86.0,60,983.0,Tropical Storm,134.0
AL101996,JOSEPHINE,1996-10-08T00:00:00+00:00,1996-10-07T19:00:00-05:00,1996-10-07,,TS,29.3,-84.5,60,983.0,Tropical Storm,93.26
AL101996,JOSEPHINE,1996-10-08T03:30:00+00:00,1996-10-07T22:30:00-05:00,1996-10-07,L,TS,30.0,-83.9,60,983.0,Tropical Storm,109.77
AL101996,JOSEPHINE,1996-10-08T06:00:00+00:00,1996-10-08T01:00:00-05:00,1996-10-08,,EX,30.9,-82.3,45,990.0,Tropical Storm,211.07
AL101996,JOSEPHINE,1996-10-08T12:00:00+00:00,1996-10-08T07:00:00-05:00,1996-10-08,,EX,34.0,-79.0,45,988.0,Tropical Storm,476.23
AL051997,DANNY,1997-07-16T12:00:00+00:00,1997-07-16T07:00:00-05:00,1997-07-16,,TD,27.4,-92.6,25,1013.0,Tropical Depression,456.6
AL051997,DANNY,1997-07-16T18:00:00+00:00,1997-07-16T13:00:00-05:00,1997-07-16,,TD,27.5,-92.5,30,1013.0,Tropical Depression,448.08
AL051997,DANNY,1997-07-17T00:00:00+00:00,1997-07-16T19:00:00-05:00,1997-07-16,,TD,27.7,-92.3,30,1011.0,Tropical Depression,431.14
AL051997,DANNY,1997-07-17T06:00:00+00:00,1997-07-17T01:00:00-05:00,1997-07-17,,TD,27.9,-92.0,30,1007.0,Tropical Depression,408.77
AL051997,DANNY,1997-07-17T12:00:00+00:00,1997-07-17T07:00:00-05:00,1997-07-17,,TS,28.3,-91.4,40,1003.0,Tropical Storm,364.39
AL051997,DANNY,1997-07-17T18:00:00+00:00,1997-07-17T13:00:00-05:00,1997-07-17,,TS,28.6,-91.0,50,1002.0,Tropical Storm,334.34
AL051997,DANNY,1997-07-18T00:00:00+00:00,1997-07-17T19:00:00-05:00,1997-07-17,,TS,28.9,-90.2,55,997.0,Tropical Storm,281.76
AL051997,DANNY,1997-07-18T06:00:00+00:00,1997-07-18T01:00:00-05:00,1997-07-18,,HU,29.2,-89.9,65,992.0,Category 1,258.37
AL051997,DANNY,1997-07-18T09:00:00+00:00,1997-07-18T04:00:00-05:00,1997-07-18,L,HU,29.3,-89.7,65,989.0,Category 1,244.95
AL051997,DANNY,1997-07-18T12:00:00+00:00,1997-07-18T07:00:00-05:00,1997-07-18,,HU,29.5,-89.4,70,990.0,Category 1,224.2
AL051997,DANNY,1997-07-18T18:00:00+00:00,1997-07-18T13:00:00-05:00,1997-07-18,,HU,29.7,-89.0,70,988.0,Category 1,198.02
AL051997,DANNY,1997-07-19T00:00:00+00:00,1997-07-18T19:00:00-05:00,1997-07-18,,HU,29.8,-88.4,70,984.0,Category 1,161.39
AL051997,DANNY,1997-07-19T06:00:00+00:00,1997-07-19T01:00:00-05:00,1997-07-19,,HU,30.1,-88.1,65,987.0,Category 1,141.66
AL051997,DANNY,1997-07-19T10:00:00+00:00,1997-07-19T05:00:00-05:00,1997-07-19,L,HU,30.2,-88.1,70,984.0,Category 1,141.67
AL051997,DANNY,1997-07-19T12:00:00+00:00,1997-07-19T07:00:00-05:00,1997-07-19,,HU,30.3,-88.0,70,984.0,Category 1,136.07
AL051997,DANNY,1997-07-19T18:00:00+00:00,1997-07-19T13:00:00-05:00,1997-07-19,L,HU,30.4,-87.9,65,986.0,Category 1,130.89
AL051997,DANNY,1997-07-20T00:00:00+00:00,1997-07-19T19:00:00-05:00,1997-07-19,,TS,30.3,-87.6,60,991.0,Tropical Storm,112.31
AL051997,DANNY,1997-07-20T06:00:00+00:00,1997-07-20T01:00:00-05:00,1997-07-20,,TS,30.4,-87.5,45,998.0,Tropical Storm,107.32
AL051997,DANNY,1997-07-20T12:00:00+00:00,1997-07-20T07:00:00-05:00,1997-07-20,,TS,30.6,-87.4,35,1001.0,Tropical Storm,104.83
AL051997,DANNY,1997-07-20T18:00:00+00:00,1997-07-20T13:00:00-05:00,1997-07-20,,TD,30.8,-87.4,30,1004.0,Tropical Depression,109.85
AL051997,DANNY,1997-07-21T00:00:00+00:00,1997-07-20T19:00:00-05:00,1997-07-20,,TD,31.0,-87.5,25,1006.0,Tropical Depression,121.42
AL051997,DANNY,1997-07-21T06:00:00+00:00,1997-07-21T01:00:00-05:00,1997-07-21,,TD,31.3,-87.6,20,1009.0,Tropical Depression,137.58
AL051997,DANNY,1997-07-21T12:00:00+00:00,1997-07-21T07:00:00-05:00,1997-07-21,,TD,31.7,-87.6,20,1010.0,Tropical Depression,155.33
AL051997,DANNY,1997-07-21T18:00:00+00:00,1997-07-21T13:00:00-05:00,1997-07-21,,TD,32.1,-87.2,20,1011.0,Tropical Depression,161.81
AL051997,DANNY,1997-07-22T00:00:00+00:00,1997-07-21T19:00:00-05:00,1997-07-21,,TD,32.9,-87.1,20,1011.0,Tropical Depression,208.02
AL051997,DANNY,1997-07-22T06:00:00+00:00,1997-07-22T01:00:00-05:00,1997-07-22,,TD,33.2,-86.8,20,1012.0,Tropical Depression,221.58
AL051997,DANNY,1997-07-22T12:00:00+00:00,1997-07-22T07:00:00-05:00,1997-07-22,,TD,33.4,-86.6,20,1013.0,Tropical Depression,231.98
AL051997,DANNY,1997-07-22T18:00:00+00:00,1997-07-22T13:00:00-05:00,1997-07-22,,TD,33.7,-86.3,20,1013.0,Tropical Depression,249.26
AL051997,DANNY,1997-07-23T00:00:00+00:00,1997-07-22T19:00:00-05:00,1997-07-22,,TD,34.0,-86.0,20,1012.0,Tropical Depression,268.2
AL051997,DANNY,1997-07-23T06:00:00+00:00,1997-07-23T01:00:00-05:00,1997-07-23,,TD,34.1,-85.2,20,1012.0,Tropical Depression,276.39
AL051997,DANNY,1997-07-23T12:00:00+00:00,1997-07-23T07:00:00-05:00,1997-07-23,,TD,34.2,-84.5,20,1012.0,Tropical Depression,290.59
AL051997,DANNY,1997-07-23T18:00:00+00:00,1997-07-23T13:00:00-05:00,1997-07-23,,TD,34.3,-83.7,20,1012.0,Tropical Depression,311.9
AL051997,DANNY,1997-07-24T00:00:00+00:00,1997-07-23T19:00:00-05:00,1997-07-23,,TD,34.4,-82.4,20,1012.0,Tropical Depression,353.63
AL051997,DANNY,1997-07-24T06:00:00+00:00,1997-07-24T01:00:00-05:00,1997-07-24,,TD,34.6,-80.7,20,1010.0,Tropical Depression,426.22
AL051998,EARL,1998-09-02T00:00:00+00:00,1998-09-01T19:00:00-05:00,1998-09-01,,TS,26.8,-91.5,50,998.0,Tropical Storm,418.96
AL051998,EARL,1998-09-02T06:00:00+00:00,1998-09-02T01:00:00-05:00,1998-09-02,,TS,27.6,-90.4,50,996.0,Tropical Storm,332.05
AL051998,EARL,1998-09-02T12:00:00+00:00,1998-09-02T07:00:00-05:00,1998-09-02,,HU,28.2,-89.0,70,994.0,Category 1,237.92
AL051998,EARL,1998-09-02T18:00:00+00:00,1998-09-02T13:00:00-05:00,1998-09-02,,HU,28.7,-87.9,85,988.0,Category 2,163.55
AL051998,EARL,1998-09-03T00:00:00+00:00,1998-09-02T19:00:00-05:00,1998-09-02,,HU,29.4,-86.8,80,985.0,Category 1,81.41
AL051998,EARL,1998-09-03T06:00:00+00:00,1998-09-03T01:00:00-05:00,1998-09-03,L,HU,30.1,-85.7,70,987.0,Category 1,2.49
AL051998,EARL,1998-09-03T12:00:00+00:00,1998-09-03T07:00:00-05:00,1998-09-03,,TS,31.3,-84.0,45,990.0,Tropical Storm,130.96
AL051998,EARL,1998-09-03T18:00:00+00:00,1998-09-03T13:00:00-05:00,1998-09-03,,EX,32.4,-82.4,40,994.0,Tropical Storm,251.74
AL051998,EARL,1998-09-04T00:00:00+00:00,1998-09-03T19:00:00-05:00,1998-09-03,,EX,33.2,-80.5,40,994.0,Tropical Storm,373.73
AL051998,EARL,1998-09-04T06:00:00+00:00,1998-09-04T01:00:00-05:00,1998-09-04,,EX,34.5,-79.0,50,995.0,Tropical Storm,495.58
AL081998,HERMINE,1998-09-17T12:00:00+00:00,1998-09-17T07:00:00-05:00,1998-09-17,,TD,26.9,-90.3,30,1001.0,Tropical Depression,355.79
AL081998,HERMINE,1998-09-17T18:00:00+00:00,1998-09-17T13:00:00-05:00,1998-09-17,,TD,26.8,-91.6,30,1001.0,Tropical Depression,424.05
AL081998,HERMINE,1998-09-18T00:00:00+00:00,1998-09-17T19:00:00-05:00,1998-09-17,,TD,26.4,-92.1,30,1000.0,Tropical Depression,465.17
AL081998,HERMINE,1998-09-18T18:00:00+00:00,1998-09-18T13:00:00-05:00,1998-09-18,,TD,25.9,-92.3,30,1000.0,Tropical Depression,495.63
AL081998,HERMINE,1998-09-19T00:00:00+00:00,1998-09-18T19:00:00-05:00,1998-09-18,,TD,25.8,-92.0,30,1001.0,Tropical Depression,485.34
AL081998,HERMINE,1998-09-19T06:00:00+00:00,1998-09-19T01:00:00-05:00,1998-09-19,,TD,26.4,-91.4,30,1001.0,Tropical Depression,430.35
AL081998,HERMINE,1998-09-19T12:00:00+00:00,1998-09-19T07:00:00-05:00,1998-09-19,,TS,27.5,-91.3,35,1001.0,Tropical Storm,382.81
AL081998,HERMINE,1998-09-19T18:00:00+00:00,1998-09-19T13:00:00-05:00,1998-09-19,,TS,28.3,-91.1,40,1000.0,Tropical Storm,347.47
AL081998,HERMINE,1998-09-20T00:00:00+00:00,1998-09-19T19:00:00-05:00,1998-09-19,,TS,29.0,-90.9,40,999.0,Tropical Storm,320.25
AL081998,HERMINE,1998-09-20T05:00:00+00:00,1998-09-20T00:00:00-05:00,1998-09-20,L,TS,29.1,-90.9,35,1000.0,Tropical Storm,318.5
AL081998,HERMINE,1998-09-20T06:00:00+00:00,1998-09-20T01:00:00-05:00,1998-09-20,,TS,29.2,-90.9,35,1001.0,Tropical Storm,316.88
AL081998,HERMINE,1998-09-20T12:00:00+00:00,1998-09-20T07:00:00-05:00,1998-09-20,,TD,30.5,-90.5,30,1002.0,Tropical Depression,285.67
AL081998,HERMINE,1998-09-20T18:00:00+00:00,1998-09-20T13:00:00-05:00,1998-09-20,,TD,31.0,-90.0,20,1003.0,Tropical Depression,261.12
AL071998,GEORGES,1998-09-25T15:30:00+00:00,1998-09-25T10:30:00-05:00,1998-09-25,L,HU,24.5,-81.8,90,981.0,Category 2,457.35
AL071998,GEORGES,1998-09-25T18:00:00+00:00,1998-09-25T13:00:00-05:00,1998-09-25,,HU,24.6,-82.4,90,975.0,Category 2,432.92
AL071998,GEORGES,1998-09-26T00:00:00+00:00,1998-09-25T19:00:00-05:00,1998-09-25,,HU,24.8,-83.3,90,974.0,Category 2,396.9
AL071998,GEORGES,1998-09-26T06:00:00+00:00,1998-09-26T01:00:00-05:00,1998-09-26,,HU,25.2,-84.2,90,975.0,Category 2,352.92
AL071998,GEORGES,1998-09-26T12:00:00+00:00,1998-09-26T07:00:00-05:00,1998-09-26,,HU,25.7,-85.1,90,974.0,Category 2,308.15
AL071998,GEORGES,1998-09-26T18:00:00+00:00,1998-09-26T13:00:00-05:00,1998-09-26,,HU,26.2,-85.9,90,975.0,Category 2,271.39
AL071998,GEORGES,1998-09-27T00:00:00+00:00,1998-09-26T19:00:00-05:00,1998-09-26,,HU,27.0,-86.5,95,969.0,Category 2,220.91
AL071998,GEORGES,1998-09-27T06:00:00+00:00,1998-09-27T01:00:00-05:00,1998-09-27,,HU,27.6,-87.2,95,970.0,Category 2,195.82
AL071998,GEORGES,1998-09-27T12:00:00+00:00,1998-09-27T07:00:00-05:00,1998-09-27,,HU,28.2,-87.8,95,962.0,Category 2,182.44
AL071998,GEORGES,1998-09-27T18:00:00+00:00,1998-09-27T13:00:00-05:00,1998-09-27,,HU,28.8,-88.3,95,962.0,Category 2,179.67
AL071998,GEORGES,1998-09-28T00:00:00+00:00,1998-09-27T19:00:00-05:00,1998-09-27,,HU,29.3,-88.5,95,961.0,Category 2,175.72
AL071998,GEORGES,1998-09-28T06:00:00+00:00,1998-09-28T01:00:00-05:00,1998-09-28,,HU,29.8,-88.7,90,964.0,Category 2,179.19
AL071998,GEORGES,1998-09-28T11:30:00+00:00,1998-09-28T06:30:00-05:00,1998-09-28,L,HU,30.4,-88.9,90,964.0,Category 2,190.12
AL071998,GEORGES,1998-09-28T12:00:00+00:00,1998-09-28T07:00:00-05:00,1998-09-28,,HU,30.4,-88.9,90,965.0,Category 2,190.12
AL071998,GEORGES,1998-09-28T18:00:00+00:00,1998-09-28T13:00:00-05:00,1998-09-28,,HU,30.6,-88.9,65,984.0,Category 1,191.81
AL071998,GEORGES,1998-09-29T00:00:00+00:00,1998-09-28T19:00:00-05:00,1998-09-28,,TS,30.6,-89.0,50,986.0,Tropical Storm,197.68
AL071998,GEORGES,1998-09-29T06:00:00+00:00,1998-09-29T01:00:00-05:00,1998-09-29,,TS,30.6,-88.4,40,992.0,Tropical Storm,162.52
AL071998,GEORGES,1998-09-29T12:00:00+00:00,1998-09-29T07:00:00-05:00,1998-09-29,,TD,31.0,-88.1,30,994.0,Tropical Depression,153.41
AL071998,GEORGES,1998-09-29T18:00:00+00:00,1998-09-29T13:00:00-05:00,1998-09-29,,TD,30.9,-87.5,30,996.0,Tropical Depression,118.18
AL071998,GEORGES,1998-09-30T00:00:00+00:00,1998-09-29T19:00:00-05:00,1998-09-29,,TD,30.8,-86.9,30,998.0,Tropical Depression,83.85
AL071998,GEORGES,1998-09-30T06:00:00+00:00,1998-09-30T01:00:00-05:00,1998-09-30,,TD,30.7,-86.3,30,1000.0,Tropical Depression,52.27
AL071998,GEORGES,1998-09-30T12:00:00+00:00,1998-09-30T07:00:00-05:00,1998-09-30,,TD,30.7,-85.4,25,1002.0,Tropical Depression,44.33
AL071998,GEORGES,1998-09-30T18:00:00+00:00,1998-09-30T13:00:00-05:00,1998-09-30,,TD,30.6,-84.2,25,1004.0,Tropical Depression,96.94
AL071998,GEORGES,1998-10-01T00:00:00+00:00,1998-09-30T19:00:00-05:00,1998-09-30,,TD,30.5,-83.0,25,1006.0,Tropical Depression,164.88
AL071998,GEORGES,1998-10-01T06:00:00+00:00,1998-10-01T01:00:00-05:00,1998-10-01,,TD,30.5,-81.8,20,1008.0,Tropical Depression,235.83
AL131998,MITCH,1998-11-04T18:00:00+00:00,1998-11-04T12:00:00-06:00,1998-11-04,,TS,23.3,-86.5,40,993.0,Tropical Storm,473.95
AL131998,MITCH,1998-11-05T00:00:00+00:00,1998-11-04T18:00:00-06:00,1998-11-04,,TS,24.8,-84.8,45,993.0,Tropical Storm,372.31
AL131998,MITCH,1998-11-05T06:00:00+00:00,1998-11-05T00:00:00-06:00,1998-11-05,,TS,25.6,-83.1,50,990.0,Tropical Storm,351.47
AL131998,MITCH,1998-11-05T11:00:00+00:00,1998-11-05T05:00:00-06:00,1998-11-05,L,TS,26.2,-81.9,55,989.0,Tropical Storm,357.67
AL131998,MITCH,1998-11-05T12:00:00+00:00,1998-11-05T06:00:00-06:00,1998-11-05,,TS,26.6,-81.3,55,987.0,Tropical Storm,363.06
AL131998,MITCH,1998-11-05T18:00:00+00:00,1998-11-05T12:00:00-06:00,1998-11-05,,EX,27.5,-78.3,50,992.0,Tropical Storm,484.86
AL051999,DENNIS,1999-08-29T06:00:00+00:00,1999-08-29T01:00:00-05:00,1999-08-29,,HU,29.0,-77.9,90,970.0,Category 2,476.85
AL051999,DENNIS,1999-08-29T12:00:00+00:00,1999-08-29T07:00:00-05:00,1999-08-29,,HU,29.9,-78.4,90,971.0,Category 2,438.75
AL051999,DENNIS,1999-08-29T18:00:00+00:00,1999-08-29T13:00:00-05:00,1999-08-29,,HU,30.8,-78.4,90,967.0,Category 2,438.95
AL051999,DENNIS,1999-08-30T00:00:00+00:00,1999-08-29T19:00:00-05:00,1999-08-29,,HU,31.9,-78.1,90,964.0,Category 2,468.05
AL081999,FLOYD,1999-09-15T06:00:00+00:00,1999-09-15T01:00:00-05:00,1999-09-15,,HU,28.2,-78.5,110,935.0,Category 3,455.95
AL081999,FLOYD,1999-09-15T12:00:00+00:00,1999-09-15T07:00:00-05:00,1999-09-15,,HU,29.3,-78.9,100,943.0,Category 3,413.74
AL081999,FLOYD,1999-09-15T18:00:00+00:00,1999-09-15T13:00:00-05:00,1999-09-15,,HU,30.6,-79.1,95,947.0,Category 2,396.56
AL081999,FLOYD,1999-09-16T00:00:00+00:00,1999-09-15T19:00:00-05:00,1999-09-15,,HU,32.1,-78.7,90,950.0,Category 2,437.57
AL101999,HARVEY,1999-09-19T06:00:00+00:00,1999-09-19T01:00:00-05:00,1999-09-19,,TD,25.0,-87.8,30,1005.0,Tropical Depression,376.09
AL101999,HARVEY,1999-09-19T12:00:00+00:00,1999-09-19T07:00:00-05:00,1999-09-19,,TD,25.5,-87.8,30,1004.0,Tropical Depression,343.66
AL101999,HARVEY,1999-09-19T18:00:00+00:00,1999-09-19T13:00:00-05:00,1999-09-19,,TD,26.0,-87.8,30,1003.0,Tropical Depression,311.68
AL101999,HARVEY,1999-09-20T00:00:00+00:00,1999-09-19T19:00:00-05:00,1999-09-19,,TS,26.3,-87.4,40,1002.0,Tropical Storm,283.15
AL101999,HARVEY,1999-09-20T06:00:00+00:00,1999-09-20T01:00:00-05:00,1999-09-20,,TS,26.6,-86.9,40,1001.0,Tropical Storm,253.72
AL101999,HARVEY,1999-09-20T12:00:00+00:00,1999-09-20T07:00:00-05:00,1999-09-20,,TS,27.0,-86.3,40,998.0,Tropical Storm,218.67
AL101999,HARVEY,1999-09-20T18:00:00+00:00,1999-09-20T13:00:00-05:00,1999-09-20,,TS,27.0,-85.5,50,998.0,Tropical Storm,216.37
AL101999,HARVEY,1999-09-21T00:00:00+00:00,1999-09-20T19:00:00-05:00,1999-09-20,,TS,27.1,-84.6,50,995.0,Tropical Storm,219.95
AL101999,HARVEY,1999-09-21T06:00:00+00:00,1999-09-21T01:00:00-05:00,1999-09-21,,TS,26.5,-83.9,50,995.0,Tropical Storm,274.07
AL101999,HARVEY,1999-09-21T08:00:00+00:00,1999-09-21T03:00:00-05:00,1999-09-21,I,TS,26.3,-83.7,50,994.0,Tropical Storm,291.74
AL101999,HARVEY,1999-09-21T12:00:00+00:00,1999-09-21T07:00:00-05:00,1999-09-21,,TS,26.0,-82.8,50,996.0,Tropical Storm,336.33
AL101999,HARVEY,1999-09-21T17:00:00+00:00,1999-09-21T12:00:00-05:00,1999-09-21,L,TS,25.9,-81.7,50,999.0,Tropical Storm,381.56
AL101999,HARVEY,1999-09-21T18:00:00+00:00,1999-09-21T13:00:00-05:00,1999-09-21,,TS,25.9,-81.5,50,999.0,Tropical Storm,389.53
AL101999,HARVEY,1999-09-22T00:00:00+00:00,1999-09-21T19:00:00-05:00,1999-09-21,,TS,26.9,-78.6,40,1000.0,Tropical Storm,486.72
AL131999,IRENE,1999-10-15T06:00:00+00:00,1999-10-15T01:00:00-05:00,1999-10-15,,HU,23.8,-82.2,65,988.0,Category 1,488.01
AL131999,IRENE,1999-10-15T12:00:00+00:00,1999-10-15T07:00:00-05:00,1999-10-15,,HU,24.4,-81.8,65,987.0,Category 1,463.29
AL131999,IRENE,1999-10-15T13:00:00+00:00,1999-10-15T08:00:00-05:00,1999-10-15,L,HU,24.6,-81.6,65,987.0,Category 1,458.1
AL131999,IRENE,1999-10-15T18:00:00+00:00,1999-10-15T13:00:00-05:00,1999-10-15,,HU,25.1,-81.3,65,986.0,Category 1,440.47
AL131999,IRENE,1999-10-15T20:00:00+00:00,1999-10-15T15:00:00-05:00,1999-10-15,L,HU,25.3,-81.1,70,987.0,Category 1,437.32
AL131999,IRENE,1999-10-16T00:00:00+00:00,1999-10-15T19:00:00-05:00,1999-10-15,,HU,26.1,-80.6,65,986.0,Category 1,418.32
AL131999,IRENE,1999-10-16T06:00:00+00:00,1999-10-16T01:00:00-05:00,1999-10-16,,HU,27.0,-80.2,65,985.0,Category 1,398.95
AL131999,IRENE,1999-10-16T12:00:00+00:00,1999-10-16T07:00:00-05:00,1999-10-16,,HU,27.8,-80.1,65,982.0,Category 1,376.28
AL131999,IRENE,1999-10-16T18:00:00+00:00,1999-10-16T13:00:00-05:00,1999-10-16,,HU,28.6,-79.9,65,984.0,Category 1,366.48
AL131999,IRENE,1999-10-17T00:00:00+00:00,1999-10-16T19:00:00-05:00,1999-10-16,,HU,29.4,-79.8,65,984.0,Category 1,359.14
AL131999,IRENE,1999-10-17T06:00:00+00:00,1999-10-17T01:00:00-05:00,1999-10-17,,HU,30.2,-79.8,65,985.0,Category 1,354.25
AL131999,IRENE,1999-10-17T12:00:00+00:00,1999-10-17T07:00:00-05:00,1999-10-17,,HU,31.2,-79.7,65,984.0,Category 1,365.95
AL131999,IRENE,1999-10-17T18:00:00+00:00,1999-10-17T13:00:00-05:00,1999-10-17,,HU,32.2,-79.0,70,978.0,Category 1,422.84
AL042000,UNNAMED,2000-08-09T18:00:00+00:00,2000-08-09T13:00:00-05:00,2000-08-09,,TD,27.9,-77.9,30,1010.0,Tropical Depression,497.33
AL042000,UNNAMED,2000-08-10T00:00:00+00:00,2000-08-09T19:00:00-05:00,2000-08-09,,TD,28.0,-78.6,30,1009.0,Tropical Depression,454.84
AL042000,UNNAMED,2000-08-10T06:00:00+00:00,2000-08-10T01:00:00-05:00,2000-08-10,,TD,28.3,-79.3,30,1010.0,Tropical Depression,407.68
AL042000,UNNAMED,2000-08-10T12:00:00+00:00,2000-08-10T07:00:00-05:00,2000-08-10,,TD,28.7,-78.9,30,1010.0,Tropical Depression,422.63
AL042000,UNNAMED,2000-08-10T18:00:00+00:00,2000-08-10T13:00:00-05:00,2000-08-10,,TD,28.9,-78.3,25,1011.0,Tropical Depression,454.61
AL042000,UNNAMED,2000-08-11T00:00:00+00:00,2000-08-10T19:00:00-05:00,2000-08-10,,TD,29.2,-77.8,25,1011.0,Tropical Depression,480.28
AL092000,UNNAMED,2000-09-08T21:00:00+00:00,2000-09-08T16:00:00-05:00,2000-09-08,I,TD,28.0,-93.5,30,1008.0,Tropical Depression,491.56
AL092000,UNNAMED,2000-09-09T00:00:00+00:00,2000-09-08T19:00:00-05:00,2000-09-08,,TD,28.5,-93.5,30,1009.0,Tropical Depression,481.28
AL092000,UNNAMED,2000-09-09T06:00:00+00:00,2000-09-09T01:00:00-05:00,2000-09-09,,TD,29.3,-93.8,25,1009.0,Tropical Depression,487.51
AL092000,UNNAMED,2000-09-09T10:00:00+00:00,2000-09-09T05:00:00-05:00,2000-09-09,L,TD,29.9,-93.9,25,1009.0,Tropical Depression,488.95
AL092000,UNNAMED,2000-09-09T12:00:00+00:00,2000-09-09T07:00:00-05:00,2000-09-09,,TD,30.0,-94.0,25,1010.0,Tropical Depression,494.5
AL112000,GORDON,2000-09-16T12:00:00+00:00,2000-09-16T07:00:00-05:00,2000-09-16,,TS,23.5,-86.3,55,992.0,Tropical Storm,459.09
AL112000,GORDON,2000-09-16T18:00:00+00:00,2000-09-16T13:00:00-05:00,2000-09-16,,TS,24.3,-85.9,60,983.0,Tropical Storm,402.6
AL112000,GORDON,2000-09-17T00:00:00+00:00,2000-09-16T19:00:00-05:00,2000-09-16,,HU,25.2,-85.4,65,985.0,Category 1,340.88
AL112000,GORDON,2000-09-17T06:00:00+00:00,2000-09-17T01:00:00-05:00,2000-09-17,,HU,26.1,-84.9,70,981.0,Category 1,282.66
AL112000,GORDON,2000-09-17T12:00:00+00:00,2000-09-17T07:00:00-05:00,2000-09-17,,HU,27.1,-84.3,65,987.0,Category 1,226.28
AL112000,GORDON,2000-09-17T18:00:00+00:00,2000-09-17T13:00:00-05:00,2000-09-17,,HU,28.0,-83.8,65,985.0,Category 1,187.46
AL112000,GORDON,2000-09-18T00:00:00+00:00,2000-09-17T19:00:00-05:00,2000-09-17,,TS,28.9,-83.4,60,989.0,Tropical Storm,163.68
AL112000,GORDON,2000-09-18T03:00:00+00:00,2000-09-17T22:00:00-05:00,2000-09-17,L,TS,29.3,-83.2,55,991.0,Tropical Storm,162.17
AL112000,GORDON,2000-09-18T06:00:00+00:00,2000-09-18T01:00:00-05:00,2000-09-18,,TS,29.8,-83.0,40,1000.0,Tropical Storm,164.95
AL112000,GORDON,2000-09-18T12:00:00+00:00,2000-09-18T07:00:00-05:00,2000-09-18,,TD,31.0,-82.3,30,1006.0,Tropical Depression,212.82
AL112000,GORDON,2000-09-18T18:00:00+00:00,2000-09-18T13:00:00-05:00,2000-09-18,,EX,32.3,-81.5,25,1011.0,Tropical Depression,291.62
AL112000,GORDON,2000-09-19T00:00:00+00:00,2000-09-18T19:00:00-05:00,2000-09-18,,EX,33.5,-80.2,25,1011.0,Tropical Depression,399.64
AL122000,HELENE,2000-09-20T18:00:00+00:00,2000-09-20T13:00:00-05:00,2000-09-20,,TD,23.0,-85.4,25,1010.0,Tropical Depression,492.71
AL122000,HELENE,2000-09-21T00:00:00+00:00,2000-09-20T19:00:00-05:00,2000-09-20,,TD,23.9,-86.1,25,1008.0,Tropical Depression,430.71
AL122000,HELENE,2000-09-21T06:00:00+00:00,2000-09-21T01:00:00-05:00,2000-09-21,,TS,24.9,-86.6,35,1007.0,Tropical Storm,364.92
AL122000,HELENE,2000-09-21T12:00:00+00:00,2000-09-21T07:00:00-05:00,2000-09-21,,TS,26.1,-87.0,45,1006.0,Tropical Storm,288.66
AL122000,HELENE,2000-09-21T18:00:00+00:00,2000-09-21T13:00:00-05:00,2000-09-21,,TS,27.1,-87.1,60,999.0,Tropical Storm,224.91
AL122000,HELENE,2000-09-22T00:00:00+00:00,2000-09-21T19:00:00-05:00,2000-09-21,,TS,28.4,-87.2,60,996.0,Tropical Storm,148.51
AL122000,HELENE,2000-09-22T06:00:00+00:00,2000-09-22T01:00:00-05:00,2000-09-22,,TS,29.5,-87.2,50,1001.0,Tropical Storm,98.14
AL122000,HELENE,2000-09-22T12:00:00+00:00,2000-09-22T07:00:00-05:00,2000-09-22,L,TS,30.5,-86.6,35,1006.0,Tropical Storm,58.0
AL122000,HELENE,2000-09-22T18:00:00+00:00,2000-09-22T13:00:00-05:00,2000-09-22,,TD,31.6,-85.4,25,1010.0,Tropical Depression,103.77
AL122000,HELENE,2000-09-23T00:00:00+00:00,2000-09-22T19:00:00-05:00,2000-09-22,,TD,32.9,-83.5,25,1011.0,Tropical Depression,232.4
AL122000,HELENE,2000-09-23T06:00:00+00:00,2000-09-23T01:00:00-05:00,2000-09-23,,TD,33.6,-81.7,25,1012.0,Tropical Depression,336.94
AL122000,HELENE,2000-09-23T12:00:00+00:00,2000-09-23T07:00:00-05:00,2000-09-23,,TD,34.4,-80.0,25,1011.0,Tropical Depression,446.3
AL162000,LESLIE,2000-10-04T12:00:00+00:00,2000-10-04T07:00:00-05:00,2000-10-04,,SD,29.0,-81.4,30,1012.0,Tropical Depression,271.57
AL162000,LESLIE,2000-10-04T18:00:00+00:00,2000-10-04T13:00:00-05:00,2000-10-04,,SD,29.5,-80.8,30,1012.0,Tropical Depression,298.66
AL162000,LESLIE,2000-10-05T00:00:00+00:00,2000-10-04T19:00:00-05:00,2000-10-04,,SD,29.7,-79.9,30,1010.0,Tropical Depression,350.35
AL162000,LESLIE,2000-10-05T06:00:00+00:00,2000-10-05T01:00:00-05:00,2000-10-05,,SD,29.8,-78.6,30,1010.0,Tropical Depression,427.32
AL012001,ALLISON,2001-06-10T18:00:00+00:00,2001-06-10T13:00:00-05:00,2001-06-10,,SD,28.8,-93.5,30,1006.0,Tropical Depression,476.2
AL012001,ALLISON,2001-06-11T00:00:00+00:00,2001-06-10T19:00:00-05:00,2001-06-10,,SD,29.1,-92.3,30,1005.0,Tropical Depression,400.89
AL012001,ALLISON,2001-06-11T02:00:00+00:00,2001-06-10T21:00:00-05:00,2001-06-10,L,SD,29.6,-91.6,30,1004.0,Tropical Depression,353.55
AL012001,ALLISON,2001-06-11T06:00:00+00:00,2001-06-11T01:00:00-05:00,2001-06-11,,SS,30.0,-90.5,35,1003.0,Tropical Storm,285.35
AL012001,ALLISON,2001-06-11T12:00:00+00:00,2001-06-11T07:00:00-05:00,2001-06-11,,SS,30.7,-89.4,40,1000.0,Tropical Storm,222.25
AL012001,ALLISON,2001-06-11T18:00:00+00:00,2001-06-11T13:00:00-05:00,2001-06-11,,SS,31.0,-88.4,35,1002.0,Tropical Storm,169.96
AL012001,ALLISON,2001-06-12T00:00:00+00:00,2001-06-11T19:00:00-05:00,2001-06-11,,SD,31.3,-87.4,25,1004.0,Tropical Depression,128.18
AL012001,ALLISON,2001-06-12T06:00:00+00:00,2001-06-12T01:00:00-05:00,2001-06-12,,SD,31.8,-86.1,20,1005.0,Tropical Depression,117.79
AL012001,ALLISON,2001-06-12T12:00:00+00:00,2001-06-12T07:00:00-05:00,2001-06-12,,SD,32.4,-84.7,20,1006.0,Tropical Depression,168.55
AL012001,ALLISON,2001-06-12T18:00:00+00:00,2001-06-12T13:00:00-05:00,2001-06-12,,SD,32.8,-83.6,20,1006.0,Tropical Depression,223.41
AL012001,ALLISON,2001-06-13T00:00:00+00:00,2001-06-12T19:00:00-05:00,2001-06-12,,SD,33.1,-82.6,20,1006.0,Tropical Depression,275.96
AL012001,ALLISON,2001-06-13T06:00:00+00:00,2001-06-13T01:00:00-05:00,2001-06-13,,SD,33.4,-81.6,25,1004.0,Tropical Depression,331.7
AL012001,ALLISON,2001-06-13T12:00:00+00:00,2001-06-13T07:00:00-05:00,2001-06-13,,SD,33.7,-80.7,25,1005.0,Tropical Depression,384.67
AL012001,ALLISON,2001-06-13T18:00:00+00:00,2001-06-13T13:00:00-05:00,2001-06-13,,SD,34.0,-79.6,25,1006.0,Tropical Depression,447.64
AL032001,BARRY,2001-08-02T12:00:00+00:00,2001-08-02T07:00:00-05:00,2001-08-02,,TD,25.7,-84.8,30,1011.0,Tropical Depression,310.96
AL032001,BARRY,2001-08-02T18:00:00+00:00,2001-08-02T13:00:00-05:00,2001-08-02,,TS,26.2,-84.9,45,1010.0,Tropical Storm,275.86
AL032001,BARRY,2001-08-03T00:00:00+00:00,2001-08-02T19:00:00-05:00,2001-08-02,,TS,26.4,-85.6,40,1007.0,Tropical Storm,257.49
AL032001,BARRY,2001-08-03T06:00:00+00:00,2001-08-03T01:00:00-05:00,2001-08-03,,TS,26.6,-86.3,35,1008.0,Tropical Storm,246.01
AL032001,BARRY,2001-08-03T12:00:00+00:00,2001-08-03T07:00:00-05:00,2001-08-03,,TS,26.9,-87.0,35,1007.0,Tropical Storm,235.78
AL032001,BARRY,2001-08-03T18:00:00+00:00,2001-08-03T13:00:00-05:00,2001-08-03,,TS,26.8,-87.2,35,1007.0,Tropical Storm,246.47
AL032001,BARRY,2001-08-04T00:00:00+00:00,2001-08-03T19:00:00-05:00,2001-08-03,,TD,26.7,-87.5,30,1005.0,Tropical Depression,259.93
AL032001,BARRY,2001-08-04T06:00:00+00:00,2001-08-04T01:00:00-05:00,2001-08-04,,TD,26.6,-87.8,30,1005.0,Tropical Depression,274.13
AL032001,BARRY,2001-08-04T12:00:00+00:00,2001-08-04T07:00:00-05:00,2001-08-04,,TD,26.9,-87.7,30,1006.0,Tropical Depression,252.88
AL032001,BARRY,2001-08-04T18:00:00+00:00,2001-08-04T13:00:00-05:00,2001-08-04,,TS,27.1,-87.5,35,1005.0,Tropical Storm,234.96
AL032001,BARRY,2001-08-05T00:00:00+00:00,2001-08-04T19:00:00-05:00,2001-08-04,,TS,27.3,-87.3,35,1003.0,Tropical Storm,217.13
AL032001,BARRY,2001-08-05T06:00:00+00:00,2001-08-05T01:00:00-05:00,2001-08-05,,TS,27.5,-86.7,40,1004.0,Tropical Storm,190.64
AL032001,BARRY,2001-08-05T12:00:00+00:00,2001-08-05T07:00:00-05:00,2001-08-05,,TS,28.1,-86.4,50,990.0,Tropical Storm,145.64
AL032001,BARRY,2001-08-05T18:00:00+00:00,2001-08-05T13:00:00-05:00,2001-08-05,,TS,28.6,-86.4,60,991.0,Tropical Storm,112.83
AL032001,BARRY,2001-08-06T00:00:00+00:00,2001-08-05T19:00:00-05:00,2001-08-05,,TS,29.5,-86.3,60,992.0,Tropical Storm,55.07
AL032001,BARRY,2001-08-06T05:00:00+00:00,2001-08-06T00:00:00-05:00,2001-08-06,L,TS,30.4,-86.3,60,990.0,Tropical Storm,38.96
AL032001,BARRY,2001-08-06T06:00:00+00:00,2001-08-06T01:00:00-05:00,2001-08-06,,TS,30.6,-86.4,60,991.0,Tropical Storm,51.7
AL032001,BARRY,2001-08-06T12:00:00+00:00,2001-08-06T07:00:00-05:00,2001-08-06,,TD,31.8,-86.9,25,1007.0,Tropical Depression,134.9
AL032001,BARRY,2001-08-06T18:00:00+00:00,2001-08-06T13:00:00-05:00,2001-08-06,,TD,32.7,-87.7,20,1009.0,Tropical Depression,212.47
AL032001,BARRY,2001-08-07T00:00:00+00:00,2001-08-06T19:00:00-05:00,2001-08-06,,TD,33.3,-88.5,15,1012.0,Tropical Depression,273.16
AL032001,BARRY,2001-08-07T06:00:00+00:00,2001-08-07T01:00:00-05:00,2001-08-07,,LO,34.0,-89.1,15,1015.0,Tropical Depression,332.55
AL032001,BARRY,2001-08-07T12:00:00+00:00,2001-08-07T07:00:00-05:00,2001-08-07,,LO,34.7,-89.7,10,1017.0,Tropical Depression,391.76
AL032001,BARRY,2001-08-07T18:00:00+00:00,2001-08-07T13:00:00-05:00,2001-08-07,,LO,35.6,-89.8,10,1018.0,Tropical Depression,445.86
AL082001,GABRIELLE,2001-09-11T18:00:00+00:00,2001-09-11T13:00:00-05:00,2001-09-11,,TD,25.8,-84.1,25,1010.0,Tropical Depression,314.94
AL082001,GABRIELLE,2001-09-12T00:00:00+00:00,2001-09-11T19:00:00-05:00,2001-09-11,,TD,25.7,-84.6,25,1009.0,Tropical Depression,313.42
AL082001,GABRIELLE,2001-09-12T06:00:00+00:00,2001-09-12T01:00:00-05:00,2001-09-12,,TD,25.7,-85.0,25,1008.0,Tropical Depression,308.97
AL082001,GABRIELLE,2001-09-12T12:00:00+00:00,2001-09-12T07:00:00-05:00,2001-09-12,,TD,25.6,-85.3,25,1008.0,Tropical Depression,313.75
AL082001,GABRIELLE,2001-09-12T18:00:00+00:00,2001-09-12T13:00:00-05:00,2001-09-12,,TD,25.4,-85.4,30,1007.0,Tropical Depression,327.09
AL082001,GABRIELLE,2001-09-13T00:00:00+00:00,2001-09-12T19:00:00-05:00,2001-09-12,,TD,25.1,-85.7,30,1005.0,Tropical Depression,347.2
AL082001,GABRIELLE,2001-09-13T06:00:00+00:00,2001-09-13T01:00:00-05:00,2001-09-13,,TD,25.2,-85.3,30,1005.0,Tropical Depression,341.3
AL082001,GABRIELLE,2001-09-13T12:00:00+00:00,2001-09-13T07:00:00-05:00,2001-09-13,,TS,25.3,-84.9,35,1003.0,Tropical Storm,337.22
AL082001,GABRIELLE,2001-09-13T18:00:00+00:00,2001-09-13T13:00:00-05:00,2001-09-13,,TS,25.4,-84.5,40,998.0,Tropical Storm,335.01
AL082001,GABRIELLE,2001-09-14T00:00:00+00:00,2001-09-13T19:00:00-05:00,2001-09-13,,TS,25.4,-84.1,45,997.0,Tropical Storm,341.32
AL082001,GABRIELLE,2001-09-14T06:00:00+00:00,2001-09-14T01:00:00-05:00,2001-09-14,,TS,25.8,-83.6,50,992.0,Tropical Storm,325.85
AL082001,GABRIELLE,2001-09-14T12:00:00+00:00,2001-09-14T07:00:00-05:00,2001-09-14,L,TS,27.1,-82.6,60,983.0,Tropical Storm,282.33
AL082001,GABRIELLE,2001-09-14T18:00:00+00:00,2001-09-14T13:00:00-05:00,2001-09-14,,TS,28.0,-81.8,45,994.0,Tropical Storm,279.06
AL082001,GABRIELLE,2001-09-15T00:00:00+00:00,2001-09-14T19:00:00-05:00,2001-09-14,,TS,28.6,-81.4,40,995.0,Tropical Storm,281.2
AL082001,GABRIELLE,2001-09-15T06:00:00+00:00,2001-09-15T01:00:00-05:00,2001-09-15,,TS,28.6,-80.9,40,995.0,Tropical Storm,309.31
AL082001,GABRIELLE,2001-09-15T12:00:00+00:00,2001-09-15T07:00:00-05:00,2001-09-15,,TS,28.9,-80.1,40,998.0,Tropical Storm,348.9
AL082001,GABRIELLE,2001-09-15T18:00:00+00:00,2001-09-15T13:00:00-05:00,2001-09-15,,TS,29.8,-79.0,45,999.0,Tropical Storm,403.42
AL082001,GABRIELLE,2001-09-16T00:00:00+00:00,2001-09-15T19:00:00-05:00,2001-09-15,,TS,30.4,-77.9,50,998.0,Tropical Storm,467.57
AL022002,BERTHA,2002-08-04T18:00:00+00:00,2002-08-04T13:00:00-05:00,2002-08-04,,TD,29.0,-88.5,25,1012.0,Tropical Depression,183.72
AL022002,BERTHA,2002-08-05T00:00:00+00:00,2002-08-04T19:00:00-05:00,2002-08-04,,TS,29.3,-89.2,35,1008.0,Tropical Storm,215.88
AL022002,BERTHA,2002-08-05T01:00:00+00:00,2002-08-04T20:00:00-05:00,2002-08-04,I,TS,29.4,-89.2,35,1007.0,Tropical Storm,214.06
AL022002,BERTHA,2002-08-05T02:00:00+00:00,2002-08-04T21:00:00-05:00,2002-08-04,L,TS,29.4,-89.3,35,1008.0,Tropical Storm,219.9
AL022002,BERTHA,2002-08-05T06:00:00+00:00,2002-08-05T01:00:00-05:00,2002-08-05,,TS,29.6,-89.7,35,1008.0,Tropical Storm,240.62
AL022002,BERTHA,2002-08-05T12:00:00+00:00,2002-08-05T07:00:00-05:00,2002-08-05,,TD,30.5,-90.1,25,1010.0,Tropical Depression,261.93
AL022002,BERTHA,2002-08-05T18:00:00+00:00,2002-08-05T13:00:00-05:00,2002-08-05,,TD,30.9,-90.6,20,1011.0,Tropical Depression,294.77
AL022002,BERTHA,2002-08-06T00:00:00+00:00,2002-08-05T19:00:00-05:00,2002-08-05,,TD,30.9,-91.0,15,1012.0,Tropical Depression,318.2
AL022002,BERTHA,2002-08-06T06:00:00+00:00,2002-08-06T01:00:00-05:00,2002-08-06,,TD,30.8,-91.4,15,1013.0,Tropical Depression,340.85
AL022002,BERTHA,2002-08-06T12:00:00+00:00,2002-08-06T07:00:00-05:00,2002-08-06,,TD,30.6,-91.5,15,1013.0,Tropical Depression,345.51
AL022002,BERTHA,2002-08-06T18:00:00+00:00,2002-08-06T13:00:00-05:00,2002-08-06,,TD,30.3,-91.6,15,1012.0,Tropical Depression,350.66
AL022002,BERTHA,2002-08-07T00:00:00+00:00,2002-08-06T19:00:00-05:00,2002-08-06,,TD,30.0,-91.7,20,1010.0,Tropical Depression,357.06
AL022002,BERTHA,2002-08-07T06:00:00+00:00,2002-08-07T01:00:00-05:00,2002-08-07,,TD,29.7,-92.2,20,1011.0,Tropical Depression,388.54
AL022002,BERTHA,2002-08-07T12:00:00+00:00,2002-08-07T07:00:00-05:00,2002-08-07,,TD,29.4,-92.7,25,1011.0,Tropical Depression,420.98
AL022002,BERTHA,2002-08-07T18:00:00+00:00,2002-08-07T13:00:00-05:00,2002-08-07,,TD,29.0,-93.2,25,1010.0,Tropical Depression,455.53
AL022002,BERTHA,2002-08-08T00:00:00+00:00,2002-08-07T19:00:00-05:00,2002-08-07,,TD,28.6,-93.8,25,1010.0,Tropical Depression,497.12
AL052002,EDOUARD,2002-09-01T18:00:00+00:00,2002-09-01T13:00:00-05:00,2002-09-01,,TD,29.2,-78.8,30,1013.0,Tropical Depression,420.88
AL052002,EDOUARD,2002-09-02T00:00:00+00:00,2002-09-01T19:00:00-05:00,2002-09-01,,TD,29.7,-79.1,30,1011.0,Tropical Depression,398.09
AL052002,EDOUARD,2002-09-02T06:00:00+00:00,2002-09-02T01:00:00-05:00,2002-09-02,,TS,30.1,-79.7,35,1007.0,Tropical Storm,360.37
AL052002,EDOUARD,2002-09-02T12:00:00+00:00,2002-09-02T07:00:00-05:00,2002-09-02,,TS,30.4,-79.6,35,1007.0,Tropical Storm,366.27
AL052002,EDOUARD,2002-09-02T18:00:00+00:00,2002-09-02T13:00:00-05:00,2002-09-02,,TS,30.5,-79.0,35,1005.0,Tropical Storm,402.2
AL052002,EDOUARD,2002-09-03T00:00:00+00:00,2002-09-02T19:00:00-05:00,2002-09-02,,TS,30.5,-78.6,35,1003.0,Tropical Storm,426.0
AL052002,EDOUARD,2002-09-03T06:00:00+00:00,2002-09-03T01:00:00-05:00,2002-09-03,,TS,30.4,-78.5,35,1003.0,Tropical Storm,431.81
AL052002,EDOUARD,2002-09-03T12:00:00+00:00,2002-09-03T07:00:00-05:00,2002-09-03,,TS,30.4,-78.4,55,1002.0,Tropical Storm,437.77
AL052002,EDOUARD,2002-09-03T18:00:00+00:00,2002-09-03T13:00:00-05:00,2002-09-03,,TS,30.0,-79.0,45,1004.0,Tropical Storm,402.48
AL052002,EDOUARD,2002-09-04T00:00:00+00:00,2002-09-03T19:00:00-05:00,2002-09-03,,TS,29.9,-79.1,40,1005.0,Tropical Storm,396.92
AL052002,EDOUARD,2002-09-04T06:00:00+00:00,2002-09-04T01:00:00-05:00,2002-09-04,,TS,29.9,-79.5,35,1002.0,Tropical Storm,373.01
AL052002,EDOUARD,2002-09-04T12:00:00+00:00,2002-09-04T07:00:00-05:00,2002-09-04,,TS,29.9,-79.8,35,1006.0,Tropical Storm,355.09
AL052002,EDOUARD,2002-09-04T18:00:00+00:00,2002-09-04T13:00:00-05:00,2002-09-04,,TS,29.7,-80.5,35,1009.0,Tropical Storm,314.57
AL052002,EDOUARD,2002-09-05T00:00:00+00:00,2002-09-04T19:00:00-05:00,2002-09-04,,TS,29.4,-81.0,35,1008.0,Tropical Storm,288.07
AL052002,EDOUARD,2002-09-05T00:45:00+00:00,2002-09-04T19:45:00-05:00,2002-09-04,L,TS,29.4,-81.1,35,1009.0,Tropical Storm,282.16
AL052002,EDOUARD,2002-09-05T06:00:00+00:00,2002-09-05T01:00:00-05:00,2002-09-05,,TD,29.2,-81.6,25,1011.0,Tropical Depression,256.05
AL052002,EDOUARD,2002-09-05T12:00:00+00:00,2002-09-05T07:00:00-05:00,2002-09-05,,TD,28.9,-82.4,20,1011.0,Tropical Depression,217.37
AL052002,EDOUARD,2002-09-05T18:00:00+00:00,2002-09-05T13:00:00-05:00,2002-09-05,,TD,28.6,-83.4,20,1011.0,Tropical Depression,175.46
AL052002,EDOUARD,2002-09-06T00:00:00+00:00,2002-09-05T19:00:00-05:00,2002-09-05,,TD,28.4,-83.9,20,1009.0,Tropical Depression,162.39
AL052002,EDOUARD,2002-09-06T06:00:00+00:00,2002-09-06T01:00:00-05:00,2002-09-06,,TD,28.3,-84.7,20,1010.0,Tropical Depression,140.56
AL052002,EDOUARD,2002-09-06T12:00:00+00:00,2002-09-06T07:00:00-05:00,2002-09-06,,TD,28.5,-86.0,20,1008.0,Tropical Depression,113.45
AL092002,HANNA,2002-09-12T00:00:00+00:00,2002-09-11T19:00:00-05:00,2002-09-11,,TD,26.3,-86.6,30,1001.0,Tropical Depression,269.53
AL092002,HANNA,2002-09-12T06:00:00+00:00,2002-09-12T01:00:00-05:00,2002-09-12,,TS,26.7,-86.4,35,1001.0,Tropical Storm,240.12
AL092002,HANNA,2002-09-12T12:00:00+00:00,2002-09-12T07:00:00-05:00,2002-09-12,,TS,27.0,-86.7,35,1001.0,Tropical Storm,223.79
AL092002,HANNA,2002-09-12T18:00:00+00:00,2002-09-12T13:00:00-05:00,2002-09-12,,TS,27.1,-87.5,35,1001.0,Tropical Storm,234.96
AL092002,HANNA,2002-09-13T00:00:00+00:00,2002-09-12T19:00:00-05:00,2002-09-12,,TS,26.7,-88.0,35,1001.0,Tropical Storm,273.9
AL092002,HANNA,2002-09-13T06:00:00+00:00,2002-09-13T01:00:00-05:00,2002-09-13,,TS,26.9,-88.8,40,1002.0,Tropical Storm,290.47
AL092002,HANNA,2002-09-13T12:00:00+00:00,2002-09-13T07:00:00-05:00,2002-09-13,,TS,27.4,-89.3,45,1002.0,Tropical Storm,286.68
AL092002,HANNA,2002-09-13T18:00:00+00:00,2002-09-13T13:00:00-05:00,2002-09-13,,TS,27.7,-89.3,45,1003.0,Tropical Storm,273.27
AL092002,HANNA,2002-09-14T00:00:00+00:00,2002-09-13T19:00:00-05:00,2002-09-13,,TS,28.0,-89.2,50,1001.0,Tropical Storm,255.86
AL092002,HANNA,2002-09-14T06:00:00+00:00,2002-09-14T01:00:00-05:00,2002-09-14,,TS,28.7,-89.1,50,1003.0,Tropical Storm,225.45
AL092002,HANNA,2002-09-14T08:00:00+00:00,2002-09-14T03:00:00-05:00,2002-09-14,L,TS,29.1,-89.1,50,1003.0,Tropical Storm,214.45
AL092002,HANNA,2002-09-14T12:00:00+00:00,2002-09-14T07:00:00-05:00,2002-09-14,,TS,30.0,-88.8,50,1003.0,Tropical Storm,183.78
AL092002,HANNA,2002-09-14T15:00:00+00:00,2002-09-14T10:00:00-05:00,2002-09-14,L,TS,30.4,-88.4,50,1002.0,Tropical Storm,160.46
AL092002,HANNA,2002-09-14T18:00:00+00:00,2002-09-14T13:00:00-05:00,2002-09-14,,TD,30.8,-88.0,30,1005.0,Tropical Depression,143.01
AL092002,HANNA,2002-09-15T00:00:00+00:00,2002-09-14T19:00:00-05:00,2002-09-14,,TD,31.5,-87.0,20,1009.0,Tropical Depression,121.26
AL092002,HANNA,2002-09-15T06:00:00+00:00,2002-09-15T01:00:00-05:00,2002-09-15,,TD,32.0,-86.0,20,1011.0,Tropical Depression,130.53
AL092002,HANNA,2002-09-15T12:00:00+00:00,2002-09-15T07:00:00-05:00,2002-09-15,,TD,33.0,-85.0,20,1014.0,Tropical Depression,203.24
AL102002,ISIDORE,2002-09-25T06:00:00+00:00,2002-09-25T01:00:00-05:00,2002-09-25,,TS,24.2,-89.7,50,987.0,Tropical Storm,476.5
AL102002,ISIDORE,2002-09-25T12:00:00+00:00,2002-09-25T07:00:00-05:00,2002-09-25,,TS,25.4,-90.2,50,990.0,Tropical Storm,425.66
AL102002,ISIDORE,2002-09-25T18:00:00+00:00,2002-09-25T13:00:00-05:00,2002-09-25,,TS,26.3,-90.4,55,988.0,Tropical Storm,388.1
AL102002,ISIDORE,2002-09-26T00:00:00+00:00,2002-09-25T19:00:00-05:00,2002-09-25,,TS,27.5,-90.3,55,989.0,Tropical Storm,330.76
AL102002,ISIDORE,2002-09-26T06:00:00+00:00,2002-09-26T01:00:00-05:00,2002-09-26,L,TS,29.1,-90.3,55,984.0,Tropical Storm,283.48
AL102002,ISIDORE,2002-09-26T12:00:00+00:00,2002-09-26T07:00:00-05:00,2002-09-26,,TS,30.0,-89.9,55,985.0,Tropical Storm,249.5
AL102002,ISIDORE,2002-09-26T18:00:00+00:00,2002-09-26T13:00:00-05:00,2002-09-26,,TS,32.2,-89.8,40,988.0,Tropical Storm,280.07
AL102002,ISIDORE,2002-09-27T00:00:00+00:00,2002-09-26T19:00:00-05:00,2002-09-26,,TD,33.0,-89.0,20,992.0,Tropical Depression,276.59
AL102002,ISIDORE,2002-09-27T06:00:00+00:00,2002-09-27T01:00:00-05:00,2002-09-27,,TD,35.0,-86.5,20,995.0,Tropical Depression,339.8
AL132002,LILI,2002-10-02T00:00:00+00:00,2002-10-01T19:00:00-05:00,2002-10-01,,HU,23.0,-85.7,90,967.0,Category 2,492.29
AL132002,LILI,2002-10-02T06:00:00+00:00,2002-10-02T01:00:00-05:00,2002-10-02,,HU,23.6,-87.2,100,962.0,Category 3,459.83
AL132002,LILI,2002-10-02T12:00:00+00:00,2002-10-02T07:00:00-05:00,2002-10-02,,HU,24.4,-88.3,110,952.0,Category 3,425.85
AL132002,LILI,2002-10-02T18:00:00+00:00,2002-10-02T13:00:00-05:00,2002-10-02,,HU,25.4,-89.5,120,941.0,Category 4,399.56
AL132002,LILI,2002-10-02T20:13:00+00:00,2002-10-02T15:13:00-05:00,2002-10-02,I,HU,25.9,-89.9,125,938.0,Category 4,387.12
AL132002,LILI,2002-10-03T00:00:00+00:00,2002-10-02T19:00:00-05:00,2002-10-02,,HU,26.7,-90.3,125,940.0,Category 4,364.8
AL132002,LILI,2002-10-03T06:00:00+00:00,2002-10-03T01:00:00-05:00,2002-10-03,,HU,28.1,-91.4,105,957.0,Category 3,369.7
AL132002,LILI,2002-10-03T12:00:00+00:00,2002-10-03T07:00:00-05:00,2002-10-03,,HU,29.2,-92.1,80,962.0,Category 1,387.7
AL132002,LILI,2002-10-03T13:00:00+00:00,2002-10-03T08:00:00-05:00,2002-10-03,L,HU,29.5,-92.2,80,963.0,Category 1,390.21
AL132002,LILI,2002-10-03T18:00:00+00:00,2002-10-03T13:00:00-05:00,2002-10-03,,TS,30.5,-92.4,60,976.0,Tropical Storm,398.63
AL132002,LILI,2002-10-04T00:00:00+00:00,2002-10-03T19:00:00-05:00,2002-10-03,,TS,31.9,-92.1,40,985.0,Tropical Storm,396.57
AL132002,LILI,2002-10-04T06:00:00+00:00,2002-10-04T01:00:00-05:00,2002-10-04,,TD,33.5,-91.4,30,994.0,Tropical Depression,406.34
AL132002,LILI,2002-10-04T12:00:00+00:00,2002-10-04T07:00:00-05:00,2002-10-04,,TD,35.8,-90.0,25,997.0,Tropical Depression,463.57
AL122002,KYLE,2002-10-10T12:00:00+00:00,2002-10-10T07:00:00-05:00,2002-10-10,,TD,28.4,-78.1,25,1010.0,Tropical Depression,474.99
AL122002,KYLE,2002-10-10T18:00:00+00:00,2002-10-10T13:00:00-05:00,2002-10-10,,TD,28.9,-79.5,30,1010.0,Tropical Depression,383.99
AL122002,KYLE,2002-10-11T00:00:00+00:00,2002-10-10T19:00:00-05:00,2002-10-10,,TD,29.8,-80.2,30,1009.0,Tropical Depression,331.75
AL122002,KYLE,2002-10-11T06:00:00+00:00,2002-10-11T01:00:00-05:00,2002-10-11,,TS,30.7,-80.8,35,1008.0,Tropical Storm,296.41
AL122002,KYLE,2002-10-11T12:00:00+00:00,2002-10-11T07:00:00-05:00,2002-10-11,,TS,31.8,-80.7,35,1008.0,Tropical Storm,319.66
AL122002,KYLE,2002-10-11T17:00:00+00:00,2002-10-11T12:00:00-05:00,2002-10-11,L,TS,33.0,-79.5,35,1011.0,Tropical Storm,417.0
AL122002,KYLE,2002-10-11T18:00:00+00:00,2002-10-11T13:00:00-05:00,2002-10-11,,TS,33.2,-79.3,35,1011.0,Tropical Storm,433.61
AL032003,BILL,2003-06-30T00:00:00+00:00,2003-06-29T19:00:00-05:00,2003-06-29,,TS,25.9,-91.3,45,1008.0,Tropical Storm,447.82
AL032003,BILL,2003-06-30T06:00:00+00:00,2003-06-30T01:00:00-05:00,2003-06-30,,TS,27.1,-91.5,45,1007.0,Tropical Storm,407.55
AL032003,BILL,2003-06-30T12:00:00+00:00,2003-06-30T07:00:00-05:00,2003-06-30,,TS,28.2,-91.5,50,1002.0,Tropical Storm,372.61
AL032003,BILL,2003-06-30T18:00:00+00:00,2003-06-30T13:00:00-05:00,2003-06-30,,TS,29.1,-91.0,50,997.0,Tropical Storm,324.35
AL032003,BILL,2003-06-30T19:00:00+00:00,2003-06-30T14:00:00-05:00,2003-06-30,L,TS,29.3,-91.0,50,997.0,Tropical Storm,321.31
AL032003,BILL,2003-07-01T00:00:00+00:00,2003-06-30T19:00:00-05:00,2003-06-30,,TS,30.4,-90.3,45,998.0,Tropical Storm,273.37
AL032003,BILL,2003-07-01T06:00:00+00:00,2003-07-01T01:00:00-05:00,2003-07-01,,TD,31.6,-89.3,30,1003.0,Tropical Depression,234.97
AL032003,BILL,2003-07-01T12:00:00+00:00,2003-07-01T07:00:00-05:00,2003-07-01,,TD,32.7,-88.4,25,1004.0,Tropical Depression,237.55
AL032003,BILL,2003-07-01T18:00:00+00:00,2003-07-01T13:00:00-05:00,2003-07-01,,TD,33.6,-87.0,20,1007.0,Tropical Depression,251.39
AL032003,BILL,2003-07-02T00:00:00+00:00,2003-07-01T19:00:00-05:00,2003-07-01,,TD,34.1,-86.0,20,1007.0,Tropical Depression,275.1
AL032003,BILL,2003-07-02T06:00:00+00:00,2003-07-02T01:00:00-05:00,2003-07-02,,TD,35.0,-84.5,20,1007.0,Tropical Depression,344.35
AL032003,BILL,2003-07-02T12:00:00+00:00,2003-07-02T07:00:00-05:00,2003-07-02,,TD,35.6,-83.5,20,1009.0,Tropical Depression,399.78
AL032003,BILL,2003-07-02T18:00:00+00:00,2003-07-02T13:00:00-05:00,2003-07-02,,EX,36.5,-82.0,20,1009.0,Tropical Depression,490.19
AL042003,CLAUDETTE,2003-07-12T18:00:00+00:00,2003-07-12T13:00:00-05:00,2003-07-12,,TS,24.6,-90.9,45,1008.0,Tropical Storm,496.2
AL042003,CLAUDETTE,2003-07-14T06:00:00+00:00,2003-07-14T01:00:00-05:00,2003-07-14,,TS,26.0,-92.3,55,993.0,Tropical Storm,491.45
AL042003,CLAUDETTE,2003-07-14T12:00:00+00:00,2003-07-14T07:00:00-05:00,2003-07-14,,TS,26.7,-92.6,55,991.0,Tropical Storm,479.75
AL042003,CLAUDETTE,2003-07-14T18:00:00+00:00,2003-07-14T13:00:00-05:00,2003-07-14,,TS,27.3,-93.0,60,989.0,Tropical Storm,481.71
AL072003,UNNAMED,2003-07-25T12:00:00+00:00,2003-07-25T07:00:00-05:00,2003-07-25,,TD,29.3,-80.1,25,1017.0,Tropical Depression,342.59
AL072003,UNNAMED,2003-07-25T18:00:00+00:00,2003-07-25T13:00:00-05:00,2003-07-25,,TD,30.1,-80.5,25,1017.0,Tropical Depression,312.57
AL072003,UNNAMED,2003-07-26T00:00:00+00:00,2003-07-25T19:00:00-05:00,2003-07-25,,TD,30.7,-80.8,30,1016.0,Tropical Depression,296.41
AL072003,UNNAMED,2003-07-26T06:00:00+00:00,2003-07-26T01:00:00-05:00,2003-07-26,L,TD,31.5,-81.3,25,1018.0,Tropical Depression,279.49
AL072003,UNNAMED,2003-07-26T12:00:00+00:00,2003-07-26T07:00:00-05:00,2003-07-26,,TD,32.3,-82.0,20,1022.0,Tropical Depression,266.74
AL072003,UNNAMED,2003-07-26T18:00:00+00:00,2003-07-26T13:00:00-05:00,2003-07-26,,TD,32.8,-82.6,15,1022.0,Tropical Depression,261.1
AL072003,UNNAMED,2003-07-27T00:00:00+00:00,2003-07-26T19:00:00-05:00,2003-07-26,,TD,33.0,-83.0,15,1022.0,Tropical Depression,255.5
AL082003,ERIKA,2003-08-14T18:00:00+00:00,2003-08-14T13:00:00-05:00,2003-08-14,,TS,26.4,-83.3,35,1011.0,Tropical Storm,296.81
AL082003,ERIKA,2003-08-15T00:00:00+00:00,2003-08-14T19:00:00-05:00,2003-08-14,,TS,26.6,-85.7,40,1008.0,Tropical Storm,243.56
AL082003,ERIKA,2003-08-15T06:00:00+00:00,2003-08-15T01:00:00-05:00,2003-08-15,,TS,26.4,-88.3,40,1008.0,Tropical Storm,301.14
AL082003,ERIKA,2003-08-15T12:00:00+00:00,2003-08-15T07:00:00-05:00,2003-08-15,,TS,26.1,-90.5,45,1007.0,Tropical Storm,402.2
AL122003,HENRI,2003-09-03T18:00:00+00:00,2003-09-03T13:00:00-05:00,2003-09-03,,TD,27.4,-87.7,25,1013.0,Tropical Depression,222.89
AL122003,HENRI,2003-09-04T00:00:00+00:00,2003-09-03T19:00:00-05:00,2003-09-03,,TD,27.6,-87.8,25,1011.0,Tropical Depression,214.76
AL122003,HENRI,2003-09-04T06:00:00+00:00,2003-09-04T01:00:00-05:00,2003-09-04,,TD,27.8,-87.6,25,1009.0,Tropical Depression,196.42
AL122003,HENRI,2003-09-04T12:00:00+00:00,2003-09-04T07:00:00-05:00,2003-09-04,,TD,27.8,-87.2,30,1010.0,Tropical Depression,183.58
AL122003,HENRI,2003-09-04T18:00:00+00:00,2003-09-04T13:00:00-05:00,2003-09-04,,TD,27.8,-86.3,30,1002.0,Tropical Depression,164.3
AL122003,HENRI,2003-09-05T00:00:00+00:00,2003-09-04T19:00:00-05:00,2003-09-04,,TD,27.6,-85.8,30,1004.0,Tropical Depression,174.51
AL122003,HENRI,2003-09-05T06:00:00+00:00,2003-09-05T01:00:00-05:00,2003-09-05,,TS,27.7,-85.1,35,1000.0,Tropical Storm,171.83
AL122003,HENRI,2003-09-05T12:00:00+00:00,2003-09-05T07:00:00-05:00,2003-09-05,,TS,28.1,-84.4,40,997.0,Tropical Storm,161.31
AL122003,HENRI,2003-09-05T18:00:00+00:00,2003-09-05T13:00:00-05:00,2003-09-05,,TS,28.3,-84.2,50,997.0,Tropical Storm,156.24
AL122003,HENRI,2003-09-06T00:00:00+00:00,2003-09-05T19:00:00-05:00,2003-09-05,,TD,27.9,-83.9,30,1002.0,Tropical Depression,189.36
AL122003,HENRI,2003-09-06T06:00:00+00:00,2003-09-06T01:00:00-05:00,2003-09-06,,TD,27.7,-83.5,30,1005.0,Tropical Depression,215.08
AL122003,HENRI,2003-09-06T09:00:00+00:00,2003-09-06T04:00:00-05:00,2003-09-06,L,TD,27.9,-82.8,30,1006.0,Tropical Depression,234.45
AL122003,HENRI,2003-09-06T12:00:00+00:00,2003-09-06T07:00:00-05:00,2003-09-06,,TD,28.4,-81.8,25,1007.0,Tropical Depression,265.15
AL122003,HENRI,2003-09-06T18:00:00+00:00,2003-09-06T13:00:00-05:00,2003-09-06,,TD,29.2,-80.4,25,1006.0,Tropical Depression,326.29
AL122003,HENRI,2003-09-07T00:00:00+00:00,2003-09-06T19:00:00-05:00,2003-09-06,,TD,30.0,-79.5,30,1006.0,Tropical Depression,372.6
AL122003,HENRI,2003-09-07T06:00:00+00:00,2003-09-07T01:00:00-05:00,2003-09-07,,TD,30.5,-79.2,30,1008.0,Tropical Depression,390.3
AL122003,HENRI,2003-09-07T12:00:00+00:00,2003-09-07T07:00:00-05:00,2003-09-07,,TD,30.8,-78.5,30,1006.0,Tropical Depression,433.03
AL122003,HENRI,2003-09-07T18:00:00+00:00,2003-09-07T13:00:00-05:00,2003-09-07,,TD,31.3,-77.9,30,1006.0,Tropical Depression,472.04
AL012004,ALEX,2004-07-31T18:00:00+00:00,2004-07-31T13:00:00-05:00,2004-07-31,,TD,30.3,-78.3,25,1010.0,Tropical Depression,443.72
AL012004,ALEX,2004-08-01T00:00:00+00:00,2004-07-31T19:00:00-05:00,2004-07-31,,TD,31.0,-78.8,25,1009.0,Tropical Depression,416.63
AL012004,ALEX,2004-08-01T06:00:00+00:00,2004-08-01T01:00:00-05:00,2004-08-01,,TD,31.5,-79.0,25,1009.0,Tropical Depression,410.43
AL012004,ALEX,2004-08-01T12:00:00+00:00,2004-08-01T07:00:00-05:00,2004-08-01,,TD,31.6,-79.1,30,1009.0,Tropical Depression,406.14
AL012004,ALEX,2004-08-01T18:00:00+00:00,2004-08-01T13:00:00-05:00,2004-08-01,,TS,31.6,-79.2,35,1009.0,Tropical Storm,400.4
AL012004,ALEX,2004-08-02T00:00:00+00:00,2004-08-01T19:00:00-05:00,2004-08-01,,TS,31.5,-79.3,35,1007.0,Tropical Storm,393.14
AL012004,ALEX,2004-08-02T06:00:00+00:00,2004-08-02T01:00:00-05:00,2004-08-02,,TS,31.4,-79.4,40,1005.0,Tropical Storm,385.94
AL012004,ALEX,2004-08-02T12:00:00+00:00,2004-08-02T07:00:00-05:00,2004-08-02,,TS,31.3,-79.0,50,992.0,Tropical Storm,407.87
AL012004,ALEX,2004-08-02T18:00:00+00:00,2004-08-02T13:00:00-05:00,2004-08-02,,TS,31.8,-78.7,50,993.0,Tropical Storm,432.2
AL012004,ALEX,2004-08-03T00:00:00+00:00,2004-08-02T19:00:00-05:00,2004-08-02,,TS,32.4,-78.2,60,987.0,Tropical Storm,471.55
AL022004,BONNIE,2004-08-10T18:00:00+00:00,2004-08-10T13:00:00-05:00,2004-08-10,,TS,24.4,-90.6,45,1003.0,Tropical Storm,495.77
AL022004,BONNIE,2004-08-11T00:00:00+00:00,2004-08-10T19:00:00-05:00,2004-08-10,,TS,24.7,-90.6,40,1003.0,Tropical Storm,479.16
AL022004,BONNIE,2004-08-11T06:00:00+00:00,2004-08-11T01:00:00-05:00,2004-08-11,,TS,25.2,-90.6,40,1003.0,Tropical Storm,452.22
AL022004,BONNIE,2004-08-11T12:00:00+00:00,2004-08-11T07:00:00-05:00,2004-08-11,,TS,25.7,-90.4,45,1001.0,Tropical Storm,417.96
AL022004,BONNIE,2004-08-11T18:00:00+00:00,2004-08-11T13:00:00-05:00,2004-08-11,,TS,26.4,-89.6,55,1001.0,Tropical Storm,348.81
AL022004,BONNIE,2004-08-12T00:00:00+00:00,2004-08-11T19:00:00-05:00,2004-08-11,,TS,27.0,-88.8,50,1007.0,Tropical Storm,285.15
AL022004,BONNIE,2004-08-12T06:00:00+00:00,2004-08-12T01:00:00-05:00,2004-08-12,,TS,27.7,-88.1,45,1008.0,Tropical Storm,220.49
AL022004,BONNIE,2004-08-12T12:00:00+00:00,2004-08-12T07:00:00-05:00,2004-08-12,,TS,29.0,-86.1,45,1002.0,Tropical Storm,80.85
AL022004,BONNIE,2004-08-12T14:00:00+00:00,2004-08-12T09:00:00-05:00,2004-08-12,L,TS,29.6,-85.1,40,1002.0,Tropical Storm,52.35
AL022004,BONNIE,2004-08-12T18:00:00+00:00,2004-08-12T13:00:00-05:00,2004-08-12,,TD,30.2,-84.0,30,1006.0,Tropical Depression,103.48
AL022004,BONNIE,2004-08-13T00:00:00+00:00,2004-08-12T19:00:00-05:00,2004-08-12,,TD,31.9,-81.3,25,1008.0,Tropical Depression,289.55
AL022004,BONNIE,2004-08-13T06:00:00+00:00,2004-08-13T01:00:00-05:00,2004-08-13,,TD,33.5,-79.0,25,1008.0,Tropical Depression,458.66
AL032004,CHARLEY,2004-08-13T12:00:00+00:00,2004-08-13T07:00:00-05:00,2004-08-13,,HU,24.4,-82.9,95,969.0,Category 2,432.01
AL032004,CHARLEY,2004-08-13T18:00:00+00:00,2004-08-13T13:00:00-05:00,2004-08-13,,HU,26.1,-82.4,125,947.0,Category 4,344.22
AL032004,CHARLEY,2004-08-13T19:45:00+00:00,2004-08-13T14:45:00-05:00,2004-08-13,L,HU,26.6,-82.2,130,941.0,Category 4,324.58
AL032004,CHARLEY,2004-08-13T20:45:00+00:00,2004-08-13T15:45:00-05:00,2004-08-13,L,HU,26.9,-82.1,125,942.0,Category 4,313.36
AL032004,CHARLEY,2004-08-14T00:00:00+00:00,2004-08-13T19:00:00-05:00,2004-08-13,,HU,28.1,-81.6,75,970.0,Category 1,285.85
AL032004,CHARLEY,2004-08-14T06:00:00+00:00,2004-08-14T01:00:00-05:00,2004-08-14,,HU,30.1,-80.8,75,993.0,Category 1,294.64
AL032004,CHARLEY,2004-08-14T12:00:00+00:00,2004-08-14T07:00:00-05:00,2004-08-14,,HU,32.3,-79.7,65,988.0,Category 1,386.64
AL032004,CHARLEY,2004-08-14T14:00:00+00:00,2004-08-14T09:00:00-05:00,2004-08-14,L,HU,33.0,-79.4,70,992.0,Category 1,422.18
AL032004,CHARLEY,2004-08-14T16:00:00+00:00,2004-08-14T11:00:00-05:00,2004-08-14,L,HU,33.8,-78.7,65,997.0,Category 1,483.84
AL072004,GASTON,2004-08-27T12:00:00+00:00,2004-08-27T07:00:00-05:00,2004-08-27,,TD,31.8,-78.1,25,1015.0,Tropical Depression,466.52
AL072004,GASTON,2004-08-27T18:00:00+00:00,2004-08-27T13:00:00-05:00,2004-08-27,,TD,31.6,-78.0,25,1014.0,Tropical Depression,469.54
AL072004,GASTON,2004-08-28T00:00:00+00:00,2004-08-27T19:00:00-05:00,2004-08-27,,TD,31.4,-78.0,30,1011.0,Tropical Depression,467.21
AL072004,GASTON,2004-08-28T06:00:00+00:00,2004-08-28T01:00:00-05:00,2004-08-28,,TS,31.3,-78.2,35,1005.0,Tropical Storm,454.51
AL072004,GASTON,2004-08-28T12:00:00+00:00,2004-08-28T07:00:00-05:00,2004-08-28,,TS,31.3,-78.5,45,1000.0,Tropical Storm,437.0
AL072004,GASTON,2004-08-28T18:00:00+00:00,2004-08-28T13:00:00-05:00,2004-08-28,,TS,31.3,-78.8,50,997.0,Tropical Storm,419.51
AL072004,GASTON,2004-08-29T00:00:00+00:00,2004-08-28T19:00:00-05:00,2004-08-28,,TS,31.5,-79.1,55,994.0,Tropical Storm,404.66
AL072004,GASTON,2004-08-29T06:00:00+00:00,2004-08-29T01:00:00-05:00,2004-08-29,,TS,32.1,-79.4,60,991.0,Tropical Storm,398.45
AL072004,GASTON,2004-08-29T12:00:00+00:00,2004-08-29T07:00:00-05:00,2004-08-29,,HU,32.8,-79.5,65,986.0,Category 1,410.96
AL072004,GASTON,2004-08-29T14:00:00+00:00,2004-08-29T09:00:00-05:00,2004-08-29,L,HU,33.0,-79.6,65,985.0,Category 1,411.83
AL072004,GASTON,2004-08-29T18:00:00+00:00,2004-08-29T13:00:00-05:00,2004-08-29,,TS,33.5,-79.6,45,992.0,Tropical Storm,428.72
AL072004,GASTON,2004-08-30T00:00:00+00:00,2004-08-29T19:00:00-05:00,2004-08-29,,TD,34.2,-79.4,30,995.0,Tropical Depression,464.96
AL062004,FRANCES,2004-09-04T12:00:00+00:00,2004-09-04T07:00:00-05:00,2004-09-04,,HU,26.8,-78.5,90,962.0,Category 2,495.46
AL062004,FRANCES,2004-09-04T18:00:00+00:00,2004-09-04T13:00:00-05:00,2004-09-04,,HU,26.8,-79.1,90,962.0,Category 2,463.5
AL062004,FRANCES,2004-09-05T00:00:00+00:00,2004-09-04T19:00:00-05:00,2004-09-04,,HU,27.0,-79.4,95,958.0,Category 2,440.54
AL062004,FRANCES,2004-09-05T04:30:00+00:00,2004-09-04T23:30:00-05:00,2004-09-04,L,HU,27.2,-80.2,90,960.0,Category 2,391.38
AL062004,FRANCES,2004-09-05T06:00:00+00:00,2004-09-05T01:00:00-05:00,2004-09-05,,HU,27.2,-80.2,90,960.0,Category 2,391.38
AL062004,FRANCES,2004-09-05T12:00:00+00:00,2004-09-05T07:00:00-05:00,2004-09-05,,HU,27.4,-80.7,80,969.0,Category 1,358.08
AL062004,FRANCES,2004-09-05T18:00:00+00:00,2004-09-05T13:00:00-05:00,2004-09-05,,TS,27.8,-81.7,60,975.0,Tropical Storm,291.78
AL062004,FRANCES,2004-09-06T00:00:00+00:00,2004-09-05T19:00:00-05:00,2004-09-05,,TS,28.1,-82.3,55,978.0,Tropical Storm,249.87
AL062004,FRANCES,2004-09-06T06:00:00+00:00,2004-09-06T01:00:00-05:00,2004-09-06,,TS,28.6,-83.3,55,981.0,Tropical Storm,180.31
AL062004,FRANCES,2004-09-06T12:00:00+00:00,2004-09-06T07:00:00-05:00,2004-09-06,,TS,29.2,-83.7,55,982.0,Tropical Storm,137.62
AL062004,FRANCES,2004-09-06T18:00:00+00:00,2004-09-06T13:00:00-05:00,2004-09-06,L,TS,30.1,-84.0,50,982.0,Tropical Storm,103.41
AL062004,FRANCES,2004-09-07T00:00:00+00:00,2004-09-06T19:00:00-05:00,2004-09-06,,TS,31.0,-84.6,35,984.0,Tropical Storm,90.41
AL062004,FRANCES,2004-09-07T06:00:00+00:00,2004-09-07T01:00:00-05:00,2004-09-07,,TD,31.5,-85.0,30,988.0,Tropical Depression,104.41
AL062004,FRANCES,2004-09-07T12:00:00+00:00,2004-09-07T07:00:00-05:00,2004-09-07,,TD,32.0,-85.2,25,992.0,Tropical Depression,133.29
AL062004,FRANCES,2004-09-07T18:00:00+00:00,2004-09-07T13:00:00-05:00,2004-09-07,,TD,32.5,-85.1,25,996.0,Tropical Depression,168.26
AL062004,FRANCES,2004-09-08T00:00:00+00:00,2004-09-07T19:00:00-05:00,2004-09-07,,TD,33.4,-84.7,25,998.0,Tropical Depression,234.23
AL062004,FRANCES,2004-09-08T06:00:00+00:00,2004-09-08T01:00:00-05:00,2004-09-08,,TD,34.3,-84.3,25,1000.0,Tropical Depression,300.32
AL062004,FRANCES,2004-09-08T12:00:00+00:00,2004-09-08T07:00:00-05:00,2004-09-08,,TD,36.1,-83.2,25,1001.0,Tropical Depression,437.98
AL092004,IVAN,2004-09-14T12:00:00+00:00,2004-09-14T07:00:00-05:00,2004-09-14,,HU,23.0,-86.0,125,930.0,Category 4,492.57
AL092004,IVAN,2004-09-14T18:00:00+00:00,2004-09-14T13:00:00-05:00,2004-09-14,,HU,23.7,-86.5,120,931.0,Category 4,446.45
AL092004,IVAN,2004-09-15T00:00:00+00:00,2004-09-14T19:00:00-05:00,2004-09-14,,HU,24.7,-87.0,120,928.0,Category 4,382.83
AL092004,IVAN,2004-09-15T06:00:00+00:00,2004-09-15T01:00:00-05:00,2004-09-15,,HU,25.6,-87.4,120,935.0,Category 4,328.85
AL092004,IVAN,2004-09-15T12:00:00+00:00,2004-09-15T07:00:00-05:00,2004-09-15,,HU,26.7,-87.9,115,939.0,Category 4,270.89
AL092004,IVAN,2004-09-15T18:00:00+00:00,2004-09-15T13:00:00-05:00,2004-09-15,,HU,27.9,-88.2,115,937.0,Category 4,214.25
AL092004,IVAN,2004-09-16T00:00:00+00:00,2004-09-15T19:00:00-05:00,2004-09-15,,HU,28.9,-88.2,110,931.0,Category 3,170.93
AL092004,IVAN,2004-09-16T06:00:00+00:00,2004-09-16T01:00:00-05:00,2004-09-16,,HU,30.0,-87.9,105,943.0,Category 3,130.05
AL092004,IVAN,2004-09-16T06:50:00+00:00,2004-09-16T01:50:00-05:00,2004-09-16,L,HU,30.2,-87.9,105,946.0,Category 3,129.73
AL092004,IVAN,2004-09-16T12:00:00+00:00,2004-09-16T07:00:00-05:00,2004-09-16,,HU,31.4,-87.7,70,965.0,Category 1,146.42
AL092004,IVAN,2004-09-16T18:00:00+00:00,2004-09-16T13:00:00-05:00,2004-09-16,,TS,32.5,-87.4,50,975.0,Tropical Storm,191.42
AL092004,IVAN,2004-09-17T00:00:00+00:00,2004-09-16T19:00:00-05:00,2004-09-16,,TD,33.8,-86.5,30,986.0,Tropical Depression,257.9
AL092004,IVAN,2004-09-17T06:00:00+00:00,2004-09-17T01:00:00-05:00,2004-09-17,,TD,34.7,-85.7,25,991.0,Tropical Depression,316.11
AL092004,IVAN,2004-09-17T12:00:00+00:00,2004-09-17T07:00:00-05:00,2004-09-17,,TD,35.4,-84.0,20,994.0,Tropical Depression,378.05
AL092004,IVAN,2004-09-17T18:00:00+00:00,2004-09-17T13:00:00-05:00,2004-09-17,,TD,36.2,-82.3,20,996.0,Tropical Depression,464.17
AL092004,IVAN,2004-09-20T00:00:00+00:00,2004-09-19T19:00:00-05:00,2004-09-19,,EX,31.0,-77.5,35,1008.0,Tropical Storm,493.24
AL092004,IVAN,2004-09-20T06:00:00+00:00,2004-09-20T01:00:00-05:00,2004-09-20,,EX,29.0,-78.5,35,1008.0,Tropical Storm,441.33
AL092004,IVAN,2004-09-20T12:00:00+00:00,2004-09-20T07:00:00-05:00,2004-09-20,,EX,27.5,-78.7,30,1009.0,Tropical Depression,462.51
AL092004,IVAN,2004-09-20T18:00:00+00:00,2004-09-20T13:00:00-05:00,2004-09-20,,EX,26.4,-79.1,25,1009.0,Tropical Depression,478.42
AL092004,IVAN,2004-09-21T00:00:00+00:00,2004-09-20T19:00:00-05:00,2004-09-20,,EX,26.1,-79.7,25,1009.0,Tropical Depression,460.71
AL092004,IVAN,2004-09-21T06:00:00+00:00,2004-09-21T01:00:00-05:00,2004-09-21,,EX,25.9,-80.6,25,1009.0,Tropical Depression,427.83
AL092004,IVAN,2004-09-21T12:00:00+00:00,2004-09-21T07:00:00-05:00,2004-09-21,,EX,25.8,-81.7,25,1009.0,Tropical Depression,386.94
AL092004,IVAN,2004-09-21T18:00:00+00:00,2004-09-21T13:00:00-05:00,2004-09-21,,LO,25.2,-82.8,25,1010.0,Tropical Depression,384.59
AL092004,IVAN,2004-09-22T00:00:00+00:00,2004-09-21T19:00:00-05:00,2004-09-21,,LO,24.8,-84.1,25,1010.0,Tropical Depression,381.23
AL092004,IVAN,2004-09-22T06:00:00+00:00,2004-09-22T01:00:00-05:00,2004-09-22,,LO,25.1,-86.1,25,1010.0,Tropical Depression,347.93
AL092004,IVAN,2004-09-22T12:00:00+00:00,2004-09-22T07:00:00-05:00,2004-09-22,,LO,26.0,-87.3,25,1010.0,Tropical Depression,300.64
AL092004,IVAN,2004-09-22T18:00:00+00:00,2004-09-22T13:00:00-05:00,2004-09-22,,TD,26.5,-88.6,30,1008.0,Tropical Depression,305.27
AL092004,IVAN,2004-09-23T00:00:00+00:00,2004-09-22T19:00:00-05:00,2004-09-22,,TS,27.1,-89.5,35,1007.0,Tropical Storm,309.75
AL092004,IVAN,2004-09-23T06:00:00+00:00,2004-09-23T01:00:00-05:00,2004-09-23,,TS,27.9,-91.0,35,1007.0,Tropical Storm,353.54
AL092004,IVAN,2004-09-23T12:00:00+00:00,2004-09-23T07:00:00-05:00,2004-09-23,,TS,28.9,-92.2,50,998.0,Tropical Storm,398.07
AL092004,IVAN,2004-09-23T18:00:00+00:00,2004-09-23T13:00:00-05:00,2004-09-23,,TS,29.2,-92.7,40,1003.0,Tropical Storm,423.25
AL092004,IVAN,2004-09-24T00:00:00+00:00,2004-09-23T19:00:00-05:00,2004-09-23,,TD,29.6,-93.2,30,1003.0,Tropical Depression,448.98
AL092004,IVAN,2004-09-24T02:00:00+00:00,2004-09-23T21:00:00-05:00,2004-09-23,L,TD,29.8,-93.6,30,1004.0,Tropical Depression,471.53
AL112004,JEANNE,2004-09-26T00:00:00+00:00,2004-09-25T19:00:00-05:00,2004-09-25,,HU,27.1,-79.4,105,951.0,Category 3,437.04
AL112004,JEANNE,2004-09-26T04:00:00+00:00,2004-09-25T23:00:00-05:00,2004-09-25,L,HU,27.2,-80.2,105,950.0,Category 3,391.38
AL112004,JEANNE,2004-09-26T06:00:00+00:00,2004-09-26T01:00:00-05:00,2004-09-26,,HU,27.3,-80.6,95,953.0,Category 2,366.99
AL112004,JEANNE,2004-09-26T12:00:00+00:00,2004-09-26T07:00:00-05:00,2004-09-26,,HU,27.7,-81.6,75,965.0,Category 1,300.74
AL112004,JEANNE,2004-09-26T18:00:00+00:00,2004-09-26T13:00:00-05:00,2004-09-26,,TS,28.3,-82.3,55,970.0,Tropical Storm,242.23
AL112004,JEANNE,2004-09-27T00:00:00+00:00,2004-09-26T19:00:00-05:00,2004-09-26,,TS,29.3,-82.7,45,978.0,Tropical Storm,190.55
AL112004,JEANNE,2004-09-27T06:00:00+00:00,2004-09-27T01:00:00-05:00,2004-09-27,,TS,30.1,-83.3,40,981.0,Tropical Storm,145.25
AL112004,JEANNE,2004-09-27T12:00:00+00:00,2004-09-27T07:00:00-05:00,2004-09-27,,TS,31.1,-83.9,35,987.0,Tropical Storm,127.98
AL112004,JEANNE,2004-09-27T18:00:00+00:00,2004-09-27T13:00:00-05:00,2004-09-27,,TD,32.5,-83.6,30,993.0,Tropical Depression,206.72
AL112004,JEANNE,2004-09-28T00:00:00+00:00,2004-09-27T19:00:00-05:00,2004-09-27,,TD,33.2,-83.2,25,998.0,Tropical Depression,259.36
AL112004,JEANNE,2004-09-28T06:00:00+00:00,2004-09-28T01:00:00-05:00,2004-09-28,,TD,34.1,-82.4,20,999.0,Tropical Depression,336.71
AL112004,JEANNE,2004-09-28T12:00:00+00:00,2004-09-28T07:00:00-05:00,2004-09-28,,TD,35.4,-81.0,20,1000.0,Tropical Depression,456.32
AL142004,MATTHEW,2004-10-09T18:00:00+00:00,2004-10-09T13:00:00-05:00,2004-10-09,,TS,26.8,-92.0,40,997.0,Tropical Storm,444.65
AL142004,MATTHEW,2004-10-10T00:00:00+00:00,2004-10-09T19:00:00-05:00,2004-10-09,,TS,27.3,-91.4,40,998.0,Tropical Storm,395.08
AL142004,MATTHEW,2004-10-10T06:00:00+00:00,2004-10-10T01:00:00-05:00,2004-10-10,,TS,28.1,-91.2,40,999.0,Tropical Storm,358.56
AL142004,MATTHEW,2004-10-10T11:00:00+00:00,2004-10-10T06:00:00-05:00,2004-10-10,L,TS,29.2,-91.0,35,999.0,Tropical Storm,322.76
AL142004,MATTHEW,2004-10-10T12:00:00+00:00,2004-10-10T07:00:00-05:00,2004-10-10,,TD,29.4,-90.9,30,1000.0,Tropical Depression,314.08
AL142004,MATTHEW,2004-10-10T18:00:00+00:00,2004-10-10T13:00:00-05:00,2004-10-10,,TD,30.4,-90.9,25,1002.0,Tropical Depression,309.09
AL142004,MATTHEW,2004-10-11T00:00:00+00:00,2004-10-10T19:00:00-05:00,2004-10-10,,EX,32.0,-91.0,25,1003.0,Tropical Depression,337.69
AL142004,MATTHEW,2004-10-11T06:00:00+00:00,2004-10-11T01:00:00-05:00,2004-10-11,,EX,33.6,-91.9,20,1005.0,Tropical Depression,434.3
AL012005,ARLENE,2005-06-10T12:00:00+00:00,2005-06-10T07:00:00-05:00,2005-06-10,,TS,23.0,-84.7,50,1000.0,Tropical Storm,496.38
AL012005,ARLENE,2005-06-10T18:00:00+00:00,2005-06-10T13:00:00-05:00,2005-06-10,,TS,24.9,-85.1,55,995.0,Tropical Storm,363.07
AL012005,ARLENE,2005-06-11T00:00:00+00:00,2005-06-10T19:00:00-05:00,2005-06-10,,TS,26.5,-85.6,60,990.0,Tropical Storm,250.59
AL012005,ARLENE,2005-06-11T01:00:00+00:00,2005-06-10T20:00:00-05:00,2005-06-10,I,TS,26.5,-85.6,60,989.0,Tropical Storm,250.59
AL012005,ARLENE,2005-06-11T06:00:00+00:00,2005-06-11T01:00:00-05:00,2005-06-11,,TS,27.7,-86.8,60,993.0,Tropical Storm,179.61
AL012005,ARLENE,2005-06-11T12:00:00+00:00,2005-06-11T07:00:00-05:00,2005-06-11,,TS,28.9,-87.2,55,990.0,Tropical Storm,122.38
AL012005,ARLENE,2005-06-11T18:00:00+00:00,2005-06-11T13:00:00-05:00,2005-06-11,,TS,30.1,-87.5,50,991.0,Tropical Storm,105.8
AL012005,ARLENE,2005-06-11T19:00:00+00:00,2005-06-11T14:00:00-05:00,2005-06-11,L,TS,30.3,-87.5,50,991.0,Tropical Storm,106.37
AL012005,ARLENE,2005-06-12T00:00:00+00:00,2005-06-11T19:00:00-05:00,2005-06-11,,TD,31.4,-87.6,30,994.0,Tropical Depression,141.72
AL012005,ARLENE,2005-06-12T06:00:00+00:00,2005-06-12T01:00:00-05:00,2005-06-12,,TD,32.7,-87.7,25,998.0,Tropical Depression,212.47
AL012005,ARLENE,2005-06-12T12:00:00+00:00,2005-06-12T07:00:00-05:00,2005-06-12,,TD,35.0,-88.0,20,1003.0,Tropical Depression,361.81
AL012005,ARLENE,2005-06-12T18:00:00+00:00,2005-06-12T13:00:00-05:00,2005-06-12,,TD,37.0,-87.8,20,1005.0,Tropical Depression,489.7
AL032005,CINDY,2005-07-05T00:00:00+00:00,2005-07-04T19:00:00-05:00,2005-07-04,,TD,23.9,-89.7,30,1009.0,Tropical Depression,494.57
AL032005,CINDY,2005-07-05T06:00:00+00:00,2005-07-05T01:00:00-05:00,2005-07-05,,TS,25.1,-90.2,35,1009.0,Tropical Storm,441.98
AL032005,CINDY,2005-07-05T12:00:00+00:00,2005-07-05T07:00:00-05:00,2005-07-05,,TS,26.4,-90.4,45,1002.0,Tropical Storm,383.34
AL032005,CINDY,2005-07-05T18:00:00+00:00,2005-07-05T13:00:00-05:00,2005-07-05,,TS,27.6,-90.5,60,997.0,Tropical Storm,337.21
AL032005,CINDY,2005-07-06T00:00:00+00:00,2005-07-05T19:00:00-05:00,2005-07-05,,HU,28.5,-90.3,65,992.0,Category 1,297.31
AL032005,CINDY,2005-07-06T03:00:00+00:00,2005-07-05T22:00:00-05:00,2005-07-05,L,HU,29.2,-90.1,65,991.0,Category 1,270.02
AL032005,CINDY,2005-07-06T06:00:00+00:00,2005-07-06T01:00:00-05:00,2005-07-06,,TS,29.6,-90.0,50,994.0,Tropical Storm,258.4
AL032005,CINDY,2005-07-06T09:00:00+00:00,2005-07-06T04:00:00-05:00,2005-07-06,L,TS,30.2,-89.5,45,995.0,Tropical Storm,225.26
AL032005,CINDY,2005-07-06T12:00:00+00:00,2005-07-06T07:00:00-05:00,2005-07-06,,TS,30.8,-88.9,40,998.0,Tropical Storm,194.46
AL032005,CINDY,2005-07-06T18:00:00+00:00,2005-07-06T13:00:00-05:00,2005-07-06,,TD,31.6,-88.1,30,1000.0,Tropical Depression,173.61
AL032005,CINDY,2005-07-07T00:00:00+00:00,2005-07-06T19:00:00-05:00,2005-07-06,,TD,32.4,-87.2,25,1004.0,Tropical Depression,179.56
AL032005,CINDY,2005-07-07T06:00:00+00:00,2005-07-07T01:00:00-05:00,2005-07-07,,TD,33.2,-86.2,20,1008.0,Tropical Depression,214.25
AL032005,CINDY,2005-07-07T12:00:00+00:00,2005-07-07T07:00:00-05:00,2005-07-07,,EX,34.6,-84.1,20,1009.0,Tropical Depression,323.48
AL032005,CINDY,2005-07-07T18:00:00+00:00,2005-07-07T13:00:00-05:00,2005-07-07,,EX,35.6,-81.8,20,1010.0,Tropical Depression,441.62
AL042005,DENNIS,2005-07-09T12:00:00+00:00,2005-07-09T07:00:00-05:00,2005-07-09,,HU,24.3,-83.4,80,967.0,Category 1,427.14
AL042005,DENNIS,2005-07-09T18:00:00+00:00,2005-07-09T13:00:00-05:00,2005-07-09,,HU,25.2,-84.2,90,962.0,Category 2,352.92
AL042005,DENNIS,2005-07-10T00:00:00+00:00,2005-07-09T19:00:00-05:00,2005-07-09,,HU,26.1,-85.0,110,942.0,Category 3,281.63
AL042005,DENNIS,2005-07-10T06:00:00+00:00,2005-07-10T01:00:00-05:00,2005-07-10,,HU,27.2,-85.8,125,935.0,Category 4,202.14
AL042005,DENNIS,2005-07-10T12:00:00+00:00,2005-07-10T07:00:00-05:00,2005-07-10,,HU,28.5,-86.3,120,930.0,Category 4,117.41
AL042005,DENNIS,2005-07-10T18:00:00+00:00,2005-07-10T13:00:00-05:00,2005-07-10,,HU,29.9,-86.9,110,942.0,Category 3,71.71
AL042005,DENNIS,2005-07-10T19:30:00+00:00,2005-07-10T14:30:00-05:00,2005-07-10,L,HU,30.4,-87.1,105,946.0,Category 3,83.94
AL042005,DENNIS,2005-07-11T00:00:00+00:00,2005-07-10T19:00:00-05:00,2005-07-10,,TS,31.5,-87.7,45,970.0,Tropical Storm,150.63
AL042005,DENNIS,2005-07-11T06:00:00+00:00,2005-07-11T01:00:00-05:00,2005-07-11,,TD,32.6,-88.5,30,991.0,Tropical Depression,236.52
AL042005,DENNIS,2005-07-11T12:00:00+00:00,2005-07-11T07:00:00-05:00,2005-07-11,,TD,33.9,-88.8,25,997.0,Tropical Depression,316.79
AL042005,DENNIS,2005-07-11T18:00:00+00:00,2005-07-11T13:00:00-05:00,2005-07-11,,TD,35.3,-89.1,20,1002.0,Tropical Depression,407.64
AL042005,DENNIS,2005-07-12T00:00:00+00:00,2005-07-11T19:00:00-05:00,2005-07-11,,TD,36.4,-89.2,20,1003.0,Tropical Depression,477.57
AL122005,KATRINA,2005-08-25T12:00:00+00:00,2005-08-25T07:00:00-05:00,2005-08-25,,TS,26.2,-79.0,55,994.0,Tropical Storm,491.36
AL122005,KATRINA,2005-08-25T18:00:00+00:00,2005-08-25T13:00:00-05:00,2005-08-25,,TS,26.2,-79.6,60,988.0,Tropical Storm,461.35
AL122005,KATRINA,2005-08-25T22:30:00+00:00,2005-08-25T17:30:00-05:00,2005-08-25,L,HU,26.0,-80.1,70,984.0,Category 1,446.03
AL122005,KATRINA,2005-08-26T00:00:00+00:00,2005-08-25T19:00:00-05:00,2005-08-25,,HU,25.9,-80.3,70,983.0,Category 1,441.38
AL122005,KATRINA,2005-08-26T06:00:00+00:00,2005-08-26T01:00:00-05:00,2005-08-26,,HU,25.4,-81.3,65,987.0,Category 1,424.09
AL122005,KATRINA,2005-08-26T12:00:00+00:00,2005-08-26T07:00:00-05:00,2005-08-26,,HU,25.1,-82.0,75,979.0,Category 1,415.49
AL122005,KATRINA,2005-08-26T18:00:00+00:00,2005-08-26T13:00:00-05:00,2005-08-26,,HU,24.9,-82.6,85,968.0,Category 2,408.74
AL122005,KATRINA,2005-08-27T00:00:00+00:00,2005-08-26T19:00:00-05:00,2005-08-26,,HU,24.6,-83.3,90,959.0,Category 2,409.79
AL122005,KATRINA,2005-08-27T06:00:00+00:00,2005-08-27T01:00:00-05:00,2005-08-27,,HU,24.4,-84.0,95,950.0,Category 2,409.56
AL122005,KATRINA,2005-08-27T12:00:00+00:00,2005-08-27T07:00:00-05:00,2005-08-27,,HU,24.4,-84.7,100,942.0,Category 3,400.58
AL122005,KATRINA,2005-08-27T18:00:00+00:00,2005-08-27T13:00:00-05:00,2005-08-27,,HU,24.5,-85.3,100,948.0,Category 3,389.54
AL122005,KATRINA,2005-08-28T00:00:00+00:00,2005-08-27T19:00:00-05:00,2005-08-27,,HU,24.8,-85.9,100,941.0,Category 3,368.07
AL122005,KATRINA,2005-08-28T06:00:00+00:00,2005-08-28T01:00:00-05:00,2005-08-28,,HU,25.2,-86.7,125,930.0,Category 4,345.42
AL122005,KATRINA,2005-08-28T12:00:00+00:00,2005-08-28T07:00:00-05:00,2005-08-28,,HU,25.7,-87.7,145,909.0,Category 5,328.53
AL122005,KATRINA,2005-08-28T18:00:00+00:00,2005-08-28T13:00:00-05:00,2005-08-28,,HU,26.3,-88.6,150,902.0,Category 5,316.79
AL122005,KATRINA,2005-08-29T00:00:00+00:00,2005-08-28T19:00:00-05:00,2005-08-28,,HU,27.2,-89.2,140,905.0,Category 5,291.68
AL122005,KATRINA,2005-08-29T06:00:00+00:00,2005-08-29T01:00:00-05:00,2005-08-29,,HU,28.2,-89.6,125,913.0,Category 4,268.69
AL122005,KATRINA,2005-08-29T11:10:00+00:00,2005-08-29T06:10:00-05:00,2005-08-29,L,HU,29.3,-89.6,110,920.0,Category 3,239.11
AL122005,KATRINA,2005-08-29T12:00:00+00:00,2005-08-29T07:00:00-05:00,2005-08-29,,HU,29.5,-89.6,110,923.0,Category 3,235.98
AL122005,KATRINA,2005-08-29T14:45:00+00:00,2005-08-29T09:45:00-05:00,2005-08-29,L,HU,30.2,-89.6,105,928.0,Category 3,231.23
AL122005,KATRINA,2005-08-29T18:00:00+00:00,2005-08-29T13:00:00-05:00,2005-08-29,,HU,31.1,-89.6,80,948.0,Category 1,239.77
AL122005,KATRINA,2005-08-30T00:00:00+00:00,2005-08-29T19:00:00-05:00,2005-08-29,,TS,32.6,-89.1,50,961.0,Tropical Storm,262.22
AL122005,KATRINA,2005-08-30T06:00:00+00:00,2005-08-30T01:00:00-05:00,2005-08-30,,TS,34.1,-88.6,40,978.0,Tropical Storm,321.89
AL122005,KATRINA,2005-08-30T12:00:00+00:00,2005-08-30T07:00:00-05:00,2005-08-30,,TD,35.6,-88.0,30,985.0,Tropical Depression,400.53
AL122005,KATRINA,2005-08-30T18:00:00+00:00,2005-08-30T13:00:00-05:00,2005-08-30,,TD,37.0,-87.0,30,990.0,Tropical Depression,480.6
AL162005,OPHELIA,2005-09-07T00:00:00+00:00,2005-09-06T19:00:00-05:00,2005-09-06,,TD,27.4,-78.5,30,1006.0,Tropical Depression,476.54
AL162005,OPHELIA,2005-09-07T06:00:00+00:00,2005-09-07T01:00:00-05:00,2005-09-07,,TS,27.9,-78.8,35,1003.0,Tropical Storm,445.96
AL162005,OPHELIA,2005-09-07T12:00:00+00:00,2005-09-07T07:00:00-05:00,2005-09-07,,TS,28.7,-79.2,40,1000.0,Tropical Storm,405.1
AL162005,OPHELIA,2005-09-07T18:00:00+00:00,2005-09-07T13:00:00-05:00,2005-09-07,,TS,28.8,-79.3,45,997.0,Tropical Storm,397.44
AL162005,OPHELIA,2005-09-08T00:00:00+00:00,2005-09-07T19:00:00-05:00,2005-09-07,,TS,28.8,-79.3,45,994.0,Tropical Storm,397.44
AL162005,OPHELIA,2005-09-08T06:00:00+00:00,2005-09-08T01:00:00-05:00,2005-09-08,,TS,28.7,-79.6,50,994.0,Tropical Storm,381.8
AL162005,OPHELIA,2005-09-08T12:00:00+00:00,2005-09-08T07:00:00-05:00,2005-09-08,,TS,28.6,-79.6,55,988.0,Tropical Storm,383.81
AL162005,OPHELIA,2005-09-08T18:00:00+00:00,2005-09-08T13:00:00-05:00,2005-09-08,,TS,28.6,-79.5,60,988.0,Tropical Storm,389.61
AL162005,OPHELIA,2005-09-09T00:00:00+00:00,2005-09-08T19:00:00-05:00,2005-09-08,,HU,28.6,-79.3,65,990.0,Category 1,401.21
AL162005,OPHELIA,2005-09-09T06:00:00+00:00,2005-09-09T01:00:00-05:00,2005-09-09,,TS,28.9,-79.3,55,990.0,Tropical Storm,395.72
AL162005,OPHELIA,2005-09-09T12:00:00+00:00,2005-09-09T07:00:00-05:00,2005-09-09,,TS,29.3,-79.1,55,983.0,Tropical Storm,401.86
AL162005,OPHELIA,2005-09-09T18:00:00+00:00,2005-09-09T13:00:00-05:00,2005-09-09,,HU,29.8,-78.5,65,983.0,Category 1,433.29
AL162005,OPHELIA,2005-09-10T00:00:00+00:00,2005-09-09T19:00:00-05:00,2005-09-09,,TS,30.2,-77.5,60,983.0,Tropical Storm,491.57
AL162005,OPHELIA,2005-09-13T00:00:00+00:00,2005-09-12T19:00:00-05:00,2005-09-12,,TS,31.8,-77.7,60,989.0,Tropical Storm,489.5
AL162005,OPHELIA,2005-09-13T06:00:00+00:00,2005-09-13T01:00:00-05:00,2005-09-13,,TS,31.9,-77.9,60,990.0,Tropical Storm,479.48
AL162005,OPHELIA,2005-09-13T12:00:00+00:00,2005-09-13T07:00:00-05:00,2005-09-13,,TS,32.1,-78.0,60,989.0,Tropical Storm,477.06
AL162005,OPHELIA,2005-09-13T18:00:00+00:00,2005-09-13T13:00:00-05:00,2005-09-13,,TS,32.3,-78.1,60,988.0,Tropical Storm,475.12
AL162005,OPHELIA,2005-09-14T00:00:00+00:00,2005-09-13T19:00:00-05:00,2005-09-13,,HU,32.6,-78.1,65,985.0,Category 1,481.39
AL162005,OPHELIA,2005-09-14T06:00:00+00:00,2005-09-14T01:00:00-05:00,2005-09-14,,HU,32.9,-78.0,70,980.0,Category 1,493.88
AL182005,RITA,2005-09-20T18:00:00+00:00,2005-09-20T13:00:00-05:00,2005-09-20,,HU,23.9,-81.6,85,975.0,Category 2,499.5
AL182005,RITA,2005-09-21T00:00:00+00:00,2005-09-20T19:00:00-05:00,2005-09-20,,HU,24.1,-82.7,95,967.0,Category 2,456.03
AL182005,RITA,2005-09-21T06:00:00+00:00,2005-09-21T01:00:00-05:00,2005-09-21,,HU,24.2,-84.0,110,955.0,Category 3,422.95
AL182005,RITA,2005-09-21T12:00:00+00:00,2005-09-21T07:00:00-05:00,2005-09-21,,HU,24.2,-85.2,120,941.0,Category 4,410.67
AL182005,RITA,2005-09-21T18:00:00+00:00,2005-09-21T13:00:00-05:00,2005-09-21,,HU,24.3,-86.2,145,920.0,Category 5,403.5
AL182005,RITA,2005-09-22T00:00:00+00:00,2005-09-21T19:00:00-05:00,2005-09-21,,HU,24.5,-86.9,150,897.0,Category 5,395.22
AL182005,RITA,2005-09-22T03:00:00+00:00,2005-09-21T22:00:00-05:00,2005-09-21,I,HU,24.7,-87.3,155,895.0,Category 5,386.99
AL182005,RITA,2005-09-22T06:00:00+00:00,2005-09-22T01:00:00-05:00,2005-09-22,,HU,24.8,-87.6,155,897.0,Category 5,385.35
AL182005,RITA,2005-09-22T12:00:00+00:00,2005-09-22T07:00:00-05:00,2005-09-22,,HU,25.2,-88.3,140,908.0,Category 5,374.83
AL182005,RITA,2005-09-22T18:00:00+00:00,2005-09-22T13:00:00-05:00,2005-09-22,,HU,25.6,-89.1,125,913.0,Category 4,374.27
AL182005,RITA,2005-09-23T00:00:00+00:00,2005-09-22T19:00:00-05:00,2005-09-22,,HU,26.0,-89.9,120,915.0,Category 4,381.86
AL182005,RITA,2005-09-23T06:00:00+00:00,2005-09-23T01:00:00-05:00,2005-09-23,,HU,26.5,-90.7,115,924.0,Category 4,392.5
AL182005,RITA,2005-09-23T12:00:00+00:00,2005-09-23T07:00:00-05:00,2005-09-23,,HU,27.1,-91.5,115,927.0,Category 4,407.55
AL182005,RITA,2005-09-23T18:00:00+00:00,2005-09-23T13:00:00-05:00,2005-09-23,,HU,27.8,-92.3,110,930.0,Category 3,428.33
AL182005,RITA,2005-09-24T00:00:00+00:00,2005-09-23T19:00:00-05:00,2005-09-23,,HU,28.6,-93.0,105,931.0,Category 3,450.19
AL182005,RITA,2005-09-24T06:00:00+00:00,2005-09-24T01:00:00-05:00,2005-09-24,,HU,29.4,-93.6,100,935.0,Category 3,474.59
AL182005,RITA,2005-09-24T07:40:00+00:00,2005-09-24T02:40:00-05:00,2005-09-24,L,HU,29.7,-93.7,100,937.0,Category 3,478.12
AL182005,RITA,2005-09-24T12:00:00+00:00,2005-09-24T07:00:00-05:00,2005-09-24,,HU,30.5,-94.1,65,949.0,Category 1,499.81
AL222005,TAMMY,2005-10-05T06:00:00+00:00,2005-10-05T01:00:00-05:00,2005-10-05,,TS,27.3,-79.7,35,1006.0,Tropical Storm,414.17
AL222005,TAMMY,2005-10-05T12:00:00+00:00,2005-10-05T07:00:00-05:00,2005-10-05,,TS,28.3,-80.2,40,1004.0,Tropical Storm,356.48
AL222005,TAMMY,2005-10-05T18:00:00+00:00,2005-10-05T13:00:00-05:00,2005-10-05,,TS,29.5,-80.9,45,1001.0,Tropical Storm,292.73
AL222005,TAMMY,2005-10-05T23:00:00+00:00,2005-10-05T18:00:00-05:00,2005-10-05,L,TS,30.4,-81.4,45,1002.0,Tropical Storm,259.09
AL222005,TAMMY,2005-10-06T00:00:00+00:00,2005-10-05T19:00:00-05:00,2005-10-05,,TS,30.5,-81.6,45,1002.0,Tropical Storm,247.69
AL222005,TAMMY,2005-10-06T06:00:00+00:00,2005-10-06T01:00:00-05:00,2005-10-06,,TS,31.3,-82.8,35,1005.0,Tropical Storm,192.04
AL222005,TAMMY,2005-10-06T12:00:00+00:00,2005-10-06T07:00:00-05:00,2005-10-06,,TD,31.8,-84.6,25,1005.0,Tropical Depression,133.7
AL222005,TAMMY,2005-10-06T18:00:00+00:00,2005-10-06T13:00:00-05:00,2005-10-06,,TD,31.2,-85.8,15,1006.0,Tropical Depression,74.39
AL222005,TAMMY,2005-10-07T00:00:00+00:00,2005-10-06T19:00:00-05:00,2005-10-06,,LO,30.3,-85.6,10,1005.0,Tropical Depression,14.37
AL252005,WILMA,2005-10-23T18:00:00+00:00,2005-10-23T13:00:00-05:00,2005-10-23,,HU,23.1,-85.4,90,963.0,Category 2,485.81
AL252005,WILMA,2005-10-24T00:00:00+00:00,2005-10-23T19:00:00-05:00,2005-10-23,,HU,24.0,-84.3,95,958.0,Category 2,432.23
AL252005,WILMA,2005-10-24T06:00:00+00:00,2005-10-24T01:00:00-05:00,2005-10-24,,HU,25.0,-83.1,110,953.0,Category 3,388.98
AL252005,WILMA,2005-10-24T10:30:00+00:00,2005-10-24T05:30:00-05:00,2005-10-24,L,HU,25.9,-81.7,105,950.0,Category 3,381.56
AL252005,WILMA,2005-10-24T12:00:00+00:00,2005-10-24T07:00:00-05:00,2005-10-24,,HU,26.2,-81.0,95,950.0,Category 2,395.59
AL252005,WILMA,2005-10-24T18:00:00+00:00,2005-10-24T13:00:00-05:00,2005-10-24,,HU,28.0,-78.8,105,955.0,Category 3,443.44
AL012006,ALBERTO,2006-06-11T06:00:00+00:00,2006-06-11T01:00:00-05:00,2006-06-11,,TS,23.1,-87.1,35,1003.0,Tropical Storm,492.69
AL012006,ALBERTO,2006-06-11T12:00:00+00:00,2006-06-11T07:00:00-05:00,2006-06-11,,TS,23.6,-87.8,40,1002.0,Tropical Storm,468.51
AL012006,ALBERTO,2006-06-11T18:00:00+00:00,2006-06-11T13:00:00-05:00,2006-06-11,,TS,24.3,-87.8,40,1004.0,Tropical Storm,422.06
AL012006,ALBERTO,2006-06-12T00:00:00+00:00,2006-06-11T19:00:00-05:00,2006-06-11,,TS,25.0,-87.8,40,1004.0,Tropical Storm,376.09
AL012006,ALBERTO,2006-06-12T06:00:00+00:00,2006-06-12T01:00:00-05:00,2006-06-12,,TS,25.8,-87.4,45,1004.0,Tropical Storm,315.72
AL012006,ALBERTO,2006-06-12T12:00:00+00:00,2006-06-12T07:00:00-05:00,2006-06-12,,TS,26.8,-86.3,60,1000.0,Tropical Storm,232.33
AL012006,ALBERTO,2006-06-12T18:00:00+00:00,2006-06-12T13:00:00-05:00,2006-06-12,,TS,27.5,-85.4,60,997.0,Tropical Storm,182.47
AL012006,ALBERTO,2006-06-13T00:00:00+00:00,2006-06-12T19:00:00-05:00,2006-06-12,,TS,28.0,-85.0,60,995.0,Tropical Storm,153.3
AL012006,ALBERTO,2006-06-13T06:00:00+00:00,2006-06-13T01:00:00-05:00,2006-06-13,,TS,28.8,-84.4,55,995.0,Tropical Storm,121.58
AL012006,ALBERTO,2006-06-13T12:00:00+00:00,2006-06-13T07:00:00-05:00,2006-06-13,,TS,29.5,-84.1,45,996.0,Tropical Storm,106.83
AL012006,ALBERTO,2006-06-13T16:30:00+00:00,2006-06-13T11:30:00-05:00,2006-06-13,L,TS,29.9,-83.7,40,998.0,Tropical Storm,122.44
AL012006,ALBERTO,2006-06-13T18:00:00+00:00,2006-06-13T13:00:00-05:00,2006-06-13,,TS,30.3,-83.5,35,997.0,Tropical Storm,133.69
AL012006,ALBERTO,2006-06-14T00:00:00+00:00,2006-06-13T19:00:00-05:00,2006-06-13,,TS,31.3,-82.8,35,1001.0,Tropical Storm,192.04
AL012006,ALBERTO,2006-06-14T06:00:00+00:00,2006-06-14T01:00:00-05:00,2006-06-14,,TD,32.8,-81.9,30,1003.0,Tropical Depression,291.7
AL012006,ALBERTO,2006-06-14T12:00:00+00:00,2006-06-14T07:00:00-05:00,2006-06-14,,EX,34.3,-80.7,35,1003.0,Tropical Storm,411.8
AL062006,ERNESTO,2006-08-30T00:00:00+00:00,2006-08-29T19:00:00-05:00,2006-08-29,,TS,24.7,-80.4,40,1004.0,Tropical Storm,497.21
AL062006,ERNESTO,2006-08-30T03:00:00+00:00,2006-08-29T22:00:00-05:00,2006-08-29,L,TS,24.9,-80.6,40,1003.0,Tropical Storm,478.56
AL062006,ERNESTO,2006-08-30T05:00:00+00:00,2006-08-30T00:00:00-05:00,2006-08-30,L,TS,25.2,-80.7,40,1003.0,Tropical Storm,458.72
AL062006,ERNESTO,2006-08-30T06:00:00+00:00,2006-08-30T01:00:00-05:00,2006-08-30,,TS,25.3,-80.8,40,1003.0,Tropical Storm,449.41
AL062006,ERNESTO,2006-08-30T12:00:00+00:00,2006-08-30T07:00:00-05:00,2006-08-30,,TS,26.1,-81.0,35,1002.0,Tropical Storm,400.45
AL062006,ERNESTO,2006-08-30T18:00:00+00:00,2006-08-30T13:00:00-05:00,2006-08-30,,TS,27.0,-80.9,35,1001.0,Tropical Storm,363.98
AL062006,ERNESTO,2006-08-31T00:00:00+00:00,2006-08-30T19:00:00-05:00,2006-08-30,,TS,28.1,-80.7,35,1000.0,Tropical Storm,334.27
AL062006,ERNESTO,2006-08-31T06:00:00+00:00,2006-08-31T01:00:00-05:00,2006-08-31,,TS,29.4,-80.4,45,999.0,Tropical Storm,323.56
AL062006,ERNESTO,2006-08-31T12:00:00+00:00,2006-08-31T07:00:00-05:00,2006-08-31,,TS,30.6,-79.9,55,995.0,Tropical Storm,349.07
AL062006,ERNESTO,2006-08-31T18:00:00+00:00,2006-08-31T13:00:00-05:00,2006-08-31,,TS,31.9,-79.2,60,993.0,Tropical Storm,405.58
AL062006,ERNESTO,2006-09-01T00:00:00+00:00,2006-08-31T19:00:00-05:00,2006-08-31,,TS,33.2,-78.4,60,988.0,Tropical Storm,480.41
AL012007,ANDREA,2007-05-08T18:00:00+00:00,2007-05-08T13:00:00-05:00,2007-05-08,,EX,30.4,-77.9,50,1001.0,Tropical Storm,467.57
AL012007,ANDREA,2007-05-09T00:00:00+00:00,2007-05-08T19:00:00-05:00,2007-05-08,,EX,30.6,-78.3,50,1001.0,Tropical Storm,444.09
AL012007,ANDREA,2007-05-09T06:00:00+00:00,2007-05-09T01:00:00-05:00,2007-05-09,,SS,30.8,-78.7,50,1001.0,Tropical Storm,421.2
AL012007,ANDREA,2007-05-09T12:00:00+00:00,2007-05-09T07:00:00-05:00,2007-05-09,,SS,30.9,-79.2,45,1003.0,Tropical Storm,392.31
AL012007,ANDREA,2007-05-09T18:00:00+00:00,2007-05-09T13:00:00-05:00,2007-05-09,,SS,30.9,-79.6,40,1003.0,Tropical Storm,368.75
AL012007,ANDREA,2007-05-10T00:00:00+00:00,2007-05-09T19:00:00-05:00,2007-05-09,,SS,30.7,-79.8,40,1003.0,Tropical Storm,355.53
AL012007,ANDREA,2007-05-10T06:00:00+00:00,2007-05-10T01:00:00-05:00,2007-05-10,,SS,30.5,-79.9,35,1003.0,Tropical Storm,348.67
AL012007,ANDREA,2007-05-10T12:00:00+00:00,2007-05-10T07:00:00-05:00,2007-05-10,,SD,30.1,-79.9,30,1003.0,Tropical Depression,348.42
AL012007,ANDREA,2007-05-10T18:00:00+00:00,2007-05-10T13:00:00-05:00,2007-05-10,,SD,29.7,-79.8,30,1003.0,Tropical Depression,356.31
AL012007,ANDREA,2007-05-11T00:00:00+00:00,2007-05-10T19:00:00-05:00,2007-05-10,,SD,29.4,-79.8,30,1004.0,Tropical Depression,359.14
AL012007,ANDREA,2007-05-11T06:00:00+00:00,2007-05-11T01:00:00-05:00,2007-05-11,,LO,29.1,-79.8,30,1004.0,Tropical Depression,363.13
AL012007,ANDREA,2007-05-11T12:00:00+00:00,2007-05-11T07:00:00-05:00,2007-05-11,,LO,28.8,-79.7,25,1005.0,Tropical Depression,374.07
AL012007,ANDREA,2007-05-11T18:00:00+00:00,2007-05-11T13:00:00-05:00,2007-05-11,,LO,28.5,-79.5,25,1005.0,Tropical Depression,391.71
AL012007,ANDREA,2007-05-12T00:00:00+00:00,2007-05-11T19:00:00-05:00,2007-05-11,,LO,28.5,-79.1,25,1006.0,Tropical Depression,414.84
AL012007,ANDREA,2007-05-12T06:00:00+00:00,2007-05-12T01:00:00-05:00,2007-05-12,,LO,28.8,-78.8,25,1006.0,Tropical Depression,426.75
AL012007,ANDREA,2007-05-12T12:00:00+00:00,2007-05-12T07:00:00-05:00,2007-05-12,,LO,29.1,-78.5,25,1006.0,Tropical Depression,439.95
AL012007,ANDREA,2007-05-12T18:00:00+00:00,2007-05-12T13:00:00-05:00,2007-05-12,,LO,29.4,-78.0,25,1006.0,Tropical Depression,466.25
AL022007,BARRY,2007-06-01T18:00:00+00:00,2007-06-01T13:00:00-05:00,2007-06-01,,TS,23.6,-85.7,40,1000.0,Tropical Storm,450.84
AL022007,BARRY,2007-06-02T00:00:00+00:00,2007-06-01T19:00:00-05:00,2007-06-01,,TS,24.3,-85.2,50,997.0,Tropical Storm,403.78
AL022007,BARRY,2007-06-02T06:00:00+00:00,2007-06-02T01:00:00-05:00,2007-06-02,,TS,25.1,-84.6,45,998.0,Tropical Storm,354.01
AL022007,BARRY,2007-06-02T12:00:00+00:00,2007-06-02T07:00:00-05:00,2007-06-02,,TS,27.0,-83.2,40,1000.0,Tropical Storm,264.92
AL022007,BARRY,2007-06-02T14:00:00+00:00,2007-06-02T09:00:00-05:00,2007-06-02,L,TD,27.5,-82.7,30,1000.0,Tropical Depression,257.94
AL022007,BARRY,2007-06-02T18:00:00+00:00,2007-06-02T13:00:00-05:00,2007-06-02,,TD,29.7,-82.1,30,1001.0,Tropical Depression,219.36
AL022007,BARRY,2007-06-03T00:00:00+00:00,2007-06-02T19:00:00-05:00,2007-06-02,,EX,31.4,-81.4,35,997.0,Tropical Storm,271.73
AL022007,BARRY,2007-06-03T06:00:00+00:00,2007-06-03T01:00:00-05:00,2007-06-03,,EX,32.1,-81.0,40,994.0,Tropical Storm,311.26
AL022007,BARRY,2007-06-03T12:00:00+00:00,2007-06-03T07:00:00-05:00,2007-06-03,,EX,32.8,-80.0,40,994.0,Tropical Storm,384.88
AL022007,BARRY,2007-06-03T18:00:00+00:00,2007-06-03T13:00:00-05:00,2007-06-03,,EX,33.7,-78.4,40,994.0,Tropical Storm,495.61
AL092007,HUMBERTO,2007-09-13T12:00:00+00:00,2007-09-13T07:00:00-05:00,2007-09-13,,HU,30.3,-93.6,65,989.0,Category 1,469.96
AL092007,HUMBERTO,2007-09-13T18:00:00+00:00,2007-09-13T13:00:00-05:00,2007-09-13,,TS,31.0,-92.9,35,1000.0,Tropical Storm,430.76
AL092007,HUMBERTO,2007-09-14T00:00:00+00:00,2007-09-13T19:00:00-05:00,2007-09-13,,TD,31.7,-92.3,25,1006.0,Tropical Depression,404.3
AL092007,HUMBERTO,2007-09-14T06:00:00+00:00,2007-09-14T01:00:00-05:00,2007-09-14,,LO,32.4,-91.3,20,1009.0,Tropical Depression,364.52
AL092007,HUMBERTO,2007-09-14T12:00:00+00:00,2007-09-14T07:00:00-05:00,2007-09-14,,LO,32.7,-90.2,20,1012.0,Tropical Depression,317.95
AL102007,TEN,2007-09-21T12:00:00+00:00,2007-09-21T07:00:00-05:00,2007-09-21,,SD,29.1,-85.4,30,1005.0,Tropical Depression,73.54
AL102007,TEN,2007-09-21T18:00:00+00:00,2007-09-21T13:00:00-05:00,2007-09-21,,TD,29.7,-86.1,30,1005.0,Tropical Depression,36.79
AL102007,TEN,2007-09-22T00:00:00+00:00,2007-09-21T19:00:00-05:00,2007-09-21,L,TD,30.4,-86.7,25,1006.0,Tropical Depression,60.93
AL102007,TEN,2007-09-22T06:00:00+00:00,2007-09-22T01:00:00-05:00,2007-09-22,,LO,30.7,-87.7,20,1007.0,Tropical Depression,123.92
AL172007,OLGA,2007-12-15T18:00:00+00:00,2007-12-15T12:00:00-06:00,2007-12-15,,LO,23.3,-88.2,30,1007.0,Tropical Depression,495.54
AL172007,OLGA,2007-12-16T00:00:00+00:00,2007-12-15T18:00:00-06:00,2007-12-15,,LO,25.0,-87.2,30,1005.0,Tropical Depression,365.36
AL172007,OLGA,2007-12-16T06:00:00+00:00,2007-12-16T00:00:00-06:00,2007-12-16,,LO,26.3,-85.2,25,1006.0,Tropical Depression,266.24
AL032008,CRISTOBAL,2008-07-19T00:00:00+00:00,2008-07-18T19:00:00-05:00,2008-07-18,,TD,31.7,-79.8,25,1010.0,Tropical Depression,367.92
AL032008,CRISTOBAL,2008-07-19T06:00:00+00:00,2008-07-19T01:00:00-05:00,2008-07-19,,TD,32.2,-79.4,25,1009.0,Tropical Depression,400.69
AL032008,CRISTOBAL,2008-07-19T12:00:00+00:00,2008-07-19T07:00:00-05:00,2008-07-19,,TS,32.4,-78.8,35,1007.0,Tropical Storm,438.32
AL032008,CRISTOBAL,2008-07-19T18:00:00+00:00,2008-07-19T13:00:00-05:00,2008-07-19,,TS,32.8,-78.2,45,1006.0,Tropical Storm,480.57
AL052008,EDOUARD,2008-08-03T12:00:00+00:00,2008-08-03T07:00:00-05:00,2008-08-03,,TD,28.1,-87.4,25,1010.0,Tropical Depression,172.44
AL052008,EDOUARD,2008-08-03T18:00:00+00:00,2008-08-03T13:00:00-05:00,2008-08-03,,TD,28.1,-87.8,30,1009.0,Tropical Depression,187.58
AL052008,EDOUARD,2008-08-04T00:00:00+00:00,2008-08-03T19:00:00-05:00,2008-08-03,,TS,28.1,-88.5,45,1002.0,Tropical Storm,218.01
AL052008,EDOUARD,2008-08-04T06:00:00+00:00,2008-08-04T01:00:00-05:00,2008-08-04,,TS,28.1,-89.6,40,1005.0,Tropical Storm,272.28
AL052008,EDOUARD,2008-08-04T12:00:00+00:00,2008-08-04T07:00:00-05:00,2008-08-04,,TS,28.1,-90.3,40,1002.0,Tropical Storm,309.28
AL052008,EDOUARD,2008-08-04T18:00:00+00:00,2008-08-04T13:00:00-05:00,2008-08-04,,TS,28.3,-91.0,40,1001.0,Tropical Storm,341.86
AL052008,EDOUARD,2008-08-05T00:00:00+00:00,2008-08-04T19:00:00-05:00,2008-08-04,,TS,28.5,-91.7,50,999.0,Tropical Storm,376.73
AL052008,EDOUARD,2008-08-05T06:00:00+00:00,2008-08-05T01:00:00-05:00,2008-08-05,,TS,29.0,-92.9,55,997.0,Tropical Storm,437.78
AL062008,FAY,2008-08-18T18:00:00+00:00,2008-08-18T13:00:00-05:00,2008-08-18,,TS,24.3,-81.7,50,1000.0,Tropical Storm,472.44
AL062008,FAY,2008-08-18T20:30:00+00:00,2008-08-18T15:30:00-05:00,2008-08-18,L,TS,24.5,-81.8,50,998.0,Tropical Storm,457.35
AL062008,FAY,2008-08-19T00:00:00+00:00,2008-08-18T19:00:00-05:00,2008-08-18,,TS,25.0,-81.9,50,997.0,Tropical Storm,424.68
AL062008,FAY,2008-08-19T06:00:00+00:00,2008-08-19T01:00:00-05:00,2008-08-19,,TS,25.5,-81.8,55,994.0,Tropical Storm,399.67
AL062008,FAY,2008-08-19T08:45:00+00:00,2008-08-19T03:45:00-05:00,2008-08-19,L,TS,25.9,-81.6,55,991.0,Tropical Storm,385.52
AL062008,FAY,2008-08-19T12:00:00+00:00,2008-08-19T07:00:00-05:00,2008-08-19,,TS,26.4,-81.4,55,988.0,Tropical Storm,368.27
AL062008,FAY,2008-08-19T18:00:00+00:00,2008-08-19T13:00:00-05:00,2008-08-19,,TS,27.0,-81.1,60,986.0,Tropical Storm,354.28
AL062008,FAY,2008-08-20T00:00:00+00:00,2008-08-19T19:00:00-05:00,2008-08-19,,TS,27.5,-80.9,55,988.0,Tropical Storm,344.03
AL062008,FAY,2008-08-20T06:00:00+00:00,2008-08-20T01:00:00-05:00,2008-08-20,,TS,28.0,-80.6,50,992.0,Tropical Storm,342.8
AL062008,FAY,2008-08-20T12:00:00+00:00,2008-08-20T07:00:00-05:00,2008-08-20,,TS,28.4,-80.6,45,994.0,Tropical Storm,331.35
AL062008,FAY,2008-08-20T18:00:00+00:00,2008-08-20T13:00:00-05:00,2008-08-20,,TS,28.7,-80.6,45,997.0,Tropical Storm,324.04
AL062008,FAY,2008-08-21T00:00:00+00:00,2008-08-20T19:00:00-05:00,2008-08-20,,TS,28.9,-80.5,50,993.0,Tropical Storm,325.63
AL062008,FAY,2008-08-21T06:00:00+00:00,2008-08-21T01:00:00-05:00,2008-08-21,,TS,29.1,-80.7,50,993.0,Tropical Storm,310.3
AL062008,FAY,2008-08-21T12:00:00+00:00,2008-08-21T07:00:00-05:00,2008-08-21,,TS,29.2,-80.7,50,993.0,Tropical Storm,308.66
AL062008,FAY,2008-08-21T18:00:00+00:00,2008-08-21T13:00:00-05:00,2008-08-21,,TS,29.3,-81.0,55,993.0,Tropical Storm,289.49
AL062008,FAY,2008-08-21T19:00:00+00:00,2008-08-21T14:00:00-05:00,2008-08-21,L,TS,29.3,-81.1,55,993.0,Tropical Storm,283.61
AL062008,FAY,2008-08-22T00:00:00+00:00,2008-08-21T19:00:00-05:00,2008-08-21,,TS,29.3,-81.2,50,994.0,Tropical Storm,277.73
AL062008,FAY,2008-08-22T06:00:00+00:00,2008-08-22T01:00:00-05:00,2008-08-22,,TS,29.5,-81.9,50,995.0,Tropical Storm,233.62
AL062008,FAY,2008-08-22T12:00:00+00:00,2008-08-22T07:00:00-05:00,2008-08-22,,TS,29.6,-82.4,45,996.0,Tropical Storm,202.79
AL062008,FAY,2008-08-22T18:00:00+00:00,2008-08-22T13:00:00-05:00,2008-08-22,,TS,29.8,-83.0,40,997.0,Tropical Storm,164.95
AL062008,FAY,2008-08-23T00:00:00+00:00,2008-08-22T19:00:00-05:00,2008-08-22,,TS,29.7,-83.8,45,996.0,Tropical Storm,119.26
AL062008,FAY,2008-08-23T06:00:00+00:00,2008-08-23T01:00:00-05:00,2008-08-23,,TS,29.8,-84.7,45,997.0,Tropical Storm,65.62
AL062008,FAY,2008-08-23T06:15:00+00:00,2008-08-23T01:15:00-05:00,2008-08-23,L,TS,29.8,-84.7,45,997.0,Tropical Storm,65.62
AL062008,FAY,2008-08-23T12:00:00+00:00,2008-08-23T07:00:00-05:00,2008-08-23,,TS,30.0,-85.2,40,998.0,Tropical Storm,32.85
AL062008,FAY,2008-08-23T18:00:00+00:00,2008-08-23T13:00:00-05:00,2008-08-23,,TS,30.5,-85.9,40,999.0,Tropical Storm,27.82
AL062008,FAY,2008-08-24T00:00:00+00:00,2008-08-23T19:00:00-05:00,2008-08-23,,TD,30.8,-86.7,30,999.0,Tropical Depression,74.24
AL062008,FAY,2008-08-24T06:00:00+00:00,2008-08-24T01:00:00-05:00,2008-08-24,,TD,31.1,-87.7,30,999.0,Tropical Depression,135.13
AL062008,FAY,2008-08-24T12:00:00+00:00,2008-08-24T07:00:00-05:00,2008-08-24,,TD,31.8,-88.4,30,1000.0,Tropical Depression,195.99
AL062008,FAY,2008-08-24T18:00:00+00:00,2008-08-24T13:00:00-05:00,2008-08-24,,TD,31.5,-89.7,30,1001.0,Tropical Depression,254.0
AL062008,FAY,2008-08-25T00:00:00+00:00,2008-08-24T19:00:00-05:00,2008-08-24,,TD,31.3,-90.0,30,1001.0,Tropical Depression,266.3
AL062008,FAY,2008-08-25T06:00:00+00:00,2008-08-25T01:00:00-05:00,2008-08-25,,TD,31.5,-89.9,30,1002.0,Tropical Depression,265.04
AL062008,FAY,2008-08-25T12:00:00+00:00,2008-08-25T07:00:00-05:00,2008-08-25,,TD,32.0,-89.4,25,1002.0,Tropical Depression,252.89
AL062008,FAY,2008-08-25T18:00:00+00:00,2008-08-25T13:00:00-05:00,2008-08-25,,TD,32.4,-89.0,25,1002.0,Tropical Depression,248.99
AL062008,FAY,2008-08-26T00:00:00+00:00,2008-08-25T19:00:00-05:00,2008-08-25,,TD,32.7,-88.6,20,1002.0,Tropical Depression,245.53
AL062008,FAY,2008-08-26T06:00:00+00:00,2008-08-26T01:00:00-05:00,2008-08-26,,TD,33.3,-87.9,20,1003.0,Tropical Depression,253.74
AL062008,FAY,2008-08-26T12:00:00+00:00,2008-08-26T07:00:00-05:00,2008-08-26,,TD,33.9,-87.2,20,1003.0,Tropical Depression,274.67
AL062008,FAY,2008-08-26T18:00:00+00:00,2008-08-26T13:00:00-05:00,2008-08-26,,TD,34.6,-86.5,20,1004.0,Tropical Depression,312.44
AL062008,FAY,2008-08-27T00:00:00+00:00,2008-08-26T19:00:00-05:00,2008-08-26,,TD,35.0,-85.8,15,1005.0,Tropical Depression,336.86
AL062008,FAY,2008-08-27T06:00:00+00:00,2008-08-27T01:00:00-05:00,2008-08-27,,EX,35.5,-85.1,15,1006.0,Tropical Depression,373.17
AL062008,FAY,2008-08-27T12:00:00+00:00,2008-08-27T07:00:00-05:00,2008-08-27,,EX,36.1,-84.4,15,1007.0,Tropical Depression,419.93
AL062008,FAY,2008-08-27T18:00:00+00:00,2008-08-27T13:00:00-05:00,2008-08-27,,EX,36.9,-83.6,15,1008.0,Tropical Depression,483.88
AL072008,GUSTAV,2008-08-31T06:00:00+00:00,2008-08-31T01:00:00-05:00,2008-08-31,,HU,23.6,-84.4,105,960.0,Category 3,458.21
AL072008,GUSTAV,2008-08-31T12:00:00+00:00,2008-08-31T07:00:00-05:00,2008-08-31,,HU,24.8,-85.5,100,961.0,Category 3,368.19
AL072008,GUSTAV,2008-08-31T18:00:00+00:00,2008-08-31T13:00:00-05:00,2008-08-31,,HU,25.9,-86.7,95,960.0,Category 2,297.85
AL072008,GUSTAV,2008-09-01T00:00:00+00:00,2008-08-31T19:00:00-05:00,2008-08-31,,HU,26.9,-87.7,95,953.0,Category 2,252.88
AL072008,GUSTAV,2008-09-01T06:00:00+00:00,2008-09-01T01:00:00-05:00,2008-09-01,,HU,27.9,-89.0,95,954.0,Category 2,250.32
AL072008,GUSTAV,2008-09-01T12:00:00+00:00,2008-09-01T07:00:00-05:00,2008-09-01,,HU,28.8,-90.3,95,955.0,Category 2,289.74
AL072008,GUSTAV,2008-09-01T15:00:00+00:00,2008-09-01T10:00:00-05:00,2008-09-01,L,HU,29.2,-90.7,90,954.0,Category 2,305.13
AL072008,GUSTAV,2008-09-01T18:00:00+00:00,2008-09-01T13:00:00-05:00,2008-09-01,,HU,29.8,-91.4,85,958.0,Category 2,340.11
AL072008,GUSTAV,2008-09-02T00:00:00+00:00,2008-09-01T19:00:00-05:00,2008-09-01,,TS,30.7,-92.3,60,971.0,Tropical Storm,393.44
AL072008,GUSTAV,2008-09-02T06:00:00+00:00,2008-09-02T01:00:00-05:00,2008-09-02,,TS,31.4,-93.1,40,981.0,Tropical Storm,446.25
AL072008,GUSTAV,2008-09-02T12:00:00+00:00,2008-09-02T07:00:00-05:00,2008-09-02,,TD,32.1,-93.5,30,989.0,Tropical Depression,479.32
AL082008,HANNA,2008-09-05T12:00:00+00:00,2008-09-05T07:00:00-05:00,2008-09-05,,TS,28.2,-78.5,55,980.0,Tropical Storm,455.95
AL082008,HANNA,2008-09-05T18:00:00+00:00,2008-09-05T13:00:00-05:00,2008-09-05,,TS,29.9,-78.7,60,980.0,Tropical Storm,420.82
AL082008,HANNA,2008-09-06T00:00:00+00:00,2008-09-05T19:00:00-05:00,2008-09-05,,TS,31.5,-79.3,60,980.0,Tropical Storm,393.14
AL082008,HANNA,2008-09-06T06:00:00+00:00,2008-09-06T01:00:00-05:00,2008-09-06,,TS,33.4,-78.8,60,981.0,Tropical Storm,465.6
AL082008,HANNA,2008-09-06T07:00:00+00:00,2008-09-06T02:00:00-05:00,2008-09-06,L,TS,33.8,-78.7,60,981.0,Tropical Storm,483.84
AL092008,IKE,2008-09-10T00:00:00+00:00,2008-09-09T19:00:00-05:00,2008-09-09,,HU,23.1,-84.0,65,968.0,Category 1,496.98
AL092008,IKE,2008-09-10T06:00:00+00:00,2008-09-10T01:00:00-05:00,2008-09-10,,HU,23.4,-84.6,70,964.0,Category 1,469.84
AL092008,IKE,2008-09-10T12:00:00+00:00,2008-09-10T07:00:00-05:00,2008-09-10,,HU,23.8,-85.2,80,959.0,Category 1,438.23
AL092008,IKE,2008-09-10T18:00:00+00:00,2008-09-10T13:00:00-05:00,2008-09-10,,HU,24.2,-85.8,85,958.0,Category 2,409.4
AL092008,IKE,2008-09-11T00:00:00+00:00,2008-09-10T19:00:00-05:00,2008-09-10,,HU,24.7,-86.4,85,944.0,Category 2,377.07
AL092008,IKE,2008-09-11T06:00:00+00:00,2008-09-11T01:00:00-05:00,2008-09-11,,HU,25.1,-87.1,85,945.0,Category 2,357.17
AL092008,IKE,2008-09-11T12:00:00+00:00,2008-09-11T07:00:00-05:00,2008-09-11,,HU,25.5,-88.0,85,946.0,Category 2,348.34
AL092008,IKE,2008-09-11T18:00:00+00:00,2008-09-11T13:00:00-05:00,2008-09-11,,HU,25.8,-88.9,85,952.0,Category 2,355.93
AL092008,IKE,2008-09-12T00:00:00+00:00,2008-09-11T19:00:00-05:00,2008-09-11,,HU,26.1,-90.0,85,954.0,Category 2,380.79
AL092008,IKE,2008-09-12T06:00:00+00:00,2008-09-12T01:00:00-05:00,2008-09-12,,HU,26.4,-91.1,90,954.0,Category 2,415.87
AL092008,IKE,2008-09-12T12:00:00+00:00,2008-09-12T07:00:00-05:00,2008-09-12,,HU,26.9,-92.2,95,954.0,Category 2,451.49
AL092008,IKE,2008-09-12T18:00:00+00:00,2008-09-12T13:00:00-05:00,2008-09-12,,HU,27.5,-93.2,95,954.0,Category 2,487.11
AL172008,PALOMA,2008-11-13T12:00:00+00:00,2008-11-13T06:00:00-06:00,2008-11-13,,LO,23.8,-84.7,20,1010.0,Tropical Depression,441.59
AL172008,PALOMA,2008-11-13T18:00:00+00:00,2008-11-13T12:00:00-06:00,2008-11-13,,LO,25.0,-85.5,20,1010.0,Tropical Depression,354.38
AL172008,PALOMA,2008-11-14T00:00:00+00:00,2008-11-13T18:00:00-06:00,2008-11-13,,LO,26.8,-85.9,20,1010.0,Tropical Depression,229.97
AL172008,PALOMA,2008-11-14T06:00:00+00:00,2008-11-14T00:00:00-06:00,2008-11-14,,LO,28.9,-85.6,20,1010.0,Tropical Depression,85.0
AL042009,CLAUDETTE,2009-08-16T06:00:00+00:00,2009-08-16T01:00:00-05:00,2009-08-16,,TD,27.0,-83.4,30,1011.0,Tropical Depression,258.07
AL042009,CLAUDETTE,2009-08-16T12:00:00+00:00,2009-08-16T07:00:00-05:00,2009-08-16,,TS,28.2,-84.2,35,1010.0,Tropical Storm,161.9
AL042009,CLAUDETTE,2009-08-16T18:00:00+00:00,2009-08-16T13:00:00-05:00,2009-08-16,,TS,29.1,-85.1,50,1008.0,Tropical Storm,80.3
AL042009,CLAUDETTE,2009-08-17T00:00:00+00:00,2009-08-16T19:00:00-05:00,2009-08-16,,TS,29.8,-85.8,45,1005.0,Tropical Storm,22.84
AL042009,CLAUDETTE,2009-08-17T05:30:00+00:00,2009-08-17T00:30:00-05:00,2009-08-17,L,TS,30.4,-86.5,40,1005.0,Tropical Storm,49.73
AL042009,CLAUDETTE,2009-08-17T06:00:00+00:00,2009-08-17T01:00:00-05:00,2009-08-17,,TS,30.5,-86.6,40,1005.0,Tropical Storm,58.0
AL042009,CLAUDETTE,2009-08-17T12:00:00+00:00,2009-08-17T07:00:00-05:00,2009-08-17,,TD,31.5,-87.5,25,1013.0,Tropical Depression,141.62
AL042009,CLAUDETTE,2009-08-17T18:00:00+00:00,2009-08-17T13:00:00-05:00,2009-08-17,,TD,32.8,-88.3,20,1017.0,Tropical Depression,238.94
AL112009,IDA,2009-11-09T00:00:00+00:00,2009-11-08T18:00:00-06:00,2009-11-08,,HU,23.0,-86.5,90,979.0,Category 2,494.58
AL112009,IDA,2009-11-09T06:00:00+00:00,2009-11-09T00:00:00-06:00,2009-11-09,,HU,24.4,-87.5,80,988.0,Category 1,410.2
AL112009,IDA,2009-11-09T12:00:00+00:00,2009-11-09T06:00:00-06:00,2009-11-09,,TS,26.3,-88.3,60,989.0,Tropical Storm,307.1
AL112009,IDA,2009-11-09T18:00:00+00:00,2009-11-09T12:00:00-06:00,2009-11-09,,HU,27.9,-88.6,65,990.0,Category 1,231.73
AL112009,IDA,2009-11-09T21:00:00+00:00,2009-11-09T15:00:00-06:00,2009-11-09,W,HU,28.5,-88.7,75,990.0,Category 1,211.23
AL112009,IDA,2009-11-10T00:00:00+00:00,2009-11-09T18:00:00-06:00,2009-11-09,,TS,28.9,-88.7,60,993.0,Tropical Storm,197.61
AL112009,IDA,2009-11-10T06:00:00+00:00,2009-11-10T00:00:00-06:00,2009-11-10,,TS,29.8,-88.6,50,998.0,Tropical Storm,173.25
AL112009,IDA,2009-11-10T09:00:00+00:00,2009-11-10T03:00:00-06:00,2009-11-10,S,EX,30.1,-88.3,45,998.0,Tropical Storm,153.61
AL112009,IDA,2009-11-10T12:00:00+00:00,2009-11-10T06:00:00-06:00,2009-11-10,,EX,30.3,-88.0,35,999.0,Tropical Storm,136.07
AL112009,IDA,2009-11-10T18:00:00+00:00,2009-11-10T12:00:00-06:00,2009-11-10,,EX,30.6,-87.2,30,1002.0,Tropical Depression,93.58
AL112009,IDA,2009-11-11T00:00:00+00:00,2009-11-10T18:00:00-06:00,2009-11-10,,EX,30.6,-86.3,25,1005.0,Tropical Depression,47.24
AL112009,IDA,2009-11-11T06:00:00+00:00,2009-11-11T00:00:00-06:00,2009-11-11,,EX,30.8,-85.5,25,1006.0,Tropical Depression,48.61
AL032010,BONNIE,2010-07-23T14:30:00+00:00,2010-07-23T09:30:00-05:00,2010-07-23,L,TS,25.4,-80.2,35,1007.0,Tropical Storm,469.85
AL032010,BONNIE,2010-07-23T18:00:00+00:00,2010-07-23T13:00:00-05:00,2010-07-23,,TD,25.8,-81.1,30,1008.0,Tropical Depression,411.17
AL032010,BONNIE,2010-07-24T00:00:00+00:00,2010-07-23T19:00:00-05:00,2010-07-23,,TD,26.3,-82.6,30,1010.0,Tropical Depression,325.78
AL032010,BONNIE,2010-07-24T06:00:00+00:00,2010-07-24T01:00:00-05:00,2010-07-24,,TD,26.7,-84.4,30,1013.0,Tropical Depression,250.06
AL032010,BONNIE,2010-07-24T12:00:00+00:00,2010-07-24T07:00:00-05:00,2010-07-24,,TD,27.5,-85.9,25,1013.0,Tropical Depression,181.66
AL032010,BONNIE,2010-07-24T18:00:00+00:00,2010-07-24T13:00:00-05:00,2010-07-24,,TD,28.1,-87.1,25,1013.0,Tropical Depression,162.52
AL032010,BONNIE,2010-07-25T00:00:00+00:00,2010-07-24T19:00:00-05:00,2010-07-24,,LO,28.6,-88.3,25,1012.0,Tropical Depression,187.21
AL032010,BONNIE,2010-07-25T06:00:00+00:00,2010-07-25T01:00:00-05:00,2010-07-25,,LO,29.2,-89.5,25,1012.0,Tropical Depression,235.18
AL032010,BONNIE,2010-07-25T12:00:00+00:00,2010-07-25T07:00:00-05:00,2010-07-25,,LO,29.8,-90.5,20,1012.0,Tropical Depression,286.39
AL032010,BONNIE,2010-07-25T18:00:00+00:00,2010-07-25T13:00:00-05:00,2010-07-25,,LO,30.1,-91.0,15,1014.0,Tropical Depression,314.96
AL052010,FIVE,2010-08-10T06:00:00+00:00,2010-08-10T01:00:00-05:00,2010-08-10,,LO,25.7,-83.0,25,1008.0,Tropical Depression,348.18
AL052010,FIVE,2010-08-10T12:00:00+00:00,2010-08-10T07:00:00-05:00,2010-08-10,,LO,25.7,-83.3,25,1008.0,Tropical Depression,339.8
AL052010,FIVE,2010-08-10T18:00:00+00:00,2010-08-10T13:00:00-05:00,2010-08-10,,TD,25.9,-83.7,30,1008.0,Tropical Depression,317.08
AL052010,FIVE,2010-08-11T00:00:00+00:00,2010-08-10T19:00:00-05:00,2010-08-10,,TD,26.1,-84.1,30,1008.0,Tropical Depression,295.3
AL052010,FIVE,2010-08-11T06:00:00+00:00,2010-08-11T01:00:00-05:00,2010-08-11,,LO,26.5,-85.0,30,1008.0,Tropical Depression,254.37
AL052010,FIVE,2010-08-11T12:00:00+00:00,2010-08-11T07:00:00-05:00,2010-08-11,,LO,27.1,-86.1,25,1008.0,Tropical Depression,210.21
AL052010,FIVE,2010-08-11T18:00:00+00:00,2010-08-11T13:00:00-05:00,2010-08-11,,LO,28.0,-87.5,25,1009.0,Tropical Depression,181.61
AL052010,FIVE,2010-08-12T00:00:00+00:00,2010-08-11T19:00:00-05:00,2010-08-11,,LO,29.0,-88.4,25,1009.0,Tropical Depression,178.29
AL052010,FIVE,2010-08-12T06:00:00+00:00,2010-08-12T01:00:00-05:00,2010-08-12,,LO,29.4,-88.8,25,1008.0,Tropical Depression,190.82
AL052010,FIVE,2010-08-12T12:00:00+00:00,2010-08-12T07:00:00-05:00,2010-08-12,,LO,29.7,-89.0,25,1008.0,Tropical Depression,198.02
AL052010,FIVE,2010-08-12T18:00:00+00:00,2010-08-12T13:00:00-05:00,2010-08-12,,LO,29.8,-89.0,25,1008.0,Tropical Depression,197.02
AL052010,FIVE,2010-08-13T00:00:00+00:00,2010-08-12T19:00:00-05:00,2010-08-12,,LO,30.0,-88.9,25,1007.0,Tropical Depression,189.75
AL052010,FIVE,2010-08-13T06:00:00+00:00,2010-08-13T01:00:00-05:00,2010-08-13,,LO,30.4,-88.8,25,1007.0,Tropical Depression,184.19
AL052010,FIVE,2010-08-13T12:00:00+00:00,2010-08-13T07:00:00-05:00,2010-08-13,,LO,30.8,-88.6,25,1008.0,Tropical Depression,177.17
AL052010,FIVE,2010-08-13T18:00:00+00:00,2010-08-13T13:00:00-05:00,2010-08-13,,LO,31.4,-88.0,25,1008.0,Tropical Depression,161.0
AL052010,FIVE,2010-08-14T00:00:00+00:00,2010-08-13T19:00:00-05:00,2010-08-13,,LO,32.0,-87.3,20,1009.0,Tropical Depression,159.42
AL052010,FIVE,2010-08-14T06:00:00+00:00,2010-08-14T01:00:00-05:00,2010-08-14,,LO,32.5,-86.5,15,1010.0,Tropical Depression,170.27
AL052010,FIVE,2010-08-14T12:00:00+00:00,2010-08-14T07:00:00-05:00,2010-08-14,,LO,32.8,-85.9,15,1011.0,Tropical Depression,185.1
AL052010,FIVE,2010-08-14T18:00:00+00:00,2010-08-14T13:00:00-05:00,2010-08-14,,LO,33.0,-85.4,15,1012.0,Tropical Depression,199.59
AL052010,FIVE,2010-08-15T00:00:00+00:00,2010-08-14T19:00:00-05:00,2010-08-14,,LO,32.8,-85.0,15,1012.0,Tropical Depression,189.76
AL052010,FIVE,2010-08-15T06:00:00+00:00,2010-08-15T01:00:00-05:00,2010-08-15,,LO,32.5,-84.9,15,1013.0,Tropical Depression,171.25
AL052010,FIVE,2010-08-15T12:00:00+00:00,2010-08-15T07:00:00-05:00,2010-08-15,,LO,32.0,-85.0,15,1013.0,Tropical Depression,136.56
AL052010,FIVE,2010-08-15T18:00:00+00:00,2010-08-15T13:00:00-05:00,2010-08-15,,LO,31.5,-85.1,20,1013.0,Tropical Depression,102.09
AL052010,FIVE,2010-08-16T00:00:00+00:00,2010-08-15T19:00:00-05:00,2010-08-15,,LO,30.8,-85.3,20,1011.0,Tropical Depression,53.21
AL052010,FIVE,2010-08-16T06:00:00+00:00,2010-08-16T01:00:00-05:00,2010-08-16,,LO,30.0,-85.6,20,1010.0,Tropical Depression,11.62
AL052010,FIVE,2010-08-16T12:00:00+00:00,2010-08-16T07:00:00-05:00,2010-08-16,,LO,29.3,-86.0,20,1009.0,Tropical Depression,59.26
AL052010,FIVE,2010-08-16T18:00:00+00:00,2010-08-16T13:00:00-05:00,2010-08-16,,LO,29.3,-86.8,25,1008.0,Tropical Depression,85.86
AL052010,FIVE,2010-08-17T00:00:00+00:00,2010-08-16T19:00:00-05:00,2010-08-16,,LO,29.6,-87.7,25,1007.0,Tropical Depression,123.49
AL052010,FIVE,2010-08-17T06:00:00+00:00,2010-08-17T01:00:00-05:00,2010-08-17,,LO,30.0,-88.6,25,1008.0,Tropical Depression,171.84
AL052010,FIVE,2010-08-17T12:00:00+00:00,2010-08-17T07:00:00-05:00,2010-08-17,,LO,30.7,-89.4,25,1008.0,Tropical Depression,222.25
AL052010,FIVE,2010-08-17T18:00:00+00:00,2010-08-17T13:00:00-05:00,2010-08-17,,LO,31.3,-90.3,20,1009.0,Tropical Depression,283.32
AL052010,FIVE,2010-08-18T00:00:00+00:00,2010-08-17T19:00:00-05:00,2010-08-17,,LO,31.7,-91.0,15,1010.0,Tropical Depression,330.76
AL162010,NICOLE,2010-09-30T06:00:00+00:00,2010-09-30T01:00:00-05:00,2010-09-30,,EX,26.1,-79.0,40,995.0,Tropical Storm,495.36
AL162010,NICOLE,2010-09-30T12:00:00+00:00,2010-09-30T07:00:00-05:00,2010-09-30,,EX,27.4,-78.5,40,996.0,Tropical Storm,476.54
AL022011,BRET,2011-07-16T06:00:00+00:00,2011-07-16T01:00:00-05:00,2011-07-16,,LO,30.7,-79.7,20,1014.0,Tropical Depression,361.45
AL022011,BRET,2011-07-16T12:00:00+00:00,2011-07-16T07:00:00-05:00,2011-07-16,,LO,30.3,-79.4,20,1014.0,Tropical Depression,378.1
AL022011,BRET,2011-07-16T18:00:00+00:00,2011-07-16T13:00:00-05:00,2011-07-16,,LO,29.8,-79.1,20,1014.0,Tropical Depression,397.45
AL022011,BRET,2011-07-17T00:00:00+00:00,2011-07-16T19:00:00-05:00,2011-07-16,,LO,29.3,-78.8,20,1014.0,Tropical Depression,419.68
AL022011,BRET,2011-07-17T06:00:00+00:00,2011-07-17T01:00:00-05:00,2011-07-17,,LO,28.8,-78.5,20,1014.0,Tropical Depression,444.39
AL022011,BRET,2011-07-17T12:00:00+00:00,2011-07-17T07:00:00-05:00,2011-07-17,,LO,28.3,-78.3,25,1013.0,Tropical Depression,465.37
AL022011,BRET,2011-07-17T18:00:00+00:00,2011-07-17T13:00:00-05:00,2011-07-17,,TD,27.8,-78.2,30,1011.0,Tropical Depression,482.59
AL022011,BRET,2011-07-18T00:00:00+00:00,2011-07-17T19:00:00-05:00,2011-07-17,,TS,27.5,-78.1,35,1008.0,Tropical Storm,496.1
AL092011,IRENE,2011-08-26T12:00:00+00:00,2011-08-26T07:00:00-05:00,2011-08-26,,HU,30.0,-77.4,85,947.0,Category 2,498.09
AL092011,IRENE,2011-08-26T18:00:00+00:00,2011-08-26T13:00:00-05:00,2011-08-26,,HU,31.1,-77.5,80,950.0,Category 1,493.88
AL132011,LEE,2011-09-02T00:00:00+00:00,2011-09-01T19:00:00-05:00,2011-09-01,,TD,26.6,-91.4,30,1007.0,Tropical Depression,421.98
AL132011,LEE,2011-09-02T06:00:00+00:00,2011-09-02T01:00:00-05:00,2011-09-02,,TD,26.9,-91.4,30,1006.0,Tropical Depression,409.97
AL132011,LEE,2011-09-02T12:00:00+00:00,2011-09-02T07:00:00-05:00,2011-09-02,,TS,27.2,-91.4,35,1005.0,Tropical Storm,398.67
AL132011,LEE,2011-09-02T18:00:00+00:00,2011-09-02T13:00:00-05:00,2011-09-02,,TS,27.5,-91.4,40,1003.0,Tropical Storm,388.15
AL132011,LEE,2011-09-03T00:00:00+00:00,2011-09-02T19:00:00-05:00,2011-09-02,,TS,28.0,-91.5,40,1001.0,Tropical Storm,378.07
AL132011,LEE,2011-09-03T06:00:00+00:00,2011-09-03T01:00:00-05:00,2011-09-03,,TS,28.5,-91.8,45,997.0,Tropical Storm,382.48
AL132011,LEE,2011-09-03T12:00:00+00:00,2011-09-03T07:00:00-05:00,2011-09-03,,SS,29.0,-92.0,50,993.0,Tropical Storm,384.7
AL132011,LEE,2011-09-03T18:00:00+00:00,2011-09-03T13:00:00-05:00,2011-09-03,,SS,29.2,-92.2,45,989.0,Tropical Storm,393.62
AL132011,LEE,2011-09-04T00:00:00+00:00,2011-09-03T19:00:00-05:00,2011-09-03,,SS,29.4,-92.5,40,988.0,Tropical Storm,409.08
AL132011,LEE,2011-09-04T06:00:00+00:00,2011-09-04T01:00:00-05:00,2011-09-04,,SS,29.5,-92.5,40,986.0,Tropical Storm,408.09
AL132011,LEE,2011-09-04T09:00:00+00:00,2011-09-04T04:00:00-05:00,2011-09-04,T,SS,29.5,-92.2,40,986.0,Tropical Storm,390.21
AL132011,LEE,2011-09-04T10:30:00+00:00,2011-09-04T05:30:00-05:00,2011-09-04,L,SS,29.6,-92.1,40,986.0,Tropical Storm,383.36
AL132011,LEE,2011-09-04T12:00:00+00:00,2011-09-04T07:00:00-05:00,2011-09-04,,SS,29.7,-92.0,35,986.0,Tropical Storm,376.6
AL132011,LEE,2011-09-04T18:00:00+00:00,2011-09-04T13:00:00-05:00,2011-09-04,,SS,30.3,-91.8,35,988.0,Tropical Storm,362.59
AL132011,LEE,2011-09-05T00:00:00+00:00,2011-09-04T19:00:00-05:00,2011-09-04,,SS,30.4,-91.6,35,990.0,Tropical Storm,350.78
AL132011,LEE,2011-09-05T06:00:00+00:00,2011-09-05T01:00:00-05:00,2011-09-05,,EX,30.4,-91.4,35,993.0,Tropical Storm,338.87
AL132011,LEE,2011-09-05T12:00:00+00:00,2011-09-05T07:00:00-05:00,2011-09-05,,EX,30.6,-90.1,40,995.0,Tropical Storm,262.57
AL132011,LEE,2011-09-05T18:00:00+00:00,2011-09-05T13:00:00-05:00,2011-09-05,,EX,31.5,-88.3,40,995.0,Tropical Storm,179.67
AL132011,LEE,2011-09-06T00:00:00+00:00,2011-09-05T19:00:00-05:00,2011-09-05,,EX,32.6,-86.5,30,995.0,Tropical Depression,176.94
AL132011,LEE,2011-09-06T06:00:00+00:00,2011-09-06T01:00:00-05:00,2011-09-06,,EX,33.4,-85.3,20,997.0,Tropical Depression,227.69
AL132011,LEE,2011-09-06T12:00:00+00:00,2011-09-06T07:00:00-05:00,2011-09-06,,EX,34.2,-85.1,15,1000.0,Tropical Depression,283.95
AL132011,LEE,2011-09-06T18:00:00+00:00,2011-09-06T13:00:00-05:00,2011-09-06,,EX,34.9,-85.3,15,1004.0,Tropical Depression,330.87
AL012012,ALBERTO,2012-05-20T00:00:00+00:00,2012-05-19T19:00:00-05:00,2012-05-19,,TS,32.1,-78.1,50,995.0,Tropical Storm,471.4
AL012012,ALBERTO,2012-05-20T06:00:00+00:00,2012-05-20T01:00:00-05:00,2012-05-20,,TS,31.9,-78.7,45,998.0,Tropical Storm,433.88
AL012012,ALBERTO,2012-05-20T12:00:00+00:00,2012-05-20T07:00:00-05:00,2012-05-20,,TS,31.5,-79.5,40,1000.0,Tropical Storm,381.64
AL012012,ALBERTO,2012-05-20T18:00:00+00:00,2012-05-20T13:00:00-05:00,2012-05-20,,TS,31.1,-79.9,40,1005.0,Tropical Storm,353.11
AL012012,ALBERTO,2012-05-21T00:00:00+00:00,2012-05-20T19:00:00-05:00,2012-05-20,,TS,30.7,-80.1,35,1007.0,Tropical Storm,337.78
AL012012,ALBERTO,2012-05-21T06:00:00+00:00,2012-05-21T01:00:00-05:00,2012-05-21,,TS,30.4,-79.8,35,1007.0,Tropical Storm,354.36
AL012012,ALBERTO,2012-05-21T12:00:00+00:00,2012-05-21T07:00:00-05:00,2012-05-21,,TS,30.4,-79.1,35,1007.0,Tropical Storm,396.06
AL012012,ALBERTO,2012-05-21T18:00:00+00:00,2012-05-21T13:00:00-05:00,2012-05-21,,TS,30.5,-78.3,35,1006.0,Tropical Storm,443.86
AL022012,BERYL,2012-05-27T06:00:00+00:00,2012-05-27T01:00:00-05:00,2012-05-27,,SS,30.7,-78.0,45,998.0,Tropical Storm,462.22
AL022012,BERYL,2012-05-27T12:00:00+00:00,2012-05-27T07:00:00-05:00,2012-05-27,,SS,30.3,-78.9,50,998.0,Tropical Storm,407.92
AL022012,BERYL,2012-05-27T18:00:00+00:00,2012-05-27T13:00:00-05:00,2012-05-27,,TS,30.1,-79.8,55,997.0,Tropical Storm,354.39
AL022012,BERYL,2012-05-27T23:00:00+00:00,2012-05-27T18:00:00-05:00,2012-05-27,I,TS,30.1,-80.5,60,992.0,Tropical Storm,312.57
AL022012,BERYL,2012-05-28T00:00:00+00:00,2012-05-27T19:00:00-05:00,2012-05-27,,TS,30.1,-80.7,60,993.0,Tropical Storm,300.62
AL022012,BERYL,2012-05-28T04:10:00+00:00,2012-05-27T23:10:00-05:00,2012-05-27,L,TS,30.2,-81.4,55,994.0,Tropical Storm,258.7
AL022012,BERYL,2012-05-28T06:00:00+00:00,2012-05-28T01:00:00-05:00,2012-05-28,,TS,30.2,-81.7,50,996.0,Tropical Storm,240.79
AL022012,BERYL,2012-05-28T12:00:00+00:00,2012-05-28T07:00:00-05:00,2012-05-28,,TD,30.4,-82.5,30,1000.0,Tropical Depression,193.69
AL022012,BERYL,2012-05-28T18:00:00+00:00,2012-05-28T13:00:00-05:00,2012-05-28,,TD,30.5,-83.0,30,1003.0,Tropical Depression,164.88
AL022012,BERYL,2012-05-29T00:00:00+00:00,2012-05-28T19:00:00-05:00,2012-05-28,,TD,30.6,-83.2,25,1005.0,Tropical Depression,154.36
AL022012,BERYL,2012-05-29T06:00:00+00:00,2012-05-29T01:00:00-05:00,2012-05-29,,TD,30.8,-83.4,25,1005.0,Tropical Depression,146.39
AL022012,BERYL,2012-05-29T12:00:00+00:00,2012-05-29T07:00:00-05:00,2012-05-29,,TD,31.3,-83.0,25,1006.0,Tropical Depression,181.35
AL022012,BERYL,2012-05-29T18:00:00+00:00,2012-05-29T13:00:00-05:00,2012-05-29,,TD,31.7,-82.7,25,1006.0,Tropical Depression,209.99
AL022012,BERYL,2012-05-30T00:00:00+00:00,2012-05-29T19:00:00-05:00,2012-05-29,,TD,32.0,-81.8,25,1004.0,Tropical Depression,266.21
AL022012,BERYL,2012-05-30T06:00:00+00:00,2012-05-30T01:00:00-05:00,2012-05-30,,TS,32.6,-80.6,35,1002.0,Tropical Storm,347.56
AL022012,BERYL,2012-05-30T12:00:00+00:00,2012-05-30T07:00:00-05:00,2012-05-30,,TS,33.7,-78.9,40,1000.0,Tropical Storm,470.44
AL042012,DEBBY,2012-06-23T12:00:00+00:00,2012-06-23T07:00:00-05:00,2012-06-23,,TS,25.5,-87.6,35,1002.0,Tropical Storm,339.36
AL042012,DEBBY,2012-06-23T18:00:00+00:00,2012-06-23T13:00:00-05:00,2012-06-23,,TS,26.0,-87.5,40,1001.0,Tropical Storm,304.74
AL042012,DEBBY,2012-06-24T00:00:00+00:00,2012-06-23T19:00:00-05:00,2012-06-23,,TS,26.5,-87.4,45,998.0,Tropical Storm,270.27
AL042012,DEBBY,2012-06-24T06:00:00+00:00,2012-06-24T01:00:00-05:00,2012-06-24,,TS,27.0,-87.2,50,995.0,Tropical Storm,233.61
AL042012,DEBBY,2012-06-24T12:00:00+00:00,2012-06-24T07:00:00-05:00,2012-06-24,,TS,27.6,-86.8,55,994.0,Tropical Storm,186.08
AL042012,DEBBY,2012-06-24T18:00:00+00:00,2012-06-24T13:00:00-05:00,2012-06-24,,TS,28.0,-86.3,55,992.0,Tropical Storm,150.8
AL042012,DEBBY,2012-06-25T00:00:00+00:00,2012-06-24T19:00:00-05:00,2012-06-24,,TS,28.3,-86.0,50,990.0,Tropical Storm,127.14
AL042012,DEBBY,2012-06-25T06:00:00+00:00,2012-06-25T01:00:00-05:00,2012-06-25,,TS,28.6,-85.8,45,993.0,Tropical Storm,105.45
AL042012,DEBBY,2012-06-25T12:00:00+00:00,2012-06-25T07:00:00-05:00,2012-06-25,,TS,28.8,-85.6,40,994.0,Tropical Storm,91.88
AL042012,DEBBY,2012-06-25T18:00:00+00:00,2012-06-25T13:00:00-05:00,2012-06-25,,TS,29.0,-85.3,40,992.0,Tropical Storm,81.91
AL042012,DEBBY,2012-06-26T00:00:00+00:00,2012-06-25T19:00:00-05:00,2012-06-25,,TS,29.0,-85.0,45,991.0,Tropical Storm,89.26
AL042012,DEBBY,2012-06-26T06:00:00+00:00,2012-06-26T01:00:00-05:00,2012-06-26,,TS,28.9,-84.7,40,991.0,Tropical Storm,104.88
AL042012,DEBBY,2012-06-26T12:00:00+00:00,2012-06-26T07:00:00-05:00,2012-06-26,,TS,28.9,-84.3,40,992.0,Tropical Storm,120.65
AL042012,DEBBY,2012-06-26T18:00:00+00:00,2012-06-26T13:00:00-05:00,2012-06-26,,TS,29.2,-83.7,35,995.0,Tropical Storm,137.62
AL042012,DEBBY,2012-06-26T21:00:00+00:00,2012-06-26T16:00:00-05:00,2012-06-26,L,TS,29.3,-83.2,35,995.0,Tropical Storm,162.17
AL042012,DEBBY,2012-06-27T00:00:00+00:00,2012-06-26T19:00:00-05:00,2012-06-26,,TD,29.4,-82.7,30,997.0,Tropical Depression,188.51
AL042012,DEBBY,2012-06-27T06:00:00+00:00,2012-06-27T01:00:00-05:00,2012-06-27,,TD,29.5,-81.5,30,998.0,Tropical Depression,257.22
AL042012,DEBBY,2012-06-27T12:00:00+00:00,2012-06-27T07:00:00-05:00,2012-06-27,,TD,29.5,-80.3,30,1001.0,Tropical Depression,328.34
AL092012,ISAAC,2012-08-27T00:00:00+00:00,2012-08-26T19:00:00-05:00,2012-08-26,,TS,24.2,-82.6,50,990.0,Tropical Storm,452.27
AL092012,ISAAC,2012-08-27T06:00:00+00:00,2012-08-27T01:00:00-05:00,2012-08-27,,TS,25.0,-83.6,50,989.0,Tropical Storm,377.35
AL092012,ISAAC,2012-08-27T12:00:00+00:00,2012-08-27T07:00:00-05:00,2012-08-27,,TS,25.7,-84.7,55,987.0,Tropical Storm,312.13
AL092012,ISAAC,2012-08-27T18:00:00+00:00,2012-08-27T13:00:00-05:00,2012-08-27,,TS,26.3,-85.7,60,982.0,Tropical Storm,264.29
AL092012,ISAAC,2012-08-28T00:00:00+00:00,2012-08-27T19:00:00-05:00,2012-08-27,,TS,26.8,-86.7,60,979.0,Tropical Storm,237.17
AL092012,ISAAC,2012-08-28T06:00:00+00:00,2012-08-28T01:00:00-05:00,2012-08-28,,TS,27.4,-87.6,60,978.0,Tropical Storm,219.71
AL092012,ISAAC,2012-08-28T12:00:00+00:00,2012-08-28T07:00:00-05:00,2012-08-28,,HU,28.0,-88.3,65,975.0,Category 1,213.64
AL092012,ISAAC,2012-08-28T18:00:00+00:00,2012-08-28T13:00:00-05:00,2012-08-28,,HU,28.6,-88.8,70,972.0,Category 1,212.77
AL092012,ISAAC,2012-08-29T00:00:00+00:00,2012-08-28T19:00:00-05:00,2012-08-28,L,HU,28.9,-89.4,70,967.0,Category 1,236.33
AL092012,ISAAC,2012-08-29T03:00:00+00:00,2012-08-28T22:00:00-05:00,2012-08-28,T,HU,29.0,-89.7,70,965.0,Category 1,250.92
AL092012,ISAAC,2012-08-29T06:00:00+00:00,2012-08-29T01:00:00-05:00,2012-08-29,,HU,29.1,-90.0,70,966.0,Category 1,266.07
AL092012,ISAAC,2012-08-29T08:00:00+00:00,2012-08-29T03:00:00-05:00,2012-08-29,L,HU,29.2,-90.2,70,966.0,Category 1,275.86
AL092012,ISAAC,2012-08-29T12:00:00+00:00,2012-08-29T07:00:00-05:00,2012-08-29,,HU,29.4,-90.5,65,968.0,Category 1,290.43
AL092012,ISAAC,2012-08-29T18:00:00+00:00,2012-08-29T13:00:00-05:00,2012-08-29,,TS,29.7,-90.8,60,973.0,Tropical Storm,305.03
AL092012,ISAAC,2012-08-30T00:00:00+00:00,2012-08-29T19:00:00-05:00,2012-08-29,,TS,30.1,-91.1,55,977.0,Tropical Storm,320.93
AL092012,ISAAC,2012-08-30T06:00:00+00:00,2012-08-30T01:00:00-05:00,2012-08-30,,TS,30.6,-91.5,55,982.0,Tropical Storm,345.51
AL092012,ISAAC,2012-08-30T12:00:00+00:00,2012-08-30T07:00:00-05:00,2012-08-30,,TS,31.3,-91.9,45,987.0,Tropical Storm,375.34
AL092012,ISAAC,2012-08-30T18:00:00+00:00,2012-08-30T13:00:00-05:00,2012-08-30,,TS,32.1,-92.4,35,993.0,Tropical Storm,417.4
AL092012,ISAAC,2012-08-31T00:00:00+00:00,2012-08-30T19:00:00-05:00,2012-08-30,,TD,33.1,-92.9,30,998.0,Tropical Depression,469.14
AL012013,ANDREA,2013-06-05T18:00:00+00:00,2013-06-05T13:00:00-05:00,2013-06-05,,TS,25.1,-86.6,35,1006.0,Tropical Storm,351.25
AL012013,ANDREA,2013-06-06T00:00:00+00:00,2013-06-05T19:00:00-05:00,2013-06-05,,TS,25.6,-86.5,40,1002.0,Tropical Storm,316.16
AL012013,ANDREA,2013-06-06T06:00:00+00:00,2013-06-06T01:00:00-05:00,2013-06-06,,TS,26.7,-86.1,50,999.0,Tropical Storm,237.71
AL012013,ANDREA,2013-06-06T12:00:00+00:00,2013-06-06T07:00:00-05:00,2013-06-06,,TS,27.8,-84.9,55,995.0,Tropical Storm,168.29
AL012013,ANDREA,2013-06-06T18:00:00+00:00,2013-06-06T13:00:00-05:00,2013-06-06,,TS,28.9,-83.9,55,993.0,Tropical Storm,138.82
AL012013,ANDREA,2013-06-06T22:00:00+00:00,2013-06-06T17:00:00-05:00,2013-06-06,L,TS,29.5,-83.4,50,992.0,Tropical Storm,146.2
AL012013,ANDREA,2013-06-07T00:00:00+00:00,2013-06-06T19:00:00-05:00,2013-06-06,,TS,29.8,-83.0,40,993.0,Tropical Storm,164.95
AL012013,ANDREA,2013-06-07T06:00:00+00:00,2013-06-07T01:00:00-05:00,2013-06-07,,TS,31.6,-81.4,40,996.0,Tropical Storm,276.27
AL012013,ANDREA,2013-06-07T12:00:00+00:00,2013-06-07T07:00:00-05:00,2013-06-07,,TS,33.5,-80.2,40,996.0,Tropical Storm,399.64
AL042013,DORIAN,2013-08-02T06:00:00+00:00,2013-08-02T01:00:00-05:00,2013-08-02,,DB,25.7,-79.3,25,1013.0,Tropical Depression,497.42
AL042013,DORIAN,2013-08-02T12:00:00+00:00,2013-08-02T07:00:00-05:00,2013-08-02,,DB,26.5,-79.4,25,1013.0,Tropical Depression,459.2
AL042013,DORIAN,2013-08-02T18:00:00+00:00,2013-08-02T13:00:00-05:00,2013-08-02,,TD,27.4,-79.4,25,1013.0,Tropical Depression,427.03
AL042013,DORIAN,2013-08-03T00:00:00+00:00,2013-08-02T19:00:00-05:00,2013-08-02,,TD,28.4,-79.3,30,1013.0,Tropical Depression,405.42
AL042013,DORIAN,2013-08-03T06:00:00+00:00,2013-08-03T01:00:00-05:00,2013-08-03,,TD,29.4,-79.1,30,1013.0,Tropical Depression,400.75
AL042013,DORIAN,2013-08-03T12:00:00+00:00,2013-08-03T07:00:00-05:00,2013-08-03,,TD,30.3,-78.8,30,1013.0,Tropical Depression,413.89
AL042013,DORIAN,2013-08-03T18:00:00+00:00,2013-08-03T13:00:00-05:00,2013-08-03,,LO,31.1,-78.1,30,1013.0,Tropical Depression,458.59
AL122013,KAREN,2013-10-04T00:00:00+00:00,2013-10-03T19:00:00-05:00,2013-10-03,,TS,23.9,-89.0,50,999.0,Tropical Storm,474.8
AL122013,KAREN,2013-10-04T06:00:00+00:00,2013-10-04T01:00:00-05:00,2013-10-04,,TS,24.5,-89.5,45,1002.0,Tropical Storm,452.25
AL122013,KAREN,2013-10-04T12:00:00+00:00,2013-10-04T07:00:00-05:00,2013-10-04,,TS,25.2,-89.9,45,1002.0,Tropical Storm,425.25
AL122013,KAREN,2013-10-04T18:00:00+00:00,2013-10-04T13:00:00-05:00,2013-10-04,,TS,25.8,-90.2,45,1002.0,Tropical Storm,404.52
AL122013,KAREN,2013-10-05T00:00:00+00:00,2013-10-04T19:00:00-05:00,2013-10-04,,TS,26.1,-90.5,40,1004.0,Tropical Storm,402.2
AL122013,KAREN,2013-10-05T06:00:00+00:00,2013-10-05T01:00:00-05:00,2013-10-05,,TS,26.7,-91.0,40,1007.0,Tropical Storm,398.11
AL122013,KAREN,2013-10-05T12:00:00+00:00,2013-10-05T07:00:00-05:00,2013-10-05,,TS,27.6,-91.6,40,1008.0,Tropical Storm,395.65
AL122013,KAREN,2013-10-05T18:00:00+00:00,2013-10-05T13:00:00-05:00,2013-10-05,,TS,27.9,-91.8,35,1008.0,Tropical Storm,397.61
AL122013,KAREN,2013-10-06T00:00:00+00:00,2013-10-05T19:00:00-05:00,2013-10-05,,TD,28.1,-91.9,30,1008.0,Tropical Depression,397.79
AL122013,KAREN,2013-10-06T06:00:00+00:00,2013-10-06T01:00:00-05:00,2013-10-06,,TD,28.1,-91.9,25,1009.0,Tropical Depression,397.79
AL012014,ARTHUR,2014-06-28T18:00:00+00:00,2014-06-28T13:00:00-05:00,2014-06-28,,LO,32.0,-78.2,20,1017.0,Tropical Depression,463.99
AL012014,ARTHUR,2014-06-29T00:00:00+00:00,2014-06-28T19:00:00-05:00,2014-06-28,,LO,31.2,-77.8,20,1017.0,Tropical Depression,477.01
AL012014,ARTHUR,2014-06-29T06:00:00+00:00,2014-06-29T01:00:00-05:00,2014-06-29,,LO,30.5,-77.4,20,1017.0,Tropical Depression,497.42
AL012014,ARTHUR,2014-06-30T00:00:00+00:00,2014-06-29T19:00:00-05:00,2014-06-29,,LO,29.5,-77.5,25,1014.0,Tropical Depression,495.16
AL012014,ARTHUR,2014-06-30T06:00:00+00:00,2014-06-30T01:00:00-05:00,2014-06-30,,LO,29.2,-78.0,25,1013.0,Tropical Depression,468.39
AL012014,ARTHUR,2014-06-30T12:00:00+00:00,2014-06-30T07:00:00-05:00,2014-06-30,,LO,28.7,-78.4,25,1011.0,Tropical Depression,451.94
AL012014,ARTHUR,2014-06-30T18:00:00+00:00,2014-06-30T13:00:00-05:00,2014-06-30,,LO,28.1,-78.7,30,1010.0,Tropical Depression,446.73
AL012014,ARTHUR,2014-07-01T00:00:00+00:00,2014-06-30T19:00:00-05:00,2014-06-30,,TD,27.7,-78.9,30,1008.0,Tropical Depression,445.67
AL012014,ARTHUR,2014-07-01T06:00:00+00:00,2014-07-01T01:00:00-05:00,2014-07-01,,TD,27.5,-79.1,30,1007.0,Tropical Depression,440.35
AL012014,ARTHUR,2014-07-01T12:00:00+00:00,2014-07-01T07:00:00-05:00,2014-07-01,,TS,27.5,-79.2,35,1005.0,Tropical Storm,434.84
AL012014,ARTHUR,2014-07-01T18:00:00+00:00,2014-07-01T13:00:00-05:00,2014-07-01,,TS,27.7,-79.3,40,1003.0,Tropical Storm,423.36
AL012014,ARTHUR,2014-07-02T00:00:00+00:00,2014-07-01T19:00:00-05:00,2014-07-01,,TS,27.9,-79.2,45,999.0,Tropical Storm,423.36
AL012014,ARTHUR,2014-07-02T06:00:00+00:00,2014-07-02T01:00:00-05:00,2014-07-02,,TS,28.2,-79.1,50,995.0,Tropical Storm,421.47
AL012014,ARTHUR,2014-07-02T12:00:00+00:00,2014-07-02T07:00:00-05:00,2014-07-02,,TS,28.7,-79.0,55,995.0,Tropical Storm,416.78
AL012014,ARTHUR,2014-07-02T18:00:00+00:00,2014-07-02T13:00:00-05:00,2014-07-02,,TS,29.4,-79.1,60,994.0,Tropical Storm,400.75
AL012014,ARTHUR,2014-07-03T00:00:00+00:00,2014-07-02T19:00:00-05:00,2014-07-02,,HU,30.1,-79.2,65,987.0,Category 1,390.24
AL012014,ARTHUR,2014-07-03T06:00:00+00:00,2014-07-03T01:00:00-05:00,2014-07-03,,HU,30.9,-79.1,70,984.0,Category 1,398.21
AL012014,ARTHUR,2014-07-03T12:00:00+00:00,2014-07-03T07:00:00-05:00,2014-07-03,,HU,31.8,-78.8,80,981.0,Category 1,426.49
AL012014,ARTHUR,2014-07-03T18:00:00+00:00,2014-07-03T13:00:00-05:00,2014-07-03,,HU,32.9,-78.3,80,978.0,Category 1,477.65
AL012015,ANA,2015-05-06T06:00:00+00:00,2015-05-06T01:00:00-05:00,2015-05-06,,LO,26.8,-79.2,25,1016.0,Tropical Depression,458.24
AL012015,ANA,2015-05-06T12:00:00+00:00,2015-05-06T07:00:00-05:00,2015-05-06,,LO,28.2,-78.5,25,1015.0,Tropical Depression,455.95
AL012015,ANA,2015-05-06T18:00:00+00:00,2015-05-06T13:00:00-05:00,2015-05-06,,LO,29.7,-77.8,25,1014.0,Tropical Depression,475.73
AL012015,ANA,2015-05-07T00:00:00+00:00,2015-05-06T19:00:00-05:00,2015-05-06,,LO,30.8,-77.5,30,1012.0,Tropical Depression,492.24
AL012015,ANA,2015-05-07T06:00:00+00:00,2015-05-07T01:00:00-05:00,2015-05-07,,LO,30.7,-77.8,35,1010.0,Tropical Storm,474.09
AL012015,ANA,2015-05-07T12:00:00+00:00,2015-05-07T07:00:00-05:00,2015-05-07,,LO,30.6,-77.5,40,1008.0,Tropical Storm,491.63
AL012015,ANA,2015-05-07T18:00:00+00:00,2015-05-07T13:00:00-05:00,2015-05-07,,LO,31.2,-77.5,40,1005.0,Tropical Storm,494.62
AL012015,ANA,2015-05-08T00:00:00+00:00,2015-05-07T19:00:00-05:00,2015-05-07,,SS,31.4,-77.6,40,1003.0,Tropical Storm,490.54
AL012015,ANA,2015-05-08T06:00:00+00:00,2015-05-08T01:00:00-05:00,2015-05-08,,SS,31.5,-77.6,40,1002.0,Tropical Storm,491.58
AL012015,ANA,2015-05-08T12:00:00+00:00,2015-05-08T07:00:00-05:00,2015-05-08,,SS,31.5,-77.5,40,1000.0,Tropical Storm,497.4
AL012015,ANA,2015-05-09T12:00:00+00:00,2015-05-09T07:00:00-05:00,2015-05-09,,TS,32.5,-77.8,50,1001.0,Tropical Storm,495.87
AL012015,ANA,2015-05-09T18:00:00+00:00,2015-05-09T13:00:00-05:00,2015-05-09,,TS,32.7,-78.0,45,1001.0,Tropical Storm,489.14
AL012015,ANA,2015-05-10T00:00:00+00:00,2015-05-09T19:00:00-05:00,2015-05-09,,TS,33.1,-78.3,45,1001.0,Tropical Storm,482.93
AL012015,ANA,2015-05-10T06:00:00+00:00,2015-05-10T01:00:00-05:00,2015-05-10,,TS,33.5,-78.6,40,1002.0,Tropical Storm,479.02
AL012015,ANA,2015-05-10T10:00:00+00:00,2015-05-10T05:00:00-05:00,2015-05-10,L,TS,33.8,-78.8,40,1002.0,Tropical Storm,478.87
AL012015,ANA,2015-05-10T12:00:00+00:00,2015-05-10T07:00:00-05:00,2015-05-10,,TS,33.9,-78.8,35,1002.0,Tropical Storm,482.37
AL022016,BONNIE,2016-05-28T12:00:00+00:00,2016-05-28T07:00:00-05:00,2016-05-28,,TS,30.0,-78.0,35,1008.0,Tropical Storm,462.24
AL022016,BONNIE,2016-05-28T18:00:00+00:00,2016-05-28T13:00:00-05:00,2016-05-28,,TS,30.7,-79.1,40,1008.0,Tropical Storm,396.99
AL022016,BONNIE,2016-05-29T00:00:00+00:00,2016-05-28T19:00:00-05:00,2016-05-28,,TS,31.0,-79.4,40,1007.0,Tropical Storm,381.37
AL022016,BONNIE,2016-05-29T06:00:00+00:00,2016-05-29T01:00:00-05:00,2016-05-29,,TS,31.7,-79.4,35,1007.0,Tropical Storm,390.62
AL022016,BONNIE,2016-05-29T12:00:00+00:00,2016-05-29T07:00:00-05:00,2016-05-29,,TD,32.7,-79.7,30,1007.0,Tropical Depression,397.5
AL022016,BONNIE,2016-05-29T12:30:00+00:00,2016-05-29T07:30:00-05:00,2016-05-29,L,TD,32.8,-79.8,30,1007.0,Tropical Depression,395.25
AL022016,BONNIE,2016-05-29T18:00:00+00:00,2016-05-29T13:00:00-05:00,2016-05-29,,TD,33.0,-80.3,30,1010.0,Tropical Depression,376.28
AL022016,BONNIE,2016-05-30T00:00:00+00:00,2016-05-29T19:00:00-05:00,2016-05-29,,TD,32.7,-80.3,25,1011.0,Tropical Depression,366.22
AL022016,BONNIE,2016-05-30T06:00:00+00:00,2016-05-30T01:00:00-05:00,2016-05-30,,TD,33.1,-80.0,25,1011.0,Tropical Depression,394.77
AL022016,BONNIE,2016-05-30T12:00:00+00:00,2016-05-30T07:00:00-05:00,2016-05-30,,LO,33.3,-79.8,25,1012.0,Tropical Depression,411.72
AL022016,BONNIE,2016-05-30T18:00:00+00:00,2016-05-30T13:00:00-05:00,2016-05-30,,LO,33.4,-79.6,25,1011.0,Tropical Depression,425.17
AL022016,BONNIE,2016-05-31T00:00:00+00:00,2016-05-30T19:00:00-05:00,2016-05-30,,LO,33.2,-79.3,25,1009.0,Tropical Depression,433.61
AL022016,BONNIE,2016-05-31T06:00:00+00:00,2016-05-31T01:00:00-05:00,2016-05-31,,LO,33.1,-78.8,25,1007.0,Tropical Depression,456.5
AL022016,BONNIE,2016-05-31T12:00:00+00:00,2016-05-31T07:00:00-05:00,2016-05-31,,LO,33.2,-78.4,25,1007.0,Tropical Depression,480.41
AL032016,COLIN,2016-06-06T00:00:00+00:00,2016-06-05T19:00:00-05:00,2016-06-05,,TS,23.2,-87.8,35,1003.0,Tropical Storm,495.21
AL032016,COLIN,2016-06-06T06:00:00+00:00,2016-06-06T01:00:00-05:00,2016-06-06,,TS,24.6,-87.6,40,1004.0,Tropical Storm,398.59
AL032016,COLIN,2016-06-06T12:00:00+00:00,2016-06-06T07:00:00-05:00,2016-06-06,,TS,26.4,-87.3,45,1004.0,Tropical Storm,274.52
AL032016,COLIN,2016-06-06T18:00:00+00:00,2016-06-06T13:00:00-05:00,2016-06-06,,TS,28.1,-86.1,45,1003.0,Tropical Storm,141.69
AL032016,COLIN,2016-06-07T00:00:00+00:00,2016-06-06T19:00:00-05:00,2016-06-06,,TS,29.4,-84.3,45,1001.0,Tropical Storm,99.33
AL032016,COLIN,2016-06-07T02:00:00+00:00,2016-06-06T21:00:00-05:00,2016-06-06,L,TS,29.8,-83.6,45,1001.0,Tropical Storm,129.46
AL032016,COLIN,2016-06-07T06:00:00+00:00,2016-06-07T01:00:00-05:00,2016-06-07,,TS,30.7,-82.1,45,1003.0,Tropical Storm,219.91
AL032016,COLIN,2016-06-07T12:00:00+00:00,2016-06-07T07:00:00-05:00,2016-06-07,,EX,33.2,-78.5,45,1000.0,Tropical Storm,475.15
AL092016,HERMINE,2016-08-29T06:00:00+00:00,2016-08-29T01:00:00-05:00,2016-08-29,,TD,23.4,-83.3,30,1007.0,Tropical Depression,488.19
AL092016,HERMINE,2016-08-29T12:00:00+00:00,2016-08-29T07:00:00-05:00,2016-08-29,,TD,23.5,-84.0,30,1007.0,Tropical Depression,469.99
AL092016,HERMINE,2016-08-29T18:00:00+00:00,2016-08-29T13:00:00-05:00,2016-08-29,,TD,23.7,-84.6,30,1005.0,Tropical Depression,449.34
AL092016,HERMINE,2016-08-30T00:00:00+00:00,2016-08-29T19:00:00-05:00,2016-08-29,,TD,23.8,-85.4,30,1003.0,Tropical Depression,437.49
AL092016,HERMINE,2016-08-30T06:00:00+00:00,2016-08-30T01:00:00-05:00,2016-08-30,,TD,23.8,-86.2,30,1003.0,Tropical Depression,437.97
AL092016,HERMINE,2016-08-30T12:00:00+00:00,2016-08-30T07:00:00-05:00,2016-08-30,,TD,23.9,-86.8,30,1003.0,Tropical Depression,435.11
AL092016,HERMINE,2016-08-30T18:00:00+00:00,2016-08-30T13:00:00-05:00,2016-08-30,,TD,24.0,-87.3,30,1003.0,Tropical Depression,434.06
AL092016,HERMINE,2016-08-31T00:00:00+00:00,2016-08-30T19:00:00-05:00,2016-08-30,,TD,24.1,-87.8,30,1003.0,Tropical Depression,435.29
AL092016,HERMINE,2016-08-31T06:00:00+00:00,2016-08-31T01:00:00-05:00,2016-08-31,,TS,24.4,-88.0,35,1003.0,Tropical Storm,419.38
AL092016,HERMINE,2016-08-31T12:00:00+00:00,2016-08-31T07:00:00-05:00,2016-08-31,,TS,24.8,-87.9,40,1003.0,Tropical Storm,391.21
AL092016,HERMINE,2016-08-31T18:00:00+00:00,2016-08-31T13:00:00-05:00,2016-08-31,,TS,25.1,-87.7,45,1002.0,Tropical Storm,367.52
AL092016,HERMINE,2016-09-01T00:00:00+00:00,2016-08-31T19:00:00-05:00,2016-08-31,,TS,25.5,-87.2,50,999.0,Tropical Storm,331.93
AL092016,HERMINE,2016-09-01T06:00:00+00:00,2016-09-01T01:00:00-05:00,2016-09-01,,TS,26.0,-86.8,55,995.0,Tropical Storm,292.38
AL092016,HERMINE,2016-09-01T12:00:00+00:00,2016-09-01T07:00:00-05:00,2016-09-01,,TS,26.9,-86.2,60,991.0,Tropical Storm,224.65
AL092016,HERMINE,2016-09-01T18:00:00+00:00,2016-09-01T13:00:00-05:00,2016-09-01,,HU,27.9,-85.5,65,988.0,Category 1,154.36
AL092016,HERMINE,2016-09-02T00:00:00+00:00,2016-09-01T19:00:00-05:00,2016-09-01,,HU,29.0,-84.8,70,983.0,Category 1,95.74
AL092016,HERMINE,2016-09-02T05:30:00+00:00,2016-09-02T00:30:00-05:00,2016-09-02,L,HU,30.1,-84.1,70,981.0,Category 1,97.44
AL092016,HERMINE,2016-09-02T06:00:00+00:00,2016-09-02T01:00:00-05:00,2016-09-02,,HU,30.3,-84.0,65,982.0,Category 1,104.0
AL092016,HERMINE,2016-09-02T08:00:00+00:00,2016-09-02T03:00:00-05:00,2016-09-02,R,TS,30.6,-83.8,60,984.0,Tropical Storm,119.65
AL092016,HERMINE,2016-09-02T12:00:00+00:00,2016-09-02T07:00:00-05:00,2016-09-02,,TS,31.4,-82.8,50,989.0,Tropical Storm,194.98
AL092016,HERMINE,2016-09-02T18:00:00+00:00,2016-09-02T13:00:00-05:00,2016-09-02,,TS,32.4,-81.2,50,990.0,Tropical Storm,310.26
AL092016,HERMINE,2016-09-03T00:00:00+00:00,2016-09-02T19:00:00-05:00,2016-09-02,,TS,33.6,-79.2,50,991.0,Tropical Storm,452.05
AL112016,JULIA,2016-09-13T06:00:00+00:00,2016-09-13T01:00:00-05:00,2016-09-13,L,TD,27.3,-80.2,30,1010.0,Tropical Depression,387.73
AL112016,JULIA,2016-09-13T12:00:00+00:00,2016-09-13T07:00:00-05:00,2016-09-13,,TS,28.0,-80.7,35,1010.0,Tropical Storm,337.35
AL112016,JULIA,2016-09-13T18:00:00+00:00,2016-09-13T13:00:00-05:00,2016-09-13,,TS,29.0,-81.2,45,1010.0,Tropical Storm,283.1
AL112016,JULIA,2016-09-14T00:00:00+00:00,2016-09-13T19:00:00-05:00,2016-09-13,,TS,29.8,-81.5,45,1010.0,Tropical Storm,254.18
AL112016,JULIA,2016-09-14T06:00:00+00:00,2016-09-14T01:00:00-05:00,2016-09-14,,TS,30.5,-81.7,40,1011.0,Tropical Storm,241.76
AL112016,JULIA,2016-09-14T12:00:00+00:00,2016-09-14T07:00:00-05:00,2016-09-14,,TS,31.3,-81.5,40,1011.0,Tropical Storm,264.04
AL112016,JULIA,2016-09-14T18:00:00+00:00,2016-09-14T13:00:00-05:00,2016-09-14,,TS,31.8,-80.7,40,1009.0,Tropical Storm,319.66
AL112016,JULIA,2016-09-15T00:00:00+00:00,2016-09-14T19:00:00-05:00,2016-09-14,,TS,31.9,-80.1,40,1007.0,Tropical Storm,355.17
AL112016,JULIA,2016-09-15T06:00:00+00:00,2016-09-15T01:00:00-05:00,2016-09-15,,TS,31.9,-79.5,40,1007.0,Tropical Storm,388.7
AL112016,JULIA,2016-09-15T12:00:00+00:00,2016-09-15T07:00:00-05:00,2016-09-15,,TS,31.9,-78.7,40,1007.0,Tropical Storm,433.88
AL112016,JULIA,2016-09-15T18:00:00+00:00,2016-09-15T13:00:00-05:00,2016-09-15,,TS,31.9,-77.9,40,1007.0,Tropical Storm,479.48
AL112016,JULIA,2016-09-18T18:00:00+00:00,2016-09-18T13:00:00-05:00,2016-09-18,,TD,32.0,-77.8,25,1010.0,Tropical Depression,486.76
AL112016,JULIA,2016-09-19T00:00:00+00:00,2016-09-18T19:00:00-05:00,2016-09-18,,LO,32.2,-78.3,30,1010.0,Tropical Depression,461.96
AL112016,JULIA,2016-09-19T06:00:00+00:00,2016-09-19T01:00:00-05:00,2016-09-19,,LO,32.4,-78.2,30,1011.0,Tropical Depression,471.55
AL142016,MATTHEW,2016-10-07T00:00:00+00:00,2016-10-06T19:00:00-05:00,2016-10-06,L,HU,26.7,-79.0,115,937.0,Category 4,472.37
AL142016,MATTHEW,2016-10-07T06:00:00+00:00,2016-10-07T01:00:00-05:00,2016-10-07,,HU,27.7,-79.7,110,939.0,Category 3,401.27
AL142016,MATTHEW,2016-10-07T12:00:00+00:00,2016-10-07T07:00:00-05:00,2016-10-07,,HU,28.9,-80.3,105,944.0,Category 3,337.25
AL142016,MATTHEW,2016-10-07T18:00:00+00:00,2016-10-07T13:00:00-05:00,2016-10-07,,HU,29.7,-80.7,100,946.0,Category 3,302.65
AL142016,MATTHEW,2016-10-08T00:00:00+00:00,2016-10-07T19:00:00-05:00,2016-10-07,,HU,30.7,-80.6,95,949.0,Category 2,308.22
AL142016,MATTHEW,2016-10-08T06:00:00+00:00,2016-10-08T01:00:00-05:00,2016-10-08,,HU,31.6,-80.6,85,953.0,Category 2,320.83
AL142016,MATTHEW,2016-10-08T09:00:00+00:00,2016-10-08T04:00:00-05:00,2016-10-08,T,HU,32.1,-80.5,85,957.0,Category 2,338.08
AL142016,MATTHEW,2016-10-08T12:00:00+00:00,2016-10-08T07:00:00-05:00,2016-10-08,,HU,32.5,-79.9,80,963.0,Category 1,381.18
AL142016,MATTHEW,2016-10-08T15:00:00+00:00,2016-10-08T10:00:00-05:00,2016-10-08,L,HU,33.0,-79.5,75,967.0,Category 1,417.0
AL142016,MATTHEW,2016-10-08T18:00:00+00:00,2016-10-08T13:00:00-05:00,2016-10-08,,HU,33.5,-79.0,70,973.0,Category 1,458.66
AL032017,CINDY,2017-06-19T18:00:00+00:00,2017-06-19T13:00:00-05:00,2017-06-19,,DB,23.6,-88.6,35,1003.0,Tropical Storm,484.24
AL032017,CINDY,2017-06-20T00:00:00+00:00,2017-06-19T19:00:00-05:00,2017-06-19,,DB,24.0,-89.2,35,1000.0,Tropical Storm,473.92
AL032017,CINDY,2017-06-20T06:00:00+00:00,2017-06-20T01:00:00-05:00,2017-06-20,,DB,24.4,-89.8,35,999.0,Tropical Storm,467.82
AL032017,CINDY,2017-06-20T12:00:00+00:00,2017-06-20T07:00:00-05:00,2017-06-20,,DB,25.0,-90.3,40,997.0,Tropical Storm,451.27
AL032017,CINDY,2017-06-20T18:00:00+00:00,2017-06-20T13:00:00-05:00,2017-06-20,,TS,25.6,-90.6,45,996.0,Tropical Storm,431.45
AL032017,CINDY,2017-06-21T00:00:00+00:00,2017-06-20T19:00:00-05:00,2017-06-20,,TS,26.2,-90.9,50,995.0,Tropical Storm,415.49
AL032017,CINDY,2017-06-21T06:00:00+00:00,2017-06-21T01:00:00-05:00,2017-06-21,,TS,26.8,-91.5,50,994.0,Tropical Storm,418.96
AL032017,CINDY,2017-06-21T12:00:00+00:00,2017-06-21T07:00:00-05:00,2017-06-21,,TS,27.3,-92.3,50,993.0,Tropical Storm,443.29
AL032017,CINDY,2017-06-21T18:00:00+00:00,2017-06-21T13:00:00-05:00,2017-06-21,,TS,27.8,-93.0,45,993.0,Tropical Storm,467.81
AL032017,CINDY,2017-06-22T00:00:00+00:00,2017-06-21T19:00:00-05:00,2017-06-21,,TS,28.5,-93.4,45,992.0,Tropical Storm,475.43
AL032017,CINDY,2017-06-22T06:00:00+00:00,2017-06-22T01:00:00-05:00,2017-06-22,,TS,29.4,-93.6,45,991.0,Tropical Storm,474.59
AL032017,CINDY,2017-06-22T07:00:00+00:00,2017-06-22T02:00:00-05:00,2017-06-22,L,TS,29.8,-93.7,45,991.0,Tropical Storm,477.51
AL032017,CINDY,2017-06-22T12:00:00+00:00,2017-06-22T07:00:00-05:00,2017-06-22,,TS,30.5,-93.8,40,993.0,Tropical Storm,481.95
AL032017,CINDY,2017-06-22T18:00:00+00:00,2017-06-22T13:00:00-05:00,2017-06-22,,TS,31.6,-93.8,35,996.0,Tropical Storm,489.23
AL032017,CINDY,2017-06-23T00:00:00+00:00,2017-06-22T19:00:00-05:00,2017-06-22,,TD,32.8,-93.6,30,999.0,Tropical Depression,499.11
AL032017,CINDY,2017-06-23T12:00:00+00:00,2017-06-23T07:00:00-05:00,2017-06-23,,TD,35.5,-90.8,30,1001.0,Tropical Depression,473.75
AL032017,CINDY,2017-06-23T18:00:00+00:00,2017-06-23T13:00:00-05:00,2017-06-23,,LO,36.7,-88.1,25,1002.0,Tropical Depression,474.36
AL062017,EMILY,2017-07-30T18:00:00+00:00,2017-07-30T13:00:00-05:00,2017-07-30,,TD,28.4,-85.4,30,1009.0,Tropical Depression,120.83
AL062017,EMILY,2017-07-31T00:00:00+00:00,2017-07-30T19:00:00-05:00,2017-07-30,,TS,28.0,-84.6,35,1008.0,Tropical Storm,161.91
AL062017,EMILY,2017-07-31T06:00:00+00:00,2017-07-31T01:00:00-05:00,2017-07-31,,TS,27.7,-83.9,40,1006.0,Tropical Storm,200.8
AL062017,EMILY,2017-07-31T12:00:00+00:00,2017-07-31T07:00:00-05:00,2017-07-31,,TS,27.5,-83.1,45,1003.0,Tropical Storm,241.32
AL062017,EMILY,2017-07-31T14:45:00+00:00,2017-07-31T09:45:00-05:00,2017-07-31,L,TS,27.5,-82.7,50,1001.0,Tropical Storm,257.94
AL062017,EMILY,2017-07-31T18:00:00+00:00,2017-07-31T13:00:00-05:00,2017-07-31,,TS,27.5,-82.2,35,1005.0,Tropical Storm,280.26
AL062017,EMILY,2017-08-01T00:00:00+00:00,2017-07-31T19:00:00-05:00,2017-07-31,,TD,27.5,-81.3,30,1006.0,Tropical Depression,323.71
AL062017,EMILY,2017-08-01T06:00:00+00:00,2017-08-01T01:00:00-05:00,2017-08-01,,TD,27.8,-80.4,30,1008.0,Tropical Depression,359.97
AL062017,EMILY,2017-08-01T12:00:00+00:00,2017-08-01T07:00:00-05:00,2017-08-01,,TD,28.7,-79.5,30,1010.0,Tropical Depression,387.62
AL062017,EMILY,2017-08-01T18:00:00+00:00,2017-08-01T13:00:00-05:00,2017-08-01,,TD,29.7,-78.6,30,1010.0,Tropical Depression,427.95
AL062017,EMILY,2017-08-02T00:00:00+00:00,2017-08-01T19:00:00-05:00,2017-08-01,,LO,30.7,-78.1,30,1011.0,Tropical Depression,456.29
AL092017,HARVEY,2017-08-30T00:00:00+00:00,2017-08-29T19:00:00-05:00,2017-08-29,,TS,28.9,-93.8,45,994.0,Tropical Storm,492.45
AL092017,HARVEY,2017-08-30T06:00:00+00:00,2017-08-30T01:00:00-05:00,2017-08-30,,TS,29.4,-93.6,40,990.0,Tropical Storm,474.59
AL092017,HARVEY,2017-08-30T08:00:00+00:00,2017-08-30T03:00:00-05:00,2017-08-30,L,TS,29.8,-93.5,40,991.0,Tropical Storm,465.56
AL092017,HARVEY,2017-08-30T12:00:00+00:00,2017-08-30T07:00:00-05:00,2017-08-30,,TS,30.1,-93.4,40,992.0,Tropical Storm,458.34
AL092017,HARVEY,2017-08-30T18:00:00+00:00,2017-08-30T13:00:00-05:00,2017-08-30,,TS,30.6,-93.1,35,996.0,Tropical Storm,440.52
AL092017,HARVEY,2017-08-31T00:00:00+00:00,2017-08-30T19:00:00-05:00,2017-08-30,,TD,31.3,-92.6,30,998.0,Tropical Depression,416.01
AL092017,HARVEY,2017-08-31T06:00:00+00:00,2017-08-31T01:00:00-05:00,2017-08-31,,TD,31.9,-92.2,25,999.0,Tropical Depression,402.2
AL092017,HARVEY,2017-08-31T12:00:00+00:00,2017-08-31T07:00:00-05:00,2017-08-31,,TD,32.5,-91.7,20,1001.0,Tropical Depression,388.65
AL092017,HARVEY,2017-08-31T18:00:00+00:00,2017-08-31T13:00:00-05:00,2017-08-31,,TD,33.4,-90.9,25,1001.0,Tropical Depression,378.65
AL092017,HARVEY,2017-09-01T00:00:00+00:00,2017-08-31T19:00:00-05:00,2017-08-31,,TD,34.1,-89.6,30,1000.0,Tropical Depression,355.91
AL092017,HARVEY,2017-09-01T06:00:00+00:00,2017-09-01T01:00:00-05:00,2017-09-01,,EX,34.9,-88.2,30,1002.0,Tropical Depression,359.9
AL092017,HARVEY,2017-09-01T12:00:00+00:00,2017-09-01T07:00:00-05:00,2017-09-01,,EX,36.0,-87.1,25,1002.0,Tropical Depression,413.59
AL092017,HARVEY,2017-09-01T18:00:00+00:00,2017-09-01T13:00:00-05:00,2017-09-01,,EX,36.5,-86.4,20,1004.0,Tropical Depression,442.16
AL092017,HARVEY,2017-09-02T00:00:00+00:00,2017-09-01T19:00:00-05:00,2017-09-01,,EX,37.2,-85.6,20,1007.0,Tropical Depression,488.89
AL112017,IRMA,2017-09-10T12:00:00+00:00,2017-09-10T07:00:00-05:00,2017-09-10,,HU,24.5,-81.5,115,931.0,Category 4,467.31
AL112017,IRMA,2017-09-10T13:00:00+00:00,2017-09-10T08:00:00-05:00,2017-09-10,L,HU,24.7,-81.5,115,931.0,Category 4,455.76
AL112017,IRMA,2017-09-10T18:00:00+00:00,2017-09-10T13:00:00-05:00,2017-09-10,,HU,25.6,-81.7,100,936.0,Category 3,397.85
AL112017,IRMA,2017-09-10T19:30:00+00:00,2017-09-10T14:30:00-05:00,2017-09-10,L,HU,25.9,-81.7,100,936.0,Category 3,381.56
AL112017,IRMA,2017-09-11T00:00:00+00:00,2017-09-10T19:00:00-05:00,2017-09-10,,HU,26.8,-81.7,80,942.0,Category 1,335.65
AL112017,IRMA,2017-09-11T06:00:00+00:00,2017-09-11T01:00:00-05:00,2017-09-11,,HU,28.2,-82.2,65,961.0,Category 1,251.08
AL112017,IRMA,2017-09-11T12:00:00+00:00,2017-09-11T07:00:00-05:00,2017-09-11,,TS,29.6,-82.7,50,970.0,Tropical Storm,185.14
AL112017,IRMA,2017-09-11T18:00:00+00:00,2017-09-11T13:00:00-05:00,2017-09-11,,TS,30.9,-83.5,45,980.0,Tropical Storm,143.13
AL112017,IRMA,2017-09-12T00:00:00+00:00,2017-09-11T19:00:00-05:00,2017-09-11,,TS,31.9,-84.4,35,986.0,Tropical Storm,145.75
AL112017,IRMA,2017-09-12T06:00:00+00:00,2017-09-12T01:00:00-05:00,2017-09-12,,LO,32.9,-85.6,25,997.0,Tropical Depression,191.89
AL112017,IRMA,2017-09-12T12:00:00+00:00,2017-09-12T07:00:00-05:00,2017-09-12,,LO,33.8,-86.9,20,1000.0,Tropical Depression,263.01
AL112017,IRMA,2017-09-12T18:00:00+00:00,2017-09-12T13:00:00-05:00,2017-09-12,,LO,34.8,-88.1,15,1003.0,Tropical Depression,351.29
AL112017,IRMA,2017-09-13T00:00:00+00:00,2017-09-12T19:00:00-05:00,2017-09-12,,LO,35.6,-88.9,15,1004.0,Tropical Depression,420.58
AL112017,IRMA,2017-09-13T06:00:00+00:00,2017-09-13T01:00:00-05:00,2017-09-13,,LO,36.2,-89.5,15,1004.0,Tropical Depression,472.89
AL162017,NATE,2017-10-07T06:00:00+00:00,2017-10-07T01:00:00-05:00,2017-10-07,,HU,23.5,-86.5,70,987.0,Category 1,460.2
AL162017,NATE,2017-10-07T12:00:00+00:00,2017-10-07T07:00:00-05:00,2017-10-07,,HU,25.7,-87.9,80,986.0,Category 1,333.19
AL162017,NATE,2017-10-07T18:00:00+00:00,2017-10-07T13:00:00-05:00,2017-10-07,,HU,27.6,-88.9,80,981.0,Category 1,259.26
AL162017,NATE,2017-10-08T00:00:00+00:00,2017-10-07T19:00:00-05:00,2017-10-07,L,HU,29.1,-89.2,75,983.0,Category 1,220.13
AL162017,NATE,2017-10-08T05:20:00+00:00,2017-10-08T00:20:00-05:00,2017-10-08,L,HU,30.4,-89.0,65,984.0,Category 1,196.06
AL162017,NATE,2017-10-08T06:00:00+00:00,2017-10-08T01:00:00-05:00,2017-10-08,,TS,30.5,-88.9,60,984.0,Tropical Storm,190.84
AL162017,NATE,2017-10-08T12:00:00+00:00,2017-10-08T07:00:00-05:00,2017-10-08,,TS,32.2,-88.0,35,993.0,Tropical Storm,196.37
AL162017,NATE,2017-10-08T18:00:00+00:00,2017-10-08T13:00:00-05:00,2017-10-08,,TD,34.1,-87.1,25,996.0,Tropical Depression,286.1
AL162017,NATE,2017-10-09T00:00:00+00:00,2017-10-08T19:00:00-05:00,2017-10-08,,LO,36.2,-85.7,20,999.0,Tropical Depression,419.75
AL012018,ALBERTO,2018-05-27T00:00:00+00:00,2018-05-26T19:00:00-05:00,2018-05-26,,SS,23.6,-84.8,35,1000.0,Tropical Storm,454.46
AL012018,ALBERTO,2018-05-27T06:00:00+00:00,2018-05-27T01:00:00-05:00,2018-05-27,,SS,24.9,-84.3,35,998.0,Tropical Storm,371.48
AL012018,ALBERTO,2018-05-27T12:00:00+00:00,2018-05-27T07:00:00-05:00,2018-05-27,,SS,26.6,-84.4,40,995.0,Tropical Storm,256.62
AL012018,ALBERTO,2018-05-27T18:00:00+00:00,2018-05-27T13:00:00-05:00,2018-05-27,,SS,27.6,-85.0,45,992.0,Tropical Storm,179.96
AL012018,ALBERTO,2018-05-28T00:00:00+00:00,2018-05-27T19:00:00-05:00,2018-05-27,,TS,28.2,-85.8,55,991.0,Tropical Storm,133.07
AL012018,ALBERTO,2018-05-28T06:00:00+00:00,2018-05-28T01:00:00-05:00,2018-05-28,,TS,28.6,-86.0,55,990.0,Tropical Storm,106.61
AL012018,ALBERTO,2018-05-28T12:00:00+00:00,2018-05-28T07:00:00-05:00,2018-05-28,,TS,29.1,-85.9,50,991.0,Tropical Storm,71.55
AL012018,ALBERTO,2018-05-28T18:00:00+00:00,2018-05-28T13:00:00-05:00,2018-05-28,,TS,29.8,-85.9,45,991.0,Tropical Storm,24.65
AL012018,ALBERTO,2018-05-28T21:00:00+00:00,2018-05-28T16:00:00-05:00,2018-05-28,L,TS,30.3,-86.0,40,992.0,Tropical Storm,20.15
AL012018,ALBERTO,2018-05-29T00:00:00+00:00,2018-05-28T19:00:00-05:00,2018-05-28,,TD,30.9,-86.1,30,993.0,Tropical Depression,57.9
AL012018,ALBERTO,2018-05-29T06:00:00+00:00,2018-05-29T01:00:00-05:00,2018-05-29,,TD,31.9,-86.6,30,994.0,Tropical Depression,133.02
AL012018,ALBERTO,2018-05-29T12:00:00+00:00,2018-05-29T07:00:00-05:00,2018-05-29,,TD,33.0,-87.0,30,996.0,Tropical Depression,212.24
AL012018,ALBERTO,2018-05-29T18:00:00+00:00,2018-05-29T13:00:00-05:00,2018-05-29,,TD,34.2,-87.3,30,997.0,Tropical Depression,296.14
AL012018,ALBERTO,2018-05-30T00:00:00+00:00,2018-05-29T19:00:00-05:00,2018-05-29,,TD,35.4,-87.6,30,998.0,Tropical Depression,380.29
AL012018,ALBERTO,2018-05-30T06:00:00+00:00,2018-05-30T01:00:00-05:00,2018-05-30,,TD,36.7,-87.9,30,998.0,Tropical Depression,471.17
AL072018,GORDON,2018-09-03T11:15:00+00:00,2018-09-03T06:15:00-05:00,2018-09-03,L,TS,25.0,-80.5,45,1006.0,Tropical Storm,477.36
AL072018,GORDON,2018-09-03T12:00:00+00:00,2018-09-03T07:00:00-05:00,2018-09-03,,TS,25.1,-80.7,45,1006.0,Tropical Storm,463.96
AL072018,GORDON,2018-09-03T13:15:00+00:00,2018-09-03T08:15:00-05:00,2018-09-03,L,TS,25.2,-80.9,45,1006.0,Tropical Storm,450.61
AL072018,GORDON,2018-09-03T18:00:00+00:00,2018-09-03T13:00:00-05:00,2018-09-03,,TS,25.8,-81.9,50,1004.0,Tropical Storm,379.31
AL072018,GORDON,2018-09-04T00:00:00+00:00,2018-09-03T19:00:00-05:00,2018-09-03,,TS,26.6,-83.3,55,1003.0,Tropical Storm,284.84
AL072018,GORDON,2018-09-04T06:00:00+00:00,2018-09-04T01:00:00-05:00,2018-09-04,,TS,27.2,-84.9,55,1002.0,Tropical Storm,208.27
AL072018,GORDON,2018-09-04T12:00:00+00:00,2018-09-04T07:00:00-05:00,2018-09-04,,TS,28.1,-86.2,55,1001.0,Tropical Storm,142.76
AL072018,GORDON,2018-09-04T18:00:00+00:00,2018-09-04T13:00:00-05:00,2018-09-04,,TS,28.9,-87.2,60,1000.0,Tropical Storm,122.38
AL072018,GORDON,2018-09-05T00:00:00+00:00,2018-09-04T19:00:00-05:00,2018-09-04,,TS,29.8,-88.0,60,999.0,Tropical Storm,137.72
AL072018,GORDON,2018-09-05T03:15:00+00:00,2018-09-04T22:15:00-05:00,2018-09-04,L,TS,30.4,-88.5,60,996.0,Tropical Storm,166.39
AL072018,GORDON,2018-09-05T06:00:00+00:00,2018-09-05T01:00:00-05:00,2018-09-05,,TS,30.9,-88.9,45,1002.0,Tropical Storm,196.14
AL072018,GORDON,2018-09-05T12:00:00+00:00,2018-09-05T07:00:00-05:00,2018-09-05,,TD,31.9,-89.8,30,1007.0,Tropical Depression,270.39
AL072018,GORDON,2018-09-05T18:00:00+00:00,2018-09-05T13:00:00-05:00,2018-09-05,,TD,32.5,-90.4,25,1012.0,Tropical Depression,320.76
AL072018,GORDON,2018-09-06T00:00:00+00:00,2018-09-05T19:00:00-05:00,2018-09-05,,TD,33.0,-90.9,20,1013.0,Tropical Depression,363.38
AL072018,GORDON,2018-09-06T06:00:00+00:00,2018-09-06T01:00:00-05:00,2018-09-06,,TD,33.5,-91.4,20,1014.0,Tropical Depression,406.34
AL072018,GORDON,2018-09-06T12:00:00+00:00,2018-09-06T07:00:00-05:00,2018-09-06,,TD,33.9,-91.7,15,1014.0,Tropical Depression,436.16
AL072018,GORDON,2018-09-06T18:00:00+00:00,2018-09-06T13:00:00-05:00,2018-09-06,,LO,34.2,-91.9,15,1014.0,Tropical Depression,457.56
AL072018,GORDON,2018-09-07T00:00:00+00:00,2018-09-06T19:00:00-05:00,2018-09-06,,LO,34.4,-92.0,15,1014.0,Tropical Depression,470.39
AL072018,GORDON,2018-09-07T06:00:00+00:00,2018-09-07T01:00:00-05:00,2018-09-07,,LO,34.6,-92.1,15,1014.0,Tropical Depression,483.34
AL062018,FLORENCE,2018-09-15T00:00:00+00:00,2018-09-14T19:00:00-05:00,2018-09-14,,TS,33.9,-78.8,60,978.0,Tropical Storm,482.37
AL062018,FLORENCE,2018-09-15T06:00:00+00:00,2018-09-15T01:00:00-05:00,2018-09-15,,TS,33.7,-79.3,55,986.0,Tropical Storm,450.66
AL062018,FLORENCE,2018-09-15T12:00:00+00:00,2018-09-15T07:00:00-05:00,2018-09-15,,TS,33.6,-79.5,55,992.0,Tropical Storm,437.24
AL062018,FLORENCE,2018-09-15T18:00:00+00:00,2018-09-15T13:00:00-05:00,2018-09-15,,TS,33.6,-79.8,50,997.0,Tropical Storm,422.65
AL062018,FLORENCE,2018-09-16T00:00:00+00:00,2018-09-15T19:00:00-05:00,2018-09-15,,TS,33.6,-80.2,45,998.0,Tropical Storm,403.56
AL062018,FLORENCE,2018-09-16T06:00:00+00:00,2018-09-16T01:00:00-05:00,2018-09-16,,TS,33.6,-80.8,40,999.0,Tropical Storm,375.87
AL062018,FLORENCE,2018-09-16T12:00:00+00:00,2018-09-16T07:00:00-05:00,2018-09-16,,TS,33.6,-81.5,35,1002.0,Tropical Storm,345.28
AL062018,FLORENCE,2018-09-16T18:00:00+00:00,2018-09-16T13:00:00-05:00,2018-09-16,,TD,34.1,-82.1,30,1006.0,Tropical Depression,347.15
AL062018,FLORENCE,2018-09-17T00:00:00+00:00,2018-09-16T19:00:00-05:00,2018-09-16,,TD,35.0,-82.2,25,1007.0,Tropical Depression,394.52
AL062018,FLORENCE,2018-09-17T06:00:00+00:00,2018-09-17T01:00:00-05:00,2018-09-17,,TD,36.4,-82.6,25,1008.0,Tropical Depression,469.68
AL142018,MICHAEL,2018-10-09T06:00:00+00:00,2018-10-09T01:00:00-05:00,2018-10-09,,HU,23.7,-85.8,85,973.0,Category 2,443.95
AL142018,MICHAEL,2018-10-09T12:00:00+00:00,2018-10-09T07:00:00-05:00,2018-10-09,,HU,24.6,-86.2,90,968.0,Category 2,382.83
AL142018,MICHAEL,2018-10-09T18:00:00+00:00,2018-10-09T13:00:00-05:00,2018-10-09,,HU,25.6,-86.4,100,961.0,Category 3,315.31
AL142018,MICHAEL,2018-10-10T00:00:00+00:00,2018-10-09T19:00:00-05:00,2018-10-09,,HU,26.6,-86.5,110,952.0,Category 3,248.01
AL142018,MICHAEL,2018-10-10T06:00:00+00:00,2018-10-10T01:00:00-05:00,2018-10-10,,HU,27.7,-86.6,120,945.0,Category 4,175.62
AL142018,MICHAEL,2018-10-10T12:00:00+00:00,2018-10-10T07:00:00-05:00,2018-10-10,,HU,29.0,-86.3,125,934.0,Category 4,84.94
AL142018,MICHAEL,2018-10-10T17:30:00+00:00,2018-10-10T12:30:00-05:00,2018-10-10,L,HU,30.0,-85.5,140,919.0,Category 5,16.24
AL142018,MICHAEL,2018-10-10T18:00:00+00:00,2018-10-10T13:00:00-05:00,2018-10-10,,HU,30.2,-85.4,135,920.0,Category 4,20.38
AL142018,MICHAEL,2018-10-11T00:00:00+00:00,2018-10-10T19:00:00-05:00,2018-10-10,,HU,31.5,-84.5,80,957.0,Category 1,119.8
AL142018,MICHAEL,2018-10-11T06:00:00+00:00,2018-10-11T01:00:00-05:00,2018-10-11,,TS,32.8,-83.2,50,979.0,Tropical Storm,237.45
AL142018,MICHAEL,2018-10-11T12:00:00+00:00,2018-10-11T07:00:00-05:00,2018-10-11,,TS,34.1,-81.7,45,987.0,Tropical Storm,361.94
AL022019,BARRY,2019-07-10T12:00:00+00:00,2019-07-10T07:00:00-05:00,2019-07-10,,DB,28.5,-86.5,25,1009.0,Tropical Depression,121.48
AL022019,BARRY,2019-07-10T18:00:00+00:00,2019-07-10T13:00:00-05:00,2019-07-10,,DB,28.1,-87.1,30,1009.0,Tropical Depression,162.52
AL022019,BARRY,2019-07-11T00:00:00+00:00,2019-07-10T19:00:00-05:00,2019-07-10,,TD,27.8,-87.6,30,1008.0,Tropical Depression,196.42
AL022019,BARRY,2019-07-11T06:00:00+00:00,2019-07-11T01:00:00-05:00,2019-07-11,,TS,27.7,-88.0,35,1007.0,Tropical Storm,216.6
AL022019,BARRY,2019-07-11T12:00:00+00:00,2019-07-11T07:00:00-05:00,2019-07-11,,TS,27.7,-88.4,35,1005.0,Tropical Storm,232.69
AL022019,BARRY,2019-07-11T18:00:00+00:00,2019-07-11T13:00:00-05:00,2019-07-11,,TS,27.7,-88.8,40,1005.0,Tropical Storm,250.08
AL022019,BARRY,2019-07-12T00:00:00+00:00,2019-07-11T19:00:00-05:00,2019-07-11,,TS,27.8,-89.2,45,1001.0,Tropical Storm,264.19
AL022019,BARRY,2019-07-12T06:00:00+00:00,2019-07-12T01:00:00-05:00,2019-07-12,,TS,27.9,-89.7,45,1001.0,Tropical Storm,284.88
AL022019,BARRY,2019-07-12T12:00:00+00:00,2019-07-12T07:00:00-05:00,2019-07-12,,TS,28.1,-90.2,50,998.0,Tropical Storm,303.91
AL022019,BARRY,2019-07-12T18:00:00+00:00,2019-07-12T13:00:00-05:00,2019-07-12,,TS,28.4,-90.7,55,993.0,Tropical Storm,322.37
AL022019,BARRY,2019-07-13T00:00:00+00:00,2019-07-12T19:00:00-05:00,2019-07-12,,TS,28.6,-91.1,60,993.0,Tropical Storm,340.06
AL022019,BARRY,2019-07-13T06:00:00+00:00,2019-07-13T01:00:00-05:00,2019-07-13,,TS,28.9,-91.5,60,993.0,Tropical Storm,357.07
AL022019,BARRY,2019-07-13T12:00:00+00:00,2019-07-13T07:00:00-05:00,2019-07-13,,HU,29.3,-91.9,65,993.0,Category 1,374.57
AL022019,BARRY,2019-07-13T15:00:00+00:00,2019-07-13T10:00:00-05:00,2019-07-13,L,HU,29.6,-92.2,65,993.0,Category 1,389.32
AL022019,BARRY,2019-07-13T18:00:00+00:00,2019-07-13T13:00:00-05:00,2019-07-13,,TS,29.9,-92.4,60,996.0,Tropical Storm,399.31
AL022019,BARRY,2019-07-14T00:00:00+00:00,2019-07-13T19:00:00-05:00,2019-07-13,,TS,30.4,-92.8,50,999.0,Tropical Storm,422.28
AL022019,BARRY,2019-07-14T06:00:00+00:00,2019-07-14T01:00:00-05:00,2019-07-14,,TS,31.0,-93.2,40,1003.0,Tropical Storm,448.43
AL022019,BARRY,2019-07-14T12:00:00+00:00,2019-07-14T07:00:00-05:00,2019-07-14,,TS,31.6,-93.5,35,1005.0,Tropical Storm,471.86
AL022019,BARRY,2019-07-14T18:00:00+00:00,2019-07-14T13:00:00-05:00,2019-07-14,,TS,32.3,-93.6,35,1007.0,Tropical Storm,488.58
AL032019,THREE,2019-07-23T00:00:00+00:00,2019-07-22T19:00:00-05:00,2019-07-22,,TD,25.7,-79.3,25,1013.0,Tropical Depression,497.42
AL032019,THREE,2019-07-23T06:00:00+00:00,2019-07-23T01:00:00-05:00,2019-07-23,,TD,26.9,-79.6,30,1013.0,Tropical Depression,433.66
AL032019,THREE,2019-07-23T12:00:00+00:00,2019-07-23T07:00:00-05:00,2019-07-23,,TD,28.6,-80.0,30,1014.0,Tropical Depression,360.72
AL052019,DORIAN,2019-09-03T00:00:00+00:00,2019-09-02T19:00:00-05:00,2019-09-02,,HU,26.9,-78.5,115,944.0,Category 4,492.12
AL052019,DORIAN,2019-09-03T06:00:00+00:00,2019-09-03T01:00:00-05:00,2019-09-03,,HU,27.0,-78.5,105,950.0,Category 3,488.85
AL052019,DORIAN,2019-09-03T12:00:00+00:00,2019-09-03T07:00:00-05:00,2019-09-03,,HU,27.1,-78.5,100,954.0,Category 3,485.65
AL052019,DORIAN,2019-09-03T18:00:00+00:00,2019-09-03T13:00:00-05:00,2019-09-03,,HU,27.6,-78.6,95,959.0,Category 2,465.26
AL052019,DORIAN,2019-09-04T00:00:00+00:00,2019-09-03T19:00:00-05:00,2019-09-03,,HU,28.1,-78.8,90,959.0,Category 2,441.01
AL052019,DORIAN,2019-09-04T06:00:00+00:00,2019-09-04T01:00:00-05:00,2019-09-04,,HU,28.8,-79.2,90,964.0,Category 2,403.29
AL052019,DORIAN,2019-09-04T12:00:00+00:00,2019-09-04T07:00:00-05:00,2019-09-04,,HU,29.5,-79.6,90,963.0,Category 2,369.97
AL052019,DORIAN,2019-09-04T18:00:00+00:00,2019-09-04T13:00:00-05:00,2019-09-04,,HU,30.1,-79.7,95,960.0,Category 2,360.37
AL052019,DORIAN,2019-09-05T00:00:00+00:00,2019-09-04T19:00:00-05:00,2019-09-04,,HU,30.7,-79.7,100,955.0,Category 3,361.45
AL052019,DORIAN,2019-09-05T06:00:00+00:00,2019-09-05T01:00:00-05:00,2019-09-05,,HU,31.4,-79.6,100,958.0,Category 3,374.4
AL052019,DORIAN,2019-09-05T12:00:00+00:00,2019-09-05T07:00:00-05:00,2019-09-05,,HU,32.1,-79.2,100,958.0,Category 3,409.58
AL052019,DORIAN,2019-09-05T18:00:00+00:00,2019-09-05T13:00:00-05:00,2019-09-05,,HU,32.7,-78.9,95,958.0,Category 2,440.17
AL092019,HUMBERTO,2019-09-15T12:00:00+00:00,2019-09-15T07:00:00-05:00,2019-09-15,,TS,28.6,-77.9,55,995.0,Tropical Storm,483.02
AL092019,HUMBERTO,2019-09-15T18:00:00+00:00,2019-09-15T13:00:00-05:00,2019-09-15,,TS,29.1,-78.1,60,993.0,Tropical Storm,463.67
AL092019,HUMBERTO,2019-09-16T00:00:00+00:00,2019-09-15T19:00:00-05:00,2019-09-15,,HU,29.2,-77.8,65,987.0,Category 1,480.28
AL162019,NESTOR,2019-10-18T12:00:00+00:00,2019-10-18T07:00:00-05:00,2019-10-18,,DB,25.2,-91.2,50,1001.0,Tropical Storm,477.18
AL162019,NESTOR,2019-10-18T18:00:00+00:00,2019-10-18T13:00:00-05:00,2019-10-18,,TS,26.4,-89.4,50,1000.0,Tropical Storm,340.71
AL162019,NESTOR,2019-10-19T00:00:00+00:00,2019-10-18T19:00:00-05:00,2019-10-18,,TS,27.8,-87.8,50,996.0,Tropical Storm,203.62
AL162019,NESTOR,2019-10-19T06:00:00+00:00,2019-10-19T01:00:00-05:00,2019-10-19,,TS,28.6,-87.1,50,996.0,Tropical Storm,133.82
AL162019,NESTOR,2019-10-19T12:00:00+00:00,2019-10-19T07:00:00-05:00,2019-10-19,,EX,29.3,-86.4,40,996.0,Tropical Storm,69.75
AL162019,NESTOR,2019-10-19T18:00:00+00:00,2019-10-19T13:00:00-05:00,2019-10-19,,EX,30.2,-85.4,40,999.0,Tropical Storm,20.38
AL162019,NESTOR,2019-10-20T00:00:00+00:00,2019-10-19T19:00:00-05:00,2019-10-19,,EX,31.2,-84.2,35,1000.0,Tropical Storm,117.41
AL162019,NESTOR,2019-10-20T06:00:00+00:00,2019-10-20T01:00:00-05:00,2019-10-20,,EX,33.1,-81.7,40,1002.0,Tropical Storm,313.77
AL172019,OLGA,2019-10-26T00:00:00+00:00,2019-10-25T19:00:00-05:00,2019-10-25,,EX,27.0,-92.5,45,996.0,Tropical Storm,463.98
AL172019,OLGA,2019-10-26T06:00:00+00:00,2019-10-26T01:00:00-05:00,2019-10-26,,EX,28.8,-91.2,45,994.0,Tropical Storm,341.52
AL172019,OLGA,2019-10-26T12:00:00+00:00,2019-10-26T07:00:00-05:00,2019-10-26,,EX,31.7,-90.0,45,993.0,Tropical Storm,275.49
AL172019,OLGA,2019-10-26T18:00:00+00:00,2019-10-26T13:00:00-05:00,2019-10-26,,EX,36.2,-89.3,40,993.0,Tropical Storm,467.68
AL012020,ARTHUR,2020-05-16T18:00:00+00:00,2020-05-16T13:00:00-05:00,2020-05-16,,TD,28.0,-78.7,30,1008.0,Tropical Depression,449.14
AL012020,ARTHUR,2020-05-17T00:00:00+00:00,2020-05-16T19:00:00-05:00,2020-05-16,,TS,28.9,-78.0,35,1006.0,Tropical Storm,472.34
AL012020,ARTHUR,2020-05-17T06:00:00+00:00,2020-05-17T01:00:00-05:00,2020-05-17,,TS,29.6,-77.6,35,1004.0,Tropical Storm,488.39
AL012020,ARTHUR,2020-05-17T12:00:00+00:00,2020-05-17T07:00:00-05:00,2020-05-17,,TS,30.3,-77.5,35,1003.0,Tropical Storm,491.44
AL022020,BERTHA,2020-05-27T06:00:00+00:00,2020-05-27T01:00:00-05:00,2020-05-27,,TS,31.5,-78.8,40,1006.0,Tropical Storm,421.98
AL022020,BERTHA,2020-05-27T12:00:00+00:00,2020-05-27T07:00:00-05:00,2020-05-27,,TS,32.6,-79.5,45,1005.0,Tropical Storm,405.29
AL022020,BERTHA,2020-05-27T13:30:00+00:00,2020-05-27T08:30:00-05:00,2020-05-27,L,TS,32.9,-79.7,45,1005.0,Tropical Storm,403.53
AL022020,BERTHA,2020-05-27T18:00:00+00:00,2020-05-27T13:00:00-05:00,2020-05-27,,TD,33.7,-80.1,30,1007.0,Tropical Depression,412.24
AL022020,BERTHA,2020-05-28T00:00:00+00:00,2020-05-27T19:00:00-05:00,2020-05-27,,TD,34.9,-80.7,25,1008.0,Tropical Depression,441.15
AL032020,CRISTOBAL,2020-06-06T18:00:00+00:00,2020-06-06T13:00:00-05:00,2020-06-06,,TS,24.8,-90.2,45,992.0,Tropical Storm,458.65
AL032020,CRISTOBAL,2020-06-07T00:00:00+00:00,2020-06-06T19:00:00-05:00,2020-06-06,,TS,25.8,-90.1,45,992.0,Tropical Storm,400.44
AL032020,CRISTOBAL,2020-06-07T06:00:00+00:00,2020-06-07T01:00:00-05:00,2020-06-07,,TS,26.9,-90.0,45,992.0,Tropical Storm,341.79
AL032020,CRISTOBAL,2020-06-07T12:00:00+00:00,2020-06-07T07:00:00-05:00,2020-06-07,,TS,28.0,-89.9,45,991.0,Tropical Storm,291.48
AL032020,CRISTOBAL,2020-06-07T18:00:00+00:00,2020-06-07T13:00:00-05:00,2020-06-07,,TS,29.0,-89.8,45,990.0,Tropical Storm,256.64
AL032020,CRISTOBAL,2020-06-07T22:00:00+00:00,2020-06-07T17:00:00-05:00,2020-06-07,L,TS,29.3,-89.8,45,990.0,Tropical Storm,250.78
AL032020,CRISTOBAL,2020-06-08T00:00:00+00:00,2020-06-07T19:00:00-05:00,2020-06-07,,TS,29.8,-89.9,45,990.0,Tropical Storm,250.61
AL032020,CRISTOBAL,2020-06-08T06:00:00+00:00,2020-06-08T01:00:00-05:00,2020-06-08,,TS,30.6,-90.6,35,991.0,Tropical Storm,292.16
AL032020,CRISTOBAL,2020-06-08T12:00:00+00:00,2020-06-08T07:00:00-05:00,2020-06-08,,TD,31.7,-91.5,30,993.0,Tropical Depression,358.88
AL032020,CRISTOBAL,2020-06-08T18:00:00+00:00,2020-06-08T13:00:00-05:00,2020-06-08,,TD,32.9,-92.0,30,994.0,Tropical Depression,416.02
AL032020,CRISTOBAL,2020-06-09T00:00:00+00:00,2020-06-08T19:00:00-05:00,2020-06-08,,TD,34.2,-92.1,25,994.0,Tropical Depression,466.82
AL062020,FAY,2020-07-05T12:00:00+00:00,2020-07-05T07:00:00-05:00,2020-07-05,,LO,27.7,-88.8,20,1012.0,Tropical Depression,250.08
AL062020,FAY,2020-07-05T18:00:00+00:00,2020-07-05T13:00:00-05:00,2020-07-05,,LO,28.1,-87.7,25,1010.0,Tropical Depression,183.61
AL062020,FAY,2020-07-06T00:00:00+00:00,2020-07-05T19:00:00-05:00,2020-07-05,,LO,28.9,-86.2,30,1008.0,Tropical Depression,89.23
AL062020,FAY,2020-07-06T06:00:00+00:00,2020-07-06T01:00:00-05:00,2020-07-06,,LO,29.9,-85.4,30,1008.0,Tropical Depression,25.13
AL062020,FAY,2020-07-06T12:00:00+00:00,2020-07-06T07:00:00-05:00,2020-07-06,,LO,30.8,-85.0,20,1011.0,Tropical Depression,63.76
AL062020,FAY,2020-07-06T18:00:00+00:00,2020-07-06T13:00:00-05:00,2020-07-06,,LO,31.5,-84.6,20,1013.0,Tropical Depression,116.28
AL062020,FAY,2020-07-07T00:00:00+00:00,2020-07-06T19:00:00-05:00,2020-07-06,,LO,32.2,-84.2,20,1013.0,Tropical Depression,169.52
AL062020,FAY,2020-07-07T06:00:00+00:00,2020-07-07T01:00:00-05:00,2020-07-07,,LO,32.8,-83.7,20,1014.0,Tropical Depression,220.15
AL062020,FAY,2020-07-07T12:00:00+00:00,2020-07-07T07:00:00-05:00,2020-07-07,,LO,33.3,-83.2,20,1014.0,Tropical Depression,265.0
AL062020,FAY,2020-07-07T18:00:00+00:00,2020-07-07T13:00:00-05:00,2020-07-07,,LO,33.3,-82.5,20,1014.0,Tropical Depression,290.08
AL062020,FAY,2020-07-08T00:00:00+00:00,2020-07-07T19:00:00-05:00,2020-07-07,,LO,33.3,-81.6,20,1013.0,Tropical Depression,327.13
AL062020,FAY,2020-07-08T06:00:00+00:00,2020-07-08T01:00:00-05:00,2020-07-08,,LO,33.3,-80.5,20,1012.0,Tropical Depression,377.56
AL062020,FAY,2020-07-08T12:00:00+00:00,2020-07-08T07:00:00-05:00,2020-07-08,,LO,33.3,-79.2,20,1011.0,Tropical Depression,441.94
AL082020,HANNA,2020-07-23T00:00:00+00:00,2020-07-22T19:00:00-05:00,2020-07-22,,TD,25.7,-88.3,25,1009.0,Tropical Depression,343.62
AL082020,HANNA,2020-07-23T06:00:00+00:00,2020-07-23T01:00:00-05:00,2020-07-23,,TD,25.8,-89.0,25,1009.0,Tropical Depression,359.28
AL082020,HANNA,2020-07-23T12:00:00+00:00,2020-07-23T07:00:00-05:00,2020-07-23,,TD,25.9,-89.7,30,1009.0,Tropical Depression,379.22
AL082020,HANNA,2020-07-23T18:00:00+00:00,2020-07-23T13:00:00-05:00,2020-07-23,,TD,26.0,-90.4,30,1006.0,Tropical Depression,402.78
AL082020,HANNA,2020-07-24T00:00:00+00:00,2020-07-23T19:00:00-05:00,2020-07-23,,TS,26.2,-91.1,35,1002.0,Tropical Storm,424.79
AL082020,HANNA,2020-07-24T06:00:00+00:00,2020-07-24T01:00:00-05:00,2020-07-24,,TS,26.6,-92.0,40,1001.0,Tropical Storm,452.24
AL082020,HANNA,2020-07-24T12:00:00+00:00,2020-07-24T07:00:00-05:00,2020-07-24,,TS,27.1,-92.8,45,1000.0,Tropical Storm,476.92
AL092020,ISAIAS,2020-08-02T06:00:00+00:00,2020-08-02T01:00:00-05:00,2020-08-02,,TS,25.9,-79.2,55,996.0,Tropical Storm,493.67
AL092020,ISAIAS,2020-08-02T12:00:00+00:00,2020-08-02T07:00:00-05:00,2020-08-02,,TS,26.6,-79.5,55,995.0,Tropical Storm,450.2
AL092020,ISAIAS,2020-08-02T18:00:00+00:00,2020-08-02T13:00:00-05:00,2020-08-02,,TS,27.4,-79.6,60,995.0,Tropical Storm,416.2
AL092020,ISAIAS,2020-08-03T00:00:00+00:00,2020-08-02T19:00:00-05:00,2020-08-02,,TS,28.2,-79.7,60,995.0,Tropical Storm,387.3
AL092020,ISAIAS,2020-08-03T06:00:00+00:00,2020-08-03T01:00:00-05:00,2020-08-03,,TS,29.1,-79.9,60,995.0,Tropical Storm,357.25
AL092020,ISAIAS,2020-08-03T12:00:00+00:00,2020-08-03T07:00:00-05:00,2020-08-03,,TS,30.1,-80.0,60,995.0,Tropical Storm,342.44
AL092020,ISAIAS,2020-08-03T18:00:00+00:00,2020-08-03T13:00:00-05:00,2020-08-03,,HU,31.2,-79.7,65,991.0,Category 1,365.95
AL092020,ISAIAS,2020-08-04T00:00:00+00:00,2020-08-03T19:00:00-05:00,2020-08-03,,HU,32.8,-79.1,80,986.0,Category 1,432.13
AL092020,ISAIAS,2020-08-04T03:10:00+00:00,2020-08-03T22:10:00-05:00,2020-08-03,L,HU,33.9,-78.5,80,986.0,Category 1,497.24
AL142020,MARCO,2020-08-23T06:00:00+00:00,2020-08-23T01:00:00-05:00,2020-08-23,,TS,23.2,-86.7,60,994.0,Tropical Storm,482.2
AL142020,MARCO,2020-08-23T12:00:00+00:00,2020-08-23T07:00:00-05:00,2020-08-23,,HU,24.3,-87.2,65,991.0,Category 1,412.47
AL142020,MARCO,2020-08-23T18:00:00+00:00,2020-08-23T13:00:00-05:00,2020-08-23,,HU,25.3,-87.4,65,992.0,Category 1,348.66
AL142020,MARCO,2020-08-24T00:00:00+00:00,2020-08-23T19:00:00-05:00,2020-08-23,,TS,26.4,-87.6,55,997.0,Tropical Storm,281.39
AL142020,MARCO,2020-08-24T06:00:00+00:00,2020-08-24T01:00:00-05:00,2020-08-24,,TS,27.3,-87.9,50,1003.0,Tropical Storm,235.34
AL142020,MARCO,2020-08-24T12:00:00+00:00,2020-08-24T07:00:00-05:00,2020-08-24,,TS,28.1,-88.3,45,1006.0,Tropical Storm,208.9
AL142020,MARCO,2020-08-24T18:00:00+00:00,2020-08-24T13:00:00-05:00,2020-08-24,,TS,28.7,-88.6,40,1007.0,Tropical Storm,198.82
AL142020,MARCO,2020-08-25T00:00:00+00:00,2020-08-24T19:00:00-05:00,2020-08-24,,TS,28.9,-89.3,35,1006.0,Tropical Storm,230.73
AL142020,MARCO,2020-08-25T06:00:00+00:00,2020-08-25T01:00:00-05:00,2020-08-25,,LO,28.7,-90.5,25,1008.0,Tropical Depression,303.48
AL132020,LAURA,2020-08-25T12:00:00+00:00,2020-08-25T07:00:00-05:00,2020-08-25,,HU,23.4,-86.2,65,990.0,Category 1,465.56
AL142020,MARCO,2020-08-25T12:00:00+00:00,2020-08-25T07:00:00-05:00,2020-08-25,,LO,28.6,-91.4,20,1009.0,Tropical Depression,357.27
AL132020,LAURA,2020-08-25T18:00:00+00:00,2020-08-25T13:00:00-05:00,2020-08-25,,HU,24.1,-87.5,70,990.0,Category 1,430.26
AL142020,MARCO,2020-08-25T18:00:00+00:00,2020-08-25T13:00:00-05:00,2020-08-25,,LO,29.1,-92.3,20,1009.0,Tropical Depression,400.89
AL132020,LAURA,2020-08-26T00:00:00+00:00,2020-08-25T19:00:00-05:00,2020-08-25,,HU,24.9,-88.9,75,983.0,Category 1,409.9
AL132020,LAURA,2020-08-26T06:00:00+00:00,2020-08-26T01:00:00-05:00,2020-08-26,,HU,25.6,-90.2,90,978.0,Category 2,415.0
AL132020,LAURA,2020-08-26T12:00:00+00:00,2020-08-26T07:00:00-05:00,2020-08-26,,HU,26.4,-91.4,100,963.0,Category 3,430.35
AL132020,LAURA,2020-08-26T18:00:00+00:00,2020-08-26T13:00:00-05:00,2020-08-26,,HU,27.3,-92.5,120,952.0,Category 4,454.19
AL132020,LAURA,2020-08-27T00:00:00+00:00,2020-08-26T19:00:00-05:00,2020-08-26,,HU,28.5,-93.0,130,937.0,Category 4,452.06
AL132020,LAURA,2020-08-27T06:00:00+00:00,2020-08-27T01:00:00-05:00,2020-08-27,L,HU,29.8,-93.3,130,939.0,Category 4,453.61
AL132020,LAURA,2020-08-27T12:00:00+00:00,2020-08-27T07:00:00-05:00,2020-08-27,,HU,31.2,-93.3,85,970.0,Category 2,455.9
AL132020,LAURA,2020-08-27T18:00:00+00:00,2020-08-27T13:00:00-05:00,2020-08-27,,TS,32.8,-92.9,55,988.0,Tropical Storm,461.08
AL132020,LAURA,2020-08-28T00:00:00+00:00,2020-08-27T19:00:00-05:00,2020-08-27,,TS,34.4,-92.5,35,993.0,Tropical Storm,493.45
AL152020,OMAR,2020-08-30T18:00:00+00:00,2020-08-30T13:00:00-05:00,2020-08-30,,LO,30.2,-80.7,25,1011.0,Tropical Depression,300.5
AL152020,OMAR,2020-08-31T00:00:00+00:00,2020-08-30T19:00:00-05:00,2020-08-30,,LO,30.2,-79.4,25,1010.0,Tropical Depression,378.13
AL152020,OMAR,2020-08-31T06:00:00+00:00,2020-08-31T01:00:00-05:00,2020-08-31,,TD,30.6,-78.2,30,1009.0,Tropical Depression,450.03
AL192020,SALLY,2020-09-12T00:00:00+00:00,2020-09-11T19:00:00-05:00,2020-09-11,,TD,25.6,-79.4,30,1004.0,Tropical Depression,497.07
AL192020,SALLY,2020-09-12T06:00:00+00:00,2020-09-12T01:00:00-05:00,2020-09-12,L,TD,25.6,-80.2,30,1003.0,Tropical Depression,460.13
AL192020,SALLY,2020-09-12T12:00:00+00:00,2020-09-12T07:00:00-05:00,2020-09-12,,TS,25.5,-80.8,35,1003.0,Tropical Storm,439.07
AL192020,SALLY,2020-09-12T18:00:00+00:00,2020-09-12T13:00:00-05:00,2020-09-12,,TS,25.6,-81.6,35,1003.0,Tropical Storm,401.65
AL192020,SALLY,2020-09-13T00:00:00+00:00,2020-09-12T19:00:00-05:00,2020-09-12,,TS,26.0,-82.5,35,1003.0,Tropical Storm,346.38
AL192020,SALLY,2020-09-13T06:00:00+00:00,2020-09-13T01:00:00-05:00,2020-09-13,,TS,26.7,-83.5,45,1001.0,Tropical Storm,272.68
AL192020,SALLY,2020-09-13T12:00:00+00:00,2020-09-13T07:00:00-05:00,2020-09-13,,TS,27.2,-84.5,50,996.0,Tropical Storm,215.41
AL192020,SALLY,2020-09-13T18:00:00+00:00,2020-09-13T13:00:00-05:00,2020-09-13,,TS,27.6,-85.4,50,996.0,Tropical Storm,175.6
AL192020,SALLY,2020-09-14T00:00:00+00:00,2020-09-13T19:00:00-05:00,2020-09-13,,TS,27.9,-86.0,50,996.0,Tropical Storm,154.6
AL192020,SALLY,2020-09-14T06:00:00+00:00,2020-09-14T01:00:00-05:00,2020-09-14,,TS,28.2,-86.5,55,996.0,Tropical Storm,140.88
AL192020,SALLY,2020-09-14T12:00:00+00:00,2020-09-14T07:00:00-05:00,2020-09-14,,HU,28.4,-86.9,65,991.0,Category 1,138.49
AL192020,SALLY,2020-09-14T18:00:00+00:00,2020-09-14T13:00:00-05:00,2020-09-14,,HU,28.6,-87.3,75,986.0,Category 1,141.56
AL192020,SALLY,2020-09-15T00:00:00+00:00,2020-09-14T19:00:00-05:00,2020-09-14,,HU,28.7,-87.7,75,986.0,Category 1,154.11
AL192020,SALLY,2020-09-15T06:00:00+00:00,2020-09-15T01:00:00-05:00,2020-09-15,,HU,28.8,-88.0,70,984.0,Category 1,164.4
AL192020,SALLY,2020-09-15T12:00:00+00:00,2020-09-15T07:00:00-05:00,2020-09-15,,HU,29.0,-88.1,70,982.0,Category 1,162.26
AL192020,SALLY,2020-09-15T18:00:00+00:00,2020-09-15T13:00:00-05:00,2020-09-15,,HU,29.3,-88.1,70,981.0,Category 1,153.22
AL192020,SALLY,2020-09-16T00:00:00+00:00,2020-09-15T19:00:00-05:00,2020-09-15,,HU,29.6,-88.0,75,975.0,Category 1,140.77
AL192020,SALLY,2020-09-16T06:00:00+00:00,2020-09-16T01:00:00-05:00,2020-09-16,,HU,29.9,-87.9,95,967.0,Category 2,130.75
AL192020,SALLY,2020-09-16T09:45:00+00:00,2020-09-16T04:45:00-05:00,2020-09-16,L,HU,30.3,-87.7,95,965.0,Category 2,118.24
AL192020,SALLY,2020-09-16T12:00:00+00:00,2020-09-16T07:00:00-05:00,2020-09-16,,HU,30.5,-87.6,85,967.0,Category 2,114.51
AL192020,SALLY,2020-09-16T18:00:00+00:00,2020-09-16T13:00:00-05:00,2020-09-16,,TS,31.1,-87.2,60,982.0,Tropical Storm,110.36
AL192020,SALLY,2020-09-17T00:00:00+00:00,2020-09-16T19:00:00-05:00,2020-09-16,,TS,31.6,-86.7,35,994.0,Tropical Storm,117.03
AL192020,SALLY,2020-09-17T06:00:00+00:00,2020-09-17T01:00:00-05:00,2020-09-17,,TD,32.1,-86.1,30,1000.0,Tropical Depression,138.2
AL192020,SALLY,2020-09-17T12:00:00+00:00,2020-09-17T07:00:00-05:00,2020-09-17,,EX,32.6,-85.2,30,1003.0,Tropical Depression,173.84
AL192020,SALLY,2020-09-17T18:00:00+00:00,2020-09-17T13:00:00-05:00,2020-09-17,,EX,33.2,-83.8,30,1004.0,Tropical Depression,240.86
AL192020,SALLY,2020-09-18T00:00:00+00:00,2020-09-17T19:00:00-05:00,2020-09-17,,EX,33.7,-82.3,30,1004.0,Tropical Depression,318.51
AL192020,SALLY,2020-09-18T06:00:00+00:00,2020-09-18T01:00:00-05:00,2020-09-18,,EX,34.1,-80.8,30,1005.0,Tropical Depression,398.23
AL222020,BETA,2020-09-19T06:00:00+00:00,2020-09-19T01:00:00-05:00,2020-09-19,,TS,25.8,-92.3,50,996.0,Tropical Storm,499.88
AL222020,BETA,2020-09-19T12:00:00+00:00,2020-09-19T07:00:00-05:00,2020-09-19,,TS,26.4,-92.4,50,994.0,Tropical Storm,480.48
AL222020,BETA,2020-09-19T18:00:00+00:00,2020-09-19T13:00:00-05:00,2020-09-19,,TS,26.6,-92.2,50,995.0,Tropical Storm,462.53
AL222020,BETA,2020-09-20T00:00:00+00:00,2020-09-19T19:00:00-05:00,2020-09-19,,TS,26.8,-92.1,50,997.0,Tropical Storm,449.86
AL222020,BETA,2020-09-20T06:00:00+00:00,2020-09-20T01:00:00-05:00,2020-09-20,,TS,26.9,-92.5,50,998.0,Tropical Storm,467.4
AL222020,BETA,2020-09-20T12:00:00+00:00,2020-09-20T07:00:00-05:00,2020-09-20,,TS,27.1,-92.8,50,996.0,Tropical Storm,476.92
AL222020,BETA,2020-09-23T18:00:00+00:00,2020-09-23T13:00:00-05:00,2020-09-23,,EX,30.3,-93.8,25,1006.0,Tropical Depression,481.89
AL222020,BETA,2020-09-24T00:00:00+00:00,2020-09-23T19:00:00-05:00,2020-09-23,,EX,30.8,-92.4,25,1005.0,Tropical Depression,399.9
AL222020,BETA,2020-09-24T06:00:00+00:00,2020-09-24T01:00:00-05:00,2020-09-24,,EX,31.6,-91.5,25,1004.0,Tropical Depression,357.02
AL222020,BETA,2020-09-24T12:00:00+00:00,2020-09-24T07:00:00-05:00,2020-09-24,,EX,32.4,-90.6,25,1003.0,Tropical Depression,327.72
AL222020,BETA,2020-09-24T18:00:00+00:00,2020-09-24T13:00:00-05:00,2020-09-24,,EX,33.0,-89.1,20,1008.0,Tropical Depression,280.72
AL222020,BETA,2020-09-25T00:00:00+00:00,2020-09-24T19:00:00-05:00,2020-09-24,,EX,33.6,-87.6,20,1009.0,Tropical Depression,263.97
AL222020,BETA,2020-09-25T06:00:00+00:00,2020-09-25T01:00:00-05:00,2020-09-25,,EX,34.1,-86.5,15,1010.0,Tropical Depression,278.32
AL262020,DELTA,2020-10-09T18:00:00+00:00,2020-10-09T13:00:00-05:00,2020-10-09,,HU,28.7,-93.6,90,966.0,Category 2,483.69
AL262020,DELTA,2020-10-09T23:00:00+00:00,2020-10-09T18:00:00-05:00,2020-10-09,L,HU,29.8,-93.1,85,970.0,Category 2,441.66
AL262020,DELTA,2020-10-10T00:00:00+00:00,2020-10-09T19:00:00-05:00,2020-10-09,,HU,30.1,-92.9,75,971.0,Category 1,428.47
AL262020,DELTA,2020-10-10T06:00:00+00:00,2020-10-10T01:00:00-05:00,2020-10-10,,TS,31.4,-92.2,50,985.0,Tropical Storm,394.04
AL262020,DELTA,2020-10-10T12:00:00+00:00,2020-10-10T07:00:00-05:00,2020-10-10,,TS,32.5,-91.4,35,993.0,Tropical Storm,372.68
AL262020,DELTA,2020-10-10T18:00:00+00:00,2020-10-10T13:00:00-05:00,2020-10-10,,EX,33.3,-90.6,25,998.0,Tropical Depression,360.56
AL262020,DELTA,2020-10-11T00:00:00+00:00,2020-10-10T19:00:00-05:00,2020-10-10,,EX,33.9,-89.6,25,1002.0,Tropical Depression,345.53
AL262020,DELTA,2020-10-11T06:00:00+00:00,2020-10-11T01:00:00-05:00,2020-10-11,,EX,34.4,-88.6,25,1004.0,Tropical Depression,339.61
AL262020,DELTA,2020-10-11T12:00:00+00:00,2020-10-11T07:00:00-05:00,2020-10-11,,EX,34.8,-87.5,20,1005.0,Tropical Depression,339.07
AL262020,DELTA,2020-10-11T18:00:00+00:00,2020-10-11T13:00:00-05:00,2020-10-11,,EX,35.1,-86.3,20,1007.0,Tropical Depression,345.33
AL282020,ZETA,2020-10-28T12:00:00+00:00,2020-10-28T07:00:00-05:00,2020-10-28,,HU,26.0,-91.7,80,978.0,Category 1,462.16
AL282020,ZETA,2020-10-28T18:00:00+00:00,2020-10-28T13:00:00-05:00,2020-10-28,,HU,28.0,-91.1,95,973.0,Category 2,355.94
AL282020,ZETA,2020-10-28T21:00:00+00:00,2020-10-28T16:00:00-05:00,2020-10-28,L,HU,29.2,-90.6,100,970.0,Category 3,299.27
AL282020,ZETA,2020-10-29T00:00:00+00:00,2020-10-28T19:00:00-05:00,2020-10-28,,HU,30.2,-89.9,85,973.0,Category 2,249.15
AL282020,ZETA,2020-10-29T06:00:00+00:00,2020-10-29T01:00:00-05:00,2020-10-29,,TS,32.8,-87.5,60,986.0,Tropical Storm,212.22
AL282020,ZETA,2020-10-29T12:00:00+00:00,2020-10-29T07:00:00-05:00,2020-10-29,,TS,35.3,-83.6,45,990.0,Tropical Storm,378.36
AL292020,ETA,2020-11-09T04:00:00+00:00,2020-11-08T22:00:00-06:00,2020-11-08,L,TS,24.9,-80.7,55,993.0,Tropical Storm,474.56
AL292020,ETA,2020-11-09T06:00:00+00:00,2020-11-09T00:00:00-06:00,2020-11-09,,TS,25.0,-81.4,55,992.0,Tropical Storm,442.31
AL292020,ETA,2020-11-09T12:00:00+00:00,2020-11-09T06:00:00-06:00,2020-11-09,,TS,24.9,-82.9,50,992.0,Tropical Storm,400.46
AL292020,ETA,2020-11-09T18:00:00+00:00,2020-11-09T12:00:00-06:00,2020-11-09,,TS,24.2,-84.1,45,995.0,Tropical Storm,421.44
AL292020,ETA,2020-11-10T00:00:00+00:00,2020-11-09T18:00:00-06:00,2020-11-09,,TS,23.4,-85.0,45,995.0,Tropical Storm,466.83
AL292020,ETA,2020-11-10T06:00:00+00:00,2020-11-10T00:00:00-06:00,2020-11-10,,TS,23.0,-85.4,45,995.0,Tropical Storm,492.71
AL292020,ETA,2020-11-11T00:00:00+00:00,2020-11-10T18:00:00-06:00,2020-11-10,,TS,23.5,-84.6,55,990.0,Tropical Storm,463.01
AL292020,ETA,2020-11-11T06:00:00+00:00,2020-11-11T00:00:00-06:00,2020-11-11,,TS,24.5,-84.2,60,987.0,Tropical Storm,399.82
AL292020,ETA,2020-11-11T12:00:00+00:00,2020-11-11T06:00:00-06:00,2020-11-11,,HU,25.8,-83.9,65,983.0,Category 1,319.0
AL292020,ETA,2020-11-11T18:00:00+00:00,2020-11-11T12:00:00-06:00,2020-11-11,,TS,26.8,-83.7,60,990.0,Tropical Storm,260.72
AL292020,ETA,2020-11-12T00:00:00+00:00,2020-11-11T18:00:00-06:00,2020-11-11,,TS,27.9,-83.5,55,992.0,Tropical Storm,204.41
AL292020,ETA,2020-11-12T06:00:00+00:00,2020-11-12T00:00:00-06:00,2020-11-12,,TS,28.7,-83.2,50,994.0,Tropical Storm,181.32
AL292020,ETA,2020-11-12T09:20:00+00:00,2020-11-12T03:20:00-06:00,2020-11-12,L,TS,29.2,-82.9,45,996.0,Tropical Storm,181.53
AL292020,ETA,2020-11-12T12:00:00+00:00,2020-11-12T06:00:00-06:00,2020-11-12,,TS,29.7,-82.5,40,1001.0,Tropical Storm,195.65
AL292020,ETA,2020-11-12T18:00:00+00:00,2020-11-12T12:00:00-06:00,2020-11-12,,TS,30.9,-81.3,35,1003.0,Tropical Storm,269.06
AL292020,ETA,2020-11-13T00:00:00+00:00,2020-11-12T18:00:00-06:00,2020-11-12,,TS,31.9,-79.9,40,1004.0,Tropical Storm,366.31
AL292020,ETA,2020-11-13T06:00:00+00:00,2020-11-13T00:00:00-06:00,2020-11-13,,TS,32.7,-78.0,40,1004.0,Tropical Storm,489.14
AL022021,BILL,2021-06-13T18:00:00+00:00,2021-06-13T13:00:00-05:00,2021-06-13,,LO,31.9,-78.1,20,1008.0,Tropical Depression,468.05
AL032021,CLAUDETTE,2021-06-18T12:00:00+00:00,2021-06-18T07:00:00-05:00,2021-06-18,,DB,25.9,-91.2,35,1007.0,Tropical Storm,443.21
AL032021,CLAUDETTE,2021-06-18T18:00:00+00:00,2021-06-18T13:00:00-05:00,2021-06-18,,DB,27.2,-91.1,40,1006.0,Tropical Storm,383.11
AL032021,CLAUDETTE,2021-06-19T00:00:00+00:00,2021-06-18T19:00:00-05:00,2021-06-18,,TS,28.4,-91.2,40,1005.0,Tropical Storm,350.54
AL032021,CLAUDETTE,2021-06-19T04:30:00+00:00,2021-06-18T23:30:00-05:00,2021-06-18,L,TS,29.2,-91.0,40,1003.0,Tropical Storm,322.76
AL032021,CLAUDETTE,2021-06-19T06:00:00+00:00,2021-06-19T01:00:00-05:00,2021-06-19,,TS,29.5,-90.8,40,1003.0,Tropical Storm,306.97
AL032021,CLAUDETTE,2021-06-19T12:00:00+00:00,2021-06-19T07:00:00-05:00,2021-06-19,,TS,30.6,-89.9,35,1004.0,Tropical Storm,250.74
AL032021,CLAUDETTE,2021-06-19T18:00:00+00:00,2021-06-19T13:00:00-05:00,2021-06-19,,TD,31.5,-88.8,30,1005.0,Tropical Depression,205.45
AL032021,CLAUDETTE,2021-06-20T00:00:00+00:00,2021-06-19T19:00:00-05:00,2021-06-19,,TD,32.4,-87.8,25,1005.0,Tropical Depression,199.12
AL032021,CLAUDETTE,2021-06-20T06:00:00+00:00,2021-06-20T01:00:00-05:00,2021-06-20,,TD,33.1,-86.5,25,1006.0,Tropical Depression,210.48
AL032021,CLAUDETTE,2021-06-20T12:00:00+00:00,2021-06-20T07:00:00-05:00,2021-06-20,,TD,33.5,-84.8,25,1007.0,Tropical Depression,239.49
AL032021,CLAUDETTE,2021-06-20T18:00:00+00:00,2021-06-20T13:00:00-05:00,2021-06-20,,TD,33.8,-83.1,25,1008.0,Tropical Depression,297.02
AL032021,CLAUDETTE,2021-06-21T00:00:00+00:00,2021-06-20T19:00:00-05:00,2021-06-20,,TD,34.2,-81.2,30,1007.0,Tropical Depression,386.53
AL042021,DANNY,2021-06-28T12:00:00+00:00,2021-06-28T07:00:00-05:00,2021-06-28,,TS,31.5,-77.6,35,1011.0,Tropical Storm,491.58
AL042021,DANNY,2021-06-28T18:00:00+00:00,2021-06-28T13:00:00-05:00,2021-06-28,,TS,32.0,-79.5,40,1009.0,Tropical Storm,390.75
AL042021,DANNY,2021-06-28T23:20:00+00:00,2021-06-28T18:20:00-05:00,2021-06-28,L,TS,32.3,-80.5,35,1010.0,Tropical Storm,343.59
AL042021,DANNY,2021-06-29T00:00:00+00:00,2021-06-28T19:00:00-05:00,2021-06-28,,TD,32.4,-80.7,30,1011.0,Tropical Depression,336.04
AL052021,ELSA,2021-07-06T06:00:00+00:00,2021-07-06T01:00:00-05:00,2021-07-06,,TS,23.7,-82.4,50,1005.0,Tropical Storm,488.96
AL052021,ELSA,2021-07-06T12:00:00+00:00,2021-07-06T07:00:00-05:00,2021-07-06,,TS,24.6,-82.7,55,1003.0,Tropical Storm,424.55
AL052021,ELSA,2021-07-06T18:00:00+00:00,2021-07-06T13:00:00-05:00,2021-07-06,,TS,25.5,-82.9,60,997.0,Tropical Storm,363.31
AL052021,ELSA,2021-07-07T00:00:00+00:00,2021-07-06T19:00:00-05:00,2021-07-06,,HU,26.6,-83.2,65,996.0,Category 1,288.04
AL052021,ELSA,2021-07-07T06:00:00+00:00,2021-07-07T01:00:00-05:00,2021-07-07,,TS,27.8,-83.5,55,998.0,Tropical Storm,209.7
AL052021,ELSA,2021-07-07T12:00:00+00:00,2021-07-07T07:00:00-05:00,2021-07-07,,TS,29.1,-83.6,55,999.0,Tropical Storm,146.23
AL052021,ELSA,2021-07-07T14:30:00+00:00,2021-07-07T09:30:00-05:00,2021-07-07,L,TS,29.8,-83.5,55,1000.0,Tropical Storm,135.36
AL052021,ELSA,2021-07-07T18:00:00+00:00,2021-07-07T13:00:00-05:00,2021-07-07,,TS,30.3,-83.4,45,1002.0,Tropical Storm,139.64
AL052021,ELSA,2021-07-08T00:00:00+00:00,2021-07-07T19:00:00-05:00,2021-07-07,,TS,31.5,-82.7,45,1005.0,Tropical Storm,203.35
AL052021,ELSA,2021-07-08T06:00:00+00:00,2021-07-08T01:00:00-05:00,2021-07-08,,TS,32.8,-81.8,40,1006.0,Tropical Storm,296.28
AL052021,ELSA,2021-07-08T12:00:00+00:00,2021-07-08T07:00:00-05:00,2021-07-08,,TS,34.2,-80.5,40,1006.0,Tropical Storm,415.63
AL062021,FRED,2021-08-14T18:00:00+00:00,2021-08-14T13:00:00-05:00,2021-08-14,,DB,23.3,-83.5,30,1012.0,Tropical Depression,491.2
AL062021,FRED,2021-08-15T00:00:00+00:00,2021-08-14T19:00:00-05:00,2021-08-14,,DB,24.1,-84.1,35,1011.0,Tropical Storm,428.17
AL062021,FRED,2021-08-15T06:00:00+00:00,2021-08-15T01:00:00-05:00,2021-08-15,,DB,25.0,-84.4,35,1010.0,Tropical Storm,363.34
AL062021,FRED,2021-08-15T12:00:00+00:00,2021-08-15T07:00:00-05:00,2021-08-15,,TS,25.7,-84.7,35,1008.0,Tropical Storm,312.13
AL062021,FRED,2021-08-15T18:00:00+00:00,2021-08-15T13:00:00-05:00,2021-08-15,,TS,26.4,-85.2,40,1005.0,Tropical Storm,259.38
AL062021,FRED,2021-08-16T00:00:00+00:00,2021-08-15T19:00:00-05:00,2021-08-15,,TS,27.0,-85.8,50,999.0,Tropical Storm,215.96
AL062021,FRED,2021-08-16T06:00:00+00:00,2021-08-16T01:00:00-05:00,2021-08-16,,TS,27.8,-85.9,50,996.0,Tropical Storm,160.97
AL062021,FRED,2021-08-16T12:00:00+00:00,2021-08-16T07:00:00-05:00,2021-08-16,,TS,28.7,-85.7,50,993.0,Tropical Storm,98.47
AL062021,FRED,2021-08-16T18:00:00+00:00,2021-08-16T13:00:00-05:00,2021-08-16,,TS,29.5,-85.4,55,991.0,Tropical Storm,47.5
AL062021,FRED,2021-08-16T19:00:00+00:00,2021-08-16T14:00:00-05:00,2021-08-16,L,TS,29.7,-85.4,55,991.0,Tropical Storm,35.4
AL062021,FRED,2021-08-17T00:00:00+00:00,2021-08-16T19:00:00-05:00,2021-08-16,,TS,30.6,-85.4,45,998.0,Tropical Storm,38.26
AL062021,FRED,2021-08-17T06:00:00+00:00,2021-08-17T01:00:00-05:00,2021-08-17,,TS,31.7,-85.4,35,1004.0,Tropical Storm,110.57
AL062021,FRED,2021-08-17T12:00:00+00:00,2021-08-17T07:00:00-05:00,2021-08-17,,TD,32.8,-85.2,25,1006.0,Tropical Depression,187.44
AL062021,FRED,2021-08-17T18:00:00+00:00,2021-08-17T13:00:00-05:00,2021-08-17,,TD,34.0,-84.7,25,1008.0,Tropical Depression,274.44
AL062021,FRED,2021-08-18T00:00:00+00:00,2021-08-17T19:00:00-05:00,2021-08-17,,LO,35.9,-83.6,25,1009.0,Tropical Depression,417.63
AL092021,IDA,2021-08-28T06:00:00+00:00,2021-08-28T01:00:00-05:00,2021-08-28,,HU,23.5,-84.7,70,987.0,Category 1,462.12
AL092021,IDA,2021-08-28T12:00:00+00:00,2021-08-28T07:00:00-05:00,2021-08-28,,HU,24.4,-85.7,70,986.0,Category 1,395.56
AL092021,IDA,2021-08-28T18:00:00+00:00,2021-08-28T13:00:00-05:00,2021-08-28,,HU,25.6,-86.6,80,976.0,Category 1,317.13
AL092021,IDA,2021-08-29T00:00:00+00:00,2021-08-28T19:00:00-05:00,2021-08-28,,HU,26.7,-87.6,90,967.0,Category 2,262.5
AL092021,IDA,2021-08-29T06:00:00+00:00,2021-08-29T01:00:00-05:00,2021-08-29,,HU,27.6,-88.7,115,950.0,Category 4,250.45
AL092021,IDA,2021-08-29T12:00:00+00:00,2021-08-29T07:00:00-05:00,2021-08-29,,HU,28.5,-89.6,130,929.0,Category 4,258.76
AL092021,IDA,2021-08-29T16:55:00+00:00,2021-08-29T11:55:00-05:00,2021-08-29,L,HU,29.1,-90.2,130,931.0,Category 4,277.67
AL092021,IDA,2021-08-29T18:00:00+00:00,2021-08-29T13:00:00-05:00,2021-08-29,,HU,29.2,-90.4,125,932.0,Category 4,287.55
AL092021,IDA,2021-08-30T00:00:00+00:00,2021-08-29T19:00:00-05:00,2021-08-29,,HU,29.9,-90.6,105,944.0,Category 3,291.76
AL092021,IDA,2021-08-30T06:00:00+00:00,2021-08-30T01:00:00-05:00,2021-08-30,,HU,30.6,-90.8,65,978.0,Category 1,304.01
AL092021,IDA,2021-08-30T12:00:00+00:00,2021-08-30T07:00:00-05:00,2021-08-30,,TS,31.5,-90.9,40,992.0,Tropical Storm,321.12
AL092021,IDA,2021-08-30T18:00:00+00:00,2021-08-30T13:00:00-05:00,2021-08-30,,TS,32.2,-90.5,35,996.0,Tropical Storm,316.32
AL092021,IDA,2021-08-31T00:00:00+00:00,2021-08-30T19:00:00-05:00,2021-08-30,,TD,33.0,-90.0,30,996.0,Tropical Depression,320.34
AL092021,IDA,2021-08-31T06:00:00+00:00,2021-08-31T01:00:00-05:00,2021-08-31,,TD,33.8,-89.4,25,996.0,Tropical Depression,332.74
AL092021,IDA,2021-08-31T12:00:00+00:00,2021-08-31T07:00:00-05:00,2021-08-31,,TD,34.4,-88.4,25,996.0,Tropical Depression,334.0
AL092021,IDA,2021-08-31T18:00:00+00:00,2021-08-31T13:00:00-05:00,2021-08-31,,TD,35.1,-87.1,20,999.0,Tropical Depression,352.85
AL092021,IDA,2021-09-01T00:00:00+00:00,2021-08-31T19:00:00-05:00,2021-08-31,,TD,35.8,-85.5,20,1000.0,Tropical Depression,392.33
AL092021,IDA,2021-09-01T06:00:00+00:00,2021-09-01T01:00:00-05:00,2021-09-01,,TD,36.7,-83.6,20,1000.0,Tropical Depression,470.56
AL132021,MINDY,2021-09-08T18:00:00+00:00,2021-09-08T13:00:00-05:00,2021-09-08,,TS,28.4,-86.8,35,1006.0,Tropical Storm,135.52
AL132021,MINDY,2021-09-09T00:00:00+00:00,2021-09-08T19:00:00-05:00,2021-09-08,,TS,29.5,-85.4,45,1001.0,Tropical Storm,47.5
AL132021,MINDY,2021-09-09T01:15:00+00:00,2021-09-08T20:15:00-05:00,2021-09-08,L,TS,29.7,-85.1,50,1000.0,Tropical Storm,47.81
AL132021,MINDY,2021-09-09T06:00:00+00:00,2021-09-09T01:00:00-05:00,2021-09-09,,TS,30.5,-83.9,35,1001.0,Tropical Storm,112.19
AL132021,MINDY,2021-09-09T12:00:00+00:00,2021-09-09T07:00:00-05:00,2021-09-09,,TD,31.2,-81.8,30,1005.0,Tropical Depression,245.08
AL132021,MINDY,2021-09-09T18:00:00+00:00,2021-09-09T13:00:00-05:00,2021-09-09,,TD,31.7,-79.4,30,1005.0,Tropical Depression,390.62
AL142021,NICHOLAS,2021-09-15T06:00:00+00:00,2021-09-15T01:00:00-05:00,2021-09-15,,TD,30.2,-93.8,30,1004.0,Tropical Depression,482.02
AL142021,NICHOLAS,2021-09-15T12:00:00+00:00,2021-09-15T07:00:00-05:00,2021-09-15,,TD,30.3,-93.1,25,1006.0,Tropical Depression,440.14
AL142021,NICHOLAS,2021-09-15T18:00:00+00:00,2021-09-15T13:00:00-05:00,2021-09-15,,LO,30.2,-92.4,25,1006.0,Tropical Depression,398.43
AL142021,NICHOLAS,2021-09-16T00:00:00+00:00,2021-09-15T19:00:00-05:00,2021-09-15,,LO,29.9,-91.8,25,1006.0,Tropical Depression,363.45
AL142021,NICHOLAS,2021-09-16T06:00:00+00:00,2021-09-16T01:00:00-05:00,2021-09-16,,LO,29.3,-91.6,20,1007.0,Tropical Depression,356.79
AL142021,NICHOLAS,2021-09-16T12:00:00+00:00,2021-09-16T07:00:00-05:00,2021-09-16,,LO,29.7,-91.7,20,1007.0,Tropical Depression,358.7
AL142021,NICHOLAS,2021-09-16T18:00:00+00:00,2021-09-16T13:00:00-05:00,2021-09-16,,LO,29.9,-92.2,20,1009.0,Tropical Depression,387.35
AL142021,NICHOLAS,2021-09-17T00:00:00+00:00,2021-09-16T19:00:00-05:00,2021-09-16,,LO,30.3,-92.6,15,1009.0,Tropical Depression,410.31
AL142021,NICHOLAS,2021-09-17T06:00:00+00:00,2021-09-17T01:00:00-05:00,2021-09-17,,LO,30.8,-93.0,15,1010.0,Tropical Depression,435.4
AL012022,ALEX,2022-06-04T00:00:00+00:00,2022-06-03T19:00:00-05:00,2022-06-03,,DB,23.9,-85.1,35,1003.0,Tropical Storm,431.85
AL012022,ALEX,2022-06-04T06:00:00+00:00,2022-06-04T01:00:00-05:00,2022-06-04,,DB,25.0,-83.7,35,1003.0,Tropical Storm,375.27
AL012022,ALEX,2022-06-04T12:00:00+00:00,2022-06-04T07:00:00-05:00,2022-06-04,,DB,26.2,-82.0,35,1002.0,Tropical Storm,353.73
AL012022,ALEX,2022-06-04T18:00:00+00:00,2022-06-04T13:00:00-05:00,2022-06-04,,DB,27.2,-80.4,40,1001.0,Tropical Storm,381.06
AL012022,ALEX,2022-06-05T00:00:00+00:00,2022-06-04T19:00:00-05:00,2022-06-04,,TS,28.0,-78.8,40,999.0,Tropical Storm,443.44
AL032022,COLIN,2022-07-01T18:00:00+00:00,2022-07-01T13:00:00-05:00,2022-07-01,,TD,31.8,-80.5,30,1014.0,Tropical Depression,330.73
AL032022,COLIN,2022-07-01T23:30:00+00:00,2022-07-01T18:30:00-05:00,2022-07-01,L,TS,32.4,-80.5,35,1011.0,Tropical Storm,346.52
AL032022,COLIN,2022-07-02T00:00:00+00:00,2022-07-01T19:00:00-05:00,2022-07-01,,TS,32.5,-80.4,35,1011.0,Tropical Storm,354.78
AL032022,COLIN,2022-07-02T06:00:00+00:00,2022-07-02T01:00:00-05:00,2022-07-02,,TS,33.0,-79.9,35,1011.0,Tropical Storm,396.46
AL032022,COLIN,2022-07-02T12:00:00+00:00,2022-07-02T07:00:00-05:00,2022-07-02,,TS,33.4,-79.4,35,1011.0,Tropical Storm,435.16
AL032022,COLIN,2022-07-02T18:00:00+00:00,2022-07-02T13:00:00-05:00,2022-07-02,,TD,33.8,-78.9,30,1015.0,Tropical Depression,473.91
AL092022,IAN,2022-09-27T18:00:00+00:00,2022-09-27T13:00:00-05:00,2022-09-27,,HU,23.5,-83.3,105,951.0,Category 3,481.6
AL092022,IAN,2022-09-28T00:00:00+00:00,2022-09-27T19:00:00-05:00,2022-09-27,,HU,24.4,-83.0,105,947.0,Category 3,429.58
AL092022,IAN,2022-09-28T02:00:00+00:00,2022-09-27T21:00:00-05:00,2022-09-27,L,HU,24.6,-82.9,110,952.0,Category 3,419.33
AL092022,IAN,2022-09-28T06:00:00+00:00,2022-09-28T01:00:00-05:00,2022-09-28,,HU,25.2,-82.9,120,945.0,Category 4,381.77
AL092022,IAN,2022-09-28T12:00:00+00:00,2022-09-28T07:00:00-05:00,2022-09-28,,HU,26.0,-82.7,140,937.0,Category 5,339.6
AL092022,IAN,2022-09-28T18:00:00+00:00,2022-09-28T13:00:00-05:00,2022-09-28,,HU,26.6,-82.4,135,938.0,Category 4,316.67
AL092022,IAN,2022-09-28T19:05:00+00:00,2022-09-28T14:05:00-05:00,2022-09-28,L,HU,26.7,-82.2,130,941.0,Category 4,319.36
AL092022,IAN,2022-09-28T20:35:00+00:00,2022-09-28T15:35:00-05:00,2022-09-28,L,HU,26.8,-82.0,125,945.0,Category 4,322.61
AL092022,IAN,2022-09-29T00:00:00+00:00,2022-09-28T19:00:00-05:00,2022-09-28,,HU,27.2,-81.7,100,960.0,Category 3,317.03
AL092022,IAN,2022-09-29T06:00:00+00:00,2022-09-29T01:00:00-05:00,2022-09-29,,HU,27.7,-81.1,65,985.0,Category 1,326.28
AL092022,IAN,2022-09-29T12:00:00+00:00,2022-09-29T07:00:00-05:00,2022-09-29,,TS,28.4,-80.6,60,987.0,Tropical Storm,331.35
AL092022,IAN,2022-09-29T18:00:00+00:00,2022-09-29T13:00:00-05:00,2022-09-29,,HU,28.9,-80.1,65,986.0,Category 1,348.9
AL092022,IAN,2022-09-30T00:00:00+00:00,2022-09-29T19:00:00-05:00,2022-09-29,,HU,29.6,-79.4,70,986.0,Category 1,380.97
AL092022,IAN,2022-09-30T06:00:00+00:00,2022-09-30T01:00:00-05:00,2022-09-30,,HU,30.3,-79.1,75,984.0,Category 1,395.99
AL092022,IAN,2022-09-30T12:00:00+00:00,2022-09-30T07:00:00-05:00,2022-09-30,,HU,31.5,-79.0,75,980.0,Category 1,410.43
AL092022,IAN,2022-09-30T18:00:00+00:00,2022-09-30T13:00:00-05:00,2022-09-30,,HU,33.3,-79.2,70,978.0,Category 1,441.94
AL092022,IAN,2022-09-30T18:05:00+00:00,2022-09-30T13:05:00-05:00,2022-09-30,L,HU,33.3,-79.2,70,978.0,Category 1,441.94
AL092022,IAN,2022-10-01T00:00:00+00:00,2022-09-30T19:00:00-05:00,2022-09-30,,EX,34.4,-79.3,50,990.0,Tropical Storm,477.7
AL172022,NICOLE,2022-11-10T06:00:00+00:00,2022-11-10T00:00:00-06:00,2022-11-10,,HU,27.3,-79.8,65,980.0,Category 1,408.84
AL172022,NICOLE,2022-11-10T07:45:00+00:00,2022-11-10T01:45:00-06:00,2022-11-10,L,HU,27.6,-80.3,65,980.0,Category 1,371.95
AL172022,NICOLE,2022-11-10T12:00:00+00:00,2022-11-10T06:00:00-06:00,2022-11-10,,TS,28.0,-81.6,55,984.0,Tropical Storm,289.4
AL172022,NICOLE,2022-11-10T18:00:00+00:00,2022-11-10T12:00:00-06:00,2022-11-10,,TS,29.0,-82.8,40,989.0,Tropical Storm,192.47
AL172022,NICOLE,2022-11-10T19:00:00+00:00,2022-11-10T13:00:00-06:00,2022-11-10,L,TS,29.2,-83.0,40,989.0,Tropical Storm,175.92
AL172022,NICOLE,2022-11-11T00:00:00+00:00,2022-11-10T18:00:00-06:00,2022-11-10,L,TS,30.1,-84.0,35,992.0,Tropical Storm,103.41
AL172022,NICOLE,2022-11-11T06:00:00+00:00,2022-11-11T00:00:00-06:00,2022-11-11,,TD,31.2,-84.6,30,996.0,Tropical Depression,100.13
AL172022,NICOLE,2022-11-11T12:00:00+00:00,2022-11-11T06:00:00-06:00,2022-11-11,,TD,33.2,-84.6,25,999.0,Tropical Depression,222.61
AL172022,NICOLE,2022-11-11T18:00:00+00:00,2022-11-11T12:00:00-06:00,2022-11-11,,LO,35.4,-83.8,25,1000.0,Tropical Depression,381.3
AL022023,ARLENE,2023-05-31T18:00:00+00:00,2023-05-31T13:00:00-05:00,2023-05-31,,LO,26.4,-85.9,20,1009.0,Tropical Depression,257.58
AL022023,ARLENE,2023-06-01T00:00:00+00:00,2023-05-31T19:00:00-05:00,2023-05-31,,LO,26.7,-85.7,20,1008.0,Tropical Depression,236.65
AL022023,ARLENE,2023-06-01T06:00:00+00:00,2023-06-01T01:00:00-05:00,2023-06-01,,LO,27.2,-85.8,25,1008.0,Tropical Depression,202.14
AL022023,ARLENE,2023-06-01T12:00:00+00:00,2023-06-01T07:00:00-05:00,2023-06-01,,TD,27.7,-86.2,30,1007.0,Tropical Depression,169.95
AL022023,ARLENE,2023-06-01T18:00:00+00:00,2023-06-01T13:00:00-05:00,2023-06-01,,TD,28.0,-86.5,30,1007.0,Tropical Depression,154.01
AL022023,ARLENE,2023-06-02T00:00:00+00:00,2023-06-01T19:00:00-05:00,2023-06-01,,TD,27.7,-86.5,30,1006.0,Tropical Depression,173.9
AL022023,ARLENE,2023-06-02T06:00:00+00:00,2023-06-02T01:00:00-05:00,2023-06-02,,TS,27.3,-86.4,35,1004.0,Tropical Storm,199.37
AL022023,ARLENE,2023-06-02T12:00:00+00:00,2023-06-02T07:00:00-05:00,2023-06-02,,TS,27.0,-86.3,35,1002.0,Tropical Storm,218.67
AL022023,ARLENE,2023-06-02T18:00:00+00:00,2023-06-02T13:00:00-05:00,2023-06-02,,TS,26.7,-86.0,35,1000.0,Tropical Storm,237.21
AL022023,ARLENE,2023-06-03T00:00:00+00:00,2023-06-02T19:00:00-05:00,2023-06-02,,TS,25.9,-85.7,35,998.0,Tropical Storm,291.93
AL022023,ARLENE,2023-06-03T06:00:00+00:00,2023-06-03T01:00:00-05:00,2023-06-03,,TD,25.0,-85.6,30,999.0,Tropical Depression,354.19
AL022023,ARLENE,2023-06-03T12:00:00+00:00,2023-06-03T07:00:00-05:00,2023-06-03,,LO,24.4,-85.3,25,1000.0,Tropical Depression,396.44
AL022023,ARLENE,2023-06-03T18:00:00+00:00,2023-06-03T13:00:00-05:00,2023-06-03,,LO,23.9,-85.0,25,1001.0,Tropical Depression,432.44
AL022023,ARLENE,2023-06-04T00:00:00+00:00,2023-06-03T19:00:00-05:00,2023-06-03,,LO,23.5,-84.1,25,1002.0,Tropical Depression,468.63
AL092023,HAROLD,2023-08-21T12:00:00+00:00,2023-08-21T07:00:00-05:00,2023-08-21,,DB,24.7,-89.2,25,1008.0,Tropical Depression,430.97
AL092023,HAROLD,2023-08-21T18:00:00+00:00,2023-08-21T13:00:00-05:00,2023-08-21,,TD,25.0,-90.8,30,1008.0,Tropical Depression,470.85
AL102023,IDALIA,2023-08-29T12:00:00+00:00,2023-08-29T07:00:00-05:00,2023-08-29,,HU,23.8,-84.8,70,978.0,Category 1,440.75
AL102023,IDALIA,2023-08-29T18:00:00+00:00,2023-08-29T13:00:00-05:00,2023-08-29,,HU,25.3,-84.8,80,973.0,Category 1,338.19
AL102023,IDALIA,2023-08-30T00:00:00+00:00,2023-08-29T19:00:00-05:00,2023-08-29,,HU,26.9,-84.7,90,965.0,Category 2,231.43
AL102023,IDALIA,2023-08-30T06:00:00+00:00,2023-08-30T01:00:00-05:00,2023-08-30,,HU,28.3,-84.5,105,945.0,Category 3,146.29
AL102023,IDALIA,2023-08-30T09:00:00+00:00,2023-08-30T04:00:00-05:00,2023-08-30,I,HU,29.1,-84.1,115,942.0,Category 4,120.84
AL102023,IDALIA,2023-08-30T11:45:00+00:00,2023-08-30T06:45:00-05:00,2023-08-30,L,HU,29.9,-83.6,100,950.0,Category 3,128.38
AL102023,IDALIA,2023-08-30T12:00:00+00:00,2023-08-30T07:00:00-05:00,2023-08-30,,HU,30.0,-83.5,100,954.0,Category 3,133.63
AL102023,IDALIA,2023-08-30T18:00:00+00:00,2023-08-30T13:00:00-05:00,2023-08-30,,TS,31.5,-82.5,60,981.0,Tropical Storm,213.91
AL102023,IDALIA,2023-08-31T00:00:00+00:00,2023-08-30T19:00:00-05:00,2023-08-30,,TS,32.7,-80.9,50,985.0,Tropical Storm,335.75
AL102023,IDALIA,2023-08-31T06:00:00+00:00,2023-08-31T01:00:00-05:00,2023-08-31,,TS,33.5,-78.9,50,990.0,Tropical Storm,463.72
AL042024,DEBBY,2024-08-04T00:00:00+00:00,2024-08-03T19:00:00-05:00,2024-08-03,,TS,23.9,-83.2,35,1003.0,Tropical Storm,457.39
AL042024,DEBBY,2024-08-04T06:00:00+00:00,2024-08-04T01:00:00-05:00,2024-08-04,,TS,25.0,-83.8,40,1000.0,Tropical Storm,373.29
AL042024,DEBBY,2024-08-04T12:00:00+00:00,2024-08-04T07:00:00-05:00,2024-08-04,,TS,26.2,-84.3,50,994.0,Tropical Storm,284.83
AL042024,DEBBY,2024-08-04T18:00:00+00:00,2024-08-04T13:00:00-05:00,2024-08-04,,TS,27.3,-84.3,60,989.0,Tropical Storm,213.55
AL042024,DEBBY,2024-08-05T00:00:00+00:00,2024-08-04T19:00:00-05:00,2024-08-04,,HU,28.3,-84.1,70,986.0,Category 1,159.88
AL042024,DEBBY,2024-08-05T06:00:00+00:00,2024-08-05T01:00:00-05:00,2024-08-05,,HU,29.1,-83.9,70,980.0,Category 1,130.76
AL042024,DEBBY,2024-08-05T11:00:00+00:00,2024-08-05T06:00:00-05:00,2024-08-05,L,HU,29.7,-83.5,70,979.0,Category 1,136.74
AL042024,DEBBY,2024-08-05T12:00:00+00:00,2024-08-05T07:00:00-05:00,2024-08-05,,HU,29.9,-83.4,65,982.0,Category 1,140.26
AL042024,DEBBY,2024-08-05T18:00:00+00:00,2024-08-05T13:00:00-05:00,2024-08-05,,TS,30.4,-83.0,50,992.0,Tropical Storm,164.02
AL042024,DEBBY,2024-08-06T00:00:00+00:00,2024-08-05T19:00:00-05:00,2024-08-05,,TS,30.8,-82.3,45,996.0,Tropical Storm,209.52
AL042024,DEBBY,2024-08-06T06:00:00+00:00,2024-08-06T01:00:00-05:00,2024-08-06,,TS,31.3,-81.8,45,999.0,Tropical Storm,247.15
AL042024,DEBBY,2024-08-06T12:00:00+00:00,2024-08-06T07:00:00-05:00,2024-08-06,,TS,31.8,-81.4,40,999.0,Tropical Storm,281.41
AL042024,DEBBY,2024-08-06T18:00:00+00:00,2024-08-06T13:00:00-05:00,2024-08-06,,TS,32.0,-81.1,40,999.0,Tropical Storm,303.07
AL042024,DEBBY,2024-08-07T00:00:00+00:00,2024-08-06T19:00:00-05:00,2024-08-06,,SS,31.9,-80.4,40,997.0,Tropical Storm,338.56
AL042024,DEBBY,2024-08-07T06:00:00+00:00,2024-08-07T01:00:00-05:00,2024-08-07,,SS,31.8,-79.7,45,995.0,Tropical Storm,375.48
AL042024,DEBBY,2024-08-07T12:00:00+00:00,2024-08-07T07:00:00-05:00,2024-08-07,,SS,32.2,-79.3,50,994.0,Tropical Storm,406.21
AL042024,DEBBY,2024-08-07T18:00:00+00:00,2024-08-07T13:00:00-05:00,2024-08-07,,SS,32.5,-79.2,50,994.0,Tropical Storm,418.83
AL042024,DEBBY,2024-08-08T00:00:00+00:00,2024-08-07T19:00:00-05:00,2024-08-07,,SS,32.7,-79.4,45,995.0,Tropical Storm,413.39
AL042024,DEBBY,2024-08-08T06:00:00+00:00,2024-08-08T01:00:00-05:00,2024-08-08,L,SS,33.0,-79.6,40,995.0,Tropical Storm,411.83
AL042024,DEBBY,2024-08-08T12:00:00+00:00,2024-08-08T07:00:00-05:00,2024-08-08,,SS,33.7,-80.0,40,995.0,Tropical Storm,416.95
AL042024,DEBBY,2024-08-08T18:00:00+00:00,2024-08-08T13:00:00-05:00,2024-08-08,,SS,34.6,-80.3,40,997.0,Tropical Storm,442.6
AL042024,DEBBY,2024-08-09T00:00:00+00:00,2024-08-08T19:00:00-05:00,2024-08-08,,EX,35.5,-80.1,30,1000.0,Tropical Depression,494.57
AL062024,FRANCINE,2024-09-11T12:00:00+00:00,2024-09-11T07:00:00-05:00,2024-09-11,,HU,27.5,-93.2,80,976.0,Category 1,487.11
AL062024,FRANCINE,2024-09-11T18:00:00+00:00,2024-09-11T13:00:00-05:00,2024-09-11,,HU,28.6,-92.1,85,974.0,Category 2,397.73
AL062024,FRANCINE,2024-09-11T22:00:00+00:00,2024-09-11T17:00:00-05:00,2024-09-11,L,HU,29.3,-91.3,90,972.0,Category 2,339.04
AL062024,FRANCINE,2024-09-12T00:00:00+00:00,2024-09-11T19:00:00-05:00,2024-09-11,,HU,29.6,-90.9,70,980.0,Category 1,311.87
AL062024,FRANCINE,2024-09-12T06:00:00+00:00,2024-09-12T01:00:00-05:00,2024-09-12,,TS,30.5,-90.3,45,988.0,Tropical Storm,273.8
AL062024,FRANCINE,2024-09-12T12:00:00+00:00,2024-09-12T07:00:00-05:00,2024-09-12,,TD,31.8,-90.1,30,995.0,Tropical Depression,283.57
AL062024,FRANCINE,2024-09-12T18:00:00+00:00,2024-09-12T13:00:00-05:00,2024-09-12,,EX,33.4,-89.7,25,996.0,Tropical Depression,324.9
AL062024,FRANCINE,2024-09-13T00:00:00+00:00,2024-09-12T19:00:00-05:00,2024-09-12,,EX,34.7,-90.5,25,998.0,Tropical Depression,420.99
AL062024,FRANCINE,2024-09-13T06:00:00+00:00,2024-09-13T01:00:00-05:00,2024-09-13,,EX,35.4,-90.9,20,1001.0,Tropical Depression,472.13
AL062024,FRANCINE,2024-09-14T00:00:00+00:00,2024-09-13T19:00:00-05:00,2024-09-13,,EX,34.9,-91.7,15,1009.0,Tropical Depression,479.22
AL092024,HELENE,2024-09-26T06:00:00+00:00,2024-09-26T01:00:00-05:00,2024-09-26,,HU,23.6,-86.5,75,970.0,Category 1,453.32
AL092024,HELENE,2024-09-26T12:00:00+00:00,2024-09-26T07:00:00-05:00,2024-09-26,,HU,24.7,-85.8,85,963.0,Category 2,374.86
AL092024,HELENE,2024-09-26T18:00:00+00:00,2024-09-26T13:00:00-05:00,2024-09-26,,HU,26.6,-85.0,105,958.0,Category 3,247.56
AL092024,HELENE,2024-09-27T00:00:00+00:00,2024-09-26T19:00:00-05:00,2024-09-26,,HU,28.7,-84.3,120,941.0,Category 4,130.77
AL092024,HELENE,2024-09-27T03:10:00+00:00,2024-09-26T22:10:00-05:00,2024-09-26,L,HU,30.0,-83.7,120,939.0,Category 4,121.7
AL092024,HELENE,2024-09-27T05:00:00+00:00,2024-09-27T00:00:00-05:00,2024-09-27,R,HU,30.8,-83.5,95,947.0,Category 2,140.76
AL092024,HELENE,2024-09-27T06:00:00+00:00,2024-09-27T01:00:00-05:00,2024-09-27,,HU,31.3,-83.3,80,957.0,Category 1,165.6
AL092024,HELENE,2024-09-27T09:00:00+00:00,2024-09-27T04:00:00-05:00,2024-09-27,R,TS,32.9,-83.1,60,967.0,Tropical Storm,246.48
AL092024,HELENE,2024-09-27T12:00:00+00:00,2024-09-27T07:00:00-05:00,2024-09-27,,TS,34.4,-83.2,45,973.0,Tropical Storm,330.26
AL092024,HELENE,2024-09-27T18:00:00+00:00,2024-09-27T13:00:00-05:00,2024-09-27,,LO,36.8,-84.9,40,983.0,Tropical Storm,463.67
AL092024,HELENE,2024-09-28T12:00:00+00:00,2024-09-28T07:00:00-05:00,2024-09-28,,LO,36.6,-87.6,25,997.0,Tropical Depression,460.18
AL092024,HELENE,2024-09-28T18:00:00+00:00,2024-09-28T13:00:00-05:00,2024-09-28,,LO,37.1,-87.0,20,1000.0,Tropical Depression,487.42
AL142024,MILTON,2024-10-09T00:00:00+00:00,2024-10-08T19:00:00-05:00,2024-10-08,,HU,23.0,-86.9,140,908.0,Category 5,497.56
AL142024,MILTON,2024-10-09T02:05:00+00:00,2024-10-08T21:05:00-05:00,2024-10-08,R,HU,23.3,-86.6,135,916.0,Category 4,474.6
AL142024,MILTON,2024-10-09T06:00:00+00:00,2024-10-09T01:00:00-05:00,2024-10-09,,HU,23.8,-85.9,140,909.0,Category 5,437.14
AL142024,MILTON,2024-10-09T08:25:00+00:00,2024-10-09T03:25:00-05:00,2024-10-09,R,HU,24.3,-85.4,140,907.0,Category 5,402.98
AL142024,MILTON,2024-10-09T12:00:00+00:00,2024-10-09T07:00:00-05:00,2024-10-09,,HU,25.0,-84.8,135,919.0,Category 4,358.65
AL142024,MILTON,2024-10-09T18:00:00+00:00,2024-10-09T13:00:00-05:00,2024-10-09,,HU,26.3,-84.0,115,945.0,Category 4,284.49
AL142024,MILTON,2024-10-10T00:00:00+00:00,2024-10-09T19:00:00-05:00,2024-10-09,,HU,27.3,-82.7,105,956.0,Category 3,267.95
AL142024,MILTON,2024-10-10T00:30:00+00:00,2024-10-09T19:30:00-05:00,2024-10-09,L,HU,27.4,-82.6,100,958.0,Category 3,267.16
AL142024,MILTON,2024-10-10T06:00:00+00:00,2024-10-10T01:00:00-05:00,2024-10-10,,HU,28.1,-81.3,70,975.0,Category 1,301.77
AL142024,MILTON,2024-10-10T12:00:00+00:00,2024-10-10T07:00:00-05:00,2024-10-10,,HU,29.0,-79.5,65,983.0,Category 1,382.34
AL142024,MILTON,2024-10-10T18:00:00+00:00,2024-10-10T13:00:00-05:00,2024-10-10,,EX,29.5,-77.5,60,984.0,Tropical Storm,495.16
AL182024,RAFAEL,2024-11-07T06:00:00+00:00,2024-11-07T00:00:00-06:00,2024-11-07,,HU,23.8,-84.1,90,970.0,Category 2,448.38
AL182024,RAFAEL,2024-11-07T12:00:00+00:00,2024-11-07T06:00:00-06:00,2024-11-07,,HU,24.3,-84.9,90,969.0,Category 2,405.68
AL182024,RAFAEL,2024-11-07T18:00:00+00:00,2024-11-07T12:00:00-06:00,2024-11-07,,HU,24.6,-85.7,90,968.0,Category 2,381.75
AL182024,RAFAEL,2024-11-08T00:00:00+00:00,2024-11-07T18:00:00-06:00,2024-11-07,,HU,24.6,-86.6,90,966.0,Category 2,385.45
AL182024,RAFAEL,2024-11-08T06:00:00+00:00,2024-11-08T00:00:00-06:00,2024-11-08,,HU,24.4,-87.6,105,954.0,Category 3,411.87
AL182024,RAFAEL,2024-11-08T12:00:00+00:00,2024-11-08T06:00:00-06:00,2024-11-08,,HU,24.4,-88.4,95,962.0,Category 2,428.16
AL182024,RAFAEL,2024-11-08T18:00:00+00:00,2024-11-08T12:00:00-06:00,2024-11-08,,HU,24.6,-89.1,80,973.0,Category 1,434.08
AL182024,RAFAEL,2024-11-09T00:00:00+00:00,2024-11-08T18:00:00-06:00,2024-11-08,,HU,24.7,-89.7,65,986.0,Category 1,446.89
AL182024,RAFAEL,2024-11-09T06:00:00+00:00,2024-11-09T00:00:00-06:00,2024-11-09,,TS,24.8,-90.5,55,992.0,Tropical Storm,469.86
AL182024,RAFAEL,2024-11-09T12:00:00+00:00,2024-11-09T06:00:00-06:00,2024-11-09,,TS,25.0,-91.2,50,998.0,Tropical Storm,487.33
AL182024,RAFAEL,2024-11-09T18:00:00+00:00,2024-11-09T12:00:00-06:00,2024-11-09,,TS,25.3,-91.5,45,1000.0,Tropical Storm,485.33
AL182024,RAFAEL,2024-11-10T00:00:00+00:00,2024-11-09T18:00:00-06:00,2024-11-09,,TS,25.6,-91.7,40,1001.0,Tropical Storm,480.19
AL182024,RAFAEL,2024-11-10T06:00:00+00:00,2024-11-10T00:00:00-06:00,2024-11-10,,TS,25.9,-91.9,35,1003.0,Tropical Storm,476.15
AL182024,RAFAEL,2024-11-10T12:00:00+00:00,2024-11-10T06:00:00-06:00,2024-11-10,,LO,26.1,-91.9,35,1003.0,Tropical Storm,467.53
AL032025,CHANTAL,2025-07-04T06:00:00+00:00,2025-07-04T01:00:00-05:00,2025-07-04,,LO,30.0,-79.6,25,1012.0,Tropical Depression,366.63
AL032025,CHANTAL,2025-07-04T12:00:00+00:00,2025-07-04T07:00:00-05:00,2025-07-04,,LO,30.5,-79.3,30,1012.0,Tropical Depression,384.35
AL032025,CHANTAL,2025-07-04T18:00:00+00:00,2025-07-04T13:00:00-05:00,2025-07-04,,TD,30.7,-79.1,30,1011.0,Tropical Depression,396.99
AL032025,CHANTAL,2025-07-05T00:00:00+00:00,2025-07-04T19:00:00-05:00,2025-07-04,,TD,30.7,-79.0,30,1011.0,Tropical Depression,402.92
AL032025,CHANTAL,2025-07-05T06:00:00+00:00,2025-07-05T01:00:00-05:00,2025-07-05,,TS,30.8,-78.9,35,1010.0,Tropical Storm,409.37
AL032025,CHANTAL,2025-07-05T12:00:00+00:00,2025-07-05T07:00:00-05:00,2025-07-05,,TS,31.0,-78.8,35,1009.0,Tropical Storm,416.63
AL032025,CHANTAL,2025-07-05T18:00:00+00:00,2025-07-05T13:00:00-05:00,2025-07-05,,TS,31.6,-78.6,40,1006.0,Tropical Storm,434.89
AL032025,CHANTAL,2025-07-06T00:00:00+00:00,2025-07-05T19:00:00-05:00,2025-07-05,,TS,32.3,-78.6,45,1004.0,Tropical Storm,447.21
AL032025,CHANTAL,2025-07-06T06:00:00+00:00,2025-07-06T01:00:00-05:00,2025-07-06,,TS,33.3,-78.9,50,1002.0,Tropical Storm,457.32
AL032025,CHANTAL,2025-07-06T08:00:00+00:00,2025-07-06T03:00:00-05:00,2025-07-06,L,TS,33.6,-79.0,45,1003.0,Tropical Storm,462.02
AL032025,CHANTAL,2025-07-06T12:00:00+00:00,2025-07-06T07:00:00-05:00,2025-07-06,,TS,33.9,-79.1,35,1005.0,Tropical Storm,467.7
AL032025,CHANTAL,2025-07-06T18:00:00+00:00,2025-07-06T13:00:00-05:00,2025-07-06,,TD,34.6,-79.1,25,1006.0,Tropical Depression,495.08
