date,temp_max_f,temp_min_f,precip_in,wind_max_mph,gust_max_mph,wind_dir_deg,wave_max_ft,wave_dir_deg,wave_period_s,swell_max_ft,swell_dir_deg,swell_period_s,tide_low_ft,tide_high_ft,tide_range_ft,data_quality,weather_source,marine_source,tide_source,updated_at
2017-06-01,81.9,73.2,0.157,6.8,15.9,135.0,1.444,167.0,4.6,,,,0.357,1.125,0.768,finalized,Open-Meteo ERA5,Open-Meteo ERA5-Ocean,NOAA CO-OPS 8729678 Navarre Beach predictions,2026-08-08T15:57:33.641686-05:00
2017-06-02,83.2,74.6,0.378,6.9,16.3,169.0,1.64,166.0,4.3,,,,0.468,0.913,0.445,finalized,Open-Meteo ERA5,Open-Meteo ERA5-Ocean,NOAA CO-OPS 8729678 Navarre Beach predictions,2026-08-08T15:57:33.641686-05:00
2017-06-03,81.6,73.8,0.24,4.7,14.5,181.0,1.837,174.0,4.7,,,,0.538,0.981,0.4429999999999999,finalized,Open-Meteo ERA5,Open-Meteo ERA5-Ocean,NOAA CO-OPS 8729678 Navarre Beach predictions,2026-08-08T15:57:33.641686-05:00
2017-06-04,84.0,73.7,0.587,8.6,17.4,183.0,1.706,166.0,4.65,,,,0.423,1.084,0.661,finalized,Open-Meteo ERA5,Open-Meteo ERA5-Ocean,NOAA CO-OPS 8729678 Navarre Beach predictions,2026-08-08T15:57:33.641686-05:00
2017-06-05,82.3,76.2,0.291,11.2,21.9,186.0,2.756,176.0,4.55,,,,0.263,1.185,0.922,finalized,Open-Meteo ERA5,Open-Meteo ERA5-Ocean,NOAA CO-OPS 8729678 Navarre Beach predictions,2026-08-08T15:57:33.641686-05:00
2017-06-06,80.5,74.8,0.555,10.5,21.7,107.0,3.281,174.0,6.0,,,,0.127,1.283,1.156,finalized,Open-Meteo ERA5,Open-Meteo ERA5-Ocean,NOAA CO-OPS 8729678 Navarre Beach predictions,2026-08-08T15:57:33.641686-05:00
2017-06-07,84.6,72.9,0.516,11.9,28.0,30.0,3.609,149.0,6.15,,,,0.016,1.365,1.349,finalized,Open-Meteo ERA5,Open-Meteo ERA5-Ocean,NOAA CO-OPS 8729678 Navarre Beach predictions,2026-08-08T15:57:33.641686-05:00
2017-06-08,85.3,68.5,0.0,7.6,15.2,6.0,3.084,86.0,4.8,,,,-0.066,1.421,1.487,finalized,Open-Meteo ERA5,Open-Meteo ERA5-Ocean,NOAA CO-OPS 8729678 Navarre Beach predictions,2026-08-08T15:57:33.641686-05:00
2017-06-09,82.5,69.5,0.012,6.9,15.2,142.0,1.115,172.0,4.85,,,,-0.113,1.456,1.569,finalized,Open-Meteo ERA5,Open-Meteo ERA5-Ocean,NOAA CO-OPS 8729678 Navarre Beach predictions,2026-08-08T15:57:33.641686-05:00
2017-06-10,86.1,67.9,0.004,8.2,18.1,115.0,1.247,131.0,4.1,,,,-0.124,1.478,1.602,finalized,Open-Meteo ERA5,Open-Meteo ERA5-Ocean,NOAA CO-OPS 8729678 Navarre Beach predictions,2026-08-08T15:57:33.641686-05:00
2017-06-11,85.1,74.4,0.567,8.1,21.3,132.0,2.756,154.0,4.7,,,,-0.103,1.493,1.596,finalized,Open-Meteo ERA5,Open-Meteo ERA5-Ocean,NOAA CO-OPS 8729678 Navarre Beach predictions,2026-08-08T15:57:33.641686-05:00
2017-06-12,80.3,75.8,1.945,13.9,25.1,119.0,4.134,140.0,5.35,,,,-0.05,1.5,1.55,finalized,Open-Meteo ERA5,Open-Meteo ERA5-Ocean,NOAA CO-OPS 8729678 Navarre Beach predictions,2026-08-08T15:57:33.641686-05:00
2017-06-13,80.6,75.2,0.535,5.8,14.5,137.0,2.887,149.0,5.15,,,,0.033,1.492,1.459,finalized,Open-Meteo ERA5,Open-Meteo ERA5-Ocean,NOAA CO-OPS 8729678 Navarre Beach predictions,2026-08-08T15:57:33.641686-05:00
2017-06-14,82.0,73.9,0.598,7.4,15.0,178.0,1.706,150.0,4.95,,,,0.144,1.457,1.3130000000000002,finalized,Open-Meteo ERA5,Open-Meteo ERA5-Ocean,NOAA CO-OPS 8729678 Navarre Beach predictions,2026-08-08T15:57:33.641686-05:00
2017-06-15,82.0,74.4,0.146,9.2,15.7,267.0,1.444,161.0,4.75,,,,0.275,1.378,1.1029999999999998,finalized,Open-Meteo ERA5,Open-Meteo ERA5-Ocean,NOAA CO-OPS 8729678 Navarre Beach predictions,2026-08-08T15:57:33.641686-05:00
2017-06-16,87.1,72.2,0.138,6.9,15.0,252.0,1.509,214.0,3.85,,,,0.413,1.243,0.8300000000000001,finalized,Open-Meteo ERA5,Open-Meteo ERA5-Ocean,NOAA CO-OPS 8729678 Navarre Beach predictions,2026-08-08T15:57:33.641686-05:00
2017-06-17,83.9,73.8,0.417,9.2,24.4,254.0,1.969,233.0,3.85,,,,0.544,1.051,0.5069999999999999,finalized,Open-Meteo ERA5,Open-Meteo ERA5-Ocean,NOAA CO-OPS 8729678 Navarre Beach predictions,2026-08-08T15:57:33.641686-05:00
2017-06-18,85.9,76.1,0.13,7.2,18.1,195.0,1.575,192.0,3.95,,,,0.643,1.107,0.4639999999999999,finalized,Open-Meteo ERA5,Open-Meteo ERA5-Ocean,NOAA CO-OPS 8729678 Navarre Beach predictions,2026-08-08T15:57:33.641686-05:00
2017-06-19,84.7,72.8,0.331,8.8,18.1,118.0,5.512,148.0,6.45,,,,0.472,1.257,0.7849999999999999,finalized,Open-Meteo ERA5,Open-Meteo ERA5-Ocean,NOAA CO-OPS 8729678 Navarre Beach predictions,2026-08-08T15:57:33.641686-05:00
2017-06-20,78.2,74.4,2.177,15.0,33.3,79.0,10.433,141.0,7.6,,,,0.199,1.428,1.229,finalized,Open-Meteo ERA5,Open-Meteo ERA5-Ocean,NOAA CO-OPS 8729678 Navarre Beach predictions,2026-08-08T15:57:33.641686-05:00
2017-06-21,82.3,74.8,2.102,19.3,34.4,119.0,10.892,152.0,7.75,,,,-0.049,1.598,1.647,finalized,Open-Meteo ERA5,Open-Meteo ERA5-Ocean,NOAA CO-OPS 8729678 Navarre Beach predictions,2026-08-08T15:57:33.641686-05:00
2017-06-22,86.5,79.8,0.657,19.2,35.6,166.0,9.646,173.0,7.35,,,,-0.24,1.735,1.975,finalized,Open-Meteo ERA5,Open-Meteo ERA5-Ocean,NOAA CO-OPS 8729678 Navarre Beach predictions,2026-08-08T15:57:33.641686-05:00
2017-06-23,86.8,79.4,0.0,14.0,28.0,190.0,5.774,181.0,6.4,,,,-0.354,1.816,2.17,finalized,Open-Meteo ERA5,Open-Meteo ERA5-Ocean,NOAA CO-OPS 8729678 Navarre Beach predictions,2026-08-08T15:57:33.641686-05:00
2017-06-24,87.4,79.1,0.138,9.8,20.1,234.0,3.281,185.0,5.5,,,,-0.381,1.83,2.2110000000000003,finalized,Open-Meteo ERA5,Open-Meteo ERA5-Ocean,NOAA CO-OPS 8729678 Navarre Beach predictions,2026-08-08T15:57:33.641686-05:00
2017-06-25,88.4,77.8,0.563,8.4,15.9,352.0,1.903,179.0,4.7,,,,-0.324,1.778,2.102,finalized,Open-Meteo ERA5,Open-Meteo ERA5-Ocean,NOAA CO-OPS 8729678 Navarre Beach predictions,2026-08-08T15:57:33.641686-05:00
2017-06-26,88.4,70.9,0.0,7.5,15.2,20.0,1.969,102.0,4.7,,,,-0.193,1.667,1.86,finalized,Open-Meteo ERA5,Open-Meteo ERA5-Ocean,NOAA CO-OPS 8729678 Navarre Beach predictions,2026-08-08T15:57:33.641686-05:00
2017-06-27,86.6,74.2,0.0,6.9,12.8,33.0,1.312,141.0,4.25,,,,-0.009,1.511,1.5199999999999998,finalized,Open-Meteo ERA5,Open-Meteo ERA5-Ocean,NOAA CO-OPS 8729678 Navarre Beach predictions,2026-08-08T15:57:33.641686-05:00
2017-06-28,84.7,76.0,0.043,9.4,17.9,122.0,1.575,120.0,3.3,,,,0.182,1.324,1.142,finalized,Open-Meteo ERA5,Open-Meteo ERA5-Ocean,NOAA CO-OPS 8729678 Navarre Beach predictions,2026-08-08T15:57:33.641686-05:00
2017-06-29,82.5,76.6,0.642,8.3,19.7,156.0,2.034,157.0,3.6,,,,0.328,1.123,0.7949999999999999,finalized,Open-Meteo ERA5,Open-Meteo ERA5-Ocean,NOAA CO-OPS 8729678 Navarre Beach predictions,2026-08-08T15:57:33.641686-05:00
2017-06-30,87.1,78.6,0.228,10.2,20.6,215.0,2.165,190.0,4.05,,,,0.436,0.924,0.488,finalized,Open-Meteo ERA5,Open-Meteo ERA5-Ocean,NOAA CO-OPS 8729678 Navarre Beach predictions,2026-08-08T15:57:33.641686-05:00
2017-07-01,88.9,76.4,0.004,8.7,17.9,238.0,1.837,203.0,4.05,,,,0.501,0.938,0.4369999999999999,finalized,Open-Meteo ERA5,Open-Meteo ERA5-Ocean,NOAA CO-OPS 8729678 Navarre Beach predictions,2026-08-08T15:57:33.641686-05:00
2017-07-02,90.6,75.9,0.303,7.4,18.3,272.0,1.509,213.0,4.05,,,,0.399,1.069,0.6699999999999999,finalized,Open-Meteo ERA5,Open-Meteo ERA5-Ocean,NOAA CO-OPS 8729678 Navarre Beach predictions,2026-08-08T15:57:33.641686-05:00
2017-07-03,91.4,77.1,0.0,7.9,15.9,254.0,1.378,203.0,4.05,,,,0.25,1.191,0.941,finalized,Open-Meteo ERA5,Open-Meteo ERA5-Ocean,NOAA CO-OPS 8729678 Navarre Beach predictions,2026-08-08T15:57:33.641686-05:00
2017-07-04,90.3,75.4,0.0,7.5,15.7,230.0,1.115,193.0,3.55,,,,0.124,1.299,1.1749999999999998,finalized,Open-Meteo ERA5,Open-Meteo ERA5-Ocean,NOAA CO-OPS 8729678 Navarre Beach predictions,2026-08-08T15:57:33.641686-05:00
2017-07-05,90.5,76.7,0.016,7.2,17.2,212.0,1.05,176.0,3.5,,,,0.023,1.381,1.358,finalized,Open-Meteo ERA5,Open-Meteo ERA5-Ocean,NOAA CO-OPS 8729678 Navarre Beach predictions,2026-08-08T15:57:33.641686-05:00
2017-07-06,89.6,77.5,0.13,8.4,16.8,222.0,1.115,163.0,4.15,,,,-0.05,1.436,1.486,finalized,Open-Meteo ERA5,Open-Meteo ERA5-Ocean,NOAA CO-OPS 8729678 Navarre Beach predictions,2026-08-08T15:57:33.641686-05:00
2017-07-07,87.6,77.5,0.118,9.9,19.0,252.0,1.312,179.0,4.15,,,,-0.093,1.47,1.563,finalized,Open-Meteo ERA5,Open-Meteo ERA5-Ocean,NOAA CO-OPS 8729678 Navarre Beach predictions,2026-08-08T15:57:33.641686-05:00
2017-07-09,88.4,74.4,0.205,7.4,17.0,232.0,1.444,231.0,3.5,,,,-0.087,1.501,1.588,finalized,Open-Meteo ERA5,Open-Meteo ERA5-Ocean,NOAA CO-OPS 8729678 Navarre Beach predictions,2026-08-08T15:57:33.641686-05:00
2017-07-10,87.8,76.6,0.236,6.9,16.1,202.0,1.115,210.0,3.3,,,,-0.034,1.502,1.536,finalized,Open-Meteo ERA5,Open-Meteo ERA5-Ocean,NOAA CO-OPS 8729678 Navarre Beach predictions,2026-08-08T15:57:33.641686-05:00
2017-07-11,87.8,77.6,0.177,6.5,16.3,167.0,1.05,176.0,3.45,,,,0.054,1.487,1.433,finalized,Open-Meteo ERA5,Open-Meteo ERA5-Ocean,NOAA CO-OPS 8729678 Navarre Beach predictions,2026-08-08T15:57:33.641686-05:00
2017-07-12,86.0,76.0,0.319,6.0,15.9,129.0,1.312,146.0,3.8,,,,0.169,1.445,1.276,finalized,Open-Meteo ERA5,Open-Meteo ERA5-Ocean,NOAA CO-OPS 8729678 Navarre Beach predictions,2026-08-08T15:57:33.641686-05:00
2017-07-13,88.5,76.8,0.165,5.2,14.8,74.0,1.378,129.0,4.2,,,,0.302,1.362,1.06,finalized,Open-Meteo ERA5,Open-Meteo ERA5-Ocean,NOAA CO-OPS 8729678 Navarre Beach predictions,2026-08-08T15:57:33.641686-05:00
2017-07-14,86.3,76.3,0.382,9.3,18.3,113.0,2.034,121.0,4.1,,,,0.44,1.229,0.7890000000000001,finalized,Open-Meteo ERA5,Open-Meteo ERA5-Ocean,NOAA CO-OPS 8729678 Navarre Beach predictions,2026-08-08T15:57:33.641686-05:00
2017-07-15,87.3,76.0,0.059,6.0,17.7,119.0,1.772,133.0,4.8,,,,0.564,1.046,0.4820000000000001,finalized,Open-Meteo ERA5,Open-Meteo ERA5-Ocean,NOAA CO-OPS 8729678 Navarre Beach predictions,2026-08-08T15:57:33.641686-05:00
2017-07-16,81.5,76.7,0.173,5.6,14.1,168.0,1.509,149.0,4.8,,,,0.648,1.08,0.432,finalized,Open-Meteo ERA5,Open-Meteo ERA5-Ocean,NOAA CO-OPS 8729678 Navarre Beach predictions,2026-08-08T15:57:33.641686-05:00
2017-07-17,83.7,76.8,0.177,6.6,15.0,185.0,1.509,172.0,3.65,,,,0.48,1.259,0.7789999999999999,finalized,Open-Meteo ERA5,Open-Meteo ERA5-Ocean,NOAA CO-OPS 8729678 Navarre Beach predictions,2026-08-08T15:57:33.641686-05:00
2017-07-18,84.1,77.6,0.134,4.7,12.5,188.0,1.509,191.0,3.5,,,,0.226,1.445,1.219,finalized,Open-Meteo ERA5,Open-Meteo ERA5-Ocean,NOAA CO-OPS 8729678 Navarre Beach predictions,2026-08-08T15:57:33.641686-05:00
2017-07-19,88.7,76.1,0.012,6.0,13.6,244.0,1.115,202.0,3.45,,,,0.001,1.612,1.6110000000000002,finalized,Open-Meteo ERA5,Open-Meteo ERA5-Ocean,NOAA CO-OPS 8729678 Navarre Beach predictions,2026-08-08T15:57:33.641686-05:00
2017-07-20,92.4,79.6,0.012,5.1,14.8,270.0,0.919,210.0,3.55,,,,-0.169,1.737,1.906,finalized,Open-Meteo ERA5,Open-Meteo ERA5-Ocean,NOAA CO-OPS 8729678 Navarre Beach predictions,2026-08-08T15:57:33.641686-05:00
2017-07-21,90.8,79.1,0.157,9.2,17.7,233.0,1.378,222.0,3.3,,,,-0.264,1.803,2.067,finalized,Open-Meteo ERA5,Open-Meteo ERA5-Ocean,NOAA CO-OPS 8729678 Navarre Beach predictions,2026-08-08T15:57:33.641686-05:00
2017-07-22,88.5,77.4,0.272,10.0,20.4,211.0,1.444,203.0,3.05,,,,-0.279,1.805,2.084,finalized,Open-Meteo ERA5,Open-Meteo ERA5-Ocean,NOAA CO-OPS 8729678 Navarre Beach predictions,2026-08-08T15:57:33.641686-05:00
2017-07-23,86.3,76.3,0.11,12.4,24.2,235.0,3.15,229.0,4.1,,,,-0.214,1.744,1.958,finalized,Open-Meteo ERA5,Open-Meteo ERA5-Ocean,NOAA CO-OPS 8729678 Navarre Beach predictions,2026-08-08T15:57:33.641686-05:00
2017-07-24,86.8,77.2,0.228,12.4,24.2,261.0,3.084,251.0,4.15,,,,-0.08,1.629,1.709,finalized,Open-Meteo ERA5,Open-Meteo ERA5-Ocean,NOAA CO-OPS 8729678 Navarre Beach predictions,2026-08-08T15:57:33.641686-05:00
2017-07-25,86.5,76.3,0.272,11.2,23.9,286.0,2.625,257.0,3.95,,,,0.104,1.472,1.368,finalized,Open-Meteo ERA5,Open-Meteo ERA5-Ocean,NOAA CO-OPS 8729678 Navarre Beach predictions,2026-08-08T15:57:33.641686-05:00
2017-07-26,90.8,76.1,0.169,6.1,17.9,322.0,1.575,272.0,3.6,,,,0.28,1.289,1.009,finalized,Open-Meteo ERA5,Open-Meteo ERA5-Ocean,NOAA CO-OPS 8729678 Navarre Beach predictions,2026-08-08T15:57:33.641686-05:00
2017-07-27,92.1,76.5,0.299,6.4,16.3,328.0,0.853,260.0,3.25,,,,0.406,1.098,0.6920000000000001,finalized,Open-Meteo ERA5,Open-Meteo ERA5-Ocean,NOAA CO-OPS 8729678 Navarre Beach predictions,2026-08-08T15:57:33.641686-05:00
2017-07-28,93.1,77.5,0.008,9.3,17.7,258.0,1.837,246.0,3.25,,,,0.5,0.915,0.415,finalized,Open-Meteo ERA5,Open-Meteo ERA5-Ocean,NOAA CO-OPS 8729678 Navarre Beach predictions,2026-08-08T15:57:33.641686-05:00
2017-07-29,86.1,79.8,0.539,11.2,25.5,271.0,3.609,263.0,4.25,,,,0.556,0.877,0.3209999999999999,finalized,Open-Meteo ERA5,Open-Meteo ERA5-Ocean,NOAA CO-OPS 8729678 Navarre Beach predictions,2026-08-08T15:57:33.641686-05:00
2017-07-30,89.8,75.4,0.012,8.6,17.7,16.0,2.034,325.0,4.05,,,,0.484,1.027,0.5429999999999999,finalized,Open-Meteo ERA5,Open-Meteo ERA5-Ocean,NOAA CO-OPS 8729678 Navarre Beach predictions,2026-08-08T15:57:33.641686-05:00
2017-07-31,89.5,74.7,0.0,9.9,20.8,60.0,4.593,94.0,5.2,,,,0.354,1.169,0.8150000000000001,finalized,Open-Meteo ERA5,Open-Meteo ERA5-Ocean,NOAA CO-OPS 8729678 Navarre Beach predictions,2026-08-08T15:57:33.641686-05:00
2017-08-01,87.9,71.4,0.0,6.9,15.0,74.0,2.559,100.0,4.35,,,,0.248,1.287,1.039,finalized,Open-Meteo ERA5,Open-Meteo ERA5-Ocean,NOAA CO-OPS 8729678 Navarre Beach predictions,2026-08-08T15:57:33.641686-05:00
2017-08-02,90.2,70.7,0.0,7.1,13.9,92.0,1.575,117.0,4.0,,,,0.165,1.375,1.21,finalized,Open-Meteo ERA5,Open-Meteo ERA5-Ocean,NOAA CO-OPS 8729678 Navarre Beach predictions,2026-08-08T15:57:33.641686-05:00
2017-08-03,80.9,76.0,0.705,9.0,18.6,123.0,3.871,187.0,4.55,,,,0.108,1.438,1.3299999999999998,finalized,Open-Meteo ERA5,Open-Meteo ERA5-Ocean,NOAA CO-OPS 8729678 Navarre Beach predictions,2026-08-08T15:57:33.641686-05:00
2017-08-04,79.8,77.0,0.5,12.6,21.0,233.0,4.528,215.0,4.75,,,,0.076,1.48,1.404,finalized,Open-Meteo ERA5,Open-Meteo ERA5-Ocean,NOAA CO-OPS 8729678 Navarre Beach predictions,2026-08-08T15:57:33.641686-05:00
2017-08-05,84.9,75.5,0.571,7.6,18.8,225.0,3.543,207.0,4.7,,,,0.072,1.507,1.4349999999999998,finalized,Open-Meteo ERA5,Open-Meteo ERA5-Ocean,NOAA CO-OPS 8729678 Navarre Beach predictions,2026-08-08T15:57:33.641686-05:00
2017-08-06,87.0,78.3,0.236,11.5,22.8,181.0,1.903,167.0,4.45,,,,0.098,1.519,1.4209999999999998,finalized,Open-Meteo ERA5,Open-Meteo ERA5-Ocean,NOAA CO-OPS 8729678 Navarre Beach predictions,2026-08-08T15:57:33.641686-05:00
2017-08-07,87.8,79.2,0.173,8.8,20.1,201.0,2.165,163.0,4.6,,,,0.157,1.515,1.358,finalized,Open-Meteo ERA5,Open-Meteo ERA5-Ocean,NOAA CO-OPS 8729678 Navarre Beach predictions,2026-08-08T15:57:33.641686-05:00
2017-08-08,88.8,77.2,0.122,4.6,12.1,215.0,1.837,155.0,6.1,,,,0.25,1.488,1.238,finalized,Open-Meteo ERA5,Open-Meteo ERA5-Ocean,NOAA CO-OPS 8729678 Navarre Beach predictions,2026-08-08T15:57:33.641686-05:00
2017-08-09,87.2,77.8,0.331,5.6,15.9,133.0,2.297,157.0,6.5,,,,0.363,1.43,1.067,finalized,Open-Meteo ERA5,Open-Meteo ERA5-Ocean,NOAA CO-OPS 8729678 Navarre Beach predictions,2026-08-08T15:57:33.641686-05:00
2017-08-10,87.9,78.3,0.457,6.5,17.7,172.0,2.297,161.0,6.5,,,,0.487,1.332,0.8450000000000001,finalized,Open-Meteo ERA5,Open-Meteo ERA5-Ocean,NOAA CO-OPS 8729678 Navarre Beach predictions,2026-08-08T15:57:33.641686-05:00
2017-08-11,85.5,76.0,0.409,7.0,16.6,225.0,2.165,193.0,7.2,,,,0.611,1.191,0.5800000000000001,finalized,Open-Meteo ERA5,Open-Meteo ERA5-Ocean,NOAA CO-OPS 8729678 Navarre Beach predictions,2026-08-08T15:57:33.641686-05:00
2017-08-12,90.1,78.2,0.106,7.8,17.0,254.0,2.034,234.0,5.05,,,,0.718,1.011,0.2929999999999999,finalized,Open-Meteo ERA5,Open-Meteo ERA5-Ocean,NOAA CO-OPS 8729678 Navarre Beach predictions,2026-08-08T15:57:33.641686-05:00
2017-08-13,90.3,76.0,0.035,7.7,16.3,249.0,1.706,240.0,4.0,,,,0.779,1.128,0.3489999999999998,finalized,Open-Meteo ERA5,Open-Meteo ERA5-Ocean,NOAA CO-OPS 8729678 Navarre Beach predictions,2026-08-08T15:57:33.641686-05:00
2017-08-14,88.8,79.4,0.35,8.7,21.9,247.0,1.64,240.0,3.4,,,,0.552,1.32,0.768,finalized,Open-Meteo ERA5,Open-Meteo ERA5-Ocean,NOAA CO-OPS 8729678 Navarre Beach predictions,2026-08-08T15:57:33.641686-05:00
2017-08-15,86.8,78.3,0.134,8.4,18.6,254.0,1.903,238.0,3.45,,,,0.338,1.505,1.1669999999999998,finalized,Open-Meteo ERA5,Open-Meteo ERA5-Ocean,NOAA CO-OPS 8729678 Navarre Beach predictions,2026-08-08T15:57:33.641686-05:00
2017-08-16,89.3,77.4,0.15,7.1,16.6,249.0,1.509,217.0,4.2,,,,0.16,1.656,1.496,finalized,Open-Meteo ERA5,Open-Meteo ERA5-Ocean,NOAA CO-OPS 8729678 Navarre Beach predictions,2026-08-08T15:57:33.641686-05:00
2017-08-17,91.3,76.7,0.051,7.5,17.7,267.0,1.378,220.0,4.25,,,,0.039,1.756,1.717,finalized,Open-Meteo ERA5,Open-Meteo ERA5-Ocean,NOAA CO-OPS 8729678 Navarre Beach predictions,2026-08-08T15:57:33.641686-05:00
2017-08-18,92.3,79.6,0.13,8.4,18.3,285.0,1.903,250.0,3.65,,,,-0.014,1.799,1.813,finalized,Open-Meteo ERA5,Open-Meteo ERA5-Ocean,NOAA CO-OPS 8729678 Navarre Beach predictions,2026-08-08T15:57:33.641686-05:00
2017-08-19,91.1,77.2,0.134,6.9,16.1,300.0,1.181,251.0,3.45,,,,0.004,1.787,1.783,finalized,Open-Meteo ERA5,Open-Meteo ERA5-Ocean,NOAA CO-OPS 8729678 Navarre Beach predictions,2026-08-08T15:57:33.641686-05:00
2017-08-20,92.3,76.6,0.0,5.4,14.1,117.0,0.722,177.0,3.35,,,,0.088,1.72,1.632,finalized,Open-Meteo ERA5,Open-Meteo ERA5-Ocean,NOAA CO-OPS 8729678 Navarre Beach predictions,2026-08-08T15:57:33.641686-05:00
2017-08-21,90.1,78.4,0.276,6.0,16.6,122.0,1.772,137.0,4.05,,,,0.227,1.605,1.378,finalized,Open-Meteo ERA5,Open-Meteo ERA5-Ocean,NOAA CO-OPS 8729678 Navarre Beach predictions,2026-08-08T15:57:33.641686-05:00
2017-08-22,86.7,77.1,0.154,5.4,11.4,150.0,1.772,140.0,5.25,,,,0.404,1.451,1.0470000000000002,finalized,Open-Meteo ERA5,Open-Meteo ERA5-Ocean,NOAA CO-OPS 8729678 Navarre Beach predictions,2026-08-08T15:57:33.641686-05:00
2017-08-23,90.3,75.9,0.0,4.0,12.8,299.0,1.64,146.0,5.4,,,,0.527,1.274,0.747,finalized,Open-Meteo ERA5,Open-Meteo ERA5-Ocean,NOAA CO-OPS 8729678 Navarre Beach predictions,2026-08-08T15:57:33.641686-05:00
2017-08-24,91.2,76.7,0.362,7.0,15.2,15.0,1.378,146.0,4.85,,,,0.609,1.09,0.4810000000000001,finalized,Open-Meteo ERA5,Open-Meteo ERA5-Ocean,NOAA CO-OPS 8729678 Navarre Beach predictions,2026-08-08T15:57:33.641686-05:00
2017-08-25,92.6,75.1,0.0,6.0,11.9,38.0,1.837,174.0,7.1,,,,0.632,0.915,0.283,finalized,Open-Meteo ERA5,Open-Meteo ERA5-Ocean,NOAA CO-OPS 8729678 Navarre Beach predictions,2026-08-08T15:57:33.641686-05:00
2017-08-26,88.2,79.1,0.185,9.0,16.3,50.0,2.953,205.0,7.8,,,,0.651,0.981,0.3299999999999999,finalized,Open-Meteo ERA5,Open-Meteo ERA5-Ocean,NOAA CO-OPS 8729678 Navarre Beach predictions,2026-08-08T15:57:33.641686-05:00
2017-08-27,90.8,76.6,0.0,11.0,20.4,49.0,3.281,124.0,5.9,,,,0.626,1.136,0.5099999999999999,finalized,Open-Meteo ERA5,Open-Meteo ERA5-Ocean,NOAA CO-OPS 8729678 Navarre Beach predictions,2026-08-08T15:57:33.641686-05:00
2017-08-28,86.8,75.4,0.0,10.7,19.9,64.0,3.937,99.0,4.55,,,,0.522,1.261,0.7389999999999999,finalized,Open-Meteo ERA5,Open-Meteo ERA5-Ocean,NOAA CO-OPS 8729678 Navarre Beach predictions,2026-08-08T15:57:33.641686-05:00
2017-08-29,79.9,74.2,0.287,11.2,18.1,89.0,4.528,169.0,5.35,,,,0.443,1.356,0.913,finalized,Open-Meteo ERA5,Open-Meteo ERA5-Ocean,NOAA CO-OPS 8729678 Navarre Beach predictions,2026-08-08T15:57:33.641686-05:00
2017-08-30,86.4,77.5,0.78,14.7,34.0,181.0,7.152,199.0,6.8,,,,0.388,1.425,1.037,finalized,Open-Meteo ERA5,Open-Meteo ERA5-Ocean,NOAA CO-OPS 8729678 Navarre Beach predictions,2026-08-08T15:57:33.641686-05:00
2017-08-31,86.2,78.7,0.331,18.7,37.8,200.0,6.562,211.0,6.6,,,,0.356,1.476,1.12,finalized,Open-Meteo ERA5,Open-Meteo ERA5-Ocean,NOAA CO-OPS 8729678 Navarre Beach predictions,2026-08-08T15:57:33.641686-05:00
2017-09-01,87.9,77.8,0.047,11.6,26.6,245.0,5.315,232.0,5.5,,,,0.347,1.514,1.167,finalized,Open-Meteo ERA5,Open-Meteo ERA5-Ocean,NOAA CO-OPS 8729678 Navarre Beach predictions,2026-08-08T15:57:33.641686-05:00
2017-09-02,84.8,75.1,0.098,5.6,13.9,242.0,2.165,213.0,4.05,,,,0.362,1.541,1.1789999999999998,finalized,Open-Meteo ERA5,Open-Meteo ERA5-Ocean,NOAA CO-OPS 8729678 Navarre Beach predictions,2026-08-08T15:57:33.641686-05:00
2017-09-03,87.4,73.7,0.024,4.8,12.8,75.0,1.115,181.0,4.2,,,,0.403,1.553,1.15,finalized,Open-Meteo ERA5,Open-Meteo ERA5-Ocean,NOAA CO-OPS 8729678 Navarre Beach predictions,2026-08-08T15:57:33.641686-05:00
2017-09-04,87.5,72.9,0.075,6.5,15.0,236.0,0.853,164.0,4.3,,,,0.472,1.543,1.071,finalized,Open-Meteo ERA5,Open-Meteo ERA5-Ocean,NOAA CO-OPS 8729678 Navarre Beach predictions,2026-08-08T15:57:33.641686-05:00
2017-09-05,87.4,74.1,0.0,7.3,15.9,253.0,0.984,177.0,3.65,,,,0.564,1.504,0.94,finalized,Open-Meteo ERA5,Open-Meteo ERA5-Ocean,NOAA CO-OPS 8729678 Navarre Beach predictions,2026-08-08T15:57:33.641686-05:00
2017-09-06,82.1,68.6,0.079,11.3,21.5,334.0,2.887,282.0,3.6,,,,0.666,1.432,0.7659999999999999,finalized,Open-Meteo ERA5,Open-Meteo ERA5-Ocean,NOAA CO-OPS 8729678 Navarre Beach predictions,2026-08-08T15:57:33.641686-05:00
2017-09-07,81.6,62.8,0.0,9.9,19.9,22.0,3.871,40.0,4.3,,,,0.766,1.326,0.56,finalized,Open-Meteo ERA5,Open-Meteo ERA5-Ocean,NOAA CO-OPS 8729678 Navarre Beach predictions,2026-08-08T15:57:33.641686-05:00
2017-09-08,86.3,64.0,0.0,9.3,18.6,39.0,2.69,50.0,4.05,,,,0.739,1.195,0.456,finalized,Open-Meteo ERA5,Open-Meteo ERA5-Ocean,NOAA CO-OPS 8729678 Navarre Beach predictions,2026-08-08T15:57:33.641686-05:00
2017-09-09,85.0,69.9,0.0,13.3,25.9,43.0,5.512,67.0,4.95,,,,0.709,1.361,0.652,finalized,Open-Meteo ERA5,Open-Meteo ERA5-Ocean,NOAA CO-OPS 8729678 Navarre Beach predictions,2026-08-08T15:57:33.641686-05:00
2017-09-10,77.5,66.3,0.035,20.6,38.9,41.0,8.596,62.0,5.95,,,,0.672,1.545,0.8729999999999999,finalized,Open-Meteo ERA5,Open-Meteo ERA5-Ocean,NOAA CO-OPS 8729678 Navarre Beach predictions,2026-08-08T15:57:33.641686-05:00
2017-09-11,67.5,62.9,0.465,20.2,42.1,341.0,8.924,356.0,5.8,,,,0.577,0.577,0.0,finalized,Open-Meteo ERA5,Open-Meteo ERA5-Ocean,NOAA CO-OPS 8729678 Navarre Beach predictions,2026-08-08T15:57:33.641686-05:00
2017-09-12,81.5,62.2,0.0,14.8,28.0,254.0,6.562,277.0,5.4,,,,0.423,1.69,1.267,finalized,Open-Meteo ERA5,Open-Meteo ERA5-Ocean,NOAA CO-OPS 8729678 Navarre Beach predictions,2026-08-08T15:57:33.641686-05:00
2017-09-13,83.2,61.2,0.0,8.1,18.1,229.0,3.15,237.0,4.25,,,,0.312,1.783,1.471,finalized,Open-Meteo ERA5,Open-Meteo ERA5-Ocean,NOAA CO-OPS 8729678 Navarre Beach predictions,2026-08-08T15:57:33.641686-05:00
2017-09-14,86.0,66.8,0.0,6.3,14.5,197.0,1.312,200.0,3.3,,,,0.259,1.822,1.5630000000000002,finalized,Open-Meteo ERA5,Open-Meteo ERA5-Ocean,NOAA CO-OPS 8729678 Navarre Beach predictions,2026-08-08T15:57:33.641686-05:00
2017-09-15,83.1,73.8,0.272,8.1,18.3,131.0,1.575,169.0,4.15,,,,0.268,1.81,1.542,finalized,Open-Meteo ERA5,Open-Meteo ERA5-Ocean,NOAA CO-OPS 8729678 Navarre Beach predictions,2026-08-08T15:57:33.641686-05:00
2017-09-16,90.8,73.9,0.063,5.9,10.7,79.0,1.444,178.0,4.15,,,,0.337,1.756,1.419,finalized,Open-Meteo ERA5,Open-Meteo ERA5-Ocean,NOAA CO-OPS 8729678 Navarre Beach predictions,2026-08-08T15:57:33.641686-05:00
2017-09-17,87.3,73.2,0.02,4.5,11.9,38.0,1.181,166.0,4.15,,,,0.457,1.669,1.212,finalized,Open-Meteo ERA5,Open-Meteo ERA5-Ocean,NOAA CO-OPS 8729678 Navarre Beach predictions,2026-08-08T15:57:33.641686-05:00
2017-09-18,89.1,72.7,0.024,5.2,11.4,263.0,0.787,165.0,4.3,,,,0.613,1.554,0.941,finalized,Open-Meteo ERA5,Open-Meteo ERA5-Ocean,NOAA CO-OPS 8729678 Navarre Beach predictions,2026-08-08T15:57:33.641686-05:00
2017-09-19,89.6,75.1,0.012,7.9,18.6,252.0,0.919,248.0,2.8,,,,0.719,1.412,0.693,finalized,Open-Meteo ERA5,Open-Meteo ERA5-Ocean,NOAA CO-OPS 8729678 Navarre Beach predictions,2026-08-08T15:57:33.641686-05:00
2017-09-20,88.4,74.7,0.059,7.3,16.8,264.0,0.853,258.0,2.55,,,,0.7,1.258,0.558,finalized,Open-Meteo ERA5,Open-Meteo ERA5-Ocean,NOAA CO-OPS 8729678 Navarre Beach predictions,2026-08-08T15:57:33.641686-05:00
2017-09-21,88.6,74.2,0.098,5.7,15.0,57.0,0.656,24.0,2.9,,,,0.633,1.13,0.4969999999999999,finalized,Open-Meteo ERA5,Open-Meteo ERA5-Ocean,NOAA CO-OPS 8729678 Navarre Beach predictions,2026-08-08T15:57:33.641686-05:00
2017-09-22,89.5,72.3,0.114,5.8,16.6,79.0,0.919,114.0,3.2,,,,0.585,1.272,0.687,finalized,Open-Meteo ERA5,Open-Meteo ERA5-Ocean,NOAA CO-OPS 8729678 Navarre Beach predictions,2026-08-08T15:57:33.641686-05:00
2017-09-23,89.6,73.9,0.02,8.8,23.3,63.0,2.231,98.0,4.2,,,,0.557,1.384,0.8269999999999998,finalized,Open-Meteo ERA5,Open-Meteo ERA5-Ocean,NOAA CO-OPS 8729678 Navarre Beach predictions,2026-08-08T15:57:33.641686-05:00
2017-09-24,82.7,73.5,0.193,9.5,23.7,73.0,2.493,103.0,4.1,,,,0.546,1.465,0.919,finalized,Open-Meteo ERA5,Open-Meteo ERA5-Ocean,NOAA CO-OPS 8729678 Navarre Beach predictions,2026-08-08T15:57:33.641686-05:00
2017-09-25,85.1,73.1,0.106,8.1,19.9,84.0,2.231,108.0,3.95,,,,0.54,0.54,0.0,finalized,Open-Meteo ERA5,Open-Meteo ERA5-Ocean,NOAA CO-OPS 8729678 Navarre Beach predictions,2026-08-08T15:57:33.641686-05:00
2017-09-26,88.1,72.4,0.016,3.4,12.3,124.0,1.247,124.0,3.5,,,,0.517,1.516,0.999,finalized,Open-Meteo ERA5,Open-Meteo ERA5-Ocean,NOAA CO-OPS 8729678 Navarre Beach predictions,2026-08-08T15:57:33.641686-05:00
2017-09-27,91.4,73.5,0.0,5.0,13.9,334.0,0.853,129.0,3.85,,,,0.502,1.544,1.042,finalized,Open-Meteo ERA5,Open-Meteo ERA5-Ocean,NOAA CO-OPS 8729678 Navarre Beach predictions,2026-08-08T15:57:33.641686-05:00
2017-09-28,91.3,71.3,0.0,5.7,12.3,319.0,1.181,185.0,5.2,,,,0.507,1.555,1.048,finalized,Open-Meteo ERA5,Open-Meteo ERA5-Ocean,NOAA CO-OPS 8729678 Navarre Beach predictions,2026-08-08T15:57:33.641686-05:00
2017-09-29,91.1,72.5,0.0,5.5,12.8,344.0,1.312,170.0,5.3,,,,0.53,1.558,1.028,finalized,Open-Meteo ERA5,Open-Meteo ERA5-Ocean,NOAA CO-OPS 8729678 Navarre Beach predictions,2026-08-08T15:57:33.641686-05:00
2017-09-30,90.1,72.9,0.012,7.7,19.2,49.0,1.575,124.0,5.1,,,,0.573,1.553,0.98,finalized,Open-Meteo ERA5,Open-Meteo ERA5-Ocean,NOAA CO-OPS 8729678 Navarre Beach predictions,2026-08-08T15:57:33.641686-05:00
2017-10-01,80.7,69.2,0.016,18.7,35.1,66.0,7.808,84.0,5.7,,,,0.636,1.537,0.901,finalized,Open-Meteo ERA5,Open-Meteo ERA5-Ocean,NOAA CO-OPS 8729678 Navarre Beach predictions,2026-08-08T15:57:33.641686-05:00
2017-10-02,81.0,69.4,0.295,15.1,28.2,79.0,7.874,103.0,6.0,,,,0.717,1.503,0.7859999999999999,finalized,Open-Meteo ERA5,Open-Meteo ERA5-Ocean,NOAA CO-OPS 8729678 Navarre Beach predictions,2026-08-08T15:57:33.641686-05:00
2017-10-03,85.3,71.7,0.0,15.4,29.3,74.0,7.874,102.0,6.2,,,,0.809,1.447,0.638,finalized,Open-Meteo ERA5,Open-Meteo ERA5-Ocean,NOAA CO-OPS 8729678 Navarre Beach predictions,2026-08-08T15:57:33.641686-05:00
2017-10-04,85.4,68.6,0.0,13.8,27.7,63.0,7.021,96.0,6.15,,,,0.902,1.37,0.4680000000000001,finalized,Open-Meteo ERA5,Open-Meteo ERA5-Ocean,NOAA CO-OPS 8729678 Navarre Beach predictions,2026-08-08T15:57:33.641686-05:00
2017-10-05,87.3,69.0,0.0,13.8,26.6,52.0,5.249,85.0,5.35,,,,0.795,1.298,0.503,finalized,Open-Meteo ERA5,Open-Meteo ERA5-Ocean,NOAA CO-OPS 8729678 Navarre Beach predictions,2026-08-08T15:57:33.641686-05:00
2017-10-08,82.0,78.7,2.213,24.5,44.7,194.0,14.304,182.0,8.85,,,,0.48,1.804,1.324,finalized,Open-Meteo ERA5,Open-Meteo ERA5-Ocean,NOAA CO-OPS 8729678 Navarre Beach predictions,2026-08-08T15:57:33.641686-05:00
2017-10-09,86.1,77.8,0.205,12.3,24.4,186.0,5.184,191.0,6.55,,,,0.418,1.9,1.482,finalized,Open-Meteo ERA5,Open-Meteo ERA5-Ocean,NOAA CO-OPS 8729678 Navarre Beach predictions,2026-08-08T15:57:33.641686-05:00
2017-10-10,86.1,76.9,0.094,5.3,13.6,170.0,3.15,186.0,5.75,,,,0.335,1.932,1.597,finalized,Open-Meteo ERA5,Open-Meteo ERA5-Ocean,NOAA CO-OPS 8729678 Navarre Beach predictions,2026-08-08T15:57:33.641686-05:00
2017-10-11,89.2,76.0,0.051,5.6,13.0,327.0,1.706,160.0,5.35,,,,0.293,0.293,0.0,finalized,Open-Meteo ERA5,Open-Meteo ERA5-Ocean,NOAA CO-OPS 8729678 Navarre Beach predictions,2026-08-08T15:57:33.641686-05:00
2017-10-12,89.4,75.6,0.024,6.8,16.1,26.0,1.575,124.0,5.1,,,,0.311,1.899,1.588,finalized,Open-Meteo ERA5,Open-Meteo ERA5-Ocean,NOAA CO-OPS 8729678 Navarre Beach predictions,2026-08-08T15:57:33.641686-05:00
2017-10-13,89.1,73.7,0.0,7.2,16.6,66.0,1.575,112.0,4.65,,,,0.387,1.809,1.422,finalized,Open-Meteo ERA5,Open-Meteo ERA5-Ocean,NOAA CO-OPS 8729678 Navarre Beach predictions,2026-08-08T15:57:33.641686-05:00
2017-10-14,85.7,72.7,0.0,11.4,23.0,82.0,4.199,108.0,5.2,,,,0.514,1.675,1.161,finalized,Open-Meteo ERA5,Open-Meteo ERA5-Ocean,NOAA CO-OPS 8729678 Navarre Beach predictions,2026-08-08T15:57:33.641686-05:00
2017-10-15,84.1,75.7,0.028,9.3,19.5,113.0,3.346,125.0,4.85,,,,0.665,1.515,0.8499999999999999,finalized,Open-Meteo ERA5,Open-Meteo ERA5-Ocean,NOAA CO-OPS 8729678 Navarre Beach predictions,2026-08-08T15:57:33.641686-05:00
2017-10-16,75.7,63.6,0.008,13.2,26.6,358.0,4.79,31.0,5.0,,,,0.783,1.376,0.5929999999999999,finalized,Open-Meteo ERA5,Open-Meteo ERA5-Ocean,NOAA CO-OPS 8729678 Navarre Beach predictions,2026-08-08T15:57:33.641686-05:00
2017-10-17,77.5,58.0,0.0,14.0,25.9,42.0,4.856,53.0,4.65,,,,0.862,1.245,0.3830000000000001,finalized,Open-Meteo ERA5,Open-Meteo ERA5-Ocean,NOAA CO-OPS 8729678 Navarre Beach predictions,2026-08-08T15:57:33.641686-05:00
2017-10-18,78.6,55.5,0.0,9.7,18.6,55.0,4.593,87.0,4.9,,,,0.737,1.239,0.5020000000000001,finalized,Open-Meteo ERA5,Open-Meteo ERA5-Ocean,NOAA CO-OPS 8729678 Navarre Beach predictions,2026-08-08T15:57:33.641686-05:00
2017-10-19,81.8,61.2,0.0,9.2,18.6,52.0,3.871,95.0,4.95,,,,0.597,1.365,0.768,finalized,Open-Meteo ERA5,Open-Meteo ERA5-Ocean,NOAA CO-OPS 8729678 Navarre Beach predictions,2026-08-08T15:57:33.641686-05:00
2017-10-20,82.5,63.8,0.0,10.4,20.4,70.0,4.134,101.0,4.85,,,,0.481,1.472,0.991,finalized,Open-Meteo ERA5,Open-Meteo ERA5-Ocean,NOAA CO-OPS 8729678 Navarre Beach predictions,2026-08-08T15:57:33.641686-05:00
2017-10-21,81.9,68.5,0.004,12.1,25.9,102.0,5.184,119.0,5.35,,,,0.397,1.547,1.15,finalized,Open-Meteo ERA5,Open-Meteo ERA5-Ocean,NOAA CO-OPS 8729678 Navarre Beach predictions,2026-08-08T15:57:33.641686-05:00
2017-10-22,80.5,70.3,0.362,16.0,29.3,123.0,5.577,129.0,6.15,,,,0.349,1.594,1.245,finalized,Open-Meteo ERA5,Open-Meteo ERA5-Ocean,NOAA CO-OPS 8729678 Navarre Beach predictions,2026-08-08T15:57:33.641686-05:00
2017-10-23,75.8,59.2,0.906,12.5,25.7,305.0,5.052,221.0,5.7,,,,0.335,1.617,1.282,finalized,Open-Meteo ERA5,Open-Meteo ERA5-Ocean,NOAA CO-OPS 8729678 Navarre Beach predictions,2026-08-08T15:57:33.641686-05:00
2017-10-24,74.0,53.7,0.0,11.1,21.3,313.0,4.79,325.0,4.9,,,,0.347,1.618,1.271,finalized,Open-Meteo ERA5,Open-Meteo ERA5-Ocean,NOAA CO-OPS 8729678 Navarre Beach predictions,2026-08-08T15:57:33.641686-05:00
2017-10-25,67.4,49.0,0.0,10.7,21.7,311.0,4.659,318.0,4.6,,,,0.373,0.373,0.0,finalized,Open-Meteo ERA5,Open-Meteo ERA5-Ocean,NOAA CO-OPS 8729678 Navarre Beach predictions,2026-08-08T15:57:33.641686-05:00
2017-10-26,72.4,44.9,0.0,6.2,11.6,234.0,2.428,285.0,3.8,,,,0.413,1.603,1.19,finalized,Open-Meteo ERA5,Open-Meteo ERA5-Ocean,NOAA CO-OPS 8729678 Navarre Beach predictions,2026-08-08T15:57:33.641686-05:00
2017-10-27,76.4,57.0,0.0,12.7,24.2,142.0,4.331,166.0,4.55,,,,0.47,1.571,1.101,finalized,Open-Meteo ERA5,Open-Meteo ERA5-Ocean,NOAA CO-OPS 8729678 Navarre Beach predictions,2026-08-08T15:57:33.641686-05:00
2017-10-28,71.9,50.4,0.283,14.7,30.2,299.0,5.315,226.0,4.9,,,,0.542,1.521,0.979,finalized,Open-Meteo ERA5,Open-Meteo ERA5-Ocean,NOAA CO-OPS 8729678 Navarre Beach predictions,2026-08-08T15:57:33.641686-05:00
2017-10-29,59.7,40.4,0.0,15.4,29.1,320.0,5.906,326.0,4.95,,,,0.63,1.449,0.8190000000000001,finalized,Open-Meteo ERA5,Open-Meteo ERA5-Ocean,NOAA CO-OPS 8729678 Navarre Beach predictions,2026-08-08T15:57:33.641686-05:00
2017-10-30,70.2,41.4,0.0,7.1,14.3,279.0,2.362,289.0,3.75,,,,0.728,1.352,0.6240000000000001,finalized,Open-Meteo ERA5,Open-Meteo ERA5-Ocean,NOAA CO-OPS 8729678 Navarre Beach predictions,2026-08-08T15:57:33.641686-05:00
2017-10-31,74.5,47.8,0.0,6.2,11.0,273.0,0.919,279.0,3.0,,,,0.826,1.236,0.41,finalized,Open-Meteo ERA5,Open-Meteo ERA5-Ocean,NOAA CO-OPS 8729678 Navarre Beach predictions,2026-08-08T15:57:33.641686-05:00
2017-11-01,75.7,53.5,0.0,11.2,22.1,145.0,2.493,149.0,3.7,,,,0.913,1.314,0.401,finalized,Open-Meteo ERA5,Open-Meteo ERA5-Ocean,NOAA CO-OPS 8729678 Navarre Beach predictions,2026-08-08T15:57:33.641686-05:00
2017-11-02,77.8,64.7,0.0,9.9,20.6,151.0,2.69,159.0,4.15,,,,0.715,1.45,0.735,finalized,Open-Meteo ERA5,Open-Meteo ERA5-Ocean,NOAA CO-OPS 8729678 Navarre Beach predictions,2026-08-08T15:57:33.641686-05:00
2017-11-03,79.3,57.1,0.0,5.7,10.1,141.0,1.772,157.0,4.2,,,,0.508,1.616,1.108,finalized,Open-Meteo ERA5,Open-Meteo ERA5-Ocean,NOAA CO-OPS 8729678 Navarre Beach predictions,2026-08-08T15:57:33.641686-05:00
2017-11-04,81.4,60.7,0.0,5.9,9.6,279.0,1.05,171.0,4.4,,,,0.322,1.773,1.4509999999999998,finalized,Open-Meteo ERA5,Open-Meteo ERA5-Ocean,NOAA CO-OPS 8729678 Navarre Beach predictions,2026-08-08T15:57:33.641686-05:00
2017-11-05,81.2,58.9,0.0,5.9,12.5,236.0,0.722,190.0,4.25,,,,0.177,1.891,1.714,finalized,Open-Meteo ERA5,Open-Meteo ERA5-Ocean,NOAA CO-OPS 8729678 Navarre Beach predictions,2026-08-08T15:57:33.641686-05:00
2017-11-06,79.9,58.3,0.0,6.1,12.3,234.0,0.656,226.0,2.65,,,,0.084,1.949,1.865,finalized,Open-Meteo ERA5,Open-Meteo ERA5-Ocean,NOAA CO-OPS 8729678 Navarre Beach predictions,2026-08-08T15:57:33.641686-05:00
2017-11-07,79.9,62.3,0.0,7.4,15.7,255.0,0.853,243.0,3.95,,,,0.033,1.94,1.907,finalized,Open-Meteo ERA5,Open-Meteo ERA5-Ocean,NOAA CO-OPS 8729678 Navarre Beach predictions,2026-08-08T15:57:33.641686-05:00
2017-11-08,77.6,66.1,0.059,7.6,15.2,319.0,1.312,278.0,3.9,,,,0.04,1.862,1.822,finalized,Open-Meteo ERA5,Open-Meteo ERA5-Ocean,NOAA CO-OPS 8729678 Navarre Beach predictions,2026-08-08T15:57:33.641686-05:00
2017-11-09,65.2,55.5,0.142,12.4,24.8,358.0,3.478,359.0,3.95,,,,0.113,1.722,1.609,finalized,Open-Meteo ERA5,Open-Meteo ERA5-Ocean,NOAA CO-OPS 8729678 Navarre Beach predictions,2026-08-08T15:57:33.641686-05:00
2017-11-10,70.4,50.8,0.0,11.9,20.8,20.0,3.478,31.0,4.0,,,,0.244,0.244,0.0,finalized,Open-Meteo ERA5,Open-Meteo ERA5-Ocean,NOAA CO-OPS 8729678 Navarre Beach predictions,2026-08-08T15:57:33.641686-05:00
2017-11-11,70.4,53.4,0.0,12.2,21.0,65.0,5.052,89.0,5.2,,,,0.413,1.534,1.121,finalized,Open-Meteo ERA5,Open-Meteo ERA5-Ocean,NOAA CO-OPS 8729678 Navarre Beach predictions,2026-08-08T15:57:33.641686-05:00
2017-11-12,65.8,58.8,0.098,12.6,21.9,48.0,6.037,98.0,5.45,,,,0.569,1.313,0.744,finalized,Open-Meteo ERA5,Open-Meteo ERA5-Ocean,NOAA CO-OPS 8729678 Navarre Beach predictions,2026-08-08T15:57:33.641686-05:00
2017-11-13,74.4,56.4,0.106,11.3,22.4,25.0,4.003,52.0,4.5,,,,0.678,1.116,0.438,finalized,Open-Meteo ERA5,Open-Meteo ERA5-Ocean,NOAA CO-OPS 8729678 Navarre Beach predictions,2026-08-08T15:57:33.641686-05:00
2017-11-14,71.4,51.8,0.0,9.2,17.9,40.0,3.215,58.0,4.1,,,,0.743,1.197,0.454,finalized,Open-Meteo ERA5,Open-Meteo ERA5-Ocean,NOAA CO-OPS 8729678 Navarre Beach predictions,2026-08-08T15:57:33.641686-05:00
2017-11-15,66.4,49.6,0.0,10.1,19.7,56.0,3.871,86.0,4.65,,,,0.621,1.28,0.659,finalized,Open-Meteo ERA5,Open-Meteo ERA5-Ocean,NOAA CO-OPS 8729678 Navarre Beach predictions,2026-08-08T15:57:33.641686-05:00
2017-11-16,73.0,44.4,0.0,5.4,12.1,24.0,1.509,70.0,3.95,,,,0.421,1.375,0.954,finalized,Open-Meteo ERA5,Open-Meteo ERA5-Ocean,NOAA CO-OPS 8729678 Navarre Beach predictions,2026-08-08T15:57:33.641686-05:00
2017-11-17,72.4,53.0,0.0,5.5,10.3,77.0,1.115,66.0,2.7,,,,0.258,1.453,1.195,finalized,Open-Meteo ERA5,Open-Meteo ERA5-Ocean,NOAA CO-OPS 8729678 Navarre Beach predictions,2026-08-08T15:57:33.641686-05:00
2017-11-18,77.1,57.4,0.004,14.7,29.1,207.0,4.724,213.0,4.6,,,,0.134,1.5,1.366,finalized,Open-Meteo ERA5,Open-Meteo ERA5-Ocean,NOAA CO-OPS 8729678 Navarre Beach predictions,2026-08-08T15:57:33.641686-05:00
2017-11-19,73.8,46.5,0.047,18.1,35.3,343.0,6.43,338.0,5.0,,,,0.052,1.522,1.47,finalized,Open-Meteo ERA5,Open-Meteo ERA5-Ocean,NOAA CO-OPS 8729678 Navarre Beach predictions,2026-08-08T15:57:33.641686-05:00
2017-11-20,58.9,38.5,0.0,9.1,17.4,31.0,3.806,39.0,4.2,,,,0.012,1.525,1.513,finalized,Open-Meteo ERA5,Open-Meteo ERA5-Ocean,NOAA CO-OPS 8729678 Navarre Beach predictions,2026-08-08T15:57:33.641686-05:00
2017-11-21,69.5,42.8,0.0,7.8,14.8,15.0,2.1,64.0,3.8,,,,0.011,1.516,1.505,finalized,Open-Meteo ERA5,Open-Meteo ERA5-Ocean,NOAA CO-OPS 8729678 Navarre Beach predictions,2026-08-08T15:57:33.641686-05:00
2017-11-22,69.3,54.9,0.0,11.7,22.6,3.0,4.331,19.0,4.3,,,,0.043,1.494,1.451,finalized,Open-Meteo ERA5,Open-Meteo ERA5-Ocean,NOAA CO-OPS 8729678 Navarre Beach predictions,2026-08-08T15:57:33.641686-05:00
2017-11-23,69.2,48.7,0.0,11.7,20.6,358.0,4.265,11.0,4.3,,,,0.099,1.457,1.358,finalized,Open-Meteo ERA5,Open-Meteo ERA5-Ocean,NOAA CO-OPS 8729678 Navarre Beach predictions,2026-08-08T15:57:33.641686-05:00
2017-11-24,69.5,46.4,0.0,7.6,14.8,14.0,2.625,30.0,3.7,,,,0.176,1.398,1.222,finalized,Open-Meteo ERA5,Open-Meteo ERA5-Ocean,NOAA CO-OPS 8729678 Navarre Beach predictions,2026-08-08T15:57:33.641686-05:00
2017-11-25,67.6,45.9,0.0,6.2,13.9,329.0,1.181,314.0,2.75,,,,0.272,1.305,1.033,finalized,Open-Meteo ERA5,Open-Meteo ERA5-Ocean,NOAA CO-OPS 8729678 Navarre Beach predictions,2026-08-08T15:57:33.641686-05:00
2017-11-26,71.3,45.4,0.0,9.5,20.6,8.0,2.756,17.0,3.55,,,,0.382,0.382,0.0,finalized,Open-Meteo ERA5,Open-Meteo ERA5-Ocean,NOAA CO-OPS 8729678 Navarre Beach predictions,2026-08-08T15:57:33.641686-05:00
2017-11-27,67.7,42.1,0.0,8.7,17.0,26.0,3.215,43.0,3.95,,,,0.496,1.169,0.673,finalized,Open-Meteo ERA5,Open-Meteo ERA5-Ocean,NOAA CO-OPS 8729678 Navarre Beach predictions,2026-08-08T15:57:33.641686-05:00
2017-11-28,73.4,41.8,0.0,8.2,17.7,73.0,2.428,106.0,4.2,,,,0.602,1.103,0.501,finalized,Open-Meteo ERA5,Open-Meteo ERA5-Ocean,NOAA CO-OPS 8729678 Navarre Beach predictions,2026-08-08T15:57:33.641686-05:00
2017-11-29,76.0,54.8,0.0,7.6,15.7,94.0,2.493,119.0,4.9,,,,0.686,1.22,0.5339999999999999,finalized,Open-Meteo ERA5,Open-Meteo ERA5-Ocean,NOAA CO-OPS 8729678 Navarre Beach predictions,2026-08-08T15:57:33.641686-05:00
2017-11-30,75.6,57.8,0.012,6.3,15.7,138.0,2.165,132.0,4.9,,,,0.494,1.364,0.8700000000000001,finalized,Open-Meteo ERA5,Open-Meteo ERA5-Ocean,NOAA CO-OPS 8729678 Navarre Beach predictions,2026-08-08T15:57:33.641686-05:00
2017-12-01,75.3,57.6,0.087,5.7,15.7,334.0,1.444,148.0,4.2,,,,0.23,1.522,1.292,finalized,Open-Meteo ERA5,Open-Meteo ERA5-Ocean,NOAA CO-OPS 8729678 Navarre Beach predictions,2026-08-08T15:57:33.641686-05:00
2017-12-02,73.6,54.9,0.0,5.1,11.4,338.0,0.787,62.0,3.35,,,,-0.01,1.662,1.672,finalized,Open-Meteo ERA5,Open-Meteo ERA5-Ocean,NOAA CO-OPS 8729678 Navarre Beach predictions,2026-08-08T15:57:33.641686-05:00
2017-12-03,71.0,52.0,0.0,7.6,15.4,31.0,1.575,29.0,3.0,,,,-0.201,1.757,1.958,finalized,Open-Meteo ERA5,Open-Meteo ERA5-Ocean,NOAA CO-OPS 8729678 Navarre Beach predictions,2026-08-08T15:57:33.641686-05:00
2017-12-04,68.3,57.7,0.047,10.5,21.7,108.0,2.69,116.0,4.15,,,,-0.325,1.791,2.116,finalized,Open-Meteo ERA5,Open-Meteo ERA5-Ocean,NOAA CO-OPS 8729678 Navarre Beach predictions,2026-08-08T15:57:33.641686-05:00
2017-12-05,78.1,64.9,0.189,13.2,26.4,174.0,4.134,154.0,5.55,,,,-0.373,1.756,2.129,finalized,Open-Meteo ERA5,Open-Meteo ERA5-Ocean,NOAA CO-OPS 8729678 Navarre Beach predictions,2026-08-08T15:57:33.641686-05:00
2017-12-06,67.0,44.4,0.063,16.6,32.9,3.0,6.102,27.0,5.45,,,,-0.342,1.653,1.995,finalized,Open-Meteo ERA5,Open-Meteo ERA5-Ocean,NOAA CO-OPS 8729678 Navarre Beach predictions,2026-08-08T15:57:33.641686-05:00
2017-12-07,49.8,43.3,0.398,13.2,24.6,17.0,6.299,32.0,5.05,,,,-0.237,1.491,1.7280000000000002,finalized,Open-Meteo ERA5,Open-Meteo ERA5-Ocean,NOAA CO-OPS 8729678 Navarre Beach predictions,2026-08-08T15:57:33.641686-05:00
2017-12-08,45.0,38.6,0.417,16.3,33.3,5.0,7.152,24.0,5.25,,,,-0.072,1.284,1.356,finalized,Open-Meteo ERA5,Open-Meteo ERA5-Ocean,NOAA CO-OPS 8729678 Navarre Beach predictions,2026-08-08T15:57:33.641686-05:00
2017-12-09,47.1,34.6,0.063,13.3,24.2,307.0,5.446,314.0,4.85,,,,0.119,1.052,0.933,finalized,Open-Meteo ERA5,Open-Meteo ERA5-Ocean,NOAA CO-OPS 8729678 Navarre Beach predictions,2026-08-08T15:57:33.641686-05:00
2017-12-10,53.8,33.1,0.0,8.4,14.1,312.0,4.068,313.0,4.4,,,,0.273,0.814,0.5409999999999999,finalized,Open-Meteo ERA5,Open-Meteo ERA5-Ocean,NOAA CO-OPS 8729678 Navarre Beach predictions,2026-08-08T15:57:33.641686-05:00
2017-12-11,65.2,34.7,0.0,10.5,20.8,263.0,4.003,269.0,4.25,,,,0.379,0.888,0.509,finalized,Open-Meteo ERA5,Open-Meteo ERA5-Ocean,NOAA CO-OPS 8729678 Navarre Beach predictions,2026-08-08T15:57:33.641686-05:00
2017-12-12,62.4,44.2,0.0,15.7,28.2,303.0,6.496,285.0,5.25,,,,0.435,0.997,0.562,finalized,Open-Meteo ERA5,Open-Meteo ERA5-Ocean,NOAA CO-OPS 8729678 Navarre Beach predictions,2026-08-08T15:57:33.641686-05:00
2017-12-13,56.7,33.9,0.0,8.9,17.9,292.0,3.609,316.0,4.15,,,,0.248,1.094,0.8460000000000001,finalized,Open-Meteo ERA5,Open-Meteo ERA5-Ocean,NOAA CO-OPS 8729678 Navarre Beach predictions,2026-08-08T15:57:33.641686-05:00
2017-12-14,64.3,44.1,0.0,8.6,18.1,269.0,4.134,254.0,4.4,,,,0.067,1.178,1.111,finalized,Open-Meteo ERA5,Open-Meteo ERA5-Ocean,NOAA CO-OPS 8729678 Navarre Beach predictions,2026-08-08T15:57:33.641686-05:00
2017-12-15,50.8,44.4,0.0,10.2,19.7,341.0,3.215,330.0,3.8,,,,-0.081,1.24,1.321,finalized,Open-Meteo ERA5,Open-Meteo ERA5-Ocean,NOAA CO-OPS 8729678 Navarre Beach predictions,2026-08-08T15:57:33.641686-05:00
2017-12-16,59.0,40.0,0.0,8.1,15.2,46.0,2.493,42.0,3.6,,,,-0.195,1.273,1.468,finalized,Open-Meteo ERA5,Open-Meteo ERA5-Ocean,NOAA CO-OPS 8729678 Navarre Beach predictions,2026-08-08T15:57:33.641686-05:00
2017-12-17,72.5,48.9,0.0,17.9,32.9,152.0,4.921,159.0,5.3,,,,-0.276,1.283,1.559,finalized,Open-Meteo ERA5,Open-Meteo ERA5-Ocean,NOAA CO-OPS 8729678 Navarre Beach predictions,2026-08-08T15:57:33.641686-05:00
2017-12-18,76.9,67.8,0.071,8.3,16.6,246.0,3.15,178.0,5.5,,,,-0.323,1.278,1.601,finalized,Open-Meteo ERA5,Open-Meteo ERA5-Ocean,NOAA CO-OPS 8729678 Navarre Beach predictions,2026-08-08T15:57:33.641686-05:00
2017-12-19,74.9,66.4,0.035,6.6,16.3,200.0,2.1,172.0,5.6,,,,-0.335,1.264,1.599,finalized,Open-Meteo ERA5,Open-Meteo ERA5-Ocean,NOAA CO-OPS 8729678 Navarre Beach predictions,2026-08-08T15:57:33.641686-05:00
2017-12-20,76.6,64.4,0.201,16.4,38.3,231.0,4.79,208.0,4.8,,,,-0.312,1.241,1.5530000000000002,finalized,Open-Meteo ERA5,Open-Meteo ERA5-Ocean,NOAA CO-OPS 8729678 Navarre Beach predictions,2026-08-08T15:57:33.641686-05:00
2017-12-21,71.1,53.4,0.0,7.2,12.3,333.0,3.543,219.0,4.85,,,,-0.257,1.207,1.464,finalized,Open-Meteo ERA5,Open-Meteo ERA5-Ocean,NOAA CO-OPS 8729678 Navarre Beach predictions,2026-08-08T15:57:33.641686-05:00
2017-12-22,73.3,60.3,0.012,12.6,25.1,141.0,2.887,168.0,3.8,,,,-0.174,1.152,1.3259999999999998,finalized,Open-Meteo ERA5,Open-Meteo ERA5-Ocean,NOAA CO-OPS 8729678 Navarre Beach predictions,2026-08-08T15:57:33.641686-05:00
2017-12-23,78.3,65.8,0.02,17.1,31.8,215.0,4.331,194.0,4.7,,,,-0.069,1.065,1.134,finalized,Open-Meteo ERA5,Open-Meteo ERA5-Ocean,NOAA CO-OPS 8729678 Navarre Beach predictions,2026-08-08T15:57:33.641686-05:00
2017-12-24,65.4,53.2,0.0,12.7,18.8,317.0,3.871,243.0,4.7,,,,0.051,0.934,0.883,finalized,Open-Meteo ERA5,Open-Meteo ERA5-Ocean,NOAA CO-OPS 8729678 Navarre Beach predictions,2026-08-08T15:57:33.641686-05:00
2017-12-25,53.5,39.5,0.0,14.8,26.8,10.0,4.987,10.0,4.6,,,,0.172,0.76,0.5880000000000001,finalized,Open-Meteo ERA5,Open-Meteo ERA5-Ocean,NOAA CO-OPS 8729678 Navarre Beach predictions,2026-08-08T15:57:33.641686-05:00
2017-12-26,59.7,38.7,0.031,9.0,16.3,55.0,2.953,78.0,4.05,,,,0.283,0.82,0.5369999999999999,finalized,Open-Meteo ERA5,Open-Meteo ERA5-Ocean,NOAA CO-OPS 8729678 Navarre Beach predictions,2026-08-08T15:57:33.641686-05:00
2017-12-27,54.0,47.7,0.008,12.0,23.9,21.0,4.068,48.0,4.25,,,,0.361,0.965,0.604,finalized,Open-Meteo ERA5,Open-Meteo ERA5-Ocean,NOAA CO-OPS 8729678 Navarre Beach predictions,2026-08-08T15:57:33.641686-05:00
2017-12-28,48.9,44.6,0.197,10.8,20.1,30.0,3.937,47.0,4.25,,,,0.187,1.126,0.9389999999999998,finalized,Open-Meteo ERA5,Open-Meteo ERA5-Ocean,NOAA CO-OPS 8729678 Navarre Beach predictions,2026-08-08T15:57:33.641686-05:00
2017-12-29,57.1,41.7,0.0,9.3,17.2,9.0,2.953,35.0,3.8,,,,-0.076,1.286,1.362,finalized,Open-Meteo ERA5,Open-Meteo ERA5-Ocean,NOAA CO-OPS 8729678 Navarre Beach predictions,2026-08-08T15:57:33.641686-05:00
2017-12-30,59.7,40.0,0.0,7.8,15.7,345.0,2.493,346.0,3.4,,,,-0.322,1.419,1.741,finalized,Open-Meteo ERA5,Open-Meteo ERA5-Ocean,NOAA CO-OPS 8729678 Navarre Beach predictions,2026-08-08T15:57:33.641686-05:00
2018-01-03,45.4,31.9,0.0,11.1,22.4,347.0,3.937,9.0,4.15,,,,-0.703,1.408,2.111,finalized,Open-Meteo ERA5,Open-Meteo ERA5-Ocean,NOAA CO-OPS 8729678 Navarre Beach predictions,2026-08-08T15:57:33.641686-05:00
2018-01-04,46.8,26.8,0.0,12.2,23.3,325.0,5.315,331.0,4.7,,,,-0.584,1.242,1.826,finalized,Open-Meteo ERA5,Open-Meteo ERA5-Ocean,NOAA CO-OPS 8729678 Navarre Beach predictions,2026-08-08T15:57:33.641686-05:00
2018-01-05,50.8,26.3,0.0,7.1,15.0,356.0,3.346,8.0,3.9,,,,-0.399,1.032,1.431,finalized,Open-Meteo ERA5,Open-Meteo ERA5-Ocean,NOAA CO-OPS 8729678 Navarre Beach predictions,2026-08-08T15:57:33.641686-05:00
2018-01-06,54.1,28.9,0.0,8.3,16.8,50.0,2.428,64.0,3.65,,,,-0.19,0.8,0.99,finalized,Open-Meteo ERA5,Open-Meteo ERA5-Ocean,NOAA CO-OPS 8729678 Navarre Beach predictions,2026-08-08T15:57:33.641686-05:00
2018-01-07,53.7,35.5,0.0,14.3,23.9,92.0,6.89,113.0,5.4,,,,-0.031,0.569,0.6,finalized,Open-Meteo ERA5,Open-Meteo ERA5-Ocean,NOAA CO-OPS 8729678 Navarre Beach predictions,2026-08-08T15:57:33.641686-05:00
2018-01-08,61.0,49.0,0.854,20.3,36.2,115.0,8.99,147.0,6.75,,,,0.078,0.558,0.48,finalized,Open-Meteo ERA5,Open-Meteo ERA5-Ocean,NOAA CO-OPS 8729678 Navarre Beach predictions,2026-08-08T15:57:33.641686-05:00
2018-01-09,64.7,56.7,0.28,12.5,24.8,74.0,6.234,141.0,6.75,,,,0.132,0.701,0.569,finalized,Open-Meteo ERA5,Open-Meteo ERA5-Ocean,NOAA CO-OPS 8729678 Navarre Beach predictions,2026-08-08T15:57:33.641686-05:00
2018-01-10,69.5,56.9,0.0,10.5,21.0,92.0,4.265,116.0,4.85,,,,-0.022,0.83,0.852,finalized,Open-Meteo ERA5,Open-Meteo ERA5-Ocean,NOAA CO-OPS 8729678 Navarre Beach predictions,2026-08-08T15:57:33.641686-05:00
2018-01-11,69.0,63.2,0.059,13.2,25.9,129.0,3.937,142.0,4.7,,,,-0.198,0.934,1.132,finalized,Open-Meteo ERA5,Open-Meteo ERA5-Ocean,NOAA CO-OPS 8729678 Navarre Beach predictions,2026-08-08T15:57:33.641686-05:00
2018-01-12,66.8,40.1,0.209,15.2,28.4,276.0,6.102,242.0,5.35,,,,-0.34,1.005,1.345,finalized,Open-Meteo ERA5,Open-Meteo ERA5-Ocean,NOAA CO-OPS 8729678 Navarre Beach predictions,2026-08-08T15:57:33.641686-05:00
2018-01-13,43.1,30.6,0.0,16.2,30.4,344.0,6.365,338.0,5.3,,,,-0.445,1.043,1.488,finalized,Open-Meteo ERA5,Open-Meteo ERA5-Ocean,NOAA CO-OPS 8729678 Navarre Beach predictions,2026-08-08T15:57:33.641686-05:00
2018-01-14,51.3,26.7,0.0,11.3,20.6,10.0,4.987,16.0,4.6,,,,-0.517,1.058,1.5750000000000002,finalized,Open-Meteo ERA5,Open-Meteo ERA5-Ocean,NOAA CO-OPS 8729678 Navarre Beach predictions,2026-08-08T15:57:33.641686-05:00
2018-01-15,57.5,31.9,0.0,6.8,12.5,55.0,2.297,63.0,3.5,,,,-0.555,1.058,1.613,finalized,Open-Meteo ERA5,Open-Meteo ERA5-Ocean,NOAA CO-OPS 8729678 Navarre Beach predictions,2026-08-08T15:57:33.641686-05:00
2018-01-16,58.8,37.2,0.012,14.1,26.6,32.0,4.79,53.0,4.4,,,,-0.562,1.048,1.61,finalized,Open-Meteo ERA5,Open-Meteo ERA5-Ocean,NOAA CO-OPS 8729678 Navarre Beach predictions,2026-08-08T15:57:33.641686-05:00
2018-01-17,36.7,23.5,0.094,16.1,30.0,347.0,6.43,350.0,5.05,,,,-0.537,1.03,1.5670000000000002,finalized,Open-Meteo ERA5,Open-Meteo ERA5-Ocean,NOAA CO-OPS 8729678 Navarre Beach predictions,2026-08-08T15:57:33.641686-05:00
2018-01-18,47.8,20.9,0.0,10.7,18.1,357.0,4.462,10.0,4.6,,,,-0.479,0.999,1.478,finalized,Open-Meteo ERA5,Open-Meteo ERA5-Ocean,NOAA CO-OPS 8729678 Navarre Beach predictions,2026-08-08T15:57:33.641686-05:00
2018-01-19,56.5,25.7,0.0,5.2,10.7,13.0,1.509,25.0,3.15,,,,-0.39,0.947,1.337,finalized,Open-Meteo ERA5,Open-Meteo ERA5-Ocean,NOAA CO-OPS 8729678 Navarre Beach predictions,2026-08-08T15:57:33.641686-05:00
2018-01-20,62.5,33.9,0.0,6.9,14.3,99.0,1.575,92.0,3.15,,,,-0.275,0.861,1.136,finalized,Open-Meteo ERA5,Open-Meteo ERA5-Ocean,NOAA CO-OPS 8729678 Navarre Beach predictions,2026-08-08T15:57:33.641686-05:00
2018-01-21,67.6,42.5,0.0,9.2,19.2,115.0,3.215,125.0,4.05,,,,-0.146,0.733,0.879,finalized,Open-Meteo ERA5,Open-Meteo ERA5-Ocean,NOAA CO-OPS 8729678 Navarre Beach predictions,2026-08-08T15:57:33.641686-05:00
2018-01-22,70.7,55.1,0.76,14.1,26.4,170.0,4.199,158.0,5.35,,,,-0.014,0.559,0.5730000000000001,finalized,Open-Meteo ERA5,Open-Meteo ERA5-Ocean,NOAA CO-OPS 8729678 Navarre Beach predictions,2026-08-08T15:57:33.641686-05:00
2018-01-23,64.8,45.7,0.0,10.9,20.1,310.0,4.003,288.0,5.25,,,,0.107,0.534,0.427,finalized,Open-Meteo ERA5,Open-Meteo ERA5-Ocean,NOAA CO-OPS 8729678 Navarre Beach predictions,2026-08-08T15:57:33.641686-05:00
2018-01-24,55.9,39.8,0.0,9.9,20.6,352.0,3.478,359.0,4.0,,,,0.189,0.712,0.5229999999999999,finalized,Open-Meteo ERA5,Open-Meteo ERA5-Ocean,NOAA CO-OPS 8729678 Navarre Beach predictions,2026-08-08T15:57:33.641686-05:00
2018-01-25,64.3,37.5,0.0,10.8,21.9,34.0,4.265,44.0,4.35,,,,0.028,0.903,0.875,finalized,Open-Meteo ERA5,Open-Meteo ERA5-Ocean,NOAA CO-OPS 8729678 Navarre Beach predictions,2026-08-08T15:57:33.641686-05:00
2018-01-26,65.2,44.2,0.0,12.1,23.7,92.0,6.496,115.0,5.9,,,,-0.23,1.08,1.31,finalized,Open-Meteo ERA5,Open-Meteo ERA5-Ocean,NOAA CO-OPS 8729678 Navarre Beach predictions,2026-08-08T15:57:33.641686-05:00
2018-01-27,65.4,58.0,0.146,13.3,24.2,107.0,6.102,126.0,6.0,,,,-0.468,1.22,1.688,finalized,Open-Meteo ERA5,Open-Meteo ERA5-Ocean,NOAA CO-OPS 8729678 Navarre Beach predictions,2026-08-08T15:57:33.641686-05:00
2018-01-28,67.4,60.1,1.102,13.9,26.8,127.0,6.168,144.0,6.6,,,,-0.656,1.304,1.96,finalized,Open-Meteo ERA5,Open-Meteo ERA5-Ocean,NOAA CO-OPS 8729678 Navarre Beach predictions,2026-08-08T15:57:33.641686-05:00
2018-01-29,66.4,48.1,0.0,14.6,28.0,347.0,5.184,14.0,5.7,,,,-0.772,1.326,2.098,finalized,Open-Meteo ERA5,Open-Meteo ERA5-Ocean,NOAA CO-OPS 8729678 Navarre Beach predictions,2026-08-08T15:57:33.641686-05:00
2018-01-30,55.2,38.2,0.0,14.5,28.2,359.0,5.577,3.0,4.8,,,,-0.804,1.282,2.0860000000000003,finalized,Open-Meteo ERA5,Open-Meteo ERA5-Ocean,NOAA CO-OPS 8729678 Navarre Beach predictions,2026-08-08T15:57:33.641686-05:00
2018-01-31,60.7,36.1,0.0,10.1,20.4,116.0,3.084,101.0,4.05,,,,-0.749,1.173,1.922,finalized,Open-Meteo ERA5,Open-Meteo ERA5-Ocean,NOAA CO-OPS 8729678 Navarre Beach predictions,2026-08-08T15:57:33.641686-05:00
2018-02-01,67.3,55.8,0.059,12.8,22.8,184.0,3.609,174.0,4.5,,,,-0.616,1.007,1.6229999999999998,finalized,Open-Meteo ERA5,Open-Meteo ERA5-Ocean,NOAA CO-OPS 8729678 Navarre Beach predictions,2026-08-08T15:57:33.641686-05:00
2018-02-02,61.9,44.0,0.012,15.4,29.8,6.0,5.512,19.0,4.7,,,,-0.422,0.801,1.223,finalized,Open-Meteo ERA5,Open-Meteo ERA5-Ocean,NOAA CO-OPS 8729678 Navarre Beach predictions,2026-08-08T15:57:33.641686-05:00
2018-02-03,57.3,37.2,0.0,11.4,22.1,80.0,4.593,79.0,4.6,,,,-0.233,0.577,0.8099999999999999,finalized,Open-Meteo ERA5,Open-Meteo ERA5-Ocean,NOAA CO-OPS 8729678 Navarre Beach predictions,2026-08-08T15:57:33.641686-05:00
2018-02-04,71.6,53.8,0.681,18.1,43.8,238.0,6.168,184.0,5.95,,,,-0.097,0.361,0.4579999999999999,finalized,Open-Meteo ERA5,Open-Meteo ERA5-Ocean,NOAA CO-OPS 8729678 Navarre Beach predictions,2026-08-08T15:57:33.641686-05:00
2018-02-05,66.1,43.1,0.0,7.7,18.3,45.0,3.74,116.0,5.65,,,,-0.005,0.366,0.371,finalized,Open-Meteo ERA5,Open-Meteo ERA5-Ocean,NOAA CO-OPS 8729678 Navarre Beach predictions,2026-08-08T15:57:33.641686-05:00
2018-02-06,68.0,48.1,0.035,10.3,20.8,124.0,2.625,139.0,4.9,,,,0.035,0.527,0.492,finalized,Open-Meteo ERA5,Open-Meteo ERA5-Ocean,NOAA CO-OPS 8729678 Navarre Beach predictions,2026-08-08T15:57:33.641686-05:00
2018-02-07,72.1,55.5,1.071,13.4,25.9,216.0,3.675,171.0,4.65,,,,-0.1,0.672,0.772,finalized,Open-Meteo ERA5,Open-Meteo ERA5-Ocean,NOAA CO-OPS 8729678 Navarre Beach predictions,2026-08-08T15:57:33.641686-05:00
2018-02-08,67.2,46.7,0.0,13.4,24.2,21.0,4.331,26.0,4.4,,,,-0.25,0.78,1.03,finalized,Open-Meteo ERA5,Open-Meteo ERA5-Ocean,NOAA CO-OPS 8729678 Navarre Beach predictions,2026-08-08T15:57:33.641686-05:00
2018-02-09,64.3,52.0,0.146,9.2,19.0,94.0,3.412,97.0,4.2,,,,-0.364,0.851,1.215,finalized,Open-Meteo ERA5,Open-Meteo ERA5-Ocean,NOAA CO-OPS 8729678 Navarre Beach predictions,2026-08-08T15:57:33.641686-05:00
2018-02-10,69.4,60.7,0.264,13.2,27.5,147.0,4.593,145.0,5.05,,,,-0.442,0.892,1.334,finalized,Open-Meteo ERA5,Open-Meteo ERA5-Ocean,NOAA CO-OPS 8729678 Navarre Beach predictions,2026-08-08T15:57:33.641686-05:00
2018-02-11,68.3,65.0,1.677,11.3,25.1,180.0,5.052,177.0,6.0,,,,-0.49,0.915,1.405,finalized,Open-Meteo ERA5,Open-Meteo ERA5-Ocean,NOAA CO-OPS 8729678 Navarre Beach predictions,2026-08-08T15:57:33.641686-05:00
2018-02-12,65.7,58.0,0.512,8.3,15.4,40.0,4.134,170.0,5.9,,,,-0.507,0.925,1.432,finalized,Open-Meteo ERA5,Open-Meteo ERA5-Ocean,NOAA CO-OPS 8729678 Navarre Beach predictions,2026-08-08T15:57:33.641686-05:00
2018-02-13,75.7,57.7,0.0,8.4,17.9,49.0,2.69,99.0,4.4,,,,-0.496,0.923,1.419,finalized,Open-Meteo ERA5,Open-Meteo ERA5-Ocean,NOAA CO-OPS 8729678 Navarre Beach predictions,2026-08-08T15:57:33.641686-05:00
2018-02-14,67.7,61.6,0.0,8.8,18.8,117.0,2.822,121.0,5.05,,,,-0.457,0.907,1.364,finalized,Open-Meteo ERA5,Open-Meteo ERA5-Ocean,NOAA CO-OPS 8729678 Navarre Beach predictions,2026-08-08T15:57:33.641686-05:00
2018-02-15,73.8,64.2,0.0,10.6,21.7,168.0,2.1,147.0,5.05,,,,-0.388,0.872,1.26,finalized,Open-Meteo ERA5,Open-Meteo ERA5-Ocean,NOAA CO-OPS 8729678 Navarre Beach predictions,2026-08-08T15:57:33.641686-05:00
2018-02-16,79.0,67.3,0.0,14.0,26.8,239.0,2.1,183.0,4.05,,,,-0.293,0.812,1.105,finalized,Open-Meteo ERA5,Open-Meteo ERA5-Ocean,NOAA CO-OPS 8729678 Navarre Beach predictions,2026-08-08T15:57:33.641686-05:00
2018-02-17,78.1,65.6,0.051,12.4,25.3,229.0,1.575,189.0,4.1,,,,-0.18,0.719,0.899,finalized,Open-Meteo ERA5,Open-Meteo ERA5-Ocean,NOAA CO-OPS 8729678 Navarre Beach predictions,2026-08-08T15:57:33.641686-05:00
2018-02-18,76.9,62.6,0.0,7.6,16.1,190.0,1.509,185.0,4.5,,,,-0.06,0.587,0.647,finalized,Open-Meteo ERA5,Open-Meteo ERA5-Ocean,NOAA CO-OPS 8729678 Navarre Beach predictions,2026-08-08T15:57:33.641686-05:00
2018-02-19,76.6,67.0,0.0,12.4,24.2,133.0,3.412,148.0,4.7,,,,0.06,0.417,0.357,finalized,Open-Meteo ERA5,Open-Meteo ERA5-Ocean,NOAA CO-OPS 8729678 Navarre Beach predictions,2026-08-08T15:57:33.641686-05:00
2018-02-20,76.0,66.5,0.031,18.1,35.8,134.0,4.79,149.0,5.85,,,,0.15,0.531,0.381,finalized,Open-Meteo ERA5,Open-Meteo ERA5-Ocean,NOAA CO-OPS 8729678 Navarre Beach predictions,2026-08-08T15:57:33.641686-05:00
2018-02-21,78.3,69.6,0.071,16.3,32.2,142.0,4.462,151.0,5.9,,,,0.23,0.729,0.499,finalized,Open-Meteo ERA5,Open-Meteo ERA5-Ocean,NOAA CO-OPS 8729678 Navarre Beach predictions,2026-08-08T15:57:33.641686-05:00
2018-02-22,77.9,68.1,0.0,10.0,22.6,138.0,4.199,152.0,6.2,,,,-0.003,0.919,0.922,finalized,Open-Meteo ERA5,Open-Meteo ERA5-Ocean,NOAA CO-OPS 8729678 Navarre Beach predictions,2026-08-08T15:57:33.641686-05:00
2018-02-23,77.5,63.2,0.02,13.0,25.7,138.0,3.018,146.0,5.6,,,,-0.217,1.073,1.29,finalized,Open-Meteo ERA5,Open-Meteo ERA5-Ocean,NOAA CO-OPS 8729678 Navarre Beach predictions,2026-08-08T15:57:33.641686-05:00
2018-02-24,77.8,68.1,0.039,13.8,28.0,161.0,3.412,157.0,5.1,,,,-0.401,1.18,1.581,finalized,Open-Meteo ERA5,Open-Meteo ERA5-Ocean,NOAA CO-OPS 8729678 Navarre Beach predictions,2026-08-08T15:57:33.641686-05:00
2018-02-25,74.3,68.8,0.079,9.7,22.6,171.0,3.412,167.0,5.6,,,,-0.534,1.233,1.767,finalized,Open-Meteo ERA5,Open-Meteo ERA5-Ocean,NOAA CO-OPS 8729678 Navarre Beach predictions,2026-08-08T15:57:33.641686-05:00
2018-02-26,74.2,63.5,0.091,10.5,23.5,36.0,2.625,171.0,4.85,,,,-0.599,1.231,1.83,finalized,Open-Meteo ERA5,Open-Meteo ERA5-Ocean,NOAA CO-OPS 8729678 Navarre Beach predictions,2026-08-08T15:57:33.641686-05:00
2018-02-27,74.2,57.7,0.0,9.9,20.4,85.0,3.478,98.0,4.45,,,,-0.588,1.175,1.763,finalized,Open-Meteo ERA5,Open-Meteo ERA5-Ocean,NOAA CO-OPS 8729678 Navarre Beach predictions,2026-08-08T15:57:33.641686-05:00
2018-02-28,75.8,65.2,0.091,13.5,25.7,164.0,3.478,144.0,4.5,,,,-0.501,1.066,1.5670000000000002,finalized,Open-Meteo ERA5,Open-Meteo ERA5-Ocean,NOAA CO-OPS 8729678 Navarre Beach predictions,2026-08-08T15:57:33.641686-05:00
2018-03-01,80.8,65.3,0.146,19.6,37.4,242.0,4.462,208.0,5.05,,,,-0.348,0.91,1.258,finalized,Open-Meteo ERA5,Open-Meteo ERA5-Ocean,NOAA CO-OPS 8729678 Navarre Beach predictions,2026-08-08T15:57:33.641686-05:00
2018-03-02,73.3,55.9,0.0,13.1,26.4,10.0,4.068,9.0,4.85,,,,-0.159,0.72,0.879,finalized,Open-Meteo ERA5,Open-Meteo ERA5-Ocean,NOAA CO-OPS 8729678 Navarre Beach predictions,2026-08-08T15:57:33.641686-05:00
2018-03-03,74.5,46.2,0.0,10.8,22.8,21.0,3.478,41.0,4.2,,,,-0.023,0.516,0.539,finalized,Open-Meteo ERA5,Open-Meteo ERA5-Ocean,NOAA CO-OPS 8729678 Navarre Beach predictions,2026-08-08T15:57:33.641686-05:00
2018-03-04,71.5,47.5,0.0,9.2,17.7,51.0,2.428,55.0,3.6,,,,0.009,0.328,0.319,finalized,Open-Meteo ERA5,Open-Meteo ERA5-Ocean,NOAA CO-OPS 8729678 Navarre Beach predictions,2026-08-08T15:57:33.641686-05:00
2018-03-05,73.0,53.4,0.008,9.0,18.8,152.0,2.1,145.0,3.65,,,,0.002,0.501,0.499,finalized,Open-Meteo ERA5,Open-Meteo ERA5-Ocean,NOAA CO-OPS 8729678 Navarre Beach predictions,2026-08-08T15:57:33.641686-05:00
2018-03-06,69.6,56.2,0.295,12.5,26.6,237.0,4.331,214.0,4.65,,,,-0.035,0.664,0.6990000000000001,finalized,Open-Meteo ERA5,Open-Meteo ERA5-Ocean,NOAA CO-OPS 8729678 Navarre Beach predictions,2026-08-08T15:57:33.641686-05:00
2018-03-07,59.9,44.7,0.0,12.8,26.8,321.0,5.512,309.0,4.85,,,,0.784,0.784,0.0,finalized,Open-Meteo ERA5,Open-Meteo ERA5-Ocean,NOAA CO-OPS 8729678 Navarre Beach predictions,2026-08-08T15:57:33.641686-05:00
2018-03-08,60.1,38.2,0.0,11.7,24.2,322.0,4.068,330.0,4.2,,,,-0.143,0.862,1.005,finalized,Open-Meteo ERA5,Open-Meteo ERA5-Ocean,NOAA CO-OPS 8729678 Navarre Beach predictions,2026-08-08T15:57:33.641686-05:00
2018-03-09,62.7,36.6,0.0,7.6,17.4,124.0,2.231,359.0,3.4,,,,-0.216,0.906,1.122,finalized,Open-Meteo ERA5,Open-Meteo ERA5-Ocean,NOAA CO-OPS 8729678 Navarre Beach predictions,2026-08-08T15:57:33.641686-05:00
2018-03-10,69.3,54.4,0.039,14.2,28.9,151.0,4.003,160.0,4.8,,,,-0.257,0.928,1.185,finalized,Open-Meteo ERA5,Open-Meteo ERA5-Ocean,NOAA CO-OPS 8729678 Navarre Beach predictions,2026-08-08T15:57:33.641686-05:00
2018-03-11,70.4,60.3,0.665,12.8,23.5,188.0,3.609,167.0,5.05,,,,-0.27,0.938,1.208,finalized,Open-Meteo ERA5,Open-Meteo ERA5-Ocean,NOAA CO-OPS 8729678 Navarre Beach predictions,2026-08-08T15:57:33.641686-05:00
2018-03-12,61.2,48.0,0.016,18.1,34.7,333.0,6.102,331.0,5.0,,,,-0.258,0.941,1.1989999999999998,finalized,Open-Meteo ERA5,Open-Meteo ERA5-Ocean,NOAA CO-OPS 8729678 Navarre Beach predictions,2026-08-08T15:57:33.641686-05:00
2018-03-13,61.8,40.3,0.0,8.4,17.4,329.0,3.806,347.0,4.25,,,,-0.221,0.936,1.157,finalized,Open-Meteo ERA5,Open-Meteo ERA5-Ocean,NOAA CO-OPS 8729678 Navarre Beach predictions,2026-08-08T15:57:33.641686-05:00
2018-03-14,63.6,40.2,0.0,10.3,21.0,335.0,3.806,343.0,4.05,,,,-0.161,0.917,1.078,finalized,Open-Meteo ERA5,Open-Meteo ERA5-Ocean,NOAA CO-OPS 8729678 Navarre Beach predictions,2026-08-08T15:57:33.641686-05:00
2018-03-15,66.4,38.1,0.0,9.6,19.9,232.0,1.64,283.0,3.1,,,,-0.079,0.874,0.953,finalized,Open-Meteo ERA5,Open-Meteo ERA5-Ocean,NOAA CO-OPS 8729678 Navarre Beach predictions,2026-08-08T15:57:33.641686-05:00
2018-03-16,69.4,47.6,0.063,8.4,17.7,172.0,2.559,203.0,3.55,,,,0.02,0.807,0.787,finalized,Open-Meteo ERA5,Open-Meteo ERA5-Ocean,NOAA CO-OPS 8729678 Navarre Beach predictions,2026-08-08T15:57:33.641686-05:00
2018-03-17,78.1,63.8,0.142,10.7,23.9,210.0,2.822,187.0,4.25,,,,0.125,0.714,0.589,finalized,Open-Meteo ERA5,Open-Meteo ERA5-Ocean,NOAA CO-OPS 8729678 Navarre Beach predictions,2026-08-08T15:57:33.641686-05:00
2018-03-18,76.8,68.6,0.217,10.8,22.4,212.0,2.1,187.0,4.1,,,,0.149,0.476,0.3269999999999999,finalized,Open-Meteo ERA5,Open-Meteo ERA5-Ocean,NOAA CO-OPS 8729678 Navarre Beach predictions,2026-08-08T15:57:33.641686-05:00
2018-03-19,75.7,68.5,0.244,12.6,27.3,226.0,3.15,210.0,4.3,,,,0.099,0.639,0.54,finalized,Open-Meteo ERA5,Open-Meteo ERA5-Ocean,NOAA CO-OPS 8729678 Navarre Beach predictions,2026-08-08T15:57:33.641686-05:00
2018-03-20,72.6,55.3,0.0,17.1,32.7,283.0,6.102,262.0,5.15,,,,0.045,0.839,0.7939999999999999,finalized,Open-Meteo ERA5,Open-Meteo ERA5-Ocean,NOAA CO-OPS 8729678 Navarre Beach predictions,2026-08-08T15:57:33.641686-05:00
2018-03-21,66.8,46.5,0.0,16.9,30.6,313.0,5.906,304.0,5.05,,,,-0.018,1.03,1.048,finalized,Open-Meteo ERA5,Open-Meteo ERA5-Ocean,NOAA CO-OPS 8729678 Navarre Beach predictions,2026-08-08T15:57:33.641686-05:00
2018-03-22,68.0,43.8,0.0,10.6,21.9,352.0,3.478,357.0,4.1,,,,1.187,1.187,0.0,finalized,Open-Meteo ERA5,Open-Meteo ERA5-Ocean,NOAA CO-OPS 8729678 Navarre Beach predictions,2026-08-08T15:57:33.641686-05:00
2018-03-23,68.4,43.1,0.0,7.9,16.6,125.0,1.509,79.0,3.15,,,,-0.148,1.292,1.44,finalized,Open-Meteo ERA5,Open-Meteo ERA5-Ocean,NOAA CO-OPS 8729678 Navarre Beach predictions,2026-08-08T15:57:33.641686-05:00
2018-03-24,75.2,54.4,0.0,15.7,30.0,201.0,3.412,185.0,4.7,,,,-0.258,1.338,1.596,finalized,Open-Meteo ERA5,Open-Meteo ERA5-Ocean,NOAA CO-OPS 8729678 Navarre Beach predictions,2026-08-08T15:57:33.641686-05:00
2018-03-25,79.1,66.5,0.0,13.1,25.1,235.0,3.609,193.0,5.6,,,,-0.315,1.328,1.643,finalized,Open-Meteo ERA5,Open-Meteo ERA5-Ocean,NOAA CO-OPS 8729678 Navarre Beach predictions,2026-08-08T15:57:33.641686-05:00
2018-03-26,67.5,59.7,0.0,13.5,26.2,86.0,5.643,125.0,5.6,,,,-0.308,1.266,1.574,finalized,Open-Meteo ERA5,Open-Meteo ERA5-Ocean,NOAA CO-OPS 8729678 Navarre Beach predictions,2026-08-08T15:57:33.641686-05:00
2018-03-27,70.5,57.1,0.0,15.1,32.2,111.0,6.168,121.0,5.85,,,,-0.235,1.163,1.398,finalized,Open-Meteo ERA5,Open-Meteo ERA5-Ocean,NOAA CO-OPS 8729678 Navarre Beach predictions,2026-08-08T15:57:33.641686-05:00
2018-03-28,74.1,63.2,0.0,16.2,30.2,142.0,5.512,150.0,6.6,,,,-0.101,1.039,1.14,finalized,Open-Meteo ERA5,Open-Meteo ERA5-Ocean,NOAA CO-OPS 8729678 Navarre Beach predictions,2026-08-08T15:57:33.641686-05:00
2018-03-29,75.1,66.6,0.437,18.7,36.5,170.0,6.562,159.0,6.55,,,,0.068,0.894,0.8260000000000001,finalized,Open-Meteo ERA5,Open-Meteo ERA5-Ocean,NOAA CO-OPS 8729678 Navarre Beach predictions,2026-08-08T15:57:33.641686-05:00
2018-03-30,71.8,60.2,0.205,13.6,23.5,345.0,4.79,164.0,6.55,,,,0.203,0.734,0.5309999999999999,finalized,Open-Meteo ERA5,Open-Meteo ERA5-Ocean,NOAA CO-OPS 8729678 Navarre Beach predictions,2026-08-08T15:57:33.641686-05:00
2018-03-31,71.8,52.6,0.0,11.1,22.1,42.0,3.871,64.0,5.15,,,,0.118,0.562,0.444,finalized,Open-Meteo ERA5,Open-Meteo ERA5-Ocean,NOAA CO-OPS 8729678 Navarre Beach predictions,2026-08-08T15:57:33.641686-05:00
2018-04-01,75.1,44.8,0.0,7.2,16.6,135.0,1.509,123.0,5.25,,,,0.033,0.707,0.6739999999999999,finalized,Open-Meteo ERA5,Open-Meteo ERA5-Ocean,NOAA CO-OPS 8729678 Navarre Beach predictions,2026-08-08T15:57:33.641686-05:00
2018-04-02,78.3,58.3,0.0,9.1,19.2,194.0,1.444,155.0,4.2,,,,-0.026,0.871,0.897,finalized,Open-Meteo ERA5,Open-Meteo ERA5-Ocean,NOAA CO-OPS 8729678 Navarre Beach predictions,2026-08-08T15:57:33.641686-05:00
2018-04-03,78.4,68.9,0.024,14.6,28.4,177.0,2.625,166.0,4.5,,,,-0.061,0.995,1.056,finalized,Open-Meteo ERA5,Open-Meteo ERA5-Ocean,NOAA CO-OPS 8729678 Navarre Beach predictions,2026-08-08T15:57:33.641686-05:00
2018-04-04,72.6,55.3,0.299,11.2,25.9,318.0,3.412,268.0,5.0,,,,-0.079,1.078,1.157,finalized,Open-Meteo ERA5,Open-Meteo ERA5-Ocean,NOAA CO-OPS 8729678 Navarre Beach predictions,2026-08-08T15:57:33.641686-05:00
2018-04-05,71.5,46.0,0.0,9.0,19.2,30.0,3.281,42.0,4.05,,,,-0.094,1.122,1.2160000000000002,finalized,Open-Meteo ERA5,Open-Meteo ERA5-Ocean,NOAA CO-OPS 8729678 Navarre Beach predictions,2026-08-08T15:57:33.641686-05:00
2018-04-06,73.4,50.5,0.028,10.4,21.7,168.0,1.772,149.0,3.85,,,,1.135,1.135,0.0,finalized,Open-Meteo ERA5,Open-Meteo ERA5-Ocean,NOAA CO-OPS 8729678 Navarre Beach predictions,2026-08-08T15:57:33.641686-05:00
2018-04-07,71.9,58.0,0.654,17.6,26.6,279.0,3.871,224.0,4.9,,,,-0.089,1.125,1.214,finalized,Open-Meteo ERA5,Open-Meteo ERA5-Ocean,NOAA CO-OPS 8729678 Navarre Beach predictions,2026-08-08T15:57:33.641686-05:00
2018-04-08,62.1,48.5,0.012,11.8,21.5,36.0,3.871,37.0,4.9,,,,-0.06,1.103,1.163,finalized,Open-Meteo ERA5,Open-Meteo ERA5-Ocean,NOAA CO-OPS 8729678 Navarre Beach predictions,2026-08-08T15:57:33.641686-05:00
2018-04-09,72.4,62.5,0.02,10.5,20.8,39.0,2.625,116.0,4.55,,,,-0.01,1.072,1.082,finalized,Open-Meteo ERA5,Open-Meteo ERA5-Ocean,NOAA CO-OPS 8729678 Navarre Beach predictions,2026-08-08T15:57:33.641686-05:00
2018-04-10,76.4,61.7,0.094,9.4,19.2,20.0,2.69,90.0,5.05,,,,0.06,1.031,0.971,finalized,Open-Meteo ERA5,Open-Meteo ERA5-Ocean,NOAA CO-OPS 8729678 Navarre Beach predictions,2026-08-08T15:57:33.641686-05:00
2018-04-11,75.9,51.7,0.0,9.6,17.4,354.0,3.215,72.0,6.05,,,,0.146,0.978,0.832,finalized,Open-Meteo ERA5,Open-Meteo ERA5-Ocean,NOAA CO-OPS 8729678 Navarre Beach predictions,2026-08-08T15:57:33.641686-05:00
2018-04-12,74.7,48.2,0.0,10.4,21.7,152.0,2.297,153.0,6.45,,,,0.246,0.911,0.665,finalized,Open-Meteo ERA5,Open-Meteo ERA5-Ocean,NOAA CO-OPS 8729678 Navarre Beach predictions,2026-08-08T15:57:33.641686-05:00
2018-04-13,76.9,57.3,0.0,13.8,27.3,145.0,3.871,145.0,4.5,,,,0.35,0.837,0.487,finalized,Open-Meteo ERA5,Open-Meteo ERA5-Ocean,NOAA CO-OPS 8729678 Navarre Beach predictions,2026-08-08T15:57:33.641686-05:00
2018-04-14,77.8,71.5,0.114,19.5,36.9,156.0,6.955,157.0,6.2,,,,0.356,0.759,0.403,finalized,Open-Meteo ERA5,Open-Meteo ERA5-Ocean,NOAA CO-OPS 8729678 Navarre Beach predictions,2026-08-08T15:57:33.641686-05:00
2018-04-15,73.0,50.5,2.02,16.8,42.5,285.0,7.349,247.0,6.2,,,,0.223,0.877,0.654,finalized,Open-Meteo ERA5,Open-Meteo ERA5-Ocean,NOAA CO-OPS 8729678 Navarre Beach predictions,2026-08-08T15:57:33.641686-05:00
2018-04-16,70.7,43.2,0.0,13.7,27.5,302.0,6.102,286.0,5.6,,,,0.095,1.054,0.959,finalized,Open-Meteo ERA5,Open-Meteo ERA5-Ocean,NOAA CO-OPS 8729678 Navarre Beach predictions,2026-08-08T15:57:33.641686-05:00
2018-04-17,73.3,43.8,0.0,9.2,18.3,231.0,2.756,255.0,4.45,,,,-0.014,1.241,1.255,finalized,Open-Meteo ERA5,Open-Meteo ERA5-Ocean,NOAA CO-OPS 8729678 Navarre Beach predictions,2026-08-08T15:57:33.641686-05:00
2018-04-18,79.2,60.7,0.0,12.7,25.5,225.0,2.756,217.0,4.15,,,,-0.093,1.407,1.5,finalized,Open-Meteo ERA5,Open-Meteo ERA5-Ocean,NOAA CO-OPS 8729678 Navarre Beach predictions,2026-08-08T15:57:33.641686-05:00
2018-04-19,81.9,61.4,0.0,13.5,23.0,295.0,3.346,245.0,4.1,,,,-0.16,1.528,1.688,finalized,Open-Meteo ERA5,Open-Meteo ERA5-Ocean,NOAA CO-OPS 8729678 Navarre Beach predictions,2026-08-08T15:57:33.641686-05:00
2018-04-20,74.1,49.7,0.0,12.5,21.7,31.0,4.462,29.0,4.4,,,,-0.198,1.59,1.788,finalized,Open-Meteo ERA5,Open-Meteo ERA5-Ocean,NOAA CO-OPS 8729678 Navarre Beach predictions,2026-08-08T15:57:33.641686-05:00
2018-04-21,76.9,59.4,0.016,12.1,23.0,94.0,4.265,104.0,4.85,,,,1.585,1.585,0.0,finalized,Open-Meteo ERA5,Open-Meteo ERA5-Ocean,NOAA CO-OPS 8729678 Navarre Beach predictions,2026-08-08T15:57:33.641686-05:00
2018-04-22,74.6,69.8,0.654,21.2,43.0,151.0,5.906,139.0,5.1,,,,-0.179,1.513,1.692,finalized,Open-Meteo ERA5,Open-Meteo ERA5-Ocean,NOAA CO-OPS 8729678 Navarre Beach predictions,2026-08-08T15:57:33.641686-05:00
2018-04-23,75.4,61.8,0.0,14.7,28.9,251.0,4.462,219.0,5.3,,,,-0.097,1.382,1.479,finalized,Open-Meteo ERA5,Open-Meteo ERA5-Ocean,NOAA CO-OPS 8729678 Navarre Beach predictions,2026-08-08T15:57:33.641686-05:00
2018-04-24,75.1,53.5,0.012,12.1,21.7,287.0,3.609,263.0,4.7,,,,0.042,1.204,1.162,finalized,Open-Meteo ERA5,Open-Meteo ERA5-Ocean,NOAA CO-OPS 8729678 Navarre Beach predictions,2026-08-08T15:57:33.641686-05:00
2018-04-25,78.3,56.1,0.0,9.0,18.6,315.0,2.231,277.0,3.95,,,,0.215,0.995,0.78,finalized,Open-Meteo ERA5,Open-Meteo ERA5-Ocean,NOAA CO-OPS 8729678 Navarre Beach predictions,2026-08-08T15:57:33.641686-05:00
2018-04-26,75.7,58.0,0.083,16.0,38.7,244.0,3.15,253.0,4.2,,,,0.367,0.847,0.48,finalized,Open-Meteo ERA5,Open-Meteo ERA5-Ocean,NOAA CO-OPS 8729678 Navarre Beach predictions,2026-08-08T15:57:33.641686-05:00
2018-04-27,72.8,55.1,0.0,8.4,18.3,327.0,2.756,301.0,3.95,,,,0.42,0.856,0.436,finalized,Open-Meteo ERA5,Open-Meteo ERA5-Ocean,NOAA CO-OPS 8729678 Navarre Beach predictions,2026-08-08T15:57:33.641686-05:00
2018-04-28,79.9,55.0,0.0,9.2,15.4,294.0,2.034,286.0,3.25,,,,0.245,0.959,0.714,finalized,Open-Meteo ERA5,Open-Meteo ERA5-Ocean,NOAA CO-OPS 8729678 Navarre Beach predictions,2026-08-08T15:57:33.641686-05:00
2018-04-29,82.2,57.4,0.0,8.8,19.7,1.0,1.969,291.0,3.35,,,,0.095,1.09,0.995,finalized,Open-Meteo ERA5,Open-Meteo ERA5-Ocean,NOAA CO-OPS 8729678 Navarre Beach predictions,2026-08-08T15:57:33.641686-05:00
2018-04-30,78.1,55.3,0.0,8.9,19.7,92.0,2.231,70.0,3.75,,,,-0.017,1.217,1.234,finalized,Open-Meteo ERA5,Open-Meteo ERA5-Ocean,NOAA CO-OPS 8729678 Navarre Beach predictions,2026-08-08T15:57:33.641686-05:00
2018-05-01,79.2,62.7,0.0,13.3,27.7,135.0,3.084,125.0,5.3,,,,-0.086,1.304,1.39,finalized,Open-Meteo ERA5,Open-Meteo ERA5-Ocean,NOAA CO-OPS 8729678 Navarre Beach predictions,2026-08-08T15:57:33.641686-05:00
2018-05-02,79.6,59.0,0.0,12.0,24.6,142.0,3.346,140.0,5.8,,,,-0.113,1.355,1.468,finalized,Open-Meteo ERA5,Open-Meteo ERA5-Ocean,NOAA CO-OPS 8729678 Navarre Beach predictions,2026-08-08T15:57:33.641686-05:00
2018-05-03,78.8,62.5,0.0,11.4,23.3,140.0,3.74,135.0,5.3,,,,-0.104,1.374,1.4780000000000002,finalized,Open-Meteo ERA5,Open-Meteo ERA5-Ocean,NOAA CO-OPS 8729678 Navarre Beach predictions,2026-08-08T15:57:33.641686-05:00
2018-05-04,80.6,59.8,0.0,9.9,21.3,165.0,2.428,138.0,5.3,,,,-0.066,1.37,1.4360000000000002,finalized,Open-Meteo ERA5,Open-Meteo ERA5-Ocean,NOAA CO-OPS 8729678 Navarre Beach predictions,2026-08-08T15:57:33.641686-05:00
2018-05-05,81.0,63.8,0.004,8.2,17.2,226.0,1.509,151.0,4.8,,,,-0.003,1.346,1.349,finalized,Open-Meteo ERA5,Open-Meteo ERA5-Ocean,NOAA CO-OPS 8729678 Navarre Beach predictions,2026-08-08T15:57:33.641686-05:00
2018-05-06,86.9,65.6,0.0,9.9,21.0,351.0,2.1,321.0,3.4,,,,1.306,1.306,0.0,finalized,Open-Meteo ERA5,Open-Meteo ERA5-Ocean,NOAA CO-OPS 8729678 Navarre Beach predictions,2026-08-08T15:57:33.641686-05:00
2018-05-07,87.6,61.6,0.0,9.4,21.5,347.0,1.575,308.0,3.0,,,,0.08,1.248,1.168,finalized,Open-Meteo ERA5,Open-Meteo ERA5-Ocean,NOAA CO-OPS 8729678 Navarre Beach predictions,2026-08-08T15:57:33.641686-05:00
2018-05-08,88.5,62.0,0.0,8.3,13.6,276.0,1.509,259.0,3.15,,,,0.181,1.167,0.986,finalized,Open-Meteo ERA5,Open-Meteo ERA5-Ocean,NOAA CO-OPS 8729678 Navarre Beach predictions,2026-08-08T15:57:33.641686-05:00
2018-05-09,85.6,64.1,0.0,9.7,19.9,221.0,0.853,224.0,2.75,,,,0.295,1.06,0.7650000000000001,finalized,Open-Meteo ERA5,Open-Meteo ERA5-Ocean,NOAA CO-OPS 8729678 Navarre Beach predictions,2026-08-08T15:57:33.641686-05:00
2018-05-10,87.5,63.9,0.0,10.0,18.1,231.0,1.115,186.0,3.2,,,,0.415,0.926,0.5110000000000001,finalized,Open-Meteo ERA5,Open-Meteo ERA5-Ocean,NOAA CO-OPS 8729678 Navarre Beach predictions,2026-08-08T15:57:33.641686-05:00
2018-05-11,88.8,61.5,0.0,7.9,17.4,225.0,1.115,163.0,4.3,,,,0.53,0.938,0.4079999999999999,finalized,Open-Meteo ERA5,Open-Meteo ERA5-Ocean,NOAA CO-OPS 8729678 Navarre Beach predictions,2026-08-08T15:57:33.641686-05:00
2018-05-12,88.9,62.6,0.0,6.5,15.4,203.0,2.1,153.0,5.9,,,,0.486,1.05,0.5640000000000001,finalized,Open-Meteo ERA5,Open-Meteo ERA5-Ocean,NOAA CO-OPS 8729678 Navarre Beach predictions,2026-08-08T15:57:33.641686-05:00
2018-05-13,92.5,66.7,0.11,8.5,21.9,1.0,2.1,163.0,6.0,,,,0.277,1.196,0.919,finalized,Open-Meteo ERA5,Open-Meteo ERA5-Ocean,NOAA CO-OPS 8729678 Navarre Beach predictions,2026-08-08T15:57:33.641686-05:00
2018-05-14,90.3,71.4,0.004,6.7,22.8,147.0,1.64,157.0,4.75,,,,0.078,1.368,1.29,finalized,Open-Meteo ERA5,Open-Meteo ERA5-Ocean,NOAA CO-OPS 8729678 Navarre Beach predictions,2026-08-08T15:57:33.641686-05:00
2018-05-15,85.5,71.8,0.0,9.4,23.5,50.0,2.559,112.0,5.4,,,,-0.088,1.538,1.626,finalized,Open-Meteo ERA5,Open-Meteo ERA5-Ocean,NOAA CO-OPS 8729678 Navarre Beach predictions,2026-08-08T15:57:33.641686-05:00
2018-05-16,84.8,70.1,0.114,6.3,21.9,40.0,1.772,131.0,4.85,,,,-0.204,1.679,1.883,finalized,Open-Meteo ERA5,Open-Meteo ERA5-Ocean,NOAA CO-OPS 8729678 Navarre Beach predictions,2026-08-08T15:57:33.641686-05:00
2018-05-17,85.5,70.9,0.331,9.0,18.1,206.0,1.837,166.0,4.65,,,,-0.266,1.771,2.037,finalized,Open-Meteo ERA5,Open-Meteo ERA5-Ocean,NOAA CO-OPS 8729678 Navarre Beach predictions,2026-08-08T15:57:33.641686-05:00
2018-05-18,84.7,72.0,0.134,10.2,24.8,214.0,2.493,217.0,4.25,,,,-0.264,1.8,2.064,finalized,Open-Meteo ERA5,Open-Meteo ERA5-Ocean,NOAA CO-OPS 8729678 Navarre Beach predictions,2026-08-08T15:57:33.641686-05:00
2018-05-19,87.3,74.7,0.0,8.1,17.4,198.0,2.297,197.0,4.3,,,,-0.191,1.759,1.95,finalized,Open-Meteo ERA5,Open-Meteo ERA5-Ocean,NOAA CO-OPS 8729678 Navarre Beach predictions,2026-08-08T15:57:33.641686-05:00
2018-05-20,86.4,73.4,0.165,8.3,17.2,128.0,2.034,155.0,4.1,,,,1.649,1.649,0.0,finalized,Open-Meteo ERA5,Open-Meteo ERA5-Ocean,NOAA CO-OPS 8729678 Navarre Beach predictions,2026-08-08T15:57:33.641686-05:00
2018-05-21,82.2,71.0,0.079,7.9,15.9,79.0,2.1,129.0,5.15,,,,-0.052,1.477,1.529,finalized,Open-Meteo ERA5,Open-Meteo ERA5-Ocean,NOAA CO-OPS 8729678 Navarre Beach predictions,2026-08-08T15:57:33.641686-05:00
2018-05-22,83.0,73.1,0.449,10.5,21.5,170.0,2.493,147.0,5.55,,,,0.136,1.257,1.121,finalized,Open-Meteo ERA5,Open-Meteo ERA5-Ocean,NOAA CO-OPS 8729678 Navarre Beach predictions,2026-08-08T15:57:33.641686-05:00
2018-05-23,85.1,73.5,0.209,7.2,19.0,195.0,2.822,151.0,6.2,,,,0.326,1.009,0.6829999999999998,finalized,Open-Meteo ERA5,Open-Meteo ERA5-Ocean,NOAA CO-OPS 8729678 Navarre Beach predictions,2026-08-08T15:57:33.641686-05:00
2018-05-24,85.7,72.3,0.134,7.5,15.4,259.0,2.756,155.0,6.3,,,,0.473,0.987,0.514,finalized,Open-Meteo ERA5,Open-Meteo ERA5-Ocean,NOAA CO-OPS 8729678 Navarre Beach predictions,2026-08-08T15:57:33.641686-05:00
2018-05-25,84.1,71.4,0.26,7.0,18.3,208.0,2.231,161.0,6.85,,,,0.463,1.097,0.6339999999999999,finalized,Open-Meteo ERA5,Open-Meteo ERA5-Ocean,NOAA CO-OPS 8729678 Navarre Beach predictions,2026-08-08T15:57:33.641686-05:00
2018-05-26,83.2,71.2,0.165,12.1,19.5,112.0,4.331,148.0,7.0,,,,0.251,1.209,0.958,finalized,Open-Meteo ERA5,Open-Meteo ERA5-Ocean,NOAA CO-OPS 8729678 Navarre Beach predictions,2026-08-08T15:57:33.641686-05:00
2018-05-27,86.3,72.7,0.232,15.5,34.4,44.0,6.955,94.0,5.95,,,,0.078,1.319,1.241,finalized,Open-Meteo ERA5,Open-Meteo ERA5-Ocean,NOAA CO-OPS 8729678 Navarre Beach predictions,2026-08-08T15:57:33.641686-05:00
2018-05-28,80.2,73.2,1.008,16.9,32.7,360.0,7.743,40.0,6.15,,,,-0.05,1.413,1.463,finalized,Open-Meteo ERA5,Open-Meteo ERA5-Ocean,NOAA CO-OPS 8729678 Navarre Beach predictions,2026-08-08T15:57:33.641686-05:00
2018-05-29,82.3,74.9,0.354,14.1,27.3,219.0,4.134,232.0,4.5,,,,-0.134,1.47,1.604,finalized,Open-Meteo ERA5,Open-Meteo ERA5-Ocean,NOAA CO-OPS 8729678 Navarre Beach predictions,2026-08-08T15:57:33.641686-05:00
2018-05-30,84.6,76.7,0.185,11.8,21.3,201.0,3.15,193.0,4.6,,,,-0.174,1.495,1.669,finalized,Open-Meteo ERA5,Open-Meteo ERA5-Ocean,NOAA CO-OPS 8729678 Navarre Beach predictions,2026-08-08T15:57:33.641686-05:00
2018-05-31,85.3,75.9,0.154,9.6,17.7,193.0,2.297,166.0,5.25,,,,-0.173,1.498,1.671,finalized,Open-Meteo ERA5,Open-Meteo ERA5-Ocean,NOAA CO-OPS 8729678 Navarre Beach predictions,2026-08-08T15:57:33.641686-05:00
2018-06-01,86.3,75.1,0.075,10.7,21.5,220.0,2.428,177.0,5.75,,,,-0.134,1.485,1.6190000000000002,finalized,Open-Meteo ERA5,Open-Meteo ERA5-Ocean,NOAA CO-OPS 8729678 Navarre Beach predictions,2026-08-08T15:57:33.641686-05:00
2018-06-02,87.6,78.6,0.441,11.4,18.8,248.0,2.69,222.0,4.5,,,,-0.062,1.46,1.522,finalized,Open-Meteo ERA5,Open-Meteo ERA5-Ocean,NOAA CO-OPS 8729678 Navarre Beach predictions,2026-08-08T15:57:33.641686-05:00
2018-06-03,92.6,79.1,0.035,9.9,18.8,264.0,3.084,244.0,4.45,,,,0.036,1.421,1.385,finalized,Open-Meteo ERA5,Open-Meteo ERA5-Ocean,NOAA CO-OPS 8729678 Navarre Beach predictions,2026-08-08T15:57:33.641686-05:00
2018-06-04,90.2,76.3,0.0,8.5,17.4,329.0,2.756,251.0,4.05,,,,0.156,1.363,1.207,finalized,Open-Meteo ERA5,Open-Meteo ERA5-Ocean,NOAA CO-OPS 8729678 Navarre Beach predictions,2026-08-08T15:57:33.641686-05:00
2018-06-05,79.9,70.0,0.209,7.9,15.0,82.0,1.575,234.0,3.85,,,,0.289,1.276,0.987,finalized,Open-Meteo ERA5,Open-Meteo ERA5-Ocean,NOAA CO-OPS 8729678 Navarre Beach predictions,2026-08-08T15:57:33.641686-05:00
2018-06-06,86.2,72.2,0.445,5.2,14.1,3.0,1.378,233.0,4.0,,,,0.425,1.152,0.7269999999999999,finalized,Open-Meteo ERA5,Open-Meteo ERA5-Ocean,NOAA CO-OPS 8729678 Navarre Beach predictions,2026-08-08T15:57:33.641686-05:00
2018-06-07,90.8,70.6,0.0,8.1,16.1,197.0,1.115,218.0,4.4,,,,0.547,0.989,0.4419999999999999,finalized,Open-Meteo ERA5,Open-Meteo ERA5-Ocean,NOAA CO-OPS 8729678 Navarre Beach predictions,2026-08-08T15:57:33.641686-05:00
2018-06-08,87.4,74.8,0.091,8.3,18.1,186.0,1.181,192.0,4.2,,,,0.641,1.049,0.4079999999999999,finalized,Open-Meteo ERA5,Open-Meteo ERA5-Ocean,NOAA CO-OPS 8729678 Navarre Beach predictions,2026-08-08T15:57:33.641686-05:00
2018-06-09,85.9,73.6,0.205,5.6,14.1,185.0,1.181,177.0,4.15,,,,0.525,1.181,0.656,finalized,Open-Meteo ERA5,Open-Meteo ERA5-Ocean,NOAA CO-OPS 8729678 Navarre Beach predictions,2026-08-08T15:57:33.641686-05:00
2018-06-10,85.0,72.9,0.142,7.0,14.3,210.0,1.247,190.0,4.2,,,,0.275,1.34,1.065,finalized,Open-Meteo ERA5,Open-Meteo ERA5-Ocean,NOAA CO-OPS 8729678 Navarre Beach predictions,2026-08-08T15:57:33.641686-05:00
2018-06-11,83.4,73.3,0.307,7.9,17.4,238.0,1.706,217.0,3.7,,,,0.035,1.511,1.476,finalized,Open-Meteo ERA5,Open-Meteo ERA5-Ocean,NOAA CO-OPS 8729678 Navarre Beach predictions,2026-08-08T15:57:33.641686-05:00
2018-06-12,82.7,73.1,0.339,6.0,15.9,234.0,1.312,210.0,3.65,,,,-0.168,1.67,1.838,finalized,Open-Meteo ERA5,Open-Meteo ERA5-Ocean,NOAA CO-OPS 8729678 Navarre Beach predictions,2026-08-08T15:57:33.641686-05:00
2018-06-13,84.3,73.0,0.358,8.5,16.8,212.0,1.247,186.0,3.8,,,,-0.31,1.795,2.105,finalized,Open-Meteo ERA5,Open-Meteo ERA5-Ocean,NOAA CO-OPS 8729678 Navarre Beach predictions,2026-08-08T15:57:33.641686-05:00
2018-06-14,85.7,75.2,0.602,8.5,18.1,244.0,1.64,188.0,5.45,,,,-0.376,1.866,2.242,finalized,Open-Meteo ERA5,Open-Meteo ERA5-Ocean,NOAA CO-OPS 8729678 Navarre Beach predictions,2026-08-08T15:57:33.641686-05:00
2018-06-15,81.6,74.2,0.295,6.5,16.3,235.0,1.903,190.0,5.15,,,,-0.359,1.872,2.231,finalized,Open-Meteo ERA5,Open-Meteo ERA5-Ocean,NOAA CO-OPS 8729678 Navarre Beach predictions,2026-08-08T15:57:33.641686-05:00
2018-06-16,83.2,75.8,0.067,8.8,18.6,211.0,1.969,190.0,4.75,,,,-0.259,1.807,2.066,finalized,Open-Meteo ERA5,Open-Meteo ERA5-Ocean,NOAA CO-OPS 8729678 Navarre Beach predictions,2026-08-08T15:57:33.641686-05:00
2018-06-17,88.7,77.9,0.181,6.3,17.7,174.0,3.346,183.0,7.1,,,,-0.086,1.675,1.761,finalized,Open-Meteo ERA5,Open-Meteo ERA5-Ocean,NOAA CO-OPS 8729678 Navarre Beach predictions,2026-08-08T15:57:33.641686-05:00
2018-06-18,90.4,77.3,0.0,5.7,13.9,80.0,3.15,170.0,6.85,,,,0.132,1.484,1.352,finalized,Open-Meteo ERA5,Open-Meteo ERA5-Ocean,NOAA CO-OPS 8729678 Navarre Beach predictions,2026-08-08T15:57:33.641686-05:00
2018-06-19,92.9,75.6,0.0,6.7,13.6,317.0,2.034,173.0,5.65,,,,0.326,1.252,0.926,finalized,Open-Meteo ERA5,Open-Meteo ERA5-Ocean,NOAA CO-OPS 8729678 Navarre Beach predictions,2026-08-08T15:57:33.641686-05:00
2018-06-20,92.0,77.3,0.012,7.7,15.4,267.0,1.575,193.0,5.05,,,,0.463,1.006,0.5429999999999999,finalized,Open-Meteo ERA5,Open-Meteo ERA5-Ocean,NOAA CO-OPS 8729678 Navarre Beach predictions,2026-08-08T15:57:33.641686-05:00
2018-06-21,89.9,77.6,0.004,12.4,24.2,249.0,2.493,228.0,3.9,,,,0.539,1.009,0.4699999999999998,finalized,Open-Meteo ERA5,Open-Meteo ERA5-Ocean,NOAA CO-OPS 8729678 Navarre Beach predictions,2026-08-08T15:57:33.641686-05:00
2018-06-22,89.6,78.7,0.331,14.8,28.2,240.0,3.346,238.0,4.25,,,,0.385,1.153,0.768,finalized,Open-Meteo ERA5,Open-Meteo ERA5-Ocean,NOAA CO-OPS 8729678 Navarre Beach predictions,2026-08-08T15:57:33.641686-05:00
2018-06-23,90.4,79.8,0.043,12.5,22.1,237.0,4.265,232.0,4.55,,,,0.182,1.283,1.101,finalized,Open-Meteo ERA5,Open-Meteo ERA5-Ocean,NOAA CO-OPS 8729678 Navarre Beach predictions,2026-08-08T15:57:33.641686-05:00
2018-06-24,92.1,80.4,0.047,8.1,18.3,223.0,2.559,212.0,4.25,,,,0.021,1.388,1.367,finalized,Open-Meteo ERA5,Open-Meteo ERA5-Ocean,NOAA CO-OPS 8729678 Navarre Beach predictions,2026-08-08T15:57:33.641686-05:00
2018-06-25,90.7,77.4,0.173,6.7,15.7,226.0,1.64,201.0,4.35,,,,-0.096,1.464,1.56,finalized,Open-Meteo ERA5,Open-Meteo ERA5-Ocean,NOAA CO-OPS 8729678 Navarre Beach predictions,2026-08-08T15:57:33.641686-05:00
2018-06-26,89.1,77.8,0.252,7.9,15.2,173.0,1.444,172.0,3.95,,,,-0.168,1.504,1.672,finalized,Open-Meteo ERA5,Open-Meteo ERA5-Ocean,NOAA CO-OPS 8729678 Navarre Beach predictions,2026-08-08T15:57:33.641686-05:00
2018-06-27,88.8,78.5,0.122,8.7,18.3,219.0,1.706,191.0,3.95,,,,-0.201,1.516,1.717,finalized,Open-Meteo ERA5,Open-Meteo ERA5-Ocean,NOAA CO-OPS 8729678 Navarre Beach predictions,2026-08-08T15:57:33.641686-05:00
2018-06-28,93.1,76.0,0.051,8.5,20.1,276.0,2.625,240.0,3.95,,,,-0.198,1.511,1.709,finalized,Open-Meteo ERA5,Open-Meteo ERA5-Ocean,NOAA CO-OPS 8729678 Navarre Beach predictions,2026-08-08T15:57:33.641686-05:00
2018-06-29,92.8,74.6,0.0,8.2,20.6,323.0,2.034,252.0,4.15,,,,-0.161,1.496,1.657,finalized,Open-Meteo ERA5,Open-Meteo ERA5-Ocean,NOAA CO-OPS 8729678 Navarre Beach predictions,2026-08-08T15:57:33.641686-05:00
2018-06-30,89.8,77.3,0.402,7.5,13.4,256.0,1.378,246.0,3.85,,,,-0.092,1.472,1.564,finalized,Open-Meteo ERA5,Open-Meteo ERA5-Ocean,NOAA CO-OPS 8729678 Navarre Beach predictions,2026-08-08T15:57:33.641686-05:00
2018-07-01,83.5,75.3,1.26,6.2,15.2,138.0,1.181,234.0,3.45,,,,0.008,1.438,1.43,finalized,Open-Meteo ERA5,Open-Meteo ERA5-Ocean,NOAA CO-OPS 8729678 Navarre Beach predictions,2026-08-08T15:57:33.641686-05:00
2018-07-02,82.6,76.3,0.449,9.2,17.0,112.0,1.706,186.0,3.35,,,,0.133,1.385,1.252,finalized,Open-Meteo ERA5,Open-Meteo ERA5-Ocean,NOAA CO-OPS 8729678 Navarre Beach predictions,2026-08-08T15:57:33.641686-05:00
2018-07-03,87.5,77.8,0.181,12.0,26.2,134.0,2.559,158.0,3.75,,,,0.272,1.305,1.033,finalized,Open-Meteo ERA5,Open-Meteo ERA5-Ocean,NOAA CO-OPS 8729678 Navarre Beach predictions,2026-08-08T15:57:33.641686-05:00
2018-07-04,88.3,76.3,0.587,6.1,17.9,60.0,1.378,148.0,3.65,,,,0.411,1.189,0.778,finalized,Open-Meteo ERA5,Open-Meteo ERA5-Ocean,NOAA CO-OPS 8729678 Navarre Beach predictions,2026-08-08T15:57:33.641686-05:00
2018-07-05,84.8,76.3,0.067,9.8,24.6,93.0,2.034,103.0,3.5,,,,0.532,1.034,0.502,finalized,Open-Meteo ERA5,Open-Meteo ERA5-Ocean,NOAA CO-OPS 8729678 Navarre Beach predictions,2026-08-08T15:57:33.641686-05:00
2018-07-06,86.8,75.4,0.126,5.4,16.1,99.0,1.444,125.0,3.3,,,,0.621,1.026,0.405,finalized,Open-Meteo ERA5,Open-Meteo ERA5-Ocean,NOAA CO-OPS 8729678 Navarre Beach predictions,2026-08-08T15:57:33.641686-05:00
2018-07-07,85.9,75.1,0.311,6.7,19.7,206.0,1.378,175.0,3.55,,,,0.53,1.186,0.6559999999999999,finalized,Open-Meteo ERA5,Open-Meteo ERA5-Ocean,NOAA CO-OPS 8729678 Navarre Beach predictions,2026-08-08T15:57:33.641686-05:00
2018-07-08,83.8,74.8,0.181,7.7,17.4,168.0,1.378,182.0,3.6,,,,0.285,1.363,1.078,finalized,Open-Meteo ERA5,Open-Meteo ERA5-Ocean,NOAA CO-OPS 8729678 Navarre Beach predictions,2026-08-08T15:57:33.641686-05:00
2018-07-09,87.7,73.9,0.303,7.3,14.1,271.0,1.444,171.0,4.35,,,,0.045,1.541,1.496,finalized,Open-Meteo ERA5,Open-Meteo ERA5-Ocean,NOAA CO-OPS 8729678 Navarre Beach predictions,2026-08-08T15:57:33.641686-05:00
2018-07-10,88.5,77.1,0.063,6.0,15.7,313.0,1.575,236.0,4.1,,,,-0.16,1.699,1.859,finalized,Open-Meteo ERA5,Open-Meteo ERA5-Ocean,NOAA CO-OPS 8729678 Navarre Beach predictions,2026-08-08T15:57:33.641686-05:00
2018-07-11,90.5,76.3,0.016,5.4,12.3,246.0,1.181,239.0,3.6,,,,-0.301,1.815,2.116,finalized,Open-Meteo ERA5,Open-Meteo ERA5-Ocean,NOAA CO-OPS 8729678 Navarre Beach predictions,2026-08-08T15:57:33.641686-05:00
2018-07-12,89.1,75.9,0.055,7.4,15.7,200.0,0.984,210.0,2.9,,,,-0.363,1.874,2.237,finalized,Open-Meteo ERA5,Open-Meteo ERA5-Ocean,NOAA CO-OPS 8729678 Navarre Beach predictions,2026-08-08T15:57:33.641686-05:00
2018-07-13,89.6,75.8,0.047,7.5,16.1,230.0,1.05,190.0,2.9,,,,-0.337,1.866,2.2030000000000003,finalized,Open-Meteo ERA5,Open-Meteo ERA5-Ocean,NOAA CO-OPS 8729678 Navarre Beach predictions,2026-08-08T15:57:33.641686-05:00
2018-07-14,90.3,76.9,0.024,8.1,14.8,251.0,1.115,228.0,3.1,,,,-0.222,1.787,2.009,finalized,Open-Meteo ERA5,Open-Meteo ERA5-Ocean,NOAA CO-OPS 8729678 Navarre Beach predictions,2026-08-08T15:57:33.641686-05:00
2018-07-15,89.6,79.0,0.051,8.5,17.4,206.0,1.115,244.0,3.2,,,,-0.033,1.641,1.674,finalized,Open-Meteo ERA5,Open-Meteo ERA5-Ocean,NOAA CO-OPS 8729678 Navarre Beach predictions,2026-08-08T15:57:33.641686-05:00
2018-07-16,90.1,76.2,0.469,6.4,15.0,257.0,1.115,249.0,3.15,,,,0.201,1.439,1.238,finalized,Open-Meteo ERA5,Open-Meteo ERA5-Ocean,NOAA CO-OPS 8729678 Navarre Beach predictions,2026-08-08T15:57:33.641686-05:00
2018-07-17,85.0,76.5,0.461,7.8,17.9,252.0,2.625,258.0,3.8,,,,0.378,1.204,0.826,finalized,Open-Meteo ERA5,Open-Meteo ERA5-Ocean,NOAA CO-OPS 8729678 Navarre Beach predictions,2026-08-08T15:57:33.641686-05:00
2018-07-18,89.0,77.0,0.295,9.1,20.4,267.0,3.74,258.0,4.45,,,,0.497,0.967,0.47,finalized,Open-Meteo ERA5,Open-Meteo ERA5-Ocean,NOAA CO-OPS 8729678 Navarre Beach predictions,2026-08-08T15:57:33.641686-05:00
2018-07-19,88.0,75.8,0.276,7.1,18.6,277.0,3.084,256.0,4.6,,,,0.552,0.952,0.3999999999999999,finalized,Open-Meteo ERA5,Open-Meteo ERA5-Ocean,NOAA CO-OPS 8729678 Navarre Beach predictions,2026-08-08T15:57:33.641686-05:00
2018-07-20,92.2,75.5,0.028,6.7,17.7,331.0,1.772,245.0,3.95,,,,0.399,1.122,0.7230000000000001,finalized,Open-Meteo ERA5,Open-Meteo ERA5-Ocean,NOAA CO-OPS 8729678 Navarre Beach predictions,2026-08-08T15:57:33.641686-05:00
2018-07-21,91.6,79.6,0.091,12.7,25.7,254.0,3.675,252.0,4.25,,,,0.216,1.27,1.054,finalized,Open-Meteo ERA5,Open-Meteo ERA5-Ocean,NOAA CO-OPS 8729678 Navarre Beach predictions,2026-08-08T15:57:33.641686-05:00
2018-07-22,90.7,80.9,0.209,13.6,32.9,275.0,5.118,252.0,5.4,,,,0.077,1.383,1.306,finalized,Open-Meteo ERA5,Open-Meteo ERA5-Ocean,NOAA CO-OPS 8729678 Navarre Beach predictions,2026-08-08T15:57:33.641686-05:00
2018-07-23,89.5,74.9,0.02,8.4,16.6,326.0,4.003,247.0,5.35,,,,-0.018,1.457,1.475,finalized,Open-Meteo ERA5,Open-Meteo ERA5-Ocean,NOAA CO-OPS 8729678 Navarre Beach predictions,2026-08-08T15:57:33.641686-05:00
2018-07-24,88.3,74.5,0.035,6.0,14.3,322.0,2.362,242.0,5.05,,,,-0.074,1.495,1.5690000000000002,finalized,Open-Meteo ERA5,Open-Meteo ERA5-Ocean,NOAA CO-OPS 8729678 Navarre Beach predictions,2026-08-08T15:57:33.641686-05:00
2018-07-25,88.8,75.9,0.067,5.1,13.2,359.0,1.509,231.0,4.9,,,,-0.093,1.507,1.6,finalized,Open-Meteo ERA5,Open-Meteo ERA5-Ocean,NOAA CO-OPS 8729678 Navarre Beach predictions,2026-08-08T15:57:33.641686-05:00
2018-07-26,89.0,79.0,0.02,6.5,12.8,182.0,1.312,214.0,4.6,,,,-0.081,1.503,1.584,finalized,Open-Meteo ERA5,Open-Meteo ERA5-Ocean,NOAA CO-OPS 8729678 Navarre Beach predictions,2026-08-08T15:57:33.641686-05:00
2018-07-27,87.7,78.4,0.85,5.0,13.2,220.0,1.378,217.0,3.65,,,,-0.037,1.49,1.527,finalized,Open-Meteo ERA5,Open-Meteo ERA5-Ocean,NOAA CO-OPS 8729678 Navarre Beach predictions,2026-08-08T15:57:33.641686-05:00
2018-07-28,89.6,76.9,0.146,5.5,12.3,282.0,1.05,229.0,3.45,,,,0.036,1.467,1.431,finalized,Open-Meteo ERA5,Open-Meteo ERA5-Ocean,NOAA CO-OPS 8729678 Navarre Beach predictions,2026-08-08T15:57:33.641686-05:00
2018-07-29,85.7,78.1,0.303,4.3,13.4,164.0,0.919,187.0,3.1,,,,0.137,1.431,1.294,finalized,Open-Meteo ERA5,Open-Meteo ERA5-Ocean,NOAA CO-OPS 8729678 Navarre Beach predictions,2026-08-08T15:57:33.641686-05:00
2018-07-30,86.7,76.3,0.386,8.5,17.0,222.0,0.984,211.0,2.85,,,,0.258,1.377,1.119,finalized,Open-Meteo ERA5,Open-Meteo ERA5-Ocean,NOAA CO-OPS 8729678 Navarre Beach predictions,2026-08-08T15:57:33.641686-05:00
2018-07-31,85.5,75.6,0.142,8.7,19.0,207.0,1.903,205.0,4.2,,,,0.388,1.298,0.91,finalized,Open-Meteo ERA5,Open-Meteo ERA5-Ocean,NOAA CO-OPS 8729678 Navarre Beach predictions,2026-08-08T15:57:33.641686-05:00
2018-08-01,81.4,75.8,0.85,8.9,19.2,185.0,3.281,181.0,5.0,,,,0.515,1.186,0.6709999999999999,finalized,Open-Meteo ERA5,Open-Meteo ERA5-Ocean,NOAA CO-OPS 8729678 Navarre Beach predictions,2026-08-08T15:57:33.641686-05:00
2018-08-02,80.7,74.0,0.87,5.0,10.5,154.0,3.15,186.0,5.45,,,,0.628,1.039,0.4109999999999999,finalized,Open-Meteo ERA5,Open-Meteo ERA5-Ocean,NOAA CO-OPS 8729678 Navarre Beach predictions,2026-08-08T15:57:33.641686-05:00
2018-08-03,83.9,72.2,0.394,8.1,19.2,145.0,2.822,188.0,5.55,,,,0.708,1.02,0.312,finalized,Open-Meteo ERA5,Open-Meteo ERA5-Ocean,NOAA CO-OPS 8729678 Navarre Beach predictions,2026-08-08T15:57:33.641686-05:00
2018-08-04,87.7,76.2,0.201,6.7,19.2,140.0,2.1,171.0,5.0,,,,0.608,1.201,0.5930000000000001,finalized,Open-Meteo ERA5,Open-Meteo ERA5-Ocean,NOAA CO-OPS 8729678 Navarre Beach predictions,2026-08-08T15:57:33.641686-05:00
2018-08-05,91.5,76.9,0.0,6.7,13.9,115.0,1.903,139.0,4.55,,,,0.384,1.391,1.007,finalized,Open-Meteo ERA5,Open-Meteo ERA5-Ocean,NOAA CO-OPS 8729678 Navarre Beach predictions,2026-08-08T15:57:33.641686-05:00
2018-08-06,92.1,77.1,0.024,7.8,14.3,345.0,1.509,144.0,4.6,,,,0.17,1.57,1.4,finalized,Open-Meteo ERA5,Open-Meteo ERA5-Ocean,NOAA CO-OPS 8729678 Navarre Beach predictions,2026-08-08T15:57:33.641686-05:00
2018-08-07,89.5,75.3,0.39,5.9,14.1,128.0,1.509,136.0,5.1,,,,-0.006,1.72,1.726,finalized,Open-Meteo ERA5,Open-Meteo ERA5-Ocean,NOAA CO-OPS 8729678 Navarre Beach predictions,2026-08-08T15:57:33.641686-05:00
2018-08-08,89.0,75.0,0.134,7.2,15.4,186.0,1.312,144.0,4.85,,,,-0.121,1.825,1.946,finalized,Open-Meteo ERA5,Open-Meteo ERA5-Ocean,NOAA CO-OPS 8729678 Navarre Beach predictions,2026-08-08T15:57:33.641686-05:00
2018-08-09,86.1,77.8,0.496,6.7,15.0,232.0,1.509,173.0,3.65,,,,-0.159,1.873,2.032,finalized,Open-Meteo ERA5,Open-Meteo ERA5-Ocean,NOAA CO-OPS 8729678 Navarre Beach predictions,2026-08-08T15:57:33.641686-05:00
2018-08-10,87.3,75.7,0.39,10.1,22.1,259.0,3.15,245.0,4.2,,,,-0.113,1.855,1.968,finalized,Open-Meteo ERA5,Open-Meteo ERA5-Ocean,NOAA CO-OPS 8729678 Navarre Beach predictions,2026-08-08T15:57:33.641686-05:00
2018-08-11,88.3,74.1,0.035,8.7,22.4,277.0,2.428,261.0,4.25,,,,0.014,1.768,1.754,finalized,Open-Meteo ERA5,Open-Meteo ERA5-Ocean,NOAA CO-OPS 8729678 Navarre Beach predictions,2026-08-08T15:57:33.641686-05:00
2018-08-12,92.2,76.4,0.0,7.4,13.6,299.0,1.969,266.0,3.6,,,,0.209,1.616,1.407,finalized,Open-Meteo ERA5,Open-Meteo ERA5-Ocean,NOAA CO-OPS 8729678 Navarre Beach predictions,2026-08-08T15:57:33.641686-05:00
2018-08-13,90.9,75.1,0.02,6.5,15.0,309.0,1.575,281.0,3.4,,,,0.427,1.41,0.983,finalized,Open-Meteo ERA5,Open-Meteo ERA5-Ocean,NOAA CO-OPS 8729678 Navarre Beach predictions,2026-08-08T15:57:33.641686-05:00
2018-08-14,88.6,73.6,0.185,7.3,15.7,227.0,0.787,208.0,3.7,,,,0.569,1.171,0.6020000000000001,finalized,Open-Meteo ERA5,Open-Meteo ERA5-Ocean,NOAA CO-OPS 8729678 Navarre Beach predictions,2026-08-08T15:57:33.641686-05:00
2018-08-15,87.6,75.1,0.291,7.7,15.4,153.0,1.247,179.0,3.25,,,,0.659,0.927,0.268,finalized,Open-Meteo ERA5,Open-Meteo ERA5-Ocean,NOAA CO-OPS 8729678 Navarre Beach predictions,2026-08-08T15:57:33.641686-05:00
2018-08-16,85.9,77.9,0.531,11.0,21.7,172.0,2.1,168.0,4.0,,,,0.685,0.989,0.3039999999999999,finalized,Open-Meteo ERA5,Open-Meteo ERA5-Ocean,NOAA CO-OPS 8729678 Navarre Beach predictions,2026-08-08T15:57:33.641686-05:00
2018-08-17,83.3,76.3,0.161,9.6,20.4,198.0,2.362,169.0,4.55,,,,0.503,1.164,0.6609999999999999,finalized,Open-Meteo ERA5,Open-Meteo ERA5-Ocean,NOAA CO-OPS 8729678 Navarre Beach predictions,2026-08-08T15:57:33.641686-05:00
2018-08-18,83.5,78.0,0.272,9.4,20.8,222.0,2.231,190.0,3.95,,,,0.353,1.313,0.96,finalized,Open-Meteo ERA5,Open-Meteo ERA5-Ocean,NOAA CO-OPS 8729678 Navarre Beach predictions,2026-08-08T15:57:33.641686-05:00
2018-08-19,82.1,76.5,0.453,8.8,17.0,233.0,1.837,215.0,3.75,,,,0.249,1.417,1.168,finalized,Open-Meteo ERA5,Open-Meteo ERA5-Ocean,NOAA CO-OPS 8729678 Navarre Beach predictions,2026-08-08T15:57:33.641686-05:00
2018-08-20,85.8,76.9,0.201,9.6,21.9,215.0,1.575,203.0,3.45,,,,0.186,1.478,1.292,finalized,Open-Meteo ERA5,Open-Meteo ERA5-Ocean,NOAA CO-OPS 8729678 Navarre Beach predictions,2026-08-08T15:57:33.641686-05:00
2018-08-21,86.7,78.1,0.24,12.4,24.2,231.0,2.69,231.0,3.65,,,,0.158,1.51,1.352,finalized,Open-Meteo ERA5,Open-Meteo ERA5-Ocean,NOAA CO-OPS 8729678 Navarre Beach predictions,2026-08-08T15:57:33.641686-05:00
2018-08-22,90.3,76.1,0.028,8.1,16.3,314.0,2.953,253.0,4.0,,,,0.161,1.523,1.362,finalized,Open-Meteo ERA5,Open-Meteo ERA5-Ocean,NOAA CO-OPS 8729678 Navarre Beach predictions,2026-08-08T15:57:33.641686-05:00
2018-08-23,89.4,71.7,0.0,7.2,15.0,13.0,1.772,19.0,3.6,,,,0.192,1.524,1.332,finalized,Open-Meteo ERA5,Open-Meteo ERA5-Ocean,NOAA CO-OPS 8729678 Navarre Beach predictions,2026-08-08T15:57:33.641686-05:00
2018-08-24,88.8,72.1,0.008,5.9,12.1,78.0,1.115,76.0,3.05,,,,0.25,1.512,1.262,finalized,Open-Meteo ERA5,Open-Meteo ERA5-Ocean,NOAA CO-OPS 8729678 Navarre Beach predictions,2026-08-08T15:57:33.641686-05:00
2018-08-25,87.5,77.8,0.075,8.4,18.1,104.0,1.64,114.0,3.4,,,,0.33,1.487,1.157,finalized,Open-Meteo ERA5,Open-Meteo ERA5-Ocean,NOAA CO-OPS 8729678 Navarre Beach predictions,2026-08-08T15:57:33.641686-05:00
2018-08-26,90.3,76.9,0.02,7.4,17.4,109.0,1.903,129.0,3.7,,,,0.428,1.443,1.015,finalized,Open-Meteo ERA5,Open-Meteo ERA5-Ocean,NOAA CO-OPS 8729678 Navarre Beach predictions,2026-08-08T15:57:33.641686-05:00
2018-08-27,88.7,76.3,0.295,7.9,17.9,127.0,2.493,141.0,4.1,,,,0.535,1.379,0.844,finalized,Open-Meteo ERA5,Open-Meteo ERA5-Ocean,NOAA CO-OPS 8729678 Navarre Beach predictions,2026-08-08T15:57:33.641686-05:00
2018-08-28,90.6,77.0,0.091,7.2,16.6,118.0,2.034,142.0,4.0,,,,0.644,1.292,0.648,finalized,Open-Meteo ERA5,Open-Meteo ERA5-Ocean,NOAA CO-OPS 8729678 Navarre Beach predictions,2026-08-08T15:57:33.641686-05:00
2018-08-29,85.7,75.7,0.374,8.4,15.4,117.0,2.362,140.0,4.55,,,,0.748,1.178,0.4299999999999999,finalized,Open-Meteo ERA5,Open-Meteo ERA5-Ocean,NOAA CO-OPS 8729678 Navarre Beach predictions,2026-08-08T15:57:33.641686-05:00
2018-08-30,82.3,75.8,0.22,10.5,22.4,102.0,2.756,139.0,4.8,,,,0.765,1.045,0.2799999999999999,finalized,Open-Meteo ERA5,Open-Meteo ERA5-Ocean,NOAA CO-OPS 8729678 Navarre Beach predictions,2026-08-08T15:57:33.641686-05:00
2018-08-31,81.3,75.3,0.22,14.7,26.8,108.0,4.199,128.0,4.8,,,,0.757,1.17,0.4129999999999999,finalized,Open-Meteo ERA5,Open-Meteo ERA5-Ocean,NOAA CO-OPS 8729678 Navarre Beach predictions,2026-08-08T15:57:33.641686-05:00
2018-09-01,84.5,74.8,0.445,13.0,24.6,115.0,4.987,139.0,5.15,,,,0.678,1.358,0.68,finalized,Open-Meteo ERA5,Open-Meteo ERA5-Ocean,NOAA CO-OPS 8729678 Navarre Beach predictions,2026-08-08T15:57:33.641686-05:00
2018-09-02,87.0,76.7,0.11,10.7,23.0,107.0,3.937,132.0,5.0,,,,0.497,1.534,1.037,finalized,Open-Meteo ERA5,Open-Meteo ERA5-Ocean,NOAA CO-OPS 8729678 Navarre Beach predictions,2026-08-08T15:57:33.641686-05:00
2018-09-03,87.4,76.1,0.193,13.0,27.1,86.0,4.462,117.0,4.85,,,,0.335,1.683,1.348,finalized,Open-Meteo ERA5,Open-Meteo ERA5-Ocean,NOAA CO-OPS 8729678 Navarre Beach predictions,2026-08-08T15:57:33.641686-05:00
2018-09-04,80.4,74.9,1.024,25.8,38.5,90.0,11.745,115.0,7.05,,,,0.214,1.794,1.58,finalized,Open-Meteo ERA5,Open-Meteo ERA5-Ocean,NOAA CO-OPS 8729678 Navarre Beach predictions,2026-08-08T15:57:33.641686-05:00
2018-09-06,83.8,76.6,0.063,5.6,14.5,89.0,2.756,155.0,4.95,,,,0.16,1.874,1.7140000000000002,finalized,Open-Meteo ERA5,Open-Meteo ERA5-Ocean,NOAA CO-OPS 8729678 Navarre Beach predictions,2026-08-08T15:57:33.641686-05:00
2018-09-07,87.6,75.3,0.047,8.0,19.9,84.0,1.509,125.0,4.35,,,,0.243,1.834,1.5910000000000002,finalized,Open-Meteo ERA5,Open-Meteo ERA5-Ocean,NOAA CO-OPS 8729678 Navarre Beach predictions,2026-08-08T15:57:33.641686-05:00
2018-09-08,87.8,74.2,0.189,6.4,16.8,152.0,1.05,131.0,3.9,,,,0.393,1.739,1.346,finalized,Open-Meteo ERA5,Open-Meteo ERA5-Ocean,NOAA CO-OPS 8729678 Navarre Beach predictions,2026-08-08T15:57:33.641686-05:00
2018-09-09,87.0,74.1,0.012,9.6,17.7,206.0,1.181,173.0,3.2,,,,0.594,1.591,0.997,finalized,Open-Meteo ERA5,Open-Meteo ERA5-Ocean,NOAA CO-OPS 8729678 Navarre Beach predictions,2026-08-08T15:57:33.641686-05:00
2018-09-10,86.4,74.5,0.217,7.4,19.5,200.0,1.247,191.0,3.05,,,,0.69,1.403,0.7130000000000001,finalized,Open-Meteo ERA5,Open-Meteo ERA5-Ocean,NOAA CO-OPS 8729678 Navarre Beach predictions,2026-08-08T15:57:33.641686-05:00
2018-09-11,85.4,74.8,0.244,9.4,18.6,178.0,2.165,174.0,5.9,,,,0.64,1.199,0.559,finalized,Open-Meteo ERA5,Open-Meteo ERA5-Ocean,NOAA CO-OPS 8729678 Navarre Beach predictions,2026-08-08T15:57:33.641686-05:00
2018-09-12,89.5,73.8,0.063,5.9,13.2,40.0,2.822,169.0,6.75,,,,0.604,1.241,0.6370000000000001,finalized,Open-Meteo ERA5,Open-Meteo ERA5-Ocean,NOAA CO-OPS 8729678 Navarre Beach predictions,2026-08-08T15:57:33.641686-05:00
2018-09-13,89.5,75.6,0.283,5.9,14.1,52.0,2.165,162.0,6.4,,,,0.581,1.394,0.813,finalized,Open-Meteo ERA5,Open-Meteo ERA5-Ocean,NOAA CO-OPS 8729678 Navarre Beach predictions,2026-08-08T15:57:33.641686-05:00
2018-09-14,90.7,74.5,0.0,8.4,12.8,296.0,1.64,181.0,5.4,,,,0.555,0.555,0.0,finalized,Open-Meteo ERA5,Open-Meteo ERA5-Ocean,NOAA CO-OPS 8729678 Navarre Beach predictions,2026-08-08T15:57:33.641686-05:00
2018-09-15,94.3,77.0,0.0,7.1,15.7,303.0,2.034,261.0,3.65,,,,0.456,1.497,1.041,finalized,Open-Meteo ERA5,Open-Meteo ERA5-Ocean,NOAA CO-OPS 8729678 Navarre Beach predictions,2026-08-08T15:57:33.641686-05:00
2018-09-16,89.9,76.9,0.012,7.7,16.1,251.0,1.509,251.0,3.55,,,,0.398,1.552,1.154,finalized,Open-Meteo ERA5,Open-Meteo ERA5-Ocean,NOAA CO-OPS 8729678 Navarre Beach predictions,2026-08-08T15:57:33.641686-05:00
2018-09-17,89.2,79.7,0.134,6.6,16.8,212.0,1.247,226.0,3.2,,,,0.377,1.57,1.193,finalized,Open-Meteo ERA5,Open-Meteo ERA5-Ocean,NOAA CO-OPS 8729678 Navarre Beach predictions,2026-08-08T15:57:33.641686-05:00
2018-09-18,89.5,76.6,0.083,6.8,13.4,222.0,0.919,227.0,2.9,,,,0.386,1.567,1.181,finalized,Open-Meteo ERA5,Open-Meteo ERA5-Ocean,NOAA CO-OPS 8729678 Navarre Beach predictions,2026-08-08T15:57:33.641686-05:00
2018-09-19,90.4,75.3,0.217,5.2,14.8,236.0,0.722,201.0,3.5,,,,0.421,1.554,1.133,finalized,Open-Meteo ERA5,Open-Meteo ERA5-Ocean,NOAA CO-OPS 8729678 Navarre Beach predictions,2026-08-08T15:57:33.641686-05:00
2018-09-20,89.0,75.6,0.051,7.4,14.5,166.0,0.853,162.0,3.55,,,,0.477,1.536,1.0590000000000002,finalized,Open-Meteo ERA5,Open-Meteo ERA5-Ocean,NOAA CO-OPS 8729678 Navarre Beach predictions,2026-08-08T15:57:33.641686-05:00
2018-09-21,85.9,76.6,0.087,8.2,17.7,115.0,1.969,126.0,3.85,,,,0.55,1.513,0.963,finalized,Open-Meteo ERA5,Open-Meteo ERA5-Ocean,NOAA CO-OPS 8729678 Navarre Beach predictions,2026-08-08T15:57:33.641686-05:00
2018-09-22,87.8,76.2,0.059,8.2,19.2,125.0,1.837,138.0,3.95,,,,0.635,1.477,0.8420000000000001,finalized,Open-Meteo ERA5,Open-Meteo ERA5-Ocean,NOAA CO-OPS 8729678 Navarre Beach predictions,2026-08-08T15:57:33.641686-05:00
2018-09-23,85.7,75.0,0.256,8.1,18.6,127.0,1.969,137.0,3.75,,,,0.727,1.422,0.695,finalized,Open-Meteo ERA5,Open-Meteo ERA5-Ocean,NOAA CO-OPS 8729678 Navarre Beach predictions,2026-08-08T15:57:33.641686-05:00
2018-09-24,81.4,76.0,0.406,8.5,19.7,139.0,2.428,144.0,3.95,,,,0.817,1.349,0.532,finalized,Open-Meteo ERA5,Open-Meteo ERA5-Ocean,NOAA CO-OPS 8729678 Navarre Beach predictions,2026-08-08T15:57:33.641686-05:00
2018-09-25,84.7,76.0,0.417,7.7,17.7,149.0,2.231,150.0,3.7,,,,0.785,1.261,0.4759999999999998,finalized,Open-Meteo ERA5,Open-Meteo ERA5-Ocean,NOAA CO-OPS 8729678 Navarre Beach predictions,2026-08-08T15:57:33.641686-05:00
2018-09-26,87.6,76.7,0.154,6.7,15.7,201.0,1.575,165.0,3.5,,,,0.73,1.298,0.5680000000000001,finalized,Open-Meteo ERA5,Open-Meteo ERA5-Ocean,NOAA CO-OPS 8729678 Navarre Beach predictions,2026-08-08T15:57:33.641686-05:00
2018-09-27,84.4,75.0,0.488,10.1,23.0,220.0,2.034,195.0,3.65,,,,0.672,1.471,0.799,finalized,Open-Meteo ERA5,Open-Meteo ERA5-Ocean,NOAA CO-OPS 8729678 Navarre Beach predictions,2026-08-08T15:57:33.641686-05:00
2018-09-28,84.6,74.3,0.224,4.6,14.5,229.0,1.378,174.0,4.1,,,,0.616,1.636,1.02,finalized,Open-Meteo ERA5,Open-Meteo ERA5-Ocean,NOAA CO-OPS 8729678 Navarre Beach predictions,2026-08-08T15:57:33.641686-05:00
2018-09-29,89.1,74.2,0.012,7.5,14.8,36.0,1.444,121.0,4.0,,,,0.561,1.773,1.2119999999999995,finalized,Open-Meteo ERA5,Open-Meteo ERA5-Ocean,NOAA CO-OPS 8729678 Navarre Beach predictions,2026-08-08T15:57:33.641686-05:00
2018-09-30,87.4,75.3,0.24,7.4,15.0,81.0,1.772,119.0,4.1,,,,0.473,0.473,0.0,finalized,Open-Meteo ERA5,Open-Meteo ERA5-Ocean,NOAA CO-OPS 8729678 Navarre Beach predictions,2026-08-08T15:57:33.641686-05:00
2018-10-01,87.6,74.1,0.016,9.4,19.7,63.0,3.018,108.0,4.75,,,,0.376,1.868,1.492,finalized,Open-Meteo ERA5,Open-Meteo ERA5-Ocean,NOAA CO-OPS 8729678 Navarre Beach predictions,2026-08-08T15:57:33.641686-05:00
2018-10-02,88.9,74.9,0.067,8.4,18.8,64.0,2.756,109.0,4.8,,,,0.323,1.912,1.589,finalized,Open-Meteo ERA5,Open-Meteo ERA5-Ocean,NOAA CO-OPS 8729678 Navarre Beach predictions,2026-08-08T15:57:33.641686-05:00
2018-10-03,86.2,74.4,0.02,8.6,19.2,88.0,2.625,116.0,4.85,,,,0.329,1.902,1.573,finalized,Open-Meteo ERA5,Open-Meteo ERA5-Ocean,NOAA CO-OPS 8729678 Navarre Beach predictions,2026-08-08T15:57:33.641686-05:00
2018-10-04,88.7,72.2,0.0,6.4,14.1,85.0,2.362,126.0,5.0,,,,0.4,1.842,1.4420000000000002,finalized,Open-Meteo ERA5,Open-Meteo ERA5-Ocean,NOAA CO-OPS 8729678 Navarre Beach predictions,2026-08-08T15:57:33.641686-05:00
2018-10-05,88.6,71.5,0.0,7.3,15.7,105.0,2.428,119.0,4.65,,,,0.532,1.738,1.206,finalized,Open-Meteo ERA5,Open-Meteo ERA5-Ocean,NOAA CO-OPS 8729678 Navarre Beach predictions,2026-08-08T15:57:33.641686-05:00
2018-10-06,88.0,71.1,0.02,8.6,17.0,111.0,2.428,131.0,4.7,,,,0.696,1.609,0.913,finalized,Open-Meteo ERA5,Open-Meteo ERA5-Ocean,NOAA CO-OPS 8729678 Navarre Beach predictions,2026-08-08T15:57:33.641686-05:00
2018-10-07,86.2,72.3,0.0,10.4,20.8,87.0,4.068,127.0,5.4,,,,0.833,1.463,0.6300000000000001,finalized,Open-Meteo ERA5,Open-Meteo ERA5-Ocean,NOAA CO-OPS 8729678 Navarre Beach predictions,2026-08-08T15:57:33.641686-05:00
2018-10-08,86.7,74.4,0.008,15.9,31.3,89.0,7.48,119.0,6.2,,,,0.773,1.3,0.527,finalized,Open-Meteo ERA5,Open-Meteo ERA5-Ocean,NOAA CO-OPS 8729678 Navarre Beach predictions,2026-08-08T15:57:33.641686-05:00
2018-10-09,84.5,77.2,0.051,19.5,34.2,82.0,11.22,125.0,9.55,,,,0.631,1.356,0.7250000000000001,finalized,Open-Meteo ERA5,Open-Meteo ERA5-Ocean,NOAA CO-OPS 8729678 Navarre Beach predictions,2026-08-08T15:57:33.641686-05:00
2018-10-10,79.2,76.9,1.583,26.9,48.5,359.0,15.026,116.0,9.7,,,,0.513,1.512,0.999,finalized,Open-Meteo ERA5,Open-Meteo ERA5-Ocean,NOAA CO-OPS 8729678 Navarre Beach predictions,2026-08-08T15:57:33.641686-05:00
2018-10-11,84.7,67.5,0.0,11.8,23.7,312.0,5.118,269.0,6.5,,,,0.429,1.62,1.191,finalized,Open-Meteo ERA5,Open-Meteo ERA5-Ocean,NOAA CO-OPS 8729678 Navarre Beach predictions,2026-08-08T15:57:33.641686-05:00
2018-10-12,80.7,58.3,0.0,10.6,18.8,348.0,4.134,13.0,4.95,,,,0.38,1.678,1.298,finalized,Open-Meteo ERA5,Open-Meteo ERA5-Ocean,NOAA CO-OPS 8729678 Navarre Beach predictions,2026-08-08T15:57:33.641686-05:00
2018-10-13,82.3,59.6,0.0,6.0,13.0,46.0,1.247,108.0,4.75,,,,0.358,1.691,1.3330000000000002,finalized,Open-Meteo ERA5,Open-Meteo ERA5-Ocean,NOAA CO-OPS 8729678 Navarre Beach predictions,2026-08-08T15:57:33.641686-05:00
2018-10-14,84.7,65.5,0.0,8.6,17.4,133.0,2.1,147.0,3.65,,,,0.347,0.347,0.0,finalized,Open-Meteo ERA5,Open-Meteo ERA5-Ocean,NOAA CO-OPS 8729678 Navarre Beach predictions,2026-08-08T15:57:33.641686-05:00
2018-10-15,86.8,74.2,0.047,7.3,17.9,149.0,2.297,147.0,4.2,,,,0.365,1.669,1.304,finalized,Open-Meteo ERA5,Open-Meteo ERA5-Ocean,NOAA CO-OPS 8729678 Navarre Beach predictions,2026-08-08T15:57:33.641686-05:00
2018-10-16,85.9,75.0,0.035,7.8,17.7,139.0,1.772,151.0,5.0,,,,0.41,1.624,1.2140000000000002,finalized,Open-Meteo ERA5,Open-Meteo ERA5-Ocean,NOAA CO-OPS 8729678 Navarre Beach predictions,2026-08-08T15:57:33.641686-05:00
2018-10-17,84.2,72.5,0.031,10.4,17.7,13.0,3.215,139.0,6.05,,,,0.476,1.567,1.091,finalized,Open-Meteo ERA5,Open-Meteo ERA5-Ocean,NOAA CO-OPS 8729678 Navarre Beach predictions,2026-08-08T15:57:33.641686-05:00
2018-10-18,83.8,64.5,0.0,10.8,21.9,27.0,3.937,59.0,4.55,,,,0.559,1.502,0.943,finalized,Open-Meteo ERA5,Open-Meteo ERA5-Ocean,NOAA CO-OPS 8729678 Navarre Beach predictions,2026-08-08T15:57:33.641686-05:00
2018-10-19,83.5,67.2,0.02,9.8,17.4,105.0,2.625,110.0,5.45,,,,0.652,1.432,0.7799999999999999,finalized,Open-Meteo ERA5,Open-Meteo ERA5-Ocean,NOAA CO-OPS 8729678 Navarre Beach predictions,2026-08-08T15:57:33.641686-05:00
2018-10-20,85.4,69.7,0.071,11.2,19.2,298.0,2.69,145.0,5.55,,,,0.749,1.353,0.604,finalized,Open-Meteo ERA5,Open-Meteo ERA5-Ocean,NOAA CO-OPS 8729678 Navarre Beach predictions,2026-08-08T15:57:33.641686-05:00
2018-10-21,70.7,56.3,0.0,13.5,28.6,17.0,5.184,26.0,4.7,,,,0.842,1.269,0.4269999999999999,finalized,Open-Meteo ERA5,Open-Meteo ERA5-Ocean,NOAA CO-OPS 8729678 Navarre Beach predictions,2026-08-08T15:57:33.641686-05:00
2018-10-22,73.8,52.6,0.0,9.8,18.8,69.0,3.478,88.0,4.5,,,,0.89,1.236,0.346,finalized,Open-Meteo ERA5,Open-Meteo ERA5-Ocean,NOAA CO-OPS 8729678 Navarre Beach predictions,2026-08-08T15:57:33.641686-05:00
2018-10-23,71.8,65.1,0.051,7.1,13.2,44.0,3.15,103.0,4.4,,,,0.757,1.363,0.606,finalized,Open-Meteo ERA5,Open-Meteo ERA5-Ocean,NOAA CO-OPS 8729678 Navarre Beach predictions,2026-08-08T15:57:33.641686-05:00
2018-10-24,78.0,59.6,0.0,9.2,19.5,50.0,3.084,81.0,4.1,,,,0.617,1.512,0.895,finalized,Open-Meteo ERA5,Open-Meteo ERA5-Ocean,NOAA CO-OPS 8729678 Navarre Beach predictions,2026-08-08T15:57:33.641686-05:00
2018-10-25,70.9,63.6,0.854,15.0,26.8,96.0,6.037,112.0,5.3,,,,0.482,1.665,1.183,finalized,Open-Meteo ERA5,Open-Meteo ERA5-Ocean,NOAA CO-OPS 8729678 Navarre Beach predictions,2026-08-08T15:57:33.641686-05:00
2018-10-26,73.6,58.5,0.075,13.7,26.6,283.0,5.512,259.0,5.2,,,,0.367,1.803,1.436,finalized,Open-Meteo ERA5,Open-Meteo ERA5-Ocean,NOAA CO-OPS 8729678 Navarre Beach predictions,2026-08-08T15:57:33.641686-05:00
2018-10-27,70.2,53.5,0.0,12.5,25.3,303.0,4.331,301.0,4.75,,,,0.283,1.907,1.624,finalized,Open-Meteo ERA5,Open-Meteo ERA5-Ocean,NOAA CO-OPS 8729678 Navarre Beach predictions,2026-08-08T15:57:33.641686-05:00
2018-10-28,78.1,51.5,0.0,9.7,18.6,256.0,2.756,271.0,3.6,,,,0.224,1.962,1.738,finalized,Open-Meteo ERA5,Open-Meteo ERA5-Ocean,NOAA CO-OPS 8729678 Navarre Beach predictions,2026-08-08T15:57:33.641686-05:00
2018-10-29,82.6,65.4,0.0,9.1,15.9,277.0,3.675,264.0,4.3,,,,0.185,1.956,1.771,finalized,Open-Meteo ERA5,Open-Meteo ERA5-Ocean,NOAA CO-OPS 8729678 Navarre Beach predictions,2026-08-08T15:57:33.641686-05:00
2018-10-30,79.3,60.7,0.0,7.0,15.0,116.0,1.837,147.0,3.45,,,,0.196,0.196,0.0,finalized,Open-Meteo ERA5,Open-Meteo ERA5-Ocean,NOAA CO-OPS 8729678 Navarre Beach predictions,2026-08-08T15:57:33.641686-05:00
2018-10-31,80.8,65.7,0.0,12.4,21.7,149.0,4.856,156.0,4.6,,,,0.267,1.884,1.617,finalized,Open-Meteo ERA5,Open-Meteo ERA5-Ocean,NOAA CO-OPS 8729678 Navarre Beach predictions,2026-08-08T15:57:33.641686-05:00
2018-11-01,75.9,68.8,0.232,19.6,36.5,191.0,9.711,181.0,7.15,,,,0.397,1.748,1.351,finalized,Open-Meteo ERA5,Open-Meteo ERA5-Ocean,NOAA CO-OPS 8729678 Navarre Beach predictions,2026-08-08T15:57:33.641686-05:00
2018-11-02,70.4,49.2,0.276,14.0,31.3,299.0,5.84,253.0,5.9,,,,0.565,1.557,0.992,finalized,Open-Meteo ERA5,Open-Meteo ERA5-Ocean,NOAA CO-OPS 8729678 Navarre Beach predictions,2026-08-08T15:57:33.641686-05:00
2018-11-03,70.2,47.3,0.0,8.5,15.0,92.0,2.887,200.0,5.1,,,,0.719,1.325,0.606,finalized,Open-Meteo ERA5,Open-Meteo ERA5-Ocean,NOAA CO-OPS 8729678 Navarre Beach predictions,2026-08-08T15:57:33.641686-05:00
2018-11-04,71.0,55.2,0.0,10.7,19.9,87.0,3.871,114.0,5.2,,,,0.83,1.229,0.3990000000000001,finalized,Open-Meteo ERA5,Open-Meteo ERA5-Ocean,NOAA CO-OPS 8729678 Navarre Beach predictions,2026-08-08T15:57:33.641686-05:00
2018-11-05,79.7,66.6,0.126,12.3,24.2,154.0,3.281,149.0,5.05,,,,0.72,1.337,0.617,finalized,Open-Meteo ERA5,Open-Meteo ERA5-Ocean,NOAA CO-OPS 8729678 Navarre Beach predictions,2026-08-08T15:57:33.641686-05:00
2018-11-06,79.0,71.4,0.15,11.8,22.6,212.0,3.609,193.0,4.7,,,,0.504,1.471,0.967,finalized,Open-Meteo ERA5,Open-Meteo ERA5-Ocean,NOAA CO-OPS 8729678 Navarre Beach predictions,2026-08-08T15:57:33.641686-05:00
2018-11-07,81.3,70.5,0.339,8.2,19.0,204.0,2.1,188.0,4.65,,,,0.32,1.588,1.268,finalized,Open-Meteo ERA5,Open-Meteo ERA5-Ocean,NOAA CO-OPS 8729678 Navarre Beach predictions,2026-08-08T15:57:33.641686-05:00
2018-11-08,76.7,69.7,0.35,5.9,17.2,160.0,1.969,180.0,4.2,,,,0.182,1.657,1.475,finalized,Open-Meteo ERA5,Open-Meteo ERA5-Ocean,NOAA CO-OPS 8729678 Navarre Beach predictions,2026-08-08T15:57:33.641686-05:00
2018-11-09,79.6,57.5,0.11,15.0,26.4,303.0,4.921,277.0,4.45,,,,0.096,1.681,1.585,finalized,Open-Meteo ERA5,Open-Meteo ERA5-Ocean,NOAA CO-OPS 8729678 Navarre Beach predictions,2026-08-08T15:57:33.641686-05:00
2018-11-10,60.1,48.1,0.0,15.9,29.3,4.0,5.906,7.0,4.9,,,,0.06,1.668,1.608,finalized,Open-Meteo ERA5,Open-Meteo ERA5-Ocean,NOAA CO-OPS 8729678 Navarre Beach predictions,2026-08-08T15:57:33.641686-05:00
2018-11-11,67.7,46.6,0.035,9.6,17.4,46.0,3.15,61.0,4.0,,,,0.066,1.629,1.563,finalized,Open-Meteo ERA5,Open-Meteo ERA5-Ocean,NOAA CO-OPS 8729678 Navarre Beach predictions,2026-08-08T15:57:33.641686-05:00
2018-11-12,71.3,60.8,1.476,18.0,36.2,152.0,7.021,149.0,5.75,,,,0.106,1.569,1.463,finalized,Open-Meteo ERA5,Open-Meteo ERA5-Ocean,NOAA CO-OPS 8729678 Navarre Beach predictions,2026-08-08T15:57:33.641686-05:00
2018-11-13,68.0,50.8,0.382,13.3,26.6,344.0,4.396,312.0,5.7,,,,0.175,1.493,1.318,finalized,Open-Meteo ERA5,Open-Meteo ERA5-Ocean,NOAA CO-OPS 8729678 Navarre Beach predictions,2026-08-08T15:57:33.641686-05:00
2018-11-14,50.3,42.7,0.587,13.1,23.3,342.0,3.937,341.0,4.25,,,,0.265,0.265,0.0,finalized,Open-Meteo ERA5,Open-Meteo ERA5-Ocean,NOAA CO-OPS 8729678 Navarre Beach predictions,2026-08-08T15:57:33.641686-05:00
2018-11-15,49.0,37.2,0.012,13.8,26.2,327.0,5.184,322.0,4.7,,,,0.371,1.4,1.029,finalized,Open-Meteo ERA5,Open-Meteo ERA5-Ocean,NOAA CO-OPS 8729678 Navarre Beach predictions,2026-08-08T15:57:33.641686-05:00
2018-11-16,60.7,35.6,0.0,6.4,14.3,335.0,2.69,346.0,3.9,,,,0.486,1.287,0.8009999999999999,finalized,Open-Meteo ERA5,Open-Meteo ERA5-Ocean,NOAA CO-OPS 8729678 Navarre Beach predictions,2026-08-08T15:57:33.641686-05:00
2018-11-17,66.8,40.7,0.0,6.5,11.2,7.0,1.378,26.0,2.95,,,,0.6,1.152,0.5519999999999999,finalized,Open-Meteo ERA5,Open-Meteo ERA5-Ocean,NOAA CO-OPS 8729678 Navarre Beach predictions,2026-08-08T15:57:33.641686-05:00
2018-11-18,70.0,44.8,0.0,5.4,9.8,4.0,0.853,56.0,2.85,,,,0.699,1.118,0.4190000000000001,finalized,Open-Meteo ERA5,Open-Meteo ERA5-Ocean,NOAA CO-OPS 8729678 Navarre Beach predictions,2026-08-08T15:57:33.641686-05:00
2018-11-19,69.2,47.9,0.0,5.7,10.1,344.0,0.919,36.0,2.7,,,,0.772,1.228,0.4559999999999999,finalized,Open-Meteo ERA5,Open-Meteo ERA5-Ocean,NOAA CO-OPS 8729678 Navarre Beach predictions,2026-08-08T15:57:33.641686-05:00
2018-11-20,67.3,48.5,0.0,10.5,20.1,340.0,2.69,349.0,3.55,,,,0.584,1.358,0.7740000000000001,finalized,Open-Meteo ERA5,Open-Meteo ERA5-Ocean,NOAA CO-OPS 8729678 Navarre Beach predictions,2026-08-08T15:57:33.641686-05:00
2018-11-21,61.6,41.7,0.0,10.0,17.7,2.0,3.018,13.0,3.85,,,,0.376,1.499,1.1230000000000002,finalized,Open-Meteo ERA5,Open-Meteo ERA5-Ocean,NOAA CO-OPS 8729678 Navarre Beach predictions,2026-08-08T15:57:33.641686-05:00
2018-11-22,62.0,42.4,0.0,8.1,17.4,38.0,2.231,48.0,3.5,,,,0.179,1.636,1.457,finalized,Open-Meteo ERA5,Open-Meteo ERA5-Ocean,NOAA CO-OPS 8729678 Navarre Beach predictions,2026-08-08T15:57:33.641686-05:00
2018-11-23,60.0,46.6,0.106,10.8,17.2,83.0,4.134,102.0,4.15,,,,0.011,1.754,1.743,finalized,Open-Meteo ERA5,Open-Meteo ERA5-Ocean,NOAA CO-OPS 8729678 Navarre Beach predictions,2026-08-08T15:57:33.641686-05:00
2018-11-24,69.3,56.9,0.331,11.5,20.6,39.0,5.512,165.0,5.7,,,,-0.111,1.833,1.944,finalized,Open-Meteo ERA5,Open-Meteo ERA5-Ocean,NOAA CO-OPS 8729678 Navarre Beach predictions,2026-08-08T15:57:33.641686-05:00
2018-11-25,68.5,52.4,0.535,12.5,25.7,136.0,3.609,181.0,5.25,,,,-0.18,1.86,2.04,finalized,Open-Meteo ERA5,Open-Meteo ERA5-Ocean,NOAA CO-OPS 8729678 Navarre Beach predictions,2026-08-08T15:57:33.641686-05:00
2018-11-26,69.4,43.7,0.063,16.0,33.6,320.0,5.315,302.0,4.8,,,,-0.19,1.823,2.013,finalized,Open-Meteo ERA5,Open-Meteo ERA5-Ocean,NOAA CO-OPS 8729678 Navarre Beach predictions,2026-08-08T15:57:33.641686-05:00
2018-11-27,52.9,34.1,0.0,13.1,25.3,322.0,4.724,330.0,4.55,,,,-0.135,1.716,1.851,finalized,Open-Meteo ERA5,Open-Meteo ERA5-Ocean,NOAA CO-OPS 8729678 Navarre Beach predictions,2026-08-08T15:57:33.641686-05:00
2018-11-28,55.3,33.6,0.0,6.7,12.1,343.0,3.15,344.0,4.1,,,,-0.013,1.542,1.555,finalized,Open-Meteo ERA5,Open-Meteo ERA5-Ocean,NOAA CO-OPS 8729678 Navarre Beach predictions,2026-08-08T15:57:33.641686-05:00
2018-11-29,67.5,43.1,0.0,13.8,26.4,153.0,4.462,173.0,4.6,,,,0.164,1.31,1.146,finalized,Open-Meteo ERA5,Open-Meteo ERA5-Ocean,NOAA CO-OPS 8729678 Navarre Beach predictions,2026-08-08T15:57:33.641686-05:00
2018-11-30,74.0,60.4,0.122,14.6,27.3,147.0,4.987,165.0,5.05,,,,0.352,0.352,0.0,finalized,Open-Meteo ERA5,Open-Meteo ERA5-Ocean,NOAA CO-OPS 8729678 Navarre Beach predictions,2026-08-08T15:57:33.641686-05:00
2018-12-01,73.2,66.9,3.193,22.2,39.1,184.0,8.53,172.0,6.8,,,,0.5,1.039,0.5389999999999999,finalized,Open-Meteo ERA5,Open-Meteo ERA5-Ocean,NOAA CO-OPS 8729678 Navarre Beach predictions,2026-08-08T15:57:33.641686-05:00
2018-12-02,74.4,65.3,0.48,13.6,28.4,230.0,5.906,196.0,6.45,,,,0.59,1.129,0.539,finalized,Open-Meteo ERA5,Open-Meteo ERA5-Ocean,NOAA CO-OPS 8729678 Navarre Beach predictions,2026-08-08T15:57:33.641686-05:00
2018-12-03,73.3,55.3,0.055,9.4,15.7,348.0,3.675,181.0,6.3,,,,0.422,1.247,0.8250000000000002,finalized,Open-Meteo ERA5,Open-Meteo ERA5-Ocean,NOAA CO-OPS 8729678 Navarre Beach predictions,2026-08-08T15:57:33.641686-05:00
2018-12-04,60.0,44.0,0.0,11.6,21.9,349.0,4.331,1.0,4.65,,,,0.178,1.355,1.177,finalized,Open-Meteo ERA5,Open-Meteo ERA5-Ocean,NOAA CO-OPS 8729678 Navarre Beach predictions,2026-08-08T15:57:33.641686-05:00
2018-12-05,54.8,37.4,0.0,10.4,20.6,343.0,3.937,355.0,4.25,,,,-0.022,1.439,1.461,finalized,Open-Meteo ERA5,Open-Meteo ERA5-Ocean,NOAA CO-OPS 8729678 Navarre Beach predictions,2026-08-08T15:57:33.641686-05:00
2018-12-06,53.0,35.2,0.0,8.7,15.7,45.0,2.69,45.0,3.65,,,,-0.168,1.478,1.646,finalized,Open-Meteo ERA5,Open-Meteo ERA5-Ocean,NOAA CO-OPS 8729678 Navarre Beach predictions,2026-08-08T15:57:33.641686-05:00
2018-12-07,59.6,41.8,0.0,7.9,13.9,69.0,2.493,92.0,3.55,,,,-0.26,1.479,1.739,finalized,Open-Meteo ERA5,Open-Meteo ERA5-Ocean,NOAA CO-OPS 8729678 Navarre Beach predictions,2026-08-08T15:57:33.641686-05:00
2018-12-08,67.0,50.3,0.524,20.0,47.6,112.0,8.202,139.0,6.0,,,,-0.302,1.453,1.755,finalized,Open-Meteo ERA5,Open-Meteo ERA5-Ocean,NOAA CO-OPS 8729678 Navarre Beach predictions,2026-08-08T15:57:33.641686-05:00
2018-12-09,65.2,45.6,0.665,18.5,45.6,294.0,7.94,238.0,6.15,,,,-0.3,1.409,1.709,finalized,Open-Meteo ERA5,Open-Meteo ERA5-Ocean,NOAA CO-OPS 8729678 Navarre Beach predictions,2026-08-08T15:57:33.641686-05:00
2018-12-10,46.3,41.2,0.0,11.2,21.9,325.0,4.199,319.0,4.7,,,,-0.26,1.352,1.612,finalized,Open-Meteo ERA5,Open-Meteo ERA5-Ocean,NOAA CO-OPS 8729678 Navarre Beach predictions,2026-08-08T15:57:33.641686-05:00
2018-12-11,55.5,39.7,0.0,8.8,15.4,332.0,4.068,337.0,4.25,,,,-0.187,1.282,1.469,finalized,Open-Meteo ERA5,Open-Meteo ERA5-Ocean,NOAA CO-OPS 8729678 Navarre Beach predictions,2026-08-08T15:57:33.641686-05:00
2018-12-12,61.6,34.8,0.0,7.6,15.4,100.0,1.903,160.0,3.1,,,,-0.087,1.193,1.28,finalized,Open-Meteo ERA5,Open-Meteo ERA5-Ocean,NOAA CO-OPS 8729678 Navarre Beach predictions,2026-08-08T15:57:33.641686-05:00
2018-12-13,62.8,55.0,0.587,14.9,32.9,109.0,7.087,140.0,6.05,,,,0.034,1.08,1.046,finalized,Open-Meteo ERA5,Open-Meteo ERA5-Ocean,NOAA CO-OPS 8729678 Navarre Beach predictions,2026-08-08T15:57:33.641686-05:00
2018-12-14,69.7,57.5,1.307,15.6,44.3,178.0,6.955,169.0,7.0,,,,0.164,0.94,0.7759999999999999,finalized,Open-Meteo ERA5,Open-Meteo ERA5-Ocean,NOAA CO-OPS 8729678 Navarre Beach predictions,2026-08-08T15:57:33.641686-05:00
2018-12-15,58.9,52.0,0.0,12.2,23.3,264.0,7.94,237.0,6.5,,,,0.289,0.802,0.5130000000000001,finalized,Open-Meteo ERA5,Open-Meteo ERA5-Ocean,NOAA CO-OPS 8729678 Navarre Beach predictions,2026-08-08T15:57:33.641686-05:00
2018-12-16,59.8,49.4,0.0,9.8,20.1,323.0,3.871,278.0,5.9,,,,0.393,0.879,0.486,finalized,Open-Meteo ERA5,Open-Meteo ERA5-Ocean,NOAA CO-OPS 8729678 Navarre Beach predictions,2026-08-08T15:57:33.641686-05:00
2018-12-17,65.8,47.2,0.0,7.5,13.9,335.0,2.493,340.0,3.85,,,,0.458,1.008,0.55,finalized,Open-Meteo ERA5,Open-Meteo ERA5-Ocean,NOAA CO-OPS 8729678 Navarre Beach predictions,2026-08-08T15:57:33.641686-05:00
2018-12-18,64.3,40.3,0.0,6.1,11.2,342.0,1.444,7.0,2.95,,,,0.302,1.151,0.849,finalized,Open-Meteo ERA5,Open-Meteo ERA5-Ocean,NOAA CO-OPS 8729678 Navarre Beach predictions,2026-08-08T15:57:33.641686-05:00
2018-12-19,62.4,49.5,0.118,12.0,26.6,95.0,4.462,133.0,4.85,,,,0.07,1.296,1.226,finalized,Open-Meteo ERA5,Open-Meteo ERA5-Ocean,NOAA CO-OPS 8729678 Navarre Beach predictions,2026-08-08T15:57:33.641686-05:00
2018-12-26,65.2,48.4,0.0,12.1,23.0,81.0,5.512,108.0,5.35,,,,-0.328,1.24,1.568,finalized,Open-Meteo ERA5,Open-Meteo ERA5-Ocean,NOAA CO-OPS 8729678 Navarre Beach predictions,2026-08-08T15:57:33.641686-05:00
2018-12-27,70.4,58.8,0.713,19.3,35.8,125.0,9.252,134.0,7.15,,,,-0.118,0.997,1.115,finalized,Open-Meteo ERA5,Open-Meteo ERA5-Ocean,NOAA CO-OPS 8729678 Navarre Beach predictions,2026-08-08T15:57:33.641686-05:00
2018-12-28,71.0,62.1,0.992,16.3,27.5,176.0,6.955,167.0,6.6,,,,0.071,0.731,0.66,finalized,Open-Meteo ERA5,Open-Meteo ERA5-Ocean,NOAA CO-OPS 8729678 Navarre Beach predictions,2026-08-08T15:57:33.641686-05:00
2018-12-29,67.1,59.7,0.398,7.6,21.0,72.0,4.134,172.0,6.35,,,,0.207,0.711,0.504,finalized,Open-Meteo ERA5,Open-Meteo ERA5-Ocean,NOAA CO-OPS 8729678 Navarre Beach predictions,2026-08-08T15:57:33.641686-05:00
2018-12-30,70.9,64.5,0.098,10.9,19.5,160.0,2.756,172.0,6.2,,,,0.275,0.865,0.59,finalized,Open-Meteo ERA5,Open-Meteo ERA5-Ocean,NOAA CO-OPS 8729678 Navarre Beach predictions,2026-08-08T15:57:33.641686-05:00
2018-12-31,74.6,67.3,0.315,15.1,32.7,168.0,5.118,166.0,5.25,,,,0.063,1.004,0.941,finalized,Open-Meteo ERA5,Open-Meteo ERA5-Ocean,NOAA CO-OPS 8729678 Navarre Beach predictions,2026-08-08T15:57:33.641686-05:00
2019-01-01,75.1,69.3,0.031,10.1,19.9,205.0,4.068,175.0,5.65,,,,-0.178,1.139,1.317,finalized,Open-Meteo ERA5,Open-Meteo ERA5-Ocean,NOAA CO-OPS 8729678 Navarre Beach predictions,2026-08-08T15:57:33.641686-05:00
2019-01-02,70.4,67.4,0.0,9.6,20.6,159.0,2.428,169.0,5.65,,,,-0.368,1.21,1.5779999999999998,finalized,Open-Meteo ERA5,Open-Meteo ERA5-Ocean,NOAA CO-OPS 8729678 Navarre Beach predictions,2026-08-08T15:57:33.641686-05:00
2019-01-03,71.4,63.8,0.22,11.2,27.3,175.0,2.822,165.0,5.3,,,,-0.502,1.236,1.738,finalized,Open-Meteo ERA5,Open-Meteo ERA5-Ocean,NOAA CO-OPS 8729678 Navarre Beach predictions,2026-08-08T15:57:33.641686-05:00
2019-01-04,70.6,51.5,0.618,17.8,39.8,245.0,6.89,236.0,5.95,,,,-0.58,1.226,1.806,finalized,Open-Meteo ERA5,Open-Meteo ERA5-Ocean,NOAA CO-OPS 8729678 Navarre Beach predictions,2026-08-08T15:57:33.641686-05:00
2019-01-05,63.3,46.8,0.0,10.8,20.6,313.0,5.709,278.0,5.75,,,,-0.612,1.196,1.808,finalized,Open-Meteo ERA5,Open-Meteo ERA5-Ocean,NOAA CO-OPS 8729678 Navarre Beach predictions,2026-08-08T15:57:33.641686-05:00
2019-01-06,69.0,41.0,0.0,6.0,9.6,313.0,1.64,281.0,4.65,,,,-0.602,1.154,1.7559999999999998,finalized,Open-Meteo ERA5,Open-Meteo ERA5-Ocean,NOAA CO-OPS 8729678 Navarre Beach predictions,2026-08-08T15:57:33.641686-05:00
2019-01-07,68.7,43.0,0.0,6.1,14.1,162.0,0.656,161.0,4.65,,,,-0.555,1.105,1.66,finalized,Open-Meteo ERA5,Open-Meteo ERA5-Ocean,NOAA CO-OPS 8729678 Navarre Beach predictions,2026-08-08T15:57:33.641686-05:00
2019-01-08,73.0,54.3,0.0,9.4,17.2,246.0,1.378,194.0,2.9,,,,-0.476,1.044,1.52,finalized,Open-Meteo ERA5,Open-Meteo ERA5-Ocean,NOAA CO-OPS 8729678 Navarre Beach predictions,2026-08-08T15:57:33.641686-05:00
2019-01-09,61.6,46.0,0.0,13.2,25.3,338.0,4.265,343.0,4.3,,,,-0.367,0.965,1.332,finalized,Open-Meteo ERA5,Open-Meteo ERA5-Ocean,NOAA CO-OPS 8729678 Navarre Beach predictions,2026-08-08T15:57:33.641686-05:00
2019-01-10,58.9,38.7,0.0,12.2,21.3,351.0,4.659,359.0,4.5,,,,-0.235,0.86,1.095,finalized,Open-Meteo ERA5,Open-Meteo ERA5-Ocean,NOAA CO-OPS 8729678 Navarre Beach predictions,2026-08-08T15:57:33.641686-05:00
2019-01-11,58.7,37.0,0.0,7.9,16.3,64.0,2.756,56.0,3.75,,,,-0.092,0.725,0.817,finalized,Open-Meteo ERA5,Open-Meteo ERA5-Ocean,NOAA CO-OPS 8729678 Navarre Beach predictions,2026-08-08T15:57:33.641686-05:00
2019-01-12,68.3,46.4,0.024,11.9,22.1,144.0,3.215,146.0,4.3,,,,0.044,0.561,0.517,finalized,Open-Meteo ERA5,Open-Meteo ERA5-Ocean,NOAA CO-OPS 8729678 Navarre Beach predictions,2026-08-08T15:57:33.641686-05:00
2019-01-13,65.0,50.6,0.035,10.5,21.0,315.0,3.215,245.0,4.45,,,,0.154,0.565,0.4109999999999999,finalized,Open-Meteo ERA5,Open-Meteo ERA5-Ocean,NOAA CO-OPS 8729678 Navarre Beach predictions,2026-08-08T15:57:33.641686-05:00
2019-01-14,50.0,44.5,0.0,10.3,17.9,351.0,2.953,352.0,3.95,,,,0.214,0.732,0.518,finalized,Open-Meteo ERA5,Open-Meteo ERA5-Ocean,NOAA CO-OPS 8729678 Navarre Beach predictions,2026-08-08T15:57:33.641686-05:00
2019-01-15,51.8,41.4,0.0,9.4,18.6,357.0,2.428,2.0,3.5,,,,0.075,0.907,0.8320000000000001,finalized,Open-Meteo ERA5,Open-Meteo ERA5-Ocean,NOAA CO-OPS 8729678 Navarre Beach predictions,2026-08-08T15:57:33.641686-05:00
2019-01-16,59.7,40.8,0.0,6.1,12.1,343.0,1.05,13.0,2.75,,,,-0.165,1.078,1.243,finalized,Open-Meteo ERA5,Open-Meteo ERA5-Ocean,NOAA CO-OPS 8729678 Navarre Beach predictions,2026-08-08T15:57:33.641686-05:00
2019-01-17,63.1,37.1,0.043,8.9,19.0,201.0,1.115,201.0,2.75,,,,-0.401,1.229,1.63,finalized,Open-Meteo ERA5,Open-Meteo ERA5-Ocean,NOAA CO-OPS 8729678 Navarre Beach predictions,2026-08-08T15:57:33.641686-05:00
2019-01-18,67.8,58.7,0.043,7.9,17.2,228.0,2.165,229.0,3.7,,,,-0.606,1.347,1.953,finalized,Open-Meteo ERA5,Open-Meteo ERA5-Ocean,NOAA CO-OPS 8729678 Navarre Beach predictions,2026-08-08T15:57:33.641686-05:00
2019-01-19,70.9,55.6,0.319,19.9,43.6,213.0,8.465,212.0,6.3,,,,-0.755,1.417,2.172,finalized,Open-Meteo ERA5,Open-Meteo ERA5-Ocean,NOAA CO-OPS 8729678 Navarre Beach predictions,2026-08-08T15:57:33.641686-05:00
2019-01-20,53.6,38.1,0.0,18.0,32.7,329.0,8.465,308.0,6.0,,,,-0.828,1.426,2.254,finalized,Open-Meteo ERA5,Open-Meteo ERA5-Ocean,NOAA CO-OPS 8729678 Navarre Beach predictions,2026-08-08T15:57:33.641686-05:00
2019-01-21,56.4,32.9,0.0,9.4,20.6,33.0,3.675,29.0,4.35,,,,-0.813,1.364,2.177,finalized,Open-Meteo ERA5,Open-Meteo ERA5-Ocean,NOAA CO-OPS 8729678 Navarre Beach predictions,2026-08-08T15:57:33.641686-05:00
2019-01-22,64.3,43.8,0.0,16.8,31.8,103.0,8.661,126.0,6.4,,,,-0.707,1.225,1.932,finalized,Open-Meteo ERA5,Open-Meteo ERA5-Ocean,NOAA CO-OPS 8729678 Navarre Beach predictions,2026-08-08T15:57:33.641686-05:00
2019-01-23,69.5,58.1,1.11,25.5,51.5,157.0,11.614,157.0,7.8,,,,-0.519,1.017,1.536,finalized,Open-Meteo ERA5,Open-Meteo ERA5-Ocean,NOAA CO-OPS 8729678 Navarre Beach predictions,2026-08-08T15:57:33.641686-05:00
2019-01-24,57.0,40.0,0.031,15.2,28.0,321.0,8.005,204.0,7.8,,,,-0.278,0.759,1.037,finalized,Open-Meteo ERA5,Open-Meteo ERA5-Ocean,NOAA CO-OPS 8729678 Navarre Beach predictions,2026-08-08T15:57:33.641686-05:00
2019-01-25,55.8,35.3,0.0,9.1,18.3,357.0,4.331,13.0,5.9,,,,-0.087,0.488,0.575,finalized,Open-Meteo ERA5,Open-Meteo ERA5-Ocean,NOAA CO-OPS 8729678 Navarre Beach predictions,2026-08-08T15:57:33.641686-05:00
2019-01-26,58.0,31.9,0.0,6.9,15.7,45.0,1.772,46.0,3.8,,,,0.04,0.465,0.425,finalized,Open-Meteo ERA5,Open-Meteo ERA5-Ocean,NOAA CO-OPS 8729678 Navarre Beach predictions,2026-08-08T15:57:33.641686-05:00
2019-01-27,55.7,43.9,0.0,7.3,12.1,45.0,2.69,74.0,4.55,,,,0.087,0.655,0.5680000000000001,finalized,Open-Meteo ERA5,Open-Meteo ERA5-Ocean,NOAA CO-OPS 8729678 Navarre Beach predictions,2026-08-08T15:57:33.641686-05:00
2019-01-28,63.4,37.9,0.0,9.6,19.5,223.0,2.034,143.0,4.65,,,,-0.13,0.82,0.95,finalized,Open-Meteo ERA5,Open-Meteo ERA5-Ocean,NOAA CO-OPS 8729678 Navarre Beach predictions,2026-08-08T15:57:33.641686-05:00
2019-01-29,54.0,37.8,0.433,17.4,35.1,329.0,4.921,322.0,4.6,,,,-0.343,0.938,1.281,finalized,Open-Meteo ERA5,Open-Meteo ERA5-Ocean,NOAA CO-OPS 8729678 Navarre Beach predictions,2026-08-08T15:57:33.641686-05:00
2019-01-30,49.9,33.8,0.0,10.2,19.7,20.0,4.265,27.0,4.35,,,,-0.499,1.003,1.5019999999999998,finalized,Open-Meteo ERA5,Open-Meteo ERA5-Ocean,NOAA CO-OPS 8729678 Navarre Beach predictions,2026-08-08T15:57:33.641686-05:00
2019-01-31,58.5,37.0,0.0,9.9,20.6,73.0,4.396,95.0,5.2,,,,-0.6,1.023,1.6229999999999998,finalized,Open-Meteo ERA5,Open-Meteo ERA5-Ocean,NOAA CO-OPS 8729678 Navarre Beach predictions,2026-08-08T15:57:33.641686-05:00
2019-02-01,58.7,45.0,0.016,9.3,17.0,63.0,3.675,106.0,4.8,,,,-0.651,1.015,1.666,finalized,Open-Meteo ERA5,Open-Meteo ERA5-Ocean,NOAA CO-OPS 8729678 Navarre Beach predictions,2026-08-08T15:57:33.641686-05:00
2019-02-02,65.7,52.1,0.0,8.4,15.2,62.0,3.346,110.0,5.15,,,,-0.66,0.991,1.651,finalized,Open-Meteo ERA5,Open-Meteo ERA5-Ocean,NOAA CO-OPS 8729678 Navarre Beach predictions,2026-08-08T15:57:33.641686-05:00
2019-02-03,70.6,60.2,0.0,6.2,13.4,64.0,2.822,126.0,4.9,,,,-0.632,0.958,1.59,finalized,Open-Meteo ERA5,Open-Meteo ERA5-Ocean,NOAA CO-OPS 8729678 Navarre Beach predictions,2026-08-08T15:57:33.641686-05:00
2019-02-04,67.4,58.2,0.051,9.1,20.1,131.0,1.64,140.0,4.15,,,,-0.572,0.915,1.487,finalized,Open-Meteo ERA5,Open-Meteo ERA5-Ocean,NOAA CO-OPS 8729678 Navarre Beach predictions,2026-08-08T15:57:33.641686-05:00
2019-02-05,69.4,62.1,0.087,7.9,16.3,131.0,1.444,140.0,3.3,,,,-0.483,0.859,1.342,finalized,Open-Meteo ERA5,Open-Meteo ERA5-Ocean,NOAA CO-OPS 8729678 Navarre Beach predictions,2026-08-08T15:57:33.641686-05:00
2019-02-06,72.1,64.3,0.0,8.2,17.9,153.0,1.444,158.0,3.25,,,,-0.37,0.785,1.155,finalized,Open-Meteo ERA5,Open-Meteo ERA5-Ocean,NOAA CO-OPS 8729678 Navarre Beach predictions,2026-08-08T15:57:33.641686-05:00
2019-02-07,74.4,63.4,0.0,13.0,25.1,167.0,2.165,166.0,4.8,,,,-0.244,0.689,0.933,finalized,Open-Meteo ERA5,Open-Meteo ERA5-Ocean,NOAA CO-OPS 8729678 Navarre Beach predictions,2026-08-08T15:57:33.641686-05:00
2019-02-08,68.8,51.7,0.043,15.0,28.9,357.0,4.987,7.0,5.1,,,,-0.113,0.565,0.6779999999999999,finalized,Open-Meteo ERA5,Open-Meteo ERA5-Ocean,NOAA CO-OPS 8729678 Navarre Beach predictions,2026-08-08T15:57:33.641686-05:00
2019-02-09,64.5,45.5,0.0,13.0,24.6,37.0,4.921,41.0,4.55,,,,0.009,0.413,0.4039999999999999,finalized,Open-Meteo ERA5,Open-Meteo ERA5-Ocean,NOAA CO-OPS 8729678 Navarre Beach predictions,2026-08-08T15:57:33.641686-05:00
2019-02-10,66.4,55.4,0.0,12.3,25.1,86.0,4.659,105.0,5.15,,,,0.108,0.452,0.344,finalized,Open-Meteo ERA5,Open-Meteo ERA5-Ocean,NOAA CO-OPS 8729678 Navarre Beach predictions,2026-08-08T15:57:33.641686-05:00
2019-02-11,69.3,57.3,0.0,12.9,24.2,131.0,2.953,133.0,4.6,,,,0.166,0.635,0.469,finalized,Open-Meteo ERA5,Open-Meteo ERA5-Ocean,NOAA CO-OPS 8729678 Navarre Beach predictions,2026-08-08T15:57:33.641686-05:00
2019-02-12,74.5,56.2,0.295,17.9,37.1,238.0,3.937,204.0,4.8,,,,0.021,0.819,0.7979999999999999,finalized,Open-Meteo ERA5,Open-Meteo ERA5-Ocean,NOAA CO-OPS 8729678 Navarre Beach predictions,2026-08-08T15:57:33.641686-05:00
2019-02-13,64.1,42.8,0.0,14.2,25.5,2.0,5.709,1.0,4.75,,,,-0.191,0.987,1.178,finalized,Open-Meteo ERA5,Open-Meteo ERA5-Ocean,NOAA CO-OPS 8729678 Navarre Beach predictions,2026-08-08T15:57:33.641686-05:00
2019-02-14,64.1,39.7,0.0,11.5,23.0,150.0,2.756,149.0,3.8,,,,-0.395,1.13,1.525,finalized,Open-Meteo ERA5,Open-Meteo ERA5-Ocean,NOAA CO-OPS 8729678 Navarre Beach predictions,2026-08-08T15:57:33.641686-05:00
2019-02-15,71.3,56.3,0.004,12.9,25.1,213.0,3.15,200.0,4.4,,,,-0.566,1.236,1.802,finalized,Open-Meteo ERA5,Open-Meteo ERA5-Ocean,NOAA CO-OPS 8729678 Navarre Beach predictions,2026-08-08T15:57:33.641686-05:00
2019-02-16,73.9,64.5,0.0,11.0,19.7,237.0,2.953,220.0,4.8,,,,-0.683,1.295,1.978,finalized,Open-Meteo ERA5,Open-Meteo ERA5-Ocean,NOAA CO-OPS 8729678 Navarre Beach predictions,2026-08-08T15:57:33.641686-05:00
2019-02-17,76.0,65.4,0.0,13.7,26.8,181.0,3.084,193.0,5.55,,,,-0.726,1.295,2.021,finalized,Open-Meteo ERA5,Open-Meteo ERA5-Ocean,NOAA CO-OPS 8729678 Navarre Beach predictions,2026-08-08T15:57:33.641686-05:00
2019-02-18,70.5,57.8,0.031,14.6,27.5,19.0,5.709,56.0,6.05,,,,-0.682,1.225,1.907,finalized,Open-Meteo ERA5,Open-Meteo ERA5-Ocean,NOAA CO-OPS 8729678 Navarre Beach predictions,2026-08-08T15:57:33.641686-05:00
2019-02-19,66.4,57.1,0.0,13.3,27.3,90.0,5.577,101.0,5.15,,,,-0.551,1.082,1.633,finalized,Open-Meteo ERA5,Open-Meteo ERA5-Ocean,NOAA CO-OPS 8729678 Navarre Beach predictions,2026-08-08T15:57:33.641686-05:00
2019-02-20,71.7,59.8,0.039,16.7,31.5,146.0,5.315,153.0,5.6,,,,-0.343,0.874,1.217,finalized,Open-Meteo ERA5,Open-Meteo ERA5-Ocean,NOAA CO-OPS 8729678 Navarre Beach predictions,2026-08-08T15:57:33.641686-05:00
2019-02-21,75.1,68.9,0.102,9.4,22.1,167.0,3.806,172.0,5.75,,,,-0.124,0.622,0.746,finalized,Open-Meteo ERA5,Open-Meteo ERA5-Ocean,NOAA CO-OPS 8729678 Navarre Beach predictions,2026-08-08T15:57:33.641686-05:00
2019-02-22,73.3,67.0,0.0,10.6,21.9,145.0,2.822,165.0,5.55,,,,0.033,0.288,0.255,finalized,Open-Meteo ERA5,Open-Meteo ERA5-Ocean,NOAA CO-OPS 8729678 Navarre Beach predictions,2026-08-08T15:57:33.641686-05:00
2019-02-23,77.4,68.5,0.0,14.8,29.1,163.0,3.215,165.0,4.8,,,,0.039,0.486,0.447,finalized,Open-Meteo ERA5,Open-Meteo ERA5-Ocean,NOAA CO-OPS 8729678 Navarre Beach predictions,2026-08-08T15:57:33.641686-05:00
2019-02-24,73.6,55.3,0.146,16.6,33.3,305.0,4.265,254.0,4.75,,,,0.688,0.688,0.0,finalized,Open-Meteo ERA5,Open-Meteo ERA5-Ocean,NOAA CO-OPS 8729678 Navarre Beach predictions,2026-08-08T15:57:33.641686-05:00
2019-02-25,68.4,45.3,0.004,13.8,27.7,43.0,5.184,49.0,4.7,,,,-0.14,0.843,0.983,finalized,Open-Meteo ERA5,Open-Meteo ERA5-Ocean,NOAA CO-OPS 8729678 Navarre Beach predictions,2026-08-08T15:57:33.641686-05:00
2019-02-26,69.4,58.1,0.067,10.0,21.3,120.0,2.625,118.0,4.9,,,,-0.305,0.935,1.24,finalized,Open-Meteo ERA5,Open-Meteo ERA5-Ocean,NOAA CO-OPS 8729678 Navarre Beach predictions,2026-08-08T15:57:33.641686-05:00
2019-02-27,71.8,61.3,0.421,9.2,14.3,113.0,2.887,129.0,5.35,,,,-0.413,0.973,1.386,finalized,Open-Meteo ERA5,Open-Meteo ERA5-Ocean,NOAA CO-OPS 8729678 Navarre Beach predictions,2026-08-08T15:57:33.641686-05:00
2019-02-28,71.8,60.7,0.154,12.4,23.5,214.0,1.969,157.0,5.2,,,,-0.47,0.977,1.447,finalized,Open-Meteo ERA5,Open-Meteo ERA5-Ocean,NOAA CO-OPS 8729678 Navarre Beach predictions,2026-08-08T15:57:33.641686-05:00
2019-03-01,74.0,64.1,0.496,9.3,28.0,215.0,1.444,192.0,3.95,,,,-0.482,0.962,1.444,finalized,Open-Meteo ERA5,Open-Meteo ERA5-Ocean,NOAA CO-OPS 8729678 Navarre Beach predictions,2026-08-08T15:57:33.641686-05:00
2019-03-02,74.1,65.4,0.508,7.5,17.9,228.0,2.1,189.0,4.45,,,,-0.458,0.94,1.398,finalized,Open-Meteo ERA5,Open-Meteo ERA5-Ocean,NOAA CO-OPS 8729678 Navarre Beach predictions,2026-08-08T15:57:33.641686-05:00
2019-03-03,73.0,55.2,0.89,20.7,43.6,252.0,4.659,205.0,4.75,,,,-0.404,0.911,1.315,finalized,Open-Meteo ERA5,Open-Meteo ERA5-Ocean,NOAA CO-OPS 8729678 Navarre Beach predictions,2026-08-08T15:57:33.641686-05:00
2019-03-04,54.3,43.5,0.016,13.8,26.4,351.0,4.331,344.0,4.4,,,,-0.322,0.869,1.191,finalized,Open-Meteo ERA5,Open-Meteo ERA5-Ocean,NOAA CO-OPS 8729678 Navarre Beach predictions,2026-08-08T15:57:33.641686-05:00
2019-03-05,54.4,36.7,0.134,13.0,24.4,345.0,3.937,352.0,4.15,,,,-0.219,0.811,1.03,finalized,Open-Meteo ERA5,Open-Meteo ERA5-Ocean,NOAA CO-OPS 8729678 Navarre Beach predictions,2026-08-08T15:57:33.641686-05:00
2019-03-06,56.1,33.5,0.0,11.6,23.3,5.0,4.724,11.0,4.5,,,,-0.111,0.734,0.845,finalized,Open-Meteo ERA5,Open-Meteo ERA5-Ocean,NOAA CO-OPS 8729678 Navarre Beach predictions,2026-08-08T15:57:33.641686-05:00
2019-03-07,61.8,39.8,0.0,7.0,16.6,103.0,1.64,98.0,3.3,,,,0.001,0.639,0.638,finalized,Open-Meteo ERA5,Open-Meteo ERA5-Ocean,NOAA CO-OPS 8729678 Navarre Beach predictions,2026-08-08T15:57:33.641686-05:00
2019-03-08,71.5,57.2,0.0,11.9,23.0,163.0,2.297,156.0,3.85,,,,0.11,0.528,0.418,finalized,Open-Meteo ERA5,Open-Meteo ERA5-Ocean,NOAA CO-OPS 8729678 Navarre Beach predictions,2026-08-08T15:57:33.641686-05:00
2019-03-09,72.9,64.0,0.004,14.6,27.3,160.0,5.184,162.0,5.8,,,,0.108,0.471,0.363,finalized,Open-Meteo ERA5,Open-Meteo ERA5-Ocean,NOAA CO-OPS 8729678 Navarre Beach predictions,2026-08-08T15:57:33.641686-05:00
2019-03-10,78.6,67.1,0.047,9.4,19.7,191.0,4.724,168.0,6.45,,,,0.086,0.652,0.5660000000000001,finalized,Open-Meteo ERA5,Open-Meteo ERA5-Ocean,NOAA CO-OPS 8729678 Navarre Beach predictions,2026-08-08T15:57:33.641686-05:00
2019-03-11,76.9,64.2,0.118,10.0,20.8,229.0,2.493,177.0,5.75,,,,0.031,0.834,0.8029999999999999,finalized,Open-Meteo ERA5,Open-Meteo ERA5-Ocean,NOAA CO-OPS 8729678 Navarre Beach predictions,2026-08-08T15:57:33.641686-05:00
2019-03-12,76.0,56.0,0.0,9.6,19.9,54.0,2.69,79.0,4.35,,,,1.0,1.0,0.0,finalized,Open-Meteo ERA5,Open-Meteo ERA5-Ocean,NOAA CO-OPS 8729678 Navarre Beach predictions,2026-08-08T15:57:33.641686-05:00
2019-03-13,71.3,62.0,0.0,17.1,35.6,128.0,5.643,131.0,5.15,,,,-0.115,1.138,1.253,finalized,Open-Meteo ERA5,Open-Meteo ERA5-Ocean,NOAA CO-OPS 8729678 Navarre Beach predictions,2026-08-08T15:57:33.641686-05:00
2019-03-14,74.0,67.5,0.0,18.8,35.1,152.0,5.577,155.0,5.65,,,,-0.26,1.241,1.501,finalized,Open-Meteo ERA5,Open-Meteo ERA5-Ocean,NOAA CO-OPS 8729678 Navarre Beach predictions,2026-08-08T15:57:33.641686-05:00
2019-03-15,71.5,62.6,0.13,10.3,22.8,308.0,4.134,180.0,5.75,,,,-0.371,1.302,1.673,finalized,Open-Meteo ERA5,Open-Meteo ERA5-Ocean,NOAA CO-OPS 8729678 Navarre Beach predictions,2026-08-08T15:57:33.641686-05:00
2019-03-16,60.8,52.6,0.13,12.1,21.7,8.0,4.331,14.0,4.35,,,,-0.43,1.317,1.747,finalized,Open-Meteo ERA5,Open-Meteo ERA5-Ocean,NOAA CO-OPS 8729678 Navarre Beach predictions,2026-08-08T15:57:33.641686-05:00
2019-03-17,63.7,49.7,0.0,9.1,19.5,16.0,3.084,30.0,3.85,,,,-0.419,1.28,1.699,finalized,Open-Meteo ERA5,Open-Meteo ERA5-Ocean,NOAA CO-OPS 8729678 Navarre Beach predictions,2026-08-08T15:57:33.641686-05:00
2019-03-18,65.6,47.6,0.0,11.7,24.4,19.0,3.346,35.0,3.95,,,,-0.329,1.188,1.517,finalized,Open-Meteo ERA5,Open-Meteo ERA5-Ocean,NOAA CO-OPS 8729678 Navarre Beach predictions,2026-08-08T15:57:33.641686-05:00
2019-03-19,65.7,48.5,0.0,11.6,22.8,35.0,4.659,43.0,4.5,,,,-0.163,1.045,1.208,finalized,Open-Meteo ERA5,Open-Meteo ERA5-Ocean,NOAA CO-OPS 8729678 Navarre Beach predictions,2026-08-08T15:57:33.641686-05:00
2019-03-20,68.5,47.1,0.0,9.7,18.6,55.0,3.15,90.0,4.65,,,,0.038,0.859,0.821,finalized,Open-Meteo ERA5,Open-Meteo ERA5-Ocean,NOAA CO-OPS 8729678 Navarre Beach predictions,2026-08-08T15:57:33.641686-05:00
2019-03-21,71.2,49.1,0.0,12.0,24.4,304.0,3.215,291.0,3.9,,,,0.092,0.427,0.3349999999999999,finalized,Open-Meteo ERA5,Open-Meteo ERA5-Ocean,NOAA CO-OPS 8729678 Navarre Beach predictions,2026-08-08T15:57:33.641686-05:00
2019-03-22,73.3,45.4,0.0,8.4,17.7,324.0,2.69,303.0,3.9,,,,0.012,0.652,0.64,finalized,Open-Meteo ERA5,Open-Meteo ERA5-Ocean,NOAA CO-OPS 8729678 Navarre Beach predictions,2026-08-08T15:57:33.641686-05:00
2019-03-23,73.3,42.0,0.0,9.2,16.8,96.0,1.378,312.0,2.95,,,,-0.05,0.822,0.872,finalized,Open-Meteo ERA5,Open-Meteo ERA5-Ocean,NOAA CO-OPS 8729678 Navarre Beach predictions,2026-08-08T15:57:33.641686-05:00
2019-03-24,72.2,47.2,0.0,8.5,19.2,168.0,0.722,147.0,2.55,,,,-0.111,0.995,1.106,finalized,Open-Meteo ERA5,Open-Meteo ERA5-Ocean,NOAA CO-OPS 8729678 Navarre Beach predictions,2026-08-08T15:57:33.641686-05:00
2019-03-25,76.7,51.3,0.055,13.4,27.5,238.0,2.034,202.0,3.3,,,,1.104,1.104,0.0,finalized,Open-Meteo ERA5,Open-Meteo ERA5-Ocean,NOAA CO-OPS 8729678 Navarre Beach predictions,2026-08-08T15:57:33.641686-05:00
2019-03-26,67.7,53.9,0.0,14.0,27.5,339.0,3.74,331.0,4.1,,,,-0.209,1.15,1.359,finalized,Open-Meteo ERA5,Open-Meteo ERA5-Ocean,NOAA CO-OPS 8729678 Navarre Beach predictions,2026-08-08T15:57:33.641686-05:00
2019-03-27,73.0,50.9,0.0,12.4,24.4,41.0,3.412,29.0,4.05,,,,-0.257,1.146,1.403,finalized,Open-Meteo ERA5,Open-Meteo ERA5-Ocean,NOAA CO-OPS 8729678 Navarre Beach predictions,2026-08-08T15:57:33.641686-05:00
2019-03-28,72.9,48.0,0.0,9.2,19.5,109.0,3.215,94.0,4.3,,,,-0.259,1.112,1.371,finalized,Open-Meteo ERA5,Open-Meteo ERA5-Ocean,NOAA CO-OPS 8729678 Navarre Beach predictions,2026-08-08T15:57:33.641686-05:00
2019-03-29,73.8,50.3,0.0,10.0,21.3,150.0,1.837,122.0,4.25,,,,-0.224,1.064,1.288,finalized,Open-Meteo ERA5,Open-Meteo ERA5-Ocean,NOAA CO-OPS 8729678 Navarre Beach predictions,2026-08-08T15:57:33.641686-05:00
2019-03-30,76.4,57.7,0.0,10.1,21.9,173.0,2.034,154.0,3.95,,,,-0.159,1.014,1.173,finalized,Open-Meteo ERA5,Open-Meteo ERA5-Ocean,NOAA CO-OPS 8729678 Navarre Beach predictions,2026-08-08T15:57:33.641686-05:00
2019-03-31,66.9,51.2,0.224,16.0,30.0,344.0,4.199,352.0,4.25,,,,-0.071,0.963,1.034,finalized,Open-Meteo ERA5,Open-Meteo ERA5-Ocean,NOAA CO-OPS 8729678 Navarre Beach predictions,2026-08-08T15:57:33.641686-05:00
2019-04-01,65.1,48.2,0.0,9.9,21.0,57.0,3.412,49.0,4.0,,,,0.032,0.906,0.874,finalized,Open-Meteo ERA5,Open-Meteo ERA5-Ocean,NOAA CO-OPS 8729678 Navarre Beach predictions,2026-08-08T15:57:33.641686-05:00
2019-04-02,72.4,47.9,0.11,9.3,20.8,320.0,2.1,327.0,3.4,,,,0.139,0.839,0.7,finalized,Open-Meteo ERA5,Open-Meteo ERA5-Ocean,NOAA CO-OPS 8729678 Navarre Beach predictions,2026-08-08T15:57:33.641686-05:00
2019-04-03,72.7,49.4,0.0,9.8,21.9,108.0,2.428,89.0,4.0,,,,0.245,0.76,0.515,finalized,Open-Meteo ERA5,Open-Meteo ERA5-Ocean,NOAA CO-OPS 8729678 Navarre Beach predictions,2026-08-08T15:57:33.641686-05:00
2019-04-04,67.7,55.3,1.0,15.2,28.4,118.0,3.937,124.0,5.0,,,,0.254,0.675,0.421,finalized,Open-Meteo ERA5,Open-Meteo ERA5-Ocean,NOAA CO-OPS 8729678 Navarre Beach predictions,2026-08-08T15:57:33.641686-05:00
2019-04-05,72.3,64.7,1.476,10.9,24.6,171.0,3.937,150.0,5.15,,,,0.181,0.703,0.522,finalized,Open-Meteo ERA5,Open-Meteo ERA5-Ocean,NOAA CO-OPS 8729678 Navarre Beach predictions,2026-08-08T15:57:33.641686-05:00
2019-04-06,75.2,66.5,0.157,8.8,22.1,153.0,2.297,162.0,5.05,,,,0.107,0.866,0.759,finalized,Open-Meteo ERA5,Open-Meteo ERA5-Ocean,NOAA CO-OPS 8729678 Navarre Beach predictions,2026-08-08T15:57:33.641686-05:00
2019-04-07,75.7,68.5,0.0,12.7,23.9,128.0,3.084,149.0,5.0,,,,0.036,1.036,1.0,finalized,Open-Meteo ERA5,Open-Meteo ERA5-Ocean,NOAA CO-OPS 8729678 Navarre Beach predictions,2026-08-08T15:57:33.641686-05:00
2019-04-08,73.4,68.1,0.843,13.7,31.1,172.0,4.199,169.0,5.55,,,,-0.026,1.197,1.223,finalized,Open-Meteo ERA5,Open-Meteo ERA5-Ocean,NOAA CO-OPS 8729678 Navarre Beach predictions,2026-08-08T15:57:33.641686-05:00
2019-04-09,76.9,66.7,0.031,12.7,21.7,244.0,4.528,218.0,5.45,,,,-0.091,1.338,1.429,finalized,Open-Meteo ERA5,Open-Meteo ERA5-Ocean,NOAA CO-OPS 8729678 Navarre Beach predictions,2026-08-08T15:57:33.641686-05:00
2019-04-10,85.7,63.1,0.0,7.7,14.1,320.0,2.822,239.0,5.25,,,,-0.164,1.442,1.606,finalized,Open-Meteo ERA5,Open-Meteo ERA5-Ocean,NOAA CO-OPS 8729678 Navarre Beach predictions,2026-08-08T15:57:33.641686-05:00
2019-04-11,78.2,63.6,0.0,13.9,27.7,153.0,2.1,162.0,4.55,,,,1.499,1.499,0.0,finalized,Open-Meteo ERA5,Open-Meteo ERA5-Ocean,NOAA CO-OPS 8729678 Navarre Beach predictions,2026-08-08T15:57:33.641686-05:00
2019-04-12,77.1,64.7,0.059,9.9,21.5,142.0,2.822,172.0,5.45,,,,-0.204,1.501,1.7049999999999998,finalized,Open-Meteo ERA5,Open-Meteo ERA5-Ocean,NOAA CO-OPS 8729678 Navarre Beach predictions,2026-08-08T15:57:33.641686-05:00
2019-04-13,80.5,69.1,0.043,16.9,35.3,135.0,5.577,163.0,5.6,,,,-0.19,1.445,1.635,finalized,Open-Meteo ERA5,Open-Meteo ERA5-Ocean,NOAA CO-OPS 8729678 Navarre Beach predictions,2026-08-08T15:57:33.641686-05:00
2019-04-14,76.0,56.6,1.276,26.1,50.8,222.0,9.121,201.0,6.95,,,,-0.111,1.331,1.442,finalized,Open-Meteo ERA5,Open-Meteo ERA5-Ocean,NOAA CO-OPS 8729678 Navarre Beach predictions,2026-08-08T15:57:33.641686-05:00
2019-04-15,74.7,48.7,0.0,11.2,22.8,340.0,6.037,286.0,6.4,,,,0.034,1.168,1.134,finalized,Open-Meteo ERA5,Open-Meteo ERA5-Ocean,NOAA CO-OPS 8729678 Navarre Beach predictions,2026-08-08T15:57:33.641686-05:00
2019-04-16,74.2,50.7,0.0,7.8,18.3,120.0,2.165,131.0,6.4,,,,0.218,1.005,0.7869999999999999,finalized,Open-Meteo ERA5,Open-Meteo ERA5-Ocean,NOAA CO-OPS 8729678 Navarre Beach predictions,2026-08-08T15:57:33.641686-05:00
2019-04-17,76.4,56.1,0.0,9.5,20.6,146.0,1.837,142.0,4.25,,,,0.387,0.844,0.4569999999999999,finalized,Open-Meteo ERA5,Open-Meteo ERA5-Ocean,NOAA CO-OPS 8729678 Navarre Beach predictions,2026-08-08T15:57:33.641686-05:00
2019-04-18,77.7,68.1,0.079,18.0,43.0,154.0,4.987,157.0,5.15,,,,0.216,0.85,0.634,finalized,Open-Meteo ERA5,Open-Meteo ERA5-Ocean,NOAA CO-OPS 8729678 Navarre Beach predictions,2026-08-08T15:57:33.641686-05:00
2019-04-19,73.1,55.0,1.272,22.0,49.2,266.0,7.415,237.0,5.95,,,,0.052,1.03,0.978,finalized,Open-Meteo ERA5,Open-Meteo ERA5-Ocean,NOAA CO-OPS 8729678 Navarre Beach predictions,2026-08-08T15:57:33.641686-05:00
2019-04-20,71.7,50.6,0.0,16.8,30.2,281.0,5.906,277.0,5.6,,,,-0.073,1.217,1.29,finalized,Open-Meteo ERA5,Open-Meteo ERA5-Ocean,NOAA CO-OPS 8729678 Navarre Beach predictions,2026-08-08T15:57:33.641686-05:00
2019-04-21,74.2,44.5,0.0,7.8,14.1,275.0,3.018,258.0,4.8,,,,-0.153,1.347,1.5,finalized,Open-Meteo ERA5,Open-Meteo ERA5-Ocean,NOAA CO-OPS 8729678 Navarre Beach predictions,2026-08-08T15:57:33.641686-05:00
2019-04-22,78.6,48.6,0.0,8.1,15.9,263.0,0.984,198.0,4.85,,,,-0.199,1.413,1.612,finalized,Open-Meteo ERA5,Open-Meteo ERA5-Ocean,NOAA CO-OPS 8729678 Navarre Beach predictions,2026-08-08T15:57:33.641686-05:00
2019-04-23,79.4,52.9,0.0,9.0,18.6,201.0,0.853,149.0,3.7,,,,-0.199,1.423,1.622,finalized,Open-Meteo ERA5,Open-Meteo ERA5-Ocean,NOAA CO-OPS 8729678 Navarre Beach predictions,2026-08-08T15:57:33.641686-05:00
2019-04-24,74.2,62.9,0.0,9.1,19.5,172.0,1.509,156.0,4.25,,,,1.39,1.39,0.0,finalized,Open-Meteo ERA5,Open-Meteo ERA5-Ocean,NOAA CO-OPS 8729678 Navarre Beach predictions,2026-08-08T15:57:33.641686-05:00
2019-04-25,73.2,61.7,1.087,17.3,33.6,152.0,3.871,158.0,4.75,,,,-0.156,1.329,1.485,finalized,Open-Meteo ERA5,Open-Meteo ERA5-Ocean,NOAA CO-OPS 8729678 Navarre Beach predictions,2026-08-08T15:57:33.641686-05:00
2019-04-26,80.5,61.0,0.012,12.9,28.6,323.0,3.215,249.0,4.5,,,,-0.079,1.251,1.3299999999999998,finalized,Open-Meteo ERA5,Open-Meteo ERA5-Ocean,NOAA CO-OPS 8729678 Navarre Beach predictions,2026-08-08T15:57:33.641686-05:00
2019-04-27,76.2,54.7,0.0,9.2,18.3,152.0,1.903,155.0,4.25,,,,0.022,1.162,1.14,finalized,Open-Meteo ERA5,Open-Meteo ERA5-Ocean,NOAA CO-OPS 8729678 Navarre Beach predictions,2026-08-08T15:57:33.641686-05:00
2019-04-28,77.2,56.5,0.0,7.8,16.6,206.0,1.115,176.0,4.2,,,,0.14,1.064,0.924,finalized,Open-Meteo ERA5,Open-Meteo ERA5-Ocean,NOAA CO-OPS 8729678 Navarre Beach predictions,2026-08-08T15:57:33.641686-05:00
2019-04-29,79.0,57.2,0.0,8.8,18.8,148.0,0.853,150.0,3.8,,,,0.264,0.955,0.691,finalized,Open-Meteo ERA5,Open-Meteo ERA5-Ocean,NOAA CO-OPS 8729678 Navarre Beach predictions,2026-08-08T15:57:33.641686-05:00
2019-04-30,81.2,62.4,0.0,10.2,21.5,134.0,2.1,131.0,4.0,,,,0.387,0.841,0.4539999999999999,finalized,Open-Meteo ERA5,Open-Meteo ERA5-Ocean,NOAA CO-OPS 8729678 Navarre Beach predictions,2026-08-08T15:57:33.641686-05:00
2019-05-01,81.3,65.4,0.012,12.0,27.1,142.0,2.428,139.0,5.25,,,,0.497,0.808,0.311,finalized,Open-Meteo ERA5,Open-Meteo ERA5-Ocean,NOAA CO-OPS 8729678 Navarre Beach predictions,2026-08-08T15:57:33.641686-05:00
2019-05-02,82.4,66.4,0.0,9.6,19.7,123.0,2.428,139.0,5.45,,,,0.394,0.928,0.534,finalized,Open-Meteo ERA5,Open-Meteo ERA5-Ocean,NOAA CO-OPS 8729678 Navarre Beach predictions,2026-08-08T15:57:33.641686-05:00
2019-05-03,83.0,66.7,0.024,7.2,14.3,190.0,1.969,143.0,5.55,,,,0.247,1.072,0.8250000000000001,finalized,Open-Meteo ERA5,Open-Meteo ERA5-Ocean,NOAA CO-OPS 8729678 Navarre Beach predictions,2026-08-08T15:57:33.641686-05:00
2019-05-04,81.4,71.9,0.756,12.8,26.2,208.0,3.018,189.0,4.3,,,,0.106,1.225,1.119,finalized,Open-Meteo ERA5,Open-Meteo ERA5-Ocean,NOAA CO-OPS 8729678 Navarre Beach predictions,2026-08-08T15:57:33.641686-05:00
2019-05-05,82.2,68.5,0.063,12.8,27.1,291.0,3.675,219.0,4.65,,,,-0.017,1.375,1.392,finalized,Open-Meteo ERA5,Open-Meteo ERA5-Ocean,NOAA CO-OPS 8729678 Navarre Beach predictions,2026-08-08T15:57:33.641686-05:00
2019-05-06,82.3,62.4,0.0,7.2,14.1,308.0,2.1,167.0,5.85,,,,-0.11,1.514,1.624,finalized,Open-Meteo ERA5,Open-Meteo ERA5-Ocean,NOAA CO-OPS 8729678 Navarre Beach predictions,2026-08-08T15:57:33.641686-05:00
2019-05-07,85.2,63.0,0.0,7.2,13.4,159.0,1.772,169.0,6.6,,,,-0.171,1.629,1.8,finalized,Open-Meteo ERA5,Open-Meteo ERA5-Ocean,NOAA CO-OPS 8729678 Navarre Beach predictions,2026-08-08T15:57:33.641686-05:00
2019-05-08,82.5,66.9,0.004,12.4,28.2,144.0,2.69,154.0,5.5,,,,-0.198,1.706,1.904,finalized,Open-Meteo ERA5,Open-Meteo ERA5-Ocean,NOAA CO-OPS 8729678 Navarre Beach predictions,2026-08-08T15:57:33.641686-05:00
2019-05-09,81.9,69.9,0.043,14.1,34.0,147.0,3.15,147.0,5.65,,,,-0.179,1.731,1.91,finalized,Open-Meteo ERA5,Open-Meteo ERA5-Ocean,NOAA CO-OPS 8729678 Navarre Beach predictions,2026-08-08T15:57:33.641686-05:00
2019-05-10,82.3,68.8,0.035,10.8,21.3,132.0,3.74,154.0,5.6,,,,1.692,1.692,0.0,finalized,Open-Meteo ERA5,Open-Meteo ERA5-Ocean,NOAA CO-OPS 8729678 Navarre Beach predictions,2026-08-08T15:57:33.641686-05:00
2019-05-11,81.7,74.3,0.012,12.9,25.9,177.0,2.428,159.0,5.1,,,,-0.099,1.582,1.681,finalized,Open-Meteo ERA5,Open-Meteo ERA5-Ocean,NOAA CO-OPS 8729678 Navarre Beach predictions,2026-08-08T15:57:33.641686-05:00
2019-05-12,79.4,72.4,0.295,15.7,32.9,211.0,3.412,184.0,4.5,,,,0.043,1.401,1.358,finalized,Open-Meteo ERA5,Open-Meteo ERA5-Ocean,NOAA CO-OPS 8729678 Navarre Beach predictions,2026-08-08T15:57:33.641686-05:00
2019-05-13,83.3,70.3,0.193,10.6,21.9,328.0,3.412,203.0,5.3,,,,0.231,1.16,0.929,finalized,Open-Meteo ERA5,Open-Meteo ERA5-Ocean,NOAA CO-OPS 8729678 Navarre Beach predictions,2026-08-08T15:57:33.641686-05:00
2019-05-14,83.1,63.2,0.0,9.2,19.0,2.0,3.084,89.0,4.8,,,,0.419,0.937,0.518,finalized,Open-Meteo ERA5,Open-Meteo ERA5-Ocean,NOAA CO-OPS 8729678 Navarre Beach predictions,2026-08-08T15:57:33.641686-05:00
2019-05-15,82.8,60.5,0.0,7.6,15.4,20.0,1.969,75.0,4.0,,,,0.552,1.042,0.49,finalized,Open-Meteo ERA5,Open-Meteo ERA5-Ocean,NOAA CO-OPS 8729678 Navarre Beach predictions,2026-08-08T15:57:33.641686-05:00
2019-05-16,84.9,62.3,0.008,7.9,15.4,236.0,0.984,174.0,4.3,,,,0.292,1.183,0.891,finalized,Open-Meteo ERA5,Open-Meteo ERA5-Ocean,NOAA CO-OPS 8729678 Navarre Beach predictions,2026-08-08T15:57:33.641686-05:00
2019-05-17,83.9,65.2,0.0,9.2,19.9,189.0,1.247,159.0,5.1,,,,0.058,1.342,1.284,finalized,Open-Meteo ERA5,Open-Meteo ERA5-Ocean,NOAA CO-OPS 8729678 Navarre Beach predictions,2026-08-08T15:57:33.641686-05:00
2019-05-18,84.7,70.9,0.0,11.0,23.5,151.0,2.297,149.0,4.15,,,,-0.118,1.487,1.605,finalized,Open-Meteo ERA5,Open-Meteo ERA5-Ocean,NOAA CO-OPS 8729678 Navarre Beach predictions,2026-08-08T15:57:33.641686-05:00
2019-05-19,82.6,72.4,0.0,11.0,25.9,167.0,2.822,163.0,5.5,,,,-0.227,1.575,1.802,finalized,Open-Meteo ERA5,Open-Meteo ERA5-Ocean,NOAA CO-OPS 8729678 Navarre Beach predictions,2026-08-08T15:57:33.641686-05:00
2019-05-20,85.3,70.0,0.0,8.3,17.2,191.0,2.362,169.0,5.5,,,,-0.269,1.606,1.875,finalized,Open-Meteo ERA5,Open-Meteo ERA5-Ocean,NOAA CO-OPS 8729678 Navarre Beach predictions,2026-08-08T15:57:33.641686-05:00
2019-05-21,83.9,71.6,0.0,11.1,23.7,170.0,2.297,170.0,4.85,,,,-0.254,1.593,1.847,finalized,Open-Meteo ERA5,Open-Meteo ERA5-Ocean,NOAA CO-OPS 8729678 Navarre Beach predictions,2026-08-08T15:57:33.641686-05:00
2019-05-22,87.1,69.2,0.0,8.2,20.8,161.0,2.231,176.0,5.0,,,,-0.193,1.547,1.74,finalized,Open-Meteo ERA5,Open-Meteo ERA5-Ocean,NOAA CO-OPS 8729678 Navarre Beach predictions,2026-08-08T15:57:33.641686-05:00
2019-05-23,86.8,72.0,0.0,9.5,20.1,153.0,2.559,160.0,5.05,,,,-0.096,1.48,1.576,finalized,Open-Meteo ERA5,Open-Meteo ERA5-Ocean,NOAA CO-OPS 8729678 Navarre Beach predictions,2026-08-08T15:57:33.641686-05:00
2019-05-24,88.6,71.5,0.0,7.3,16.1,148.0,2.493,145.0,5.9,,,,0.026,1.396,1.37,finalized,Open-Meteo ERA5,Open-Meteo ERA5-Ocean,NOAA CO-OPS 8729678 Navarre Beach predictions,2026-08-08T15:57:33.641686-05:00
2019-05-25,93.8,69.8,0.0,5.4,11.9,231.0,2.428,142.0,6.0,,,,0.166,1.294,1.128,finalized,Open-Meteo ERA5,Open-Meteo ERA5-Ocean,NOAA CO-OPS 8729678 Navarre Beach predictions,2026-08-08T15:57:33.641686-05:00
2019-05-26,92.1,73.5,0.0,8.7,18.6,199.0,1.969,145.0,5.65,,,,1.171,1.171,0.0,finalized,Open-Meteo ERA5,Open-Meteo ERA5-Ocean,NOAA CO-OPS 8729678 Navarre Beach predictions,2026-08-08T15:57:33.641686-05:00
2019-05-27,89.7,73.8,0.0,10.9,23.5,208.0,2.165,152.0,5.45,,,,0.312,1.025,0.7129999999999999,finalized,Open-Meteo ERA5,Open-Meteo ERA5-Ocean,NOAA CO-OPS 8729678 Navarre Beach predictions,2026-08-08T15:57:33.641686-05:00
2019-05-28,90.2,73.3,0.0,10.1,20.8,219.0,2.756,174.0,5.9,,,,0.451,0.907,0.456,finalized,Open-Meteo ERA5,Open-Meteo ERA5-Ocean,NOAA CO-OPS 8729678 Navarre Beach predictions,2026-08-08T15:57:33.641686-05:00
2019-05-29,89.4,70.8,0.0,10.7,22.1,185.0,2.297,174.0,5.6,,,,0.569,0.993,0.424,finalized,Open-Meteo ERA5,Open-Meteo ERA5-Ocean,NOAA CO-OPS 8729678 Navarre Beach predictions,2026-08-08T15:57:33.641686-05:00
2019-05-30,88.6,74.4,0.008,11.3,23.9,206.0,2.559,168.0,5.15,,,,0.46,1.127,0.667,finalized,Open-Meteo ERA5,Open-Meteo ERA5-Ocean,NOAA CO-OPS 8729678 Navarre Beach predictions,2026-08-08T15:57:33.641686-05:00
2019-05-31,90.4,76.3,0.008,11.4,23.5,238.0,2.362,169.0,5.25,,,,0.258,1.275,1.017,finalized,Open-Meteo ERA5,Open-Meteo ERA5-Ocean,NOAA CO-OPS 8729678 Navarre Beach predictions,2026-08-08T15:57:33.641686-05:00
2019-06-01,91.2,78.1,0.48,10.0,19.2,247.0,2.165,205.0,4.55,,,,0.068,1.422,1.354,finalized,Open-Meteo ERA5,Open-Meteo ERA5-Ocean,NOAA CO-OPS 8729678 Navarre Beach predictions,2026-08-08T15:57:33.641686-05:00
2019-06-02,90.6,76.2,0.0,8.9,21.3,242.0,1.837,202.0,4.65,,,,-0.097,1.561,1.658,finalized,Open-Meteo ERA5,Open-Meteo ERA5-Ocean,NOAA CO-OPS 8729678 Navarre Beach predictions,2026-08-08T15:57:33.641686-05:00
2019-06-03,94.5,74.5,0.0,10.2,22.8,257.0,1.312,189.0,4.6,,,,-0.221,1.684,1.905,finalized,Open-Meteo ERA5,Open-Meteo ERA5-Ocean,NOAA CO-OPS 8729678 Navarre Beach predictions,2026-08-08T15:57:33.641686-05:00
2019-06-04,94.0,76.5,0.008,10.2,19.2,239.0,1.444,194.0,4.35,,,,-0.295,1.779,2.074,finalized,Open-Meteo ERA5,Open-Meteo ERA5-Ocean,NOAA CO-OPS 8729678 Navarre Beach predictions,2026-08-08T15:57:33.641686-05:00
2019-06-05,86.0,76.0,0.264,7.4,17.4,196.0,1.444,185.0,3.75,,,,-0.308,1.835,2.143,finalized,Open-Meteo ERA5,Open-Meteo ERA5-Ocean,NOAA CO-OPS 8729678 Navarre Beach predictions,2026-08-08T15:57:33.641686-05:00
2019-06-06,80.7,74.1,0.854,11.9,27.7,170.0,4.724,195.0,5.1,,,,-0.253,1.836,2.089,finalized,Open-Meteo ERA5,Open-Meteo ERA5-Ocean,NOAA CO-OPS 8729678 Navarre Beach predictions,2026-08-08T15:57:33.641686-05:00
2019-06-07,82.2,79.1,0.386,14.7,29.1,217.0,4.724,215.0,5.15,,,,-0.127,1.769,1.896,finalized,Open-Meteo ERA5,Open-Meteo ERA5-Ocean,NOAA CO-OPS 8729678 Navarre Beach predictions,2026-08-08T15:57:33.641686-05:00
2019-06-08,84.7,76.7,0.669,13.4,28.6,209.0,4.659,210.0,5.25,,,,0.063,1.629,1.566,finalized,Open-Meteo ERA5,Open-Meteo ERA5-Ocean,NOAA CO-OPS 8729678 Navarre Beach predictions,2026-08-08T15:57:33.641686-05:00
2019-06-09,85.9,75.5,0.035,10.0,19.7,230.0,3.346,202.0,5.2,,,,0.278,1.417,1.139,finalized,Open-Meteo ERA5,Open-Meteo ERA5-Ocean,NOAA CO-OPS 8729678 Navarre Beach predictions,2026-08-08T15:57:33.641686-05:00
2019-06-10,88.0,75.6,0.685,6.3,16.8,333.0,2.297,200.0,4.9,,,,0.461,1.151,0.69,finalized,Open-Meteo ERA5,Open-Meteo ERA5-Ocean,NOAA CO-OPS 8729678 Navarre Beach predictions,2026-08-08T15:57:33.641686-05:00
2019-06-11,89.6,75.3,0.0,10.9,22.4,360.0,2.69,102.0,4.95,,,,0.584,1.032,0.448,finalized,Open-Meteo ERA5,Open-Meteo ERA5-Ocean,NOAA CO-OPS 8729678 Navarre Beach predictions,2026-08-08T15:57:33.641686-05:00
2019-06-12,87.5,73.8,0.0,13.1,24.6,280.0,2.559,221.0,4.55,,,,0.47,1.18,0.71,finalized,Open-Meteo ERA5,Open-Meteo ERA5-Ocean,NOAA CO-OPS 8729678 Navarre Beach predictions,2026-08-08T15:57:33.641686-05:00
2019-06-13,87.7,70.2,0.0,6.5,14.8,300.0,2.362,223.0,4.35,,,,0.194,1.338,1.144,finalized,Open-Meteo ERA5,Open-Meteo ERA5-Ocean,NOAA CO-OPS 8729678 Navarre Beach predictions,2026-08-08T15:57:33.641686-05:00
2019-06-14,88.3,69.9,0.0,7.6,17.9,81.0,2.034,115.0,4.25,,,,-0.034,1.482,1.516,finalized,Open-Meteo ERA5,Open-Meteo ERA5-Ocean,NOAA CO-OPS 8729678 Navarre Beach predictions,2026-08-08T15:57:33.641686-05:00
2019-06-15,88.1,73.3,0.02,7.9,18.6,161.0,1.444,153.0,3.75,,,,-0.199,1.59,1.789,finalized,Open-Meteo ERA5,Open-Meteo ERA5-Ocean,NOAA CO-OPS 8729678 Navarre Beach predictions,2026-08-08T15:57:33.641686-05:00
2019-06-16,87.5,76.2,0.075,8.7,19.0,187.0,1.378,168.0,3.65,,,,-0.297,1.645,1.942,finalized,Open-Meteo ERA5,Open-Meteo ERA5-Ocean,NOAA CO-OPS 8729678 Navarre Beach predictions,2026-08-08T15:57:33.641686-05:00
2019-06-17,90.0,76.1,0.063,10.0,20.4,146.0,1.64,153.0,3.95,,,,-0.332,1.652,1.984,finalized,Open-Meteo ERA5,Open-Meteo ERA5-Ocean,NOAA CO-OPS 8729678 Navarre Beach predictions,2026-08-08T15:57:33.641686-05:00
2019-06-18,86.6,76.7,0.516,11.1,25.3,200.0,3.018,182.0,4.25,,,,-0.314,1.625,1.939,finalized,Open-Meteo ERA5,Open-Meteo ERA5-Ocean,NOAA CO-OPS 8729678 Navarre Beach predictions,2026-08-08T15:57:33.641686-05:00
2019-06-19,88.4,76.7,0.043,14.3,26.6,232.0,3.937,219.0,4.55,,,,-0.251,1.577,1.828,finalized,Open-Meteo ERA5,Open-Meteo ERA5-Ocean,NOAA CO-OPS 8729678 Navarre Beach predictions,2026-08-08T15:57:33.641686-05:00
2019-06-20,89.7,81.0,0.142,15.1,32.9,235.0,5.118,221.0,5.2,,,,-0.152,1.515,1.6669999999999998,finalized,Open-Meteo ERA5,Open-Meteo ERA5-Ocean,NOAA CO-OPS 8729678 Navarre Beach predictions,2026-08-08T15:57:33.641686-05:00
2019-06-21,91.0,81.7,0.012,11.4,23.5,232.0,4.068,211.0,5.05,,,,-0.024,1.439,1.463,finalized,Open-Meteo ERA5,Open-Meteo ERA5-Ocean,NOAA CO-OPS 8729678 Navarre Beach predictions,2026-08-08T15:57:33.641686-05:00
2019-06-22,90.4,80.3,0.004,10.6,21.5,230.0,3.15,202.0,4.85,,,,0.124,1.345,1.221,finalized,Open-Meteo ERA5,Open-Meteo ERA5-Ocean,NOAA CO-OPS 8729678 Navarre Beach predictions,2026-08-08T15:57:33.641686-05:00
2019-06-23,89.9,79.7,0.0,9.3,19.7,208.0,2.428,190.0,4.7,,,,0.28,1.227,0.947,finalized,Open-Meteo ERA5,Open-Meteo ERA5-Ocean,NOAA CO-OPS 8729678 Navarre Beach predictions,2026-08-08T15:57:33.641686-05:00
2019-06-24,90.6,80.7,0.0,13.1,36.9,219.0,3.543,205.0,4.8,,,,0.428,1.082,0.6540000000000001,finalized,Open-Meteo ERA5,Open-Meteo ERA5-Ocean,NOAA CO-OPS 8729678 Navarre Beach predictions,2026-08-08T15:57:33.641686-05:00
2019-06-25,93.7,78.4,0.0,7.5,21.0,252.0,2.822,207.0,4.8,,,,0.547,0.92,0.373,finalized,Open-Meteo ERA5,Open-Meteo ERA5-Ocean,NOAA CO-OPS 8729678 Navarre Beach predictions,2026-08-08T15:57:33.641686-05:00
2019-06-26,94.9,75.7,0.079,8.8,17.2,5.0,1.903,171.0,4.4,,,,0.607,1.007,0.3999999999999999,finalized,Open-Meteo ERA5,Open-Meteo ERA5-Ocean,NOAA CO-OPS 8729678 Navarre Beach predictions,2026-08-08T15:57:33.641686-05:00
2019-06-27,93.7,77.1,0.055,8.5,22.8,358.0,2.034,345.0,3.8,,,,0.47,1.161,0.6910000000000001,finalized,Open-Meteo ERA5,Open-Meteo ERA5-Ocean,NOAA CO-OPS 8729678 Navarre Beach predictions,2026-08-08T15:57:33.641686-05:00
2019-06-28,86.8,73.5,0.067,8.1,17.9,65.0,2.1,41.0,3.55,,,,0.258,1.322,1.064,finalized,Open-Meteo ERA5,Open-Meteo ERA5-Ocean,NOAA CO-OPS 8729678 Navarre Beach predictions,2026-08-08T15:57:33.641686-05:00
2019-06-29,84.6,75.1,0.205,8.6,21.3,120.0,1.575,124.0,3.75,,,,0.05,1.476,1.426,finalized,Open-Meteo ERA5,Open-Meteo ERA5-Ocean,NOAA CO-OPS 8729678 Navarre Beach predictions,2026-08-08T15:57:33.641686-05:00
2019-06-30,87.9,75.5,0.067,7.3,16.8,173.0,1.575,144.0,4.6,,,,-0.132,1.616,1.7480000000000002,finalized,Open-Meteo ERA5,Open-Meteo ERA5-Ocean,NOAA CO-OPS 8729678 Navarre Beach predictions,2026-08-08T15:57:33.641686-05:00
2019-07-01,90.5,75.9,0.012,8.8,18.8,257.0,1.903,190.0,4.35,,,,-0.271,1.734,2.005,finalized,Open-Meteo ERA5,Open-Meteo ERA5-Ocean,NOAA CO-OPS 8729678 Navarre Beach predictions,2026-08-08T15:57:33.641686-05:00
2019-07-02,92.0,77.5,0.012,9.1,20.8,273.0,1.969,251.0,3.35,,,,-0.351,1.821,2.172,finalized,Open-Meteo ERA5,Open-Meteo ERA5-Ocean,NOAA CO-OPS 8729678 Navarre Beach predictions,2026-08-08T15:57:33.641686-05:00
2019-07-03,91.8,75.9,0.0,9.1,15.0,277.0,1.969,255.0,3.55,,,,-0.357,1.863,2.22,finalized,Open-Meteo ERA5,Open-Meteo ERA5-Ocean,NOAA CO-OPS 8729678 Navarre Beach predictions,2026-08-08T15:57:33.641686-05:00
2019-07-04,93.6,76.6,0.035,9.2,20.6,313.0,1.575,262.0,3.35,,,,-0.282,1.845,2.127,finalized,Open-Meteo ERA5,Open-Meteo ERA5-Ocean,NOAA CO-OPS 8729678 Navarre Beach predictions,2026-08-08T15:57:33.641686-05:00
2019-07-05,94.7,78.7,0.02,9.2,17.7,253.0,1.115,266.0,3.1,,,,-0.124,1.756,1.88,finalized,Open-Meteo ERA5,Open-Meteo ERA5-Ocean,NOAA CO-OPS 8729678 Navarre Beach predictions,2026-08-08T15:57:33.641686-05:00
2019-07-06,95.3,80.8,0.039,9.4,21.9,195.0,1.247,230.0,2.95,,,,0.1,1.593,1.493,finalized,Open-Meteo ERA5,Open-Meteo ERA5-Ocean,NOAA CO-OPS 8729678 Navarre Beach predictions,2026-08-08T15:57:33.641686-05:00
2019-07-07,97.0,79.7,0.0,8.3,22.6,277.0,2.231,247.0,3.75,,,,0.323,1.364,1.041,finalized,Open-Meteo ERA5,Open-Meteo ERA5-Ocean,NOAA CO-OPS 8729678 Navarre Beach predictions,2026-08-08T15:57:33.641686-05:00
2019-07-08,94.8,76.9,0.118,7.1,21.0,301.0,3.15,262.0,4.1,,,,0.489,1.096,0.6070000000000001,finalized,Open-Meteo ERA5,Open-Meteo ERA5-Ocean,NOAA CO-OPS 8729678 Navarre Beach predictions,2026-08-08T15:57:33.641686-05:00
2019-07-09,89.7,78.1,0.134,8.3,21.5,307.0,2.362,266.0,4.1,,,,0.581,0.999,0.418,finalized,Open-Meteo ERA5,Open-Meteo ERA5-Ocean,NOAA CO-OPS 8729678 Navarre Beach predictions,2026-08-08T15:57:33.641686-05:00
2019-07-10,87.4,77.6,0.417,9.4,23.3,84.0,2.165,232.0,3.65,,,,0.409,1.189,0.78,finalized,Open-Meteo ERA5,Open-Meteo ERA5-Ocean,NOAA CO-OPS 8729678 Navarre Beach predictions,2026-08-08T15:57:33.641686-05:00
2019-07-11,85.8,78.6,0.28,13.9,28.9,127.0,7.743,152.0,6.75,,,,0.154,1.368,1.2140000000000002,finalized,Open-Meteo ERA5,Open-Meteo ERA5-Ocean,NOAA CO-OPS 8729678 Navarre Beach predictions,2026-08-08T15:57:33.641686-05:00
2019-07-12,84.6,78.4,0.406,17.1,31.1,154.0,9.514,180.0,8.05,,,,-0.047,1.51,1.557,finalized,Open-Meteo ERA5,Open-Meteo ERA5-Ocean,NOAA CO-OPS 8729678 Navarre Beach predictions,2026-08-08T15:57:33.641686-05:00
2019-07-13,86.8,79.1,0.11,15.1,39.8,161.0,9.449,188.0,7.85,,,,-0.184,1.598,1.782,finalized,Open-Meteo ERA5,Open-Meteo ERA5-Ocean,NOAA CO-OPS 8729678 Navarre Beach predictions,2026-08-08T15:57:33.641686-05:00
2019-07-14,87.8,81.4,0.248,11.9,24.6,149.0,5.971,172.0,6.5,,,,-0.261,1.634,1.895,finalized,Open-Meteo ERA5,Open-Meteo ERA5-Ocean,NOAA CO-OPS 8729678 Navarre Beach predictions,2026-08-08T15:57:33.641686-05:00
2019-07-15,89.5,80.9,0.035,9.0,23.9,165.0,3.281,165.0,5.25,,,,-0.282,1.628,1.91,finalized,Open-Meteo ERA5,Open-Meteo ERA5-Ocean,NOAA CO-OPS 8729678 Navarre Beach predictions,2026-08-08T15:57:33.641686-05:00
2019-07-16,91.0,77.7,0.0,8.6,20.6,194.0,2.297,171.0,5.25,,,,-0.257,1.596,1.853,finalized,Open-Meteo ERA5,Open-Meteo ERA5-Ocean,NOAA CO-OPS 8729678 Navarre Beach predictions,2026-08-08T15:57:33.641686-05:00
2019-07-17,91.7,75.1,0.02,7.6,17.0,230.0,1.444,174.0,4.5,,,,-0.191,1.55,1.741,finalized,Open-Meteo ERA5,Open-Meteo ERA5-Ocean,NOAA CO-OPS 8729678 Navarre Beach predictions,2026-08-08T15:57:33.641686-05:00
2019-07-18,91.2,77.5,0.059,8.3,17.9,236.0,1.181,181.0,3.85,,,,-0.09,1.495,1.5850000000000002,finalized,Open-Meteo ERA5,Open-Meteo ERA5-Ocean,NOAA CO-OPS 8729678 Navarre Beach predictions,2026-08-08T15:57:33.641686-05:00
2019-07-19,87.5,77.8,0.22,7.7,17.0,207.0,1.247,174.0,3.9,,,,0.039,1.429,1.39,finalized,Open-Meteo ERA5,Open-Meteo ERA5-Ocean,NOAA CO-OPS 8729678 Navarre Beach predictions,2026-08-08T15:57:33.641686-05:00
2019-07-20,84.2,76.3,0.508,7.8,16.1,182.0,1.378,159.0,4.15,,,,0.184,1.345,1.161,finalized,Open-Meteo ERA5,Open-Meteo ERA5-Ocean,NOAA CO-OPS 8729678 Navarre Beach predictions,2026-08-08T15:57:33.641686-05:00
2019-07-21,85.2,73.9,0.118,8.7,18.3,194.0,1.378,162.0,4.2,,,,0.335,1.238,0.903,finalized,Open-Meteo ERA5,Open-Meteo ERA5-Ocean,NOAA CO-OPS 8729678 Navarre Beach predictions,2026-08-08T15:57:33.641686-05:00
2019-07-22,87.2,75.9,0.016,9.5,21.3,212.0,1.706,181.0,3.95,,,,0.476,1.106,0.6300000000000001,finalized,Open-Meteo ERA5,Open-Meteo ERA5-Ocean,NOAA CO-OPS 8729678 Navarre Beach predictions,2026-08-08T15:57:33.641686-05:00
2019-07-23,86.1,76.2,1.516,9.5,19.7,255.0,2.69,236.0,4.0,,,,0.584,0.952,0.368,finalized,Open-Meteo ERA5,Open-Meteo ERA5-Ocean,NOAA CO-OPS 8729678 Navarre Beach predictions,2026-08-08T15:57:33.641686-05:00
2019-07-24,88.6,73.4,0.004,8.1,16.3,16.0,1.772,305.0,3.9,,,,0.638,0.973,0.3349999999999999,finalized,Open-Meteo ERA5,Open-Meteo ERA5-Ocean,NOAA CO-OPS 8729678 Navarre Beach predictions,2026-08-08T15:57:33.641686-05:00
2019-07-25,89.2,72.9,0.0,9.1,18.6,70.0,2.165,92.0,3.95,,,,0.543,1.148,0.6049999999999999,finalized,Open-Meteo ERA5,Open-Meteo ERA5-Ocean,NOAA CO-OPS 8729678 Navarre Beach predictions,2026-08-08T15:57:33.641686-05:00
2019-07-26,88.4,72.5,0.0,8.2,22.6,99.0,1.969,122.0,3.9,,,,0.342,1.322,0.98,finalized,Open-Meteo ERA5,Open-Meteo ERA5-Ocean,NOAA CO-OPS 8729678 Navarre Beach predictions,2026-08-08T15:57:33.641686-05:00
2019-07-27,89.2,74.4,0.0,6.5,15.9,77.0,1.378,163.0,4.1,,,,0.144,1.485,1.3410000000000002,finalized,Open-Meteo ERA5,Open-Meteo ERA5-Ocean,NOAA CO-OPS 8729678 Navarre Beach predictions,2026-08-08T15:57:33.641686-05:00
2019-07-28,88.2,72.8,0.0,7.0,15.4,44.0,1.312,133.0,4.1,,,,-0.031,1.631,1.662,finalized,Open-Meteo ERA5,Open-Meteo ERA5-Ocean,NOAA CO-OPS 8729678 Navarre Beach predictions,2026-08-08T15:57:33.641686-05:00
2019-07-29,90.1,72.5,0.0,6.1,14.1,327.0,0.853,113.0,3.65,,,,-0.164,1.753,1.917,finalized,Open-Meteo ERA5,Open-Meteo ERA5-Ocean,NOAA CO-OPS 8729678 Navarre Beach predictions,2026-08-08T15:57:33.641686-05:00
2019-07-30,90.4,71.9,0.008,9.4,13.4,261.0,0.853,99.0,2.95,,,,-0.234,1.838,2.072,finalized,Open-Meteo ERA5,Open-Meteo ERA5-Ocean,NOAA CO-OPS 8729678 Navarre Beach predictions,2026-08-08T15:57:33.641686-05:00
2019-07-31,90.1,72.2,0.012,9.1,16.3,248.0,0.787,252.0,2.8,,,,-0.227,1.872,2.099,finalized,Open-Meteo ERA5,Open-Meteo ERA5-Ocean,NOAA CO-OPS 8729678 Navarre Beach predictions,2026-08-08T15:57:33.641686-05:00
2019-08-01,91.1,73.7,0.039,9.3,19.5,245.0,1.444,166.0,5.0,,,,-0.132,1.84,1.972,finalized,Open-Meteo ERA5,Open-Meteo ERA5-Ocean,NOAA CO-OPS 8729678 Navarre Beach predictions,2026-08-08T15:57:33.641686-05:00
2019-08-02,89.1,75.7,0.15,5.2,16.8,135.0,1.575,137.0,5.0,,,,0.046,1.732,1.686,finalized,Open-Meteo ERA5,Open-Meteo ERA5-Ocean,NOAA CO-OPS 8729678 Navarre Beach predictions,2026-08-08T15:57:33.641686-05:00
2019-08-03,87.0,74.9,0.441,3.8,13.9,44.0,1.181,134.0,4.65,,,,0.291,1.548,1.257,finalized,Open-Meteo ERA5,Open-Meteo ERA5-Ocean,NOAA CO-OPS 8729678 Navarre Beach predictions,2026-08-08T15:57:33.641686-05:00
2019-08-04,85.8,75.1,0.165,7.2,17.4,236.0,1.444,192.0,3.95,,,,0.492,1.301,0.8089999999999999,finalized,Open-Meteo ERA5,Open-Meteo ERA5-Ocean,NOAA CO-OPS 8729678 Navarre Beach predictions,2026-08-08T15:57:33.641686-05:00
2019-08-05,84.3,76.5,0.102,8.7,21.0,242.0,1.575,237.0,3.3,,,,0.628,1.025,0.3969999999999999,finalized,Open-Meteo ERA5,Open-Meteo ERA5-Ocean,NOAA CO-OPS 8729678 Navarre Beach predictions,2026-08-08T15:57:33.641686-05:00
2019-08-06,87.7,76.1,0.039,9.7,21.3,239.0,2.231,243.0,3.75,,,,0.682,1.004,0.3219999999999999,finalized,Open-Meteo ERA5,Open-Meteo ERA5-Ocean,NOAA CO-OPS 8729678 Navarre Beach predictions,2026-08-08T15:57:33.641686-05:00
2019-08-07,89.6,77.8,0.15,9.3,18.1,255.0,2.231,245.0,3.7,,,,0.447,1.216,0.7689999999999999,finalized,Open-Meteo ERA5,Open-Meteo ERA5-Ocean,NOAA CO-OPS 8729678 Navarre Beach predictions,2026-08-08T15:57:33.641686-05:00
2019-08-08,89.6,79.9,0.106,11.3,22.8,253.0,2.428,249.0,3.75,,,,0.227,1.401,1.174,finalized,Open-Meteo ERA5,Open-Meteo ERA5-Ocean,NOAA CO-OPS 8729678 Navarre Beach predictions,2026-08-08T15:57:33.641686-05:00
2019-08-09,89.8,79.2,0.646,8.5,17.0,250.0,1.903,249.0,3.8,,,,0.069,1.534,1.465,finalized,Open-Meteo ERA5,Open-Meteo ERA5-Ocean,NOAA CO-OPS 8729678 Navarre Beach predictions,2026-08-08T15:57:33.641686-05:00
2019-08-10,91.5,78.8,0.827,9.0,20.6,278.0,2.69,263.0,3.75,,,,-0.029,1.606,1.635,finalized,Open-Meteo ERA5,Open-Meteo ERA5-Ocean,NOAA CO-OPS 8729678 Navarre Beach predictions,2026-08-08T15:57:33.641686-05:00
2019-08-11,90.5,77.2,0.252,10.4,21.7,288.0,2.559,269.0,3.75,,,,-0.071,1.628,1.6989999999999998,finalized,Open-Meteo ERA5,Open-Meteo ERA5-Ocean,NOAA CO-OPS 8729678 Navarre Beach predictions,2026-08-08T15:57:33.641686-05:00
2019-08-12,89.9,78.2,0.13,6.2,16.6,267.0,1.64,259.0,3.65,,,,-0.067,1.617,1.684,finalized,Open-Meteo ERA5,Open-Meteo ERA5-Ocean,NOAA CO-OPS 8729678 Navarre Beach predictions,2026-08-08T15:57:33.641686-05:00
2019-08-13,90.1,79.6,0.154,6.8,17.4,229.0,1.181,244.0,3.3,,,,-0.024,1.586,1.61,finalized,Open-Meteo ERA5,Open-Meteo ERA5-Ocean,NOAA CO-OPS 8729678 Navarre Beach predictions,2026-08-08T15:57:33.641686-05:00
2019-08-14,88.7,78.1,0.425,6.4,15.4,216.0,1.05,240.0,3.4,,,,0.053,1.544,1.491,finalized,Open-Meteo ERA5,Open-Meteo ERA5-Ocean,NOAA CO-OPS 8729678 Navarre Beach predictions,2026-08-08T15:57:33.641686-05:00
2019-08-15,89.6,77.0,0.114,5.6,15.2,251.0,1.115,238.0,3.4,,,,0.16,1.49,1.33,finalized,Open-Meteo ERA5,Open-Meteo ERA5-Ocean,NOAA CO-OPS 8729678 Navarre Beach predictions,2026-08-08T15:57:33.641686-05:00
2019-08-16,92.8,77.4,0.008,7.4,19.5,225.0,1.64,214.0,3.8,,,,0.288,1.424,1.136,finalized,Open-Meteo ERA5,Open-Meteo ERA5-Ocean,NOAA CO-OPS 8729678 Navarre Beach predictions,2026-08-08T15:57:33.641686-05:00
2019-08-17,90.4,78.5,0.028,9.2,19.2,168.0,2.953,188.0,5.6,,,,0.416,1.341,0.925,finalized,Open-Meteo ERA5,Open-Meteo ERA5-Ocean,NOAA CO-OPS 8729678 Navarre Beach predictions,2026-08-08T15:57:33.641686-05:00
2019-08-18,88.5,77.5,0.059,10.1,19.5,243.0,3.871,198.0,5.6,,,,0.545,1.24,0.695,finalized,Open-Meteo ERA5,Open-Meteo ERA5-Ocean,NOAA CO-OPS 8729678 Navarre Beach predictions,2026-08-08T15:57:33.641686-05:00
2019-08-19,86.7,77.1,0.193,12.3,23.9,215.0,4.331,211.0,5.7,,,,0.661,1.12,0.4590000000000001,finalized,Open-Meteo ERA5,Open-Meteo ERA5-Ocean,NOAA CO-OPS 8729678 Navarre Beach predictions,2026-08-08T15:57:33.641686-05:00
2019-08-20,84.5,77.2,0.071,8.5,19.5,183.0,3.675,198.0,5.2,,,,0.751,0.981,0.2299999999999999,finalized,Open-Meteo ERA5,Open-Meteo ERA5-Ocean,NOAA CO-OPS 8729678 Navarre Beach predictions,2026-08-08T15:57:33.641686-05:00
2019-08-21,85.2,77.0,0.087,8.0,15.4,125.0,1.575,154.0,4.65,,,,0.777,1.056,0.279,finalized,Open-Meteo ERA5,Open-Meteo ERA5-Ocean,NOAA CO-OPS 8729678 Navarre Beach predictions,2026-08-08T15:57:33.641686-05:00
2019-08-22,85.5,76.9,0.205,7.5,17.7,146.0,1.706,151.0,4.2,,,,0.658,1.232,0.574,finalized,Open-Meteo ERA5,Open-Meteo ERA5-Ocean,NOAA CO-OPS 8729678 Navarre Beach predictions,2026-08-08T15:57:33.641686-05:00
2019-08-23,87.8,76.9,0.098,6.7,16.6,203.0,2.034,182.0,4.75,,,,0.486,1.399,0.913,finalized,Open-Meteo ERA5,Open-Meteo ERA5-Ocean,NOAA CO-OPS 8729678 Navarre Beach predictions,2026-08-08T15:57:33.641686-05:00
2019-08-24,91.5,75.8,0.15,5.8,13.9,301.0,1.575,198.0,4.75,,,,0.321,1.553,1.232,finalized,Open-Meteo ERA5,Open-Meteo ERA5-Ocean,NOAA CO-OPS 8729678 Navarre Beach predictions,2026-08-08T15:57:33.641686-05:00
2019-08-25,89.0,77.1,0.118,9.3,20.1,132.0,1.247,187.0,3.8,,,,0.178,1.688,1.51,finalized,Open-Meteo ERA5,Open-Meteo ERA5-Ocean,NOAA CO-OPS 8729678 Navarre Beach predictions,2026-08-08T15:57:33.641686-05:00
2019-08-26,81.6,77.8,0.472,9.9,19.5,161.0,1.772,192.0,4.0,,,,0.078,1.796,1.718,finalized,Open-Meteo ERA5,Open-Meteo ERA5-Ocean,NOAA CO-OPS 8729678 Navarre Beach predictions,2026-08-08T15:57:33.641686-05:00
2019-08-27,84.3,78.1,0.323,9.0,20.6,248.0,1.969,204.0,3.95,,,,0.039,1.868,1.829,finalized,Open-Meteo ERA5,Open-Meteo ERA5-Ocean,NOAA CO-OPS 8729678 Navarre Beach predictions,2026-08-08T15:57:33.641686-05:00
2019-08-28,92.6,75.9,0.0,9.9,20.4,335.0,2.428,253.0,4.35,,,,0.076,1.888,1.812,finalized,Open-Meteo ERA5,Open-Meteo ERA5-Ocean,NOAA CO-OPS 8729678 Navarre Beach predictions,2026-08-08T15:57:33.641686-05:00
2019-08-29,93.0,75.0,0.0,8.2,17.4,26.0,1.903,37.0,4.05,,,,0.198,1.841,1.643,finalized,Open-Meteo ERA5,Open-Meteo ERA5-Ocean,NOAA CO-OPS 8729678 Navarre Beach predictions,2026-08-08T15:57:33.641686-05:00
2019-08-30,91.9,71.7,0.0,7.7,14.5,53.0,1.772,75.0,3.95,,,,0.395,1.722,1.327,finalized,Open-Meteo ERA5,Open-Meteo ERA5-Ocean,NOAA CO-OPS 8729678 Navarre Beach predictions,2026-08-08T15:57:33.641686-05:00
2019-08-31,87.5,74.7,0.157,9.3,20.8,74.0,2.822,98.0,4.35,,,,0.613,1.535,0.922,finalized,Open-Meteo ERA5,Open-Meteo ERA5-Ocean,NOAA CO-OPS 8729678 Navarre Beach predictions,2026-08-08T15:57:33.641686-05:00
2019-09-01,90.1,76.3,0.102,9.9,21.0,63.0,3.084,106.0,5.15,,,,0.668,1.304,0.636,finalized,Open-Meteo ERA5,Open-Meteo ERA5-Ocean,NOAA CO-OPS 8729678 Navarre Beach predictions,2026-08-08T15:57:33.641686-05:00
2019-09-02,91.8,76.9,0.0,9.2,21.7,43.0,3.018,90.0,4.5,,,,0.649,1.188,0.5389999999999999,finalized,Open-Meteo ERA5,Open-Meteo ERA5-Ocean,NOAA CO-OPS 8729678 Navarre Beach predictions,2026-08-08T15:57:33.641686-05:00
2019-09-03,93.7,75.2,0.0,8.4,19.5,46.0,1.969,77.0,3.85,,,,0.623,0.623,0.0,finalized,Open-Meteo ERA5,Open-Meteo ERA5-Ocean,NOAA CO-OPS 8729678 Navarre Beach predictions,2026-08-08T15:57:33.641686-05:00
2019-09-04,95.8,73.5,0.0,7.9,17.7,355.0,1.312,30.0,3.45,,,,0.491,1.406,0.915,finalized,Open-Meteo ERA5,Open-Meteo ERA5-Ocean,NOAA CO-OPS 8729678 Navarre Beach predictions,2026-08-08T15:57:33.641686-05:00
2019-09-05,97.1,75.1,0.0,9.4,18.1,311.0,2.953,285.0,3.9,,,,0.329,1.56,1.231,finalized,Open-Meteo ERA5,Open-Meteo ERA5-Ocean,NOAA CO-OPS 8729678 Navarre Beach predictions,2026-08-08T15:57:33.641686-05:00
2019-09-06,92.1,71.7,0.0,10.4,19.5,334.0,2.428,276.0,3.95,,,,0.227,1.645,1.418,finalized,Open-Meteo ERA5,Open-Meteo ERA5-Ocean,NOAA CO-OPS 8729678 Navarre Beach predictions,2026-08-08T15:57:33.641686-05:00
2019-09-07,93.1,72.0,0.0,7.4,15.4,295.0,1.378,279.0,3.95,,,,0.183,1.672,1.489,finalized,Open-Meteo ERA5,Open-Meteo ERA5-Ocean,NOAA CO-OPS 8729678 Navarre Beach predictions,2026-08-08T15:57:33.641686-05:00
2019-09-08,94.3,78.7,0.012,8.6,17.9,232.0,1.378,241.0,3.15,,,,0.186,1.66,1.474,finalized,Open-Meteo ERA5,Open-Meteo ERA5-Ocean,NOAA CO-OPS 8729678 Navarre Beach predictions,2026-08-08T15:57:33.641686-05:00
2019-09-09,89.6,77.2,0.028,10.6,20.8,172.0,1.378,181.0,2.9,,,,0.228,1.629,1.401,finalized,Open-Meteo ERA5,Open-Meteo ERA5-Ocean,NOAA CO-OPS 8729678 Navarre Beach predictions,2026-08-08T15:57:33.641686-05:00
2019-09-10,91.0,73.3,0.0,7.5,19.0,130.0,1.64,148.0,3.4,,,,0.301,1.59,1.289,finalized,Open-Meteo ERA5,Open-Meteo ERA5-Ocean,NOAA CO-OPS 8729678 Navarre Beach predictions,2026-08-08T15:57:33.641686-05:00
2019-09-11,92.2,76.0,0.0,7.2,17.2,104.0,2.493,133.0,5.6,,,,0.399,1.544,1.145,finalized,Open-Meteo ERA5,Open-Meteo ERA5-Ocean,NOAA CO-OPS 8729678 Navarre Beach predictions,2026-08-08T15:57:33.641686-05:00
2019-09-12,94.0,75.4,0.0,11.5,24.2,74.0,2.362,123.0,5.65,,,,0.514,1.485,0.971,finalized,Open-Meteo ERA5,Open-Meteo ERA5-Ocean,NOAA CO-OPS 8729678 Navarre Beach predictions,2026-08-08T15:57:33.641686-05:00
2019-09-13,93.5,73.5,0.0,9.6,22.1,79.0,2.165,112.0,4.9,,,,0.618,1.412,0.7939999999999999,finalized,Open-Meteo ERA5,Open-Meteo ERA5-Ocean,NOAA CO-OPS 8729678 Navarre Beach predictions,2026-08-08T15:57:33.641686-05:00
2019-09-14,92.5,75.1,0.0,11.5,23.9,71.0,4.003,108.0,5.9,,,,0.72,1.322,0.6020000000000001,finalized,Open-Meteo ERA5,Open-Meteo ERA5-Ocean,NOAA CO-OPS 8729678 Navarre Beach predictions,2026-08-08T15:57:33.641686-05:00
2019-09-15,92.6,77.3,0.0,10.9,22.6,67.0,3.806,98.0,5.15,,,,0.718,1.222,0.504,finalized,Open-Meteo ERA5,Open-Meteo ERA5-Ocean,NOAA CO-OPS 8729678 Navarre Beach predictions,2026-08-08T15:57:33.641686-05:00
2019-09-16,90.0,75.7,0.012,7.3,14.8,157.0,1.837,124.0,4.95,,,,0.709,1.155,0.446,finalized,Open-Meteo ERA5,Open-Meteo ERA5-Ocean,NOAA CO-OPS 8729678 Navarre Beach predictions,2026-08-08T15:57:33.641686-05:00
2019-09-17,96.9,74.7,0.0,8.8,17.7,268.0,2.034,204.0,3.35,,,,0.695,1.317,0.622,finalized,Open-Meteo ERA5,Open-Meteo ERA5-Ocean,NOAA CO-OPS 8729678 Navarre Beach predictions,2026-08-08T15:57:33.641686-05:00
2019-09-18,98.1,75.7,0.0,8.8,17.0,267.0,2.1,244.0,4.0,,,,0.675,1.47,0.7949999999999999,finalized,Open-Meteo ERA5,Open-Meteo ERA5-Ocean,NOAA CO-OPS 8729678 Navarre Beach predictions,2026-08-08T15:57:33.641686-05:00
2019-09-19,85.2,76.7,0.0,14.2,28.0,113.0,4.593,125.0,4.75,,,,0.639,1.607,0.968,finalized,Open-Meteo ERA5,Open-Meteo ERA5-Ocean,NOAA CO-OPS 8729678 Navarre Beach predictions,2026-08-08T15:57:33.641686-05:00
2019-09-20,87.7,71.4,0.0,13.0,25.3,93.0,5.381,111.0,5.75,,,,0.544,0.544,0.0,finalized,Open-Meteo ERA5,Open-Meteo ERA5-Ocean,NOAA CO-OPS 8729678 Navarre Beach predictions,2026-08-08T15:57:33.641686-05:00
2019-09-21,88.0,72.8,0.0,13.7,25.3,106.0,5.906,122.0,6.5,,,,0.431,1.722,1.291,finalized,Open-Meteo ERA5,Open-Meteo ERA5-Ocean,NOAA CO-OPS 8729678 Navarre Beach predictions,2026-08-08T15:57:33.641686-05:00
2019-09-22,86.6,72.5,0.0,8.8,19.7,111.0,4.331,124.0,6.4,,,,0.341,1.809,1.468,finalized,Open-Meteo ERA5,Open-Meteo ERA5-Ocean,NOAA CO-OPS 8729678 Navarre Beach predictions,2026-08-08T15:57:33.641686-05:00
2019-09-23,89.3,68.0,0.0,8.4,16.1,229.0,2.493,125.0,5.7,,,,0.294,1.865,1.571,finalized,Open-Meteo ERA5,Open-Meteo ERA5-Ocean,NOAA CO-OPS 8729678 Navarre Beach predictions,2026-08-08T15:57:33.641686-05:00
2019-09-24,92.3,69.8,0.0,10.9,19.0,264.0,2.297,182.0,4.95,,,,0.307,1.885,1.578,finalized,Open-Meteo ERA5,Open-Meteo ERA5-Ocean,NOAA CO-OPS 8729678 Navarre Beach predictions,2026-08-08T15:57:33.641686-05:00
2019-09-25,92.3,75.1,0.0,7.0,12.5,281.0,1.903,262.0,3.55,,,,0.392,1.857,1.465,finalized,Open-Meteo ERA5,Open-Meteo ERA5-Ocean,NOAA CO-OPS 8729678 Navarre Beach predictions,2026-08-08T15:57:33.641686-05:00
2019-09-26,94.1,77.2,0.0,8.3,15.2,260.0,1.509,260.0,3.1,,,,0.549,1.776,1.227,finalized,Open-Meteo ERA5,Open-Meteo ERA5-Ocean,NOAA CO-OPS 8729678 Navarre Beach predictions,2026-08-08T15:57:33.641686-05:00
2019-09-27,93.4,76.4,0.0,9.8,18.6,245.0,1.247,253.0,3.15,,,,0.736,1.646,0.91,finalized,Open-Meteo ERA5,Open-Meteo ERA5-Ocean,NOAA CO-OPS 8729678 Navarre Beach predictions,2026-08-08T15:57:33.641686-05:00
2019-09-28,90.4,74.3,0.0,6.8,16.8,153.0,1.903,153.0,4.1,,,,0.803,1.473,0.67,finalized,Open-Meteo ERA5,Open-Meteo ERA5-Ocean,NOAA CO-OPS 8729678 Navarre Beach predictions,2026-08-08T15:57:33.641686-05:00
2019-09-29,91.2,74.9,0.0,8.6,17.0,124.0,2.297,140.0,4.6,,,,0.672,1.297,0.6249999999999999,finalized,Open-Meteo ERA5,Open-Meteo ERA5-Ocean,NOAA CO-OPS 8729678 Navarre Beach predictions,2026-08-08T15:57:33.641686-05:00
2019-09-30,92.9,72.4,0.0,5.4,14.8,104.0,2.165,132.0,5.25,,,,0.556,1.523,0.967,finalized,Open-Meteo ERA5,Open-Meteo ERA5-Ocean,NOAA CO-OPS 8729678 Navarre Beach predictions,2026-08-08T15:57:33.641686-05:00
2019-10-01,94.1,73.5,0.0,7.6,20.8,124.0,1.772,123.0,5.35,,,,0.466,1.689,1.223,finalized,Open-Meteo ERA5,Open-Meteo ERA5-Ocean,NOAA CO-OPS 8729678 Navarre Beach predictions,2026-08-08T15:57:33.641686-05:00
2019-10-02,91.8,73.8,0.0,6.9,19.5,121.0,1.969,120.0,5.05,,,,0.398,1.784,1.386,finalized,Open-Meteo ERA5,Open-Meteo ERA5-Ocean,NOAA CO-OPS 8729678 Navarre Beach predictions,2026-08-08T15:57:33.641686-05:00
2019-10-03,95.0,72.0,0.0,8.6,16.8,204.0,1.706,127.0,4.95,,,,0.3,1.809,1.509,finalized,Open-Meteo ERA5,Open-Meteo ERA5-Ocean,NOAA CO-OPS 8729678 Navarre Beach predictions,2026-08-08T15:57:33.641686-05:00
2019-10-04,92.8,73.3,0.0,7.6,16.6,247.0,1.837,141.0,5.2,,,,0.258,0.258,0.0,finalized,Open-Meteo ERA5,Open-Meteo ERA5-Ocean,NOAA CO-OPS 8729678 Navarre Beach predictions,2026-08-08T15:57:33.641686-05:00
2019-10-05,90.3,74.6,0.0,9.2,20.1,171.0,2.1,141.0,5.2,,,,0.269,1.778,1.509,finalized,Open-Meteo ERA5,Open-Meteo ERA5-Ocean,NOAA CO-OPS 8729678 Navarre Beach predictions,2026-08-08T15:57:33.641686-05:00
2019-10-06,87.4,73.9,0.0,13.1,25.1,88.0,3.937,118.0,5.0,,,,0.322,1.713,1.391,finalized,Open-Meteo ERA5,Open-Meteo ERA5-Ocean,NOAA CO-OPS 8729678 Navarre Beach predictions,2026-08-08T15:57:33.641686-05:00
2019-10-07,88.5,74.3,0.0,8.9,19.2,57.0,4.265,114.0,5.65,,,,0.407,1.633,1.226,finalized,Open-Meteo ERA5,Open-Meteo ERA5-Ocean,NOAA CO-OPS 8729678 Navarre Beach predictions,2026-08-08T15:57:33.641686-05:00
2019-10-08,89.5,71.5,0.0,8.6,17.0,10.0,2.559,95.0,4.8,,,,0.513,1.551,1.0379999999999998,finalized,Open-Meteo ERA5,Open-Meteo ERA5-Ocean,NOAA CO-OPS 8729678 Navarre Beach predictions,2026-08-08T15:57:33.641686-05:00
2019-10-09,88.6,70.7,0.0,8.6,19.9,88.0,2.756,91.0,4.05,,,,0.626,1.47,0.844,finalized,Open-Meteo ERA5,Open-Meteo ERA5-Ocean,NOAA CO-OPS 8729678 Navarre Beach predictions,2026-08-08T15:57:33.641686-05:00
2019-10-10,87.9,70.9,0.0,11.4,21.9,102.0,4.396,116.0,5.25,,,,0.73,1.389,0.659,finalized,Open-Meteo ERA5,Open-Meteo ERA5-Ocean,NOAA CO-OPS 8729678 Navarre Beach predictions,2026-08-08T15:57:33.641686-05:00
2019-10-11,87.0,69.0,0.0,11.1,20.8,117.0,4.003,123.0,4.75,,,,0.825,1.304,0.4790000000000001,finalized,Open-Meteo ERA5,Open-Meteo ERA5-Ocean,NOAA CO-OPS 8729678 Navarre Beach predictions,2026-08-08T15:57:33.641686-05:00
2019-10-12,80.5,70.0,0.185,5.5,12.5,171.0,2.297,144.0,4.25,,,,0.815,1.214,0.399,finalized,Open-Meteo ERA5,Open-Meteo ERA5-Ocean,NOAA CO-OPS 8729678 Navarre Beach predictions,2026-08-08T15:57:33.641686-05:00
2019-10-13,83.2,68.4,0.071,5.4,13.6,334.0,1.378,145.0,4.0,,,,0.726,1.281,0.5549999999999999,finalized,Open-Meteo ERA5,Open-Meteo ERA5-Ocean,NOAA CO-OPS 8729678 Navarre Beach predictions,2026-08-08T15:57:33.641686-05:00
2019-10-14,83.2,71.6,0.315,5.1,11.4,67.0,1.378,138.0,4.8,,,,0.639,1.421,0.782,finalized,Open-Meteo ERA5,Open-Meteo ERA5-Ocean,NOAA CO-OPS 8729678 Navarre Beach predictions,2026-08-08T15:57:33.641686-05:00
2019-10-15,80.7,75.0,0.421,10.4,20.6,156.0,2.231,169.0,4.45,,,,0.557,1.556,0.999,finalized,Open-Meteo ERA5,Open-Meteo ERA5-Ocean,NOAA CO-OPS 8729678 Navarre Beach predictions,2026-08-08T15:57:33.641686-05:00
2019-10-16,79.1,66.2,0.543,12.0,25.1,305.0,3.609,259.0,4.45,,,,0.487,1.681,1.194,finalized,Open-Meteo ERA5,Open-Meteo ERA5-Ocean,NOAA CO-OPS 8729678 Navarre Beach predictions,2026-08-08T15:57:33.641686-05:00
2019-10-17,72.0,55.0,0.0,9.2,18.6,5.0,3.281,28.0,4.25,,,,0.43,1.79,1.36,finalized,Open-Meteo ERA5,Open-Meteo ERA5-Ocean,NOAA CO-OPS 8729678 Navarre Beach predictions,2026-08-08T15:57:33.641686-05:00
2019-10-18,63.3,60.5,1.886,14.5,37.1,58.0,8.924,88.0,6.0,,,,0.383,1.872,1.489,finalized,Open-Meteo ERA5,Open-Meteo ERA5-Ocean,NOAA CO-OPS 8729678 Navarre Beach predictions,2026-08-08T15:57:33.641686-05:00
2019-10-19,73.5,63.4,0.724,20.5,41.8,360.0,10.761,121.0,6.8,,,,0.329,0.329,0.0,finalized,Open-Meteo ERA5,Open-Meteo ERA5-Ocean,NOAA CO-OPS 8729678 Navarre Beach predictions,2026-08-08T15:57:33.641686-05:00
2019-10-20,80.3,63.1,0.0,4.9,10.3,60.0,3.281,191.0,7.1,,,,0.297,1.916,1.619,finalized,Open-Meteo ERA5,Open-Meteo ERA5-Ocean,NOAA CO-OPS 8729678 Navarre Beach predictions,2026-08-08T15:57:33.641686-05:00
2019-10-21,83.2,67.5,0.169,10.7,26.2,171.0,2.756,178.0,5.6,,,,0.311,1.912,1.601,finalized,Open-Meteo ERA5,Open-Meteo ERA5-Ocean,NOAA CO-OPS 8729678 Navarre Beach predictions,2026-08-08T15:57:33.641686-05:00
2019-10-22,77.1,59.3,0.098,14.4,24.8,319.0,4.528,305.0,4.4,,,,0.382,1.854,1.472,finalized,Open-Meteo ERA5,Open-Meteo ERA5-Ocean,NOAA CO-OPS 8729678 Navarre Beach predictions,2026-08-08T15:57:33.641686-05:00
2019-10-23,73.3,52.2,0.0,11.9,21.0,27.0,4.659,22.0,4.35,,,,0.515,1.739,1.2240000000000002,finalized,Open-Meteo ERA5,Open-Meteo ERA5-Ocean,NOAA CO-OPS 8729678 Navarre Beach predictions,2026-08-08T15:57:33.641686-05:00
2019-10-24,76.8,53.2,0.0,9.1,18.3,58.0,2.887,87.0,4.0,,,,0.687,1.571,0.8839999999999999,finalized,Open-Meteo ERA5,Open-Meteo ERA5-Ocean,NOAA CO-OPS 8729678 Navarre Beach predictions,2026-08-08T15:57:33.641686-05:00
2019-10-25,82.6,71.0,0.169,16.9,30.0,122.0,5.84,130.0,5.4,,,,0.851,1.405,0.554,finalized,Open-Meteo ERA5,Open-Meteo ERA5-Ocean,NOAA CO-OPS 8729678 Navarre Beach predictions,2026-08-08T15:57:33.641686-05:00
2019-10-26,82.3,65.7,0.52,19.5,38.7,165.0,7.677,165.0,6.5,,,,0.818,1.327,0.509,finalized,Open-Meteo ERA5,Open-Meteo ERA5-Ocean,NOAA CO-OPS 8729678 Navarre Beach predictions,2026-08-08T15:57:33.641686-05:00
2019-10-27,73.5,58.3,0.0,7.7,13.4,310.0,4.921,206.0,6.15,,,,0.589,1.52,0.931,finalized,Open-Meteo ERA5,Open-Meteo ERA5-Ocean,NOAA CO-OPS 8729678 Navarre Beach predictions,2026-08-08T15:57:33.641686-05:00
2019-10-28,76.9,56.3,0.0,5.1,11.2,27.0,1.772,179.0,5.25,,,,0.384,1.705,1.3210000000000002,finalized,Open-Meteo ERA5,Open-Meteo ERA5-Ocean,NOAA CO-OPS 8729678 Navarre Beach predictions,2026-08-08T15:57:33.641686-05:00
2019-10-29,73.6,71.0,1.606,9.9,17.9,62.0,4.331,132.0,4.75,,,,0.226,1.826,1.6,finalized,Open-Meteo ERA5,Open-Meteo ERA5-Ocean,NOAA CO-OPS 8729678 Navarre Beach predictions,2026-08-08T15:57:33.641686-05:00
2019-10-30,77.6,73.2,1.291,13.0,25.1,168.0,4.79,154.0,5.2,,,,0.123,1.875,1.752,finalized,Open-Meteo ERA5,Open-Meteo ERA5-Ocean,NOAA CO-OPS 8729678 Navarre Beach predictions,2026-08-08T15:57:33.641686-05:00
2019-10-31,79.0,43.9,0.213,19.9,37.1,302.0,6.562,282.0,5.05,,,,0.064,1.86,1.796,finalized,Open-Meteo ERA5,Open-Meteo ERA5-Ocean,NOAA CO-OPS 8729678 Navarre Beach predictions,2026-08-08T15:57:33.641686-05:00
2019-11-01,63.3,37.8,0.0,15.0,26.6,6.0,6.365,13.0,5.05,,,,0.062,1.795,1.733,finalized,Open-Meteo ERA5,Open-Meteo ERA5-Ocean,NOAA CO-OPS 8729678 Navarre Beach predictions,2026-08-08T15:57:33.641686-05:00
2019-11-02,67.0,45.2,0.0,10.9,20.8,355.0,4.134,12.0,4.2,,,,0.111,0.111,0.0,finalized,Open-Meteo ERA5,Open-Meteo ERA5-Ocean,NOAA CO-OPS 8729678 Navarre Beach predictions,2026-08-08T15:57:33.641686-05:00
2019-11-03,67.2,44.5,0.0,10.8,21.0,21.0,4.659,31.0,4.5,,,,0.199,1.698,1.499,finalized,Open-Meteo ERA5,Open-Meteo ERA5-Ocean,NOAA CO-OPS 8729678 Navarre Beach predictions,2026-08-08T15:57:33.641686-05:00
2019-11-04,72.9,50.2,0.0,6.8,12.3,42.0,1.903,76.0,3.85,,,,0.315,1.582,1.267,finalized,Open-Meteo ERA5,Open-Meteo ERA5-Ocean,NOAA CO-OPS 8729678 Navarre Beach predictions,2026-08-08T15:57:33.641686-05:00
2019-11-05,79.3,65.1,0.0,9.0,15.9,19.0,2.756,84.0,4.45,,,,0.443,1.454,1.011,finalized,Open-Meteo ERA5,Open-Meteo ERA5-Ocean,NOAA CO-OPS 8729678 Navarre Beach predictions,2026-08-08T15:57:33.641686-05:00
2019-11-06,78.9,64.3,0.0,9.7,19.0,52.0,2.953,70.0,4.2,,,,0.57,1.318,0.7480000000000001,finalized,Open-Meteo ERA5,Open-Meteo ERA5-Ocean,NOAA CO-OPS 8729678 Navarre Beach predictions,2026-08-08T15:57:33.641686-05:00
2019-11-07,76.6,65.8,0.083,7.6,18.1,129.0,2.493,123.0,4.55,,,,0.686,1.175,0.489,finalized,Open-Meteo ERA5,Open-Meteo ERA5-Ocean,NOAA CO-OPS 8729678 Navarre Beach predictions,2026-08-08T15:57:33.641686-05:00
2019-11-08,69.9,53.0,0.004,14.9,27.1,5.0,4.593,18.0,4.45,,,,0.782,1.118,0.3360000000000001,finalized,Open-Meteo ERA5,Open-Meteo ERA5-Ocean,NOAA CO-OPS 8729678 Navarre Beach predictions,2026-08-08T15:57:33.641686-05:00
2019-11-09,68.2,46.0,0.0,10.4,18.8,31.0,3.871,41.0,4.25,,,,0.752,1.234,0.482,finalized,Open-Meteo ERA5,Open-Meteo ERA5-Ocean,NOAA CO-OPS 8729678 Navarre Beach predictions,2026-08-08T15:57:33.641686-05:00
2019-11-10,69.0,46.7,0.0,6.3,11.6,92.0,1.378,90.0,3.8,,,,0.592,1.364,0.7720000000000001,finalized,Open-Meteo ERA5,Open-Meteo ERA5-Ocean,NOAA CO-OPS 8729678 Navarre Beach predictions,2026-08-08T15:57:33.641686-05:00
2019-11-11,73.7,49.4,0.0,9.1,17.7,116.0,2.362,129.0,4.35,,,,0.437,1.487,1.05,finalized,Open-Meteo ERA5,Open-Meteo ERA5-Ocean,NOAA CO-OPS 8729678 Navarre Beach predictions,2026-08-08T15:57:33.641686-05:00
2019-11-12,70.2,36.0,0.071,19.8,37.4,342.0,8.005,350.0,5.5,,,,0.295,1.599,1.304,finalized,Open-Meteo ERA5,Open-Meteo ERA5-Ocean,NOAA CO-OPS 8729678 Navarre Beach predictions,2026-08-08T15:57:33.641686-05:00
2019-11-13,55.5,29.2,0.0,15.3,27.3,35.0,6.955,39.0,5.35,,,,0.176,1.7,1.524,finalized,Open-Meteo ERA5,Open-Meteo ERA5-Ocean,NOAA CO-OPS 8729678 Navarre Beach predictions,2026-08-08T15:57:33.641686-05:00
2019-11-14,51.8,44.2,0.039,10.8,18.1,25.0,3.937,58.0,4.3,,,,0.086,1.785,1.6989999999999998,finalized,Open-Meteo ERA5,Open-Meteo ERA5-Ocean,NOAA CO-OPS 8729678 Navarre Beach predictions,2026-08-08T15:57:33.641686-05:00
2019-11-15,60.6,45.4,0.0,14.7,29.8,351.0,4.79,1.0,4.55,,,,0.029,1.844,1.815,finalized,Open-Meteo ERA5,Open-Meteo ERA5-Ocean,NOAA CO-OPS 8729678 Navarre Beach predictions,2026-08-08T15:57:33.641686-05:00
2019-11-16,67.5,42.9,0.0,11.3,21.0,342.0,4.856,352.0,4.55,,,,0.004,1.863,1.859,finalized,Open-Meteo ERA5,Open-Meteo ERA5-Ocean,NOAA CO-OPS 8729678 Navarre Beach predictions,2026-08-08T15:57:33.641686-05:00
2019-11-17,68.8,43.9,0.0,6.9,13.0,344.0,2.493,10.0,3.55,,,,0.017,1.826,1.809,finalized,Open-Meteo ERA5,Open-Meteo ERA5-Ocean,NOAA CO-OPS 8729678 Navarre Beach predictions,2026-08-08T15:57:33.641686-05:00
2019-11-18,67.2,44.1,0.0,7.3,14.8,306.0,2.297,303.0,3.35,,,,0.084,1.721,1.637,finalized,Open-Meteo ERA5,Open-Meteo ERA5-Ocean,NOAA CO-OPS 8729678 Navarre Beach predictions,2026-08-08T15:57:33.641686-05:00
2019-11-19,71.4,41.0,0.0,9.4,18.3,278.0,2.625,279.0,3.75,,,,0.21,0.21,0.0,finalized,Open-Meteo ERA5,Open-Meteo ERA5-Ocean,NOAA CO-OPS 8729678 Navarre Beach predictions,2026-08-08T15:57:33.641686-05:00
2019-11-20,71.4,44.5,0.0,7.3,15.7,27.0,2.493,351.0,3.75,,,,0.383,1.541,1.158,finalized,Open-Meteo ERA5,Open-Meteo ERA5-Ocean,NOAA CO-OPS 8729678 Navarre Beach predictions,2026-08-08T15:57:33.641686-05:00
2019-11-21,70.6,46.8,0.0,8.7,17.4,107.0,2.362,108.0,3.8,,,,0.562,1.291,0.7289999999999999,finalized,Open-Meteo ERA5,Open-Meteo ERA5-Ocean,NOAA CO-OPS 8729678 Navarre Beach predictions,2026-08-08T15:57:33.641686-05:00
2019-11-22,76.3,54.4,0.0,9.2,18.1,186.0,2.428,164.0,3.95,,,,0.707,1.191,0.4840000000000001,finalized,Open-Meteo ERA5,Open-Meteo ERA5-Ocean,NOAA CO-OPS 8729678 Navarre Beach predictions,2026-08-08T15:57:33.641686-05:00
2019-11-23,78.1,55.6,0.134,18.4,33.8,239.0,4.528,220.0,4.5,,,,0.658,1.337,0.6789999999999999,finalized,Open-Meteo ERA5,Open-Meteo ERA5-Ocean,NOAA CO-OPS 8729678 Navarre Beach predictions,2026-08-08T15:57:33.641686-05:00
2019-11-24,61.4,45.3,0.0,8.6,16.6,313.0,3.346,311.0,4.05,,,,0.352,1.503,1.1509999999999998,finalized,Open-Meteo ERA5,Open-Meteo ERA5-Ocean,NOAA CO-OPS 8729678 Navarre Beach predictions,2026-08-08T15:57:33.641686-05:00
2019-11-25,64.4,40.3,0.0,6.1,11.9,134.0,1.64,276.0,3.15,,,,0.082,1.647,1.565,finalized,Open-Meteo ERA5,Open-Meteo ERA5-Ocean,NOAA CO-OPS 8729678 Navarre Beach predictions,2026-08-08T15:57:33.641686-05:00
2019-11-26,73.6,51.1,0.0,12.0,22.8,142.0,4.068,174.0,4.45,,,,-0.123,1.728,1.851,finalized,Open-Meteo ERA5,Open-Meteo ERA5-Ocean,NOAA CO-OPS 8729678 Navarre Beach predictions,2026-08-08T15:57:33.641686-05:00
2019-11-27,78.6,64.0,0.051,12.3,25.7,231.0,4.593,185.0,5.2,,,,-0.252,1.744,1.996,finalized,Open-Meteo ERA5,Open-Meteo ERA5-Ocean,NOAA CO-OPS 8729678 Navarre Beach predictions,2026-08-08T15:57:33.641686-05:00
2019-11-28,74.6,53.8,0.0,9.7,17.9,9.0,3.346,66.0,5.05,,,,-0.306,1.705,2.011,finalized,Open-Meteo ERA5,Open-Meteo ERA5-Ocean,NOAA CO-OPS 8729678 Navarre Beach predictions,2026-08-08T15:57:33.641686-05:00
2019-11-29,76.3,49.4,0.0,6.3,12.1,44.0,1.837,66.0,4.05,,,,-0.294,1.629,1.923,finalized,Open-Meteo ERA5,Open-Meteo ERA5-Ocean,NOAA CO-OPS 8729678 Navarre Beach predictions,2026-08-08T15:57:33.641686-05:00
2019-11-30,79.3,52.8,0.0,11.5,22.8,203.0,3.412,199.0,4.0,,,,-0.23,1.528,1.758,finalized,Open-Meteo ERA5,Open-Meteo ERA5-Ocean,NOAA CO-OPS 8729678 Navarre Beach predictions,2026-08-08T15:57:33.641686-05:00
2019-12-01,72.7,58.4,0.154,18.2,33.3,257.0,7.283,243.0,5.25,,,,-0.126,1.408,1.5339999999999998,finalized,Open-Meteo ERA5,Open-Meteo ERA5-Ocean,NOAA CO-OPS 8729678 Navarre Beach predictions,2026-08-08T15:57:33.641686-05:00
2019-12-02,58.0,41.0,0.0,14.6,28.2,323.0,7.415,308.0,5.35,,,,0.005,1.271,1.266,finalized,Open-Meteo ERA5,Open-Meteo ERA5-Ocean,NOAA CO-OPS 8729678 Navarre Beach predictions,2026-08-08T15:57:33.641686-05:00
2019-12-03,54.2,34.1,0.0,8.8,16.3,313.0,3.215,326.0,4.1,,,,0.148,0.148,0.0,finalized,Open-Meteo ERA5,Open-Meteo ERA5-Ocean,NOAA CO-OPS 8729678 Navarre Beach predictions,2026-08-08T15:57:33.641686-05:00
2019-12-04,67.4,39.5,0.0,7.6,14.8,303.0,2.953,291.0,3.85,,,,0.291,1.115,0.8240000000000001,finalized,Open-Meteo ERA5,Open-Meteo ERA5-Ocean,NOAA CO-OPS 8729678 Navarre Beach predictions,2026-08-08T15:57:33.641686-05:00
2019-12-05,66.7,38.5,0.0,6.0,11.6,71.0,1.509,352.0,3.1,,,,0.421,0.939,0.518,finalized,Open-Meteo ERA5,Open-Meteo ERA5-Ocean,NOAA CO-OPS 8729678 Navarre Beach predictions,2026-08-08T15:57:33.641686-05:00
2019-12-06,72.5,47.0,0.024,8.0,18.1,152.0,1.837,184.0,3.5,,,,0.523,0.955,0.4319999999999999,finalized,Open-Meteo ERA5,Open-Meteo ERA5-Ocean,NOAA CO-OPS 8729678 Navarre Beach predictions,2026-08-08T15:57:33.641686-05:00
2019-12-07,67.2,59.2,0.004,9.5,16.1,19.0,2.493,33.0,3.55,,,,0.533,1.083,0.5499999999999999,finalized,Open-Meteo ERA5,Open-Meteo ERA5-Ocean,NOAA CO-OPS 8729678 Navarre Beach predictions,2026-08-08T15:57:33.641686-05:00
2019-12-08,68.8,59.2,0.055,15.9,29.3,108.0,5.577,115.0,5.15,,,,0.334,1.214,0.8799999999999999,finalized,Open-Meteo ERA5,Open-Meteo ERA5-Ocean,NOAA CO-OPS 8729678 Navarre Beach predictions,2026-08-08T15:57:33.641686-05:00
2019-12-09,74.4,62.8,0.043,11.7,22.6,205.0,4.003,167.0,4.9,,,,0.136,1.333,1.197,finalized,Open-Meteo ERA5,Open-Meteo ERA5-Ocean,NOAA CO-OPS 8729678 Navarre Beach predictions,2026-08-08T15:57:33.641686-05:00
2019-12-10,75.1,54.8,0.189,16.5,29.3,222.0,5.315,175.0,4.55,,,,-0.044,1.437,1.481,finalized,Open-Meteo ERA5,Open-Meteo ERA5-Ocean,NOAA CO-OPS 8729678 Navarre Beach predictions,2026-08-08T15:57:33.641686-05:00
2019-12-11,53.7,47.1,0.063,15.8,29.1,22.0,6.562,32.0,5.15,,,,-0.196,1.526,1.722,finalized,Open-Meteo ERA5,Open-Meteo ERA5-Ocean,NOAA CO-OPS 8729678 Navarre Beach predictions,2026-08-08T15:57:33.641686-05:00
2019-12-12,53.3,48.3,0.217,12.2,22.1,60.0,5.84,87.0,5.35,,,,-0.312,1.597,1.909,finalized,Open-Meteo ERA5,Open-Meteo ERA5-Ocean,NOAA CO-OPS 8729678 Navarre Beach predictions,2026-08-08T15:57:33.641686-05:00
2019-12-13,60.7,51.2,0.846,13.3,27.1,53.0,5.381,118.0,5.5,,,,-0.383,1.642,2.025,finalized,Open-Meteo ERA5,Open-Meteo ERA5-Ocean,NOAA CO-OPS 8729678 Navarre Beach predictions,2026-08-08T15:57:33.641686-05:00
2019-12-14,62.5,50.0,0.0,9.4,18.1,311.0,2.493,235.0,5.4,,,,-0.401,1.643,2.044,finalized,Open-Meteo ERA5,Open-Meteo ERA5-Ocean,NOAA CO-OPS 8729678 Navarre Beach predictions,2026-08-08T15:57:33.641686-05:00
2019-12-15,72.4,51.6,0.0,12.0,24.8,134.0,4.528,181.0,5.85,,,,-0.359,1.586,1.945,finalized,Open-Meteo ERA5,Open-Meteo ERA5-Ocean,NOAA CO-OPS 8729678 Navarre Beach predictions,2026-08-08T15:57:33.641686-05:00
2019-12-16,74.2,65.5,0.031,13.4,25.5,154.0,5.249,163.0,5.2,,,,-0.251,1.456,1.707,finalized,Open-Meteo ERA5,Open-Meteo ERA5-Ocean,NOAA CO-OPS 8729678 Navarre Beach predictions,2026-08-08T15:57:33.641686-05:00
2019-12-17,71.9,42.9,0.894,16.8,39.4,316.0,6.89,256.0,5.35,,,,-0.081,1.251,1.332,finalized,Open-Meteo ERA5,Open-Meteo ERA5-Ocean,NOAA CO-OPS 8729678 Navarre Beach predictions,2026-08-08T15:57:33.641686-05:00
2019-12-18,52.9,35.9,0.0,17.2,30.4,354.0,7.743,358.0,5.4,,,,0.117,0.983,0.866,finalized,Open-Meteo ERA5,Open-Meteo ERA5-Ocean,NOAA CO-OPS 8729678 Navarre Beach predictions,2026-08-08T15:57:33.641686-05:00
2019-12-19,57.4,33.7,0.0,10.3,18.6,19.0,4.068,28.0,4.25,,,,0.294,0.833,0.5389999999999999,finalized,Open-Meteo ERA5,Open-Meteo ERA5-Ocean,NOAA CO-OPS 8729678 Navarre Beach predictions,2026-08-08T15:57:33.641686-05:00
2019-12-20,65.0,40.1,0.0,12.5,21.5,58.0,5.249,87.0,4.9,,,,0.416,0.983,0.567,finalized,Open-Meteo ERA5,Open-Meteo ERA5-Ocean,NOAA CO-OPS 8729678 Navarre Beach predictions,2026-08-08T15:57:33.641686-05:00
2019-12-21,55.9,52.9,0.866,15.5,29.1,58.0,7.546,95.0,5.95,,,,0.264,1.151,0.887,finalized,Open-Meteo ERA5,Open-Meteo ERA5-Ocean,NOAA CO-OPS 8729678 Navarre Beach predictions,2026-08-08T15:57:33.641686-05:00
2019-12-22,62.5,51.7,1.85,18.9,37.8,84.0,9.514,137.0,7.65,,,,-0.039,1.305,1.344,finalized,Open-Meteo ERA5,Open-Meteo ERA5-Ocean,NOAA CO-OPS 8729678 Navarre Beach predictions,2026-08-08T15:57:33.641686-05:00
2019-12-23,57.5,49.5,0.087,11.8,22.6,339.0,4.921,281.0,6.4,,,,-0.296,1.417,1.713,finalized,Open-Meteo ERA5,Open-Meteo ERA5-Ocean,NOAA CO-OPS 8729678 Navarre Beach predictions,2026-08-08T15:57:33.641686-05:00
2019-12-24,71.1,55.3,0.0,10.2,19.9,352.0,3.412,347.0,4.35,,,,-0.485,1.468,1.953,finalized,Open-Meteo ERA5,Open-Meteo ERA5-Ocean,NOAA CO-OPS 8729678 Navarre Beach predictions,2026-08-08T15:57:33.641686-05:00
2019-12-25,72.3,55.7,0.0,8.2,17.0,71.0,2.165,82.0,3.5,,,,-0.599,1.462,2.061,finalized,Open-Meteo ERA5,Open-Meteo ERA5-Ocean,NOAA CO-OPS 8729678 Navarre Beach predictions,2026-08-08T15:57:33.641686-05:00
2019-12-26,73.0,56.4,0.0,9.3,16.8,72.0,3.15,106.0,4.35,,,,-0.642,1.414,2.056,finalized,Open-Meteo ERA5,Open-Meteo ERA5-Ocean,NOAA CO-OPS 8729678 Navarre Beach predictions,2026-08-08T15:57:33.641686-05:00
2019-12-27,74.1,59.9,0.0,9.0,18.6,86.0,3.478,116.0,4.75,,,,-0.624,1.34,1.964,finalized,Open-Meteo ERA5,Open-Meteo ERA5-Ocean,NOAA CO-OPS 8729678 Navarre Beach predictions,2026-08-08T15:57:33.641686-05:00
2019-12-28,69.8,64.9,0.004,14.1,25.5,115.0,4.462,128.0,4.9,,,,-0.555,1.248,1.803,finalized,Open-Meteo ERA5,Open-Meteo ERA5-Ocean,NOAA CO-OPS 8729678 Navarre Beach predictions,2026-08-08T15:57:33.641686-05:00
2019-12-29,75.0,67.0,0.047,12.8,28.2,169.0,3.675,157.0,4.6,,,,-0.447,1.141,1.588,finalized,Open-Meteo ERA5,Open-Meteo ERA5-Ocean,NOAA CO-OPS 8729678 Navarre Beach predictions,2026-08-08T15:57:33.641686-05:00
2019-12-30,70.2,48.9,0.008,14.7,26.4,299.0,4.528,262.0,4.75,,,,-0.312,1.017,1.329,finalized,Open-Meteo ERA5,Open-Meteo ERA5-Ocean,NOAA CO-OPS 8729678 Navarre Beach predictions,2026-08-08T15:57:33.641686-05:00
2019-12-31,62.5,41.7,0.0,9.9,16.6,311.0,3.675,314.0,4.1,,,,-0.165,0.873,1.038,finalized,Open-Meteo ERA5,Open-Meteo ERA5-Ocean,NOAA CO-OPS 8729678 Navarre Beach predictions,2026-08-08T15:57:33.641686-05:00
2020-01-01,61.3,41.7,0.0,7.0,12.3,36.0,1.64,11.0,3.05,,,,0.006,0.697,0.691,finalized,Open-Meteo ERA5,Open-Meteo ERA5-Ocean,NOAA CO-OPS 8729678 Navarre Beach predictions,2026-08-08T15:57:33.641686-05:00
2020-01-02,72.7,58.0,0.205,17.1,31.8,161.0,5.446,165.0,5.45,,,,0.15,0.538,0.388,finalized,Open-Meteo ERA5,Open-Meteo ERA5-Ocean,NOAA CO-OPS 8729678 Navarre Beach predictions,2026-08-08T15:57:33.641686-05:00
2020-01-03,75.1,62.5,0.575,20.1,35.3,210.0,7.021,187.0,6.8,,,,0.249,0.666,0.417,finalized,Open-Meteo ERA5,Open-Meteo ERA5-Ocean,NOAA CO-OPS 8729678 Navarre Beach predictions,2026-08-08T15:57:33.641686-05:00
2020-01-04,64.0,47.4,0.012,14.7,30.0,309.0,5.643,243.0,6.9,,,,0.222,0.831,0.609,finalized,Open-Meteo ERA5,Open-Meteo ERA5-Ocean,NOAA CO-OPS 8729678 Navarre Beach predictions,2026-08-08T15:57:33.641686-05:00
2020-01-05,60.6,38.3,0.0,8.5,15.0,326.0,4.331,334.0,4.85,,,,0.038,0.986,0.948,finalized,Open-Meteo ERA5,Open-Meteo ERA5-Ocean,NOAA CO-OPS 8729678 Navarre Beach predictions,2026-08-08T15:57:33.641686-05:00
2020-01-06,66.9,39.7,0.0,6.3,13.2,259.0,1.378,255.0,3.9,,,,-0.171,1.121,1.292,finalized,Open-Meteo ERA5,Open-Meteo ERA5-Ocean,NOAA CO-OPS 8729678 Navarre Beach predictions,2026-08-08T15:57:33.641686-05:00
2020-01-07,65.2,44.5,0.0,12.2,24.8,307.0,4.199,286.0,4.4,,,,-0.366,1.237,1.6030000000000002,finalized,Open-Meteo ERA5,Open-Meteo ERA5-Ocean,NOAA CO-OPS 8729678 Navarre Beach predictions,2026-08-08T15:57:33.641686-05:00
2020-01-08,64.3,34.9,0.0,7.9,16.6,46.0,2.625,38.0,3.7,,,,-0.535,1.334,1.869,finalized,Open-Meteo ERA5,Open-Meteo ERA5-Ocean,NOAA CO-OPS 8729678 Navarre Beach predictions,2026-08-08T15:57:33.641686-05:00
2020-01-09,67.8,45.4,0.0,14.8,25.5,111.0,6.43,129.0,5.85,,,,-0.663,1.408,2.071,finalized,Open-Meteo ERA5,Open-Meteo ERA5-Ocean,NOAA CO-OPS 8729678 Navarre Beach predictions,2026-08-08T15:57:33.641686-05:00
2020-01-10,70.9,64.1,0.004,16.2,28.2,123.0,7.48,139.0,6.7,,,,-0.739,1.45,2.189,finalized,Open-Meteo ERA5,Open-Meteo ERA5-Ocean,NOAA CO-OPS 8729678 Navarre Beach predictions,2026-08-08T15:57:33.641686-05:00
2020-01-11,73.8,61.6,0.693,22.4,47.2,170.0,10.433,161.0,7.5,,,,-0.749,1.441,2.19,finalized,Open-Meteo ERA5,Open-Meteo ERA5-Ocean,NOAA CO-OPS 8729678 Navarre Beach predictions,2026-08-08T15:57:33.641686-05:00
2020-01-12,71.1,55.5,0.087,7.7,23.0,73.0,6.234,171.0,7.45,,,,-0.682,1.365,2.047,finalized,Open-Meteo ERA5,Open-Meteo ERA5-Ocean,NOAA CO-OPS 8729678 Navarre Beach predictions,2026-08-08T15:57:33.641686-05:00
2020-01-13,73.5,66.9,0.295,10.6,20.6,149.0,2.69,161.0,5.6,,,,-0.532,1.21,1.742,finalized,Open-Meteo ERA5,Open-Meteo ERA5-Ocean,NOAA CO-OPS 8729678 Navarre Beach predictions,2026-08-08T15:57:33.641686-05:00
2020-01-14,75.5,65.3,0.079,8.3,15.9,161.0,2.625,153.0,5.9,,,,-0.313,0.978,1.291,finalized,Open-Meteo ERA5,Open-Meteo ERA5-Ocean,NOAA CO-OPS 8729678 Navarre Beach predictions,2026-08-08T15:57:33.641686-05:00
2020-01-15,75.9,64.0,0.012,7.8,17.9,180.0,2.493,154.0,5.9,,,,-0.089,0.694,0.7829999999999999,finalized,Open-Meteo ERA5,Open-Meteo ERA5-Ocean,NOAA CO-OPS 8729678 Navarre Beach predictions,2026-08-08T15:57:33.641686-05:00
2020-01-16,75.8,63.3,0.043,11.5,21.5,2.0,3.018,140.0,5.2,,,,0.085,0.545,0.46,finalized,Open-Meteo ERA5,Open-Meteo ERA5-Ocean,NOAA CO-OPS 8729678 Navarre Beach predictions,2026-08-08T15:57:33.641686-05:00
2020-01-17,70.2,54.7,0.0,13.5,25.5,75.0,6.43,90.0,5.55,,,,0.179,0.752,0.573,finalized,Open-Meteo ERA5,Open-Meteo ERA5-Ocean,NOAA CO-OPS 8729678 Navarre Beach predictions,2026-08-08T15:57:33.641686-05:00
2020-01-18,67.7,58.7,0.205,14.2,25.9,128.0,8.005,132.0,6.85,,,,-0.036,0.954,0.99,finalized,Open-Meteo ERA5,Open-Meteo ERA5-Ocean,NOAA CO-OPS 8729678 Navarre Beach predictions,2026-08-08T15:57:33.641686-05:00
2020-01-19,67.1,44.2,0.035,15.3,29.5,339.0,6.102,13.0,6.9,,,,-0.325,1.113,1.438,finalized,Open-Meteo ERA5,Open-Meteo ERA5-Ocean,NOAA CO-OPS 8729678 Navarre Beach predictions,2026-08-08T15:57:33.641686-05:00
2020-01-20,50.3,36.0,0.0,13.7,26.6,351.0,5.774,356.0,5.0,,,,-0.554,1.208,1.762,finalized,Open-Meteo ERA5,Open-Meteo ERA5-Ocean,NOAA CO-OPS 8729678 Navarre Beach predictions,2026-08-08T15:57:33.641686-05:00
2020-01-21,45.2,29.5,0.0,14.2,25.9,0.0,4.724,6.0,4.55,,,,-0.709,1.239,1.948,finalized,Open-Meteo ERA5,Open-Meteo ERA5-Ocean,NOAA CO-OPS 8729678 Navarre Beach predictions,2026-08-08T15:57:33.641686-05:00
2020-01-22,52.2,31.7,0.0,10.4,19.5,40.0,4.003,52.0,4.2,,,,-0.792,1.219,2.011,finalized,Open-Meteo ERA5,Open-Meteo ERA5-Ocean,NOAA CO-OPS 8729678 Navarre Beach predictions,2026-08-08T15:57:33.641686-05:00
2020-01-23,60.1,48.6,0.528,13.1,25.7,103.0,5.381,114.0,5.1,,,,-0.809,1.167,1.976,finalized,Open-Meteo ERA5,Open-Meteo ERA5-Ocean,NOAA CO-OPS 8729678 Navarre Beach predictions,2026-08-08T15:57:33.641686-05:00
2020-01-24,64.9,50.6,0.012,11.1,22.8,278.0,4.003,230.0,5.1,,,,-0.772,1.097,1.869,finalized,Open-Meteo ERA5,Open-Meteo ERA5-Ocean,NOAA CO-OPS 8729678 Navarre Beach predictions,2026-08-08T15:57:33.641686-05:00
2020-01-25,59.9,39.1,0.0,9.8,17.0,320.0,4.003,308.0,4.35,,,,-0.689,1.015,1.7039999999999995,finalized,Open-Meteo ERA5,Open-Meteo ERA5-Ocean,NOAA CO-OPS 8729678 Navarre Beach predictions,2026-08-08T15:57:33.641686-05:00
2020-01-26,55.1,41.0,0.146,8.0,13.9,62.0,2.953,129.0,3.8,,,,-0.567,0.919,1.486,finalized,Open-Meteo ERA5,Open-Meteo ERA5-Ocean,NOAA CO-OPS 8729678 Navarre Beach predictions,2026-08-08T15:57:33.641686-05:00
2020-01-27,58.4,48.1,0.047,9.2,16.3,23.0,3.609,146.0,5.3,,,,-0.417,0.805,1.222,finalized,Open-Meteo ERA5,Open-Meteo ERA5-Ocean,NOAA CO-OPS 8729678 Navarre Beach predictions,2026-08-08T15:57:33.641686-05:00
2020-01-28,64.7,40.4,0.0,8.4,17.7,75.0,2.822,82.0,4.45,,,,-0.264,0.67,0.934,finalized,Open-Meteo ERA5,Open-Meteo ERA5-Ocean,NOAA CO-OPS 8729678 Navarre Beach predictions,2026-08-08T15:57:33.641686-05:00
2020-01-29,52.4,48.4,0.76,16.0,33.6,71.0,5.84,107.0,5.2,,,,-0.115,0.513,0.628,finalized,Open-Meteo ERA5,Open-Meteo ERA5-Ocean,NOAA CO-OPS 8729678 Navarre Beach predictions,2026-08-08T15:57:33.641686-05:00
2020-01-30,63.1,43.8,0.0,10.2,19.2,52.0,4.462,76.0,5.1,,,,0.016,0.339,0.323,finalized,Open-Meteo ERA5,Open-Meteo ERA5-Ocean,NOAA CO-OPS 8729678 Navarre Beach predictions,2026-08-08T15:57:33.641686-05:00
2020-01-31,56.1,52.5,0.409,9.1,17.0,54.0,3.215,99.0,4.35,,,,0.1,0.469,0.369,finalized,Open-Meteo ERA5,Open-Meteo ERA5-Ocean,NOAA CO-OPS 8729678 Navarre Beach predictions,2026-08-08T15:57:33.641686-05:00
2020-02-01,54.3,43.7,0.0,11.2,21.7,326.0,4.528,325.0,4.5,,,,0.098,0.646,0.548,finalized,Open-Meteo ERA5,Open-Meteo ERA5-Ocean,NOAA CO-OPS 8729678 Navarre Beach predictions,2026-08-08T15:57:33.641686-05:00
2020-02-02,67.3,37.6,0.0,9.0,18.3,264.0,4.003,282.0,4.45,,,,-0.059,0.806,0.865,finalized,Open-Meteo ERA5,Open-Meteo ERA5-Ocean,NOAA CO-OPS 8729678 Navarre Beach predictions,2026-08-08T15:57:33.641686-05:00
2020-02-03,71.0,46.3,0.0,10.7,21.0,226.0,3.346,236.0,4.35,,,,-0.247,0.946,1.193,finalized,Open-Meteo ERA5,Open-Meteo ERA5-Ocean,NOAA CO-OPS 8729678 Navarre Beach predictions,2026-08-08T15:57:33.641686-05:00
2020-02-04,73.3,58.7,0.035,12.8,23.9,177.0,3.543,191.0,4.95,,,,-0.425,1.069,1.494,finalized,Open-Meteo ERA5,Open-Meteo ERA5-Ocean,NOAA CO-OPS 8729678 Navarre Beach predictions,2026-08-08T15:57:33.641686-05:00
2020-02-05,72.7,66.8,0.882,15.1,33.3,171.0,5.315,181.0,5.35,,,,-0.579,1.174,1.753,finalized,Open-Meteo ERA5,Open-Meteo ERA5-Ocean,NOAA CO-OPS 8729678 Navarre Beach predictions,2026-08-08T15:57:33.641686-05:00
2020-02-06,73.8,52.6,0.969,27.7,49.9,225.0,11.352,205.0,7.5,,,,-0.696,1.253,1.949,finalized,Open-Meteo ERA5,Open-Meteo ERA5-Ocean,NOAA CO-OPS 8729678 Navarre Beach predictions,2026-08-08T15:57:33.641686-05:00
2020-02-07,56.2,37.7,0.0,20.5,37.4,286.0,12.664,254.0,7.3,,,,-0.758,1.294,2.052,finalized,Open-Meteo ERA5,Open-Meteo ERA5-Ocean,NOAA CO-OPS 8729678 Navarre Beach predictions,2026-08-08T15:57:33.641686-05:00
2020-02-08,67.7,42.6,0.0,12.9,25.1,208.0,2.953,201.0,6.75,,,,-0.747,1.276,2.023,finalized,Open-Meteo ERA5,Open-Meteo ERA5-Ocean,NOAA CO-OPS 8729678 Navarre Beach predictions,2026-08-08T15:57:33.641686-05:00
2020-02-09,68.6,52.1,0.0,13.1,25.7,105.0,5.577,130.0,5.6,,,,-0.653,1.183,1.836,finalized,Open-Meteo ERA5,Open-Meteo ERA5-Ocean,NOAA CO-OPS 8729678 Navarre Beach predictions,2026-08-08T15:57:33.641686-05:00
2020-02-10,72.1,60.9,0.0,15.8,28.6,154.0,4.856,146.0,6.2,,,,-0.472,1.007,1.479,finalized,Open-Meteo ERA5,Open-Meteo ERA5-Ocean,NOAA CO-OPS 8729678 Navarre Beach predictions,2026-08-08T15:57:33.641686-05:00
2020-02-11,76.1,69.0,0.055,11.9,21.5,204.0,4.593,166.0,6.1,,,,-0.235,0.758,0.993,finalized,Open-Meteo ERA5,Open-Meteo ERA5-Ocean,NOAA CO-OPS 8729678 Navarre Beach predictions,2026-08-08T15:57:33.641686-05:00
2020-02-12,73.2,67.9,0.047,15.7,29.1,162.0,4.265,167.0,5.6,,,,-0.032,0.257,0.289,finalized,Open-Meteo ERA5,Open-Meteo ERA5-Ocean,NOAA CO-OPS 8729678 Navarre Beach predictions,2026-08-08T15:57:33.641686-05:00
2020-02-13,73.3,53.4,0.89,18.1,32.2,271.0,5.709,199.0,5.65,,,,0.11,0.473,0.363,finalized,Open-Meteo ERA5,Open-Meteo ERA5-Ocean,NOAA CO-OPS 8729678 Navarre Beach predictions,2026-08-08T15:57:33.641686-05:00
2020-02-14,64.2,44.8,0.047,12.7,25.3,11.0,4.396,16.0,4.6,,,,0.145,0.707,0.5619999999999999,finalized,Open-Meteo ERA5,Open-Meteo ERA5-Ocean,NOAA CO-OPS 8729678 Navarre Beach predictions,2026-08-08T15:57:33.641686-05:00
2020-02-15,64.8,42.7,0.0,9.9,20.1,59.0,3.937,68.0,4.5,,,,-0.148,0.912,1.06,finalized,Open-Meteo ERA5,Open-Meteo ERA5-Ocean,NOAA CO-OPS 8729678 Navarre Beach predictions,2026-08-08T15:57:33.641686-05:00
2020-02-16,59.8,51.5,1.02,10.0,24.4,63.0,2.428,116.0,4.3,,,,-0.389,1.048,1.437,finalized,Open-Meteo ERA5,Open-Meteo ERA5-Ocean,NOAA CO-OPS 8729678 Navarre Beach predictions,2026-08-08T15:57:33.641686-05:00
2020-02-17,70.1,58.3,0.004,8.1,13.9,92.0,1.903,150.0,3.7,,,,-0.562,1.111,1.673,finalized,Open-Meteo ERA5,Open-Meteo ERA5-Ocean,NOAA CO-OPS 8729678 Navarre Beach predictions,2026-08-08T15:57:33.641686-05:00
2020-02-18,73.2,64.4,0.043,11.0,21.7,172.0,1.444,159.0,3.8,,,,-0.662,1.117,1.779,finalized,Open-Meteo ERA5,Open-Meteo ERA5-Ocean,NOAA CO-OPS 8729678 Navarre Beach predictions,2026-08-08T15:57:33.641686-05:00
2020-02-19,75.6,65.1,0.067,8.2,15.9,26.0,1.575,159.0,4.55,,,,-0.697,1.087,1.7839999999999998,finalized,Open-Meteo ERA5,Open-Meteo ERA5-Ocean,NOAA CO-OPS 8729678 Navarre Beach predictions,2026-08-08T15:57:33.641686-05:00
2020-02-20,67.7,48.5,0.665,17.6,36.5,32.0,6.955,52.0,5.0,,,,-0.677,1.037,1.714,finalized,Open-Meteo ERA5,Open-Meteo ERA5-Ocean,NOAA CO-OPS 8729678 Navarre Beach predictions,2026-08-08T15:57:33.641686-05:00
2020-02-21,54.5,44.3,0.0,18.0,33.3,18.0,7.546,24.0,5.4,,,,-0.612,0.974,1.586,finalized,Open-Meteo ERA5,Open-Meteo ERA5-Ocean,NOAA CO-OPS 8729678 Navarre Beach predictions,2026-08-08T15:57:33.641686-05:00
2020-02-22,58.7,37.1,0.0,9.2,20.4,44.0,4.003,61.0,4.3,,,,-0.51,0.897,1.407,finalized,Open-Meteo ERA5,Open-Meteo ERA5-Ocean,NOAA CO-OPS 8729678 Navarre Beach predictions,2026-08-08T15:57:33.641686-05:00
2020-02-23,62.3,39.2,0.0,6.2,12.8,96.0,1.64,96.0,3.55,,,,-0.376,0.806,1.182,finalized,Open-Meteo ERA5,Open-Meteo ERA5-Ocean,NOAA CO-OPS 8729678 Navarre Beach predictions,2026-08-08T15:57:33.641686-05:00
2020-02-24,71.6,55.3,0.362,14.1,31.5,177.0,3.412,162.0,4.75,,,,-0.231,0.698,0.929,finalized,Open-Meteo ERA5,Open-Meteo ERA5-Ocean,NOAA CO-OPS 8729678 Navarre Beach predictions,2026-08-08T15:57:33.641686-05:00
2020-02-25,70.3,61.0,0.252,9.0,23.9,253.0,3.478,172.0,5.75,,,,-0.102,0.575,0.6769999999999999,finalized,Open-Meteo ERA5,Open-Meteo ERA5-Ocean,NOAA CO-OPS 8729678 Navarre Beach predictions,2026-08-08T15:57:33.641686-05:00
2020-02-26,60.5,48.0,0.0,13.2,30.2,326.0,4.921,272.0,5.65,,,,0.022,0.439,0.417,finalized,Open-Meteo ERA5,Open-Meteo ERA5-Ocean,NOAA CO-OPS 8729678 Navarre Beach predictions,2026-08-08T15:57:33.641686-05:00
2020-02-27,55.8,38.2,0.0,13.5,24.4,325.0,5.709,327.0,4.9,,,,0.087,0.376,0.289,finalized,Open-Meteo ERA5,Open-Meteo ERA5-Ocean,NOAA CO-OPS 8729678 Navarre Beach predictions,2026-08-08T15:57:33.641686-05:00
2020-02-28,61.5,35.1,0.0,14.2,27.5,272.0,6.168,276.0,5.0,,,,0.079,0.556,0.477,finalized,Open-Meteo ERA5,Open-Meteo ERA5-Ocean,NOAA CO-OPS 8729678 Navarre Beach predictions,2026-08-08T15:57:33.641686-05:00
2020-02-29,68.2,39.1,0.0,10.4,20.6,283.0,5.512,282.0,4.9,,,,-0.02,0.72,0.74,finalized,Open-Meteo ERA5,Open-Meteo ERA5-Ocean,NOAA CO-OPS 8729678 Navarre Beach predictions,2026-08-08T15:57:33.641686-05:00
2020-03-01,68.2,45.4,0.016,13.5,26.8,170.0,3.478,181.0,4.25,,,,0.864,0.864,0.0,finalized,Open-Meteo ERA5,Open-Meteo ERA5-Ocean,NOAA CO-OPS 8729678 Navarre Beach predictions,2026-08-08T15:57:33.641686-05:00
2020-03-02,71.7,61.4,0.059,13.3,30.4,172.0,4.199,173.0,5.85,,,,-0.165,0.988,1.153,finalized,Open-Meteo ERA5,Open-Meteo ERA5-Ocean,NOAA CO-OPS 8729678 Navarre Beach predictions,2026-08-08T15:57:33.641686-05:00
2020-03-03,75.3,67.0,0.043,15.0,29.1,205.0,3.937,166.0,6.2,,,,-0.302,1.095,1.397,finalized,Open-Meteo ERA5,Open-Meteo ERA5-Ocean,NOAA CO-OPS 8729678 Navarre Beach predictions,2026-08-08T15:57:33.641686-05:00
2020-03-04,72.6,62.5,0.354,12.8,25.3,182.0,4.134,180.0,5.95,,,,-0.418,1.184,1.602,finalized,Open-Meteo ERA5,Open-Meteo ERA5-Ocean,NOAA CO-OPS 8729678 Navarre Beach predictions,2026-08-08T15:57:33.641686-05:00
2020-03-05,70.8,59.4,0.421,13.4,26.8,317.0,5.118,211.0,5.8,,,,-0.499,1.248,1.747,finalized,Open-Meteo ERA5,Open-Meteo ERA5-Ocean,NOAA CO-OPS 8729678 Navarre Beach predictions,2026-08-08T15:57:33.641686-05:00
2020-03-06,69.0,50.4,0.0,15.0,28.9,343.0,4.724,339.0,4.95,,,,-0.525,1.271,1.7959999999999998,finalized,Open-Meteo ERA5,Open-Meteo ERA5-Ocean,NOAA CO-OPS 8729678 Navarre Beach predictions,2026-08-08T15:57:33.641686-05:00
2020-03-07,63.9,43.6,0.0,11.0,22.8,25.0,3.74,26.0,4.1,,,,-0.478,1.236,1.714,finalized,Open-Meteo ERA5,Open-Meteo ERA5-Ocean,NOAA CO-OPS 8729678 Navarre Beach predictions,2026-08-08T15:57:33.641686-05:00
2020-03-08,66.4,50.1,0.0,13.2,25.5,107.0,5.052,112.0,5.8,,,,-0.348,1.128,1.476,finalized,Open-Meteo ERA5,Open-Meteo ERA5-Ocean,NOAA CO-OPS 8729678 Navarre Beach predictions,2026-08-08T15:57:33.641686-05:00
2020-03-09,71.6,55.0,0.0,15.5,30.4,124.0,5.774,132.0,6.2,,,,-0.142,0.952,1.094,finalized,Open-Meteo ERA5,Open-Meteo ERA5-Ocean,NOAA CO-OPS 8729678 Navarre Beach predictions,2026-08-08T15:57:33.641686-05:00
2020-03-10,73.8,59.7,0.012,7.6,16.6,179.0,3.871,147.0,6.3,,,,0.07,0.292,0.2219999999999999,finalized,Open-Meteo ERA5,Open-Meteo ERA5-Ocean,NOAA CO-OPS 8729678 Navarre Beach predictions,2026-08-08T15:57:33.641686-05:00
2020-03-11,76.0,63.9,0.0,9.2,19.0,229.0,2.625,156.0,6.3,,,,0.032,0.728,0.696,finalized,Open-Meteo ERA5,Open-Meteo ERA5-Ocean,NOAA CO-OPS 8729678 Navarre Beach predictions,2026-08-08T15:57:33.641686-05:00
2020-03-12,75.8,63.3,0.0,11.6,23.7,220.0,1.837,174.0,4.7,,,,-0.035,0.735,0.77,finalized,Open-Meteo ERA5,Open-Meteo ERA5-Ocean,NOAA CO-OPS 8729678 Navarre Beach predictions,2026-08-08T15:57:33.641686-05:00
2020-03-13,77.2,60.6,0.0,9.7,20.4,200.0,1.444,184.0,3.5,,,,-0.165,0.971,1.136,finalized,Open-Meteo ERA5,Open-Meteo ERA5-Ocean,NOAA CO-OPS 8729678 Navarre Beach predictions,2026-08-08T15:57:33.641686-05:00
2020-03-14,77.6,63.3,0.0,6.2,14.8,168.0,1.115,157.0,4.0,,,,1.133,1.133,0.0,finalized,Open-Meteo ERA5,Open-Meteo ERA5-Ocean,NOAA CO-OPS 8729678 Navarre Beach predictions,2026-08-08T15:57:33.641686-05:00
2020-03-15,82.6,55.7,0.0,7.4,12.5,284.0,1.115,153.0,4.4,,,,-0.333,1.213,1.546,finalized,Open-Meteo ERA5,Open-Meteo ERA5-Ocean,NOAA CO-OPS 8729678 Navarre Beach predictions,2026-08-08T15:57:33.641686-05:00
2020-03-16,79.5,59.4,0.0,7.2,15.7,216.0,0.984,146.0,4.45,,,,-0.433,1.221,1.654,finalized,Open-Meteo ERA5,Open-Meteo ERA5-Ocean,NOAA CO-OPS 8729678 Navarre Beach predictions,2026-08-08T15:57:33.641686-05:00
2020-03-17,79.3,62.4,0.02,6.1,15.0,169.0,0.853,144.0,4.15,,,,-0.467,1.18,1.647,finalized,Open-Meteo ERA5,Open-Meteo ERA5-Ocean,NOAA CO-OPS 8729678 Navarre Beach predictions,2026-08-08T15:57:33.641686-05:00
2020-03-18,78.0,65.3,0.004,10.9,24.2,153.0,1.903,148.0,4.05,,,,-0.443,1.116,1.5590000000000002,finalized,Open-Meteo ERA5,Open-Meteo ERA5-Ocean,NOAA CO-OPS 8729678 Navarre Beach predictions,2026-08-08T15:57:33.641686-05:00
2020-03-19,79.6,67.2,0.0,12.8,25.7,156.0,2.69,155.0,4.6,,,,-0.373,1.045,1.418,finalized,Open-Meteo ERA5,Open-Meteo ERA5-Ocean,NOAA CO-OPS 8729678 Navarre Beach predictions,2026-08-08T15:57:33.641686-05:00
2020-03-20,79.7,69.2,0.004,13.2,26.8,168.0,2.756,158.0,5.25,,,,-0.268,0.973,1.241,finalized,Open-Meteo ERA5,Open-Meteo ERA5-Ocean,NOAA CO-OPS 8729678 Navarre Beach predictions,2026-08-08T15:57:33.641686-05:00
2020-03-21,77.2,66.7,0.449,7.9,16.6,241.0,2.493,158.0,5.55,,,,-0.136,0.894,1.03,finalized,Open-Meteo ERA5,Open-Meteo ERA5-Ocean,NOAA CO-OPS 8729678 Navarre Beach predictions,2026-08-08T15:57:33.641686-05:00
2020-03-22,77.8,62.3,0.028,9.1,19.0,103.0,2.297,125.0,4.7,,,,0.006,0.801,0.795,finalized,Open-Meteo ERA5,Open-Meteo ERA5-Ocean,NOAA CO-OPS 8729678 Navarre Beach predictions,2026-08-08T15:57:33.641686-05:00
2020-03-23,80.7,66.7,0.016,13.4,28.4,208.0,2.034,183.0,4.05,,,,0.121,0.696,0.575,finalized,Open-Meteo ERA5,Open-Meteo ERA5-Ocean,NOAA CO-OPS 8729678 Navarre Beach predictions,2026-08-08T15:57:33.641686-05:00
2020-03-24,81.0,67.1,0.016,16.1,31.1,213.0,3.412,195.0,4.05,,,,0.138,0.587,0.4489999999999999,finalized,Open-Meteo ERA5,Open-Meteo ERA5-Ocean,NOAA CO-OPS 8729678 Navarre Beach predictions,2026-08-08T15:57:33.641686-05:00
2020-03-25,83.8,72.2,0.02,12.8,22.4,247.0,3.937,220.0,4.6,,,,0.097,0.56,0.4630000000000001,finalized,Open-Meteo ERA5,Open-Meteo ERA5-Ocean,NOAA CO-OPS 8729678 Navarre Beach predictions,2026-08-08T15:57:33.641686-05:00
2020-03-26,82.4,65.1,0.0,9.4,19.5,182.0,2.034,210.0,4.3,,,,0.058,0.728,0.6699999999999999,finalized,Open-Meteo ERA5,Open-Meteo ERA5-Ocean,NOAA CO-OPS 8729678 Navarre Beach predictions,2026-08-08T15:57:33.641686-05:00
2020-03-27,82.5,68.8,0.0,11.1,22.1,199.0,2.428,202.0,4.15,,,,0.021,0.884,0.863,finalized,Open-Meteo ERA5,Open-Meteo ERA5-Ocean,NOAA CO-OPS 8729678 Navarre Beach predictions,2026-08-08T15:57:33.641686-05:00
2020-03-28,82.0,71.5,0.0,13.5,27.7,184.0,3.084,186.0,5.3,,,,-0.018,1.023,1.041,finalized,Open-Meteo ERA5,Open-Meteo ERA5-Ocean,NOAA CO-OPS 8729678 Navarre Beach predictions,2026-08-08T15:57:33.641686-05:00
2020-03-29,83.2,72.4,0.075,10.5,22.4,208.0,3.346,184.0,5.55,,,,-0.083,1.144,1.227,finalized,Open-Meteo ERA5,Open-Meteo ERA5-Ocean,NOAA CO-OPS 8729678 Navarre Beach predictions,2026-08-08T15:57:33.641686-05:00
2020-03-30,81.7,66.2,0.02,7.6,17.4,76.0,2.231,163.0,5.25,,,,1.242,1.242,0.0,finalized,Open-Meteo ERA5,Open-Meteo ERA5-Ocean,NOAA CO-OPS 8729678 Navarre Beach predictions,2026-08-08T15:57:33.641686-05:00
2020-03-31,80.4,58.0,0.508,23.2,43.4,264.0,7.021,236.0,5.4,,,,-0.159,1.316,1.475,finalized,Open-Meteo ERA5,Open-Meteo ERA5-Ocean,NOAA CO-OPS 8729678 Navarre Beach predictions,2026-08-08T15:57:33.641686-05:00
2020-04-01,73.7,48.3,0.0,16.0,27.7,352.0,6.234,357.0,4.95,,,,-0.218,1.362,1.58,finalized,Open-Meteo ERA5,Open-Meteo ERA5-Ocean,NOAA CO-OPS 8729678 Navarre Beach predictions,2026-08-08T15:57:33.641686-05:00
2020-04-02,73.0,52.2,0.0,8.4,16.8,47.0,2.297,55.0,3.55,,,,-0.243,1.373,1.616,finalized,Open-Meteo ERA5,Open-Meteo ERA5-Ocean,NOAA CO-OPS 8729678 Navarre Beach predictions,2026-08-08T15:57:33.641686-05:00
2020-04-03,74.4,58.0,0.0,5.6,12.5,210.0,0.787,98.0,3.2,,,,-0.214,1.339,1.553,finalized,Open-Meteo ERA5,Open-Meteo ERA5-Ocean,NOAA CO-OPS 8729678 Navarre Beach predictions,2026-08-08T15:57:33.641686-05:00
2020-04-04,79.7,56.4,0.0,6.0,14.3,284.0,0.787,21.0,2.8,,,,-0.117,1.249,1.366,finalized,Open-Meteo ERA5,Open-Meteo ERA5-Ocean,NOAA CO-OPS 8729678 Navarre Beach predictions,2026-08-08T15:57:33.641686-05:00
2020-04-05,78.2,63.7,0.13,7.3,15.7,234.0,1.115,19.0,3.1,,,,0.05,1.112,1.062,finalized,Open-Meteo ERA5,Open-Meteo ERA5-Ocean,NOAA CO-OPS 8729678 Navarre Beach predictions,2026-08-08T15:57:33.641686-05:00
2020-04-06,77.3,62.1,0.0,7.9,17.9,174.0,1.575,143.0,4.1,,,,0.25,0.948,0.698,finalized,Open-Meteo ERA5,Open-Meteo ERA5-Ocean,NOAA CO-OPS 8729678 Navarre Beach predictions,2026-08-08T15:57:33.641686-05:00
2020-04-07,77.2,64.1,0.012,9.4,21.0,188.0,1.509,153.0,4.25,,,,0.202,0.697,0.4949999999999999,finalized,Open-Meteo ERA5,Open-Meteo ERA5-Ocean,NOAA CO-OPS 8729678 Navarre Beach predictions,2026-08-08T15:57:33.641686-05:00
2020-04-08,83.4,72.9,0.031,13.8,28.2,239.0,2.822,218.0,3.75,,,,0.035,0.914,0.879,finalized,Open-Meteo ERA5,Open-Meteo ERA5-Ocean,NOAA CO-OPS 8729678 Navarre Beach predictions,2026-08-08T15:57:33.641686-05:00
2020-04-09,87.2,73.8,0.0,12.0,25.1,258.0,3.412,241.0,4.35,,,,-0.103,1.168,1.271,finalized,Open-Meteo ERA5,Open-Meteo ERA5-Ocean,NOAA CO-OPS 8729678 Navarre Beach predictions,2026-08-08T15:57:33.641686-05:00
2020-04-10,74.2,59.1,0.39,11.7,24.6,359.0,3.018,354.0,3.65,,,,-0.213,1.361,1.574,finalized,Open-Meteo ERA5,Open-Meteo ERA5-Ocean,NOAA CO-OPS 8729678 Navarre Beach predictions,2026-08-08T15:57:33.641686-05:00
2020-04-11,70.9,53.2,0.0,9.2,19.7,89.0,3.412,81.0,4.05,,,,-0.311,1.471,1.782,finalized,Open-Meteo ERA5,Open-Meteo ERA5-Ocean,NOAA CO-OPS 8729678 Navarre Beach predictions,2026-08-08T15:57:33.641686-05:00
2020-04-12,79.7,65.9,0.035,23.3,44.1,165.0,10.499,167.0,7.1,,,,1.499,1.499,0.0,finalized,Open-Meteo ERA5,Open-Meteo ERA5-Ocean,NOAA CO-OPS 8729678 Navarre Beach predictions,2026-08-08T15:57:33.641686-05:00
2020-04-13,81.2,68.4,0.858,25.5,51.2,241.0,10.892,192.0,7.7,,,,-0.341,1.458,1.799,finalized,Open-Meteo ERA5,Open-Meteo ERA5-Ocean,NOAA CO-OPS 8729678 Navarre Beach predictions,2026-08-08T15:57:33.641686-05:00
2020-04-14,78.6,58.2,0.0,11.4,17.7,25.0,4.528,167.0,7.3,,,,-0.307,1.372,1.679,finalized,Open-Meteo ERA5,Open-Meteo ERA5-Ocean,NOAA CO-OPS 8729678 Navarre Beach predictions,2026-08-08T15:57:33.641686-05:00
2020-04-15,71.6,54.7,0.059,13.8,24.8,3.0,5.577,18.0,5.65,,,,-0.223,1.263,1.486,finalized,Open-Meteo ERA5,Open-Meteo ERA5-Ocean,NOAA CO-OPS 8729678 Navarre Beach predictions,2026-08-08T15:57:33.641686-05:00
2020-04-16,75.0,52.9,0.0,14.4,27.3,44.0,5.184,49.0,4.75,,,,-0.101,1.145,1.246,finalized,Open-Meteo ERA5,Open-Meteo ERA5-Ocean,NOAA CO-OPS 8729678 Navarre Beach predictions,2026-08-08T15:57:33.641686-05:00
2020-04-17,74.6,57.1,0.0,11.9,23.9,124.0,4.331,123.0,4.9,,,,0.047,1.024,0.977,finalized,Open-Meteo ERA5,Open-Meteo ERA5-Ocean,NOAA CO-OPS 8729678 Navarre Beach predictions,2026-08-08T15:57:33.641686-05:00
2020-04-18,80.7,68.2,0.339,6.8,28.9,251.0,2.231,178.0,4.6,,,,0.199,0.906,0.7070000000000001,finalized,Open-Meteo ERA5,Open-Meteo ERA5-Ocean,NOAA CO-OPS 8729678 Navarre Beach predictions,2026-08-08T15:57:33.641686-05:00
2020-04-19,79.7,70.5,0.11,18.4,43.8,209.0,5.84,199.0,5.35,,,,0.328,0.806,0.478,finalized,Open-Meteo ERA5,Open-Meteo ERA5-Ocean,NOAA CO-OPS 8729678 Navarre Beach predictions,2026-08-08T15:57:33.641686-05:00
2020-04-20,78.6,64.4,0.772,18.2,41.2,290.0,6.627,222.0,5.9,,,,0.387,0.714,0.3269999999999999,finalized,Open-Meteo ERA5,Open-Meteo ERA5-Ocean,NOAA CO-OPS 8729678 Navarre Beach predictions,2026-08-08T15:57:33.641686-05:00
2020-04-21,82.2,55.6,0.0,6.3,13.2,297.0,2.887,191.0,6.2,,,,0.272,0.812,0.54,finalized,Open-Meteo ERA5,Open-Meteo ERA5-Ocean,NOAA CO-OPS 8729678 Navarre Beach predictions,2026-08-08T15:57:33.641686-05:00
2020-04-22,80.5,60.1,0.0,10.9,26.4,105.0,3.937,152.0,5.8,,,,0.161,0.968,0.8069999999999999,finalized,Open-Meteo ERA5,Open-Meteo ERA5-Ocean,NOAA CO-OPS 8729678 Navarre Beach predictions,2026-08-08T15:57:33.641686-05:00
2020-04-23,77.4,67.9,0.563,15.3,42.5,180.0,5.118,166.0,5.85,,,,0.064,1.112,1.048,finalized,Open-Meteo ERA5,Open-Meteo ERA5-Ocean,NOAA CO-OPS 8729678 Navarre Beach predictions,2026-08-08T15:57:33.641686-05:00
2020-04-24,82.2,65.1,0.0,9.6,18.6,301.0,4.79,184.0,6.6,,,,-0.013,1.239,1.252,finalized,Open-Meteo ERA5,Open-Meteo ERA5-Ocean,NOAA CO-OPS 8729678 Navarre Beach predictions,2026-08-08T15:57:33.641686-05:00
2020-04-25,82.6,61.5,0.0,15.9,31.3,234.0,3.478,182.0,6.75,,,,-0.069,1.352,1.421,finalized,Open-Meteo ERA5,Open-Meteo ERA5-Ocean,NOAA CO-OPS 8729678 Navarre Beach predictions,2026-08-08T15:57:33.641686-05:00
2020-04-26,79.9,61.5,0.004,13.0,25.3,334.0,3.74,285.0,5.2,,,,-0.106,1.45,1.556,finalized,Open-Meteo ERA5,Open-Meteo ERA5-Ocean,NOAA CO-OPS 8729678 Navarre Beach predictions,2026-08-08T15:57:33.641686-05:00
2020-04-27,78.9,54.1,0.0,9.4,17.7,11.0,3.215,36.0,4.65,,,,-0.133,1.53,1.663,finalized,Open-Meteo ERA5,Open-Meteo ERA5-Ocean,NOAA CO-OPS 8729678 Navarre Beach predictions,2026-08-08T15:57:33.641686-05:00
2020-04-28,77.8,56.3,0.0,11.1,22.8,150.0,3.15,145.0,4.75,,,,-0.138,1.582,1.7200000000000002,finalized,Open-Meteo ERA5,Open-Meteo ERA5-Ocean,NOAA CO-OPS 8729678 Navarre Beach predictions,2026-08-08T15:57:33.641686-05:00
2020-04-29,76.2,64.8,0.291,14.1,35.1,207.0,4.331,171.0,5.35,,,,1.594,1.594,0.0,finalized,Open-Meteo ERA5,Open-Meteo ERA5-Ocean,NOAA CO-OPS 8729678 Navarre Beach predictions,2026-08-08T15:57:33.641686-05:00
2020-04-30,78.7,57.5,0.012,12.6,27.7,308.0,4.593,273.0,5.0,,,,-0.103,1.552,1.655,finalized,Open-Meteo ERA5,Open-Meteo ERA5-Ocean,NOAA CO-OPS 8729678 Navarre Beach predictions,2026-08-08T15:57:33.641686-05:00
2020-05-01,79.0,52.9,0.0,9.0,17.2,274.0,2.493,267.0,4.35,,,,-0.015,1.444,1.459,finalized,Open-Meteo ERA5,Open-Meteo ERA5-Ocean,NOAA CO-OPS 8729678 Navarre Beach predictions,2026-08-08T15:57:33.641686-05:00
2020-05-02,81.1,56.1,0.0,8.2,15.4,220.0,1.115,215.0,4.0,,,,0.134,1.265,1.1309999999999998,finalized,Open-Meteo ERA5,Open-Meteo ERA5-Ocean,NOAA CO-OPS 8729678 Navarre Beach predictions,2026-08-08T15:57:33.641686-05:00
2020-05-03,79.2,61.3,0.0,10.2,21.7,218.0,0.853,199.0,3.1,,,,0.325,1.04,0.7150000000000001,finalized,Open-Meteo ERA5,Open-Meteo ERA5-Ocean,NOAA CO-OPS 8729678 Navarre Beach predictions,2026-08-08T15:57:33.641686-05:00
2020-05-04,81.1,60.5,0.0,10.2,21.7,221.0,1.115,198.0,3.3,,,,0.514,0.929,0.415,finalized,Open-Meteo ERA5,Open-Meteo ERA5-Ocean,NOAA CO-OPS 8729678 Navarre Beach predictions,2026-08-08T15:57:33.641686-05:00
2020-05-05,83.2,67.0,0.0,12.2,25.7,238.0,1.969,199.0,3.6,,,,0.302,1.085,0.7829999999999999,finalized,Open-Meteo ERA5,Open-Meteo ERA5-Ocean,NOAA CO-OPS 8729678 Navarre Beach predictions,2026-08-08T15:57:33.641686-05:00
2020-05-06,85.2,68.5,0.0,15.8,28.2,337.0,3.543,332.0,3.9,,,,0.047,1.302,1.255,finalized,Open-Meteo ERA5,Open-Meteo ERA5-Ocean,NOAA CO-OPS 8729678 Navarre Beach predictions,2026-08-08T15:57:33.641686-05:00
2020-05-07,74.6,54.4,0.0,11.6,21.3,12.0,4.265,21.0,4.3,,,,-0.16,1.518,1.678,finalized,Open-Meteo ERA5,Open-Meteo ERA5-Ocean,NOAA CO-OPS 8729678 Navarre Beach predictions,2026-08-08T15:57:33.641686-05:00
2020-05-08,76.8,56.2,0.087,17.0,38.5,210.0,4.134,195.0,4.35,,,,-0.307,1.666,1.973,finalized,Open-Meteo ERA5,Open-Meteo ERA5-Ocean,NOAA CO-OPS 8729678 Navarre Beach predictions,2026-08-08T15:57:33.641686-05:00
2020-05-09,73.0,59.6,0.091,15.2,27.7,23.0,5.052,23.0,4.6,,,,-0.375,1.733,2.108,finalized,Open-Meteo ERA5,Open-Meteo ERA5-Ocean,NOAA CO-OPS 8729678 Navarre Beach predictions,2026-08-08T15:57:33.641686-05:00
2020-05-10,82.1,60.7,0.024,8.7,16.1,46.0,2.625,77.0,4.0,,,,-0.366,1.724,2.09,finalized,Open-Meteo ERA5,Open-Meteo ERA5-Ocean,NOAA CO-OPS 8729678 Navarre Beach predictions,2026-08-08T15:57:33.641686-05:00
2020-05-11,84.0,57.5,0.0,9.9,21.5,6.0,2.625,38.0,3.75,,,,-0.291,1.656,1.947,finalized,Open-Meteo ERA5,Open-Meteo ERA5-Ocean,NOAA CO-OPS 8729678 Navarre Beach predictions,2026-08-08T15:57:33.641686-05:00
2020-05-12,79.7,57.5,0.0,10.6,21.3,85.0,3.478,88.0,4.25,,,,1.549,1.549,0.0,finalized,Open-Meteo ERA5,Open-Meteo ERA5-Ocean,NOAA CO-OPS 8729678 Navarre Beach predictions,2026-08-08T15:57:33.641686-05:00
2020-05-13,80.7,60.3,0.0,13.9,28.9,129.0,3.478,132.0,5.3,,,,-0.167,1.417,1.584,finalized,Open-Meteo ERA5,Open-Meteo ERA5-Ocean,NOAA CO-OPS 8729678 Navarre Beach predictions,2026-08-08T15:57:33.641686-05:00
2020-05-14,80.5,67.9,0.0,16.1,32.0,130.0,6.365,134.0,6.25,,,,-0.008,1.27,1.278,finalized,Open-Meteo ERA5,Open-Meteo ERA5-Ocean,NOAA CO-OPS 8729678 Navarre Beach predictions,2026-08-08T15:57:33.641686-05:00
2020-05-15,80.8,66.7,0.0,13.9,25.7,134.0,5.184,135.0,6.25,,,,0.166,1.109,0.943,finalized,Open-Meteo ERA5,Open-Meteo ERA5-Ocean,NOAA CO-OPS 8729678 Navarre Beach predictions,2026-08-08T15:57:33.641686-05:00
2020-05-16,85.5,66.7,0.0,13.3,22.4,132.0,3.15,133.0,5.45,,,,0.328,0.935,0.607,finalized,Open-Meteo ERA5,Open-Meteo ERA5-Ocean,NOAA CO-OPS 8729678 Navarre Beach predictions,2026-08-08T15:57:33.641686-05:00
2020-05-17,84.1,70.7,0.043,13.0,27.3,169.0,2.493,156.0,4.25,,,,0.467,0.853,0.3859999999999999,finalized,Open-Meteo ERA5,Open-Meteo ERA5-Ocean,NOAA CO-OPS 8729678 Navarre Beach predictions,2026-08-08T15:57:33.641686-05:00
2020-05-18,77.7,72.2,1.177,16.0,32.9,215.0,4.987,224.0,4.9,,,,0.524,0.952,0.4279999999999999,finalized,Open-Meteo ERA5,Open-Meteo ERA5-Ocean,NOAA CO-OPS 8729678 Navarre Beach predictions,2026-08-08T15:57:33.641686-05:00
2020-05-19,82.7,66.2,0.028,14.1,27.1,251.0,3.346,238.0,4.6,,,,0.346,1.091,0.745,finalized,Open-Meteo ERA5,Open-Meteo ERA5-Ocean,NOAA CO-OPS 8729678 Navarre Beach predictions,2026-08-08T15:57:33.641686-05:00
2020-05-20,74.8,69.3,0.531,8.5,28.2,260.0,3.609,232.0,4.6,,,,0.18,1.237,1.0570000000000002,finalized,Open-Meteo ERA5,Open-Meteo ERA5-Ocean,NOAA CO-OPS 8729678 Navarre Beach predictions,2026-08-08T15:57:33.641686-05:00
2020-05-21,85.0,67.1,0.02,9.7,20.6,207.0,1.706,204.0,4.2,,,,0.036,1.363,1.327,finalized,Open-Meteo ERA5,Open-Meteo ERA5-Ocean,NOAA CO-OPS 8729678 Navarre Beach predictions,2026-08-08T15:57:33.641686-05:00
2020-05-22,84.9,74.4,0.244,11.5,23.7,180.0,2.034,173.0,4.55,,,,-0.077,1.469,1.546,finalized,Open-Meteo ERA5,Open-Meteo ERA5-Ocean,NOAA CO-OPS 8729678 Navarre Beach predictions,2026-08-08T15:57:33.641686-05:00
2020-05-23,86.6,73.5,0.0,8.1,16.1,157.0,2.1,165.0,5.05,,,,-0.158,1.559,1.717,finalized,Open-Meteo ERA5,Open-Meteo ERA5-Ocean,NOAA CO-OPS 8729678 Navarre Beach predictions,2026-08-08T15:57:33.641686-05:00
2020-05-24,85.4,71.2,0.039,8.8,20.8,109.0,2.69,143.0,5.15,,,,-0.206,1.638,1.844,finalized,Open-Meteo ERA5,Open-Meteo ERA5-Ocean,NOAA CO-OPS 8729678 Navarre Beach predictions,2026-08-08T15:57:33.641686-05:00
2020-05-25,88.0,75.5,0.075,13.9,30.4,104.0,6.234,125.0,5.7,,,,-0.218,1.703,1.921,finalized,Open-Meteo ERA5,Open-Meteo ERA5-Ocean,NOAA CO-OPS 8729678 Navarre Beach predictions,2026-08-08T15:57:33.641686-05:00
2020-05-26,78.8,73.0,1.232,11.5,22.4,96.0,6.037,115.0,5.7,,,,-0.19,1.741,1.931,finalized,Open-Meteo ERA5,Open-Meteo ERA5-Ocean,NOAA CO-OPS 8729678 Navarre Beach predictions,2026-08-08T15:57:33.641686-05:00
2020-05-27,82.0,73.1,0.177,7.5,18.6,122.0,2.231,125.0,4.65,,,,-0.11,1.735,1.845,finalized,Open-Meteo ERA5,Open-Meteo ERA5-Ocean,NOAA CO-OPS 8729678 Navarre Beach predictions,2026-08-08T15:57:33.641686-05:00
2020-05-28,87.4,75.4,0.02,10.6,18.8,211.0,2.231,196.0,4.05,,,,0.03,1.664,1.634,finalized,Open-Meteo ERA5,Open-Meteo ERA5-Ocean,NOAA CO-OPS 8729678 Navarre Beach predictions,2026-08-08T15:57:33.641686-05:00
2020-05-29,86.6,75.0,0.173,9.2,19.7,199.0,3.084,177.0,4.9,,,,0.219,1.513,1.2939999999999998,finalized,Open-Meteo ERA5,Open-Meteo ERA5-Ocean,NOAA CO-OPS 8729678 Navarre Beach predictions,2026-08-08T15:57:33.641686-05:00
2020-05-30,88.7,72.4,0.0,6.1,13.0,280.0,1.772,179.0,4.65,,,,0.423,1.28,0.857,finalized,Open-Meteo ERA5,Open-Meteo ERA5-Ocean,NOAA CO-OPS 8729678 Navarre Beach predictions,2026-08-08T15:57:33.641686-05:00
2020-05-31,91.3,74.5,0.0,7.9,17.2,358.0,1.706,127.0,4.3,,,,0.597,1.012,0.415,finalized,Open-Meteo ERA5,Open-Meteo ERA5-Ocean,NOAA CO-OPS 8729678 Navarre Beach predictions,2026-08-08T15:57:33.641686-05:00
2020-06-01,89.7,70.8,0.0,7.8,16.3,70.0,1.575,71.0,3.5,,,,0.619,1.134,0.5149999999999999,finalized,Open-Meteo ERA5,Open-Meteo ERA5-Ocean,NOAA CO-OPS 8729678 Navarre Beach predictions,2026-08-08T15:57:33.641686-05:00
2020-06-02,84.3,75.7,0.071,10.0,23.3,110.0,3.346,119.0,4.65,,,,0.282,1.313,1.031,finalized,Open-Meteo ERA5,Open-Meteo ERA5-Ocean,NOAA CO-OPS 8729678 Navarre Beach predictions,2026-08-08T15:57:33.641686-05:00
2020-06-03,81.9,72.7,0.067,7.2,15.4,139.0,2.362,143.0,5.25,,,,-0.022,1.516,1.538,finalized,Open-Meteo ERA5,Open-Meteo ERA5-Ocean,NOAA CO-OPS 8729678 Navarre Beach predictions,2026-08-08T15:57:33.641686-05:00
2020-06-04,84.4,73.1,0.272,8.7,20.8,173.0,2.165,154.0,5.9,,,,-0.257,1.693,1.95,finalized,Open-Meteo ERA5,Open-Meteo ERA5-Ocean,NOAA CO-OPS 8729678 Navarre Beach predictions,2026-08-08T15:57:33.641686-05:00
2020-06-05,86.9,73.3,0.059,9.0,17.2,166.0,2.822,160.0,6.05,,,,-0.405,1.8,2.205,finalized,Open-Meteo ERA5,Open-Meteo ERA5-Ocean,NOAA CO-OPS 8729678 Navarre Beach predictions,2026-08-08T15:57:33.641686-05:00
2020-06-06,79.2,74.9,0.606,15.5,27.5,99.0,9.055,140.0,7.1,,,,-0.464,1.832,2.2960000000000003,finalized,Open-Meteo ERA5,Open-Meteo ERA5-Ocean,NOAA CO-OPS 8729678 Navarre Beach predictions,2026-08-08T15:57:33.641686-05:00
2020-06-07,81.5,75.3,2.976,22.5,41.8,116.0,13.714,162.0,8.9,,,,-0.443,1.801,2.244,finalized,Open-Meteo ERA5,Open-Meteo ERA5-Ocean,NOAA CO-OPS 8729678 Navarre Beach predictions,2026-08-08T15:57:33.641686-05:00
2020-06-08,85.4,78.6,0.457,24.3,41.4,174.0,12.927,185.0,8.3,,,,-0.356,1.723,2.079,finalized,Open-Meteo ERA5,Open-Meteo ERA5-Ocean,NOAA CO-OPS 8729678 Navarre Beach predictions,2026-08-08T15:57:33.641686-05:00
2020-06-09,86.2,79.0,0.575,13.2,26.8,181.0,4.724,184.0,5.9,,,,-0.217,1.615,1.832,finalized,Open-Meteo ERA5,Open-Meteo ERA5-Ocean,NOAA CO-OPS 8729678 Navarre Beach predictions,2026-08-08T15:57:33.641686-05:00
2020-06-10,87.1,79.2,0.028,11.9,24.4,213.0,2.953,190.0,5.1,,,,-0.043,1.485,1.528,finalized,Open-Meteo ERA5,Open-Meteo ERA5-Ocean,NOAA CO-OPS 8729678 Navarre Beach predictions,2026-08-08T15:57:33.641686-05:00
2020-06-11,89.3,74.2,0.0,10.1,19.7,341.0,2.887,273.0,4.55,,,,0.143,1.337,1.194,finalized,Open-Meteo ERA5,Open-Meteo ERA5-Ocean,NOAA CO-OPS 8729678 Navarre Beach predictions,2026-08-08T15:57:33.641686-05:00
2020-06-12,89.9,72.3,0.0,10.0,19.0,3.0,2.953,20.0,3.9,,,,0.315,1.169,0.8540000000000001,finalized,Open-Meteo ERA5,Open-Meteo ERA5-Ocean,NOAA CO-OPS 8729678 Navarre Beach predictions,2026-08-08T15:57:33.641686-05:00
2020-06-13,87.3,72.7,0.142,10.1,19.9,66.0,2.034,73.0,3.6,,,,0.464,0.982,0.518,finalized,Open-Meteo ERA5,Open-Meteo ERA5-Ocean,NOAA CO-OPS 8729678 Navarre Beach predictions,2026-08-08T15:57:33.641686-05:00
2020-06-14,89.6,75.3,0.0,8.4,23.3,69.0,1.903,102.0,3.8,,,,0.574,0.91,0.3360000000000001,finalized,Open-Meteo ERA5,Open-Meteo ERA5-Ocean,NOAA CO-OPS 8729678 Navarre Beach predictions,2026-08-08T15:57:33.641686-05:00
2020-06-15,91.3,69.3,0.0,7.0,14.8,13.0,1.115,110.0,3.75,,,,0.531,1.028,0.497,finalized,Open-Meteo ERA5,Open-Meteo ERA5-Ocean,NOAA CO-OPS 8729678 Navarre Beach predictions,2026-08-08T15:57:33.641686-05:00
2020-06-16,83.8,70.0,0.012,8.6,16.1,61.0,1.312,66.0,3.15,,,,0.35,1.182,0.832,finalized,Open-Meteo ERA5,Open-Meteo ERA5-Ocean,NOAA CO-OPS 8729678 Navarre Beach predictions,2026-08-08T15:57:33.641686-05:00
2020-06-17,83.8,69.6,0.012,8.5,17.0,98.0,2.362,103.0,3.6,,,,0.164,1.33,1.166,finalized,Open-Meteo ERA5,Open-Meteo ERA5-Ocean,NOAA CO-OPS 8729678 Navarre Beach predictions,2026-08-08T15:57:33.641686-05:00
2020-06-18,86.1,71.7,0.008,5.2,13.0,176.0,0.984,139.0,3.15,,,,0.0,1.452,1.452,finalized,Open-Meteo ERA5,Open-Meteo ERA5-Ocean,NOAA CO-OPS 8729678 Navarre Beach predictions,2026-08-08T15:57:33.641686-05:00
2020-06-19,88.1,68.9,0.0,6.5,12.5,232.0,0.787,173.0,3.35,,,,-0.134,1.551,1.685,finalized,Open-Meteo ERA5,Open-Meteo ERA5-Ocean,NOAA CO-OPS 8729678 Navarre Beach predictions,2026-08-08T15:57:33.641686-05:00
2020-06-20,88.3,73.4,0.008,8.6,16.8,245.0,1.312,217.0,3.1,,,,-0.232,1.633,1.865,finalized,Open-Meteo ERA5,Open-Meteo ERA5-Ocean,NOAA CO-OPS 8729678 Navarre Beach predictions,2026-08-08T15:57:33.641686-05:00
2020-06-21,86.8,71.9,0.028,11.0,21.9,233.0,1.444,235.0,3.2,,,,-0.29,1.703,1.993,finalized,Open-Meteo ERA5,Open-Meteo ERA5-Ocean,NOAA CO-OPS 8729678 Navarre Beach predictions,2026-08-08T15:57:33.641686-05:00
2020-06-22,85.4,75.2,0.476,10.2,22.6,209.0,2.034,214.0,3.4,,,,-0.301,1.757,2.058,finalized,Open-Meteo ERA5,Open-Meteo ERA5-Ocean,NOAA CO-OPS 8729678 Navarre Beach predictions,2026-08-08T15:57:33.641686-05:00
2020-06-23,84.4,76.6,0.433,15.7,25.7,233.0,3.675,223.0,4.4,,,,-0.254,1.782,2.036,finalized,Open-Meteo ERA5,Open-Meteo ERA5-Ocean,NOAA CO-OPS 8729678 Navarre Beach predictions,2026-08-08T15:57:33.641686-05:00
2020-06-24,87.2,75.1,0.13,12.6,28.4,220.0,2.625,215.0,4.15,,,,-0.141,1.758,1.899,finalized,Open-Meteo ERA5,Open-Meteo ERA5-Ocean,NOAA CO-OPS 8729678 Navarre Beach predictions,2026-08-08T15:57:33.641686-05:00
2020-06-25,90.6,76.0,0.031,5.2,16.6,221.0,2.165,196.0,4.35,,,,0.037,1.665,1.628,finalized,Open-Meteo ERA5,Open-Meteo ERA5-Ocean,NOAA CO-OPS 8729678 Navarre Beach predictions,2026-08-08T15:57:33.641686-05:00
2020-06-26,88.5,77.8,0.008,6.1,13.0,173.0,1.378,174.0,4.2,,,,0.252,1.492,1.24,finalized,Open-Meteo ERA5,Open-Meteo ERA5-Ocean,NOAA CO-OPS 8729678 Navarre Beach predictions,2026-08-08T15:57:33.641686-05:00
2020-06-27,87.7,79.6,0.0,7.1,14.5,176.0,1.312,154.0,4.45,,,,0.452,1.244,0.792,finalized,Open-Meteo ERA5,Open-Meteo ERA5-Ocean,NOAA CO-OPS 8729678 Navarre Beach predictions,2026-08-08T15:57:33.641686-05:00
2020-06-28,89.5,78.7,0.012,9.6,20.1,213.0,1.772,171.0,4.3,,,,0.599,1.01,0.411,finalized,Open-Meteo ERA5,Open-Meteo ERA5-Ocean,NOAA CO-OPS 8729678 Navarre Beach predictions,2026-08-08T15:57:33.641686-05:00
2020-06-29,89.3,79.0,0.189,8.4,18.6,220.0,1.837,186.0,3.95,,,,0.518,1.186,0.6679999999999999,finalized,Open-Meteo ERA5,Open-Meteo ERA5-Ocean,NOAA CO-OPS 8729678 Navarre Beach predictions,2026-08-08T15:57:33.641686-05:00
2020-06-30,89.9,78.6,0.063,10.2,21.3,249.0,1.706,210.0,3.65,,,,0.197,1.391,1.194,finalized,Open-Meteo ERA5,Open-Meteo ERA5-Ocean,NOAA CO-OPS 8729678 Navarre Beach predictions,2026-08-08T15:57:33.641686-05:00
2020-07-01,90.3,76.4,0.079,9.6,19.9,261.0,2.034,241.0,3.5,,,,-0.084,1.586,1.6700000000000002,finalized,Open-Meteo ERA5,Open-Meteo ERA5-Ocean,NOAA CO-OPS 8729678 Navarre Beach predictions,2026-08-08T15:57:33.641686-05:00
2020-07-02,88.7,76.0,0.26,8.8,23.7,283.0,2.165,255.0,3.55,,,,-0.294,1.732,2.026,finalized,Open-Meteo ERA5,Open-Meteo ERA5-Ocean,NOAA CO-OPS 8729678 Navarre Beach predictions,2026-08-08T15:57:33.641686-05:00
2020-07-03,86.9,75.2,0.055,9.1,18.1,283.0,1.969,256.0,3.6,,,,-0.422,1.808,2.23,finalized,Open-Meteo ERA5,Open-Meteo ERA5-Ocean,NOAA CO-OPS 8729678 Navarre Beach predictions,2026-08-08T15:57:33.641686-05:00
2020-07-04,86.0,77.4,0.539,8.1,16.3,151.0,1.312,245.0,3.75,,,,-0.467,1.817,2.284,finalized,Open-Meteo ERA5,Open-Meteo ERA5-Ocean,NOAA CO-OPS 8729678 Navarre Beach predictions,2026-08-08T15:57:33.641686-05:00
2020-07-05,84.2,76.9,0.217,8.1,17.0,160.0,1.247,225.0,3.5,,,,-0.439,1.774,2.213,finalized,Open-Meteo ERA5,Open-Meteo ERA5-Ocean,NOAA CO-OPS 8729678 Navarre Beach predictions,2026-08-08T15:57:33.641686-05:00
2020-07-06,85.3,76.4,0.441,8.8,17.7,227.0,3.74,231.0,4.5,,,,-0.349,1.697,2.0460000000000003,finalized,Open-Meteo ERA5,Open-Meteo ERA5-Ocean,NOAA CO-OPS 8729678 Navarre Beach predictions,2026-08-08T15:57:33.641686-05:00
2020-07-07,85.3,76.8,0.315,11.4,26.8,257.0,3.412,252.0,4.45,,,,-0.209,1.596,1.805,finalized,Open-Meteo ERA5,Open-Meteo ERA5-Ocean,NOAA CO-OPS 8729678 Navarre Beach predictions,2026-08-08T15:57:33.641686-05:00
2020-07-08,87.3,74.5,0.035,11.1,19.9,288.0,2.428,256.0,3.95,,,,-0.032,1.478,1.51,finalized,Open-Meteo ERA5,Open-Meteo ERA5-Ocean,NOAA CO-OPS 8729678 Navarre Beach predictions,2026-08-08T15:57:33.641686-05:00
2020-07-09,90.4,75.3,0.13,9.5,23.9,285.0,2.231,255.0,3.85,,,,0.154,1.341,1.187,finalized,Open-Meteo ERA5,Open-Meteo ERA5-Ocean,NOAA CO-OPS 8729678 Navarre Beach predictions,2026-08-08T15:57:33.641686-05:00
2020-07-10,90.1,79.6,0.028,10.3,23.5,283.0,2.822,260.0,3.95,,,,0.325,1.184,0.859,finalized,Open-Meteo ERA5,Open-Meteo ERA5-Ocean,NOAA CO-OPS 8729678 Navarre Beach predictions,2026-08-08T15:57:33.641686-05:00
2020-07-11,96.0,79.6,0.0,9.6,19.2,326.0,1.903,266.0,3.8,,,,0.471,1.008,0.537,finalized,Open-Meteo ERA5,Open-Meteo ERA5-Ocean,NOAA CO-OPS 8729678 Navarre Beach predictions,2026-08-08T15:57:33.641686-05:00
2020-07-12,93.7,72.9,0.157,9.7,21.7,285.0,1.247,252.0,3.35,,,,0.571,0.844,0.273,finalized,Open-Meteo ERA5,Open-Meteo ERA5-Ocean,NOAA CO-OPS 8729678 Navarre Beach predictions,2026-08-08T15:57:33.641686-05:00
2020-07-13,90.2,77.0,0.079,8.4,19.5,245.0,2.493,246.0,4.2,,,,0.544,0.996,0.4519999999999999,finalized,Open-Meteo ERA5,Open-Meteo ERA5-Ocean,NOAA CO-OPS 8729678 Navarre Beach predictions,2026-08-08T15:57:33.641686-05:00
2020-07-14,89.3,79.3,0.315,7.2,17.0,213.0,2.034,232.0,3.85,,,,0.389,1.171,0.782,finalized,Open-Meteo ERA5,Open-Meteo ERA5-Ocean,NOAA CO-OPS 8729678 Navarre Beach predictions,2026-08-08T15:57:33.641686-05:00
2020-07-15,82.3,74.1,0.327,7.1,17.7,219.0,1.444,245.0,3.45,,,,0.214,1.326,1.112,finalized,Open-Meteo ERA5,Open-Meteo ERA5-Ocean,NOAA CO-OPS 8729678 Navarre Beach predictions,2026-08-08T15:57:33.641686-05:00
2020-07-16,88.6,73.6,0.047,5.5,13.9,138.0,1.115,189.0,3.75,,,,0.054,1.455,1.401,finalized,Open-Meteo ERA5,Open-Meteo ERA5-Ocean,NOAA CO-OPS 8729678 Navarre Beach predictions,2026-08-08T15:57:33.641686-05:00
2020-07-17,91.3,77.1,0.0,8.2,19.5,88.0,1.181,123.0,3.45,,,,-0.082,1.561,1.643,finalized,Open-Meteo ERA5,Open-Meteo ERA5-Ocean,NOAA CO-OPS 8729678 Navarre Beach predictions,2026-08-08T15:57:33.641686-05:00
2020-07-18,90.4,78.0,0.028,7.3,19.2,115.0,1.575,131.0,4.2,,,,-0.184,1.65,1.834,finalized,Open-Meteo ERA5,Open-Meteo ERA5-Ocean,NOAA CO-OPS 8729678 Navarre Beach predictions,2026-08-08T15:57:33.641686-05:00
2020-07-19,89.0,77.4,0.028,7.0,21.5,121.0,2.297,139.0,4.9,,,,-0.243,1.723,1.966,finalized,Open-Meteo ERA5,Open-Meteo ERA5-Ocean,NOAA CO-OPS 8729678 Navarre Beach predictions,2026-08-08T15:57:33.641686-05:00
2020-07-20,91.6,78.5,0.126,7.3,18.1,114.0,1.969,141.0,4.85,,,,-0.248,1.774,2.022,finalized,Open-Meteo ERA5,Open-Meteo ERA5-Ocean,NOAA CO-OPS 8729678 Navarre Beach predictions,2026-08-08T15:57:33.641686-05:00
2020-07-21,90.0,78.0,0.051,8.4,19.9,120.0,2.625,139.0,4.3,,,,-0.184,1.786,1.97,finalized,Open-Meteo ERA5,Open-Meteo ERA5-Ocean,NOAA CO-OPS 8729678 Navarre Beach predictions,2026-08-08T15:57:33.641686-05:00
2020-07-22,90.6,77.3,0.154,11.0,26.2,106.0,5.577,135.0,5.65,,,,-0.044,1.741,1.785,finalized,Open-Meteo ERA5,Open-Meteo ERA5-Ocean,NOAA CO-OPS 8729678 Navarre Beach predictions,2026-08-08T15:57:33.641686-05:00
2020-07-23,83.9,77.1,0.193,13.0,29.3,112.0,6.102,135.0,6.0,,,,0.166,1.621,1.455,finalized,Open-Meteo ERA5,Open-Meteo ERA5-Ocean,NOAA CO-OPS 8729678 Navarre Beach predictions,2026-08-08T15:57:33.641686-05:00
2020-07-24,82.2,77.3,0.346,11.4,23.3,125.0,5.906,149.0,6.0,,,,0.384,1.424,1.04,finalized,Open-Meteo ERA5,Open-Meteo ERA5-Ocean,NOAA CO-OPS 8729678 Navarre Beach predictions,2026-08-08T15:57:33.641686-05:00
2020-07-25,85.9,78.1,0.142,9.1,19.7,110.0,4.265,146.0,5.7,,,,0.563,1.163,0.6000000000000001,finalized,Open-Meteo ERA5,Open-Meteo ERA5-Ocean,NOAA CO-OPS 8729678 Navarre Beach predictions,2026-08-08T15:57:33.641686-05:00
2020-07-26,87.5,75.9,0.181,7.8,17.0,87.0,3.15,145.0,5.35,,,,0.67,0.986,0.3159999999999999,finalized,Open-Meteo ERA5,Open-Meteo ERA5-Ocean,NOAA CO-OPS 8729678 Navarre Beach predictions,2026-08-08T15:57:33.641686-05:00
2020-07-27,82.3,75.1,0.091,9.0,15.9,166.0,2.559,163.0,5.5,,,,0.495,1.21,0.715,finalized,Open-Meteo ERA5,Open-Meteo ERA5-Ocean,NOAA CO-OPS 8729678 Navarre Beach predictions,2026-08-08T15:57:33.641686-05:00
2020-07-28,82.3,76.8,0.602,9.9,24.4,222.0,3.084,205.0,4.45,,,,0.204,1.435,1.231,finalized,Open-Meteo ERA5,Open-Meteo ERA5-Ocean,NOAA CO-OPS 8729678 Navarre Beach predictions,2026-08-08T15:57:33.641686-05:00
2020-07-29,84.2,76.4,0.091,10.6,25.7,227.0,2.1,202.0,4.3,,,,-0.032,1.62,1.652,finalized,Open-Meteo ERA5,Open-Meteo ERA5-Ocean,NOAA CO-OPS 8729678 Navarre Beach predictions,2026-08-08T15:57:33.641686-05:00
2020-07-30,89.4,78.8,0.0,11.0,22.8,244.0,2.231,224.0,3.7,,,,-0.196,1.739,1.935,finalized,Open-Meteo ERA5,Open-Meteo ERA5-Ocean,NOAA CO-OPS 8729678 Navarre Beach predictions,2026-08-08T15:57:33.641686-05:00
2020-07-31,90.5,79.7,0.0,11.5,23.3,241.0,2.165,239.0,3.7,,,,-0.284,1.789,2.073,finalized,Open-Meteo ERA5,Open-Meteo ERA5-Ocean,NOAA CO-OPS 8729678 Navarre Beach predictions,2026-08-08T15:57:33.641686-05:00
2020-08-01,89.5,77.3,0.0,9.2,18.8,228.0,1.969,233.0,3.75,,,,-0.301,1.783,2.084,finalized,Open-Meteo ERA5,Open-Meteo ERA5-Ocean,NOAA CO-OPS 8729678 Navarre Beach predictions,2026-08-08T15:57:33.641686-05:00
2020-08-02,91.3,74.4,0.008,6.1,12.3,261.0,1.115,208.0,3.8,,,,-0.256,1.736,1.992,finalized,Open-Meteo ERA5,Open-Meteo ERA5-Ocean,NOAA CO-OPS 8729678 Navarre Beach predictions,2026-08-08T15:57:33.641686-05:00
2020-08-03,93.5,76.8,0.008,6.7,13.4,296.0,1.247,274.0,3.2,,,,-0.159,1.661,1.82,finalized,Open-Meteo ERA5,Open-Meteo ERA5-Ocean,NOAA CO-OPS 8729678 Navarre Beach predictions,2026-08-08T15:57:33.641686-05:00
2020-08-04,92.3,75.5,0.0,5.9,13.4,273.0,1.181,267.0,2.85,,,,-0.019,1.567,1.586,finalized,Open-Meteo ERA5,Open-Meteo ERA5-Ocean,NOAA CO-OPS 8729678 Navarre Beach predictions,2026-08-08T15:57:33.641686-05:00
2020-08-05,89.9,74.6,0.091,9.5,19.5,216.0,1.115,236.0,2.8,,,,0.155,1.457,1.302,finalized,Open-Meteo ERA5,Open-Meteo ERA5-Ocean,NOAA CO-OPS 8729678 Navarre Beach predictions,2026-08-08T15:57:33.641686-05:00
2020-08-06,90.4,76.8,0.024,7.4,16.1,219.0,1.181,239.0,3.05,,,,0.328,1.33,1.002,finalized,Open-Meteo ERA5,Open-Meteo ERA5-Ocean,NOAA CO-OPS 8729678 Navarre Beach predictions,2026-08-08T15:57:33.641686-05:00
2020-08-07,89.9,75.4,0.004,7.8,18.6,211.0,1.05,205.0,3.1,,,,0.476,1.186,0.71,finalized,Open-Meteo ERA5,Open-Meteo ERA5-Ocean,NOAA CO-OPS 8729678 Navarre Beach predictions,2026-08-08T15:57:33.641686-05:00
2020-08-08,89.4,76.1,0.217,7.8,17.4,220.0,1.05,179.0,3.6,,,,0.604,1.028,0.424,finalized,Open-Meteo ERA5,Open-Meteo ERA5-Ocean,NOAA CO-OPS 8729678 Navarre Beach predictions,2026-08-08T15:57:33.641686-05:00
2020-08-09,88.8,76.7,0.016,9.0,17.9,215.0,1.378,188.0,3.8,,,,0.684,0.86,0.1759999999999999,finalized,Open-Meteo ERA5,Open-Meteo ERA5-Ocean,NOAA CO-OPS 8729678 Navarre Beach predictions,2026-08-08T15:57:33.641686-05:00
2020-08-10,89.5,76.7,0.106,8.8,17.7,234.0,1.509,213.0,3.55,,,,0.668,1.028,0.36,finalized,Open-Meteo ERA5,Open-Meteo ERA5-Ocean,NOAA CO-OPS 8729678 Navarre Beach predictions,2026-08-08T15:57:33.641686-05:00
2020-08-11,90.4,76.5,0.118,7.8,15.9,228.0,1.575,242.0,3.45,,,,0.519,1.203,0.684,finalized,Open-Meteo ERA5,Open-Meteo ERA5-Ocean,NOAA CO-OPS 8729678 Navarre Beach predictions,2026-08-08T15:57:33.641686-05:00
2020-08-12,89.9,74.8,0.339,7.9,16.8,211.0,1.115,203.0,3.4,,,,0.365,1.352,0.987,finalized,Open-Meteo ERA5,Open-Meteo ERA5-Ocean,NOAA CO-OPS 8729678 Navarre Beach predictions,2026-08-08T15:57:33.641686-05:00
2020-08-13,88.7,76.8,0.217,6.7,15.7,208.0,0.853,185.0,3.1,,,,0.226,1.479,1.253,finalized,Open-Meteo ERA5,Open-Meteo ERA5-Ocean,NOAA CO-OPS 8729678 Navarre Beach predictions,2026-08-08T15:57:33.641686-05:00
2020-08-14,88.1,76.5,0.24,8.9,18.3,227.0,2.034,225.0,3.35,,,,0.108,1.587,1.479,finalized,Open-Meteo ERA5,Open-Meteo ERA5-Ocean,NOAA CO-OPS 8729678 Navarre Beach predictions,2026-08-08T15:57:33.641686-05:00
2020-08-15,88.2,77.3,0.02,9.8,22.1,269.0,2.559,260.0,3.6,,,,0.02,1.682,1.662,finalized,Open-Meteo ERA5,Open-Meteo ERA5-Ocean,NOAA CO-OPS 8729678 Navarre Beach predictions,2026-08-08T15:57:33.641686-05:00
2020-08-16,94.6,77.2,0.02,7.9,15.9,314.0,1.903,272.0,3.4,,,,-0.024,1.76,1.784,finalized,Open-Meteo ERA5,Open-Meteo ERA5-Ocean,NOAA CO-OPS 8729678 Navarre Beach predictions,2026-08-08T15:57:33.641686-05:00
2020-08-17,92.4,76.6,0.0,6.9,12.5,322.0,1.444,277.0,3.05,,,,-0.01,1.809,1.819,finalized,Open-Meteo ERA5,Open-Meteo ERA5-Ocean,NOAA CO-OPS 8729678 Navarre Beach predictions,2026-08-08T15:57:33.641686-05:00
2020-08-18,90.9,76.1,0.063,8.0,16.6,294.0,1.247,264.0,2.85,,,,0.077,1.808,1.731,finalized,Open-Meteo ERA5,Open-Meteo ERA5-Ocean,NOAA CO-OPS 8729678 Navarre Beach predictions,2026-08-08T15:57:33.641686-05:00
2020-08-19,89.4,75.3,0.287,7.4,17.2,186.0,1.115,230.0,2.9,,,,0.243,1.74,1.497,finalized,Open-Meteo ERA5,Open-Meteo ERA5-Ocean,NOAA CO-OPS 8729678 Navarre Beach predictions,2026-08-08T15:57:33.641686-05:00
2020-08-20,80.2,73.4,0.488,10.8,22.4,135.0,2.362,151.0,3.9,,,,0.463,1.594,1.131,finalized,Open-Meteo ERA5,Open-Meteo ERA5-Ocean,NOAA CO-OPS 8729678 Navarre Beach predictions,2026-08-08T15:57:33.641686-05:00
2020-08-21,86.0,73.1,0.087,11.0,22.4,177.0,2.493,171.0,3.9,,,,0.656,1.378,0.7219999999999999,finalized,Open-Meteo ERA5,Open-Meteo ERA5-Ocean,NOAA CO-OPS 8729678 Navarre Beach predictions,2026-08-08T15:57:33.641686-05:00
2020-08-22,86.2,73.9,0.079,10.0,21.9,149.0,3.084,173.0,4.75,,,,0.722,1.121,0.399,finalized,Open-Meteo ERA5,Open-Meteo ERA5-Ocean,NOAA CO-OPS 8729678 Navarre Beach predictions,2026-08-08T15:57:33.641686-05:00
2020-08-23,83.8,74.2,0.654,12.5,20.4,89.0,5.709,136.0,5.65,,,,0.699,1.112,0.4130000000000001,finalized,Open-Meteo ERA5,Open-Meteo ERA5-Ocean,NOAA CO-OPS 8729678 Navarre Beach predictions,2026-08-08T15:57:33.641686-05:00
2020-08-24,81.5,77.2,1.878,14.9,30.6,77.0,8.071,126.0,6.9,,,,0.51,1.36,0.8500000000000001,finalized,Open-Meteo ERA5,Open-Meteo ERA5-Ocean,NOAA CO-OPS 8729678 Navarre Beach predictions,2026-08-08T15:57:33.641686-05:00
2020-08-25,89.2,78.2,0.146,13.4,27.7,119.0,6.824,139.0,8.4,,,,0.272,1.577,1.305,finalized,Open-Meteo ERA5,Open-Meteo ERA5-Ocean,NOAA CO-OPS 8729678 Navarre Beach predictions,2026-08-08T15:57:33.641686-05:00
2020-08-26,88.6,81.0,0.138,13.1,25.3,120.0,7.743,156.0,8.8,,,,0.1,1.722,1.622,finalized,Open-Meteo ERA5,Open-Meteo ERA5-Ocean,NOAA CO-OPS 8729678 Navarre Beach predictions,2026-08-08T15:57:33.641686-05:00
2020-08-27,88.0,80.7,0.413,12.5,24.8,157.0,6.102,175.0,7.0,,,,-0.001,1.794,1.795,finalized,Open-Meteo ERA5,Open-Meteo ERA5-Ocean,NOAA CO-OPS 8729678 Navarre Beach predictions,2026-08-08T15:57:33.641686-05:00
2020-08-28,88.6,79.8,0.22,13.5,26.4,204.0,4.003,191.0,5.4,,,,-0.033,1.805,1.838,finalized,Open-Meteo ERA5,Open-Meteo ERA5-Ocean,NOAA CO-OPS 8729678 Navarre Beach predictions,2026-08-08T15:57:33.641686-05:00
2020-08-29,83.9,78.0,0.169,10.4,18.1,227.0,3.871,199.0,5.3,,,,-0.005,1.775,1.7799999999999998,finalized,Open-Meteo ERA5,Open-Meteo ERA5-Ocean,NOAA CO-OPS 8729678 Navarre Beach predictions,2026-08-08T15:57:33.641686-05:00
2020-08-30,83.3,78.6,0.295,12.0,23.9,240.0,3.281,212.0,5.1,,,,0.072,1.719,1.647,finalized,Open-Meteo ERA5,Open-Meteo ERA5-Ocean,NOAA CO-OPS 8729678 Navarre Beach predictions,2026-08-08T15:57:33.641686-05:00
2020-08-31,89.5,79.1,0.374,10.6,21.7,247.0,2.822,223.0,4.4,,,,0.189,1.643,1.454,finalized,Open-Meteo ERA5,Open-Meteo ERA5-Ocean,NOAA CO-OPS 8729678 Navarre Beach predictions,2026-08-08T15:57:33.641686-05:00
2020-09-01,89.4,79.7,0.181,9.3,19.9,233.0,2.165,216.0,4.35,,,,0.337,1.549,1.212,finalized,Open-Meteo ERA5,Open-Meteo ERA5-Ocean,NOAA CO-OPS 8729678 Navarre Beach predictions,2026-08-08T15:57:33.641686-05:00
2020-09-02,89.8,77.8,0.0,7.8,14.8,233.0,2.034,210.0,4.35,,,,0.509,1.437,0.928,finalized,Open-Meteo ERA5,Open-Meteo ERA5-Ocean,NOAA CO-OPS 8729678 Navarre Beach predictions,2026-08-08T15:57:33.641686-05:00
2020-09-03,90.5,75.1,0.0,7.4,14.1,250.0,1.444,198.0,4.45,,,,0.623,1.311,0.688,finalized,Open-Meteo ERA5,Open-Meteo ERA5-Ocean,NOAA CO-OPS 8729678 Navarre Beach predictions,2026-08-08T15:57:33.641686-05:00
2020-09-04,92.2,74.3,0.008,4.9,10.1,290.0,1.115,158.0,5.0,,,,0.653,1.177,0.524,finalized,Open-Meteo ERA5,Open-Meteo ERA5-Ocean,NOAA CO-OPS 8729678 Navarre Beach predictions,2026-08-08T15:57:33.641686-05:00
2020-09-05,94.9,78.3,0.0,7.8,14.1,10.0,1.181,140.0,4.85,,,,0.666,1.07,0.404,finalized,Open-Meteo ERA5,Open-Meteo ERA5-Ocean,NOAA CO-OPS 8729678 Navarre Beach predictions,2026-08-08T15:57:33.641686-05:00
2020-09-06,92.3,72.5,0.0,9.6,17.0,33.0,2.559,55.0,3.95,,,,0.673,1.235,0.562,finalized,Open-Meteo ERA5,Open-Meteo ERA5-Ocean,NOAA CO-OPS 8729678 Navarre Beach predictions,2026-08-08T15:57:33.641686-05:00
2020-09-07,88.4,73.0,0.0,7.1,18.3,65.0,1.837,85.0,3.95,,,,0.665,0.665,0.0,finalized,Open-Meteo ERA5,Open-Meteo ERA5-Ocean,NOAA CO-OPS 8729678 Navarre Beach predictions,2026-08-08T15:57:33.641686-05:00
2020-09-08,88.6,76.0,0.004,10.8,20.6,80.0,2.231,109.0,4.05,,,,0.604,1.376,0.7719999999999999,finalized,Open-Meteo ERA5,Open-Meteo ERA5-Ocean,NOAA CO-OPS 8729678 Navarre Beach predictions,2026-08-08T15:57:33.641686-05:00
2020-09-09,91.6,74.8,0.0,10.8,21.9,55.0,3.15,95.0,4.4,,,,0.498,1.493,0.995,finalized,Open-Meteo ERA5,Open-Meteo ERA5-Ocean,NOAA CO-OPS 8729678 Navarre Beach predictions,2026-08-08T15:57:33.641686-05:00
2020-09-10,88.4,75.2,0.0,8.1,18.6,63.0,2.1,83.0,3.65,,,,0.4,1.589,1.189,finalized,Open-Meteo ERA5,Open-Meteo ERA5-Ocean,NOAA CO-OPS 8729678 Navarre Beach predictions,2026-08-08T15:57:33.641686-05:00
2020-09-11,89.1,76.5,0.071,9.7,21.0,67.0,2.428,94.0,4.15,,,,0.319,1.672,1.353,finalized,Open-Meteo ERA5,Open-Meteo ERA5-Ocean,NOAA CO-OPS 8729678 Navarre Beach predictions,2026-08-08T15:57:33.641686-05:00
2020-09-12,90.4,77.1,0.016,10.1,24.4,79.0,3.412,103.0,4.65,,,,0.266,1.745,1.479,finalized,Open-Meteo ERA5,Open-Meteo ERA5-Ocean,NOAA CO-OPS 8729678 Navarre Beach predictions,2026-08-08T15:57:33.641686-05:00
2020-09-13,89.0,76.9,0.15,15.4,33.6,59.0,8.53,98.0,7.0,,,,0.256,1.803,1.547,finalized,Open-Meteo ERA5,Open-Meteo ERA5-Ocean,NOAA CO-OPS 8729678 Navarre Beach predictions,2026-08-08T15:57:33.641686-05:00
2020-09-14,79.1,75.6,1.181,21.1,38.9,69.0,15.026,106.0,8.0,,,,0.305,1.829,1.524,finalized,Open-Meteo ERA5,Open-Meteo ERA5-Ocean,NOAA CO-OPS 8729678 Navarre Beach predictions,2026-08-08T15:57:33.641686-05:00
2020-09-15,77.4,75.7,2.768,28.3,47.2,85.0,17.913,127.0,8.15,,,,0.426,1.804,1.378,finalized,Open-Meteo ERA5,Open-Meteo ERA5-Ocean,NOAA CO-OPS 8729678 Navarre Beach predictions,2026-08-08T15:57:33.641686-05:00
2020-09-16,79.6,73.2,7.748,40.6,73.4,174.0,21.325,200.0,8.65,,,,0.608,1.714,1.106,finalized,Open-Meteo ERA5,Open-Meteo ERA5-Ocean,NOAA CO-OPS 8729678 Navarre Beach predictions,2026-08-08T15:57:33.641686-05:00
2020-09-17,83.4,71.9,0.0,16.3,30.0,290.0,7.152,275.0,5.95,,,,0.797,1.562,0.765,finalized,Open-Meteo ERA5,Open-Meteo ERA5-Ocean,NOAA CO-OPS 8729678 Navarre Beach predictions,2026-08-08T15:57:33.641686-05:00
2020-09-18,87.6,73.9,0.0,7.5,15.7,349.0,2.231,202.0,4.7,,,,0.725,1.367,0.642,finalized,Open-Meteo ERA5,Open-Meteo ERA5-Ocean,NOAA CO-OPS 8729678 Navarre Beach predictions,2026-08-08T15:57:33.641686-05:00
2020-09-19,78.3,73.0,0.016,14.5,24.2,56.0,6.168,79.0,4.95,,,,0.629,1.448,0.819,finalized,Open-Meteo ERA5,Open-Meteo ERA5-Ocean,NOAA CO-OPS 8729678 Navarre Beach predictions,2026-08-08T15:57:33.641686-05:00
2020-09-20,72.4,66.1,1.087,15.9,30.0,60.0,7.677,86.0,5.8,,,,0.539,1.678,1.1389999999999998,finalized,Open-Meteo ERA5,Open-Meteo ERA5-Ocean,NOAA CO-OPS 8729678 Navarre Beach predictions,2026-08-08T15:57:33.641686-05:00
2020-09-21,72.2,64.1,0.244,14.8,28.6,64.0,8.005,92.0,6.15,,,,0.431,1.834,1.403,finalized,Open-Meteo ERA5,Open-Meteo ERA5-Ocean,NOAA CO-OPS 8729678 Navarre Beach predictions,2026-08-08T15:57:33.641686-05:00
2020-09-22,75.0,66.3,0.087,12.4,21.7,67.0,7.349,107.0,6.2,,,,0.265,0.265,0.0,finalized,Open-Meteo ERA5,Open-Meteo ERA5-Ocean,NOAA CO-OPS 8729678 Navarre Beach predictions,2026-08-08T15:57:33.641686-05:00
2020-09-23,82.6,69.9,0.063,16.2,31.1,117.0,6.037,131.0,5.6,,,,0.167,1.907,1.74,finalized,Open-Meteo ERA5,Open-Meteo ERA5-Ocean,NOAA CO-OPS 8729678 Navarre Beach predictions,2026-08-08T15:57:33.641686-05:00
2020-09-24,83.2,74.7,0.551,14.7,27.7,180.0,5.709,166.0,5.4,,,,0.138,1.906,1.7679999999999998,finalized,Open-Meteo ERA5,Open-Meteo ERA5-Ocean,NOAA CO-OPS 8729678 Navarre Beach predictions,2026-08-08T15:57:33.641686-05:00
2020-09-25,84.3,71.0,0.0,7.7,16.6,286.0,2.822,174.0,5.0,,,,0.172,1.851,1.679,finalized,Open-Meteo ERA5,Open-Meteo ERA5-Ocean,NOAA CO-OPS 8729678 Navarre Beach predictions,2026-08-08T15:57:33.641686-05:00
2020-09-26,84.5,67.4,0.0,6.4,13.2,114.0,1.837,148.0,4.5,,,,0.257,1.768,1.511,finalized,Open-Meteo ERA5,Open-Meteo ERA5-Ocean,NOAA CO-OPS 8729678 Navarre Beach predictions,2026-08-08T15:57:33.641686-05:00
2020-09-27,83.8,74.4,0.217,8.3,17.4,165.0,2.428,172.0,3.7,,,,0.379,1.673,1.294,finalized,Open-Meteo ERA5,Open-Meteo ERA5-Ocean,NOAA CO-OPS 8729678 Navarre Beach predictions,2026-08-08T15:57:33.641686-05:00
2020-09-28,87.4,73.7,0.173,10.6,20.8,238.0,1.903,208.0,3.5,,,,0.528,1.576,1.048,finalized,Open-Meteo ERA5,Open-Meteo ERA5-Ocean,NOAA CO-OPS 8729678 Navarre Beach predictions,2026-08-08T15:57:33.641686-05:00
2020-09-29,73.7,60.4,0.11,13.8,25.9,345.0,4.987,342.0,4.55,,,,0.674,1.473,0.799,finalized,Open-Meteo ERA5,Open-Meteo ERA5-Ocean,NOAA CO-OPS 8729678 Navarre Beach predictions,2026-08-08T15:57:33.641686-05:00
2020-09-30,77.8,51.9,0.0,5.2,12.1,311.0,2.887,357.0,3.85,,,,0.78,1.359,0.579,finalized,Open-Meteo ERA5,Open-Meteo ERA5-Ocean,NOAA CO-OPS 8729678 Navarre Beach predictions,2026-08-08T15:57:33.641686-05:00
2020-10-01,83.9,57.0,0.0,10.0,15.7,309.0,1.247,330.0,2.65,,,,0.749,1.239,0.4900000000000001,finalized,Open-Meteo ERA5,Open-Meteo ERA5-Ocean,NOAA CO-OPS 8729678 Navarre Beach predictions,2026-08-08T15:57:33.641686-05:00
2020-10-02,77.0,57.7,0.0,11.0,21.5,7.0,3.937,21.0,4.2,,,,0.679,1.217,0.538,finalized,Open-Meteo ERA5,Open-Meteo ERA5-Ocean,NOAA CO-OPS 8729678 Navarre Beach predictions,2026-08-08T15:57:33.641686-05:00
2020-10-03,77.7,53.5,0.0,9.2,19.9,28.0,3.018,37.0,3.85,,,,0.614,1.366,0.7520000000000001,finalized,Open-Meteo ERA5,Open-Meteo ERA5-Ocean,NOAA CO-OPS 8729678 Navarre Beach predictions,2026-08-08T15:57:33.641686-05:00
2020-10-04,76.6,57.3,0.0,10.5,20.6,35.0,3.675,62.0,4.4,,,,0.56,1.493,0.933,finalized,Open-Meteo ERA5,Open-Meteo ERA5-Ocean,NOAA CO-OPS 8729678 Navarre Beach predictions,2026-08-08T15:57:33.641686-05:00
2020-10-05,80.3,58.2,0.0,10.9,23.5,43.0,3.937,72.0,5.15,,,,0.52,1.598,1.078,finalized,Open-Meteo ERA5,Open-Meteo ERA5-Ocean,NOAA CO-OPS 8729678 Navarre Beach predictions,2026-08-08T15:57:33.641686-05:00
2020-10-06,78.7,69.1,0.083,9.8,18.1,50.0,3.609,97.0,5.05,,,,0.49,1.682,1.192,finalized,Open-Meteo ERA5,Open-Meteo ERA5-Ocean,NOAA CO-OPS 8729678 Navarre Beach predictions,2026-08-08T15:57:33.641686-05:00
2020-10-07,88.7,72.0,0.0,8.0,16.1,65.0,2.756,113.0,5.75,,,,0.453,1.745,1.292,finalized,Open-Meteo ERA5,Open-Meteo ERA5-Ocean,NOAA CO-OPS 8729678 Navarre Beach predictions,2026-08-08T15:57:33.641686-05:00
2020-10-08,85.2,75.7,0.094,7.9,14.3,81.0,4.003,148.0,7.45,,,,0.406,0.406,0.0,finalized,Open-Meteo ERA5,Open-Meteo ERA5-Ocean,NOAA CO-OPS 8729678 Navarre Beach predictions,2026-08-08T15:57:33.641686-05:00
2020-10-09,84.0,75.1,0.118,16.9,32.7,120.0,6.037,155.0,6.8,,,,0.372,1.79,1.418,finalized,Open-Meteo ERA5,Open-Meteo ERA5-Ocean,NOAA CO-OPS 8729678 Navarre Beach predictions,2026-08-08T15:57:33.641686-05:00
2020-10-10,81.5,76.1,0.799,18.8,35.6,181.0,7.087,184.0,6.25,,,,0.364,1.814,1.4500000000000002,finalized,Open-Meteo ERA5,Open-Meteo ERA5-Ocean,NOAA CO-OPS 8729678 Navarre Beach predictions,2026-08-08T15:57:33.641686-05:00
2020-10-11,83.5,74.2,0.0,16.1,28.9,249.0,4.921,223.0,5.5,,,,0.4,1.813,1.4129999999999998,finalized,Open-Meteo ERA5,Open-Meteo ERA5-Ocean,NOAA CO-OPS 8729678 Navarre Beach predictions,2026-08-08T15:57:33.641686-05:00
2020-10-12,87.4,72.2,0.004,9.9,20.6,268.0,2.493,237.0,4.5,,,,0.493,1.774,1.281,finalized,Open-Meteo ERA5,Open-Meteo ERA5-Ocean,NOAA CO-OPS 8729678 Navarre Beach predictions,2026-08-08T15:57:33.641686-05:00
2020-10-13,87.3,70.6,0.0,8.1,16.3,314.0,2.362,256.0,3.9,,,,0.642,1.686,1.044,finalized,Open-Meteo ERA5,Open-Meteo ERA5-Ocean,NOAA CO-OPS 8729678 Navarre Beach predictions,2026-08-08T15:57:33.641686-05:00
2020-10-14,81.4,61.3,0.0,8.1,14.1,66.0,2.1,26.0,3.3,,,,0.818,1.557,0.739,finalized,Open-Meteo ERA5,Open-Meteo ERA5-Ocean,NOAA CO-OPS 8729678 Navarre Beach predictions,2026-08-08T15:57:33.641686-05:00
2020-10-15,82.7,66.5,0.016,6.9,15.2,205.0,0.656,179.0,2.75,,,,0.888,1.407,0.519,finalized,Open-Meteo ERA5,Open-Meteo ERA5-Ocean,NOAA CO-OPS 8729678 Navarre Beach predictions,2026-08-08T15:57:33.641686-05:00
2020-10-16,79.0,62.8,0.0,12.5,23.9,358.0,4.593,6.0,4.35,,,,0.678,1.486,0.8079999999999999,finalized,Open-Meteo ERA5,Open-Meteo ERA5-Ocean,NOAA CO-OPS 8729678 Navarre Beach predictions,2026-08-08T15:57:33.641686-05:00
2020-10-17,76.1,54.1,0.0,12.1,23.3,39.0,4.79,47.0,4.6,,,,0.475,1.731,1.2560000000000002,finalized,Open-Meteo ERA5,Open-Meteo ERA5-Ocean,NOAA CO-OPS 8729678 Navarre Beach predictions,2026-08-08T15:57:33.641686-05:00
2020-10-18,81.0,61.6,0.0,9.5,18.8,75.0,3.15,99.0,4.4,,,,0.305,1.916,1.611,finalized,Open-Meteo ERA5,Open-Meteo ERA5-Ocean,NOAA CO-OPS 8729678 Navarre Beach predictions,2026-08-08T15:57:33.641686-05:00
2020-10-19,82.3,66.1,0.0,8.9,19.2,69.0,3.609,106.0,5.4,,,,0.177,2.019,1.842,finalized,Open-Meteo ERA5,Open-Meteo ERA5-Ocean,NOAA CO-OPS 8729678 Navarre Beach predictions,2026-08-08T15:57:33.641686-05:00
2020-10-20,85.2,67.6,0.0,10.5,22.8,65.0,3.346,99.0,5.3,,,,0.072,2.035,1.963,finalized,Open-Meteo ERA5,Open-Meteo ERA5-Ocean,NOAA CO-OPS 8729678 Navarre Beach predictions,2026-08-08T15:57:33.641686-05:00
2020-10-21,83.3,70.6,0.012,12.5,25.3,69.0,4.199,103.0,5.45,,,,0.035,0.035,0.0,finalized,Open-Meteo ERA5,Open-Meteo ERA5-Ocean,NOAA CO-OPS 8729678 Navarre Beach predictions,2026-08-08T15:57:33.641686-05:00
2020-10-22,84.2,70.9,0.0,10.7,23.7,77.0,4.068,111.0,5.6,,,,0.068,1.977,1.909,finalized,Open-Meteo ERA5,Open-Meteo ERA5-Ocean,NOAA CO-OPS 8729678 Navarre Beach predictions,2026-08-08T15:57:33.641686-05:00
2020-10-23,83.7,71.3,0.252,10.2,19.9,98.0,3.675,121.0,5.25,,,,0.16,1.865,1.705,finalized,Open-Meteo ERA5,Open-Meteo ERA5-Ocean,NOAA CO-OPS 8729678 Navarre Beach predictions,2026-08-08T15:57:33.641686-05:00
2020-10-24,79.6,70.7,0.406,7.9,12.8,103.0,2.559,128.0,4.95,,,,0.296,1.722,1.426,finalized,Open-Meteo ERA5,Open-Meteo ERA5-Ocean,NOAA CO-OPS 8729678 Navarre Beach predictions,2026-08-08T15:57:33.641686-05:00
2020-10-25,80.4,68.5,0.0,5.8,15.2,345.0,2.165,134.0,5.05,,,,0.461,1.567,1.106,finalized,Open-Meteo ERA5,Open-Meteo ERA5-Ocean,NOAA CO-OPS 8729678 Navarre Beach predictions,2026-08-08T15:57:33.641686-05:00
2020-10-26,84.5,66.8,0.0,7.3,15.7,50.0,1.706,85.0,4.4,,,,0.622,1.406,0.7839999999999999,finalized,Open-Meteo ERA5,Open-Meteo ERA5-Ocean,NOAA CO-OPS 8729678 Navarre Beach predictions,2026-08-08T15:57:33.641686-05:00
2020-10-27,80.8,74.2,0.413,13.3,24.2,108.0,5.118,132.0,7.65,,,,0.746,1.251,0.5049999999999999,finalized,Open-Meteo ERA5,Open-Meteo ERA5-Ocean,NOAA CO-OPS 8729678 Navarre Beach predictions,2026-08-08T15:57:33.641686-05:00
2020-10-28,81.7,77.7,0.622,31.4,62.4,143.0,15.945,163.0,8.35,,,,0.839,1.135,0.296,finalized,Open-Meteo ERA5,Open-Meteo ERA5-Ocean,NOAA CO-OPS 8729678 Navarre Beach predictions,2026-08-08T15:57:33.641686-05:00
2020-10-29,79.8,57.0,0.524,30.7,63.1,247.0,15.682,220.0,8.65,,,,0.727,1.246,0.519,finalized,Open-Meteo ERA5,Open-Meteo ERA5-Ocean,NOAA CO-OPS 8729678 Navarre Beach predictions,2026-08-08T15:57:33.641686-05:00
2020-10-30,67.0,51.1,0.0,12.3,23.5,353.0,5.446,335.0,5.65,,,,0.582,1.387,0.805,finalized,Open-Meteo ERA5,Open-Meteo ERA5-Ocean,NOAA CO-OPS 8729678 Navarre Beach predictions,2026-08-08T15:57:33.641686-05:00
2020-10-31,73.4,52.0,0.0,8.5,15.2,48.0,3.281,57.0,4.1,,,,0.449,1.505,1.0559999999999998,finalized,Open-Meteo ERA5,Open-Meteo ERA5-Ocean,NOAA CO-OPS 8729678 Navarre Beach predictions,2026-08-08T15:57:33.641686-05:00
2020-11-01,76.6,61.5,0.0,13.2,22.8,350.0,4.987,1.0,4.4,,,,0.339,1.598,1.259,finalized,Open-Meteo ERA5,Open-Meteo ERA5-Ocean,NOAA CO-OPS 8729678 Navarre Beach predictions,2026-08-08T15:57:33.641686-05:00
2020-11-02,66.2,49.6,0.0,14.1,28.4,11.0,5.906,19.0,4.9,,,,0.259,1.672,1.4129999999999998,finalized,Open-Meteo ERA5,Open-Meteo ERA5-Ocean,NOAA CO-OPS 8729678 Navarre Beach predictions,2026-08-08T15:57:33.641686-05:00
2020-11-03,70.7,43.6,0.0,7.9,15.0,33.0,3.609,58.0,4.1,,,,0.208,1.731,1.523,finalized,Open-Meteo ERA5,Open-Meteo ERA5-Ocean,NOAA CO-OPS 8729678 Navarre Beach predictions,2026-08-08T15:57:33.641686-05:00
2020-11-04,73.1,47.6,0.0,8.4,17.7,54.0,2.625,86.0,4.1,,,,0.182,1.778,1.596,finalized,Open-Meteo ERA5,Open-Meteo ERA5-Ocean,NOAA CO-OPS 8729678 Navarre Beach predictions,2026-08-08T15:57:33.641686-05:00
2020-11-05,77.5,55.4,0.0,10.1,19.5,56.0,4.068,96.0,5.1,,,,0.17,1.805,1.635,finalized,Open-Meteo ERA5,Open-Meteo ERA5-Ocean,NOAA CO-OPS 8729678 Navarre Beach predictions,2026-08-08T15:57:33.641686-05:00
2020-11-06,79.5,62.2,0.0,10.6,23.0,59.0,4.003,93.0,5.05,,,,0.176,1.802,1.626,finalized,Open-Meteo ERA5,Open-Meteo ERA5-Ocean,NOAA CO-OPS 8729678 Navarre Beach predictions,2026-08-08T15:57:33.641686-05:00
2020-11-07,78.6,66.1,0.0,12.3,24.2,66.0,4.134,95.0,4.9,,,,0.213,0.213,0.0,finalized,Open-Meteo ERA5,Open-Meteo ERA5-Ocean,NOAA CO-OPS 8729678 Navarre Beach predictions,2026-08-08T15:57:33.641686-05:00
2020-11-08,81.3,69.0,0.0,15.6,30.2,67.0,6.168,99.0,5.85,,,,0.296,1.752,1.456,finalized,Open-Meteo ERA5,Open-Meteo ERA5-Ocean,NOAA CO-OPS 8729678 Navarre Beach predictions,2026-08-08T15:57:33.641686-05:00
2020-11-09,83.1,69.3,0.0,17.2,32.7,58.0,4.79,76.0,5.1,,,,0.43,1.64,1.21,finalized,Open-Meteo ERA5,Open-Meteo ERA5-Ocean,NOAA CO-OPS 8729678 Navarre Beach predictions,2026-08-08T15:57:33.641686-05:00
2020-11-10,81.6,74.0,0.004,12.6,25.9,76.0,4.921,103.0,6.3,,,,0.6,1.457,0.8570000000000001,finalized,Open-Meteo ERA5,Open-Meteo ERA5-Ocean,NOAA CO-OPS 8729678 Navarre Beach predictions,2026-08-08T15:57:33.641686-05:00
2020-11-11,81.1,73.8,0.047,8.1,15.2,39.0,4.396,132.0,8.1,,,,0.772,1.224,0.4519999999999999,finalized,Open-Meteo ERA5,Open-Meteo ERA5-Ocean,NOAA CO-OPS 8729678 Navarre Beach predictions,2026-08-08T15:57:33.641686-05:00
2020-11-12,79.3,61.5,0.0,10.7,22.4,337.0,4.593,92.0,7.8,,,,0.804,1.357,0.5529999999999999,finalized,Open-Meteo ERA5,Open-Meteo ERA5-Ocean,NOAA CO-OPS 8729678 Navarre Beach predictions,2026-08-08T15:57:33.641686-05:00
2020-11-13,79.7,57.1,0.0,8.4,17.0,13.0,2.297,19.0,3.85,,,,0.499,1.572,1.073,finalized,Open-Meteo ERA5,Open-Meteo ERA5-Ocean,NOAA CO-OPS 8729678 Navarre Beach predictions,2026-08-08T15:57:33.641686-05:00
2020-11-14,77.6,57.4,0.0,8.2,17.4,98.0,2.165,93.0,3.5,,,,0.207,1.782,1.575,finalized,Open-Meteo ERA5,Open-Meteo ERA5-Ocean,NOAA CO-OPS 8729678 Navarre Beach predictions,2026-08-08T15:57:33.641686-05:00
2020-11-15,83.3,64.7,0.0,12.3,22.4,259.0,3.018,180.0,3.45,,,,-0.032,1.927,1.959,finalized,Open-Meteo ERA5,Open-Meteo ERA5-Ocean,NOAA CO-OPS 8729678 Navarre Beach predictions,2026-08-08T15:57:33.641686-05:00
2020-11-16,70.1,51.5,0.0,12.4,23.0,12.0,4.659,21.0,4.5,,,,-0.201,1.988,2.189,finalized,Open-Meteo ERA5,Open-Meteo ERA5-Ocean,NOAA CO-OPS 8729678 Navarre Beach predictions,2026-08-08T15:57:33.641686-05:00
2020-11-17,73.8,46.8,0.0,11.4,22.6,6.0,4.134,22.0,4.2,,,,-0.288,1.968,2.256,finalized,Open-Meteo ERA5,Open-Meteo ERA5-Ocean,NOAA CO-OPS 8729678 Navarre Beach predictions,2026-08-08T15:57:33.641686-05:00
2020-11-18,68.0,46.3,0.0,12.5,24.6,49.0,5.643,59.0,5.0,,,,-0.293,1.88,2.173,finalized,Open-Meteo ERA5,Open-Meteo ERA5-Ocean,NOAA CO-OPS 8729678 Navarre Beach predictions,2026-08-08T15:57:33.641686-05:00
2020-11-19,70.2,48.1,0.0,11.6,22.1,76.0,6.365,102.0,5.65,,,,-0.223,1.745,1.968,finalized,Open-Meteo ERA5,Open-Meteo ERA5-Ocean,NOAA CO-OPS 8729678 Navarre Beach predictions,2026-08-08T15:57:33.641686-05:00
2020-11-20,75.9,55.3,0.0,9.1,18.6,67.0,4.593,108.0,5.55,,,,-0.095,1.578,1.673,finalized,Open-Meteo ERA5,Open-Meteo ERA5-Ocean,NOAA CO-OPS 8729678 Navarre Beach predictions,2026-08-08T15:57:33.641686-05:00
2020-11-21,76.4,58.9,0.0,10.2,19.5,56.0,3.675,99.0,5.0,,,,0.075,0.075,0.0,finalized,Open-Meteo ERA5,Open-Meteo ERA5-Ocean,NOAA CO-OPS 8729678 Navarre Beach predictions,2026-08-08T15:57:33.641686-05:00
2020-11-22,78.2,58.9,0.004,7.0,12.1,35.0,2.493,107.0,4.75,,,,0.263,1.391,1.128,finalized,Open-Meteo ERA5,Open-Meteo ERA5-Ocean,NOAA CO-OPS 8729678 Navarre Beach predictions,2026-08-08T15:57:33.641686-05:00
2020-11-23,70.2,47.8,0.0,11.7,21.7,3.0,3.543,21.0,4.05,,,,0.429,1.19,0.7609999999999999,finalized,Open-Meteo ERA5,Open-Meteo ERA5-Ocean,NOAA CO-OPS 8729678 Navarre Beach predictions,2026-08-08T15:57:33.641686-05:00
2020-11-24,72.9,44.0,0.0,10.5,19.7,102.0,3.937,97.0,4.1,,,,0.558,0.98,0.4219999999999999,finalized,Open-Meteo ERA5,Open-Meteo ERA5-Ocean,NOAA CO-OPS 8729678 Navarre Beach predictions,2026-08-08T15:57:33.641686-05:00
2020-11-25,77.6,60.9,0.087,15.9,29.8,167.0,4.593,159.0,5.25,,,,0.648,1.061,0.4129999999999999,finalized,Open-Meteo ERA5,Open-Meteo ERA5-Ocean,NOAA CO-OPS 8729678 Navarre Beach predictions,2026-08-08T15:57:33.641686-05:00
2020-11-26,77.5,69.0,0.079,10.5,12.8,237.0,4.199,166.0,5.55,,,,0.541,1.188,0.6469999999999999,finalized,Open-Meteo ERA5,Open-Meteo ERA5-Ocean,NOAA CO-OPS 8729678 Navarre Beach predictions,2026-08-08T15:57:33.641686-05:00
2020-11-27,77.1,66.5,0.059,5.2,15.2,128.0,2.165,162.0,5.7,,,,0.34,1.315,0.975,finalized,Open-Meteo ERA5,Open-Meteo ERA5-Ocean,NOAA CO-OPS 8729678 Navarre Beach predictions,2026-08-08T15:57:33.641686-05:00
2020-11-28,70.3,63.4,0.311,10.3,18.3,359.0,2.231,81.0,4.55,,,,0.162,1.414,1.252,finalized,Open-Meteo ERA5,Open-Meteo ERA5-Ocean,NOAA CO-OPS 8729678 Navarre Beach predictions,2026-08-08T15:57:33.641686-05:00
2020-11-29,71.9,62.5,0.953,16.8,32.0,143.0,5.184,144.0,4.75,,,,0.015,1.486,1.471,finalized,Open-Meteo ERA5,Open-Meteo ERA5-Ocean,NOAA CO-OPS 8729678 Navarre Beach predictions,2026-08-08T15:57:33.641686-05:00
2020-11-30,60.8,39.3,0.0,19.5,33.6,312.0,8.268,298.0,5.8,,,,-0.095,1.539,1.634,finalized,Open-Meteo ERA5,Open-Meteo ERA5-Ocean,NOAA CO-OPS 8729678 Navarre Beach predictions,2026-08-08T15:57:33.641686-05:00
2020-12-01,54.2,30.9,0.0,14.8,25.9,330.0,6.562,335.0,5.25,,,,-0.169,1.582,1.751,finalized,Open-Meteo ERA5,Open-Meteo ERA5-Ocean,NOAA CO-OPS 8729678 Navarre Beach predictions,2026-08-08T15:57:33.641686-05:00
2020-12-02,60.3,32.0,0.0,8.7,18.8,43.0,3.281,52.0,3.75,,,,-0.207,1.617,1.824,finalized,Open-Meteo ERA5,Open-Meteo ERA5-Ocean,NOAA CO-OPS 8729678 Navarre Beach predictions,2026-08-08T15:57:33.641686-05:00
2020-12-03,64.0,45.6,0.0,11.7,21.3,94.0,5.052,123.0,4.9,,,,-0.214,1.637,1.851,finalized,Open-Meteo ERA5,Open-Meteo ERA5-Ocean,NOAA CO-OPS 8729678 Navarre Beach predictions,2026-08-08T15:57:33.641686-05:00
2020-12-04,68.0,47.2,0.26,12.4,23.3,297.0,5.512,173.0,5.55,,,,-0.185,1.624,1.809,finalized,Open-Meteo ERA5,Open-Meteo ERA5-Ocean,NOAA CO-OPS 8729678 Navarre Beach predictions,2026-08-08T15:57:33.641686-05:00
2020-12-05,61.5,40.3,0.0,10.3,18.8,351.0,4.199,15.0,4.85,,,,-0.113,1.555,1.668,finalized,Open-Meteo ERA5,Open-Meteo ERA5-Ocean,NOAA CO-OPS 8729678 Navarre Beach predictions,2026-08-08T15:57:33.641686-05:00
2020-12-06,62.9,47.2,0.094,10.2,13.0,315.0,2.165,345.0,3.8,,,,0.011,1.412,1.401,finalized,Open-Meteo ERA5,Open-Meteo ERA5-Ocean,NOAA CO-OPS 8729678 Navarre Beach predictions,2026-08-08T15:57:33.641686-05:00
2020-12-07,58.7,43.2,0.012,14.7,28.0,319.0,5.446,320.0,4.7,,,,0.18,0.18,0.0,finalized,Open-Meteo ERA5,Open-Meteo ERA5-Ocean,NOAA CO-OPS 8729678 Navarre Beach predictions,2026-08-08T15:57:33.641686-05:00
2020-12-08,58.6,35.3,0.0,10.2,17.4,323.0,5.249,340.0,4.7,,,,0.364,1.187,0.8230000000000001,finalized,Open-Meteo ERA5,Open-Meteo ERA5-Ocean,NOAA CO-OPS 8729678 Navarre Beach predictions,2026-08-08T15:57:33.641686-05:00
2020-12-09,68.2,40.1,0.0,9.5,18.8,268.0,2.362,268.0,3.65,,,,0.524,1.052,0.528,finalized,Open-Meteo ERA5,Open-Meteo ERA5-Ocean,NOAA CO-OPS 8729678 Navarre Beach predictions,2026-08-08T15:57:33.641686-05:00
2020-12-10,71.0,42.3,0.0,6.9,11.6,256.0,2.362,252.0,3.85,,,,0.512,1.23,0.718,finalized,Open-Meteo ERA5,Open-Meteo ERA5-Ocean,NOAA CO-OPS 8729678 Navarre Beach predictions,2026-08-08T15:57:33.641686-05:00
2020-12-11,72.1,43.2,0.0,8.9,17.4,133.0,2.625,184.0,3.5,,,,0.163,1.435,1.272,finalized,Open-Meteo ERA5,Open-Meteo ERA5-Ocean,NOAA CO-OPS 8729678 Navarre Beach predictions,2026-08-08T15:57:33.641686-05:00
2020-12-12,75.1,62.7,0.016,15.5,30.9,174.0,4.593,175.0,4.9,,,,-0.162,1.613,1.775,finalized,Open-Meteo ERA5,Open-Meteo ERA5-Ocean,NOAA CO-OPS 8729678 Navarre Beach predictions,2026-08-08T15:57:33.641686-05:00
2020-12-13,72.1,64.5,0.024,17.5,29.3,165.0,5.381,182.0,4.8,,,,-0.422,1.724,2.146,finalized,Open-Meteo ERA5,Open-Meteo ERA5-Ocean,NOAA CO-OPS 8729678 Navarre Beach predictions,2026-08-08T15:57:33.641686-05:00
2020-12-14,71.4,47.6,0.043,19.9,39.1,315.0,6.627,285.0,5.2,,,,-0.594,1.756,2.35,finalized,Open-Meteo ERA5,Open-Meteo ERA5-Ocean,NOAA CO-OPS 8729678 Navarre Beach predictions,2026-08-08T15:57:33.641686-05:00
2020-12-15,59.7,41.2,0.02,10.1,16.6,26.0,3.609,43.0,4.2,,,,-0.673,1.716,2.389,finalized,Open-Meteo ERA5,Open-Meteo ERA5-Ocean,NOAA CO-OPS 8729678 Navarre Beach predictions,2026-08-08T15:57:33.641686-05:00
2020-12-16,58.3,47.2,1.185,15.9,30.9,17.0,4.593,298.0,4.6,,,,-0.663,1.621,2.284,finalized,Open-Meteo ERA5,Open-Meteo ERA5-Ocean,NOAA CO-OPS 8729678 Navarre Beach predictions,2026-08-08T15:57:33.641686-05:00
2020-12-17,46.6,36.0,0.0,10.9,19.7,334.0,3.15,330.0,4.3,,,,-0.579,1.485,2.064,finalized,Open-Meteo ERA5,Open-Meteo ERA5-Ocean,NOAA CO-OPS 8729678 Navarre Beach predictions,2026-08-08T15:57:33.641686-05:00
2020-12-18,56.8,32.0,0.0,7.6,16.8,29.0,2.822,34.0,3.7,,,,-0.434,1.321,1.755,finalized,Open-Meteo ERA5,Open-Meteo ERA5-Ocean,NOAA CO-OPS 8729678 Navarre Beach predictions,2026-08-08T15:57:33.641686-05:00
2020-12-19,59.6,38.4,0.008,9.6,19.0,81.0,2.953,107.0,4.05,,,,-0.249,1.137,1.386,finalized,Open-Meteo ERA5,Open-Meteo ERA5-Ocean,NOAA CO-OPS 8729678 Navarre Beach predictions,2026-08-08T15:57:33.641686-05:00
2020-12-20,58.0,53.1,0.406,11.5,23.7,29.0,4.265,169.0,5.6,,,,-0.052,0.936,0.988,finalized,Open-Meteo ERA5,Open-Meteo ERA5-Ocean,NOAA CO-OPS 8729678 Navarre Beach predictions,2026-08-08T15:57:33.641686-05:00
2020-12-21,64.5,47.2,0.0,10.1,17.9,310.0,4.003,310.0,4.8,,,,0.117,0.723,0.606,finalized,Open-Meteo ERA5,Open-Meteo ERA5-Ocean,NOAA CO-OPS 8729678 Navarre Beach predictions,2026-08-08T15:57:33.641686-05:00
2020-12-22,69.8,41.7,0.0,6.7,11.9,9.0,1.509,323.0,3.15,,,,0.25,0.68,0.43,finalized,Open-Meteo ERA5,Open-Meteo ERA5-Ocean,NOAA CO-OPS 8729678 Navarre Beach predictions,2026-08-08T15:57:33.641686-05:00
2020-12-23,69.7,44.8,0.0,14.1,23.7,131.0,4.987,152.0,4.8,,,,0.338,0.8,0.462,finalized,Open-Meteo ERA5,Open-Meteo ERA5-Ocean,NOAA CO-OPS 8729678 Navarre Beach predictions,2026-08-08T15:57:33.641686-05:00
2020-12-24,68.9,38.0,1.232,18.2,42.3,264.0,8.661,237.0,5.95,,,,0.217,0.943,0.726,finalized,Open-Meteo ERA5,Open-Meteo ERA5-Ocean,NOAA CO-OPS 8729678 Navarre Beach predictions,2026-08-08T15:57:33.641686-05:00
2020-12-25,49.7,32.6,0.0,12.2,25.7,309.0,8.333,294.0,5.8,,,,0.034,1.073,1.039,finalized,Open-Meteo ERA5,Open-Meteo ERA5-Ocean,NOAA CO-OPS 8729678 Navarre Beach predictions,2026-08-08T15:57:33.641686-05:00
2020-12-26,51.9,29.6,0.0,6.3,11.9,352.0,3.215,335.0,4.45,,,,-0.144,1.17,1.3139999999999998,finalized,Open-Meteo ERA5,Open-Meteo ERA5-Ocean,NOAA CO-OPS 8729678 Navarre Beach predictions,2026-08-08T15:57:33.641686-05:00
2020-12-27,59.5,30.7,0.0,6.9,16.1,104.0,1.378,116.0,3.8,,,,-0.297,1.239,1.536,finalized,Open-Meteo ERA5,Open-Meteo ERA5-Ocean,NOAA CO-OPS 8729678 Navarre Beach predictions,2026-08-08T15:57:33.641686-05:00
2020-12-28,67.8,39.1,0.0,6.7,9.8,108.0,1.312,125.0,3.2,,,,-0.417,1.29,1.707,finalized,Open-Meteo ERA5,Open-Meteo ERA5-Ocean,NOAA CO-OPS 8729678 Navarre Beach predictions,2026-08-08T15:57:33.641686-05:00
2020-12-29,69.4,44.3,0.0,9.7,16.8,95.0,4.659,114.0,4.7,,,,-0.5,1.331,1.831,finalized,Open-Meteo ERA5,Open-Meteo ERA5-Ocean,NOAA CO-OPS 8729678 Navarre Beach predictions,2026-08-08T15:57:33.641686-05:00
2020-12-30,70.7,53.8,0.0,13.9,25.9,117.0,5.052,139.0,5.45,,,,-0.546,1.363,1.909,finalized,Open-Meteo ERA5,Open-Meteo ERA5-Ocean,NOAA CO-OPS 8729678 Navarre Beach predictions,2026-08-08T15:57:33.641686-05:00
2020-12-31,73.6,59.7,0.106,19.7,31.8,136.0,7.415,149.0,6.15,,,,-0.551,1.425,1.976,finalized,Open-Meteo ERA5,Open-Meteo ERA5-Ocean,NOAA CO-OPS 8729678 Navarre Beach predictions,2026-08-08T15:57:33.641686-05:00
2021-01-01,70.5,61.9,1.138,19.5,35.8,182.0,8.202,162.0,7.1,,,,-0.556,1.399,1.955,finalized,Open-Meteo ERA5,Open-Meteo ERA5-Ocean,NOAA CO-OPS 8729678 Navarre Beach predictions,2026-08-08T15:57:33.641686-05:00
2021-01-02,64.0,51.9,0.0,8.3,13.6,291.0,4.724,186.0,7.05,,,,-0.446,1.309,1.755,finalized,Open-Meteo ERA5,Open-Meteo ERA5-Ocean,NOAA CO-OPS 8729678 Navarre Beach predictions,2026-08-08T15:57:33.641686-05:00
2021-01-03,59.1,40.3,0.0,10.5,19.2,329.0,4.265,296.0,4.75,,,,-0.273,1.14,1.4129999999999998,finalized,Open-Meteo ERA5,Open-Meteo ERA5-Ocean,NOAA CO-OPS 8729678 Navarre Beach predictions,2026-08-08T15:57:33.641686-05:00
2021-01-04,61.7,35.2,0.0,5.7,10.5,308.0,1.444,179.0,4.95,,,,-0.066,0.891,0.957,finalized,Open-Meteo ERA5,Open-Meteo ERA5-Ocean,NOAA CO-OPS 8729678 Navarre Beach predictions,2026-08-08T15:57:33.641686-05:00
2021-01-05,67.3,45.3,0.0,8.7,18.1,314.0,3.281,274.0,3.95,,,,0.13,0.614,0.484,finalized,Open-Meteo ERA5,Open-Meteo ERA5-Ocean,NOAA CO-OPS 8729678 Navarre Beach predictions,2026-08-08T15:57:33.641686-05:00
2021-01-06,58.4,38.8,0.0,8.2,15.4,66.0,2.297,62.0,3.45,,,,0.272,0.8,0.528,finalized,Open-Meteo ERA5,Open-Meteo ERA5-Ocean,NOAA CO-OPS 8729678 Navarre Beach predictions,2026-08-08T15:57:33.641686-05:00
2021-01-07,64.5,49.9,0.571,15.6,33.3,176.0,7.349,180.0,5.95,,,,0.148,1.023,0.8749999999999999,finalized,Open-Meteo ERA5,Open-Meteo ERA5-Ocean,NOAA CO-OPS 8729678 Navarre Beach predictions,2026-08-08T15:57:33.641686-05:00
2021-01-08,51.7,42.5,0.0,14.6,27.7,313.0,6.037,288.0,5.85,,,,-0.197,1.236,1.433,finalized,Open-Meteo ERA5,Open-Meteo ERA5-Ocean,NOAA CO-OPS 8729678 Navarre Beach predictions,2026-08-08T15:57:33.641686-05:00
2021-01-09,46.9,37.3,0.0,11.6,21.0,338.0,4.003,334.0,4.45,,,,-0.502,1.393,1.895,finalized,Open-Meteo ERA5,Open-Meteo ERA5-Ocean,NOAA CO-OPS 8729678 Navarre Beach predictions,2026-08-08T15:57:33.641686-05:00
2021-01-10,44.5,34.9,0.0,7.6,13.0,37.0,2.822,38.0,3.65,,,,-0.734,1.473,2.207,finalized,Open-Meteo ERA5,Open-Meteo ERA5-Ocean,NOAA CO-OPS 8729678 Navarre Beach predictions,2026-08-08T15:57:33.641686-05:00
2021-01-11,53.5,43.4,0.346,13.5,26.4,22.0,5.315,120.0,5.35,,,,-0.877,1.481,2.358,finalized,Open-Meteo ERA5,Open-Meteo ERA5-Ocean,NOAA CO-OPS 8729678 Navarre Beach predictions,2026-08-08T15:57:33.641686-05:00
2021-01-12,44.7,41.3,0.0,12.7,23.7,348.0,4.724,345.0,4.75,,,,-0.928,1.43,2.358,finalized,Open-Meteo ERA5,Open-Meteo ERA5-Ocean,NOAA CO-OPS 8729678 Navarre Beach predictions,2026-08-08T15:57:33.641686-05:00
2021-01-13,50.9,37.4,0.028,6.3,13.0,320.0,1.378,342.0,3.35,,,,-0.896,1.333,2.229,finalized,Open-Meteo ERA5,Open-Meteo ERA5-Ocean,NOAA CO-OPS 8729678 Navarre Beach predictions,2026-08-08T15:57:33.641686-05:00
2021-01-14,60.7,34.1,0.0,12.2,21.3,247.0,4.331,252.0,4.25,,,,-0.792,1.203,1.995,finalized,Open-Meteo ERA5,Open-Meteo ERA5-Ocean,NOAA CO-OPS 8729678 Navarre Beach predictions,2026-08-08T15:57:33.641686-05:00
2021-01-15,61.6,47.1,0.004,13.6,27.7,273.0,7.48,254.0,5.55,,,,-0.63,1.047,1.677,finalized,Open-Meteo ERA5,Open-Meteo ERA5-Ocean,NOAA CO-OPS 8729678 Navarre Beach predictions,2026-08-08T15:57:33.641686-05:00
2021-01-16,54.0,36.4,0.0,12.2,25.7,282.0,6.824,268.0,5.8,,,,-0.426,0.87,1.296,finalized,Open-Meteo ERA5,Open-Meteo ERA5-Ocean,NOAA CO-OPS 8729678 Navarre Beach predictions,2026-08-08T15:57:33.641686-05:00
2021-01-17,57.9,31.5,0.0,9.8,19.5,266.0,3.412,260.0,5.15,,,,-0.223,0.676,0.899,finalized,Open-Meteo ERA5,Open-Meteo ERA5-Ocean,NOAA CO-OPS 8729678 Navarre Beach predictions,2026-08-08T15:57:33.641686-05:00
2021-01-18,60.6,32.3,0.0,10.4,17.4,278.0,4.331,267.0,4.4,,,,-0.062,0.47,0.532,finalized,Open-Meteo ERA5,Open-Meteo ERA5-Ocean,NOAA CO-OPS 8729678 Navarre Beach predictions,2026-08-08T15:57:33.641686-05:00
2021-01-19,66.1,32.5,0.0,6.9,14.5,149.0,0.919,173.0,3.85,,,,0.061,0.401,0.34,finalized,Open-Meteo ERA5,Open-Meteo ERA5-Ocean,NOAA CO-OPS 8729678 Navarre Beach predictions,2026-08-08T15:57:33.641686-05:00
2021-01-20,69.8,45.4,0.0,8.4,14.8,279.0,1.444,278.0,3.55,,,,0.111,0.584,0.473,finalized,Open-Meteo ERA5,Open-Meteo ERA5-Ocean,NOAA CO-OPS 8729678 Navarre Beach predictions,2026-08-08T15:57:33.641686-05:00
2021-01-21,69.1,53.7,0.067,12.8,25.5,240.0,2.297,233.0,3.5,,,,-0.017,0.755,0.772,finalized,Open-Meteo ERA5,Open-Meteo ERA5-Ocean,NOAA CO-OPS 8729678 Navarre Beach predictions,2026-08-08T15:57:33.641686-05:00
2021-01-22,65.0,61.2,0.276,9.5,21.5,274.0,2.822,225.0,4.2,,,,-0.19,0.891,1.081,finalized,Open-Meteo ERA5,Open-Meteo ERA5-Ocean,NOAA CO-OPS 8729678 Navarre Beach predictions,2026-08-08T15:57:33.641686-05:00
2021-01-23,62.6,55.3,0.008,9.4,17.7,53.0,2.953,73.0,3.9,,,,-0.355,0.992,1.347,finalized,Open-Meteo ERA5,Open-Meteo ERA5-Ocean,NOAA CO-OPS 8729678 Navarre Beach predictions,2026-08-08T15:57:33.641686-05:00
2021-01-24,65.3,55.4,0.0,9.5,19.7,121.0,2.362,116.0,3.8,,,,-0.495,1.068,1.5630000000000002,finalized,Open-Meteo ERA5,Open-Meteo ERA5-Ocean,NOAA CO-OPS 8729678 Navarre Beach predictions,2026-08-08T15:57:33.641686-05:00
2021-01-25,73.9,62.1,0.016,16.5,27.3,165.0,3.609,162.0,4.9,,,,-0.606,1.129,1.735,finalized,Open-Meteo ERA5,Open-Meteo ERA5-Ocean,NOAA CO-OPS 8729678 Navarre Beach predictions,2026-08-08T15:57:33.641686-05:00
2021-01-26,70.9,65.2,0.594,12.2,24.6,215.0,4.134,193.0,5.95,,,,-0.684,1.181,1.865,finalized,Open-Meteo ERA5,Open-Meteo ERA5-Ocean,NOAA CO-OPS 8729678 Navarre Beach predictions,2026-08-08T15:57:33.641686-05:00
2021-01-27,75.5,55.5,0.327,16.4,29.3,290.0,5.315,211.0,5.8,,,,-0.723,1.218,1.941,finalized,Open-Meteo ERA5,Open-Meteo ERA5-Ocean,NOAA CO-OPS 8729678 Navarre Beach predictions,2026-08-08T15:57:33.641686-05:00
2021-01-28,57.6,42.4,0.0,15.5,28.2,357.0,5.84,359.0,4.9,,,,-0.713,1.225,1.938,finalized,Open-Meteo ERA5,Open-Meteo ERA5-Ocean,NOAA CO-OPS 8729678 Navarre Beach predictions,2026-08-08T15:57:33.641686-05:00
2021-01-29,58.9,35.0,0.0,8.3,16.1,23.0,3.346,37.0,3.95,,,,-0.642,1.181,1.823,finalized,Open-Meteo ERA5,Open-Meteo ERA5-Ocean,NOAA CO-OPS 8729678 Navarre Beach predictions,2026-08-08T15:57:33.641686-05:00
2021-01-30,65.1,40.8,0.0,13.2,24.8,133.0,3.675,139.0,4.3,,,,-0.502,1.067,1.569,finalized,Open-Meteo ERA5,Open-Meteo ERA5-Ocean,NOAA CO-OPS 8729678 Navarre Beach predictions,2026-08-08T15:57:33.641686-05:00
2021-01-31,71.4,57.5,0.161,16.7,32.0,238.0,6.299,204.0,5.6,,,,-0.301,0.875,1.176,finalized,Open-Meteo ERA5,Open-Meteo ERA5-Ocean,NOAA CO-OPS 8729678 Navarre Beach predictions,2026-08-08T15:57:33.641686-05:00
2021-02-01,55.6,42.2,0.0,18.2,34.4,327.0,6.955,320.0,5.3,,,,-0.097,0.614,0.711,finalized,Open-Meteo ERA5,Open-Meteo ERA5-Ocean,NOAA CO-OPS 8729678 Navarre Beach predictions,2026-08-08T15:57:33.641686-05:00
2021-02-02,55.4,34.1,0.0,12.2,23.5,326.0,5.971,333.0,5.0,,,,0.077,0.446,0.369,finalized,Open-Meteo ERA5,Open-Meteo ERA5-Ocean,NOAA CO-OPS 8729678 Navarre Beach predictions,2026-08-08T15:57:33.641686-05:00
2021-02-03,60.8,33.7,0.0,8.4,16.1,327.0,3.215,344.0,3.9,,,,0.177,0.683,0.506,finalized,Open-Meteo ERA5,Open-Meteo ERA5-Ocean,NOAA CO-OPS 8729678 Navarre Beach predictions,2026-08-08T15:57:33.641686-05:00
2021-02-04,64.6,35.6,0.0,14.7,28.0,163.0,4.331,175.0,4.95,,,,-0.048,0.926,0.974,finalized,Open-Meteo ERA5,Open-Meteo ERA5-Ocean,NOAA CO-OPS 8729678 Navarre Beach predictions,2026-08-08T15:57:33.641686-05:00
2021-02-05,63.1,49.4,0.177,9.9,32.4,331.0,4.724,201.0,5.15,,,,-0.353,1.12,1.473,finalized,Open-Meteo ERA5,Open-Meteo ERA5-Ocean,NOAA CO-OPS 8729678 Navarre Beach predictions,2026-08-08T15:57:33.641686-05:00
2021-02-06,51.6,47.4,0.138,13.4,22.6,64.0,5.709,94.0,5.25,,,,-0.604,1.242,1.846,finalized,Open-Meteo ERA5,Open-Meteo ERA5-Ocean,NOAA CO-OPS 8729678 Navarre Beach predictions,2026-08-08T15:57:33.641686-05:00
2021-02-07,56.4,47.2,0.0,12.2,22.1,6.0,3.937,346.0,5.3,,,,-0.778,1.291,2.069,finalized,Open-Meteo ERA5,Open-Meteo ERA5-Ocean,NOAA CO-OPS 8729678 Navarre Beach predictions,2026-08-08T15:57:33.641686-05:00
2021-02-08,59.7,41.0,0.0,9.8,20.8,102.0,2.887,117.0,4.1,,,,-0.87,1.281,2.151,finalized,Open-Meteo ERA5,Open-Meteo ERA5-Ocean,NOAA CO-OPS 8729678 Navarre Beach predictions,2026-08-08T15:57:33.641686-05:00
2021-02-09,67.7,55.9,1.106,9.5,23.0,96.0,2.887,154.0,4.8,,,,-0.881,1.226,2.107,finalized,Open-Meteo ERA5,Open-Meteo ERA5-Ocean,NOAA CO-OPS 8729678 Navarre Beach predictions,2026-08-08T15:57:33.641686-05:00
2021-02-10,69.1,59.2,0.236,6.9,20.4,84.0,1.837,165.0,4.6,,,,-0.82,1.136,1.956,finalized,Open-Meteo ERA5,Open-Meteo ERA5-Ocean,NOAA CO-OPS 8729678 Navarre Beach predictions,2026-08-08T15:57:33.641686-05:00
2021-02-11,69.5,63.9,0.051,11.2,23.7,150.0,2.165,159.0,4.65,,,,-0.698,1.015,1.713,finalized,Open-Meteo ERA5,Open-Meteo ERA5-Ocean,NOAA CO-OPS 8729678 Navarre Beach predictions,2026-08-08T15:57:33.641686-05:00
2021-02-12,64.9,55.8,0.35,10.9,22.4,13.0,2.756,86.0,4.7,,,,-0.528,0.869,1.397,finalized,Open-Meteo ERA5,Open-Meteo ERA5-Ocean,NOAA CO-OPS 8729678 Navarre Beach predictions,2026-08-08T15:57:33.641686-05:00
2021-02-13,55.7,48.4,1.091,13.2,27.3,5.0,4.593,19.0,4.7,,,,-0.323,0.705,1.028,finalized,Open-Meteo ERA5,Open-Meteo ERA5-Ocean,NOAA CO-OPS 8729678 Navarre Beach predictions,2026-08-08T15:57:33.641686-05:00
2021-02-14,55.5,47.1,0.0,11.8,24.4,16.0,4.396,34.0,4.5,,,,-0.159,0.527,0.686,finalized,Open-Meteo ERA5,Open-Meteo ERA5-Ocean,NOAA CO-OPS 8729678 Navarre Beach predictions,2026-08-08T15:57:33.641686-05:00
2021-02-15,65.2,37.9,0.437,21.8,45.9,141.0,5.906,183.0,5.35,,,,-0.025,0.344,0.369,finalized,Open-Meteo ERA5,Open-Meteo ERA5-Ocean,NOAA CO-OPS 8729678 Navarre Beach predictions,2026-08-08T15:57:33.641686-05:00
2021-02-16,42.5,27.0,0.0,12.5,23.3,330.0,5.512,285.0,5.35,,,,0.077,0.373,0.296,finalized,Open-Meteo ERA5,Open-Meteo ERA5-Ocean,NOAA CO-OPS 8729678 Navarre Beach predictions,2026-08-08T15:57:33.641686-05:00
2021-02-17,59.7,30.9,0.0,15.4,26.8,77.0,6.299,85.0,5.4,,,,0.112,0.562,0.45,finalized,Open-Meteo ERA5,Open-Meteo ERA5-Ocean,NOAA CO-OPS 8729678 Navarre Beach predictions,2026-08-08T15:57:33.641686-05:00
2021-02-18,64.3,47.6,1.114,18.2,36.9,351.0,7.283,167.0,6.35,,,,-0.013,0.717,0.73,finalized,Open-Meteo ERA5,Open-Meteo ERA5-Ocean,NOAA CO-OPS 8729678 Navarre Beach predictions,2026-08-08T15:57:33.641686-05:00
2021-02-19,53.4,38.6,0.173,14.1,28.4,342.0,5.643,342.0,5.1,,,,-0.167,0.836,1.003,finalized,Open-Meteo ERA5,Open-Meteo ERA5-Ocean,NOAA CO-OPS 8729678 Navarre Beach predictions,2026-08-08T15:57:33.641686-05:00
2021-02-20,61.3,33.7,0.0,10.0,18.3,19.0,4.199,21.0,4.35,,,,-0.3,0.927,1.227,finalized,Open-Meteo ERA5,Open-Meteo ERA5-Ocean,NOAA CO-OPS 8729678 Navarre Beach predictions,2026-08-08T15:57:33.641686-05:00
2021-02-21,63.4,40.9,0.0,11.8,23.0,107.0,4.462,112.0,4.8,,,,-0.41,1.0,1.41,finalized,Open-Meteo ERA5,Open-Meteo ERA5-Ocean,NOAA CO-OPS 8729678 Navarre Beach predictions,2026-08-08T15:57:33.641686-05:00
2021-02-22,75.0,56.9,0.031,12.2,23.5,264.0,3.478,146.0,5.45,,,,-0.495,1.067,1.5619999999999998,finalized,Open-Meteo ERA5,Open-Meteo ERA5-Ocean,NOAA CO-OPS 8729678 Navarre Beach predictions,2026-08-08T15:57:33.641686-05:00
2021-02-23,69.9,42.0,0.0,7.4,12.8,323.0,2.953,119.0,5.4,,,,-0.552,1.125,1.677,finalized,Open-Meteo ERA5,Open-Meteo ERA5-Ocean,NOAA CO-OPS 8729678 Navarre Beach predictions,2026-08-08T15:57:33.641686-05:00
2021-02-24,71.9,42.5,0.0,8.2,17.7,197.0,1.181,166.0,4.7,,,,-0.57,1.163,1.733,finalized,Open-Meteo ERA5,Open-Meteo ERA5-Ocean,NOAA CO-OPS 8729678 Navarre Beach predictions,2026-08-08T15:57:33.641686-05:00
2021-02-25,77.8,60.5,0.0,5.5,10.5,229.0,1.115,167.0,3.45,,,,-0.536,1.161,1.697,finalized,Open-Meteo ERA5,Open-Meteo ERA5-Ocean,NOAA CO-OPS 8729678 Navarre Beach predictions,2026-08-08T15:57:33.641686-05:00
2021-02-26,76.8,61.0,0.012,11.8,23.9,186.0,2.165,170.0,3.55,,,,-0.436,1.097,1.533,finalized,Open-Meteo ERA5,Open-Meteo ERA5-Ocean,NOAA CO-OPS 8729678 Navarre Beach predictions,2026-08-08T15:57:33.641686-05:00
2021-02-27,74.0,64.4,0.059,12.1,24.8,150.0,3.215,162.0,4.35,,,,-0.266,0.961,1.227,finalized,Open-Meteo ERA5,Open-Meteo ERA5-Ocean,NOAA CO-OPS 8729678 Navarre Beach predictions,2026-08-08T15:57:33.641686-05:00
2021-02-28,77.9,67.9,0.059,14.7,28.0,166.0,3.412,164.0,5.55,,,,-0.064,0.759,0.823,finalized,Open-Meteo ERA5,Open-Meteo ERA5-Ocean,NOAA CO-OPS 8729678 Navarre Beach predictions,2026-08-08T15:57:33.641686-05:00
2021-03-01,74.7,60.6,0.531,16.1,29.5,187.0,4.987,140.0,5.55,,,,0.09,0.362,0.272,finalized,Open-Meteo ERA5,Open-Meteo ERA5-Ocean,NOAA CO-OPS 8729678 Navarre Beach predictions,2026-08-08T15:57:33.641686-05:00
2021-03-02,60.4,48.8,0.902,14.7,31.5,36.0,4.79,68.0,4.7,,,,0.031,0.601,0.57,finalized,Open-Meteo ERA5,Open-Meteo ERA5-Ocean,NOAA CO-OPS 8729678 Navarre Beach predictions,2026-08-08T15:57:33.641686-05:00
2021-03-03,62.2,46.6,0.0,14.3,25.7,352.0,4.724,359.0,4.55,,,,-0.121,0.874,0.995,finalized,Open-Meteo ERA5,Open-Meteo ERA5-Ocean,NOAA CO-OPS 8729678 Navarre Beach predictions,2026-08-08T15:57:33.641686-05:00
2021-03-04,72.7,44.9,0.0,8.1,16.3,336.0,1.969,340.0,3.4,,,,1.093,1.093,0.0,finalized,Open-Meteo ERA5,Open-Meteo ERA5-Ocean,NOAA CO-OPS 8729678 Navarre Beach predictions,2026-08-08T15:57:33.641686-05:00
2021-03-05,71.3,46.8,0.024,9.9,19.5,68.0,2.297,71.0,3.55,,,,-0.359,1.234,1.593,finalized,Open-Meteo ERA5,Open-Meteo ERA5-Ocean,NOAA CO-OPS 8729678 Navarre Beach predictions,2026-08-08T15:57:33.641686-05:00
2021-03-06,68.8,53.4,0.189,11.0,19.0,18.0,3.215,39.0,3.9,,,,-0.532,1.294,1.826,finalized,Open-Meteo ERA5,Open-Meteo ERA5-Ocean,NOAA CO-OPS 8729678 Navarre Beach predictions,2026-08-08T15:57:33.641686-05:00
2021-03-07,68.5,46.7,0.0,9.7,19.5,21.0,3.675,43.0,4.0,,,,-0.63,1.29,1.92,finalized,Open-Meteo ERA5,Open-Meteo ERA5-Ocean,NOAA CO-OPS 8729678 Navarre Beach predictions,2026-08-08T15:57:33.641686-05:00
2021-03-08,68.1,43.5,0.0,8.1,15.9,90.0,2.1,85.0,4.6,,,,-0.652,1.242,1.894,finalized,Open-Meteo ERA5,Open-Meteo ERA5-Ocean,NOAA CO-OPS 8729678 Navarre Beach predictions,2026-08-08T15:57:33.641686-05:00
2021-03-09,68.9,41.2,0.0,8.5,18.6,117.0,2.625,123.0,4.6,,,,-0.605,1.168,1.773,finalized,Open-Meteo ERA5,Open-Meteo ERA5-Ocean,NOAA CO-OPS 8729678 Navarre Beach predictions,2026-08-08T15:57:33.641686-05:00
2021-03-10,70.8,50.8,0.0,14.0,27.3,131.0,4.134,136.0,5.4,,,,-0.5,1.073,1.573,finalized,Open-Meteo ERA5,Open-Meteo ERA5-Ocean,NOAA CO-OPS 8729678 Navarre Beach predictions,2026-08-08T15:57:33.641686-05:00
2021-03-11,73.3,52.4,0.0,12.7,26.2,134.0,3.74,141.0,5.5,,,,-0.347,0.955,1.302,finalized,Open-Meteo ERA5,Open-Meteo ERA5-Ocean,NOAA CO-OPS 8729678 Navarre Beach predictions,2026-08-08T15:57:33.641686-05:00
2021-03-12,76.0,53.9,0.0,7.7,16.8,138.0,3.084,144.0,5.55,,,,-0.161,0.814,0.975,finalized,Open-Meteo ERA5,Open-Meteo ERA5-Ocean,NOAA CO-OPS 8729678 Navarre Beach predictions,2026-08-08T15:57:33.641686-05:00
2021-03-13,76.0,57.8,0.0,8.1,16.8,191.0,1.772,147.0,5.3,,,,0.003,0.661,0.658,finalized,Open-Meteo ERA5,Open-Meteo ERA5-Ocean,NOAA CO-OPS 8729678 Navarre Beach predictions,2026-08-08T15:57:33.641686-05:00
2021-03-14,75.1,55.5,0.0,8.1,18.3,150.0,2.034,149.0,4.75,,,,0.056,0.288,0.2319999999999999,finalized,Open-Meteo ERA5,Open-Meteo ERA5-Ocean,NOAA CO-OPS 8729678 Navarre Beach predictions,2026-08-08T15:57:33.641686-05:00
2021-03-15,73.9,63.0,0.031,13.9,27.1,165.0,2.559,164.0,4.25,,,,0.026,0.507,0.481,finalized,Open-Meteo ERA5,Open-Meteo ERA5-Ocean,NOAA CO-OPS 8729678 Navarre Beach predictions,2026-08-08T15:57:33.641686-05:00
2021-03-16,79.6,69.0,0.087,14.2,28.6,184.0,2.953,170.0,5.0,,,,-0.005,0.656,0.661,finalized,Open-Meteo ERA5,Open-Meteo ERA5-Ocean,NOAA CO-OPS 8729678 Navarre Beach predictions,2026-08-08T15:57:33.641686-05:00
2021-03-17,78.4,70.5,0.075,18.8,34.4,169.0,5.381,174.0,5.8,,,,-0.038,0.812,0.8500000000000001,finalized,Open-Meteo ERA5,Open-Meteo ERA5-Ocean,NOAA CO-OPS 8729678 Navarre Beach predictions,2026-08-08T15:57:33.641686-05:00
2021-03-18,72.6,57.3,0.528,16.2,35.6,256.0,6.627,224.0,6.0,,,,-0.095,0.933,1.028,finalized,Open-Meteo ERA5,Open-Meteo ERA5-Ocean,NOAA CO-OPS 8729678 Navarre Beach predictions,2026-08-08T15:57:33.641686-05:00
2021-03-19,58.5,51.6,0.0,13.0,21.9,335.0,5.315,312.0,5.05,,,,1.022,1.022,0.0,finalized,Open-Meteo ERA5,Open-Meteo ERA5-Ocean,NOAA CO-OPS 8729678 Navarre Beach predictions,2026-08-08T15:57:33.641686-05:00
2021-03-20,63.8,53.5,0.0,12.4,25.1,39.0,3.412,48.0,4.2,,,,-0.168,1.085,1.253,finalized,Open-Meteo ERA5,Open-Meteo ERA5-Ocean,NOAA CO-OPS 8729678 Navarre Beach predictions,2026-08-08T15:57:33.641686-05:00
2021-03-21,70.7,47.0,0.0,9.8,20.1,49.0,3.675,70.0,4.35,,,,-0.228,1.134,1.362,finalized,Open-Meteo ERA5,Open-Meteo ERA5-Ocean,NOAA CO-OPS 8729678 Navarre Beach predictions,2026-08-08T15:57:33.641686-05:00
2021-03-22,73.5,55.6,0.0,9.2,19.7,78.0,2.625,76.0,3.65,,,,-0.27,1.177,1.447,finalized,Open-Meteo ERA5,Open-Meteo ERA5-Ocean,NOAA CO-OPS 8729678 Navarre Beach predictions,2026-08-08T15:57:33.641686-05:00
2021-03-23,69.6,58.9,0.547,18.1,32.2,136.0,4.724,152.0,5.3,,,,-0.288,1.211,1.499,finalized,Open-Meteo ERA5,Open-Meteo ERA5-Ocean,NOAA CO-OPS 8729678 Navarre Beach predictions,2026-08-08T15:57:33.641686-05:00
2021-03-24,71.7,61.5,0.193,13.8,25.9,139.0,4.462,171.0,5.6,,,,-0.268,1.222,1.49,finalized,Open-Meteo ERA5,Open-Meteo ERA5-Ocean,NOAA CO-OPS 8729678 Navarre Beach predictions,2026-08-08T15:57:33.641686-05:00
2021-03-25,77.2,67.6,0.067,20.5,39.1,171.0,7.546,177.0,7.05,,,,-0.196,1.188,1.384,finalized,Open-Meteo ERA5,Open-Meteo ERA5-Ocean,NOAA CO-OPS 8729678 Navarre Beach predictions,2026-08-08T15:57:33.641686-05:00
2021-03-26,79.6,72.8,0.197,11.3,20.8,198.0,6.234,185.0,7.05,,,,-0.062,1.099,1.161,finalized,Open-Meteo ERA5,Open-Meteo ERA5-Ocean,NOAA CO-OPS 8729678 Navarre Beach predictions,2026-08-08T15:57:33.641686-05:00
2021-03-27,76.8,71.0,0.0,12.8,27.3,156.0,3.543,173.0,6.25,,,,0.12,0.958,0.838,finalized,Open-Meteo ERA5,Open-Meteo ERA5-Ocean,NOAA CO-OPS 8729678 Navarre Beach predictions,2026-08-08T15:57:33.641686-05:00
2021-03-28,79.9,61.2,0.209,14.3,29.1,252.0,3.806,180.0,5.45,,,,0.199,0.785,0.5860000000000001,finalized,Open-Meteo ERA5,Open-Meteo ERA5-Ocean,NOAA CO-OPS 8729678 Navarre Beach predictions,2026-08-08T15:57:33.641686-05:00
2021-03-29,73.0,54.5,0.0,10.3,19.2,37.0,3.937,44.0,4.4,,,,0.058,0.75,0.692,finalized,Open-Meteo ERA5,Open-Meteo ERA5-Ocean,NOAA CO-OPS 8729678 Navarre Beach predictions,2026-08-08T15:57:33.641686-05:00
2021-03-30,77.2,60.7,0.012,12.5,25.1,143.0,2.625,132.0,4.1,,,,-0.077,1.032,1.109,finalized,Open-Meteo ERA5,Open-Meteo ERA5-Ocean,NOAA CO-OPS 8729678 Navarre Beach predictions,2026-08-08T15:57:33.641686-05:00
2021-03-31,79.2,58.9,0.248,15.8,30.4,198.0,4.331,159.0,4.25,,,,-0.2,1.275,1.475,finalized,Open-Meteo ERA5,Open-Meteo ERA5-Ocean,NOAA CO-OPS 8729678 Navarre Beach predictions,2026-08-08T15:57:33.641686-05:00
2021-04-01,63.2,48.7,0.0,18.8,35.6,358.0,8.202,2.0,5.55,,,,-0.351,1.444,1.795,finalized,Open-Meteo ERA5,Open-Meteo ERA5-Ocean,NOAA CO-OPS 8729678 Navarre Beach predictions,2026-08-08T15:57:33.641686-05:00
2021-04-02,63.7,41.5,0.0,13.5,28.0,23.0,5.381,31.0,4.8,,,,1.523,1.523,0.0,finalized,Open-Meteo ERA5,Open-Meteo ERA5-Ocean,NOAA CO-OPS 8729678 Navarre Beach predictions,2026-08-08T15:57:33.641686-05:00
2021-04-03,64.0,45.1,0.0,10.0,19.9,104.0,2.822,96.0,4.95,,,,-0.44,1.518,1.958,finalized,Open-Meteo ERA5,Open-Meteo ERA5-Ocean,NOAA CO-OPS 8729678 Navarre Beach predictions,2026-08-08T15:57:33.641686-05:00
2021-04-04,70.2,44.5,0.0,6.8,13.9,116.0,1.903,112.0,4.95,,,,-0.453,1.449,1.902,finalized,Open-Meteo ERA5,Open-Meteo ERA5-Ocean,NOAA CO-OPS 8729678 Navarre Beach predictions,2026-08-08T15:57:33.641686-05:00
2021-04-05,74.5,46.5,0.0,7.8,14.5,213.0,1.247,131.0,4.8,,,,-0.396,1.34,1.7360000000000002,finalized,Open-Meteo ERA5,Open-Meteo ERA5-Ocean,NOAA CO-OPS 8729678 Navarre Beach predictions,2026-08-08T15:57:33.641686-05:00
2021-04-06,75.1,54.4,0.0,9.6,19.9,176.0,1.378,151.0,3.75,,,,-0.281,1.21,1.491,finalized,Open-Meteo ERA5,Open-Meteo ERA5-Ocean,NOAA CO-OPS 8729678 Navarre Beach predictions,2026-08-08T15:57:33.641686-05:00
2021-04-07,77.0,57.9,0.0,11.7,21.5,165.0,3.346,159.0,3.95,,,,-0.119,1.072,1.191,finalized,Open-Meteo ERA5,Open-Meteo ERA5-Ocean,NOAA CO-OPS 8729678 Navarre Beach predictions,2026-08-08T15:57:33.641686-05:00
2021-04-08,77.7,67.5,0.154,17.2,32.0,197.0,3.412,173.0,4.65,,,,0.072,0.941,0.869,finalized,Open-Meteo ERA5,Open-Meteo ERA5-Ocean,NOAA CO-OPS 8729678 Navarre Beach predictions,2026-08-08T15:57:33.641686-05:00
2021-04-09,71.9,68.5,0.795,13.8,26.4,149.0,3.478,173.0,4.8,,,,0.24,0.808,0.5680000000000001,finalized,Open-Meteo ERA5,Open-Meteo ERA5-Ocean,NOAA CO-OPS 8729678 Navarre Beach predictions,2026-08-08T15:57:33.641686-05:00
2021-04-10,71.3,65.1,1.268,15.8,48.3,209.0,5.774,180.0,6.35,,,,0.278,0.679,0.401,finalized,Open-Meteo ERA5,Open-Meteo ERA5-Ocean,NOAA CO-OPS 8729678 Navarre Beach predictions,2026-08-08T15:57:33.641686-05:00
2021-04-11,77.0,64.7,0.173,9.4,22.4,277.0,3.871,188.0,6.25,,,,0.168,0.719,0.5509999999999999,finalized,Open-Meteo ERA5,Open-Meteo ERA5-Ocean,NOAA CO-OPS 8729678 Navarre Beach predictions,2026-08-08T15:57:33.641686-05:00
2021-04-12,80.8,55.9,0.0,9.3,17.9,293.0,3.084,175.0,6.0,,,,0.067,0.894,0.827,finalized,Open-Meteo ERA5,Open-Meteo ERA5-Ocean,NOAA CO-OPS 8729678 Navarre Beach predictions,2026-08-08T15:57:33.641686-05:00
2021-04-13,81.6,55.5,0.0,8.9,18.1,136.0,2.362,162.0,5.95,,,,-0.015,1.043,1.0579999999999998,finalized,Open-Meteo ERA5,Open-Meteo ERA5-Ocean,NOAA CO-OPS 8729678 Navarre Beach predictions,2026-08-08T15:57:33.641686-05:00
2021-04-14,75.1,59.8,0.098,17.5,22.4,156.0,3.412,168.0,4.85,,,,-0.07,1.161,1.231,finalized,Open-Meteo ERA5,Open-Meteo ERA5-Ocean,NOAA CO-OPS 8729678 Navarre Beach predictions,2026-08-08T15:57:33.641686-05:00
2021-04-15,69.7,63.3,1.071,9.5,33.3,353.0,3.412,172.0,5.05,,,,-0.1,1.25,1.35,finalized,Open-Meteo ERA5,Open-Meteo ERA5-Ocean,NOAA CO-OPS 8729678 Navarre Beach predictions,2026-08-08T15:57:33.641686-05:00
2021-04-16,67.8,59.5,1.118,8.7,17.7,51.0,3.281,112.0,4.95,,,,-0.117,1.313,1.43,finalized,Open-Meteo ERA5,Open-Meteo ERA5-Ocean,NOAA CO-OPS 8729678 Navarre Beach predictions,2026-08-08T15:57:33.641686-05:00
2021-04-17,68.8,61.6,1.11,7.0,20.1,27.0,2.428,118.0,4.2,,,,-0.126,1.357,1.483,finalized,Open-Meteo ERA5,Open-Meteo ERA5-Ocean,NOAA CO-OPS 8729678 Navarre Beach predictions,2026-08-08T15:57:33.641686-05:00
2021-04-18,74.2,61.6,0.378,8.4,23.9,336.0,2.034,180.0,5.25,,,,1.387,1.387,0.0,finalized,Open-Meteo ERA5,Open-Meteo ERA5-Ocean,NOAA CO-OPS 8729678 Navarre Beach predictions,2026-08-08T15:57:33.641686-05:00
2021-04-19,75.0,56.3,0.0,10.3,19.0,346.0,3.806,358.0,5.3,,,,-0.12,1.4,1.52,finalized,Open-Meteo ERA5,Open-Meteo ERA5-Ocean,NOAA CO-OPS 8729678 Navarre Beach predictions,2026-08-08T15:57:33.641686-05:00
2021-04-20,78.0,59.8,0.0,7.9,12.5,307.0,1.509,151.0,5.0,,,,-0.09,1.388,1.478,finalized,Open-Meteo ERA5,Open-Meteo ERA5-Ocean,NOAA CO-OPS 8729678 Navarre Beach predictions,2026-08-08T15:57:33.641686-05:00
2021-04-21,73.5,55.4,0.0,13.3,26.8,328.0,3.346,315.0,4.0,,,,-0.023,1.338,1.361,finalized,Open-Meteo ERA5,Open-Meteo ERA5-Ocean,NOAA CO-OPS 8729678 Navarre Beach predictions,2026-08-08T15:57:33.641686-05:00
2021-04-22,68.3,47.9,0.0,11.9,22.8,43.0,4.331,42.0,4.4,,,,0.093,1.233,1.14,finalized,Open-Meteo ERA5,Open-Meteo ERA5-Ocean,NOAA CO-OPS 8729678 Navarre Beach predictions,2026-08-08T15:57:33.641686-05:00
2021-04-23,71.7,53.2,0.0,14.1,25.3,110.0,4.462,111.0,4.55,,,,0.257,1.079,0.822,finalized,Open-Meteo ERA5,Open-Meteo ERA5-Ocean,NOAA CO-OPS 8729678 Navarre Beach predictions,2026-08-08T15:57:33.641686-05:00
2021-04-24,80.9,68.9,0.559,18.6,39.6,212.0,6.43,181.0,5.9,,,,0.443,0.933,0.49,finalized,Open-Meteo ERA5,Open-Meteo ERA5-Ocean,NOAA CO-OPS 8729678 Navarre Beach predictions,2026-08-08T15:57:33.641686-05:00
2021-04-25,79.8,58.9,0.0,13.2,22.6,347.0,5.184,276.0,5.55,,,,0.307,0.95,0.643,finalized,Open-Meteo ERA5,Open-Meteo ERA5-Ocean,NOAA CO-OPS 8729678 Navarre Beach predictions,2026-08-08T15:57:33.641686-05:00
2021-04-26,78.7,56.7,0.0,6.7,15.0,102.0,1.969,130.0,5.2,,,,0.061,1.189,1.128,finalized,Open-Meteo ERA5,Open-Meteo ERA5-Ocean,NOAA CO-OPS 8729678 Navarre Beach predictions,2026-08-08T15:57:33.641686-05:00
2021-04-27,78.7,61.9,0.0,13.9,28.4,139.0,2.297,139.0,4.25,,,,-0.151,1.449,1.6,finalized,Open-Meteo ERA5,Open-Meteo ERA5-Ocean,NOAA CO-OPS 8729678 Navarre Beach predictions,2026-08-08T15:57:33.641686-05:00
2021-04-28,79.6,67.9,0.0,11.3,23.7,147.0,2.362,144.0,4.6,,,,-0.313,1.653,1.966,finalized,Open-Meteo ERA5,Open-Meteo ERA5-Ocean,NOAA CO-OPS 8729678 Navarre Beach predictions,2026-08-08T15:57:33.641686-05:00
2021-04-29,80.9,69.5,0.051,9.2,22.4,181.0,2.69,156.0,5.15,,,,-0.419,1.775,2.194,finalized,Open-Meteo ERA5,Open-Meteo ERA5-Ocean,NOAA CO-OPS 8729678 Navarre Beach predictions,2026-08-08T15:57:33.641686-05:00
2021-04-30,83.5,69.2,0.177,8.3,14.5,322.0,2.297,164.0,5.15,,,,-0.446,1.806,2.252,finalized,Open-Meteo ERA5,Open-Meteo ERA5-Ocean,NOAA CO-OPS 8729678 Navarre Beach predictions,2026-08-08T15:57:33.641686-05:00
2021-05-01,81.4,63.6,0.0,7.6,18.1,37.0,2.165,90.0,4.2,,,,1.756,1.756,0.0,finalized,Open-Meteo ERA5,Open-Meteo ERA5-Ocean,NOAA CO-OPS 8729678 Navarre Beach predictions,2026-08-08T15:57:33.641686-05:00
2021-05-02,76.9,66.7,0.402,13.1,24.6,158.0,2.625,160.0,4.2,,,,-0.392,1.643,2.035,finalized,Open-Meteo ERA5,Open-Meteo ERA5-Ocean,NOAA CO-OPS 8729678 Navarre Beach predictions,2026-08-08T15:57:33.641686-05:00
2021-05-03,84.1,71.6,0.386,14.6,30.4,181.0,3.871,180.0,5.6,,,,-0.27,1.487,1.757,finalized,Open-Meteo ERA5,Open-Meteo ERA5-Ocean,NOAA CO-OPS 8729678 Navarre Beach predictions,2026-08-08T15:57:33.641686-05:00
2021-05-04,84.0,72.0,0.157,15.7,33.1,184.0,4.003,181.0,6.25,,,,-0.093,1.305,1.398,finalized,Open-Meteo ERA5,Open-Meteo ERA5-Ocean,NOAA CO-OPS 8729678 Navarre Beach predictions,2026-08-08T15:57:33.641686-05:00
2021-05-05,77.8,70.5,0.173,11.6,26.2,205.0,3.74,180.0,6.4,,,,0.117,1.106,0.989,finalized,Open-Meteo ERA5,Open-Meteo ERA5-Ocean,NOAA CO-OPS 8729678 Navarre Beach predictions,2026-08-08T15:57:33.641686-05:00
2021-05-06,82.1,66.6,0.0,8.9,19.2,355.0,3.018,171.0,6.25,,,,0.319,0.899,0.5800000000000001,finalized,Open-Meteo ERA5,Open-Meteo ERA5-Ocean,NOAA CO-OPS 8729678 Navarre Beach predictions,2026-08-08T15:57:33.641686-05:00
2021-05-07,81.0,55.6,0.0,9.1,18.1,334.0,2.625,214.0,5.55,,,,0.465,0.826,0.3609999999999999,finalized,Open-Meteo ERA5,Open-Meteo ERA5-Ocean,NOAA CO-OPS 8729678 Navarre Beach predictions,2026-08-08T15:57:33.641686-05:00
2021-05-08,77.8,58.0,0.0,8.7,14.8,129.0,1.969,87.0,3.65,,,,0.423,0.935,0.512,finalized,Open-Meteo ERA5,Open-Meteo ERA5-Ocean,NOAA CO-OPS 8729678 Navarre Beach predictions,2026-08-08T15:57:33.641686-05:00
2021-05-09,80.9,64.5,0.0,12.8,25.9,182.0,2.231,168.0,4.35,,,,0.246,1.076,0.8300000000000001,finalized,Open-Meteo ERA5,Open-Meteo ERA5-Ocean,NOAA CO-OPS 8729678 Navarre Beach predictions,2026-08-08T15:57:33.641686-05:00
2021-05-10,76.5,71.5,0.748,8.6,18.3,212.0,2.165,171.0,4.35,,,,0.089,1.226,1.137,finalized,Open-Meteo ERA5,Open-Meteo ERA5-Ocean,NOAA CO-OPS 8729678 Navarre Beach predictions,2026-08-08T15:57:33.641686-05:00
2021-05-11,78.7,68.5,0.508,6.6,16.3,127.0,1.706,171.0,4.25,,,,-0.034,1.342,1.376,finalized,Open-Meteo ERA5,Open-Meteo ERA5-Ocean,NOAA CO-OPS 8729678 Navarre Beach predictions,2026-08-08T15:57:33.641686-05:00
2021-05-12,79.7,68.0,0.634,10.9,29.1,17.0,1.706,157.0,4.35,,,,-0.117,1.426,1.543,finalized,Open-Meteo ERA5,Open-Meteo ERA5-Ocean,NOAA CO-OPS 8729678 Navarre Beach predictions,2026-08-08T15:57:33.641686-05:00
2021-05-13,74.1,58.9,0.02,12.7,23.5,41.0,3.871,62.0,4.25,,,,-0.16,1.485,1.645,finalized,Open-Meteo ERA5,Open-Meteo ERA5-Ocean,NOAA CO-OPS 8729678 Navarre Beach predictions,2026-08-08T15:57:33.641686-05:00
2021-05-14,77.9,58.4,0.0,7.1,18.3,47.0,1.772,79.0,3.8,,,,-0.171,1.528,1.699,finalized,Open-Meteo ERA5,Open-Meteo ERA5-Ocean,NOAA CO-OPS 8729678 Navarre Beach predictions,2026-08-08T15:57:33.641686-05:00
2021-05-15,78.8,59.9,0.0,9.0,19.0,82.0,3.018,105.0,5.0,,,,-0.158,1.563,1.721,finalized,Open-Meteo ERA5,Open-Meteo ERA5-Ocean,NOAA CO-OPS 8729678 Navarre Beach predictions,2026-08-08T15:57:33.641686-05:00
2021-05-16,79.5,61.3,0.0,11.2,21.7,117.0,3.806,121.0,4.95,,,,-0.121,1.588,1.709,finalized,Open-Meteo ERA5,Open-Meteo ERA5-Ocean,NOAA CO-OPS 8729678 Navarre Beach predictions,2026-08-08T15:57:33.641686-05:00
2021-05-17,79.8,63.0,0.0,14.6,26.8,133.0,4.199,131.0,4.85,,,,-0.052,1.592,1.644,finalized,Open-Meteo ERA5,Open-Meteo ERA5-Ocean,NOAA CO-OPS 8729678 Navarre Beach predictions,2026-08-08T15:57:33.641686-05:00
2021-05-18,80.0,70.3,0.016,18.2,33.6,126.0,6.299,132.0,5.6,,,,1.555,1.555,0.0,finalized,Open-Meteo ERA5,Open-Meteo ERA5-Ocean,NOAA CO-OPS 8729678 Navarre Beach predictions,2026-08-08T15:57:33.641686-05:00
2021-05-19,82.1,72.2,0.0,18.1,34.2,112.0,7.283,126.0,6.3,,,,0.058,1.457,1.399,finalized,Open-Meteo ERA5,Open-Meteo ERA5-Ocean,NOAA CO-OPS 8729678 Navarre Beach predictions,2026-08-08T15:57:33.641686-05:00
2021-05-20,81.3,70.9,0.0,16.7,34.7,111.0,7.546,126.0,6.55,,,,0.214,1.282,1.068,finalized,Open-Meteo ERA5,Open-Meteo ERA5-Ocean,NOAA CO-OPS 8729678 Navarre Beach predictions,2026-08-08T15:57:33.641686-05:00
2021-05-21,81.4,69.7,0.0,16.2,31.8,111.0,7.546,128.0,7.45,,,,0.402,1.029,0.6269999999999999,finalized,Open-Meteo ERA5,Open-Meteo ERA5-Ocean,NOAA CO-OPS 8729678 Navarre Beach predictions,2026-08-08T15:57:33.641686-05:00
2021-05-22,81.0,69.6,0.0,12.7,25.5,114.0,5.512,130.0,7.45,,,,0.587,1.056,0.4690000000000001,finalized,Open-Meteo ERA5,Open-Meteo ERA5-Ocean,NOAA CO-OPS 8729678 Navarre Beach predictions,2026-08-08T15:57:33.641686-05:00
2021-05-23,82.5,63.9,0.0,6.5,14.3,142.0,3.281,137.0,6.25,,,,0.351,1.234,0.883,finalized,Open-Meteo ERA5,Open-Meteo ERA5-Ocean,NOAA CO-OPS 8729678 Navarre Beach predictions,2026-08-08T15:57:33.641686-05:00
2021-05-24,85.2,66.0,0.0,8.0,17.2,229.0,2.034,145.0,5.65,,,,0.027,1.471,1.4440000000000002,finalized,Open-Meteo ERA5,Open-Meteo ERA5-Ocean,NOAA CO-OPS 8729678 Navarre Beach predictions,2026-08-08T15:57:33.641686-05:00
2021-05-25,85.6,63.5,0.0,8.6,18.3,189.0,1.378,149.0,5.0,,,,-0.246,1.703,1.949,finalized,Open-Meteo ERA5,Open-Meteo ERA5-Ocean,NOAA CO-OPS 8729678 Navarre Beach predictions,2026-08-08T15:57:33.641686-05:00
2021-05-26,84.2,68.5,0.0,9.2,18.6,196.0,1.509,155.0,4.55,,,,-0.438,1.871,2.309,finalized,Open-Meteo ERA5,Open-Meteo ERA5-Ocean,NOAA CO-OPS 8729678 Navarre Beach predictions,2026-08-08T15:57:33.641686-05:00
2021-05-27,84.5,67.8,0.0,11.3,20.6,211.0,1.903,164.0,4.55,,,,-0.534,1.955,2.489,finalized,Open-Meteo ERA5,Open-Meteo ERA5-Ocean,NOAA CO-OPS 8729678 Navarre Beach predictions,2026-08-08T15:57:33.641686-05:00
2021-05-28,84.0,71.3,0.063,13.8,28.4,218.0,2.362,190.0,3.95,,,,-0.534,1.953,2.487,finalized,Open-Meteo ERA5,Open-Meteo ERA5-Ocean,NOAA CO-OPS 8729678 Navarre Beach predictions,2026-08-08T15:57:33.641686-05:00
2021-05-29,86.7,70.3,0.039,10.6,18.1,326.0,2.297,245.0,3.65,,,,-0.447,1.879,2.326,finalized,Open-Meteo ERA5,Open-Meteo ERA5-Ocean,NOAA CO-OPS 8729678 Navarre Beach predictions,2026-08-08T15:57:33.641686-05:00
2021-05-30,83.4,62.0,0.0,10.4,20.1,8.0,3.018,24.0,3.8,,,,-0.286,1.746,2.032,finalized,Open-Meteo ERA5,Open-Meteo ERA5-Ocean,NOAA CO-OPS 8729678 Navarre Beach predictions,2026-08-08T15:57:33.641686-05:00
2021-05-31,84.0,65.2,0.0,7.8,17.2,100.0,2.1,88.0,3.9,,,,1.573,1.573,0.0,finalized,Open-Meteo ERA5,Open-Meteo ERA5-Ocean,NOAA CO-OPS 8729678 Navarre Beach predictions,2026-08-08T15:57:33.641686-05:00
2021-06-01,84.0,66.2,0.0,11.4,24.2,136.0,2.625,124.0,4.3,,,,-0.073,1.37,1.443,finalized,Open-Meteo ERA5,Open-Meteo ERA5-Ocean,NOAA CO-OPS 8729678 Navarre Beach predictions,2026-08-08T15:57:33.641686-05:00
2021-06-02,85.5,70.0,0.0,9.2,21.5,165.0,2.165,141.0,4.5,,,,0.164,1.148,0.984,finalized,Open-Meteo ERA5,Open-Meteo ERA5-Ocean,NOAA CO-OPS 8729678 Navarre Beach predictions,2026-08-08T15:57:33.641686-05:00
2021-06-03,83.5,72.8,0.035,8.7,19.0,206.0,1.575,158.0,4.0,,,,0.508,0.917,0.409,finalized,Open-Meteo ERA5,Open-Meteo ERA5-Ocean,NOAA CO-OPS 8729678 Navarre Beach predictions,2026-08-08T15:57:33.641686-05:00
2021-06-04,85.0,72.0,0.02,5.1,16.1,248.0,1.05,168.0,3.55,,,,0.596,0.963,0.367,finalized,Open-Meteo ERA5,Open-Meteo ERA5-Ocean,NOAA CO-OPS 8729678 Navarre Beach predictions,2026-08-08T15:57:33.641686-05:00
2021-06-05,83.0,73.4,0.169,7.4,17.0,153.0,1.837,148.0,3.5,,,,0.42,1.095,0.675,finalized,Open-Meteo ERA5,Open-Meteo ERA5-Ocean,NOAA CO-OPS 8729678 Navarre Beach predictions,2026-08-08T15:57:33.641686-05:00
2021-06-06,84.1,77.4,0.327,16.5,32.0,151.0,3.543,154.0,4.55,,,,0.227,1.243,1.016,finalized,Open-Meteo ERA5,Open-Meteo ERA5-Ocean,NOAA CO-OPS 8729678 Navarre Beach predictions,2026-08-08T15:57:33.641686-05:00
2021-06-07,85.8,74.9,0.335,9.9,22.4,159.0,2.953,162.0,4.7,,,,0.056,1.378,1.3219999999999998,finalized,Open-Meteo ERA5,Open-Meteo ERA5-Ocean,NOAA CO-OPS 8729678 Navarre Beach predictions,2026-08-08T15:57:33.641686-05:00
2021-06-08,86.1,77.9,0.189,12.2,23.5,156.0,2.822,151.0,4.8,,,,-0.082,1.476,1.558,finalized,Open-Meteo ERA5,Open-Meteo ERA5-Ocean,NOAA CO-OPS 8729678 Navarre Beach predictions,2026-08-08T15:57:33.641686-05:00
2021-06-09,86.3,76.2,0.0,10.8,22.4,182.0,2.493,157.0,4.9,,,,-0.178,1.539,1.717,finalized,Open-Meteo ERA5,Open-Meteo ERA5-Ocean,NOAA CO-OPS 8729678 Navarre Beach predictions,2026-08-08T15:57:33.641686-05:00
2021-06-10,85.6,75.1,0.008,11.3,23.7,214.0,2.034,171.0,4.7,,,,-0.234,1.58,1.814,finalized,Open-Meteo ERA5,Open-Meteo ERA5-Ocean,NOAA CO-OPS 8729678 Navarre Beach predictions,2026-08-08T15:57:33.641686-05:00
2021-06-11,88.4,77.4,0.15,12.1,24.6,232.0,1.903,201.0,3.85,,,,-0.254,1.612,1.866,finalized,Open-Meteo ERA5,Open-Meteo ERA5-Ocean,NOAA CO-OPS 8729678 Navarre Beach predictions,2026-08-08T15:57:33.641686-05:00
2021-06-12,89.4,76.9,0.075,8.8,20.8,277.0,2.69,253.0,3.7,,,,-0.24,1.641,1.881,finalized,Open-Meteo ERA5,Open-Meteo ERA5-Ocean,NOAA CO-OPS 8729678 Navarre Beach predictions,2026-08-08T15:57:33.641686-05:00
2021-06-13,92.6,73.1,0.118,7.4,21.9,323.0,1.509,253.0,3.7,,,,-0.19,1.663,1.853,finalized,Open-Meteo ERA5,Open-Meteo ERA5-Ocean,NOAA CO-OPS 8729678 Navarre Beach predictions,2026-08-08T15:57:33.641686-05:00
2021-06-14,89.9,73.3,0.012,7.9,13.4,321.0,1.378,276.0,3.35,,,,-0.096,1.662,1.758,finalized,Open-Meteo ERA5,Open-Meteo ERA5-Ocean,NOAA CO-OPS 8729678 Navarre Beach predictions,2026-08-08T15:57:33.641686-05:00
2021-06-15,90.7,77.3,0.173,9.1,16.1,248.0,1.509,250.0,3.0,,,,0.047,1.615,1.568,finalized,Open-Meteo ERA5,Open-Meteo ERA5-Ocean,NOAA CO-OPS 8729678 Navarre Beach predictions,2026-08-08T15:57:33.641686-05:00
2021-06-16,89.7,76.2,0.0,7.4,15.4,303.0,1.706,221.0,4.0,,,,0.231,1.499,1.268,finalized,Open-Meteo ERA5,Open-Meteo ERA5-Ocean,NOAA CO-OPS 8729678 Navarre Beach predictions,2026-08-08T15:57:33.641686-05:00
2021-06-17,89.9,71.5,0.0,9.2,18.3,95.0,2.493,144.0,4.4,,,,0.429,1.299,0.8699999999999999,finalized,Open-Meteo ERA5,Open-Meteo ERA5-Ocean,NOAA CO-OPS 8729678 Navarre Beach predictions,2026-08-08T15:57:33.641686-05:00
2021-06-18,80.6,76.5,0.425,11.4,26.8,143.0,6.89,166.0,6.2,,,,0.602,1.023,0.4209999999999999,finalized,Open-Meteo ERA5,Open-Meteo ERA5-Ocean,NOAA CO-OPS 8729678 Navarre Beach predictions,2026-08-08T15:57:33.641686-05:00
2021-06-19,83.8,77.6,1.543,25.0,40.5,183.0,10.827,188.0,7.1,,,,0.635,1.142,0.5069999999999999,finalized,Open-Meteo ERA5,Open-Meteo ERA5-Ocean,NOAA CO-OPS 8729678 Navarre Beach predictions,2026-08-08T15:57:33.641686-05:00
2021-06-20,84.2,78.3,0.315,14.5,28.4,239.0,6.562,221.0,6.05,,,,0.289,1.349,1.06,finalized,Open-Meteo ERA5,Open-Meteo ERA5-Ocean,NOAA CO-OPS 8729678 Navarre Beach predictions,2026-08-08T15:57:33.641686-05:00
2021-06-21,82.2,76.9,0.677,13.1,26.4,216.0,3.478,212.0,4.75,,,,-0.045,1.583,1.628,finalized,Open-Meteo ERA5,Open-Meteo ERA5-Ocean,NOAA CO-OPS 8729678 Navarre Beach predictions,2026-08-08T15:57:33.641686-05:00
2021-06-22,83.8,74.9,1.457,11.3,28.2,241.0,3.609,205.0,4.8,,,,-0.32,1.788,2.108,finalized,Open-Meteo ERA5,Open-Meteo ERA5-Ocean,NOAA CO-OPS 8729678 Navarre Beach predictions,2026-08-08T15:57:33.641686-05:00
2021-06-23,85.8,74.3,0.283,7.1,17.7,187.0,2.362,196.0,4.8,,,,-0.507,1.926,2.433,finalized,Open-Meteo ERA5,Open-Meteo ERA5-Ocean,NOAA CO-OPS 8729678 Navarre Beach predictions,2026-08-08T15:57:33.641686-05:00
2021-06-24,86.1,75.4,0.232,8.3,15.2,133.0,1.772,187.0,4.65,,,,-0.594,1.983,2.577,finalized,Open-Meteo ERA5,Open-Meteo ERA5-Ocean,NOAA CO-OPS 8729678 Navarre Beach predictions,2026-08-08T15:57:33.641686-05:00
2021-06-25,84.1,74.4,0.094,9.6,23.0,109.0,3.018,123.0,4.15,,,,-0.583,1.964,2.547,finalized,Open-Meteo ERA5,Open-Meteo ERA5-Ocean,NOAA CO-OPS 8729678 Navarre Beach predictions,2026-08-08T15:57:33.641686-05:00
2021-06-26,87.8,75.7,0.0,9.3,19.7,118.0,3.084,131.0,4.7,,,,-0.483,1.881,2.364,finalized,Open-Meteo ERA5,Open-Meteo ERA5-Ocean,NOAA CO-OPS 8729678 Navarre Beach predictions,2026-08-08T15:57:33.641686-05:00
2021-06-27,83.5,76.9,0.433,11.2,23.7,108.0,3.281,131.0,4.65,,,,-0.309,1.746,2.055,finalized,Open-Meteo ERA5,Open-Meteo ERA5-Ocean,NOAA CO-OPS 8729678 Navarre Beach predictions,2026-08-08T15:57:33.641686-05:00
2021-06-28,86.6,76.1,0.047,10.5,22.6,105.0,3.281,125.0,4.3,,,,-0.081,1.572,1.653,finalized,Open-Meteo ERA5,Open-Meteo ERA5-Ocean,NOAA CO-OPS 8729678 Navarre Beach predictions,2026-08-08T15:57:33.641686-05:00
2021-06-29,86.5,75.2,0.063,8.6,18.6,110.0,2.625,131.0,4.3,,,,0.166,1.37,1.2040000000000002,finalized,Open-Meteo ERA5,Open-Meteo ERA5-Ocean,NOAA CO-OPS 8729678 Navarre Beach predictions,2026-08-08T15:57:33.641686-05:00
2021-06-30,84.1,74.0,0.402,8.1,21.3,102.0,2.69,128.0,4.2,,,,0.359,1.151,0.792,finalized,Open-Meteo ERA5,Open-Meteo ERA5-Ocean,NOAA CO-OPS 8729678 Navarre Beach predictions,2026-08-08T15:57:33.641686-05:00
2021-07-01,85.8,75.1,0.106,8.8,19.5,152.0,2.1,148.0,4.45,,,,0.495,0.926,0.431,finalized,Open-Meteo ERA5,Open-Meteo ERA5-Ocean,NOAA CO-OPS 8729678 Navarre Beach predictions,2026-08-08T15:57:33.641686-05:00
2021-07-02,87.3,76.3,0.252,9.0,20.8,259.0,2.69,218.0,4.15,,,,0.564,0.936,0.3720000000000001,finalized,Open-Meteo ERA5,Open-Meteo ERA5-Ocean,NOAA CO-OPS 8729678 Navarre Beach predictions,2026-08-08T15:57:33.641686-05:00
2021-07-03,83.1,75.6,0.917,8.5,17.7,254.0,2.822,240.0,4.25,,,,0.39,1.096,0.7060000000000001,finalized,Open-Meteo ERA5,Open-Meteo ERA5-Ocean,NOAA CO-OPS 8729678 Navarre Beach predictions,2026-08-08T15:57:33.641686-05:00
2021-07-04,85.1,76.3,0.193,9.7,17.9,212.0,3.15,229.0,4.55,,,,0.21,1.261,1.051,finalized,Open-Meteo ERA5,Open-Meteo ERA5-Ocean,NOAA CO-OPS 8729678 Navarre Beach predictions,2026-08-08T15:57:33.641686-05:00
2021-07-05,82.0,76.8,0.843,8.6,18.6,183.0,2.756,213.0,4.6,,,,0.051,1.396,1.345,finalized,Open-Meteo ERA5,Open-Meteo ERA5-Ocean,NOAA CO-OPS 8729678 Navarre Beach predictions,2026-08-08T15:57:33.641686-05:00
2021-07-06,82.1,74.8,1.043,8.7,20.1,117.0,2.231,153.0,4.95,,,,-0.077,1.49,1.567,finalized,Open-Meteo ERA5,Open-Meteo ERA5-Ocean,NOAA CO-OPS 8729678 Navarre Beach predictions,2026-08-08T15:57:33.641686-05:00
2021-07-07,87.6,74.3,0.016,7.1,16.3,15.0,3.281,133.0,6.85,,,,-0.17,1.55,1.72,finalized,Open-Meteo ERA5,Open-Meteo ERA5-Ocean,NOAA CO-OPS 8729678 Navarre Beach predictions,2026-08-08T15:57:33.641686-05:00
2021-07-08,86.6,74.8,0.043,8.6,18.8,234.0,2.1,156.0,6.25,,,,-0.228,1.592,1.82,finalized,Open-Meteo ERA5,Open-Meteo ERA5-Ocean,NOAA CO-OPS 8729678 Navarre Beach predictions,2026-08-08T15:57:33.641686-05:00
2021-07-09,85.9,75.3,0.307,7.2,15.0,223.0,1.706,180.0,4.25,,,,-0.251,1.625,1.876,finalized,Open-Meteo ERA5,Open-Meteo ERA5-Ocean,NOAA CO-OPS 8729678 Navarre Beach predictions,2026-08-08T15:57:33.641686-05:00
2021-07-10,85.5,75.7,0.252,8.5,18.3,227.0,1.772,179.0,4.7,,,,-0.236,1.654,1.89,finalized,Open-Meteo ERA5,Open-Meteo ERA5-Ocean,NOAA CO-OPS 8729678 Navarre Beach predictions,2026-08-08T15:57:33.641686-05:00
2021-07-11,85.8,75.6,0.236,10.6,23.9,209.0,1.706,191.0,4.55,,,,-0.176,1.67,1.846,finalized,Open-Meteo ERA5,Open-Meteo ERA5-Ocean,NOAA CO-OPS 8729678 Navarre Beach predictions,2026-08-08T15:57:33.641686-05:00
2021-07-12,87.3,76.0,0.461,10.9,21.3,170.0,2.1,167.0,3.9,,,,-0.062,1.658,1.72,finalized,Open-Meteo ERA5,Open-Meteo ERA5-Ocean,NOAA CO-OPS 8729678 Navarre Beach predictions,2026-08-08T15:57:33.641686-05:00
2021-07-13,86.6,74.4,0.169,8.5,15.4,131.0,2.428,141.0,4.7,,,,0.107,1.594,1.487,finalized,Open-Meteo ERA5,Open-Meteo ERA5-Ocean,NOAA CO-OPS 8729678 Navarre Beach predictions,2026-08-08T15:57:33.641686-05:00
2021-07-14,88.6,74.7,0.0,5.0,13.6,108.0,1.903,140.0,4.9,,,,0.304,1.46,1.156,finalized,Open-Meteo ERA5,Open-Meteo ERA5-Ocean,NOAA CO-OPS 8729678 Navarre Beach predictions,2026-08-08T15:57:33.641686-05:00
2021-07-15,89.5,76.4,0.201,5.4,14.1,110.0,1.575,138.0,4.85,,,,0.492,1.25,0.758,finalized,Open-Meteo ERA5,Open-Meteo ERA5-Ocean,NOAA CO-OPS 8729678 Navarre Beach predictions,2026-08-08T15:57:33.641686-05:00
2021-07-16,86.4,76.1,0.059,7.8,17.2,147.0,1.64,133.0,4.1,,,,0.638,0.98,0.3419999999999999,finalized,Open-Meteo ERA5,Open-Meteo ERA5-Ocean,NOAA CO-OPS 8729678 Navarre Beach predictions,2026-08-08T15:57:33.641686-05:00
2021-07-17,88.6,77.7,0.024,7.6,19.0,155.0,1.247,146.0,4.2,,,,0.589,1.156,0.567,finalized,Open-Meteo ERA5,Open-Meteo ERA5-Ocean,NOAA CO-OPS 8729678 Navarre Beach predictions,2026-08-08T15:57:33.641686-05:00
2021-07-18,84.4,76.0,0.701,7.2,19.0,194.0,1.247,154.0,4.5,,,,0.263,1.391,1.128,finalized,Open-Meteo ERA5,Open-Meteo ERA5-Ocean,NOAA CO-OPS 8729678 Navarre Beach predictions,2026-08-08T15:57:33.641686-05:00
2021-07-19,85.9,76.7,0.346,10.9,22.1,223.0,1.772,189.0,4.05,,,,-0.039,1.622,1.661,finalized,Open-Meteo ERA5,Open-Meteo ERA5-Ocean,NOAA CO-OPS 8729678 Navarre Beach predictions,2026-08-08T15:57:33.641686-05:00
2021-07-20,85.0,76.8,0.433,8.1,20.4,222.0,1.837,215.0,3.65,,,,-0.277,1.803,2.08,finalized,Open-Meteo ERA5,Open-Meteo ERA5-Ocean,NOAA CO-OPS 8729678 Navarre Beach predictions,2026-08-08T15:57:33.641686-05:00
2021-07-21,87.3,76.0,0.047,10.1,22.1,221.0,2.231,215.0,3.95,,,,-0.432,1.913,2.345,finalized,Open-Meteo ERA5,Open-Meteo ERA5-Ocean,NOAA CO-OPS 8729678 Navarre Beach predictions,2026-08-08T15:57:33.641686-05:00
2021-07-22,91.7,79.4,0.11,9.7,21.3,256.0,2.493,238.0,3.85,,,,-0.495,1.951,2.446,finalized,Open-Meteo ERA5,Open-Meteo ERA5-Ocean,NOAA CO-OPS 8729678 Navarre Beach predictions,2026-08-08T15:57:33.641686-05:00
2021-07-23,92.9,79.2,0.22,7.8,16.6,303.0,2.1,269.0,3.55,,,,-0.468,1.923,2.391,finalized,Open-Meteo ERA5,Open-Meteo ERA5-Ocean,NOAA CO-OPS 8729678 Navarre Beach predictions,2026-08-08T15:57:33.641686-05:00
2021-07-24,90.4,77.8,0.252,5.6,16.3,10.0,1.312,312.0,3.6,,,,-0.358,1.839,2.197,finalized,Open-Meteo ERA5,Open-Meteo ERA5-Ocean,NOAA CO-OPS 8729678 Navarre Beach predictions,2026-08-08T15:57:33.641686-05:00
2021-07-25,89.6,78.5,0.012,5.4,12.1,184.0,0.787,123.0,3.65,,,,-0.18,1.707,1.887,finalized,Open-Meteo ERA5,Open-Meteo ERA5-Ocean,NOAA CO-OPS 8729678 Navarre Beach predictions,2026-08-08T15:57:33.641686-05:00
2021-07-26,92.6,77.9,0.008,5.6,12.5,324.0,0.853,107.0,3.75,,,,0.048,1.539,1.491,finalized,Open-Meteo ERA5,Open-Meteo ERA5-Ocean,NOAA CO-OPS 8729678 Navarre Beach predictions,2026-08-08T15:57:33.641686-05:00
2021-07-27,92.6,78.9,0.185,5.9,13.6,287.0,1.05,234.0,2.7,,,,0.29,1.343,1.053,finalized,Open-Meteo ERA5,Open-Meteo ERA5-Ocean,NOAA CO-OPS 8729678 Navarre Beach predictions,2026-08-08T15:57:33.641686-05:00
2021-07-28,89.0,77.0,0.5,7.8,17.4,249.0,0.919,201.0,3.05,,,,0.455,1.134,0.6789999999999998,finalized,Open-Meteo ERA5,Open-Meteo ERA5-Ocean,NOAA CO-OPS 8729678 Navarre Beach predictions,2026-08-08T15:57:33.641686-05:00
2021-07-29,91.7,76.2,0.055,7.7,16.8,279.0,1.509,216.0,3.25,,,,0.573,0.923,0.3500000000000001,finalized,Open-Meteo ERA5,Open-Meteo ERA5-Ocean,NOAA CO-OPS 8729678 Navarre Beach predictions,2026-08-08T15:57:33.641686-05:00
2021-07-30,92.5,78.7,0.028,7.4,15.9,295.0,1.509,239.0,3.6,,,,0.616,0.899,0.283,finalized,Open-Meteo ERA5,Open-Meteo ERA5-Ocean,NOAA CO-OPS 8729678 Navarre Beach predictions,2026-08-08T15:57:33.641686-05:00
2021-07-31,90.4,77.9,0.039,7.6,16.8,270.0,1.706,244.0,3.45,,,,0.47,1.092,0.6220000000000001,finalized,Open-Meteo ERA5,Open-Meteo ERA5-Ocean,NOAA CO-OPS 8729678 Navarre Beach predictions,2026-08-08T15:57:33.641686-05:00
2021-08-01,91.6,77.7,0.28,9.4,21.0,251.0,2.034,248.0,3.35,,,,0.309,1.264,0.955,finalized,Open-Meteo ERA5,Open-Meteo ERA5-Ocean,NOAA CO-OPS 8729678 Navarre Beach predictions,2026-08-08T15:57:33.641686-05:00
2021-08-02,89.1,76.6,0.358,8.3,21.0,256.0,1.969,243.0,3.65,,,,0.172,1.394,1.222,finalized,Open-Meteo ERA5,Open-Meteo ERA5-Ocean,NOAA CO-OPS 8729678 Navarre Beach predictions,2026-08-08T15:57:33.641686-05:00
2021-08-03,83.8,75.1,0.516,5.8,15.2,307.0,1.706,239.0,3.9,,,,0.062,1.487,1.425,finalized,Open-Meteo ERA5,Open-Meteo ERA5-Ocean,NOAA CO-OPS 8729678 Navarre Beach predictions,2026-08-08T15:57:33.641686-05:00
2021-08-04,84.2,75.9,0.76,5.2,12.3,73.0,1.509,229.0,3.95,,,,-0.017,1.553,1.5699999999999998,finalized,Open-Meteo ERA5,Open-Meteo ERA5-Ocean,NOAA CO-OPS 8729678 Navarre Beach predictions,2026-08-08T15:57:33.641686-05:00
2021-08-05,88.6,75.4,0.024,7.8,20.4,59.0,1.772,197.0,4.1,,,,-0.066,1.605,1.671,finalized,Open-Meteo ERA5,Open-Meteo ERA5-Ocean,NOAA CO-OPS 8729678 Navarre Beach predictions,2026-08-08T15:57:33.641686-05:00
2021-08-06,87.2,74.8,0.0,6.9,15.0,88.0,1.312,161.0,3.7,,,,-0.081,1.649,1.73,finalized,Open-Meteo ERA5,Open-Meteo ERA5-Ocean,NOAA CO-OPS 8729678 Navarre Beach predictions,2026-08-08T15:57:33.641686-05:00
2021-08-07,88.5,74.2,0.004,6.7,14.3,264.0,0.984,187.0,3.8,,,,-0.056,1.681,1.737,finalized,Open-Meteo ERA5,Open-Meteo ERA5-Ocean,NOAA CO-OPS 8729678 Navarre Beach predictions,2026-08-08T15:57:33.641686-05:00
2021-08-08,89.0,76.9,0.134,7.1,15.4,239.0,1.115,219.0,3.25,,,,0.021,1.689,1.668,finalized,Open-Meteo ERA5,Open-Meteo ERA5-Ocean,NOAA CO-OPS 8729678 Navarre Beach predictions,2026-08-08T15:57:33.641686-05:00
2021-08-09,89.4,78.1,0.382,4.3,11.2,250.0,0.984,215.0,3.2,,,,0.156,1.656,1.5,finalized,Open-Meteo ERA5,Open-Meteo ERA5-Ocean,NOAA CO-OPS 8729678 Navarre Beach predictions,2026-08-08T15:57:33.641686-05:00
2021-08-10,90.6,77.2,0.142,7.3,10.5,63.0,0.853,158.0,3.25,,,,0.341,1.564,1.223,finalized,Open-Meteo ERA5,Open-Meteo ERA5-Ocean,NOAA CO-OPS 8729678 Navarre Beach predictions,2026-08-08T15:57:33.641686-05:00
2021-08-11,87.3,75.2,0.185,6.6,14.8,104.0,1.378,142.0,3.95,,,,0.527,1.404,0.8769999999999999,finalized,Open-Meteo ERA5,Open-Meteo ERA5-Ocean,NOAA CO-OPS 8729678 Navarre Beach predictions,2026-08-08T15:57:33.641686-05:00
2021-08-12,84.2,75.0,0.035,6.0,13.4,73.0,1.378,135.0,4.05,,,,0.69,1.176,0.486,finalized,Open-Meteo ERA5,Open-Meteo ERA5-Ocean,NOAA CO-OPS 8729678 Navarre Beach predictions,2026-08-08T15:57:33.641686-05:00
2021-08-13,88.9,74.8,0.063,4.4,10.7,53.0,1.181,130.0,4.15,,,,0.784,1.018,0.2339999999999999,finalized,Open-Meteo ERA5,Open-Meteo ERA5-Ocean,NOAA CO-OPS 8729678 Navarre Beach predictions,2026-08-08T15:57:33.641686-05:00
2021-08-14,91.5,77.1,0.134,5.2,15.0,71.0,1.706,131.0,4.45,,,,0.595,1.257,0.6619999999999999,finalized,Open-Meteo ERA5,Open-Meteo ERA5-Ocean,NOAA CO-OPS 8729678 Navarre Beach predictions,2026-08-08T15:57:33.641686-05:00
2021-08-15,87.3,75.9,0.343,9.1,19.5,90.0,5.118,126.0,5.9,,,,0.307,1.505,1.198,finalized,Open-Meteo ERA5,Open-Meteo ERA5-Ocean,NOAA CO-OPS 8729678 Navarre Beach predictions,2026-08-08T15:57:33.641686-05:00
2021-08-16,81.1,76.4,0.126,16.1,31.8,23.0,7.087,95.0,6.7,,,,0.063,1.711,1.648,finalized,Open-Meteo ERA5,Open-Meteo ERA5-Ocean,NOAA CO-OPS 8729678 Navarre Beach predictions,2026-08-08T15:57:33.641686-05:00
2021-08-17,89.5,73.0,0.0,8.5,25.1,260.0,3.675,149.0,5.95,,,,-0.114,1.851,1.965,finalized,Open-Meteo ERA5,Open-Meteo ERA5-Ocean,NOAA CO-OPS 8729678 Navarre Beach predictions,2026-08-08T15:57:33.641686-05:00
2021-08-18,88.9,77.0,0.102,9.5,20.1,155.0,1.64,163.0,4.5,,,,-0.212,1.922,2.134,finalized,Open-Meteo ERA5,Open-Meteo ERA5-Ocean,NOAA CO-OPS 8729678 Navarre Beach predictions,2026-08-08T15:57:33.641686-05:00
2021-08-19,89.8,78.7,0.0,8.4,17.9,188.0,2.1,161.0,6.6,,,,-0.228,1.932,2.16,finalized,Open-Meteo ERA5,Open-Meteo ERA5-Ocean,NOAA CO-OPS 8729678 Navarre Beach predictions,2026-08-08T15:57:33.641686-05:00
2021-08-20,88.8,75.2,0.843,6.8,14.8,294.0,2.428,161.0,7.2,,,,-0.167,1.892,2.059,finalized,Open-Meteo ERA5,Open-Meteo ERA5-Ocean,NOAA CO-OPS 8729678 Navarre Beach predictions,2026-08-08T15:57:33.641686-05:00
2021-08-21,87.8,76.3,0.13,6.9,16.1,259.0,2.231,179.0,6.65,,,,-0.037,1.805,1.842,finalized,Open-Meteo ERA5,Open-Meteo ERA5-Ocean,NOAA CO-OPS 8729678 Navarre Beach predictions,2026-08-08T15:57:33.641686-05:00
2021-08-22,90.9,78.6,0.079,8.9,21.3,250.0,1.969,220.0,5.25,,,,0.147,1.675,1.528,finalized,Open-Meteo ERA5,Open-Meteo ERA5-Ocean,NOAA CO-OPS 8729678 Navarre Beach predictions,2026-08-08T15:57:33.641686-05:00
2021-08-23,90.4,77.8,0.224,6.8,15.9,262.0,2.034,242.0,3.85,,,,0.369,1.509,1.14,finalized,Open-Meteo ERA5,Open-Meteo ERA5-Ocean,NOAA CO-OPS 8729678 Navarre Beach predictions,2026-08-08T15:57:33.641686-05:00
2021-08-24,90.0,77.6,0.417,9.0,15.9,196.0,1.509,205.0,3.65,,,,0.558,1.32,0.762,finalized,Open-Meteo ERA5,Open-Meteo ERA5-Ocean,NOAA CO-OPS 8729678 Navarre Beach predictions,2026-08-08T15:57:33.641686-05:00
2021-08-25,85.3,78.7,0.236,9.3,19.5,135.0,2.1,152.0,3.55,,,,0.623,1.122,0.4990000000000001,finalized,Open-Meteo ERA5,Open-Meteo ERA5-Ocean,NOAA CO-OPS 8729678 Navarre Beach predictions,2026-08-08T15:57:33.641686-05:00
2021-08-26,90.0,76.0,0.0,11.5,24.2,90.0,3.215,125.0,4.6,,,,0.65,1.06,0.41,finalized,Open-Meteo ERA5,Open-Meteo ERA5-Ocean,NOAA CO-OPS 8729678 Navarre Beach predictions,2026-08-08T15:57:33.641686-05:00
2021-08-27,87.2,76.0,0.071,9.8,19.5,89.0,4.134,122.0,4.85,,,,0.65,0.65,0.0,finalized,Open-Meteo ERA5,Open-Meteo ERA5-Ocean,NOAA CO-OPS 8729678 Navarre Beach predictions,2026-08-08T15:57:33.641686-05:00
2021-08-28,86.4,76.8,0.106,13.1,30.4,83.0,9.58,123.0,8.0,,,,0.586,1.24,0.654,finalized,Open-Meteo ERA5,Open-Meteo ERA5-Ocean,NOAA CO-OPS 8729678 Navarre Beach predictions,2026-08-08T15:57:33.641686-05:00
2021-08-29,80.7,77.6,0.449,20.8,32.0,124.0,14.304,157.0,9.65,,,,0.454,1.377,0.923,finalized,Open-Meteo ERA5,Open-Meteo ERA5-Ocean,NOAA CO-OPS 8729678 Navarre Beach predictions,2026-08-08T15:57:33.641686-05:00
2021-08-30,81.5,78.1,0.906,19.7,32.7,168.0,9.121,182.0,7.2,,,,0.351,1.475,1.124,finalized,Open-Meteo ERA5,Open-Meteo ERA5-Ocean,NOAA CO-OPS 8729678 Navarre Beach predictions,2026-08-08T15:57:33.641686-05:00
2021-08-31,86.3,77.9,0.539,17.9,34.9,225.0,8.136,219.0,6.2,,,,0.274,1.544,1.27,finalized,Open-Meteo ERA5,Open-Meteo ERA5-Ocean,NOAA CO-OPS 8729678 Navarre Beach predictions,2026-08-08T15:57:33.641686-05:00
2021-09-01,89.4,77.7,0.213,10.4,21.3,253.0,5.118,232.0,5.35,,,,0.223,1.599,1.376,finalized,Open-Meteo ERA5,Open-Meteo ERA5-Ocean,NOAA CO-OPS 8729678 Navarre Beach predictions,2026-08-08T15:57:33.641686-05:00
2021-09-02,89.1,73.7,0.047,8.4,17.4,286.0,3.412,237.0,4.6,,,,0.198,1.648,1.45,finalized,Open-Meteo ERA5,Open-Meteo ERA5-Ocean,NOAA CO-OPS 8729678 Navarre Beach predictions,2026-08-08T15:57:33.641686-05:00
2021-09-03,88.4,74.2,0.028,5.3,14.3,63.0,1.772,212.0,4.55,,,,0.205,1.693,1.488,finalized,Open-Meteo ERA5,Open-Meteo ERA5-Ocean,NOAA CO-OPS 8729678 Navarre Beach predictions,2026-08-08T15:57:33.641686-05:00
2021-09-04,86.8,75.3,0.102,7.2,17.7,101.0,1.575,137.0,3.9,,,,0.253,1.721,1.468,finalized,Open-Meteo ERA5,Open-Meteo ERA5-Ocean,NOAA CO-OPS 8729678 Navarre Beach predictions,2026-08-08T15:57:33.641686-05:00
2021-09-05,86.4,74.7,0.008,5.0,13.2,149.0,1.575,142.0,3.85,,,,0.354,1.715,1.3610000000000002,finalized,Open-Meteo ERA5,Open-Meteo ERA5-Ocean,NOAA CO-OPS 8729678 Navarre Beach predictions,2026-08-08T15:57:33.641686-05:00
2021-09-06,87.6,74.5,0.055,8.3,16.1,220.0,1.115,179.0,3.7,,,,0.507,1.658,1.1509999999999998,finalized,Open-Meteo ERA5,Open-Meteo ERA5-Ocean,NOAA CO-OPS 8729678 Navarre Beach predictions,2026-08-08T15:57:33.641686-05:00
2021-09-07,87.3,76.1,0.201,8.1,18.8,181.0,1.312,196.0,3.15,,,,0.678,1.541,0.8629999999999999,finalized,Open-Meteo ERA5,Open-Meteo ERA5-Ocean,NOAA CO-OPS 8729678 Navarre Beach predictions,2026-08-08T15:57:33.641686-05:00
2021-09-08,80.4,75.8,0.366,6.1,12.8,167.0,2.625,183.0,5.2,,,,0.763,1.371,0.608,finalized,Open-Meteo ERA5,Open-Meteo ERA5-Ocean,NOAA CO-OPS 8729678 Navarre Beach predictions,2026-08-08T15:57:33.641686-05:00
2021-09-09,86.6,73.7,0.024,8.2,16.8,305.0,2.887,225.0,5.15,,,,0.712,1.296,0.5840000000000001,finalized,Open-Meteo ERA5,Open-Meteo ERA5-Ocean,NOAA CO-OPS 8729678 Navarre Beach predictions,2026-08-08T15:57:33.641686-05:00
2021-09-10,85.4,66.0,0.0,8.1,16.8,10.0,2.231,24.0,3.7,,,,0.639,1.556,0.917,finalized,Open-Meteo ERA5,Open-Meteo ERA5-Ocean,NOAA CO-OPS 8729678 Navarre Beach predictions,2026-08-08T15:57:33.641686-05:00
2021-09-11,86.8,66.6,0.0,7.1,15.9,90.0,1.772,116.0,3.7,,,,0.536,1.766,1.23,finalized,Open-Meteo ERA5,Open-Meteo ERA5-Ocean,NOAA CO-OPS 8729678 Navarre Beach predictions,2026-08-08T15:57:33.641686-05:00
2021-09-12,84.3,75.5,0.138,10.0,20.8,108.0,3.281,149.0,4.9,,,,0.316,0.316,0.0,finalized,Open-Meteo ERA5,Open-Meteo ERA5-Ocean,NOAA CO-OPS 8729678 Navarre Beach predictions,2026-08-08T15:57:33.641686-05:00
2021-09-13,83.2,75.1,0.047,6.4,18.6,80.0,2.822,133.0,4.8,,,,0.148,1.905,1.757,finalized,Open-Meteo ERA5,Open-Meteo ERA5-Ocean,NOAA CO-OPS 8729678 Navarre Beach predictions,2026-08-08T15:57:33.641686-05:00
2021-09-14,84.5,75.7,0.043,6.8,15.7,64.0,2.559,119.0,4.7,,,,0.05,1.97,1.92,finalized,Open-Meteo ERA5,Open-Meteo ERA5-Ocean,NOAA CO-OPS 8729678 Navarre Beach predictions,2026-08-08T15:57:33.641686-05:00
2021-09-15,77.1,75.1,0.87,11.2,19.9,119.0,3.675,150.0,4.6,,,,0.028,1.972,1.944,finalized,Open-Meteo ERA5,Open-Meteo ERA5-Ocean,NOAA CO-OPS 8729678 Navarre Beach predictions,2026-08-08T15:57:33.641686-05:00
2021-09-16,82.2,76.9,0.756,8.5,17.9,159.0,3.412,179.0,4.55,,,,0.077,1.927,1.85,finalized,Open-Meteo ERA5,Open-Meteo ERA5-Ocean,NOAA CO-OPS 8729678 Navarre Beach predictions,2026-08-08T15:57:33.641686-05:00
2021-09-17,81.8,77.8,0.52,7.6,17.0,157.0,2.493,181.0,4.3,,,,0.191,1.849,1.658,finalized,Open-Meteo ERA5,Open-Meteo ERA5-Ocean,NOAA CO-OPS 8729678 Navarre Beach predictions,2026-08-08T15:57:33.641686-05:00
2021-09-18,81.8,77.2,0.583,5.7,10.7,111.0,2.165,179.0,4.9,,,,0.357,1.743,1.386,finalized,Open-Meteo ERA5,Open-Meteo ERA5-Ocean,NOAA CO-OPS 8729678 Navarre Beach predictions,2026-08-08T15:57:33.641686-05:00
2021-09-19,83.4,76.1,0.22,5.8,14.1,132.0,1.772,180.0,4.8,,,,0.558,1.608,1.05,finalized,Open-Meteo ERA5,Open-Meteo ERA5-Ocean,NOAA CO-OPS 8729678 Navarre Beach predictions,2026-08-08T15:57:33.641686-05:00
2021-09-20,85.2,76.0,0.106,9.8,19.0,199.0,1.903,200.0,4.05,,,,0.728,1.447,0.7190000000000001,finalized,Open-Meteo ERA5,Open-Meteo ERA5-Ocean,NOAA CO-OPS 8729678 Navarre Beach predictions,2026-08-08T15:57:33.641686-05:00
2021-09-21,86.1,75.1,0.063,7.2,15.2,264.0,1.772,217.0,3.9,,,,0.702,1.276,0.5740000000000001,finalized,Open-Meteo ERA5,Open-Meteo ERA5-Ocean,NOAA CO-OPS 8729678 Navarre Beach predictions,2026-08-08T15:57:33.641686-05:00
2021-09-22,83.2,68.1,0.004,14.6,24.8,336.0,5.249,326.0,4.6,,,,0.643,1.194,0.5509999999999999,finalized,Open-Meteo ERA5,Open-Meteo ERA5-Ocean,NOAA CO-OPS 8729678 Navarre Beach predictions,2026-08-08T15:57:33.641686-05:00
2021-09-23,78.6,59.4,0.0,11.9,23.0,7.0,5.118,18.0,4.65,,,,0.587,1.363,0.776,finalized,Open-Meteo ERA5,Open-Meteo ERA5-Ocean,NOAA CO-OPS 8729678 Navarre Beach predictions,2026-08-08T15:57:33.641686-05:00
2021-09-24,80.5,58.5,0.0,8.6,16.6,20.0,2.559,37.0,3.6,,,,0.539,1.494,0.955,finalized,Open-Meteo ERA5,Open-Meteo ERA5-Ocean,NOAA CO-OPS 8729678 Navarre Beach predictions,2026-08-08T15:57:33.641686-05:00
2021-09-25,83.0,59.0,0.0,6.3,12.1,1.0,1.509,27.0,3.05,,,,0.501,1.584,1.0830000000000002,finalized,Open-Meteo ERA5,Open-Meteo ERA5-Ocean,NOAA CO-OPS 8729678 Navarre Beach predictions,2026-08-08T15:57:33.641686-05:00
2021-09-26,85.0,63.4,0.0,6.9,12.5,33.0,1.312,51.0,2.95,,,,0.46,0.46,0.0,finalized,Open-Meteo ERA5,Open-Meteo ERA5-Ocean,NOAA CO-OPS 8729678 Navarre Beach predictions,2026-08-08T15:57:33.641686-05:00
2021-09-27,84.1,65.2,0.0,5.6,11.0,215.0,0.656,98.0,2.95,,,,0.413,1.639,1.226,finalized,Open-Meteo ERA5,Open-Meteo ERA5-Ocean,NOAA CO-OPS 8729678 Navarre Beach predictions,2026-08-08T15:57:33.641686-05:00
2021-09-28,83.2,69.5,0.091,6.5,15.4,152.0,0.919,157.0,2.95,,,,0.383,1.668,1.285,finalized,Open-Meteo ERA5,Open-Meteo ERA5-Ocean,NOAA CO-OPS 8729678 Navarre Beach predictions,2026-08-08T15:57:33.641686-05:00
2021-09-29,84.5,72.7,0.008,7.0,15.4,162.0,1.247,161.0,3.45,,,,0.371,1.684,1.313,finalized,Open-Meteo ERA5,Open-Meteo ERA5-Ocean,NOAA CO-OPS 8729678 Navarre Beach predictions,2026-08-08T15:57:33.641686-05:00
2021-09-30,83.3,72.4,0.008,6.0,12.5,82.0,1.444,135.0,3.55,,,,0.382,1.699,1.3170000000000002,finalized,Open-Meteo ERA5,Open-Meteo ERA5-Ocean,NOAA CO-OPS 8729678 Navarre Beach predictions,2026-08-08T15:57:33.641686-05:00
2021-10-01,85.6,72.1,0.047,9.6,18.3,89.0,2.231,119.0,4.1,,,,0.423,1.71,1.287,finalized,Open-Meteo ERA5,Open-Meteo ERA5-Ocean,NOAA CO-OPS 8729678 Navarre Beach predictions,2026-08-08T15:57:33.641686-05:00
2021-10-02,85.0,72.4,0.071,10.0,21.5,115.0,2.69,129.0,4.5,,,,0.503,1.704,1.201,finalized,Open-Meteo ERA5,Open-Meteo ERA5-Ocean,NOAA CO-OPS 8729678 Navarre Beach predictions,2026-08-08T15:57:33.641686-05:00
2021-10-03,80.0,74.4,0.48,8.3,17.7,165.0,2.297,145.0,4.55,,,,0.628,1.663,1.035,finalized,Open-Meteo ERA5,Open-Meteo ERA5-Ocean,NOAA CO-OPS 8729678 Navarre Beach predictions,2026-08-08T15:57:33.641686-05:00
2021-10-04,78.8,72.5,0.429,7.5,17.9,189.0,1.837,157.0,4.55,,,,0.782,1.575,0.7929999999999999,finalized,Open-Meteo ERA5,Open-Meteo ERA5-Ocean,NOAA CO-OPS 8729678 Navarre Beach predictions,2026-08-08T15:57:33.641686-05:00
2021-10-05,79.3,71.9,1.106,10.2,21.9,156.0,2.625,146.0,4.05,,,,0.905,1.448,0.5429999999999999,finalized,Open-Meteo ERA5,Open-Meteo ERA5-Ocean,NOAA CO-OPS 8729678 Navarre Beach predictions,2026-08-08T15:57:33.641686-05:00
2021-10-06,82.4,72.9,0.094,6.6,17.2,141.0,2.1,146.0,4.3,,,,0.753,1.387,0.634,finalized,Open-Meteo ERA5,Open-Meteo ERA5-Ocean,NOAA CO-OPS 8729678 Navarre Beach predictions,2026-08-08T15:57:33.641686-05:00
2021-10-07,81.6,73.8,0.102,7.4,12.8,140.0,1.903,147.0,4.15,,,,0.587,1.645,1.058,finalized,Open-Meteo ERA5,Open-Meteo ERA5-Ocean,NOAA CO-OPS 8729678 Navarre Beach predictions,2026-08-08T15:57:33.641686-05:00
2021-10-08,87.7,72.6,0.028,7.4,15.0,346.0,1.575,38.0,4.05,,,,0.431,1.868,1.437,finalized,Open-Meteo ERA5,Open-Meteo ERA5-Ocean,NOAA CO-OPS 8729678 Navarre Beach predictions,2026-08-08T15:57:33.641686-05:00
2021-10-09,86.8,67.5,0.0,7.0,15.4,10.0,1.575,35.0,3.6,,,,0.299,2.026,1.727,finalized,Open-Meteo ERA5,Open-Meteo ERA5-Ocean,NOAA CO-OPS 8729678 Navarre Beach predictions,2026-08-08T15:57:33.641686-05:00
2021-10-10,85.1,66.1,0.0,5.0,13.6,85.0,0.984,96.0,3.35,,,,0.161,2.101,1.94,finalized,Open-Meteo ERA5,Open-Meteo ERA5-Ocean,NOAA CO-OPS 8729678 Navarre Beach predictions,2026-08-08T15:57:33.641686-05:00
2021-10-11,82.6,69.2,0.031,7.3,14.3,130.0,2.034,112.0,3.65,,,,0.069,0.069,0.0,finalized,Open-Meteo ERA5,Open-Meteo ERA5-Ocean,NOAA CO-OPS 8729678 Navarre Beach predictions,2026-08-08T15:57:33.641686-05:00
2021-10-12,85.7,68.9,0.0,5.8,13.2,71.0,1.05,111.0,3.55,,,,0.05,2.093,2.043,finalized,Open-Meteo ERA5,Open-Meteo ERA5-Ocean,NOAA CO-OPS 8729678 Navarre Beach predictions,2026-08-08T15:57:33.641686-05:00
2021-10-13,83.6,69.5,0.0,7.2,15.2,98.0,2.1,111.0,4.15,,,,0.104,2.018,1.914,finalized,Open-Meteo ERA5,Open-Meteo ERA5-Ocean,NOAA CO-OPS 8729678 Navarre Beach predictions,2026-08-08T15:57:33.641686-05:00
2021-10-14,85.4,69.8,0.0,5.4,12.8,106.0,1.575,114.0,4.15,,,,0.225,1.894,1.6689999999999998,finalized,Open-Meteo ERA5,Open-Meteo ERA5-Ocean,NOAA CO-OPS 8729678 Navarre Beach predictions,2026-08-08T15:57:33.641686-05:00
2021-10-15,85.3,68.9,0.016,6.0,13.9,185.0,1.115,136.0,3.75,,,,0.399,1.74,1.341,finalized,Open-Meteo ERA5,Open-Meteo ERA5-Ocean,NOAA CO-OPS 8729678 Navarre Beach predictions,2026-08-08T15:57:33.641686-05:00
2021-10-16,77.1,61.3,0.016,14.8,29.3,335.0,5.249,337.0,4.65,,,,0.604,1.572,0.968,finalized,Open-Meteo ERA5,Open-Meteo ERA5-Ocean,NOAA CO-OPS 8729678 Navarre Beach predictions,2026-08-08T15:57:33.641686-05:00
2021-10-17,74.2,52.3,0.0,12.0,24.6,9.0,5.446,20.0,4.8,,,,0.774,1.413,0.639,finalized,Open-Meteo ERA5,Open-Meteo ERA5-Ocean,NOAA CO-OPS 8729678 Navarre Beach predictions,2026-08-08T15:57:33.641686-05:00
2021-10-18,72.1,54.3,0.0,8.7,15.9,53.0,3.215,67.0,4.0,,,,0.865,1.26,0.395,finalized,Open-Meteo ERA5,Open-Meteo ERA5-Ocean,NOAA CO-OPS 8729678 Navarre Beach predictions,2026-08-08T15:57:33.641686-05:00
2021-10-19,79.4,55.7,0.0,9.3,19.5,86.0,4.134,110.0,4.65,,,,0.721,1.276,0.555,finalized,Open-Meteo ERA5,Open-Meteo ERA5-Ocean,NOAA CO-OPS 8729678 Navarre Beach predictions,2026-08-08T15:57:33.641686-05:00
2021-10-20,80.4,65.7,0.055,11.7,22.1,114.0,4.068,130.0,4.75,,,,0.576,1.44,0.864,finalized,Open-Meteo ERA5,Open-Meteo ERA5-Ocean,NOAA CO-OPS 8729678 Navarre Beach predictions,2026-08-08T15:57:33.641686-05:00
2021-10-21,81.8,69.4,0.091,6.2,15.0,168.0,3.215,145.0,4.65,,,,0.447,1.566,1.119,finalized,Open-Meteo ERA5,Open-Meteo ERA5-Ocean,NOAA CO-OPS 8729678 Navarre Beach predictions,2026-08-08T15:57:33.641686-05:00
2021-10-22,85.2,65.0,0.0,5.6,17.2,305.0,1.575,149.0,4.5,,,,0.346,1.654,1.3079999999999998,finalized,Open-Meteo ERA5,Open-Meteo ERA5-Ocean,NOAA CO-OPS 8729678 Navarre Beach predictions,2026-08-08T15:57:33.641686-05:00
2021-10-23,81.5,59.7,0.0,7.1,13.0,53.0,1.969,84.0,4.15,,,,0.283,1.706,1.423,finalized,Open-Meteo ERA5,Open-Meteo ERA5-Ocean,NOAA CO-OPS 8729678 Navarre Beach predictions,2026-08-08T15:57:33.641686-05:00
2021-10-24,75.4,63.7,0.213,8.3,19.2,100.0,2.953,120.0,4.2,,,,0.255,1.731,1.476,finalized,Open-Meteo ERA5,Open-Meteo ERA5-Ocean,NOAA CO-OPS 8729678 Navarre Beach predictions,2026-08-08T15:57:33.641686-05:00
2021-10-25,84.9,70.1,0.008,9.8,19.2,279.0,2.69,170.0,4.45,,,,0.249,1.737,1.488,finalized,Open-Meteo ERA5,Open-Meteo ERA5-Ocean,NOAA CO-OPS 8729678 Navarre Beach predictions,2026-08-08T15:57:33.641686-05:00
2021-10-26,79.9,60.4,0.0,8.6,16.6,338.0,2.362,308.0,3.95,,,,0.258,0.258,0.0,finalized,Open-Meteo ERA5,Open-Meteo ERA5-Ocean,NOAA CO-OPS 8729678 Navarre Beach predictions,2026-08-08T15:57:33.641686-05:00
2021-10-27,75.7,56.2,0.181,18.0,27.5,110.0,5.971,126.0,4.85,,,,0.283,1.731,1.4480000000000002,finalized,Open-Meteo ERA5,Open-Meteo ERA5-Ocean,NOAA CO-OPS 8729678 Navarre Beach predictions,2026-08-08T15:57:33.641686-05:00
2021-10-28,75.9,61.9,0.803,21.3,40.3,241.0,11.745,233.0,7.0,,,,0.33,1.712,1.382,finalized,Open-Meteo ERA5,Open-Meteo ERA5-Ocean,NOAA CO-OPS 8729678 Navarre Beach predictions,2026-08-08T15:57:33.641686-05:00
2021-10-29,64.7,57.3,0.0,19.5,40.0,283.0,11.22,263.0,7.1,,,,0.408,1.673,1.265,finalized,Open-Meteo ERA5,Open-Meteo ERA5-Ocean,NOAA CO-OPS 8729678 Navarre Beach predictions,2026-08-08T15:57:33.641686-05:00
2021-10-30,62.5,52.5,0.0,12.1,23.3,296.0,6.496,288.0,6.1,,,,0.522,1.601,1.079,finalized,Open-Meteo ERA5,Open-Meteo ERA5-Ocean,NOAA CO-OPS 8729678 Navarre Beach predictions,2026-08-08T15:57:33.641686-05:00
2021-10-31,72.4,53.5,0.0,7.0,14.3,321.0,3.018,307.0,4.45,,,,0.668,1.485,0.8170000000000001,finalized,Open-Meteo ERA5,Open-Meteo ERA5-Ocean,NOAA CO-OPS 8729678 Navarre Beach predictions,2026-08-08T15:57:33.641686-05:00
2021-11-01,73.3,50.9,0.0,5.8,12.5,353.0,1.706,17.0,3.15,,,,0.825,1.328,0.5030000000000001,finalized,Open-Meteo ERA5,Open-Meteo ERA5-Ocean,NOAA CO-OPS 8729678 Navarre Beach predictions,2026-08-08T15:57:33.641686-05:00
2021-11-02,76.4,52.1,0.0,8.9,14.8,7.0,1.903,13.0,2.95,,,,0.883,1.344,0.4610000000000001,finalized,Open-Meteo ERA5,Open-Meteo ERA5-Ocean,NOAA CO-OPS 8729678 Navarre Beach predictions,2026-08-08T15:57:33.641686-05:00
2021-11-03,74.1,54.0,0.0,9.1,19.0,25.0,2.822,41.0,3.75,,,,0.619,1.564,0.945,finalized,Open-Meteo ERA5,Open-Meteo ERA5-Ocean,NOAA CO-OPS 8729678 Navarre Beach predictions,2026-08-08T15:57:33.641686-05:00
2021-11-04,67.9,54.4,0.0,11.1,18.6,26.0,3.871,47.0,3.95,,,,0.351,1.799,1.448,finalized,Open-Meteo ERA5,Open-Meteo ERA5-Ocean,NOAA CO-OPS 8729678 Navarre Beach predictions,2026-08-08T15:57:33.641686-05:00
2021-11-05,60.6,52.2,0.0,13.7,24.6,45.0,5.577,63.0,5.1,,,,0.116,1.989,1.873,finalized,Open-Meteo ERA5,Open-Meteo ERA5-Ocean,NOAA CO-OPS 8729678 Navarre Beach predictions,2026-08-08T15:57:33.641686-05:00
2021-11-06,65.7,45.6,0.0,11.3,23.0,7.0,4.528,31.0,4.8,,,,-0.062,2.104,2.166,finalized,Open-Meteo ERA5,Open-Meteo ERA5-Ocean,NOAA CO-OPS 8729678 Navarre Beach predictions,2026-08-08T15:57:33.641686-05:00
2021-11-07,70.8,43.2,0.0,8.9,18.3,350.0,3.412,4.0,4.05,,,,-0.18,2.133,2.313,finalized,Open-Meteo ERA5,Open-Meteo ERA5-Ocean,NOAA CO-OPS 8729678 Navarre Beach predictions,2026-08-08T15:57:33.641686-05:00
2021-11-08,74.5,43.3,0.0,6.8,12.5,360.0,2.1,18.0,3.3,,,,-0.223,2.079,2.302,finalized,Open-Meteo ERA5,Open-Meteo ERA5-Ocean,NOAA CO-OPS 8729678 Navarre Beach predictions,2026-08-08T15:57:33.641686-05:00
2021-11-09,73.2,45.2,0.0,6.3,14.8,97.0,1.378,86.0,3.45,,,,-0.184,1.955,2.139,finalized,Open-Meteo ERA5,Open-Meteo ERA5-Ocean,NOAA CO-OPS 8729678 Navarre Beach predictions,2026-08-08T15:57:33.641686-05:00
2021-11-10,74.2,48.8,0.0,6.3,13.6,99.0,2.887,119.0,3.7,,,,-0.069,1.778,1.847,finalized,Open-Meteo ERA5,Open-Meteo ERA5-Ocean,NOAA CO-OPS 8729678 Navarre Beach predictions,2026-08-08T15:57:33.641686-05:00
2021-11-11,72.4,65.4,0.173,10.5,21.5,179.0,3.346,164.0,4.3,,,,0.11,0.11,0.0,finalized,Open-Meteo ERA5,Open-Meteo ERA5-Ocean,NOAA CO-OPS 8729678 Navarre Beach predictions,2026-08-08T15:57:33.641686-05:00
2021-11-12,72.9,54.0,0.0,9.0,15.0,4.0,2.887,26.0,3.75,,,,0.33,1.563,1.233,finalized,Open-Meteo ERA5,Open-Meteo ERA5-Ocean,NOAA CO-OPS 8729678 Navarre Beach predictions,2026-08-08T15:57:33.641686-05:00
2021-11-13,62.4,45.2,0.0,13.9,24.6,326.0,4.856,322.0,4.55,,,,0.544,1.325,0.7809999999999999,finalized,Open-Meteo ERA5,Open-Meteo ERA5-Ocean,NOAA CO-OPS 8729678 Navarre Beach predictions,2026-08-08T15:57:33.641686-05:00
2021-11-14,61.8,37.1,0.0,6.3,14.3,308.0,2.756,339.0,3.9,,,,0.689,1.076,0.3870000000000001,finalized,Open-Meteo ERA5,Open-Meteo ERA5-Ocean,NOAA CO-OPS 8729678 Navarre Beach predictions,2026-08-08T15:57:33.641686-05:00
2021-11-15,70.5,45.0,0.0,6.6,13.2,303.0,1.64,311.0,3.0,,,,0.773,1.188,0.4149999999999999,finalized,Open-Meteo ERA5,Open-Meteo ERA5-Ocean,NOAA CO-OPS 8729678 Navarre Beach predictions,2026-08-08T15:57:33.641686-05:00
2021-11-16,72.2,50.7,0.0,6.4,13.9,164.0,1.378,165.0,2.8,,,,0.567,1.322,0.7550000000000001,finalized,Open-Meteo ERA5,Open-Meteo ERA5-Ocean,NOAA CO-OPS 8729678 Navarre Beach predictions,2026-08-08T15:57:33.641686-05:00
2021-11-17,75.7,52.1,0.0,10.1,20.4,127.0,2.756,142.0,4.35,,,,0.358,1.454,1.096,finalized,Open-Meteo ERA5,Open-Meteo ERA5-Ocean,NOAA CO-OPS 8729678 Navarre Beach predictions,2026-08-08T15:57:33.641686-05:00
2021-11-18,78.8,57.2,0.0,12.8,20.6,40.0,2.822,134.0,5.1,,,,0.18,1.546,1.366,finalized,Open-Meteo ERA5,Open-Meteo ERA5-Ocean,NOAA CO-OPS 8729678 Navarre Beach predictions,2026-08-08T15:57:33.641686-05:00
2021-11-19,69.7,50.6,0.0,14.5,25.5,17.0,5.446,25.0,4.8,,,,0.044,1.599,1.555,finalized,Open-Meteo ERA5,Open-Meteo ERA5-Ocean,NOAA CO-OPS 8729678 Navarre Beach predictions,2026-08-08T15:57:33.641686-05:00
2021-11-20,71.5,50.5,0.0,10.3,20.4,65.0,3.871,85.0,4.7,,,,-0.044,1.622,1.666,finalized,Open-Meteo ERA5,Open-Meteo ERA5-Ocean,NOAA CO-OPS 8729678 Navarre Beach predictions,2026-08-08T15:57:33.641686-05:00
2021-11-21,72.7,57.0,0.0,8.5,15.4,99.0,3.675,109.0,5.2,,,,-0.087,1.629,1.716,finalized,Open-Meteo ERA5,Open-Meteo ERA5-Ocean,NOAA CO-OPS 8729678 Navarre Beach predictions,2026-08-08T15:57:33.641686-05:00
2021-11-22,68.2,52.9,0.228,12.5,22.8,326.0,4.856,341.0,4.95,,,,-0.092,1.628,1.72,finalized,Open-Meteo ERA5,Open-Meteo ERA5-Ocean,NOAA CO-OPS 8729678 Navarre Beach predictions,2026-08-08T15:57:33.641686-05:00
2021-11-23,60.9,40.9,0.0,11.9,21.3,13.0,4.987,13.0,4.6,,,,-0.07,1.619,1.689,finalized,Open-Meteo ERA5,Open-Meteo ERA5-Ocean,NOAA CO-OPS 8729678 Navarre Beach predictions,2026-08-08T15:57:33.641686-05:00
2021-11-24,63.4,42.2,0.0,11.4,22.6,89.0,4.593,107.0,5.0,,,,-0.023,1.595,1.618,finalized,Open-Meteo ERA5,Open-Meteo ERA5-Ocean,NOAA CO-OPS 8729678 Navarre Beach predictions,2026-08-08T15:57:33.641686-05:00
2021-11-25,70.3,49.0,0.0,7.7,14.8,107.0,2.887,122.0,4.55,,,,0.052,1.539,1.487,finalized,Open-Meteo ERA5,Open-Meteo ERA5-Ocean,NOAA CO-OPS 8729678 Navarre Beach predictions,2026-08-08T15:57:33.641686-05:00
2021-11-26,64.7,44.5,0.043,13.8,26.2,343.0,4.003,354.0,4.3,,,,0.161,1.431,1.27,finalized,Open-Meteo ERA5,Open-Meteo ERA5-Ocean,NOAA CO-OPS 8729678 Navarre Beach predictions,2026-08-08T15:57:33.641686-05:00
2021-11-27,63.0,37.4,0.0,6.8,14.3,354.0,3.018,23.0,4.0,,,,0.306,0.306,0.0,finalized,Open-Meteo ERA5,Open-Meteo ERA5-Ocean,NOAA CO-OPS 8729678 Navarre Beach predictions,2026-08-08T15:57:33.641686-05:00
2021-11-28,55.6,51.6,0.043,9.1,16.6,317.0,1.969,319.0,3.25,,,,0.471,1.253,0.7819999999999999,finalized,Open-Meteo ERA5,Open-Meteo ERA5-Ocean,NOAA CO-OPS 8729678 Navarre Beach predictions,2026-08-08T15:57:33.641686-05:00
2021-11-29,64.0,40.5,0.0,9.5,19.2,351.0,2.756,358.0,3.65,,,,0.628,1.108,0.4800000000000001,finalized,Open-Meteo ERA5,Open-Meteo ERA5-Ocean,NOAA CO-OPS 8729678 Navarre Beach predictions,2026-08-08T15:57:33.641686-05:00
2021-11-30,66.9,36.4,0.0,7.2,11.0,53.0,1.837,34.0,3.4,,,,0.688,1.276,0.5880000000000001,finalized,Open-Meteo ERA5,Open-Meteo ERA5-Ocean,NOAA CO-OPS 8729678 Navarre Beach predictions,2026-08-08T15:57:33.641686-05:00
2021-12-01,69.8,42.7,0.0,6.8,14.3,143.0,0.984,127.0,2.85,,,,0.345,1.494,1.149,finalized,Open-Meteo ERA5,Open-Meteo ERA5-Ocean,NOAA CO-OPS 8729678 Navarre Beach predictions,2026-08-08T15:57:33.641686-05:00
2021-12-02,75.2,45.1,0.0,7.8,17.0,275.0,1.181,258.0,2.75,,,,0.01,1.709,1.699,finalized,Open-Meteo ERA5,Open-Meteo ERA5-Ocean,NOAA CO-OPS 8729678 Navarre Beach predictions,2026-08-08T15:57:33.641686-05:00
2021-12-03,74.2,50.7,0.0,5.2,11.6,262.0,1.115,253.0,3.05,,,,-0.276,1.87,2.146,finalized,Open-Meteo ERA5,Open-Meteo ERA5-Ocean,NOAA CO-OPS 8729678 Navarre Beach predictions,2026-08-08T15:57:33.641686-05:00
2021-12-04,74.4,51.0,0.0,5.9,11.9,265.0,0.787,225.0,2.75,,,,-0.485,1.955,2.44,finalized,Open-Meteo ERA5,Open-Meteo ERA5-Ocean,NOAA CO-OPS 8729678 Navarre Beach predictions,2026-08-08T15:57:33.641686-05:00
2021-12-05,73.0,59.1,0.0,9.4,19.9,157.0,2.69,162.0,3.5,,,,-0.601,1.957,2.558,finalized,Open-Meteo ERA5,Open-Meteo ERA5-Ocean,NOAA CO-OPS 8729678 Navarre Beach predictions,2026-08-08T15:57:33.641686-05:00
2021-12-06,77.6,64.8,0.028,9.5,25.1,216.0,3.15,181.0,4.15,,,,-0.622,1.881,2.503,finalized,Open-Meteo ERA5,Open-Meteo ERA5-Ocean,NOAA CO-OPS 8729678 Navarre Beach predictions,2026-08-08T15:57:33.641686-05:00
2021-12-07,64.2,58.0,0.008,8.1,16.1,34.0,1.64,160.0,4.0,,,,-0.55,1.737,2.287,finalized,Open-Meteo ERA5,Open-Meteo ERA5-Ocean,NOAA CO-OPS 8729678 Navarre Beach predictions,2026-08-08T15:57:33.641686-05:00
2021-12-08,70.3,51.3,0.134,10.5,22.8,293.0,2.362,247.0,3.6,,,,-0.397,1.54,1.937,finalized,Open-Meteo ERA5,Open-Meteo ERA5-Ocean,NOAA CO-OPS 8729678 Navarre Beach predictions,2026-08-08T15:57:33.641686-05:00
2021-12-09,69.3,49.2,0.012,11.2,17.2,118.0,2.493,133.0,3.55,,,,-0.181,1.305,1.486,finalized,Open-Meteo ERA5,Open-Meteo ERA5-Ocean,NOAA CO-OPS 8729678 Navarre Beach predictions,2026-08-08T15:57:33.641686-05:00
2021-12-10,77.5,69.7,0.012,14.5,27.5,186.0,2.953,177.0,3.95,,,,0.068,1.046,0.978,finalized,Open-Meteo ERA5,Open-Meteo ERA5-Ocean,NOAA CO-OPS 8729678 Navarre Beach predictions,2026-08-08T15:57:33.641686-05:00
2021-12-11,79.1,60.7,0.154,14.4,28.6,210.0,3.871,192.0,4.55,,,,0.277,0.277,0.0,finalized,Open-Meteo ERA5,Open-Meteo ERA5-Ocean,NOAA CO-OPS 8729678 Navarre Beach predictions,2026-08-08T15:57:33.641686-05:00
2021-12-12,62.8,51.2,0.0,11.5,19.5,16.0,3.74,26.0,4.35,,,,0.41,0.867,0.457,finalized,Open-Meteo ERA5,Open-Meteo ERA5-Ocean,NOAA CO-OPS 8729678 Navarre Beach predictions,2026-08-08T15:57:33.641686-05:00
2021-12-13,68.3,50.2,0.0,6.0,11.9,65.0,1.903,98.0,3.9,,,,0.437,1.003,0.5659999999999998,finalized,Open-Meteo ERA5,Open-Meteo ERA5-Ocean,NOAA CO-OPS 8729678 Navarre Beach predictions,2026-08-08T15:57:33.641686-05:00
2021-12-14,71.2,55.7,0.0,6.5,14.8,70.0,1.575,104.0,3.6,,,,0.209,1.141,0.932,finalized,Open-Meteo ERA5,Open-Meteo ERA5-Ocean,NOAA CO-OPS 8729678 Navarre Beach predictions,2026-08-08T15:57:33.641686-05:00
2021-12-15,71.5,54.4,0.0,8.8,18.1,82.0,3.084,111.0,4.45,,,,0.004,1.257,1.253,finalized,Open-Meteo ERA5,Open-Meteo ERA5-Ocean,NOAA CO-OPS 8729678 Navarre Beach predictions,2026-08-08T15:57:33.641686-05:00
2021-12-16,72.6,59.1,0.0,7.6,17.7,100.0,2.69,123.0,4.4,,,,-0.167,1.33,1.497,finalized,Open-Meteo ERA5,Open-Meteo ERA5-Ocean,NOAA CO-OPS 8729678 Navarre Beach predictions,2026-08-08T15:57:33.641686-05:00
2021-12-17,72.3,65.0,0.031,10.4,20.4,121.0,3.084,132.0,4.35,,,,-0.3,1.366,1.666,finalized,Open-Meteo ERA5,Open-Meteo ERA5-Ocean,NOAA CO-OPS 8729678 Navarre Beach predictions,2026-08-08T15:57:33.641686-05:00
2021-12-18,76.5,69.6,1.059,12.1,19.5,187.0,3.412,162.0,4.9,,,,-0.391,1.377,1.768,finalized,Open-Meteo ERA5,Open-Meteo ERA5-Ocean,NOAA CO-OPS 8729678 Navarre Beach predictions,2026-08-08T15:57:33.641686-05:00
2021-12-19,69.8,48.1,0.024,13.3,26.8,337.0,4.134,351.0,5.0,,,,-0.441,1.378,1.819,finalized,Open-Meteo ERA5,Open-Meteo ERA5-Ocean,NOAA CO-OPS 8729678 Navarre Beach predictions,2026-08-08T15:57:33.641686-05:00
2021-12-20,53.9,45.0,0.063,11.1,20.4,36.0,3.937,36.0,4.3,,,,-0.453,1.377,1.83,finalized,Open-Meteo ERA5,Open-Meteo ERA5-Ocean,NOAA CO-OPS 8729678 Navarre Beach predictions,2026-08-08T15:57:33.641686-05:00
2021-12-21,52.1,46.9,0.039,10.7,20.6,355.0,3.937,27.0,4.5,,,,-0.431,1.371,1.802,finalized,Open-Meteo ERA5,Open-Meteo ERA5-Ocean,NOAA CO-OPS 8729678 Navarre Beach predictions,2026-08-08T15:57:33.641686-05:00
2021-12-22,62.7,40.9,0.0,9.5,19.5,326.0,3.675,332.0,4.15,,,,-0.374,1.349,1.723,finalized,Open-Meteo ERA5,Open-Meteo ERA5-Ocean,NOAA CO-OPS 8729678 Navarre Beach predictions,2026-08-08T15:57:33.641686-05:00
2021-12-23,62.8,37.6,0.0,6.9,12.3,67.0,1.969,29.0,3.25,,,,-0.279,1.29,1.569,finalized,Open-Meteo ERA5,Open-Meteo ERA5-Ocean,NOAA CO-OPS 8729678 Navarre Beach predictions,2026-08-08T15:57:33.641686-05:00
2021-12-24,71.0,46.3,0.0,10.3,21.0,172.0,2.1,172.0,3.3,,,,-0.145,1.174,1.319,finalized,Open-Meteo ERA5,Open-Meteo ERA5-Ocean,NOAA CO-OPS 8729678 Navarre Beach predictions,2026-08-08T15:57:33.641686-05:00
2021-12-25,74.9,57.8,0.0,12.2,26.8,218.0,3.215,208.0,4.3,,,,0.019,0.986,0.967,finalized,Open-Meteo ERA5,Open-Meteo ERA5-Ocean,NOAA CO-OPS 8729678 Navarre Beach predictions,2026-08-08T15:57:33.641686-05:00
2021-12-26,76.7,62.5,0.0,9.1,18.8,232.0,2.493,215.0,4.65,,,,0.19,0.732,0.542,finalized,Open-Meteo ERA5,Open-Meteo ERA5-Ocean,NOAA CO-OPS 8729678 Navarre Beach predictions,2026-08-08T15:57:33.641686-05:00
2021-12-27,76.0,62.6,0.012,13.5,27.3,207.0,2.428,194.0,4.3,,,,0.336,0.856,0.52,finalized,Open-Meteo ERA5,Open-Meteo ERA5-Ocean,NOAA CO-OPS 8729678 Navarre Beach predictions,2026-08-08T15:57:33.641686-05:00
2021-12-28,77.1,69.7,0.035,16.0,30.4,182.0,4.134,179.0,4.6,,,,0.337,1.054,0.7170000000000001,finalized,Open-Meteo ERA5,Open-Meteo ERA5-Ocean,NOAA CO-OPS 8729678 Navarre Beach predictions,2026-08-08T15:57:33.641686-05:00
2021-12-29,77.8,71.5,0.146,16.8,30.0,196.0,4.593,181.0,5.2,,,,0.004,1.277,1.273,finalized,Open-Meteo ERA5,Open-Meteo ERA5-Ocean,NOAA CO-OPS 8729678 Navarre Beach predictions,2026-08-08T15:57:33.641686-05:00
2021-12-30,80.7,72.4,0.091,11.9,28.9,219.0,4.199,197.0,5.5,,,,-0.33,1.476,1.806,finalized,Open-Meteo ERA5,Open-Meteo ERA5-Ocean,NOAA CO-OPS 8729678 Navarre Beach predictions,2026-08-08T15:57:33.641686-05:00
2021-12-31,78.6,71.5,0.071,14.3,26.8,202.0,3.084,190.0,5.55,,,,-0.613,1.617,2.23,finalized,Open-Meteo ERA5,Open-Meteo ERA5-Ocean,NOAA CO-OPS 8729678 Navarre Beach predictions,2026-08-08T15:57:33.641686-05:00
2022-01-01,77.4,72.7,0.055,18.4,35.6,194.0,5.774,186.0,5.6,,,,-0.86,1.701,2.561,finalized,Open-Meteo ERA5,Open-Meteo ERA5-Ocean,NOAA CO-OPS 8729678 Navarre Beach predictions,2026-08-08T15:57:33.641686-05:00
2022-01-02,76.0,47.6,0.244,21.4,38.9,234.0,9.908,215.0,6.0,,,,-0.955,1.684,2.639,finalized,Open-Meteo ERA5,Open-Meteo ERA5-Ocean,NOAA CO-OPS 8729678 Navarre Beach predictions,2026-08-08T15:57:33.641686-05:00
2022-01-03,48.1,36.3,0.0,18.5,32.7,337.0,9.58,318.0,6.1,,,,-0.948,1.596,2.544,finalized,Open-Meteo ERA5,Open-Meteo ERA5-Ocean,NOAA CO-OPS 8729678 Navarre Beach predictions,2026-08-08T15:57:33.641686-05:00
2022-01-04,52.7,33.7,0.0,9.5,12.8,49.0,3.412,42.0,4.1,,,,-0.844,1.443,2.287,finalized,Open-Meteo ERA5,Open-Meteo ERA5-Ocean,NOAA CO-OPS 8729678 Navarre Beach predictions,2026-08-08T15:57:33.641686-05:00
2022-01-05,63.0,47.5,0.008,6.8,12.5,38.0,1.378,112.0,3.1,,,,-0.655,1.237,1.892,finalized,Open-Meteo ERA5,Open-Meteo ERA5-Ocean,NOAA CO-OPS 8729678 Navarre Beach predictions,2026-08-08T15:57:33.641686-05:00
2022-01-06,69.7,51.8,0.043,15.5,28.6,205.0,3.412,196.0,3.75,,,,-0.404,0.991,1.395,finalized,Open-Meteo ERA5,Open-Meteo ERA5-Ocean,NOAA CO-OPS 8729678 Navarre Beach predictions,2026-08-08T15:57:33.641686-05:00
2022-01-07,56.9,40.0,0.0,13.8,23.5,18.0,4.724,18.0,4.45,,,,-0.138,0.729,0.867,finalized,Open-Meteo ERA5,Open-Meteo ERA5-Ocean,NOAA CO-OPS 8729678 Navarre Beach predictions,2026-08-08T15:57:33.641686-05:00
2022-01-08,64.5,44.2,0.008,11.9,19.9,90.0,5.577,105.0,5.0,,,,0.041,0.476,0.435,finalized,Open-Meteo ERA5,Open-Meteo ERA5-Ocean,NOAA CO-OPS 8729678 Navarre Beach predictions,2026-08-08T15:57:33.641686-05:00
2022-01-09,74.2,59.9,0.181,13.4,25.1,158.0,5.446,143.0,5.6,,,,0.144,0.608,0.4639999999999999,finalized,Open-Meteo ERA5,Open-Meteo ERA5-Ocean,NOAA CO-OPS 8729678 Navarre Beach predictions,2026-08-08T15:57:33.641686-05:00
2022-01-10,65.6,45.2,0.0,14.7,29.8,358.0,5.906,21.0,5.6,,,,0.086,0.788,0.7020000000000001,finalized,Open-Meteo ERA5,Open-Meteo ERA5-Ocean,NOAA CO-OPS 8729678 Navarre Beach predictions,2026-08-08T15:57:33.641686-05:00
2022-01-11,57.6,38.6,0.0,12.8,24.2,20.0,5.971,31.0,4.95,,,,-0.13,0.946,1.076,finalized,Open-Meteo ERA5,Open-Meteo ERA5-Ocean,NOAA CO-OPS 8729678 Navarre Beach predictions,2026-08-08T15:57:33.641686-05:00
2022-01-12,58.9,40.5,0.0,7.8,12.1,23.0,3.018,72.0,3.95,,,,-0.317,1.055,1.372,finalized,Open-Meteo ERA5,Open-Meteo ERA5-Ocean,NOAA CO-OPS 8729678 Navarre Beach predictions,2026-08-08T15:57:33.641686-05:00
2022-01-13,66.2,38.4,0.0,10.6,21.0,286.0,4.068,296.0,4.4,,,,-0.466,1.118,1.584,finalized,Open-Meteo ERA5,Open-Meteo ERA5-Ocean,NOAA CO-OPS 8729678 Navarre Beach predictions,2026-08-08T15:57:33.641686-05:00
2022-01-14,65.6,42.2,0.0,8.3,14.1,318.0,4.003,278.0,4.4,,,,-0.576,1.147,1.723,finalized,Open-Meteo ERA5,Open-Meteo ERA5-Ocean,NOAA CO-OPS 8729678 Navarre Beach predictions,2026-08-08T15:57:33.641686-05:00
2022-01-15,63.8,45.0,1.043,14.1,23.5,121.0,5.184,156.0,5.0,,,,-0.648,1.16,1.808,finalized,Open-Meteo ERA5,Open-Meteo ERA5-Ocean,NOAA CO-OPS 8729678 Navarre Beach predictions,2026-08-08T15:57:33.641686-05:00
2022-01-16,62.6,39.1,0.374,20.2,41.8,278.0,13.189,263.0,7.45,,,,-0.683,1.167,1.85,finalized,Open-Meteo ERA5,Open-Meteo ERA5-Ocean,NOAA CO-OPS 8729678 Navarre Beach predictions,2026-08-08T15:57:33.641686-05:00
2022-01-17,55.5,38.7,0.0,12.8,23.9,305.0,6.89,288.0,6.15,,,,-0.685,1.17,1.855,finalized,Open-Meteo ERA5,Open-Meteo ERA5-Ocean,NOAA CO-OPS 8729678 Navarre Beach predictions,2026-08-08T15:57:33.641686-05:00
2022-01-18,56.7,33.1,0.0,5.3,12.5,93.0,2.493,320.0,4.15,,,,-0.649,1.163,1.812,finalized,Open-Meteo ERA5,Open-Meteo ERA5-Ocean,NOAA CO-OPS 8729678 Navarre Beach predictions,2026-08-08T15:57:33.641686-05:00
2022-01-19,65.1,44.6,0.0,12.2,24.2,129.0,3.806,159.0,4.35,,,,-0.572,1.129,1.701,finalized,Open-Meteo ERA5,Open-Meteo ERA5-Ocean,NOAA CO-OPS 8729678 Navarre Beach predictions,2026-08-08T15:57:33.641686-05:00
2022-01-20,64.9,41.1,0.488,14.3,36.5,355.0,5.249,125.0,4.7,,,,-0.447,1.05,1.497,finalized,Open-Meteo ERA5,Open-Meteo ERA5-Ocean,NOAA CO-OPS 8729678 Navarre Beach predictions,2026-08-08T15:57:33.641686-05:00
2022-01-21,40.4,36.1,0.15,13.8,25.3,6.0,5.052,13.0,4.7,,,,-0.279,0.909,1.1880000000000002,finalized,Open-Meteo ERA5,Open-Meteo ERA5-Ocean,NOAA CO-OPS 8729678 Navarre Beach predictions,2026-08-08T15:57:33.641686-05:00
2022-01-22,51.0,37.0,0.012,11.5,22.1,12.0,4.921,23.0,4.6,,,,-0.099,0.7,0.7989999999999999,finalized,Open-Meteo ERA5,Open-Meteo ERA5-Ocean,NOAA CO-OPS 8729678 Navarre Beach predictions,2026-08-08T15:57:33.641686-05:00
2022-01-23,52.0,29.1,0.0,7.3,15.0,322.0,1.706,345.0,3.15,,,,0.07,0.447,0.377,finalized,Open-Meteo ERA5,Open-Meteo ERA5-Ocean,NOAA CO-OPS 8729678 Navarre Beach predictions,2026-08-08T15:57:33.641686-05:00
2022-01-24,57.3,31.1,0.0,6.5,13.9,263.0,1.837,296.0,3.25,,,,0.192,0.657,0.465,finalized,Open-Meteo ERA5,Open-Meteo ERA5-Ocean,NOAA CO-OPS 8729678 Navarre Beach predictions,2026-08-08T15:57:33.641686-05:00
2022-01-25,52.6,47.1,0.39,10.5,19.7,42.0,5.446,71.0,5.2,,,,0.074,0.901,0.8270000000000001,finalized,Open-Meteo ERA5,Open-Meteo ERA5-Ocean,NOAA CO-OPS 8729678 Navarre Beach predictions,2026-08-08T15:57:33.641686-05:00
2022-01-26,60.3,43.2,0.0,14.0,25.5,14.0,6.102,53.0,5.5,,,,-0.251,1.13,1.3809999999999998,finalized,Open-Meteo ERA5,Open-Meteo ERA5-Ocean,NOAA CO-OPS 8729678 Navarre Beach predictions,2026-08-08T15:57:33.641686-05:00
2022-01-27,64.2,39.1,0.0,9.0,17.2,49.0,3.675,61.0,4.3,,,,-0.551,1.307,1.858,finalized,Open-Meteo ERA5,Open-Meteo ERA5-Ocean,NOAA CO-OPS 8729678 Navarre Beach predictions,2026-08-08T15:57:33.641686-05:00
2022-01-28,52.7,43.0,0.0,14.3,27.1,332.0,6.955,329.0,5.2,,,,-0.793,1.418,2.211,finalized,Open-Meteo ERA5,Open-Meteo ERA5-Ocean,NOAA CO-OPS 8729678 Navarre Beach predictions,2026-08-08T15:57:33.641686-05:00
2022-01-29,48.6,32.0,0.0,13.9,24.8,332.0,7.349,333.0,5.35,,,,-0.951,1.461,2.412,finalized,Open-Meteo ERA5,Open-Meteo ERA5-Ocean,NOAA CO-OPS 8729678 Navarre Beach predictions,2026-08-08T15:57:33.641686-05:00
2022-01-30,62.5,30.3,0.0,15.9,30.4,249.0,4.199,262.0,4.5,,,,-1.015,1.439,2.454,finalized,Open-Meteo ERA5,Open-Meteo ERA5-Ocean,NOAA CO-OPS 8729678 Navarre Beach predictions,2026-08-08T15:57:33.641686-05:00
2022-01-31,66.7,43.2,0.0,9.4,14.8,247.0,4.265,251.0,4.6,,,,-0.981,1.354,2.335,finalized,Open-Meteo ERA5,Open-Meteo ERA5-Ocean,NOAA CO-OPS 8729678 Navarre Beach predictions,2026-08-08T15:57:33.641686-05:00
2022-02-01,66.1,45.1,0.0,17.8,33.6,111.0,7.612,140.0,6.2,,,,-0.855,1.205,2.06,finalized,Open-Meteo ERA5,Open-Meteo ERA5-Ocean,NOAA CO-OPS 8729678 Navarre Beach predictions,2026-08-08T15:57:33.641686-05:00
2022-02-02,66.0,57.5,0.22,18.6,34.4,124.0,10.171,146.0,7.6,,,,-0.651,1.003,1.654,finalized,Open-Meteo ERA5,Open-Meteo ERA5-Ocean,NOAA CO-OPS 8729678 Navarre Beach predictions,2026-08-08T15:57:33.641686-05:00
2022-02-03,72.6,64.7,1.039,15.9,31.5,168.0,7.087,159.0,6.8,,,,-0.393,0.763,1.156,finalized,Open-Meteo ERA5,Open-Meteo ERA5-Ocean,NOAA CO-OPS 8729678 Navarre Beach predictions,2026-08-08T15:57:33.641686-05:00
2022-02-04,68.6,39.3,0.764,15.0,32.9,330.0,6.037,236.0,6.15,,,,-0.16,0.51,0.67,finalized,Open-Meteo ERA5,Open-Meteo ERA5-Ocean,NOAA CO-OPS 8729678 Navarre Beach predictions,2026-08-08T15:57:33.641686-05:00
2022-02-05,52.3,35.0,0.043,15.7,27.3,5.0,6.759,8.0,5.15,,,,-0.016,0.269,0.285,finalized,Open-Meteo ERA5,Open-Meteo ERA5-Ocean,NOAA CO-OPS 8729678 Navarre Beach predictions,2026-08-08T15:57:33.641686-05:00
2022-02-06,59.7,34.6,0.0,7.3,13.9,32.0,2.297,43.0,3.65,,,,0.062,0.469,0.407,finalized,Open-Meteo ERA5,Open-Meteo ERA5-Ocean,NOAA CO-OPS 8729678 Navarre Beach predictions,2026-08-08T15:57:33.641686-05:00
2022-02-07,49.3,45.2,0.445,6.7,11.9,27.0,1.64,52.0,3.2,,,,-0.01,0.668,0.678,finalized,Open-Meteo ERA5,Open-Meteo ERA5-Ocean,NOAA CO-OPS 8729678 Navarre Beach predictions,2026-08-08T15:57:33.641686-05:00
2022-02-08,59.9,39.5,0.0,8.6,16.8,0.0,2.756,8.0,3.65,,,,-0.204,0.815,1.019,finalized,Open-Meteo ERA5,Open-Meteo ERA5-Ocean,NOAA CO-OPS 8729678 Navarre Beach predictions,2026-08-08T15:57:33.641686-05:00
2022-02-09,62.5,31.9,0.0,6.3,12.3,307.0,0.919,333.0,2.8,,,,-0.361,0.911,1.272,finalized,Open-Meteo ERA5,Open-Meteo ERA5-Ocean,NOAA CO-OPS 8729678 Navarre Beach predictions,2026-08-08T15:57:33.641686-05:00
2022-02-10,67.3,37.2,0.0,5.8,11.0,270.0,0.853,285.0,2.65,,,,-0.481,0.966,1.447,finalized,Open-Meteo ERA5,Open-Meteo ERA5-Ocean,NOAA CO-OPS 8729678 Navarre Beach predictions,2026-08-08T15:57:33.641686-05:00
2022-02-11,64.2,41.1,0.004,7.0,15.0,156.0,2.493,141.0,4.0,,,,-0.563,1.0,1.563,finalized,Open-Meteo ERA5,Open-Meteo ERA5-Ocean,NOAA CO-OPS 8729678 Navarre Beach predictions,2026-08-08T15:57:33.641686-05:00
2022-02-12,65.7,51.0,0.0,6.8,13.2,81.0,2.493,130.0,4.25,,,,-0.612,1.026,1.638,finalized,Open-Meteo ERA5,Open-Meteo ERA5-Ocean,NOAA CO-OPS 8729678 Navarre Beach predictions,2026-08-08T15:57:33.641686-05:00
2022-02-13,56.2,39.0,0.008,15.5,29.5,337.0,5.577,342.0,4.75,,,,-0.629,1.048,1.677,finalized,Open-Meteo ERA5,Open-Meteo ERA5-Ocean,NOAA CO-OPS 8729678 Navarre Beach predictions,2026-08-08T15:57:33.641686-05:00
2022-02-14,60.6,30.6,0.0,6.4,12.1,300.0,2.756,331.0,3.9,,,,-0.613,1.059,1.672,finalized,Open-Meteo ERA5,Open-Meteo ERA5-Ocean,NOAA CO-OPS 8729678 Navarre Beach predictions,2026-08-08T15:57:33.641686-05:00
2022-02-15,64.3,34.2,0.0,11.7,23.5,101.0,3.609,110.0,4.65,,,,-0.559,1.048,1.6070000000000002,finalized,Open-Meteo ERA5,Open-Meteo ERA5-Ocean,NOAA CO-OPS 8729678 Navarre Beach predictions,2026-08-08T15:57:33.641686-05:00
2022-02-16,70.7,50.0,0.0,16.0,33.8,120.0,5.84,130.0,5.7,,,,-0.461,0.998,1.459,finalized,Open-Meteo ERA5,Open-Meteo ERA5-Ocean,NOAA CO-OPS 8729678 Navarre Beach predictions,2026-08-08T15:57:33.641686-05:00
2022-02-17,71.0,61.8,0.087,19.0,35.8,158.0,6.824,155.0,6.55,,,,-0.315,0.897,1.212,finalized,Open-Meteo ERA5,Open-Meteo ERA5-Ocean,NOAA CO-OPS 8729678 Navarre Beach predictions,2026-08-08T15:57:33.641686-05:00
2022-02-18,67.9,47.2,0.209,13.9,26.4,333.0,5.84,249.0,6.1,,,,-0.145,0.738,0.883,finalized,Open-Meteo ERA5,Open-Meteo ERA5-Ocean,NOAA CO-OPS 8729678 Navarre Beach predictions,2026-08-08T15:57:33.641686-05:00
2022-02-19,62.5,38.5,0.0,13.1,25.5,7.0,4.462,11.0,4.45,,,,0.021,0.523,0.502,finalized,Open-Meteo ERA5,Open-Meteo ERA5-Ocean,NOAA CO-OPS 8729678 Navarre Beach predictions,2026-08-08T15:57:33.641686-05:00
2022-02-20,64.7,42.8,0.0,10.1,20.6,87.0,3.806,86.0,4.7,,,,0.11,0.482,0.372,finalized,Open-Meteo ERA5,Open-Meteo ERA5-Ocean,NOAA CO-OPS 8729678 Navarre Beach predictions,2026-08-08T15:57:33.641686-05:00
2022-02-21,67.4,51.0,0.0,9.8,20.4,134.0,2.428,137.0,4.55,,,,-0.028,0.735,0.763,finalized,Open-Meteo ERA5,Open-Meteo ERA5-Ocean,NOAA CO-OPS 8729678 Navarre Beach predictions,2026-08-08T15:57:33.641686-05:00
2022-02-22,74.7,63.9,0.012,15.5,28.9,152.0,3.543,163.0,5.25,,,,0.979,0.979,0.0,finalized,Open-Meteo ERA5,Open-Meteo ERA5-Ocean,NOAA CO-OPS 8729678 Navarre Beach predictions,2026-08-08T15:57:33.641686-05:00
2022-02-23,75.7,64.9,0.0,9.2,19.2,164.0,3.346,164.0,5.2,,,,-0.3,1.171,1.471,finalized,Open-Meteo ERA5,Open-Meteo ERA5-Ocean,NOAA CO-OPS 8729678 Navarre Beach predictions,2026-08-08T15:57:33.641686-05:00
2022-02-24,74.0,64.7,0.039,11.6,23.9,156.0,2.297,160.0,4.65,,,,-0.534,1.298,1.832,finalized,Open-Meteo ERA5,Open-Meteo ERA5-Ocean,NOAA CO-OPS 8729678 Navarre Beach predictions,2026-08-08T15:57:33.641686-05:00
2022-02-25,76.2,56.8,0.035,10.7,21.7,327.0,2.756,153.0,4.9,,,,-0.705,1.361,2.066,finalized,Open-Meteo ERA5,Open-Meteo ERA5-Ocean,NOAA CO-OPS 8729678 Navarre Beach predictions,2026-08-08T15:57:33.641686-05:00
2022-02-26,73.9,48.4,0.0,10.3,19.5,7.0,2.822,37.0,4.65,,,,-0.798,1.369,2.167,finalized,Open-Meteo ERA5,Open-Meteo ERA5-Ocean,NOAA CO-OPS 8729678 Navarre Beach predictions,2026-08-08T15:57:33.641686-05:00
2022-02-27,70.6,53.5,0.035,12.0,21.3,347.0,3.084,61.0,4.7,,,,-0.805,1.327,2.132,finalized,Open-Meteo ERA5,Open-Meteo ERA5-Ocean,NOAA CO-OPS 8729678 Navarre Beach predictions,2026-08-08T15:57:33.641686-05:00
2022-02-28,65.5,49.7,0.0,11.9,22.8,358.0,3.806,352.0,4.2,,,,-0.725,1.234,1.959,finalized,Open-Meteo ERA5,Open-Meteo ERA5-Ocean,NOAA CO-OPS 8729678 Navarre Beach predictions,2026-08-08T15:57:33.641686-05:00
2022-03-01,71.5,46.6,0.0,8.9,14.3,347.0,2.297,0.0,3.35,,,,-0.566,1.088,1.654,finalized,Open-Meteo ERA5,Open-Meteo ERA5-Ocean,NOAA CO-OPS 8729678 Navarre Beach predictions,2026-08-08T15:57:33.641686-05:00
2022-03-02,73.1,41.1,0.0,6.2,11.9,326.0,1.115,324.0,2.7,,,,-0.345,0.894,1.239,finalized,Open-Meteo ERA5,Open-Meteo ERA5-Ocean,NOAA CO-OPS 8729678 Navarre Beach predictions,2026-08-08T15:57:33.641686-05:00
2022-03-03,75.5,43.1,0.0,5.5,11.4,282.0,0.722,299.0,2.45,,,,-0.097,0.672,0.769,finalized,Open-Meteo ERA5,Open-Meteo ERA5-Ocean,NOAA CO-OPS 8729678 Navarre Beach predictions,2026-08-08T15:57:33.641686-05:00
2022-03-04,76.4,44.2,0.0,9.4,19.7,116.0,0.984,95.0,2.75,,,,0.016,0.446,0.43,finalized,Open-Meteo ERA5,Open-Meteo ERA5-Ocean,NOAA CO-OPS 8729678 Navarre Beach predictions,2026-08-08T15:57:33.641686-05:00
2022-03-05,74.2,54.4,0.0,14.8,30.0,132.0,3.281,137.0,4.7,,,,-0.008,0.446,0.454,finalized,Open-Meteo ERA5,Open-Meteo ERA5-Ocean,NOAA CO-OPS 8729678 Navarre Beach predictions,2026-08-08T15:57:33.641686-05:00
2022-03-06,76.0,62.3,0.0,14.4,29.3,142.0,3.871,150.0,5.5,,,,-0.049,0.662,0.7110000000000001,finalized,Open-Meteo ERA5,Open-Meteo ERA5-Ocean,NOAA CO-OPS 8729678 Navarre Beach predictions,2026-08-08T15:57:33.641686-05:00
2022-03-07,75.8,65.6,0.118,13.0,28.0,178.0,4.068,160.0,5.6,,,,-0.146,0.826,0.972,finalized,Open-Meteo ERA5,Open-Meteo ERA5-Ocean,NOAA CO-OPS 8729678 Navarre Beach predictions,2026-08-08T15:57:33.641686-05:00
2022-03-08,70.6,61.6,0.138,11.3,23.3,119.0,2.756,162.0,5.55,,,,0.935,0.935,0.0,finalized,Open-Meteo ERA5,Open-Meteo ERA5-Ocean,NOAA CO-OPS 8729678 Navarre Beach predictions,2026-08-08T15:57:33.641686-05:00
2022-03-09,69.9,53.8,1.323,13.3,34.4,311.0,3.018,238.0,4.35,,,,-0.257,0.996,1.253,finalized,Open-Meteo ERA5,Open-Meteo ERA5-Ocean,NOAA CO-OPS 8729678 Navarre Beach predictions,2026-08-08T15:57:33.641686-05:00
2022-03-10,73.5,54.8,0.547,8.1,28.2,23.0,3.018,96.0,4.85,,,,-0.331,1.025,1.356,finalized,Open-Meteo ERA5,Open-Meteo ERA5-Ocean,NOAA CO-OPS 8729678 Navarre Beach predictions,2026-08-08T15:57:33.641686-05:00
2022-03-11,71.8,61.4,0.894,11.1,17.2,128.0,2.69,159.0,5.25,,,,-0.373,1.041,1.414,finalized,Open-Meteo ERA5,Open-Meteo ERA5-Ocean,NOAA CO-OPS 8729678 Navarre Beach predictions,2026-08-08T15:57:33.641686-05:00
2022-03-12,68.5,39.4,0.248,27.1,49.7,332.0,10.236,327.0,6.15,,,,-0.388,1.058,1.4460000000000002,finalized,Open-Meteo ERA5,Open-Meteo ERA5-Ocean,NOAA CO-OPS 8729678 Navarre Beach predictions,2026-08-08T15:57:33.641686-05:00
2022-03-13,56.7,33.9,0.0,9.5,18.1,43.0,4.068,36.0,4.4,,,,-0.374,1.076,1.4500000000000002,finalized,Open-Meteo ERA5,Open-Meteo ERA5-Ocean,NOAA CO-OPS 8729678 Navarre Beach predictions,2026-08-08T15:57:33.641686-05:00
2022-03-14,68.7,41.9,0.0,9.1,19.9,91.0,3.543,112.0,4.4,,,,-0.329,1.08,1.409,finalized,Open-Meteo ERA5,Open-Meteo ERA5-Ocean,NOAA CO-OPS 8729678 Navarre Beach predictions,2026-08-08T15:57:33.641686-05:00
2022-03-15,69.7,59.1,0.827,19.7,34.4,133.0,6.824,146.0,6.65,,,,-0.246,1.055,1.301,finalized,Open-Meteo ERA5,Open-Meteo ERA5-Ocean,NOAA CO-OPS 8729678 Navarre Beach predictions,2026-08-08T15:57:33.641686-05:00
2022-03-16,70.4,54.1,0.031,10.8,21.9,245.0,5.052,205.0,6.3,,,,-0.123,0.986,1.109,finalized,Open-Meteo ERA5,Open-Meteo ERA5-Ocean,NOAA CO-OPS 8729678 Navarre Beach predictions,2026-08-08T15:57:33.641686-05:00
2022-03-17,72.1,47.1,0.0,7.3,15.0,159.0,2.559,220.0,4.55,,,,0.033,0.87,0.837,finalized,Open-Meteo ERA5,Open-Meteo ERA5-Ocean,NOAA CO-OPS 8729678 Navarre Beach predictions,2026-08-08T15:57:33.641686-05:00
2022-03-18,73.3,62.0,1.291,17.9,31.8,191.0,4.79,183.0,5.65,,,,0.18,0.718,0.538,finalized,Open-Meteo ERA5,Open-Meteo ERA5-Ocean,NOAA CO-OPS 8729678 Navarre Beach predictions,2026-08-08T15:57:33.641686-05:00
2022-03-19,72.2,56.5,0.0,10.6,17.7,311.0,4.396,226.0,5.35,,,,0.089,0.59,0.501,finalized,Open-Meteo ERA5,Open-Meteo ERA5-Ocean,NOAA CO-OPS 8729678 Navarre Beach predictions,2026-08-08T15:57:33.641686-05:00
2022-03-20,75.4,47.5,0.0,9.1,19.0,10.0,3.281,26.0,4.55,,,,-0.017,0.845,0.862,finalized,Open-Meteo ERA5,Open-Meteo ERA5-Ocean,NOAA CO-OPS 8729678 Navarre Beach predictions,2026-08-08T15:57:33.641686-05:00
2022-03-21,73.2,47.7,0.0,14.2,27.7,110.0,5.052,122.0,5.15,,,,-0.133,1.095,1.228,finalized,Open-Meteo ERA5,Open-Meteo ERA5-Ocean,NOAA CO-OPS 8729678 Navarre Beach predictions,2026-08-08T15:57:33.641686-05:00
2022-03-22,74.2,63.7,0.618,21.9,40.3,140.0,8.333,147.0,6.8,,,,-0.301,1.299,1.6,finalized,Open-Meteo ERA5,Open-Meteo ERA5-Ocean,NOAA CO-OPS 8729678 Navarre Beach predictions,2026-08-08T15:57:33.641686-05:00
2022-03-23,72.4,60.7,1.354,17.3,36.9,223.0,7.94,179.0,6.8,,,,1.434,1.434,0.0,finalized,Open-Meteo ERA5,Open-Meteo ERA5-Ocean,NOAA CO-OPS 8729678 Navarre Beach predictions,2026-08-08T15:57:33.641686-05:00
2022-03-24,69.7,56.1,0.0,11.3,19.5,281.0,4.331,216.0,5.9,,,,-0.448,1.496,1.944,finalized,Open-Meteo ERA5,Open-Meteo ERA5-Ocean,NOAA CO-OPS 8729678 Navarre Beach predictions,2026-08-08T15:57:33.641686-05:00
2022-03-25,72.4,54.9,0.0,12.0,23.7,278.0,5.381,257.0,5.1,,,,-0.531,1.49,2.021,finalized,Open-Meteo ERA5,Open-Meteo ERA5-Ocean,NOAA CO-OPS 8729678 Navarre Beach predictions,2026-08-08T15:57:33.641686-05:00
2022-03-26,75.1,48.9,0.0,11.5,22.4,303.0,2.887,275.0,4.4,,,,-0.539,1.431,1.97,finalized,Open-Meteo ERA5,Open-Meteo ERA5-Ocean,NOAA CO-OPS 8729678 Navarre Beach predictions,2026-08-08T15:57:33.641686-05:00
2022-03-27,74.2,50.0,0.0,9.7,20.1,250.0,2.493,250.0,3.95,,,,-0.469,1.331,1.7999999999999998,finalized,Open-Meteo ERA5,Open-Meteo ERA5-Ocean,NOAA CO-OPS 8729678 Navarre Beach predictions,2026-08-08T15:57:33.641686-05:00
2022-03-28,78.3,58.4,0.0,11.5,20.8,251.0,3.281,245.0,4.4,,,,-0.325,1.198,1.523,finalized,Open-Meteo ERA5,Open-Meteo ERA5-Ocean,NOAA CO-OPS 8729678 Navarre Beach predictions,2026-08-08T15:57:33.641686-05:00
2022-03-29,76.8,60.4,0.0,10.5,21.5,176.0,2.887,199.0,4.2,,,,-0.121,1.041,1.162,finalized,Open-Meteo ERA5,Open-Meteo ERA5-Ocean,NOAA CO-OPS 8729678 Navarre Beach predictions,2026-08-08T15:57:33.641686-05:00
2022-03-30,77.7,67.0,0.016,22.0,42.1,157.0,10.367,170.0,7.1,,,,0.115,0.861,0.746,finalized,Open-Meteo ERA5,Open-Meteo ERA5-Ocean,NOAA CO-OPS 8729678 Navarre Beach predictions,2026-08-08T15:57:33.641686-05:00
2022-03-31,75.9,60.8,0.839,22.7,46.8,221.0,10.761,177.0,7.95,,,,0.193,0.677,0.484,finalized,Open-Meteo ERA5,Open-Meteo ERA5-Ocean,NOAA CO-OPS 8729678 Navarre Beach predictions,2026-08-08T15:57:33.641686-05:00
2022-04-01,75.3,52.8,0.0,8.2,16.3,330.0,4.987,170.0,7.55,,,,0.084,0.651,0.5670000000000001,finalized,Open-Meteo ERA5,Open-Meteo ERA5-Ocean,NOAA CO-OPS 8729678 Navarre Beach predictions,2026-08-08T15:57:33.641686-05:00
2022-04-02,69.5,54.2,0.012,7.9,13.6,50.0,2.822,156.0,7.05,,,,-0.016,0.863,0.879,finalized,Open-Meteo ERA5,Open-Meteo ERA5-Ocean,NOAA CO-OPS 8729678 Navarre Beach predictions,2026-08-08T15:57:33.641686-05:00
2022-04-03,80.0,51.2,0.0,6.7,16.6,354.0,2.1,136.0,5.25,,,,-0.096,1.033,1.129,finalized,Open-Meteo ERA5,Open-Meteo ERA5-Ocean,NOAA CO-OPS 8729678 Navarre Beach predictions,2026-08-08T15:57:33.641686-05:00
2022-04-04,78.1,52.6,0.0,9.5,18.6,121.0,2.362,144.0,4.9,,,,-0.151,1.151,1.302,finalized,Open-Meteo ERA5,Open-Meteo ERA5-Ocean,NOAA CO-OPS 8729678 Navarre Beach predictions,2026-08-08T15:57:33.641686-05:00
2022-04-05,77.7,67.3,0.303,17.4,44.5,190.0,6.168,181.0,5.9,,,,-0.187,1.219,1.406,finalized,Open-Meteo ERA5,Open-Meteo ERA5-Ocean,NOAA CO-OPS 8729678 Navarre Beach predictions,2026-08-08T15:57:33.641686-05:00
2022-04-06,81.4,71.0,0.48,17.7,33.1,212.0,4.462,191.0,5.75,,,,-0.204,1.248,1.452,finalized,Open-Meteo ERA5,Open-Meteo ERA5-Ocean,NOAA CO-OPS 8729678 Navarre Beach predictions,2026-08-08T15:57:33.641686-05:00
2022-04-07,76.4,60.6,0.035,15.4,27.7,307.0,6.299,276.0,5.5,,,,1.249,1.249,0.0,finalized,Open-Meteo ERA5,Open-Meteo ERA5-Ocean,NOAA CO-OPS 8729678 Navarre Beach predictions,2026-08-08T15:57:33.641686-05:00
2022-04-08,70.1,49.8,0.0,20.3,38.0,278.0,8.333,274.0,6.0,,,,-0.197,1.239,1.4360000000000002,finalized,Open-Meteo ERA5,Open-Meteo ERA5-Ocean,NOAA CO-OPS 8729678 Navarre Beach predictions,2026-08-08T15:57:33.641686-05:00
2022-04-09,67.8,46.4,0.0,12.1,25.5,290.0,5.118,277.0,5.85,,,,-0.166,1.225,1.391,finalized,Open-Meteo ERA5,Open-Meteo ERA5-Ocean,NOAA CO-OPS 8729678 Navarre Beach predictions,2026-08-08T15:57:33.641686-05:00
2022-04-10,73.0,52.5,0.0,12.1,24.2,197.0,2.953,210.0,4.15,,,,-0.112,1.206,1.318,finalized,Open-Meteo ERA5,Open-Meteo ERA5-Ocean,NOAA CO-OPS 8729678 Navarre Beach predictions,2026-08-08T15:57:33.641686-05:00
2022-04-11,72.8,61.4,0.035,16.9,26.4,151.0,4.987,172.0,5.6,,,,-0.029,1.169,1.198,finalized,Open-Meteo ERA5,Open-Meteo ERA5-Ocean,NOAA CO-OPS 8729678 Navarre Beach predictions,2026-08-08T15:57:33.641686-05:00
2022-04-12,75.9,66.4,0.047,13.8,27.7,151.0,5.84,160.0,6.1,,,,0.086,1.1,1.014,finalized,Open-Meteo ERA5,Open-Meteo ERA5-Ocean,NOAA CO-OPS 8729678 Navarre Beach predictions,2026-08-08T15:57:33.641686-05:00
2022-04-13,76.0,68.9,0.004,17.1,32.9,151.0,6.168,157.0,6.5,,,,0.232,0.996,0.764,finalized,Open-Meteo ERA5,Open-Meteo ERA5-Ocean,NOAA CO-OPS 8729678 Navarre Beach predictions,2026-08-08T15:57:33.641686-05:00
2022-04-14,77.5,67.2,0.28,10.8,20.6,207.0,5.381,164.0,6.55,,,,0.389,0.877,0.488,finalized,Open-Meteo ERA5,Open-Meteo ERA5-Ocean,NOAA CO-OPS 8729678 Navarre Beach predictions,2026-08-08T15:57:33.641686-05:00
2022-04-15,80.5,62.6,0.0,10.1,18.3,80.0,3.346,119.0,5.7,,,,0.286,0.819,0.5329999999999999,finalized,Open-Meteo ERA5,Open-Meteo ERA5-Ocean,NOAA CO-OPS 8729678 Navarre Beach predictions,2026-08-08T15:57:33.641686-05:00
2022-04-16,78.7,65.8,0.024,6.4,20.4,164.0,1.575,152.0,4.55,,,,0.09,1.039,0.949,finalized,Open-Meteo ERA5,Open-Meteo ERA5-Ocean,NOAA CO-OPS 8729678 Navarre Beach predictions,2026-08-08T15:57:33.641686-05:00
2022-04-17,77.8,66.1,0.157,7.6,21.5,168.0,1.181,159.0,4.15,,,,-0.093,1.288,1.381,finalized,Open-Meteo ERA5,Open-Meteo ERA5-Ocean,NOAA CO-OPS 8729678 Navarre Beach predictions,2026-08-08T15:57:33.641686-05:00
2022-04-18,79.2,60.3,0.815,14.5,28.0,328.0,5.118,295.0,4.5,,,,-0.242,1.509,1.751,finalized,Open-Meteo ERA5,Open-Meteo ERA5-Ocean,NOAA CO-OPS 8729678 Navarre Beach predictions,2026-08-08T15:57:33.641686-05:00
2022-04-19,72.2,51.9,0.0,12.4,24.8,26.0,5.118,32.0,4.6,,,,-0.363,1.672,2.035,finalized,Open-Meteo ERA5,Open-Meteo ERA5-Ocean,NOAA CO-OPS 8729678 Navarre Beach predictions,2026-08-08T15:57:33.641686-05:00
2022-04-20,72.9,54.0,0.0,14.7,29.8,110.0,5.446,112.0,5.3,,,,-0.435,1.759,2.194,finalized,Open-Meteo ERA5,Open-Meteo ERA5-Ocean,NOAA CO-OPS 8729678 Navarre Beach predictions,2026-08-08T15:57:33.641686-05:00
2022-04-21,77.0,64.5,0.0,12.0,23.9,120.0,5.381,128.0,5.5,,,,1.766,1.766,0.0,finalized,Open-Meteo ERA5,Open-Meteo ERA5-Ocean,NOAA CO-OPS 8729678 Navarre Beach predictions,2026-08-08T15:57:33.641686-05:00
2022-04-22,78.0,61.7,0.0,10.2,21.5,108.0,3.543,127.0,5.5,,,,-0.435,1.7,2.135,finalized,Open-Meteo ERA5,Open-Meteo ERA5-Ocean,NOAA CO-OPS 8729678 Navarre Beach predictions,2026-08-08T15:57:33.641686-05:00
2022-04-23,76.4,61.5,0.0,12.8,26.4,124.0,4.79,128.0,5.5,,,,-0.359,1.574,1.933,finalized,Open-Meteo ERA5,Open-Meteo ERA5-Ocean,NOAA CO-OPS 8729678 Navarre Beach predictions,2026-08-08T15:57:33.641686-05:00
2022-04-24,77.8,66.9,0.0,15.0,28.0,134.0,3.937,135.0,5.3,,,,-0.209,1.399,1.608,finalized,Open-Meteo ERA5,Open-Meteo ERA5-Ocean,NOAA CO-OPS 8729678 Navarre Beach predictions,2026-08-08T15:57:33.641686-05:00
2022-04-25,80.3,64.1,0.079,8.5,18.6,145.0,2.887,145.0,5.15,,,,0.003,1.185,1.1820000000000002,finalized,Open-Meteo ERA5,Open-Meteo ERA5-Ocean,NOAA CO-OPS 8729678 Navarre Beach predictions,2026-08-08T15:57:33.641686-05:00
2022-04-26,81.4,66.4,0.618,9.5,16.3,347.0,2.362,146.0,5.05,,,,0.244,0.97,0.726,finalized,Open-Meteo ERA5,Open-Meteo ERA5-Ocean,NOAA CO-OPS 8729678 Navarre Beach predictions,2026-08-08T15:57:33.641686-05:00
2022-04-27,80.2,57.8,0.0,10.0,17.2,6.0,3.346,53.0,4.65,,,,0.432,0.801,0.369,finalized,Open-Meteo ERA5,Open-Meteo ERA5-Ocean,NOAA CO-OPS 8729678 Navarre Beach predictions,2026-08-08T15:57:33.641686-05:00
2022-04-28,79.1,57.4,0.004,8.8,21.3,90.0,2.165,84.0,3.95,,,,0.349,0.912,0.5630000000000001,finalized,Open-Meteo ERA5,Open-Meteo ERA5-Ocean,NOAA CO-OPS 8729678 Navarre Beach predictions,2026-08-08T15:57:33.641686-05:00
2022-04-29,76.8,65.7,0.071,14.4,28.6,125.0,4.199,125.0,5.25,,,,0.16,1.074,0.914,finalized,Open-Meteo ERA5,Open-Meteo ERA5-Ocean,NOAA CO-OPS 8729678 Navarre Beach predictions,2026-08-08T15:57:33.641686-05:00
2022-04-30,80.5,70.2,0.118,12.9,24.8,154.0,3.543,141.0,4.95,,,,-0.002,1.245,1.247,finalized,Open-Meteo ERA5,Open-Meteo ERA5-Ocean,NOAA CO-OPS 8729678 Navarre Beach predictions,2026-08-08T15:57:33.641686-05:00
2022-05-01,80.5,71.0,0.106,10.1,19.9,182.0,2.493,155.0,4.65,,,,-0.121,1.369,1.49,finalized,Open-Meteo ERA5,Open-Meteo ERA5-Ocean,NOAA CO-OPS 8729678 Navarre Beach predictions,2026-08-08T15:57:33.641686-05:00
2022-05-02,81.3,68.9,0.012,9.8,20.4,175.0,1.706,157.0,4.6,,,,-0.19,1.444,1.634,finalized,Open-Meteo ERA5,Open-Meteo ERA5-Ocean,NOAA CO-OPS 8729678 Navarre Beach predictions,2026-08-08T15:57:33.641686-05:00
2022-05-03,82.2,72.8,0.016,9.5,20.6,175.0,1.903,161.0,4.5,,,,-0.213,1.478,1.691,finalized,Open-Meteo ERA5,Open-Meteo ERA5-Ocean,NOAA CO-OPS 8729678 Navarre Beach predictions,2026-08-08T15:57:33.641686-05:00
2022-05-04,83.0,70.9,0.02,8.1,17.4,199.0,1.837,162.0,4.8,,,,-0.199,1.485,1.6840000000000002,finalized,Open-Meteo ERA5,Open-Meteo ERA5-Ocean,NOAA CO-OPS 8729678 Navarre Beach predictions,2026-08-08T15:57:33.641686-05:00
2022-05-05,82.5,70.5,0.0,11.0,22.6,195.0,1.509,166.0,4.4,,,,-0.158,1.475,1.633,finalized,Open-Meteo ERA5,Open-Meteo ERA5-Ocean,NOAA CO-OPS 8729678 Navarre Beach predictions,2026-08-08T15:57:33.641686-05:00
2022-05-06,80.6,73.0,0.48,18.7,35.1,234.0,4.528,216.0,4.8,,,,-0.093,1.456,1.549,finalized,Open-Meteo ERA5,Open-Meteo ERA5-Ocean,NOAA CO-OPS 8729678 Navarre Beach predictions,2026-08-08T15:57:33.641686-05:00
2022-05-07,85.6,62.8,0.0,10.4,20.6,283.0,3.74,231.0,4.9,,,,1.425,1.425,0.0,finalized,Open-Meteo ERA5,Open-Meteo ERA5-Ocean,NOAA CO-OPS 8729678 Navarre Beach predictions,2026-08-08T15:57:33.641686-05:00
2022-05-08,83.6,64.3,0.0,7.9,14.5,26.0,2.165,178.0,4.35,,,,-0.003,1.374,1.377,finalized,Open-Meteo ERA5,Open-Meteo ERA5-Ocean,NOAA CO-OPS 8729678 Navarre Beach predictions,2026-08-08T15:57:33.641686-05:00
2022-05-09,79.3,66.0,0.004,11.1,23.3,99.0,3.281,113.0,4.45,,,,0.116,1.286,1.17,finalized,Open-Meteo ERA5,Open-Meteo ERA5-Ocean,NOAA CO-OPS 8729678 Navarre Beach predictions,2026-08-08T15:57:33.641686-05:00
2022-05-10,82.6,65.3,0.0,8.6,18.6,73.0,2.69,111.0,4.8,,,,0.263,1.149,0.886,finalized,Open-Meteo ERA5,Open-Meteo ERA5-Ocean,NOAA CO-OPS 8729678 Navarre Beach predictions,2026-08-08T15:57:33.641686-05:00
2022-05-11,87.3,60.4,0.0,5.9,13.6,24.0,1.772,130.0,4.8,,,,0.429,0.963,0.534,finalized,Open-Meteo ERA5,Open-Meteo ERA5-Ocean,NOAA CO-OPS 8729678 Navarre Beach predictions,2026-08-08T15:57:33.641686-05:00
2022-05-12,85.7,63.4,0.0,9.9,18.1,316.0,1.247,316.0,3.35,,,,0.59,0.979,0.389,finalized,Open-Meteo ERA5,Open-Meteo ERA5-Ocean,NOAA CO-OPS 8729678 Navarre Beach predictions,2026-08-08T15:57:33.641686-05:00
2022-05-13,85.2,66.4,0.209,9.8,19.0,56.0,1.115,234.0,2.85,,,,0.351,1.15,0.7989999999999999,finalized,Open-Meteo ERA5,Open-Meteo ERA5-Ocean,NOAA CO-OPS 8729678 Navarre Beach predictions,2026-08-08T15:57:33.641686-05:00
2022-05-14,82.4,69.4,0.122,8.6,18.6,216.0,0.984,214.0,3.0,,,,0.069,1.377,1.308,finalized,Open-Meteo ERA5,Open-Meteo ERA5-Ocean,NOAA CO-OPS 8729678 Navarre Beach predictions,2026-08-08T15:57:33.641686-05:00
2022-05-15,82.1,71.0,0.094,8.9,18.8,251.0,1.115,237.0,2.75,,,,-0.181,1.609,1.79,finalized,Open-Meteo ERA5,Open-Meteo ERA5-Ocean,NOAA CO-OPS 8729678 Navarre Beach predictions,2026-08-08T15:57:33.641686-05:00
2022-05-16,87.1,67.9,0.004,7.0,18.1,256.0,1.64,251.0,3.15,,,,-0.372,1.802,2.174,finalized,Open-Meteo ERA5,Open-Meteo ERA5-Ocean,NOAA CO-OPS 8729678 Navarre Beach predictions,2026-08-08T15:57:33.641686-05:00
2022-05-17,86.0,71.4,0.051,7.3,13.2,269.0,1.575,248.0,3.4,,,,-0.489,1.93,2.419,finalized,Open-Meteo ERA5,Open-Meteo ERA5-Ocean,NOAA CO-OPS 8729678 Navarre Beach predictions,2026-08-08T15:57:33.641686-05:00
2022-05-18,85.0,74.5,0.102,10.7,22.1,223.0,1.575,242.0,3.4,,,,-0.524,1.98,2.504,finalized,Open-Meteo ERA5,Open-Meteo ERA5-Ocean,NOAA CO-OPS 8729678 Navarre Beach predictions,2026-08-08T15:57:33.641686-05:00
2022-05-19,85.6,74.2,0.0,10.8,21.9,217.0,2.297,232.0,4.1,,,,-0.471,1.951,2.422,finalized,Open-Meteo ERA5,Open-Meteo ERA5-Ocean,NOAA CO-OPS 8729678 Navarre Beach predictions,2026-08-08T15:57:33.641686-05:00
2022-05-20,84.6,76.2,0.177,14.5,28.2,174.0,3.346,183.0,4.45,,,,1.849,1.849,0.0,finalized,Open-Meteo ERA5,Open-Meteo ERA5-Ocean,NOAA CO-OPS 8729678 Navarre Beach predictions,2026-08-08T15:57:33.641686-05:00
2022-05-21,86.2,75.4,0.189,13.7,23.5,146.0,5.118,163.0,6.15,,,,-0.332,1.68,2.012,finalized,Open-Meteo ERA5,Open-Meteo ERA5-Ocean,NOAA CO-OPS 8729678 Navarre Beach predictions,2026-08-08T15:57:33.641686-05:00
2022-05-22,78.9,74.2,0.571,13.9,27.7,128.0,6.168,155.0,6.5,,,,-0.119,1.458,1.577,finalized,Open-Meteo ERA5,Open-Meteo ERA5-Ocean,NOAA CO-OPS 8729678 Navarre Beach predictions,2026-08-08T15:57:33.641686-05:00
2022-05-23,82.3,74.4,0.457,19.1,34.9,201.0,6.43,178.0,6.1,,,,0.142,1.196,1.054,finalized,Open-Meteo ERA5,Open-Meteo ERA5-Ocean,NOAA CO-OPS 8729678 Navarre Beach predictions,2026-08-08T15:57:33.641686-05:00
2022-05-24,86.2,74.8,0.189,12.6,25.5,144.0,3.543,158.0,5.1,,,,0.386,0.915,0.529,finalized,Open-Meteo ERA5,Open-Meteo ERA5-Ocean,NOAA CO-OPS 8729678 Navarre Beach predictions,2026-08-08T15:57:33.641686-05:00
2022-05-25,81.6,73.2,1.287,16.3,27.7,145.0,6.824,155.0,5.6,,,,0.546,1.015,0.4689999999999998,finalized,Open-Meteo ERA5,Open-Meteo ERA5-Ocean,NOAA CO-OPS 8729678 Navarre Beach predictions,2026-08-08T15:57:33.641686-05:00
2022-05-26,76.5,72.5,2.004,16.9,24.8,171.0,5.512,156.0,5.7,,,,0.341,1.169,0.8280000000000001,finalized,Open-Meteo ERA5,Open-Meteo ERA5-Ocean,NOAA CO-OPS 8729678 Navarre Beach predictions,2026-08-08T15:57:33.641686-05:00
2022-05-27,86.8,70.0,0.004,14.1,26.8,257.0,4.199,199.0,5.55,,,,0.12,1.326,1.206,finalized,Open-Meteo ERA5,Open-Meteo ERA5-Ocean,NOAA CO-OPS 8729678 Navarre Beach predictions,2026-08-08T15:57:33.641686-05:00
2022-05-28,84.3,66.6,0.0,6.1,13.4,66.0,2.493,193.0,4.75,,,,-0.054,1.463,1.517,finalized,Open-Meteo ERA5,Open-Meteo ERA5-Ocean,NOAA CO-OPS 8729678 Navarre Beach predictions,2026-08-08T15:57:33.641686-05:00
2022-05-29,83.0,71.9,0.142,12.3,23.5,163.0,2.034,181.0,4.5,,,,-0.179,1.55,1.729,finalized,Open-Meteo ERA5,Open-Meteo ERA5-Ocean,NOAA CO-OPS 8729678 Navarre Beach predictions,2026-08-08T15:57:33.641686-05:00
2022-05-30,87.3,73.9,0.0,11.5,24.8,141.0,2.822,158.0,4.35,,,,-0.254,1.591,1.845,finalized,Open-Meteo ERA5,Open-Meteo ERA5-Ocean,NOAA CO-OPS 8729678 Navarre Beach predictions,2026-08-08T15:57:33.641686-05:00
2022-05-31,86.0,75.1,0.024,6.8,17.0,137.0,2.625,159.0,6.1,,,,-0.281,1.601,1.882,finalized,Open-Meteo ERA5,Open-Meteo ERA5-Ocean,NOAA CO-OPS 8729678 Navarre Beach predictions,2026-08-08T15:57:33.641686-05:00
2022-06-01,87.3,72.9,0.028,6.5,17.7,69.0,2.69,162.0,6.45,,,,-0.268,1.596,1.864,finalized,Open-Meteo ERA5,Open-Meteo ERA5-Ocean,NOAA CO-OPS 8729678 Navarre Beach predictions,2026-08-08T15:57:33.641686-05:00
2022-06-02,89.5,71.3,0.0,8.0,15.0,271.0,1.706,154.0,5.35,,,,-0.22,1.585,1.805,finalized,Open-Meteo ERA5,Open-Meteo ERA5-Ocean,NOAA CO-OPS 8729678 Navarre Beach predictions,2026-08-08T15:57:33.641686-05:00
2022-06-03,89.8,72.7,0.319,7.1,17.4,348.0,2.034,159.0,6.75,,,,-0.141,1.569,1.71,finalized,Open-Meteo ERA5,Open-Meteo ERA5-Ocean,NOAA CO-OPS 8729678 Navarre Beach predictions,2026-08-08T15:57:33.641686-05:00
2022-06-04,89.5,73.0,0.028,7.7,15.2,18.0,2.822,145.0,6.35,,,,-0.029,1.54,1.569,finalized,Open-Meteo ERA5,Open-Meteo ERA5-Ocean,NOAA CO-OPS 8729678 Navarre Beach predictions,2026-08-08T15:57:33.641686-05:00
2022-06-05,84.9,72.2,0.142,6.9,15.9,133.0,2.165,148.0,6.25,,,,0.115,1.481,1.366,finalized,Open-Meteo ERA5,Open-Meteo ERA5-Ocean,NOAA CO-OPS 8729678 Navarre Beach predictions,2026-08-08T15:57:33.641686-05:00
2022-06-06,86.7,74.2,0.043,9.8,20.4,172.0,1.312,157.0,5.65,,,,0.287,1.374,1.0870000000000002,finalized,Open-Meteo ERA5,Open-Meteo ERA5-Ocean,NOAA CO-OPS 8729678 Navarre Beach predictions,2026-08-08T15:57:33.641686-05:00
2022-06-07,87.2,74.7,0.004,7.7,15.9,212.0,1.312,198.0,3.7,,,,0.466,1.204,0.738,finalized,Open-Meteo ERA5,Open-Meteo ERA5-Ocean,NOAA CO-OPS 8729678 Navarre Beach predictions,2026-08-08T15:57:33.641686-05:00
2022-06-08,87.1,75.8,0.024,10.4,19.2,226.0,1.903,210.0,3.8,,,,0.622,0.987,0.365,finalized,Open-Meteo ERA5,Open-Meteo ERA5-Ocean,NOAA CO-OPS 8729678 Navarre Beach predictions,2026-08-08T15:57:33.641686-05:00
2022-06-09,86.5,77.7,0.24,11.3,22.4,259.0,2.625,223.0,4.05,,,,0.657,1.107,0.4499999999999999,finalized,Open-Meteo ERA5,Open-Meteo ERA5-Ocean,NOAA CO-OPS 8729678 Navarre Beach predictions,2026-08-08T15:57:33.641686-05:00
2022-06-10,84.9,74.0,0.173,13.1,23.7,257.0,2.428,234.0,4.15,,,,0.334,1.301,0.967,finalized,Open-Meteo ERA5,Open-Meteo ERA5-Ocean,NOAA CO-OPS 8729678 Navarre Beach predictions,2026-08-08T15:57:33.641686-05:00
2022-06-11,86.6,73.2,0.055,7.3,16.8,241.0,1.837,236.0,3.95,,,,0.011,1.529,1.518,finalized,Open-Meteo ERA5,Open-Meteo ERA5-Ocean,NOAA CO-OPS 8729678 Navarre Beach predictions,2026-08-08T15:57:33.641686-05:00
2022-06-12,87.4,75.4,0.063,8.5,17.9,237.0,2.231,234.0,4.0,,,,-0.271,1.748,2.019,finalized,Open-Meteo ERA5,Open-Meteo ERA5-Ocean,NOAA CO-OPS 8729678 Navarre Beach predictions,2026-08-08T15:57:33.641686-05:00
2022-06-13,89.3,79.6,0.102,9.5,18.3,231.0,2.559,224.0,4.15,,,,-0.482,1.92,2.402,finalized,Open-Meteo ERA5,Open-Meteo ERA5-Ocean,NOAA CO-OPS 8729678 Navarre Beach predictions,2026-08-08T15:57:33.641686-05:00
2022-06-14,89.6,76.2,0.079,7.2,14.5,239.0,1.772,217.0,3.8,,,,-0.601,2.024,2.625,finalized,Open-Meteo ERA5,Open-Meteo ERA5-Ocean,NOAA CO-OPS 8729678 Navarre Beach predictions,2026-08-08T15:57:33.641686-05:00
2022-06-15,89.3,75.1,0.283,6.0,16.6,274.0,1.378,208.0,4.7,,,,-0.622,2.053,2.675,finalized,Open-Meteo ERA5,Open-Meteo ERA5-Ocean,NOAA CO-OPS 8729678 Navarre Beach predictions,2026-08-08T15:57:33.641686-05:00
2022-06-16,91.4,78.8,0.0,6.7,12.8,180.0,0.984,177.0,4.75,,,,-0.542,2.005,2.547,finalized,Open-Meteo ERA5,Open-Meteo ERA5-Ocean,NOAA CO-OPS 8729678 Navarre Beach predictions,2026-08-08T15:57:33.641686-05:00
2022-06-17,95.0,77.3,0.083,6.6,16.3,269.0,0.984,149.0,3.8,,,,-0.367,1.883,2.25,finalized,Open-Meteo ERA5,Open-Meteo ERA5-Ocean,NOAA CO-OPS 8729678 Navarre Beach predictions,2026-08-08T15:57:33.641686-05:00
2022-06-18,96.8,80.5,0.004,8.0,19.7,326.0,1.444,259.0,3.35,,,,-0.117,1.694,1.811,finalized,Open-Meteo ERA5,Open-Meteo ERA5-Ocean,NOAA CO-OPS 8729678 Navarre Beach predictions,2026-08-08T15:57:33.641686-05:00
2022-06-19,93.6,78.6,0.0,8.1,15.0,34.0,1.706,44.0,3.5,,,,0.173,1.45,1.277,finalized,Open-Meteo ERA5,Open-Meteo ERA5-Ocean,NOAA CO-OPS 8729678 Navarre Beach predictions,2026-08-08T15:57:33.641686-05:00
2022-06-20,87.6,80.7,0.031,11.6,20.6,117.0,2.493,112.0,4.0,,,,0.405,1.174,0.7689999999999999,finalized,Open-Meteo ERA5,Open-Meteo ERA5-Ocean,NOAA CO-OPS 8729678 Navarre Beach predictions,2026-08-08T15:57:33.641686-05:00
2022-06-21,89.8,77.1,0.071,6.3,15.4,158.0,1.706,146.0,5.0,,,,0.539,0.9,0.361,finalized,Open-Meteo ERA5,Open-Meteo ERA5-Ocean,NOAA CO-OPS 8729678 Navarre Beach predictions,2026-08-08T15:57:33.641686-05:00
2022-06-22,97.1,77.9,0.0,8.1,16.8,304.0,2.165,228.0,5.05,,,,0.501,1.059,0.5579999999999999,finalized,Open-Meteo ERA5,Open-Meteo ERA5-Ocean,NOAA CO-OPS 8729678 Navarre Beach predictions,2026-08-08T15:57:33.641686-05:00
2022-06-23,99.0,77.5,0.0,7.8,15.0,289.0,2.428,266.0,3.8,,,,0.254,1.239,0.985,finalized,Open-Meteo ERA5,Open-Meteo ERA5-Ocean,NOAA CO-OPS 8729678 Navarre Beach predictions,2026-08-08T15:57:33.641686-05:00
2022-06-24,96.5,77.6,0.012,8.9,16.3,287.0,1.575,254.0,3.35,,,,0.047,1.4,1.353,finalized,Open-Meteo ERA5,Open-Meteo ERA5-Ocean,NOAA CO-OPS 8729678 Navarre Beach predictions,2026-08-08T15:57:33.641686-05:00
2022-06-25,83.9,73.9,1.469,7.2,15.2,144.0,1.312,216.0,3.05,,,,-0.111,1.518,1.629,finalized,Open-Meteo ERA5,Open-Meteo ERA5-Ocean,NOAA CO-OPS 8729678 Navarre Beach predictions,2026-08-08T15:57:33.641686-05:00
2022-06-26,86.0,77.9,0.382,5.6,16.6,140.0,1.378,144.0,3.3,,,,-0.22,1.584,1.804,finalized,Open-Meteo ERA5,Open-Meteo ERA5-Ocean,NOAA CO-OPS 8729678 Navarre Beach predictions,2026-08-08T15:57:33.641686-05:00
2022-06-27,90.7,75.2,0.0,5.7,15.9,15.0,1.181,107.0,3.45,,,,-0.285,1.609,1.894,finalized,Open-Meteo ERA5,Open-Meteo ERA5-Ocean,NOAA CO-OPS 8729678 Navarre Beach predictions,2026-08-08T15:57:33.641686-05:00
2022-06-28,90.0,73.8,0.173,9.5,19.0,108.0,2.1,119.0,3.6,,,,-0.309,1.611,1.92,finalized,Open-Meteo ERA5,Open-Meteo ERA5-Ocean,NOAA CO-OPS 8729678 Navarre Beach predictions,2026-08-08T15:57:33.641686-05:00
2022-06-29,82.2,76.4,0.13,8.6,15.7,123.0,2.165,139.0,3.9,,,,-0.296,1.605,1.901,finalized,Open-Meteo ERA5,Open-Meteo ERA5-Ocean,NOAA CO-OPS 8729678 Navarre Beach predictions,2026-08-08T15:57:33.641686-05:00
2022-06-30,82.8,76.9,0.374,8.2,16.3,120.0,2.1,139.0,3.75,,,,-0.248,1.598,1.846,finalized,Open-Meteo ERA5,Open-Meteo ERA5-Ocean,NOAA CO-OPS 8729678 Navarre Beach predictions,2026-08-08T15:57:33.641686-05:00
2022-07-01,83.1,75.4,0.378,6.9,16.1,176.0,1.772,169.0,3.5,,,,-0.163,1.586,1.749,finalized,Open-Meteo ERA5,Open-Meteo ERA5-Ocean,NOAA CO-OPS 8729678 Navarre Beach predictions,2026-08-08T15:57:33.641686-05:00
2022-07-02,84.0,76.3,0.449,4.3,11.9,213.0,1.312,188.0,4.25,,,,-0.039,1.558,1.597,finalized,Open-Meteo ERA5,Open-Meteo ERA5-Ocean,NOAA CO-OPS 8729678 Navarre Beach predictions,2026-08-08T15:57:33.641686-05:00
2022-07-03,84.1,78.7,0.39,5.9,14.1,221.0,1.378,168.0,4.25,,,,0.121,1.496,1.375,finalized,Open-Meteo ERA5,Open-Meteo ERA5-Ocean,NOAA CO-OPS 8729678 Navarre Beach predictions,2026-08-08T15:57:33.641686-05:00
2022-07-04,86.7,77.6,0.508,6.3,13.9,245.0,1.181,164.0,4.1,,,,0.303,1.384,1.081,finalized,Open-Meteo ERA5,Open-Meteo ERA5-Ocean,NOAA CO-OPS 8729678 Navarre Beach predictions,2026-08-08T15:57:33.641686-05:00
2022-07-05,87.3,76.9,0.386,7.5,14.5,251.0,0.984,167.0,4.25,,,,0.478,1.209,0.7310000000000001,finalized,Open-Meteo ERA5,Open-Meteo ERA5-Ocean,NOAA CO-OPS 8729678 Navarre Beach predictions,2026-08-08T15:57:33.641686-05:00
2022-07-06,89.1,76.1,0.028,7.3,15.4,246.0,0.984,179.0,3.8,,,,0.617,0.978,0.361,finalized,Open-Meteo ERA5,Open-Meteo ERA5-Ocean,NOAA CO-OPS 8729678 Navarre Beach predictions,2026-08-08T15:57:33.641686-05:00
2022-07-07,89.6,76.8,0.142,8.1,17.2,248.0,1.115,204.0,3.2,,,,0.62,1.115,0.495,finalized,Open-Meteo ERA5,Open-Meteo ERA5-Ocean,NOAA CO-OPS 8729678 Navarre Beach predictions,2026-08-08T15:57:33.641686-05:00
2022-07-08,89.2,78.5,0.11,9.0,20.1,226.0,1.181,211.0,2.95,,,,0.311,1.333,1.022,finalized,Open-Meteo ERA5,Open-Meteo ERA5-Ocean,NOAA CO-OPS 8729678 Navarre Beach predictions,2026-08-08T15:57:33.641686-05:00
2022-07-09,89.7,80.6,0.453,8.2,17.9,232.0,1.575,211.0,3.1,,,,-0.002,1.566,1.568,finalized,Open-Meteo ERA5,Open-Meteo ERA5-Ocean,NOAA CO-OPS 8729678 Navarre Beach predictions,2026-08-08T15:57:33.641686-05:00
2022-07-10,87.0,77.8,0.61,9.5,18.6,261.0,2.165,241.0,3.45,,,,-0.274,1.774,2.048,finalized,Open-Meteo ERA5,Open-Meteo ERA5-Ocean,NOAA CO-OPS 8729678 Navarre Beach predictions,2026-08-08T15:57:33.641686-05:00
2022-07-11,88.6,75.9,0.949,8.1,17.9,216.0,1.772,236.0,3.65,,,,-0.474,1.931,2.405,finalized,Open-Meteo ERA5,Open-Meteo ERA5-Ocean,NOAA CO-OPS 8729678 Navarre Beach predictions,2026-08-08T15:57:33.641686-05:00
2022-07-12,83.4,76.5,1.445,7.2,13.0,131.0,3.15,205.0,5.45,,,,-0.583,2.022,2.6049999999999995,finalized,Open-Meteo ERA5,Open-Meteo ERA5-Ocean,NOAA CO-OPS 8729678 Navarre Beach predictions,2026-08-08T15:57:33.641686-05:00
2022-07-13,84.1,77.6,0.469,7.4,16.1,221.0,3.346,214.0,5.55,,,,-0.589,2.041,2.63,finalized,Open-Meteo ERA5,Open-Meteo ERA5-Ocean,NOAA CO-OPS 8729678 Navarre Beach predictions,2026-08-08T15:57:33.641686-05:00
2022-07-14,85.6,76.3,0.547,8.2,17.2,235.0,2.1,211.0,4.25,,,,-0.492,1.985,2.4770000000000003,finalized,Open-Meteo ERA5,Open-Meteo ERA5-Ocean,NOAA CO-OPS 8729678 Navarre Beach predictions,2026-08-08T15:57:33.641686-05:00
2022-07-15,84.9,75.8,1.126,5.6,12.1,188.0,1.312,196.0,3.95,,,,-0.299,1.854,2.153,finalized,Open-Meteo ERA5,Open-Meteo ERA5-Ocean,NOAA CO-OPS 8729678 Navarre Beach predictions,2026-08-08T15:57:33.641686-05:00
2022-07-16,88.0,74.7,0.083,6.9,15.0,131.0,1.247,160.0,4.3,,,,-0.031,1.654,1.6849999999999998,finalized,Open-Meteo ERA5,Open-Meteo ERA5-Ocean,NOAA CO-OPS 8729678 Navarre Beach predictions,2026-08-08T15:57:33.641686-05:00
2022-07-17,87.9,75.1,0.039,7.0,15.7,122.0,1.444,131.0,3.75,,,,0.271,1.4,1.129,finalized,Open-Meteo ERA5,Open-Meteo ERA5-Ocean,NOAA CO-OPS 8729678 Navarre Beach predictions,2026-08-08T15:57:33.641686-05:00
2022-07-18,89.0,78.0,0.063,11.5,22.1,218.0,1.969,183.0,3.65,,,,0.468,1.121,0.653,finalized,Open-Meteo ERA5,Open-Meteo ERA5-Ocean,NOAA CO-OPS 8729678 Navarre Beach predictions,2026-08-08T15:57:33.641686-05:00
2022-07-19,88.0,79.6,0.177,9.2,19.2,227.0,2.362,224.0,3.7,,,,0.57,0.855,0.285,finalized,Open-Meteo ERA5,Open-Meteo ERA5-Ocean,NOAA CO-OPS 8729678 Navarre Beach predictions,2026-08-08T15:57:33.641686-05:00
2022-07-20,87.5,79.5,0.146,11.4,23.3,226.0,3.215,227.0,4.15,,,,0.496,1.03,0.534,finalized,Open-Meteo ERA5,Open-Meteo ERA5-Ocean,NOAA CO-OPS 8729678 Navarre Beach predictions,2026-08-08T15:57:33.641686-05:00
2022-07-21,89.2,80.0,0.276,12.3,24.6,226.0,3.084,228.0,4.05,,,,0.268,1.233,0.965,finalized,Open-Meteo ERA5,Open-Meteo ERA5-Ocean,NOAA CO-OPS 8729678 Navarre Beach predictions,2026-08-08T15:57:33.641686-05:00
2022-07-22,85.8,75.4,0.228,7.3,17.9,210.0,1.837,209.0,3.85,,,,0.086,1.399,1.313,finalized,Open-Meteo ERA5,Open-Meteo ERA5-Ocean,NOAA CO-OPS 8729678 Navarre Beach predictions,2026-08-08T15:57:33.641686-05:00
2022-07-23,86.8,78.0,0.106,6.1,15.2,156.0,1.378,165.0,3.8,,,,-0.048,1.508,1.556,finalized,Open-Meteo ERA5,Open-Meteo ERA5-Ocean,NOAA CO-OPS 8729678 Navarre Beach predictions,2026-08-08T15:57:33.641686-05:00
2022-07-24,87.0,77.1,0.539,7.1,15.4,142.0,1.378,145.0,3.7,,,,-0.136,1.567,1.7029999999999998,finalized,Open-Meteo ERA5,Open-Meteo ERA5-Ocean,NOAA CO-OPS 8729678 Navarre Beach predictions,2026-08-08T15:57:33.641686-05:00
2022-07-25,84.4,76.6,0.382,7.0,16.6,166.0,1.378,147.0,4.35,,,,-0.184,1.592,1.776,finalized,Open-Meteo ERA5,Open-Meteo ERA5-Ocean,NOAA CO-OPS 8729678 Navarre Beach predictions,2026-08-08T15:57:33.641686-05:00
2022-07-26,89.9,77.2,0.15,9.6,20.1,156.0,1.706,146.0,4.3,,,,-0.197,1.601,1.798,finalized,Open-Meteo ERA5,Open-Meteo ERA5-Ocean,NOAA CO-OPS 8729678 Navarre Beach predictions,2026-08-08T15:57:33.641686-05:00
2022-07-27,88.6,77.8,0.024,7.9,19.9,158.0,2.165,148.0,4.45,,,,-0.176,1.604,1.78,finalized,Open-Meteo ERA5,Open-Meteo ERA5-Ocean,NOAA CO-OPS 8729678 Navarre Beach predictions,2026-08-08T15:57:33.641686-05:00
2022-07-28,86.8,77.8,0.193,9.0,19.2,201.0,2.231,161.0,4.85,,,,-0.119,1.602,1.721,finalized,Open-Meteo ERA5,Open-Meteo ERA5-Ocean,NOAA CO-OPS 8729678 Navarre Beach predictions,2026-08-08T15:57:33.641686-05:00
2022-07-29,87.6,77.7,0.106,9.5,19.0,223.0,2.1,183.0,4.3,,,,-0.024,1.588,1.612,finalized,Open-Meteo ERA5,Open-Meteo ERA5-Ocean,NOAA CO-OPS 8729678 Navarre Beach predictions,2026-08-08T15:57:33.641686-05:00
2022-07-30,90.5,77.3,0.059,8.9,19.2,222.0,1.509,165.0,4.7,,,,0.111,1.549,1.438,finalized,Open-Meteo ERA5,Open-Meteo ERA5-Ocean,NOAA CO-OPS 8729678 Navarre Beach predictions,2026-08-08T15:57:33.641686-05:00
2022-07-31,88.6,76.2,0.13,7.4,16.3,152.0,1.969,153.0,4.9,,,,0.279,1.474,1.1949999999999998,finalized,Open-Meteo ERA5,Open-Meteo ERA5-Ocean,NOAA CO-OPS 8729678 Navarre Beach predictions,2026-08-08T15:57:33.641686-05:00
2022-08-01,86.5,76.9,0.327,8.3,16.3,202.0,2.428,159.0,5.2,,,,0.449,1.349,0.8999999999999999,finalized,Open-Meteo ERA5,Open-Meteo ERA5-Ocean,NOAA CO-OPS 8729678 Navarre Beach predictions,2026-08-08T15:57:33.641686-05:00
2022-08-02,82.5,75.5,1.37,8.6,14.1,263.0,2.034,191.0,4.85,,,,0.603,1.17,0.567,finalized,Open-Meteo ERA5,Open-Meteo ERA5-Ocean,NOAA CO-OPS 8729678 Navarre Beach predictions,2026-08-08T15:57:33.641686-05:00
2022-08-03,84.1,74.9,0.531,9.7,16.8,191.0,1.772,183.0,4.2,,,,0.718,0.946,0.2279999999999999,finalized,Open-Meteo ERA5,Open-Meteo ERA5-Ocean,NOAA CO-OPS 8729678 Navarre Beach predictions,2026-08-08T15:57:33.641686-05:00
2022-08-04,87.7,77.5,0.13,9.4,19.0,169.0,1.64,176.0,4.05,,,,0.645,1.157,0.512,finalized,Open-Meteo ERA5,Open-Meteo ERA5-Ocean,NOAA CO-OPS 8729678 Navarre Beach predictions,2026-08-08T15:57:33.641686-05:00
2022-08-05,89.0,77.7,0.059,8.9,19.0,133.0,1.706,152.0,3.7,,,,0.357,1.394,1.037,finalized,Open-Meteo ERA5,Open-Meteo ERA5-Ocean,NOAA CO-OPS 8729678 Navarre Beach predictions,2026-08-08T15:57:33.641686-05:00
2022-08-06,87.3,79.1,0.319,7.6,19.0,120.0,2.165,142.0,4.15,,,,0.083,1.62,1.537,finalized,Open-Meteo ERA5,Open-Meteo ERA5-Ocean,NOAA CO-OPS 8729678 Navarre Beach predictions,2026-08-08T15:57:33.641686-05:00
2022-08-07,89.3,77.0,0.236,6.3,13.9,106.0,1.969,139.0,5.05,,,,-0.146,1.806,1.952,finalized,Open-Meteo ERA5,Open-Meteo ERA5-Ocean,NOAA CO-OPS 8729678 Navarre Beach predictions,2026-08-08T15:57:33.641686-05:00
2022-08-08,86.3,76.0,0.232,5.0,14.8,107.0,1.903,139.0,5.15,,,,-0.306,1.938,2.244,finalized,Open-Meteo ERA5,Open-Meteo ERA5-Ocean,NOAA CO-OPS 8729678 Navarre Beach predictions,2026-08-08T15:57:33.641686-05:00
2022-08-09,83.9,75.7,0.402,7.7,18.3,134.0,1.969,138.0,4.6,,,,-0.379,2.01,2.389,finalized,Open-Meteo ERA5,Open-Meteo ERA5-Ocean,NOAA CO-OPS 8729678 Navarre Beach predictions,2026-08-08T15:57:33.641686-05:00
2022-08-10,82.7,76.0,0.358,8.3,19.2,136.0,2.231,142.0,4.75,,,,-0.356,2.019,2.375,finalized,Open-Meteo ERA5,Open-Meteo ERA5-Ocean,NOAA CO-OPS 8729678 Navarre Beach predictions,2026-08-08T15:57:33.641686-05:00
2022-08-11,83.2,76.1,0.441,11.8,21.7,180.0,3.346,177.0,4.4,,,,-0.235,1.957,2.192,finalized,Open-Meteo ERA5,Open-Meteo ERA5-Ocean,NOAA CO-OPS 8729678 Navarre Beach predictions,2026-08-08T15:57:33.641686-05:00
2022-08-12,85.3,75.2,0.154,8.0,20.1,215.0,2.822,187.0,4.15,,,,-0.027,1.822,1.849,finalized,Open-Meteo ERA5,Open-Meteo ERA5-Ocean,NOAA CO-OPS 8729678 Navarre Beach predictions,2026-08-08T15:57:33.641686-05:00
2022-08-13,87.2,75.7,0.126,8.1,18.1,267.0,1.837,203.0,4.2,,,,0.245,1.617,1.372,finalized,Open-Meteo ERA5,Open-Meteo ERA5-Ocean,NOAA CO-OPS 8729678 Navarre Beach predictions,2026-08-08T15:57:33.641686-05:00
2022-08-14,86.9,75.2,0.059,6.0,15.7,73.0,1.509,211.0,4.05,,,,0.515,1.362,0.8470000000000001,finalized,Open-Meteo ERA5,Open-Meteo ERA5-Ocean,NOAA CO-OPS 8729678 Navarre Beach predictions,2026-08-08T15:57:33.641686-05:00
2022-08-15,89.7,77.8,0.346,6.3,13.9,210.0,1.312,230.0,3.85,,,,0.627,1.084,0.4570000000000001,finalized,Open-Meteo ERA5,Open-Meteo ERA5-Ocean,NOAA CO-OPS 8729678 Navarre Beach predictions,2026-08-08T15:57:33.641686-05:00
2022-08-16,90.5,76.3,0.374,9.1,22.1,267.0,2.428,260.0,3.75,,,,0.659,0.891,0.2319999999999999,finalized,Open-Meteo ERA5,Open-Meteo ERA5-Ocean,NOAA CO-OPS 8729678 Navarre Beach predictions,2026-08-08T15:57:33.641686-05:00
2022-08-17,90.8,74.1,0.138,7.4,18.6,311.0,1.444,262.0,3.55,,,,0.569,1.121,0.552,finalized,Open-Meteo ERA5,Open-Meteo ERA5-Ocean,NOAA CO-OPS 8729678 Navarre Beach predictions,2026-08-08T15:57:33.641686-05:00
2022-08-18,82.7,74.7,0.551,7.3,13.9,313.0,1.64,255.0,3.75,,,,0.374,1.324,0.95,finalized,Open-Meteo ERA5,Open-Meteo ERA5-Ocean,NOAA CO-OPS 8729678 Navarre Beach predictions,2026-08-08T15:57:33.641686-05:00
2022-08-19,86.6,75.3,0.248,5.8,15.4,240.0,1.181,232.0,3.4,,,,0.229,1.464,1.235,finalized,Open-Meteo ERA5,Open-Meteo ERA5-Ocean,NOAA CO-OPS 8729678 Navarre Beach predictions,2026-08-08T15:57:33.641686-05:00
2022-08-20,88.3,77.9,0.201,7.5,14.8,200.0,0.984,195.0,3.1,,,,0.131,1.545,1.414,finalized,Open-Meteo ERA5,Open-Meteo ERA5-Ocean,NOAA CO-OPS 8729678 Navarre Beach predictions,2026-08-08T15:57:33.641686-05:00
2022-08-21,86.7,76.6,0.205,6.3,15.2,261.0,1.115,183.0,3.7,,,,0.074,1.587,1.513,finalized,Open-Meteo ERA5,Open-Meteo ERA5-Ocean,NOAA CO-OPS 8729678 Navarre Beach predictions,2026-08-08T15:57:33.641686-05:00
2022-08-22,86.0,74.9,0.52,4.3,14.3,345.0,1.115,156.0,4.1,,,,0.052,1.608,1.556,finalized,Open-Meteo ERA5,Open-Meteo ERA5-Ocean,NOAA CO-OPS 8729678 Navarre Beach predictions,2026-08-08T15:57:33.641686-05:00
2022-08-23,86.2,76.9,0.421,3.8,13.4,74.0,1.115,135.0,3.75,,,,0.061,1.623,1.562,finalized,Open-Meteo ERA5,Open-Meteo ERA5-Ocean,NOAA CO-OPS 8729678 Navarre Beach predictions,2026-08-08T15:57:33.641686-05:00
2022-08-24,84.0,76.0,0.846,10.3,19.2,118.0,1.837,130.0,3.65,,,,0.102,1.634,1.5319999999999998,finalized,Open-Meteo ERA5,Open-Meteo ERA5-Ocean,NOAA CO-OPS 8729678 Navarre Beach predictions,2026-08-08T15:57:33.641686-05:00
2022-08-25,79.8,76.0,1.024,6.5,16.3,105.0,1.444,146.0,3.45,,,,0.177,1.634,1.457,finalized,Open-Meteo ERA5,Open-Meteo ERA5-Ocean,NOAA CO-OPS 8729678 Navarre Beach predictions,2026-08-08T15:57:33.641686-05:00
2022-08-26,85.4,76.6,0.449,4.0,12.8,75.0,1.115,151.0,3.4,,,,0.288,1.61,1.322,finalized,Open-Meteo ERA5,Open-Meteo ERA5-Ocean,NOAA CO-OPS 8729678 Navarre Beach predictions,2026-08-08T15:57:33.641686-05:00
2022-08-27,85.8,76.5,0.244,5.4,11.4,182.0,0.853,168.0,3.45,,,,0.432,1.552,1.12,finalized,Open-Meteo ERA5,Open-Meteo ERA5-Ocean,NOAA CO-OPS 8729678 Navarre Beach predictions,2026-08-08T15:57:33.641686-05:00
2022-08-28,91.2,75.1,0.031,5.2,11.4,74.0,0.787,145.0,3.35,,,,0.584,1.454,0.87,finalized,Open-Meteo ERA5,Open-Meteo ERA5-Ocean,NOAA CO-OPS 8729678 Navarre Beach predictions,2026-08-08T15:57:33.641686-05:00
2022-08-29,89.6,77.4,0.028,6.5,15.0,64.0,0.853,113.0,2.9,,,,0.727,1.312,0.5850000000000001,finalized,Open-Meteo ERA5,Open-Meteo ERA5-Ocean,NOAA CO-OPS 8729678 Navarre Beach predictions,2026-08-08T15:57:33.641686-05:00
2022-08-30,92.6,76.7,0.024,4.7,11.6,357.0,0.984,141.0,3.8,,,,0.751,1.135,0.384,finalized,Open-Meteo ERA5,Open-Meteo ERA5-Ocean,NOAA CO-OPS 8729678 Navarre Beach predictions,2026-08-08T15:57:33.641686-05:00
2022-08-31,92.0,75.1,0.008,8.3,14.5,16.0,1.837,32.0,3.3,,,,0.714,1.383,0.669,finalized,Open-Meteo ERA5,Open-Meteo ERA5-Ocean,NOAA CO-OPS 8729678 Navarre Beach predictions,2026-08-08T15:57:33.641686-05:00
2022-09-01,87.8,77.0,0.165,6.7,14.1,85.0,0.984,137.0,3.3,,,,0.626,0.626,0.0,finalized,Open-Meteo ERA5,Open-Meteo ERA5-Ocean,NOAA CO-OPS 8729678 Navarre Beach predictions,2026-08-08T15:57:33.641686-05:00
2022-09-02,88.4,77.2,0.264,9.1,17.7,159.0,1.64,178.0,3.6,,,,0.402,1.606,1.2040000000000002,finalized,Open-Meteo ERA5,Open-Meteo ERA5-Ocean,NOAA CO-OPS 8729678 Navarre Beach predictions,2026-08-08T15:57:33.641686-05:00
2022-09-03,85.6,77.2,0.209,7.2,13.4,165.0,1.509,179.0,4.25,,,,0.192,1.788,1.596,finalized,Open-Meteo ERA5,Open-Meteo ERA5-Ocean,NOAA CO-OPS 8729678 Navarre Beach predictions,2026-08-08T15:57:33.641686-05:00
2022-09-04,87.4,77.2,0.28,5.1,14.3,185.0,1.509,189.0,4.5,,,,0.031,1.918,1.887,finalized,Open-Meteo ERA5,Open-Meteo ERA5-Ocean,NOAA CO-OPS 8729678 Navarre Beach predictions,2026-08-08T15:57:33.641686-05:00
2022-09-05,88.0,75.6,0.059,8.8,19.5,238.0,1.247,215.0,3.65,,,,-0.061,1.994,2.055,finalized,Open-Meteo ERA5,Open-Meteo ERA5-Ocean,NOAA CO-OPS 8729678 Navarre Beach predictions,2026-08-08T15:57:33.641686-05:00
2022-09-06,89.8,73.4,0.181,5.7,15.4,282.0,0.919,205.0,3.45,,,,-0.072,2.02,2.092,finalized,Open-Meteo ERA5,Open-Meteo ERA5-Ocean,NOAA CO-OPS 8729678 Navarre Beach predictions,2026-08-08T15:57:33.641686-05:00
2022-09-07,86.3,76.4,0.114,6.3,12.8,316.0,1.312,334.0,3.0,,,,0.004,1.995,1.991,finalized,Open-Meteo ERA5,Open-Meteo ERA5-Ocean,NOAA CO-OPS 8729678 Navarre Beach predictions,2026-08-08T15:57:33.641686-05:00
2022-09-08,84.8,72.5,0.445,5.7,13.0,10.0,0.853,344.0,2.75,,,,0.164,1.912,1.748,finalized,Open-Meteo ERA5,Open-Meteo ERA5-Ocean,NOAA CO-OPS 8729678 Navarre Beach predictions,2026-08-08T15:57:33.641686-05:00
2022-09-09,82.3,75.0,0.528,10.2,20.4,80.0,1.378,98.0,3.05,,,,0.393,1.768,1.375,finalized,Open-Meteo ERA5,Open-Meteo ERA5-Ocean,NOAA CO-OPS 8729678 Navarre Beach predictions,2026-08-08T15:57:33.641686-05:00
2022-09-10,83.6,75.8,0.087,9.1,17.7,137.0,2.493,156.0,4.25,,,,0.664,1.568,0.904,finalized,Open-Meteo ERA5,Open-Meteo ERA5-Ocean,NOAA CO-OPS 8729678 Navarre Beach predictions,2026-08-08T15:57:33.641686-05:00
2022-09-11,86.0,74.8,0.232,6.4,13.4,147.0,3.412,167.0,5.95,,,,0.663,1.337,0.6739999999999999,finalized,Open-Meteo ERA5,Open-Meteo ERA5-Ocean,NOAA CO-OPS 8729678 Navarre Beach predictions,2026-08-08T15:57:33.641686-05:00
2022-09-12,86.8,74.2,0.248,7.2,16.3,292.0,2.887,182.0,5.6,,,,0.616,1.202,0.586,finalized,Open-Meteo ERA5,Open-Meteo ERA5-Ocean,NOAA CO-OPS 8729678 Navarre Beach predictions,2026-08-08T15:57:33.641686-05:00
2022-09-13,85.6,69.9,0.0,8.4,15.2,8.0,2.493,83.0,4.85,,,,0.566,1.411,0.8450000000000001,finalized,Open-Meteo ERA5,Open-Meteo ERA5-Ocean,NOAA CO-OPS 8729678 Navarre Beach predictions,2026-08-08T15:57:33.641686-05:00
2022-09-14,87.1,64.1,0.0,8.0,16.6,35.0,2.428,58.0,3.7,,,,0.512,1.558,1.046,finalized,Open-Meteo ERA5,Open-Meteo ERA5-Ocean,NOAA CO-OPS 8729678 Navarre Beach predictions,2026-08-08T15:57:33.641686-05:00
2022-09-15,88.2,66.4,0.0,8.3,16.6,53.0,2.493,78.0,3.7,,,,0.423,0.423,0.0,finalized,Open-Meteo ERA5,Open-Meteo ERA5-Ocean,NOAA CO-OPS 8729678 Navarre Beach predictions,2026-08-08T15:57:33.641686-05:00
2022-09-16,87.3,69.9,0.0,8.9,18.3,66.0,3.084,99.0,4.35,,,,0.332,1.641,1.309,finalized,Open-Meteo ERA5,Open-Meteo ERA5-Ocean,NOAA CO-OPS 8729678 Navarre Beach predictions,2026-08-08T15:57:33.641686-05:00
2022-09-17,88.7,73.7,0.055,9.7,21.9,84.0,2.822,112.0,4.25,,,,0.282,1.673,1.391,finalized,Open-Meteo ERA5,Open-Meteo ERA5-Ocean,NOAA CO-OPS 8729678 Navarre Beach predictions,2026-08-08T15:57:33.641686-05:00
2022-09-18,89.9,73.9,0.0,7.9,16.1,48.0,2.493,119.0,4.25,,,,0.268,1.672,1.404,finalized,Open-Meteo ERA5,Open-Meteo ERA5-Ocean,NOAA CO-OPS 8729678 Navarre Beach predictions,2026-08-08T15:57:33.641686-05:00
2022-09-19,89.8,69.4,0.0,7.7,15.7,22.0,1.575,60.0,3.7,,,,0.282,1.662,1.38,finalized,Open-Meteo ERA5,Open-Meteo ERA5-Ocean,NOAA CO-OPS 8729678 Navarre Beach predictions,2026-08-08T15:57:33.641686-05:00
2022-09-20,91.1,69.8,0.0,6.9,13.2,21.0,1.903,53.0,3.5,,,,0.324,1.656,1.332,finalized,Open-Meteo ERA5,Open-Meteo ERA5-Ocean,NOAA CO-OPS 8729678 Navarre Beach predictions,2026-08-08T15:57:33.641686-05:00
2022-09-21,90.4,74.2,0.024,6.0,15.0,30.0,1.115,55.0,3.2,,,,0.394,1.651,1.257,finalized,Open-Meteo ERA5,Open-Meteo ERA5-Ocean,NOAA CO-OPS 8729678 Navarre Beach predictions,2026-08-08T15:57:33.641686-05:00
2022-09-22,94.7,69.5,0.0,5.7,12.1,307.0,1.509,302.0,2.9,,,,0.493,1.635,1.142,finalized,Open-Meteo ERA5,Open-Meteo ERA5-Ocean,NOAA CO-OPS 8729678 Navarre Beach predictions,2026-08-08T15:57:33.641686-05:00
2022-09-23,88.6,74.7,0.0,9.5,19.7,21.0,2.034,14.0,3.35,,,,0.618,1.591,0.973,finalized,Open-Meteo ERA5,Open-Meteo ERA5-Ocean,NOAA CO-OPS 8729678 Navarre Beach predictions,2026-08-08T15:57:33.641686-05:00
2022-09-24,86.7,69.5,0.0,7.9,15.2,84.0,2.231,94.0,4.55,,,,0.754,1.511,0.7569999999999999,finalized,Open-Meteo ERA5,Open-Meteo ERA5-Ocean,NOAA CO-OPS 8729678 Navarre Beach predictions,2026-08-08T15:57:33.641686-05:00
2022-09-25,89.4,69.3,0.0,5.8,14.5,247.0,1.837,127.0,4.3,,,,0.853,1.397,0.544,finalized,Open-Meteo ERA5,Open-Meteo ERA5-Ocean,NOAA CO-OPS 8729678 Navarre Beach predictions,2026-08-08T15:57:33.641686-05:00
2022-09-26,89.8,72.5,0.008,11.7,16.8,322.0,1.837,288.0,3.35,,,,0.773,1.272,0.499,finalized,Open-Meteo ERA5,Open-Meteo ERA5-Ocean,NOAA CO-OPS 8729678 Navarre Beach predictions,2026-08-08T15:57:33.641686-05:00
2022-09-27,84.1,64.4,0.0,14.0,23.9,15.0,5.512,24.0,4.65,,,,0.669,1.498,0.829,finalized,Open-Meteo ERA5,Open-Meteo ERA5-Ocean,NOAA CO-OPS 8729678 Navarre Beach predictions,2026-08-08T15:57:33.641686-05:00
2022-09-28,80.6,60.9,0.0,18.5,35.3,20.0,7.874,30.0,5.6,,,,0.555,1.714,1.1589999999999998,finalized,Open-Meteo ERA5,Open-Meteo ERA5-Ocean,NOAA CO-OPS 8729678 Navarre Beach predictions,2026-08-08T15:57:33.641686-05:00
2022-09-29,78.7,57.0,0.0,16.7,31.5,19.0,6.759,28.0,5.25,,,,0.443,1.894,1.4509999999999998,finalized,Open-Meteo ERA5,Open-Meteo ERA5-Ocean,NOAA CO-OPS 8729678 Navarre Beach predictions,2026-08-08T15:57:33.641686-05:00
2022-09-30,81.5,60.7,0.0,9.4,19.5,0.0,4.462,35.0,4.65,,,,0.311,2.018,1.707,finalized,Open-Meteo ERA5,Open-Meteo ERA5-Ocean,NOAA CO-OPS 8729678 Navarre Beach predictions,2026-08-08T15:57:33.641686-05:00
2022-10-01,85.5,58.0,0.0,8.5,16.8,336.0,2.297,349.0,3.4,,,,0.176,0.176,0.0,finalized,Open-Meteo ERA5,Open-Meteo ERA5-Ocean,NOAA CO-OPS 8729678 Navarre Beach predictions,2026-08-08T15:57:33.641686-05:00
2022-10-02,87.1,56.1,0.0,10.1,19.2,340.0,2.493,345.0,3.4,,,,0.095,2.077,1.982,finalized,Open-Meteo ERA5,Open-Meteo ERA5-Ocean,NOAA CO-OPS 8729678 Navarre Beach predictions,2026-08-08T15:57:33.641686-05:00
2022-10-03,80.7,59.6,0.0,7.6,17.0,39.0,2.493,42.0,3.65,,,,0.083,2.075,1.992,finalized,Open-Meteo ERA5,Open-Meteo ERA5-Ocean,NOAA CO-OPS 8729678 Navarre Beach predictions,2026-08-08T15:57:33.641686-05:00
2022-10-04,79.5,61.0,0.0,8.8,18.1,72.0,3.478,93.0,4.25,,,,0.149,2.02,1.871,finalized,Open-Meteo ERA5,Open-Meteo ERA5-Ocean,NOAA CO-OPS 8729678 Navarre Beach predictions,2026-08-08T15:57:33.641686-05:00
2022-10-05,82.9,57.1,0.0,4.9,11.9,343.0,1.247,108.0,4.05,,,,0.294,1.918,1.624,finalized,Open-Meteo ERA5,Open-Meteo ERA5-Ocean,NOAA CO-OPS 8729678 Navarre Beach predictions,2026-08-08T15:57:33.641686-05:00
2022-10-06,84.3,55.4,0.0,5.4,11.2,304.0,1.181,312.0,3.0,,,,0.505,1.775,1.27,finalized,Open-Meteo ERA5,Open-Meteo ERA5-Ocean,NOAA CO-OPS 8729678 Navarre Beach predictions,2026-08-08T15:57:33.641686-05:00
2022-10-07,86.9,55.5,0.0,5.2,10.7,326.0,0.919,317.0,2.7,,,,0.744,1.605,0.861,finalized,Open-Meteo ERA5,Open-Meteo ERA5-Ocean,NOAA CO-OPS 8729678 Navarre Beach predictions,2026-08-08T15:57:33.641686-05:00
2022-10-08,85.9,64.5,0.0,10.5,21.9,12.0,2.953,22.0,3.5,,,,0.863,1.415,0.552,finalized,Open-Meteo ERA5,Open-Meteo ERA5-Ocean,NOAA CO-OPS 8729678 Navarre Beach predictions,2026-08-08T15:57:33.641686-05:00
2022-10-09,81.3,56.9,0.0,10.8,20.4,14.0,3.937,29.0,4.2,,,,0.714,1.303,0.589,finalized,Open-Meteo ERA5,Open-Meteo ERA5-Ocean,NOAA CO-OPS 8729678 Navarre Beach predictions,2026-08-08T15:57:33.641686-05:00
2022-10-10,81.4,55.3,0.0,11.0,21.3,17.0,3.412,31.0,4.0,,,,0.563,1.516,0.953,finalized,Open-Meteo ERA5,Open-Meteo ERA5-Ocean,NOAA CO-OPS 8729678 Navarre Beach predictions,2026-08-08T15:57:33.641686-05:00
2022-10-11,82.7,57.4,0.0,8.7,18.3,95.0,2.297,82.0,3.9,,,,0.432,1.672,1.24,finalized,Open-Meteo ERA5,Open-Meteo ERA5-Ocean,NOAA CO-OPS 8729678 Navarre Beach predictions,2026-08-08T15:57:33.641686-05:00
2022-10-12,83.3,71.9,0.248,12.2,23.5,146.0,2.428,138.0,4.1,,,,0.333,1.764,1.431,finalized,Open-Meteo ERA5,Open-Meteo ERA5-Ocean,NOAA CO-OPS 8729678 Navarre Beach predictions,2026-08-08T15:57:33.641686-05:00
2022-10-13,83.8,65.9,0.102,7.5,18.6,320.0,2.428,171.0,5.3,,,,0.272,1.8,1.528,finalized,Open-Meteo ERA5,Open-Meteo ERA5-Ocean,NOAA CO-OPS 8729678 Navarre Beach predictions,2026-08-08T15:57:33.641686-05:00
2022-10-14,80.0,60.1,0.0,8.8,15.7,30.0,3.281,92.0,5.45,,,,0.24,1.792,1.552,finalized,Open-Meteo ERA5,Open-Meteo ERA5-Ocean,NOAA CO-OPS 8729678 Navarre Beach predictions,2026-08-08T15:57:33.641686-05:00
2022-10-15,83.7,53.2,0.0,6.0,13.6,85.0,1.706,124.0,5.5,,,,0.236,0.236,0.0,finalized,Open-Meteo ERA5,Open-Meteo ERA5-Ocean,NOAA CO-OPS 8729678 Navarre Beach predictions,2026-08-08T15:57:33.641686-05:00
2022-10-16,82.8,56.9,0.0,6.8,14.8,124.0,1.444,123.0,4.1,,,,0.262,1.756,1.494,finalized,Open-Meteo ERA5,Open-Meteo ERA5-Ocean,NOAA CO-OPS 8729678 Navarre Beach predictions,2026-08-08T15:57:33.641686-05:00
2022-10-17,83.5,67.7,0.122,11.1,21.5,305.0,2.887,156.0,4.2,,,,0.314,1.709,1.395,finalized,Open-Meteo ERA5,Open-Meteo ERA5-Ocean,NOAA CO-OPS 8729678 Navarre Beach predictions,2026-08-08T15:57:33.641686-05:00
2022-10-18,65.5,48.0,0.0,14.7,26.8,348.0,5.577,353.0,4.75,,,,0.391,1.66,1.269,finalized,Open-Meteo ERA5,Open-Meteo ERA5-Ocean,NOAA CO-OPS 8729678 Navarre Beach predictions,2026-08-08T15:57:33.641686-05:00
2022-10-19,64.1,41.4,0.0,10.6,21.0,350.0,5.446,11.0,4.8,,,,0.492,1.607,1.115,finalized,Open-Meteo ERA5,Open-Meteo ERA5-Ocean,NOAA CO-OPS 8729678 Navarre Beach predictions,2026-08-08T15:57:33.641686-05:00
2022-10-20,66.5,37.4,0.0,5.9,13.0,304.0,1.706,345.0,3.1,,,,0.615,1.54,0.925,finalized,Open-Meteo ERA5,Open-Meteo ERA5-Ocean,NOAA CO-OPS 8729678 Navarre Beach predictions,2026-08-08T15:57:33.641686-05:00
2022-10-21,72.9,42.6,0.0,6.1,11.6,26.0,1.05,15.0,2.65,,,,0.752,1.446,0.694,finalized,Open-Meteo ERA5,Open-Meteo ERA5-Ocean,NOAA CO-OPS 8729678 Navarre Beach predictions,2026-08-08T15:57:33.641686-05:00
2022-10-22,75.1,47.0,0.0,6.8,15.4,94.0,1.378,94.0,3.35,,,,0.884,1.33,0.446,finalized,Open-Meteo ERA5,Open-Meteo ERA5-Ocean,NOAA CO-OPS 8729678 Navarre Beach predictions,2026-08-08T15:57:33.641686-05:00
2022-10-23,78.2,51.6,0.0,7.3,13.0,98.0,2.1,109.0,3.5,,,,0.874,1.324,0.45,finalized,Open-Meteo ERA5,Open-Meteo ERA5-Ocean,NOAA CO-OPS 8729678 Navarre Beach predictions,2026-08-08T15:57:33.641686-05:00
2022-10-24,79.8,51.9,0.0,10.3,21.3,119.0,3.346,131.0,4.05,,,,0.684,1.519,0.8349999999999999,finalized,Open-Meteo ERA5,Open-Meteo ERA5-Ocean,NOAA CO-OPS 8729678 Navarre Beach predictions,2026-08-08T15:57:33.641686-05:00
2022-10-25,78.4,68.5,0.134,17.3,32.7,180.0,4.265,173.0,4.8,,,,0.48,1.727,1.247,finalized,Open-Meteo ERA5,Open-Meteo ERA5-Ocean,NOAA CO-OPS 8729678 Navarre Beach predictions,2026-08-08T15:57:33.641686-05:00
2022-10-26,75.7,54.7,0.0,11.6,21.5,342.0,4.396,316.0,4.6,,,,0.289,1.914,1.625,finalized,Open-Meteo ERA5,Open-Meteo ERA5-Ocean,NOAA CO-OPS 8729678 Navarre Beach predictions,2026-08-08T15:57:33.641686-05:00
2022-10-27,73.5,50.2,0.0,7.5,16.6,33.0,2.69,32.0,3.75,,,,0.135,2.056,1.921,finalized,Open-Meteo ERA5,Open-Meteo ERA5-Ocean,NOAA CO-OPS 8729678 Navarre Beach predictions,2026-08-08T15:57:33.641686-05:00
2022-10-28,77.2,56.8,0.008,11.2,22.8,79.0,2.887,94.0,4.0,,,,0.019,2.135,2.116,finalized,Open-Meteo ERA5,Open-Meteo ERA5-Ocean,NOAA CO-OPS 8729678 Navarre Beach predictions,2026-08-08T15:57:33.641686-05:00
2022-10-29,73.5,67.2,0.008,15.7,26.4,107.0,5.184,121.0,4.95,,,,-0.057,2.143,2.2,finalized,Open-Meteo ERA5,Open-Meteo ERA5-Ocean,NOAA CO-OPS 8729678 Navarre Beach predictions,2026-08-08T15:57:33.641686-05:00
2022-10-30,75.6,64.9,0.201,13.5,31.5,154.0,5.184,152.0,5.0,,,,-0.07,-0.07,0.0,finalized,Open-Meteo ERA5,Open-Meteo ERA5-Ocean,NOAA CO-OPS 8729678 Navarre Beach predictions,2026-08-08T15:57:33.641686-05:00
2022-10-31,77.2,54.9,0.0,6.3,14.3,311.0,2.625,240.0,4.25,,,,-0.007,2.08,2.087,finalized,Open-Meteo ERA5,Open-Meteo ERA5-Ocean,NOAA CO-OPS 8729678 Navarre Beach predictions,2026-08-08T15:57:33.641686-05:00
2022-11-01,79.3,54.2,0.0,8.4,17.9,25.0,1.903,37.0,3.35,,,,0.134,1.951,1.817,finalized,Open-Meteo ERA5,Open-Meteo ERA5-Ocean,NOAA CO-OPS 8729678 Navarre Beach predictions,2026-08-08T15:57:33.641686-05:00
2022-11-02,83.2,59.6,0.0,7.1,12.8,20.0,1.575,55.0,3.25,,,,0.343,1.763,1.42,finalized,Open-Meteo ERA5,Open-Meteo ERA5-Ocean,NOAA CO-OPS 8729678 Navarre Beach predictions,2026-08-08T15:57:33.641686-05:00
2022-11-03,83.0,59.0,0.0,7.8,17.0,69.0,1.837,81.0,3.7,,,,0.588,1.524,0.936,finalized,Open-Meteo ERA5,Open-Meteo ERA5-Ocean,NOAA CO-OPS 8729678 Navarre Beach predictions,2026-08-08T15:57:33.641686-05:00
2022-11-04,79.1,64.3,0.0,10.1,23.3,99.0,3.675,117.0,4.65,,,,0.783,1.276,0.493,finalized,Open-Meteo ERA5,Open-Meteo ERA5-Ocean,NOAA CO-OPS 8729678 Navarre Beach predictions,2026-08-08T15:57:33.641686-05:00
2022-11-05,78.2,66.0,0.094,13.5,26.6,142.0,3.215,140.0,4.4,,,,0.846,1.287,0.4409999999999999,finalized,Open-Meteo ERA5,Open-Meteo ERA5-Ocean,NOAA CO-OPS 8729678 Navarre Beach predictions,2026-08-08T15:57:33.641686-05:00
2022-11-06,84.3,66.7,0.0,9.1,16.3,98.0,2.231,138.0,4.35,,,,0.606,1.458,0.852,finalized,Open-Meteo ERA5,Open-Meteo ERA5-Ocean,NOAA CO-OPS 8729678 Navarre Beach predictions,2026-08-08T15:57:33.641686-05:00
2022-11-07,85.2,69.1,0.0,8.1,19.2,64.0,2.1,114.0,4.75,,,,0.375,1.624,1.249,finalized,Open-Meteo ERA5,Open-Meteo ERA5-Ocean,NOAA CO-OPS 8729678 Navarre Beach predictions,2026-08-08T15:57:33.641686-05:00
2022-11-08,87.4,67.0,0.004,11.4,21.7,48.0,2.493,96.0,4.7,,,,0.184,1.73,1.546,finalized,Open-Meteo ERA5,Open-Meteo ERA5-Ocean,NOAA CO-OPS 8729678 Navarre Beach predictions,2026-08-08T15:57:33.641686-05:00
2022-11-09,72.9,60.7,0.0,14.7,27.5,51.0,5.512,71.0,5.1,,,,0.049,1.777,1.728,finalized,Open-Meteo ERA5,Open-Meteo ERA5-Ocean,NOAA CO-OPS 8729678 Navarre Beach predictions,2026-08-08T15:57:33.641686-05:00
2022-11-10,75.0,60.8,0.122,15.6,30.4,9.0,4.856,34.0,4.8,,,,-0.027,1.778,1.805,finalized,Open-Meteo ERA5,Open-Meteo ERA5-Ocean,NOAA CO-OPS 8729678 Navarre Beach predictions,2026-08-08T15:57:33.641686-05:00
2022-11-11,81.4,65.2,0.016,13.2,24.8,264.0,4.199,281.0,4.3,,,,-0.051,1.748,1.799,finalized,Open-Meteo ERA5,Open-Meteo ERA5-Ocean,NOAA CO-OPS 8729678 Navarre Beach predictions,2026-08-08T15:57:33.641686-05:00
2022-11-12,76.8,54.4,0.0,15.1,26.2,292.0,4.79,276.0,4.4,,,,-0.033,1.702,1.735,finalized,Open-Meteo ERA5,Open-Meteo ERA5-Ocean,NOAA CO-OPS 8729678 Navarre Beach predictions,2026-08-08T15:57:33.641686-05:00
2022-11-13,61.4,41.5,0.0,15.4,27.7,3.0,5.315,1.0,4.75,,,,0.016,1.646,1.63,finalized,Open-Meteo ERA5,Open-Meteo ERA5-Ocean,NOAA CO-OPS 8729678 Navarre Beach predictions,2026-08-08T15:57:33.641686-05:00
2022-11-14,64.0,39.9,0.0,8.6,17.9,62.0,3.084,69.0,3.85,,,,0.093,1.578,1.485,finalized,Open-Meteo ERA5,Open-Meteo ERA5-Ocean,NOAA CO-OPS 8729678 Navarre Beach predictions,2026-08-08T15:57:33.641686-05:00
2022-11-15,75.5,55.2,1.563,16.9,37.8,52.0,5.184,176.0,5.15,,,,0.196,0.196,0.0,finalized,Open-Meteo ERA5,Open-Meteo ERA5-Ocean,NOAA CO-OPS 8729678 Navarre Beach predictions,2026-08-08T15:57:33.641686-05:00
2022-11-16,56.4,48.1,0.0,13.1,23.5,351.0,4.593,351.0,4.6,,,,0.324,1.491,1.167,finalized,Open-Meteo ERA5,Open-Meteo ERA5-Ocean,NOAA CO-OPS 8729678 Navarre Beach predictions,2026-08-08T15:57:33.641686-05:00
2022-11-17,55.0,42.2,0.0,10.5,17.9,343.0,4.856,358.0,4.55,,,,0.471,1.371,0.9,finalized,Open-Meteo ERA5,Open-Meteo ERA5-Ocean,NOAA CO-OPS 8729678 Navarre Beach predictions,2026-08-08T15:57:33.641686-05:00
2022-11-18,58.7,33.4,0.0,9.6,20.1,14.0,3.478,24.0,4.05,,,,0.622,1.21,0.588,finalized,Open-Meteo ERA5,Open-Meteo ERA5-Ocean,NOAA CO-OPS 8729678 Navarre Beach predictions,2026-08-08T15:57:33.641686-05:00
2022-11-19,56.4,43.4,0.047,8.9,19.5,27.0,3.346,57.0,4.1,,,,0.754,1.166,0.4119999999999999,finalized,Open-Meteo ERA5,Open-Meteo ERA5-Ocean,NOAA CO-OPS 8729678 Navarre Beach predictions,2026-08-08T15:57:33.641686-05:00
2022-11-20,50.7,42.5,0.028,11.3,22.1,19.0,4.462,40.0,4.45,,,,0.724,1.327,0.603,finalized,Open-Meteo ERA5,Open-Meteo ERA5-Ocean,NOAA CO-OPS 8729678 Navarre Beach predictions,2026-08-08T15:57:33.641686-05:00
2022-11-21,66.5,38.2,0.0,9.7,18.8,36.0,4.199,57.0,4.45,,,,0.447,1.521,1.0739999999999998,finalized,Open-Meteo ERA5,Open-Meteo ERA5-Ocean,NOAA CO-OPS 8729678 Navarre Beach predictions,2026-08-08T15:57:33.641686-05:00
2022-11-22,67.0,53.6,0.0,8.5,17.0,34.0,3.215,68.0,4.25,,,,0.167,1.715,1.548,finalized,Open-Meteo ERA5,Open-Meteo ERA5-Ocean,NOAA CO-OPS 8729678 Navarre Beach predictions,2026-08-08T15:57:33.641686-05:00
2022-11-23,75.2,57.7,0.016,7.3,14.5,50.0,2.362,70.0,3.85,,,,-0.082,1.879,1.961,finalized,Open-Meteo ERA5,Open-Meteo ERA5-Ocean,NOAA CO-OPS 8729678 Navarre Beach predictions,2026-08-08T15:57:33.641686-05:00
2022-11-24,70.1,56.8,0.059,8.2,17.2,91.0,3.215,104.0,4.05,,,,-0.277,1.993,2.27,finalized,Open-Meteo ERA5,Open-Meteo ERA5-Ocean,NOAA CO-OPS 8729678 Navarre Beach predictions,2026-08-08T15:57:33.641686-05:00
2022-11-25,75.5,62.7,0.157,9.9,21.7,101.0,3.478,141.0,4.25,,,,-0.403,2.043,2.446,finalized,Open-Meteo ERA5,Open-Meteo ERA5-Ocean,NOAA CO-OPS 8729678 Navarre Beach predictions,2026-08-08T15:57:33.641686-05:00
2022-11-26,72.4,60.2,0.449,19.9,32.7,114.0,6.102,120.0,4.85,,,,-0.454,2.021,2.475,finalized,Open-Meteo ERA5,Open-Meteo ERA5-Ocean,NOAA CO-OPS 8729678 Navarre Beach predictions,2026-08-08T15:57:33.641686-05:00
2022-11-27,72.6,57.1,0.748,19.3,34.2,242.0,6.627,225.0,5.6,,,,-0.422,1.924,2.346,finalized,Open-Meteo ERA5,Open-Meteo ERA5-Ocean,NOAA CO-OPS 8729678 Navarre Beach predictions,2026-08-08T15:57:33.641686-05:00
2022-11-28,74.4,56.6,0.0,8.8,17.2,251.0,3.675,226.0,4.75,,,,-0.302,1.753,2.055,finalized,Open-Meteo ERA5,Open-Meteo ERA5-Ocean,NOAA CO-OPS 8729678 Navarre Beach predictions,2026-08-08T15:57:33.641686-05:00
2022-11-29,74.1,55.3,0.394,14.3,24.8,143.0,3.281,155.0,4.5,,,,-0.102,1.515,1.617,finalized,Open-Meteo ERA5,Open-Meteo ERA5-Ocean,NOAA CO-OPS 8729678 Navarre Beach predictions,2026-08-08T15:57:33.641686-05:00
2022-11-30,74.2,53.2,0.854,13.1,26.6,310.0,5.249,203.0,4.95,,,,0.157,0.157,0.0,finalized,Open-Meteo ERA5,Open-Meteo ERA5-Ocean,NOAA CO-OPS 8729678 Navarre Beach predictions,2026-08-08T15:57:33.641686-05:00
2022-12-01,62.8,42.1,0.0,13.0,24.2,36.0,5.446,42.0,4.8,,,,0.409,1.226,0.817,finalized,Open-Meteo ERA5,Open-Meteo ERA5-Ocean,NOAA CO-OPS 8729678 Navarre Beach predictions,2026-08-08T15:57:33.641686-05:00
2022-12-02,69.7,47.6,0.0,10.6,20.1,100.0,4.068,111.0,4.75,,,,0.571,1.039,0.4679999999999999,finalized,Open-Meteo ERA5,Open-Meteo ERA5-Ocean,NOAA CO-OPS 8729678 Navarre Beach predictions,2026-08-08T15:57:33.641686-05:00
2022-12-03,77.1,60.0,0.0,7.4,14.8,159.0,3.412,137.0,5.25,,,,0.545,1.204,0.6589999999999999,finalized,Open-Meteo ERA5,Open-Meteo ERA5-Ocean,NOAA CO-OPS 8729678 Navarre Beach predictions,2026-08-08T15:57:33.641686-05:00
2022-12-04,74.8,59.2,0.059,7.5,14.3,351.0,1.837,138.0,5.4,,,,0.252,1.365,1.113,finalized,Open-Meteo ERA5,Open-Meteo ERA5-Ocean,NOAA CO-OPS 8729678 Navarre Beach predictions,2026-08-08T15:57:33.641686-05:00
2022-12-05,73.4,56.9,0.0,7.0,15.0,161.0,1.05,140.0,4.15,,,,0.004,1.492,1.488,finalized,Open-Meteo ERA5,Open-Meteo ERA5-Ocean,NOAA CO-OPS 8729678 Navarre Beach predictions,2026-08-08T15:57:33.641686-05:00
2022-12-06,79.1,68.3,0.031,9.8,21.0,184.0,1.509,170.0,3.9,,,,-0.187,1.56,1.747,finalized,Open-Meteo ERA5,Open-Meteo ERA5-Ocean,NOAA CO-OPS 8729678 Navarre Beach predictions,2026-08-08T15:57:33.641686-05:00
2022-12-07,80.7,64.3,0.0,5.8,12.1,200.0,1.509,185.0,4.15,,,,-0.317,1.575,1.892,finalized,Open-Meteo ERA5,Open-Meteo ERA5-Ocean,NOAA CO-OPS 8729678 Navarre Beach predictions,2026-08-08T15:57:33.641686-05:00
2022-12-08,78.3,62.5,0.0,7.4,14.5,260.0,1.181,187.0,4.15,,,,-0.391,1.557,1.948,finalized,Open-Meteo ERA5,Open-Meteo ERA5-Ocean,NOAA CO-OPS 8729678 Navarre Beach predictions,2026-08-08T15:57:33.641686-05:00
2022-12-09,75.6,61.3,0.0,5.9,12.5,277.0,1.115,249.0,3.7,,,,-0.415,1.521,1.936,finalized,Open-Meteo ERA5,Open-Meteo ERA5-Ocean,NOAA CO-OPS 8729678 Navarre Beach predictions,2026-08-08T15:57:33.641686-05:00
2022-12-10,73.8,58.0,0.008,4.7,8.9,305.0,0.787,289.0,3.45,,,,-0.397,1.478,1.875,finalized,Open-Meteo ERA5,Open-Meteo ERA5-Ocean,NOAA CO-OPS 8729678 Navarre Beach predictions,2026-08-08T15:57:33.641686-05:00
2022-12-11,69.7,62.4,0.091,6.0,12.3,122.0,1.181,136.0,3.2,,,,-0.342,1.43,1.772,finalized,Open-Meteo ERA5,Open-Meteo ERA5-Ocean,NOAA CO-OPS 8729678 Navarre Beach predictions,2026-08-08T15:57:33.641686-05:00
2022-12-12,70.9,64.0,0.571,10.1,17.2,69.0,1.378,155.0,3.25,,,,-0.255,1.368,1.6230000000000002,finalized,Open-Meteo ERA5,Open-Meteo ERA5-Ocean,NOAA CO-OPS 8729678 Navarre Beach predictions,2026-08-08T15:57:33.641686-05:00
2022-12-13,69.0,62.3,0.055,15.7,29.5,108.0,5.446,119.0,5.15,,,,-0.136,1.278,1.414,finalized,Open-Meteo ERA5,Open-Meteo ERA5-Ocean,NOAA CO-OPS 8729678 Navarre Beach predictions,2026-08-08T15:57:33.641686-05:00
2022-12-14,75.1,65.2,0.776,19.8,34.4,155.0,8.202,160.0,6.2,,,,0.011,1.149,1.138,finalized,Open-Meteo ERA5,Open-Meteo ERA5-Ocean,NOAA CO-OPS 8729678 Navarre Beach predictions,2026-08-08T15:57:33.641686-05:00
2022-12-15,70.7,47.1,0.504,19.3,37.8,303.0,8.268,234.0,6.5,,,,0.175,0.971,0.796,finalized,Open-Meteo ERA5,Open-Meteo ERA5-Ocean,NOAA CO-OPS 8729678 Navarre Beach predictions,2026-08-08T15:57:33.641686-05:00
2022-12-16,62.0,42.4,0.0,8.0,13.9,310.0,3.346,240.0,5.85,,,,0.332,0.814,0.4819999999999999,finalized,Open-Meteo ERA5,Open-Meteo ERA5-Ocean,NOAA CO-OPS 8729678 Navarre Beach predictions,2026-08-08T15:57:33.641686-05:00
2022-12-17,58.2,45.5,0.0,9.5,18.8,343.0,3.215,353.0,5.55,,,,0.454,0.941,0.4869999999999999,finalized,Open-Meteo ERA5,Open-Meteo ERA5-Ocean,NOAA CO-OPS 8729678 Navarre Beach predictions,2026-08-08T15:57:33.641686-05:00
2022-12-18,56.4,36.8,0.0,9.8,20.1,356.0,4.396,3.0,4.35,,,,0.42,1.121,0.7010000000000001,finalized,Open-Meteo ERA5,Open-Meteo ERA5-Ocean,NOAA CO-OPS 8729678 Navarre Beach predictions,2026-08-08T15:57:33.641686-05:00
2022-12-19,56.1,37.8,0.016,12.2,20.4,43.0,4.396,59.0,4.15,,,,0.122,1.32,1.198,finalized,Open-Meteo ERA5,Open-Meteo ERA5-Ocean,NOAA CO-OPS 8729678 Navarre Beach predictions,2026-08-08T15:57:33.641686-05:00
2022-12-20,54.3,48.8,0.996,16.5,29.1,56.0,7.087,84.0,5.3,,,,-0.183,1.509,1.692,finalized,Open-Meteo ERA5,Open-Meteo ERA5-Ocean,NOAA CO-OPS 8729678 Navarre Beach predictions,2026-08-08T15:57:33.641686-05:00
2022-12-21,53.1,48.5,0.035,12.6,23.7,42.0,6.43,69.0,5.3,,,,-0.455,1.663,2.118,finalized,Open-Meteo ERA5,Open-Meteo ERA5-Ocean,NOAA CO-OPS 8729678 Navarre Beach predictions,2026-08-08T15:57:33.641686-05:00
2022-12-22,57.6,48.9,0.0,8.0,14.3,69.0,2.69,101.0,4.4,,,,-0.667,1.764,2.431,finalized,Open-Meteo ERA5,Open-Meteo ERA5-Ocean,NOAA CO-OPS 8729678 Navarre Beach predictions,2026-08-08T15:57:33.641686-05:00
2022-12-23,59.3,26.5,0.008,20.2,35.3,326.0,8.661,326.0,5.7,,,,-0.797,1.802,2.599,finalized,Open-Meteo ERA5,Open-Meteo ERA5-Ocean,NOAA CO-OPS 8729678 Navarre Beach predictions,2026-08-08T15:57:33.641686-05:00
2022-12-24,36.4,20.4,0.0,14.1,25.3,336.0,5.84,342.0,4.9,,,,-0.835,1.766,2.601,finalized,Open-Meteo ERA5,Open-Meteo ERA5-Ocean,NOAA CO-OPS 8729678 Navarre Beach predictions,2026-08-08T15:57:33.641686-05:00
2022-12-25,45.6,24.6,0.0,11.5,18.8,334.0,4.265,343.0,4.3,,,,-0.775,1.651,2.426,finalized,Open-Meteo ERA5,Open-Meteo ERA5-Ocean,NOAA CO-OPS 8729678 Navarre Beach predictions,2026-08-08T15:57:33.641686-05:00
2022-12-26,52.1,23.9,0.0,5.5,13.6,57.0,1.772,14.0,3.15,,,,-0.617,1.458,2.075,finalized,Open-Meteo ERA5,Open-Meteo ERA5-Ocean,NOAA CO-OPS 8729678 Navarre Beach predictions,2026-08-08T15:57:33.641686-05:00
2022-12-27,58.0,36.0,0.0,6.8,11.9,62.0,2.034,58.0,4.05,,,,-0.375,1.198,1.573,finalized,Open-Meteo ERA5,Open-Meteo ERA5-Ocean,NOAA CO-OPS 8729678 Navarre Beach predictions,2026-08-08T15:57:33.641686-05:00
2022-12-28,62.6,36.6,0.0,11.3,20.6,94.0,4.987,119.0,4.95,,,,-0.082,0.895,0.977,finalized,Open-Meteo ERA5,Open-Meteo ERA5-Ocean,NOAA CO-OPS 8729678 Navarre Beach predictions,2026-08-08T15:57:33.641686-05:00
2022-12-29,70.6,55.3,0.0,11.4,21.9,115.0,4.593,132.0,5.3,,,,0.152,0.593,0.4409999999999999,finalized,Open-Meteo ERA5,Open-Meteo ERA5-Ocean,NOAA CO-OPS 8729678 Navarre Beach predictions,2026-08-08T15:57:33.641686-05:00
2022-12-30,67.3,56.0,1.606,15.5,44.5,110.0,7.283,142.0,6.5,,,,0.277,0.767,0.49,finalized,Open-Meteo ERA5,Open-Meteo ERA5-Ocean,NOAA CO-OPS 8729678 Navarre Beach predictions,2026-08-08T15:57:33.641686-05:00
2022-12-31,72.9,63.5,0.256,11.6,25.1,217.0,5.052,180.0,6.2,,,,0.164,0.961,0.7969999999999999,finalized,Open-Meteo ERA5,Open-Meteo ERA5-Ocean,NOAA CO-OPS 8729678 Navarre Beach predictions,2026-08-08T15:57:33.641686-05:00
2023-01-01,74.6,58.0,0.0,6.5,12.3,205.0,2.493,195.0,5.2,,,,-0.172,1.181,1.353,finalized,Open-Meteo ERA5,Open-Meteo ERA5-Ocean,NOAA CO-OPS 8729678 Navarre Beach predictions,2026-08-08T15:57:33.641686-05:00
2023-01-02,76.5,65.4,0.028,13.8,23.0,139.0,4.331,164.0,4.55,,,,-0.394,1.278,1.6720000000000002,finalized,Open-Meteo ERA5,Open-Meteo ERA5-Ocean,NOAA CO-OPS 8729678 Navarre Beach predictions,2026-08-08T15:57:33.641686-05:00
2023-01-03,77.6,68.6,0.894,15.8,31.1,182.0,5.84,174.0,6.0,,,,-0.551,1.314,1.865,finalized,Open-Meteo ERA5,Open-Meteo ERA5-Ocean,NOAA CO-OPS 8729678 Navarre Beach predictions,2026-08-08T15:57:33.641686-05:00
2023-01-04,76.7,59.1,1.543,14.9,31.5,240.0,6.89,194.0,6.45,,,,-0.649,1.308,1.957,finalized,Open-Meteo ERA5,Open-Meteo ERA5-Ocean,NOAA CO-OPS 8729678 Navarre Beach predictions,2026-08-08T15:57:33.641686-05:00
2023-01-05,69.6,49.9,0.0,9.0,18.1,286.0,4.003,239.0,6.2,,,,-0.697,1.281,1.978,finalized,Open-Meteo ERA5,Open-Meteo ERA5-Ocean,NOAA CO-OPS 8729678 Navarre Beach predictions,2026-08-08T15:57:33.641686-05:00
2023-01-06,64.9,41.6,0.0,6.1,10.3,322.0,2.165,313.0,4.15,,,,-0.702,1.248,1.95,finalized,Open-Meteo ERA5,Open-Meteo ERA5-Ocean,NOAA CO-OPS 8729678 Navarre Beach predictions,2026-08-08T15:57:33.641686-05:00
2023-01-07,68.6,43.1,0.0,6.5,12.8,130.0,1.115,114.0,4.85,,,,-0.669,1.213,1.882,finalized,Open-Meteo ERA5,Open-Meteo ERA5-Ocean,NOAA CO-OPS 8729678 Navarre Beach predictions,2026-08-08T15:57:33.641686-05:00
2023-01-08,69.6,48.7,0.0,7.7,14.5,168.0,1.312,165.0,2.8,,,,-0.6,1.169,1.769,finalized,Open-Meteo ERA5,Open-Meteo ERA5-Ocean,NOAA CO-OPS 8729678 Navarre Beach predictions,2026-08-08T15:57:33.641686-05:00
2023-01-09,63.7,46.8,0.0,10.1,19.9,348.0,2.822,352.0,3.65,,,,-0.494,1.105,1.599,finalized,Open-Meteo ERA5,Open-Meteo ERA5-Ocean,NOAA CO-OPS 8729678 Navarre Beach predictions,2026-08-08T15:57:33.641686-05:00
2023-01-10,65.6,37.9,0.0,6.8,11.2,260.0,1.05,24.0,2.95,,,,-0.352,1.008,1.36,finalized,Open-Meteo ERA5,Open-Meteo ERA5-Ocean,NOAA CO-OPS 8729678 Navarre Beach predictions,2026-08-08T15:57:33.641686-05:00
2023-01-11,75.3,49.7,0.02,14.4,28.0,227.0,2.822,219.0,4.15,,,,-0.184,0.867,1.051,finalized,Open-Meteo ERA5,Open-Meteo ERA5-Ocean,NOAA CO-OPS 8729678 Navarre Beach predictions,2026-08-08T15:57:33.641686-05:00
2023-01-12,75.4,60.0,0.28,20.3,39.4,230.0,8.071,220.0,6.15,,,,-0.012,0.678,0.6900000000000001,finalized,Open-Meteo ERA5,Open-Meteo ERA5-Ocean,NOAA CO-OPS 8729678 Navarre Beach predictions,2026-08-08T15:57:33.641686-05:00
2023-01-13,57.9,41.8,0.0,16.3,31.1,333.0,6.365,320.0,5.5,,,,0.133,0.504,0.371,finalized,Open-Meteo ERA5,Open-Meteo ERA5-Ocean,NOAA CO-OPS 8729678 Navarre Beach predictions,2026-08-08T15:57:33.641686-05:00
2023-01-14,54.2,36.7,0.0,13.0,24.2,333.0,5.577,342.0,4.85,,,,0.226,0.697,0.471,finalized,Open-Meteo ERA5,Open-Meteo ERA5-Ocean,NOAA CO-OPS 8729678 Navarre Beach predictions,2026-08-08T15:57:33.641686-05:00
2023-01-15,57.6,33.2,0.0,6.7,11.0,19.0,2.953,18.0,3.9,,,,0.117,0.912,0.795,finalized,Open-Meteo ERA5,Open-Meteo ERA5-Ocean,NOAA CO-OPS 8729678 Navarre Beach predictions,2026-08-08T15:57:33.641686-05:00
2023-01-16,65.0,41.3,0.0,9.7,19.2,123.0,3.806,176.0,4.5,,,,-0.177,1.124,1.3010000000000002,finalized,Open-Meteo ERA5,Open-Meteo ERA5-Ocean,NOAA CO-OPS 8729678 Navarre Beach predictions,2026-08-08T15:57:33.641686-05:00
2023-01-17,76.6,61.2,0.016,14.4,25.1,212.0,4.331,203.0,5.9,,,,-0.468,1.308,1.776,finalized,Open-Meteo ERA5,Open-Meteo ERA5-Ocean,NOAA CO-OPS 8729678 Navarre Beach predictions,2026-08-08T15:57:33.641686-05:00
2023-01-18,76.4,61.1,0.055,14.2,27.7,163.0,4.396,191.0,6.05,,,,-0.723,1.451,2.174,finalized,Open-Meteo ERA5,Open-Meteo ERA5-Ocean,NOAA CO-OPS 8729678 Navarre Beach predictions,2026-08-08T15:57:33.641686-05:00
2023-01-19,75.1,58.1,0.047,13.0,23.3,235.0,4.987,188.0,5.85,,,,-0.912,1.541,2.453,finalized,Open-Meteo ERA5,Open-Meteo ERA5-Ocean,NOAA CO-OPS 8729678 Navarre Beach predictions,2026-08-08T15:57:33.641686-05:00
2023-01-20,64.5,47.3,0.0,9.0,16.8,351.0,3.412,117.0,5.8,,,,-1.017,1.569,2.586,finalized,Open-Meteo ERA5,Open-Meteo ERA5-Ocean,NOAA CO-OPS 8729678 Navarre Beach predictions,2026-08-08T15:57:33.641686-05:00
2023-01-21,57.3,51.6,0.15,12.8,23.3,70.0,6.037,86.0,5.15,,,,-1.021,1.522,2.543,finalized,Open-Meteo ERA5,Open-Meteo ERA5-Ocean,NOAA CO-OPS 8729678 Navarre Beach predictions,2026-08-08T15:57:33.641686-05:00
2023-01-22,66.7,49.9,1.417,16.0,39.6,234.0,6.234,193.0,5.35,,,,-0.919,1.39,2.309,finalized,Open-Meteo ERA5,Open-Meteo ERA5-Ocean,NOAA CO-OPS 8729678 Navarre Beach predictions,2026-08-08T15:57:33.641686-05:00
2023-01-23,57.1,44.4,0.0,11.5,21.7,346.0,4.199,313.0,4.8,,,,-0.714,1.172,1.886,finalized,Open-Meteo ERA5,Open-Meteo ERA5-Ocean,NOAA CO-OPS 8729678 Navarre Beach predictions,2026-08-08T15:57:33.641686-05:00
2023-01-24,65.2,42.9,0.0,15.3,30.0,98.0,6.693,108.0,5.55,,,,-0.429,0.886,1.315,finalized,Open-Meteo ERA5,Open-Meteo ERA5-Ocean,NOAA CO-OPS 8729678 Navarre Beach predictions,2026-08-08T15:57:33.641686-05:00
2023-01-25,70.6,48.0,0.921,20.8,49.2,227.0,8.99,188.0,6.45,,,,-0.139,0.568,0.707,finalized,Open-Meteo ERA5,Open-Meteo ERA5-Ocean,NOAA CO-OPS 8729678 Navarre Beach predictions,2026-08-08T15:57:33.641686-05:00
2023-01-26,56.8,40.6,0.0,10.9,19.2,312.0,5.315,304.0,5.2,,,,0.031,0.388,0.357,finalized,Open-Meteo ERA5,Open-Meteo ERA5-Ocean,NOAA CO-OPS 8729678 Navarre Beach predictions,2026-08-08T15:57:33.641686-05:00
2023-01-27,56.2,37.7,0.0,9.5,14.8,351.0,3.478,354.0,4.0,,,,0.095,0.625,0.53,finalized,Open-Meteo ERA5,Open-Meteo ERA5-Ocean,NOAA CO-OPS 8729678 Navarre Beach predictions,2026-08-08T15:57:33.641686-05:00
2023-01-28,61.3,38.4,0.0,10.4,21.3,96.0,3.937,107.0,4.65,,,,-0.104,0.838,0.942,finalized,Open-Meteo ERA5,Open-Meteo ERA5-Ocean,NOAA CO-OPS 8729678 Navarre Beach predictions,2026-08-08T15:57:33.641686-05:00
2023-01-29,69.9,50.9,0.654,10.9,19.5,157.0,3.871,146.0,4.7,,,,-0.353,0.988,1.341,finalized,Open-Meteo ERA5,Open-Meteo ERA5-Ocean,NOAA CO-OPS 8729678 Navarre Beach predictions,2026-08-08T15:57:33.641686-05:00
2023-01-30,77.4,66.8,0.051,10.7,20.1,236.0,3.543,169.0,5.3,,,,-0.537,1.068,1.605,finalized,Open-Meteo ERA5,Open-Meteo ERA5-Ocean,NOAA CO-OPS 8729678 Navarre Beach predictions,2026-08-08T15:57:33.641686-05:00
2023-01-31,74.8,64.6,0.004,4.7,10.3,227.0,1.903,163.0,5.2,,,,-0.659,1.094,1.753,finalized,Open-Meteo ERA5,Open-Meteo ERA5-Ocean,NOAA CO-OPS 8729678 Navarre Beach predictions,2026-08-08T15:57:33.641686-05:00
2023-02-01,72.2,62.5,0.0,5.4,13.6,337.0,1.247,158.0,4.55,,,,-0.726,1.09,1.816,finalized,Open-Meteo ERA5,Open-Meteo ERA5-Ocean,NOAA CO-OPS 8729678 Navarre Beach predictions,2026-08-08T15:57:33.641686-05:00
2023-02-02,71.4,60.0,0.075,12.0,22.1,205.0,1.772,158.0,3.85,,,,-0.749,1.076,1.825,finalized,Open-Meteo ERA5,Open-Meteo ERA5-Ocean,NOAA CO-OPS 8729678 Navarre Beach predictions,2026-08-08T15:57:33.641686-05:00
2023-02-03,61.7,47.4,0.11,14.8,27.7,2.0,6.037,5.0,4.85,,,,-0.734,1.058,1.792,finalized,Open-Meteo ERA5,Open-Meteo ERA5-Ocean,NOAA CO-OPS 8729678 Navarre Beach predictions,2026-08-08T15:57:33.641686-05:00
2023-02-04,61.0,39.8,0.0,11.6,21.3,53.0,4.987,55.0,4.65,,,,-0.684,1.032,1.7160000000000002,finalized,Open-Meteo ERA5,Open-Meteo ERA5-Ocean,NOAA CO-OPS 8729678 Navarre Beach predictions,2026-08-08T15:57:33.641686-05:00
2023-02-05,68.4,50.5,0.0,7.6,13.2,65.0,3.15,115.0,4.9,,,,-0.598,0.989,1.587,finalized,Open-Meteo ERA5,Open-Meteo ERA5-Ocean,NOAA CO-OPS 8729678 Navarre Beach predictions,2026-08-08T15:57:33.641686-05:00
2023-02-06,70.7,45.1,0.0,7.7,16.8,64.0,2.034,83.0,4.4,,,,-0.476,0.92,1.396,finalized,Open-Meteo ERA5,Open-Meteo ERA5-Ocean,NOAA CO-OPS 8729678 Navarre Beach predictions,2026-08-08T15:57:33.641686-05:00
2023-02-07,71.7,49.2,0.016,11.1,22.8,115.0,3.871,128.0,4.8,,,,-0.324,0.815,1.139,finalized,Open-Meteo ERA5,Open-Meteo ERA5-Ocean,NOAA CO-OPS 8729678 Navarre Beach predictions,2026-08-08T15:57:33.641686-05:00
2023-02-08,75.7,62.7,0.004,14.4,27.7,140.0,4.593,146.0,5.1,,,,-0.164,0.671,0.8350000000000001,finalized,Open-Meteo ERA5,Open-Meteo ERA5-Ocean,NOAA CO-OPS 8729678 Navarre Beach predictions,2026-08-08T15:57:33.641686-05:00
2023-02-09,71.3,65.7,0.079,12.5,23.9,170.0,5.052,159.0,5.65,,,,-0.015,0.486,0.501,finalized,Open-Meteo ERA5,Open-Meteo ERA5-Ocean,NOAA CO-OPS 8729678 Navarre Beach predictions,2026-08-08T15:57:33.641686-05:00
2023-02-10,67.5,54.8,1.055,14.2,28.4,14.0,5.315,65.0,5.3,,,,0.108,0.426,0.318,finalized,Open-Meteo ERA5,Open-Meteo ERA5-Ocean,NOAA CO-OPS 8729678 Navarre Beach predictions,2026-08-08T15:57:33.641686-05:00
2023-02-11,55.2,46.3,0.969,19.0,30.2,10.0,7.48,9.0,6.0,,,,0.182,0.644,0.462,finalized,Open-Meteo ERA5,Open-Meteo ERA5-Ocean,NOAA CO-OPS 8729678 Navarre Beach predictions,2026-08-08T15:57:33.641686-05:00
2023-02-12,62.5,45.4,0.004,19.7,35.6,294.0,10.892,281.0,6.65,,,,0.012,0.865,0.853,finalized,Open-Meteo ERA5,Open-Meteo ERA5-Ocean,NOAA CO-OPS 8729678 Navarre Beach predictions,2026-08-08T15:57:33.641686-05:00
2023-02-13,67.0,36.2,0.0,6.8,13.2,290.0,3.74,287.0,4.5,,,,-0.247,1.062,1.3090000000000002,finalized,Open-Meteo ERA5,Open-Meteo ERA5-Ocean,NOAA CO-OPS 8729678 Navarre Beach predictions,2026-08-08T15:57:33.641686-05:00
2023-02-14,71.5,45.4,0.0,14.7,28.4,160.0,4.003,180.0,5.05,,,,-0.493,1.222,1.715,finalized,Open-Meteo ERA5,Open-Meteo ERA5-Ocean,NOAA CO-OPS 8729678 Navarre Beach predictions,2026-08-08T15:57:33.641686-05:00
2023-02-15,75.9,62.2,0.0,13.2,25.3,155.0,4.462,180.0,5.8,,,,-0.7,1.341,2.041,finalized,Open-Meteo ERA5,Open-Meteo ERA5-Ocean,NOAA CO-OPS 8729678 Navarre Beach predictions,2026-08-08T15:57:33.641686-05:00
2023-02-16,76.1,67.9,0.008,15.4,32.0,161.0,5.315,166.0,5.25,,,,-0.846,1.412,2.258,finalized,Open-Meteo ERA5,Open-Meteo ERA5-Ocean,NOAA CO-OPS 8729678 Navarre Beach predictions,2026-08-08T15:57:33.641686-05:00
2023-02-17,72.7,43.4,0.071,17.7,34.2,321.0,5.774,283.0,5.2,,,,-0.909,1.428,2.337,finalized,Open-Meteo ERA5,Open-Meteo ERA5-Ocean,NOAA CO-OPS 8729678 Navarre Beach predictions,2026-08-08T15:57:33.641686-05:00
2023-02-18,58.3,35.8,0.0,12.5,24.8,31.0,5.643,30.0,4.85,,,,-0.874,1.372,2.246,finalized,Open-Meteo ERA5,Open-Meteo ERA5-Ocean,NOAA CO-OPS 8729678 Navarre Beach predictions,2026-08-08T15:57:33.641686-05:00
2023-02-19,67.9,45.0,0.0,6.9,11.6,288.0,1.64,118.0,4.0,,,,-0.736,1.233,1.969,finalized,Open-Meteo ERA5,Open-Meteo ERA5-Ocean,NOAA CO-OPS 8729678 Navarre Beach predictions,2026-08-08T15:57:33.641686-05:00
2023-02-20,72.6,50.7,0.0,14.2,26.8,243.0,3.609,242.0,4.1,,,,-0.503,1.014,1.517,finalized,Open-Meteo ERA5,Open-Meteo ERA5-Ocean,NOAA CO-OPS 8729678 Navarre Beach predictions,2026-08-08T15:57:33.641686-05:00
2023-02-21,75.5,67.0,0.0,14.5,27.5,234.0,3.806,231.0,4.4,,,,-0.204,0.735,0.939,finalized,Open-Meteo ERA5,Open-Meteo ERA5-Ocean,NOAA CO-OPS 8729678 Navarre Beach predictions,2026-08-08T15:57:33.641686-05:00
2023-02-22,77.2,69.4,0.067,17.6,33.6,178.0,4.724,189.0,5.95,,,,0.017,0.225,0.208,finalized,Open-Meteo ERA5,Open-Meteo ERA5-Ocean,NOAA CO-OPS 8729678 Navarre Beach predictions,2026-08-08T15:57:33.641686-05:00
2023-02-23,78.5,70.5,0.028,15.9,30.2,187.0,4.79,190.0,6.3,,,,-0.008,0.463,0.471,finalized,Open-Meteo ERA5,Open-Meteo ERA5-Ocean,NOAA CO-OPS 8729678 Navarre Beach predictions,2026-08-08T15:57:33.641686-05:00
2023-02-24,79.2,68.1,0.004,6.7,15.0,206.0,3.675,186.0,6.4,,,,-0.149,0.717,0.866,finalized,Open-Meteo ERA5,Open-Meteo ERA5-Ocean,NOAA CO-OPS 8729678 Navarre Beach predictions,2026-08-08T15:57:33.641686-05:00
2023-02-25,80.2,67.0,0.0,8.1,15.4,230.0,2.362,179.0,5.9,,,,0.905,0.905,0.0,finalized,Open-Meteo ERA5,Open-Meteo ERA5-Ocean,NOAA CO-OPS 8729678 Navarre Beach predictions,2026-08-08T15:57:33.641686-05:00
2023-02-26,78.7,65.2,0.0,8.1,16.6,233.0,1.64,177.0,5.0,,,,-0.344,1.015,1.359,finalized,Open-Meteo ERA5,Open-Meteo ERA5-Ocean,NOAA CO-OPS 8729678 Navarre Beach predictions,2026-08-08T15:57:33.641686-05:00
2023-02-27,78.8,67.1,0.047,19.5,37.1,218.0,4.331,202.0,4.65,,,,-0.474,1.058,1.532,finalized,Open-Meteo ERA5,Open-Meteo ERA5-Ocean,NOAA CO-OPS 8729678 Navarre Beach predictions,2026-08-08T15:57:33.641686-05:00
2023-02-28,80.3,71.2,0.051,13.5,25.3,243.0,4.265,220.0,5.3,,,,-0.548,1.058,1.606,finalized,Open-Meteo ERA5,Open-Meteo ERA5-Ocean,NOAA CO-OPS 8729678 Navarre Beach predictions,2026-08-08T15:57:33.641686-05:00
2023-03-01,79.1,70.8,0.012,12.8,25.9,199.0,2.69,200.0,4.55,,,,-0.574,1.044,1.618,finalized,Open-Meteo ERA5,Open-Meteo ERA5-Ocean,NOAA CO-OPS 8729678 Navarre Beach predictions,2026-08-08T15:57:33.641686-05:00
2023-03-02,77.2,70.4,0.15,15.7,30.2,188.0,4.724,185.0,5.05,,,,-0.562,1.031,1.593,finalized,Open-Meteo ERA5,Open-Meteo ERA5-Ocean,NOAA CO-OPS 8729678 Navarre Beach predictions,2026-08-08T15:57:33.641686-05:00
2023-03-03,78.6,68.3,0.134,25.8,52.3,199.0,10.827,193.0,7.7,,,,-0.517,1.02,1.537,finalized,Open-Meteo ERA5,Open-Meteo ERA5-Ocean,NOAA CO-OPS 8729678 Navarre Beach predictions,2026-08-08T15:57:33.641686-05:00
2023-03-04,78.7,58.4,0.0,8.0,15.7,294.0,7.349,187.0,7.75,,,,-0.438,0.996,1.434,finalized,Open-Meteo ERA5,Open-Meteo ERA5-Ocean,NOAA CO-OPS 8729678 Navarre Beach predictions,2026-08-08T15:57:33.641686-05:00
2023-03-05,79.9,55.7,0.0,7.6,15.0,72.0,3.871,168.0,7.45,,,,-0.325,0.945,1.27,finalized,Open-Meteo ERA5,Open-Meteo ERA5-Ocean,NOAA CO-OPS 8729678 Navarre Beach predictions,2026-08-08T15:57:33.641686-05:00
2023-03-06,78.2,59.6,0.031,6.9,18.3,199.0,2.231,172.0,6.3,,,,-0.185,0.862,1.047,finalized,Open-Meteo ERA5,Open-Meteo ERA5-Ocean,NOAA CO-OPS 8729678 Navarre Beach predictions,2026-08-08T15:57:33.641686-05:00
2023-03-07,83.2,70.0,0.043,8.4,21.5,259.0,1.64,200.0,4.3,,,,-0.036,0.747,0.783,finalized,Open-Meteo ERA5,Open-Meteo ERA5-Ocean,NOAA CO-OPS 8729678 Navarre Beach predictions,2026-08-08T15:57:33.641686-05:00
2023-03-08,78.1,66.1,0.0,10.7,20.8,94.0,2.231,123.0,3.95,,,,0.102,0.606,0.504,finalized,Open-Meteo ERA5,Open-Meteo ERA5-Ocean,NOAA CO-OPS 8729678 Navarre Beach predictions,2026-08-08T15:57:33.641686-05:00
2023-03-09,73.2,64.3,0.075,12.2,24.6,140.0,2.756,131.0,4.35,,,,0.086,0.464,0.378,finalized,Open-Meteo ERA5,Open-Meteo ERA5-Ocean,NOAA CO-OPS 8729678 Navarre Beach predictions,2026-08-08T15:57:33.641686-05:00
2023-03-10,79.4,63.4,0.087,11.6,25.1,277.0,2.297,193.0,4.2,,,,0.021,0.679,0.658,finalized,Open-Meteo ERA5,Open-Meteo ERA5-Ocean,NOAA CO-OPS 8729678 Navarre Beach predictions,2026-08-08T15:57:33.641686-05:00
2023-03-11,72.9,54.8,0.0,9.0,13.2,136.0,2.625,71.0,3.6,,,,-0.07,0.899,0.969,finalized,Open-Meteo ERA5,Open-Meteo ERA5-Ocean,NOAA CO-OPS 8729678 Navarre Beach predictions,2026-08-08T15:57:33.641686-05:00
2023-03-12,75.5,65.9,0.256,16.8,31.8,234.0,4.331,208.0,4.8,,,,-0.232,1.096,1.328,finalized,Open-Meteo ERA5,Open-Meteo ERA5-Ocean,NOAA CO-OPS 8729678 Navarre Beach predictions,2026-08-08T15:57:33.641686-05:00
2023-03-13,68.2,53.7,0.307,15.0,26.2,354.0,5.184,349.0,4.9,,,,1.254,1.254,0.0,finalized,Open-Meteo ERA5,Open-Meteo ERA5-Ocean,NOAA CO-OPS 8729678 Navarre Beach predictions,2026-08-08T15:57:33.641686-05:00
2023-03-14,62.7,44.5,0.0,11.8,22.6,2.0,4.003,12.0,4.25,,,,-0.405,1.365,1.77,finalized,Open-Meteo ERA5,Open-Meteo ERA5-Ocean,NOAA CO-OPS 8729678 Navarre Beach predictions,2026-08-08T15:57:33.641686-05:00
2023-03-15,62.6,41.9,0.0,10.1,20.6,34.0,3.609,41.0,4.15,,,,-0.538,1.43,1.968,finalized,Open-Meteo ERA5,Open-Meteo ERA5-Ocean,NOAA CO-OPS 8729678 Navarre Beach predictions,2026-08-08T15:57:33.641686-05:00
2023-03-16,71.5,45.4,0.0,13.6,25.9,146.0,4.068,138.0,4.35,,,,-0.612,1.448,2.06,finalized,Open-Meteo ERA5,Open-Meteo ERA5-Ocean,NOAA CO-OPS 8729678 Navarre Beach predictions,2026-08-08T15:57:33.641686-05:00
2023-03-17,76.6,55.4,0.472,18.2,36.0,204.0,5.118,177.0,5.3,,,,-0.607,1.414,2.021,finalized,Open-Meteo ERA5,Open-Meteo ERA5-Ocean,NOAA CO-OPS 8729678 Navarre Beach predictions,2026-08-08T15:57:33.641686-05:00
2023-03-18,56.5,47.9,0.0,14.9,29.1,353.0,5.709,355.0,5.0,,,,-0.511,1.32,1.831,finalized,Open-Meteo ERA5,Open-Meteo ERA5-Ocean,NOAA CO-OPS 8729678 Navarre Beach predictions,2026-08-08T15:57:33.641686-05:00
2023-03-19,55.1,41.3,0.0,14.0,25.9,343.0,5.84,351.0,4.85,,,,-0.323,1.164,1.487,finalized,Open-Meteo ERA5,Open-Meteo ERA5-Ocean,NOAA CO-OPS 8729678 Navarre Beach predictions,2026-08-08T15:57:33.641686-05:00
2023-03-20,59.1,33.7,0.0,10.9,21.9,7.0,4.068,7.0,4.3,,,,-0.06,0.955,1.015,finalized,Open-Meteo ERA5,Open-Meteo ERA5-Ocean,NOAA CO-OPS 8729678 Navarre Beach predictions,2026-08-08T15:57:33.641686-05:00
2023-03-21,64.8,40.9,0.0,8.4,18.8,100.0,2.165,95.0,3.65,,,,0.125,0.719,0.594,finalized,Open-Meteo ERA5,Open-Meteo ERA5-Ocean,NOAA CO-OPS 8729678 Navarre Beach predictions,2026-08-08T15:57:33.641686-05:00
2023-03-22,73.9,48.9,0.0,7.9,18.3,129.0,1.706,123.0,3.8,,,,0.015,0.584,0.569,finalized,Open-Meteo ERA5,Open-Meteo ERA5-Ocean,NOAA CO-OPS 8729678 Navarre Beach predictions,2026-08-08T15:57:33.641686-05:00
2023-03-23,77.5,56.7,0.0,9.4,21.5,174.0,1.575,151.0,3.95,,,,-0.089,0.847,0.936,finalized,Open-Meteo ERA5,Open-Meteo ERA5-Ocean,NOAA CO-OPS 8729678 Navarre Beach predictions,2026-08-08T15:57:33.641686-05:00
2023-03-24,77.4,66.8,0.012,13.7,28.2,176.0,3.609,165.0,4.6,,,,-0.18,1.06,1.24,finalized,Open-Meteo ERA5,Open-Meteo ERA5-Ocean,NOAA CO-OPS 8729678 Navarre Beach predictions,2026-08-08T15:57:33.641686-05:00
2023-03-25,80.6,70.9,0.504,14.6,28.6,213.0,4.331,185.0,5.4,,,,-0.289,1.194,1.483,finalized,Open-Meteo ERA5,Open-Meteo ERA5-Ocean,NOAA CO-OPS 8729678 Navarre Beach predictions,2026-08-08T15:57:33.641686-05:00
2023-03-26,79.3,72.5,0.425,13.1,28.4,196.0,3.281,185.0,5.3,,,,1.252,1.252,0.0,finalized,Open-Meteo ERA5,Open-Meteo ERA5-Ocean,NOAA CO-OPS 8729678 Navarre Beach predictions,2026-08-08T15:57:33.641686-05:00
2023-03-27,79.3,71.2,0.343,10.8,22.4,212.0,3.281,187.0,5.4,,,,-0.353,1.252,1.605,finalized,Open-Meteo ERA5,Open-Meteo ERA5-Ocean,NOAA CO-OPS 8729678 Navarre Beach predictions,2026-08-08T15:57:33.641686-05:00
2023-03-28,76.1,67.5,0.291,11.0,21.7,276.0,2.69,191.0,5.6,,,,-0.368,1.218,1.586,finalized,Open-Meteo ERA5,Open-Meteo ERA5-Ocean,NOAA CO-OPS 8729678 Navarre Beach predictions,2026-08-08T15:57:33.641686-05:00
2023-03-29,66.3,53.8,0.0,13.1,23.9,28.0,4.724,36.0,4.65,,,,-0.344,1.173,1.517,finalized,Open-Meteo ERA5,Open-Meteo ERA5-Ocean,NOAA CO-OPS 8729678 Navarre Beach predictions,2026-08-08T15:57:33.641686-05:00
2023-03-30,73.7,50.0,0.0,9.1,19.2,103.0,2.887,103.0,3.9,,,,-0.288,1.132,1.42,finalized,Open-Meteo ERA5,Open-Meteo ERA5-Ocean,NOAA CO-OPS 8729678 Navarre Beach predictions,2026-08-08T15:57:33.641686-05:00
2023-03-31,76.6,63.4,0.035,17.1,32.7,156.0,4.003,141.0,5.0,,,,-0.202,1.093,1.295,finalized,Open-Meteo ERA5,Open-Meteo ERA5-Ocean,NOAA CO-OPS 8729678 Navarre Beach predictions,2026-08-08T15:57:33.641686-05:00
2023-04-01,82.5,70.7,0.067,14.0,33.1,231.0,3.609,178.0,5.0,,,,-0.087,1.043,1.13,finalized,Open-Meteo ERA5,Open-Meteo ERA5-Ocean,NOAA CO-OPS 8729678 Navarre Beach predictions,2026-08-08T15:57:33.641686-05:00
2023-04-02,77.7,60.5,0.0,8.0,17.7,49.0,2.428,153.0,4.9,,,,0.052,0.97,0.918,finalized,Open-Meteo ERA5,Open-Meteo ERA5-Ocean,NOAA CO-OPS 8729678 Navarre Beach predictions,2026-08-08T15:57:33.641686-05:00
2023-04-03,79.5,66.7,0.035,15.5,33.3,195.0,2.428,180.0,4.15,,,,0.198,0.872,0.6739999999999999,finalized,Open-Meteo ERA5,Open-Meteo ERA5-Ocean,NOAA CO-OPS 8729678 Navarre Beach predictions,2026-08-08T15:57:33.641686-05:00
2023-04-04,80.1,71.8,0.031,15.7,30.2,165.0,2.756,176.0,4.8,,,,0.324,0.759,0.435,finalized,Open-Meteo ERA5,Open-Meteo ERA5-Ocean,NOAA CO-OPS 8729678 Navarre Beach predictions,2026-08-08T15:57:33.641686-05:00
2023-04-05,80.9,71.4,0.0,14.4,28.4,147.0,3.084,167.0,5.35,,,,0.215,0.699,0.484,finalized,Open-Meteo ERA5,Open-Meteo ERA5-Ocean,NOAA CO-OPS 8729678 Navarre Beach predictions,2026-08-08T15:57:33.641686-05:00
2023-04-06,82.0,70.0,0.0,8.4,21.7,142.0,2.822,164.0,5.55,,,,0.086,0.895,0.809,finalized,Open-Meteo ERA5,Open-Meteo ERA5-Ocean,NOAA CO-OPS 8729678 Navarre Beach predictions,2026-08-08T15:57:33.641686-05:00
2023-04-07,79.0,67.6,0.016,7.8,19.2,130.0,2.887,156.0,6.3,,,,-0.043,1.101,1.144,finalized,Open-Meteo ERA5,Open-Meteo ERA5-Ocean,NOAA CO-OPS 8729678 Navarre Beach predictions,2026-08-08T15:57:33.641686-05:00
2023-04-08,73.3,59.5,1.016,13.8,24.2,62.0,3.215,153.0,5.7,,,,-0.157,1.295,1.452,finalized,Open-Meteo ERA5,Open-Meteo ERA5-Ocean,NOAA CO-OPS 8729678 Navarre Beach predictions,2026-08-08T15:57:33.641686-05:00
2023-04-09,62.4,51.9,0.0,14.0,27.1,40.0,4.724,49.0,4.65,,,,-0.259,1.459,1.718,finalized,Open-Meteo ERA5,Open-Meteo ERA5-Ocean,NOAA CO-OPS 8729678 Navarre Beach predictions,2026-08-08T15:57:33.641686-05:00
2023-04-10,69.4,58.7,0.02,11.8,23.3,53.0,4.79,77.0,5.05,,,,-0.354,1.579,1.933,finalized,Open-Meteo ERA5,Open-Meteo ERA5-Ocean,NOAA CO-OPS 8729678 Navarre Beach predictions,2026-08-08T15:57:33.641686-05:00
2023-04-11,76.1,59.2,0.016,13.6,26.2,62.0,5.84,92.0,5.7,,,,1.644,1.644,0.0,finalized,Open-Meteo ERA5,Open-Meteo ERA5-Ocean,NOAA CO-OPS 8729678 Navarre Beach predictions,2026-08-08T15:57:33.641686-05:00
2023-04-12,72.1,63.6,0.181,13.8,30.6,63.0,7.94,101.0,6.75,,,,-0.407,1.651,2.058,finalized,Open-Meteo ERA5,Open-Meteo ERA5-Ocean,NOAA CO-OPS 8729678 Navarre Beach predictions,2026-08-08T15:57:33.641686-05:00
2023-04-13,74.3,63.5,0.606,21.6,39.4,171.0,9.121,159.0,7.25,,,,-0.396,1.597,1.993,finalized,Open-Meteo ERA5,Open-Meteo ERA5-Ocean,NOAA CO-OPS 8729678 Navarre Beach predictions,2026-08-08T15:57:33.641686-05:00
2023-04-14,76.9,62.3,0.004,9.8,22.1,233.0,3.412,217.0,5.15,,,,-0.308,1.482,1.79,finalized,Open-Meteo ERA5,Open-Meteo ERA5-Ocean,NOAA CO-OPS 8729678 Navarre Beach predictions,2026-08-08T15:57:33.641686-05:00
2023-04-15,79.9,60.8,0.26,13.5,22.6,160.0,2.428,164.0,3.85,,,,-0.138,1.304,1.4420000000000002,finalized,Open-Meteo ERA5,Open-Meteo ERA5-Ocean,NOAA CO-OPS 8729678 Navarre Beach predictions,2026-08-08T15:57:33.641686-05:00
2023-04-16,78.7,62.5,0.323,12.6,21.3,287.0,3.609,227.0,4.75,,,,0.103,1.094,0.991,finalized,Open-Meteo ERA5,Open-Meteo ERA5-Ocean,NOAA CO-OPS 8729678 Navarre Beach predictions,2026-08-08T15:57:33.641686-05:00
2023-04-17,75.7,50.0,0.0,12.7,22.4,331.0,4.462,328.0,4.45,,,,0.348,0.895,0.547,finalized,Open-Meteo ERA5,Open-Meteo ERA5-Ocean,NOAA CO-OPS 8729678 Navarre Beach predictions,2026-08-08T15:57:33.641686-05:00
2023-04-18,76.3,44.5,0.0,6.9,14.1,321.0,1.64,302.0,3.4,,,,0.282,0.836,0.554,finalized,Open-Meteo ERA5,Open-Meteo ERA5-Ocean,NOAA CO-OPS 8729678 Navarre Beach predictions,2026-08-08T15:57:33.641686-05:00
2023-04-19,79.8,50.3,0.0,10.3,21.3,117.0,1.969,105.0,3.85,,,,0.074,1.047,0.973,finalized,Open-Meteo ERA5,Open-Meteo ERA5-Ocean,NOAA CO-OPS 8729678 Navarre Beach predictions,2026-08-08T15:57:33.641686-05:00
2023-04-20,78.3,57.3,0.0,11.6,24.6,127.0,2.625,126.0,4.15,,,,-0.103,1.273,1.376,finalized,Open-Meteo ERA5,Open-Meteo ERA5-Ocean,NOAA CO-OPS 8729678 Navarre Beach predictions,2026-08-08T15:57:33.641686-05:00
2023-04-21,76.8,60.7,0.075,13.0,28.0,158.0,2.362,138.0,4.4,,,,-0.229,1.43,1.659,finalized,Open-Meteo ERA5,Open-Meteo ERA5-Ocean,NOAA CO-OPS 8729678 Navarre Beach predictions,2026-08-08T15:57:33.641686-05:00
2023-04-22,80.9,64.2,0.004,12.3,22.4,3.0,3.084,47.0,4.3,,,,-0.301,1.512,1.813,finalized,Open-Meteo ERA5,Open-Meteo ERA5-Ocean,NOAA CO-OPS 8729678 Navarre Beach predictions,2026-08-08T15:57:33.641686-05:00
2023-04-23,78.4,56.1,0.0,10.0,19.9,54.0,2.625,68.0,4.4,,,,-0.318,1.529,1.847,finalized,Open-Meteo ERA5,Open-Meteo ERA5-Ocean,NOAA CO-OPS 8729678 Navarre Beach predictions,2026-08-08T15:57:33.641686-05:00
2023-04-24,73.2,61.3,0.0,13.1,23.3,31.0,4.199,47.0,4.35,,,,-0.287,1.501,1.7879999999999998,finalized,Open-Meteo ERA5,Open-Meteo ERA5-Ocean,NOAA CO-OPS 8729678 Navarre Beach predictions,2026-08-08T15:57:33.641686-05:00
2023-04-25,77.9,58.6,0.0,8.7,17.7,71.0,3.018,83.0,4.4,,,,1.446,1.446,0.0,finalized,Open-Meteo ERA5,Open-Meteo ERA5-Ocean,NOAA CO-OPS 8729678 Navarre Beach predictions,2026-08-08T15:57:33.641686-05:00
2023-04-26,79.6,64.9,0.024,10.3,21.3,124.0,1.64,120.0,4.35,,,,-0.22,1.381,1.601,finalized,Open-Meteo ERA5,Open-Meteo ERA5-Ocean,NOAA CO-OPS 8729678 Navarre Beach predictions,2026-08-08T15:57:33.641686-05:00
2023-04-27,71.4,67.9,0.461,11.6,34.2,147.0,3.084,160.0,4.45,,,,-0.123,1.309,1.432,finalized,Open-Meteo ERA5,Open-Meteo ERA5-Ocean,NOAA CO-OPS 8729678 Navarre Beach predictions,2026-08-08T15:57:33.641686-05:00
2023-04-28,82.2,67.5,0.0,13.2,27.1,237.0,3.084,186.0,5.65,,,,0.001,1.225,1.2240000000000002,finalized,Open-Meteo ERA5,Open-Meteo ERA5-Ocean,NOAA CO-OPS 8729678 Navarre Beach predictions,2026-08-08T15:57:33.641686-05:00
2023-04-29,71.5,63.9,0.594,11.6,24.6,178.0,5.249,176.0,6.2,,,,0.147,1.12,0.973,finalized,Open-Meteo ERA5,Open-Meteo ERA5-Ocean,NOAA CO-OPS 8729678 Navarre Beach predictions,2026-08-08T15:57:33.641686-05:00
2023-04-30,80.0,59.0,0.02,17.3,34.2,287.0,6.365,255.0,5.9,,,,0.307,0.989,0.6819999999999999,finalized,Open-Meteo ERA5,Open-Meteo ERA5-Ocean,NOAA CO-OPS 8729678 Navarre Beach predictions,2026-08-08T15:57:33.641686-05:00
2023-05-01,79.2,60.7,0.0,14.2,27.5,262.0,4.79,248.0,5.35,,,,0.463,0.848,0.3849999999999999,finalized,Open-Meteo ERA5,Open-Meteo ERA5-Ocean,NOAA CO-OPS 8729678 Navarre Beach predictions,2026-08-08T15:57:33.641686-05:00
2023-05-02,80.0,55.7,0.0,13.2,25.3,267.0,3.543,241.0,4.5,,,,0.489,0.906,0.417,finalized,Open-Meteo ERA5,Open-Meteo ERA5-Ocean,NOAA CO-OPS 8729678 Navarre Beach predictions,2026-08-08T15:57:33.641686-05:00
2023-05-03,80.5,53.4,0.0,8.4,17.0,293.0,1.969,238.0,4.1,,,,0.287,1.081,0.794,finalized,Open-Meteo ERA5,Open-Meteo ERA5-Ocean,NOAA CO-OPS 8729678 Navarre Beach predictions,2026-08-08T15:57:33.641686-05:00
2023-05-04,77.8,56.5,0.0,8.3,18.1,135.0,1.378,188.0,3.65,,,,0.08,1.273,1.1929999999999998,finalized,Open-Meteo ERA5,Open-Meteo ERA5-Ocean,NOAA CO-OPS 8729678 Navarre Beach predictions,2026-08-08T15:57:33.641686-05:00
2023-05-05,74.8,64.7,0.157,8.8,20.1,137.0,2.1,147.0,3.5,,,,-0.108,1.461,1.5690000000000002,finalized,Open-Meteo ERA5,Open-Meteo ERA5-Ocean,NOAA CO-OPS 8729678 Navarre Beach predictions,2026-08-08T15:57:33.641686-05:00
2023-05-06,78.5,68.1,0.012,6.3,16.6,139.0,1.903,155.0,3.9,,,,-0.258,1.629,1.887,finalized,Open-Meteo ERA5,Open-Meteo ERA5-Ocean,NOAA CO-OPS 8729678 Navarre Beach predictions,2026-08-08T15:57:33.641686-05:00
2023-05-07,79.7,67.8,0.012,11.8,24.6,151.0,2.231,140.0,4.25,,,,-0.361,1.764,2.125,finalized,Open-Meteo ERA5,Open-Meteo ERA5-Ocean,NOAA CO-OPS 8729678 Navarre Beach predictions,2026-08-08T15:57:33.641686-05:00
2023-05-08,78.6,69.5,0.063,9.0,16.3,185.0,2.034,146.0,4.4,,,,-0.414,1.852,2.266,finalized,Open-Meteo ERA5,Open-Meteo ERA5-Ocean,NOAA CO-OPS 8729678 Navarre Beach predictions,2026-08-08T15:57:33.641686-05:00
2023-05-09,83.4,69.5,0.091,7.0,16.1,231.0,1.444,156.0,4.1,,,,-0.406,1.883,2.289,finalized,Open-Meteo ERA5,Open-Meteo ERA5-Ocean,NOAA CO-OPS 8729678 Navarre Beach predictions,2026-08-08T15:57:33.641686-05:00
2023-05-10,84.3,69.7,0.012,7.7,15.7,202.0,1.247,160.0,4.05,,,,1.849,1.849,0.0,finalized,Open-Meteo ERA5,Open-Meteo ERA5-Ocean,NOAA CO-OPS 8729678 Navarre Beach predictions,2026-08-08T15:57:33.641686-05:00
2023-05-11,82.8,71.5,0.008,11.9,26.6,144.0,2.231,148.0,4.15,,,,-0.323,1.742,2.065,finalized,Open-Meteo ERA5,Open-Meteo ERA5-Ocean,NOAA CO-OPS 8729678 Navarre Beach predictions,2026-08-08T15:57:33.641686-05:00
2023-05-12,82.5,69.0,0.028,8.1,18.1,117.0,2.625,139.0,4.6,,,,-0.159,1.557,1.716,finalized,Open-Meteo ERA5,Open-Meteo ERA5-Ocean,NOAA CO-OPS 8729678 Navarre Beach predictions,2026-08-08T15:57:33.641686-05:00
2023-05-13,86.2,70.2,0.0,7.8,17.2,137.0,2.559,142.0,5.15,,,,0.078,1.301,1.223,finalized,Open-Meteo ERA5,Open-Meteo ERA5-Ocean,NOAA CO-OPS 8729678 Navarre Beach predictions,2026-08-08T15:57:33.641686-05:00
2023-05-14,90.6,70.0,0.004,5.1,13.0,280.0,1.837,152.0,5.35,,,,0.343,0.991,0.6479999999999999,finalized,Open-Meteo ERA5,Open-Meteo ERA5-Ocean,NOAA CO-OPS 8729678 Navarre Beach predictions,2026-08-08T15:57:33.641686-05:00
2023-05-15,89.5,73.2,0.26,9.5,18.6,65.0,1.378,159.0,4.7,,,,0.552,1.003,0.4509999999999998,finalized,Open-Meteo ERA5,Open-Meteo ERA5-Ocean,NOAA CO-OPS 8729678 Navarre Beach predictions,2026-08-08T15:57:33.641686-05:00
2023-05-16,84.0,73.5,0.087,10.2,18.8,202.0,1.903,191.0,3.9,,,,0.33,1.183,0.853,finalized,Open-Meteo ERA5,Open-Meteo ERA5-Ocean,NOAA CO-OPS 8729678 Navarre Beach predictions,2026-08-08T15:57:33.641686-05:00
2023-05-17,78.6,71.2,0.354,8.9,17.9,247.0,2.165,235.0,3.65,,,,0.049,1.384,1.335,finalized,Open-Meteo ERA5,Open-Meteo ERA5-Ocean,NOAA CO-OPS 8729678 Navarre Beach predictions,2026-08-08T15:57:33.641686-05:00
2023-05-18,81.5,68.5,0.138,7.5,18.1,150.0,1.312,222.0,3.6,,,,-0.165,1.559,1.724,finalized,Open-Meteo ERA5,Open-Meteo ERA5-Ocean,NOAA CO-OPS 8729678 Navarre Beach predictions,2026-08-08T15:57:33.641686-05:00
2023-05-19,81.6,71.1,0.028,6.5,14.8,92.0,1.115,143.0,2.85,,,,-0.302,1.665,1.967,finalized,Open-Meteo ERA5,Open-Meteo ERA5-Ocean,NOAA CO-OPS 8729678 Navarre Beach predictions,2026-08-08T15:57:33.641686-05:00
2023-05-20,83.7,73.2,0.035,7.6,17.2,201.0,0.853,146.0,2.75,,,,-0.367,1.703,2.0700000000000003,finalized,Open-Meteo ERA5,Open-Meteo ERA5-Ocean,NOAA CO-OPS 8729678 Navarre Beach predictions,2026-08-08T15:57:33.641686-05:00
2023-05-21,83.1,73.3,0.551,6.7,15.4,309.0,1.05,272.0,2.7,,,,-0.37,1.691,2.061,finalized,Open-Meteo ERA5,Open-Meteo ERA5-Ocean,NOAA CO-OPS 8729678 Navarre Beach predictions,2026-08-08T15:57:33.641686-05:00
2023-05-22,85.6,72.8,0.177,8.2,18.3,252.0,0.919,306.0,2.65,,,,-0.325,1.649,1.974,finalized,Open-Meteo ERA5,Open-Meteo ERA5-Ocean,NOAA CO-OPS 8729678 Navarre Beach predictions,2026-08-08T15:57:33.641686-05:00
2023-05-23,79.3,72.1,0.614,10.2,17.2,86.0,2.165,114.0,3.15,,,,-0.24,1.593,1.833,finalized,Open-Meteo ERA5,Open-Meteo ERA5-Ocean,NOAA CO-OPS 8729678 Navarre Beach predictions,2026-08-08T15:57:33.641686-05:00
2023-05-24,79.1,67.9,0.752,9.8,23.3,62.0,2.625,85.0,3.95,,,,-0.122,1.527,1.649,finalized,Open-Meteo ERA5,Open-Meteo ERA5-Ocean,NOAA CO-OPS 8729678 Navarre Beach predictions,2026-08-08T15:57:33.641686-05:00
2023-05-25,83.2,67.9,0.0,9.2,18.6,41.0,3.018,84.0,4.35,,,,0.026,1.448,1.422,finalized,Open-Meteo ERA5,Open-Meteo ERA5-Ocean,NOAA CO-OPS 8729678 Navarre Beach predictions,2026-08-08T15:57:33.641686-05:00
2023-05-26,81.0,63.4,0.004,10.7,25.3,43.0,2.625,66.0,3.9,,,,1.344,1.344,0.0,finalized,Open-Meteo ERA5,Open-Meteo ERA5-Ocean,NOAA CO-OPS 8729678 Navarre Beach predictions,2026-08-08T15:57:33.641686-05:00
2023-05-27,83.0,66.9,0.0,12.2,22.4,45.0,4.396,82.0,4.75,,,,0.196,1.205,1.009,finalized,Open-Meteo ERA5,Open-Meteo ERA5-Ocean,NOAA CO-OPS 8729678 Navarre Beach predictions,2026-08-08T15:57:33.641686-05:00
2023-05-28,80.9,62.3,0.0,10.1,18.1,132.0,2.362,95.0,3.75,,,,0.375,1.024,0.649,finalized,Open-Meteo ERA5,Open-Meteo ERA5-Ocean,NOAA CO-OPS 8729678 Navarre Beach predictions,2026-08-08T15:57:33.641686-05:00
2023-05-29,83.0,68.2,0.0,7.3,20.8,273.0,1.181,249.0,2.9,,,,0.54,0.952,0.4119999999999999,finalized,Open-Meteo ERA5,Open-Meteo ERA5-Ocean,NOAA CO-OPS 8729678 Navarre Beach predictions,2026-08-08T15:57:33.641686-05:00
2023-05-30,82.7,63.4,0.0,5.2,8.7,67.0,0.984,252.0,2.7,,,,0.554,1.097,0.5429999999999999,finalized,Open-Meteo ERA5,Open-Meteo ERA5-Ocean,NOAA CO-OPS 8729678 Navarre Beach predictions,2026-08-08T15:57:33.641686-05:00
2023-05-31,83.3,67.0,0.012,9.9,19.0,97.0,2.034,98.0,3.8,,,,0.29,1.282,0.992,finalized,Open-Meteo ERA5,Open-Meteo ERA5-Ocean,NOAA CO-OPS 8729678 Navarre Beach predictions,2026-08-08T15:57:33.641686-05:00
2023-06-01,82.7,71.9,0.035,14.0,28.4,61.0,4.528,98.0,5.75,,,,0.033,1.472,1.439,finalized,Open-Meteo ERA5,Open-Meteo ERA5-Ocean,NOAA CO-OPS 8729678 Navarre Beach predictions,2026-08-08T15:57:33.641686-05:00
2023-06-02,87.0,70.5,0.004,11.5,22.6,43.0,3.609,91.0,5.2,,,,-0.195,1.65,1.845,finalized,Open-Meteo ERA5,Open-Meteo ERA5-Ocean,NOAA CO-OPS 8729678 Navarre Beach predictions,2026-08-08T15:57:33.641686-05:00
2023-06-03,87.5,69.6,0.004,6.8,16.6,33.0,1.837,119.0,4.95,,,,-0.374,1.802,2.176,finalized,Open-Meteo ERA5,Open-Meteo ERA5-Ocean,NOAA CO-OPS 8729678 Navarre Beach predictions,2026-08-08T15:57:33.641686-05:00
2023-06-04,85.7,70.5,0.154,8.6,21.7,67.0,1.509,101.0,3.7,,,,-0.49,1.917,2.407,finalized,Open-Meteo ERA5,Open-Meteo ERA5-Ocean,NOAA CO-OPS 8729678 Navarre Beach predictions,2026-08-08T15:57:33.641686-05:00
2023-06-05,82.3,69.8,0.008,9.0,21.5,122.0,2.428,111.0,4.05,,,,-0.531,1.985,2.516,finalized,Open-Meteo ERA5,Open-Meteo ERA5-Ocean,NOAA CO-OPS 8729678 Navarre Beach predictions,2026-08-08T15:57:33.641686-05:00
2023-06-06,83.0,68.2,0.134,8.7,19.9,143.0,1.378,122.0,4.05,,,,-0.489,1.994,2.483,finalized,Open-Meteo ERA5,Open-Meteo ERA5-Ocean,NOAA CO-OPS 8729678 Navarre Beach predictions,2026-08-08T15:57:33.641686-05:00
2023-06-07,81.6,69.6,0.22,9.0,20.4,223.0,1.247,161.0,3.45,,,,-0.356,1.931,2.287,finalized,Open-Meteo ERA5,Open-Meteo ERA5-Ocean,NOAA CO-OPS 8729678 Navarre Beach predictions,2026-08-08T15:57:33.641686-05:00
2023-06-08,88.2,73.2,0.008,11.3,22.1,244.0,2.034,239.0,3.3,,,,-0.134,1.787,1.921,finalized,Open-Meteo ERA5,Open-Meteo ERA5-Ocean,NOAA CO-OPS 8729678 Navarre Beach predictions,2026-08-08T15:57:33.641686-05:00
2023-06-09,88.5,71.9,0.169,6.8,16.6,295.0,1.969,245.0,3.4,,,,0.151,1.562,1.411,finalized,Open-Meteo ERA5,Open-Meteo ERA5-Ocean,NOAA CO-OPS 8729678 Navarre Beach predictions,2026-08-08T15:57:33.641686-05:00
2023-06-10,84.2,73.1,0.213,7.1,17.9,184.0,1.509,218.0,3.35,,,,0.414,1.271,0.857,finalized,Open-Meteo ERA5,Open-Meteo ERA5-Ocean,NOAA CO-OPS 8729678 Navarre Beach predictions,2026-08-08T15:57:33.641686-05:00
2023-06-11,86.1,75.5,0.008,12.2,24.8,219.0,2.297,223.0,3.5,,,,0.582,0.953,0.371,finalized,Open-Meteo ERA5,Open-Meteo ERA5-Ocean,NOAA CO-OPS 8729678 Navarre Beach predictions,2026-08-08T15:57:33.641686-05:00
2023-06-12,90.7,77.1,0.039,13.8,29.3,240.0,2.953,239.0,4.05,,,,0.519,1.13,0.6109999999999999,finalized,Open-Meteo ERA5,Open-Meteo ERA5-Ocean,NOAA CO-OPS 8729678 Navarre Beach predictions,2026-08-08T15:57:33.641686-05:00
2023-06-13,87.8,74.3,1.067,11.3,23.0,240.0,2.493,229.0,3.9,,,,0.204,1.338,1.134,finalized,Open-Meteo ERA5,Open-Meteo ERA5-Ocean,NOAA CO-OPS 8729678 Navarre Beach predictions,2026-08-08T15:57:33.641686-05:00
2023-06-14,88.9,75.0,0.394,20.5,35.3,226.0,4.199,204.0,4.8,,,,-0.059,1.528,1.587,finalized,Open-Meteo ERA5,Open-Meteo ERA5-Ocean,NOAA CO-OPS 8729678 Navarre Beach predictions,2026-08-08T15:57:33.641686-05:00
2023-06-15,87.6,75.0,0.213,16.6,36.9,226.0,4.593,203.0,5.3,,,,-0.251,1.665,1.916,finalized,Open-Meteo ERA5,Open-Meteo ERA5-Ocean,NOAA CO-OPS 8729678 Navarre Beach predictions,2026-08-08T15:57:33.641686-05:00
2023-06-16,85.6,73.4,0.165,12.5,25.7,244.0,4.265,209.0,6.15,,,,-0.37,1.732,2.102,finalized,Open-Meteo ERA5,Open-Meteo ERA5-Ocean,NOAA CO-OPS 8729678 Navarre Beach predictions,2026-08-08T15:57:33.641686-05:00
2023-06-17,86.9,75.0,0.374,10.3,24.2,251.0,3.15,209.0,5.75,,,,-0.422,1.74,2.162,finalized,Open-Meteo ERA5,Open-Meteo ERA5-Ocean,NOAA CO-OPS 8729678 Navarre Beach predictions,2026-08-08T15:57:33.641686-05:00
2023-06-18,82.9,75.3,0.319,10.3,21.3,184.0,2.822,206.0,4.85,,,,-0.421,1.713,2.134,finalized,Open-Meteo ERA5,Open-Meteo ERA5-Ocean,NOAA CO-OPS 8729678 Navarre Beach predictions,2026-08-08T15:57:33.641686-05:00
2023-06-19,81.4,75.9,1.035,16.1,35.6,226.0,3.937,215.0,4.85,,,,-0.374,1.67,2.044,finalized,Open-Meteo ERA5,Open-Meteo ERA5-Ocean,NOAA CO-OPS 8729678 Navarre Beach predictions,2026-08-08T15:57:33.641686-05:00
2023-06-20,86.8,72.8,0.039,14.5,28.4,256.0,4.068,228.0,5.3,,,,-0.287,1.622,1.909,finalized,Open-Meteo ERA5,Open-Meteo ERA5-Ocean,NOAA CO-OPS 8729678 Navarre Beach predictions,2026-08-08T15:57:33.641686-05:00
2023-06-21,80.9,73.7,1.217,12.8,23.7,255.0,3.937,223.0,4.95,,,,-0.162,1.566,1.728,finalized,Open-Meteo ERA5,Open-Meteo ERA5-Ocean,NOAA CO-OPS 8729678 Navarre Beach predictions,2026-08-08T15:57:33.641686-05:00
2023-06-22,87.7,74.8,0.252,11.0,22.6,235.0,4.265,214.0,5.15,,,,-0.004,1.492,1.496,finalized,Open-Meteo ERA5,Open-Meteo ERA5-Ocean,NOAA CO-OPS 8729678 Navarre Beach predictions,2026-08-08T15:57:33.641686-05:00
2023-06-23,89.4,75.2,0.016,9.7,19.9,247.0,3.478,207.0,5.4,,,,0.177,1.388,1.211,finalized,Open-Meteo ERA5,Open-Meteo ERA5-Ocean,NOAA CO-OPS 8729678 Navarre Beach predictions,2026-08-08T15:57:33.641686-05:00
2023-06-24,90.4,71.5,0.0,6.7,14.5,273.0,2.493,205.0,4.55,,,,0.364,1.244,0.88,finalized,Open-Meteo ERA5,Open-Meteo ERA5-Ocean,NOAA CO-OPS 8729678 Navarre Beach predictions,2026-08-08T15:57:33.641686-05:00
2023-06-25,90.4,74.8,0.024,9.6,18.8,232.0,1.444,200.0,4.45,,,,0.525,1.06,0.535,finalized,Open-Meteo ERA5,Open-Meteo ERA5-Ocean,NOAA CO-OPS 8729678 Navarre Beach predictions,2026-08-08T15:57:33.641686-05:00
2023-06-26,92.9,75.9,0.024,15.0,24.4,245.0,3.15,248.0,3.95,,,,0.625,0.95,0.3249999999999999,finalized,Open-Meteo ERA5,Open-Meteo ERA5-Ocean,NOAA CO-OPS 8729678 Navarre Beach predictions,2026-08-08T15:57:33.641686-05:00
2023-06-27,94.4,78.5,0.043,10.2,22.4,265.0,2.625,249.0,3.8,,,,0.54,1.122,0.5820000000000001,finalized,Open-Meteo ERA5,Open-Meteo ERA5-Ocean,NOAA CO-OPS 8729678 Navarre Beach predictions,2026-08-08T15:57:33.641686-05:00
2023-06-28,93.4,80.5,0.012,5.8,13.4,282.0,1.64,241.0,3.85,,,,0.276,1.32,1.044,finalized,Open-Meteo ERA5,Open-Meteo ERA5-Ocean,NOAA CO-OPS 8729678 Navarre Beach predictions,2026-08-08T15:57:33.641686-05:00
2023-06-29,92.9,77.5,0.0,6.0,13.4,114.0,1.247,219.0,3.9,,,,0.009,1.515,1.506,finalized,Open-Meteo ERA5,Open-Meteo ERA5-Ocean,NOAA CO-OPS 8729678 Navarre Beach predictions,2026-08-08T15:57:33.641686-05:00
2023-06-30,94.9,76.0,0.0,6.5,13.6,224.0,0.853,189.0,3.6,,,,-0.23,1.693,1.923,finalized,Open-Meteo ERA5,Open-Meteo ERA5-Ocean,NOAA CO-OPS 8729678 Navarre Beach predictions,2026-08-08T15:57:33.641686-05:00
2023-07-01,95.8,79.9,0.043,7.5,18.1,252.0,1.115,199.0,3.2,,,,-0.419,1.842,2.261,finalized,Open-Meteo ERA5,Open-Meteo ERA5-Ocean,NOAA CO-OPS 8729678 Navarre Beach predictions,2026-08-08T15:57:33.641686-05:00
2023-07-02,92.3,78.8,0.031,9.6,21.0,221.0,1.115,197.0,3.05,,,,-0.539,1.952,2.491,finalized,Open-Meteo ERA5,Open-Meteo ERA5-Ocean,NOAA CO-OPS 8729678 Navarre Beach predictions,2026-08-08T15:57:33.641686-05:00
2023-07-03,89.6,77.8,0.059,9.3,19.2,197.0,1.312,184.0,3.05,,,,-0.573,2.013,2.586,finalized,Open-Meteo ERA5,Open-Meteo ERA5-Ocean,NOAA CO-OPS 8729678 Navarre Beach predictions,2026-08-08T15:57:33.641686-05:00
2023-07-04,88.5,79.8,0.299,8.8,20.6,224.0,1.64,213.0,3.25,,,,-0.509,2.009,2.518,finalized,Open-Meteo ERA5,Open-Meteo ERA5-Ocean,NOAA CO-OPS 8729678 Navarre Beach predictions,2026-08-08T15:57:33.641686-05:00
2023-07-05,89.5,76.2,0.673,7.4,18.3,262.0,1.837,243.0,3.4,,,,-0.341,1.924,2.265,finalized,Open-Meteo ERA5,Open-Meteo ERA5-Ocean,NOAA CO-OPS 8729678 Navarre Beach predictions,2026-08-08T15:57:33.641686-05:00
2023-07-06,87.1,77.0,0.169,9.0,20.8,271.0,1.969,261.0,3.45,,,,-0.081,1.752,1.833,finalized,Open-Meteo ERA5,Open-Meteo ERA5-Ocean,NOAA CO-OPS 8729678 Navarre Beach predictions,2026-08-08T15:57:33.641686-05:00
2023-07-07,89.0,76.3,0.417,10.2,20.1,275.0,2.1,272.0,3.4,,,,0.234,1.496,1.262,finalized,Open-Meteo ERA5,Open-Meteo ERA5-Ocean,NOAA CO-OPS 8729678 Navarre Beach predictions,2026-08-08T15:57:33.641686-05:00
2023-07-08,88.6,78.9,0.425,10.8,21.0,266.0,2.625,263.0,3.85,,,,0.468,1.186,0.718,finalized,Open-Meteo ERA5,Open-Meteo ERA5-Ocean,NOAA CO-OPS 8729678 Navarre Beach predictions,2026-08-08T15:57:33.641686-05:00
2023-07-09,87.1,79.2,0.531,13.0,26.4,243.0,3.215,247.0,4.15,,,,0.587,0.904,0.317,finalized,Open-Meteo ERA5,Open-Meteo ERA5-Ocean,NOAA CO-OPS 8729678 Navarre Beach predictions,2026-08-08T15:57:33.641686-05:00
2023-07-10,87.5,78.9,0.618,12.5,25.1,258.0,4.659,243.0,4.7,,,,0.438,1.138,0.7,finalized,Open-Meteo ERA5,Open-Meteo ERA5-Ocean,NOAA CO-OPS 8729678 Navarre Beach predictions,2026-08-08T15:57:33.641686-05:00
2023-07-11,87.0,76.9,0.185,7.7,18.3,245.0,2.428,232.0,4.25,,,,0.144,1.369,1.225,finalized,Open-Meteo ERA5,Open-Meteo ERA5-Ocean,NOAA CO-OPS 8729678 Navarre Beach predictions,2026-08-08T15:57:33.641686-05:00
2023-07-12,86.0,76.4,0.374,8.4,19.7,257.0,1.903,221.0,4.05,,,,-0.087,1.553,1.64,finalized,Open-Meteo ERA5,Open-Meteo ERA5-Ocean,NOAA CO-OPS 8729678 Navarre Beach predictions,2026-08-08T15:57:33.641686-05:00
2023-07-13,85.2,78.2,0.453,8.7,20.1,225.0,1.837,222.0,3.7,,,,-0.244,1.666,1.91,finalized,Open-Meteo ERA5,Open-Meteo ERA5-Ocean,NOAA CO-OPS 8729678 Navarre Beach predictions,2026-08-08T15:57:33.641686-05:00
2023-07-14,83.6,78.5,1.071,7.1,17.0,260.0,2.034,234.0,3.65,,,,-0.335,1.71,2.045,finalized,Open-Meteo ERA5,Open-Meteo ERA5-Ocean,NOAA CO-OPS 8729678 Navarre Beach predictions,2026-08-08T15:57:33.641686-05:00
2023-07-15,91.3,77.7,0.331,10.6,20.6,239.0,2.231,234.0,3.6,,,,-0.369,1.706,2.075,finalized,Open-Meteo ERA5,Open-Meteo ERA5-Ocean,NOAA CO-OPS 8729678 Navarre Beach predictions,2026-08-08T15:57:33.641686-05:00
2023-07-16,93.4,79.4,0.252,10.2,21.7,256.0,2.625,245.0,3.95,,,,-0.357,1.679,2.036,finalized,Open-Meteo ERA5,Open-Meteo ERA5-Ocean,NOAA CO-OPS 8729678 Navarre Beach predictions,2026-08-08T15:57:33.641686-05:00
2023-07-17,91.6,77.0,0.004,7.0,14.3,277.0,2.493,259.0,3.9,,,,-0.304,1.644,1.948,finalized,Open-Meteo ERA5,Open-Meteo ERA5-Ocean,NOAA CO-OPS 8729678 Navarre Beach predictions,2026-08-08T15:57:33.641686-05:00
2023-07-18,92.5,76.8,0.0,6.0,12.5,247.0,0.984,242.0,3.35,,,,-0.212,1.604,1.816,finalized,Open-Meteo ERA5,Open-Meteo ERA5-Ocean,NOAA CO-OPS 8729678 Navarre Beach predictions,2026-08-08T15:57:33.641686-05:00
2023-07-19,91.2,78.7,0.0,7.0,15.2,223.0,0.787,214.0,3.1,,,,-0.081,1.553,1.634,finalized,Open-Meteo ERA5,Open-Meteo ERA5-Ocean,NOAA CO-OPS 8729678 Navarre Beach predictions,2026-08-08T15:57:33.641686-05:00
2023-07-20,91.7,77.3,0.0,8.2,16.6,233.0,1.115,207.0,3.2,,,,0.082,1.481,1.399,finalized,Open-Meteo ERA5,Open-Meteo ERA5-Ocean,NOAA CO-OPS 8729678 Navarre Beach predictions,2026-08-08T15:57:33.641686-05:00
2023-07-21,93.5,79.9,0.0,9.4,20.6,242.0,1.64,213.0,3.4,,,,0.263,1.377,1.114,finalized,Open-Meteo ERA5,Open-Meteo ERA5-Ocean,NOAA CO-OPS 8729678 Navarre Beach predictions,2026-08-08T15:57:33.641686-05:00
2023-07-22,91.2,78.1,0.244,9.8,18.3,248.0,2.493,229.0,3.65,,,,0.436,1.236,0.8,finalized,Open-Meteo ERA5,Open-Meteo ERA5-Ocean,NOAA CO-OPS 8729678 Navarre Beach predictions,2026-08-08T15:57:33.641686-05:00
2023-07-23,85.2,75.7,1.142,9.4,12.8,255.0,3.15,210.0,4.95,,,,0.575,1.058,0.4830000000000001,finalized,Open-Meteo ERA5,Open-Meteo ERA5-Ocean,NOAA CO-OPS 8729678 Navarre Beach predictions,2026-08-08T15:57:33.641686-05:00
2023-07-24,89.2,75.2,0.0,9.1,15.2,269.0,3.15,217.0,4.9,,,,0.656,0.92,0.264,finalized,Open-Meteo ERA5,Open-Meteo ERA5-Ocean,NOAA CO-OPS 8729678 Navarre Beach predictions,2026-08-08T15:57:33.641686-05:00
2023-07-25,91.0,73.0,0.0,5.8,12.1,292.0,1.969,214.0,4.35,,,,0.581,1.12,0.5390000000000001,finalized,Open-Meteo ERA5,Open-Meteo ERA5-Ocean,NOAA CO-OPS 8729678 Navarre Beach predictions,2026-08-08T15:57:33.641686-05:00
2023-07-26,92.0,73.6,0.0,4.8,8.9,302.0,1.115,190.0,4.15,,,,0.332,1.327,0.995,finalized,Open-Meteo ERA5,Open-Meteo ERA5-Ocean,NOAA CO-OPS 8729678 Navarre Beach predictions,2026-08-08T15:57:33.641686-05:00
2023-07-27,92.2,75.4,0.008,5.2,15.2,241.0,0.853,175.0,3.8,,,,0.085,1.525,1.44,finalized,Open-Meteo ERA5,Open-Meteo ERA5-Ocean,NOAA CO-OPS 8729678 Navarre Beach predictions,2026-08-08T15:57:33.641686-05:00
2023-07-28,92.4,77.2,0.016,4.9,11.4,323.0,0.722,176.0,3.8,,,,-0.137,1.701,1.838,finalized,Open-Meteo ERA5,Open-Meteo ERA5-Ocean,NOAA CO-OPS 8729678 Navarre Beach predictions,2026-08-08T15:57:33.641686-05:00
2023-07-29,92.3,79.7,0.11,7.9,14.5,266.0,1.444,197.0,3.7,,,,-0.311,1.848,2.1590000000000003,finalized,Open-Meteo ERA5,Open-Meteo ERA5-Ocean,NOAA CO-OPS 8729678 Navarre Beach predictions,2026-08-08T15:57:33.641686-05:00
2023-07-30,93.6,76.3,0.075,8.7,17.7,281.0,1.575,254.0,3.35,,,,-0.415,1.957,2.372,finalized,Open-Meteo ERA5,Open-Meteo ERA5-Ocean,NOAA CO-OPS 8729678 Navarre Beach predictions,2026-08-08T15:57:33.641686-05:00
2023-07-31,93.8,74.2,0.008,6.4,17.0,359.0,1.378,344.0,3.5,,,,-0.429,2.015,2.444,finalized,Open-Meteo ERA5,Open-Meteo ERA5-Ocean,NOAA CO-OPS 8729678 Navarre Beach predictions,2026-08-08T15:57:33.641686-05:00
2023-08-01,94.9,75.7,0.024,5.9,13.9,325.0,0.984,263.0,3.4,,,,-0.34,2.002,2.342,finalized,Open-Meteo ERA5,Open-Meteo ERA5-Ocean,NOAA CO-OPS 8729678 Navarre Beach predictions,2026-08-08T15:57:33.641686-05:00
2023-08-02,94.0,74.8,0.0,5.2,10.5,44.0,0.853,42.0,2.95,,,,-0.145,1.902,2.047,finalized,Open-Meteo ERA5,Open-Meteo ERA5-Ocean,NOAA CO-OPS 8729678 Navarre Beach predictions,2026-08-08T15:57:33.641686-05:00
2023-08-03,90.8,77.0,0.094,7.4,15.2,174.0,0.919,142.0,3.1,,,,0.14,1.707,1.5670000000000002,finalized,Open-Meteo ERA5,Open-Meteo ERA5-Ocean,NOAA CO-OPS 8729678 Navarre Beach predictions,2026-08-08T15:57:33.641686-05:00
2023-08-04,95.2,79.3,0.134,8.0,15.4,254.0,1.509,237.0,3.1,,,,0.452,1.43,0.978,finalized,Open-Meteo ERA5,Open-Meteo ERA5-Ocean,NOAA CO-OPS 8729678 Navarre Beach predictions,2026-08-08T15:57:33.641686-05:00
2023-08-05,93.1,80.9,0.512,8.1,17.9,268.0,1.969,254.0,3.55,,,,0.632,1.1,0.4680000000000001,finalized,Open-Meteo ERA5,Open-Meteo ERA5-Ocean,NOAA CO-OPS 8729678 Navarre Beach predictions,2026-08-08T15:57:33.641686-05:00
2023-08-06,94.2,81.0,0.122,10.0,18.8,238.0,1.969,251.0,3.45,,,,0.693,0.936,0.2430000000000001,finalized,Open-Meteo ERA5,Open-Meteo ERA5-Ocean,NOAA CO-OPS 8729678 Navarre Beach predictions,2026-08-08T15:57:33.641686-05:00
2023-08-07,93.8,82.5,0.0,12.5,25.1,235.0,2.362,245.0,3.7,,,,0.446,1.199,0.7530000000000001,finalized,Open-Meteo ERA5,Open-Meteo ERA5-Ocean,NOAA CO-OPS 8729678 Navarre Beach predictions,2026-08-08T15:57:33.641686-05:00
2023-08-08,93.3,83.1,0.016,11.1,21.9,249.0,2.493,243.0,3.75,,,,0.191,1.433,1.242,finalized,Open-Meteo ERA5,Open-Meteo ERA5-Ocean,NOAA CO-OPS 8729678 Navarre Beach predictions,2026-08-08T15:57:33.641686-05:00
2023-08-09,92.5,79.2,0.083,11.1,20.8,225.0,1.837,234.0,3.45,,,,0.008,1.593,1.585,finalized,Open-Meteo ERA5,Open-Meteo ERA5-Ocean,NOAA CO-OPS 8729678 Navarre Beach predictions,2026-08-08T15:57:33.641686-05:00
2023-08-10,91.9,83.7,0.0,14.1,28.0,232.0,3.74,233.0,4.4,,,,-0.104,1.675,1.779,finalized,Open-Meteo ERA5,Open-Meteo ERA5-Ocean,NOAA CO-OPS 8729678 Navarre Beach predictions,2026-08-08T15:57:33.641686-05:00
2023-08-11,93.6,82.5,0.0,11.7,23.0,235.0,2.69,238.0,3.9,,,,-0.156,1.699,1.855,finalized,Open-Meteo ERA5,Open-Meteo ERA5-Ocean,NOAA CO-OPS 8729678 Navarre Beach predictions,2026-08-08T15:57:33.641686-05:00
2023-08-12,94.2,81.7,0.031,8.2,16.3,240.0,2.231,245.0,4.0,,,,-0.161,1.69,1.851,finalized,Open-Meteo ERA5,Open-Meteo ERA5-Ocean,NOAA CO-OPS 8729678 Navarre Beach predictions,2026-08-08T15:57:33.641686-05:00
2023-08-13,94.0,81.2,0.028,7.0,14.8,230.0,1.378,239.0,3.75,,,,-0.127,1.669,1.796,finalized,Open-Meteo ERA5,Open-Meteo ERA5-Ocean,NOAA CO-OPS 8729678 Navarre Beach predictions,2026-08-08T15:57:33.641686-05:00
2023-08-14,94.4,81.8,0.02,10.1,18.6,241.0,1.312,245.0,3.2,,,,-0.056,1.644,1.7,finalized,Open-Meteo ERA5,Open-Meteo ERA5-Ocean,NOAA CO-OPS 8729678 Navarre Beach predictions,2026-08-08T15:57:33.641686-05:00
2023-08-15,92.8,78.0,0.307,11.6,22.4,245.0,2.69,248.0,3.8,,,,0.051,1.607,1.556,finalized,Open-Meteo ERA5,Open-Meteo ERA5-Ocean,NOAA CO-OPS 8729678 Navarre Beach predictions,2026-08-08T15:57:33.641686-05:00
2023-08-16,90.2,76.5,0.0,8.8,17.0,317.0,1.903,274.0,3.85,,,,0.193,1.552,1.359,finalized,Open-Meteo ERA5,Open-Meteo ERA5-Ocean,NOAA CO-OPS 8729678 Navarre Beach predictions,2026-08-08T15:57:33.641686-05:00
2023-08-17,91.5,75.4,0.0,10.2,22.4,247.0,1.115,216.0,3.45,,,,0.357,1.469,1.112,finalized,Open-Meteo ERA5,Open-Meteo ERA5-Ocean,NOAA CO-OPS 8729678 Navarre Beach predictions,2026-08-08T15:57:33.641686-05:00
2023-08-18,94.5,74.2,0.0,7.4,19.5,247.0,1.64,243.0,3.2,,,,0.515,1.357,0.842,finalized,Open-Meteo ERA5,Open-Meteo ERA5-Ocean,NOAA CO-OPS 8729678 Navarre Beach predictions,2026-08-08T15:57:33.641686-05:00
2023-08-19,94.9,80.0,0.0,5.8,12.8,258.0,1.378,241.0,3.2,,,,0.653,1.215,0.562,finalized,Open-Meteo ERA5,Open-Meteo ERA5-Ocean,NOAA CO-OPS 8729678 Navarre Beach predictions,2026-08-08T15:57:33.641686-05:00
2023-08-20,93.1,78.4,0.0,8.8,20.1,92.0,3.346,113.0,4.3,,,,0.733,1.046,0.313,finalized,Open-Meteo ERA5,Open-Meteo ERA5-Ocean,NOAA CO-OPS 8729678 Navarre Beach predictions,2026-08-08T15:57:33.641686-05:00
2023-08-21,93.8,79.8,0.0,10.9,22.4,112.0,4.856,129.0,6.0,,,,0.731,1.047,0.3159999999999999,finalized,Open-Meteo ERA5,Open-Meteo ERA5-Ocean,NOAA CO-OPS 8729678 Navarre Beach predictions,2026-08-08T15:57:33.641686-05:00
2023-08-22,95.9,76.9,0.0,6.2,13.6,30.0,4.396,141.0,7.2,,,,0.639,1.253,0.6139999999999999,finalized,Open-Meteo ERA5,Open-Meteo ERA5-Ocean,NOAA CO-OPS 8729678 Navarre Beach predictions,2026-08-08T15:57:33.641686-05:00
2023-08-23,98.0,81.4,0.0,9.8,18.6,76.0,2.428,147.0,5.8,,,,0.428,1.45,1.022,finalized,Open-Meteo ERA5,Open-Meteo ERA5-Ocean,NOAA CO-OPS 8729678 Navarre Beach predictions,2026-08-08T15:57:33.641686-05:00
2023-08-24,94.7,81.5,0.0,7.6,17.7,115.0,1.969,121.0,4.6,,,,0.224,1.626,1.402,finalized,Open-Meteo ERA5,Open-Meteo ERA5-Ocean,NOAA CO-OPS 8729678 Navarre Beach predictions,2026-08-08T15:57:33.641686-05:00
2023-08-25,96.9,77.1,0.0,8.8,18.8,243.0,1.64,133.0,4.05,,,,0.047,1.775,1.728,finalized,Open-Meteo ERA5,Open-Meteo ERA5-Ocean,NOAA CO-OPS 8729678 Navarre Beach predictions,2026-08-08T15:57:33.641686-05:00
2023-08-26,100.3,81.0,0.02,7.0,17.4,322.0,1.378,249.0,3.35,,,,-0.083,1.897,1.98,finalized,Open-Meteo ERA5,Open-Meteo ERA5-Ocean,NOAA CO-OPS 8729678 Navarre Beach predictions,2026-08-08T15:57:33.641686-05:00
2023-08-27,97.1,81.8,0.071,8.3,16.8,206.0,0.984,229.0,3.25,,,,-0.144,1.985,2.129,finalized,Open-Meteo ERA5,Open-Meteo ERA5-Ocean,NOAA CO-OPS 8729678 Navarre Beach predictions,2026-08-08T15:57:33.641686-05:00
2023-08-28,90.5,79.6,0.319,8.1,18.3,158.0,1.247,160.0,3.3,,,,-0.116,2.023,2.139,finalized,Open-Meteo ERA5,Open-Meteo ERA5-Ocean,NOAA CO-OPS 8729678 Navarre Beach predictions,2026-08-08T15:57:33.641686-05:00
2023-08-29,86.4,77.8,0.634,9.5,19.0,75.0,4.987,140.0,7.15,,,,0.013,1.991,1.978,finalized,Open-Meteo ERA5,Open-Meteo ERA5-Ocean,NOAA CO-OPS 8729678 Navarre Beach predictions,2026-08-08T15:57:33.641686-05:00
2023-08-30,92.5,76.4,0.335,11.9,22.6,339.0,7.021,137.0,9.05,,,,0.239,1.874,1.6350000000000002,finalized,Open-Meteo ERA5,Open-Meteo ERA5-Ocean,NOAA CO-OPS 8729678 Navarre Beach predictions,2026-08-08T15:57:33.641686-05:00
2023-08-31,92.0,76.3,0.142,4.5,13.9,75.0,2.362,160.0,7.45,,,,0.538,1.671,1.133,finalized,Open-Meteo ERA5,Open-Meteo ERA5-Ocean,NOAA CO-OPS 8729678 Navarre Beach predictions,2026-08-08T15:57:33.641686-05:00
2023-09-01,84.8,79.1,0.409,8.5,19.7,123.0,2.165,164.0,5.5,,,,0.647,1.406,0.7589999999999999,finalized,Open-Meteo ERA5,Open-Meteo ERA5-Ocean,NOAA CO-OPS 8729678 Navarre Beach predictions,2026-08-08T15:57:33.641686-05:00
2023-09-02,83.2,78.6,0.567,9.5,17.4,86.0,2.428,144.0,4.15,,,,0.614,1.191,0.5770000000000001,finalized,Open-Meteo ERA5,Open-Meteo ERA5-Ocean,NOAA CO-OPS 8729678 Navarre Beach predictions,2026-08-08T15:57:33.641686-05:00
2023-09-03,85.2,78.3,0.291,10.9,17.9,114.0,3.15,131.0,4.3,,,,0.562,1.457,0.895,finalized,Open-Meteo ERA5,Open-Meteo ERA5-Ocean,NOAA CO-OPS 8729678 Navarre Beach predictions,2026-08-08T15:57:33.641686-05:00
2023-09-04,87.2,76.0,0.024,8.6,19.2,131.0,2.887,134.0,4.4,,,,0.445,0.445,0.0,finalized,Open-Meteo ERA5,Open-Meteo ERA5-Ocean,NOAA CO-OPS 8729678 Navarre Beach predictions,2026-08-08T15:57:33.641686-05:00
2023-09-05,88.8,73.7,0.0,7.9,16.6,129.0,2.822,133.0,4.5,,,,0.256,1.642,1.386,finalized,Open-Meteo ERA5,Open-Meteo ERA5-Ocean,NOAA CO-OPS 8729678 Navarre Beach predictions,2026-08-08T15:57:33.641686-05:00
2023-09-06,90.4,75.9,0.016,7.8,14.8,151.0,2.231,142.0,4.45,,,,0.137,1.74,1.603,finalized,Open-Meteo ERA5,Open-Meteo ERA5-Ocean,NOAA CO-OPS 8729678 Navarre Beach predictions,2026-08-08T15:57:33.641686-05:00
2023-09-07,90.4,75.1,0.11,7.9,19.0,255.0,1.64,169.0,4.0,,,,0.081,1.766,1.685,finalized,Open-Meteo ERA5,Open-Meteo ERA5-Ocean,NOAA CO-OPS 8729678 Navarre Beach predictions,2026-08-08T15:57:33.641686-05:00
2023-09-08,90.4,75.1,0.016,6.7,15.2,261.0,1.706,244.0,3.15,,,,0.077,1.748,1.671,finalized,Open-Meteo ERA5,Open-Meteo ERA5-Ocean,NOAA CO-OPS 8729678 Navarre Beach predictions,2026-08-08T15:57:33.641686-05:00
2023-09-09,89.8,70.0,0.0,6.7,11.9,314.0,1.247,291.0,2.95,,,,0.113,1.714,1.601,finalized,Open-Meteo ERA5,Open-Meteo ERA5-Ocean,NOAA CO-OPS 8729678 Navarre Beach predictions,2026-08-08T15:57:33.641686-05:00
2023-09-10,90.6,72.2,0.0,6.2,11.9,243.0,1.247,251.0,3.15,,,,0.183,1.683,1.5,finalized,Open-Meteo ERA5,Open-Meteo ERA5-Ocean,NOAA CO-OPS 8729678 Navarre Beach predictions,2026-08-08T15:57:33.641686-05:00
2023-09-11,88.9,75.1,0.047,7.4,16.6,189.0,0.984,169.0,3.0,,,,0.284,1.653,1.369,finalized,Open-Meteo ERA5,Open-Meteo ERA5-Ocean,NOAA CO-OPS 8729678 Navarre Beach predictions,2026-08-08T15:57:33.641686-05:00
2023-09-12,84.4,75.5,0.315,9.2,14.8,189.0,1.181,176.0,3.0,,,,0.416,1.609,1.193,finalized,Open-Meteo ERA5,Open-Meteo ERA5-Ocean,NOAA CO-OPS 8729678 Navarre Beach predictions,2026-08-08T15:57:33.641686-05:00
2023-09-13,88.3,74.5,0.264,4.9,14.5,260.0,1.181,221.0,2.9,,,,0.567,1.539,0.972,finalized,Open-Meteo ERA5,Open-Meteo ERA5-Ocean,NOAA CO-OPS 8729678 Navarre Beach predictions,2026-08-08T15:57:33.641686-05:00
2023-09-14,90.7,74.3,0.543,5.1,10.7,334.0,0.853,248.0,2.9,,,,0.704,1.441,0.7370000000000001,finalized,Open-Meteo ERA5,Open-Meteo ERA5-Ocean,NOAA CO-OPS 8729678 Navarre Beach predictions,2026-08-08T15:57:33.641686-05:00
2023-09-15,88.1,74.5,0.146,6.6,14.8,13.0,0.656,0.0,2.55,,,,0.757,1.318,0.561,finalized,Open-Meteo ERA5,Open-Meteo ERA5-Ocean,NOAA CO-OPS 8729678 Navarre Beach predictions,2026-08-08T15:57:33.641686-05:00
2023-09-16,84.7,76.2,0.319,8.3,15.2,153.0,0.853,137.0,2.95,,,,0.729,1.184,0.4549999999999999,finalized,Open-Meteo ERA5,Open-Meteo ERA5-Ocean,NOAA CO-OPS 8729678 Navarre Beach predictions,2026-08-08T15:57:33.641686-05:00
2023-09-17,87.1,75.2,0.402,7.5,17.2,319.0,1.772,265.0,3.0,,,,0.679,1.362,0.683,finalized,Open-Meteo ERA5,Open-Meteo ERA5-Ocean,NOAA CO-OPS 8729678 Navarre Beach predictions,2026-08-08T15:57:33.641686-05:00
2023-09-18,87.4,66.7,0.0,6.7,15.7,6.0,1.837,16.0,3.1,,,,0.614,1.545,0.931,finalized,Open-Meteo ERA5,Open-Meteo ERA5-Ocean,NOAA CO-OPS 8729678 Navarre Beach predictions,2026-08-08T15:57:33.641686-05:00
2023-09-19,86.4,66.7,0.0,6.7,12.1,104.0,1.312,97.0,3.5,,,,0.539,1.707,1.168,finalized,Open-Meteo ERA5,Open-Meteo ERA5-Ocean,NOAA CO-OPS 8729678 Navarre Beach predictions,2026-08-08T15:57:33.641686-05:00
2023-09-20,81.2,68.8,0.89,11.2,23.0,85.0,4.003,111.0,4.5,,,,0.426,1.839,1.413,finalized,Open-Meteo ERA5,Open-Meteo ERA5-Ocean,NOAA CO-OPS 8729678 Navarre Beach predictions,2026-08-08T15:57:33.641686-05:00
2023-09-21,86.8,72.7,0.13,8.2,16.8,69.0,4.003,111.0,4.55,,,,0.287,0.287,0.0,finalized,Open-Meteo ERA5,Open-Meteo ERA5-Ocean,NOAA CO-OPS 8729678 Navarre Beach predictions,2026-08-08T15:57:33.641686-05:00
2023-09-22,84.9,71.9,0.008,8.5,17.9,59.0,2.822,96.0,4.4,,,,0.175,1.936,1.761,finalized,Open-Meteo ERA5,Open-Meteo ERA5-Ocean,NOAA CO-OPS 8729678 Navarre Beach predictions,2026-08-08T15:57:33.641686-05:00
2023-09-23,85.8,64.8,0.0,5.4,12.8,3.0,1.444,109.0,4.35,,,,0.11,1.997,1.887,finalized,Open-Meteo ERA5,Open-Meteo ERA5-Ocean,NOAA CO-OPS 8729678 Navarre Beach predictions,2026-08-08T15:57:33.641686-05:00
2023-09-24,85.9,66.3,0.0,7.0,13.4,241.0,0.853,154.0,3.1,,,,0.115,2.021,1.906,finalized,Open-Meteo ERA5,Open-Meteo ERA5-Ocean,NOAA CO-OPS 8729678 Navarre Beach predictions,2026-08-08T15:57:33.641686-05:00
2023-09-25,87.6,67.9,0.0,6.0,13.9,173.0,1.575,134.0,4.25,,,,0.207,1.999,1.792,finalized,Open-Meteo ERA5,Open-Meteo ERA5-Ocean,NOAA CO-OPS 8729678 Navarre Beach predictions,2026-08-08T15:57:33.641686-05:00
2023-09-26,84.7,72.5,0.193,9.3,18.8,76.0,2.493,130.0,5.1,,,,0.39,1.914,1.524,finalized,Open-Meteo ERA5,Open-Meteo ERA5-Ocean,NOAA CO-OPS 8729678 Navarre Beach predictions,2026-08-08T15:57:33.641686-05:00
2023-09-27,79.3,73.1,0.213,12.8,22.1,67.0,4.659,92.0,4.4,,,,0.649,1.765,1.116,finalized,Open-Meteo ERA5,Open-Meteo ERA5-Ocean,NOAA CO-OPS 8729678 Navarre Beach predictions,2026-08-08T15:57:33.641686-05:00
2023-09-28,78.2,72.1,0.0,12.6,21.7,55.0,4.921,86.0,4.85,,,,0.854,1.564,0.7100000000000001,finalized,Open-Meteo ERA5,Open-Meteo ERA5-Ocean,NOAA CO-OPS 8729678 Navarre Beach predictions,2026-08-08T15:57:33.641686-05:00
2023-09-29,85.3,67.7,0.0,10.2,19.9,62.0,3.74,91.0,4.7,,,,0.708,1.337,0.629,finalized,Open-Meteo ERA5,Open-Meteo ERA5-Ocean,NOAA CO-OPS 8729678 Navarre Beach predictions,2026-08-08T15:57:33.641686-05:00
2023-09-30,88.1,71.5,0.0,10.8,22.1,68.0,3.543,94.0,4.45,,,,0.553,1.564,1.011,finalized,Open-Meteo ERA5,Open-Meteo ERA5-Ocean,NOAA CO-OPS 8729678 Navarre Beach predictions,2026-08-08T15:57:33.641686-05:00
2023-10-01,87.3,69.4,0.0,12.8,26.2,67.0,4.331,92.0,5.0,,,,0.414,1.771,1.357,finalized,Open-Meteo ERA5,Open-Meteo ERA5-Ocean,NOAA CO-OPS 8729678 Navarre Beach predictions,2026-08-08T15:57:33.641686-05:00
2023-10-02,84.9,67.7,0.0,11.3,23.0,73.0,4.659,99.0,5.35,,,,0.302,1.891,1.589,finalized,Open-Meteo ERA5,Open-Meteo ERA5-Ocean,NOAA CO-OPS 8729678 Navarre Beach predictions,2026-08-08T15:57:33.641686-05:00
2023-10-03,85.1,67.3,0.0,9.5,20.1,85.0,4.068,106.0,5.15,,,,0.192,1.926,1.734,finalized,Open-Meteo ERA5,Open-Meteo ERA5-Ocean,NOAA CO-OPS 8729678 Navarre Beach predictions,2026-08-08T15:57:33.641686-05:00
2023-10-04,85.8,67.3,0.0,9.4,19.9,90.0,3.609,107.0,4.95,,,,0.137,0.137,0.0,finalized,Open-Meteo ERA5,Open-Meteo ERA5-Ocean,NOAA CO-OPS 8729678 Navarre Beach predictions,2026-08-08T15:57:33.641686-05:00
2023-10-05,84.0,71.4,0.0,9.9,19.2,117.0,3.675,118.0,5.4,,,,0.138,1.896,1.758,finalized,Open-Meteo ERA5,Open-Meteo ERA5-Ocean,NOAA CO-OPS 8729678 Navarre Beach predictions,2026-08-08T15:57:33.641686-05:00
2023-10-06,82.7,71.6,0.055,7.6,13.0,288.0,2.362,133.0,5.25,,,,0.184,1.828,1.644,finalized,Open-Meteo ERA5,Open-Meteo ERA5-Ocean,NOAA CO-OPS 8729678 Navarre Beach predictions,2026-08-08T15:57:33.641686-05:00
2023-10-07,80.1,63.7,0.0,12.6,23.5,356.0,4.068,3.0,4.2,,,,0.265,1.75,1.485,finalized,Open-Meteo ERA5,Open-Meteo ERA5-Ocean,NOAA CO-OPS 8729678 Navarre Beach predictions,2026-08-08T15:57:33.641686-05:00
2023-10-08,74.8,54.1,0.0,10.6,19.7,1.0,4.659,21.0,4.5,,,,0.376,1.674,1.298,finalized,Open-Meteo ERA5,Open-Meteo ERA5-Ocean,NOAA CO-OPS 8729678 Navarre Beach predictions,2026-08-08T15:57:33.641686-05:00
2023-10-09,76.5,47.6,0.0,7.3,15.0,258.0,1.509,4.0,2.95,,,,0.512,1.602,1.09,finalized,Open-Meteo ERA5,Open-Meteo ERA5-Ocean,NOAA CO-OPS 8729678 Navarre Beach predictions,2026-08-08T15:57:33.641686-05:00
2023-10-10,80.2,56.5,0.004,5.9,11.0,236.0,0.722,237.0,2.55,,,,0.66,1.522,0.862,finalized,Open-Meteo ERA5,Open-Meteo ERA5-Ocean,NOAA CO-OPS 8729678 Navarre Beach predictions,2026-08-08T15:57:33.641686-05:00
2023-10-11,70.0,62.8,1.791,21.9,35.3,65.0,10.236,96.0,6.1,,,,0.799,1.424,0.6249999999999999,finalized,Open-Meteo ERA5,Open-Meteo ERA5-Ocean,NOAA CO-OPS 8729678 Navarre Beach predictions,2026-08-08T15:57:33.641686-05:00
2023-10-12,70.6,62.5,0.429,17.7,39.6,29.0,9.843,165.0,7.4,,,,0.91,1.311,0.4009999999999999,finalized,Open-Meteo ERA5,Open-Meteo ERA5-Ocean,NOAA CO-OPS 8729678 Navarre Beach predictions,2026-08-08T15:57:33.641686-05:00
2023-10-13,72.3,66.7,0.008,7.8,14.8,358.0,3.806,165.0,6.5,,,,0.803,1.293,0.4899999999999999,finalized,Open-Meteo ERA5,Open-Meteo ERA5-Ocean,NOAA CO-OPS 8729678 Navarre Beach predictions,2026-08-08T15:57:33.641686-05:00
2023-10-14,81.1,62.8,0.004,11.4,22.4,286.0,4.068,223.0,6.5,,,,0.676,1.467,0.791,finalized,Open-Meteo ERA5,Open-Meteo ERA5-Ocean,NOAA CO-OPS 8729678 Navarre Beach predictions,2026-08-08T15:57:33.641686-05:00
2023-10-15,66.9,56.2,0.0,14.3,26.4,326.0,5.184,326.0,4.65,,,,0.542,1.633,1.091,finalized,Open-Meteo ERA5,Open-Meteo ERA5-Ocean,NOAA CO-OPS 8729678 Navarre Beach predictions,2026-08-08T15:57:33.641686-05:00
2023-10-16,68.8,49.7,0.0,15.0,27.3,334.0,5.774,340.0,4.85,,,,0.415,1.783,1.368,finalized,Open-Meteo ERA5,Open-Meteo ERA5-Ocean,NOAA CO-OPS 8729678 Navarre Beach predictions,2026-08-08T15:57:33.641686-05:00
2023-10-17,70.8,47.0,0.0,6.6,14.5,339.0,3.084,345.0,3.8,,,,0.309,1.91,1.601,finalized,Open-Meteo ERA5,Open-Meteo ERA5-Ocean,NOAA CO-OPS 8729678 Navarre Beach predictions,2026-08-08T15:57:33.641686-05:00
2023-10-18,74.2,50.8,0.0,7.1,15.2,104.0,0.919,52.0,2.55,,,,0.224,2.006,1.7819999999999998,finalized,Open-Meteo ERA5,Open-Meteo ERA5-Ocean,NOAA CO-OPS 8729678 Navarre Beach predictions,2026-08-08T15:57:33.641686-05:00
2023-10-19,78.1,58.5,0.0,7.2,15.7,185.0,1.115,183.0,2.75,,,,0.146,2.061,1.915,finalized,Open-Meteo ERA5,Open-Meteo ERA5-Ocean,NOAA CO-OPS 8729678 Navarre Beach predictions,2026-08-08T15:57:33.641686-05:00
2023-10-20,84.4,64.3,0.0,13.6,25.1,254.0,4.068,253.0,4.45,,,,0.097,0.097,0.0,finalized,Open-Meteo ERA5,Open-Meteo ERA5-Ocean,NOAA CO-OPS 8729678 Navarre Beach predictions,2026-08-08T15:57:33.641686-05:00
2023-10-21,80.5,57.4,0.0,9.1,16.8,312.0,3.871,269.0,4.45,,,,0.103,2.067,1.964,finalized,Open-Meteo ERA5,Open-Meteo ERA5-Ocean,NOAA CO-OPS 8729678 Navarre Beach predictions,2026-08-08T15:57:33.641686-05:00
2023-10-22,83.5,59.0,0.0,5.4,11.2,274.0,1.247,251.0,3.35,,,,0.181,2.015,1.834,finalized,Open-Meteo ERA5,Open-Meteo ERA5-Ocean,NOAA CO-OPS 8729678 Navarre Beach predictions,2026-08-08T15:57:33.641686-05:00
2023-10-23,81.7,59.5,0.0,7.4,16.6,80.0,1.575,87.0,3.15,,,,0.342,1.9,1.5579999999999998,finalized,Open-Meteo ERA5,Open-Meteo ERA5-Ocean,NOAA CO-OPS 8729678 Navarre Beach predictions,2026-08-08T15:57:33.641686-05:00
2023-10-24,79.7,62.4,0.0,11.9,23.9,99.0,4.921,113.0,5.05,,,,0.573,1.716,1.143,finalized,Open-Meteo ERA5,Open-Meteo ERA5-Ocean,NOAA CO-OPS 8729678 Navarre Beach predictions,2026-08-08T15:57:33.641686-05:00
2023-10-25,80.3,64.7,0.0,11.2,24.4,98.0,5.512,118.0,5.6,,,,0.812,1.493,0.681,finalized,Open-Meteo ERA5,Open-Meteo ERA5-Ocean,NOAA CO-OPS 8729678 Navarre Beach predictions,2026-08-08T15:57:33.641686-05:00
2023-10-26,81.2,66.9,0.0,11.4,23.3,106.0,4.79,124.0,5.5,,,,0.909,1.312,0.403,finalized,Open-Meteo ERA5,Open-Meteo ERA5-Ocean,NOAA CO-OPS 8729678 Navarre Beach predictions,2026-08-08T15:57:33.641686-05:00
2023-10-27,80.5,64.7,0.004,9.3,20.4,106.0,3.346,128.0,5.55,,,,0.65,1.543,0.8929999999999999,finalized,Open-Meteo ERA5,Open-Meteo ERA5-Ocean,NOAA CO-OPS 8729678 Navarre Beach predictions,2026-08-08T15:57:33.641686-05:00
2023-10-28,80.8,65.1,0.0,7.2,16.1,111.0,2.756,126.0,5.1,,,,0.393,1.771,1.378,finalized,Open-Meteo ERA5,Open-Meteo ERA5-Ocean,NOAA CO-OPS 8729678 Navarre Beach predictions,2026-08-08T15:57:33.641686-05:00
2023-10-29,80.8,63.0,0.004,7.7,17.2,126.0,2.165,129.0,4.85,,,,0.179,1.921,1.742,finalized,Open-Meteo ERA5,Open-Meteo ERA5-Ocean,NOAA CO-OPS 8729678 Navarre Beach predictions,2026-08-08T15:57:33.641686-05:00
2023-10-30,81.1,61.4,0.0,11.7,20.4,350.0,2.953,120.0,5.15,,,,0.028,1.986,1.958,finalized,Open-Meteo ERA5,Open-Meteo ERA5-Ocean,NOAA CO-OPS 8729678 Navarre Beach predictions,2026-08-08T15:57:33.641686-05:00
2023-10-31,67.4,55.1,0.0,16.7,29.1,349.0,6.562,352.0,5.0,,,,-0.057,1.976,2.033,finalized,Open-Meteo ERA5,Open-Meteo ERA5-Ocean,NOAA CO-OPS 8729678 Navarre Beach predictions,2026-08-08T15:57:33.641686-05:00
2023-11-01,60.6,43.2,0.0,16.2,32.4,8.0,7.415,11.0,5.4,,,,-0.073,1.914,1.987,finalized,Open-Meteo ERA5,Open-Meteo ERA5-Ocean,NOAA CO-OPS 8729678 Navarre Beach predictions,2026-08-08T15:57:33.641686-05:00
2023-11-02,67.4,41.3,0.0,11.2,22.8,55.0,4.856,74.0,4.85,,,,-0.035,1.823,1.858,finalized,Open-Meteo ERA5,Open-Meteo ERA5-Ocean,NOAA CO-OPS 8729678 Navarre Beach predictions,2026-08-08T15:57:33.641686-05:00
2023-11-03,75.1,49.2,0.0,9.5,18.6,56.0,4.068,90.0,4.9,,,,0.045,0.045,0.0,finalized,Open-Meteo ERA5,Open-Meteo ERA5-Ocean,NOAA CO-OPS 8729678 Navarre Beach predictions,2026-08-08T15:57:33.641686-05:00
2023-11-04,79.0,53.5,0.0,8.0,13.6,37.0,3.018,99.0,5.0,,,,0.159,1.718,1.559,finalized,Open-Meteo ERA5,Open-Meteo ERA5-Ocean,NOAA CO-OPS 8729678 Navarre Beach predictions,2026-08-08T15:57:33.641686-05:00
2023-11-05,81.1,49.9,0.0,6.7,15.2,346.0,1.378,65.0,4.6,,,,0.301,1.606,1.3050000000000002,finalized,Open-Meteo ERA5,Open-Meteo ERA5-Ocean,NOAA CO-OPS 8729678 Navarre Beach predictions,2026-08-08T15:57:33.641686-05:00
2023-11-06,79.5,48.1,0.0,7.3,12.1,277.0,0.853,291.0,2.8,,,,0.46,1.482,1.022,finalized,Open-Meteo ERA5,Open-Meteo ERA5-Ocean,NOAA CO-OPS 8729678 Navarre Beach predictions,2026-08-08T15:57:33.641686-05:00
2023-11-07,77.8,51.1,0.0,8.4,16.6,250.0,0.787,257.0,2.55,,,,0.62,1.338,0.7180000000000001,finalized,Open-Meteo ERA5,Open-Meteo ERA5-Ocean,NOAA CO-OPS 8729678 Navarre Beach predictions,2026-08-08T15:57:33.641686-05:00
2023-11-08,77.3,57.1,0.0,9.0,18.1,216.0,0.984,209.0,2.65,,,,0.764,1.173,0.409,finalized,Open-Meteo ERA5,Open-Meteo ERA5-Ocean,NOAA CO-OPS 8729678 Navarre Beach predictions,2026-08-08T15:57:33.641686-05:00
2023-11-09,79.1,57.8,0.0,9.0,18.6,171.0,1.837,170.0,3.2,,,,0.874,1.221,0.3470000000000001,finalized,Open-Meteo ERA5,Open-Meteo ERA5-Ocean,NOAA CO-OPS 8729678 Navarre Beach predictions,2026-08-08T15:57:33.641686-05:00
2023-11-10,79.7,67.4,0.051,5.2,10.3,121.0,2.1,158.0,4.45,,,,0.684,1.385,0.701,finalized,Open-Meteo ERA5,Open-Meteo ERA5-Ocean,NOAA CO-OPS 8729678 Navarre Beach predictions,2026-08-08T15:57:33.641686-05:00
2023-11-11,71.9,66.1,0.409,7.9,14.1,66.0,1.837,146.0,4.4,,,,0.475,1.545,1.0699999999999998,finalized,Open-Meteo ERA5,Open-Meteo ERA5-Ocean,NOAA CO-OPS 8729678 Navarre Beach predictions,2026-08-08T15:57:33.641686-05:00
2023-11-12,68.5,58.6,0.071,10.0,18.1,48.0,3.15,72.0,3.9,,,,0.272,1.689,1.417,finalized,Open-Meteo ERA5,Open-Meteo ERA5-Ocean,NOAA CO-OPS 8729678 Navarre Beach predictions,2026-08-08T15:57:33.641686-05:00
2023-11-13,64.4,58.9,0.094,10.9,20.6,45.0,4.003,68.0,4.35,,,,0.093,1.813,1.72,finalized,Open-Meteo ERA5,Open-Meteo ERA5-Ocean,NOAA CO-OPS 8729678 Navarre Beach predictions,2026-08-08T15:57:33.641686-05:00
2023-11-14,60.7,57.0,1.374,15.0,32.0,57.0,9.055,82.0,6.2,,,,-0.048,1.915,1.963,finalized,Open-Meteo ERA5,Open-Meteo ERA5-Ocean,NOAA CO-OPS 8729678 Navarre Beach predictions,2026-08-08T15:57:33.641686-05:00
2023-11-15,66.0,56.9,2.185,18.3,32.9,63.0,10.171,92.0,6.75,,,,-0.146,1.985,2.131,finalized,Open-Meteo ERA5,Open-Meteo ERA5-Ocean,NOAA CO-OPS 8729678 Navarre Beach predictions,2026-08-08T15:57:33.641686-05:00
2023-11-16,73.2,61.3,0.083,16.0,30.2,60.0,8.596,96.0,6.35,,,,-0.201,2.013,2.214,finalized,Open-Meteo ERA5,Open-Meteo ERA5-Ocean,NOAA CO-OPS 8729678 Navarre Beach predictions,2026-08-08T15:57:33.641686-05:00
2023-11-17,77.7,60.1,0.0,9.8,17.0,38.0,4.265,94.0,5.45,,,,-0.203,1.985,2.188,finalized,Open-Meteo ERA5,Open-Meteo ERA5-Ocean,NOAA CO-OPS 8729678 Navarre Beach predictions,2026-08-08T15:57:33.641686-05:00
2023-11-18,76.4,58.3,0.0,9.8,20.8,339.0,2.165,353.0,4.0,,,,-0.138,1.885,2.023,finalized,Open-Meteo ERA5,Open-Meteo ERA5-Ocean,NOAA CO-OPS 8729678 Navarre Beach predictions,2026-08-08T15:57:33.641686-05:00
2023-11-19,69.6,48.2,0.0,7.8,12.8,308.0,2.1,349.0,3.3,,,,0.007,0.007,0.0,finalized,Open-Meteo ERA5,Open-Meteo ERA5-Ocean,NOAA CO-OPS 8729678 Navarre Beach predictions,2026-08-08T15:57:33.641686-05:00
2023-11-20,74.2,53.7,0.016,13.6,25.7,125.0,4.068,151.0,4.4,,,,0.228,1.702,1.474,finalized,Open-Meteo ERA5,Open-Meteo ERA5-Ocean,NOAA CO-OPS 8729678 Navarre Beach predictions,2026-08-08T15:57:33.641686-05:00
2023-11-21,74.9,65.5,0.571,15.8,37.1,192.0,5.512,186.0,5.15,,,,0.484,1.437,0.953,finalized,Open-Meteo ERA5,Open-Meteo ERA5-Ocean,NOAA CO-OPS 8729678 Navarre Beach predictions,2026-08-08T15:57:33.641686-05:00
2023-11-22,64.0,50.4,0.0,12.2,22.6,331.0,4.199,315.0,4.65,,,,0.692,1.145,0.453,finalized,Open-Meteo ERA5,Open-Meteo ERA5-Ocean,NOAA CO-OPS 8729678 Navarre Beach predictions,2026-08-08T15:57:33.641686-05:00
2023-11-23,57.1,42.9,0.0,7.4,15.7,347.0,2.953,11.0,4.0,,,,0.734,1.333,0.599,finalized,Open-Meteo ERA5,Open-Meteo ERA5-Ocean,NOAA CO-OPS 8729678 Navarre Beach predictions,2026-08-08T15:57:33.641686-05:00
2023-11-24,65.3,52.1,0.059,6.6,11.6,339.0,1.05,358.0,3.1,,,,0.374,1.545,1.1709999999999998,finalized,Open-Meteo ERA5,Open-Meteo ERA5-Ocean,NOAA CO-OPS 8729678 Navarre Beach predictions,2026-08-08T15:57:33.641686-05:00
2023-11-25,69.6,50.1,0.0,5.9,11.6,62.0,1.772,57.0,3.55,,,,0.058,1.724,1.666,finalized,Open-Meteo ERA5,Open-Meteo ERA5-Ocean,NOAA CO-OPS 8729678 Navarre Beach predictions,2026-08-08T15:57:33.641686-05:00
2023-11-26,63.4,58.1,2.102,9.8,17.9,52.0,3.937,113.0,5.2,,,,-0.186,1.823,2.009,finalized,Open-Meteo ERA5,Open-Meteo ERA5-Ocean,NOAA CO-OPS 8729678 Navarre Beach predictions,2026-08-08T15:57:33.641686-05:00
2023-11-27,58.4,46.5,0.0,10.8,20.6,340.0,4.003,346.0,4.25,,,,-0.344,1.845,2.189,finalized,Open-Meteo ERA5,Open-Meteo ERA5-Ocean,NOAA CO-OPS 8729678 Navarre Beach predictions,2026-08-08T15:57:33.641686-05:00
2023-11-28,60.6,42.3,0.0,10.6,21.3,353.0,3.871,3.0,4.2,,,,-0.418,1.809,2.227,finalized,Open-Meteo ERA5,Open-Meteo ERA5-Ocean,NOAA CO-OPS 8729678 Navarre Beach predictions,2026-08-08T15:57:33.641686-05:00
2023-11-29,59.5,35.2,0.0,6.7,13.2,23.0,2.756,19.0,3.7,,,,-0.423,1.737,2.16,finalized,Open-Meteo ERA5,Open-Meteo ERA5-Ocean,NOAA CO-OPS 8729678 Navarre Beach predictions,2026-08-08T15:57:33.641686-05:00
2023-11-30,59.3,38.2,0.098,10.7,19.9,89.0,4.396,111.0,4.5,,,,-0.372,1.646,2.018,finalized,Open-Meteo ERA5,Open-Meteo ERA5-Ocean,NOAA CO-OPS 8729678 Navarre Beach predictions,2026-08-08T15:57:33.641686-05:00
2023-12-01,73.7,57.1,0.65,15.2,23.5,163.0,5.577,163.0,5.9,,,,-0.279,1.544,1.823,finalized,Open-Meteo ERA5,Open-Meteo ERA5-Ocean,NOAA CO-OPS 8729678 Navarre Beach predictions,2026-08-08T15:57:33.641686-05:00
2023-12-02,70.6,67.3,4.335,14.1,25.7,139.0,5.381,166.0,5.35,,,,-0.149,1.426,1.575,finalized,Open-Meteo ERA5,Open-Meteo ERA5-Ocean,NOAA CO-OPS 8729678 Navarre Beach predictions,2026-08-08T15:57:33.641686-05:00
2023-12-03,72.4,60.3,0.055,10.9,28.0,260.0,3.15,213.0,4.75,,,,0.011,1.285,1.274,finalized,Open-Meteo ERA5,Open-Meteo ERA5-Ocean,NOAA CO-OPS 8729678 Navarre Beach predictions,2026-08-08T15:57:33.641686-05:00
2023-12-04,68.8,53.1,0.0,11.0,18.8,274.0,3.346,254.0,4.7,,,,0.186,0.186,0.0,finalized,Open-Meteo ERA5,Open-Meteo ERA5-Ocean,NOAA CO-OPS 8729678 Navarre Beach predictions,2026-08-08T15:57:33.641686-05:00
2023-12-05,63.6,45.3,0.0,8.8,15.2,320.0,2.493,320.0,3.95,,,,0.359,1.111,0.752,finalized,Open-Meteo ERA5,Open-Meteo ERA5-Ocean,NOAA CO-OPS 8729678 Navarre Beach predictions,2026-08-08T15:57:33.641686-05:00
2023-12-06,59.4,42.4,0.0,12.0,23.5,346.0,4.593,343.0,4.4,,,,0.508,0.911,0.403,finalized,Open-Meteo ERA5,Open-Meteo ERA5-Ocean,NOAA CO-OPS 8729678 Navarre Beach predictions,2026-08-08T15:57:33.641686-05:00
2023-12-07,61.5,37.5,0.0,6.9,13.2,72.0,1.772,58.0,3.2,,,,0.6,1.059,0.4589999999999999,finalized,Open-Meteo ERA5,Open-Meteo ERA5-Ocean,NOAA CO-OPS 8729678 Navarre Beach predictions,2026-08-08T15:57:33.641686-05:00
2023-12-08,66.4,52.6,0.012,11.1,19.5,110.0,2.69,146.0,3.95,,,,0.415,1.228,0.813,finalized,Open-Meteo ERA5,Open-Meteo ERA5-Ocean,NOAA CO-OPS 8729678 Navarre Beach predictions,2026-08-08T15:57:33.641686-05:00
2023-12-09,75.0,64.2,0.504,12.2,21.9,164.0,3.215,156.0,4.95,,,,0.163,1.385,1.222,finalized,Open-Meteo ERA5,Open-Meteo ERA5-Ocean,NOAA CO-OPS 8729678 Navarre Beach predictions,2026-08-08T15:57:33.641686-05:00
2023-12-10,69.7,48.4,0.535,17.7,32.7,310.0,6.562,278.0,5.1,,,,-0.076,1.522,1.598,finalized,Open-Meteo ERA5,Open-Meteo ERA5-Ocean,NOAA CO-OPS 8729678 Navarre Beach predictions,2026-08-08T15:57:33.641686-05:00
2023-12-11,59.8,39.5,0.0,13.0,22.4,347.0,5.577,347.0,4.9,,,,-0.285,1.637,1.922,finalized,Open-Meteo ERA5,Open-Meteo ERA5-Ocean,NOAA CO-OPS 8729678 Navarre Beach predictions,2026-08-08T15:57:33.641686-05:00
2023-12-12,60.7,39.4,0.0,10.1,18.6,38.0,3.871,51.0,4.1,,,,-0.451,1.727,2.178,finalized,Open-Meteo ERA5,Open-Meteo ERA5-Ocean,NOAA CO-OPS 8729678 Navarre Beach predictions,2026-08-08T15:57:33.641686-05:00
2023-12-13,63.5,45.0,0.0,12.0,22.6,48.0,5.643,72.0,5.05,,,,-0.563,1.786,2.349,finalized,Open-Meteo ERA5,Open-Meteo ERA5-Ocean,NOAA CO-OPS 8729678 Navarre Beach predictions,2026-08-08T15:57:33.641686-05:00
2023-12-14,65.4,50.3,0.0,14.3,26.8,58.0,7.415,79.0,5.6,,,,-0.612,1.8,2.412,finalized,Open-Meteo ERA5,Open-Meteo ERA5-Ocean,NOAA CO-OPS 8729678 Navarre Beach predictions,2026-08-08T15:57:33.641686-05:00
2023-12-15,66.4,50.8,0.0,14.5,26.2,67.0,8.202,94.0,6.2,,,,-0.587,1.749,2.3360000000000003,finalized,Open-Meteo ERA5,Open-Meteo ERA5-Ocean,NOAA CO-OPS 8729678 Navarre Beach predictions,2026-08-08T15:57:33.641686-05:00
2023-12-16,62.7,54.8,0.197,13.3,25.3,62.0,7.218,103.0,6.15,,,,-0.475,1.616,2.091,finalized,Open-Meteo ERA5,Open-Meteo ERA5-Ocean,NOAA CO-OPS 8729678 Navarre Beach predictions,2026-08-08T15:57:33.641686-05:00
2023-12-17,63.2,49.6,0.008,13.9,28.4,335.0,6.168,17.0,5.95,,,,-0.275,1.396,1.6709999999999998,finalized,Open-Meteo ERA5,Open-Meteo ERA5-Ocean,NOAA CO-OPS 8729678 Navarre Beach predictions,2026-08-08T15:57:33.641686-05:00
2023-12-18,63.1,40.8,0.0,11.2,22.1,317.0,4.593,319.0,4.5,,,,-0.006,1.098,1.104,finalized,Open-Meteo ERA5,Open-Meteo ERA5-Ocean,NOAA CO-OPS 8729678 Navarre Beach predictions,2026-08-08T15:57:33.641686-05:00
2023-12-19,54.7,37.1,0.0,11.6,21.3,15.0,4.462,14.0,4.35,,,,0.248,0.761,0.513,finalized,Open-Meteo ERA5,Open-Meteo ERA5-Ocean,NOAA CO-OPS 8729678 Navarre Beach predictions,2026-08-08T15:57:33.641686-05:00
2023-12-20,55.5,39.6,0.0,9.4,18.3,64.0,3.806,89.0,4.4,,,,0.412,0.929,0.5170000000000001,finalized,Open-Meteo ERA5,Open-Meteo ERA5-Ocean,NOAA CO-OPS 8729678 Navarre Beach predictions,2026-08-08T15:57:33.641686-05:00
2023-12-21,62.6,39.9,0.0,8.2,15.7,61.0,3.15,101.0,4.8,,,,0.301,1.149,0.8480000000000001,finalized,Open-Meteo ERA5,Open-Meteo ERA5-Ocean,NOAA CO-OPS 8729678 Navarre Beach predictions,2026-08-08T15:57:33.641686-05:00
2023-12-22,67.7,49.6,0.0,7.5,14.5,75.0,3.084,114.0,4.85,,,,-0.046,1.352,1.398,finalized,Open-Meteo ERA5,Open-Meteo ERA5-Ocean,NOAA CO-OPS 8729678 Navarre Beach predictions,2026-08-08T15:57:33.641686-05:00
2023-12-23,71.0,48.0,0.0,7.3,15.4,83.0,3.15,115.0,4.7,,,,-0.339,1.493,1.832,finalized,Open-Meteo ERA5,Open-Meteo ERA5-Ocean,NOAA CO-OPS 8729678 Navarre Beach predictions,2026-08-08T15:57:33.641686-05:00
2023-12-24,65.1,56.8,0.496,20.0,43.4,103.0,9.843,122.0,6.45,,,,-0.555,1.555,2.11,finalized,Open-Meteo ERA5,Open-Meteo ERA5-Ocean,NOAA CO-OPS 8729678 Navarre Beach predictions,2026-08-08T15:57:33.641686-05:00
2023-12-25,74.8,61.2,0.902,23.6,57.3,137.0,10.367,145.0,7.35,,,,-0.688,1.551,2.239,finalized,Open-Meteo ERA5,Open-Meteo ERA5-Ocean,NOAA CO-OPS 8729678 Navarre Beach predictions,2026-08-08T15:57:33.641686-05:00
2023-12-26,60.2,49.6,0.0,8.9,15.0,331.0,4.331,187.0,6.35,,,,-0.745,1.504,2.249,finalized,Open-Meteo ERA5,Open-Meteo ERA5-Ocean,NOAA CO-OPS 8729678 Navarre Beach predictions,2026-08-08T15:57:33.641686-05:00
2023-12-27,60.2,43.8,0.0,5.9,11.6,286.0,2.034,178.0,5.05,,,,-0.74,1.436,2.176,finalized,Open-Meteo ERA5,Open-Meteo ERA5-Ocean,NOAA CO-OPS 8729678 Navarre Beach predictions,2026-08-08T15:57:33.641686-05:00
2023-12-28,57.9,42.7,0.0,11.2,21.7,294.0,4.396,290.0,4.4,,,,-0.685,1.359,2.044,finalized,Open-Meteo ERA5,Open-Meteo ERA5-Ocean,NOAA CO-OPS 8729678 Navarre Beach predictions,2026-08-08T15:57:33.641686-05:00
2023-12-29,53.6,34.2,0.0,12.1,23.0,284.0,4.462,289.0,4.55,,,,-0.586,1.27,1.856,finalized,Open-Meteo ERA5,Open-Meteo ERA5-Ocean,NOAA CO-OPS 8729678 Navarre Beach predictions,2026-08-08T15:57:33.641686-05:00
2023-12-30,55.9,38.4,0.0,8.8,18.8,294.0,4.199,276.0,4.55,,,,-0.449,1.163,1.612,finalized,Open-Meteo ERA5,Open-Meteo ERA5-Ocean,NOAA CO-OPS 8729678 Navarre Beach predictions,2026-08-08T15:57:33.641686-05:00
2023-12-31,62.6,38.8,0.0,7.8,15.9,260.0,1.837,253.0,4.25,,,,-0.283,0.987,1.27,finalized,Open-Meteo ERA5,Open-Meteo ERA5-Ocean,NOAA CO-OPS 8729678 Navarre Beach predictions,2026-08-08T15:57:33.641686-05:00
2024-01-01,68.9,46.7,0.0,12.0,19.0,302.0,4.003,267.0,4.25,,,,-0.047,0.806,0.8530000000000001,finalized,Open-Meteo ERA5,Open-Meteo ERA5-Ocean,NOAA CO-OPS 8729678 Navarre Beach predictions,2026-08-08T15:57:33.641686-05:00
2024-01-02,56.4,35.1,0.0,11.3,19.0,31.0,4.462,31.0,4.4,,,,0.123,0.598,0.475,finalized,Open-Meteo ERA5,Open-Meteo ERA5-Ocean,NOAA CO-OPS 8729678 Navarre Beach predictions,2026-08-08T15:57:33.641686-05:00
2024-01-03,50.0,41.0,0.453,12.3,26.6,45.0,5.052,78.0,4.7,,,,0.244,0.626,0.382,finalized,Open-Meteo ERA5,Open-Meteo ERA5-Ocean,NOAA CO-OPS 8729678 Navarre Beach predictions,2026-08-08T15:57:33.641686-05:00
2024-01-04,58.9,36.8,0.0,9.6,18.8,9.0,4.593,40.0,4.85,,,,0.258,0.818,0.5599999999999999,finalized,Open-Meteo ERA5,Open-Meteo ERA5-Ocean,NOAA CO-OPS 8729678 Navarre Beach predictions,2026-08-08T15:57:33.641686-05:00
2024-01-05,60.8,40.0,0.531,16.0,42.1,102.0,7.021,118.0,5.55,,,,0.073,1.001,0.928,finalized,Open-Meteo ERA5,Open-Meteo ERA5-Ocean,NOAA CO-OPS 8729678 Navarre Beach predictions,2026-08-08T15:57:33.641686-05:00
2024-01-06,66.2,49.5,0.823,18.7,55.0,255.0,6.89,200.0,6.4,,,,-0.172,1.162,1.334,finalized,Open-Meteo ERA5,Open-Meteo ERA5-Ocean,NOAA CO-OPS 8729678 Navarre Beach predictions,2026-08-08T15:57:33.641686-05:00
2024-01-07,57.5,42.1,0.0,11.4,22.1,331.0,4.659,290.0,5.5,,,,-0.407,1.3,1.707,finalized,Open-Meteo ERA5,Open-Meteo ERA5-Ocean,NOAA CO-OPS 8729678 Navarre Beach predictions,2026-08-08T15:57:33.641686-05:00
2024-01-08,61.6,45.7,0.138,25.0,44.3,105.0,11.22,120.0,6.85,,,,-0.614,1.418,2.032,finalized,Open-Meteo ERA5,Open-Meteo ERA5-Ocean,NOAA CO-OPS 8729678 Navarre Beach predictions,2026-08-08T15:57:33.641686-05:00
2024-01-09,69.8,46.7,2.661,31.6,68.9,220.0,17.323,191.0,8.9,,,,-0.777,1.51,2.287,finalized,Open-Meteo ERA5,Open-Meteo ERA5-Ocean,NOAA CO-OPS 8729678 Navarre Beach predictions,2026-08-08T15:57:33.641686-05:00
2024-01-10,55.8,36.8,0.0,10.6,18.3,266.0,9.449,230.0,7.45,,,,-0.881,1.567,2.448,finalized,Open-Meteo ERA5,Open-Meteo ERA5-Ocean,NOAA CO-OPS 8729678 Navarre Beach predictions,2026-08-08T15:57:33.641686-05:00
2024-01-11,64.4,41.8,0.0,13.8,22.8,130.0,5.774,175.0,5.5,,,,-0.908,1.567,2.475,finalized,Open-Meteo ERA5,Open-Meteo ERA5-Ocean,NOAA CO-OPS 8729678 Navarre Beach predictions,2026-08-08T15:57:33.641686-05:00
2024-01-12,72.3,58.1,0.173,21.5,48.3,183.0,7.743,174.0,5.9,,,,-0.843,1.487,2.33,finalized,Open-Meteo ERA5,Open-Meteo ERA5-Ocean,NOAA CO-OPS 8729678 Navarre Beach predictions,2026-08-08T15:57:33.641686-05:00
2024-01-13,56.9,38.3,0.0,14.5,25.3,329.0,6.89,307.0,5.45,,,,-0.676,1.313,1.989,finalized,Open-Meteo ERA5,Open-Meteo ERA5-Ocean,NOAA CO-OPS 8729678 Navarre Beach predictions,2026-08-08T15:57:33.641686-05:00
2024-01-14,63.3,32.6,0.0,6.0,10.7,98.0,1.64,112.0,4.95,,,,-0.417,1.048,1.465,finalized,Open-Meteo ERA5,Open-Meteo ERA5-Ocean,NOAA CO-OPS 8729678 Navarre Beach predictions,2026-08-08T15:57:33.641686-05:00
2024-01-15,66.7,40.4,0.0,6.8,15.0,114.0,2.428,129.0,4.4,,,,-0.125,0.72,0.845,finalized,Open-Meteo ERA5,Open-Meteo ERA5-Ocean,NOAA CO-OPS 8729678 Navarre Beach predictions,2026-08-08T15:57:33.641686-05:00
2024-01-16,60.4,28.1,0.409,18.2,32.2,346.0,7.218,348.0,5.3,,,,0.079,0.493,0.414,finalized,Open-Meteo ERA5,Open-Meteo ERA5-Ocean,NOAA CO-OPS 8729678 Navarre Beach predictions,2026-08-08T15:57:33.641686-05:00
2024-01-17,45.7,21.2,0.0,12.8,20.6,9.0,4.987,12.0,4.8,,,,0.171,0.745,0.574,finalized,Open-Meteo ERA5,Open-Meteo ERA5-Ocean,NOAA CO-OPS 8729678 Navarre Beach predictions,2026-08-08T15:57:33.641686-05:00
2024-01-18,59.5,31.3,0.0,9.7,18.1,106.0,2.822,115.0,3.55,,,,-0.064,0.987,1.051,finalized,Open-Meteo ERA5,Open-Meteo ERA5-Ocean,NOAA CO-OPS 8729678 Navarre Beach predictions,2026-08-08T15:57:33.641686-05:00
2024-01-19,63.0,41.9,0.173,14.7,29.3,332.0,4.659,316.0,4.4,,,,-0.378,1.168,1.5459999999999998,finalized,Open-Meteo ERA5,Open-Meteo ERA5-Ocean,NOAA CO-OPS 8729678 Navarre Beach predictions,2026-08-08T15:57:33.641686-05:00
2024-01-20,45.3,30.1,0.0,13.0,25.7,0.0,4.856,7.0,4.55,,,,-0.619,1.266,1.885,finalized,Open-Meteo ERA5,Open-Meteo ERA5-Ocean,NOAA CO-OPS 8729678 Navarre Beach predictions,2026-08-08T15:57:33.641686-05:00
2024-01-21,46.9,27.0,0.0,11.7,23.3,46.0,4.79,56.0,4.65,,,,-0.778,1.291,2.069,finalized,Open-Meteo ERA5,Open-Meteo ERA5-Ocean,NOAA CO-OPS 8729678 Navarre Beach predictions,2026-08-08T15:57:33.641686-05:00
2024-01-22,58.4,37.5,0.0,12.5,23.3,90.0,5.84,113.0,5.55,,,,-0.86,1.268,2.128,finalized,Open-Meteo ERA5,Open-Meteo ERA5-Ocean,NOAA CO-OPS 8729678 Navarre Beach predictions,2026-08-08T15:57:33.641686-05:00
2024-01-23,66.0,56.9,0.335,14.6,26.8,107.0,6.955,132.0,6.95,,,,-0.878,1.221,2.099,finalized,Open-Meteo ERA5,Open-Meteo ERA5-Ocean,NOAA CO-OPS 8729678 Navarre Beach predictions,2026-08-08T15:57:33.641686-05:00
2024-01-24,70.6,61.8,0.728,16.2,27.7,127.0,6.693,142.0,6.55,,,,-0.844,1.163,2.007,finalized,Open-Meteo ERA5,Open-Meteo ERA5-Ocean,NOAA CO-OPS 8729678 Navarre Beach predictions,2026-08-08T15:57:33.641686-05:00
2024-01-25,73.1,63.4,0.425,13.5,24.4,178.0,4.593,160.0,5.6,,,,-0.766,1.094,1.86,finalized,Open-Meteo ERA5,Open-Meteo ERA5-Ocean,NOAA CO-OPS 8729678 Navarre Beach predictions,2026-08-08T15:57:33.641686-05:00
2024-01-26,70.4,60.3,0.142,8.8,13.6,121.0,4.724,172.0,5.25,,,,-0.645,1.008,1.653,finalized,Open-Meteo ERA5,Open-Meteo ERA5-Ocean,NOAA CO-OPS 8729678 Navarre Beach predictions,2026-08-08T15:57:33.641686-05:00
2024-01-27,69.3,58.5,0.795,13.4,28.4,191.0,5.184,176.0,5.35,,,,-0.488,0.898,1.386,finalized,Open-Meteo ERA5,Open-Meteo ERA5-Ocean,NOAA CO-OPS 8729678 Navarre Beach predictions,2026-08-08T15:57:33.641686-05:00
2024-01-28,59.3,46.5,0.0,14.1,26.8,320.0,5.184,305.0,4.8,,,,-0.31,0.758,1.068,finalized,Open-Meteo ERA5,Open-Meteo ERA5-Ocean,NOAA CO-OPS 8729678 Navarre Beach predictions,2026-08-08T15:57:33.641686-05:00
2024-01-29,62.4,42.2,0.0,10.9,21.0,333.0,4.068,334.0,4.25,,,,-0.141,0.588,0.729,finalized,Open-Meteo ERA5,Open-Meteo ERA5-Ocean,NOAA CO-OPS 8729678 Navarre Beach predictions,2026-08-08T15:57:33.641686-05:00
2024-01-30,62.4,34.6,0.0,11.1,19.2,267.0,3.478,303.0,3.75,,,,0.004,0.393,0.389,finalized,Open-Meteo ERA5,Open-Meteo ERA5-Ocean,NOAA CO-OPS 8729678 Navarre Beach predictions,2026-08-08T15:57:33.641686-05:00
2024-01-31,67.2,47.2,0.0,11.6,20.8,322.0,4.921,274.0,4.8,,,,0.102,0.455,0.353,finalized,Open-Meteo ERA5,Open-Meteo ERA5-Ocean,NOAA CO-OPS 8729678 Navarre Beach predictions,2026-08-08T15:57:33.641686-05:00
2024-02-01,61.6,38.4,0.0,5.2,12.8,40.0,1.903,42.0,3.35,,,,0.119,0.652,0.533,finalized,Open-Meteo ERA5,Open-Meteo ERA5-Ocean,NOAA CO-OPS 8729678 Navarre Beach predictions,2026-08-08T15:57:33.641686-05:00
2024-02-02,67.8,42.3,0.0,5.9,8.3,269.0,0.656,48.0,2.75,,,,-0.049,0.833,0.882,finalized,Open-Meteo ERA5,Open-Meteo ERA5-Ocean,NOAA CO-OPS 8729678 Navarre Beach predictions,2026-08-08T15:57:33.641686-05:00
2024-02-03,66.7,41.6,0.004,13.1,26.6,107.0,6.037,122.0,4.95,,,,-0.268,0.991,1.259,finalized,Open-Meteo ERA5,Open-Meteo ERA5-Ocean,NOAA CO-OPS 8729678 Navarre Beach predictions,2026-08-08T15:57:33.641686-05:00
2024-02-04,61.1,49.9,1.146,18.5,32.7,60.0,8.333,139.0,7.25,,,,-0.476,1.129,1.605,finalized,Open-Meteo ERA5,Open-Meteo ERA5-Ocean,NOAA CO-OPS 8729678 Navarre Beach predictions,2026-08-08T15:57:33.641686-05:00
2024-02-05,56.4,45.8,0.0,13.5,23.9,6.0,4.331,257.0,7.0,,,,-0.661,1.249,1.91,finalized,Open-Meteo ERA5,Open-Meteo ERA5-Ocean,NOAA CO-OPS 8729678 Navarre Beach predictions,2026-08-08T15:57:33.641686-05:00
2024-02-06,70.2,45.2,0.0,10.8,21.5,348.0,3.937,350.0,4.5,,,,-0.805,1.347,2.152,finalized,Open-Meteo ERA5,Open-Meteo ERA5-Ocean,NOAA CO-OPS 8729678 Navarre Beach predictions,2026-08-08T15:57:33.641686-05:00
2024-02-07,63.1,41.8,0.0,10.1,20.8,87.0,3.15,87.0,4.1,,,,-0.888,1.404,2.292,finalized,Open-Meteo ERA5,Open-Meteo ERA5-Ocean,NOAA CO-OPS 8729678 Navarre Beach predictions,2026-08-08T15:57:33.641686-05:00
2024-02-08,65.7,45.0,0.004,10.7,23.3,112.0,4.003,123.0,4.75,,,,-0.889,1.397,2.286,finalized,Open-Meteo ERA5,Open-Meteo ERA5-Ocean,NOAA CO-OPS 8729678 Navarre Beach predictions,2026-08-08T15:57:33.641686-05:00
2024-02-09,69.1,58.7,0.0,12.6,20.1,150.0,3.675,153.0,5.1,,,,-0.789,1.3,2.089,finalized,Open-Meteo ERA5,Open-Meteo ERA5-Ocean,NOAA CO-OPS 8729678 Navarre Beach predictions,2026-08-08T15:57:33.641686-05:00
2024-02-10,70.8,63.6,0.02,14.6,28.4,154.0,3.937,169.0,5.45,,,,-0.585,1.104,1.689,finalized,Open-Meteo ERA5,Open-Meteo ERA5-Ocean,NOAA CO-OPS 8729678 Navarre Beach predictions,2026-08-08T15:57:33.641686-05:00
2024-02-11,73.0,66.4,0.161,12.0,22.1,182.0,4.396,173.0,6.0,,,,-0.294,0.821,1.115,finalized,Open-Meteo ERA5,Open-Meteo ERA5-Ocean,NOAA CO-OPS 8729678 Navarre Beach predictions,2026-08-08T15:57:33.641686-05:00
2024-02-12,70.5,52.6,0.921,18.5,32.0,237.0,7.743,208.0,6.1,,,,-0.035,0.213,0.248,finalized,Open-Meteo ERA5,Open-Meteo ERA5-Ocean,NOAA CO-OPS 8729678 Navarre Beach predictions,2026-08-08T15:57:33.641686-05:00
2024-02-13,62.1,47.3,0.0,12.7,21.7,324.0,7.021,284.0,5.75,,,,0.043,0.489,0.446,finalized,Open-Meteo ERA5,Open-Meteo ERA5-Ocean,NOAA CO-OPS 8729678 Navarre Beach predictions,2026-08-08T15:57:33.641686-05:00
2024-02-14,64.3,38.3,0.0,6.1,14.8,36.0,2.165,81.0,5.55,,,,0.157,0.75,0.593,finalized,Open-Meteo ERA5,Open-Meteo ERA5-Ocean,NOAA CO-OPS 8729678 Navarre Beach predictions,2026-08-08T15:57:33.641686-05:00
2024-02-15,65.2,45.6,0.0,6.1,10.1,250.0,0.984,152.0,4.95,,,,-0.204,0.98,1.184,finalized,Open-Meteo ERA5,Open-Meteo ERA5-Ocean,NOAA CO-OPS 8729678 Navarre Beach predictions,2026-08-08T15:57:33.641686-05:00
2024-02-16,62.8,51.3,0.118,6.5,13.4,219.0,1.181,137.0,4.7,,,,-0.462,1.12,1.582,finalized,Open-Meteo ERA5,Open-Meteo ERA5-Ocean,NOAA CO-OPS 8729678 Navarre Beach predictions,2026-08-08T15:57:33.641686-05:00
2024-02-17,61.2,45.2,0.256,13.9,26.2,350.0,4.921,20.0,4.55,,,,-0.641,1.175,1.816,finalized,Open-Meteo ERA5,Open-Meteo ERA5-Ocean,NOAA CO-OPS 8729678 Navarre Beach predictions,2026-08-08T15:57:33.641686-05:00
2024-02-18,53.7,40.0,0.0,13.0,21.7,9.0,5.052,20.0,4.65,,,,-0.741,1.17,1.911,finalized,Open-Meteo ERA5,Open-Meteo ERA5-Ocean,NOAA CO-OPS 8729678 Navarre Beach predictions,2026-08-08T15:57:33.641686-05:00
2024-02-19,62.1,35.6,0.0,8.5,15.9,328.0,2.428,356.0,3.55,,,,-0.774,1.137,1.911,finalized,Open-Meteo ERA5,Open-Meteo ERA5-Ocean,NOAA CO-OPS 8729678 Navarre Beach predictions,2026-08-08T15:57:33.641686-05:00
2024-02-20,64.3,34.8,0.0,6.3,13.0,276.0,1.378,277.0,3.45,,,,-0.751,1.094,1.845,finalized,Open-Meteo ERA5,Open-Meteo ERA5-Ocean,NOAA CO-OPS 8729678 Navarre Beach predictions,2026-08-08T15:57:33.641686-05:00
2024-02-21,68.5,38.7,0.0,7.0,14.1,192.0,1.115,249.0,3.15,,,,-0.684,1.045,1.729,finalized,Open-Meteo ERA5,Open-Meteo ERA5-Ocean,NOAA CO-OPS 8729678 Navarre Beach predictions,2026-08-08T15:57:33.641686-05:00
2024-02-22,71.7,48.1,0.004,14.3,30.6,186.0,3.346,185.0,4.75,,,,-0.578,0.981,1.559,finalized,Open-Meteo ERA5,Open-Meteo ERA5-Ocean,NOAA CO-OPS 8729678 Navarre Beach predictions,2026-08-08T15:57:33.641686-05:00
2024-02-23,75.1,55.3,0.067,13.6,27.3,278.0,5.184,231.0,5.5,,,,-0.436,0.893,1.329,finalized,Open-Meteo ERA5,Open-Meteo ERA5-Ocean,NOAA CO-OPS 8729678 Navarre Beach predictions,2026-08-08T15:57:33.641686-05:00
2024-02-24,73.8,44.2,0.0,14.2,27.1,282.0,4.003,263.0,5.15,,,,-0.265,0.779,1.044,finalized,Open-Meteo ERA5,Open-Meteo ERA5-Ocean,NOAA CO-OPS 8729678 Navarre Beach predictions,2026-08-08T15:57:33.641686-05:00
2024-02-25,67.9,42.3,0.0,7.6,12.3,90.0,3.609,248.0,4.55,,,,-0.107,0.641,0.748,finalized,Open-Meteo ERA5,Open-Meteo ERA5-Ocean,NOAA CO-OPS 8729678 Navarre Beach predictions,2026-08-08T15:57:33.641686-05:00
2024-02-26,72.9,45.4,0.0,12.5,24.8,163.0,1.64,169.0,3.65,,,,0.029,0.485,0.4559999999999999,finalized,Open-Meteo ERA5,Open-Meteo ERA5-Ocean,NOAA CO-OPS 8729678 Navarre Beach predictions,2026-08-08T15:57:33.641686-05:00
2024-02-27,75.2,64.5,0.0,15.1,32.2,194.0,4.396,189.0,5.4,,,,0.052,0.389,0.337,finalized,Open-Meteo ERA5,Open-Meteo ERA5-Ocean,NOAA CO-OPS 8729678 Navarre Beach predictions,2026-08-08T15:57:33.641686-05:00
2024-02-28,79.7,60.2,0.031,17.5,30.4,226.0,4.79,190.0,6.0,,,,0.019,0.586,0.567,finalized,Open-Meteo ERA5,Open-Meteo ERA5-Ocean,NOAA CO-OPS 8729678 Navarre Beach predictions,2026-08-08T15:57:33.641686-05:00
2024-02-29,60.3,52.1,0.012,14.5,25.1,41.0,5.577,49.0,4.9,,,,-0.066,0.769,0.835,finalized,Open-Meteo ERA5,Open-Meteo ERA5-Ocean,NOAA CO-OPS 8729678 Navarre Beach predictions,2026-08-08T15:57:33.641686-05:00
2024-03-01,63.9,57.4,0.331,15.2,27.1,120.0,4.199,127.0,5.05,,,,-0.228,0.929,1.157,finalized,Open-Meteo ERA5,Open-Meteo ERA5-Ocean,NOAA CO-OPS 8729678 Navarre Beach predictions,2026-08-08T15:57:33.641686-05:00
2024-03-02,71.0,58.1,0.024,7.8,15.4,145.0,2.756,161.0,4.95,,,,1.064,1.064,0.0,finalized,Open-Meteo ERA5,Open-Meteo ERA5-Ocean,NOAA CO-OPS 8729678 Navarre Beach predictions,2026-08-08T15:57:33.641686-05:00
2024-03-03,75.5,63.3,0.0,7.7,16.1,133.0,1.903,150.0,4.5,,,,-0.384,1.178,1.5619999999999998,finalized,Open-Meteo ERA5,Open-Meteo ERA5-Ocean,NOAA CO-OPS 8729678 Navarre Beach predictions,2026-08-08T15:57:33.641686-05:00
2024-03-04,73.0,64.7,0.008,13.5,27.1,120.0,3.74,126.0,4.4,,,,-0.519,1.274,1.793,finalized,Open-Meteo ERA5,Open-Meteo ERA5-Ocean,NOAA CO-OPS 8729678 Navarre Beach predictions,2026-08-08T15:57:33.641686-05:00
2024-03-05,70.2,64.8,1.433,18.5,27.3,136.0,3.871,133.0,5.3,,,,-0.617,1.346,1.963,finalized,Open-Meteo ERA5,Open-Meteo ERA5-Ocean,NOAA CO-OPS 8729678 Navarre Beach predictions,2026-08-08T15:57:33.641686-05:00
2024-03-06,77.3,61.4,0.004,10.6,20.6,310.0,3.084,187.0,5.4,,,,-0.653,1.378,2.031,finalized,Open-Meteo ERA5,Open-Meteo ERA5-Ocean,NOAA CO-OPS 8729678 Navarre Beach predictions,2026-08-08T15:57:33.641686-05:00
2024-03-07,75.0,53.5,0.0,6.1,14.5,108.0,1.772,168.0,4.85,,,,-0.606,1.343,1.949,finalized,Open-Meteo ERA5,Open-Meteo ERA5-Ocean,NOAA CO-OPS 8729678 Navarre Beach predictions,2026-08-08T15:57:33.641686-05:00
2024-03-08,71.6,56.9,0.386,17.0,30.9,142.0,5.84,151.0,5.25,,,,-0.459,1.224,1.683,finalized,Open-Meteo ERA5,Open-Meteo ERA5-Ocean,NOAA CO-OPS 8729678 Navarre Beach predictions,2026-08-08T15:57:33.641686-05:00
2024-03-09,72.6,62.2,1.252,14.0,31.1,284.0,6.89,199.0,6.15,,,,-0.216,1.024,1.24,finalized,Open-Meteo ERA5,Open-Meteo ERA5-Ocean,NOAA CO-OPS 8729678 Navarre Beach predictions,2026-08-08T15:57:33.641686-05:00
2024-03-10,67.3,51.1,0.0,13.1,23.9,343.0,4.79,334.0,5.0,,,,0.063,0.769,0.706,finalized,Open-Meteo ERA5,Open-Meteo ERA5-Ocean,NOAA CO-OPS 8729678 Navarre Beach predictions,2026-08-08T15:57:33.641686-05:00
2024-03-11,67.3,49.0,0.0,8.1,16.6,18.0,2.953,45.0,4.85,,,,-0.01,0.489,0.499,finalized,Open-Meteo ERA5,Open-Meteo ERA5-Ocean,NOAA CO-OPS 8729678 Navarre Beach predictions,2026-08-08T15:57:33.641686-05:00
2024-03-12,70.5,40.1,0.0,7.4,13.4,232.0,1.115,129.0,4.95,,,,-0.118,0.787,0.905,finalized,Open-Meteo ERA5,Open-Meteo ERA5-Ocean,NOAA CO-OPS 8729678 Navarre Beach predictions,2026-08-08T15:57:33.641686-05:00
2024-03-13,71.9,48.1,0.0,8.3,16.8,183.0,1.378,153.0,3.55,,,,-0.261,1.053,1.314,finalized,Open-Meteo ERA5,Open-Meteo ERA5-Ocean,NOAA CO-OPS 8729678 Navarre Beach predictions,2026-08-08T15:57:33.641686-05:00
2024-03-14,74.4,58.1,0.024,10.5,21.3,137.0,2.231,136.0,3.85,,,,1.228,1.228,0.0,finalized,Open-Meteo ERA5,Open-Meteo ERA5-Ocean,NOAA CO-OPS 8729678 Navarre Beach predictions,2026-08-08T15:57:33.641686-05:00
2024-03-15,77.6,64.6,0.13,8.1,22.6,159.0,2.428,161.0,5.3,,,,-0.437,1.306,1.743,finalized,Open-Meteo ERA5,Open-Meteo ERA5-Ocean,NOAA CO-OPS 8729678 Navarre Beach predictions,2026-08-08T15:57:33.641686-05:00
2024-03-16,77.1,63.3,0.008,8.3,16.8,326.0,2.625,171.0,5.65,,,,-0.536,1.304,1.84,finalized,Open-Meteo ERA5,Open-Meteo ERA5-Ocean,NOAA CO-OPS 8729678 Navarre Beach predictions,2026-08-08T15:57:33.641686-05:00
2024-03-17,69.3,60.7,0.531,8.5,25.7,31.0,1.64,159.0,5.2,,,,-0.566,1.253,1.819,finalized,Open-Meteo ERA5,Open-Meteo ERA5-Ocean,NOAA CO-OPS 8729678 Navarre Beach predictions,2026-08-08T15:57:33.641686-05:00
2024-03-18,70.1,52.0,0.004,15.3,28.4,343.0,5.709,349.0,4.65,,,,-0.538,1.185,1.723,finalized,Open-Meteo ERA5,Open-Meteo ERA5-Ocean,NOAA CO-OPS 8729678 Navarre Beach predictions,2026-08-08T15:57:33.641686-05:00
2024-03-19,60.7,39.0,0.0,13.0,22.1,354.0,5.774,19.0,4.8,,,,-0.464,1.118,1.582,finalized,Open-Meteo ERA5,Open-Meteo ERA5-Ocean,NOAA CO-OPS 8729678 Navarre Beach predictions,2026-08-08T15:57:33.641686-05:00
2024-03-20,68.7,41.8,0.0,8.4,15.7,261.0,1.247,285.0,3.05,,,,-0.352,1.054,1.406,finalized,Open-Meteo ERA5,Open-Meteo ERA5-Ocean,NOAA CO-OPS 8729678 Navarre Beach predictions,2026-08-08T15:57:33.641686-05:00
2024-03-21,70.6,46.3,0.0,7.2,15.9,149.0,1.64,152.0,3.25,,,,-0.207,0.98,1.187,finalized,Open-Meteo ERA5,Open-Meteo ERA5-Ocean,NOAA CO-OPS 8729678 Navarre Beach predictions,2026-08-08T15:57:33.641686-05:00
2024-03-22,69.0,59.2,0.138,11.9,23.0,143.0,3.74,145.0,5.3,,,,-0.035,0.883,0.918,finalized,Open-Meteo ERA5,Open-Meteo ERA5-Ocean,NOAA CO-OPS 8729678 Navarre Beach predictions,2026-08-08T15:57:33.641686-05:00
2024-03-23,73.4,59.1,0.031,19.2,33.3,334.0,4.987,284.0,5.6,,,,0.124,0.765,0.641,finalized,Open-Meteo ERA5,Open-Meteo ERA5-Ocean,NOAA CO-OPS 8729678 Navarre Beach predictions,2026-08-08T15:57:33.641686-05:00
2024-03-24,71.2,50.8,0.0,12.7,21.5,90.0,4.003,63.0,4.05,,,,0.178,0.637,0.459,finalized,Open-Meteo ERA5,Open-Meteo ERA5-Ocean,NOAA CO-OPS 8729678 Navarre Beach predictions,2026-08-08T15:57:33.641686-05:00
2024-03-25,72.6,59.9,0.0,22.0,46.1,119.0,10.302,129.0,6.85,,,,0.107,0.588,0.481,finalized,Open-Meteo ERA5,Open-Meteo ERA5-Ocean,NOAA CO-OPS 8729678 Navarre Beach predictions,2026-08-08T15:57:33.641686-05:00
2024-03-26,69.7,59.2,1.283,21.0,35.8,118.0,10.499,155.0,7.7,,,,0.028,0.775,0.747,finalized,Open-Meteo ERA5,Open-Meteo ERA5-Ocean,NOAA CO-OPS 8729678 Navarre Beach predictions,2026-08-08T15:57:33.641686-05:00
2024-03-27,78.2,57.0,0.0,12.3,24.8,0.0,4.921,146.0,7.2,,,,-0.049,0.947,0.996,finalized,Open-Meteo ERA5,Open-Meteo ERA5-Ocean,NOAA CO-OPS 8729678 Navarre Beach predictions,2026-08-08T15:57:33.641686-05:00
2024-03-28,74.7,52.7,0.0,14.4,26.4,340.0,4.593,338.0,4.7,,,,-0.118,1.1,1.218,finalized,Open-Meteo ERA5,Open-Meteo ERA5-Ocean,NOAA CO-OPS 8729678 Navarre Beach predictions,2026-08-08T15:57:33.641686-05:00
2024-03-29,72.2,45.4,0.0,8.3,15.2,64.0,2.165,48.0,3.7,,,,-0.193,1.232,1.425,finalized,Open-Meteo ERA5,Open-Meteo ERA5-Ocean,NOAA CO-OPS 8729678 Navarre Beach predictions,2026-08-08T15:57:33.641686-05:00
2024-03-30,74.3,54.4,0.0,9.7,20.1,203.0,1.64,167.0,3.35,,,,-0.28,1.341,1.621,finalized,Open-Meteo ERA5,Open-Meteo ERA5-Ocean,NOAA CO-OPS 8729678 Navarre Beach predictions,2026-08-08T15:57:33.641686-05:00
2024-03-31,78.6,56.3,0.0,10.1,18.8,192.0,2.165,177.0,3.5,,,,1.423,1.423,0.0,finalized,Open-Meteo ERA5,Open-Meteo ERA5-Ocean,NOAA CO-OPS 8729678 Navarre Beach predictions,2026-08-08T15:57:33.641686-05:00
2024-04-01,76.8,67.3,0.024,12.4,24.6,178.0,3.346,168.0,4.95,,,,-0.35,1.476,1.826,finalized,Open-Meteo ERA5,Open-Meteo ERA5-Ocean,NOAA CO-OPS 8729678 Navarre Beach predictions,2026-08-08T15:57:33.641686-05:00
2024-04-02,76.3,70.7,0.067,15.0,33.3,189.0,5.643,176.0,5.3,,,,-0.38,1.492,1.872,finalized,Open-Meteo ERA5,Open-Meteo ERA5-Ocean,NOAA CO-OPS 8729678 Navarre Beach predictions,2026-08-08T15:57:33.641686-05:00
2024-04-03,75.1,60.0,0.461,15.5,36.0,284.0,6.562,233.0,5.85,,,,-0.349,1.455,1.804,finalized,Open-Meteo ERA5,Open-Meteo ERA5-Ocean,NOAA CO-OPS 8729678 Navarre Beach predictions,2026-08-08T15:57:33.641686-05:00
2024-04-04,71.7,48.0,0.0,13.0,24.4,280.0,4.462,253.0,5.55,,,,-0.235,1.349,1.584,finalized,Open-Meteo ERA5,Open-Meteo ERA5-Ocean,NOAA CO-OPS 8729678 Navarre Beach predictions,2026-08-08T15:57:33.641686-05:00
2024-04-05,76.9,48.6,0.0,9.1,17.7,322.0,3.937,243.0,5.0,,,,-0.032,1.179,1.211,finalized,Open-Meteo ERA5,Open-Meteo ERA5-Ocean,NOAA CO-OPS 8729678 Navarre Beach predictions,2026-08-08T15:57:33.641686-05:00
2024-04-06,73.1,50.8,0.0,8.7,17.0,32.0,2.493,80.0,4.4,,,,0.226,0.981,0.755,finalized,Open-Meteo ERA5,Open-Meteo ERA5-Ocean,NOAA CO-OPS 8729678 Navarre Beach predictions,2026-08-08T15:57:33.641686-05:00
2024-04-07,74.9,50.8,0.0,9.4,20.1,142.0,2.231,135.0,4.05,,,,0.229,0.779,0.55,finalized,Open-Meteo ERA5,Open-Meteo ERA5-Ocean,NOAA CO-OPS 8729678 Navarre Beach predictions,2026-08-08T15:57:33.641686-05:00
2024-04-08,73.9,61.5,0.0,14.6,29.5,135.0,3.412,140.0,4.6,,,,0.012,0.957,0.945,finalized,Open-Meteo ERA5,Open-Meteo ERA5-Ocean,NOAA CO-OPS 8729678 Navarre Beach predictions,2026-08-08T15:57:33.641686-05:00
2024-04-09,75.1,64.3,0.035,18.8,32.7,130.0,6.037,148.0,6.4,,,,-0.177,1.244,1.421,finalized,Open-Meteo ERA5,Open-Meteo ERA5-Ocean,NOAA CO-OPS 8729678 Navarre Beach predictions,2026-08-08T15:57:33.641686-05:00
2024-04-10,72.4,66.7,3.791,20.7,49.0,117.0,9.974,154.0,7.2,,,,-0.328,1.455,1.783,finalized,Open-Meteo ERA5,Open-Meteo ERA5-Ocean,NOAA CO-OPS 8729678 Navarre Beach predictions,2026-08-08T15:57:33.641686-05:00
2024-04-12,76.9,54.0,0.0,11.4,22.8,299.0,4.659,247.0,6.95,,,,-0.463,1.596,2.059,finalized,Open-Meteo ERA5,Open-Meteo ERA5-Ocean,NOAA CO-OPS 8729678 Navarre Beach predictions,2026-08-08T15:57:33.641686-05:00
2024-04-13,78.7,50.0,0.0,9.7,16.3,293.0,2.559,270.0,4.35,,,,1.55,1.55,0.0,finalized,Open-Meteo ERA5,Open-Meteo ERA5-Ocean,NOAA CO-OPS 8729678 Navarre Beach predictions,2026-08-08T15:57:33.641686-05:00
2024-04-14,78.8,51.9,0.0,9.0,18.3,221.0,1.247,193.0,3.25,,,,-0.428,1.462,1.89,finalized,Open-Meteo ERA5,Open-Meteo ERA5-Ocean,NOAA CO-OPS 8729678 Navarre Beach predictions,2026-08-08T15:57:33.641686-05:00
2024-04-15,77.7,57.8,0.0,9.0,19.0,182.0,1.509,158.0,3.65,,,,-0.341,1.357,1.698,finalized,Open-Meteo ERA5,Open-Meteo ERA5-Ocean,NOAA CO-OPS 8729678 Navarre Beach predictions,2026-08-08T15:57:33.641686-05:00
2024-04-16,78.5,63.5,0.0,12.5,24.8,144.0,2.493,149.0,4.45,,,,-0.214,1.247,1.461,finalized,Open-Meteo ERA5,Open-Meteo ERA5-Ocean,NOAA CO-OPS 8729678 Navarre Beach predictions,2026-08-08T15:57:33.641686-05:00
2024-04-17,77.6,64.3,0.0,10.1,20.6,164.0,2.428,157.0,4.9,,,,-0.053,1.132,1.1849999999999998,finalized,Open-Meteo ERA5,Open-Meteo ERA5-Ocean,NOAA CO-OPS 8729678 Navarre Beach predictions,2026-08-08T15:57:33.641686-05:00
2024-04-18,77.7,65.8,0.004,11.0,20.8,172.0,2.362,156.0,5.2,,,,0.13,1.006,0.876,finalized,Open-Meteo ERA5,Open-Meteo ERA5-Ocean,NOAA CO-OPS 8729678 Navarre Beach predictions,2026-08-08T15:57:33.641686-05:00
2024-04-19,82.8,69.9,0.004,9.3,18.3,224.0,1.903,163.0,4.65,,,,0.306,0.876,0.5700000000000001,finalized,Open-Meteo ERA5,Open-Meteo ERA5-Ocean,NOAA CO-OPS 8729678 Navarre Beach predictions,2026-08-08T15:57:33.641686-05:00
2024-04-20,84.1,67.7,0.035,11.2,19.7,210.0,1.312,174.0,4.25,,,,0.451,0.764,0.313,finalized,Open-Meteo ERA5,Open-Meteo ERA5-Ocean,NOAA CO-OPS 8729678 Navarre Beach predictions,2026-08-08T15:57:33.641686-05:00
2024-04-21,71.2,57.4,0.016,14.3,27.7,340.0,3.74,327.0,3.9,,,,0.328,0.833,0.5049999999999999,finalized,Open-Meteo ERA5,Open-Meteo ERA5-Ocean,NOAA CO-OPS 8729678 Navarre Beach predictions,2026-08-08T15:57:33.641686-05:00
2024-04-22,71.4,50.9,0.0,12.2,24.2,9.0,4.396,9.0,4.35,,,,0.177,1.013,0.8359999999999999,finalized,Open-Meteo ERA5,Open-Meteo ERA5-Ocean,NOAA CO-OPS 8729678 Navarre Beach predictions,2026-08-08T15:57:33.641686-05:00
2024-04-23,72.3,48.4,0.0,9.1,21.3,126.0,2.034,103.0,3.75,,,,0.035,1.178,1.143,finalized,Open-Meteo ERA5,Open-Meteo ERA5-Ocean,NOAA CO-OPS 8729678 Navarre Beach predictions,2026-08-08T15:57:33.641686-05:00
2024-04-24,78.0,58.4,0.0,10.6,22.1,205.0,1.837,140.0,4.05,,,,-0.086,1.32,1.406,finalized,Open-Meteo ERA5,Open-Meteo ERA5-Ocean,NOAA CO-OPS 8729678 Navarre Beach predictions,2026-08-08T15:57:33.641686-05:00
2024-04-25,81.5,60.0,0.0,8.5,16.3,227.0,1.05,163.0,3.55,,,,-0.176,1.442,1.618,finalized,Open-Meteo ERA5,Open-Meteo ERA5-Ocean,NOAA CO-OPS 8729678 Navarre Beach predictions,2026-08-08T15:57:33.641686-05:00
2024-04-26,78.5,62.2,0.0,13.6,27.3,148.0,2.822,144.0,4.35,,,,-0.239,1.546,1.785,finalized,Open-Meteo ERA5,Open-Meteo ERA5-Ocean,NOAA CO-OPS 8729678 Navarre Beach predictions,2026-08-08T15:57:33.641686-05:00
2024-04-27,77.6,67.2,0.0,15.9,31.3,123.0,4.987,137.0,5.55,,,,-0.281,1.633,1.914,finalized,Open-Meteo ERA5,Open-Meteo ERA5-Ocean,NOAA CO-OPS 8729678 Navarre Beach predictions,2026-08-08T15:57:33.641686-05:00
2024-04-28,78.9,69.7,0.0,18.4,36.0,128.0,6.627,136.0,6.5,,,,-0.294,1.694,1.988,finalized,Open-Meteo ERA5,Open-Meteo ERA5-Ocean,NOAA CO-OPS 8729678 Navarre Beach predictions,2026-08-08T15:57:33.641686-05:00
2024-04-29,77.6,67.5,0.055,16.2,33.1,140.0,5.184,142.0,6.5,,,,1.717,1.717,0.0,finalized,Open-Meteo ERA5,Open-Meteo ERA5-Ocean,NOAA CO-OPS 8729678 Navarre Beach predictions,2026-08-08T15:57:33.641686-05:00
2024-04-30,76.2,69.2,0.094,14.1,17.2,156.0,4.724,153.0,6.05,,,,-0.258,1.681,1.939,finalized,Open-Meteo ERA5,Open-Meteo ERA5-Ocean,NOAA CO-OPS 8729678 Navarre Beach predictions,2026-08-08T15:57:33.641686-05:00
2024-05-01,82.7,67.1,0.031,7.2,15.4,156.0,3.018,160.0,6.3,,,,-0.155,1.57,1.725,finalized,Open-Meteo ERA5,Open-Meteo ERA5-Ocean,NOAA CO-OPS 8729678 Navarre Beach predictions,2026-08-08T15:57:33.641686-05:00
2024-05-02,82.3,69.5,0.0,9.0,21.0,158.0,1.772,154.0,5.25,,,,0.027,1.371,1.344,finalized,Open-Meteo ERA5,Open-Meteo ERA5-Ocean,NOAA CO-OPS 8729678 Navarre Beach predictions,2026-08-08T15:57:33.641686-05:00
2024-05-03,82.3,70.7,0.0,8.4,19.0,156.0,1.772,157.0,4.55,,,,0.271,1.095,0.824,finalized,Open-Meteo ERA5,Open-Meteo ERA5-Ocean,NOAA CO-OPS 8729678 Navarre Beach predictions,2026-08-08T15:57:33.641686-05:00
2024-05-04,85.0,71.2,0.071,9.2,19.5,197.0,1.509,159.0,4.55,,,,0.512,0.922,0.41,finalized,Open-Meteo ERA5,Open-Meteo ERA5-Ocean,NOAA CO-OPS 8729678 Navarre Beach predictions,2026-08-08T15:57:33.641686-05:00
2024-05-05,84.9,69.0,0.012,9.9,21.0,162.0,1.772,149.0,4.7,,,,0.331,1.11,0.7790000000000001,finalized,Open-Meteo ERA5,Open-Meteo ERA5-Ocean,NOAA CO-OPS 8729678 Navarre Beach predictions,2026-08-08T15:57:33.641686-05:00
2024-05-06,84.5,71.8,0.004,10.3,24.4,162.0,2.034,155.0,4.65,,,,0.021,1.363,1.342,finalized,Open-Meteo ERA5,Open-Meteo ERA5-Ocean,NOAA CO-OPS 8729678 Navarre Beach predictions,2026-08-08T15:57:33.641686-05:00
2024-05-07,84.5,75.0,0.0,11.7,24.4,183.0,2.493,163.0,4.55,,,,-0.237,1.602,1.839,finalized,Open-Meteo ERA5,Open-Meteo ERA5-Ocean,NOAA CO-OPS 8729678 Navarre Beach predictions,2026-08-08T15:57:33.641686-05:00
2024-05-08,85.3,76.0,0.035,15.0,29.3,181.0,2.887,169.0,4.3,,,,-0.41,1.76,2.17,finalized,Open-Meteo ERA5,Open-Meteo ERA5-Ocean,NOAA CO-OPS 8729678 Navarre Beach predictions,2026-08-08T15:57:33.641686-05:00
2024-05-09,85.3,78.5,0.165,17.0,29.3,208.0,3.609,179.0,4.9,,,,-0.491,1.825,2.316,finalized,Open-Meteo ERA5,Open-Meteo ERA5-Ocean,NOAA CO-OPS 8729678 Navarre Beach predictions,2026-08-08T15:57:33.641686-05:00
2024-05-10,81.4,67.9,1.118,10.4,26.4,250.0,3.675,184.0,5.2,,,,-0.487,1.811,2.298,finalized,Open-Meteo ERA5,Open-Meteo ERA5-Ocean,NOAA CO-OPS 8729678 Navarre Beach predictions,2026-08-08T15:57:33.641686-05:00
2024-05-11,81.9,65.4,0.0,8.9,17.0,351.0,3.346,119.0,5.15,,,,-0.417,1.742,2.159,finalized,Open-Meteo ERA5,Open-Meteo ERA5-Ocean,NOAA CO-OPS 8729678 Navarre Beach predictions,2026-08-08T15:57:33.641686-05:00
2024-05-12,79.9,65.6,0.016,9.2,16.8,80.0,2.756,106.0,4.7,,,,1.641,1.641,0.0,finalized,Open-Meteo ERA5,Open-Meteo ERA5-Ocean,NOAA CO-OPS 8729678 Navarre Beach predictions,2026-08-08T15:57:33.641686-05:00
2024-05-13,73.5,65.5,1.094,10.6,27.7,95.0,3.281,145.0,4.7,,,,-0.295,1.522,1.817,finalized,Open-Meteo ERA5,Open-Meteo ERA5-Ocean,NOAA CO-OPS 8729678 Navarre Beach predictions,2026-08-08T15:57:33.641686-05:00
2024-05-14,80.1,69.0,2.268,19.6,34.9,218.0,5.118,191.0,5.4,,,,-0.131,1.389,1.52,finalized,Open-Meteo ERA5,Open-Meteo ERA5-Ocean,NOAA CO-OPS 8729678 Navarre Beach predictions,2026-08-08T15:57:33.641686-05:00
2024-05-15,87.0,71.6,0.0,10.9,19.0,264.0,4.856,205.0,5.9,,,,0.061,1.236,1.175,finalized,Open-Meteo ERA5,Open-Meteo ERA5-Ocean,NOAA CO-OPS 8729678 Navarre Beach predictions,2026-08-08T15:57:33.641686-05:00
2024-05-16,87.0,66.5,0.0,9.4,16.8,174.0,2.69,176.0,6.15,,,,0.262,1.06,0.798,finalized,Open-Meteo ERA5,Open-Meteo ERA5-Ocean,NOAA CO-OPS 8729678 Navarre Beach predictions,2026-08-08T15:57:33.641686-05:00
2024-05-17,82.0,72.8,0.528,16.1,31.1,170.0,3.609,168.0,5.55,,,,0.444,0.859,0.415,finalized,Open-Meteo ERA5,Open-Meteo ERA5-Ocean,NOAA CO-OPS 8729678 Navarre Beach predictions,2026-08-08T15:57:33.641686-05:00
2024-05-18,78.7,71.8,0.681,11.4,19.5,208.0,3.478,181.0,6.25,,,,0.591,0.938,0.347,finalized,Open-Meteo ERA5,Open-Meteo ERA5-Ocean,NOAA CO-OPS 8729678 Navarre Beach predictions,2026-08-08T15:57:33.641686-05:00
2024-05-19,87.1,71.7,0.012,8.1,19.2,298.0,3.412,183.0,6.6,,,,0.401,1.104,0.7030000000000001,finalized,Open-Meteo ERA5,Open-Meteo ERA5-Ocean,NOAA CO-OPS 8729678 Navarre Beach predictions,2026-08-08T15:57:33.641686-05:00
2024-05-20,85.4,70.6,0.0,8.4,15.9,79.0,2.822,161.0,6.6,,,,0.191,1.279,1.088,finalized,Open-Meteo ERA5,Open-Meteo ERA5-Ocean,NOAA CO-OPS 8729678 Navarre Beach predictions,2026-08-08T15:57:33.641686-05:00
2024-05-21,83.7,69.1,0.0,7.9,17.7,119.0,2.231,140.0,5.45,,,,0.004,1.429,1.425,finalized,Open-Meteo ERA5,Open-Meteo ERA5-Ocean,NOAA CO-OPS 8729678 Navarre Beach predictions,2026-08-08T15:57:33.641686-05:00
2024-05-22,84.0,67.9,0.0,9.0,18.6,143.0,1.575,135.0,4.65,,,,-0.15,1.551,1.7009999999999998,finalized,Open-Meteo ERA5,Open-Meteo ERA5-Ocean,NOAA CO-OPS 8729678 Navarre Beach predictions,2026-08-08T15:57:33.641686-05:00
2024-05-23,85.9,71.0,0.004,9.4,18.8,165.0,1.312,142.0,3.9,,,,-0.266,1.651,1.917,finalized,Open-Meteo ERA5,Open-Meteo ERA5-Ocean,NOAA CO-OPS 8729678 Navarre Beach predictions,2026-08-08T15:57:33.641686-05:00
2024-05-24,86.3,71.9,0.043,10.6,19.5,208.0,2.297,169.0,4.05,,,,-0.341,1.737,2.0780000000000003,finalized,Open-Meteo ERA5,Open-Meteo ERA5-Ocean,NOAA CO-OPS 8729678 Navarre Beach predictions,2026-08-08T15:57:33.641686-05:00
2024-05-25,86.1,76.4,0.039,8.9,19.9,221.0,2.165,190.0,4.45,,,,-0.374,1.808,2.182,finalized,Open-Meteo ERA5,Open-Meteo ERA5-Ocean,NOAA CO-OPS 8729678 Navarre Beach predictions,2026-08-08T15:57:33.641686-05:00
2024-05-26,87.0,74.5,0.008,13.2,25.3,200.0,3.084,190.0,4.3,,,,-0.356,1.854,2.21,finalized,Open-Meteo ERA5,Open-Meteo ERA5-Ocean,NOAA CO-OPS 8729678 Navarre Beach predictions,2026-08-08T15:57:33.641686-05:00
2024-05-27,87.7,76.9,0.154,12.5,25.9,222.0,3.74,201.0,4.8,,,,-0.271,1.854,2.125,finalized,Open-Meteo ERA5,Open-Meteo ERA5-Ocean,NOAA CO-OPS 8729678 Navarre Beach predictions,2026-08-08T15:57:33.641686-05:00
2024-05-28,92.8,73.7,0.0,6.9,14.5,318.0,2.756,202.0,5.4,,,,-0.107,1.784,1.891,finalized,Open-Meteo ERA5,Open-Meteo ERA5-Ocean,NOAA CO-OPS 8729678 Navarre Beach predictions,2026-08-08T15:57:33.641686-05:00
2024-05-29,90.5,73.4,0.0,7.8,15.7,26.0,1.837,174.0,4.75,,,,0.129,1.624,1.495,finalized,Open-Meteo ERA5,Open-Meteo ERA5-Ocean,NOAA CO-OPS 8729678 Navarre Beach predictions,2026-08-08T15:57:33.641686-05:00
2024-05-30,87.2,72.9,0.0,11.9,22.4,63.0,3.346,102.0,4.7,,,,0.389,1.371,0.982,finalized,Open-Meteo ERA5,Open-Meteo ERA5-Ocean,NOAA CO-OPS 8729678 Navarre Beach predictions,2026-08-08T15:57:33.641686-05:00
2024-05-31,89.2,71.2,0.181,14.0,25.7,111.0,3.543,114.0,4.4,,,,0.6,1.042,0.442,finalized,Open-Meteo ERA5,Open-Meteo ERA5-Ocean,NOAA CO-OPS 8729678 Navarre Beach predictions,2026-08-08T15:57:33.641686-05:00
2024-06-01,78.3,70.6,1.276,15.0,27.5,148.0,4.724,142.0,5.25,,,,0.627,1.119,0.492,finalized,Open-Meteo ERA5,Open-Meteo ERA5-Ocean,NOAA CO-OPS 8729678 Navarre Beach predictions,2026-08-08T15:57:33.641686-05:00
2024-06-02,81.8,71.3,0.102,7.9,18.1,146.0,3.084,152.0,5.6,,,,0.256,1.34,1.084,finalized,Open-Meteo ERA5,Open-Meteo ERA5-Ocean,NOAA CO-OPS 8729678 Navarre Beach predictions,2026-08-08T15:57:33.641686-05:00
2024-06-03,83.0,73.4,0.142,9.9,18.8,164.0,1.837,152.0,5.0,,,,-0.077,1.579,1.656,finalized,Open-Meteo ERA5,Open-Meteo ERA5-Ocean,NOAA CO-OPS 8729678 Navarre Beach predictions,2026-08-08T15:57:33.641686-05:00
2024-06-04,86.2,73.6,0.008,10.9,21.5,173.0,2.034,159.0,3.85,,,,-0.332,1.772,2.104,finalized,Open-Meteo ERA5,Open-Meteo ERA5-Ocean,NOAA CO-OPS 8729678 Navarre Beach predictions,2026-08-08T15:57:33.641686-05:00
2024-06-05,86.3,75.8,0.02,11.1,22.1,195.0,2.493,174.0,3.95,,,,-0.493,1.882,2.375,finalized,Open-Meteo ERA5,Open-Meteo ERA5-Ocean,NOAA CO-OPS 8729678 Navarre Beach predictions,2026-08-08T15:57:33.641686-05:00
2024-06-06,85.9,78.3,0.142,9.4,20.6,215.0,2.559,190.0,4.1,,,,-0.56,1.909,2.4690000000000003,finalized,Open-Meteo ERA5,Open-Meteo ERA5-Ocean,NOAA CO-OPS 8729678 Navarre Beach predictions,2026-08-08T15:57:33.641686-05:00
2024-06-07,92.2,75.9,0.0,7.4,16.3,284.0,1.575,206.0,4.1,,,,-0.547,1.873,2.42,finalized,Open-Meteo ERA5,Open-Meteo ERA5-Ocean,NOAA CO-OPS 8729678 Navarre Beach predictions,2026-08-08T15:57:33.641686-05:00
2024-06-08,88.8,70.3,0.0,7.4,12.5,346.0,1.312,133.0,3.4,,,,-0.468,1.798,2.266,finalized,Open-Meteo ERA5,Open-Meteo ERA5-Ocean,NOAA CO-OPS 8729678 Navarre Beach predictions,2026-08-08T15:57:33.641686-05:00
2024-06-09,89.1,69.4,0.0,8.5,18.8,249.0,1.115,206.0,3.3,,,,-0.336,1.7,2.036,finalized,Open-Meteo ERA5,Open-Meteo ERA5-Ocean,NOAA CO-OPS 8729678 Navarre Beach predictions,2026-08-08T15:57:33.641686-05:00
2024-06-10,89.5,77.0,0.031,10.2,21.3,249.0,1.64,233.0,3.6,,,,-0.159,1.587,1.746,finalized,Open-Meteo ERA5,Open-Meteo ERA5-Ocean,NOAA CO-OPS 8729678 Navarre Beach predictions,2026-08-08T15:57:33.641686-05:00
2024-06-11,90.6,74.2,0.0,9.1,14.8,18.0,1.575,153.0,4.25,,,,0.046,1.453,1.407,finalized,Open-Meteo ERA5,Open-Meteo ERA5-Ocean,NOAA CO-OPS 8729678 Navarre Beach predictions,2026-08-08T15:57:33.641686-05:00
2024-06-12,90.4,71.7,0.0,7.3,12.8,2.0,2.1,102.0,5.2,,,,0.255,1.293,1.0379999999999998,finalized,Open-Meteo ERA5,Open-Meteo ERA5-Ocean,NOAA CO-OPS 8729678 Navarre Beach predictions,2026-08-08T15:57:33.641686-05:00
2024-06-13,92.1,72.5,0.0,6.0,13.0,6.0,1.575,149.0,5.1,,,,0.441,1.103,0.6619999999999999,finalized,Open-Meteo ERA5,Open-Meteo ERA5-Ocean,NOAA CO-OPS 8729678 Navarre Beach predictions,2026-08-08T15:57:33.641686-05:00
2024-06-14,92.4,75.1,0.0,7.4,15.7,62.0,1.772,138.0,5.05,,,,0.582,0.887,0.305,finalized,Open-Meteo ERA5,Open-Meteo ERA5-Ocean,NOAA CO-OPS 8729678 Navarre Beach predictions,2026-08-08T15:57:33.641686-05:00
2024-06-15,92.2,74.0,0.0,9.1,19.5,116.0,1.706,133.0,4.45,,,,0.591,0.992,0.401,finalized,Open-Meteo ERA5,Open-Meteo ERA5-Ocean,NOAA CO-OPS 8729678 Navarre Beach predictions,2026-08-08T15:57:33.641686-05:00
2024-06-16,85.9,77.7,0.335,11.3,22.8,143.0,3.675,158.0,5.7,,,,0.393,1.177,0.784,finalized,Open-Meteo ERA5,Open-Meteo ERA5-Ocean,NOAA CO-OPS 8729678 Navarre Beach predictions,2026-08-08T15:57:33.641686-05:00
2024-06-17,85.3,76.2,0.461,11.6,25.3,99.0,4.396,139.0,5.6,,,,0.171,1.355,1.184,finalized,Open-Meteo ERA5,Open-Meteo ERA5-Ocean,NOAA CO-OPS 8729678 Navarre Beach predictions,2026-08-08T15:57:33.641686-05:00
2024-06-18,89.6,76.3,0.024,14.5,27.5,98.0,7.087,132.0,7.25,,,,-0.031,1.502,1.533,finalized,Open-Meteo ERA5,Open-Meteo ERA5-Ocean,NOAA CO-OPS 8729678 Navarre Beach predictions,2026-08-08T15:57:33.641686-05:00
2024-06-19,86.3,78.3,0.067,17.5,34.2,89.0,8.136,125.0,6.9,,,,-0.201,1.619,1.82,finalized,Open-Meteo ERA5,Open-Meteo ERA5-Ocean,NOAA CO-OPS 8729678 Navarre Beach predictions,2026-08-08T15:57:33.641686-05:00
2024-06-20,86.3,74.2,0.067,13.3,25.7,82.0,5.971,122.0,6.45,,,,-0.333,1.717,2.0500000000000003,finalized,Open-Meteo ERA5,Open-Meteo ERA5-Ocean,NOAA CO-OPS 8729678 Navarre Beach predictions,2026-08-08T15:57:33.641686-05:00
2024-06-21,91.7,74.4,0.0,10.8,19.7,75.0,3.346,129.0,6.1,,,,-0.421,1.8,2.221,finalized,Open-Meteo ERA5,Open-Meteo ERA5-Ocean,NOAA CO-OPS 8729678 Navarre Beach predictions,2026-08-08T15:57:33.641686-05:00
2024-06-22,91.8,71.1,0.0,8.2,17.4,238.0,2.297,153.0,6.4,,,,-0.453,1.866,2.319,finalized,Open-Meteo ERA5,Open-Meteo ERA5-Ocean,NOAA CO-OPS 8729678 Navarre Beach predictions,2026-08-08T15:57:33.641686-05:00
2024-06-23,91.2,75.1,0.012,8.7,16.3,246.0,2.231,175.0,6.2,,,,-0.415,1.899,2.314,finalized,Open-Meteo ERA5,Open-Meteo ERA5-Ocean,NOAA CO-OPS 8729678 Navarre Beach predictions,2026-08-08T15:57:33.641686-05:00
2024-06-24,91.0,79.6,0.008,9.4,21.7,255.0,2.297,199.0,4.65,,,,-0.293,1.877,2.17,finalized,Open-Meteo ERA5,Open-Meteo ERA5-Ocean,NOAA CO-OPS 8729678 Navarre Beach predictions,2026-08-08T15:57:33.641686-05:00
2024-06-25,93.4,77.5,0.035,9.3,19.0,249.0,1.64,219.0,4.3,,,,-0.083,1.774,1.857,finalized,Open-Meteo ERA5,Open-Meteo ERA5-Ocean,NOAA CO-OPS 8729678 Navarre Beach predictions,2026-08-08T15:57:33.641686-05:00
2024-06-26,90.2,80.9,0.071,13.0,24.8,239.0,2.887,238.0,3.8,,,,0.19,1.578,1.388,finalized,Open-Meteo ERA5,Open-Meteo ERA5-Ocean,NOAA CO-OPS 8729678 Navarre Beach predictions,2026-08-08T15:57:33.641686-05:00
2024-06-27,85.0,77.7,0.366,11.3,24.2,229.0,3.871,241.0,4.65,,,,0.437,1.297,0.8599999999999999,finalized,Open-Meteo ERA5,Open-Meteo ERA5-Ocean,NOAA CO-OPS 8729678 Navarre Beach predictions,2026-08-08T15:57:33.641686-05:00
2024-06-28,89.6,78.1,0.232,11.7,22.1,214.0,3.084,223.0,4.4,,,,0.6,0.969,0.369,finalized,Open-Meteo ERA5,Open-Meteo ERA5-Ocean,NOAA CO-OPS 8729678 Navarre Beach predictions,2026-08-08T15:57:33.641686-05:00
2024-06-29,89.9,79.6,0.37,9.3,20.6,222.0,2.756,200.0,4.75,,,,0.502,1.165,0.663,finalized,Open-Meteo ERA5,Open-Meteo ERA5-Ocean,NOAA CO-OPS 8729678 Navarre Beach predictions,2026-08-08T15:57:33.641686-05:00
2024-06-30,89.3,78.6,0.74,11.4,19.2,283.0,2.887,190.0,6.15,,,,0.15,1.416,1.266,finalized,Open-Meteo ERA5,Open-Meteo ERA5-Ocean,NOAA CO-OPS 8729678 Navarre Beach predictions,2026-08-08T15:57:33.641686-05:00
2024-07-01,95.0,76.9,0.016,7.8,17.4,331.0,2.559,209.0,5.05,,,,-0.15,1.643,1.793,finalized,Open-Meteo ERA5,Open-Meteo ERA5-Ocean,NOAA CO-OPS 8729678 Navarre Beach predictions,2026-08-08T15:57:33.641686-05:00
2024-07-02,88.8,81.2,0.189,9.8,20.8,131.0,1.312,160.0,4.85,,,,-0.368,1.8,2.168,finalized,Open-Meteo ERA5,Open-Meteo ERA5-Ocean,NOAA CO-OPS 8729678 Navarre Beach predictions,2026-08-08T15:57:33.641686-05:00
2024-07-03,87.7,79.8,0.319,6.5,15.2,174.0,1.64,173.0,3.55,,,,-0.498,1.873,2.371,finalized,Open-Meteo ERA5,Open-Meteo ERA5-Ocean,NOAA CO-OPS 8729678 Navarre Beach predictions,2026-08-08T15:57:33.641686-05:00
2024-07-04,90.2,79.2,0.091,7.0,14.8,227.0,1.115,199.0,3.45,,,,-0.546,1.876,2.422,finalized,Open-Meteo ERA5,Open-Meteo ERA5-Ocean,NOAA CO-OPS 8729678 Navarre Beach predictions,2026-08-08T15:57:33.641686-05:00
2024-07-05,89.4,78.8,0.343,7.4,14.5,244.0,1.378,211.0,3.95,,,,-0.523,1.833,2.356,finalized,Open-Meteo ERA5,Open-Meteo ERA5-Ocean,NOAA CO-OPS 8729678 Navarre Beach predictions,2026-08-08T15:57:33.641686-05:00
2024-07-06,89.9,76.7,0.193,8.2,17.7,258.0,1.64,208.0,5.3,,,,-0.44,1.763,2.203,finalized,Open-Meteo ERA5,Open-Meteo ERA5-Ocean,NOAA CO-OPS 8729678 Navarre Beach predictions,2026-08-08T15:57:33.641686-05:00
2024-07-07,91.0,80.3,0.138,8.8,18.8,226.0,1.575,180.0,5.55,,,,-0.306,1.676,1.982,finalized,Open-Meteo ERA5,Open-Meteo ERA5-Ocean,NOAA CO-OPS 8729678 Navarre Beach predictions,2026-08-08T15:57:33.641686-05:00
2024-07-08,91.3,79.3,0.098,9.8,19.9,174.0,2.625,187.0,5.45,,,,-0.127,1.571,1.698,finalized,Open-Meteo ERA5,Open-Meteo ERA5-Ocean,NOAA CO-OPS 8729678 Navarre Beach predictions,2026-08-08T15:57:33.641686-05:00
2024-07-09,89.4,81.7,0.165,12.2,25.9,221.0,3.806,209.0,4.75,,,,0.081,1.444,1.363,finalized,Open-Meteo ERA5,Open-Meteo ERA5-Ocean,NOAA CO-OPS 8729678 Navarre Beach predictions,2026-08-08T15:57:33.641686-05:00
2024-07-10,86.8,79.3,0.461,7.4,16.1,269.0,3.478,226.0,4.65,,,,0.283,1.289,1.006,finalized,Open-Meteo ERA5,Open-Meteo ERA5-Ocean,NOAA CO-OPS 8729678 Navarre Beach predictions,2026-08-08T15:57:33.641686-05:00
2024-07-11,90.6,75.9,0.0,7.3,13.0,291.0,1.837,183.0,5.25,,,,0.456,1.105,0.649,finalized,Open-Meteo ERA5,Open-Meteo ERA5-Ocean,NOAA CO-OPS 8729678 Navarre Beach predictions,2026-08-08T15:57:33.641686-05:00
2024-07-12,91.6,77.2,0.012,8.8,14.1,277.0,1.378,194.0,4.6,,,,0.575,0.899,0.324,finalized,Open-Meteo ERA5,Open-Meteo ERA5-Ocean,NOAA CO-OPS 8729678 Navarre Beach predictions,2026-08-08T15:57:33.641686-05:00
2024-07-13,91.3,77.5,0.248,7.7,17.0,247.0,1.247,212.0,3.75,,,,0.582,0.958,0.376,finalized,Open-Meteo ERA5,Open-Meteo ERA5-Ocean,NOAA CO-OPS 8729678 Navarre Beach predictions,2026-08-08T15:57:33.641686-05:00
2024-07-14,92.2,78.6,0.154,6.7,13.9,237.0,1.181,212.0,3.65,,,,0.422,1.159,0.7370000000000001,finalized,Open-Meteo ERA5,Open-Meteo ERA5-Ocean,NOAA CO-OPS 8729678 Navarre Beach predictions,2026-08-08T15:57:33.641686-05:00
2024-07-15,90.1,76.4,0.217,7.3,14.5,242.0,1.378,195.0,3.75,,,,0.216,1.338,1.122,finalized,Open-Meteo ERA5,Open-Meteo ERA5-Ocean,NOAA CO-OPS 8729678 Navarre Beach predictions,2026-08-08T15:57:33.641686-05:00
2024-07-16,90.2,76.8,0.193,8.4,14.5,227.0,1.378,191.0,3.85,,,,0.024,1.487,1.463,finalized,Open-Meteo ERA5,Open-Meteo ERA5-Ocean,NOAA CO-OPS 8729678 Navarre Beach predictions,2026-08-08T15:57:33.641686-05:00
2024-07-17,89.4,78.5,0.323,8.6,16.3,229.0,1.903,191.0,3.65,,,,-0.144,1.612,1.756,finalized,Open-Meteo ERA5,Open-Meteo ERA5-Ocean,NOAA CO-OPS 8729678 Navarre Beach predictions,2026-08-08T15:57:33.641686-05:00
2024-07-18,87.3,76.8,0.142,8.9,19.2,203.0,1.64,177.0,3.6,,,,-0.277,1.72,1.997,finalized,Open-Meteo ERA5,Open-Meteo ERA5-Ocean,NOAA CO-OPS 8729678 Navarre Beach predictions,2026-08-08T15:57:33.641686-05:00
2024-07-19,84.2,77.4,0.417,9.0,19.9,198.0,1.706,190.0,3.7,,,,-0.364,1.814,2.178,finalized,Open-Meteo ERA5,Open-Meteo ERA5-Ocean,NOAA CO-OPS 8729678 Navarre Beach predictions,2026-08-08T15:57:33.641686-05:00
2024-07-20,84.1,79.6,0.705,7.8,16.3,200.0,2.231,190.0,3.75,,,,-0.388,1.884,2.272,finalized,Open-Meteo ERA5,Open-Meteo ERA5-Ocean,NOAA CO-OPS 8729678 Navarre Beach predictions,2026-08-08T15:57:33.641686-05:00
2024-07-21,83.3,77.2,0.315,7.8,16.3,223.0,1.575,207.0,3.55,,,,-0.329,1.909,2.238,finalized,Open-Meteo ERA5,Open-Meteo ERA5-Ocean,NOAA CO-OPS 8729678 Navarre Beach predictions,2026-08-08T15:57:33.641686-05:00
2024-07-22,86.8,75.8,0.008,6.3,16.8,229.0,1.181,202.0,3.8,,,,-0.174,1.862,2.036,finalized,Open-Meteo ERA5,Open-Meteo ERA5-Ocean,NOAA CO-OPS 8729678 Navarre Beach predictions,2026-08-08T15:57:33.641686-05:00
2024-07-23,88.9,79.2,0.205,7.2,19.7,183.0,1.247,158.0,3.95,,,,0.073,1.724,1.651,finalized,Open-Meteo ERA5,Open-Meteo ERA5-Ocean,NOAA CO-OPS 8729678 Navarre Beach predictions,2026-08-08T15:57:33.641686-05:00
2024-07-24,87.4,77.6,0.827,7.3,15.9,168.0,1.444,161.0,3.75,,,,0.359,1.49,1.131,finalized,Open-Meteo ERA5,Open-Meteo ERA5-Ocean,NOAA CO-OPS 8729678 Navarre Beach predictions,2026-08-08T15:57:33.641686-05:00
2024-07-25,89.0,77.0,0.661,5.2,16.1,229.0,1.378,161.0,4.2,,,,0.569,1.181,0.6120000000000001,finalized,Open-Meteo ERA5,Open-Meteo ERA5-Ocean,NOAA CO-OPS 8729678 Navarre Beach predictions,2026-08-08T15:57:33.641686-05:00
2024-07-26,89.6,75.5,0.547,6.2,14.5,116.0,1.312,145.0,4.35,,,,0.675,0.942,0.2669999999999999,finalized,Open-Meteo ERA5,Open-Meteo ERA5-Ocean,NOAA CO-OPS 8729678 Navarre Beach predictions,2026-08-08T15:57:33.641686-05:00
2024-07-27,85.9,76.8,0.634,5.5,13.2,169.0,1.312,163.0,3.95,,,,0.451,1.211,0.76,finalized,Open-Meteo ERA5,Open-Meteo ERA5-Ocean,NOAA CO-OPS 8729678 Navarre Beach predictions,2026-08-08T15:57:33.641686-05:00
2024-07-28,90.1,78.0,0.15,6.0,14.5,147.0,1.115,172.0,3.55,,,,0.133,1.476,1.343,finalized,Open-Meteo ERA5,Open-Meteo ERA5-Ocean,NOAA CO-OPS 8729678 Navarre Beach predictions,2026-08-08T15:57:33.641686-05:00
2024-07-29,89.1,78.5,0.122,5.4,15.2,238.0,0.919,191.0,3.5,,,,-0.114,1.681,1.7950000000000002,finalized,Open-Meteo ERA5,Open-Meteo ERA5-Ocean,NOAA CO-OPS 8729678 Navarre Beach predictions,2026-08-08T15:57:33.641686-05:00
2024-07-30,92.2,80.5,0.075,8.1,17.0,257.0,1.772,240.0,3.7,,,,-0.278,1.8,2.0780000000000003,finalized,Open-Meteo ERA5,Open-Meteo ERA5-Ocean,NOAA CO-OPS 8729678 Navarre Beach predictions,2026-08-08T15:57:33.641686-05:00
2024-07-31,91.5,79.7,0.134,7.9,13.9,220.0,1.05,219.0,3.55,,,,-0.362,1.843,2.205,finalized,Open-Meteo ERA5,Open-Meteo ERA5-Ocean,NOAA CO-OPS 8729678 Navarre Beach predictions,2026-08-08T15:57:33.641686-05:00
2024-08-01,92.7,78.7,0.055,6.2,14.5,225.0,0.919,188.0,3.25,,,,-0.375,1.832,2.207,finalized,Open-Meteo ERA5,Open-Meteo ERA5-Ocean,NOAA CO-OPS 8729678 Navarre Beach predictions,2026-08-08T15:57:33.641686-05:00
2024-08-02,89.6,81.4,0.102,7.0,14.8,248.0,1.181,194.0,3.5,,,,-0.329,1.789,2.118,finalized,Open-Meteo ERA5,Open-Meteo ERA5-Ocean,NOAA CO-OPS 8729678 Navarre Beach predictions,2026-08-08T15:57:33.641686-05:00
2024-08-03,90.7,76.7,0.654,7.4,15.4,211.0,1.312,211.0,3.4,,,,-0.233,1.726,1.959,finalized,Open-Meteo ERA5,Open-Meteo ERA5-Ocean,NOAA CO-OPS 8729678 Navarre Beach predictions,2026-08-08T15:57:33.641686-05:00
2024-08-04,92.7,78.5,0.161,10.5,25.9,66.0,4.724,114.0,5.75,,,,-0.091,1.645,1.736,finalized,Open-Meteo ERA5,Open-Meteo ERA5-Ocean,NOAA CO-OPS 8729678 Navarre Beach predictions,2026-08-08T15:57:33.641686-05:00
2024-08-05,94.9,77.5,0.0,12.6,27.3,360.0,4.528,58.0,5.75,,,,0.091,1.543,1.452,finalized,Open-Meteo ERA5,Open-Meteo ERA5-Ocean,NOAA CO-OPS 8729678 Navarre Beach predictions,2026-08-08T15:57:33.641686-05:00
2024-08-06,96.7,76.6,0.0,9.2,20.6,314.0,2.69,295.0,4.55,,,,0.295,1.417,1.122,finalized,Open-Meteo ERA5,Open-Meteo ERA5-Ocean,NOAA CO-OPS 8729678 Navarre Beach predictions,2026-08-08T15:57:33.641686-05:00
2024-08-07,96.8,78.7,0.0,9.4,17.9,312.0,2.822,273.0,4.05,,,,0.464,1.266,0.802,finalized,Open-Meteo ERA5,Open-Meteo ERA5-Ocean,NOAA CO-OPS 8729678 Navarre Beach predictions,2026-08-08T15:57:33.641686-05:00
2024-08-08,93.5,78.3,0.016,12.9,25.3,282.0,2.887,263.0,4.0,,,,0.605,1.092,0.4870000000000001,finalized,Open-Meteo ERA5,Open-Meteo ERA5-Ocean,NOAA CO-OPS 8729678 Navarre Beach predictions,2026-08-08T15:57:33.641686-05:00
2024-08-09,91.9,72.4,0.012,6.1,11.9,289.0,2.428,263.0,4.15,,,,0.695,0.904,0.209,finalized,Open-Meteo ERA5,Open-Meteo ERA5-Ocean,NOAA CO-OPS 8729678 Navarre Beach predictions,2026-08-08T15:57:33.641686-05:00
2024-08-10,92.2,78.7,0.02,6.5,12.5,300.0,1.115,260.0,3.25,,,,0.696,1.024,0.328,finalized,Open-Meteo ERA5,Open-Meteo ERA5-Ocean,NOAA CO-OPS 8729678 Navarre Beach predictions,2026-08-08T15:57:33.641686-05:00
2024-08-11,92.9,76.9,0.0,7.6,14.8,304.0,1.378,211.0,3.95,,,,0.521,1.215,0.6940000000000001,finalized,Open-Meteo ERA5,Open-Meteo ERA5-Ocean,NOAA CO-OPS 8729678 Navarre Beach predictions,2026-08-08T15:57:33.641686-05:00
2024-08-12,94.6,74.6,0.0,7.1,17.9,257.0,1.312,201.0,4.15,,,,0.343,1.378,1.035,finalized,Open-Meteo ERA5,Open-Meteo ERA5-Ocean,NOAA CO-OPS 8729678 Navarre Beach predictions,2026-08-08T15:57:33.641686-05:00
2024-08-13,95.3,78.3,0.004,6.8,14.8,297.0,1.181,223.0,3.5,,,,0.18,1.516,1.336,finalized,Open-Meteo ERA5,Open-Meteo ERA5-Ocean,NOAA CO-OPS 8729678 Navarre Beach predictions,2026-08-08T15:57:33.641686-05:00
2024-08-14,95.8,77.3,0.256,7.4,16.6,306.0,1.181,274.0,3.15,,,,0.037,1.636,1.599,finalized,Open-Meteo ERA5,Open-Meteo ERA5-Ocean,NOAA CO-OPS 8729678 Navarre Beach predictions,2026-08-08T15:57:33.641686-05:00
2024-08-15,92.2,78.2,0.028,6.7,15.0,95.0,0.984,89.0,3.25,,,,-0.076,1.747,1.823,finalized,Open-Meteo ERA5,Open-Meteo ERA5-Ocean,NOAA CO-OPS 8729678 Navarre Beach predictions,2026-08-08T15:57:33.641686-05:00
2024-08-16,90.6,78.6,0.028,7.7,17.0,143.0,2.1,123.0,4.15,,,,-0.141,1.846,1.987,finalized,Open-Meteo ERA5,Open-Meteo ERA5-Ocean,NOAA CO-OPS 8729678 Navarre Beach predictions,2026-08-08T15:57:33.641686-05:00
2024-08-17,91.3,77.5,0.012,8.3,19.0,214.0,1.772,133.0,4.15,,,,-0.138,1.915,2.053,finalized,Open-Meteo ERA5,Open-Meteo ERA5-Ocean,NOAA CO-OPS 8729678 Navarre Beach predictions,2026-08-08T15:57:33.641686-05:00
2024-08-18,93.9,74.8,0.016,11.1,20.8,252.0,2.231,206.0,3.85,,,,-0.046,1.927,1.973,finalized,Open-Meteo ERA5,Open-Meteo ERA5-Ocean,NOAA CO-OPS 8729678 Navarre Beach predictions,2026-08-08T15:57:33.641686-05:00
2024-08-19,94.9,79.3,0.0,10.9,19.0,303.0,3.346,260.0,4.1,,,,0.143,1.856,1.713,finalized,Open-Meteo ERA5,Open-Meteo ERA5-Ocean,NOAA CO-OPS 8729678 Navarre Beach predictions,2026-08-08T15:57:33.641686-05:00
2024-08-20,92.6,73.3,0.0,8.2,16.3,356.0,1.772,355.0,3.25,,,,0.419,1.69,1.271,finalized,Open-Meteo ERA5,Open-Meteo ERA5-Ocean,NOAA CO-OPS 8729678 Navarre Beach predictions,2026-08-08T15:57:33.641686-05:00
2024-08-21,92.4,70.8,0.0,6.8,13.4,1.0,1.312,14.0,2.85,,,,0.667,1.44,0.7729999999999999,finalized,Open-Meteo ERA5,Open-Meteo ERA5-Ocean,NOAA CO-OPS 8729678 Navarre Beach predictions,2026-08-08T15:57:33.641686-05:00
2024-08-22,88.7,73.6,0.543,9.3,20.8,77.0,2.559,48.0,3.3,,,,0.657,1.146,0.4889999999999999,finalized,Open-Meteo ERA5,Open-Meteo ERA5-Ocean,NOAA CO-OPS 8729678 Navarre Beach predictions,2026-08-08T15:57:33.641686-05:00
2024-08-23,89.3,73.9,0.008,13.5,25.7,63.0,4.462,87.0,4.7,,,,0.607,1.126,0.5189999999999999,finalized,Open-Meteo ERA5,Open-Meteo ERA5-Ocean,NOAA CO-OPS 8729678 Navarre Beach predictions,2026-08-08T15:57:33.641686-05:00
2024-08-24,88.4,74.0,0.0,11.2,22.6,77.0,3.609,99.0,4.3,,,,0.424,1.425,1.001,finalized,Open-Meteo ERA5,Open-Meteo ERA5-Ocean,NOAA CO-OPS 8729678 Navarre Beach predictions,2026-08-08T15:57:33.641686-05:00
2024-08-25,91.6,76.9,0.0,10.5,21.9,81.0,2.822,101.0,4.1,,,,0.17,1.662,1.492,finalized,Open-Meteo ERA5,Open-Meteo ERA5-Ocean,NOAA CO-OPS 8729678 Navarre Beach predictions,2026-08-08T15:57:33.641686-05:00
2024-08-26,91.7,76.0,0.004,8.0,18.6,62.0,1.772,100.0,3.9,,,,-0.006,1.808,1.814,finalized,Open-Meteo ERA5,Open-Meteo ERA5-Ocean,NOAA CO-OPS 8729678 Navarre Beach predictions,2026-08-08T15:57:33.641686-05:00
2024-08-27,89.5,77.8,0.185,6.8,20.1,103.0,1.64,113.0,3.65,,,,-0.101,1.867,1.968,finalized,Open-Meteo ERA5,Open-Meteo ERA5-Ocean,NOAA CO-OPS 8729678 Navarre Beach predictions,2026-08-08T15:57:33.641686-05:00
2024-08-28,90.1,77.9,0.173,8.4,16.3,132.0,1.837,130.0,3.85,,,,-0.124,1.864,1.988,finalized,Open-Meteo ERA5,Open-Meteo ERA5-Ocean,NOAA CO-OPS 8729678 Navarre Beach predictions,2026-08-08T15:57:33.641686-05:00
2024-08-29,89.9,78.1,0.287,9.3,23.3,116.0,2.953,132.0,4.75,,,,-0.088,1.826,1.914,finalized,Open-Meteo ERA5,Open-Meteo ERA5-Ocean,NOAA CO-OPS 8729678 Navarre Beach predictions,2026-08-08T15:57:33.641686-05:00
2024-08-30,87.4,77.4,0.276,10.5,21.9,120.0,3.018,137.0,4.85,,,,-0.003,1.775,1.7779999999999998,finalized,Open-Meteo ERA5,Open-Meteo ERA5-Ocean,NOAA CO-OPS 8729678 Navarre Beach predictions,2026-08-08T15:57:33.641686-05:00
2024-08-31,90.5,77.7,0.055,7.2,21.3,103.0,2.822,136.0,5.5,,,,0.123,1.712,1.589,finalized,Open-Meteo ERA5,Open-Meteo ERA5-Ocean,NOAA CO-OPS 8729678 Navarre Beach predictions,2026-08-08T15:57:33.641686-05:00
2024-09-01,92.0,76.1,0.0,6.5,14.5,104.0,2.493,137.0,5.5,,,,0.285,1.628,1.343,finalized,Open-Meteo ERA5,Open-Meteo ERA5-Ocean,NOAA CO-OPS 8729678 Navarre Beach predictions,2026-08-08T15:57:33.641686-05:00
2024-09-02,95.6,75.1,0.004,5.5,11.9,302.0,1.312,131.0,4.3,,,,0.474,1.519,1.045,finalized,Open-Meteo ERA5,Open-Meteo ERA5-Ocean,NOAA CO-OPS 8729678 Navarre Beach predictions,2026-08-08T15:57:33.641686-05:00
2024-09-03,90.2,78.0,0.516,11.1,22.8,83.0,3.478,117.0,4.25,,,,0.631,1.386,0.7549999999999999,finalized,Open-Meteo ERA5,Open-Meteo ERA5-Ocean,NOAA CO-OPS 8729678 Navarre Beach predictions,2026-08-08T15:57:33.641686-05:00
2024-09-04,85.0,76.3,0.205,14.1,27.3,79.0,6.562,100.0,5.35,,,,0.668,1.236,0.568,finalized,Open-Meteo ERA5,Open-Meteo ERA5-Ocean,NOAA CO-OPS 8729678 Navarre Beach predictions,2026-08-08T15:57:33.641686-05:00
2024-09-05,84.8,77.1,0.476,10.8,24.6,68.0,4.79,100.0,4.85,,,,0.661,1.098,0.437,finalized,Open-Meteo ERA5,Open-Meteo ERA5-Ocean,NOAA CO-OPS 8729678 Navarre Beach predictions,2026-08-08T15:57:33.641686-05:00
2024-09-06,78.9,75.3,1.937,10.6,18.8,66.0,3.15,110.0,4.3,,,,0.639,1.279,0.6399999999999999,finalized,Open-Meteo ERA5,Open-Meteo ERA5-Ocean,NOAA CO-OPS 8729678 Navarre Beach predictions,2026-08-08T15:57:33.641686-05:00
2024-09-07,79.2,73.4,0.606,7.8,19.0,43.0,1.969,129.0,4.65,,,,0.604,1.433,0.8290000000000001,finalized,Open-Meteo ERA5,Open-Meteo ERA5-Ocean,NOAA CO-OPS 8729678 Navarre Beach predictions,2026-08-08T15:57:33.641686-05:00
2024-09-08,78.4,72.5,1.39,8.3,17.9,52.0,1.837,121.0,4.0,,,,0.547,0.547,0.0,finalized,Open-Meteo ERA5,Open-Meteo ERA5-Ocean,NOAA CO-OPS 8729678 Navarre Beach predictions,2026-08-08T15:57:33.641686-05:00
2024-09-09,81.3,74.4,0.02,10.6,21.7,61.0,3.281,110.0,3.9,,,,0.434,1.559,1.125,finalized,Open-Meteo ERA5,Open-Meteo ERA5-Ocean,NOAA CO-OPS 8729678 Navarre Beach predictions,2026-08-08T15:57:33.641686-05:00
2024-09-10,80.1,73.9,0.469,11.8,21.5,76.0,4.462,102.0,4.75,,,,0.322,1.661,1.339,finalized,Open-Meteo ERA5,Open-Meteo ERA5-Ocean,NOAA CO-OPS 8729678 Navarre Beach predictions,2026-08-08T15:57:33.641686-05:00
2024-09-11,76.9,72.7,1.067,18.7,27.7,67.0,7.612,104.0,5.95,,,,0.224,1.749,1.525,finalized,Open-Meteo ERA5,Open-Meteo ERA5-Ocean,NOAA CO-OPS 8729678 Navarre Beach predictions,2026-08-08T15:57:33.641686-05:00
2024-09-12,85.6,75.4,2.362,16.6,32.4,169.0,8.99,187.0,7.0,,,,0.154,1.829,1.675,finalized,Open-Meteo ERA5,Open-Meteo ERA5-Ocean,NOAA CO-OPS 8729678 Navarre Beach predictions,2026-08-08T15:57:33.641686-05:00
2024-09-13,84.4,77.3,0.209,6.0,16.8,178.0,3.478,207.0,5.9,,,,0.133,1.898,1.765,finalized,Open-Meteo ERA5,Open-Meteo ERA5-Ocean,NOAA CO-OPS 8729678 Navarre Beach predictions,2026-08-08T15:57:33.641686-05:00
2024-09-14,86.8,75.2,0.016,6.9,15.7,303.0,1.837,227.0,4.15,,,,0.184,1.935,1.751,finalized,Open-Meteo ERA5,Open-Meteo ERA5-Ocean,NOAA CO-OPS 8729678 Navarre Beach predictions,2026-08-08T15:57:33.641686-05:00
2024-09-15,80.9,74.7,0.343,8.1,18.3,109.0,1.181,199.0,3.55,,,,0.323,1.912,1.589,finalized,Open-Meteo ERA5,Open-Meteo ERA5-Ocean,NOAA CO-OPS 8729678 Navarre Beach predictions,2026-08-08T15:57:33.641686-05:00
2024-09-16,80.9,74.6,0.657,7.4,20.1,104.0,1.247,129.0,3.4,,,,0.551,1.809,1.258,finalized,Open-Meteo ERA5,Open-Meteo ERA5-Ocean,NOAA CO-OPS 8729678 Navarre Beach predictions,2026-08-08T15:57:33.641686-05:00
2024-09-17,84.3,73.8,0.504,7.8,17.4,177.0,1.115,151.0,3.2,,,,0.801,1.631,0.83,finalized,Open-Meteo ERA5,Open-Meteo ERA5-Ocean,NOAA CO-OPS 8729678 Navarre Beach predictions,2026-08-08T15:57:33.641686-05:00
2024-09-18,87.0,71.6,0.039,6.0,17.4,252.0,0.787,239.0,2.8,,,,0.723,1.404,0.6809999999999999,finalized,Open-Meteo ERA5,Open-Meteo ERA5-Ocean,NOAA CO-OPS 8729678 Navarre Beach predictions,2026-08-08T15:57:33.641686-05:00
2024-09-19,91.4,73.4,0.0,6.0,13.6,331.0,0.787,263.0,3.0,,,,0.583,1.517,0.934,finalized,Open-Meteo ERA5,Open-Meteo ERA5-Ocean,NOAA CO-OPS 8729678 Navarre Beach predictions,2026-08-08T15:57:33.641686-05:00
2024-09-20,90.9,70.2,0.0,4.5,10.7,33.0,0.853,32.0,3.2,,,,0.443,1.777,1.334,finalized,Open-Meteo ERA5,Open-Meteo ERA5-Ocean,NOAA CO-OPS 8729678 Navarre Beach predictions,2026-08-08T15:57:33.641686-05:00
2024-09-21,89.7,73.0,0.012,6.4,14.8,84.0,1.115,89.0,3.4,,,,0.305,1.946,1.641,finalized,Open-Meteo ERA5,Open-Meteo ERA5-Ocean,NOAA CO-OPS 8729678 Navarre Beach predictions,2026-08-08T15:57:33.641686-05:00
2024-09-22,90.6,73.0,0.0,5.5,13.9,353.0,1.181,117.0,4.0,,,,0.133,2.016,1.883,finalized,Open-Meteo ERA5,Open-Meteo ERA5-Ocean,NOAA CO-OPS 8729678 Navarre Beach predictions,2026-08-08T15:57:33.641686-05:00
2024-09-23,91.2,73.5,0.0,5.7,10.7,276.0,0.984,115.0,4.0,,,,0.036,0.036,0.0,finalized,Open-Meteo ERA5,Open-Meteo ERA5-Ocean,NOAA CO-OPS 8729678 Navarre Beach predictions,2026-08-08T15:57:33.641686-05:00
2024-09-24,87.6,71.1,0.063,6.4,16.3,126.0,1.312,125.0,4.2,,,,0.015,2.002,1.987,finalized,Open-Meteo ERA5,Open-Meteo ERA5-Ocean,NOAA CO-OPS 8729678 Navarre Beach predictions,2026-08-08T15:57:33.641686-05:00
2024-09-25,84.6,75.0,0.72,8.3,14.3,114.0,2.887,135.0,6.3,,,,0.058,1.933,1.875,finalized,Open-Meteo ERA5,Open-Meteo ERA5-Ocean,NOAA CO-OPS 8729678 Navarre Beach predictions,2026-08-08T15:57:33.641686-05:00
2024-09-26,75.2,71.7,1.685,19.8,34.2,11.0,11.417,124.0,9.35,,,,0.152,1.842,1.6900000000000002,finalized,Open-Meteo ERA5,Open-Meteo ERA5-Ocean,NOAA CO-OPS 8729678 Navarre Beach predictions,2026-08-08T15:57:33.641686-05:00
2024-09-27,81.9,67.8,0.0,16.1,30.4,262.0,10.827,233.0,9.4,,,,0.288,1.747,1.459,finalized,Open-Meteo ERA5,Open-Meteo ERA5-Ocean,NOAA CO-OPS 8729678 Navarre Beach predictions,2026-08-08T15:57:33.641686-05:00
2024-09-28,85.7,70.6,0.0,14.4,28.0,243.0,4.462,244.0,5.05,,,,0.456,1.653,1.197,finalized,Open-Meteo ERA5,Open-Meteo ERA5-Ocean,NOAA CO-OPS 8729678 Navarre Beach predictions,2026-08-08T15:57:33.641686-05:00
2024-09-29,86.7,73.7,0.0,12.0,23.7,239.0,3.346,241.0,4.4,,,,0.645,1.549,0.904,finalized,Open-Meteo ERA5,Open-Meteo ERA5-Ocean,NOAA CO-OPS 8729678 Navarre Beach predictions,2026-08-08T15:57:33.641686-05:00
2024-09-30,86.5,67.9,0.004,7.8,16.3,247.0,2.165,225.0,4.05,,,,0.793,1.429,0.636,finalized,Open-Meteo ERA5,Open-Meteo ERA5-Ocean,NOAA CO-OPS 8729678 Navarre Beach predictions,2026-08-08T15:57:33.641686-05:00
2024-10-01,88.6,71.8,0.0,6.8,16.3,360.0,1.05,168.0,3.5,,,,0.811,1.296,0.485,finalized,Open-Meteo ERA5,Open-Meteo ERA5-Ocean,NOAA CO-OPS 8729678 Navarre Beach predictions,2026-08-08T15:57:33.641686-05:00
2024-10-02,88.0,69.5,0.0,6.5,14.8,21.0,1.575,59.0,3.45,,,,0.723,1.257,0.5339999999999999,finalized,Open-Meteo ERA5,Open-Meteo ERA5-Ocean,NOAA CO-OPS 8729678 Navarre Beach predictions,2026-08-08T15:57:33.641686-05:00
2024-10-03,86.2,68.5,0.441,8.2,18.6,82.0,1.772,101.0,3.5,,,,0.626,1.424,0.7979999999999999,finalized,Open-Meteo ERA5,Open-Meteo ERA5-Ocean,NOAA CO-OPS 8729678 Navarre Beach predictions,2026-08-08T15:57:33.641686-05:00
2024-10-04,78.5,73.8,0.866,10.9,21.7,54.0,4.068,90.0,4.3,,,,0.533,1.563,1.0299999999999998,finalized,Open-Meteo ERA5,Open-Meteo ERA5-Ocean,NOAA CO-OPS 8729678 Navarre Beach predictions,2026-08-08T15:57:33.641686-05:00
2024-10-05,82.3,72.4,0.15,10.8,23.3,51.0,4.068,81.0,4.5,,,,0.455,1.677,1.222,finalized,Open-Meteo ERA5,Open-Meteo ERA5-Ocean,NOAA CO-OPS 8729678 Navarre Beach predictions,2026-08-08T15:57:33.641686-05:00
2024-10-06,81.9,73.3,0.114,13.4,24.2,55.0,4.593,87.0,4.55,,,,0.398,1.768,1.37,finalized,Open-Meteo ERA5,Open-Meteo ERA5-Ocean,NOAA CO-OPS 8729678 Navarre Beach predictions,2026-08-08T15:57:33.641686-05:00
2024-10-07,87.8,70.1,0.0,12.2,23.3,43.0,4.856,84.0,6.05,,,,0.349,1.84,1.491,finalized,Open-Meteo ERA5,Open-Meteo ERA5-Ocean,NOAA CO-OPS 8729678 Navarre Beach predictions,2026-08-08T15:57:33.641686-05:00
2024-10-08,88.0,66.1,0.0,9.5,15.9,20.0,3.215,80.0,6.15,,,,0.293,0.293,0.0,finalized,Open-Meteo ERA5,Open-Meteo ERA5-Ocean,NOAA CO-OPS 8729678 Navarre Beach predictions,2026-08-08T15:57:33.641686-05:00
2024-10-09,83.6,68.3,0.0,16.0,29.8,40.0,6.037,70.0,6.4,,,,0.247,1.895,1.648,finalized,Open-Meteo ERA5,Open-Meteo ERA5-Ocean,NOAA CO-OPS 8729678 Navarre Beach predictions,2026-08-08T15:57:33.641686-05:00
2024-10-10,83.2,62.9,0.0,9.9,20.6,21.0,5.446,58.0,6.5,,,,0.232,1.93,1.698,finalized,Open-Meteo ERA5,Open-Meteo ERA5-Ocean,NOAA CO-OPS 8729678 Navarre Beach predictions,2026-08-08T15:57:33.641686-05:00
2024-10-11,79.8,58.0,0.0,8.9,17.9,54.0,2.756,67.0,3.8,,,,0.268,1.936,1.668,finalized,Open-Meteo ERA5,Open-Meteo ERA5-Ocean,NOAA CO-OPS 8729678 Navarre Beach predictions,2026-08-08T15:57:33.641686-05:00
2024-10-12,79.7,54.5,0.0,6.6,11.6,67.0,2.428,85.0,4.1,,,,0.378,1.896,1.5179999999999998,finalized,Open-Meteo ERA5,Open-Meteo ERA5-Ocean,NOAA CO-OPS 8729678 Navarre Beach predictions,2026-08-08T15:57:33.641686-05:00
2024-10-13,82.0,54.4,0.0,6.9,11.6,270.0,1.115,121.0,4.1,,,,0.565,1.792,1.227,finalized,Open-Meteo ERA5,Open-Meteo ERA5-Ocean,NOAA CO-OPS 8729678 Navarre Beach predictions,2026-08-08T15:57:33.641686-05:00
2024-10-14,86.5,66.3,0.0,9.7,19.0,289.0,2.493,271.0,3.7,,,,0.799,1.625,0.826,finalized,Open-Meteo ERA5,Open-Meteo ERA5-Ocean,NOAA CO-OPS 8729678 Navarre Beach predictions,2026-08-08T15:57:33.641686-05:00
2024-10-15,75.1,59.8,0.0,8.4,12.8,30.0,2.165,31.0,3.2,,,,0.951,1.439,0.4880000000000001,finalized,Open-Meteo ERA5,Open-Meteo ERA5-Ocean,NOAA CO-OPS 8729678 Navarre Beach predictions,2026-08-08T15:57:33.641686-05:00
2024-10-16,67.9,52.4,0.0,16.4,29.1,19.0,7.612,28.0,5.35,,,,0.703,1.537,0.834,finalized,Open-Meteo ERA5,Open-Meteo ERA5-Ocean,NOAA CO-OPS 8729678 Navarre Beach predictions,2026-08-08T15:57:33.641686-05:00
2024-10-17,69.8,44.6,0.0,9.3,19.2,43.0,4.593,65.0,4.55,,,,0.443,1.818,1.375,finalized,Open-Meteo ERA5,Open-Meteo ERA5-Ocean,NOAA CO-OPS 8729678 Navarre Beach predictions,2026-08-08T15:57:33.641686-05:00
2024-10-18,74.2,48.7,0.0,10.6,21.9,59.0,4.068,92.0,4.95,,,,0.217,2.025,1.808,finalized,Open-Meteo ERA5,Open-Meteo ERA5-Ocean,NOAA CO-OPS 8729678 Navarre Beach predictions,2026-08-08T15:57:33.641686-05:00
2024-10-19,78.7,56.4,0.0,11.7,23.3,52.0,5.512,91.0,5.55,,,,0.045,2.134,2.089,finalized,Open-Meteo ERA5,Open-Meteo ERA5-Ocean,NOAA CO-OPS 8729678 Navarre Beach predictions,2026-08-08T15:57:33.641686-05:00
2024-10-20,80.0,56.0,0.0,9.1,18.3,41.0,4.003,81.0,4.85,,,,-0.072,2.146,2.218,finalized,Open-Meteo ERA5,Open-Meteo ERA5-Ocean,NOAA CO-OPS 8729678 Navarre Beach predictions,2026-08-08T15:57:33.641686-05:00
2024-10-21,80.9,53.0,0.0,8.7,18.8,45.0,3.15,73.0,4.2,,,,-0.109,2.08,2.189,finalized,Open-Meteo ERA5,Open-Meteo ERA5-Ocean,NOAA CO-OPS 8729678 Navarre Beach predictions,2026-08-08T15:57:33.641686-05:00
2024-10-22,82.2,58.0,0.0,8.6,17.2,59.0,2.756,86.0,4.6,,,,-0.072,-0.072,0.0,finalized,Open-Meteo ERA5,Open-Meteo ERA5-Ocean,NOAA CO-OPS 8729678 Navarre Beach predictions,2026-08-08T15:57:33.641686-05:00
2024-10-23,84.5,61.9,0.0,5.5,9.6,9.0,1.378,95.0,4.2,,,,0.026,1.964,1.938,finalized,Open-Meteo ERA5,Open-Meteo ERA5-Ocean,NOAA CO-OPS 8729678 Navarre Beach predictions,2026-08-08T15:57:33.641686-05:00
2024-10-24,85.9,58.4,0.0,5.4,10.3,299.0,1.115,316.0,3.2,,,,0.172,1.823,1.651,finalized,Open-Meteo ERA5,Open-Meteo ERA5-Ocean,NOAA CO-OPS 8729678 Navarre Beach predictions,2026-08-08T15:57:33.641686-05:00
2024-10-25,85.0,58.2,0.0,6.1,11.0,301.0,0.722,50.0,2.55,,,,0.354,1.672,1.318,finalized,Open-Meteo ERA5,Open-Meteo ERA5-Ocean,NOAA CO-OPS 8729678 Navarre Beach predictions,2026-08-08T15:57:33.641686-05:00
2024-10-26,86.4,59.2,0.0,5.9,10.7,288.0,0.984,112.0,3.95,,,,0.555,1.513,0.958,finalized,Open-Meteo ERA5,Open-Meteo ERA5-Ocean,NOAA CO-OPS 8729678 Navarre Beach predictions,2026-08-08T15:57:33.641686-05:00
2024-10-27,86.6,61.6,0.0,6.4,11.9,299.0,1.378,135.0,4.3,,,,0.731,1.344,0.6130000000000001,finalized,Open-Meteo ERA5,Open-Meteo ERA5-Ocean,NOAA CO-OPS 8729678 Navarre Beach predictions,2026-08-08T15:57:33.641686-05:00
2024-10-28,80.2,61.6,0.0,8.5,16.8,83.0,1.969,109.0,4.0,,,,0.861,1.188,0.3269999999999999,finalized,Open-Meteo ERA5,Open-Meteo ERA5-Ocean,NOAA CO-OPS 8729678 Navarre Beach predictions,2026-08-08T15:57:33.641686-05:00
2024-10-29,81.9,63.6,0.0,10.5,21.3,84.0,4.331,121.0,5.3,,,,0.809,1.273,0.4639999999999998,finalized,Open-Meteo ERA5,Open-Meteo ERA5-Ocean,NOAA CO-OPS 8729678 Navarre Beach predictions,2026-08-08T15:57:33.641686-05:00
2024-10-30,81.4,67.4,0.004,13.5,27.5,107.0,4.921,122.0,5.3,,,,0.635,1.439,0.804,finalized,Open-Meteo ERA5,Open-Meteo ERA5-Ocean,NOAA CO-OPS 8729678 Navarre Beach predictions,2026-08-08T15:57:33.641686-05:00
2024-10-31,81.6,69.8,0.016,15.0,29.3,125.0,5.774,135.0,5.9,,,,0.464,1.575,1.111,finalized,Open-Meteo ERA5,Open-Meteo ERA5-Ocean,NOAA CO-OPS 8729678 Navarre Beach predictions,2026-08-08T15:57:33.641686-05:00
2024-11-01,81.2,67.0,0.004,7.7,17.4,122.0,4.265,139.0,5.75,,,,0.314,1.679,1.365,finalized,Open-Meteo ERA5,Open-Meteo ERA5-Ocean,NOAA CO-OPS 8729678 Navarre Beach predictions,2026-08-08T15:57:33.641686-05:00
2024-11-02,83.7,65.0,0.0,8.1,17.4,85.0,2.559,124.0,5.25,,,,0.196,1.758,1.562,finalized,Open-Meteo ERA5,Open-Meteo ERA5-Ocean,NOAA CO-OPS 8729678 Navarre Beach predictions,2026-08-08T15:57:33.641686-05:00
2024-11-03,80.5,66.3,0.02,13.2,26.8,112.0,4.724,124.0,4.9,,,,0.115,1.821,1.706,finalized,Open-Meteo ERA5,Open-Meteo ERA5-Ocean,NOAA CO-OPS 8729678 Navarre Beach predictions,2026-08-08T15:57:33.641686-05:00
2024-11-04,81.3,71.3,0.004,14.5,28.9,111.0,6.037,124.0,5.5,,,,0.066,1.873,1.807,finalized,Open-Meteo ERA5,Open-Meteo ERA5-Ocean,NOAA CO-OPS 8729678 Navarre Beach predictions,2026-08-08T15:57:33.641686-05:00
2024-11-05,79.8,70.1,0.067,14.3,26.2,124.0,5.315,133.0,5.5,,,,0.037,1.912,1.875,finalized,Open-Meteo ERA5,Open-Meteo ERA5-Ocean,NOAA CO-OPS 8729678 Navarre Beach predictions,2026-08-08T15:57:33.641686-05:00
2024-11-06,78.3,73.7,0.72,10.7,20.1,97.0,4.331,128.0,5.4,,,,0.031,1.923,1.892,finalized,Open-Meteo ERA5,Open-Meteo ERA5-Ocean,NOAA CO-OPS 8729678 Navarre Beach predictions,2026-08-08T15:57:33.641686-05:00
2024-11-07,79.6,74.5,0.051,9.8,19.0,60.0,4.724,120.0,7.45,,,,0.066,1.885,1.819,finalized,Open-Meteo ERA5,Open-Meteo ERA5-Ocean,NOAA CO-OPS 8729678 Navarre Beach predictions,2026-08-08T15:57:33.641686-05:00
2024-11-08,81.4,73.7,0.0,10.6,19.9,75.0,5.84,136.0,8.1,,,,0.16,0.16,0.0,finalized,Open-Meteo ERA5,Open-Meteo ERA5-Ocean,NOAA CO-OPS 8729678 Navarre Beach predictions,2026-08-08T15:57:33.641686-05:00
2024-11-09,80.8,73.2,0.004,11.9,23.3,103.0,4.921,140.0,7.05,,,,0.325,1.773,1.448,finalized,Open-Meteo ERA5,Open-Meteo ERA5-Ocean,NOAA CO-OPS 8729678 Navarre Beach predictions,2026-08-08T15:57:33.641686-05:00
2024-11-10,75.2,72.2,1.252,12.1,21.9,107.0,5.643,138.0,6.05,,,,0.547,1.573,1.0259999999999998,finalized,Open-Meteo ERA5,Open-Meteo ERA5-Ocean,NOAA CO-OPS 8729678 Navarre Beach predictions,2026-08-08T15:57:33.641686-05:00
2024-11-11,75.0,71.8,0.996,9.2,15.2,66.0,4.265,145.0,6.0,,,,0.77,1.289,0.5189999999999999,finalized,Open-Meteo ERA5,Open-Meteo ERA5-Ocean,NOAA CO-OPS 8729678 Navarre Beach predictions,2026-08-08T15:57:33.641686-05:00
2024-11-12,76.2,71.0,0.173,9.1,19.7,60.0,3.543,123.0,4.95,,,,0.872,1.379,0.507,finalized,Open-Meteo ERA5,Open-Meteo ERA5-Ocean,NOAA CO-OPS 8729678 Navarre Beach predictions,2026-08-08T15:57:33.641686-05:00
2024-11-13,77.6,71.3,0.22,17.8,31.3,115.0,7.48,125.0,5.85,,,,0.517,1.634,1.117,finalized,Open-Meteo ERA5,Open-Meteo ERA5-Ocean,NOAA CO-OPS 8729678 Navarre Beach predictions,2026-08-08T15:57:33.641686-05:00
2024-11-14,79.3,60.6,0.736,15.3,26.6,315.0,6.43,140.0,6.55,,,,0.168,1.872,1.7040000000000002,finalized,Open-Meteo ERA5,Open-Meteo ERA5-Ocean,NOAA CO-OPS 8729678 Navarre Beach predictions,2026-08-08T15:57:33.641686-05:00
2024-11-15,74.1,55.0,0.0,10.9,21.3,9.0,4.068,31.0,5.0,,,,-0.121,2.029,2.15,finalized,Open-Meteo ERA5,Open-Meteo ERA5-Ocean,NOAA CO-OPS 8729678 Navarre Beach predictions,2026-08-08T15:57:33.641686-05:00
2024-11-16,73.3,53.0,0.0,7.0,14.1,80.0,2.362,92.0,3.8,,,,-0.32,2.09,2.41,finalized,Open-Meteo ERA5,Open-Meteo ERA5-Ocean,NOAA CO-OPS 8729678 Navarre Beach predictions,2026-08-08T15:57:33.641686-05:00
2024-11-17,77.2,56.6,0.0,7.9,15.0,103.0,3.084,131.0,4.2,,,,-0.42,2.065,2.485,finalized,Open-Meteo ERA5,Open-Meteo ERA5-Ocean,NOAA CO-OPS 8729678 Navarre Beach predictions,2026-08-08T15:57:33.641686-05:00
2024-11-18,77.2,65.1,0.0,14.2,24.4,133.0,5.249,153.0,5.2,,,,-0.429,1.975,2.404,finalized,Open-Meteo ERA5,Open-Meteo ERA5-Ocean,NOAA CO-OPS 8729678 Navarre Beach predictions,2026-08-08T15:57:33.641686-05:00
2024-11-19,76.8,73.5,1.894,20.0,36.5,161.0,8.924,166.0,7.4,,,,-0.361,1.843,2.204,finalized,Open-Meteo ERA5,Open-Meteo ERA5-Ocean,NOAA CO-OPS 8729678 Navarre Beach predictions,2026-08-08T15:57:33.641686-05:00
2024-11-20,77.0,55.1,0.008,14.7,27.1,322.0,6.234,261.0,7.35,,,,-0.232,1.686,1.918,finalized,Open-Meteo ERA5,Open-Meteo ERA5-Ocean,NOAA CO-OPS 8729678 Navarre Beach predictions,2026-08-08T15:57:33.641686-05:00
2024-11-21,65.7,44.3,0.0,12.4,23.7,311.0,5.84,328.0,4.8,,,,-0.055,1.51,1.565,finalized,Open-Meteo ERA5,Open-Meteo ERA5-Ocean,NOAA CO-OPS 8729678 Navarre Beach predictions,2026-08-08T15:57:33.641686-05:00
2024-11-22,62.5,44.5,0.0,11.7,22.8,322.0,5.906,315.0,4.95,,,,0.155,0.155,0.0,finalized,Open-Meteo ERA5,Open-Meteo ERA5-Ocean,NOAA CO-OPS 8729678 Navarre Beach predictions,2026-08-08T15:57:33.641686-05:00
2024-11-23,66.0,41.2,0.0,6.4,12.5,323.0,2.69,349.0,3.7,,,,0.366,1.314,0.948,finalized,Open-Meteo ERA5,Open-Meteo ERA5-Ocean,NOAA CO-OPS 8729678 Navarre Beach predictions,2026-08-08T15:57:33.641686-05:00
2024-11-24,71.5,40.5,0.0,5.6,12.5,119.0,1.181,238.0,2.6,,,,0.54,1.098,0.558,finalized,Open-Meteo ERA5,Open-Meteo ERA5-Ocean,NOAA CO-OPS 8729678 Navarre Beach predictions,2026-08-08T15:57:33.641686-05:00
2024-11-25,78.7,57.8,0.0,8.0,17.2,218.0,2.1,208.0,3.65,,,,0.667,1.045,0.3779999999999999,finalized,Open-Meteo ERA5,Open-Meteo ERA5-Ocean,NOAA CO-OPS 8729678 Navarre Beach predictions,2026-08-08T15:57:33.641686-05:00
2024-11-26,76.0,62.6,0.016,10.6,18.1,262.0,3.215,236.0,4.1,,,,0.621,1.203,0.5820000000000001,finalized,Open-Meteo ERA5,Open-Meteo ERA5-Ocean,NOAA CO-OPS 8729678 Navarre Beach predictions,2026-08-08T15:57:33.641686-05:00
2024-11-27,72.4,59.2,0.004,11.2,18.1,232.0,2.953,228.0,4.5,,,,0.384,1.359,0.975,finalized,Open-Meteo ERA5,Open-Meteo ERA5-Ocean,NOAA CO-OPS 8729678 Navarre Beach predictions,2026-08-08T15:57:33.641686-05:00
2024-11-28,76.0,55.7,0.114,15.2,24.4,281.0,4.921,250.0,4.85,,,,0.169,1.478,1.309,finalized,Open-Meteo ERA5,Open-Meteo ERA5-Ocean,NOAA CO-OPS 8729678 Navarre Beach predictions,2026-08-08T15:57:33.641686-05:00
2024-11-29,56.1,42.9,0.024,12.6,25.5,359.0,5.315,8.0,4.7,,,,-0.014,1.562,1.576,finalized,Open-Meteo ERA5,Open-Meteo ERA5-Ocean,NOAA CO-OPS 8729678 Navarre Beach predictions,2026-08-08T15:57:33.641686-05:00
2024-11-30,57.8,34.8,0.0,11.5,20.6,26.0,5.249,38.0,4.7,,,,-0.157,1.622,1.779,finalized,Open-Meteo ERA5,Open-Meteo ERA5-Ocean,NOAA CO-OPS 8729678 Navarre Beach predictions,2026-08-08T15:57:33.641686-05:00
2024-12-01,62.9,35.6,0.0,6.0,9.8,10.0,1.575,64.0,3.6,,,,-0.259,1.671,1.93,finalized,Open-Meteo ERA5,Open-Meteo ERA5-Ocean,NOAA CO-OPS 8729678 Navarre Beach predictions,2026-08-08T15:57:33.641686-05:00
2024-12-02,61.6,36.5,0.0,9.8,18.3,360.0,2.953,19.0,3.75,,,,-0.324,1.714,2.038,finalized,Open-Meteo ERA5,Open-Meteo ERA5-Ocean,NOAA CO-OPS 8729678 Navarre Beach predictions,2026-08-08T15:57:33.641686-05:00
2024-12-03,55.4,36.3,0.0,10.8,20.8,1.0,3.346,6.0,3.9,,,,-0.352,1.743,2.095,finalized,Open-Meteo ERA5,Open-Meteo ERA5-Ocean,NOAA CO-OPS 8729678 Navarre Beach predictions,2026-08-08T15:57:33.641686-05:00
2024-12-04,62.1,35.0,0.0,7.4,15.7,109.0,2.428,88.0,3.55,,,,-0.336,1.74,2.076,finalized,Open-Meteo ERA5,Open-Meteo ERA5-Ocean,NOAA CO-OPS 8729678 Navarre Beach predictions,2026-08-08T15:57:33.641686-05:00
2024-12-05,66.7,53.0,0.492,11.0,19.5,317.0,3.871,242.0,4.1,,,,-0.262,1.675,1.937,finalized,Open-Meteo ERA5,Open-Meteo ERA5-Ocean,NOAA CO-OPS 8729678 Navarre Beach predictions,2026-08-08T15:57:33.641686-05:00
2024-12-06,54.4,35.4,0.0,13.0,23.3,9.0,4.921,14.0,4.6,,,,-0.118,1.526,1.644,finalized,Open-Meteo ERA5,Open-Meteo ERA5-Ocean,NOAA CO-OPS 8729678 Navarre Beach predictions,2026-08-08T15:57:33.641686-05:00
2024-12-07,59.2,34.9,0.0,9.5,15.9,40.0,3.346,58.0,4.0,,,,0.094,1.28,1.186,finalized,Open-Meteo ERA5,Open-Meteo ERA5-Ocean,NOAA CO-OPS 8729678 Navarre Beach predictions,2026-08-08T15:57:33.641686-05:00
2024-12-08,66.1,40.0,0.0,9.6,17.0,108.0,2.953,126.0,3.8,,,,0.329,0.954,0.625,finalized,Open-Meteo ERA5,Open-Meteo ERA5-Ocean,NOAA CO-OPS 8729678 Navarre Beach predictions,2026-08-08T15:57:33.641686-05:00
2024-12-09,75.5,66.5,0.146,11.3,21.5,196.0,4.659,187.0,4.95,,,,0.524,1.03,0.506,finalized,Open-Meteo ERA5,Open-Meteo ERA5-Ocean,NOAA CO-OPS 8729678 Navarre Beach predictions,2026-08-08T15:57:33.641686-05:00
2024-12-10,76.2,71.5,0.232,13.2,31.1,208.0,4.134,192.0,4.85,,,,0.518,1.251,0.7329999999999999,finalized,Open-Meteo ERA5,Open-Meteo ERA5-Ocean,NOAA CO-OPS 8729678 Navarre Beach predictions,2026-08-08T15:57:33.641686-05:00
2024-12-11,70.4,39.9,0.602,19.0,34.4,314.0,7.677,305.0,5.45,,,,0.13,1.495,1.3650000000000002,finalized,Open-Meteo ERA5,Open-Meteo ERA5-Ocean,NOAA CO-OPS 8729678 Navarre Beach predictions,2026-08-08T15:57:33.641686-05:00
2024-12-12,57.7,35.7,0.0,9.7,20.6,24.0,3.543,20.0,4.15,,,,-0.228,1.694,1.922,finalized,Open-Meteo ERA5,Open-Meteo ERA5-Ocean,NOAA CO-OPS 8729678 Navarre Beach predictions,2026-08-08T15:57:33.641686-05:00
2024-12-13,63.8,39.7,0.0,10.3,18.3,62.0,4.068,98.0,4.95,,,,-0.511,1.809,2.32,finalized,Open-Meteo ERA5,Open-Meteo ERA5-Ocean,NOAA CO-OPS 8729678 Navarre Beach predictions,2026-08-08T15:57:33.641686-05:00
2024-12-14,70.7,50.8,0.0,10.9,23.5,79.0,5.315,109.0,5.35,,,,-0.697,1.837,2.534,finalized,Open-Meteo ERA5,Open-Meteo ERA5-Ocean,NOAA CO-OPS 8729678 Navarre Beach predictions,2026-08-08T15:57:33.641686-05:00
2024-12-15,67.9,59.0,0.0,10.9,23.5,91.0,5.052,114.0,5.25,,,,-0.783,1.794,2.577,finalized,Open-Meteo ERA5,Open-Meteo ERA5-Ocean,NOAA CO-OPS 8729678 Navarre Beach predictions,2026-08-08T15:57:33.641686-05:00
2024-12-16,73.1,56.4,0.0,8.4,18.3,91.0,3.74,117.0,4.75,,,,-0.779,1.701,2.48,finalized,Open-Meteo ERA5,Open-Meteo ERA5-Ocean,NOAA CO-OPS 8729678 Navarre Beach predictions,2026-08-08T15:57:33.641686-05:00
2024-12-17,76.5,53.3,0.0,5.9,11.4,90.0,1.969,113.0,4.4,,,,-0.7,1.575,2.275,finalized,Open-Meteo ERA5,Open-Meteo ERA5-Ocean,NOAA CO-OPS 8729678 Navarre Beach predictions,2026-08-08T15:57:33.641686-05:00
2024-12-18,75.1,58.9,0.035,6.6,18.1,283.0,1.181,130.0,4.05,,,,-0.558,1.425,1.983,finalized,Open-Meteo ERA5,Open-Meteo ERA5-Ocean,NOAA CO-OPS 8729678 Navarre Beach predictions,2026-08-08T15:57:33.641686-05:00
2024-12-19,63.2,49.3,0.0,11.2,19.7,347.0,3.215,1.0,3.8,,,,-0.368,1.251,1.6189999999999998,finalized,Open-Meteo ERA5,Open-Meteo ERA5-Ocean,NOAA CO-OPS 8729678 Navarre Beach predictions,2026-08-08T15:57:33.641686-05:00
2024-12-20,64.1,40.9,0.0,12.7,21.3,322.0,4.462,325.0,4.15,,,,-0.147,1.053,1.2,finalized,Open-Meteo ERA5,Open-Meteo ERA5-Ocean,NOAA CO-OPS 8729678 Navarre Beach predictions,2026-08-08T15:57:33.641686-05:00
2024-12-21,53.4,36.4,0.0,13.3,23.0,1.0,4.856,9.0,4.55,,,,0.063,0.833,0.77,finalized,Open-Meteo ERA5,Open-Meteo ERA5-Ocean,NOAA CO-OPS 8729678 Navarre Beach predictions,2026-08-08T15:57:33.641686-05:00
2024-12-22,56.1,33.2,0.0,9.7,16.3,23.0,3.084,31.0,3.85,,,,0.232,0.631,0.399,finalized,Open-Meteo ERA5,Open-Meteo ERA5-Ocean,NOAA CO-OPS 8729678 Navarre Beach predictions,2026-08-08T15:57:33.641686-05:00
2024-12-23,60.7,38.9,0.0,9.0,16.8,56.0,2.69,81.0,4.0,,,,0.344,0.763,0.419,finalized,Open-Meteo ERA5,Open-Meteo ERA5-Ocean,NOAA CO-OPS 8729678 Navarre Beach predictions,2026-08-08T15:57:33.641686-05:00
2024-12-24,64.3,42.5,0.0,6.7,12.8,69.0,2.034,91.0,3.6,,,,0.271,0.941,0.6699999999999999,finalized,Open-Meteo ERA5,Open-Meteo ERA5-Ocean,NOAA CO-OPS 8729678 Navarre Beach predictions,2026-08-08T15:57:33.641686-05:00
2024-12-25,62.8,45.2,0.031,10.8,21.5,84.0,4.528,108.0,4.55,,,,0.067,1.098,1.031,finalized,Open-Meteo ERA5,Open-Meteo ERA5-Ocean,NOAA CO-OPS 8729678 Navarre Beach predictions,2026-08-08T15:57:33.641686-05:00
2024-12-26,61.6,53.4,0.315,12.0,23.0,91.0,5.381,118.0,5.1,,,,-0.141,1.216,1.357,finalized,Open-Meteo ERA5,Open-Meteo ERA5-Ocean,NOAA CO-OPS 8729678 Navarre Beach predictions,2026-08-08T15:57:33.641686-05:00
2024-12-27,65.2,58.1,0.004,16.7,29.8,118.0,6.496,131.0,5.5,,,,-0.325,1.3,1.625,finalized,Open-Meteo ERA5,Open-Meteo ERA5-Ocean,NOAA CO-OPS 8729678 Navarre Beach predictions,2026-08-08T15:57:33.641686-05:00
2024-12-28,71.2,64.3,0.012,16.1,29.8,137.0,6.365,144.0,5.35,,,,-0.474,1.363,1.837,finalized,Open-Meteo ERA5,Open-Meteo ERA5-Ocean,NOAA CO-OPS 8729678 Navarre Beach predictions,2026-08-08T15:57:33.641686-05:00
2024-12-29,70.8,52.8,1.24,17.5,36.2,225.0,6.759,175.0,5.9,,,,-0.586,1.417,2.003,finalized,Open-Meteo ERA5,Open-Meteo ERA5-Ocean,NOAA CO-OPS 8729678 Navarre Beach predictions,2026-08-08T15:57:33.641686-05:00
2024-12-30,68.3,46.5,0.0,8.1,15.9,213.0,3.018,169.0,6.0,,,,-0.659,1.463,2.122,finalized,Open-Meteo ERA5,Open-Meteo ERA5-Ocean,NOAA CO-OPS 8729678 Navarre Beach predictions,2026-08-08T15:57:33.641686-05:00
2024-12-31,76.4,59.4,0.0,12.2,25.1,260.0,3.15,228.0,4.3,,,,-0.685,1.51,2.1950000000000003,finalized,Open-Meteo ERA5,Open-Meteo ERA5-Ocean,NOAA CO-OPS 8729678 Navarre Beach predictions,2026-08-08T15:57:33.641686-05:00
2025-01-01,62.1,44.9,0.0,10.9,20.1,352.0,4.134,355.0,4.3,,,,-0.654,1.479,2.133,finalized,Open-Meteo ERA5,Open-Meteo ERA5-Ocean,NOAA CO-OPS 8729678 Navarre Beach predictions,2026-08-08T15:57:33.641686-05:00
2025-01-02,60.6,38.9,0.0,7.5,15.2,28.0,2.362,35.0,3.55,,,,-0.533,1.374,1.907,finalized,Open-Meteo ERA5,Open-Meteo ERA5-Ocean,NOAA CO-OPS 8729678 Navarre Beach predictions,2026-08-08T15:57:33.641686-05:00
2025-01-03,65.6,38.3,0.0,9.6,18.8,335.0,2.297,358.0,3.6,,,,-0.332,1.179,1.511,finalized,Open-Meteo ERA5,Open-Meteo ERA5-Ocean,NOAA CO-OPS 8729678 Navarre Beach predictions,2026-08-08T15:57:33.641686-05:00
2025-01-04,58.6,39.1,0.0,8.3,15.9,55.0,2.887,58.0,3.75,,,,-0.088,0.898,0.986,finalized,Open-Meteo ERA5,Open-Meteo ERA5-Ocean,NOAA CO-OPS 8729678 Navarre Beach predictions,2026-08-08T15:57:33.641686-05:00
2025-01-05,69.9,50.1,0.055,17.5,31.1,155.0,6.89,158.0,5.85,,,,0.125,0.576,0.4509999999999999,finalized,Open-Meteo ERA5,Open-Meteo ERA5-Ocean,NOAA CO-OPS 8729678 Navarre Beach predictions,2026-08-08T15:57:33.641686-05:00
2025-01-06,68.0,35.0,0.185,18.7,40.9,297.0,7.808,255.0,6.15,,,,0.262,0.803,0.541,finalized,Open-Meteo ERA5,Open-Meteo ERA5-Ocean,NOAA CO-OPS 8729678 Navarre Beach predictions,2026-08-08T15:57:33.641686-05:00
2025-01-07,47.3,32.2,0.0,14.0,24.2,359.0,6.102,4.0,5.1,,,,0.104,1.058,0.954,finalized,Open-Meteo ERA5,Open-Meteo ERA5-Ocean,NOAA CO-OPS 8729678 Navarre Beach predictions,2026-08-08T15:57:33.641686-05:00
2025-01-08,49.8,31.3,0.0,11.8,19.9,344.0,3.675,358.0,4.1,,,,-0.257,1.284,1.541,finalized,Open-Meteo ERA5,Open-Meteo ERA5-Ocean,NOAA CO-OPS 8729678 Navarre Beach predictions,2026-08-08T15:57:33.641686-05:00
2025-01-09,50.9,30.7,0.0,9.5,19.0,30.0,3.806,29.0,4.15,,,,-0.565,1.435,2.0,finalized,Open-Meteo ERA5,Open-Meteo ERA5-Ocean,NOAA CO-OPS 8729678 Navarre Beach predictions,2026-08-08T15:57:33.641686-05:00
2025-01-10,62.8,45.3,1.276,18.0,34.9,80.0,9.711,164.0,6.75,,,,-0.792,1.504,2.2960000000000003,finalized,Open-Meteo ERA5,Open-Meteo ERA5-Ocean,NOAA CO-OPS 8729678 Navarre Beach predictions,2026-08-08T15:57:33.641686-05:00
2025-01-11,46.4,36.6,0.0,13.8,25.5,325.0,6.562,290.0,5.7,,,,-0.926,1.503,2.429,finalized,Open-Meteo ERA5,Open-Meteo ERA5-Ocean,NOAA CO-OPS 8729678 Navarre Beach predictions,2026-08-08T15:57:33.641686-05:00
2025-01-12,52.3,30.1,0.043,9.1,15.9,80.0,3.806,129.0,5.15,,,,-0.971,1.45,2.421,finalized,Open-Meteo ERA5,Open-Meteo ERA5-Ocean,NOAA CO-OPS 8729678 Navarre Beach predictions,2026-08-08T15:57:33.641686-05:00
2025-01-13,54.2,43.0,1.0,12.8,25.1,36.0,6.496,90.0,5.6,,,,-0.937,1.36,2.297,finalized,Open-Meteo ERA5,Open-Meteo ERA5-Ocean,NOAA CO-OPS 8729678 Navarre Beach predictions,2026-08-08T15:57:33.641686-05:00
2025-01-14,57.5,36.6,0.0,10.7,21.9,13.0,4.396,34.0,5.05,,,,-0.834,1.24,2.074,finalized,Open-Meteo ERA5,Open-Meteo ERA5-Ocean,NOAA CO-OPS 8729678 Navarre Beach predictions,2026-08-08T15:57:33.641686-05:00
2025-01-15,60.0,44.6,0.0,8.1,15.2,36.0,2.953,65.0,4.05,,,,-0.674,1.094,1.7680000000000002,finalized,Open-Meteo ERA5,Open-Meteo ERA5-Ocean,NOAA CO-OPS 8729678 Navarre Beach predictions,2026-08-08T15:57:33.641686-05:00
2025-01-16,63.7,40.7,0.012,6.7,14.5,314.0,1.64,121.0,4.0,,,,-0.468,0.922,1.39,finalized,Open-Meteo ERA5,Open-Meteo ERA5-Ocean,NOAA CO-OPS 8729678 Navarre Beach predictions,2026-08-08T15:57:33.641686-05:00
2025-01-17,62.5,35.2,0.0,10.5,16.8,123.0,3.281,120.0,3.8,,,,-0.251,0.727,0.978,finalized,Open-Meteo ERA5,Open-Meteo ERA5-Ocean,NOAA CO-OPS 8729678 Navarre Beach predictions,2026-08-08T15:57:33.641686-05:00
2025-01-18,70.6,60.3,0.531,15.5,31.1,212.0,5.906,194.0,5.15,,,,-0.081,0.514,0.595,finalized,Open-Meteo ERA5,Open-Meteo ERA5-Ocean,NOAA CO-OPS 8729678 Navarre Beach predictions,2026-08-08T15:57:33.641686-05:00
2025-01-19,61.8,35.2,0.071,16.5,32.0,326.0,5.906,311.0,5.1,,,,0.05,0.367,0.317,finalized,Open-Meteo ERA5,Open-Meteo ERA5-Ocean,NOAA CO-OPS 8729678 Navarre Beach predictions,2026-08-08T15:57:33.641686-05:00
2025-01-20,42.6,27.3,0.0,13.7,24.6,6.0,5.709,8.0,4.9,,,,0.108,0.57,0.4619999999999999,finalized,Open-Meteo ERA5,Open-Meteo ERA5-Ocean,NOAA CO-OPS 8729678 Navarre Beach predictions,2026-08-08T15:57:33.641686-05:00
2025-01-21,34.5,25.6,0.602,16.6,30.6,9.0,7.349,23.0,5.35,,,,0.013,0.754,0.741,finalized,Open-Meteo ERA5,Open-Meteo ERA5-Ocean,NOAA CO-OPS 8729678 Navarre Beach predictions,2026-08-08T15:57:33.641686-05:00
2025-01-22,37.1,19.9,0.0,12.4,19.5,9.0,6.693,21.0,5.25,,,,-0.171,0.901,1.072,finalized,Open-Meteo ERA5,Open-Meteo ERA5-Ocean,NOAA CO-OPS 8729678 Navarre Beach predictions,2026-08-08T15:57:33.641686-05:00
2025-01-23,44.5,19.5,0.0,7.6,12.3,359.0,1.969,15.0,3.25,,,,-0.351,1.011,1.362,finalized,Open-Meteo ERA5,Open-Meteo ERA5-Ocean,NOAA CO-OPS 8729678 Navarre Beach predictions,2026-08-08T15:57:33.641686-05:00
2025-01-24,53.9,20.3,0.0,6.9,15.4,318.0,2.231,350.0,3.4,,,,-0.507,1.098,1.605,finalized,Open-Meteo ERA5,Open-Meteo ERA5-Ocean,NOAA CO-OPS 8729678 Navarre Beach predictions,2026-08-08T15:57:33.641686-05:00
2025-01-25,56.2,27.5,0.0,6.6,13.9,58.0,1.903,45.0,3.2,,,,-0.637,1.175,1.812,finalized,Open-Meteo ERA5,Open-Meteo ERA5-Ocean,NOAA CO-OPS 8729678 Navarre Beach predictions,2026-08-08T15:57:33.641686-05:00
2025-01-26,63.8,41.3,0.0,7.6,16.1,126.0,2.297,128.0,4.0,,,,-0.734,1.245,1.979,finalized,Open-Meteo ERA5,Open-Meteo ERA5-Ocean,NOAA CO-OPS 8729678 Navarre Beach predictions,2026-08-08T15:57:33.641686-05:00
2025-01-27,67.6,50.4,0.126,11.8,22.8,217.0,2.362,182.0,3.75,,,,-0.791,1.297,2.088,finalized,Open-Meteo ERA5,Open-Meteo ERA5-Ocean,NOAA CO-OPS 8729678 Navarre Beach predictions,2026-08-08T15:57:33.641686-05:00
2025-01-28,59.9,47.5,0.004,7.3,14.1,352.0,2.034,13.0,4.0,,,,-0.792,1.31,2.1020000000000003,finalized,Open-Meteo ERA5,Open-Meteo ERA5-Ocean,NOAA CO-OPS 8729678 Navarre Beach predictions,2026-08-08T15:57:33.641686-05:00
2025-01-29,70.3,45.6,0.0,5.6,11.6,269.0,1.444,248.0,3.45,,,,-0.72,1.258,1.978,finalized,Open-Meteo ERA5,Open-Meteo ERA5-Ocean,NOAA CO-OPS 8729678 Navarre Beach predictions,2026-08-08T15:57:33.641686-05:00
2025-01-30,69.9,52.9,0.0,12.5,24.4,137.0,3.806,158.0,4.75,,,,-0.563,1.12,1.683,finalized,Open-Meteo ERA5,Open-Meteo ERA5-Ocean,NOAA CO-OPS 8729678 Navarre Beach predictions,2026-08-08T15:57:33.641686-05:00
2025-01-31,70.9,55.6,0.362,15.2,32.9,208.0,5.184,183.0,5.4,,,,-0.327,0.892,1.219,finalized,Open-Meteo ERA5,Open-Meteo ERA5-Ocean,NOAA CO-OPS 8729678 Navarre Beach predictions,2026-08-08T15:57:33.641686-05:00
2025-02-01,67.1,43.8,0.0,9.3,15.0,319.0,3.806,224.0,5.6,,,,-0.092,0.587,0.6789999999999999,finalized,Open-Meteo ERA5,Open-Meteo ERA5-Ocean,NOAA CO-OPS 8729678 Navarre Beach predictions,2026-08-08T15:57:33.641686-05:00
2025-02-02,71.5,38.2,0.0,6.2,10.3,350.0,1.378,155.0,5.55,,,,0.087,0.447,0.36,finalized,Open-Meteo ERA5,Open-Meteo ERA5-Ocean,NOAA CO-OPS 8729678 Navarre Beach predictions,2026-08-08T15:57:33.641686-05:00
2025-02-03,71.5,40.7,0.0,5.9,12.5,185.0,0.787,148.0,4.7,,,,0.169,0.72,0.5509999999999999,finalized,Open-Meteo ERA5,Open-Meteo ERA5-Ocean,NOAA CO-OPS 8729678 Navarre Beach predictions,2026-08-08T15:57:33.641686-05:00
2025-02-04,74.7,50.4,0.0,6.3,13.0,255.0,0.787,176.0,3.55,,,,-0.117,0.983,1.1,finalized,Open-Meteo ERA5,Open-Meteo ERA5-Ocean,NOAA CO-OPS 8729678 Navarre Beach predictions,2026-08-08T15:57:33.641686-05:00
2025-02-05,75.0,55.3,0.0,6.0,13.2,211.0,0.919,155.0,4.25,,,,-0.432,1.175,1.607,finalized,Open-Meteo ERA5,Open-Meteo ERA5-Ocean,NOAA CO-OPS 8729678 Navarre Beach predictions,2026-08-08T15:57:33.641686-05:00
2025-02-06,75.2,63.4,0.0,10.0,21.0,195.0,1.444,174.0,3.55,,,,-0.677,1.281,1.958,finalized,Open-Meteo ERA5,Open-Meteo ERA5-Ocean,NOAA CO-OPS 8729678 Navarre Beach predictions,2026-08-08T15:57:33.641686-05:00
2025-02-07,76.5,64.6,0.02,8.0,17.2,198.0,1.378,170.0,4.3,,,,-0.84,1.314,2.154,finalized,Open-Meteo ERA5,Open-Meteo ERA5-Ocean,NOAA CO-OPS 8729678 Navarre Beach predictions,2026-08-08T15:57:33.641686-05:00
2025-02-08,74.7,67.4,0.024,13.1,25.5,188.0,2.034,176.0,3.7,,,,-0.917,1.295,2.212,finalized,Open-Meteo ERA5,Open-Meteo ERA5-Ocean,NOAA CO-OPS 8729678 Navarre Beach predictions,2026-08-08T15:57:33.641686-05:00
2025-02-09,78.6,66.1,0.0,8.2,15.9,219.0,2.231,187.0,4.0,,,,-0.916,1.242,2.158,finalized,Open-Meteo ERA5,Open-Meteo ERA5-Ocean,NOAA CO-OPS 8729678 Navarre Beach predictions,2026-08-08T15:57:33.641686-05:00
2025-02-10,75.0,61.6,0.004,6.1,14.8,32.0,1.312,158.0,3.8,,,,-0.847,1.16,2.007,finalized,Open-Meteo ERA5,Open-Meteo ERA5-Ocean,NOAA CO-OPS 8729678 Navarre Beach predictions,2026-08-08T15:57:33.641686-05:00
2025-02-11,72.6,63.0,0.091,12.5,26.8,168.0,3.543,168.0,4.35,,,,-0.72,1.047,1.767,finalized,Open-Meteo ERA5,Open-Meteo ERA5-Ocean,NOAA CO-OPS 8729678 Navarre Beach predictions,2026-08-08T15:57:33.641686-05:00
2025-02-12,76.3,69.6,0.106,19.1,33.6,186.0,5.446,180.0,5.35,,,,-0.545,0.905,1.4500000000000002,finalized,Open-Meteo ERA5,Open-Meteo ERA5-Ocean,NOAA CO-OPS 8729678 Navarre Beach predictions,2026-08-08T15:57:33.641686-05:00
2025-02-13,74.1,54.3,0.882,16.2,34.0,339.0,5.643,184.0,6.2,,,,-0.335,0.739,1.074,finalized,Open-Meteo ERA5,Open-Meteo ERA5-Ocean,NOAA CO-OPS 8729678 Navarre Beach predictions,2026-08-08T15:57:33.641686-05:00
2025-02-14,69.0,46.0,0.0,12.0,22.4,61.0,4.856,65.0,4.9,,,,-0.156,0.556,0.7120000000000001,finalized,Open-Meteo ERA5,Open-Meteo ERA5-Ocean,NOAA CO-OPS 8729678 Navarre Beach predictions,2026-08-08T15:57:33.641686-05:00
2025-02-15,73.3,64.8,0.059,15.8,30.2,155.0,4.396,141.0,4.75,,,,-0.022,0.363,0.385,finalized,Open-Meteo ERA5,Open-Meteo ERA5-Ocean,NOAA CO-OPS 8729678 Navarre Beach predictions,2026-08-08T15:57:33.641686-05:00
2025-02-16,72.9,48.9,0.661,21.0,43.8,287.0,6.955,217.0,5.85,,,,0.033,0.383,0.35,finalized,Open-Meteo ERA5,Open-Meteo ERA5-Ocean,NOAA CO-OPS 8729678 Navarre Beach predictions,2026-08-08T15:57:33.641686-05:00
2025-02-17,57.9,36.4,0.0,14.6,25.9,8.0,5.512,8.0,4.8,,,,-0.017,0.579,0.596,finalized,Open-Meteo ERA5,Open-Meteo ERA5-Ocean,NOAA CO-OPS 8729678 Navarre Beach predictions,2026-08-08T15:57:33.641686-05:00
2025-02-18,61.2,40.2,0.0,8.3,16.1,66.0,2.362,85.0,3.85,,,,0.739,0.739,0.0,finalized,Open-Meteo ERA5,Open-Meteo ERA5-Ocean,NOAA CO-OPS 8729678 Navarre Beach predictions,2026-08-08T15:57:33.641686-05:00
2025-02-19,56.0,45.9,1.409,14.5,30.2,26.0,4.593,56.0,4.4,,,,-0.172,0.862,1.034,finalized,Open-Meteo ERA5,Open-Meteo ERA5-Ocean,NOAA CO-OPS 8729678 Navarre Beach predictions,2026-08-08T15:57:33.641686-05:00
2025-02-20,47.3,34.2,0.0,15.6,29.1,356.0,5.971,358.0,4.95,,,,-0.314,0.956,1.27,finalized,Open-Meteo ERA5,Open-Meteo ERA5-Ocean,NOAA CO-OPS 8729678 Navarre Beach predictions,2026-08-08T15:57:33.641686-05:00
2025-02-21,51.3,30.0,0.0,13.3,24.2,25.0,4.987,36.0,4.6,,,,-0.434,1.037,1.471,finalized,Open-Meteo ERA5,Open-Meteo ERA5-Ocean,NOAA CO-OPS 8729678 Navarre Beach predictions,2026-08-08T15:57:33.641686-05:00
2025-02-22,62.7,40.0,0.0,7.6,13.6,19.0,2.231,88.0,4.25,,,,-0.532,1.115,1.647,finalized,Open-Meteo ERA5,Open-Meteo ERA5-Ocean,NOAA CO-OPS 8729678 Navarre Beach predictions,2026-08-08T15:57:33.641686-05:00
2025-02-23,55.9,49.5,0.776,9.3,19.9,54.0,3.084,96.0,4.0,,,,-0.603,1.188,1.791,finalized,Open-Meteo ERA5,Open-Meteo ERA5-Ocean,NOAA CO-OPS 8729678 Navarre Beach predictions,2026-08-08T15:57:33.641686-05:00
2025-02-24,65.5,51.3,0.098,9.8,18.6,60.0,5.118,128.0,5.7,,,,-0.633,1.239,1.872,finalized,Open-Meteo ERA5,Open-Meteo ERA5-Ocean,NOAA CO-OPS 8729678 Navarre Beach predictions,2026-08-08T15:57:33.641686-05:00
2025-02-25,73.3,50.4,0.0,7.0,15.4,315.0,2.822,147.0,5.65,,,,-0.602,1.239,1.841,finalized,Open-Meteo ERA5,Open-Meteo ERA5-Ocean,NOAA CO-OPS 8729678 Navarre Beach predictions,2026-08-08T15:57:33.641686-05:00
2025-02-26,75.2,45.2,0.0,6.6,13.4,241.0,1.969,249.0,3.8,,,,-0.492,1.165,1.657,finalized,Open-Meteo ERA5,Open-Meteo ERA5-Ocean,NOAA CO-OPS 8729678 Navarre Beach predictions,2026-08-08T15:57:33.641686-05:00
2025-02-27,74.6,47.2,0.0,9.7,20.1,272.0,1.903,243.0,3.15,,,,-0.297,1.005,1.3019999999999998,finalized,Open-Meteo ERA5,Open-Meteo ERA5-Ocean,NOAA CO-OPS 8729678 Navarre Beach predictions,2026-08-08T15:57:33.641686-05:00
2025-02-28,70.9,43.8,0.0,8.6,14.8,296.0,2.231,341.0,3.35,,,,-0.053,0.775,0.8280000000000001,finalized,Open-Meteo ERA5,Open-Meteo ERA5-Ocean,NOAA CO-OPS 8729678 Navarre Beach predictions,2026-08-08T15:57:33.641686-05:00
2025-03-01,75.7,47.0,0.0,9.9,17.2,270.0,2.231,246.0,3.3,,,,0.024,0.381,0.357,finalized,Open-Meteo ERA5,Open-Meteo ERA5-Ocean,NOAA CO-OPS 8729678 Navarre Beach predictions,2026-08-08T15:57:33.641686-05:00
2025-03-02,65.5,46.6,0.0,11.9,21.0,2.0,4.068,1.0,4.2,,,,-0.073,0.66,0.733,finalized,Open-Meteo ERA5,Open-Meteo ERA5-Ocean,NOAA CO-OPS 8729678 Navarre Beach predictions,2026-08-08T15:57:33.641686-05:00
2025-03-03,64.5,41.2,0.0,8.2,17.0,87.0,2.625,87.0,3.7,,,,-0.23,0.954,1.184,finalized,Open-Meteo ERA5,Open-Meteo ERA5-Ocean,NOAA CO-OPS 8729678 Navarre Beach predictions,2026-08-08T15:57:33.641686-05:00
2025-03-04,71.2,52.0,0.039,23.9,48.5,145.0,10.039,147.0,6.65,,,,-0.464,1.176,1.64,finalized,Open-Meteo ERA5,Open-Meteo ERA5-Ocean,NOAA CO-OPS 8729678 Navarre Beach predictions,2026-08-08T15:57:33.641686-05:00
2025-03-05,67.6,54.6,0.709,25.6,56.1,261.0,10.63,229.0,7.15,,,,1.305,1.305,0.0,finalized,Open-Meteo ERA5,Open-Meteo ERA5-Ocean,NOAA CO-OPS 8729678 Navarre Beach predictions,2026-08-08T15:57:33.641686-05:00
2025-03-06,64.8,43.3,0.0,12.5,21.9,309.0,7.677,297.0,5.95,,,,-0.626,1.347,1.973,finalized,Open-Meteo ERA5,Open-Meteo ERA5-Ocean,NOAA CO-OPS 8729678 Navarre Beach predictions,2026-08-08T15:57:33.641686-05:00
2025-03-07,67.8,39.1,0.0,10.6,21.5,149.0,2.362,195.0,3.95,,,,-0.706,1.324,2.03,finalized,Open-Meteo ERA5,Open-Meteo ERA5-Ocean,NOAA CO-OPS 8729678 Navarre Beach predictions,2026-08-08T15:57:33.641686-05:00
2025-03-08,74.4,62.0,0.26,7.7,14.5,142.0,3.084,188.0,4.85,,,,-0.711,1.265,1.976,finalized,Open-Meteo ERA5,Open-Meteo ERA5-Ocean,NOAA CO-OPS 8729678 Navarre Beach predictions,2026-08-08T15:57:33.641686-05:00
2025-03-09,69.4,60.4,1.374,10.7,20.4,72.0,2.69,184.0,5.15,,,,-0.648,1.188,1.836,finalized,Open-Meteo ERA5,Open-Meteo ERA5-Ocean,NOAA CO-OPS 8729678 Navarre Beach predictions,2026-08-08T15:57:33.641686-05:00
2025-03-10,64.9,51.7,0.035,15.1,32.2,324.0,6.102,272.0,5.4,,,,-0.528,1.097,1.625,finalized,Open-Meteo ERA5,Open-Meteo ERA5-Ocean,NOAA CO-OPS 8729678 Navarre Beach predictions,2026-08-08T15:57:33.641686-05:00
2025-03-11,73.4,42.5,0.0,8.5,15.0,268.0,2.1,256.0,5.25,,,,-0.361,0.982,1.343,finalized,Open-Meteo ERA5,Open-Meteo ERA5-Ocean,NOAA CO-OPS 8729678 Navarre Beach predictions,2026-08-08T15:57:33.641686-05:00
2025-03-12,71.7,46.0,0.0,10.6,21.7,238.0,2.034,237.0,3.7,,,,-0.161,0.842,1.003,finalized,Open-Meteo ERA5,Open-Meteo ERA5-Ocean,NOAA CO-OPS 8729678 Navarre Beach predictions,2026-08-08T15:57:33.641686-05:00
2025-03-13,74.2,58.0,0.079,11.5,25.7,199.0,2.1,193.0,4.3,,,,0.029,0.685,0.656,finalized,Open-Meteo ERA5,Open-Meteo ERA5-Ocean,NOAA CO-OPS 8729678 Navarre Beach predictions,2026-08-08T15:57:33.641686-05:00
2025-03-14,74.2,66.1,0.02,15.1,28.4,155.0,4.724,165.0,4.6,,,,0.069,0.525,0.456,finalized,Open-Meteo ERA5,Open-Meteo ERA5-Ocean,NOAA CO-OPS 8729678 Navarre Beach predictions,2026-08-08T15:57:33.641686-05:00
2025-03-15,76.1,67.2,1.079,19.9,43.6,157.0,9.318,171.0,7.15,,,,0.011,0.507,0.496,finalized,Open-Meteo ERA5,Open-Meteo ERA5-Ocean,NOAA CO-OPS 8729678 Navarre Beach predictions,2026-08-08T15:57:33.641686-05:00
2025-03-16,74.4,59.7,0.248,18.9,38.9,271.0,9.186,210.0,7.55,,,,-0.048,0.696,0.744,finalized,Open-Meteo ERA5,Open-Meteo ERA5-Ocean,NOAA CO-OPS 8729678 Navarre Beach predictions,2026-08-08T15:57:33.641686-05:00
2025-03-17,70.1,45.4,0.0,15.1,25.5,319.0,6.562,305.0,5.35,,,,-0.099,0.854,0.953,finalized,Open-Meteo ERA5,Open-Meteo ERA5-Ocean,NOAA CO-OPS 8729678 Navarre Beach predictions,2026-08-08T15:57:33.641686-05:00
2025-03-18,72.5,42.4,0.0,8.0,15.7,136.0,2.034,192.0,5.8,,,,-0.149,0.977,1.126,finalized,Open-Meteo ERA5,Open-Meteo ERA5-Ocean,NOAA CO-OPS 8729678 Navarre Beach predictions,2026-08-08T15:57:33.641686-05:00
2025-03-19,75.1,53.0,0.0,12.5,24.4,189.0,3.018,186.0,4.55,,,,-0.217,1.069,1.286,finalized,Open-Meteo ERA5,Open-Meteo ERA5-Ocean,NOAA CO-OPS 8729678 Navarre Beach predictions,2026-08-08T15:57:33.641686-05:00
2025-03-20,69.4,48.1,0.118,15.9,31.1,299.0,5.774,279.0,5.15,,,,1.138,1.138,0.0,finalized,Open-Meteo ERA5,Open-Meteo ERA5-Ocean,NOAA CO-OPS 8729678 Navarre Beach predictions,2026-08-08T15:57:33.641686-05:00
2025-03-21,63.4,35.5,0.0,8.8,16.8,294.0,4.003,339.0,4.75,,,,-0.28,1.196,1.476,finalized,Open-Meteo ERA5,Open-Meteo ERA5-Ocean,NOAA CO-OPS 8729678 Navarre Beach predictions,2026-08-08T15:57:33.641686-05:00
2025-03-22,71.0,42.5,0.0,8.1,14.8,252.0,1.969,252.0,3.5,,,,-0.329,1.248,1.577,finalized,Open-Meteo ERA5,Open-Meteo ERA5-Ocean,NOAA CO-OPS 8729678 Navarre Beach predictions,2026-08-08T15:57:33.641686-05:00
2025-03-23,71.4,54.8,0.0,10.5,21.5,190.0,2.165,192.0,3.6,,,,-0.354,1.291,1.645,finalized,Open-Meteo ERA5,Open-Meteo ERA5-Ocean,NOAA CO-OPS 8729678 Navarre Beach predictions,2026-08-08T15:57:33.641686-05:00
2025-03-24,66.5,58.9,0.677,8.3,21.0,229.0,2.559,182.0,4.2,,,,-0.336,1.303,1.639,finalized,Open-Meteo ERA5,Open-Meteo ERA5-Ocean,NOAA CO-OPS 8729678 Navarre Beach predictions,2026-08-08T15:57:33.641686-05:00
2025-03-25,74.7,51.4,0.0,7.9,13.2,282.0,1.444,174.0,4.25,,,,-0.256,1.259,1.515,finalized,Open-Meteo ERA5,Open-Meteo ERA5-Ocean,NOAA CO-OPS 8729678 Navarre Beach predictions,2026-08-08T15:57:33.641686-05:00
2025-03-26,82.8,58.2,0.0,6.3,12.1,285.0,1.378,204.0,4.1,,,,-0.099,1.147,1.246,finalized,Open-Meteo ERA5,Open-Meteo ERA5-Ocean,NOAA CO-OPS 8729678 Navarre Beach predictions,2026-08-08T15:57:33.641686-05:00
2025-03-27,77.7,60.0,0.0,10.4,17.9,91.0,2.428,100.0,4.15,,,,0.122,0.981,0.859,finalized,Open-Meteo ERA5,Open-Meteo ERA5-Ocean,NOAA CO-OPS 8729678 Navarre Beach predictions,2026-08-08T15:57:33.641686-05:00
2025-03-28,74.2,61.4,0.0,15.4,30.2,129.0,4.331,130.0,5.15,,,,0.196,0.789,0.593,finalized,Open-Meteo ERA5,Open-Meteo ERA5-Ocean,NOAA CO-OPS 8729678 Navarre Beach predictions,2026-08-08T15:57:33.641686-05:00
2025-03-29,72.2,67.0,0.311,17.5,32.0,137.0,5.643,147.0,6.0,,,,0.004,0.808,0.804,finalized,Open-Meteo ERA5,Open-Meteo ERA5-Ocean,NOAA CO-OPS 8729678 Navarre Beach predictions,2026-08-08T15:57:33.641686-05:00
2025-03-30,73.2,68.4,1.189,13.0,23.9,155.0,4.856,154.0,5.8,,,,-0.176,1.114,1.29,finalized,Open-Meteo ERA5,Open-Meteo ERA5-Ocean,NOAA CO-OPS 8729678 Navarre Beach predictions,2026-08-08T15:57:33.641686-05:00
2025-03-31,76.0,66.8,0.083,13.4,31.1,219.0,3.281,178.0,4.9,,,,-0.331,1.368,1.699,finalized,Open-Meteo ERA5,Open-Meteo ERA5-Ocean,NOAA CO-OPS 8729678 Navarre Beach predictions,2026-08-08T15:57:33.641686-05:00
2025-04-01,78.4,62.1,0.0,9.4,18.1,127.0,2.297,180.0,4.95,,,,-0.477,1.534,2.011,finalized,Open-Meteo ERA5,Open-Meteo ERA5-Ocean,NOAA CO-OPS 8729678 Navarre Beach predictions,2026-08-08T15:57:33.641686-05:00
2025-04-02,78.8,70.8,0.0,17.4,32.2,146.0,4.856,158.0,5.2,,,,1.601,1.601,0.0,finalized,Open-Meteo ERA5,Open-Meteo ERA5-Ocean,NOAA CO-OPS 8729678 Navarre Beach predictions,2026-08-08T15:57:33.641686-05:00
2025-04-03,78.4,72.7,0.008,18.8,36.9,150.0,5.512,164.0,6.05,,,,-0.552,1.582,2.1340000000000003,finalized,Open-Meteo ERA5,Open-Meteo ERA5-Ocean,NOAA CO-OPS 8729678 Navarre Beach predictions,2026-08-08T15:57:33.641686-05:00
2025-04-04,78.6,72.3,0.004,18.0,34.2,140.0,5.184,155.0,5.95,,,,-0.548,1.501,2.049,finalized,Open-Meteo ERA5,Open-Meteo ERA5-Ocean,NOAA CO-OPS 8729678 Navarre Beach predictions,2026-08-08T15:57:33.641686-05:00
2025-04-05,78.4,72.3,0.008,19.0,37.4,147.0,5.643,156.0,6.0,,,,-0.474,1.385,1.859,finalized,Open-Meteo ERA5,Open-Meteo ERA5-Ocean,NOAA CO-OPS 8729678 Navarre Beach predictions,2026-08-08T15:57:33.641686-05:00
2025-04-06,80.1,72.8,0.22,17.0,34.9,176.0,5.84,172.0,6.05,,,,-0.341,1.252,1.593,finalized,Open-Meteo ERA5,Open-Meteo ERA5-Ocean,NOAA CO-OPS 8729678 Navarre Beach predictions,2026-08-08T15:57:33.641686-05:00
2025-04-07,74.2,52.6,1.346,17.9,38.0,305.0,6.168,216.0,6.25,,,,-0.161,1.108,1.269,finalized,Open-Meteo ERA5,Open-Meteo ERA5-Ocean,NOAA CO-OPS 8729678 Navarre Beach predictions,2026-08-08T15:57:33.641686-05:00
2025-04-08,71.2,46.9,0.0,13.4,22.4,337.0,4.79,321.0,5.05,,,,0.052,0.964,0.912,finalized,Open-Meteo ERA5,Open-Meteo ERA5-Ocean,NOAA CO-OPS 8729678 Navarre Beach predictions,2026-08-08T15:57:33.641686-05:00
2025-04-09,72.0,48.9,0.0,7.4,13.9,328.0,2.297,354.0,4.05,,,,0.258,0.825,0.567,finalized,Open-Meteo ERA5,Open-Meteo ERA5-Ocean,NOAA CO-OPS 8729678 Navarre Beach predictions,2026-08-08T15:57:33.641686-05:00
2025-04-10,77.8,48.1,0.0,11.6,20.4,258.0,2.756,259.0,3.55,,,,0.328,0.694,0.3659999999999999,finalized,Open-Meteo ERA5,Open-Meteo ERA5-Ocean,NOAA CO-OPS 8729678 Navarre Beach predictions,2026-08-08T15:57:33.641686-05:00
2025-04-11,76.9,58.7,0.0,13.0,25.3,322.0,3.346,267.0,4.9,,,,0.196,0.765,0.569,finalized,Open-Meteo ERA5,Open-Meteo ERA5-Ocean,NOAA CO-OPS 8729678 Navarre Beach predictions,2026-08-08T15:57:33.641686-05:00
2025-04-12,72.5,50.5,0.0,8.8,17.7,342.0,2.822,345.0,3.7,,,,0.064,0.947,0.883,finalized,Open-Meteo ERA5,Open-Meteo ERA5-Ocean,NOAA CO-OPS 8729678 Navarre Beach predictions,2026-08-08T15:57:33.641686-05:00
2025-04-13,72.0,47.7,0.0,8.1,14.5,160.0,1.444,40.0,2.95,,,,-0.047,1.1,1.147,finalized,Open-Meteo ERA5,Open-Meteo ERA5-Ocean,NOAA CO-OPS 8729678 Navarre Beach predictions,2026-08-08T15:57:33.641686-05:00
2025-04-14,75.8,51.6,0.0,11.8,23.5,225.0,1.903,233.0,3.15,,,,-0.125,1.217,1.342,finalized,Open-Meteo ERA5,Open-Meteo ERA5-Ocean,NOAA CO-OPS 8729678 Navarre Beach predictions,2026-08-08T15:57:33.641686-05:00
2025-04-15,78.8,61.3,0.0,11.5,23.5,300.0,3.084,261.0,4.2,,,,-0.169,1.303,1.472,finalized,Open-Meteo ERA5,Open-Meteo ERA5-Ocean,NOAA CO-OPS 8729678 Navarre Beach predictions,2026-08-08T15:57:33.641686-05:00
2025-04-16,75.4,49.6,0.0,9.1,17.2,359.0,2.559,22.0,3.6,,,,-0.191,1.367,1.558,finalized,Open-Meteo ERA5,Open-Meteo ERA5-Ocean,NOAA CO-OPS 8729678 Navarre Beach predictions,2026-08-08T15:57:33.641686-05:00
2025-04-17,76.9,47.7,0.0,8.7,18.6,146.0,1.509,151.0,3.25,,,,-0.205,1.419,1.624,finalized,Open-Meteo ERA5,Open-Meteo ERA5-Ocean,NOAA CO-OPS 8729678 Navarre Beach predictions,2026-08-08T15:57:33.641686-05:00
2025-04-18,76.9,57.5,0.0,12.9,27.5,154.0,3.018,154.0,4.25,,,,-0.204,1.462,1.666,finalized,Open-Meteo ERA5,Open-Meteo ERA5-Ocean,NOAA CO-OPS 8729678 Navarre Beach predictions,2026-08-08T15:57:33.641686-05:00
2025-04-19,77.6,63.2,0.0,12.0,24.6,133.0,3.084,149.0,5.3,,,,1.491,1.491,0.0,finalized,Open-Meteo ERA5,Open-Meteo ERA5-Ocean,NOAA CO-OPS 8729678 Navarre Beach predictions,2026-08-08T15:57:33.641686-05:00
2025-04-20,77.8,65.9,0.0,11.3,23.5,139.0,4.199,150.0,5.8,,,,-0.175,1.49,1.665,finalized,Open-Meteo ERA5,Open-Meteo ERA5-Ocean,NOAA CO-OPS 8729678 Navarre Beach predictions,2026-08-08T15:57:33.641686-05:00
2025-04-21,79.1,65.7,0.0,12.0,24.2,160.0,4.199,153.0,6.3,,,,-0.101,1.436,1.537,finalized,Open-Meteo ERA5,Open-Meteo ERA5-Ocean,NOAA CO-OPS 8729678 Navarre Beach predictions,2026-08-08T15:57:33.641686-05:00
2025-04-22,78.3,64.8,0.043,8.7,17.9,167.0,2.822,155.0,5.7,,,,0.035,1.311,1.276,finalized,Open-Meteo ERA5,Open-Meteo ERA5-Ocean,NOAA CO-OPS 8729678 Navarre Beach predictions,2026-08-08T15:57:33.641686-05:00
2025-04-23,79.7,67.0,0.051,9.4,18.3,166.0,2.1,152.0,5.1,,,,0.234,1.114,0.8800000000000001,finalized,Open-Meteo ERA5,Open-Meteo ERA5-Ocean,NOAA CO-OPS 8729678 Navarre Beach predictions,2026-08-08T15:57:33.641686-05:00
2025-04-24,80.5,66.5,0.0,10.5,21.5,145.0,2.1,148.0,4.8,,,,0.459,0.931,0.472,finalized,Open-Meteo ERA5,Open-Meteo ERA5-Ocean,NOAA CO-OPS 8729678 Navarre Beach predictions,2026-08-08T15:57:33.641686-05:00
2025-04-25,79.8,66.1,0.004,10.9,22.8,164.0,2.231,150.0,4.8,,,,0.318,0.988,0.6699999999999999,finalized,Open-Meteo ERA5,Open-Meteo ERA5-Ocean,NOAA CO-OPS 8729678 Navarre Beach predictions,2026-08-08T15:57:33.641686-05:00
2025-04-26,81.9,67.0,0.004,9.6,18.6,217.0,1.969,152.0,5.35,,,,0.021,1.257,1.236,finalized,Open-Meteo ERA5,Open-Meteo ERA5-Ocean,NOAA CO-OPS 8729678 Navarre Beach predictions,2026-08-08T15:57:33.641686-05:00
2025-04-27,82.8,67.1,0.035,9.1,17.9,233.0,1.509,162.0,4.9,,,,-0.238,1.534,1.772,finalized,Open-Meteo ERA5,Open-Meteo ERA5-Ocean,NOAA CO-OPS 8729678 Navarre Beach predictions,2026-08-08T15:57:33.641686-05:00
2025-04-28,82.4,66.2,0.028,10.5,20.6,200.0,1.181,165.0,3.65,,,,-0.43,1.743,2.173,finalized,Open-Meteo ERA5,Open-Meteo ERA5-Ocean,NOAA CO-OPS 8729678 Navarre Beach predictions,2026-08-08T15:57:33.641686-05:00
2025-04-29,82.0,66.1,0.024,9.7,22.4,144.0,1.903,134.0,4.05,,,,-0.54,1.858,2.398,finalized,Open-Meteo ERA5,Open-Meteo ERA5-Ocean,NOAA CO-OPS 8729678 Navarre Beach predictions,2026-08-08T15:57:33.641686-05:00
2025-04-30,81.3,70.7,0.016,10.7,21.7,154.0,3.15,143.0,4.4,,,,-0.56,1.878,2.438,finalized,Open-Meteo ERA5,Open-Meteo ERA5-Ocean,NOAA CO-OPS 8729678 Navarre Beach predictions,2026-08-08T15:57:33.641686-05:00
2025-05-01,79.7,68.8,0.0,10.8,27.3,165.0,2.953,151.0,4.65,,,,-0.497,1.818,2.315,finalized,Open-Meteo ERA5,Open-Meteo ERA5-Ocean,NOAA CO-OPS 8729678 Navarre Beach predictions,2026-08-08T15:57:33.641686-05:00
2025-05-02,79.9,67.0,0.016,15.0,26.4,171.0,3.346,157.0,5.05,,,,1.702,1.702,0.0,finalized,Open-Meteo ERA5,Open-Meteo ERA5-Ocean,NOAA CO-OPS 8729678 Navarre Beach predictions,2026-08-08T15:57:33.641686-05:00
2025-05-03,75.3,66.5,1.323,13.6,23.9,202.0,2.953,176.0,4.6,,,,-0.362,1.548,1.91,finalized,Open-Meteo ERA5,Open-Meteo ERA5-Ocean,NOAA CO-OPS 8729678 Navarre Beach predictions,2026-08-08T15:57:33.641686-05:00
2025-05-04,77.2,61.3,0.0,8.3,16.3,319.0,3.084,229.0,4.85,,,,-0.171,1.369,1.54,finalized,Open-Meteo ERA5,Open-Meteo ERA5-Ocean,NOAA CO-OPS 8729678 Navarre Beach predictions,2026-08-08T15:57:33.641686-05:00
2025-05-05,77.0,58.5,0.0,6.9,13.9,87.0,2.034,179.0,4.15,,,,0.061,1.17,1.109,finalized,Open-Meteo ERA5,Open-Meteo ERA5-Ocean,NOAA CO-OPS 8729678 Navarre Beach predictions,2026-08-08T15:57:33.641686-05:00
2025-05-06,78.1,65.2,0.323,8.9,21.7,91.0,2.625,124.0,4.2,,,,0.298,0.955,0.657,finalized,Open-Meteo ERA5,Open-Meteo ERA5-Ocean,NOAA CO-OPS 8729678 Navarre Beach predictions,2026-08-08T15:57:33.641686-05:00
2025-05-07,77.5,70.3,0.421,11.7,30.4,92.0,3.346,149.0,5.45,,,,0.478,0.823,0.345,finalized,Open-Meteo ERA5,Open-Meteo ERA5-Ocean,NOAA CO-OPS 8729678 Navarre Beach predictions,2026-08-08T15:57:33.641686-05:00
2025-05-08,82.2,68.7,0.232,10.4,20.6,192.0,3.15,173.0,5.8,,,,0.475,0.952,0.477,finalized,Open-Meteo ERA5,Open-Meteo ERA5-Ocean,NOAA CO-OPS 8729678 Navarre Beach predictions,2026-08-08T15:57:33.641686-05:00
2025-05-09,78.4,69.9,0.638,13.3,20.8,75.0,3.937,161.0,4.95,,,,0.272,1.116,0.8440000000000001,finalized,Open-Meteo ERA5,Open-Meteo ERA5-Ocean,NOAA CO-OPS 8729678 Navarre Beach predictions,2026-08-08T15:57:33.641686-05:00
2025-05-10,79.4,69.7,1.5,17.5,37.6,163.0,6.102,155.0,5.15,,,,0.089,1.278,1.189,finalized,Open-Meteo ERA5,Open-Meteo ERA5-Ocean,NOAA CO-OPS 8729678 Navarre Beach predictions,2026-08-08T15:57:33.641686-05:00
2025-05-11,77.1,67.7,0.146,13.5,23.9,138.0,3.281,162.0,5.5,,,,-0.058,1.4,1.458,finalized,Open-Meteo ERA5,Open-Meteo ERA5-Ocean,NOAA CO-OPS 8729678 Navarre Beach predictions,2026-08-08T15:57:33.641686-05:00
2025-05-12,77.8,67.3,0.102,13.1,27.1,219.0,3.478,204.0,4.65,,,,-0.161,1.484,1.645,finalized,Open-Meteo ERA5,Open-Meteo ERA5-Ocean,NOAA CO-OPS 8729678 Navarre Beach predictions,2026-08-08T15:57:33.641686-05:00
2025-05-13,80.0,65.2,0.016,9.3,19.9,245.0,3.412,224.0,5.1,,,,-0.221,1.54,1.761,finalized,Open-Meteo ERA5,Open-Meteo ERA5-Ocean,NOAA CO-OPS 8729678 Navarre Beach predictions,2026-08-08T15:57:33.641686-05:00
2025-05-14,82.6,66.6,0.0,11.5,23.3,212.0,2.428,219.0,4.45,,,,-0.247,1.584,1.831,finalized,Open-Meteo ERA5,Open-Meteo ERA5-Ocean,NOAA CO-OPS 8729678 Navarre Beach predictions,2026-08-08T15:57:33.641686-05:00
2025-05-15,85.8,74.9,0.0,13.0,27.3,208.0,3.543,204.0,5.0,,,,-0.246,1.625,1.871,finalized,Open-Meteo ERA5,Open-Meteo ERA5-Ocean,NOAA CO-OPS 8729678 Navarre Beach predictions,2026-08-08T15:57:33.641686-05:00
2025-05-16,85.9,75.1,0.0,11.2,22.6,216.0,2.493,200.0,4.8,,,,-0.217,1.662,1.879,finalized,Open-Meteo ERA5,Open-Meteo ERA5-Ocean,NOAA CO-OPS 8729678 Navarre Beach predictions,2026-08-08T15:57:33.641686-05:00
2025-05-17,85.2,76.4,0.0,10.0,20.1,224.0,2.165,203.0,3.85,,,,-0.147,1.68,1.827,finalized,Open-Meteo ERA5,Open-Meteo ERA5-Ocean,NOAA CO-OPS 8729678 Navarre Beach predictions,2026-08-08T15:57:33.641686-05:00
2025-05-18,84.7,73.1,0.0,8.3,19.7,216.0,1.575,196.0,3.75,,,,-0.024,1.653,1.677,finalized,Open-Meteo ERA5,Open-Meteo ERA5-Ocean,NOAA CO-OPS 8729678 Navarre Beach predictions,2026-08-08T15:57:33.641686-05:00
2025-05-19,85.0,72.9,0.0,8.8,18.1,187.0,1.575,177.0,3.7,,,,1.554,1.554,0.0,finalized,Open-Meteo ERA5,Open-Meteo ERA5-Ocean,NOAA CO-OPS 8729678 Navarre Beach predictions,2026-08-08T15:57:33.641686-05:00
2025-05-20,86.1,75.8,0.039,14.6,28.0,205.0,3.281,185.0,4.2,,,,0.16,1.363,1.203,finalized,Open-Meteo ERA5,Open-Meteo ERA5-Ocean,NOAA CO-OPS 8729678 Navarre Beach predictions,2026-08-08T15:57:33.641686-05:00
2025-05-21,84.6,70.2,0.445,10.8,18.1,281.0,3.478,216.0,4.7,,,,0.385,1.079,0.694,finalized,Open-Meteo ERA5,Open-Meteo ERA5-Ocean,NOAA CO-OPS 8729678 Navarre Beach predictions,2026-08-08T15:57:33.641686-05:00
2025-05-22,85.8,63.9,0.0,8.5,14.8,108.0,1.772,176.0,4.7,,,,0.721,1.061,0.3399999999999999,finalized,Open-Meteo ERA5,Open-Meteo ERA5-Ocean,NOAA CO-OPS 8729678 Navarre Beach predictions,2026-08-08T15:57:33.641686-05:00
2025-05-23,87.0,66.1,0.0,7.8,15.7,237.0,1.378,182.0,4.6,,,,0.34,1.27,0.93,finalized,Open-Meteo ERA5,Open-Meteo ERA5-Ocean,NOAA CO-OPS 8729678 Navarre Beach predictions,2026-08-08T15:57:33.641686-05:00
2025-05-24,84.3,70.6,0.051,6.6,15.9,226.0,1.247,193.0,3.85,,,,-0.024,1.535,1.559,finalized,Open-Meteo ERA5,Open-Meteo ERA5-Ocean,NOAA CO-OPS 8729678 Navarre Beach predictions,2026-08-08T15:57:33.641686-05:00
2025-05-25,86.9,73.0,0.047,7.0,17.7,221.0,1.772,196.0,3.55,,,,-0.324,1.778,2.102,finalized,Open-Meteo ERA5,Open-Meteo ERA5-Ocean,NOAA CO-OPS 8729678 Navarre Beach predictions,2026-08-08T15:57:33.641686-05:00
2025-05-26,87.5,73.3,0.126,9.9,21.3,207.0,2.034,197.0,3.8,,,,-0.529,1.944,2.473,finalized,Open-Meteo ERA5,Open-Meteo ERA5-Ocean,NOAA CO-OPS 8729678 Navarre Beach predictions,2026-08-08T15:57:33.641686-05:00
2025-05-27,85.4,75.9,0.138,10.1,20.6,193.0,2.362,186.0,4.35,,,,-0.63,2.019,2.649,finalized,Open-Meteo ERA5,Open-Meteo ERA5-Ocean,NOAA CO-OPS 8729678 Navarre Beach predictions,2026-08-08T15:57:33.641686-05:00
2025-05-28,89.0,72.6,0.307,9.7,18.8,229.0,2.165,192.0,4.2,,,,-0.63,2.009,2.639,finalized,Open-Meteo ERA5,Open-Meteo ERA5-Ocean,NOAA CO-OPS 8729678 Navarre Beach predictions,2026-08-08T15:57:33.641686-05:00
2025-05-29,80.5,72.7,0.843,11.8,25.7,181.0,2.428,186.0,4.7,,,,-0.541,1.931,2.472,finalized,Open-Meteo ERA5,Open-Meteo ERA5-Ocean,NOAA CO-OPS 8729678 Navarre Beach predictions,2026-08-08T15:57:33.641686-05:00
2025-05-30,87.5,70.2,0.11,11.0,24.4,265.0,2.493,223.0,4.6,,,,-0.376,1.802,2.178,finalized,Open-Meteo ERA5,Open-Meteo ERA5-Ocean,NOAA CO-OPS 8729678 Navarre Beach predictions,2026-08-08T15:57:33.641686-05:00
2025-05-31,82.6,69.0,0.043,9.8,17.4,326.0,3.084,329.0,4.05,,,,-0.153,1.635,1.788,finalized,Open-Meteo ERA5,Open-Meteo ERA5-Ocean,NOAA CO-OPS 8729678 Navarre Beach predictions,2026-08-08T15:57:33.641686-05:00
2025-06-01,82.5,65.2,0.008,7.9,15.9,229.0,1.312,231.0,3.55,,,,1.439,1.439,0.0,finalized,Open-Meteo ERA5,Open-Meteo ERA5-Ocean,NOAA CO-OPS 8729678 Navarre Beach predictions,2026-08-08T15:57:33.641686-05:00
2025-06-02,84.9,69.0,0.004,5.4,9.6,319.0,0.919,160.0,3.35,,,,0.104,1.219,1.115,finalized,Open-Meteo ERA5,Open-Meteo ERA5-Ocean,NOAA CO-OPS 8729678 Navarre Beach predictions,2026-08-08T15:57:33.641686-05:00
2025-06-03,85.7,70.0,0.0,10.4,22.4,82.0,3.018,115.0,4.3,,,,0.508,0.984,0.476,finalized,Open-Meteo ERA5,Open-Meteo ERA5-Ocean,NOAA CO-OPS 8729678 Navarre Beach predictions,2026-08-08T15:57:33.641686-05:00
2025-06-04,84.5,73.5,0.094,10.4,22.4,101.0,4.134,127.0,4.9,,,,0.611,0.93,0.319,finalized,Open-Meteo ERA5,Open-Meteo ERA5-Ocean,NOAA CO-OPS 8729678 Navarre Beach predictions,2026-08-08T15:57:33.641686-05:00
2025-06-05,85.7,73.9,0.087,8.7,17.9,195.0,2.1,153.0,5.2,,,,0.449,1.084,0.635,finalized,Open-Meteo ERA5,Open-Meteo ERA5-Ocean,NOAA CO-OPS 8729678 Navarre Beach predictions,2026-08-08T15:57:33.641686-05:00
2025-06-06,87.5,75.1,0.004,10.1,19.5,233.0,2.493,180.0,5.1,,,,0.241,1.261,1.02,finalized,Open-Meteo ERA5,Open-Meteo ERA5-Ocean,NOAA CO-OPS 8729678 Navarre Beach predictions,2026-08-08T15:57:33.641686-05:00
2025-06-07,89.7,78.6,0.0,13.5,26.8,245.0,3.215,226.0,4.15,,,,0.053,1.413,1.36,finalized,Open-Meteo ERA5,Open-Meteo ERA5-Ocean,NOAA CO-OPS 8729678 Navarre Beach predictions,2026-08-08T15:57:33.641686-05:00
2025-06-08,89.2,80.3,0.035,12.5,24.8,251.0,3.478,240.0,4.3,,,,-0.1,1.52,1.62,finalized,Open-Meteo ERA5,Open-Meteo ERA5-Ocean,NOAA CO-OPS 8729678 Navarre Beach predictions,2026-08-08T15:57:33.641686-05:00
2025-06-09,88.3,76.7,0.315,13.8,27.1,235.0,3.15,231.0,4.15,,,,-0.213,1.587,1.8,finalized,Open-Meteo ERA5,Open-Meteo ERA5-Ocean,NOAA CO-OPS 8729678 Navarre Beach predictions,2026-08-08T15:57:33.641686-05:00
2025-06-10,85.0,73.4,0.358,10.2,20.1,227.0,2.559,214.0,4.1,,,,-0.286,1.631,1.917,finalized,Open-Meteo ERA5,Open-Meteo ERA5-Ocean,NOAA CO-OPS 8729678 Navarre Beach predictions,2026-08-08T15:57:33.641686-05:00
2025-06-11,84.3,73.7,0.472,5.2,16.8,184.0,1.64,188.0,4.1,,,,-0.323,1.668,1.991,finalized,Open-Meteo ERA5,Open-Meteo ERA5-Ocean,NOAA CO-OPS 8729678 Navarre Beach predictions,2026-08-08T15:57:33.641686-05:00
2025-06-12,88.3,74.5,0.201,7.9,19.7,147.0,1.706,157.0,3.95,,,,-0.324,1.705,2.029,finalized,Open-Meteo ERA5,Open-Meteo ERA5-Ocean,NOAA CO-OPS 8729678 Navarre Beach predictions,2026-08-08T15:57:33.641686-05:00
2025-06-13,85.9,78.3,0.157,9.1,19.5,170.0,1.969,162.0,3.95,,,,-0.282,1.736,2.018,finalized,Open-Meteo ERA5,Open-Meteo ERA5-Ocean,NOAA CO-OPS 8729678 Navarre Beach predictions,2026-08-08T15:57:33.641686-05:00
2025-06-14,86.6,76.5,0.248,8.4,20.6,202.0,1.772,170.0,4.25,,,,-0.185,1.742,1.927,finalized,Open-Meteo ERA5,Open-Meteo ERA5-Ocean,NOAA CO-OPS 8729678 Navarre Beach predictions,2026-08-08T15:57:33.641686-05:00
2025-06-15,86.8,75.1,0.232,7.4,14.5,210.0,1.64,174.0,4.3,,,,-0.024,1.694,1.718,finalized,Open-Meteo ERA5,Open-Meteo ERA5-Ocean,NOAA CO-OPS 8729678 Navarre Beach predictions,2026-08-08T15:57:33.641686-05:00
2025-06-16,87.0,75.5,0.425,9.0,19.0,196.0,1.575,177.0,4.2,,,,0.192,1.567,1.375,finalized,Open-Meteo ERA5,Open-Meteo ERA5-Ocean,NOAA CO-OPS 8729678 Navarre Beach predictions,2026-08-08T15:57:33.641686-05:00
2025-06-17,84.7,75.9,0.098,10.3,27.5,185.0,1.903,172.0,4.2,,,,0.418,1.347,0.929,finalized,Open-Meteo ERA5,Open-Meteo ERA5-Ocean,NOAA CO-OPS 8729678 Navarre Beach predictions,2026-08-08T15:57:33.641686-05:00
2025-06-18,86.4,77.8,0.071,9.8,19.5,178.0,2.493,165.0,4.4,,,,0.603,1.049,0.4459999999999999,finalized,Open-Meteo ERA5,Open-Meteo ERA5-Ocean,NOAA CO-OPS 8729678 Navarre Beach predictions,2026-08-08T15:57:33.641686-05:00
2025-06-19,87.1,76.3,0.094,9.0,20.6,245.0,2.1,171.0,5.45,,,,0.615,1.136,0.5209999999999999,finalized,Open-Meteo ERA5,Open-Meteo ERA5-Ocean,NOAA CO-OPS 8729678 Navarre Beach predictions,2026-08-08T15:57:33.641686-05:00
2025-06-20,92.5,74.6,0.051,5.3,12.8,285.0,1.903,170.0,6.2,,,,0.246,1.377,1.131,finalized,Open-Meteo ERA5,Open-Meteo ERA5-Ocean,NOAA CO-OPS 8729678 Navarre Beach predictions,2026-08-08T15:57:33.641686-05:00
2025-06-21,92.1,78.2,0.055,5.3,13.6,248.0,1.903,164.0,6.45,,,,-0.103,1.635,1.738,finalized,Open-Meteo ERA5,Open-Meteo ERA5-Ocean,NOAA CO-OPS 8729678 Navarre Beach predictions,2026-08-08T15:57:33.641686-05:00
2025-06-22,91.0,76.9,0.193,3.1,11.2,72.0,1.378,151.0,4.85,,,,-0.385,1.846,2.231,finalized,Open-Meteo ERA5,Open-Meteo ERA5-Ocean,NOAA CO-OPS 8729678 Navarre Beach predictions,2026-08-08T15:57:33.641686-05:00
2025-06-23,90.1,76.1,0.398,9.5,18.1,87.0,2.1,139.0,4.5,,,,-0.574,1.978,2.552,finalized,Open-Meteo ERA5,Open-Meteo ERA5-Ocean,NOAA CO-OPS 8729678 Navarre Beach predictions,2026-08-08T15:57:33.641686-05:00
2025-06-24,91.2,76.1,0.11,4.6,17.0,100.0,1.837,137.0,4.8,,,,-0.661,2.026,2.687,finalized,Open-Meteo ERA5,Open-Meteo ERA5-Ocean,NOAA CO-OPS 8729678 Navarre Beach predictions,2026-08-08T15:57:33.641686-05:00
2025-06-25,92.1,77.7,0.067,6.5,12.3,319.0,1.903,144.0,5.0,,,,-0.65,2.002,2.652,finalized,Open-Meteo ERA5,Open-Meteo ERA5-Ocean,NOAA CO-OPS 8729678 Navarre Beach predictions,2026-08-08T15:57:33.641686-05:00
2025-06-26,85.1,75.6,0.386,13.8,19.2,83.0,2.822,104.0,4.65,,,,-0.551,1.92,2.471,finalized,Open-Meteo ERA5,Open-Meteo ERA5-Ocean,NOAA CO-OPS 8729678 Navarre Beach predictions,2026-08-08T15:57:33.641686-05:00
2025-06-27,85.0,74.7,0.114,6.6,15.4,156.0,1.312,141.0,4.05,,,,-0.377,1.792,2.169,finalized,Open-Meteo ERA5,Open-Meteo ERA5-Ocean,NOAA CO-OPS 8729678 Navarre Beach predictions,2026-08-08T15:57:33.641686-05:00
2025-06-28,84.8,75.9,0.417,9.8,20.8,172.0,1.772,160.0,3.85,,,,-0.144,1.626,1.7699999999999998,finalized,Open-Meteo ERA5,Open-Meteo ERA5-Ocean,NOAA CO-OPS 8729678 Navarre Beach predictions,2026-08-08T15:57:33.641686-05:00
2025-06-29,84.7,75.2,0.382,9.1,17.4,239.0,2.034,187.0,4.5,,,,0.119,1.429,1.31,finalized,Open-Meteo ERA5,Open-Meteo ERA5-Ocean,NOAA CO-OPS 8729678 Navarre Beach predictions,2026-08-08T15:57:33.641686-05:00
2025-06-30,81.1,75.4,1.122,8.3,17.7,279.0,2.165,209.0,4.35,,,,0.337,1.21,0.873,finalized,Open-Meteo ERA5,Open-Meteo ERA5-Ocean,NOAA CO-OPS 8729678 Navarre Beach predictions,2026-08-08T15:57:33.641686-05:00
2025-07-01,85.2,73.7,0.406,8.3,16.1,289.0,2.1,238.0,4.3,,,,0.488,0.979,0.491,finalized,Open-Meteo ERA5,Open-Meteo ERA5-Ocean,NOAA CO-OPS 8729678 Navarre Beach predictions,2026-08-08T15:57:33.641686-05:00
2025-07-02,88.5,74.5,0.358,8.9,18.6,276.0,3.215,245.0,4.25,,,,0.561,0.881,0.3199999999999999,finalized,Open-Meteo ERA5,Open-Meteo ERA5-Ocean,NOAA CO-OPS 8729678 Navarre Beach predictions,2026-08-08T15:57:33.641686-05:00
2025-07-03,91.8,75.8,0.008,7.3,14.8,341.0,2.362,258.0,4.3,,,,0.422,1.068,0.6460000000000001,finalized,Open-Meteo ERA5,Open-Meteo ERA5-Ocean,NOAA CO-OPS 8729678 Navarre Beach predictions,2026-08-08T15:57:33.641686-05:00
2025-07-04,91.6,75.3,0.0,7.0,13.2,348.0,1.378,321.0,3.25,,,,0.231,1.258,1.027,finalized,Open-Meteo ERA5,Open-Meteo ERA5-Ocean,NOAA CO-OPS 8729678 Navarre Beach predictions,2026-08-08T15:57:33.641686-05:00
2025-07-05,90.5,76.0,0.0,7.8,23.5,37.0,1.969,51.0,3.35,,,,0.058,1.408,1.35,finalized,Open-Meteo ERA5,Open-Meteo ERA5-Ocean,NOAA CO-OPS 8729678 Navarre Beach predictions,2026-08-08T15:57:33.641686-05:00
2025-07-06,90.2,75.7,0.0,6.2,11.0,303.0,1.181,315.0,2.95,,,,-0.085,1.513,1.598,finalized,Open-Meteo ERA5,Open-Meteo ERA5-Ocean,NOAA CO-OPS 8729678 Navarre Beach predictions,2026-08-08T15:57:33.641686-05:00
2025-07-07,88.2,76.4,0.177,7.4,19.7,262.0,1.444,244.0,2.9,,,,-0.194,1.583,1.777,finalized,Open-Meteo ERA5,Open-Meteo ERA5-Ocean,NOAA CO-OPS 8729678 Navarre Beach predictions,2026-08-08T15:57:33.641686-05:00
2025-07-08,89.5,76.0,0.024,9.4,18.1,247.0,1.706,241.0,3.2,,,,-0.269,1.635,1.904,finalized,Open-Meteo ERA5,Open-Meteo ERA5-Ocean,NOAA CO-OPS 8729678 Navarre Beach predictions,2026-08-08T15:57:33.641686-05:00
2025-07-09,88.9,75.7,0.051,10.2,19.0,250.0,2.1,240.0,3.6,,,,-0.31,1.682,1.992,finalized,Open-Meteo ERA5,Open-Meteo ERA5-Ocean,NOAA CO-OPS 8729678 Navarre Beach predictions,2026-08-08T15:57:33.641686-05:00
2025-07-10,89.2,75.6,0.098,10.4,21.7,255.0,2.297,251.0,3.55,,,,-0.308,1.723,2.031,finalized,Open-Meteo ERA5,Open-Meteo ERA5-Ocean,NOAA CO-OPS 8729678 Navarre Beach predictions,2026-08-08T15:57:33.641686-05:00
2025-07-11,89.2,76.1,0.004,8.5,17.7,262.0,1.837,254.0,3.5,,,,-0.253,1.748,2.001,finalized,Open-Meteo ERA5,Open-Meteo ERA5-Ocean,NOAA CO-OPS 8729678 Navarre Beach predictions,2026-08-08T15:57:33.641686-05:00
2025-07-12,91.3,76.5,0.201,7.9,14.8,262.0,1.115,239.0,3.05,,,,-0.131,1.733,1.864,finalized,Open-Meteo ERA5,Open-Meteo ERA5-Ocean,NOAA CO-OPS 8729678 Navarre Beach predictions,2026-08-08T15:57:33.641686-05:00
2025-07-13,90.2,78.1,0.197,6.4,16.3,247.0,1.181,184.0,4.0,,,,0.061,1.655,1.594,finalized,Open-Meteo ERA5,Open-Meteo ERA5-Ocean,NOAA CO-OPS 8729678 Navarre Beach predictions,2026-08-08T15:57:33.641686-05:00
2025-07-14,94.9,75.7,0.154,8.2,16.8,306.0,1.509,209.0,3.85,,,,0.289,1.496,1.207,finalized,Open-Meteo ERA5,Open-Meteo ERA5-Ocean,NOAA CO-OPS 8729678 Navarre Beach predictions,2026-08-08T15:57:33.641686-05:00
2025-07-15,95.8,77.3,0.024,8.2,18.6,354.0,1.903,293.0,3.6,,,,0.494,1.253,0.7589999999999999,finalized,Open-Meteo ERA5,Open-Meteo ERA5-Ocean,NOAA CO-OPS 8729678 Navarre Beach predictions,2026-08-08T15:57:33.641686-05:00
2025-07-16,86.2,78.5,0.563,8.3,23.9,58.0,1.312,263.0,3.6,,,,0.636,0.953,0.3169999999999999,finalized,Open-Meteo ERA5,Open-Meteo ERA5-Ocean,NOAA CO-OPS 8729678 Navarre Beach predictions,2026-08-08T15:57:33.641686-05:00
2025-07-17,85.4,78.4,0.346,14.4,27.5,153.0,3.937,155.0,4.75,,,,0.545,1.158,0.6129999999999999,finalized,Open-Meteo ERA5,Open-Meteo ERA5-Ocean,NOAA CO-OPS 8729678 Navarre Beach predictions,2026-08-08T15:57:33.641686-05:00
2025-07-18,86.8,79.1,0.209,10.2,23.9,181.0,3.609,184.0,4.8,,,,0.2,1.425,1.225,finalized,Open-Meteo ERA5,Open-Meteo ERA5-Ocean,NOAA CO-OPS 8729678 Navarre Beach predictions,2026-08-08T15:57:33.641686-05:00
2025-07-19,88.6,77.5,0.008,8.6,17.7,222.0,1.837,184.0,4.2,,,,-0.106,1.669,1.775,finalized,Open-Meteo ERA5,Open-Meteo ERA5-Ocean,NOAA CO-OPS 8729678 Navarre Beach predictions,2026-08-08T15:57:33.641686-05:00
2025-07-20,90.0,76.8,0.004,8.2,17.2,250.0,1.378,181.0,4.2,,,,-0.34,1.847,2.187,finalized,Open-Meteo ERA5,Open-Meteo ERA5-Ocean,NOAA CO-OPS 8729678 Navarre Beach predictions,2026-08-08T15:57:33.641686-05:00
2025-07-21,93.1,79.4,0.016,7.2,16.1,271.0,1.64,224.0,3.65,,,,-0.487,1.947,2.434,finalized,Open-Meteo ERA5,Open-Meteo ERA5-Ocean,NOAA CO-OPS 8729678 Navarre Beach predictions,2026-08-08T15:57:33.641686-05:00
2025-07-22,93.8,80.9,0.004,7.6,18.1,284.0,1.772,262.0,3.4,,,,-0.541,1.976,2.517,finalized,Open-Meteo ERA5,Open-Meteo ERA5-Ocean,NOAA CO-OPS 8729678 Navarre Beach predictions,2026-08-08T15:57:33.641686-05:00
2025-07-23,91.3,77.2,2.264,5.9,18.1,23.0,1.05,260.0,3.0,,,,-0.509,1.946,2.455,finalized,Open-Meteo ERA5,Open-Meteo ERA5-Ocean,NOAA CO-OPS 8729678 Navarre Beach predictions,2026-08-08T15:57:33.641686-05:00
2025-07-24,85.0,77.1,1.72,10.8,21.3,125.0,2.756,134.0,3.95,,,,-0.397,1.867,2.264,finalized,Open-Meteo ERA5,Open-Meteo ERA5-Ocean,NOAA CO-OPS 8729678 Navarre Beach predictions,2026-08-08T15:57:33.641686-05:00
2025-07-25,83.7,77.8,0.559,9.6,21.5,154.0,3.084,165.0,4.4,,,,-0.216,1.743,1.959,finalized,Open-Meteo ERA5,Open-Meteo ERA5-Ocean,NOAA CO-OPS 8729678 Navarre Beach predictions,2026-08-08T15:57:33.641686-05:00
2025-07-26,88.2,77.1,0.055,7.1,16.6,155.0,2.428,177.0,4.5,,,,0.016,1.58,1.564,finalized,Open-Meteo ERA5,Open-Meteo ERA5-Ocean,NOAA CO-OPS 8729678 Navarre Beach predictions,2026-08-08T15:57:33.641686-05:00
2025-07-27,92.3,78.0,0.043,7.7,15.2,295.0,1.772,168.0,4.9,,,,0.273,1.386,1.113,finalized,Open-Meteo ERA5,Open-Meteo ERA5-Ocean,NOAA CO-OPS 8729678 Navarre Beach predictions,2026-08-08T15:57:33.641686-05:00
2025-07-28,95.1,78.6,0.0,8.8,18.6,326.0,1.837,280.0,3.85,,,,0.447,1.173,0.726,finalized,Open-Meteo ERA5,Open-Meteo ERA5-Ocean,NOAA CO-OPS 8729678 Navarre Beach predictions,2026-08-08T15:57:33.641686-05:00
2025-07-29,92.9,79.4,0.504,6.7,17.9,330.0,1.181,282.0,3.15,,,,0.569,0.953,0.384,finalized,Open-Meteo ERA5,Open-Meteo ERA5-Ocean,NOAA CO-OPS 8729678 Navarre Beach predictions,2026-08-08T15:57:33.641686-05:00
2025-07-30,88.6,79.4,0.571,7.3,18.1,205.0,1.378,236.0,2.9,,,,0.618,0.871,0.253,finalized,Open-Meteo ERA5,Open-Meteo ERA5-Ocean,NOAA CO-OPS 8729678 Navarre Beach predictions,2026-08-08T15:57:33.641686-05:00
2025-07-31,89.6,77.8,0.11,8.9,19.5,225.0,1.509,219.0,3.2,,,,0.497,1.082,0.5850000000000001,finalized,Open-Meteo ERA5,Open-Meteo ERA5-Ocean,NOAA CO-OPS 8729678 Navarre Beach predictions,2026-08-08T15:57:33.641686-05:00
2025-08-01,89.6,78.8,0.02,9.0,18.3,244.0,1.969,233.0,3.45,,,,0.325,1.263,0.938,finalized,Open-Meteo ERA5,Open-Meteo ERA5-Ocean,NOAA CO-OPS 8729678 Navarre Beach predictions,2026-08-08T15:57:33.641686-05:00
2025-08-02,89.5,78.2,0.122,9.2,19.5,239.0,1.969,239.0,3.6,,,,0.176,1.399,1.223,finalized,Open-Meteo ERA5,Open-Meteo ERA5-Ocean,NOAA CO-OPS 8729678 Navarre Beach predictions,2026-08-08T15:57:33.641686-05:00
2025-08-03,86.8,77.4,0.398,6.2,12.8,272.0,1.378,220.0,3.4,,,,0.054,1.497,1.443,finalized,Open-Meteo ERA5,Open-Meteo ERA5-Ocean,NOAA CO-OPS 8729678 Navarre Beach predictions,2026-08-08T15:57:33.641686-05:00
2025-08-04,80.7,76.0,0.61,8.0,13.4,46.0,1.312,176.0,3.8,,,,-0.038,1.573,1.611,finalized,Open-Meteo ERA5,Open-Meteo ERA5-Ocean,NOAA CO-OPS 8729678 Navarre Beach predictions,2026-08-08T15:57:33.641686-05:00
2025-08-05,84.5,75.9,0.366,6.1,13.2,13.0,1.378,176.0,4.0,,,,-0.102,1.64,1.742,finalized,Open-Meteo ERA5,Open-Meteo ERA5-Ocean,NOAA CO-OPS 8729678 Navarre Beach predictions,2026-08-08T15:57:33.641686-05:00
2025-08-06,88.0,76.2,0.303,6.8,13.2,303.0,1.378,191.0,4.0,,,,-0.132,1.703,1.835,finalized,Open-Meteo ERA5,Open-Meteo ERA5-Ocean,NOAA CO-OPS 8729678 Navarre Beach predictions,2026-08-08T15:57:33.641686-05:00
2025-08-07,87.1,76.1,0.091,7.2,16.1,60.0,1.509,118.0,3.65,,,,-0.115,1.752,1.867,finalized,Open-Meteo ERA5,Open-Meteo ERA5-Ocean,NOAA CO-OPS 8729678 Navarre Beach predictions,2026-08-08T15:57:33.641686-05:00
2025-08-08,86.8,74.6,0.024,8.6,20.8,64.0,2.887,91.0,3.85,,,,-0.037,1.769,1.806,finalized,Open-Meteo ERA5,Open-Meteo ERA5-Ocean,NOAA CO-OPS 8729678 Navarre Beach predictions,2026-08-08T15:57:33.641686-05:00
2025-08-09,86.6,74.7,0.024,10.6,23.7,59.0,2.953,91.0,4.55,,,,0.113,1.729,1.616,finalized,Open-Meteo ERA5,Open-Meteo ERA5-Ocean,NOAA CO-OPS 8729678 Navarre Beach predictions,2026-08-08T15:57:33.641686-05:00
2025-08-10,86.2,76.7,0.154,10.1,20.6,63.0,3.215,99.0,4.2,,,,0.33,1.616,1.286,finalized,Open-Meteo ERA5,Open-Meteo ERA5-Ocean,NOAA CO-OPS 8729678 Navarre Beach predictions,2026-08-08T15:57:33.641686-05:00
2025-08-11,85.7,76.7,0.339,8.9,17.9,93.0,2.69,116.0,3.95,,,,0.542,1.421,0.879,finalized,Open-Meteo ERA5,Open-Meteo ERA5-Ocean,NOAA CO-OPS 8729678 Navarre Beach predictions,2026-08-08T15:57:33.641686-05:00
2025-08-12,83.3,78.1,0.579,11.7,23.0,162.0,3.346,157.0,4.85,,,,0.71,1.156,0.4459999999999999,finalized,Open-Meteo ERA5,Open-Meteo ERA5-Ocean,NOAA CO-OPS 8729678 Navarre Beach predictions,2026-08-08T15:57:33.641686-05:00
2025-08-13,85.9,77.8,0.331,11.1,20.8,221.0,3.609,198.0,4.45,,,,0.691,1.03,0.3390000000000001,finalized,Open-Meteo ERA5,Open-Meteo ERA5-Ocean,NOAA CO-OPS 8729678 Navarre Beach predictions,2026-08-08T15:57:33.641686-05:00
2025-08-14,91.6,78.5,0.185,8.6,16.3,243.0,2.493,220.0,4.3,,,,0.511,1.305,0.7939999999999999,finalized,Open-Meteo ERA5,Open-Meteo ERA5-Ocean,NOAA CO-OPS 8729678 Navarre Beach predictions,2026-08-08T15:57:33.641686-05:00
2025-08-15,89.3,76.9,0.079,4.6,12.8,284.0,1.575,226.0,3.75,,,,0.214,1.572,1.358,finalized,Open-Meteo ERA5,Open-Meteo ERA5-Ocean,NOAA CO-OPS 8729678 Navarre Beach predictions,2026-08-08T15:57:33.641686-05:00
2025-08-16,92.6,76.3,0.071,6.1,17.7,337.0,1.115,236.0,3.4,,,,-0.025,1.774,1.799,finalized,Open-Meteo ERA5,Open-Meteo ERA5-Ocean,NOAA CO-OPS 8729678 Navarre Beach predictions,2026-08-08T15:57:33.641686-05:00
2025-08-17,91.6,79.0,0.043,4.9,14.5,15.0,1.05,8.0,3.15,,,,-0.188,1.898,2.086,finalized,Open-Meteo ERA5,Open-Meteo ERA5-Ocean,NOAA CO-OPS 8729678 Navarre Beach predictions,2026-08-08T15:57:33.641686-05:00
2025-08-18,92.2,77.1,0.004,5.4,15.2,39.0,0.722,67.0,2.9,,,,-0.27,1.951,2.221,finalized,Open-Meteo ERA5,Open-Meteo ERA5-Ocean,NOAA CO-OPS 8729678 Navarre Beach predictions,2026-08-08T15:57:33.641686-05:00
2025-08-19,88.0,76.2,0.622,6.7,17.7,79.0,0.853,97.0,2.8,,,,-0.27,1.95,2.22,finalized,Open-Meteo ERA5,Open-Meteo ERA5-Ocean,NOAA CO-OPS 8729678 Navarre Beach predictions,2026-08-08T15:57:33.641686-05:00
2025-08-20,89.0,75.6,0.157,6.2,13.6,331.0,0.787,118.0,2.9,,,,-0.195,1.908,2.103,finalized,Open-Meteo ERA5,Open-Meteo ERA5-Ocean,NOAA CO-OPS 8729678 Navarre Beach predictions,2026-08-08T15:57:33.641686-05:00
2025-08-21,88.6,77.1,0.937,6.6,14.3,265.0,0.722,199.0,2.5,,,,-0.055,1.826,1.881,finalized,Open-Meteo ERA5,Open-Meteo ERA5-Ocean,NOAA CO-OPS 8729678 Navarre Beach predictions,2026-08-08T15:57:33.641686-05:00
2025-08-22,86.1,74.9,0.437,6.3,18.1,114.0,1.115,198.0,3.45,,,,0.14,1.702,1.5619999999999998,finalized,Open-Meteo ERA5,Open-Meteo ERA5-Ocean,NOAA CO-OPS 8729678 Navarre Beach predictions,2026-08-08T15:57:33.641686-05:00
2025-08-23,86.6,75.2,0.193,5.8,15.0,314.0,1.247,209.0,3.85,,,,0.37,1.538,1.168,finalized,Open-Meteo ERA5,Open-Meteo ERA5-Ocean,NOAA CO-OPS 8729678 Navarre Beach predictions,2026-08-08T15:57:33.641686-05:00
2025-08-24,89.3,74.9,0.173,6.6,15.2,231.0,1.575,230.0,3.55,,,,0.57,1.348,0.7780000000000001,finalized,Open-Meteo ERA5,Open-Meteo ERA5-Ocean,NOAA CO-OPS 8729678 Navarre Beach predictions,2026-08-08T15:57:33.641686-05:00
2025-08-25,90.7,75.1,0.0,6.3,12.5,12.0,1.378,208.0,3.85,,,,0.612,1.145,0.533,finalized,Open-Meteo ERA5,Open-Meteo ERA5-Ocean,NOAA CO-OPS 8729678 Navarre Beach predictions,2026-08-08T15:57:33.641686-05:00
2025-08-26,88.9,70.9,0.0,8.5,16.6,24.0,2.493,65.0,3.75,,,,0.615,1.082,0.4670000000000001,finalized,Open-Meteo ERA5,Open-Meteo ERA5-Ocean,NOAA CO-OPS 8729678 Navarre Beach predictions,2026-08-08T15:57:33.641686-05:00
2025-08-27,85.9,71.4,0.0,8.1,17.0,23.0,2.428,56.0,3.6,,,,0.597,1.265,0.6679999999999999,finalized,Open-Meteo ERA5,Open-Meteo ERA5-Ocean,NOAA CO-OPS 8729678 Navarre Beach predictions,2026-08-08T15:57:33.641686-05:00
2025-08-28,88.1,66.1,0.0,5.6,11.0,9.0,0.919,70.0,3.2,,,,0.551,0.551,0.0,finalized,Open-Meteo ERA5,Open-Meteo ERA5-Ocean,NOAA CO-OPS 8729678 Navarre Beach predictions,2026-08-08T15:57:33.641686-05:00
2025-08-29,77.1,72.2,0.563,6.7,17.0,51.0,1.378,48.0,2.9,,,,0.438,1.403,0.965,finalized,Open-Meteo ERA5,Open-Meteo ERA5-Ocean,NOAA CO-OPS 8729678 Navarre Beach predictions,2026-08-08T15:57:33.641686-05:00
2025-08-30,82.3,74.7,0.409,7.7,16.1,57.0,1.969,141.0,3.3,,,,0.331,1.501,1.17,finalized,Open-Meteo ERA5,Open-Meteo ERA5-Ocean,NOAA CO-OPS 8729678 Navarre Beach predictions,2026-08-08T15:57:33.641686-05:00
2025-08-31,87.5,71.1,0.0,10.4,20.6,52.0,2.559,74.0,3.75,,,,0.249,1.569,1.3199999999999998,finalized,Open-Meteo ERA5,Open-Meteo ERA5-Ocean,NOAA CO-OPS 8729678 Navarre Beach predictions,2026-08-08T15:57:33.641686-05:00
2025-09-01,86.0,71.7,0.0,10.1,20.4,64.0,3.478,89.0,4.45,,,,0.189,1.628,1.4389999999999998,finalized,Open-Meteo ERA5,Open-Meteo ERA5-Ocean,NOAA CO-OPS 8729678 Navarre Beach predictions,2026-08-08T15:57:33.641686-05:00
2025-09-02,85.4,67.9,0.0,8.1,17.2,59.0,3.609,90.0,4.4,,,,0.153,1.688,1.535,finalized,Open-Meteo ERA5,Open-Meteo ERA5-Ocean,NOAA CO-OPS 8729678 Navarre Beach predictions,2026-08-08T15:57:33.641686-05:00
2025-09-03,86.0,67.1,0.0,5.8,11.0,104.0,1.706,103.0,4.2,,,,0.152,1.748,1.596,finalized,Open-Meteo ERA5,Open-Meteo ERA5-Ocean,NOAA CO-OPS 8729678 Navarre Beach predictions,2026-08-08T15:57:33.641686-05:00
2025-09-04,87.1,69.0,0.0,5.6,12.5,210.0,1.575,131.0,4.35,,,,0.2,1.79,1.59,finalized,Open-Meteo ERA5,Open-Meteo ERA5-Ocean,NOAA CO-OPS 8729678 Navarre Beach predictions,2026-08-08T15:57:33.641686-05:00
2025-09-05,88.6,68.9,0.0,5.3,13.4,175.0,1.115,135.0,4.15,,,,0.312,1.788,1.476,finalized,Open-Meteo ERA5,Open-Meteo ERA5-Ocean,NOAA CO-OPS 8729678 Navarre Beach predictions,2026-08-08T15:57:33.641686-05:00
2025-09-06,89.4,71.6,0.024,5.4,16.1,4.0,1.509,127.0,4.5,,,,0.492,1.722,1.23,finalized,Open-Meteo ERA5,Open-Meteo ERA5-Ocean,NOAA CO-OPS 8729678 Navarre Beach predictions,2026-08-08T15:57:33.641686-05:00
2025-09-07,88.3,73.3,0.0,10.2,20.1,5.0,2.559,29.0,3.65,,,,0.7,1.584,0.8840000000000001,finalized,Open-Meteo ERA5,Open-Meteo ERA5-Ocean,NOAA CO-OPS 8729678 Navarre Beach predictions,2026-08-08T15:57:33.641686-05:00
2025-09-08,88.1,67.0,0.051,10.7,18.8,35.0,3.412,39.0,3.95,,,,0.744,1.388,0.6439999999999999,finalized,Open-Meteo ERA5,Open-Meteo ERA5-Ocean,NOAA CO-OPS 8729678 Navarre Beach predictions,2026-08-08T15:57:33.641686-05:00
2025-09-09,86.7,71.3,0.0,11.9,24.2,64.0,4.068,94.0,5.1,,,,0.648,1.371,0.723,finalized,Open-Meteo ERA5,Open-Meteo ERA5-Ocean,NOAA CO-OPS 8729678 Navarre Beach predictions,2026-08-08T15:57:33.641686-05:00
2025-09-10,87.2,70.6,0.0,9.4,17.9,54.0,3.15,97.0,4.7,,,,0.533,1.649,1.116,finalized,Open-Meteo ERA5,Open-Meteo ERA5-Ocean,NOAA CO-OPS 8729678 Navarre Beach predictions,2026-08-08T15:57:33.641686-05:00
2025-09-11,88.5,65.0,0.0,6.3,14.8,33.0,1.575,88.0,4.35,,,,0.403,1.862,1.459,finalized,Open-Meteo ERA5,Open-Meteo ERA5-Ocean,NOAA CO-OPS 8729678 Navarre Beach predictions,2026-08-08T15:57:33.641686-05:00
2025-09-12,90.1,66.0,0.0,5.1,15.4,45.0,0.984,101.0,3.4,,,,0.191,0.191,0.0,finalized,Open-Meteo ERA5,Open-Meteo ERA5-Ocean,NOAA CO-OPS 8729678 Navarre Beach predictions,2026-08-08T15:57:33.641686-05:00
2025-09-13,87.4,69.4,0.0,6.4,14.3,57.0,1.575,89.0,3.7,,,,0.035,1.991,1.956,finalized,Open-Meteo ERA5,Open-Meteo ERA5-Ocean,NOAA CO-OPS 8729678 Navarre Beach predictions,2026-08-08T15:57:33.641686-05:00
2025-09-14,87.0,64.4,0.0,7.7,17.0,41.0,1.444,92.0,3.55,,,,-0.045,2.036,2.081,finalized,Open-Meteo ERA5,Open-Meteo ERA5-Ocean,NOAA CO-OPS 8729678 Navarre Beach predictions,2026-08-08T15:57:33.641686-05:00
2025-09-15,87.3,65.4,0.0,6.4,13.2,119.0,0.787,115.0,3.5,,,,-0.047,2.016,2.063,finalized,Open-Meteo ERA5,Open-Meteo ERA5-Ocean,NOAA CO-OPS 8729678 Navarre Beach predictions,2026-08-08T15:57:33.641686-05:00
2025-09-16,87.1,64.5,0.0,6.3,14.3,95.0,1.115,103.0,3.45,,,,0.024,1.955,1.931,finalized,Open-Meteo ERA5,Open-Meteo ERA5-Ocean,NOAA CO-OPS 8729678 Navarre Beach predictions,2026-08-08T15:57:33.641686-05:00
2025-09-17,87.6,65.2,0.0,7.1,13.4,208.0,0.984,105.0,3.3,,,,0.158,1.869,1.711,finalized,Open-Meteo ERA5,Open-Meteo ERA5-Ocean,NOAA CO-OPS 8729678 Navarre Beach predictions,2026-08-08T15:57:33.641686-05:00
2025-09-18,89.8,67.6,0.0,7.7,11.4,249.0,1.05,123.0,3.5,,,,0.344,1.761,1.4169999999999998,finalized,Open-Meteo ERA5,Open-Meteo ERA5-Ocean,NOAA CO-OPS 8729678 Navarre Beach predictions,2026-08-08T15:57:33.641686-05:00
2025-09-19,92.0,69.1,0.0,8.4,12.8,272.0,1.181,148.0,3.75,,,,0.564,1.625,1.061,finalized,Open-Meteo ERA5,Open-Meteo ERA5-Ocean,NOAA CO-OPS 8729678 Navarre Beach predictions,2026-08-08T15:57:33.641686-05:00
2025-09-20,91.4,70.5,0.008,6.6,11.6,278.0,1.115,207.0,3.4,,,,0.758,1.462,0.704,finalized,Open-Meteo ERA5,Open-Meteo ERA5-Ocean,NOAA CO-OPS 8729678 Navarre Beach predictions,2026-08-08T15:57:33.641686-05:00
2025-09-21,86.6,70.0,0.039,7.5,17.0,163.0,1.115,150.0,3.1,,,,0.738,1.288,0.55,finalized,Open-Meteo ERA5,Open-Meteo ERA5-Ocean,NOAA CO-OPS 8729678 Navarre Beach predictions,2026-08-08T15:57:33.641686-05:00
2025-09-22,86.8,71.5,0.008,7.6,18.6,128.0,1.903,121.0,3.9,,,,0.658,1.237,0.5790000000000001,finalized,Open-Meteo ERA5,Open-Meteo ERA5-Ocean,NOAA CO-OPS 8729678 Navarre Beach predictions,2026-08-08T15:57:33.641686-05:00
2025-09-23,87.8,70.6,0.0,7.9,12.5,211.0,1.312,141.0,3.9,,,,0.572,1.41,0.838,finalized,Open-Meteo ERA5,Open-Meteo ERA5-Ocean,NOAA CO-OPS 8729678 Navarre Beach predictions,2026-08-08T15:57:33.641686-05:00
2025-09-24,86.9,72.2,0.0,10.6,22.1,215.0,1.247,180.0,3.25,,,,0.496,1.541,1.045,finalized,Open-Meteo ERA5,Open-Meteo ERA5-Ocean,NOAA CO-OPS 8729678 Navarre Beach predictions,2026-08-08T15:57:33.641686-05:00
2025-09-25,84.1,75.5,0.819,10.4,22.6,233.0,2.362,233.0,3.75,,,,0.44,1.631,1.191,finalized,Open-Meteo ERA5,Open-Meteo ERA5-Ocean,NOAA CO-OPS 8729678 Navarre Beach predictions,2026-08-08T15:57:33.641686-05:00
2025-09-26,81.1,73.1,0.89,5.7,15.2,219.0,1.903,231.0,3.75,,,,0.403,1.686,1.283,finalized,Open-Meteo ERA5,Open-Meteo ERA5-Ocean,NOAA CO-OPS 8729678 Navarre Beach predictions,2026-08-08T15:57:33.641686-05:00
2025-09-27,87.7,68.6,0.0,4.8,12.1,342.0,1.247,204.0,4.25,,,,0.363,0.363,0.0,finalized,Open-Meteo ERA5,Open-Meteo ERA5-Ocean,NOAA CO-OPS 8729678 Navarre Beach predictions,2026-08-08T15:57:33.641686-05:00
2025-09-28,88.6,68.9,0.0,6.9,15.7,27.0,1.378,24.0,3.25,,,,0.331,1.719,1.388,finalized,Open-Meteo ERA5,Open-Meteo ERA5-Ocean,NOAA CO-OPS 8729678 Navarre Beach predictions,2026-08-08T15:57:33.641686-05:00
2025-09-29,85.9,70.8,0.0,8.1,19.9,41.0,2.493,72.0,3.7,,,,0.314,1.742,1.428,finalized,Open-Meteo ERA5,Open-Meteo ERA5-Ocean,NOAA CO-OPS 8729678 Navarre Beach predictions,2026-08-08T15:57:33.641686-05:00
2025-09-30,82.8,69.2,0.004,8.6,19.2,34.0,1.969,59.0,3.5,,,,0.319,1.766,1.447,finalized,Open-Meteo ERA5,Open-Meteo ERA5-Ocean,NOAA CO-OPS 8729678 Navarre Beach predictions,2026-08-08T15:57:33.641686-05:00
2025-10-01,85.8,68.8,0.02,8.7,16.8,47.0,1.903,64.0,3.4,,,,0.36,1.786,1.4260000000000002,finalized,Open-Meteo ERA5,Open-Meteo ERA5-Ocean,NOAA CO-OPS 8729678 Navarre Beach predictions,2026-08-08T15:57:33.641686-05:00
2025-10-02,83.6,68.4,0.008,13.0,25.3,66.0,4.593,89.0,4.85,,,,0.45,1.782,1.332,finalized,Open-Meteo ERA5,Open-Meteo ERA5-Ocean,NOAA CO-OPS 8729678 Navarre Beach predictions,2026-08-08T15:57:33.641686-05:00
2025-10-03,82.0,66.7,0.004,12.8,25.3,63.0,5.774,93.0,5.5,,,,0.599,1.731,1.132,finalized,Open-Meteo ERA5,Open-Meteo ERA5-Ocean,NOAA CO-OPS 8729678 Navarre Beach predictions,2026-08-08T15:57:33.641686-05:00
2025-10-04,82.5,70.0,0.004,12.7,23.7,66.0,6.102,98.0,5.55,,,,0.79,1.622,0.8320000000000001,finalized,Open-Meteo ERA5,Open-Meteo ERA5-Ocean,NOAA CO-OPS 8729678 Navarre Beach predictions,2026-08-08T15:57:33.641686-05:00
2025-10-05,77.8,72.7,0.622,13.2,24.8,92.0,7.218,118.0,5.95,,,,0.949,1.471,0.5220000000000001,finalized,Open-Meteo ERA5,Open-Meteo ERA5-Ocean,NOAA CO-OPS 8729678 Navarre Beach predictions,2026-08-08T15:57:33.641686-05:00
2025-10-06,83.7,75.1,0.193,12.3,19.5,109.0,4.724,123.0,4.95,,,,0.754,1.453,0.6990000000000001,finalized,Open-Meteo ERA5,Open-Meteo ERA5-Ocean,NOAA CO-OPS 8729678 Navarre Beach predictions,2026-08-08T15:57:33.641686-05:00
2025-10-07,83.7,73.5,0.0,8.2,17.2,88.0,3.675,119.0,5.0,,,,0.534,1.736,1.202,finalized,Open-Meteo ERA5,Open-Meteo ERA5-Ocean,NOAA CO-OPS 8729678 Navarre Beach predictions,2026-08-08T15:57:33.641686-05:00
2025-10-08,89.1,73.4,0.016,6.7,16.8,23.0,1.837,122.0,4.95,,,,0.328,1.972,1.644,finalized,Open-Meteo ERA5,Open-Meteo ERA5-Ocean,NOAA CO-OPS 8729678 Navarre Beach predictions,2026-08-08T15:57:33.641686-05:00
2025-10-09,85.2,72.4,0.028,12.0,22.8,39.0,4.068,60.0,4.4,,,,0.162,2.129,1.967,finalized,Open-Meteo ERA5,Open-Meteo ERA5-Ocean,NOAA CO-OPS 8729678 Navarre Beach predictions,2026-08-08T15:57:33.641686-05:00
2025-10-10,79.8,66.0,0.0,13.9,26.6,45.0,5.577,66.0,4.95,,,,0.02,2.193,2.173,finalized,Open-Meteo ERA5,Open-Meteo ERA5-Ocean,NOAA CO-OPS 8729678 Navarre Beach predictions,2026-08-08T15:57:33.641686-05:00
2025-10-11,80.5,63.9,0.0,12.5,23.7,24.0,5.446,48.0,5.0,,,,-0.062,2.17,2.232,finalized,Open-Meteo ERA5,Open-Meteo ERA5-Ocean,NOAA CO-OPS 8729678 Navarre Beach predictions,2026-08-08T15:57:33.641686-05:00
2025-10-12,80.9,54.8,0.0,5.5,9.8,328.0,2.034,30.0,3.45,,,,-0.064,-0.064,0.0,finalized,Open-Meteo ERA5,Open-Meteo ERA5-Ocean,NOAA CO-OPS 8729678 Navarre Beach predictions,2026-08-08T15:57:33.641686-05:00
2025-10-13,84.3,55.2,0.0,5.5,12.5,318.0,1.05,303.0,2.7,,,,0.011,2.08,2.069,finalized,Open-Meteo ERA5,Open-Meteo ERA5-Ocean,NOAA CO-OPS 8729678 Navarre Beach predictions,2026-08-08T15:57:33.641686-05:00
2025-10-14,84.9,57.4,0.0,6.2,13.9,2.0,0.984,341.0,2.6,,,,0.154,1.945,1.791,finalized,Open-Meteo ERA5,Open-Meteo ERA5-Ocean,NOAA CO-OPS 8729678 Navarre Beach predictions,2026-08-08T15:57:33.641686-05:00
2025-10-15,84.8,60.7,0.0,7.4,15.9,47.0,1.312,69.0,3.05,,,,0.351,1.783,1.432,finalized,Open-Meteo ERA5,Open-Meteo ERA5-Ocean,NOAA CO-OPS 8729678 Navarre Beach predictions,2026-08-08T15:57:33.641686-05:00
2025-10-16,84.6,58.9,0.0,6.6,11.9,235.0,0.853,110.0,3.55,,,,0.584,1.602,1.0180000000000002,finalized,Open-Meteo ERA5,Open-Meteo ERA5-Ocean,NOAA CO-OPS 8729678 Navarre Beach predictions,2026-08-08T15:57:33.641686-05:00
2025-10-17,80.8,62.6,0.0,8.6,18.8,149.0,2.297,131.0,4.0,,,,0.794,1.423,0.629,finalized,Open-Meteo ERA5,Open-Meteo ERA5-Ocean,NOAA CO-OPS 8729678 Navarre Beach predictions,2026-08-08T15:57:33.641686-05:00
2025-10-18,80.1,68.6,0.039,13.1,25.7,140.0,4.528,136.0,4.8,,,,0.919,1.262,0.3429999999999999,finalized,Open-Meteo ERA5,Open-Meteo ERA5-Ocean,NOAA CO-OPS 8729678 Navarre Beach predictions,2026-08-08T15:57:33.641686-05:00
2025-10-19,84.1,67.0,0.366,11.3,23.0,309.0,4.724,172.0,5.1,,,,0.771,1.324,0.553,finalized,Open-Meteo ERA5,Open-Meteo ERA5-Ocean,NOAA CO-OPS 8729678 Navarre Beach predictions,2026-08-08T15:57:33.641686-05:00
2025-10-20,75.7,56.2,0.0,10.4,19.5,48.0,3.871,54.0,4.65,,,,0.602,1.495,0.8930000000000001,finalized,Open-Meteo ERA5,Open-Meteo ERA5-Ocean,NOAA CO-OPS 8729678 Navarre Beach predictions,2026-08-08T15:57:33.641686-05:00
2025-10-21,78.7,53.1,0.0,7.8,16.6,236.0,1.378,145.0,4.5,,,,0.444,1.624,1.1800000000000002,finalized,Open-Meteo ERA5,Open-Meteo ERA5-Ocean,NOAA CO-OPS 8729678 Navarre Beach predictions,2026-08-08T15:57:33.641686-05:00
2025-10-22,78.8,55.5,0.0,9.5,18.1,1.0,2.822,22.0,3.75,,,,0.318,1.708,1.39,finalized,Open-Meteo ERA5,Open-Meteo ERA5-Ocean,NOAA CO-OPS 8729678 Navarre Beach predictions,2026-08-08T15:57:33.641686-05:00
2025-10-23,78.4,50.6,0.0,8.7,17.0,39.0,2.887,56.0,4.0,,,,0.234,1.757,1.523,finalized,Open-Meteo ERA5,Open-Meteo ERA5-Ocean,NOAA CO-OPS 8729678 Navarre Beach predictions,2026-08-08T15:57:33.641686-05:00
2025-10-24,80.7,52.2,0.0,9.0,19.0,80.0,3.018,102.0,4.55,,,,0.193,1.782,1.589,finalized,Open-Meteo ERA5,Open-Meteo ERA5-Ocean,NOAA CO-OPS 8729678 Navarre Beach predictions,2026-08-08T15:57:33.641686-05:00
2025-10-25,76.8,59.8,0.0,15.3,27.3,100.0,5.906,121.0,5.6,,,,0.182,1.795,1.613,finalized,Open-Meteo ERA5,Open-Meteo ERA5-Ocean,NOAA CO-OPS 8729678 Navarre Beach predictions,2026-08-08T15:57:33.641686-05:00
2025-10-26,72.6,67.9,0.354,13.8,26.2,102.0,7.218,126.0,5.8,,,,0.186,1.803,1.617,finalized,Open-Meteo ERA5,Open-Meteo ERA5-Ocean,NOAA CO-OPS 8729678 Navarre Beach predictions,2026-08-08T15:57:33.641686-05:00
2025-10-27,78.2,63.9,0.492,9.9,16.6,36.0,4.265,128.0,5.35,,,,0.206,0.206,0.0,finalized,Open-Meteo ERA5,Open-Meteo ERA5-Ocean,NOAA CO-OPS 8729678 Navarre Beach predictions,2026-08-08T15:57:33.641686-05:00
2025-10-28,63.6,59.6,0.0,8.2,16.6,22.0,2.559,33.0,3.9,,,,0.251,1.801,1.5499999999999998,finalized,Open-Meteo ERA5,Open-Meteo ERA5-Ocean,NOAA CO-OPS 8729678 Navarre Beach predictions,2026-08-08T15:57:33.641686-05:00
2025-10-29,69.5,53.2,0.11,16.9,32.9,271.0,6.955,269.0,5.55,,,,0.334,1.775,1.4409999999999998,finalized,Open-Meteo ERA5,Open-Meteo ERA5-Ocean,NOAA CO-OPS 8729678 Navarre Beach predictions,2026-08-08T15:57:33.641686-05:00
2025-10-30,58.0,48.1,0.004,13.6,27.7,304.0,5.84,297.0,5.4,,,,0.467,1.704,1.237,finalized,Open-Meteo ERA5,Open-Meteo ERA5-Ocean,NOAA CO-OPS 8729678 Navarre Beach predictions,2026-08-08T15:57:33.641686-05:00
2025-10-31,66.1,42.2,0.0,5.5,12.3,312.0,2.362,317.0,3.85,,,,0.646,1.568,0.922,finalized,Open-Meteo ERA5,Open-Meteo ERA5-Ocean,NOAA CO-OPS 8729678 Navarre Beach predictions,2026-08-08T15:57:33.641686-05:00
2025-11-01,69.0,44.6,0.0,7.0,13.0,45.0,1.312,43.0,3.0,,,,0.84,1.367,0.527,finalized,Open-Meteo ERA5,Open-Meteo ERA5-Ocean,NOAA CO-OPS 8729678 Navarre Beach predictions,2026-08-08T15:57:33.641686-05:00
2025-11-02,70.3,48.3,0.004,10.9,18.3,343.0,2.953,15.0,3.35,,,,0.94,1.382,0.4419999999999999,finalized,Open-Meteo ERA5,Open-Meteo ERA5-Ocean,NOAA CO-OPS 8729678 Navarre Beach predictions,2026-08-08T15:57:33.641686-05:00
2025-11-03,66.9,44.6,0.0,10.6,21.3,4.0,3.806,13.0,4.2,,,,0.629,1.633,1.004,finalized,Open-Meteo ERA5,Open-Meteo ERA5-Ocean,NOAA CO-OPS 8729678 Navarre Beach predictions,2026-08-08T15:57:33.641686-05:00
2025-11-04,73.8,44.3,0.0,8.5,16.6,48.0,2.625,48.0,3.7,,,,0.307,1.889,1.582,finalized,Open-Meteo ERA5,Open-Meteo ERA5-Ocean,NOAA CO-OPS 8729678 Navarre Beach predictions,2026-08-08T15:57:33.641686-05:00
2025-11-05,76.2,48.3,0.0,5.7,10.3,103.0,1.312,125.0,4.2,,,,0.025,2.086,2.061,finalized,Open-Meteo ERA5,Open-Meteo ERA5-Ocean,NOAA CO-OPS 8729678 Navarre Beach predictions,2026-08-08T15:57:33.641686-05:00
2025-11-06,75.2,58.9,0.008,6.5,12.3,79.0,2.034,119.0,4.25,,,,-0.185,2.197,2.382,finalized,Open-Meteo ERA5,Open-Meteo ERA5-Ocean,NOAA CO-OPS 8729678 Navarre Beach predictions,2026-08-08T15:57:33.641686-05:00
2025-11-07,78.6,59.9,0.118,11.2,22.4,178.0,2.231,167.0,3.65,,,,-0.313,2.216,2.5290000000000004,finalized,Open-Meteo ERA5,Open-Meteo ERA5-Ocean,NOAA CO-OPS 8729678 Navarre Beach predictions,2026-08-08T15:57:33.641686-05:00
2025-11-08,81.1,68.2,0.043,10.3,20.6,247.0,2.231,211.0,3.8,,,,-0.351,2.153,2.504,finalized,Open-Meteo ERA5,Open-Meteo ERA5-Ocean,NOAA CO-OPS 8729678 Navarre Beach predictions,2026-08-08T15:57:33.641686-05:00
2025-11-09,75.8,54.7,0.146,17.8,28.6,302.0,6.365,283.0,4.8,,,,-0.301,2.023,2.3240000000000003,finalized,Open-Meteo ERA5,Open-Meteo ERA5-Ocean,NOAA CO-OPS 8729678 Navarre Beach predictions,2026-08-08T15:57:33.641686-05:00
2025-11-10,52.6,38.4,0.0,16.2,31.1,329.0,7.021,333.0,5.2,,,,-0.171,1.843,2.014,finalized,Open-Meteo ERA5,Open-Meteo ERA5-Ocean,NOAA CO-OPS 8729678 Navarre Beach predictions,2026-08-08T15:57:33.641686-05:00
2025-11-11,54.9,31.3,0.0,12.1,22.6,352.0,4.987,14.0,4.85,,,,0.026,0.026,0.0,finalized,Open-Meteo ERA5,Open-Meteo ERA5-Ocean,NOAA CO-OPS 8729678 Navarre Beach predictions,2026-08-08T15:57:33.641686-05:00
2025-11-12,69.6,37.2,0.0,8.0,16.8,259.0,1.444,235.0,3.2,,,,0.272,1.626,1.354,finalized,Open-Meteo ERA5,Open-Meteo ERA5-Ocean,NOAA CO-OPS 8729678 Navarre Beach predictions,2026-08-08T15:57:33.641686-05:00
2025-11-13,75.1,48.2,0.0,5.9,12.8,290.0,1.378,268.0,3.05,,,,0.524,1.383,0.859,finalized,Open-Meteo ERA5,Open-Meteo ERA5-Ocean,NOAA CO-OPS 8729678 Navarre Beach predictions,2026-08-08T15:57:33.641686-05:00
2025-11-14,75.5,50.8,0.0,6.2,9.2,309.0,1.05,292.0,3.55,,,,0.701,1.123,0.422,finalized,Open-Meteo ERA5,Open-Meteo ERA5-Ocean,NOAA CO-OPS 8729678 Navarre Beach predictions,2026-08-08T15:57:33.641686-05:00
2025-11-15,73.8,48.1,0.0,7.6,15.4,258.0,1.444,228.0,3.95,,,,0.801,1.205,0.404,finalized,Open-Meteo ERA5,Open-Meteo ERA5-Ocean,NOAA CO-OPS 8729678 Navarre Beach predictions,2026-08-08T15:57:33.641686-05:00
2025-11-16,79.6,58.5,0.0,10.4,21.3,265.0,2.953,249.0,3.95,,,,0.605,1.361,0.756,finalized,Open-Meteo ERA5,Open-Meteo ERA5-Ocean,NOAA CO-OPS 8729678 Navarre Beach predictions,2026-08-08T15:57:33.641686-05:00
2025-11-17,76.0,58.7,0.0,7.0,14.8,54.0,1.706,234.0,3.5,,,,0.373,1.504,1.131,finalized,Open-Meteo ERA5,Open-Meteo ERA5-Ocean,NOAA CO-OPS 8729678 Navarre Beach predictions,2026-08-08T15:57:33.641686-05:00
2025-11-18,75.8,52.6,0.0,6.5,14.8,138.0,0.853,168.0,3.6,,,,0.175,1.599,1.424,finalized,Open-Meteo ERA5,Open-Meteo ERA5-Ocean,NOAA CO-OPS 8729678 Navarre Beach predictions,2026-08-08T15:57:33.641686-05:00
2025-11-19,78.0,55.7,0.0,6.3,12.1,246.0,0.853,152.0,3.5,,,,0.023,1.65,1.627,finalized,Open-Meteo ERA5,Open-Meteo ERA5-Ocean,NOAA CO-OPS 8729678 Navarre Beach predictions,2026-08-08T15:57:33.641686-05:00
2025-11-20,76.5,57.9,0.0,6.6,14.1,200.0,1.05,149.0,4.05,,,,-0.081,1.67,1.751,finalized,Open-Meteo ERA5,Open-Meteo ERA5-Ocean,NOAA CO-OPS 8729678 Navarre Beach predictions,2026-08-08T15:57:33.641686-05:00
2025-11-21,77.3,60.6,0.0,9.6,23.0,186.0,2.1,169.0,4.25,,,,-0.137,1.677,1.814,finalized,Open-Meteo ERA5,Open-Meteo ERA5-Ocean,NOAA CO-OPS 8729678 Navarre Beach predictions,2026-08-08T15:57:33.641686-05:00
2025-11-22,80.5,69.6,0.024,9.2,16.6,243.0,2.428,195.0,4.15,,,,-0.156,1.683,1.839,finalized,Open-Meteo ERA5,Open-Meteo ERA5-Ocean,NOAA CO-OPS 8729678 Navarre Beach predictions,2026-08-08T15:57:33.641686-05:00
2025-11-23,78.1,57.9,0.004,6.1,13.6,309.0,1.706,213.0,3.9,,,,-0.145,1.688,1.833,finalized,Open-Meteo ERA5,Open-Meteo ERA5-Ocean,NOAA CO-OPS 8729678 Navarre Beach predictions,2026-08-08T15:57:33.641686-05:00
2025-11-24,76.3,53.5,0.0,8.8,14.3,124.0,1.837,164.0,3.75,,,,-0.107,1.68,1.787,finalized,Open-Meteo ERA5,Open-Meteo ERA5-Ocean,NOAA CO-OPS 8729678 Navarre Beach predictions,2026-08-08T15:57:33.641686-05:00
2025-11-25,79.5,70.4,0.106,15.0,29.5,188.0,3.478,178.0,4.75,,,,-0.034,1.637,1.671,finalized,Open-Meteo ERA5,Open-Meteo ERA5-Ocean,NOAA CO-OPS 8729678 Navarre Beach predictions,2026-08-08T15:57:33.641686-05:00
2025-11-26,72.3,56.7,0.035,12.2,21.0,335.0,4.265,286.0,5.05,,,,0.086,1.531,1.4449999999999998,finalized,Open-Meteo ERA5,Open-Meteo ERA5-Ocean,NOAA CO-OPS 8729678 Navarre Beach predictions,2026-08-08T15:57:33.641686-05:00
2025-11-27,61.4,43.5,0.0,13.3,25.5,348.0,5.446,356.0,4.7,,,,0.254,1.342,1.088,finalized,Open-Meteo ERA5,Open-Meteo ERA5-Ocean,NOAA CO-OPS 8729678 Navarre Beach predictions,2026-08-08T15:57:33.641686-05:00
2025-11-28,56.3,38.0,0.0,12.2,24.6,9.0,5.184,13.0,4.7,,,,0.452,0.452,0.0,finalized,Open-Meteo ERA5,Open-Meteo ERA5-Ocean,NOAA CO-OPS 8729678 Navarre Beach predictions,2026-08-08T15:57:33.641686-05:00
2025-11-29,60.7,42.7,0.0,10.9,21.0,76.0,4.987,92.0,5.0,,,,0.635,1.105,0.47,finalized,Open-Meteo ERA5,Open-Meteo ERA5-Ocean,NOAA CO-OPS 8729678 Navarre Beach predictions,2026-08-08T15:57:33.641686-05:00
2025-11-30,68.5,54.5,0.098,8.9,17.0,70.0,3.084,114.0,4.8,,,,0.705,1.305,0.6,finalized,Open-Meteo ERA5,Open-Meteo ERA5-Ocean,NOAA CO-OPS 8729678 Navarre Beach predictions,2026-08-08T15:57:33.641686-05:00
2025-12-01,60.4,54.6,0.567,13.5,27.5,55.0,5.577,83.0,5.05,,,,0.328,1.553,1.225,finalized,Open-Meteo ERA5,Open-Meteo ERA5-Ocean,NOAA CO-OPS 8729678 Navarre Beach predictions,2026-08-08T15:57:33.641686-05:00
2025-12-02,66.3,43.7,0.413,13.7,37.1,349.0,5.446,245.0,5.25,,,,-0.043,1.784,1.827,finalized,Open-Meteo ERA5,Open-Meteo ERA5-Ocean,NOAA CO-OPS 8729678 Navarre Beach predictions,2026-08-08T15:57:33.641686-05:00
2025-12-03,52.3,40.0,0.0,8.9,15.4,17.0,2.953,10.0,4.15,,,,-0.358,1.948,2.306,finalized,Open-Meteo ERA5,Open-Meteo ERA5-Ocean,NOAA CO-OPS 8729678 Navarre Beach predictions,2026-08-08T15:57:33.641686-05:00
2025-12-04,56.5,45.6,1.118,12.6,32.4,83.0,4.987,91.0,4.65,,,,-0.584,2.028,2.612,finalized,Open-Meteo ERA5,Open-Meteo ERA5-Ocean,NOAA CO-OPS 8729678 Navarre Beach predictions,2026-08-08T15:57:33.641686-05:00
2025-12-05,63.8,50.8,0.535,11.2,32.4,332.0,5.249,184.0,4.9,,,,-0.707,2.023,2.73,finalized,Open-Meteo ERA5,Open-Meteo ERA5-Ocean,NOAA CO-OPS 8729678 Navarre Beach predictions,2026-08-08T15:57:33.641686-05:00
2025-12-06,52.9,49.9,0.543,6.6,23.3,32.0,1.903,64.0,4.2,,,,-0.728,1.942,2.67,finalized,Open-Meteo ERA5,Open-Meteo ERA5-Ocean,NOAA CO-OPS 8729678 Navarre Beach predictions,2026-08-08T15:57:33.641686-05:00
2025-12-07,56.0,52.4,0.953,7.5,17.7,43.0,2.428,121.0,4.45,,,,-0.652,1.799,2.451,finalized,Open-Meteo ERA5,Open-Meteo ERA5-Ocean,NOAA CO-OPS 8729678 Navarre Beach predictions,2026-08-08T15:57:33.641686-05:00
2025-12-08,56.1,47.2,0.055,14.8,28.0,5.0,4.396,20.0,4.5,,,,-0.491,1.603,2.094,finalized,Open-Meteo ERA5,Open-Meteo ERA5-Ocean,NOAA CO-OPS 8729678 Navarre Beach predictions,2026-08-08T15:57:33.641686-05:00
2025-12-09,54.1,36.3,0.0,9.7,16.1,31.0,3.806,41.0,4.15,,,,-0.261,1.368,1.629,finalized,Open-Meteo ERA5,Open-Meteo ERA5-Ocean,NOAA CO-OPS 8729678 Navarre Beach predictions,2026-08-08T15:57:33.641686-05:00
2025-12-10,66.2,39.7,0.0,13.8,26.2,257.0,4.396,247.0,4.4,,,,0.01,1.107,1.097,finalized,Open-Meteo ERA5,Open-Meteo ERA5-Ocean,NOAA CO-OPS 8729678 Navarre Beach predictions,2026-08-08T15:57:33.641686-05:00
2025-12-11,59.7,42.1,0.0,10.7,18.3,327.0,3.871,337.0,4.15,,,,0.254,0.839,0.585,finalized,Open-Meteo ERA5,Open-Meteo ERA5-Ocean,NOAA CO-OPS 8729678 Navarre Beach predictions,2026-08-08T15:57:33.641686-05:00
2025-12-12,70.4,38.8,0.0,7.3,11.6,201.0,1.64,215.0,3.7,,,,0.407,0.827,0.42,finalized,Open-Meteo ERA5,Open-Meteo ERA5-Ocean,NOAA CO-OPS 8729678 Navarre Beach predictions,2026-08-08T15:57:33.641686-05:00
2025-12-13,73.4,54.0,0.016,8.8,18.8,162.0,1.706,174.0,3.55,,,,0.462,0.989,0.5269999999999999,finalized,Open-Meteo ERA5,Open-Meteo ERA5-Ocean,NOAA CO-OPS 8729678 Navarre Beach predictions,2026-08-08T15:57:33.641686-05:00
2025-12-14,62.5,37.8,0.0,17.6,32.2,351.0,6.824,5.0,5.1,,,,0.228,1.155,0.927,finalized,Open-Meteo ERA5,Open-Meteo ERA5-Ocean,NOAA CO-OPS 8729678 Navarre Beach predictions,2026-08-08T15:57:33.641686-05:00
2025-12-15,51.2,28.8,0.0,13.8,22.6,36.0,6.496,49.0,5.1,,,,0.011,1.287,1.276,finalized,Open-Meteo ERA5,Open-Meteo ERA5-Ocean,NOAA CO-OPS 8729678 Navarre Beach predictions,2026-08-08T15:57:33.641686-05:00
2025-12-16,59.8,32.7,0.0,6.4,11.9,68.0,2.362,95.0,4.05,,,,-0.174,1.367,1.541,finalized,Open-Meteo ERA5,Open-Meteo ERA5-Ocean,NOAA CO-OPS 8729678 Navarre Beach predictions,2026-08-08T15:57:33.641686-05:00
2025-12-17,70.2,45.1,0.0,8.2,15.9,94.0,3.478,119.0,4.3,,,,-0.318,1.406,1.724,finalized,Open-Meteo ERA5,Open-Meteo ERA5-Ocean,NOAA CO-OPS 8729678 Navarre Beach predictions,2026-08-08T15:57:33.641686-05:00
2025-12-18,66.3,58.9,2.488,16.9,31.1,153.0,6.496,148.0,6.15,,,,-0.42,1.42,1.84,finalized,Open-Meteo ERA5,Open-Meteo ERA5-Ocean,NOAA CO-OPS 8729678 Navarre Beach predictions,2026-08-08T15:57:33.641686-05:00
2025-12-19,66.7,43.8,0.008,16.2,28.6,327.0,5.446,311.0,5.45,,,,-0.482,1.426,1.908,finalized,Open-Meteo ERA5,Open-Meteo ERA5-Ocean,NOAA CO-OPS 8729678 Navarre Beach predictions,2026-08-08T15:57:33.641686-05:00
2025-12-20,67.0,37.3,0.0,7.9,15.9,119.0,1.969,112.0,3.7,,,,-0.508,1.433,1.941,finalized,Open-Meteo ERA5,Open-Meteo ERA5-Ocean,NOAA CO-OPS 8729678 Navarre Beach predictions,2026-08-08T15:57:33.641686-05:00
2025-12-21,74.1,50.4,0.0,7.0,15.0,146.0,1.509,155.0,3.35,,,,-0.499,1.438,1.937,finalized,Open-Meteo ERA5,Open-Meteo ERA5-Ocean,NOAA CO-OPS 8729678 Navarre Beach predictions,2026-08-08T15:57:33.641686-05:00
2025-12-22,68.8,62.4,0.0,10.0,19.5,94.0,3.609,119.0,4.7,,,,-0.451,1.423,1.874,finalized,Open-Meteo ERA5,Open-Meteo ERA5-Ocean,NOAA CO-OPS 8729678 Navarre Beach predictions,2026-08-08T15:57:33.641686-05:00
2025-12-23,71.2,55.9,0.0,6.2,13.4,120.0,2.953,123.0,4.9,,,,-0.356,1.366,1.722,finalized,Open-Meteo ERA5,Open-Meteo ERA5-Ocean,NOAA CO-OPS 8729678 Navarre Beach predictions,2026-08-08T15:57:33.641686-05:00
2025-12-24,73.5,55.3,0.004,5.5,10.5,265.0,1.772,137.0,5.25,,,,-0.208,1.241,1.449,finalized,Open-Meteo ERA5,Open-Meteo ERA5-Ocean,NOAA CO-OPS 8729678 Navarre Beach predictions,2026-08-08T15:57:33.641686-05:00
2025-12-25,73.4,52.5,0.0,5.8,10.7,280.0,1.247,175.0,4.5,,,,-0.02,1.035,1.055,finalized,Open-Meteo ERA5,Open-Meteo ERA5-Ocean,NOAA CO-OPS 8729678 Navarre Beach predictions,2026-08-08T15:57:33.641686-05:00
2025-12-26,73.5,55.9,0.004,10.2,21.3,243.0,1.575,231.0,3.35,,,,0.171,0.757,0.586,finalized,Open-Meteo ERA5,Open-Meteo ERA5-Ocean,NOAA CO-OPS 8729678 Navarre Beach predictions,2026-08-08T15:57:33.641686-05:00
2025-12-27,73.7,62.8,0.0,8.6,17.9,251.0,2.1,232.0,3.45,,,,0.328,0.846,0.518,finalized,Open-Meteo ERA5,Open-Meteo ERA5-Ocean,NOAA CO-OPS 8729678 Navarre Beach predictions,2026-08-08T15:57:33.641686-05:00
2025-12-28,75.0,58.9,0.004,8.9,19.2,205.0,1.05,216.0,3.1,,,,0.322,1.078,0.756,finalized,Open-Meteo ERA5,Open-Meteo ERA5-Ocean,NOAA CO-OPS 8729678 Navarre Beach predictions,2026-08-08T15:57:33.641686-05:00
2025-12-29,68.8,42.1,0.028,19.5,33.6,319.0,5.84,322.0,4.85,,,,-0.037,1.326,1.363,finalized,Open-Meteo ERA5,Open-Meteo ERA5-Ocean,NOAA CO-OPS 8729678 Navarre Beach predictions,2026-08-08T15:57:33.641686-05:00
2025-12-30,49.0,31.9,0.0,15.1,28.2,339.0,5.971,345.0,4.9,,,,-0.389,1.534,1.923,finalized,Open-Meteo ERA5,Open-Meteo ERA5-Ocean,NOAA CO-OPS 8729678 Navarre Beach predictions,2026-08-08T15:57:33.641686-05:00
2025-12-31,54.4,29.2,0.0,8.9,15.2,308.0,4.265,332.0,4.4,,,,-0.684,1.672,2.356,finalized,Open-Meteo ERA5,Open-Meteo ERA5-Ocean,NOAA CO-OPS 8729678 Navarre Beach predictions,2026-08-08T15:57:33.641686-05:00
2026-01-01,65.6,38.2,0.0,8.7,15.4,272.0,3.478,273.0,4.2,,,,-0.88,1.706,2.586,finalized,Open-Meteo ERA5,Open-Meteo ERA5-Ocean,NOAA CO-OPS 8729678 Navarre Beach predictions,2026-08-08T15:57:33.641686-05:00
2026-01-02,67.5,46.5,0.0,12.6,23.5,229.0,4.265,241.0,4.55,,,,-0.971,1.684,2.655,finalized,Open-Meteo ERA5,Open-Meteo ERA5-Ocean,NOAA CO-OPS 8729678 Navarre Beach predictions,2026-08-08T15:57:33.641686-05:00
2026-01-03,69.0,61.0,0.606,13.7,27.3,252.0,5.577,228.0,5.6,,,,-0.961,1.595,2.556,finalized,Open-Meteo ERA5,Open-Meteo ERA5-Ocean,NOAA CO-OPS 8729678 Navarre Beach predictions,2026-08-08T15:57:33.641686-05:00
2026-01-04,65.2,50.5,0.0,9.2,17.0,45.0,3.609,26.0,5.05,,,,-0.855,1.444,2.299,finalized,Open-Meteo ERA5,Open-Meteo ERA5-Ocean,NOAA CO-OPS 8729678 Navarre Beach predictions,2026-08-08T15:57:33.641686-05:00
2026-01-05,64.4,50.8,0.0,6.4,13.2,134.0,1.969,147.0,4.75,,,,-0.665,1.239,1.904,finalized,Open-Meteo ERA5,Open-Meteo ERA5-Ocean,NOAA CO-OPS 8729678 Navarre Beach predictions,2026-08-08T15:57:33.641686-05:00
2026-01-06,74.7,57.1,0.016,9.5,21.3,212.0,2.297,163.0,4.05,,,,-0.414,0.997,1.411,finalized,Open-Meteo ERA5,Open-Meteo ERA5-Ocean,NOAA CO-OPS 8729678 Navarre Beach predictions,2026-08-08T15:57:33.641686-05:00
2026-01-07,74.5,60.6,0.004,9.1,16.3,240.0,2.559,226.0,4.25,,,,-0.151,0.738,0.889,finalized,Open-Meteo ERA5,Open-Meteo ERA5-Ocean,NOAA CO-OPS 8729678 Navarre Beach predictions,2026-08-08T15:57:33.641686-05:00
2026-01-08,72.1,62.8,0.024,11.0,22.1,151.0,2.69,186.0,4.1,,,,0.02,0.485,0.4649999999999999,finalized,Open-Meteo ERA5,Open-Meteo ERA5-Ocean,NOAA CO-OPS 8729678 Navarre Beach predictions,2026-08-08T15:57:33.641686-05:00
2026-01-09,73.8,64.4,0.0,14.0,23.7,143.0,3.084,161.0,4.8,,,,0.119,0.566,0.4469999999999999,finalized,Open-Meteo ERA5,Open-Meteo ERA5-Ocean,NOAA CO-OPS 8729678 Navarre Beach predictions,2026-08-08T15:57:33.641686-05:00
2026-01-10,77.2,67.6,0.063,11.7,23.9,202.0,3.543,177.0,5.05,,,,0.097,0.76,0.663,finalized,Open-Meteo ERA5,Open-Meteo ERA5-Ocean,NOAA CO-OPS 8729678 Navarre Beach predictions,2026-08-08T15:57:33.641686-05:00
2026-01-11,65.3,46.9,0.0,15.8,28.0,353.0,6.168,354.0,4.95,,,,-0.108,0.926,1.034,finalized,Open-Meteo ERA5,Open-Meteo ERA5-Ocean,NOAA CO-OPS 8729678 Navarre Beach predictions,2026-08-08T15:57:33.641686-05:00
2026-01-12,51.8,34.9,0.0,12.0,20.6,20.0,5.118,35.0,4.65,,,,-0.295,1.042,1.337,finalized,Open-Meteo ERA5,Open-Meteo ERA5-Ocean,NOAA CO-OPS 8729678 Navarre Beach predictions,2026-08-08T15:57:33.641686-05:00
2026-01-13,58.1,32.9,0.0,5.8,10.7,335.0,2.362,40.0,3.55,,,,-0.447,1.112,1.5590000000000002,finalized,Open-Meteo ERA5,Open-Meteo ERA5-Ocean,NOAA CO-OPS 8729678 Navarre Beach predictions,2026-08-08T15:57:33.641686-05:00
2026-01-14,60.7,44.1,0.024,12.3,23.7,282.0,4.003,269.0,4.5,,,,-0.562,1.151,1.713,finalized,Open-Meteo ERA5,Open-Meteo ERA5-Ocean,NOAA CO-OPS 8729678 Navarre Beach predictions,2026-08-08T15:57:33.641686-05:00
2026-01-15,52.0,29.6,0.0,14.8,26.2,328.0,5.971,329.0,4.9,,,,-0.641,1.177,1.818,finalized,Open-Meteo ERA5,Open-Meteo ERA5-Ocean,NOAA CO-OPS 8729678 Navarre Beach predictions,2026-08-08T15:57:33.641686-05:00
2026-01-16,63.3,27.3,0.0,12.1,23.9,182.0,3.15,224.0,4.0,,,,-0.687,1.198,1.885,finalized,Open-Meteo ERA5,Open-Meteo ERA5-Ocean,NOAA CO-OPS 8729678 Navarre Beach predictions,2026-08-08T15:57:33.641686-05:00
2026-01-17,63.6,47.0,0.043,12.3,27.3,341.0,4.659,285.0,4.35,,,,-0.698,1.212,1.91,finalized,Open-Meteo ERA5,Open-Meteo ERA5-Ocean,NOAA CO-OPS 8729678 Navarre Beach predictions,2026-08-08T15:57:33.641686-05:00
2026-01-18,48.0,32.2,0.386,16.2,28.9,335.0,6.759,345.0,5.1,,,,-0.67,1.207,1.877,finalized,Open-Meteo ERA5,Open-Meteo ERA5-Ocean,NOAA CO-OPS 8729678 Navarre Beach predictions,2026-08-08T15:57:33.641686-05:00
2026-01-19,55.3,29.0,0.0,9.5,17.0,342.0,3.543,335.0,4.0,,,,-0.595,1.166,1.761,finalized,Open-Meteo ERA5,Open-Meteo ERA5-Ocean,NOAA CO-OPS 8729678 Navarre Beach predictions,2026-08-08T15:57:33.641686-05:00
2026-01-20,59.5,31.7,0.0,7.3,17.4,31.0,2.165,38.0,3.35,,,,-0.465,1.072,1.537,finalized,Open-Meteo ERA5,Open-Meteo ERA5-Ocean,NOAA CO-OPS 8729678 Navarre Beach predictions,2026-08-08T15:57:33.641686-05:00
2026-01-21,60.2,42.6,0.0,11.2,22.1,109.0,4.134,118.0,4.8,,,,-0.286,0.91,1.196,finalized,Open-Meteo ERA5,Open-Meteo ERA5-Ocean,NOAA CO-OPS 8729678 Navarre Beach predictions,2026-08-08T15:57:33.641686-05:00
2026-01-22,70.2,55.9,0.02,8.3,19.5,132.0,3.675,144.0,4.85,,,,-0.1,0.678,0.778,finalized,Open-Meteo ERA5,Open-Meteo ERA5-Ocean,NOAA CO-OPS 8729678 Navarre Beach predictions,2026-08-08T15:57:33.641686-05:00
2026-01-23,65.9,56.6,0.031,9.0,15.4,16.0,2.297,103.0,4.35,,,,0.065,0.441,0.376,finalized,Open-Meteo ERA5,Open-Meteo ERA5-Ocean,NOAA CO-OPS 8729678 Navarre Beach predictions,2026-08-08T15:57:33.641686-05:00
2026-01-24,64.1,53.2,0.102,13.6,22.8,89.0,4.068,89.0,4.3,,,,0.176,0.673,0.497,finalized,Open-Meteo ERA5,Open-Meteo ERA5-Ocean,NOAA CO-OPS 8729678 Navarre Beach predictions,2026-08-08T15:57:33.641686-05:00
2026-01-25,71.5,46.2,0.646,18.9,42.1,180.0,6.168,177.0,6.0,,,,0.034,0.93,0.896,finalized,Open-Meteo ERA5,Open-Meteo ERA5-Ocean,NOAA CO-OPS 8729678 Navarre Beach predictions,2026-08-08T15:57:33.641686-05:00
2026-01-26,44.8,30.2,0.0,19.2,36.2,343.0,7.349,335.0,5.35,,,,-0.292,1.157,1.449,finalized,Open-Meteo ERA5,Open-Meteo ERA5-Ocean,NOAA CO-OPS 8729678 Navarre Beach predictions,2026-08-08T15:57:33.641686-05:00
2026-01-27,47.2,23.6,0.0,12.1,19.5,346.0,5.512,0.0,5.05,,,,-0.585,1.322,1.907,finalized,Open-Meteo ERA5,Open-Meteo ERA5-Ocean,NOAA CO-OPS 8729678 Navarre Beach predictions,2026-08-08T15:57:33.641686-05:00
2026-01-28,53.7,29.1,0.0,7.6,16.3,321.0,2.428,336.0,3.45,,,,-0.813,1.419,2.232,finalized,Open-Meteo ERA5,Open-Meteo ERA5-Ocean,NOAA CO-OPS 8729678 Navarre Beach predictions,2026-08-08T15:57:33.641686-05:00
2026-01-29,56.4,27.4,0.0,5.3,13.2,65.0,1.706,12.0,3.1,,,,-0.957,1.451,2.408,finalized,Open-Meteo ERA5,Open-Meteo ERA5-Ocean,NOAA CO-OPS 8729678 Navarre Beach predictions,2026-08-08T15:57:33.641686-05:00
2026-01-30,61.2,41.4,0.0,11.0,21.0,8.0,2.165,277.0,3.25,,,,-1.009,1.424,2.433,finalized,Open-Meteo ERA5,Open-Meteo ERA5-Ocean,NOAA CO-OPS 8729678 Navarre Beach predictions,2026-08-08T15:57:33.641686-05:00
2026-01-31,48.8,25.5,0.0,22.3,42.7,329.0,9.252,329.0,5.85,,,,-0.967,1.338,2.305,finalized,Open-Meteo ERA5,Open-Meteo ERA5-Ocean,NOAA CO-OPS 8729678 Navarre Beach predictions,2026-08-08T15:57:33.641686-05:00
2026-02-01,43.9,21.4,0.0,17.0,25.1,333.0,8.399,339.0,5.55,,,,-0.836,1.191,2.027,finalized,Open-Meteo ERA5,Open-Meteo ERA5-Ocean,NOAA CO-OPS 8729678 Navarre Beach predictions,2026-08-08T15:57:33.641686-05:00
2026-02-02,55.6,22.9,0.0,6.7,15.7,275.0,2.756,305.0,3.8,,,,-0.631,0.99,1.621,finalized,Open-Meteo ERA5,Open-Meteo ERA5-Ocean,NOAA CO-OPS 8729678 Navarre Beach predictions,2026-08-08T15:57:33.641686-05:00
2026-02-03,67.4,34.6,0.0,13.4,26.2,223.0,3.281,229.0,4.2,,,,-0.376,0.753,1.129,finalized,Open-Meteo ERA5,Open-Meteo ERA5-Ocean,NOAA CO-OPS 8729678 Navarre Beach predictions,2026-08-08T15:57:33.641686-05:00
2026-02-04,63.9,44.5,0.315,12.1,24.6,283.0,4.856,231.0,4.8,,,,-0.16,0.502,0.662,finalized,Open-Meteo ERA5,Open-Meteo ERA5-Ocean,NOAA CO-OPS 8729678 Navarre Beach predictions,2026-08-08T15:57:33.641686-05:00
2026-02-05,52.4,36.0,0.0,14.6,27.1,325.0,5.512,330.0,4.75,,,,-0.029,0.262,0.291,finalized,Open-Meteo ERA5,Open-Meteo ERA5-Ocean,NOAA CO-OPS 8729678 Navarre Beach predictions,2026-08-08T15:57:33.641686-05:00
2026-02-06,67.2,33.3,0.0,13.7,27.3,266.0,5.643,269.0,5.15,,,,0.043,0.46,0.417,finalized,Open-Meteo ERA5,Open-Meteo ERA5-Ocean,NOAA CO-OPS 8729678 Navarre Beach predictions,2026-08-08T15:57:33.641686-05:00
2026-02-07,64.7,45.9,0.0,11.1,21.7,351.0,4.528,308.0,4.95,,,,0.007,0.656,0.649,finalized,Open-Meteo ERA5,Open-Meteo ERA5-Ocean,NOAA CO-OPS 8729678 Navarre Beach predictions,2026-08-08T15:57:33.641686-05:00
2026-02-08,62.1,35.8,0.0,6.4,14.5,114.0,2.362,66.0,3.6,,,,-0.183,0.801,0.984,finalized,Open-Meteo ERA5,Open-Meteo ERA5-Ocean,NOAA CO-OPS 8729678 Navarre Beach predictions,2026-08-08T15:57:33.641686-05:00
2026-02-09,70.3,47.9,0.0,8.3,17.9,213.0,1.444,185.0,3.25,,,,-0.339,0.897,1.236,finalized,Open-Meteo ERA5,Open-Meteo ERA5-Ocean,NOAA CO-OPS 8729678 Navarre Beach predictions,2026-08-08T15:57:33.641686-05:00
2026-02-10,72.4,48.9,0.0,10.3,21.0,224.0,1.181,183.0,3.15,,,,-0.46,0.957,1.417,finalized,Open-Meteo ERA5,Open-Meteo ERA5-Ocean,NOAA CO-OPS 8729678 Navarre Beach predictions,2026-08-08T15:57:33.641686-05:00
2026-02-11,76.7,61.4,0.008,11.8,23.7,247.0,1.575,181.0,3.95,,,,-0.546,1.0,1.546,finalized,Open-Meteo ERA5,Open-Meteo ERA5-Ocean,NOAA CO-OPS 8729678 Navarre Beach predictions,2026-08-08T15:57:33.641686-05:00
2026-02-12,69.7,56.7,0.0,6.7,16.8,13.0,1.772,161.0,4.45,,,,-0.602,1.04,1.642,finalized,Open-Meteo ERA5,Open-Meteo ERA5-Ocean,NOAA CO-OPS 8729678 Navarre Beach predictions,2026-08-08T15:57:33.641686-05:00
2026-02-13,72.8,48.4,0.0,6.3,11.4,25.0,1.247,143.0,4.4,,,,-0.627,1.077,1.704,finalized,Open-Meteo ERA5,Open-Meteo ERA5-Ocean,NOAA CO-OPS 8729678 Navarre Beach predictions,2026-08-08T15:57:33.641686-05:00
2026-02-14,66.3,49.4,0.0,11.6,22.4,112.0,3.937,120.0,4.45,,,,-0.618,1.099,1.717,finalized,Open-Meteo ERA5,Open-Meteo ERA5-Ocean,NOAA CO-OPS 8729678 Navarre Beach predictions,2026-08-08T15:57:33.641686-05:00
2026-02-15,71.5,61.6,0.728,18.5,37.8,230.0,6.299,207.0,5.7,,,,-0.567,1.088,1.655,finalized,Open-Meteo ERA5,Open-Meteo ERA5-Ocean,NOAA CO-OPS 8729678 Navarre Beach predictions,2026-08-08T15:57:33.641686-05:00
2026-02-16,64.3,58.3,0.0,11.1,19.0,346.0,5.512,234.0,5.85,,,,-0.465,1.03,1.495,finalized,Open-Meteo ERA5,Open-Meteo ERA5-Ocean,NOAA CO-OPS 8729678 Navarre Beach predictions,2026-08-08T15:57:33.641686-05:00
2026-02-17,67.6,45.2,0.0,9.2,20.4,130.0,2.362,149.0,5.75,,,,-0.309,0.91,1.219,finalized,Open-Meteo ERA5,Open-Meteo ERA5-Ocean,NOAA CO-OPS 8729678 Navarre Beach predictions,2026-08-08T15:57:33.641686-05:00
2026-02-18,73.5,58.0,0.012,11.2,21.9,173.0,2.428,164.0,4.0,,,,-0.125,0.729,0.854,finalized,Open-Meteo ERA5,Open-Meteo ERA5-Ocean,NOAA CO-OPS 8729678 Navarre Beach predictions,2026-08-08T15:57:33.641686-05:00
2026-02-19,77.5,67.8,0.043,15.1,31.1,203.0,3.806,196.0,4.8,,,,0.044,0.502,0.458,finalized,Open-Meteo ERA5,Open-Meteo ERA5-Ocean,NOAA CO-OPS 8729678 Navarre Beach predictions,2026-08-08T15:57:33.641686-05:00
2026-02-20,77.7,69.6,0.189,12.3,24.8,217.0,3.871,194.0,5.65,,,,0.018,0.519,0.501,finalized,Open-Meteo ERA5,Open-Meteo ERA5-Ocean,NOAA CO-OPS 8729678 Navarre Beach predictions,2026-08-08T15:57:33.641686-05:00
2026-02-21,79.5,69.7,0.173,14.7,30.9,226.0,3.412,194.0,5.65,,,,-0.104,0.789,0.893,finalized,Open-Meteo ERA5,Open-Meteo ERA5-Ocean,NOAA CO-OPS 8729678 Navarre Beach predictions,2026-08-08T15:57:33.641686-05:00
2026-02-22,68.9,46.3,0.008,19.5,36.9,338.0,7.94,334.0,5.5,,,,-0.368,1.031,1.399,finalized,Open-Meteo ERA5,Open-Meteo ERA5-Ocean,NOAA CO-OPS 8729678 Navarre Beach predictions,2026-08-08T15:57:33.641686-05:00
2026-02-23,53.0,36.0,0.0,15.8,29.5,337.0,7.152,338.0,5.3,,,,1.211,1.211,0.0,finalized,Open-Meteo ERA5,Open-Meteo ERA5-Ocean,NOAA CO-OPS 8729678 Navarre Beach predictions,2026-08-08T15:57:33.641686-05:00
2026-02-24,52.3,29.2,0.0,8.7,18.6,270.0,3.937,347.0,4.2,,,,-0.586,1.321,1.907,finalized,Open-Meteo ERA5,Open-Meteo ERA5-Ocean,NOAA CO-OPS 8729678 Navarre Beach predictions,2026-08-08T15:57:33.641686-05:00
2026-02-25,71.1,48.1,0.016,15.1,29.5,217.0,4.528,216.0,5.05,,,,-0.736,1.365,2.101,finalized,Open-Meteo ERA5,Open-Meteo ERA5-Ocean,NOAA CO-OPS 8729678 Navarre Beach predictions,2026-08-08T15:57:33.641686-05:00
2026-02-26,75.2,64.9,0.024,14.4,27.7,210.0,4.068,205.0,6.2,,,,-0.808,1.357,2.165,finalized,Open-Meteo ERA5,Open-Meteo ERA5-Ocean,NOAA CO-OPS 8729678 Navarre Beach predictions,2026-08-08T15:57:33.641686-05:00
2026-02-27,67.0,54.3,0.461,12.1,23.0,136.0,3.609,197.0,6.4,,,,-0.795,1.305,2.1,finalized,Open-Meteo ERA5,Open-Meteo ERA5-Ocean,NOAA CO-OPS 8729678 Navarre Beach predictions,2026-08-08T15:57:33.641686-05:00
2026-02-28,69.9,48.7,0.0,7.6,16.3,66.0,2.822,160.0,5.4,,,,-0.699,1.207,1.906,finalized,Open-Meteo ERA5,Open-Meteo ERA5-Ocean,NOAA CO-OPS 8729678 Navarre Beach predictions,2026-08-08T15:57:33.641686-05:00
2026-03-01,72.9,48.0,0.0,7.1,17.0,93.0,1.706,126.0,4.65,,,,-0.529,1.06,1.589,finalized,Open-Meteo ERA5,Open-Meteo ERA5-Ocean,NOAA CO-OPS 8729678 Navarre Beach predictions,2026-08-08T15:57:33.641686-05:00
2026-03-02,72.3,47.6,0.0,9.4,19.2,127.0,2.034,124.0,4.05,,,,-0.302,0.87,1.172,finalized,Open-Meteo ERA5,Open-Meteo ERA5-Ocean,NOAA CO-OPS 8729678 Navarre Beach predictions,2026-08-08T15:57:33.641686-05:00
2026-03-03,71.7,60.1,0.0,11.9,23.5,121.0,3.74,127.0,4.85,,,,-0.062,0.654,0.716,finalized,Open-Meteo ERA5,Open-Meteo ERA5-Ocean,NOAA CO-OPS 8729678 Navarre Beach predictions,2026-08-08T15:57:33.641686-05:00
2026-03-04,74.7,59.2,0.0,10.0,20.1,127.0,2.559,131.0,4.85,,,,0.001,0.438,0.437,finalized,Open-Meteo ERA5,Open-Meteo ERA5-Ocean,NOAA CO-OPS 8729678 Navarre Beach predictions,2026-08-08T15:57:33.641686-05:00
2026-03-05,75.1,60.3,0.012,11.3,24.2,132.0,1.969,135.0,4.6,,,,-0.049,0.472,0.521,finalized,Open-Meteo ERA5,Open-Meteo ERA5-Ocean,NOAA CO-OPS 8729678 Navarre Beach predictions,2026-08-08T15:57:33.641686-05:00
2026-03-06,77.5,65.6,0.004,12.4,25.3,134.0,2.559,144.0,4.75,,,,-0.102,0.677,0.779,finalized,Open-Meteo ERA5,Open-Meteo ERA5-Ocean,NOAA CO-OPS 8729678 Navarre Beach predictions,2026-08-08T15:57:33.641686-05:00
2026-03-07,77.2,65.7,0.0,11.2,23.9,144.0,2.625,148.0,4.95,,,,-0.162,0.832,0.994,finalized,Open-Meteo ERA5,Open-Meteo ERA5-Ocean,NOAA CO-OPS 8729678 Navarre Beach predictions,2026-08-08T15:57:33.641686-05:00
2026-03-08,73.6,65.5,0.217,10.6,21.0,200.0,2.362,160.0,5.2,,,,0.937,0.937,0.0,finalized,Open-Meteo ERA5,Open-Meteo ERA5-Ocean,NOAA CO-OPS 8729678 Navarre Beach predictions,2026-08-08T15:57:33.641686-05:00
2026-03-09,78.7,61.4,0.0,8.0,20.1,191.0,1.706,159.0,4.9,,,,-0.259,0.998,1.257,finalized,Open-Meteo ERA5,Open-Meteo ERA5-Ocean,NOAA CO-OPS 8729678 Navarre Beach predictions,2026-08-08T15:57:33.641686-05:00
2026-03-10,78.6,68.5,0.012,10.1,20.6,167.0,1.706,159.0,4.1,,,,-0.329,1.032,1.361,finalized,Open-Meteo ERA5,Open-Meteo ERA5-Ocean,NOAA CO-OPS 8729678 Navarre Beach predictions,2026-08-08T15:57:33.641686-05:00
2026-03-11,78.5,69.7,0.051,13.4,26.8,176.0,3.15,166.0,4.5,,,,-0.371,1.057,1.428,finalized,Open-Meteo ERA5,Open-Meteo ERA5-Ocean,NOAA CO-OPS 8729678 Navarre Beach predictions,2026-08-08T15:57:33.641686-05:00
2026-03-12,71.9,51.9,0.217,19.6,37.4,329.0,5.249,310.0,4.65,,,,-0.389,1.084,1.473,finalized,Open-Meteo ERA5,Open-Meteo ERA5-Ocean,NOAA CO-OPS 8729678 Navarre Beach predictions,2026-08-08T15:57:33.641686-05:00
2026-03-13,67.9,42.1,0.0,7.4,17.4,96.0,3.346,65.0,4.1,,,,-0.379,1.11,1.489,finalized,Open-Meteo ERA5,Open-Meteo ERA5-Ocean,NOAA CO-OPS 8729678 Navarre Beach predictions,2026-08-08T15:57:33.641686-05:00
2026-03-14,75.1,47.5,0.0,6.4,13.6,135.0,1.115,108.0,4.1,,,,-0.335,1.118,1.453,finalized,Open-Meteo ERA5,Open-Meteo ERA5-Ocean,NOAA CO-OPS 8729678 Navarre Beach predictions,2026-08-08T15:57:33.641686-05:00
2026-03-15,77.3,64.3,0.059,14.3,28.9,158.0,3.74,154.0,4.1,,,,-0.249,1.089,1.338,finalized,Open-Meteo ERA5,Open-Meteo ERA5-Ocean,NOAA CO-OPS 8729678 Navarre Beach predictions,2026-08-08T15:57:33.641686-05:00
2026-03-16,74.1,42.4,0.657,21.2,36.5,307.0,6.496,293.0,5.15,,,,-0.115,1.009,1.124,finalized,Open-Meteo ERA5,Open-Meteo ERA5-Ocean,NOAA CO-OPS 8729678 Navarre Beach predictions,2026-08-08T15:57:33.641686-05:00
2026-03-17,54.6,34.7,0.0,11.4,21.5,341.0,4.724,346.0,4.6,,,,0.059,0.879,0.8200000000000001,finalized,Open-Meteo ERA5,Open-Meteo ERA5-Ocean,NOAA CO-OPS 8729678 Navarre Beach predictions,2026-08-08T15:57:33.641686-05:00
2026-03-18,60.2,34.9,0.0,8.6,18.6,24.0,2.165,41.0,3.95,,,,0.166,0.718,0.5519999999999999,finalized,Open-Meteo ERA5,Open-Meteo ERA5-Ocean,NOAA CO-OPS 8729678 Navarre Beach predictions,2026-08-08T15:57:33.641686-05:00
2026-03-19,70.0,40.5,0.0,5.9,10.3,318.0,1.181,68.0,3.7,,,,0.031,0.642,0.611,finalized,Open-Meteo ERA5,Open-Meteo ERA5-Ocean,NOAA CO-OPS 8729678 Navarre Beach predictions,2026-08-08T15:57:33.641686-05:00
2026-03-20,73.1,44.2,0.0,9.4,16.6,254.0,1.312,305.0,3.2,,,,-0.111,0.911,1.022,finalized,Open-Meteo ERA5,Open-Meteo ERA5-Ocean,NOAA CO-OPS 8729678 Navarre Beach predictions,2026-08-08T15:57:33.641686-05:00
2026-03-21,76.6,52.7,0.0,11.1,21.9,242.0,1.969,247.0,3.1,,,,-0.242,1.164,1.406,finalized,Open-Meteo ERA5,Open-Meteo ERA5-Ocean,NOAA CO-OPS 8729678 Navarre Beach predictions,2026-08-08T15:57:33.641686-05:00
2026-03-22,77.6,59.3,0.0,12.6,25.1,238.0,2.297,238.0,3.75,,,,-0.396,1.362,1.758,finalized,Open-Meteo ERA5,Open-Meteo ERA5-Ocean,NOAA CO-OPS 8729678 Navarre Beach predictions,2026-08-08T15:57:33.641686-05:00
2026-03-23,82.1,61.4,0.0,10.7,22.6,258.0,2.822,245.0,3.85,,,,1.485,1.485,0.0,finalized,Open-Meteo ERA5,Open-Meteo ERA5-Ocean,NOAA CO-OPS 8729678 Navarre Beach predictions,2026-08-08T15:57:33.641686-05:00
2026-03-24,76.0,59.2,0.0,8.6,18.1,58.0,2.428,346.0,3.85,,,,-0.524,1.53,2.0540000000000003,finalized,Open-Meteo ERA5,Open-Meteo ERA5-Ocean,NOAA CO-OPS 8729678 Navarre Beach predictions,2026-08-08T15:57:33.641686-05:00
2026-03-25,73.0,62.1,0.0,9.7,17.4,131.0,3.346,116.0,4.45,,,,-0.582,1.507,2.089,finalized,Open-Meteo ERA5,Open-Meteo ERA5-Ocean,NOAA CO-OPS 8729678 Navarre Beach predictions,2026-08-08T15:57:33.641686-05:00
2026-03-26,75.9,60.1,0.0,9.2,16.8,167.0,1.444,131.0,4.2,,,,-0.564,1.432,1.996,finalized,Open-Meteo ERA5,Open-Meteo ERA5-Ocean,NOAA CO-OPS 8729678 Navarre Beach predictions,2026-08-08T15:57:33.641686-05:00
2026-03-27,79.0,59.8,0.0,9.7,16.6,247.0,1.509,183.0,2.95,,,,-0.47,1.316,1.786,finalized,Open-Meteo ERA5,Open-Meteo ERA5-Ocean,NOAA CO-OPS 8729678 Navarre Beach predictions,2026-08-08T15:57:33.641686-05:00
2026-03-28,75.5,61.5,0.0,16.1,30.6,19.0,4.593,10.0,4.4,,,,-0.304,1.169,1.473,finalized,Open-Meteo ERA5,Open-Meteo ERA5-Ocean,NOAA CO-OPS 8729678 Navarre Beach predictions,2026-08-08T15:57:33.641686-05:00
2026-03-29,65.9,60.6,0.012,12.4,24.6,86.0,5.446,109.0,5.4,,,,-0.082,1.004,1.086,finalized,Open-Meteo ERA5,Open-Meteo ERA5-Ocean,NOAA CO-OPS 8729678 Navarre Beach predictions,2026-08-08T15:57:33.641686-05:00
2026-03-30,74.5,60.2,0.0,12.1,23.0,127.0,4.199,123.0,5.0,,,,0.163,0.828,0.6649999999999999,finalized,Open-Meteo ERA5,Open-Meteo ERA5-Ocean,NOAA CO-OPS 8729678 Navarre Beach predictions,2026-08-08T15:57:33.641686-05:00
2026-03-31,77.3,64.0,0.035,11.6,25.9,142.0,2.625,142.0,4.9,,,,0.222,0.654,0.432,finalized,Open-Meteo ERA5,Open-Meteo ERA5-Ocean,NOAA CO-OPS 8729678 Navarre Beach predictions,2026-08-08T15:57:33.641686-05:00
2026-04-01,79.5,64.3,0.0,10.7,22.4,144.0,2.625,148.0,5.3,,,,0.089,0.704,0.615,finalized,Open-Meteo ERA5,Open-Meteo ERA5-Ocean,NOAA CO-OPS 8729678 Navarre Beach predictions,2026-08-08T15:57:33.641686-05:00
2026-04-02,77.8,65.6,0.0,12.7,26.2,140.0,2.887,146.0,4.9,,,,-0.034,0.9,0.934,finalized,Open-Meteo ERA5,Open-Meteo ERA5-Ocean,NOAA CO-OPS 8729678 Navarre Beach predictions,2026-08-08T15:57:33.641686-05:00
2026-04-03,77.2,66.3,0.059,12.2,25.7,129.0,2.69,142.0,4.95,,,,-0.131,1.058,1.189,finalized,Open-Meteo ERA5,Open-Meteo ERA5-Ocean,NOAA CO-OPS 8729678 Navarre Beach predictions,2026-08-08T15:57:33.641686-05:00
2026-04-04,80.9,67.9,0.047,12.3,24.2,145.0,2.887,147.0,5.5,,,,-0.191,1.166,1.357,finalized,Open-Meteo ERA5,Open-Meteo ERA5-Ocean,NOAA CO-OPS 8729678 Navarre Beach predictions,2026-08-08T15:57:33.641686-05:00
2026-04-05,75.5,66.7,0.618,10.2,16.8,270.0,2.953,148.0,5.8,,,,-0.218,1.23,1.448,finalized,Open-Meteo ERA5,Open-Meteo ERA5-Ocean,NOAA CO-OPS 8729678 Navarre Beach predictions,2026-08-08T15:57:33.641686-05:00
2026-04-06,64.6,57.8,0.0,13.6,23.3,19.0,4.331,27.0,4.35,,,,-0.229,1.261,1.49,finalized,Open-Meteo ERA5,Open-Meteo ERA5-Ocean,NOAA CO-OPS 8729678 Navarre Beach predictions,2026-08-08T15:57:33.641686-05:00
2026-04-07,78.0,51.2,0.0,13.5,27.7,45.0,4.068,65.0,4.8,,,,1.272,1.272,0.0,finalized,Open-Meteo ERA5,Open-Meteo ERA5-Ocean,NOAA CO-OPS 8729678 Navarre Beach predictions,2026-08-08T15:57:33.641686-05:00
2026-04-08,76.6,55.0,0.0,13.0,26.8,70.0,5.774,100.0,5.35,,,,-0.22,1.276,1.496,finalized,Open-Meteo ERA5,Open-Meteo ERA5-Ocean,NOAA CO-OPS 8729678 Navarre Beach predictions,2026-08-08T15:57:33.641686-05:00
2026-04-09,77.0,59.6,0.0,13.2,25.9,71.0,6.955,101.0,6.05,,,,-0.19,1.275,1.465,finalized,Open-Meteo ERA5,Open-Meteo ERA5-Ocean,NOAA CO-OPS 8729678 Navarre Beach predictions,2026-08-08T15:57:33.641686-05:00
2026-04-10,77.5,58.5,0.0,10.6,21.0,95.0,4.199,115.0,5.25,,,,-0.136,1.263,1.399,finalized,Open-Meteo ERA5,Open-Meteo ERA5-Ocean,NOAA CO-OPS 8729678 Navarre Beach predictions,2026-08-08T15:57:33.641686-05:00
2026-04-11,79.2,56.2,0.0,8.4,18.3,153.0,2.034,112.0,5.15,,,,-0.049,1.223,1.272,finalized,Open-Meteo ERA5,Open-Meteo ERA5-Ocean,NOAA CO-OPS 8729678 Navarre Beach predictions,2026-08-08T15:57:33.641686-05:00
2026-04-12,77.7,56.0,0.0,11.0,23.0,140.0,2.625,133.0,4.85,,,,0.077,1.139,1.062,finalized,Open-Meteo ERA5,Open-Meteo ERA5-Ocean,NOAA CO-OPS 8729678 Navarre Beach predictions,2026-08-08T15:57:33.641686-05:00
2026-04-13,77.0,58.1,0.0,12.2,21.9,155.0,2.559,142.0,4.85,,,,0.241,1.012,0.771,finalized,Open-Meteo ERA5,Open-Meteo ERA5-Ocean,NOAA CO-OPS 8729678 Navarre Beach predictions,2026-08-08T15:57:33.641686-05:00
2026-04-14,78.7,57.1,0.0,8.4,20.4,163.0,2.493,143.0,5.7,,,,0.421,0.877,0.456,finalized,Open-Meteo ERA5,Open-Meteo ERA5-Ocean,NOAA CO-OPS 8729678 Navarre Beach predictions,2026-08-08T15:57:33.641686-05:00
2026-04-15,78.7,60.1,0.0,9.9,22.4,174.0,2.034,148.0,5.0,,,,0.288,0.863,0.575,finalized,Open-Meteo ERA5,Open-Meteo ERA5-Ocean,NOAA CO-OPS 8729678 Navarre Beach predictions,2026-08-08T15:57:33.641686-05:00
2026-04-16,79.1,62.8,0.012,10.1,21.3,191.0,1.969,156.0,4.95,,,,0.049,1.1,1.0510000000000002,finalized,Open-Meteo ERA5,Open-Meteo ERA5-Ocean,NOAA CO-OPS 8729678 Navarre Beach predictions,2026-08-08T15:57:33.641686-05:00
2026-04-17,79.4,60.4,0.0,11.0,23.5,200.0,1.64,166.0,4.6,,,,-0.171,1.358,1.529,finalized,Open-Meteo ERA5,Open-Meteo ERA5-Ocean,NOAA CO-OPS 8729678 Navarre Beach predictions,2026-08-08T15:57:33.641686-05:00
2026-04-18,79.2,61.3,0.0,9.4,19.7,211.0,1.378,186.0,3.6,,,,-0.342,1.579,1.921,finalized,Open-Meteo ERA5,Open-Meteo ERA5-Ocean,NOAA CO-OPS 8729678 Navarre Beach predictions,2026-08-08T15:57:33.641686-05:00
2026-04-19,69.3,55.2,0.031,15.4,30.9,355.0,5.052,358.0,4.6,,,,-0.463,1.734,2.197,finalized,Open-Meteo ERA5,Open-Meteo ERA5-Ocean,NOAA CO-OPS 8729678 Navarre Beach predictions,2026-08-08T15:57:33.641686-05:00
2026-04-20,78.1,49.6,0.0,12.1,25.5,45.0,4.593,50.0,4.5,,,,-0.522,1.809,2.331,finalized,Open-Meteo ERA5,Open-Meteo ERA5-Ocean,NOAA CO-OPS 8729678 Navarre Beach predictions,2026-08-08T15:57:33.641686-05:00
2026-04-21,78.0,50.2,0.0,9.6,22.8,125.0,2.297,113.0,4.75,,,,-0.502,1.803,2.305,finalized,Open-Meteo ERA5,Open-Meteo ERA5-Ocean,NOAA CO-OPS 8729678 Navarre Beach predictions,2026-08-08T15:57:33.641686-05:00
2026-04-22,77.5,59.5,0.051,9.7,19.5,124.0,3.018,136.0,5.2,,,,1.726,1.726,0.0,finalized,Open-Meteo ERA5,Open-Meteo ERA5-Ocean,NOAA CO-OPS 8729678 Navarre Beach predictions,2026-08-08T15:57:33.641686-05:00
2026-04-23,77.5,57.3,0.0,10.5,22.4,138.0,2.953,141.0,5.3,,,,-0.402,1.589,1.991,finalized,Open-Meteo ERA5,Open-Meteo ERA5-Ocean,NOAA CO-OPS 8729678 Navarre Beach predictions,2026-08-08T15:57:33.641686-05:00
2026-04-24,79.6,60.8,0.004,10.2,22.8,161.0,2.69,150.0,4.95,,,,-0.227,1.403,1.63,finalized,Open-Meteo ERA5,Open-Meteo ERA5-Ocean,NOAA CO-OPS 8729678 Navarre Beach predictions,2026-08-08T15:57:33.641686-05:00
2026-04-25,81.0,67.0,0.055,9.4,21.0,222.0,2.231,160.0,4.65,,,,0.008,1.178,1.17,finalized,Open-Meteo ERA5,Open-Meteo ERA5-Ocean,NOAA CO-OPS 8729678 Navarre Beach predictions,2026-08-08T15:57:33.641686-05:00
2026-04-26,80.7,66.6,0.11,9.0,18.1,272.0,1.575,204.0,4.1,,,,0.27,0.935,0.665,finalized,Open-Meteo ERA5,Open-Meteo ERA5-Ocean,NOAA CO-OPS 8729678 Navarre Beach predictions,2026-08-08T15:57:33.641686-05:00
2026-04-27,81.4,64.9,0.0,10.4,21.3,152.0,1.969,146.0,3.7,,,,0.468,0.809,0.341,finalized,Open-Meteo ERA5,Open-Meteo ERA5-Ocean,NOAA CO-OPS 8729678 Navarre Beach predictions,2026-08-08T15:57:33.641686-05:00
2026-04-28,77.4,69.0,0.008,12.1,25.1,157.0,2.887,137.0,4.2,,,,0.376,0.955,0.579,finalized,Open-Meteo ERA5,Open-Meteo ERA5-Ocean,NOAA CO-OPS 8729678 Navarre Beach predictions,2026-08-08T15:57:33.641686-05:00
2026-04-29,81.1,69.1,0.02,13.5,28.9,212.0,2.493,162.0,4.2,,,,0.171,1.119,0.948,finalized,Open-Meteo ERA5,Open-Meteo ERA5-Ocean,NOAA CO-OPS 8729678 Navarre Beach predictions,2026-08-08T15:57:33.641686-05:00
2026-04-30,80.9,68.8,0.173,9.5,26.2,298.0,1.772,201.0,3.85,,,,-0.005,1.282,1.287,finalized,Open-Meteo ERA5,Open-Meteo ERA5-Ocean,NOAA CO-OPS 8729678 Navarre Beach predictions,2026-08-08T15:57:33.641686-05:00
2026-05-01,71.2,57.1,0.791,13.4,29.1,31.0,4.199,87.0,4.25,,,,-0.135,1.395,1.53,finalized,Open-Meteo ERA5,Open-Meteo ERA5-Ocean,NOAA CO-OPS 8729678 Navarre Beach predictions,2026-08-08T15:57:33.641686-05:00
2026-05-02,73.4,56.5,0.748,14.5,29.5,10.0,4.199,27.0,4.35,,,,-0.212,1.46,1.672,finalized,Open-Meteo ERA5,Open-Meteo ERA5-Ocean,NOAA CO-OPS 8729678 Navarre Beach predictions,2026-08-08T15:57:33.641686-05:00
2026-05-03,76.2,50.7,0.0,7.3,16.1,350.0,3.74,34.0,4.4,,,,-0.24,1.49,1.73,finalized,Open-Meteo ERA5,Open-Meteo ERA5-Ocean,NOAA CO-OPS 8729678 Navarre Beach predictions,2026-08-08T15:57:33.641686-05:00
2026-05-04,76.7,51.3,0.0,9.2,17.4,164.0,1.444,206.0,3.95,,,,-0.232,1.5,1.732,finalized,Open-Meteo ERA5,Open-Meteo ERA5-Ocean,NOAA CO-OPS 8729678 Navarre Beach predictions,2026-08-08T15:57:33.641686-05:00
2026-05-05,77.6,60.0,0.004,11.4,23.7,164.0,1.444,149.0,3.8,,,,-0.196,1.501,1.6969999999999998,finalized,Open-Meteo ERA5,Open-Meteo ERA5-Ocean,NOAA CO-OPS 8729678 Navarre Beach predictions,2026-08-08T15:57:33.641686-05:00
2026-05-06,79.9,70.6,0.0,12.3,22.8,185.0,2.822,174.0,4.25,,,,-0.134,1.498,1.632,finalized,Open-Meteo ERA5,Open-Meteo ERA5-Ocean,NOAA CO-OPS 8729678 Navarre Beach predictions,2026-08-08T15:57:33.641686-05:00
2026-05-07,79.2,73.8,0.106,16.1,32.0,232.0,3.806,194.0,4.85,,,,-0.044,1.485,1.529,finalized,Open-Meteo ERA5,Open-Meteo ERA5-Ocean,NOAA CO-OPS 8729678 Navarre Beach predictions,2026-08-08T15:57:33.641686-05:00
2026-05-08,72.0,68.0,0.579,14.8,18.6,54.0,2.165,169.0,4.8,,,,1.446,1.446,0.0,finalized,Open-Meteo ERA5,Open-Meteo ERA5-Ocean,NOAA CO-OPS 8729678 Navarre Beach predictions,2026-08-08T15:57:33.641686-05:00
2026-05-09,73.0,68.2,0.709,8.3,23.9,156.0,2.822,148.0,4.15,,,,0.082,1.36,1.278,finalized,Open-Meteo ERA5,Open-Meteo ERA5-Ocean,NOAA CO-OPS 8729678 Navarre Beach predictions,2026-08-08T15:57:33.641686-05:00
2026-05-10,81.5,69.0,0.047,5.9,17.2,101.0,1.64,152.0,4.7,,,,0.244,1.211,0.967,finalized,Open-Meteo ERA5,Open-Meteo ERA5-Ocean,NOAA CO-OPS 8729678 Navarre Beach predictions,2026-08-08T15:57:33.641686-05:00
2026-05-11,84.0,68.0,0.161,6.4,14.3,259.0,1.575,171.0,5.15,,,,0.431,0.994,0.563,finalized,Open-Meteo ERA5,Open-Meteo ERA5-Ocean,NOAA CO-OPS 8729678 Navarre Beach predictions,2026-08-08T15:57:33.641686-05:00
2026-05-12,73.0,66.5,3.004,14.4,25.1,47.0,4.265,84.0,4.5,,,,0.61,0.997,0.387,finalized,Open-Meteo ERA5,Open-Meteo ERA5-Ocean,NOAA CO-OPS 8729678 Navarre Beach predictions,2026-08-08T15:57:33.641686-05:00
2026-05-13,83.1,61.4,0.0,10.7,19.7,9.0,4.265,61.0,4.55,,,,0.361,1.185,0.8240000000000001,finalized,Open-Meteo ERA5,Open-Meteo ERA5-Ocean,NOAA CO-OPS 8729678 Navarre Beach predictions,2026-08-08T15:57:33.641686-05:00
2026-05-14,85.0,61.6,0.0,8.1,17.2,338.0,1.247,277.0,3.3,,,,0.042,1.428,1.386,finalized,Open-Meteo ERA5,Open-Meteo ERA5-Ocean,NOAA CO-OPS 8729678 Navarre Beach predictions,2026-08-08T15:57:33.641686-05:00
2026-05-15,80.6,57.8,0.0,7.6,13.9,105.0,1.509,67.0,3.0,,,,-0.237,1.669,1.906,finalized,Open-Meteo ERA5,Open-Meteo ERA5-Ocean,NOAA CO-OPS 8729678 Navarre Beach predictions,2026-08-08T15:57:33.641686-05:00
2026-05-16,82.6,61.7,0.0,6.3,15.0,164.0,0.787,130.0,2.95,,,,-0.447,1.86,2.307,finalized,Open-Meteo ERA5,Open-Meteo ERA5-Ocean,NOAA CO-OPS 8729678 Navarre Beach predictions,2026-08-08T15:57:33.641686-05:00
2026-05-17,82.3,69.1,0.0,8.2,17.0,171.0,1.509,151.0,3.65,,,,-0.57,1.981,2.551,finalized,Open-Meteo ERA5,Open-Meteo ERA5-Ocean,NOAA CO-OPS 8729678 Navarre Beach predictions,2026-08-08T15:57:33.641686-05:00
2026-05-18,84.1,70.3,0.091,12.5,26.2,136.0,2.493,145.0,4.55,,,,-0.599,2.021,2.62,finalized,Open-Meteo ERA5,Open-Meteo ERA5-Ocean,NOAA CO-OPS 8729678 Navarre Beach predictions,2026-08-08T15:57:33.641686-05:00
2026-05-19,84.4,71.5,0.004,8.8,20.1,137.0,2.362,146.0,4.9,,,,-0.535,1.983,2.518,finalized,Open-Meteo ERA5,Open-Meteo ERA5-Ocean,NOAA CO-OPS 8729678 Navarre Beach predictions,2026-08-08T15:57:33.641686-05:00
2026-05-20,84.9,70.6,0.075,8.7,18.1,157.0,1.969,145.0,5.15,,,,-0.38,1.873,2.253,finalized,Open-Meteo ERA5,Open-Meteo ERA5-Ocean,NOAA CO-OPS 8729678 Navarre Beach predictions,2026-08-08T15:57:33.641686-05:00
2026-05-21,84.7,73.0,0.016,9.8,20.8,151.0,2.034,146.0,4.75,,,,1.699,1.699,0.0,finalized,Open-Meteo ERA5,Open-Meteo ERA5-Ocean,NOAA CO-OPS 8729678 Navarre Beach predictions,2026-08-08T15:57:33.641686-05:00
2026-05-22,82.6,72.7,0.665,13.6,26.4,168.0,2.953,162.0,4.45,,,,-0.149,1.471,1.62,finalized,Open-Meteo ERA5,Open-Meteo ERA5-Ocean,NOAA CO-OPS 8729678 Navarre Beach predictions,2026-08-08T15:57:33.641686-05:00
2026-05-23,85.9,71.8,0.138,9.7,19.5,166.0,2.034,156.0,4.45,,,,0.133,1.207,1.074,finalized,Open-Meteo ERA5,Open-Meteo ERA5-Ocean,NOAA CO-OPS 8729678 Navarre Beach predictions,2026-08-08T15:57:33.641686-05:00
2026-05-24,85.0,74.8,0.949,11.2,19.7,161.0,1.969,149.0,4.2,,,,0.557,0.928,0.371,finalized,Open-Meteo ERA5,Open-Meteo ERA5-Ocean,NOAA CO-OPS 8729678 Navarre Beach predictions,2026-08-08T15:57:33.641686-05:00
2026-05-25,77.3,74.2,0.646,15.2,25.3,144.0,3.806,149.0,4.95,,,,0.586,1.01,0.424,finalized,Open-Meteo ERA5,Open-Meteo ERA5-Ocean,NOAA CO-OPS 8729678 Navarre Beach predictions,2026-08-08T15:57:33.641686-05:00
2026-05-26,81.4,74.5,0.535,12.6,23.3,153.0,3.609,153.0,5.2,,,,0.334,1.182,0.8479999999999999,finalized,Open-Meteo ERA5,Open-Meteo ERA5-Ocean,NOAA CO-OPS 8729678 Navarre Beach predictions,2026-08-08T15:57:33.641686-05:00
2026-05-27,81.5,75.8,0.291,12.7,21.9,142.0,3.478,147.0,5.15,,,,0.115,1.349,1.234,finalized,Open-Meteo ERA5,Open-Meteo ERA5-Ocean,NOAA CO-OPS 8729678 Navarre Beach predictions,2026-08-08T15:57:33.641686-05:00
2026-05-28,83.9,75.8,0.244,9.2,16.1,179.0,2.69,160.0,5.75,,,,-0.058,1.484,1.542,finalized,Open-Meteo ERA5,Open-Meteo ERA5-Ocean,NOAA CO-OPS 8729678 Navarre Beach predictions,2026-08-08T15:57:33.641686-05:00
2026-05-29,81.8,75.2,0.378,7.3,19.9,190.0,2.756,172.0,5.75,,,,-0.183,1.566,1.749,finalized,Open-Meteo ERA5,Open-Meteo ERA5-Ocean,NOAA CO-OPS 8729678 Navarre Beach predictions,2026-08-08T15:57:33.641686-05:00
2026-05-30,86.8,75.7,0.138,11.5,21.5,231.0,2.953,192.0,5.25,,,,-0.261,1.603,1.864,finalized,Open-Meteo ERA5,Open-Meteo ERA5-Ocean,NOAA CO-OPS 8729678 Navarre Beach predictions,2026-08-08T15:57:33.641686-05:00
2026-05-31,87.1,76.4,0.11,9.3,21.0,242.0,2.297,198.0,5.2,,,,-0.295,1.612,1.907,finalized,Open-Meteo ERA5,Open-Meteo ERA5-Ocean,NOAA CO-OPS 8729678 Navarre Beach predictions,2026-08-08T15:57:33.641686-05:00
2026-06-01,88.6,75.5,0.232,7.9,16.8,254.0,2.297,205.0,4.6,,,,-0.291,1.611,1.902,finalized,Open-Meteo ERA5,Open-Meteo ERA5-Ocean,NOAA CO-OPS 8729678 Navarre Beach predictions,2026-08-08T15:57:33.641686-05:00
2026-06-02,89.1,73.0,0.161,6.6,17.0,345.0,1.837,197.0,4.7,,,,-0.253,1.61,1.863,finalized,Open-Meteo ERA5,Open-Meteo ERA5-Ocean,NOAA CO-OPS 8729678 Navarre Beach predictions,2026-08-08T15:57:33.641686-05:00
2026-06-03,83.5,74.2,0.087,14.9,25.9,75.0,5.446,97.0,5.1,,,,-0.181,1.607,1.788,finalized,Open-Meteo ERA5,Open-Meteo ERA5-Ocean,NOAA CO-OPS 8729678 Navarre Beach predictions,2026-08-08T15:57:33.641686-05:00
2026-06-04,82.9,67.7,0.0,12.0,23.9,95.0,6.234,113.0,5.7,,,,-0.071,1.59,1.661,finalized,Open-Meteo ERA5,Open-Meteo ERA5-Ocean,NOAA CO-OPS 8729678 Navarre Beach predictions,2026-08-08T15:57:33.641686-05:00
2026-06-05,83.1,68.8,0.02,13.5,25.7,119.0,5.118,130.0,5.25,,,,0.08,1.54,1.46,finalized,Open-Meteo ERA5,Open-Meteo ERA5-Ocean,NOAA CO-OPS 8729678 Navarre Beach predictions,2026-08-08T15:57:33.641686-05:00
2026-06-06,81.3,69.6,0.055,12.1,23.0,146.0,4.396,146.0,5.3,,,,0.265,1.436,1.1709999999999998,finalized,Open-Meteo ERA5,Open-Meteo ERA5-Ocean,NOAA CO-OPS 8729678 Navarre Beach predictions,2026-08-08T15:57:33.641686-05:00
2026-06-07,84.5,75.3,0.067,10.3,22.1,176.0,2.69,164.0,4.6,,,,0.457,1.261,0.8039999999999998,finalized,Open-Meteo ERA5,Open-Meteo ERA5-Ocean,NOAA CO-OPS 8729678 Navarre Beach predictions,2026-08-08T15:57:33.641686-05:00
2026-06-08,86.1,72.9,0.0,7.0,15.2,139.0,1.772,159.0,4.55,,,,0.62,1.016,0.396,finalized,Open-Meteo ERA5,Open-Meteo ERA5-Ocean,NOAA CO-OPS 8729678 Navarre Beach predictions,2026-08-08T15:57:33.641686-05:00
2026-06-09,85.0,75.6,0.0,5.9,13.9,135.0,1.444,145.0,4.1,,,,0.662,1.105,0.4429999999999999,finalized,Open-Meteo ERA5,Open-Meteo ERA5-Ocean,NOAA CO-OPS 8729678 Navarre Beach predictions,2026-08-08T15:57:33.641686-05:00
2026-06-10,88.8,75.7,0.0,7.2,14.8,151.0,1.378,146.0,4.55,,,,0.328,1.319,0.991,finalized,Open-Meteo ERA5,Open-Meteo ERA5-Ocean,NOAA CO-OPS 8729678 Navarre Beach predictions,2026-08-08T15:57:33.641686-05:00
2026-06-11,86.8,73.3,0.0,9.4,19.7,185.0,1.837,158.0,5.25,,,,-0.011,1.563,1.5739999999999998,finalized,Open-Meteo ERA5,Open-Meteo ERA5-Ocean,NOAA CO-OPS 8729678 Navarre Beach predictions,2026-08-08T15:57:33.641686-05:00
2026-06-12,87.8,73.2,0.024,8.5,17.0,230.0,1.837,166.0,5.35,,,,-0.306,1.788,2.094,finalized,Open-Meteo ERA5,Open-Meteo ERA5-Ocean,NOAA CO-OPS 8729678 Navarre Beach predictions,2026-08-08T15:57:33.641686-05:00
2026-06-13,90.3,77.5,0.173,9.1,17.7,251.0,1.969,193.0,5.2,,,,-0.525,1.959,2.484,finalized,Open-Meteo ERA5,Open-Meteo ERA5-Ocean,NOAA CO-OPS 8729678 Navarre Beach predictions,2026-08-08T15:57:33.641686-05:00
2026-06-14,88.9,78.0,0.319,11.2,24.4,248.0,2.1,223.0,4.15,,,,-0.648,2.058,2.706,finalized,Open-Meteo ERA5,Open-Meteo ERA5-Ocean,NOAA CO-OPS 8729678 Navarre Beach predictions,2026-08-08T15:57:33.641686-05:00
2026-06-15,87.7,77.0,0.177,12.0,23.9,263.0,3.018,246.0,4.1,,,,-0.668,2.08,2.748,finalized,Open-Meteo ERA5,Open-Meteo ERA5-Ocean,NOAA CO-OPS 8729678 Navarre Beach predictions,2026-08-08T15:57:33.641686-05:00
2026-06-16,81.3,75.1,0.528,9.8,21.3,217.0,3.084,213.0,4.9,,,,-0.583,2.026,2.609,finalized,Open-Meteo ERA5,Open-Meteo ERA5-Ocean,NOAA CO-OPS 8729678 Navarre Beach predictions,2026-08-08T15:57:33.641686-05:00
2026-06-17,85.0,75.9,0.508,14.6,28.9,198.0,4.724,200.0,5.4,,,,-0.401,1.899,2.3,finalized,Open-Meteo ERA5,Open-Meteo ERA5-Ocean,NOAA CO-OPS 8729678 Navarre Beach predictions,2026-08-08T15:57:33.641686-05:00
2026-06-18,84.3,79.4,0.925,15.7,28.4,189.0,6.299,190.0,6.2,,,,-0.14,1.704,1.844,finalized,Open-Meteo ERA5,Open-Meteo ERA5-Ocean,NOAA CO-OPS 8729678 Navarre Beach predictions,2026-08-08T15:57:33.641686-05:00
2026-06-19,88.1,75.8,0.594,12.3,25.1,236.0,5.643,195.0,6.35,,,,0.163,1.457,1.294,finalized,Open-Meteo ERA5,Open-Meteo ERA5-Ocean,NOAA CO-OPS 8729678 Navarre Beach predictions,2026-08-08T15:57:33.641686-05:00
2026-06-20,87.6,75.3,0.291,8.6,17.9,263.0,3.609,187.0,6.0,,,,0.397,1.18,0.7829999999999999,finalized,Open-Meteo ERA5,Open-Meteo ERA5-Ocean,NOAA CO-OPS 8729678 Navarre Beach predictions,2026-08-08T15:57:33.641686-05:00
2026-06-21,87.8,76.0,0.665,12.5,24.8,222.0,2.953,196.0,5.7,,,,0.526,0.908,0.382,finalized,Open-Meteo ERA5,Open-Meteo ERA5-Ocean,NOAA CO-OPS 8729678 Navarre Beach predictions,2026-08-08T15:57:33.641686-05:00
2026-06-22,88.5,78.9,0.004,13.1,25.5,225.0,3.084,204.0,4.4,,,,0.503,1.022,0.519,finalized,Open-Meteo ERA5,Open-Meteo ERA5-Ocean,NOAA CO-OPS 8729678 Navarre Beach predictions,2026-08-08T15:57:33.641686-05:00
2026-06-23,90.6,78.7,0.181,9.4,20.4,273.0,3.084,233.0,4.35,,,,0.263,1.219,0.956,finalized,Open-Meteo ERA5,Open-Meteo ERA5-Ocean,NOAA CO-OPS 8729678 Navarre Beach predictions,2026-08-08T15:57:33.641686-05:00
2026-06-24,88.5,75.0,0.0,8.9,14.3,345.0,2.034,202.0,4.55,,,,0.059,1.392,1.333,finalized,Open-Meteo ERA5,Open-Meteo ERA5-Ocean,NOAA CO-OPS 8729678 Navarre Beach predictions,2026-08-08T15:57:33.641686-05:00
2026-06-25,86.5,75.0,0.028,7.8,15.7,258.0,1.444,217.0,4.55,,,,-0.098,1.515,1.613,finalized,Open-Meteo ERA5,Open-Meteo ERA5-Ocean,NOAA CO-OPS 8729678 Navarre Beach predictions,2026-08-08T15:57:33.641686-05:00
2026-06-26,88.1,76.0,0.13,9.2,19.5,224.0,1.509,223.0,3.65,,,,-0.209,1.584,1.793,finalized,Open-Meteo ERA5,Open-Meteo ERA5-Ocean,NOAA CO-OPS 8729678 Navarre Beach predictions,2026-08-08T15:57:33.641686-05:00
2026-06-27,89.5,75.7,0.0,9.0,17.4,232.0,1.312,196.0,3.65,,,,-0.278,1.613,1.891,finalized,Open-Meteo ERA5,Open-Meteo ERA5-Ocean,NOAA CO-OPS 8729678 Navarre Beach predictions,2026-08-08T15:57:33.641686-05:00
2026-06-28,90.9,76.6,0.0,8.5,15.9,245.0,1.575,199.0,4.05,,,,-0.309,1.622,1.931,finalized,Open-Meteo ERA5,Open-Meteo ERA5-Ocean,NOAA CO-OPS 8729678 Navarre Beach predictions,2026-08-08T15:57:33.641686-05:00
2026-06-29,93.7,75.2,0.0,6.1,12.1,267.0,1.247,200.0,3.95,,,,-0.306,1.624,1.93,finalized,Open-Meteo ERA5,Open-Meteo ERA5-Ocean,NOAA CO-OPS 8729678 Navarre Beach predictions,2026-08-08T15:57:33.641686-05:00
2026-06-30,93.1,76.3,0.638,6.5,15.7,349.0,1.575,279.0,3.65,,,,-0.266,1.625,1.891,finalized,Open-Meteo ERA5,Open-Meteo ERA5-Ocean,NOAA CO-OPS 8729678 Navarre Beach predictions,2026-08-08T15:57:33.641686-05:00
2026-07-01,92.2,77.2,0.008,7.8,21.3,105.0,1.903,102.0,3.75,,,,-0.187,1.62,1.807,finalized,Open-Meteo ERA5,Open-Meteo ERA5-Ocean,NOAA CO-OPS 8729678 Navarre Beach predictions,2026-08-08T15:57:33.641686-05:00
2026-07-02,92.0,76.8,0.0,7.4,19.9,91.0,1.312,122.0,3.8,,,,-0.064,1.594,1.658,finalized,Open-Meteo ERA5,Open-Meteo ERA5-Ocean,NOAA CO-OPS 8729678 Navarre Beach predictions,2026-08-08T15:57:33.641686-05:00
2026-07-03,90.4,78.1,0.024,6.3,13.4,178.0,0.984,132.0,3.2,,,,0.102,1.53,1.428,finalized,Open-Meteo ERA5,Open-Meteo ERA5-Ocean,NOAA CO-OPS 8729678 Navarre Beach predictions,2026-08-08T15:57:33.641686-05:00
2026-07-04,91.5,76.0,0.063,7.5,14.3,236.0,0.919,175.0,2.85,,,,0.289,1.411,1.122,finalized,Open-Meteo ERA5,Open-Meteo ERA5-Ocean,NOAA CO-OPS 8729678 Navarre Beach predictions,2026-08-08T15:57:33.641686-05:00
2026-07-05,90.2,77.8,0.256,8.1,15.2,239.0,1.837,238.0,3.35,,,,0.465,1.227,0.762,finalized,Open-Meteo ERA5,Open-Meteo ERA5-Ocean,NOAA CO-OPS 8729678 Navarre Beach predictions,2026-08-08T15:57:33.641686-05:00
2026-07-06,89.0,77.0,0.303,9.1,19.7,243.0,1.969,241.0,3.5,,,,0.603,0.983,0.38,finalized,Open-Meteo ERA5,Open-Meteo ERA5-Ocean,NOAA CO-OPS 8729678 Navarre Beach predictions,2026-08-08T15:57:33.641686-05:00
2026-07-07,89.2,77.2,0.169,9.0,17.9,232.0,2.1,239.0,3.5,,,,0.611,1.106,0.4950000000000001,finalized,Open-Meteo ERA5,Open-Meteo ERA5-Ocean,NOAA CO-OPS 8729678 Navarre Beach predictions,2026-08-08T15:57:33.641686-05:00
2026-07-08,90.5,77.7,0.055,7.0,15.7,236.0,1.837,239.0,3.4,,,,0.293,1.343,1.05,finalized,Open-Meteo ERA5,Open-Meteo ERA5-Ocean,NOAA CO-OPS 8729678 Navarre Beach predictions,2026-08-08T15:57:33.641686-05:00
2026-07-09,89.5,77.6,0.169,8.6,19.0,222.0,1.509,224.0,3.35,,,,-0.024,1.587,1.611,finalized,Open-Meteo ERA5,Open-Meteo ERA5-Ocean,NOAA CO-OPS 8729678 Navarre Beach predictions,2026-08-08T15:57:33.641686-05:00
2026-07-10,90.3,77.9,0.154,9.0,19.7,214.0,1.969,173.0,4.75,,,,-0.296,1.797,2.093,finalized,Open-Meteo ERA5,Open-Meteo ERA5-Ocean,NOAA CO-OPS 8729678 Navarre Beach predictions,2026-08-08T15:57:33.641686-05:00
2026-07-11,89.5,78.0,0.209,7.0,17.0,210.0,2.297,160.0,5.1,,,,-0.493,1.949,2.442,finalized,Open-Meteo ERA5,Open-Meteo ERA5-Ocean,NOAA CO-OPS 8729678 Navarre Beach predictions,2026-08-08T15:57:33.641686-05:00
2026-07-12,86.6,78.6,0.602,10.4,21.3,250.0,3.084,183.0,4.95,,,,-0.599,2.035,2.6340000000000003,finalized,Open-Meteo ERA5,Open-Meteo ERA5-Ocean,NOAA CO-OPS 8729678 Navarre Beach predictions,2026-08-08T15:57:33.641686-05:00
2026-07-13,83.3,75.3,0.579,12.3,27.1,258.0,3.215,256.0,4.1,,,,-0.601,2.049,2.65,finalized,Open-Meteo ERA5,Open-Meteo ERA5-Ocean,NOAA CO-OPS 8729678 Navarre Beach predictions,2026-08-08T15:57:33.641686-05:00
2026-07-14,85.9,75.5,0.02,12.9,32.0,255.0,2.822,257.0,4.55,,,,-0.499,1.99,2.489,finalized,Open-Meteo ERA5,Open-Meteo ERA5-Ocean,NOAA CO-OPS 8729678 Navarre Beach predictions,2026-08-08T15:57:33.641686-05:00
2026-07-15,89.8,74.6,0.004,11.3,28.0,271.0,2.428,222.0,4.65,,,,-0.302,1.856,2.158,finalized,Open-Meteo ERA5,Open-Meteo ERA5-Ocean,NOAA CO-OPS 8729678 Navarre Beach predictions,2026-08-08T15:57:33.641686-05:00
2026-07-16,93.0,74.9,0.063,8.0,20.1,297.0,2.165,230.0,4.35,,,,-0.031,1.652,1.6829999999999998,finalized,Open-Meteo ERA5,Open-Meteo ERA5-Ocean,NOAA CO-OPS 8729678 Navarre Beach predictions,2026-08-08T15:57:33.641686-05:00
2026-07-17,95.6,77.7,0.0,9.2,20.1,325.0,2.297,269.0,3.95,,,,0.274,1.395,1.121,finalized,Open-Meteo ERA5,Open-Meteo ERA5-Ocean,NOAA CO-OPS 8729678 Navarre Beach predictions,2026-08-08T15:57:33.641686-05:00
2026-07-18,92.6,77.4,0.425,8.3,21.0,355.0,2.034,271.0,3.65,,,,0.457,1.113,0.6559999999999999,finalized,Open-Meteo ERA5,Open-Meteo ERA5-Ocean,NOAA CO-OPS 8729678 Navarre Beach predictions,2026-08-08T15:57:33.641686-05:00
2026-07-19,84.5,76.4,1.15,6.4,25.1,33.0,1.903,128.0,4.7,,,,0.551,0.846,0.2949999999999999,finalized,Open-Meteo ERA5,Open-Meteo ERA5-Ocean,NOAA CO-OPS 8729678 Navarre Beach predictions,2026-08-08T15:57:33.641686-05:00
2026-07-20,87.8,75.4,0.039,12.4,26.4,45.0,4.462,75.0,4.9,,,,0.508,0.994,0.486,finalized,Open-Meteo ERA5,Open-Meteo ERA5-Ocean,NOAA CO-OPS 8729678 Navarre Beach predictions,2026-08-08T15:57:33.641686-05:00
2026-07-21,84.7,76.5,0.268,20.0,41.4,78.0,12.336,108.0,7.9,,,,0.286,1.205,0.919,finalized,Open-Meteo ERA5,Open-Meteo ERA5-Ocean,NOAA CO-OPS 8729678 Navarre Beach predictions,2026-08-08T15:57:33.641686-05:00
2026-07-22,83.2,78.7,0.24,22.2,45.4,148.0,13.845,171.0,8.15,,,,0.107,1.375,1.268,finalized,Open-Meteo ERA5,Open-Meteo ERA5-Ocean,NOAA CO-OPS 8729678 Navarre Beach predictions,2026-08-08T15:57:33.641686-05:00
2026-07-23,87.5,77.9,0.028,10.2,20.8,179.0,7.415,197.0,7.0,,,,-0.025,1.487,1.512,finalized,Open-Meteo ERA5,Open-Meteo ERA5-Ocean,NOAA CO-OPS 8729678 Navarre Beach predictions,2026-08-08T15:57:33.641686-05:00
2026-07-24,91.2,73.1,0.0,7.4,15.2,250.0,2.887,206.0,5.95,,,,-0.115,1.551,1.666,finalized,Open-Meteo ERA5,Open-Meteo ERA5-Ocean,NOAA CO-OPS 8729678 Navarre Beach predictions,2026-08-08T15:57:33.641686-05:00
2026-07-25,91.9,77.2,0.0,9.5,17.9,262.0,1.575,219.0,4.85,,,,-0.168,1.586,1.754,finalized,Open-Meteo ERA5,Open-Meteo ERA5-Ocean,NOAA CO-OPS 8729678 Navarre Beach predictions,2026-08-08T15:57:33.641686-05:00
2026-07-26,93.3,79.1,0.0,9.3,20.6,273.0,2.493,263.0,3.75,,,,-0.188,1.609,1.797,finalized,Open-Meteo ERA5,Open-Meteo ERA5-Ocean,NOAA CO-OPS 8729678 Navarre Beach predictions,2026-08-08T15:57:33.641686-05:00
2026-07-27,95.3,80.8,0.0,8.4,18.6,284.0,3.084,266.0,4.05,,,,-0.173,1.626,1.799,finalized,Open-Meteo ERA5,Open-Meteo ERA5-Ocean,NOAA CO-OPS 8729678 Navarre Beach predictions,2026-08-08T15:57:33.641686-05:00
2026-07-28,94.9,79.0,0.067,8.9,15.7,278.0,2.297,262.0,3.75,,,,-0.121,1.633,1.754,finalized,Open-Meteo ERA5,Open-Meteo ERA5-Ocean,NOAA CO-OPS 8729678 Navarre Beach predictions,2026-08-08T15:57:33.641686-05:00
2026-07-29,95.0,80.7,0.098,11.9,24.8,270.0,2.559,261.0,3.8,,,,-0.028,1.622,1.65,finalized,Open-Meteo ERA5,Open-Meteo ERA5-Ocean,NOAA CO-OPS 8729678 Navarre Beach predictions,2026-08-08T15:57:33.641686-05:00
2026-07-30,90.6,79.4,1.37,9.7,16.6,257.0,2.428,255.0,3.8,,,,0.11,1.578,1.468,finalized,Open-Meteo ERA5,Open-Meteo ERA5-Ocean,NOAA CO-OPS 8729678 Navarre Beach predictions,2026-08-08T15:57:33.641686-05:00
2026-07-31,88.4,77.4,0.949,9.6,22.4,253.0,2.953,248.0,4.1,,,,0.284,1.49,1.206,finalized,Open-Meteo ERA5,Open-Meteo ERA5-Ocean,NOAA CO-OPS 8729678 Navarre Beach predictions,2026-08-08T15:57:33.641686-05:00
2026-08-01,89.2,79.0,0.063,11.9,23.7,243.0,4.462,248.0,4.7,,,,0.454,1.348,0.8940000000000001,finalized,Open-Meteo ERA5,Open-Meteo ERA5-Ocean,NOAA CO-OPS 8729678 Navarre Beach predictions,2026-08-08T15:57:33.641686-05:00
2026-08-02,,,,,,,,,,,,,0.605,1.148,0.5429999999999999,finalized,Open-Meteo ERA5,Open-Meteo ERA5-Ocean,NOAA CO-OPS 8729678 Navarre Beach predictions,2026-08-08T15:57:33.641686-05:00
2026-08-03,,,,,,,,,,,,,0.71,0.944,0.2339999999999999,finalized,Open-Meteo ERA5,Open-Meteo ERA5-Ocean,NOAA CO-OPS 8729678 Navarre Beach predictions,2026-08-09T08:16:32.392732-05:00
2026-08-04,,,,,,,,,,,,,0.607,1.172,0.565,finalized,Open-Meteo ERA5,Open-Meteo ERA5-Ocean,NOAA CO-OPS 8729678 Navarre Beach predictions,2026-08-10T08:46:05.267129-05:00
2026-08-05,,,,,,,,,,,,,0.316,1.421,1.105,finalized,Open-Meteo ERA5,Open-Meteo ERA5-Ocean,NOAA CO-OPS 8729678 Navarre Beach predictions,2026-08-11T08:44:06.581509-05:00
